solid OpenSCAD_Model
  facet normal -0.997859 0 -0.0653948
    outer loop
      vertex 6.9125 20.51 7.1
      vertex 6.90694 22.51 7.18484
      vertex 6.9125 22.51 7.1
    endloop
  endfacet
  facet normal -0.997859 -0 -0.0653948
    outer loop
      vertex 6.90694 22.51 7.18484
      vertex 6.9125 20.51 7.1
      vertex 6.90694 20.51 7.18484
    endloop
  endfacet
  facet normal 0.997859 -0 0.0653948
    outer loop
      vertex 5.6125 20.51 3.9
      vertex 5.61806 22.51 3.81516
      vertex 5.6125 22.51 3.9
    endloop
  endfacet
  facet normal 0.997859 0 0.0653948
    outer loop
      vertex 5.61806 22.51 3.81516
      vertex 5.6125 20.51 3.9
      vertex 5.61806 20.51 3.81516
    endloop
  endfacet
  facet normal 0.980779 -0 0.195121
    outer loop
      vertex 5.61806 20.51 3.81516
      vertex 5.63465 22.51 3.73177
      vertex 5.61806 22.51 3.81516
    endloop
  endfacet
  facet normal 0.980779 0 0.195121
    outer loop
      vertex 5.63465 22.51 3.73177
      vertex 5.61806 20.51 3.81516
      vertex 5.63465 20.51 3.73177
    endloop
  endfacet
  facet normal -0.44222 0 -0.896907
    outer loop
      vertex 6.51124 20.51 7.70052
      vertex 6.5875 22.51 7.66292
      vertex 6.5875 20.51 7.66292
    endloop
  endfacet
  facet normal -0.44222 0 -0.896907
    outer loop
      vertex 6.5875 22.51 7.66292
      vertex 6.51124 20.51 7.70052
      vertex 6.51124 22.51 7.70052
    endloop
  endfacet
  facet normal 0.75187 0 -0.659312
    outer loop
      vertex 5.80288 20.51 7.55962
      vertex 5.74682 22.51 7.49569
      vertex 5.80288 22.51 7.55962
    endloop
  endfacet
  facet normal 0.75187 0 -0.659312
    outer loop
      vertex 5.74682 22.51 7.49569
      vertex 5.80288 20.51 7.55962
      vertex 5.74682 20.51 7.49569
    endloop
  endfacet
  facet normal -0.0653948 0 0.997859
    outer loop
      vertex 6.2625 22.51 3.25
      vertex 6.34734 20.51 3.25556
      vertex 6.34734 22.51 3.25556
    endloop
  endfacet
  facet normal -0.0653948 0 0.997859
    outer loop
      vertex 6.34734 20.51 3.25556
      vertex 6.2625 22.51 3.25
      vertex 6.2625 20.51 3.25
    endloop
  endfacet
  facet normal 1 -0 0
    outer loop
      vertex 5.6125 20.51 7.1
      vertex 5.6125 22.51 3.9
      vertex 5.6125 22.51 7.1
    endloop
  endfacet
  facet normal 1 0 0
    outer loop
      vertex 5.6125 22.51 3.9
      vertex 5.6125 20.51 7.1
      vertex 5.6125 20.51 3.9
    endloop
  endfacet
  facet normal 0.997859 0 -0.0653948
    outer loop
      vertex 5.61806 20.51 7.18484
      vertex 5.6125 22.51 7.1
      vertex 5.61806 22.51 7.18484
    endloop
  endfacet
  facet normal 0.997859 0 -0.0653948
    outer loop
      vertex 5.6125 22.51 7.1
      vertex 5.61806 20.51 7.18484
      vertex 5.6125 20.51 7.1
    endloop
  endfacet
  facet normal 0.659312 0 -0.75187
    outer loop
      vertex 5.80288 20.51 7.55962
      vertex 5.86681 22.51 7.61568
      vertex 5.86681 20.51 7.61568
    endloop
  endfacet
  facet normal 0.659312 0 -0.75187
    outer loop
      vertex 5.86681 22.51 7.61568
      vertex 5.80288 20.51 7.55962
      vertex 5.80288 22.51 7.55962
    endloop
  endfacet
  facet normal -0.980779 0 -0.195121
    outer loop
      vertex 6.90694 20.51 7.18484
      vertex 6.89035 22.51 7.26823
      vertex 6.90694 22.51 7.18484
    endloop
  endfacet
  facet normal -0.980779 -0 -0.195121
    outer loop
      vertex 6.89035 22.51 7.26823
      vertex 6.90694 20.51 7.18484
      vertex 6.89035 20.51 7.26823
    endloop
  endfacet
  facet normal 0.0653948 0 -0.997859
    outer loop
      vertex 6.17766 20.51 7.74444
      vertex 6.2625 22.51 7.75
      vertex 6.2625 20.51 7.75
    endloop
  endfacet
  facet normal 0.0653948 0 -0.997859
    outer loop
      vertex 6.2625 22.51 7.75
      vertex 6.17766 20.51 7.74444
      vertex 6.17766 22.51 7.74444
    endloop
  endfacet
  facet normal 0.946928 0 -0.321445
    outer loop
      vertex 5.66198 20.51 7.34874
      vertex 5.63465 22.51 7.26823
      vertex 5.66198 22.51 7.34874
    endloop
  endfacet
  facet normal 0.946928 0 -0.321445
    outer loop
      vertex 5.63465 22.51 7.26823
      vertex 5.66198 20.51 7.34874
      vertex 5.63465 20.51 7.26823
    endloop
  endfacet
  facet normal 0.555623 0 0.831435
    outer loop
      vertex 5.86681 22.51 3.38432
      vertex 5.9375 20.51 3.33708
      vertex 5.9375 22.51 3.33708
    endloop
  endfacet
  facet normal 0.555623 0 0.831435
    outer loop
      vertex 5.9375 20.51 3.33708
      vertex 5.86681 22.51 3.38432
      vertex 5.86681 20.51 3.38432
    endloop
  endfacet
  facet normal 0.321445 0 0.946928
    outer loop
      vertex 6.01376 22.51 3.29948
      vertex 6.09427 20.51 3.27215
      vertex 6.09427 22.51 3.27215
    endloop
  endfacet
  facet normal 0.321445 0 0.946928
    outer loop
      vertex 6.09427 20.51 3.27215
      vertex 6.01376 22.51 3.29948
      vertex 6.01376 20.51 3.29948
    endloop
  endfacet
  facet normal 0.946928 -0 0.321445
    outer loop
      vertex 5.63465 20.51 3.73177
      vertex 5.66198 22.51 3.65126
      vertex 5.63465 22.51 3.73177
    endloop
  endfacet
  facet normal 0.946928 0 0.321445
    outer loop
      vertex 5.66198 22.51 3.65126
      vertex 5.63465 20.51 3.73177
      vertex 5.66198 20.51 3.65126
    endloop
  endfacet
  facet normal -0.659312 0 -0.75187
    outer loop
      vertex 6.65819 20.51 7.61568
      vertex 6.72212 22.51 7.55962
      vertex 6.72212 20.51 7.55962
    endloop
  endfacet
  facet normal -0.659312 0 -0.75187
    outer loop
      vertex 6.72212 22.51 7.55962
      vertex 6.65819 20.51 7.61568
      vertex 6.65819 22.51 7.61568
    endloop
  endfacet
  facet normal -0.831435 0 -0.555623
    outer loop
      vertex 6.82542 20.51 7.425
      vertex 6.77818 22.51 7.49569
      vertex 6.82542 22.51 7.425
    endloop
  endfacet
  facet normal -0.831435 -0 -0.555623
    outer loop
      vertex 6.77818 22.51 7.49569
      vertex 6.82542 20.51 7.425
      vertex 6.77818 20.51 7.49569
    endloop
  endfacet
  facet normal -1 0 0
    outer loop
      vertex 6.9125 20.51 3.9
      vertex 6.9125 22.51 7.1
      vertex 6.9125 22.51 3.9
    endloop
  endfacet
  facet normal -1 -0 0
    outer loop
      vertex 6.9125 22.51 7.1
      vertex 6.9125 20.51 3.9
      vertex 6.9125 20.51 7.1
    endloop
  endfacet
  facet normal -0.195121 0 -0.980779
    outer loop
      vertex 6.34734 20.51 7.74444
      vertex 6.43073 22.51 7.72785
      vertex 6.43073 20.51 7.72785
    endloop
  endfacet
  facet normal -0.195121 0 -0.980779
    outer loop
      vertex 6.43073 22.51 7.72785
      vertex 6.34734 20.51 7.74444
      vertex 6.34734 22.51 7.74444
    endloop
  endfacet
  facet normal -0.321445 0 -0.946928
    outer loop
      vertex 6.43073 20.51 7.72785
      vertex 6.51124 22.51 7.70052
      vertex 6.51124 20.51 7.70052
    endloop
  endfacet
  facet normal -0.321445 0 -0.946928
    outer loop
      vertex 6.51124 22.51 7.70052
      vertex 6.43073 20.51 7.72785
      vertex 6.43073 22.51 7.72785
    endloop
  endfacet
  facet normal -0.0653948 0 -0.997859
    outer loop
      vertex 6.2625 20.51 7.75
      vertex 6.34734 22.51 7.74444
      vertex 6.34734 20.51 7.74444
    endloop
  endfacet
  facet normal -0.0653948 0 -0.997859
    outer loop
      vertex 6.34734 22.51 7.74444
      vertex 6.2625 20.51 7.75
      vertex 6.2625 22.51 7.75
    endloop
  endfacet
  facet normal 0.195121 0 -0.980779
    outer loop
      vertex 6.09427 20.51 7.72785
      vertex 6.17766 22.51 7.74444
      vertex 6.17766 20.51 7.74444
    endloop
  endfacet
  facet normal 0.195121 0 -0.980779
    outer loop
      vertex 6.17766 22.51 7.74444
      vertex 6.09427 20.51 7.72785
      vertex 6.09427 22.51 7.72785
    endloop
  endfacet
  facet normal 0.321445 0 -0.946928
    outer loop
      vertex 6.01376 20.51 7.70052
      vertex 6.09427 22.51 7.72785
      vertex 6.09427 20.51 7.72785
    endloop
  endfacet
  facet normal 0.321445 0 -0.946928
    outer loop
      vertex 6.09427 22.51 7.72785
      vertex 6.01376 20.51 7.70052
      vertex 6.01376 22.51 7.70052
    endloop
  endfacet
  facet normal 0.44222 0 -0.896907
    outer loop
      vertex 5.9375 20.51 7.66292
      vertex 6.01376 22.51 7.70052
      vertex 6.01376 20.51 7.70052
    endloop
  endfacet
  facet normal 0.44222 0 -0.896907
    outer loop
      vertex 6.01376 22.51 7.70052
      vertex 5.9375 20.51 7.66292
      vertex 5.9375 22.51 7.66292
    endloop
  endfacet
  facet normal 0.555623 0 -0.831435
    outer loop
      vertex 5.86681 20.51 7.61568
      vertex 5.9375 22.51 7.66292
      vertex 5.9375 20.51 7.66292
    endloop
  endfacet
  facet normal 0.555623 0 -0.831435
    outer loop
      vertex 5.9375 22.51 7.66292
      vertex 5.86681 20.51 7.61568
      vertex 5.86681 22.51 7.61568
    endloop
  endfacet
  facet normal -0.659312 0 0.75187
    outer loop
      vertex 6.65819 22.51 3.38432
      vertex 6.72212 20.51 3.44038
      vertex 6.72212 22.51 3.44038
    endloop
  endfacet
  facet normal -0.659312 0 0.75187
    outer loop
      vertex 6.72212 20.51 3.44038
      vertex 6.65819 22.51 3.38432
      vertex 6.65819 20.51 3.38432
    endloop
  endfacet
  facet normal 0.896907 0 -0.44222
    outer loop
      vertex 5.69958 20.51 7.425
      vertex 5.66198 22.51 7.34874
      vertex 5.69958 22.51 7.425
    endloop
  endfacet
  facet normal 0.896907 0 -0.44222
    outer loop
      vertex 5.66198 22.51 7.34874
      vertex 5.69958 20.51 7.425
      vertex 5.66198 20.51 7.34874
    endloop
  endfacet
  facet normal 0.831435 0 -0.555623
    outer loop
      vertex 5.74682 20.51 7.49569
      vertex 5.69958 22.51 7.425
      vertex 5.74682 22.51 7.49569
    endloop
  endfacet
  facet normal 0.831435 0 -0.555623
    outer loop
      vertex 5.69958 22.51 7.425
      vertex 5.74682 20.51 7.49569
      vertex 5.69958 20.51 7.425
    endloop
  endfacet
  facet normal 0.980779 0 -0.195121
    outer loop
      vertex 5.63465 20.51 7.26823
      vertex 5.61806 22.51 7.18484
      vertex 5.63465 22.51 7.26823
    endloop
  endfacet
  facet normal 0.980779 0 -0.195121
    outer loop
      vertex 5.61806 22.51 7.18484
      vertex 5.63465 20.51 7.26823
      vertex 5.61806 20.51 7.18484
    endloop
  endfacet
  facet normal 0.44222 0 0.896907
    outer loop
      vertex 5.9375 22.51 3.33708
      vertex 6.01376 20.51 3.29948
      vertex 6.01376 22.51 3.29948
    endloop
  endfacet
  facet normal 0.44222 0 0.896907
    outer loop
      vertex 6.01376 20.51 3.29948
      vertex 5.9375 22.51 3.33708
      vertex 5.9375 20.51 3.33708
    endloop
  endfacet
  facet normal 0.831435 -0 0.555623
    outer loop
      vertex 5.69958 20.51 3.575
      vertex 5.74682 22.51 3.50431
      vertex 5.69958 22.51 3.575
    endloop
  endfacet
  facet normal 0.831435 0 0.555623
    outer loop
      vertex 5.74682 22.51 3.50431
      vertex 5.69958 20.51 3.575
      vertex 5.74682 20.51 3.50431
    endloop
  endfacet
  facet normal -0.946928 0 -0.321445
    outer loop
      vertex 6.89035 20.51 7.26823
      vertex 6.86302 22.51 7.34874
      vertex 6.89035 22.51 7.26823
    endloop
  endfacet
  facet normal -0.946928 -0 -0.321445
    outer loop
      vertex 6.86302 22.51 7.34874
      vertex 6.89035 20.51 7.26823
      vertex 6.86302 20.51 7.34874
    endloop
  endfacet
  facet normal -0.896907 0 -0.44222
    outer loop
      vertex 6.86302 20.51 7.34874
      vertex 6.82542 22.51 7.425
      vertex 6.86302 22.51 7.34874
    endloop
  endfacet
  facet normal -0.896907 -0 -0.44222
    outer loop
      vertex 6.82542 22.51 7.425
      vertex 6.86302 20.51 7.34874
      vertex 6.82542 20.51 7.425
    endloop
  endfacet
  facet normal -0.555623 0 -0.831435
    outer loop
      vertex 6.5875 20.51 7.66292
      vertex 6.65819 22.51 7.61568
      vertex 6.65819 20.51 7.61568
    endloop
  endfacet
  facet normal -0.555623 0 -0.831435
    outer loop
      vertex 6.65819 22.51 7.61568
      vertex 6.5875 20.51 7.66292
      vertex 6.5875 22.51 7.66292
    endloop
  endfacet
  facet normal -0.831435 0 0.555623
    outer loop
      vertex 6.77818 20.51 3.50431
      vertex 6.82542 22.51 3.575
      vertex 6.77818 22.51 3.50431
    endloop
  endfacet
  facet normal -0.831435 0 0.555623
    outer loop
      vertex 6.82542 22.51 3.575
      vertex 6.77818 20.51 3.50431
      vertex 6.82542 20.51 3.575
    endloop
  endfacet
  facet normal -0.44222 0 0.896907
    outer loop
      vertex 6.51124 22.51 3.29948
      vertex 6.5875 20.51 3.33708
      vertex 6.5875 22.51 3.33708
    endloop
  endfacet
  facet normal -0.44222 0 0.896907
    outer loop
      vertex 6.5875 20.51 3.33708
      vertex 6.51124 22.51 3.29948
      vertex 6.51124 20.51 3.29948
    endloop
  endfacet
  facet normal -0.555623 0 0.831435
    outer loop
      vertex 6.5875 22.51 3.33708
      vertex 6.65819 20.51 3.38432
      vertex 6.65819 22.51 3.38432
    endloop
  endfacet
  facet normal -0.555623 0 0.831435
    outer loop
      vertex 6.65819 20.51 3.38432
      vertex 6.5875 22.51 3.33708
      vertex 6.5875 20.51 3.33708
    endloop
  endfacet
  facet normal 0.195121 0 0.980779
    outer loop
      vertex 6.09427 22.51 3.27215
      vertex 6.17766 20.51 3.25556
      vertex 6.17766 22.51 3.25556
    endloop
  endfacet
  facet normal 0.195121 0 0.980779
    outer loop
      vertex 6.17766 20.51 3.25556
      vertex 6.09427 22.51 3.27215
      vertex 6.09427 20.51 3.27215
    endloop
  endfacet
  facet normal 0.0653948 0 0.997859
    outer loop
      vertex 6.17766 22.51 3.25556
      vertex 6.2625 20.51 3.25
      vertex 6.2625 22.51 3.25
    endloop
  endfacet
  facet normal 0.0653948 0 0.997859
    outer loop
      vertex 6.2625 20.51 3.25
      vertex 6.17766 22.51 3.25556
      vertex 6.17766 20.51 3.25556
    endloop
  endfacet
  facet normal 0.896907 -0 0.44222
    outer loop
      vertex 5.66198 20.51 3.65126
      vertex 5.69958 22.51 3.575
      vertex 5.66198 22.51 3.65126
    endloop
  endfacet
  facet normal 0.896907 0 0.44222
    outer loop
      vertex 5.69958 22.51 3.575
      vertex 5.66198 20.51 3.65126
      vertex 5.69958 20.51 3.575
    endloop
  endfacet
  facet normal -0.75187 0 -0.659312
    outer loop
      vertex 6.77818 20.51 7.49569
      vertex 6.72212 22.51 7.55962
      vertex 6.77818 22.51 7.49569
    endloop
  endfacet
  facet normal -0.75187 -0 -0.659312
    outer loop
      vertex 6.72212 22.51 7.55962
      vertex 6.77818 20.51 7.49569
      vertex 6.72212 20.51 7.55962
    endloop
  endfacet
  facet normal -0.980779 0 0.195121
    outer loop
      vertex 6.89035 20.51 3.73177
      vertex 6.90694 22.51 3.81516
      vertex 6.89035 22.51 3.73177
    endloop
  endfacet
  facet normal -0.980779 0 0.195121
    outer loop
      vertex 6.90694 22.51 3.81516
      vertex 6.89035 20.51 3.73177
      vertex 6.90694 20.51 3.81516
    endloop
  endfacet
  facet normal -0.946928 0 0.321445
    outer loop
      vertex 6.86302 20.51 3.65126
      vertex 6.89035 22.51 3.73177
      vertex 6.86302 22.51 3.65126
    endloop
  endfacet
  facet normal -0.946928 0 0.321445
    outer loop
      vertex 6.89035 22.51 3.73177
      vertex 6.86302 20.51 3.65126
      vertex 6.89035 20.51 3.73177
    endloop
  endfacet
  facet normal -0.997859 0 0.0653948
    outer loop
      vertex 6.90694 20.51 3.81516
      vertex 6.9125 22.51 3.9
      vertex 6.90694 22.51 3.81516
    endloop
  endfacet
  facet normal -0.997859 0 0.0653948
    outer loop
      vertex 6.9125 22.51 3.9
      vertex 6.90694 20.51 3.81516
      vertex 6.9125 20.51 3.9
    endloop
  endfacet
  facet normal -0.75187 0 0.659312
    outer loop
      vertex 6.72212 20.51 3.44038
      vertex 6.77818 22.51 3.50431
      vertex 6.72212 22.51 3.44038
    endloop
  endfacet
  facet normal -0.75187 0 0.659312
    outer loop
      vertex 6.77818 22.51 3.50431
      vertex 6.72212 20.51 3.44038
      vertex 6.77818 20.51 3.50431
    endloop
  endfacet
  facet normal -0.195121 0 0.980779
    outer loop
      vertex 6.34734 22.51 3.25556
      vertex 6.43073 20.51 3.27215
      vertex 6.43073 22.51 3.27215
    endloop
  endfacet
  facet normal -0.195121 0 0.980779
    outer loop
      vertex 6.43073 20.51 3.27215
      vertex 6.34734 22.51 3.25556
      vertex 6.34734 20.51 3.25556
    endloop
  endfacet
  facet normal -0.321445 0 0.946928
    outer loop
      vertex 6.43073 22.51 3.27215
      vertex 6.51124 20.51 3.29948
      vertex 6.51124 22.51 3.29948
    endloop
  endfacet
  facet normal -0.321445 0 0.946928
    outer loop
      vertex 6.51124 20.51 3.29948
      vertex 6.43073 22.51 3.27215
      vertex 6.43073 20.51 3.27215
    endloop
  endfacet
  facet normal 0.75187 -0 0.659312
    outer loop
      vertex 5.74682 20.51 3.50431
      vertex 5.80288 22.51 3.44038
      vertex 5.74682 22.51 3.50431
    endloop
  endfacet
  facet normal 0.75187 0 0.659312
    outer loop
      vertex 5.80288 22.51 3.44038
      vertex 5.74682 20.51 3.50431
      vertex 5.80288 20.51 3.44038
    endloop
  endfacet
  facet normal 0.659312 0 0.75187
    outer loop
      vertex 5.80288 22.51 3.44038
      vertex 5.86681 20.51 3.38432
      vertex 5.86681 22.51 3.38432
    endloop
  endfacet
  facet normal 0.659312 0 0.75187
    outer loop
      vertex 5.86681 20.51 3.38432
      vertex 5.80288 22.51 3.44038
      vertex 5.80288 20.51 3.44038
    endloop
  endfacet
  facet normal -0.896907 0 0.44222
    outer loop
      vertex 6.82542 20.51 3.575
      vertex 6.86302 22.51 3.65126
      vertex 6.82542 22.51 3.575
    endloop
  endfacet
  facet normal -0.896907 0 0.44222
    outer loop
      vertex 6.86302 22.51 3.65126
      vertex 6.82542 20.51 3.575
      vertex 6.86302 20.51 3.65126
    endloop
  endfacet
  facet normal -0.997829 0 -0.0658633
    outer loop
      vertex 13.175 20.51 7.1
      vertex 13.1694 22.51 7.18484
      vertex 13.175 22.51 7.1
    endloop
  endfacet
  facet normal -0.997829 -0 -0.0658633
    outer loop
      vertex 13.1694 22.51 7.18484
      vertex 13.175 20.51 7.1
      vertex 13.1694 20.51 7.18484
    endloop
  endfacet
  facet normal 1 -0 0
    outer loop
      vertex 11.875 20.51 7.1
      vertex 11.875 22.51 3.9
      vertex 11.875 22.51 7.1
    endloop
  endfacet
  facet normal 1 0 0
    outer loop
      vertex 11.875 22.51 3.9
      vertex 11.875 20.51 7.1
      vertex 11.875 20.51 3.9
    endloop
  endfacet
  facet normal -0.896907 0 -0.44222
    outer loop
      vertex 13.1255 20.51 7.34874
      vertex 13.0879 22.51 7.425
      vertex 13.1255 22.51 7.34874
    endloop
  endfacet
  facet normal -0.896907 -0 -0.44222
    outer loop
      vertex 13.0879 22.51 7.425
      vertex 13.1255 20.51 7.34874
      vertex 13.0879 20.51 7.425
    endloop
  endfacet
  facet normal 0.321481 0 -0.946916
    outer loop
      vertex 12.2763 20.51 7.70052
      vertex 12.3568 22.51 7.72785
      vertex 12.3568 20.51 7.72785
    endloop
  endfacet
  facet normal 0.321481 0 -0.946916
    outer loop
      vertex 12.3568 22.51 7.72785
      vertex 12.2763 20.51 7.70052
      vertex 12.2763 22.51 7.70052
    endloop
  endfacet
  facet normal -0.195098 0 -0.980784
    outer loop
      vertex 12.6098 20.51 7.74444
      vertex 12.6932 22.51 7.72785
      vertex 12.6932 20.51 7.72785
    endloop
  endfacet
  facet normal -0.195098 0 -0.980784
    outer loop
      vertex 12.6932 22.51 7.72785
      vertex 12.6098 20.51 7.74444
      vertex 12.6098 22.51 7.74444
    endloop
  endfacet
  facet normal 0.0654256 0 -0.997857
    outer loop
      vertex 12.4402 20.51 7.74444
      vertex 12.525 22.51 7.75
      vertex 12.525 20.51 7.75
    endloop
  endfacet
  facet normal 0.0654256 0 -0.997857
    outer loop
      vertex 12.525 22.51 7.75
      vertex 12.4402 20.51 7.74444
      vertex 12.4402 22.51 7.74444
    endloop
  endfacet
  facet normal 0.997829 -0 0.0658633
    outer loop
      vertex 11.875 20.51 3.9
      vertex 11.8806 22.51 3.81516
      vertex 11.875 22.51 3.9
    endloop
  endfacet
  facet normal 0.997829 0 0.0658633
    outer loop
      vertex 11.8806 22.51 3.81516
      vertex 11.875 20.51 3.9
      vertex 11.8806 20.51 3.81516
    endloop
  endfacet
  facet normal 0.659487 0 0.751716
    outer loop
      vertex 12.0654 22.51 3.44038
      vertex 12.1293 20.51 3.38432
      vertex 12.1293 22.51 3.38432
    endloop
  endfacet
  facet normal 0.659487 0 0.751716
    outer loop
      vertex 12.1293 20.51 3.38432
      vertex 12.0654 22.51 3.44038
      vertex 12.0654 20.51 3.44038
    endloop
  endfacet
  facet normal -0.997829 0 0.0658633
    outer loop
      vertex 13.1694 20.51 3.81516
      vertex 13.175 22.51 3.9
      vertex 13.1694 22.51 3.81516
    endloop
  endfacet
  facet normal -0.997829 0 0.0658633
    outer loop
      vertex 13.175 22.51 3.9
      vertex 13.1694 20.51 3.81516
      vertex 13.175 20.51 3.9
    endloop
  endfacet
  facet normal -0.555568 0 0.831471
    outer loop
      vertex 12.85 22.51 3.33708
      vertex 12.9207 20.51 3.38432
      vertex 12.9207 22.51 3.38432
    endloop
  endfacet
  facet normal -0.555568 0 0.831471
    outer loop
      vertex 12.9207 20.51 3.38432
      vertex 12.85 22.51 3.33708
      vertex 12.85 20.51 3.33708
    endloop
  endfacet
  facet normal 0.751636 0 -0.659578
    outer loop
      vertex 12.0654 20.51 7.55962
      vertex 12.0093 22.51 7.49569
      vertex 12.0654 22.51 7.55962
    endloop
  endfacet
  facet normal 0.751636 0 -0.659578
    outer loop
      vertex 12.0093 22.51 7.49569
      vertex 12.0654 20.51 7.55962
      vertex 12.0093 20.51 7.49569
    endloop
  endfacet
  facet normal 0.946677 0 -0.322183
    outer loop
      vertex 11.9245 20.51 7.34874
      vertex 11.8971 22.51 7.26823
      vertex 11.9245 22.51 7.34874
    endloop
  endfacet
  facet normal 0.946677 0 -0.322183
    outer loop
      vertex 11.8971 22.51 7.26823
      vertex 11.9245 20.51 7.34874
      vertex 11.8971 20.51 7.26823
    endloop
  endfacet
  facet normal 0.997829 0 -0.0658633
    outer loop
      vertex 11.8806 20.51 7.18484
      vertex 11.875 22.51 7.1
      vertex 11.8806 22.51 7.18484
    endloop
  endfacet
  facet normal 0.997829 0 -0.0658633
    outer loop
      vertex 11.875 22.51 7.1
      vertex 11.8806 20.51 7.18484
      vertex 11.875 20.51 7.1
    endloop
  endfacet
  facet normal 0.321481 0 0.946916
    outer loop
      vertex 12.2763 22.51 3.29948
      vertex 12.3568 20.51 3.27215
      vertex 12.3568 22.51 3.27215
    endloop
  endfacet
  facet normal 0.321481 0 0.946916
    outer loop
      vertex 12.3568 20.51 3.27215
      vertex 12.2763 22.51 3.29948
      vertex 12.2763 20.51 3.29948
    endloop
  endfacet
  facet normal 0.659487 0 -0.751716
    outer loop
      vertex 12.0654 20.51 7.55962
      vertex 12.1293 22.51 7.61568
      vertex 12.1293 20.51 7.61568
    endloop
  endfacet
  facet normal 0.659487 0 -0.751716
    outer loop
      vertex 12.1293 22.51 7.61568
      vertex 12.0654 20.51 7.55962
      vertex 12.0654 22.51 7.55962
    endloop
  endfacet
  facet normal -0.831652 0 -0.555297
    outer loop
      vertex 13.0879 20.51 7.425
      vertex 13.0407 22.51 7.49569
      vertex 13.0879 22.51 7.425
    endloop
  endfacet
  facet normal -0.831652 -0 -0.555297
    outer loop
      vertex 13.0407 22.51 7.49569
      vertex 13.0879 20.51 7.425
      vertex 13.0407 20.51 7.49569
    endloop
  endfacet
  facet normal -0.946677 0 -0.322183
    outer loop
      vertex 13.1529 20.51 7.26823
      vertex 13.1255 22.51 7.34874
      vertex 13.1529 22.51 7.26823
    endloop
  endfacet
  facet normal -0.946677 -0 -0.322183
    outer loop
      vertex 13.1255 22.51 7.34874
      vertex 13.1529 20.51 7.26823
      vertex 13.1255 20.51 7.34874
    endloop
  endfacet
  facet normal -1 0 0
    outer loop
      vertex 13.175 20.51 3.9
      vertex 13.175 22.51 7.1
      vertex 13.175 22.51 3.9
    endloop
  endfacet
  facet normal -1 -0 0
    outer loop
      vertex 13.175 22.51 7.1
      vertex 13.175 20.51 3.9
      vertex 13.175 20.51 7.1
    endloop
  endfacet
  facet normal -0.442033 0 -0.896999
    outer loop
      vertex 12.7737 20.51 7.70052
      vertex 12.85 22.51 7.66292
      vertex 12.85 20.51 7.66292
    endloop
  endfacet
  facet normal -0.442033 0 -0.896999
    outer loop
      vertex 12.85 22.51 7.66292
      vertex 12.7737 20.51 7.70052
      vertex 12.7737 22.51 7.70052
    endloop
  endfacet
  facet normal -0.555568 0 -0.831471
    outer loop
      vertex 12.85 20.51 7.66292
      vertex 12.9207 22.51 7.61568
      vertex 12.9207 20.51 7.61568
    endloop
  endfacet
  facet normal -0.555568 0 -0.831471
    outer loop
      vertex 12.9207 22.51 7.61568
      vertex 12.85 20.51 7.66292
      vertex 12.85 22.51 7.66292
    endloop
  endfacet
  facet normal 0.442033 0 -0.896999
    outer loop
      vertex 12.2 20.51 7.66292
      vertex 12.2763 22.51 7.70052
      vertex 12.2763 20.51 7.70052
    endloop
  endfacet
  facet normal 0.442033 0 -0.896999
    outer loop
      vertex 12.2763 22.51 7.70052
      vertex 12.2 20.51 7.66292
      vertex 12.2 22.51 7.66292
    endloop
  endfacet
  facet normal 0.555568 0 -0.831471
    outer loop
      vertex 12.1293 20.51 7.61568
      vertex 12.2 22.51 7.66292
      vertex 12.2 20.51 7.66292
    endloop
  endfacet
  facet normal 0.555568 0 -0.831471
    outer loop
      vertex 12.2 22.51 7.66292
      vertex 12.1293 20.51 7.61568
      vertex 12.1293 22.51 7.61568
    endloop
  endfacet
  facet normal -0.0654256 0 0.997857
    outer loop
      vertex 12.525 22.51 3.25
      vertex 12.6098 20.51 3.25556
      vertex 12.6098 22.51 3.25556
    endloop
  endfacet
  facet normal -0.0654256 0 0.997857
    outer loop
      vertex 12.6098 20.51 3.25556
      vertex 12.525 22.51 3.25
      vertex 12.525 20.51 3.25
    endloop
  endfacet
  facet normal 0.831652 0 -0.555297
    outer loop
      vertex 12.0093 20.51 7.49569
      vertex 11.9621 22.51 7.425
      vertex 12.0093 22.51 7.49569
    endloop
  endfacet
  facet normal 0.831652 0 -0.555297
    outer loop
      vertex 11.9621 22.51 7.425
      vertex 12.0093 20.51 7.49569
      vertex 11.9621 20.51 7.425
    endloop
  endfacet
  facet normal 0.896907 0 -0.44222
    outer loop
      vertex 11.9621 20.51 7.425
      vertex 11.9245 22.51 7.34874
      vertex 11.9621 22.51 7.425
    endloop
  endfacet
  facet normal 0.896907 0 -0.44222
    outer loop
      vertex 11.9245 22.51 7.34874
      vertex 11.9621 20.51 7.425
      vertex 11.9245 20.51 7.34874
    endloop
  endfacet
  facet normal 0.980981 0 -0.194102
    outer loop
      vertex 11.8971 20.51 7.26823
      vertex 11.8806 22.51 7.18484
      vertex 11.8971 22.51 7.26823
    endloop
  endfacet
  facet normal 0.980981 0 -0.194102
    outer loop
      vertex 11.8806 22.51 7.18484
      vertex 11.8971 20.51 7.26823
      vertex 11.8806 20.51 7.18484
    endloop
  endfacet
  facet normal 0.0654256 0 0.997857
    outer loop
      vertex 12.4402 22.51 3.25556
      vertex 12.525 20.51 3.25
      vertex 12.525 22.51 3.25
    endloop
  endfacet
  facet normal 0.0654256 0 0.997857
    outer loop
      vertex 12.525 20.51 3.25
      vertex 12.4402 22.51 3.25556
      vertex 12.4402 20.51 3.25556
    endloop
  endfacet
  facet normal 0.555568 0 0.831471
    outer loop
      vertex 12.1293 22.51 3.38432
      vertex 12.2 20.51 3.33708
      vertex 12.2 22.51 3.33708
    endloop
  endfacet
  facet normal 0.555568 0 0.831471
    outer loop
      vertex 12.2 20.51 3.33708
      vertex 12.1293 22.51 3.38432
      vertex 12.1293 20.51 3.38432
    endloop
  endfacet
  facet normal 0.442033 0 0.896999
    outer loop
      vertex 12.2 22.51 3.33708
      vertex 12.2763 20.51 3.29948
      vertex 12.2763 22.51 3.29948
    endloop
  endfacet
  facet normal 0.442033 0 0.896999
    outer loop
      vertex 12.2763 20.51 3.29948
      vertex 12.2 22.51 3.33708
      vertex 12.2 20.51 3.33708
    endloop
  endfacet
  facet normal -0.980981 0 -0.194102
    outer loop
      vertex 13.1694 20.51 7.18484
      vertex 13.1529 22.51 7.26823
      vertex 13.1694 22.51 7.18484
    endloop
  endfacet
  facet normal -0.980981 -0 -0.194102
    outer loop
      vertex 13.1529 22.51 7.26823
      vertex 13.1694 20.51 7.18484
      vertex 13.1529 20.51 7.26823
    endloop
  endfacet
  facet normal -0.321481 0 -0.946916
    outer loop
      vertex 12.6932 20.51 7.72785
      vertex 12.7737 22.51 7.70052
      vertex 12.7737 20.51 7.70052
    endloop
  endfacet
  facet normal -0.321481 0 -0.946916
    outer loop
      vertex 12.7737 22.51 7.70052
      vertex 12.6932 20.51 7.72785
      vertex 12.6932 22.51 7.72785
    endloop
  endfacet
  facet normal -0.0654256 0 -0.997857
    outer loop
      vertex 12.525 20.51 7.75
      vertex 12.6098 22.51 7.74444
      vertex 12.6098 20.51 7.74444
    endloop
  endfacet
  facet normal -0.0654256 0 -0.997857
    outer loop
      vertex 12.6098 22.51 7.74444
      vertex 12.525 20.51 7.75
      vertex 12.525 22.51 7.75
    endloop
  endfacet
  facet normal 0.195098 0 -0.980784
    outer loop
      vertex 12.3568 20.51 7.72785
      vertex 12.4402 22.51 7.74444
      vertex 12.4402 20.51 7.74444
    endloop
  endfacet
  facet normal 0.195098 0 -0.980784
    outer loop
      vertex 12.4402 22.51 7.74444
      vertex 12.3568 20.51 7.72785
      vertex 12.3568 22.51 7.72785
    endloop
  endfacet
  facet normal -0.831652 0 0.555297
    outer loop
      vertex 13.0407 20.51 3.50431
      vertex 13.0879 22.51 3.575
      vertex 13.0407 22.51 3.50431
    endloop
  endfacet
  facet normal -0.831652 0 0.555297
    outer loop
      vertex 13.0879 22.51 3.575
      vertex 13.0407 20.51 3.50431
      vertex 13.0879 20.51 3.575
    endloop
  endfacet
  facet normal -0.195098 0 0.980784
    outer loop
      vertex 12.6098 22.51 3.25556
      vertex 12.6932 20.51 3.27215
      vertex 12.6932 22.51 3.27215
    endloop
  endfacet
  facet normal -0.195098 0 0.980784
    outer loop
      vertex 12.6932 20.51 3.27215
      vertex 12.6098 22.51 3.25556
      vertex 12.6098 20.51 3.25556
    endloop
  endfacet
  facet normal -0.442033 0 0.896999
    outer loop
      vertex 12.7737 22.51 3.29948
      vertex 12.85 20.51 3.33708
      vertex 12.85 22.51 3.33708
    endloop
  endfacet
  facet normal -0.442033 0 0.896999
    outer loop
      vertex 12.85 20.51 3.33708
      vertex 12.7737 22.51 3.29948
      vertex 12.7737 20.51 3.29948
    endloop
  endfacet
  facet normal 0.195098 0 0.980784
    outer loop
      vertex 12.3568 22.51 3.27215
      vertex 12.4402 20.51 3.25556
      vertex 12.4402 22.51 3.25556
    endloop
  endfacet
  facet normal 0.195098 0 0.980784
    outer loop
      vertex 12.4402 20.51 3.25556
      vertex 12.3568 22.51 3.27215
      vertex 12.3568 20.51 3.27215
    endloop
  endfacet
  facet normal 0.751636 -0 0.659578
    outer loop
      vertex 12.0093 20.51 3.50431
      vertex 12.0654 22.51 3.44038
      vertex 12.0093 22.51 3.50431
    endloop
  endfacet
  facet normal 0.751636 0 0.659578
    outer loop
      vertex 12.0654 22.51 3.44038
      vertex 12.0093 20.51 3.50431
      vertex 12.0654 20.51 3.44038
    endloop
  endfacet
  facet normal 0.980981 -0 0.194102
    outer loop
      vertex 11.8806 20.51 3.81516
      vertex 11.8971 22.51 3.73177
      vertex 11.8806 22.51 3.81516
    endloop
  endfacet
  facet normal 0.980981 0 0.194102
    outer loop
      vertex 11.8971 22.51 3.73177
      vertex 11.8806 20.51 3.81516
      vertex 11.8971 20.51 3.73177
    endloop
  endfacet
  facet normal -0.751636 0 -0.659578
    outer loop
      vertex 13.0407 20.51 7.49569
      vertex 12.9846 22.51 7.55962
      vertex 13.0407 22.51 7.49569
    endloop
  endfacet
  facet normal -0.751636 -0 -0.659578
    outer loop
      vertex 12.9846 22.51 7.55962
      vertex 13.0407 20.51 7.49569
      vertex 12.9846 20.51 7.55962
    endloop
  endfacet
  facet normal -0.659487 0 -0.751716
    outer loop
      vertex 12.9207 20.51 7.61568
      vertex 12.9846 22.51 7.55962
      vertex 12.9846 20.51 7.55962
    endloop
  endfacet
  facet normal -0.659487 0 -0.751716
    outer loop
      vertex 12.9846 22.51 7.55962
      vertex 12.9207 20.51 7.61568
      vertex 12.9207 22.51 7.61568
    endloop
  endfacet
  facet normal -0.980981 0 0.194102
    outer loop
      vertex 13.1529 20.51 3.73177
      vertex 13.1694 22.51 3.81516
      vertex 13.1529 22.51 3.73177
    endloop
  endfacet
  facet normal -0.980981 0 0.194102
    outer loop
      vertex 13.1694 22.51 3.81516
      vertex 13.1529 20.51 3.73177
      vertex 13.1694 20.51 3.81516
    endloop
  endfacet
  facet normal -0.896907 0 0.44222
    outer loop
      vertex 13.0879 20.51 3.575
      vertex 13.1255 22.51 3.65126
      vertex 13.0879 22.51 3.575
    endloop
  endfacet
  facet normal -0.896907 0 0.44222
    outer loop
      vertex 13.1255 22.51 3.65126
      vertex 13.0879 20.51 3.575
      vertex 13.1255 20.51 3.65126
    endloop
  endfacet
  facet normal -0.321481 0 0.946916
    outer loop
      vertex 12.6932 22.51 3.27215
      vertex 12.7737 20.51 3.29948
      vertex 12.7737 22.51 3.29948
    endloop
  endfacet
  facet normal -0.321481 0 0.946916
    outer loop
      vertex 12.7737 20.51 3.29948
      vertex 12.6932 22.51 3.27215
      vertex 12.6932 20.51 3.27215
    endloop
  endfacet
  facet normal 0.831652 -0 0.555297
    outer loop
      vertex 11.9621 20.51 3.575
      vertex 12.0093 22.51 3.50431
      vertex 11.9621 22.51 3.575
    endloop
  endfacet
  facet normal 0.831652 0 0.555297
    outer loop
      vertex 12.0093 22.51 3.50431
      vertex 11.9621 20.51 3.575
      vertex 12.0093 20.51 3.50431
    endloop
  endfacet
  facet normal 0.946677 -0 0.322183
    outer loop
      vertex 11.8971 20.51 3.73177
      vertex 11.9245 22.51 3.65126
      vertex 11.8971 22.51 3.73177
    endloop
  endfacet
  facet normal 0.946677 0 0.322183
    outer loop
      vertex 11.9245 22.51 3.65126
      vertex 11.8971 20.51 3.73177
      vertex 11.9245 20.51 3.65126
    endloop
  endfacet
  facet normal 0.896907 -0 0.44222
    outer loop
      vertex 11.9245 20.51 3.65126
      vertex 11.9621 22.51 3.575
      vertex 11.9245 22.51 3.65126
    endloop
  endfacet
  facet normal 0.896907 0 0.44222
    outer loop
      vertex 11.9621 22.51 3.575
      vertex 11.9245 20.51 3.65126
      vertex 11.9621 20.51 3.575
    endloop
  endfacet
  facet normal -0.946677 0 0.322183
    outer loop
      vertex 13.1255 20.51 3.65126
      vertex 13.1529 22.51 3.73177
      vertex 13.1255 22.51 3.65126
    endloop
  endfacet
  facet normal -0.946677 0 0.322183
    outer loop
      vertex 13.1529 22.51 3.73177
      vertex 13.1255 20.51 3.65126
      vertex 13.1529 20.51 3.73177
    endloop
  endfacet
  facet normal -0.659487 0 0.751716
    outer loop
      vertex 12.9207 22.51 3.38432
      vertex 12.9846 20.51 3.44038
      vertex 12.9846 22.51 3.44038
    endloop
  endfacet
  facet normal -0.659487 0 0.751716
    outer loop
      vertex 12.9846 20.51 3.44038
      vertex 12.9207 22.51 3.38432
      vertex 12.9207 20.51 3.38432
    endloop
  endfacet
  facet normal -0.751636 0 0.659578
    outer loop
      vertex 12.9846 20.51 3.44038
      vertex 13.0407 22.51 3.50431
      vertex 12.9846 22.51 3.44038
    endloop
  endfacet
  facet normal -0.751636 0 0.659578
    outer loop
      vertex 13.0407 22.51 3.50431
      vertex 12.9846 20.51 3.44038
      vertex 13.0407 20.51 3.50431
    endloop
  endfacet
  facet normal -0.997829 0 -0.0658633
    outer loop
      vertex 19.4375 20.51 7.1
      vertex 19.4319 22.51 7.18484
      vertex 19.4375 22.51 7.1
    endloop
  endfacet
  facet normal -0.997829 -0 -0.0658633
    outer loop
      vertex 19.4319 22.51 7.18484
      vertex 19.4375 20.51 7.1
      vertex 19.4319 20.51 7.18484
    endloop
  endfacet
  facet normal 0.997829 -0 0.0658633
    outer loop
      vertex 18.1375 20.51 3.9
      vertex 18.1431 22.51 3.81516
      vertex 18.1375 22.51 3.9
    endloop
  endfacet
  facet normal 0.997829 0 0.0658633
    outer loop
      vertex 18.1431 22.51 3.81516
      vertex 18.1375 20.51 3.9
      vertex 18.1431 20.51 3.81516
    endloop
  endfacet
  facet normal 0.980981 -0 0.194102
    outer loop
      vertex 18.1431 20.51 3.81516
      vertex 18.1596 22.51 3.73177
      vertex 18.1431 22.51 3.81516
    endloop
  endfacet
  facet normal 0.980981 0 0.194102
    outer loop
      vertex 18.1596 22.51 3.73177
      vertex 18.1431 20.51 3.81516
      vertex 18.1596 20.51 3.73177
    endloop
  endfacet
  facet normal 0.442033 0 -0.896999
    outer loop
      vertex 18.4625 20.51 7.66292
      vertex 18.5388 22.51 7.70052
      vertex 18.5388 20.51 7.70052
    endloop
  endfacet
  facet normal 0.442033 0 -0.896999
    outer loop
      vertex 18.5388 22.51 7.70052
      vertex 18.4625 20.51 7.66292
      vertex 18.4625 22.51 7.66292
    endloop
  endfacet
  facet normal -0.442033 0 -0.896999
    outer loop
      vertex 19.0362 20.51 7.70052
      vertex 19.1125 22.51 7.66292
      vertex 19.1125 20.51 7.66292
    endloop
  endfacet
  facet normal -0.442033 0 -0.896999
    outer loop
      vertex 19.1125 22.51 7.66292
      vertex 19.0362 20.51 7.70052
      vertex 19.0362 22.51 7.70052
    endloop
  endfacet
  facet normal 0.751636 0 -0.659578
    outer loop
      vertex 18.3279 20.51 7.55962
      vertex 18.2718 22.51 7.49569
      vertex 18.3279 22.51 7.55962
    endloop
  endfacet
  facet normal 0.751636 0 -0.659578
    outer loop
      vertex 18.2718 22.51 7.49569
      vertex 18.3279 20.51 7.55962
      vertex 18.2718 20.51 7.49569
    endloop
  endfacet
  facet normal -0.0654256 0 0.997857
    outer loop
      vertex 18.7875 22.51 3.25
      vertex 18.8723 20.51 3.25556
      vertex 18.8723 22.51 3.25556
    endloop
  endfacet
  facet normal -0.0654256 0 0.997857
    outer loop
      vertex 18.8723 20.51 3.25556
      vertex 18.7875 22.51 3.25
      vertex 18.7875 20.51 3.25
    endloop
  endfacet
  facet normal 1 -0 0
    outer loop
      vertex 18.1375 20.51 7.1
      vertex 18.1375 22.51 3.9
      vertex 18.1375 22.51 7.1
    endloop
  endfacet
  facet normal 1 0 0
    outer loop
      vertex 18.1375 22.51 3.9
      vertex 18.1375 20.51 7.1
      vertex 18.1375 20.51 3.9
    endloop
  endfacet
  facet normal 0.997829 0 -0.0658633
    outer loop
      vertex 18.1431 20.51 7.18484
      vertex 18.1375 22.51 7.1
      vertex 18.1431 22.51 7.18484
    endloop
  endfacet
  facet normal 0.997829 0 -0.0658633
    outer loop
      vertex 18.1375 22.51 7.1
      vertex 18.1431 20.51 7.18484
      vertex 18.1375 20.51 7.1
    endloop
  endfacet
  facet normal 0.659487 0 -0.751716
    outer loop
      vertex 18.3279 20.51 7.55962
      vertex 18.3918 22.51 7.61568
      vertex 18.3918 20.51 7.61568
    endloop
  endfacet
  facet normal 0.659487 0 -0.751716
    outer loop
      vertex 18.3918 22.51 7.61568
      vertex 18.3279 20.51 7.55962
      vertex 18.3279 22.51 7.55962
    endloop
  endfacet
  facet normal -0.980981 0 -0.194102
    outer loop
      vertex 19.4319 20.51 7.18484
      vertex 19.4154 22.51 7.26823
      vertex 19.4319 22.51 7.18484
    endloop
  endfacet
  facet normal -0.980981 -0 -0.194102
    outer loop
      vertex 19.4154 22.51 7.26823
      vertex 19.4319 20.51 7.18484
      vertex 19.4154 20.51 7.26823
    endloop
  endfacet
  facet normal 0.0654256 0 -0.997857
    outer loop
      vertex 18.7027 20.51 7.74444
      vertex 18.7875 22.51 7.75
      vertex 18.7875 20.51 7.75
    endloop
  endfacet
  facet normal 0.0654256 0 -0.997857
    outer loop
      vertex 18.7875 22.51 7.75
      vertex 18.7027 20.51 7.74444
      vertex 18.7027 22.51 7.74444
    endloop
  endfacet
  facet normal 0.946677 0 -0.322183
    outer loop
      vertex 18.187 20.51 7.34874
      vertex 18.1596 22.51 7.26823
      vertex 18.187 22.51 7.34874
    endloop
  endfacet
  facet normal 0.946677 0 -0.322183
    outer loop
      vertex 18.1596 22.51 7.26823
      vertex 18.187 20.51 7.34874
      vertex 18.1596 20.51 7.26823
    endloop
  endfacet
  facet normal 0.555568 0 0.831471
    outer loop
      vertex 18.3918 22.51 3.38432
      vertex 18.4625 20.51 3.33708
      vertex 18.4625 22.51 3.33708
    endloop
  endfacet
  facet normal 0.555568 0 0.831471
    outer loop
      vertex 18.4625 20.51 3.33708
      vertex 18.3918 22.51 3.38432
      vertex 18.3918 20.51 3.38432
    endloop
  endfacet
  facet normal 0.321481 0 0.946916
    outer loop
      vertex 18.5388 22.51 3.29948
      vertex 18.6193 20.51 3.27215
      vertex 18.6193 22.51 3.27215
    endloop
  endfacet
  facet normal 0.321481 0 0.946916
    outer loop
      vertex 18.6193 20.51 3.27215
      vertex 18.5388 22.51 3.29948
      vertex 18.5388 20.51 3.29948
    endloop
  endfacet
  facet normal 0.946677 -0 0.322183
    outer loop
      vertex 18.1596 20.51 3.73177
      vertex 18.187 22.51 3.65126
      vertex 18.1596 22.51 3.73177
    endloop
  endfacet
  facet normal 0.946677 0 0.322183
    outer loop
      vertex 18.187 22.51 3.65126
      vertex 18.1596 20.51 3.73177
      vertex 18.187 20.51 3.65126
    endloop
  endfacet
  facet normal -0.659487 0 -0.751716
    outer loop
      vertex 19.1832 20.51 7.61568
      vertex 19.2471 22.51 7.55962
      vertex 19.2471 20.51 7.55962
    endloop
  endfacet
  facet normal -0.659487 0 -0.751716
    outer loop
      vertex 19.2471 22.51 7.55962
      vertex 19.1832 20.51 7.61568
      vertex 19.1832 22.51 7.61568
    endloop
  endfacet
  facet normal -0.831652 0 -0.555297
    outer loop
      vertex 19.3504 20.51 7.425
      vertex 19.3032 22.51 7.49569
      vertex 19.3504 22.51 7.425
    endloop
  endfacet
  facet normal -0.831652 -0 -0.555297
    outer loop
      vertex 19.3032 22.51 7.49569
      vertex 19.3504 20.51 7.425
      vertex 19.3032 20.51 7.49569
    endloop
  endfacet
  facet normal -1 0 0
    outer loop
      vertex 19.4375 20.51 3.9
      vertex 19.4375 22.51 7.1
      vertex 19.4375 22.51 3.9
    endloop
  endfacet
  facet normal -1 -0 0
    outer loop
      vertex 19.4375 22.51 7.1
      vertex 19.4375 20.51 3.9
      vertex 19.4375 20.51 7.1
    endloop
  endfacet
  facet normal -0.195098 0 -0.980784
    outer loop
      vertex 18.8723 20.51 7.74444
      vertex 18.9557 22.51 7.72785
      vertex 18.9557 20.51 7.72785
    endloop
  endfacet
  facet normal -0.195098 0 -0.980784
    outer loop
      vertex 18.9557 22.51 7.72785
      vertex 18.8723 20.51 7.74444
      vertex 18.8723 22.51 7.74444
    endloop
  endfacet
  facet normal -0.321481 0 -0.946916
    outer loop
      vertex 18.9557 20.51 7.72785
      vertex 19.0362 22.51 7.70052
      vertex 19.0362 20.51 7.70052
    endloop
  endfacet
  facet normal -0.321481 0 -0.946916
    outer loop
      vertex 19.0362 22.51 7.70052
      vertex 18.9557 20.51 7.72785
      vertex 18.9557 22.51 7.72785
    endloop
  endfacet
  facet normal -0.0654256 0 -0.997857
    outer loop
      vertex 18.7875 20.51 7.75
      vertex 18.8723 22.51 7.74444
      vertex 18.8723 20.51 7.74444
    endloop
  endfacet
  facet normal -0.0654256 0 -0.997857
    outer loop
      vertex 18.8723 22.51 7.74444
      vertex 18.7875 20.51 7.75
      vertex 18.7875 22.51 7.75
    endloop
  endfacet
  facet normal 0.195098 0 -0.980784
    outer loop
      vertex 18.6193 20.51 7.72785
      vertex 18.7027 22.51 7.74444
      vertex 18.7027 20.51 7.74444
    endloop
  endfacet
  facet normal 0.195098 0 -0.980784
    outer loop
      vertex 18.7027 22.51 7.74444
      vertex 18.6193 20.51 7.72785
      vertex 18.6193 22.51 7.72785
    endloop
  endfacet
  facet normal 0.321481 0 -0.946916
    outer loop
      vertex 18.5388 20.51 7.70052
      vertex 18.6193 22.51 7.72785
      vertex 18.6193 20.51 7.72785
    endloop
  endfacet
  facet normal 0.321481 0 -0.946916
    outer loop
      vertex 18.6193 22.51 7.72785
      vertex 18.5388 20.51 7.70052
      vertex 18.5388 22.51 7.70052
    endloop
  endfacet
  facet normal 0.555568 0 -0.831471
    outer loop
      vertex 18.3918 20.51 7.61568
      vertex 18.4625 22.51 7.66292
      vertex 18.4625 20.51 7.66292
    endloop
  endfacet
  facet normal 0.555568 0 -0.831471
    outer loop
      vertex 18.4625 22.51 7.66292
      vertex 18.3918 20.51 7.61568
      vertex 18.3918 22.51 7.61568
    endloop
  endfacet
  facet normal 0.896907 0 -0.44222
    outer loop
      vertex 18.2246 20.51 7.425
      vertex 18.187 22.51 7.34874
      vertex 18.2246 22.51 7.425
    endloop
  endfacet
  facet normal 0.896907 0 -0.44222
    outer loop
      vertex 18.187 22.51 7.34874
      vertex 18.2246 20.51 7.425
      vertex 18.187 20.51 7.34874
    endloop
  endfacet
  facet normal 0.831652 0 -0.555297
    outer loop
      vertex 18.2718 20.51 7.49569
      vertex 18.2246 22.51 7.425
      vertex 18.2718 22.51 7.49569
    endloop
  endfacet
  facet normal 0.831652 0 -0.555297
    outer loop
      vertex 18.2246 22.51 7.425
      vertex 18.2718 20.51 7.49569
      vertex 18.2246 20.51 7.425
    endloop
  endfacet
  facet normal 0.980981 0 -0.194102
    outer loop
      vertex 18.1596 20.51 7.26823
      vertex 18.1431 22.51 7.18484
      vertex 18.1596 22.51 7.26823
    endloop
  endfacet
  facet normal 0.980981 0 -0.194102
    outer loop
      vertex 18.1431 22.51 7.18484
      vertex 18.1596 20.51 7.26823
      vertex 18.1431 20.51 7.18484
    endloop
  endfacet
  facet normal 0.442033 0 0.896999
    outer loop
      vertex 18.4625 22.51 3.33708
      vertex 18.5388 20.51 3.29948
      vertex 18.5388 22.51 3.29948
    endloop
  endfacet
  facet normal 0.442033 0 0.896999
    outer loop
      vertex 18.5388 20.51 3.29948
      vertex 18.4625 22.51 3.33708
      vertex 18.4625 20.51 3.33708
    endloop
  endfacet
  facet normal 0.831652 -0 0.555297
    outer loop
      vertex 18.2246 20.51 3.575
      vertex 18.2718 22.51 3.50431
      vertex 18.2246 22.51 3.575
    endloop
  endfacet
  facet normal 0.831652 0 0.555297
    outer loop
      vertex 18.2718 22.51 3.50431
      vertex 18.2246 20.51 3.575
      vertex 18.2718 20.51 3.50431
    endloop
  endfacet
  facet normal -0.946677 0 -0.322183
    outer loop
      vertex 19.4154 20.51 7.26823
      vertex 19.388 22.51 7.34874
      vertex 19.4154 22.51 7.26823
    endloop
  endfacet
  facet normal -0.946677 -0 -0.322183
    outer loop
      vertex 19.388 22.51 7.34874
      vertex 19.4154 20.51 7.26823
      vertex 19.388 20.51 7.34874
    endloop
  endfacet
  facet normal -0.896907 0 -0.44222
    outer loop
      vertex 19.388 20.51 7.34874
      vertex 19.3504 22.51 7.425
      vertex 19.388 22.51 7.34874
    endloop
  endfacet
  facet normal -0.896907 -0 -0.44222
    outer loop
      vertex 19.3504 22.51 7.425
      vertex 19.388 20.51 7.34874
      vertex 19.3504 20.51 7.425
    endloop
  endfacet
  facet normal -0.555568 0 -0.831471
    outer loop
      vertex 19.1125 20.51 7.66292
      vertex 19.1832 22.51 7.61568
      vertex 19.1832 20.51 7.61568
    endloop
  endfacet
  facet normal -0.555568 0 -0.831471
    outer loop
      vertex 19.1832 22.51 7.61568
      vertex 19.1125 20.51 7.66292
      vertex 19.1125 22.51 7.66292
    endloop
  endfacet
  facet normal -0.831652 0 0.555297
    outer loop
      vertex 19.3032 20.51 3.50431
      vertex 19.3504 22.51 3.575
      vertex 19.3032 22.51 3.50431
    endloop
  endfacet
  facet normal -0.831652 0 0.555297
    outer loop
      vertex 19.3504 22.51 3.575
      vertex 19.3032 20.51 3.50431
      vertex 19.3504 20.51 3.575
    endloop
  endfacet
  facet normal -0.442033 0 0.896999
    outer loop
      vertex 19.0362 22.51 3.29948
      vertex 19.1125 20.51 3.33708
      vertex 19.1125 22.51 3.33708
    endloop
  endfacet
  facet normal -0.442033 0 0.896999
    outer loop
      vertex 19.1125 20.51 3.33708
      vertex 19.0362 22.51 3.29948
      vertex 19.0362 20.51 3.29948
    endloop
  endfacet
  facet normal -0.555568 0 0.831471
    outer loop
      vertex 19.1125 22.51 3.33708
      vertex 19.1832 20.51 3.38432
      vertex 19.1832 22.51 3.38432
    endloop
  endfacet
  facet normal -0.555568 0 0.831471
    outer loop
      vertex 19.1832 20.51 3.38432
      vertex 19.1125 22.51 3.33708
      vertex 19.1125 20.51 3.33708
    endloop
  endfacet
  facet normal 0.195098 0 0.980784
    outer loop
      vertex 18.6193 22.51 3.27215
      vertex 18.7027 20.51 3.25556
      vertex 18.7027 22.51 3.25556
    endloop
  endfacet
  facet normal 0.195098 0 0.980784
    outer loop
      vertex 18.7027 20.51 3.25556
      vertex 18.6193 22.51 3.27215
      vertex 18.6193 20.51 3.27215
    endloop
  endfacet
  facet normal 0.0654256 0 0.997857
    outer loop
      vertex 18.7027 22.51 3.25556
      vertex 18.7875 20.51 3.25
      vertex 18.7875 22.51 3.25
    endloop
  endfacet
  facet normal 0.0654256 0 0.997857
    outer loop
      vertex 18.7875 20.51 3.25
      vertex 18.7027 22.51 3.25556
      vertex 18.7027 20.51 3.25556
    endloop
  endfacet
  facet normal 0.896907 -0 0.44222
    outer loop
      vertex 18.187 20.51 3.65126
      vertex 18.2246 22.51 3.575
      vertex 18.187 22.51 3.65126
    endloop
  endfacet
  facet normal 0.896907 0 0.44222
    outer loop
      vertex 18.2246 22.51 3.575
      vertex 18.187 20.51 3.65126
      vertex 18.2246 20.51 3.575
    endloop
  endfacet
  facet normal -0.751636 0 -0.659578
    outer loop
      vertex 19.3032 20.51 7.49569
      vertex 19.2471 22.51 7.55962
      vertex 19.3032 22.51 7.49569
    endloop
  endfacet
  facet normal -0.751636 -0 -0.659578
    outer loop
      vertex 19.2471 22.51 7.55962
      vertex 19.3032 20.51 7.49569
      vertex 19.2471 20.51 7.55962
    endloop
  endfacet
  facet normal -0.980981 0 0.194102
    outer loop
      vertex 19.4154 20.51 3.73177
      vertex 19.4319 22.51 3.81516
      vertex 19.4154 22.51 3.73177
    endloop
  endfacet
  facet normal -0.980981 0 0.194102
    outer loop
      vertex 19.4319 22.51 3.81516
      vertex 19.4154 20.51 3.73177
      vertex 19.4319 20.51 3.81516
    endloop
  endfacet
  facet normal -0.946677 0 0.322183
    outer loop
      vertex 19.388 20.51 3.65126
      vertex 19.4154 22.51 3.73177
      vertex 19.388 22.51 3.65126
    endloop
  endfacet
  facet normal -0.946677 0 0.322183
    outer loop
      vertex 19.4154 22.51 3.73177
      vertex 19.388 20.51 3.65126
      vertex 19.4154 20.51 3.73177
    endloop
  endfacet
  facet normal -0.997829 0 0.0658633
    outer loop
      vertex 19.4319 20.51 3.81516
      vertex 19.4375 22.51 3.9
      vertex 19.4319 22.51 3.81516
    endloop
  endfacet
  facet normal -0.997829 0 0.0658633
    outer loop
      vertex 19.4375 22.51 3.9
      vertex 19.4319 20.51 3.81516
      vertex 19.4375 20.51 3.9
    endloop
  endfacet
  facet normal -0.659487 0 0.751716
    outer loop
      vertex 19.1832 22.51 3.38432
      vertex 19.2471 20.51 3.44038
      vertex 19.2471 22.51 3.44038
    endloop
  endfacet
  facet normal -0.659487 0 0.751716
    outer loop
      vertex 19.2471 20.51 3.44038
      vertex 19.1832 22.51 3.38432
      vertex 19.1832 20.51 3.38432
    endloop
  endfacet
  facet normal -0.195098 0 0.980784
    outer loop
      vertex 18.8723 22.51 3.25556
      vertex 18.9557 20.51 3.27215
      vertex 18.9557 22.51 3.27215
    endloop
  endfacet
  facet normal -0.195098 0 0.980784
    outer loop
      vertex 18.9557 20.51 3.27215
      vertex 18.8723 22.51 3.25556
      vertex 18.8723 20.51 3.25556
    endloop
  endfacet
  facet normal -0.321481 0 0.946916
    outer loop
      vertex 18.9557 22.51 3.27215
      vertex 19.0362 20.51 3.29948
      vertex 19.0362 22.51 3.29948
    endloop
  endfacet
  facet normal -0.321481 0 0.946916
    outer loop
      vertex 19.0362 20.51 3.29948
      vertex 18.9557 22.51 3.27215
      vertex 18.9557 20.51 3.27215
    endloop
  endfacet
  facet normal 0.751636 -0 0.659578
    outer loop
      vertex 18.2718 20.51 3.50431
      vertex 18.3279 22.51 3.44038
      vertex 18.2718 22.51 3.50431
    endloop
  endfacet
  facet normal 0.751636 0 0.659578
    outer loop
      vertex 18.3279 22.51 3.44038
      vertex 18.2718 20.51 3.50431
      vertex 18.3279 20.51 3.44038
    endloop
  endfacet
  facet normal 0.659487 0 0.751716
    outer loop
      vertex 18.3279 22.51 3.44038
      vertex 18.3918 20.51 3.38432
      vertex 18.3918 22.51 3.38432
    endloop
  endfacet
  facet normal 0.659487 0 0.751716
    outer loop
      vertex 18.3918 20.51 3.38432
      vertex 18.3279 22.51 3.44038
      vertex 18.3279 20.51 3.44038
    endloop
  endfacet
  facet normal -0.896907 0 0.44222
    outer loop
      vertex 19.3504 20.51 3.575
      vertex 19.388 22.51 3.65126
      vertex 19.3504 22.51 3.575
    endloop
  endfacet
  facet normal -0.896907 0 0.44222
    outer loop
      vertex 19.388 22.51 3.65126
      vertex 19.3504 20.51 3.575
      vertex 19.388 20.51 3.65126
    endloop
  endfacet
  facet normal -0.751636 0 0.659578
    outer loop
      vertex 19.2471 20.51 3.44038
      vertex 19.3032 22.51 3.50431
      vertex 19.2471 22.51 3.44038
    endloop
  endfacet
  facet normal -0.751636 0 0.659578
    outer loop
      vertex 19.3032 22.51 3.50431
      vertex 19.2471 20.51 3.44038
      vertex 19.3032 20.51 3.50431
    endloop
  endfacet
  facet normal 0 -0.997859 0.0653948
    outer loop
      vertex 0 8.14777 3.31516
      vertex 2 8.15333 3.4
      vertex 0 8.15333 3.4
    endloop
  endfacet
  facet normal 0 -0.997859 0.0653948
    outer loop
      vertex 2 8.15333 3.4
      vertex 0 8.14777 3.31516
      vertex 2 8.14777 3.31516
    endloop
  endfacet
  facet normal 0 -0.0653948 0.997859
    outer loop
      vertex 0 7.58817 2.75556
      vertex 2 7.50333 2.75
      vertex 2 7.58817 2.75556
    endloop
  endfacet
  facet normal 0 -0.0653948 0.997859
    outer loop
      vertex 2 7.50333 2.75
      vertex 0 7.58817 2.75556
      vertex 0 7.50333 2.75
    endloop
  endfacet
  facet normal 0 0.946928 0.321445
    outer loop
      vertex 2 6.90281 3.15126
      vertex 0 6.87548 3.23177
      vertex 2 6.87548 3.23177
    endloop
  endfacet
  facet normal 0 0.946928 0.321445
    outer loop
      vertex 0 6.87548 3.23177
      vertex 2 6.90281 3.15126
      vertex 0 6.90281 3.15126
    endloop
  endfacet
  facet normal 0 -0.75187 0.659312
    outer loop
      vertex 0 7.96295 2.94038
      vertex 2 8.01901 3.00431
      vertex 0 8.01901 3.00431
    endloop
  endfacet
  facet normal 0 -0.75187 0.659312
    outer loop
      vertex 2 8.01901 3.00431
      vertex 0 7.96295 2.94038
      vertex 2 7.96295 2.94038
    endloop
  endfacet
  facet normal 0 0.0653948 -0.997859
    outer loop
      vertex 0 7.41849 7.24444
      vertex 2 7.50333 7.25
      vertex 2 7.41849 7.24444
    endloop
  endfacet
  facet normal 0 0.0653948 -0.997859
    outer loop
      vertex 2 7.50333 7.25
      vertex 0 7.41849 7.24444
      vertex 0 7.50333 7.25
    endloop
  endfacet
  facet normal 0 -0.997859 -0.0653948
    outer loop
      vertex 0 8.15333 6.6
      vertex 2 8.14777 6.68484
      vertex 0 8.14777 6.68484
    endloop
  endfacet
  facet normal 0 -0.997859 -0.0653948
    outer loop
      vertex 2 8.14777 6.68484
      vertex 0 8.15333 6.6
      vertex 2 8.15333 6.6
    endloop
  endfacet
  facet normal 0 -1 0
    outer loop
      vertex 0 8.15333 3.4
      vertex 2 8.15333 6.6
      vertex 0 8.15333 6.6
    endloop
  endfacet
  facet normal 0 -1 -0
    outer loop
      vertex 2 8.15333 6.6
      vertex 0 8.15333 3.4
      vertex 2 8.15333 3.4
    endloop
  endfacet
  facet normal 0 -0.195098 0.980784
    outer loop
      vertex 0 7.67157 2.77215
      vertex 2 7.58817 2.75556
      vertex 2 7.67157 2.77215
    endloop
  endfacet
  facet normal 0 -0.195098 0.980784
    outer loop
      vertex 2 7.58817 2.75556
      vertex 0 7.67157 2.77215
      vertex 0 7.58817 2.75556
    endloop
  endfacet
  facet normal 0 0.997859 0.0653948
    outer loop
      vertex 2 6.85889 3.31516
      vertex 0 6.85333 3.4
      vertex 2 6.85333 3.4
    endloop
  endfacet
  facet normal 0 0.997859 0.0653948
    outer loop
      vertex 0 6.85333 3.4
      vertex 2 6.85889 3.31516
      vertex 0 6.85889 3.31516
    endloop
  endfacet
  facet normal 0 0.980779 0.195121
    outer loop
      vertex 2 6.87548 3.23177
      vertex 0 6.85889 3.31516
      vertex 2 6.85889 3.31516
    endloop
  endfacet
  facet normal 0 0.980779 0.195121
    outer loop
      vertex 0 6.85889 3.31516
      vertex 2 6.87548 3.23177
      vertex 0 6.87548 3.23177
    endloop
  endfacet
  facet normal 0 -0.980779 0.195121
    outer loop
      vertex 0 8.13118 3.23177
      vertex 2 8.14777 3.31516
      vertex 0 8.14777 3.31516
    endloop
  endfacet
  facet normal 0 -0.980779 0.195121
    outer loop
      vertex 2 8.14777 3.31516
      vertex 0 8.13118 3.23177
      vertex 2 8.13118 3.23177
    endloop
  endfacet
  facet normal 0 -0.896907 0.44222
    outer loop
      vertex 0 8.06625 3.075
      vertex 2 8.10385 3.15126
      vertex 0 8.10385 3.15126
    endloop
  endfacet
  facet normal 0 -0.896907 0.44222
    outer loop
      vertex 2 8.10385 3.15126
      vertex 0 8.06625 3.075
      vertex 2 8.06625 3.075
    endloop
  endfacet
  facet normal 0 -0.980779 -0.195121
    outer loop
      vertex 0 8.14777 6.68484
      vertex 2 8.13118 6.76823
      vertex 0 8.13118 6.76823
    endloop
  endfacet
  facet normal 0 -0.980779 -0.195121
    outer loop
      vertex 2 8.13118 6.76823
      vertex 0 8.14777 6.68484
      vertex 2 8.14777 6.68484
    endloop
  endfacet
  facet normal 0 -0.555568 0.831471
    outer loop
      vertex 0 7.89903 2.88432
      vertex 2 7.82833 2.83708
      vertex 2 7.89903 2.88432
    endloop
  endfacet
  facet normal 0 -0.555568 0.831471
    outer loop
      vertex 2 7.82833 2.83708
      vertex 0 7.89903 2.88432
      vertex 0 7.82833 2.83708
    endloop
  endfacet
  facet normal -0 0.555623 0.831435
    outer loop
      vertex 0 7.17833 2.83708
      vertex 2 7.10764 2.88432
      vertex 2 7.17833 2.83708
    endloop
  endfacet
  facet normal 0 0.555623 0.831435
    outer loop
      vertex 2 7.10764 2.88432
      vertex 0 7.17833 2.83708
      vertex 0 7.10764 2.88432
    endloop
  endfacet
  facet normal 0 1 -0
    outer loop
      vertex 2 6.85333 3.4
      vertex 0 6.85333 6.6
      vertex 2 6.85333 6.6
    endloop
  endfacet
  facet normal 0 1 0
    outer loop
      vertex 0 6.85333 6.6
      vertex 2 6.85333 3.4
      vertex 0 6.85333 3.4
    endloop
  endfacet
  facet normal 0 0.997859 -0.0653948
    outer loop
      vertex 2 6.85333 6.6
      vertex 0 6.85889 6.68484
      vertex 2 6.85889 6.68484
    endloop
  endfacet
  facet normal 0 0.997859 -0.0653948
    outer loop
      vertex 0 6.85889 6.68484
      vertex 2 6.85333 6.6
      vertex 0 6.85333 6.6
    endloop
  endfacet
  facet normal 0 -0.946928 0.321445
    outer loop
      vertex 0 8.10385 3.15126
      vertex 2 8.13118 3.23177
      vertex 0 8.13118 3.23177
    endloop
  endfacet
  facet normal 0 -0.946928 0.321445
    outer loop
      vertex 2 8.13118 3.23177
      vertex 0 8.10385 3.15126
      vertex 2 8.10385 3.15126
    endloop
  endfacet
  facet normal 0 0.980779 -0.195121
    outer loop
      vertex 2 6.85889 6.68484
      vertex 0 6.87548 6.76823
      vertex 2 6.87548 6.76823
    endloop
  endfacet
  facet normal 0 0.980779 -0.195121
    outer loop
      vertex 0 6.87548 6.76823
      vertex 2 6.85889 6.68484
      vertex 0 6.85889 6.68484
    endloop
  endfacet
  facet normal 0 -0.321445 0.946928
    outer loop
      vertex 0 7.75208 2.79948
      vertex 2 7.67157 2.77215
      vertex 2 7.75208 2.79948
    endloop
  endfacet
  facet normal 0 -0.321445 0.946928
    outer loop
      vertex 2 7.67157 2.77215
      vertex 0 7.75208 2.79948
      vertex 0 7.67157 2.77215
    endloop
  endfacet
  facet normal 0 -0.442267 0.896884
    outer loop
      vertex 0 7.82833 2.83708
      vertex 2 7.75208 2.79948
      vertex 2 7.82833 2.83708
    endloop
  endfacet
  facet normal 0 -0.442267 0.896884
    outer loop
      vertex 2 7.75208 2.79948
      vertex 0 7.82833 2.83708
      vertex 0 7.75208 2.79948
    endloop
  endfacet
  facet normal 0 -0.65937 0.751818
    outer loop
      vertex 0 7.96295 2.94038
      vertex 2 7.89903 2.88432
      vertex 2 7.96295 2.94038
    endloop
  endfacet
  facet normal 0 -0.65937 0.751818
    outer loop
      vertex 2 7.89903 2.88432
      vertex 0 7.96295 2.94038
      vertex 0 7.89903 2.88432
    endloop
  endfacet
  facet normal -0 0.0653948 0.997859
    outer loop
      vertex 0 7.50333 2.75
      vertex 2 7.41849 2.75556
      vertex 2 7.50333 2.75
    endloop
  endfacet
  facet normal 0 0.0653948 0.997859
    outer loop
      vertex 2 7.41849 2.75556
      vertex 0 7.50333 2.75
      vertex 0 7.41849 2.75556
    endloop
  endfacet
  facet normal -0 0.321445 0.946928
    outer loop
      vertex 0 7.3351 2.77215
      vertex 2 7.25459 2.79948
      vertex 2 7.3351 2.77215
    endloop
  endfacet
  facet normal 0 0.321445 0.946928
    outer loop
      vertex 2 7.25459 2.79948
      vertex 0 7.3351 2.77215
      vertex 0 7.25459 2.79948
    endloop
  endfacet
  facet normal 0 0.831489 0.555541
    outer loop
      vertex 2 6.98765 3.00431
      vertex 0 6.94042 3.075
      vertex 2 6.94042 3.075
    endloop
  endfacet
  facet normal 0 0.831489 0.555541
    outer loop
      vertex 0 6.94042 3.075
      vertex 2 6.98765 3.00431
      vertex 0 6.98765 3.00431
    endloop
  endfacet
  facet normal -0 0.44222 0.896907
    outer loop
      vertex 0 7.25459 2.79948
      vertex 2 7.17833 2.83708
      vertex 2 7.25459 2.79948
    endloop
  endfacet
  facet normal 0 0.44222 0.896907
    outer loop
      vertex 2 7.17833 2.83708
      vertex 0 7.25459 2.79948
      vertex 0 7.17833 2.83708
    endloop
  endfacet
  facet normal 0 -0.831435 0.555623
    outer loop
      vertex 0 8.01901 3.00431
      vertex 2 8.06625 3.075
      vertex 0 8.06625 3.075
    endloop
  endfacet
  facet normal 0 -0.831435 0.555623
    outer loop
      vertex 2 8.06625 3.075
      vertex 0 8.01901 3.00431
      vertex 2 8.01901 3.00431
    endloop
  endfacet
  facet normal 0 -0.555568 -0.831471
    outer loop
      vertex 0 7.82833 7.16292
      vertex 2 7.89903 7.11568
      vertex 2 7.82833 7.16292
    endloop
  endfacet
  facet normal -0 -0.555568 -0.831471
    outer loop
      vertex 2 7.89903 7.11568
      vertex 0 7.82833 7.16292
      vertex 0 7.89903 7.11568
    endloop
  endfacet
  facet normal 0 -0.946928 -0.321445
    outer loop
      vertex 0 8.13118 6.76823
      vertex 2 8.10385 6.84874
      vertex 0 8.10385 6.84874
    endloop
  endfacet
  facet normal 0 -0.946928 -0.321445
    outer loop
      vertex 2 8.10385 6.84874
      vertex 0 8.13118 6.76823
      vertex 2 8.13118 6.76823
    endloop
  endfacet
  facet normal 0 0.75187 -0.659312
    outer loop
      vertex 2 6.98765 6.99569
      vertex 0 7.04371 7.05962
      vertex 2 7.04371 7.05962
    endloop
  endfacet
  facet normal 0 0.75187 -0.659312
    outer loop
      vertex 0 7.04371 7.05962
      vertex 2 6.98765 6.99569
      vertex 0 6.98765 6.99569
    endloop
  endfacet
  facet normal 0 0.946928 -0.321445
    outer loop
      vertex 2 6.87548 6.76823
      vertex 0 6.90281 6.84874
      vertex 2 6.90281 6.84874
    endloop
  endfacet
  facet normal 0 0.946928 -0.321445
    outer loop
      vertex 0 6.90281 6.84874
      vertex 2 6.87548 6.76823
      vertex 0 6.87548 6.76823
    endloop
  endfacet
  facet normal -0 0.195121 0.980779
    outer loop
      vertex 0 7.41849 2.75556
      vertex 2 7.3351 2.77215
      vertex 2 7.41849 2.75556
    endloop
  endfacet
  facet normal 0 0.195121 0.980779
    outer loop
      vertex 2 7.3351 2.77215
      vertex 0 7.41849 2.75556
      vertex 0 7.3351 2.77215
    endloop
  endfacet
  facet normal 0 0.75187 0.659312
    outer loop
      vertex 2 7.04371 2.94038
      vertex 0 6.98765 3.00431
      vertex 2 6.98765 3.00431
    endloop
  endfacet
  facet normal 0 0.75187 0.659312
    outer loop
      vertex 0 6.98765 3.00431
      vertex 2 7.04371 2.94038
      vertex 0 7.04371 2.94038
    endloop
  endfacet
  facet normal -0 0.659312 0.75187
    outer loop
      vertex 0 7.10764 2.88432
      vertex 2 7.04371 2.94038
      vertex 2 7.10764 2.88432
    endloop
  endfacet
  facet normal 0 0.659312 0.75187
    outer loop
      vertex 2 7.04371 2.94038
      vertex 0 7.10764 2.88432
      vertex 0 7.04371 2.94038
    endloop
  endfacet
  facet normal 0 -0.0653948 -0.997859
    outer loop
      vertex 0 7.50333 7.25
      vertex 2 7.58817 7.24444
      vertex 2 7.50333 7.25
    endloop
  endfacet
  facet normal -0 -0.0653948 -0.997859
    outer loop
      vertex 2 7.58817 7.24444
      vertex 0 7.50333 7.25
      vertex 0 7.58817 7.24444
    endloop
  endfacet
  facet normal 0 -0.195098 -0.980784
    outer loop
      vertex 0 7.58817 7.24444
      vertex 2 7.67157 7.22785
      vertex 2 7.58817 7.24444
    endloop
  endfacet
  facet normal -0 -0.195098 -0.980784
    outer loop
      vertex 2 7.67157 7.22785
      vertex 0 7.58817 7.24444
      vertex 0 7.67157 7.22785
    endloop
  endfacet
  facet normal 0 -0.442267 -0.896884
    outer loop
      vertex 0 7.75208 7.20052
      vertex 2 7.82833 7.16292
      vertex 2 7.75208 7.20052
    endloop
  endfacet
  facet normal -0 -0.442267 -0.896884
    outer loop
      vertex 2 7.82833 7.16292
      vertex 0 7.75208 7.20052
      vertex 0 7.82833 7.16292
    endloop
  endfacet
  facet normal 0 -0.65937 -0.751818
    outer loop
      vertex 0 7.89903 7.11568
      vertex 2 7.96295 7.05962
      vertex 2 7.89903 7.11568
    endloop
  endfacet
  facet normal -0 -0.65937 -0.751818
    outer loop
      vertex 2 7.96295 7.05962
      vertex 0 7.89903 7.11568
      vertex 0 7.96295 7.05962
    endloop
  endfacet
  facet normal 0 -0.75187 -0.659312
    outer loop
      vertex 0 8.01901 6.99569
      vertex 2 7.96295 7.05962
      vertex 0 7.96295 7.05962
    endloop
  endfacet
  facet normal 0 -0.75187 -0.659312
    outer loop
      vertex 2 7.96295 7.05962
      vertex 0 8.01901 6.99569
      vertex 2 8.01901 6.99569
    endloop
  endfacet
  facet normal 0 -0.831435 -0.555623
    outer loop
      vertex 0 8.06625 6.925
      vertex 2 8.01901 6.99569
      vertex 0 8.01901 6.99569
    endloop
  endfacet
  facet normal 0 -0.831435 -0.555623
    outer loop
      vertex 2 8.01901 6.99569
      vertex 0 8.06625 6.925
      vertex 2 8.06625 6.925
    endloop
  endfacet
  facet normal 0 -0.896907 -0.44222
    outer loop
      vertex 0 8.10385 6.84874
      vertex 2 8.06625 6.925
      vertex 0 8.06625 6.925
    endloop
  endfacet
  facet normal 0 -0.896907 -0.44222
    outer loop
      vertex 2 8.06625 6.925
      vertex 0 8.10385 6.84874
      vertex 2 8.10385 6.84874
    endloop
  endfacet
  facet normal 0 0.659312 -0.75187
    outer loop
      vertex 0 7.04371 7.05962
      vertex 2 7.10764 7.11568
      vertex 2 7.04371 7.05962
    endloop
  endfacet
  facet normal 0 0.659312 -0.75187
    outer loop
      vertex 2 7.10764 7.11568
      vertex 0 7.04371 7.05962
      vertex 0 7.10764 7.11568
    endloop
  endfacet
  facet normal 0 0.555623 -0.831435
    outer loop
      vertex 0 7.10764 7.11568
      vertex 2 7.17833 7.16292
      vertex 2 7.10764 7.11568
    endloop
  endfacet
  facet normal 0 0.555623 -0.831435
    outer loop
      vertex 2 7.17833 7.16292
      vertex 0 7.10764 7.11568
      vertex 0 7.17833 7.16292
    endloop
  endfacet
  facet normal 0 0.44222 -0.896907
    outer loop
      vertex 0 7.17833 7.16292
      vertex 2 7.25459 7.20052
      vertex 2 7.17833 7.16292
    endloop
  endfacet
  facet normal 0 0.44222 -0.896907
    outer loop
      vertex 2 7.25459 7.20052
      vertex 0 7.17833 7.16292
      vertex 0 7.25459 7.20052
    endloop
  endfacet
  facet normal 0 0.831489 -0.555541
    outer loop
      vertex 2 6.94042 6.925
      vertex 0 6.98765 6.99569
      vertex 2 6.98765 6.99569
    endloop
  endfacet
  facet normal 0 0.831489 -0.555541
    outer loop
      vertex 0 6.98765 6.99569
      vertex 2 6.94042 6.925
      vertex 0 6.94042 6.925
    endloop
  endfacet
  facet normal 0 0.89686 0.442315
    outer loop
      vertex 2 6.94042 3.075
      vertex 0 6.90281 3.15126
      vertex 2 6.90281 3.15126
    endloop
  endfacet
  facet normal 0 0.89686 0.442315
    outer loop
      vertex 0 6.90281 3.15126
      vertex 2 6.94042 3.075
      vertex 0 6.94042 3.075
    endloop
  endfacet
  facet normal 0 -0.321445 -0.946928
    outer loop
      vertex 0 7.67157 7.22785
      vertex 2 7.75208 7.20052
      vertex 2 7.67157 7.22785
    endloop
  endfacet
  facet normal -0 -0.321445 -0.946928
    outer loop
      vertex 2 7.75208 7.20052
      vertex 0 7.67157 7.22785
      vertex 0 7.75208 7.20052
    endloop
  endfacet
  facet normal 0 0.321445 -0.946928
    outer loop
      vertex 0 7.25459 7.20052
      vertex 2 7.3351 7.22785
      vertex 2 7.25459 7.20052
    endloop
  endfacet
  facet normal 0 0.321445 -0.946928
    outer loop
      vertex 2 7.3351 7.22785
      vertex 0 7.25459 7.20052
      vertex 0 7.3351 7.22785
    endloop
  endfacet
  facet normal 0 0.195121 -0.980779
    outer loop
      vertex 0 7.3351 7.22785
      vertex 2 7.41849 7.24444
      vertex 2 7.3351 7.22785
    endloop
  endfacet
  facet normal 0 0.195121 -0.980779
    outer loop
      vertex 2 7.41849 7.24444
      vertex 0 7.3351 7.22785
      vertex 0 7.41849 7.24444
    endloop
  endfacet
  facet normal 0 0.89686 -0.442315
    outer loop
      vertex 2 6.90281 6.84874
      vertex 0 6.94042 6.925
      vertex 2 6.94042 6.925
    endloop
  endfacet
  facet normal 0 0.89686 -0.442315
    outer loop
      vertex 0 6.94042 6.925
      vertex 2 6.90281 6.84874
      vertex 0 6.90281 6.84874
    endloop
  endfacet
  facet normal 0 -0.997859 0.0653948
    outer loop
      vertex 23.05 8.14777 3.31516
      vertex 25.05 8.15333 3.4
      vertex 23.05 8.15333 3.4
    endloop
  endfacet
  facet normal 0 -0.997859 0.0653948
    outer loop
      vertex 25.05 8.15333 3.4
      vertex 23.05 8.14777 3.31516
      vertex 25.05 8.14777 3.31516
    endloop
  endfacet
  facet normal 0 -0.0653948 0.997859
    outer loop
      vertex 23.05 7.58817 2.75556
      vertex 25.05 7.50333 2.75
      vertex 25.05 7.58817 2.75556
    endloop
  endfacet
  facet normal 0 -0.0653948 0.997859
    outer loop
      vertex 25.05 7.50333 2.75
      vertex 23.05 7.58817 2.75556
      vertex 23.05 7.50333 2.75
    endloop
  endfacet
  facet normal 0 -0.75187 0.659312
    outer loop
      vertex 23.05 7.96295 2.94038
      vertex 25.05 8.01901 3.00431
      vertex 23.05 8.01901 3.00431
    endloop
  endfacet
  facet normal 0 -0.75187 0.659312
    outer loop
      vertex 25.05 8.01901 3.00431
      vertex 23.05 7.96295 2.94038
      vertex 25.05 7.96295 2.94038
    endloop
  endfacet
  facet normal 0 -0.997859 -0.0653948
    outer loop
      vertex 23.05 8.15333 6.6
      vertex 25.05 8.14777 6.68484
      vertex 23.05 8.14777 6.68484
    endloop
  endfacet
  facet normal 0 -0.997859 -0.0653948
    outer loop
      vertex 25.05 8.14777 6.68484
      vertex 23.05 8.15333 6.6
      vertex 25.05 8.15333 6.6
    endloop
  endfacet
  facet normal 0 -1 0
    outer loop
      vertex 23.05 8.15333 3.4
      vertex 25.05 8.15333 6.6
      vertex 23.05 8.15333 6.6
    endloop
  endfacet
  facet normal 0 -1 -0
    outer loop
      vertex 25.05 8.15333 6.6
      vertex 23.05 8.15333 3.4
      vertex 25.05 8.15333 3.4
    endloop
  endfacet
  facet normal 0 -0.195098 0.980784
    outer loop
      vertex 23.05 7.67157 2.77215
      vertex 25.05 7.58817 2.75556
      vertex 25.05 7.67157 2.77215
    endloop
  endfacet
  facet normal 0 -0.195098 0.980784
    outer loop
      vertex 25.05 7.58817 2.75556
      vertex 23.05 7.67157 2.77215
      vertex 23.05 7.58817 2.75556
    endloop
  endfacet
  facet normal 0 0.997859 0.0653948
    outer loop
      vertex 25.05 6.85889 3.31516
      vertex 23.05 6.85333 3.4
      vertex 25.05 6.85333 3.4
    endloop
  endfacet
  facet normal 0 0.997859 0.0653948
    outer loop
      vertex 23.05 6.85333 3.4
      vertex 25.05 6.85889 3.31516
      vertex 23.05 6.85889 3.31516
    endloop
  endfacet
  facet normal 0 0.980779 0.195121
    outer loop
      vertex 25.05 6.87548 3.23177
      vertex 23.05 6.85889 3.31516
      vertex 25.05 6.85889 3.31516
    endloop
  endfacet
  facet normal 0 0.980779 0.195121
    outer loop
      vertex 23.05 6.85889 3.31516
      vertex 25.05 6.87548 3.23177
      vertex 23.05 6.87548 3.23177
    endloop
  endfacet
  facet normal 0 -0.980779 0.195121
    outer loop
      vertex 23.05 8.13118 3.23177
      vertex 25.05 8.14777 3.31516
      vertex 23.05 8.14777 3.31516
    endloop
  endfacet
  facet normal 0 -0.980779 0.195121
    outer loop
      vertex 25.05 8.14777 3.31516
      vertex 23.05 8.13118 3.23177
      vertex 25.05 8.13118 3.23177
    endloop
  endfacet
  facet normal 0 -0.896907 0.44222
    outer loop
      vertex 23.05 8.06625 3.075
      vertex 25.05 8.10385 3.15126
      vertex 23.05 8.10385 3.15126
    endloop
  endfacet
  facet normal 0 -0.896907 0.44222
    outer loop
      vertex 25.05 8.10385 3.15126
      vertex 23.05 8.06625 3.075
      vertex 25.05 8.06625 3.075
    endloop
  endfacet
  facet normal 0 -0.555568 0.831471
    outer loop
      vertex 23.05 7.89903 2.88432
      vertex 25.05 7.82833 2.83708
      vertex 25.05 7.89903 2.88432
    endloop
  endfacet
  facet normal 0 -0.555568 0.831471
    outer loop
      vertex 25.05 7.82833 2.83708
      vertex 23.05 7.89903 2.88432
      vertex 23.05 7.82833 2.83708
    endloop
  endfacet
  facet normal -0 0.321445 0.946928
    outer loop
      vertex 23.05 7.3351 2.77215
      vertex 25.05 7.25459 2.79948
      vertex 25.05 7.3351 2.77215
    endloop
  endfacet
  facet normal 0 0.321445 0.946928
    outer loop
      vertex 25.05 7.25459 2.79948
      vertex 23.05 7.3351 2.77215
      vertex 23.05 7.25459 2.79948
    endloop
  endfacet
  facet normal 0 1 -0
    outer loop
      vertex 25.05 6.85333 3.4
      vertex 23.05 6.85333 6.6
      vertex 25.05 6.85333 6.6
    endloop
  endfacet
  facet normal 0 1 0
    outer loop
      vertex 23.05 6.85333 6.6
      vertex 25.05 6.85333 3.4
      vertex 23.05 6.85333 3.4
    endloop
  endfacet
  facet normal 0 0.997859 -0.0653948
    outer loop
      vertex 25.05 6.85333 6.6
      vertex 23.05 6.85889 6.68484
      vertex 25.05 6.85889 6.68484
    endloop
  endfacet
  facet normal 0 0.997859 -0.0653948
    outer loop
      vertex 23.05 6.85889 6.68484
      vertex 25.05 6.85333 6.6
      vertex 23.05 6.85333 6.6
    endloop
  endfacet
  facet normal 0 -0.946928 0.321445
    outer loop
      vertex 23.05 8.10385 3.15126
      vertex 25.05 8.13118 3.23177
      vertex 23.05 8.13118 3.23177
    endloop
  endfacet
  facet normal 0 -0.946928 0.321445
    outer loop
      vertex 25.05 8.13118 3.23177
      vertex 23.05 8.10385 3.15126
      vertex 25.05 8.10385 3.15126
    endloop
  endfacet
  facet normal 0 -0.555568 -0.831471
    outer loop
      vertex 23.05 7.82833 7.16292
      vertex 25.05 7.89903 7.11568
      vertex 25.05 7.82833 7.16292
    endloop
  endfacet
  facet normal -0 -0.555568 -0.831471
    outer loop
      vertex 25.05 7.89903 7.11568
      vertex 23.05 7.82833 7.16292
      vertex 23.05 7.89903 7.11568
    endloop
  endfacet
  facet normal 0 -0.946928 -0.321445
    outer loop
      vertex 23.05 8.13118 6.76823
      vertex 25.05 8.10385 6.84874
      vertex 23.05 8.10385 6.84874
    endloop
  endfacet
  facet normal 0 -0.946928 -0.321445
    outer loop
      vertex 25.05 8.10385 6.84874
      vertex 23.05 8.13118 6.76823
      vertex 25.05 8.13118 6.76823
    endloop
  endfacet
  facet normal 0 0.980779 -0.195121
    outer loop
      vertex 25.05 6.85889 6.68484
      vertex 23.05 6.87548 6.76823
      vertex 25.05 6.87548 6.76823
    endloop
  endfacet
  facet normal 0 0.980779 -0.195121
    outer loop
      vertex 23.05 6.87548 6.76823
      vertex 25.05 6.85889 6.68484
      vertex 23.05 6.85889 6.68484
    endloop
  endfacet
  facet normal 0 -0.321445 0.946928
    outer loop
      vertex 23.05 7.75208 2.79948
      vertex 25.05 7.67157 2.77215
      vertex 25.05 7.75208 2.79948
    endloop
  endfacet
  facet normal 0 -0.321445 0.946928
    outer loop
      vertex 25.05 7.67157 2.77215
      vertex 23.05 7.75208 2.79948
      vertex 23.05 7.67157 2.77215
    endloop
  endfacet
  facet normal 0 -0.442267 0.896884
    outer loop
      vertex 23.05 7.82833 2.83708
      vertex 25.05 7.75208 2.79948
      vertex 25.05 7.82833 2.83708
    endloop
  endfacet
  facet normal 0 -0.442267 0.896884
    outer loop
      vertex 25.05 7.75208 2.79948
      vertex 23.05 7.82833 2.83708
      vertex 23.05 7.75208 2.79948
    endloop
  endfacet
  facet normal 0 -0.65937 0.751818
    outer loop
      vertex 23.05 7.96295 2.94038
      vertex 25.05 7.89903 2.88432
      vertex 25.05 7.96295 2.94038
    endloop
  endfacet
  facet normal 0 -0.65937 0.751818
    outer loop
      vertex 25.05 7.89903 2.88432
      vertex 23.05 7.96295 2.94038
      vertex 23.05 7.89903 2.88432
    endloop
  endfacet
  facet normal -0 0.0653948 0.997859
    outer loop
      vertex 23.05 7.50333 2.75
      vertex 25.05 7.41849 2.75556
      vertex 25.05 7.50333 2.75
    endloop
  endfacet
  facet normal 0 0.0653948 0.997859
    outer loop
      vertex 25.05 7.41849 2.75556
      vertex 23.05 7.50333 2.75
      vertex 23.05 7.41849 2.75556
    endloop
  endfacet
  facet normal 0 0.831489 0.555541
    outer loop
      vertex 25.05 6.98765 3.00431
      vertex 23.05 6.94042 3.075
      vertex 25.05 6.94042 3.075
    endloop
  endfacet
  facet normal 0 0.831489 0.555541
    outer loop
      vertex 23.05 6.94042 3.075
      vertex 25.05 6.98765 3.00431
      vertex 23.05 6.98765 3.00431
    endloop
  endfacet
  facet normal -0 0.44222 0.896907
    outer loop
      vertex 23.05 7.25459 2.79948
      vertex 25.05 7.17833 2.83708
      vertex 25.05 7.25459 2.79948
    endloop
  endfacet
  facet normal 0 0.44222 0.896907
    outer loop
      vertex 25.05 7.17833 2.83708
      vertex 23.05 7.25459 2.79948
      vertex 23.05 7.17833 2.83708
    endloop
  endfacet
  facet normal 0 -0.831435 0.555623
    outer loop
      vertex 23.05 8.01901 3.00431
      vertex 25.05 8.06625 3.075
      vertex 23.05 8.06625 3.075
    endloop
  endfacet
  facet normal 0 -0.831435 0.555623
    outer loop
      vertex 25.05 8.06625 3.075
      vertex 23.05 8.01901 3.00431
      vertex 25.05 8.01901 3.00431
    endloop
  endfacet
  facet normal 0 -0.75187 -0.659312
    outer loop
      vertex 23.05 8.01901 6.99569
      vertex 25.05 7.96295 7.05962
      vertex 23.05 7.96295 7.05962
    endloop
  endfacet
  facet normal 0 -0.75187 -0.659312
    outer loop
      vertex 25.05 7.96295 7.05962
      vertex 23.05 8.01901 6.99569
      vertex 25.05 8.01901 6.99569
    endloop
  endfacet
  facet normal 0 -0.980779 -0.195121
    outer loop
      vertex 23.05 8.14777 6.68484
      vertex 25.05 8.13118 6.76823
      vertex 23.05 8.13118 6.76823
    endloop
  endfacet
  facet normal 0 -0.980779 -0.195121
    outer loop
      vertex 25.05 8.13118 6.76823
      vertex 23.05 8.14777 6.68484
      vertex 25.05 8.14777 6.68484
    endloop
  endfacet
  facet normal 0 -0.896907 -0.44222
    outer loop
      vertex 23.05 8.10385 6.84874
      vertex 25.05 8.06625 6.925
      vertex 23.05 8.06625 6.925
    endloop
  endfacet
  facet normal 0 -0.896907 -0.44222
    outer loop
      vertex 25.05 8.06625 6.925
      vertex 23.05 8.10385 6.84874
      vertex 25.05 8.10385 6.84874
    endloop
  endfacet
  facet normal 0 0.75187 -0.659312
    outer loop
      vertex 25.05 6.98765 6.99569
      vertex 23.05 7.04371 7.05962
      vertex 25.05 7.04371 7.05962
    endloop
  endfacet
  facet normal 0 0.75187 -0.659312
    outer loop
      vertex 23.05 7.04371 7.05962
      vertex 25.05 6.98765 6.99569
      vertex 23.05 6.98765 6.99569
    endloop
  endfacet
  facet normal -0 0.195121 0.980779
    outer loop
      vertex 23.05 7.41849 2.75556
      vertex 25.05 7.3351 2.77215
      vertex 25.05 7.41849 2.75556
    endloop
  endfacet
  facet normal 0 0.195121 0.980779
    outer loop
      vertex 25.05 7.3351 2.77215
      vertex 23.05 7.41849 2.75556
      vertex 23.05 7.3351 2.77215
    endloop
  endfacet
  facet normal 0 0.946928 0.321445
    outer loop
      vertex 25.05 6.90281 3.15126
      vertex 23.05 6.87548 3.23177
      vertex 25.05 6.87548 3.23177
    endloop
  endfacet
  facet normal 0 0.946928 0.321445
    outer loop
      vertex 23.05 6.87548 3.23177
      vertex 25.05 6.90281 3.15126
      vertex 23.05 6.90281 3.15126
    endloop
  endfacet
  facet normal 0 0.75187 0.659312
    outer loop
      vertex 25.05 7.04371 2.94038
      vertex 23.05 6.98765 3.00431
      vertex 25.05 6.98765 3.00431
    endloop
  endfacet
  facet normal 0 0.75187 0.659312
    outer loop
      vertex 23.05 6.98765 3.00431
      vertex 25.05 7.04371 2.94038
      vertex 23.05 7.04371 2.94038
    endloop
  endfacet
  facet normal -0 0.659312 0.75187
    outer loop
      vertex 23.05 7.10764 2.88432
      vertex 25.05 7.04371 2.94038
      vertex 25.05 7.10764 2.88432
    endloop
  endfacet
  facet normal 0 0.659312 0.75187
    outer loop
      vertex 25.05 7.04371 2.94038
      vertex 23.05 7.10764 2.88432
      vertex 23.05 7.04371 2.94038
    endloop
  endfacet
  facet normal 0 0.0653948 -0.997859
    outer loop
      vertex 23.05 7.41849 7.24444
      vertex 25.05 7.50333 7.25
      vertex 25.05 7.41849 7.24444
    endloop
  endfacet
  facet normal 0 0.0653948 -0.997859
    outer loop
      vertex 25.05 7.50333 7.25
      vertex 23.05 7.41849 7.24444
      vertex 23.05 7.50333 7.25
    endloop
  endfacet
  facet normal 0 -0.0653948 -0.997859
    outer loop
      vertex 23.05 7.50333 7.25
      vertex 25.05 7.58817 7.24444
      vertex 25.05 7.50333 7.25
    endloop
  endfacet
  facet normal -0 -0.0653948 -0.997859
    outer loop
      vertex 25.05 7.58817 7.24444
      vertex 23.05 7.50333 7.25
      vertex 23.05 7.58817 7.24444
    endloop
  endfacet
  facet normal 0 -0.195098 -0.980784
    outer loop
      vertex 23.05 7.58817 7.24444
      vertex 25.05 7.67157 7.22785
      vertex 25.05 7.58817 7.24444
    endloop
  endfacet
  facet normal -0 -0.195098 -0.980784
    outer loop
      vertex 25.05 7.67157 7.22785
      vertex 23.05 7.58817 7.24444
      vertex 23.05 7.67157 7.22785
    endloop
  endfacet
  facet normal 0 -0.442267 -0.896884
    outer loop
      vertex 23.05 7.75208 7.20052
      vertex 25.05 7.82833 7.16292
      vertex 25.05 7.75208 7.20052
    endloop
  endfacet
  facet normal -0 -0.442267 -0.896884
    outer loop
      vertex 25.05 7.82833 7.16292
      vertex 23.05 7.75208 7.20052
      vertex 23.05 7.82833 7.16292
    endloop
  endfacet
  facet normal 0 -0.65937 -0.751818
    outer loop
      vertex 23.05 7.89903 7.11568
      vertex 25.05 7.96295 7.05962
      vertex 25.05 7.89903 7.11568
    endloop
  endfacet
  facet normal -0 -0.65937 -0.751818
    outer loop
      vertex 25.05 7.96295 7.05962
      vertex 23.05 7.89903 7.11568
      vertex 23.05 7.96295 7.05962
    endloop
  endfacet
  facet normal 0 -0.831435 -0.555623
    outer loop
      vertex 23.05 8.06625 6.925
      vertex 25.05 8.01901 6.99569
      vertex 23.05 8.01901 6.99569
    endloop
  endfacet
  facet normal 0 -0.831435 -0.555623
    outer loop
      vertex 25.05 8.01901 6.99569
      vertex 23.05 8.06625 6.925
      vertex 25.05 8.06625 6.925
    endloop
  endfacet
  facet normal 0 0.44222 -0.896907
    outer loop
      vertex 23.05 7.17833 7.16292
      vertex 25.05 7.25459 7.20052
      vertex 25.05 7.17833 7.16292
    endloop
  endfacet
  facet normal 0 0.44222 -0.896907
    outer loop
      vertex 25.05 7.25459 7.20052
      vertex 23.05 7.17833 7.16292
      vertex 23.05 7.25459 7.20052
    endloop
  endfacet
  facet normal 0 0.659312 -0.75187
    outer loop
      vertex 23.05 7.04371 7.05962
      vertex 25.05 7.10764 7.11568
      vertex 25.05 7.04371 7.05962
    endloop
  endfacet
  facet normal 0 0.659312 -0.75187
    outer loop
      vertex 25.05 7.10764 7.11568
      vertex 23.05 7.04371 7.05962
      vertex 23.05 7.10764 7.11568
    endloop
  endfacet
  facet normal 0 0.555623 -0.831435
    outer loop
      vertex 23.05 7.10764 7.11568
      vertex 25.05 7.17833 7.16292
      vertex 25.05 7.10764 7.11568
    endloop
  endfacet
  facet normal 0 0.555623 -0.831435
    outer loop
      vertex 25.05 7.17833 7.16292
      vertex 23.05 7.10764 7.11568
      vertex 23.05 7.17833 7.16292
    endloop
  endfacet
  facet normal 0 0.321445 -0.946928
    outer loop
      vertex 23.05 7.25459 7.20052
      vertex 25.05 7.3351 7.22785
      vertex 25.05 7.25459 7.20052
    endloop
  endfacet
  facet normal 0 0.321445 -0.946928
    outer loop
      vertex 25.05 7.3351 7.22785
      vertex 23.05 7.25459 7.20052
      vertex 23.05 7.3351 7.22785
    endloop
  endfacet
  facet normal 0 0.831489 -0.555541
    outer loop
      vertex 25.05 6.94042 6.925
      vertex 23.05 6.98765 6.99569
      vertex 25.05 6.98765 6.99569
    endloop
  endfacet
  facet normal 0 0.831489 -0.555541
    outer loop
      vertex 23.05 6.98765 6.99569
      vertex 25.05 6.94042 6.925
      vertex 23.05 6.94042 6.925
    endloop
  endfacet
  facet normal 0 0.946928 -0.321445
    outer loop
      vertex 25.05 6.87548 6.76823
      vertex 23.05 6.90281 6.84874
      vertex 25.05 6.90281 6.84874
    endloop
  endfacet
  facet normal 0 0.946928 -0.321445
    outer loop
      vertex 23.05 6.90281 6.84874
      vertex 25.05 6.87548 6.76823
      vertex 23.05 6.87548 6.76823
    endloop
  endfacet
  facet normal 0 0.89686 0.442315
    outer loop
      vertex 25.05 6.94042 3.075
      vertex 23.05 6.90281 3.15126
      vertex 25.05 6.90281 3.15126
    endloop
  endfacet
  facet normal 0 0.89686 0.442315
    outer loop
      vertex 23.05 6.90281 3.15126
      vertex 25.05 6.94042 3.075
      vertex 23.05 6.94042 3.075
    endloop
  endfacet
  facet normal -0 0.555623 0.831435
    outer loop
      vertex 23.05 7.17833 2.83708
      vertex 25.05 7.10764 2.88432
      vertex 25.05 7.17833 2.83708
    endloop
  endfacet
  facet normal 0 0.555623 0.831435
    outer loop
      vertex 25.05 7.10764 2.88432
      vertex 23.05 7.17833 2.83708
      vertex 23.05 7.10764 2.88432
    endloop
  endfacet
  facet normal 0 -0.321445 -0.946928
    outer loop
      vertex 23.05 7.67157 7.22785
      vertex 25.05 7.75208 7.20052
      vertex 25.05 7.67157 7.22785
    endloop
  endfacet
  facet normal -0 -0.321445 -0.946928
    outer loop
      vertex 25.05 7.75208 7.20052
      vertex 23.05 7.67157 7.22785
      vertex 23.05 7.75208 7.20052
    endloop
  endfacet
  facet normal 0 0.195121 -0.980779
    outer loop
      vertex 23.05 7.3351 7.22785
      vertex 25.05 7.41849 7.24444
      vertex 25.05 7.3351 7.22785
    endloop
  endfacet
  facet normal 0 0.195121 -0.980779
    outer loop
      vertex 25.05 7.41849 7.24444
      vertex 23.05 7.3351 7.22785
      vertex 23.05 7.41849 7.24444
    endloop
  endfacet
  facet normal 0 0.89686 -0.442315
    outer loop
      vertex 25.05 6.90281 6.84874
      vertex 23.05 6.94042 6.925
      vertex 25.05 6.94042 6.925
    endloop
  endfacet
  facet normal 0 0.89686 -0.442315
    outer loop
      vertex 23.05 6.94042 6.925
      vertex 25.05 6.90281 6.84874
      vertex 23.05 6.90281 6.84874
    endloop
  endfacet
  facet normal 0 -0.997829 0.0658633
    outer loop
      vertex 0 15.6511 3.31516
      vertex 2 15.6567 3.4
      vertex 0 15.6567 3.4
    endloop
  endfacet
  facet normal 0 -0.997829 0.0658633
    outer loop
      vertex 2 15.6567 3.4
      vertex 0 15.6511 3.31516
      vertex 2 15.6511 3.31516
    endloop
  endfacet
  facet normal 0 -0.0654256 0.997857
    outer loop
      vertex 0 15.0915 2.75556
      vertex 2 15.0067 2.75
      vertex 2 15.0915 2.75556
    endloop
  endfacet
  facet normal 0 -0.0654256 0.997857
    outer loop
      vertex 2 15.0067 2.75
      vertex 0 15.0915 2.75556
      vertex 0 15.0067 2.75
    endloop
  endfacet
  facet normal 0 0.947036 0.321129
    outer loop
      vertex 2 14.4061 3.15126
      vertex 0 14.3788 3.23177
      vertex 2 14.3788 3.23177
    endloop
  endfacet
  facet normal 0 0.947036 0.321129
    outer loop
      vertex 0 14.3788 3.23177
      vertex 2 14.4061 3.15126
      vertex 0 14.4061 3.15126
    endloop
  endfacet
  facet normal 0 -0.752219 0.658913
    outer loop
      vertex 0 15.4663 2.94038
      vertex 2 15.5223 3.00431
      vertex 0 15.5223 3.00431
    endloop
  endfacet
  facet normal 0 -0.752219 0.658913
    outer loop
      vertex 2 15.5223 3.00431
      vertex 0 15.4663 2.94038
      vertex 2 15.4663 2.94038
    endloop
  endfacet
  facet normal 0 0.0653488 -0.997862
    outer loop
      vertex 0 14.9218 7.24444
      vertex 2 15.0067 7.25
      vertex 2 14.9218 7.24444
    endloop
  endfacet
  facet normal 0 0.0653488 -0.997862
    outer loop
      vertex 2 15.0067 7.25
      vertex 0 14.9218 7.24444
      vertex 0 15.0067 7.25
    endloop
  endfacet
  facet normal 0 -0.997829 -0.0658633
    outer loop
      vertex 0 15.6567 6.6
      vertex 2 15.6511 6.68484
      vertex 0 15.6511 6.68484
    endloop
  endfacet
  facet normal 0 -0.997829 -0.0658633
    outer loop
      vertex 2 15.6511 6.68484
      vertex 0 15.6567 6.6
      vertex 2 15.6567 6.6
    endloop
  endfacet
  facet normal 0 -1 0
    outer loop
      vertex 0 15.6567 3.4
      vertex 2 15.6567 6.6
      vertex 0 15.6567 6.6
    endloop
  endfacet
  facet normal 0 -1 -0
    outer loop
      vertex 2 15.6567 6.6
      vertex 0 15.6567 3.4
      vertex 2 15.6567 3.4
    endloop
  endfacet
  facet normal 0 -0.195098 0.980784
    outer loop
      vertex 0 15.1749 2.77215
      vertex 2 15.0915 2.75556
      vertex 2 15.1749 2.77215
    endloop
  endfacet
  facet normal 0 -0.195098 0.980784
    outer loop
      vertex 2 15.0915 2.75556
      vertex 0 15.1749 2.77215
      vertex 0 15.0915 2.75556
    endloop
  endfacet
  facet normal 0 0.997905 0.0646921
    outer loop
      vertex 2 14.3622 3.31516
      vertex 0 14.3567 3.4
      vertex 2 14.3567 3.4
    endloop
  endfacet
  facet normal 0 0.997905 0.0646921
    outer loop
      vertex 0 14.3567 3.4
      vertex 2 14.3622 3.31516
      vertex 0 14.3622 3.31516
    endloop
  endfacet
  facet normal 0 0.980757 0.195234
    outer loop
      vertex 2 14.3788 3.23177
      vertex 0 14.3622 3.31516
      vertex 2 14.3622 3.31516
    endloop
  endfacet
  facet normal 0 0.980757 0.195234
    outer loop
      vertex 0 14.3622 3.31516
      vertex 2 14.3788 3.23177
      vertex 0 14.3788 3.23177
    endloop
  endfacet
  facet normal 0 -0.980757 0.195234
    outer loop
      vertex 0 15.6345 3.23177
      vertex 2 15.6511 3.31516
      vertex 0 15.6511 3.31516
    endloop
  endfacet
  facet normal 0 -0.980757 0.195234
    outer loop
      vertex 2 15.6511 3.31516
      vertex 0 15.6345 3.23177
      vertex 2 15.6345 3.23177
    endloop
  endfacet
  facet normal 0 -0.896907 0.44222
    outer loop
      vertex 0 15.5696 3.075
      vertex 2 15.6072 3.15126
      vertex 0 15.6072 3.15126
    endloop
  endfacet
  facet normal 0 -0.896907 0.44222
    outer loop
      vertex 2 15.6072 3.15126
      vertex 0 15.5696 3.075
      vertex 2 15.5696 3.075
    endloop
  endfacet
  facet normal 0 -0.980757 -0.195234
    outer loop
      vertex 0 15.6511 6.68484
      vertex 2 15.6345 6.76823
      vertex 0 15.6345 6.76823
    endloop
  endfacet
  facet normal 0 -0.980757 -0.195234
    outer loop
      vertex 2 15.6345 6.76823
      vertex 0 15.6511 6.68484
      vertex 2 15.6511 6.68484
    endloop
  endfacet
  facet normal 0 -0.555568 0.831471
    outer loop
      vertex 0 15.4024 2.88432
      vertex 2 15.3317 2.83708
      vertex 2 15.4024 2.88432
    endloop
  endfacet
  facet normal 0 -0.555568 0.831471
    outer loop
      vertex 2 15.3317 2.83708
      vertex 0 15.4024 2.88432
      vertex 0 15.3317 2.83708
    endloop
  endfacet
  facet normal -0 0.555568 0.831471
    outer loop
      vertex 0 14.6817 2.83708
      vertex 2 14.611 2.88432
      vertex 2 14.6817 2.83708
    endloop
  endfacet
  facet normal 0 0.555568 0.831471
    outer loop
      vertex 2 14.611 2.88432
      vertex 0 14.6817 2.83708
      vertex 0 14.611 2.88432
    endloop
  endfacet
  facet normal 0 1 -0
    outer loop
      vertex 2 14.3567 3.4
      vertex 0 14.3567 6.6
      vertex 2 14.3567 6.6
    endloop
  endfacet
  facet normal 0 1 0
    outer loop
      vertex 0 14.3567 6.6
      vertex 2 14.3567 3.4
      vertex 0 14.3567 3.4
    endloop
  endfacet
  facet normal 0 0.997905 -0.0646921
    outer loop
      vertex 2 14.3567 6.6
      vertex 0 14.3622 6.68484
      vertex 2 14.3622 6.68484
    endloop
  endfacet
  facet normal 0 0.997905 -0.0646921
    outer loop
      vertex 0 14.3622 6.68484
      vertex 2 14.3567 6.6
      vertex 0 14.3567 6.6
    endloop
  endfacet
  facet normal 0 -0.947036 0.321129
    outer loop
      vertex 0 15.6072 3.15126
      vertex 2 15.6345 3.23177
      vertex 0 15.6345 3.23177
    endloop
  endfacet
  facet normal 0 -0.947036 0.321129
    outer loop
      vertex 2 15.6345 3.23177
      vertex 0 15.6072 3.15126
      vertex 2 15.6072 3.15126
    endloop
  endfacet
  facet normal 0 -0.896907 -0.44222
    outer loop
      vertex 0 15.6072 6.84874
      vertex 2 15.5696 6.925
      vertex 0 15.5696 6.925
    endloop
  endfacet
  facet normal 0 -0.896907 -0.44222
    outer loop
      vertex 2 15.5696 6.925
      vertex 0 15.6072 6.84874
      vertex 2 15.6072 6.84874
    endloop
  endfacet
  facet normal 0 0.980757 -0.195234
    outer loop
      vertex 2 14.3622 6.68484
      vertex 0 14.3788 6.76823
      vertex 2 14.3788 6.76823
    endloop
  endfacet
  facet normal 0 0.980757 -0.195234
    outer loop
      vertex 0 14.3788 6.76823
      vertex 2 14.3622 6.68484
      vertex 0 14.3622 6.68484
    endloop
  endfacet
  facet normal 0 -0.321481 0.946916
    outer loop
      vertex 0 15.2554 2.79948
      vertex 2 15.1749 2.77215
      vertex 2 15.2554 2.79948
    endloop
  endfacet
  facet normal 0 -0.321481 0.946916
    outer loop
      vertex 2 15.1749 2.77215
      vertex 0 15.2554 2.79948
      vertex 0 15.1749 2.77215
    endloop
  endfacet
  facet normal 0 -0.442033 0.896999
    outer loop
      vertex 0 15.3317 2.83708
      vertex 2 15.2554 2.79948
      vertex 2 15.3317 2.83708
    endloop
  endfacet
  facet normal 0 -0.442033 0.896999
    outer loop
      vertex 2 15.2554 2.79948
      vertex 0 15.3317 2.83708
      vertex 0 15.2554 2.79948
    endloop
  endfacet
  facet normal 0 -0.659487 0.751716
    outer loop
      vertex 0 15.4663 2.94038
      vertex 2 15.4024 2.88432
      vertex 2 15.4663 2.94038
    endloop
  endfacet
  facet normal 0 -0.659487 0.751716
    outer loop
      vertex 2 15.4024 2.88432
      vertex 0 15.4663 2.94038
      vertex 0 15.4024 2.88432
    endloop
  endfacet
  facet normal -0 0.0653488 0.997862
    outer loop
      vertex 0 15.0067 2.75
      vertex 2 14.9218 2.75556
      vertex 2 15.0067 2.75
    endloop
  endfacet
  facet normal 0 0.0653488 0.997862
    outer loop
      vertex 2 14.9218 2.75556
      vertex 0 15.0067 2.75
      vertex 0 14.9218 2.75556
    endloop
  endfacet
  facet normal -0 0.321481 0.946916
    outer loop
      vertex 0 14.8384 2.77215
      vertex 2 14.7579 2.79948
      vertex 2 14.8384 2.77215
    endloop
  endfacet
  facet normal 0 0.321481 0.946916
    outer loop
      vertex 2 14.7579 2.79948
      vertex 0 14.8384 2.77215
      vertex 0 14.7579 2.79948
    endloop
  endfacet
  facet normal 0 0.831652 0.555297
    outer loop
      vertex 2 14.491 3.00431
      vertex 0 14.4438 3.075
      vertex 2 14.4438 3.075
    endloop
  endfacet
  facet normal 0 0.831652 0.555297
    outer loop
      vertex 0 14.4438 3.075
      vertex 2 14.491 3.00431
      vertex 0 14.491 3.00431
    endloop
  endfacet
  facet normal -0 0.4425 0.896769
    outer loop
      vertex 0 14.7579 2.79948
      vertex 2 14.6817 2.83708
      vertex 2 14.7579 2.79948
    endloop
  endfacet
  facet normal 0 0.4425 0.896769
    outer loop
      vertex 2 14.6817 2.83708
      vertex 0 14.7579 2.79948
      vertex 0 14.6817 2.83708
    endloop
  endfacet
  facet normal 0 -0.831109 0.55611
    outer loop
      vertex 0 15.5223 3.00431
      vertex 2 15.5696 3.075
      vertex 0 15.5696 3.075
    endloop
  endfacet
  facet normal 0 -0.831109 0.55611
    outer loop
      vertex 2 15.5696 3.075
      vertex 0 15.5223 3.00431
      vertex 2 15.5223 3.00431
    endloop
  endfacet
  facet normal 0 -0.555568 -0.831471
    outer loop
      vertex 0 15.3317 7.16292
      vertex 2 15.4024 7.11568
      vertex 2 15.3317 7.16292
    endloop
  endfacet
  facet normal -0 -0.555568 -0.831471
    outer loop
      vertex 2 15.4024 7.11568
      vertex 0 15.3317 7.16292
      vertex 0 15.4024 7.11568
    endloop
  endfacet
  facet normal 0 -0.947036 -0.321129
    outer loop
      vertex 0 15.6345 6.76823
      vertex 2 15.6072 6.84874
      vertex 0 15.6072 6.84874
    endloop
  endfacet
  facet normal 0 -0.947036 -0.321129
    outer loop
      vertex 2 15.6072 6.84874
      vertex 0 15.6345 6.76823
      vertex 2 15.6345 6.76823
    endloop
  endfacet
  facet normal 0 0.752219 -0.658913
    outer loop
      vertex 2 14.491 6.99569
      vertex 0 14.547 7.05962
      vertex 2 14.547 7.05962
    endloop
  endfacet
  facet normal 0 0.752219 -0.658913
    outer loop
      vertex 0 14.547 7.05962
      vertex 2 14.491 6.99569
      vertex 0 14.491 6.99569
    endloop
  endfacet
  facet normal 0 0.947036 -0.321129
    outer loop
      vertex 2 14.3788 6.76823
      vertex 0 14.4061 6.84874
      vertex 2 14.4061 6.84874
    endloop
  endfacet
  facet normal 0 0.947036 -0.321129
    outer loop
      vertex 0 14.4061 6.84874
      vertex 2 14.3788 6.76823
      vertex 0 14.3788 6.76823
    endloop
  endfacet
  facet normal -0 0.195098 0.980784
    outer loop
      vertex 0 14.9218 2.75556
      vertex 2 14.8384 2.77215
      vertex 2 14.9218 2.75556
    endloop
  endfacet
  facet normal 0 0.195098 0.980784
    outer loop
      vertex 2 14.8384 2.77215
      vertex 0 14.9218 2.75556
      vertex 0 14.8384 2.77215
    endloop
  endfacet
  facet normal 0 0.752219 0.658913
    outer loop
      vertex 2 14.547 2.94038
      vertex 0 14.491 3.00431
      vertex 2 14.491 3.00431
    endloop
  endfacet
  facet normal 0 0.752219 0.658913
    outer loop
      vertex 0 14.491 3.00431
      vertex 2 14.547 2.94038
      vertex 0 14.547 2.94038
    endloop
  endfacet
  facet normal -0 0.658904 0.752227
    outer loop
      vertex 0 14.611 2.88432
      vertex 2 14.547 2.94038
      vertex 2 14.611 2.88432
    endloop
  endfacet
  facet normal 0 0.658904 0.752227
    outer loop
      vertex 2 14.547 2.94038
      vertex 0 14.611 2.88432
      vertex 0 14.547 2.94038
    endloop
  endfacet
  facet normal 0 -0.0654256 -0.997857
    outer loop
      vertex 0 15.0067 7.25
      vertex 2 15.0915 7.24444
      vertex 2 15.0067 7.25
    endloop
  endfacet
  facet normal -0 -0.0654256 -0.997857
    outer loop
      vertex 2 15.0915 7.24444
      vertex 0 15.0067 7.25
      vertex 0 15.0915 7.24444
    endloop
  endfacet
  facet normal 0 -0.195098 -0.980784
    outer loop
      vertex 0 15.0915 7.24444
      vertex 2 15.1749 7.22785
      vertex 2 15.0915 7.24444
    endloop
  endfacet
  facet normal -0 -0.195098 -0.980784
    outer loop
      vertex 2 15.1749 7.22785
      vertex 0 15.0915 7.24444
      vertex 0 15.1749 7.22785
    endloop
  endfacet
  facet normal 0 -0.442033 -0.896999
    outer loop
      vertex 0 15.2554 7.20052
      vertex 2 15.3317 7.16292
      vertex 2 15.2554 7.20052
    endloop
  endfacet
  facet normal -0 -0.442033 -0.896999
    outer loop
      vertex 2 15.3317 7.16292
      vertex 0 15.2554 7.20052
      vertex 0 15.3317 7.16292
    endloop
  endfacet
  facet normal 0 -0.659487 -0.751716
    outer loop
      vertex 0 15.4024 7.11568
      vertex 2 15.4663 7.05962
      vertex 2 15.4024 7.11568
    endloop
  endfacet
  facet normal -0 -0.659487 -0.751716
    outer loop
      vertex 2 15.4663 7.05962
      vertex 0 15.4024 7.11568
      vertex 0 15.4663 7.05962
    endloop
  endfacet
  facet normal 0 -0.752219 -0.658913
    outer loop
      vertex 0 15.5223 6.99569
      vertex 2 15.4663 7.05962
      vertex 0 15.4663 7.05962
    endloop
  endfacet
  facet normal 0 -0.752219 -0.658913
    outer loop
      vertex 2 15.4663 7.05962
      vertex 0 15.5223 6.99569
      vertex 2 15.5223 6.99569
    endloop
  endfacet
  facet normal 0 -0.831109 -0.55611
    outer loop
      vertex 0 15.5696 6.925
      vertex 2 15.5223 6.99569
      vertex 0 15.5223 6.99569
    endloop
  endfacet
  facet normal 0 -0.831109 -0.55611
    outer loop
      vertex 2 15.5223 6.99569
      vertex 0 15.5696 6.925
      vertex 2 15.5696 6.925
    endloop
  endfacet
  facet normal 0 0.658904 -0.752227
    outer loop
      vertex 0 14.547 7.05962
      vertex 2 14.611 7.11568
      vertex 2 14.547 7.05962
    endloop
  endfacet
  facet normal 0 0.658904 -0.752227
    outer loop
      vertex 2 14.611 7.11568
      vertex 0 14.547 7.05962
      vertex 0 14.611 7.11568
    endloop
  endfacet
  facet normal 0 0.555568 -0.831471
    outer loop
      vertex 0 14.611 7.11568
      vertex 2 14.6817 7.16292
      vertex 2 14.611 7.11568
    endloop
  endfacet
  facet normal 0 0.555568 -0.831471
    outer loop
      vertex 2 14.6817 7.16292
      vertex 0 14.611 7.11568
      vertex 0 14.6817 7.16292
    endloop
  endfacet
  facet normal 0 0.4425 -0.896769
    outer loop
      vertex 0 14.6817 7.16292
      vertex 2 14.7579 7.20052
      vertex 2 14.6817 7.16292
    endloop
  endfacet
  facet normal 0 0.4425 -0.896769
    outer loop
      vertex 2 14.7579 7.20052
      vertex 0 14.6817 7.16292
      vertex 0 14.7579 7.20052
    endloop
  endfacet
  facet normal 0 0.89644 0.443165
    outer loop
      vertex 2 14.4438 3.075
      vertex 0 14.4061 3.15126
      vertex 2 14.4061 3.15126
    endloop
  endfacet
  facet normal 0 0.89644 0.443165
    outer loop
      vertex 0 14.4061 3.15126
      vertex 2 14.4438 3.075
      vertex 0 14.4438 3.075
    endloop
  endfacet
  facet normal 0 -0.321481 -0.946916
    outer loop
      vertex 0 15.1749 7.22785
      vertex 2 15.2554 7.20052
      vertex 2 15.1749 7.22785
    endloop
  endfacet
  facet normal -0 -0.321481 -0.946916
    outer loop
      vertex 2 15.2554 7.20052
      vertex 0 15.1749 7.22785
      vertex 0 15.2554 7.20052
    endloop
  endfacet
  facet normal 0 0.321481 -0.946916
    outer loop
      vertex 0 14.7579 7.20052
      vertex 2 14.8384 7.22785
      vertex 2 14.7579 7.20052
    endloop
  endfacet
  facet normal 0 0.321481 -0.946916
    outer loop
      vertex 2 14.8384 7.22785
      vertex 0 14.7579 7.20052
      vertex 0 14.8384 7.22785
    endloop
  endfacet
  facet normal 0 0.195098 -0.980784
    outer loop
      vertex 0 14.8384 7.22785
      vertex 2 14.9218 7.24444
      vertex 2 14.8384 7.22785
    endloop
  endfacet
  facet normal 0 0.195098 -0.980784
    outer loop
      vertex 2 14.9218 7.24444
      vertex 0 14.8384 7.22785
      vertex 0 14.9218 7.24444
    endloop
  endfacet
  facet normal 0 0.89644 -0.443165
    outer loop
      vertex 2 14.4061 6.84874
      vertex 0 14.4438 6.925
      vertex 2 14.4438 6.925
    endloop
  endfacet
  facet normal 0 0.89644 -0.443165
    outer loop
      vertex 0 14.4438 6.925
      vertex 2 14.4061 6.84874
      vertex 0 14.4061 6.84874
    endloop
  endfacet
  facet normal 0 0.831652 -0.555297
    outer loop
      vertex 2 14.4438 6.925
      vertex 0 14.491 6.99569
      vertex 2 14.491 6.99569
    endloop
  endfacet
  facet normal 0 0.831652 -0.555297
    outer loop
      vertex 0 14.491 6.99569
      vertex 2 14.4438 6.925
      vertex 0 14.4438 6.925
    endloop
  endfacet
  facet normal 0 -0.555568 0.831471
    outer loop
      vertex 23.05 15.4024 2.88432
      vertex 25.05 15.3317 2.83708
      vertex 25.05 15.4024 2.88432
    endloop
  endfacet
  facet normal 0 -0.555568 0.831471
    outer loop
      vertex 25.05 15.3317 2.83708
      vertex 23.05 15.4024 2.88432
      vertex 23.05 15.3317 2.83708
    endloop
  endfacet
  facet normal 0 1 -0
    outer loop
      vertex 25.05 14.3567 3.4
      vertex 23.05 14.3567 6.6
      vertex 25.05 14.3567 6.6
    endloop
  endfacet
  facet normal 0 1 0
    outer loop
      vertex 23.05 14.3567 6.6
      vertex 25.05 14.3567 3.4
      vertex 23.05 14.3567 3.4
    endloop
  endfacet
  facet normal 0 0.997905 0.0646921
    outer loop
      vertex 25.05 14.3622 3.31516
      vertex 23.05 14.3567 3.4
      vertex 25.05 14.3567 3.4
    endloop
  endfacet
  facet normal 0 0.997905 0.0646921
    outer loop
      vertex 23.05 14.3567 3.4
      vertex 25.05 14.3622 3.31516
      vertex 23.05 14.3622 3.31516
    endloop
  endfacet
  facet normal 0 -0.947036 0.321129
    outer loop
      vertex 23.05 15.6072 3.15126
      vertex 25.05 15.6345 3.23177
      vertex 23.05 15.6345 3.23177
    endloop
  endfacet
  facet normal 0 -0.947036 0.321129
    outer loop
      vertex 25.05 15.6345 3.23177
      vertex 23.05 15.6072 3.15126
      vertex 25.05 15.6072 3.15126
    endloop
  endfacet
  facet normal 0 -0.947036 -0.321129
    outer loop
      vertex 23.05 15.6345 6.76823
      vertex 25.05 15.6072 6.84874
      vertex 23.05 15.6072 6.84874
    endloop
  endfacet
  facet normal 0 -0.947036 -0.321129
    outer loop
      vertex 25.05 15.6072 6.84874
      vertex 23.05 15.6345 6.76823
      vertex 25.05 15.6345 6.76823
    endloop
  endfacet
  facet normal 0 0.195098 -0.980784
    outer loop
      vertex 23.05 14.8384 7.22785
      vertex 25.05 14.9218 7.24444
      vertex 25.05 14.8384 7.22785
    endloop
  endfacet
  facet normal 0 0.195098 -0.980784
    outer loop
      vertex 25.05 14.9218 7.24444
      vertex 23.05 14.8384 7.22785
      vertex 23.05 14.9218 7.24444
    endloop
  endfacet
  facet normal 0 -1 0
    outer loop
      vertex 23.05 15.6567 3.4
      vertex 25.05 15.6567 6.6
      vertex 23.05 15.6567 6.6
    endloop
  endfacet
  facet normal 0 -1 -0
    outer loop
      vertex 25.05 15.6567 6.6
      vertex 23.05 15.6567 3.4
      vertex 25.05 15.6567 3.4
    endloop
  endfacet
  facet normal 0 0.997905 -0.0646921
    outer loop
      vertex 25.05 14.3567 6.6
      vertex 23.05 14.3622 6.68484
      vertex 25.05 14.3622 6.68484
    endloop
  endfacet
  facet normal 0 0.997905 -0.0646921
    outer loop
      vertex 23.05 14.3622 6.68484
      vertex 25.05 14.3567 6.6
      vertex 23.05 14.3567 6.6
    endloop
  endfacet
  facet normal 0 0.980757 0.195234
    outer loop
      vertex 25.05 14.3788 3.23177
      vertex 23.05 14.3622 3.31516
      vertex 25.05 14.3622 3.31516
    endloop
  endfacet
  facet normal 0 0.980757 0.195234
    outer loop
      vertex 23.05 14.3622 3.31516
      vertex 25.05 14.3788 3.23177
      vertex 23.05 14.3788 3.23177
    endloop
  endfacet
  facet normal -0 0.321481 0.946916
    outer loop
      vertex 23.05 14.8384 2.77215
      vertex 25.05 14.7579 2.79948
      vertex 25.05 14.8384 2.77215
    endloop
  endfacet
  facet normal 0 0.321481 0.946916
    outer loop
      vertex 25.05 14.7579 2.79948
      vertex 23.05 14.8384 2.77215
      vertex 23.05 14.7579 2.79948
    endloop
  endfacet
  facet normal 0 -0.752219 0.658913
    outer loop
      vertex 23.05 15.4663 2.94038
      vertex 25.05 15.5223 3.00431
      vertex 23.05 15.5223 3.00431
    endloop
  endfacet
  facet normal 0 -0.752219 0.658913
    outer loop
      vertex 25.05 15.5223 3.00431
      vertex 23.05 15.4663 2.94038
      vertex 25.05 15.4663 2.94038
    endloop
  endfacet
  facet normal 0 -0.659487 0.751716
    outer loop
      vertex 23.05 15.4663 2.94038
      vertex 25.05 15.4024 2.88432
      vertex 25.05 15.4663 2.94038
    endloop
  endfacet
  facet normal 0 -0.659487 0.751716
    outer loop
      vertex 25.05 15.4024 2.88432
      vertex 23.05 15.4663 2.94038
      vertex 23.05 15.4024 2.88432
    endloop
  endfacet
  facet normal 0 -0.555568 -0.831471
    outer loop
      vertex 23.05 15.3317 7.16292
      vertex 25.05 15.4024 7.11568
      vertex 25.05 15.3317 7.16292
    endloop
  endfacet
  facet normal -0 -0.555568 -0.831471
    outer loop
      vertex 25.05 15.4024 7.11568
      vertex 23.05 15.3317 7.16292
      vertex 23.05 15.4024 7.11568
    endloop
  endfacet
  facet normal 0 0.752219 -0.658913
    outer loop
      vertex 25.05 14.491 6.99569
      vertex 23.05 14.547 7.05962
      vertex 25.05 14.547 7.05962
    endloop
  endfacet
  facet normal 0 0.752219 -0.658913
    outer loop
      vertex 23.05 14.547 7.05962
      vertex 25.05 14.491 6.99569
      vertex 23.05 14.491 6.99569
    endloop
  endfacet
  facet normal 0 -0.997829 -0.0658633
    outer loop
      vertex 23.05 15.6567 6.6
      vertex 25.05 15.6511 6.68484
      vertex 23.05 15.6511 6.68484
    endloop
  endfacet
  facet normal 0 -0.997829 -0.0658633
    outer loop
      vertex 25.05 15.6511 6.68484
      vertex 23.05 15.6567 6.6
      vertex 25.05 15.6567 6.6
    endloop
  endfacet
  facet normal 0 -0.980757 0.195234
    outer loop
      vertex 23.05 15.6345 3.23177
      vertex 25.05 15.6511 3.31516
      vertex 23.05 15.6511 3.31516
    endloop
  endfacet
  facet normal 0 -0.980757 0.195234
    outer loop
      vertex 25.05 15.6511 3.31516
      vertex 23.05 15.6345 3.23177
      vertex 25.05 15.6345 3.23177
    endloop
  endfacet
  facet normal 0 -0.997829 0.0658633
    outer loop
      vertex 23.05 15.6511 3.31516
      vertex 25.05 15.6567 3.4
      vertex 23.05 15.6567 3.4
    endloop
  endfacet
  facet normal 0 -0.997829 0.0658633
    outer loop
      vertex 25.05 15.6567 3.4
      vertex 23.05 15.6511 3.31516
      vertex 25.05 15.6511 3.31516
    endloop
  endfacet
  facet normal 0 -0.831109 0.55611
    outer loop
      vertex 23.05 15.5223 3.00431
      vertex 25.05 15.5696 3.075
      vertex 23.05 15.5696 3.075
    endloop
  endfacet
  facet normal 0 -0.831109 0.55611
    outer loop
      vertex 25.05 15.5696 3.075
      vertex 23.05 15.5223 3.00431
      vertex 25.05 15.5223 3.00431
    endloop
  endfacet
  facet normal 0 -0.896907 0.44222
    outer loop
      vertex 23.05 15.5696 3.075
      vertex 25.05 15.6072 3.15126
      vertex 23.05 15.6072 3.15126
    endloop
  endfacet
  facet normal 0 -0.896907 0.44222
    outer loop
      vertex 25.05 15.6072 3.15126
      vertex 23.05 15.5696 3.075
      vertex 25.05 15.5696 3.075
    endloop
  endfacet
  facet normal 0 0.980757 -0.195234
    outer loop
      vertex 25.05 14.3622 6.68484
      vertex 23.05 14.3788 6.76823
      vertex 25.05 14.3788 6.76823
    endloop
  endfacet
  facet normal 0 0.980757 -0.195234
    outer loop
      vertex 23.05 14.3788 6.76823
      vertex 25.05 14.3622 6.68484
      vertex 23.05 14.3622 6.68484
    endloop
  endfacet
  facet normal 0 -0.195098 0.980784
    outer loop
      vertex 23.05 15.1749 2.77215
      vertex 25.05 15.0915 2.75556
      vertex 25.05 15.1749 2.77215
    endloop
  endfacet
  facet normal 0 -0.195098 0.980784
    outer loop
      vertex 25.05 15.0915 2.75556
      vertex 23.05 15.1749 2.77215
      vertex 23.05 15.0915 2.75556
    endloop
  endfacet
  facet normal 0 -0.442033 0.896999
    outer loop
      vertex 23.05 15.3317 2.83708
      vertex 25.05 15.2554 2.79948
      vertex 25.05 15.3317 2.83708
    endloop
  endfacet
  facet normal 0 -0.442033 0.896999
    outer loop
      vertex 25.05 15.2554 2.79948
      vertex 23.05 15.3317 2.83708
      vertex 23.05 15.2554 2.79948
    endloop
  endfacet
  facet normal 0 -0.321481 0.946916
    outer loop
      vertex 23.05 15.2554 2.79948
      vertex 25.05 15.1749 2.77215
      vertex 25.05 15.2554 2.79948
    endloop
  endfacet
  facet normal 0 -0.321481 0.946916
    outer loop
      vertex 25.05 15.1749 2.77215
      vertex 23.05 15.2554 2.79948
      vertex 23.05 15.1749 2.77215
    endloop
  endfacet
  facet normal 0 -0.0654256 0.997857
    outer loop
      vertex 23.05 15.0915 2.75556
      vertex 25.05 15.0067 2.75
      vertex 25.05 15.0915 2.75556
    endloop
  endfacet
  facet normal 0 -0.0654256 0.997857
    outer loop
      vertex 25.05 15.0067 2.75
      vertex 23.05 15.0915 2.75556
      vertex 23.05 15.0067 2.75
    endloop
  endfacet
  facet normal -0 0.0653488 0.997862
    outer loop
      vertex 23.05 15.0067 2.75
      vertex 25.05 14.9218 2.75556
      vertex 25.05 15.0067 2.75
    endloop
  endfacet
  facet normal 0 0.0653488 0.997862
    outer loop
      vertex 25.05 14.9218 2.75556
      vertex 23.05 15.0067 2.75
      vertex 23.05 14.9218 2.75556
    endloop
  endfacet
  facet normal 0 0.752219 0.658913
    outer loop
      vertex 25.05 14.547 2.94038
      vertex 23.05 14.491 3.00431
      vertex 25.05 14.491 3.00431
    endloop
  endfacet
  facet normal 0 0.752219 0.658913
    outer loop
      vertex 23.05 14.491 3.00431
      vertex 25.05 14.547 2.94038
      vertex 23.05 14.547 2.94038
    endloop
  endfacet
  facet normal -0 0.4425 0.896769
    outer loop
      vertex 23.05 14.7579 2.79948
      vertex 25.05 14.6817 2.83708
      vertex 25.05 14.7579 2.79948
    endloop
  endfacet
  facet normal 0 0.4425 0.896769
    outer loop
      vertex 25.05 14.6817 2.83708
      vertex 23.05 14.7579 2.79948
      vertex 23.05 14.6817 2.83708
    endloop
  endfacet
  facet normal 0 -0.896907 -0.44222
    outer loop
      vertex 23.05 15.6072 6.84874
      vertex 25.05 15.5696 6.925
      vertex 23.05 15.5696 6.925
    endloop
  endfacet
  facet normal 0 -0.896907 -0.44222
    outer loop
      vertex 25.05 15.5696 6.925
      vertex 23.05 15.6072 6.84874
      vertex 25.05 15.6072 6.84874
    endloop
  endfacet
  facet normal 0 -0.980757 -0.195234
    outer loop
      vertex 23.05 15.6511 6.68484
      vertex 25.05 15.6345 6.76823
      vertex 23.05 15.6345 6.76823
    endloop
  endfacet
  facet normal 0 -0.980757 -0.195234
    outer loop
      vertex 25.05 15.6345 6.76823
      vertex 23.05 15.6511 6.68484
      vertex 25.05 15.6511 6.68484
    endloop
  endfacet
  facet normal 0 -0.831109 -0.55611
    outer loop
      vertex 23.05 15.5696 6.925
      vertex 25.05 15.5223 6.99569
      vertex 23.05 15.5223 6.99569
    endloop
  endfacet
  facet normal 0 -0.831109 -0.55611
    outer loop
      vertex 25.05 15.5223 6.99569
      vertex 23.05 15.5696 6.925
      vertex 25.05 15.5696 6.925
    endloop
  endfacet
  facet normal 0 0.4425 -0.896769
    outer loop
      vertex 23.05 14.6817 7.16292
      vertex 25.05 14.7579 7.20052
      vertex 25.05 14.6817 7.16292
    endloop
  endfacet
  facet normal 0 0.4425 -0.896769
    outer loop
      vertex 25.05 14.7579 7.20052
      vertex 23.05 14.6817 7.16292
      vertex 23.05 14.7579 7.20052
    endloop
  endfacet
  facet normal 0 0.555568 -0.831471
    outer loop
      vertex 23.05 14.611 7.11568
      vertex 25.05 14.6817 7.16292
      vertex 25.05 14.611 7.11568
    endloop
  endfacet
  facet normal 0 0.555568 -0.831471
    outer loop
      vertex 25.05 14.6817 7.16292
      vertex 23.05 14.611 7.11568
      vertex 23.05 14.6817 7.16292
    endloop
  endfacet
  facet normal 0 0.947036 -0.321129
    outer loop
      vertex 25.05 14.3788 6.76823
      vertex 23.05 14.4061 6.84874
      vertex 25.05 14.4061 6.84874
    endloop
  endfacet
  facet normal 0 0.947036 -0.321129
    outer loop
      vertex 23.05 14.4061 6.84874
      vertex 25.05 14.3788 6.76823
      vertex 23.05 14.3788 6.76823
    endloop
  endfacet
  facet normal 0 0.658904 -0.752227
    outer loop
      vertex 23.05 14.547 7.05962
      vertex 25.05 14.611 7.11568
      vertex 25.05 14.547 7.05962
    endloop
  endfacet
  facet normal 0 0.658904 -0.752227
    outer loop
      vertex 25.05 14.611 7.11568
      vertex 23.05 14.547 7.05962
      vertex 23.05 14.611 7.11568
    endloop
  endfacet
  facet normal -0 0.195098 0.980784
    outer loop
      vertex 23.05 14.9218 2.75556
      vertex 25.05 14.8384 2.77215
      vertex 25.05 14.9218 2.75556
    endloop
  endfacet
  facet normal 0 0.195098 0.980784
    outer loop
      vertex 25.05 14.8384 2.77215
      vertex 23.05 14.9218 2.75556
      vertex 23.05 14.8384 2.77215
    endloop
  endfacet
  facet normal -0 0.658904 0.752227
    outer loop
      vertex 23.05 14.611 2.88432
      vertex 25.05 14.547 2.94038
      vertex 25.05 14.611 2.88432
    endloop
  endfacet
  facet normal 0 0.658904 0.752227
    outer loop
      vertex 25.05 14.547 2.94038
      vertex 23.05 14.611 2.88432
      vertex 23.05 14.547 2.94038
    endloop
  endfacet
  facet normal 0 0.831652 0.555297
    outer loop
      vertex 25.05 14.491 3.00431
      vertex 23.05 14.4438 3.075
      vertex 25.05 14.4438 3.075
    endloop
  endfacet
  facet normal 0 0.831652 0.555297
    outer loop
      vertex 23.05 14.4438 3.075
      vertex 25.05 14.491 3.00431
      vertex 23.05 14.491 3.00431
    endloop
  endfacet
  facet normal 0 -0.659487 -0.751716
    outer loop
      vertex 23.05 15.4024 7.11568
      vertex 25.05 15.4663 7.05962
      vertex 25.05 15.4024 7.11568
    endloop
  endfacet
  facet normal -0 -0.659487 -0.751716
    outer loop
      vertex 25.05 15.4663 7.05962
      vertex 23.05 15.4024 7.11568
      vertex 23.05 15.4663 7.05962
    endloop
  endfacet
  facet normal 0 -0.752219 -0.658913
    outer loop
      vertex 23.05 15.5223 6.99569
      vertex 25.05 15.4663 7.05962
      vertex 23.05 15.4663 7.05962
    endloop
  endfacet
  facet normal 0 -0.752219 -0.658913
    outer loop
      vertex 25.05 15.4663 7.05962
      vertex 23.05 15.5223 6.99569
      vertex 25.05 15.5223 6.99569
    endloop
  endfacet
  facet normal 0 0.0653488 -0.997862
    outer loop
      vertex 23.05 14.9218 7.24444
      vertex 25.05 15.0067 7.25
      vertex 25.05 14.9218 7.24444
    endloop
  endfacet
  facet normal 0 0.0653488 -0.997862
    outer loop
      vertex 25.05 15.0067 7.25
      vertex 23.05 14.9218 7.24444
      vertex 23.05 15.0067 7.25
    endloop
  endfacet
  facet normal 0 -0.0654256 -0.997857
    outer loop
      vertex 23.05 15.0067 7.25
      vertex 25.05 15.0915 7.24444
      vertex 25.05 15.0067 7.25
    endloop
  endfacet
  facet normal -0 -0.0654256 -0.997857
    outer loop
      vertex 25.05 15.0915 7.24444
      vertex 23.05 15.0067 7.25
      vertex 23.05 15.0915 7.24444
    endloop
  endfacet
  facet normal 0 -0.195098 -0.980784
    outer loop
      vertex 23.05 15.0915 7.24444
      vertex 25.05 15.1749 7.22785
      vertex 25.05 15.0915 7.24444
    endloop
  endfacet
  facet normal -0 -0.195098 -0.980784
    outer loop
      vertex 25.05 15.1749 7.22785
      vertex 23.05 15.0915 7.24444
      vertex 23.05 15.1749 7.22785
    endloop
  endfacet
  facet normal 0 -0.442033 -0.896999
    outer loop
      vertex 23.05 15.2554 7.20052
      vertex 25.05 15.3317 7.16292
      vertex 25.05 15.2554 7.20052
    endloop
  endfacet
  facet normal -0 -0.442033 -0.896999
    outer loop
      vertex 25.05 15.3317 7.16292
      vertex 23.05 15.2554 7.20052
      vertex 23.05 15.3317 7.16292
    endloop
  endfacet
  facet normal 0 0.321481 -0.946916
    outer loop
      vertex 23.05 14.7579 7.20052
      vertex 25.05 14.8384 7.22785
      vertex 25.05 14.7579 7.20052
    endloop
  endfacet
  facet normal 0 0.321481 -0.946916
    outer loop
      vertex 25.05 14.8384 7.22785
      vertex 23.05 14.7579 7.20052
      vertex 23.05 14.8384 7.22785
    endloop
  endfacet
  facet normal 0 0.947036 0.321129
    outer loop
      vertex 25.05 14.4061 3.15126
      vertex 23.05 14.3788 3.23177
      vertex 25.05 14.3788 3.23177
    endloop
  endfacet
  facet normal 0 0.947036 0.321129
    outer loop
      vertex 23.05 14.3788 3.23177
      vertex 25.05 14.4061 3.15126
      vertex 23.05 14.4061 3.15126
    endloop
  endfacet
  facet normal -0 0.555568 0.831471
    outer loop
      vertex 23.05 14.6817 2.83708
      vertex 25.05 14.611 2.88432
      vertex 25.05 14.6817 2.83708
    endloop
  endfacet
  facet normal 0 0.555568 0.831471
    outer loop
      vertex 25.05 14.611 2.88432
      vertex 23.05 14.6817 2.83708
      vertex 23.05 14.611 2.88432
    endloop
  endfacet
  facet normal 0 0.89644 -0.443165
    outer loop
      vertex 25.05 14.4061 6.84874
      vertex 23.05 14.4438 6.925
      vertex 25.05 14.4438 6.925
    endloop
  endfacet
  facet normal 0 0.89644 -0.443165
    outer loop
      vertex 23.05 14.4438 6.925
      vertex 25.05 14.4061 6.84874
      vertex 23.05 14.4061 6.84874
    endloop
  endfacet
  facet normal 0 0.831652 -0.555297
    outer loop
      vertex 25.05 14.4438 6.925
      vertex 23.05 14.491 6.99569
      vertex 25.05 14.491 6.99569
    endloop
  endfacet
  facet normal 0 0.831652 -0.555297
    outer loop
      vertex 23.05 14.491 6.99569
      vertex 25.05 14.4438 6.925
      vertex 23.05 14.4438 6.925
    endloop
  endfacet
  facet normal 0 0.89644 0.443165
    outer loop
      vertex 25.05 14.4438 3.075
      vertex 23.05 14.4061 3.15126
      vertex 25.05 14.4061 3.15126
    endloop
  endfacet
  facet normal 0 0.89644 0.443165
    outer loop
      vertex 23.05 14.4061 3.15126
      vertex 25.05 14.4438 3.075
      vertex 23.05 14.4438 3.075
    endloop
  endfacet
  facet normal 0 -0.321481 -0.946916
    outer loop
      vertex 23.05 15.1749 7.22785
      vertex 25.05 15.2554 7.20052
      vertex 25.05 15.1749 7.22785
    endloop
  endfacet
  facet normal -0 -0.321481 -0.946916
    outer loop
      vertex 25.05 15.2554 7.20052
      vertex 23.05 15.1749 7.22785
      vertex 23.05 15.2554 7.20052
    endloop
  endfacet
  facet normal -0.980785 -0.19509 -0
    outer loop
      vertex 0.0511112 1.11177 10.6198
      vertex 0.0128326 1.30421 0
      vertex 0.0511112 1.11177 0
    endloop
  endfacet
  facet normal -0.980785 -0.19509 0
    outer loop
      vertex 0.0128326 1.30421 0
      vertex 0.0511112 1.11177 10.6198
      vertex 0.0128326 1.30421 10.6714
    endloop
  endfacet
  facet normal -0.946929 -0.321444 -0
    outer loop
      vertex 0.114181 0.925975 10.57
      vertex 0.0511112 1.11177 0
      vertex 0.114181 0.925975 0
    endloop
  endfacet
  facet normal -0.946929 -0.321444 0
    outer loop
      vertex 0.0511112 1.11177 0
      vertex 0.114181 0.925975 10.57
      vertex 0.0511112 1.11177 10.6198
    endloop
  endfacet
  facet normal -0.997859 -0.0654023 -0
    outer loop
      vertex 0.0128326 1.30421 10.6714
      vertex 0 1.5 0
      vertex 0.0128326 1.30421 0
    endloop
  endfacet
  facet normal -0.997859 -0.0654023 0
    outer loop
      vertex 0 1.5 0
      vertex 0.0128326 1.30421 10.6714
      vertex 0 1.5 10.7238
    endloop
  endfacet
  facet normal 0 -1 0
    outer loop
      vertex 1.5 0 10.3219
      vertex 10.775 0 5.5
      vertex 23.55 0 10.3219
    endloop
  endfacet
  facet normal 0 -1 0
    outer loop
      vertex 1.5 0 10.3219
      vertex 10.5466 0 5.48503
      vertex 10.775 0 5.5
    endloop
  endfacet
  facet normal 0 -1 0
    outer loop
      vertex 1.5 0 10.3219
      vertex 10.3221 0 5.44037
      vertex 10.5466 0 5.48503
    endloop
  endfacet
  facet normal 0 -1 0
    outer loop
      vertex 1.5 0 10.3219
      vertex 10.1053 0 5.36679
      vertex 10.3221 0 5.44037
    endloop
  endfacet
  facet normal 0 -1 0
    outer loop
      vertex 1.5 0 10.3219
      vertex 9.9 0 5.26554
      vertex 10.1053 0 5.36679
    endloop
  endfacet
  facet normal 0 -1 0
    outer loop
      vertex 1.5 0 10.3219
      vertex 9.70967 0 5.13837
      vertex 9.9 0 5.26554
    endloop
  endfacet
  facet normal 0 -1 0
    outer loop
      vertex 1.5 0 10.3219
      vertex 9.53756 0 4.98744
      vertex 9.70967 0 5.13837
    endloop
  endfacet
  facet normal 0 -1 0
    outer loop
      vertex 1.5 0 10.3219
      vertex 9.38663 0 4.81533
      vertex 9.53756 0 4.98744
    endloop
  endfacet
  facet normal 0 -1 0
    outer loop
      vertex 1.5 0 10.3219
      vertex 9.25945 0 4.625
      vertex 9.38663 0 4.81533
    endloop
  endfacet
  facet normal 0 -1 0
    outer loop
      vertex 1.5 0 10.3219
      vertex 9.15821 0 4.4197
      vertex 9.25945 0 4.625
    endloop
  endfacet
  facet normal 0 -1 0
    outer loop
      vertex 1.5 0 10.3219
      vertex 9.08463 0 4.20293
      vertex 9.15821 0 4.4197
    endloop
  endfacet
  facet normal 0 -1 0
    outer loop
      vertex 1.5 0 10.3219
      vertex 9.03997 0 3.97842
      vertex 9.08463 0 4.20293
    endloop
  endfacet
  facet normal 0 -1 0
    outer loop
      vertex 1.5 0 0
      vertex 9.03997 0 3.97842
      vertex 1.5 0 10.3219
    endloop
  endfacet
  facet normal 0 -1 0
    outer loop
      vertex 9.03997 0 3.97842
      vertex 1.5 0 0
      vertex 9.025 0 3.75
    endloop
  endfacet
  facet normal 0 -1 -0
    outer loop
      vertex 9.025 0 3.75
      vertex 1.5 0 0
      vertex 9.03997 0 3.52158
    endloop
  endfacet
  facet normal 0 -1 -0
    outer loop
      vertex 9.03997 0 3.52158
      vertex 1.5 0 0
      vertex 9.08463 0 3.29707
    endloop
  endfacet
  facet normal 0 -1 -0
    outer loop
      vertex 9.08463 0 3.29707
      vertex 1.5 0 0
      vertex 9.15821 0 3.0803
    endloop
  endfacet
  facet normal 0 -1 -0
    outer loop
      vertex 9.15821 0 3.0803
      vertex 1.5 0 0
      vertex 9.25945 0 2.875
    endloop
  endfacet
  facet normal 0 -1 -0
    outer loop
      vertex 9.25945 0 2.875
      vertex 1.5 0 0
      vertex 9.38663 0 2.68467
    endloop
  endfacet
  facet normal 0 -1 -0
    outer loop
      vertex 10.775 0 2
      vertex 1.5 0 0
      vertex 14.275 0 2
    endloop
  endfacet
  facet normal 0 -1 -0
    outer loop
      vertex 10.5466 0 2.01497
      vertex 1.5 0 0
      vertex 10.775 0 2
    endloop
  endfacet
  facet normal 0 -1 -0
    outer loop
      vertex 10.3221 0 2.05963
      vertex 1.5 0 0
      vertex 10.5466 0 2.01497
    endloop
  endfacet
  facet normal 0 -1 -0
    outer loop
      vertex 10.1053 0 2.13321
      vertex 1.5 0 0
      vertex 10.3221 0 2.05963
    endloop
  endfacet
  facet normal 0 -1 -0
    outer loop
      vertex 9.9 0 2.23446
      vertex 1.5 0 0
      vertex 10.1053 0 2.13321
    endloop
  endfacet
  facet normal 0 -1 -0
    outer loop
      vertex 9.70967 0 2.36163
      vertex 1.5 0 0
      vertex 9.9 0 2.23446
    endloop
  endfacet
  facet normal 0 -1 -0
    outer loop
      vertex 9.53756 0 2.51256
      vertex 1.5 0 0
      vertex 9.70967 0 2.36163
    endloop
  endfacet
  facet normal 0 -1 -0
    outer loop
      vertex 9.38663 0 2.68467
      vertex 1.5 0 0
      vertex 9.53756 0 2.51256
    endloop
  endfacet
  facet normal 0 -1 0
    outer loop
      vertex 14.275 0 5.5
      vertex 23.55 0 10.3219
      vertex 10.775 0 5.5
    endloop
  endfacet
  facet normal 0 -1 0
    outer loop
      vertex 14.5034 0 5.48503
      vertex 23.55 0 10.3219
      vertex 14.275 0 5.5
    endloop
  endfacet
  facet normal 0 -1 0
    outer loop
      vertex 14.7279 0 5.44037
      vertex 23.55 0 10.3219
      vertex 14.5034 0 5.48503
    endloop
  endfacet
  facet normal 0 -1 0
    outer loop
      vertex 14.9447 0 5.36679
      vertex 23.55 0 10.3219
      vertex 14.7279 0 5.44037
    endloop
  endfacet
  facet normal 0 -1 0
    outer loop
      vertex 15.15 0 5.26554
      vertex 23.55 0 10.3219
      vertex 14.9447 0 5.36679
    endloop
  endfacet
  facet normal 0 -1 0
    outer loop
      vertex 15.3403 0 5.13837
      vertex 23.55 0 10.3219
      vertex 15.15 0 5.26554
    endloop
  endfacet
  facet normal 0 -1 0
    outer loop
      vertex 15.5124 0 4.98744
      vertex 23.55 0 10.3219
      vertex 15.3403 0 5.13837
    endloop
  endfacet
  facet normal 0 -1 0
    outer loop
      vertex 15.6634 0 4.81533
      vertex 23.55 0 10.3219
      vertex 15.5124 0 4.98744
    endloop
  endfacet
  facet normal 0 -1 0
    outer loop
      vertex 15.7905 0 4.625
      vertex 23.55 0 10.3219
      vertex 15.6634 0 4.81533
    endloop
  endfacet
  facet normal 0 -1 0
    outer loop
      vertex 15.8918 0 4.4197
      vertex 23.55 0 10.3219
      vertex 15.7905 0 4.625
    endloop
  endfacet
  facet normal 0 -1 0
    outer loop
      vertex 15.9654 0 4.20293
      vertex 23.55 0 10.3219
      vertex 15.8918 0 4.4197
    endloop
  endfacet
  facet normal 0 -1 0
    outer loop
      vertex 16.01 0 3.97842
      vertex 23.55 0 10.3219
      vertex 15.9654 0 4.20293
    endloop
  endfacet
  facet normal 0 -1 0
    outer loop
      vertex 23.55 0 0
      vertex 16.01 0 3.97842
      vertex 16.025 0 3.75
    endloop
  endfacet
  facet normal 0 -1 0
    outer loop
      vertex 23.55 0 0
      vertex 16.025 0 3.75
      vertex 16.01 0 3.52158
    endloop
  endfacet
  facet normal 0 -1 0
    outer loop
      vertex 23.55 0 0
      vertex 16.01 0 3.52158
      vertex 15.9654 0 3.29707
    endloop
  endfacet
  facet normal 0 -1 0
    outer loop
      vertex 23.55 0 0
      vertex 15.9654 0 3.29707
      vertex 15.8918 0 3.0803
    endloop
  endfacet
  facet normal 0 -1 0
    outer loop
      vertex 23.55 0 0
      vertex 15.8918 0 3.0803
      vertex 15.7905 0 2.875
    endloop
  endfacet
  facet normal 0 -1 0
    outer loop
      vertex 23.55 0 0
      vertex 15.7905 0 2.875
      vertex 15.6634 0 2.68467
    endloop
  endfacet
  facet normal 0 -1 0
    outer loop
      vertex 23.55 0 0
      vertex 15.6634 0 2.68467
      vertex 15.5124 0 2.51256
    endloop
  endfacet
  facet normal 0 -1 0
    outer loop
      vertex 23.55 0 0
      vertex 14.275 0 2
      vertex 1.5 0 0
    endloop
  endfacet
  facet normal 0 -1 0
    outer loop
      vertex 16.01 0 3.97842
      vertex 23.55 0 0
      vertex 23.55 0 10.3219
    endloop
  endfacet
  facet normal 0 -1 0
    outer loop
      vertex 15.3403 0 2.36163
      vertex 23.55 0 0
      vertex 15.5124 0 2.51256
    endloop
  endfacet
  facet normal 0 -1 0
    outer loop
      vertex 15.15 0 2.23446
      vertex 23.55 0 0
      vertex 15.3403 0 2.36163
    endloop
  endfacet
  facet normal 0 -1 0
    outer loop
      vertex 14.9447 0 2.13321
      vertex 23.55 0 0
      vertex 15.15 0 2.23446
    endloop
  endfacet
  facet normal 0 -1 0
    outer loop
      vertex 14.7279 0 2.05963
      vertex 23.55 0 0
      vertex 14.9447 0 2.13321
    endloop
  endfacet
  facet normal 0 -1 0
    outer loop
      vertex 14.5034 0 2.01497
      vertex 23.55 0 0
      vertex 14.7279 0 2.05963
    endloop
  endfacet
  facet normal 0 -1 0
    outer loop
      vertex 14.275 0 2
      vertex 23.55 0 0
      vertex 14.5034 0 2.01497
    endloop
  endfacet
  facet normal 0.065399 -0.997859 0
    outer loop
      vertex 23.7458 0.0128326 0
      vertex 23.55 0 10.3219
      vertex 23.55 0 0
    endloop
  endfacet
  facet normal 0.065399 -0.997859 0
    outer loop
      vertex 23.55 0 10.3219
      vertex 23.7458 0.0128326 0
      vertex 23.7458 0.0128326 10.3254
    endloop
  endfacet
  facet normal 1 -0 0
    outer loop
      vertex 25.05 15.6511 6.68484
      vertex 25.05 21.01 0
      vertex 25.05 21.01 15.9515
    endloop
  endfacet
  facet normal 1 0 0
    outer loop
      vertex 25.05 21.01 0
      vertex 25.05 15.6511 6.68484
      vertex 25.05 15.6567 6.6
    endloop
  endfacet
  facet normal 1 0 0
    outer loop
      vertex 25.05 21.01 15.9515
      vertex 25.05 15.6345 6.76823
      vertex 25.05 15.6511 6.68484
    endloop
  endfacet
  facet normal 1 0 0
    outer loop
      vertex 25.05 21.01 15.9515
      vertex 25.05 15.6072 6.84874
      vertex 25.05 15.6345 6.76823
    endloop
  endfacet
  facet normal 1 0 0
    outer loop
      vertex 25.05 21.01 15.9515
      vertex 25.05 15.5696 6.925
      vertex 25.05 15.6072 6.84874
    endloop
  endfacet
  facet normal 1 0 0
    outer loop
      vertex 25.05 21.01 15.9515
      vertex 25.05 15.5223 6.99569
      vertex 25.05 15.5696 6.925
    endloop
  endfacet
  facet normal 1 0 0
    outer loop
      vertex 25.05 21.01 15.9515
      vertex 25.05 15.4663 7.05962
      vertex 25.05 15.5223 6.99569
    endloop
  endfacet
  facet normal 1 0 0
    outer loop
      vertex 25.05 21.01 15.9515
      vertex 25.05 15.4024 7.11568
      vertex 25.05 15.4663 7.05962
    endloop
  endfacet
  facet normal 1 0 0
    outer loop
      vertex 25.05 21.01 15.9515
      vertex 25.05 15.3317 7.16292
      vertex 25.05 15.4024 7.11568
    endloop
  endfacet
  facet normal 1 0 0
    outer loop
      vertex 25.05 21.01 15.9515
      vertex 25.05 15.2554 7.20052
      vertex 25.05 15.3317 7.16292
    endloop
  endfacet
  facet normal 1 0 0
    outer loop
      vertex 25.05 21.01 15.9515
      vertex 25.05 15.1749 7.22785
      vertex 25.05 15.2554 7.20052
    endloop
  endfacet
  facet normal 1 0 0
    outer loop
      vertex 25.05 21.01 15.9515
      vertex 25.05 15.0915 7.24444
      vertex 25.05 15.1749 7.22785
    endloop
  endfacet
  facet normal 1 0 0
    outer loop
      vertex 25.05 21.01 15.9515
      vertex 25.05 15.0067 7.25
      vertex 25.05 15.0915 7.24444
    endloop
  endfacet
  facet normal 1 0 0
    outer loop
      vertex 25.05 21.01 15.9515
      vertex 25.05 14.9218 7.24444
      vertex 25.05 15.0067 7.25
    endloop
  endfacet
  facet normal 1 0 0
    outer loop
      vertex 25.05 21.01 15.9515
      vertex 25.05 14.8384 7.22785
      vertex 25.05 14.9218 7.24444
    endloop
  endfacet
  facet normal 1 0 0
    outer loop
      vertex 25.05 21.01 15.9515
      vertex 25.05 14.7579 7.20052
      vertex 25.05 14.8384 7.22785
    endloop
  endfacet
  facet normal 1 0 0
    outer loop
      vertex 25.05 7.75208 7.20052
      vertex 25.05 14.7579 7.20052
      vertex 25.05 21.01 15.9515
    endloop
  endfacet
  facet normal 1 0 0
    outer loop
      vertex 25.05 14.7579 7.20052
      vertex 25.05 7.75208 7.20052
      vertex 25.05 14.6817 7.16292
    endloop
  endfacet
  facet normal 1 0 -0
    outer loop
      vertex 25.05 7.82833 7.16292
      vertex 25.05 14.6817 7.16292
      vertex 25.05 7.75208 7.20052
    endloop
  endfacet
  facet normal 1 0 0
    outer loop
      vertex 25.05 14.6817 7.16292
      vertex 25.05 7.82833 7.16292
      vertex 25.05 14.611 7.11568
    endloop
  endfacet
  facet normal 1 0 0
    outer loop
      vertex 25.05 14.3567 6.6
      vertex 25.05 8.15333 6.6
      vertex 25.05 14.3567 3.4
    endloop
  endfacet
  facet normal 1 0 0
    outer loop
      vertex 25.05 14.3622 6.68484
      vertex 25.05 8.15333 6.6
      vertex 25.05 14.3567 6.6
    endloop
  endfacet
  facet normal 1 0 0
    outer loop
      vertex 25.05 8.14777 6.68484
      vertex 25.05 14.3622 6.68484
      vertex 25.05 14.3788 6.76823
    endloop
  endfacet
  facet normal 1 0 0
    outer loop
      vertex 25.05 8.13118 6.76823
      vertex 25.05 14.3788 6.76823
      vertex 25.05 14.4061 6.84874
    endloop
  endfacet
  facet normal 1 0 0
    outer loop
      vertex 25.05 8.10385 6.84874
      vertex 25.05 14.4061 6.84874
      vertex 25.05 14.4438 6.925
    endloop
  endfacet
  facet normal 1 0 0
    outer loop
      vertex 25.05 8.06625 6.925
      vertex 25.05 14.4438 6.925
      vertex 25.05 14.491 6.99569
    endloop
  endfacet
  facet normal 1 0 -0
    outer loop
      vertex 25.05 7.89903 7.11568
      vertex 25.05 14.611 7.11568
      vertex 25.05 7.82833 7.16292
    endloop
  endfacet
  facet normal 1 0 0
    outer loop
      vertex 25.05 14.3622 6.68484
      vertex 25.05 8.14777 6.68484
      vertex 25.05 8.15333 6.6
    endloop
  endfacet
  facet normal 1 0 0
    outer loop
      vertex 25.05 14.3788 6.76823
      vertex 25.05 8.13118 6.76823
      vertex 25.05 8.14777 6.68484
    endloop
  endfacet
  facet normal 1 0 0
    outer loop
      vertex 25.05 14.4061 6.84874
      vertex 25.05 8.10385 6.84874
      vertex 25.05 8.13118 6.76823
    endloop
  endfacet
  facet normal 1 0 0
    outer loop
      vertex 25.05 14.4438 6.925
      vertex 25.05 8.06625 6.925
      vertex 25.05 8.10385 6.84874
    endloop
  endfacet
  facet normal 1 0 0
    outer loop
      vertex 25.05 14.491 6.99569
      vertex 25.05 8.01901 6.99569
      vertex 25.05 8.06625 6.925
    endloop
  endfacet
  facet normal 1 0 0
    outer loop
      vertex 25.05 14.491 6.99569
      vertex 25.05 7.96295 7.05962
      vertex 25.05 8.01901 6.99569
    endloop
  endfacet
  facet normal 1 0 0
    outer loop
      vertex 25.05 14.547 7.05962
      vertex 25.05 7.96295 7.05962
      vertex 25.05 14.491 6.99569
    endloop
  endfacet
  facet normal 1 0 -0
    outer loop
      vertex 25.05 7.96295 7.05962
      vertex 25.05 14.547 7.05962
      vertex 25.05 7.89903 7.11568
    endloop
  endfacet
  facet normal 1 0 0
    outer loop
      vertex 25.05 14.611 7.11568
      vertex 25.05 7.89903 7.11568
      vertex 25.05 14.547 7.05962
    endloop
  endfacet
  facet normal 1 0 0
    outer loop
      vertex 25.05 21.01 15.9515
      vertex 25.05 7.67157 7.22785
      vertex 25.05 7.75208 7.20052
    endloop
  endfacet
  facet normal 1 0 0
    outer loop
      vertex 25.05 21.01 15.9515
      vertex 25.05 7.58817 7.24444
      vertex 25.05 7.67157 7.22785
    endloop
  endfacet
  facet normal 1 -0 0
    outer loop
      vertex 25.05 1.5 10.7238
      vertex 25.05 7.58817 7.24444
      vertex 25.05 21.01 15.9515
    endloop
  endfacet
  facet normal 1 0 0
    outer loop
      vertex 25.05 7.58817 7.24444
      vertex 25.05 1.5 10.7238
      vertex 25.05 7.50333 7.25
    endloop
  endfacet
  facet normal 1 0 0
    outer loop
      vertex 25.05 7.50333 7.25
      vertex 25.05 1.5 10.7238
      vertex 25.05 7.41849 7.24444
    endloop
  endfacet
  facet normal 1 0 0
    outer loop
      vertex 25.05 7.41849 7.24444
      vertex 25.05 1.5 10.7238
      vertex 25.05 7.3351 7.22785
    endloop
  endfacet
  facet normal 1 0 0
    outer loop
      vertex 25.05 7.3351 7.22785
      vertex 25.05 1.5 10.7238
      vertex 25.05 7.25459 7.20052
    endloop
  endfacet
  facet normal 1 0 0
    outer loop
      vertex 25.05 1.5 0
      vertex 25.05 6.85333 6.6
      vertex 25.05 1.5 10.7238
    endloop
  endfacet
  facet normal 1 0 0
    outer loop
      vertex 25.05 6.85889 6.68484
      vertex 25.05 1.5 10.7238
      vertex 25.05 6.85333 6.6
    endloop
  endfacet
  facet normal 1 0 0
    outer loop
      vertex 25.05 6.87548 6.76823
      vertex 25.05 1.5 10.7238
      vertex 25.05 6.85889 6.68484
    endloop
  endfacet
  facet normal 1 0 0
    outer loop
      vertex 25.05 6.90281 6.84874
      vertex 25.05 1.5 10.7238
      vertex 25.05 6.87548 6.76823
    endloop
  endfacet
  facet normal 1 0 0
    outer loop
      vertex 25.05 6.94042 6.925
      vertex 25.05 1.5 10.7238
      vertex 25.05 6.90281 6.84874
    endloop
  endfacet
  facet normal 1 0 0
    outer loop
      vertex 25.05 6.98765 6.99569
      vertex 25.05 1.5 10.7238
      vertex 25.05 6.94042 6.925
    endloop
  endfacet
  facet normal 1 0 0
    outer loop
      vertex 25.05 7.04371 7.05962
      vertex 25.05 1.5 10.7238
      vertex 25.05 6.98765 6.99569
    endloop
  endfacet
  facet normal 1 0 0
    outer loop
      vertex 25.05 7.10764 7.11568
      vertex 25.05 1.5 10.7238
      vertex 25.05 7.04371 7.05962
    endloop
  endfacet
  facet normal 1 0 0
    outer loop
      vertex 25.05 7.17833 7.16292
      vertex 25.05 1.5 10.7238
      vertex 25.05 7.10764 7.11568
    endloop
  endfacet
  facet normal 1 0 0
    outer loop
      vertex 25.05 7.25459 7.20052
      vertex 25.05 1.5 10.7238
      vertex 25.05 7.17833 7.16292
    endloop
  endfacet
  facet normal 1 -0 0
    outer loop
      vertex 25.05 15.6567 3.4
      vertex 25.05 21.01 0
      vertex 25.05 15.6567 6.6
    endloop
  endfacet
  facet normal 1 -0 0
    outer loop
      vertex 25.05 15.6511 3.31516
      vertex 25.05 21.01 0
      vertex 25.05 15.6567 3.4
    endloop
  endfacet
  facet normal 1 -0 0
    outer loop
      vertex 25.05 15.6345 3.23177
      vertex 25.05 21.01 0
      vertex 25.05 15.6511 3.31516
    endloop
  endfacet
  facet normal 1 -0 0
    outer loop
      vertex 25.05 15.6072 3.15126
      vertex 25.05 21.01 0
      vertex 25.05 15.6345 3.23177
    endloop
  endfacet
  facet normal 1 -0 0
    outer loop
      vertex 25.05 15.5696 3.075
      vertex 25.05 21.01 0
      vertex 25.05 15.6072 3.15126
    endloop
  endfacet
  facet normal 1 -0 0
    outer loop
      vertex 25.05 15.5223 3.00431
      vertex 25.05 21.01 0
      vertex 25.05 15.5696 3.075
    endloop
  endfacet
  facet normal 1 -0 0
    outer loop
      vertex 25.05 15.4663 2.94038
      vertex 25.05 21.01 0
      vertex 25.05 15.5223 3.00431
    endloop
  endfacet
  facet normal 1 -0 0
    outer loop
      vertex 25.05 15.4024 2.88432
      vertex 25.05 21.01 0
      vertex 25.05 15.4663 2.94038
    endloop
  endfacet
  facet normal 1 -0 0
    outer loop
      vertex 25.05 15.3317 2.83708
      vertex 25.05 21.01 0
      vertex 25.05 15.4024 2.88432
    endloop
  endfacet
  facet normal 1 -0 0
    outer loop
      vertex 25.05 15.2554 2.79948
      vertex 25.05 21.01 0
      vertex 25.05 15.3317 2.83708
    endloop
  endfacet
  facet normal 1 -0 0
    outer loop
      vertex 25.05 15.1749 2.77215
      vertex 25.05 21.01 0
      vertex 25.05 15.2554 2.79948
    endloop
  endfacet
  facet normal 1 -0 0
    outer loop
      vertex 25.05 15.0915 2.75556
      vertex 25.05 21.01 0
      vertex 25.05 15.1749 2.77215
    endloop
  endfacet
  facet normal 1 -0 0
    outer loop
      vertex 25.05 15.0067 2.75
      vertex 25.05 21.01 0
      vertex 25.05 15.0915 2.75556
    endloop
  endfacet
  facet normal 1 0 0
    outer loop
      vertex 25.05 14.9218 2.75556
      vertex 25.05 21.01 0
      vertex 25.05 15.0067 2.75
    endloop
  endfacet
  facet normal 1 0 0
    outer loop
      vertex 25.05 14.8384 2.77215
      vertex 25.05 21.01 0
      vertex 25.05 14.9218 2.75556
    endloop
  endfacet
  facet normal 1 0 0
    outer loop
      vertex 25.05 7.67157 2.77215
      vertex 25.05 14.8384 2.77215
      vertex 25.05 14.7579 2.79948
    endloop
  endfacet
  facet normal 1 0 0
    outer loop
      vertex 25.05 8.15333 3.4
      vertex 25.05 14.3567 3.4
      vertex 25.05 8.15333 6.6
    endloop
  endfacet
  facet normal 1 0 0
    outer loop
      vertex 25.05 14.3567 3.4
      vertex 25.05 8.15333 3.4
      vertex 25.05 14.3622 3.31516
    endloop
  endfacet
  facet normal 1 0 0
    outer loop
      vertex 25.05 8.14777 3.31516
      vertex 25.05 14.3622 3.31516
      vertex 25.05 8.15333 3.4
    endloop
  endfacet
  facet normal 1 0 0
    outer loop
      vertex 25.05 14.3622 3.31516
      vertex 25.05 8.14777 3.31516
      vertex 25.05 14.3788 3.23177
    endloop
  endfacet
  facet normal 1 0 0
    outer loop
      vertex 25.05 8.13118 3.23177
      vertex 25.05 14.3788 3.23177
      vertex 25.05 8.14777 3.31516
    endloop
  endfacet
  facet normal 1 0 0
    outer loop
      vertex 25.05 14.3788 3.23177
      vertex 25.05 8.13118 3.23177
      vertex 25.05 14.4061 3.15126
    endloop
  endfacet
  facet normal 1 0 0
    outer loop
      vertex 25.05 8.10385 3.15126
      vertex 25.05 14.4061 3.15126
      vertex 25.05 8.13118 3.23177
    endloop
  endfacet
  facet normal 1 0 0
    outer loop
      vertex 25.05 14.4061 3.15126
      vertex 25.05 8.10385 3.15126
      vertex 25.05 14.4438 3.075
    endloop
  endfacet
  facet normal 1 0 0
    outer loop
      vertex 25.05 8.06625 3.075
      vertex 25.05 14.4438 3.075
      vertex 25.05 8.10385 3.15126
    endloop
  endfacet
  facet normal 1 0 0
    outer loop
      vertex 25.05 14.4438 3.075
      vertex 25.05 8.06625 3.075
      vertex 25.05 14.491 3.00431
    endloop
  endfacet
  facet normal 1 0 0
    outer loop
      vertex 25.05 8.01901 3.00431
      vertex 25.05 14.491 3.00431
      vertex 25.05 8.06625 3.075
    endloop
  endfacet
  facet normal 1 0 0
    outer loop
      vertex 25.05 14.491 3.00431
      vertex 25.05 8.01901 3.00431
      vertex 25.05 14.547 2.94038
    endloop
  endfacet
  facet normal 1 0 0
    outer loop
      vertex 25.05 7.96295 2.94038
      vertex 25.05 14.547 2.94038
      vertex 25.05 8.01901 3.00431
    endloop
  endfacet
  facet normal 1 0 0
    outer loop
      vertex 25.05 14.547 2.94038
      vertex 25.05 7.96295 2.94038
      vertex 25.05 14.611 2.88432
    endloop
  endfacet
  facet normal 1 0 0
    outer loop
      vertex 25.05 7.89903 2.88432
      vertex 25.05 14.611 2.88432
      vertex 25.05 7.96295 2.94038
    endloop
  endfacet
  facet normal 1 0 0
    outer loop
      vertex 25.05 14.611 2.88432
      vertex 25.05 7.89903 2.88432
      vertex 25.05 14.6817 2.83708
    endloop
  endfacet
  facet normal 1 0 0
    outer loop
      vertex 25.05 7.82833 2.83708
      vertex 25.05 14.6817 2.83708
      vertex 25.05 7.89903 2.88432
    endloop
  endfacet
  facet normal 1 0 0
    outer loop
      vertex 25.05 14.6817 2.83708
      vertex 25.05 7.82833 2.83708
      vertex 25.05 14.7579 2.79948
    endloop
  endfacet
  facet normal 1 0 0
    outer loop
      vertex 25.05 7.75208 2.79948
      vertex 25.05 14.7579 2.79948
      vertex 25.05 7.82833 2.83708
    endloop
  endfacet
  facet normal 1 0 0
    outer loop
      vertex 25.05 7.67157 2.77215
      vertex 25.05 14.7579 2.79948
      vertex 25.05 7.75208 2.79948
    endloop
  endfacet
  facet normal 1 0 0
    outer loop
      vertex 25.05 14.8384 2.77215
      vertex 25.05 7.67157 2.77215
      vertex 25.05 21.01 0
    endloop
  endfacet
  facet normal 1 0 0
    outer loop
      vertex 25.05 1.5 0
      vertex 25.05 7.67157 2.77215
      vertex 25.05 7.58817 2.75556
    endloop
  endfacet
  facet normal 1 0 0
    outer loop
      vertex 25.05 1.5 0
      vertex 25.05 7.58817 2.75556
      vertex 25.05 7.50333 2.75
    endloop
  endfacet
  facet normal 1 0 0
    outer loop
      vertex 25.05 1.5 0
      vertex 25.05 7.50333 2.75
      vertex 25.05 7.41849 2.75556
    endloop
  endfacet
  facet normal 1 0 0
    outer loop
      vertex 25.05 1.5 0
      vertex 25.05 7.41849 2.75556
      vertex 25.05 7.3351 2.77215
    endloop
  endfacet
  facet normal 1 0 0
    outer loop
      vertex 25.05 6.85333 6.6
      vertex 25.05 1.5 0
      vertex 25.05 6.85333 3.4
    endloop
  endfacet
  facet normal 1 0 0
    outer loop
      vertex 25.05 6.85333 3.4
      vertex 25.05 1.5 0
      vertex 25.05 6.85889 3.31516
    endloop
  endfacet
  facet normal 1 0 0
    outer loop
      vertex 25.05 6.85889 3.31516
      vertex 25.05 1.5 0
      vertex 25.05 6.87548 3.23177
    endloop
  endfacet
  facet normal 1 0 0
    outer loop
      vertex 25.05 6.87548 3.23177
      vertex 25.05 1.5 0
      vertex 25.05 6.90281 3.15126
    endloop
  endfacet
  facet normal 1 0 0
    outer loop
      vertex 25.05 6.90281 3.15126
      vertex 25.05 1.5 0
      vertex 25.05 6.94042 3.075
    endloop
  endfacet
  facet normal 1 0 0
    outer loop
      vertex 25.05 7.67157 2.77215
      vertex 25.05 1.5 0
      vertex 25.05 21.01 0
    endloop
  endfacet
  facet normal 1 0 0
    outer loop
      vertex 25.05 7.25459 2.79948
      vertex 25.05 1.5 0
      vertex 25.05 7.3351 2.77215
    endloop
  endfacet
  facet normal 1 0 0
    outer loop
      vertex 25.05 7.17833 2.83708
      vertex 25.05 1.5 0
      vertex 25.05 7.25459 2.79948
    endloop
  endfacet
  facet normal 1 0 0
    outer loop
      vertex 25.05 7.10764 2.88432
      vertex 25.05 1.5 0
      vertex 25.05 7.17833 2.83708
    endloop
  endfacet
  facet normal 1 0 0
    outer loop
      vertex 25.05 7.04371 2.94038
      vertex 25.05 1.5 0
      vertex 25.05 7.10764 2.88432
    endloop
  endfacet
  facet normal 1 0 0
    outer loop
      vertex 25.05 6.98765 3.00431
      vertex 25.05 1.5 0
      vertex 25.05 7.04371 2.94038
    endloop
  endfacet
  facet normal 1 0 0
    outer loop
      vertex 25.05 6.94042 3.075
      vertex 25.05 1.5 0
      vertex 25.05 6.98765 3.00431
    endloop
  endfacet
  facet normal -1 0 0
    outer loop
      vertex 0 15.6567 6.6
      vertex 0 21.01 0
      vertex 0 15.6567 3.4
    endloop
  endfacet
  facet normal -1 0 0
    outer loop
      vertex 0 21.01 0
      vertex 0 15.6511 3.31516
      vertex 0 15.6567 3.4
    endloop
  endfacet
  facet normal -1 0 0
    outer loop
      vertex 0 21.01 0
      vertex 0 15.6345 3.23177
      vertex 0 15.6511 3.31516
    endloop
  endfacet
  facet normal -1 0 0
    outer loop
      vertex 0 21.01 0
      vertex 0 15.6072 3.15126
      vertex 0 15.6345 3.23177
    endloop
  endfacet
  facet normal -1 0 0
    outer loop
      vertex 0 21.01 0
      vertex 0 15.5696 3.075
      vertex 0 15.6072 3.15126
    endloop
  endfacet
  facet normal -1 0 0
    outer loop
      vertex 0 21.01 0
      vertex 0 15.5223 3.00431
      vertex 0 15.5696 3.075
    endloop
  endfacet
  facet normal -1 0 0
    outer loop
      vertex 0 21.01 0
      vertex 0 15.4663 2.94038
      vertex 0 15.5223 3.00431
    endloop
  endfacet
  facet normal -1 0 0
    outer loop
      vertex 0 21.01 0
      vertex 0 15.4024 2.88432
      vertex 0 15.4663 2.94038
    endloop
  endfacet
  facet normal -1 0 0
    outer loop
      vertex 0 21.01 0
      vertex 0 15.3317 2.83708
      vertex 0 15.4024 2.88432
    endloop
  endfacet
  facet normal -1 0 0
    outer loop
      vertex 0 21.01 0
      vertex 0 15.2554 2.79948
      vertex 0 15.3317 2.83708
    endloop
  endfacet
  facet normal -1 0 0
    outer loop
      vertex 0 21.01 0
      vertex 0 15.1749 2.77215
      vertex 0 15.2554 2.79948
    endloop
  endfacet
  facet normal -1 0 0
    outer loop
      vertex 0 21.01 0
      vertex 0 15.0915 2.75556
      vertex 0 15.1749 2.77215
    endloop
  endfacet
  facet normal -1 0 0
    outer loop
      vertex 0 21.01 0
      vertex 0 15.0067 2.75
      vertex 0 15.0915 2.75556
    endloop
  endfacet
  facet normal -1 0 0
    outer loop
      vertex 0 21.01 0
      vertex 0 14.9218 2.75556
      vertex 0 15.0067 2.75
    endloop
  endfacet
  facet normal -1 0 0
    outer loop
      vertex 0 21.01 0
      vertex 0 14.8384 2.77215
      vertex 0 14.9218 2.75556
    endloop
  endfacet
  facet normal -1 0 0
    outer loop
      vertex 0 7.67157 2.77215
      vertex 0 14.8384 2.77215
      vertex 0 21.01 0
    endloop
  endfacet
  facet normal -1 0 0
    outer loop
      vertex 0 14.3567 3.4
      vertex 0 8.15333 3.4
      vertex 0 14.3567 6.6
    endloop
  endfacet
  facet normal -1 0 0
    outer loop
      vertex 0 14.3622 3.31516
      vertex 0 8.15333 3.4
      vertex 0 14.3567 3.4
    endloop
  endfacet
  facet normal -1 0 0
    outer loop
      vertex 0 8.14777 3.31516
      vertex 0 14.3622 3.31516
      vertex 0 14.3788 3.23177
    endloop
  endfacet
  facet normal -1 0 0
    outer loop
      vertex 0 8.13118 3.23177
      vertex 0 14.3788 3.23177
      vertex 0 14.4061 3.15126
    endloop
  endfacet
  facet normal -1 0 0
    outer loop
      vertex 0 8.10385 3.15126
      vertex 0 14.4061 3.15126
      vertex 0 14.4438 3.075
    endloop
  endfacet
  facet normal -1 0 0
    outer loop
      vertex 0 8.06625 3.075
      vertex 0 14.4438 3.075
      vertex 0 14.491 3.00431
    endloop
  endfacet
  facet normal -1 0 0
    outer loop
      vertex 0 8.01901 3.00431
      vertex 0 14.491 3.00431
      vertex 0 14.547 2.94038
    endloop
  endfacet
  facet normal -1 0 0
    outer loop
      vertex 0 7.96295 2.94038
      vertex 0 14.547 2.94038
      vertex 0 14.611 2.88432
    endloop
  endfacet
  facet normal -1 0 0
    outer loop
      vertex 0 7.89903 2.88432
      vertex 0 14.611 2.88432
      vertex 0 14.6817 2.83708
    endloop
  endfacet
  facet normal -1 0 0
    outer loop
      vertex 0 7.82833 2.83708
      vertex 0 14.6817 2.83708
      vertex 0 14.7579 2.79948
    endloop
  endfacet
  facet normal -1 0 0
    outer loop
      vertex 0 14.8384 2.77215
      vertex 0 7.67157 2.77215
      vertex 0 14.7579 2.79948
    endloop
  endfacet
  facet normal -1 0 0
    outer loop
      vertex 0 14.3622 3.31516
      vertex 0 8.14777 3.31516
      vertex 0 8.15333 3.4
    endloop
  endfacet
  facet normal -1 0 0
    outer loop
      vertex 0 14.3788 3.23177
      vertex 0 8.13118 3.23177
      vertex 0 8.14777 3.31516
    endloop
  endfacet
  facet normal -1 0 0
    outer loop
      vertex 0 14.4061 3.15126
      vertex 0 8.10385 3.15126
      vertex 0 8.13118 3.23177
    endloop
  endfacet
  facet normal -1 0 0
    outer loop
      vertex 0 14.4438 3.075
      vertex 0 8.06625 3.075
      vertex 0 8.10385 3.15126
    endloop
  endfacet
  facet normal -1 0 0
    outer loop
      vertex 0 14.491 3.00431
      vertex 0 8.01901 3.00431
      vertex 0 8.06625 3.075
    endloop
  endfacet
  facet normal -1 0 0
    outer loop
      vertex 0 14.547 2.94038
      vertex 0 7.96295 2.94038
      vertex 0 8.01901 3.00431
    endloop
  endfacet
  facet normal -1 0 0
    outer loop
      vertex 0 14.611 2.88432
      vertex 0 7.89903 2.88432
      vertex 0 7.96295 2.94038
    endloop
  endfacet
  facet normal -1 0 0
    outer loop
      vertex 0 14.6817 2.83708
      vertex 0 7.82833 2.83708
      vertex 0 7.89903 2.88432
    endloop
  endfacet
  facet normal -1 0 0
    outer loop
      vertex 0 14.7579 2.79948
      vertex 0 7.75208 2.79948
      vertex 0 7.82833 2.83708
    endloop
  endfacet
  facet normal -1 -0 0
    outer loop
      vertex 0 14.7579 2.79948
      vertex 0 7.67157 2.77215
      vertex 0 7.75208 2.79948
    endloop
  endfacet
  facet normal -1 0 0
    outer loop
      vertex 0 1.5 0
      vertex 0 7.67157 2.77215
      vertex 0 21.01 0
    endloop
  endfacet
  facet normal -1 0 0
    outer loop
      vertex 0 7.67157 2.77215
      vertex 0 1.5 0
      vertex 0 7.58817 2.75556
    endloop
  endfacet
  facet normal -1 0 0
    outer loop
      vertex 0 7.58817 2.75556
      vertex 0 1.5 0
      vertex 0 7.50333 2.75
    endloop
  endfacet
  facet normal -1 -0 0
    outer loop
      vertex 0 7.50333 2.75
      vertex 0 1.5 0
      vertex 0 7.41849 2.75556
    endloop
  endfacet
  facet normal -1 -0 0
    outer loop
      vertex 0 6.85333 3.4
      vertex 0 1.5 0
      vertex 0 6.85333 6.6
    endloop
  endfacet
  facet normal -1 -0 0
    outer loop
      vertex 0 6.85889 3.31516
      vertex 0 1.5 0
      vertex 0 6.85333 3.4
    endloop
  endfacet
  facet normal -1 -0 0
    outer loop
      vertex 0 6.87548 3.23177
      vertex 0 1.5 0
      vertex 0 6.85889 3.31516
    endloop
  endfacet
  facet normal -1 -0 0
    outer loop
      vertex 0 6.90281 3.15126
      vertex 0 1.5 0
      vertex 0 6.87548 3.23177
    endloop
  endfacet
  facet normal -1 -0 0
    outer loop
      vertex 0 6.94042 3.075
      vertex 0 1.5 0
      vertex 0 6.90281 3.15126
    endloop
  endfacet
  facet normal -1 -0 0
    outer loop
      vertex 0 6.98765 3.00431
      vertex 0 1.5 0
      vertex 0 6.94042 3.075
    endloop
  endfacet
  facet normal -1 -0 0
    outer loop
      vertex 0 7.04371 2.94038
      vertex 0 1.5 0
      vertex 0 6.98765 3.00431
    endloop
  endfacet
  facet normal -1 -0 0
    outer loop
      vertex 0 7.10764 2.88432
      vertex 0 1.5 0
      vertex 0 7.04371 2.94038
    endloop
  endfacet
  facet normal -1 -0 0
    outer loop
      vertex 0 7.17833 2.83708
      vertex 0 1.5 0
      vertex 0 7.10764 2.88432
    endloop
  endfacet
  facet normal -1 -0 0
    outer loop
      vertex 0 7.25459 2.79948
      vertex 0 1.5 0
      vertex 0 7.17833 2.83708
    endloop
  endfacet
  facet normal -1 -0 0
    outer loop
      vertex 0 7.3351 2.77215
      vertex 0 1.5 0
      vertex 0 7.25459 2.79948
    endloop
  endfacet
  facet normal -1 -0 0
    outer loop
      vertex 0 7.41849 2.75556
      vertex 0 1.5 0
      vertex 0 7.3351 2.77215
    endloop
  endfacet
  facet normal -1 0 0
    outer loop
      vertex 0 15.6511 6.68484
      vertex 0 21.01 0
      vertex 0 15.6567 6.6
    endloop
  endfacet
  facet normal -1 0 0
    outer loop
      vertex 0 21.01 0
      vertex 0 15.6511 6.68484
      vertex 0 21.01 15.9515
    endloop
  endfacet
  facet normal -1 0 0
    outer loop
      vertex 0 15.6345 6.76823
      vertex 0 21.01 15.9515
      vertex 0 15.6511 6.68484
    endloop
  endfacet
  facet normal -1 0 0
    outer loop
      vertex 0 15.6072 6.84874
      vertex 0 21.01 15.9515
      vertex 0 15.6345 6.76823
    endloop
  endfacet
  facet normal -1 0 0
    outer loop
      vertex 0 15.5696 6.925
      vertex 0 21.01 15.9515
      vertex 0 15.6072 6.84874
    endloop
  endfacet
  facet normal -1 0 0
    outer loop
      vertex 0 15.5223 6.99569
      vertex 0 21.01 15.9515
      vertex 0 15.5696 6.925
    endloop
  endfacet
  facet normal -1 0 0
    outer loop
      vertex 0 15.4663 7.05962
      vertex 0 21.01 15.9515
      vertex 0 15.5223 6.99569
    endloop
  endfacet
  facet normal -1 0 0
    outer loop
      vertex 0 15.4024 7.11568
      vertex 0 21.01 15.9515
      vertex 0 15.4663 7.05962
    endloop
  endfacet
  facet normal -1 0 0
    outer loop
      vertex 0 15.3317 7.16292
      vertex 0 21.01 15.9515
      vertex 0 15.4024 7.11568
    endloop
  endfacet
  facet normal -1 0 0
    outer loop
      vertex 0 15.2554 7.20052
      vertex 0 21.01 15.9515
      vertex 0 15.3317 7.16292
    endloop
  endfacet
  facet normal -1 0 0
    outer loop
      vertex 0 15.1749 7.22785
      vertex 0 21.01 15.9515
      vertex 0 15.2554 7.20052
    endloop
  endfacet
  facet normal -1 0 0
    outer loop
      vertex 0 15.0915 7.24444
      vertex 0 21.01 15.9515
      vertex 0 15.1749 7.22785
    endloop
  endfacet
  facet normal -1 0 0
    outer loop
      vertex 0 15.0067 7.25
      vertex 0 21.01 15.9515
      vertex 0 15.0915 7.24444
    endloop
  endfacet
  facet normal -1 0 0
    outer loop
      vertex 0 14.9218 7.24444
      vertex 0 21.01 15.9515
      vertex 0 15.0067 7.25
    endloop
  endfacet
  facet normal -1 0 0
    outer loop
      vertex 0 14.8384 7.22785
      vertex 0 21.01 15.9515
      vertex 0 14.9218 7.24444
    endloop
  endfacet
  facet normal -1 0 0
    outer loop
      vertex 0 14.7579 7.20052
      vertex 0 21.01 15.9515
      vertex 0 14.8384 7.22785
    endloop
  endfacet
  facet normal -1 0 0
    outer loop
      vertex 0 7.75208 7.20052
      vertex 0 14.7579 7.20052
      vertex 0 14.6817 7.16292
    endloop
  endfacet
  facet normal -1 0 0
    outer loop
      vertex 0 7.82833 7.16292
      vertex 0 14.6817 7.16292
      vertex 0 14.611 7.11568
    endloop
  endfacet
  facet normal -1 0 0
    outer loop
      vertex 0 7.89903 7.11568
      vertex 0 14.611 7.11568
      vertex 0 14.547 7.05962
    endloop
  endfacet
  facet normal -1 0 0
    outer loop
      vertex 0 7.96295 7.05962
      vertex 0 14.547 7.05962
      vertex 0 14.491 6.99569
    endloop
  endfacet
  facet normal -1 0 0
    outer loop
      vertex 0 8.15333 6.6
      vertex 0 14.3567 6.6
      vertex 0 8.15333 3.4
    endloop
  endfacet
  facet normal -1 0 0
    outer loop
      vertex 0 14.3567 6.6
      vertex 0 8.15333 6.6
      vertex 0 14.3622 6.68484
    endloop
  endfacet
  facet normal -1 0 0
    outer loop
      vertex 0 8.14777 6.68484
      vertex 0 14.3622 6.68484
      vertex 0 8.15333 6.6
    endloop
  endfacet
  facet normal -1 0 0
    outer loop
      vertex 0 14.3622 6.68484
      vertex 0 8.14777 6.68484
      vertex 0 14.3788 6.76823
    endloop
  endfacet
  facet normal -1 0 0
    outer loop
      vertex 0 8.13118 6.76823
      vertex 0 14.3788 6.76823
      vertex 0 8.14777 6.68484
    endloop
  endfacet
  facet normal -1 0 0
    outer loop
      vertex 0 14.3788 6.76823
      vertex 0 8.13118 6.76823
      vertex 0 14.4061 6.84874
    endloop
  endfacet
  facet normal -1 0 0
    outer loop
      vertex 0 8.10385 6.84874
      vertex 0 14.4061 6.84874
      vertex 0 8.13118 6.76823
    endloop
  endfacet
  facet normal -1 0 0
    outer loop
      vertex 0 14.4061 6.84874
      vertex 0 8.10385 6.84874
      vertex 0 14.4438 6.925
    endloop
  endfacet
  facet normal -1 0 0
    outer loop
      vertex 0 8.06625 6.925
      vertex 0 14.4438 6.925
      vertex 0 8.10385 6.84874
    endloop
  endfacet
  facet normal -1 0 0
    outer loop
      vertex 0 14.4438 6.925
      vertex 0 8.06625 6.925
      vertex 0 14.491 6.99569
    endloop
  endfacet
  facet normal -1 0 0
    outer loop
      vertex 0 8.01901 6.99569
      vertex 0 14.491 6.99569
      vertex 0 8.06625 6.925
    endloop
  endfacet
  facet normal -1 0 0
    outer loop
      vertex 0 7.96295 7.05962
      vertex 0 14.491 6.99569
      vertex 0 8.01901 6.99569
    endloop
  endfacet
  facet normal -1 0 0
    outer loop
      vertex 0 14.547 7.05962
      vertex 0 7.96295 7.05962
      vertex 0 7.89903 7.11568
    endloop
  endfacet
  facet normal -1 0 0
    outer loop
      vertex 0 14.611 7.11568
      vertex 0 7.89903 7.11568
      vertex 0 7.82833 7.16292
    endloop
  endfacet
  facet normal -1 0 0
    outer loop
      vertex 0 14.6817 7.16292
      vertex 0 7.82833 7.16292
      vertex 0 7.75208 7.20052
    endloop
  endfacet
  facet normal -1 0 0
    outer loop
      vertex 0 14.7579 7.20052
      vertex 0 7.75208 7.20052
      vertex 0 21.01 15.9515
    endloop
  endfacet
  facet normal -1 0 0
    outer loop
      vertex 0 7.67157 7.22785
      vertex 0 21.01 15.9515
      vertex 0 7.75208 7.20052
    endloop
  endfacet
  facet normal -1 0 0
    outer loop
      vertex 0 7.58817 7.24444
      vertex 0 21.01 15.9515
      vertex 0 7.67157 7.22785
    endloop
  endfacet
  facet normal -1 0 0
    outer loop
      vertex 0 1.5 10.7238
      vertex 0 7.58817 7.24444
      vertex 0 7.50333 7.25
    endloop
  endfacet
  facet normal -1 0 0
    outer loop
      vertex 0 1.5 10.7238
      vertex 0 7.50333 7.25
      vertex 0 7.41849 7.24444
    endloop
  endfacet
  facet normal -1 0 0
    outer loop
      vertex 0 1.5 10.7238
      vertex 0 7.41849 7.24444
      vertex 0 7.3351 7.22785
    endloop
  endfacet
  facet normal -1 0 0
    outer loop
      vertex 0 1.5 10.7238
      vertex 0 7.3351 7.22785
      vertex 0 7.25459 7.20052
    endloop
  endfacet
  facet normal -1 0 0
    outer loop
      vertex 0 1.5 10.7238
      vertex 0 7.25459 7.20052
      vertex 0 7.17833 7.16292
    endloop
  endfacet
  facet normal -1 0 0
    outer loop
      vertex 0 1.5 10.7238
      vertex 0 6.85333 6.6
      vertex 0 1.5 0
    endloop
  endfacet
  facet normal -1 0 0
    outer loop
      vertex 0 6.85333 6.6
      vertex 0 1.5 10.7238
      vertex 0 6.85889 6.68484
    endloop
  endfacet
  facet normal -1 0 0
    outer loop
      vertex 0 6.85889 6.68484
      vertex 0 1.5 10.7238
      vertex 0 6.87548 6.76823
    endloop
  endfacet
  facet normal -1 0 0
    outer loop
      vertex 0 6.87548 6.76823
      vertex 0 1.5 10.7238
      vertex 0 6.90281 6.84874
    endloop
  endfacet
  facet normal -1 0 0
    outer loop
      vertex 0 6.90281 6.84874
      vertex 0 1.5 10.7238
      vertex 0 6.94042 6.925
    endloop
  endfacet
  facet normal -1 0 0
    outer loop
      vertex 0 7.58817 7.24444
      vertex 0 1.5 10.7238
      vertex 0 21.01 15.9515
    endloop
  endfacet
  facet normal -1 0 0
    outer loop
      vertex 0 7.10764 7.11568
      vertex 0 1.5 10.7238
      vertex 0 7.17833 7.16292
    endloop
  endfacet
  facet normal -1 0 0
    outer loop
      vertex 0 7.04371 7.05962
      vertex 0 1.5 10.7238
      vertex 0 7.10764 7.11568
    endloop
  endfacet
  facet normal -1 0 0
    outer loop
      vertex 0 6.98765 6.99569
      vertex 0 1.5 10.7238
      vertex 0 7.04371 7.05962
    endloop
  endfacet
  facet normal -1 0 0
    outer loop
      vertex 0 6.94042 6.925
      vertex 0 1.5 10.7238
      vertex 0 6.98765 6.99569
    endloop
  endfacet
  facet normal 0 0 -1
    outer loop
      vertex 25.05 1.5 0
      vertex 23.5466 1.84779 0
      vertex 23.55 1.9 0
    endloop
  endfacet
  facet normal 0 0 -1
    outer loop
      vertex 23.7458 0.0128326 0
      vertex 23.5364 1.79647 0
      vertex 23.5466 1.84779 0
    endloop
  endfacet
  facet normal 0 0 -1
    outer loop
      vertex 23.7458 0.0128326 0
      vertex 23.5196 1.74693 0
      vertex 23.5364 1.79647 0
    endloop
  endfacet
  facet normal 0 0 -1
    outer loop
      vertex 23.7458 0.0128326 0
      vertex 23.4964 1.7 0
      vertex 23.5196 1.74693 0
    endloop
  endfacet
  facet normal 0 0 -1
    outer loop
      vertex 23.7458 0.0128326 0
      vertex 23.4673 1.6565 0
      vertex 23.4964 1.7 0
    endloop
  endfacet
  facet normal 0 0 -1
    outer loop
      vertex 23.7458 0.0128326 0
      vertex 23.4328 1.61716 0
      vertex 23.4673 1.6565 0
    endloop
  endfacet
  facet normal 0 0 -1
    outer loop
      vertex 23.7458 0.0128326 0
      vertex 23.3935 1.58266 0
      vertex 23.4328 1.61716 0
    endloop
  endfacet
  facet normal 0 0 -1
    outer loop
      vertex 23.7458 0.0128326 0
      vertex 23.35 1.55359 0
      vertex 23.3935 1.58266 0
    endloop
  endfacet
  facet normal 0 0 -1
    outer loop
      vertex 23.7458 0.0128326 0
      vertex 23.3031 1.53045 0
      vertex 23.35 1.55359 0
    endloop
  endfacet
  facet normal 0 0 -1
    outer loop
      vertex 23.55 0 0
      vertex 23.2535 1.51363 0
      vertex 23.3031 1.53045 0
    endloop
  endfacet
  facet normal 0 0 -1
    outer loop
      vertex 23.55 0 0
      vertex 23.2022 1.50342 0
      vertex 23.2535 1.51363 0
    endloop
  endfacet
  facet normal 0 0 -1
    outer loop
      vertex 23.55 0 0
      vertex 23.15 1.5 0
      vertex 23.2022 1.50342 0
    endloop
  endfacet
  facet normal 0 0 -1
    outer loop
      vertex 23.55 0 0
      vertex 1.9 1.5 0
      vertex 23.15 1.5 0
    endloop
  endfacet
  facet normal 0 0 -1
    outer loop
      vertex 1.5 0 0
      vertex 1.9 1.5 0
      vertex 23.55 0 0
    endloop
  endfacet
  facet normal -0 0 -1
    outer loop
      vertex 1.9 1.5 0
      vertex 1.5 0 0
      vertex 1.84779 1.50342 0
    endloop
  endfacet
  facet normal 0 0 -1
    outer loop
      vertex 1.5 0 0
      vertex 1.79647 1.51363 0
      vertex 1.84779 1.50342 0
    endloop
  endfacet
  facet normal 0 0 -1
    outer loop
      vertex 1.5 0 0
      vertex 1.74693 1.53045 0
      vertex 1.79647 1.51363 0
    endloop
  endfacet
  facet normal 0 0 -1
    outer loop
      vertex 1.30421 0.0128326 0
      vertex 1.74693 1.53045 0
      vertex 1.5 0 0
    endloop
  endfacet
  facet normal -0 0 -1
    outer loop
      vertex 1.74693 1.53045 0
      vertex 1.30421 0.0128326 0
      vertex 1.7 1.55359 0
    endloop
  endfacet
  facet normal 0 0 -1
    outer loop
      vertex 1.11177 0.0511112 0
      vertex 1.7 1.55359 0
      vertex 1.30421 0.0128326 0
    endloop
  endfacet
  facet normal 0 0 -1
    outer loop
      vertex 0.925975 0.114181 0
      vertex 1.7 1.55359 0
      vertex 1.11177 0.0511112 0
    endloop
  endfacet
  facet normal -0 0 -1
    outer loop
      vertex 1.7 1.55359 0
      vertex 0.925975 0.114181 0
      vertex 1.6565 1.58266 0
    endloop
  endfacet
  facet normal 0 0 -1
    outer loop
      vertex 0.75 0.200961 0
      vertex 1.6565 1.58266 0
      vertex 0.925975 0.114181 0
    endloop
  endfacet
  facet normal 0 0 -1
    outer loop
      vertex 0.586858 0.30997 0
      vertex 1.6565 1.58266 0
      vertex 0.75 0.200961 0
    endloop
  endfacet
  facet normal -0 0 -1
    outer loop
      vertex 1.6565 1.58266 0
      vertex 0.586858 0.30997 0
      vertex 1.61716 1.61716 0
    endloop
  endfacet
  facet normal 0 0 -1
    outer loop
      vertex 0.43934 0.43934 0
      vertex 1.61716 1.61716 0
      vertex 0.586858 0.30997 0
    endloop
  endfacet
  facet normal 0 0 -1
    outer loop
      vertex 0.30997 0.586858 0
      vertex 1.61716 1.61716 0
      vertex 0.43934 0.43934 0
    endloop
  endfacet
  facet normal -0 0 -1
    outer loop
      vertex 1.5 1.9 0
      vertex 0 1.5 0
      vertex 1.5 20.61 0
    endloop
  endfacet
  facet normal -0 0 -1
    outer loop
      vertex 1.61716 1.61716 0
      vertex 0.30997 0.586858 0
      vertex 1.58266 1.6565 0
    endloop
  endfacet
  facet normal 0 0 -1
    outer loop
      vertex 0 21.01 0
      vertex 1.5 20.61 0
      vertex 0 1.5 0
    endloop
  endfacet
  facet normal 0 0 -1
    outer loop
      vertex 0.200961 0.75 0
      vertex 1.58266 1.6565 0
      vertex 0.30997 0.586858 0
    endloop
  endfacet
  facet normal 0 -0 -1
    outer loop
      vertex 0.0128326 21.2058 0
      vertex 1.5 20.61 0
      vertex 0 21.01 0
    endloop
  endfacet
  facet normal 0 0 -1
    outer loop
      vertex 0.114181 0.925975 0
      vertex 1.58266 1.6565 0
      vertex 0.200961 0.75 0
    endloop
  endfacet
  facet normal 0 0 -1
    outer loop
      vertex 1.5 20.61 0
      vertex 1.30421 22.4972 0
      vertex 1.5 22.51 0
    endloop
  endfacet
  facet normal -0 0 -1
    outer loop
      vertex 1.58266 1.6565 0
      vertex 0.114181 0.925975 0
      vertex 1.55359 1.7 0
    endloop
  endfacet
  facet normal 0 0 -1
    outer loop
      vertex 1.5 20.61 0
      vertex 1.11177 22.4589 0
      vertex 1.30421 22.4972 0
    endloop
  endfacet
  facet normal 0 0 -1
    outer loop
      vertex 0.0511112 1.11177 0
      vertex 1.55359 1.7 0
      vertex 0.114181 0.925975 0
    endloop
  endfacet
  facet normal 0 0 -1
    outer loop
      vertex 1.5 20.61 0
      vertex 0.925975 22.3958 0
      vertex 1.11177 22.4589 0
    endloop
  endfacet
  facet normal -0 0 -1
    outer loop
      vertex 1.55359 1.7 0
      vertex 0.0511112 1.11177 0
      vertex 1.53045 1.74693 0
    endloop
  endfacet
  facet normal 0 0 -1
    outer loop
      vertex 1.5 20.61 0
      vertex 0.75 22.309 0
      vertex 0.925975 22.3958 0
    endloop
  endfacet
  facet normal 0 0 -1
    outer loop
      vertex 0.0128326 1.30421 0
      vertex 1.53045 1.74693 0
      vertex 0.0511112 1.11177 0
    endloop
  endfacet
  facet normal 0 0 -1
    outer loop
      vertex 1.5 20.61 0
      vertex 0.586858 22.2 0
      vertex 0.75 22.309 0
    endloop
  endfacet
  facet normal 0 0 -1
    outer loop
      vertex 0 1.5 0
      vertex 1.53045 1.74693 0
      vertex 0.0128326 1.30421 0
    endloop
  endfacet
  facet normal 0 0 -1
    outer loop
      vertex 1.5 20.61 0
      vertex 0.43934 22.0707 0
      vertex 0.586858 22.2 0
    endloop
  endfacet
  facet normal -0 0 -1
    outer loop
      vertex 1.53045 1.74693 0
      vertex 0 1.5 0
      vertex 1.51363 1.79647 0
    endloop
  endfacet
  facet normal 0 0 -1
    outer loop
      vertex 1.5 20.61 0
      vertex 0.30997 21.9231 0
      vertex 0.43934 22.0707 0
    endloop
  endfacet
  facet normal -0 0 -1
    outer loop
      vertex 1.51363 1.79647 0
      vertex 0 1.5 0
      vertex 1.50342 1.84779 0
    endloop
  endfacet
  facet normal 0 0 -1
    outer loop
      vertex 1.5 20.61 0
      vertex 0.200961 21.76 0
      vertex 0.30997 21.9231 0
    endloop
  endfacet
  facet normal -0 0 -1
    outer loop
      vertex 1.50342 1.84779 0
      vertex 0 1.5 0
      vertex 1.5 1.9 0
    endloop
  endfacet
  facet normal 0 0 -1
    outer loop
      vertex 1.5 20.61 0
      vertex 0.114181 21.584 0
      vertex 0.200961 21.76 0
    endloop
  endfacet
  facet normal 0 0 -1
    outer loop
      vertex 1.5 20.61 0
      vertex 0.0511112 21.3982 0
      vertex 0.114181 21.584 0
    endloop
  endfacet
  facet normal 0 0 -1
    outer loop
      vertex 1.5 20.61 0
      vertex 0.0128326 21.2058 0
      vertex 0.0511112 21.3982 0
    endloop
  endfacet
  facet normal 0 0 -1
    outer loop
      vertex 23.5466 1.84779 0
      vertex 25.05 1.5 0
      vertex 25.0372 1.30421 0
    endloop
  endfacet
  facet normal 0 0 -1
    outer loop
      vertex 25.05 1.5 0
      vertex 23.55 1.9 0
      vertex 25.05 21.01 0
    endloop
  endfacet
  facet normal 0 0 -1
    outer loop
      vertex 23.5466 1.84779 0
      vertex 25.0372 1.30421 0
      vertex 24.9989 1.11177 0
    endloop
  endfacet
  facet normal 0 0 -1
    outer loop
      vertex 23.55 20.61 0
      vertex 25.05 21.01 0
      vertex 23.55 1.9 0
    endloop
  endfacet
  facet normal 0 0 -1
    outer loop
      vertex 23.5466 1.84779 0
      vertex 24.9989 1.11177 0
      vertex 24.9358 0.925975 0
    endloop
  endfacet
  facet normal 0 0 -1
    outer loop
      vertex 23.5466 20.6622 0
      vertex 25.05 21.01 0
      vertex 23.55 20.61 0
    endloop
  endfacet
  facet normal 0 0 -1
    outer loop
      vertex 23.5466 1.84779 0
      vertex 24.9358 0.925975 0
      vertex 24.849 0.75 0
    endloop
  endfacet
  facet normal 0 0 -1
    outer loop
      vertex 23.5364 20.7135 0
      vertex 25.05 21.01 0
      vertex 23.5466 20.6622 0
    endloop
  endfacet
  facet normal 0 0 -1
    outer loop
      vertex 23.5466 1.84779 0
      vertex 24.849 0.75 0
      vertex 24.74 0.586858 0
    endloop
  endfacet
  facet normal 0 0 -1
    outer loop
      vertex 23.5196 20.7631 0
      vertex 25.05 21.01 0
      vertex 23.5364 20.7135 0
    endloop
  endfacet
  facet normal 0 0 -1
    outer loop
      vertex 23.5466 1.84779 0
      vertex 24.74 0.586858 0
      vertex 24.6107 0.43934 0
    endloop
  endfacet
  facet normal -0 0 -1
    outer loop
      vertex 25.05 21.01 0
      vertex 23.5196 20.7631 0
      vertex 25.0372 21.2058 0
    endloop
  endfacet
  facet normal 0 0 -1
    outer loop
      vertex 23.5466 1.84779 0
      vertex 24.6107 0.43934 0
      vertex 24.4631 0.30997 0
    endloop
  endfacet
  facet normal -0 0 -1
    outer loop
      vertex 25.0372 21.2058 0
      vertex 23.5196 20.7631 0
      vertex 24.9989 21.3982 0
    endloop
  endfacet
  facet normal 0 0 -1
    outer loop
      vertex 23.5466 1.84779 0
      vertex 24.4631 0.30997 0
      vertex 24.3 0.200961 0
    endloop
  endfacet
  facet normal 0 0 -1
    outer loop
      vertex 23.4964 20.81 0
      vertex 24.9989 21.3982 0
      vertex 23.5196 20.7631 0
    endloop
  endfacet
  facet normal 0 0 -1
    outer loop
      vertex 23.5466 1.84779 0
      vertex 24.3 0.200961 0
      vertex 24.124 0.114181 0
    endloop
  endfacet
  facet normal -0 0 -1
    outer loop
      vertex 24.9989 21.3982 0
      vertex 23.4964 20.81 0
      vertex 24.9358 21.584 0
    endloop
  endfacet
  facet normal 0 0 -1
    outer loop
      vertex 23.5466 1.84779 0
      vertex 24.124 0.114181 0
      vertex 23.9382 0.0511112 0
    endloop
  endfacet
  facet normal 0 0 -1
    outer loop
      vertex 23.4673 20.8535 0
      vertex 24.9358 21.584 0
      vertex 23.4964 20.81 0
    endloop
  endfacet
  facet normal 0 0 -1
    outer loop
      vertex 23.5466 1.84779 0
      vertex 23.9382 0.0511112 0
      vertex 23.7458 0.0128326 0
    endloop
  endfacet
  facet normal -0 0 -1
    outer loop
      vertex 24.9358 21.584 0
      vertex 23.4673 20.8535 0
      vertex 24.849 21.76 0
    endloop
  endfacet
  facet normal 0 0 -1
    outer loop
      vertex 23.3031 1.53045 0
      vertex 23.7458 0.0128326 0
      vertex 23.55 0 0
    endloop
  endfacet
  facet normal -0 0 -1
    outer loop
      vertex 24.849 21.76 0
      vertex 23.4673 20.8535 0
      vertex 24.74 21.9231 0
    endloop
  endfacet
  facet normal 0 0 -1
    outer loop
      vertex 23.4328 20.8928 0
      vertex 24.74 21.9231 0
      vertex 23.4673 20.8535 0
    endloop
  endfacet
  facet normal -0 0 -1
    outer loop
      vertex 24.74 21.9231 0
      vertex 23.4328 20.8928 0
      vertex 24.6107 22.0707 0
    endloop
  endfacet
  facet normal -0 0 -1
    outer loop
      vertex 24.6107 22.0707 0
      vertex 23.4328 20.8928 0
      vertex 24.4631 22.2 0
    endloop
  endfacet
  facet normal 0 0 -1
    outer loop
      vertex 23.3935 20.9273 0
      vertex 24.4631 22.2 0
      vertex 23.4328 20.8928 0
    endloop
  endfacet
  facet normal -0 0 -1
    outer loop
      vertex 24.4631 22.2 0
      vertex 23.3935 20.9273 0
      vertex 24.3 22.309 0
    endloop
  endfacet
  facet normal -0 0 -1
    outer loop
      vertex 24.3 22.309 0
      vertex 23.3935 20.9273 0
      vertex 24.124 22.3958 0
    endloop
  endfacet
  facet normal 0 0 -1
    outer loop
      vertex 23.35 20.9564 0
      vertex 24.124 22.3958 0
      vertex 23.3935 20.9273 0
    endloop
  endfacet
  facet normal -0 0 -1
    outer loop
      vertex 24.124 22.3958 0
      vertex 23.35 20.9564 0
      vertex 23.9382 22.4589 0
    endloop
  endfacet
  facet normal -0 0 -1
    outer loop
      vertex 23.9382 22.4589 0
      vertex 23.35 20.9564 0
      vertex 23.7458 22.4972 0
    endloop
  endfacet
  facet normal 0 0 -1
    outer loop
      vertex 23.3031 20.9796 0
      vertex 23.7458 22.4972 0
      vertex 23.35 20.9564 0
    endloop
  endfacet
  facet normal -0 0 -1
    outer loop
      vertex 23.7458 22.4972 0
      vertex 23.3031 20.9796 0
      vertex 23.55 22.51 0
    endloop
  endfacet
  facet normal 0 0 -1
    outer loop
      vertex 23.2535 20.9964 0
      vertex 23.55 22.51 0
      vertex 23.3031 20.9796 0
    endloop
  endfacet
  facet normal 0 0 -1
    outer loop
      vertex 23.2022 21.0066 0
      vertex 23.55 22.51 0
      vertex 23.2535 20.9964 0
    endloop
  endfacet
  facet normal 0 0 -1
    outer loop
      vertex 23.15 21.01 0
      vertex 23.55 22.51 0
      vertex 23.2022 21.0066 0
    endloop
  endfacet
  facet normal 0 0 -1
    outer loop
      vertex 1.9 21.01 0
      vertex 23.55 22.51 0
      vertex 23.15 21.01 0
    endloop
  endfacet
  facet normal 0 0 -1
    outer loop
      vertex 1.5 22.51 0
      vertex 1.9 21.01 0
      vertex 1.84779 21.0066 0
    endloop
  endfacet
  facet normal 0 0 -1
    outer loop
      vertex 1.9 21.01 0
      vertex 1.5 22.51 0
      vertex 23.55 22.51 0
    endloop
  endfacet
  facet normal 0 0 -1
    outer loop
      vertex 1.79647 20.9964 0
      vertex 1.5 22.51 0
      vertex 1.84779 21.0066 0
    endloop
  endfacet
  facet normal 0 0 -1
    outer loop
      vertex 1.74693 20.9796 0
      vertex 1.5 22.51 0
      vertex 1.79647 20.9964 0
    endloop
  endfacet
  facet normal 0 0 -1
    outer loop
      vertex 1.7 20.9564 0
      vertex 1.5 22.51 0
      vertex 1.74693 20.9796 0
    endloop
  endfacet
  facet normal 0 0 -1
    outer loop
      vertex 1.6565 20.9273 0
      vertex 1.5 22.51 0
      vertex 1.7 20.9564 0
    endloop
  endfacet
  facet normal 0 0 -1
    outer loop
      vertex 1.61716 20.8928 0
      vertex 1.5 22.51 0
      vertex 1.6565 20.9273 0
    endloop
  endfacet
  facet normal 0 0 -1
    outer loop
      vertex 1.58266 20.8535 0
      vertex 1.5 22.51 0
      vertex 1.61716 20.8928 0
    endloop
  endfacet
  facet normal 0 0 -1
    outer loop
      vertex 1.55359 20.81 0
      vertex 1.5 22.51 0
      vertex 1.58266 20.8535 0
    endloop
  endfacet
  facet normal 0 0 -1
    outer loop
      vertex 1.53045 20.7631 0
      vertex 1.5 22.51 0
      vertex 1.55359 20.81 0
    endloop
  endfacet
  facet normal 0 0 -1
    outer loop
      vertex 1.51363 20.7135 0
      vertex 1.5 22.51 0
      vertex 1.53045 20.7631 0
    endloop
  endfacet
  facet normal 0 0 -1
    outer loop
      vertex 1.50342 20.6622 0
      vertex 1.5 22.51 0
      vertex 1.51363 20.7135 0
    endloop
  endfacet
  facet normal 0 0 -1
    outer loop
      vertex 1.5 22.51 0
      vertex 1.50342 20.6622 0
      vertex 1.5 20.61 0
    endloop
  endfacet
  facet normal 0 0 -1
    outer loop
      vertex 23.15 1.5 0
      vertex 23.55 1.9 0
      vertex 23.5466 1.84779 0
    endloop
  endfacet
  facet normal -0 0 -1
    outer loop
      vertex 23.55 1.9 0
      vertex 23.15 1.5 0
      vertex 23.55 20.61 0
    endloop
  endfacet
  facet normal 0 0 -1
    outer loop
      vertex 23.15 1.5 0
      vertex 23.5466 1.84779 0
      vertex 23.5364 1.79647 0
    endloop
  endfacet
  facet normal 0 0 -1
    outer loop
      vertex 23.15 21.01 0
      vertex 23.55 20.61 0
      vertex 23.15 1.5 0
    endloop
  endfacet
  facet normal 0 0 -1
    outer loop
      vertex 23.15 1.5 0
      vertex 23.5364 1.79647 0
      vertex 23.5196 1.74693 0
    endloop
  endfacet
  facet normal 0 0 -1
    outer loop
      vertex 23.55 20.61 0
      vertex 23.15 21.01 0
      vertex 23.5466 20.6622 0
    endloop
  endfacet
  facet normal 0 0 -1
    outer loop
      vertex 23.15 1.5 0
      vertex 23.5196 1.74693 0
      vertex 23.4964 1.7 0
    endloop
  endfacet
  facet normal 0 0 -1
    outer loop
      vertex 23.5466 20.6622 0
      vertex 23.15 21.01 0
      vertex 23.5364 20.7135 0
    endloop
  endfacet
  facet normal 0 0 -1
    outer loop
      vertex 23.15 1.5 0
      vertex 23.4964 1.7 0
      vertex 23.4673 1.6565 0
    endloop
  endfacet
  facet normal 0 0 -1
    outer loop
      vertex 23.5364 20.7135 0
      vertex 23.15 21.01 0
      vertex 23.5196 20.7631 0
    endloop
  endfacet
  facet normal 0 0 -1
    outer loop
      vertex 23.15 1.5 0
      vertex 23.4673 1.6565 0
      vertex 23.4328 1.61716 0
    endloop
  endfacet
  facet normal 0 0 -1
    outer loop
      vertex 23.5196 20.7631 0
      vertex 23.15 21.01 0
      vertex 23.4964 20.81 0
    endloop
  endfacet
  facet normal 0 0 -1
    outer loop
      vertex 23.15 1.5 0
      vertex 23.4328 1.61716 0
      vertex 23.3935 1.58266 0
    endloop
  endfacet
  facet normal 0 0 -1
    outer loop
      vertex 23.4964 20.81 0
      vertex 23.15 21.01 0
      vertex 23.4673 20.8535 0
    endloop
  endfacet
  facet normal 0 0 -1
    outer loop
      vertex 23.15 1.5 0
      vertex 23.3935 1.58266 0
      vertex 23.35 1.55359 0
    endloop
  endfacet
  facet normal 0 0 -1
    outer loop
      vertex 23.4673 20.8535 0
      vertex 23.15 21.01 0
      vertex 23.4328 20.8928 0
    endloop
  endfacet
  facet normal 0 0 -1
    outer loop
      vertex 23.15 1.5 0
      vertex 23.35 1.55359 0
      vertex 23.3031 1.53045 0
    endloop
  endfacet
  facet normal 0 0 -1
    outer loop
      vertex 23.4328 20.8928 0
      vertex 23.15 21.01 0
      vertex 23.3935 20.9273 0
    endloop
  endfacet
  facet normal 0 0 -1
    outer loop
      vertex 23.15 1.5 0
      vertex 23.3031 1.53045 0
      vertex 23.2535 1.51363 0
    endloop
  endfacet
  facet normal 0 0 -1
    outer loop
      vertex 23.3935 20.9273 0
      vertex 23.15 21.01 0
      vertex 23.35 20.9564 0
    endloop
  endfacet
  facet normal 0 0 -1
    outer loop
      vertex 23.15 1.5 0
      vertex 23.2535 1.51363 0
      vertex 23.2022 1.50342 0
    endloop
  endfacet
  facet normal 0 0 -1
    outer loop
      vertex 23.35 20.9564 0
      vertex 23.15 21.01 0
      vertex 23.3031 20.9796 0
    endloop
  endfacet
  facet normal 0 0 -1
    outer loop
      vertex 23.3031 20.9796 0
      vertex 23.15 21.01 0
      vertex 23.2535 20.9964 0
    endloop
  endfacet
  facet normal 0 0 -1
    outer loop
      vertex 23.2535 20.9964 0
      vertex 23.15 21.01 0
      vertex 23.2022 21.0066 0
    endloop
  endfacet
  facet normal 0 0 -1
    outer loop
      vertex 1.9 1.5 0
      vertex 23.15 21.01 0
      vertex 23.15 1.5 0
    endloop
  endfacet
  facet normal 0 0 -1
    outer loop
      vertex 1.9 1.5 0
      vertex 1.9 21.01 0
      vertex 23.15 21.01 0
    endloop
  endfacet
  facet normal 0 0 -1
    outer loop
      vertex 1.5 1.9 0
      vertex 1.9 1.5 0
      vertex 1.84779 1.50342 0
    endloop
  endfacet
  facet normal 0 0 -1
    outer loop
      vertex 1.9 1.5 0
      vertex 1.5 1.9 0
      vertex 1.9 21.01 0
    endloop
  endfacet
  facet normal 0 0 -1
    outer loop
      vertex 1.5 1.9 0
      vertex 1.84779 1.50342 0
      vertex 1.79647 1.51363 0
    endloop
  endfacet
  facet normal 0 0 -1
    outer loop
      vertex 1.5 20.61 0
      vertex 1.9 21.01 0
      vertex 1.5 1.9 0
    endloop
  endfacet
  facet normal 0 0 -1
    outer loop
      vertex 1.5 1.9 0
      vertex 1.79647 1.51363 0
      vertex 1.74693 1.53045 0
    endloop
  endfacet
  facet normal 0 0 -1
    outer loop
      vertex 1.9 21.01 0
      vertex 1.5 20.61 0
      vertex 1.84779 21.0066 0
    endloop
  endfacet
  facet normal 0 0 -1
    outer loop
      vertex 1.5 1.9 0
      vertex 1.74693 1.53045 0
      vertex 1.7 1.55359 0
    endloop
  endfacet
  facet normal 0 0 -1
    outer loop
      vertex 1.84779 21.0066 0
      vertex 1.5 20.61 0
      vertex 1.79647 20.9964 0
    endloop
  endfacet
  facet normal 0 0 -1
    outer loop
      vertex 1.5 1.9 0
      vertex 1.7 1.55359 0
      vertex 1.6565 1.58266 0
    endloop
  endfacet
  facet normal 0 0 -1
    outer loop
      vertex 1.79647 20.9964 0
      vertex 1.5 20.61 0
      vertex 1.74693 20.9796 0
    endloop
  endfacet
  facet normal 0 0 -1
    outer loop
      vertex 1.5 1.9 0
      vertex 1.6565 1.58266 0
      vertex 1.61716 1.61716 0
    endloop
  endfacet
  facet normal 0 0 -1
    outer loop
      vertex 1.74693 20.9796 0
      vertex 1.5 20.61 0
      vertex 1.7 20.9564 0
    endloop
  endfacet
  facet normal 0 0 -1
    outer loop
      vertex 1.5 1.9 0
      vertex 1.61716 1.61716 0
      vertex 1.58266 1.6565 0
    endloop
  endfacet
  facet normal 0 0 -1
    outer loop
      vertex 1.7 20.9564 0
      vertex 1.5 20.61 0
      vertex 1.6565 20.9273 0
    endloop
  endfacet
  facet normal 0 0 -1
    outer loop
      vertex 1.5 1.9 0
      vertex 1.58266 1.6565 0
      vertex 1.55359 1.7 0
    endloop
  endfacet
  facet normal 0 0 -1
    outer loop
      vertex 1.6565 20.9273 0
      vertex 1.5 20.61 0
      vertex 1.61716 20.8928 0
    endloop
  endfacet
  facet normal 0 0 -1
    outer loop
      vertex 1.5 1.9 0
      vertex 1.55359 1.7 0
      vertex 1.53045 1.74693 0
    endloop
  endfacet
  facet normal 0 0 -1
    outer loop
      vertex 1.61716 20.8928 0
      vertex 1.5 20.61 0
      vertex 1.58266 20.8535 0
    endloop
  endfacet
  facet normal 0 0 -1
    outer loop
      vertex 1.5 1.9 0
      vertex 1.53045 1.74693 0
      vertex 1.51363 1.79647 0
    endloop
  endfacet
  facet normal 0 0 -1
    outer loop
      vertex 1.58266 20.8535 0
      vertex 1.5 20.61 0
      vertex 1.55359 20.81 0
    endloop
  endfacet
  facet normal 0 0 -1
    outer loop
      vertex 1.5 1.9 0
      vertex 1.51363 1.79647 0
      vertex 1.50342 1.84779 0
    endloop
  endfacet
  facet normal 0 0 -1
    outer loop
      vertex 1.55359 20.81 0
      vertex 1.5 20.61 0
      vertex 1.53045 20.7631 0
    endloop
  endfacet
  facet normal 0 0 -1
    outer loop
      vertex 1.53045 20.7631 0
      vertex 1.5 20.61 0
      vertex 1.51363 20.7135 0
    endloop
  endfacet
  facet normal 0 0 -1
    outer loop
      vertex 1.51363 20.7135 0
      vertex 1.5 20.61 0
      vertex 1.50342 20.6622 0
    endloop
  endfacet
  facet normal 0.0652336 0.99787 0
    outer loop
      vertex 23.55 22.51 0
      vertex 23.7458 22.4972 12.9336
      vertex 23.7458 22.4972 0
    endloop
  endfacet
  facet normal 0.0652336 0.99787 0
    outer loop
      vertex 23.7458 22.4972 12.9336
      vertex 23.55 22.51 0
      vertex 23.55 22.51 12.937
    endloop
  endfacet
  facet normal 0.0652341 0.99787 2.82879e-05
    outer loop
      vertex 23.5675 22.5089 14.8002
      vertex 23.55 22.51 16.3535
      vertex 23.7458 22.4972 16.35
    endloop
  endfacet
  facet normal 0.0627333 0.99803 0
    outer loop
      vertex 23.55 22.51 16.3535
      vertex 23.5675 22.5089 14.8002
      vertex 23.55 22.51 14.8005
    endloop
  endfacet
  facet normal 0.0654789 0.997854 0
    outer loop
      vertex 23.5675 22.5089 14.8002
      vertex 23.7458 22.4972 16.35
      vertex 23.7458 22.4972 14.7971
    endloop
  endfacet
  facet normal 0 1 -0
    outer loop
      vertex 12.3568 22.51 7.72785
      vertex 2 22.51 12.937
      vertex 12.4402 22.51 7.74444
    endloop
  endfacet
  facet normal 0 1 0
    outer loop
      vertex 2 22.51 12.937
      vertex 6.34734 22.51 7.74444
      vertex 6.2625 22.51 7.75
    endloop
  endfacet
  facet normal 0 1 -0
    outer loop
      vertex 12.2763 22.51 7.70052
      vertex 2 22.51 12.937
      vertex 12.3568 22.51 7.72785
    endloop
  endfacet
  facet normal 0 1 0
    outer loop
      vertex 2 22.51 12.937
      vertex 6.43073 22.51 7.72785
      vertex 6.34734 22.51 7.74444
    endloop
  endfacet
  facet normal 0 1 -0
    outer loop
      vertex 6.51124 22.51 7.70052
      vertex 2 22.51 12.937
      vertex 12.2763 22.51 7.70052
    endloop
  endfacet
  facet normal 0 1 0
    outer loop
      vertex 2 22.51 12.937
      vertex 6.51124 22.51 7.70052
      vertex 6.43073 22.51 7.72785
    endloop
  endfacet
  facet normal 0 1 -0
    outer loop
      vertex 12.2 22.51 7.66292
      vertex 6.51124 22.51 7.70052
      vertex 12.2763 22.51 7.70052
    endloop
  endfacet
  facet normal 0 1 0
    outer loop
      vertex 12.2 22.51 7.66292
      vertex 6.5875 22.51 7.66292
      vertex 6.51124 22.51 7.70052
    endloop
  endfacet
  facet normal 0 1 -0
    outer loop
      vertex 12.1293 22.51 7.61568
      vertex 6.5875 22.51 7.66292
      vertex 12.2 22.51 7.66292
    endloop
  endfacet
  facet normal 0 1 0
    outer loop
      vertex 12.1293 22.51 7.61568
      vertex 6.65819 22.51 7.61568
      vertex 6.5875 22.51 7.66292
    endloop
  endfacet
  facet normal 0 1 -0
    outer loop
      vertex 12.0654 22.51 7.55962
      vertex 6.65819 22.51 7.61568
      vertex 12.1293 22.51 7.61568
    endloop
  endfacet
  facet normal 0 1 0
    outer loop
      vertex 12.0654 22.51 7.55962
      vertex 6.72212 22.51 7.55962
      vertex 6.65819 22.51 7.61568
    endloop
  endfacet
  facet normal 0 1 -0
    outer loop
      vertex 12.0093 22.51 7.49569
      vertex 6.72212 22.51 7.55962
      vertex 12.0654 22.51 7.55962
    endloop
  endfacet
  facet normal 0 1 0
    outer loop
      vertex 12.0093 22.51 7.49569
      vertex 6.77818 22.51 7.49569
      vertex 6.72212 22.51 7.55962
    endloop
  endfacet
  facet normal 0 1 -0
    outer loop
      vertex 11.9621 22.51 7.425
      vertex 6.77818 22.51 7.49569
      vertex 12.0093 22.51 7.49569
    endloop
  endfacet
  facet normal 0 1 0
    outer loop
      vertex 11.9621 22.51 7.425
      vertex 6.82542 22.51 7.425
      vertex 6.77818 22.51 7.49569
    endloop
  endfacet
  facet normal 0 1 -0
    outer loop
      vertex 11.9245 22.51 7.34874
      vertex 6.82542 22.51 7.425
      vertex 11.9621 22.51 7.425
    endloop
  endfacet
  facet normal 0 1 0
    outer loop
      vertex 11.9245 22.51 7.34874
      vertex 6.86302 22.51 7.34874
      vertex 6.82542 22.51 7.425
    endloop
  endfacet
  facet normal 0 1 -0
    outer loop
      vertex 11.8971 22.51 7.26823
      vertex 6.86302 22.51 7.34874
      vertex 11.9245 22.51 7.34874
    endloop
  endfacet
  facet normal 0 1 0
    outer loop
      vertex 11.8971 22.51 7.26823
      vertex 6.89035 22.51 7.26823
      vertex 6.86302 22.51 7.34874
    endloop
  endfacet
  facet normal 0 1 -0
    outer loop
      vertex 11.8806 22.51 7.18484
      vertex 6.89035 22.51 7.26823
      vertex 11.8971 22.51 7.26823
    endloop
  endfacet
  facet normal 0 1 0
    outer loop
      vertex 11.8806 22.51 7.18484
      vertex 6.90694 22.51 7.18484
      vertex 6.89035 22.51 7.26823
    endloop
  endfacet
  facet normal 0 1 -0
    outer loop
      vertex 11.875 22.51 7.1
      vertex 6.90694 22.51 7.18484
      vertex 11.8806 22.51 7.18484
    endloop
  endfacet
  facet normal 0 1 0
    outer loop
      vertex 11.875 22.51 7.1
      vertex 6.9125 22.51 7.1
      vertex 6.90694 22.51 7.18484
    endloop
  endfacet
  facet normal 0 1 -0
    outer loop
      vertex 11.875 22.51 3.9
      vertex 6.9125 22.51 7.1
      vertex 11.875 22.51 7.1
    endloop
  endfacet
  facet normal 0 1 0
    outer loop
      vertex 11.875 22.51 3.9
      vertex 6.9125 22.51 3.9
      vertex 6.9125 22.51 7.1
    endloop
  endfacet
  facet normal 0 1 0
    outer loop
      vertex 11.8806 22.51 3.81516
      vertex 6.9125 22.51 3.9
      vertex 11.875 22.51 3.9
    endloop
  endfacet
  facet normal 0 1 0
    outer loop
      vertex 11.8806 22.51 3.81516
      vertex 6.90694 22.51 3.81516
      vertex 6.9125 22.51 3.9
    endloop
  endfacet
  facet normal 0 1 0
    outer loop
      vertex 11.8971 22.51 3.73177
      vertex 6.90694 22.51 3.81516
      vertex 11.8806 22.51 3.81516
    endloop
  endfacet
  facet normal 0 1 0
    outer loop
      vertex 11.8971 22.51 3.73177
      vertex 6.89035 22.51 3.73177
      vertex 6.90694 22.51 3.81516
    endloop
  endfacet
  facet normal 0 1 0
    outer loop
      vertex 11.9245 22.51 3.65126
      vertex 6.89035 22.51 3.73177
      vertex 11.8971 22.51 3.73177
    endloop
  endfacet
  facet normal 0 1 0
    outer loop
      vertex 11.9245 22.51 3.65126
      vertex 6.86302 22.51 3.65126
      vertex 6.89035 22.51 3.73177
    endloop
  endfacet
  facet normal 0 1 0
    outer loop
      vertex 11.9621 22.51 3.575
      vertex 6.86302 22.51 3.65126
      vertex 11.9245 22.51 3.65126
    endloop
  endfacet
  facet normal 0 1 0
    outer loop
      vertex 11.9621 22.51 3.575
      vertex 6.82542 22.51 3.575
      vertex 6.86302 22.51 3.65126
    endloop
  endfacet
  facet normal 0 1 0
    outer loop
      vertex 12.0093 22.51 3.50431
      vertex 6.82542 22.51 3.575
      vertex 11.9621 22.51 3.575
    endloop
  endfacet
  facet normal 0 1 0
    outer loop
      vertex 12.0093 22.51 3.50431
      vertex 6.77818 22.51 3.50431
      vertex 6.82542 22.51 3.575
    endloop
  endfacet
  facet normal 0 1 0
    outer loop
      vertex 12.0654 22.51 3.44038
      vertex 6.77818 22.51 3.50431
      vertex 12.0093 22.51 3.50431
    endloop
  endfacet
  facet normal 0 1 0
    outer loop
      vertex 12.0654 22.51 3.44038
      vertex 6.72212 22.51 3.44038
      vertex 6.77818 22.51 3.50431
    endloop
  endfacet
  facet normal 0 1 0
    outer loop
      vertex 12.1293 22.51 3.38432
      vertex 6.72212 22.51 3.44038
      vertex 12.0654 22.51 3.44038
    endloop
  endfacet
  facet normal 0 1 0
    outer loop
      vertex 12.1293 22.51 3.38432
      vertex 6.65819 22.51 3.38432
      vertex 6.72212 22.51 3.44038
    endloop
  endfacet
  facet normal 0 1 0
    outer loop
      vertex 12.2 22.51 3.33708
      vertex 6.65819 22.51 3.38432
      vertex 12.1293 22.51 3.38432
    endloop
  endfacet
  facet normal 0 1 0
    outer loop
      vertex 12.2 22.51 3.33708
      vertex 6.5875 22.51 3.33708
      vertex 6.65819 22.51 3.38432
    endloop
  endfacet
  facet normal 0 1 0
    outer loop
      vertex 12.2763 22.51 3.29948
      vertex 6.5875 22.51 3.33708
      vertex 12.2 22.51 3.33708
    endloop
  endfacet
  facet normal 0 1 0
    outer loop
      vertex 12.2763 22.51 3.29948
      vertex 6.51124 22.51 3.29948
      vertex 6.5875 22.51 3.33708
    endloop
  endfacet
  facet normal 0 1 0
    outer loop
      vertex 12.3568 22.51 3.27215
      vertex 6.51124 22.51 3.29948
      vertex 12.2763 22.51 3.29948
    endloop
  endfacet
  facet normal 0 1 0
    outer loop
      vertex 12.3568 22.51 3.27215
      vertex 6.43073 22.51 3.27215
      vertex 6.51124 22.51 3.29948
    endloop
  endfacet
  facet normal 0 1 0
    outer loop
      vertex 1.5 22.51 0
      vertex 12.3568 22.51 3.27215
      vertex 12.4402 22.51 3.25556
    endloop
  endfacet
  facet normal 0 1 0
    outer loop
      vertex 12.3568 22.51 3.27215
      vertex 1.5 22.51 0
      vertex 6.43073 22.51 3.27215
    endloop
  endfacet
  facet normal 0 1 0
    outer loop
      vertex 1.5 22.51 0
      vertex 12.4402 22.51 3.25556
      vertex 12.525 22.51 3.25
    endloop
  endfacet
  facet normal 0 1 0
    outer loop
      vertex 6.43073 22.51 3.27215
      vertex 1.5 22.51 0
      vertex 6.34734 22.51 3.25556
    endloop
  endfacet
  facet normal 0 1 0
    outer loop
      vertex 18.6193 22.51 7.72785
      vertex 23.05 22.51 12.937
      vertex 18.7027 22.51 7.74444
    endloop
  endfacet
  facet normal 0 1 0
    outer loop
      vertex 23.05 22.51 12.937
      vertex 12.6098 22.51 7.74444
      vertex 12.525 22.51 7.75
    endloop
  endfacet
  facet normal 0 1 0
    outer loop
      vertex 18.5388 22.51 7.70052
      vertex 23.05 22.51 12.937
      vertex 18.6193 22.51 7.72785
    endloop
  endfacet
  facet normal 0 1 0
    outer loop
      vertex 23.05 22.51 12.937
      vertex 12.6932 22.51 7.72785
      vertex 12.6098 22.51 7.74444
    endloop
  endfacet
  facet normal 0 1 0
    outer loop
      vertex 12.7737 22.51 7.70052
      vertex 23.05 22.51 12.937
      vertex 18.5388 22.51 7.70052
    endloop
  endfacet
  facet normal 0 1 0
    outer loop
      vertex 23.05 22.51 12.937
      vertex 12.7737 22.51 7.70052
      vertex 12.6932 22.51 7.72785
    endloop
  endfacet
  facet normal 0 1 -0
    outer loop
      vertex 18.4625 22.51 7.66292
      vertex 12.7737 22.51 7.70052
      vertex 18.5388 22.51 7.70052
    endloop
  endfacet
  facet normal 0 1 0
    outer loop
      vertex 18.4625 22.51 7.66292
      vertex 12.85 22.51 7.66292
      vertex 12.7737 22.51 7.70052
    endloop
  endfacet
  facet normal 0 1 -0
    outer loop
      vertex 18.3918 22.51 7.61568
      vertex 12.85 22.51 7.66292
      vertex 18.4625 22.51 7.66292
    endloop
  endfacet
  facet normal 0 1 0
    outer loop
      vertex 18.3918 22.51 7.61568
      vertex 12.9207 22.51 7.61568
      vertex 12.85 22.51 7.66292
    endloop
  endfacet
  facet normal 0 1 -0
    outer loop
      vertex 18.3279 22.51 7.55962
      vertex 12.9207 22.51 7.61568
      vertex 18.3918 22.51 7.61568
    endloop
  endfacet
  facet normal 0 1 0
    outer loop
      vertex 18.3279 22.51 7.55962
      vertex 12.9846 22.51 7.55962
      vertex 12.9207 22.51 7.61568
    endloop
  endfacet
  facet normal 0 1 -0
    outer loop
      vertex 18.2718 22.51 7.49569
      vertex 12.9846 22.51 7.55962
      vertex 18.3279 22.51 7.55962
    endloop
  endfacet
  facet normal 0 1 0
    outer loop
      vertex 18.2718 22.51 7.49569
      vertex 13.0407 22.51 7.49569
      vertex 12.9846 22.51 7.55962
    endloop
  endfacet
  facet normal 0 1 -0
    outer loop
      vertex 18.2246 22.51 7.425
      vertex 13.0407 22.51 7.49569
      vertex 18.2718 22.51 7.49569
    endloop
  endfacet
  facet normal 0 1 0
    outer loop
      vertex 18.2246 22.51 7.425
      vertex 13.0879 22.51 7.425
      vertex 13.0407 22.51 7.49569
    endloop
  endfacet
  facet normal 0 1 -0
    outer loop
      vertex 18.187 22.51 7.34874
      vertex 13.0879 22.51 7.425
      vertex 18.2246 22.51 7.425
    endloop
  endfacet
  facet normal 0 1 0
    outer loop
      vertex 18.187 22.51 7.34874
      vertex 13.1255 22.51 7.34874
      vertex 13.0879 22.51 7.425
    endloop
  endfacet
  facet normal 0 1 -0
    outer loop
      vertex 18.1596 22.51 7.26823
      vertex 13.1255 22.51 7.34874
      vertex 18.187 22.51 7.34874
    endloop
  endfacet
  facet normal 0 1 0
    outer loop
      vertex 18.1596 22.51 7.26823
      vertex 13.1529 22.51 7.26823
      vertex 13.1255 22.51 7.34874
    endloop
  endfacet
  facet normal 0 1 -0
    outer loop
      vertex 18.1431 22.51 7.18484
      vertex 13.1529 22.51 7.26823
      vertex 18.1596 22.51 7.26823
    endloop
  endfacet
  facet normal 0 1 0
    outer loop
      vertex 18.1431 22.51 7.18484
      vertex 13.1694 22.51 7.18484
      vertex 13.1529 22.51 7.26823
    endloop
  endfacet
  facet normal 0 1 -0
    outer loop
      vertex 18.1375 22.51 7.1
      vertex 13.1694 22.51 7.18484
      vertex 18.1431 22.51 7.18484
    endloop
  endfacet
  facet normal 0 1 0
    outer loop
      vertex 18.1375 22.51 7.1
      vertex 13.175 22.51 7.1
      vertex 13.1694 22.51 7.18484
    endloop
  endfacet
  facet normal 0 1 -0
    outer loop
      vertex 18.1375 22.51 3.9
      vertex 13.175 22.51 7.1
      vertex 18.1375 22.51 7.1
    endloop
  endfacet
  facet normal 0 1 0
    outer loop
      vertex 18.1375 22.51 3.9
      vertex 13.175 22.51 3.9
      vertex 13.175 22.51 7.1
    endloop
  endfacet
  facet normal 0 1 0
    outer loop
      vertex 18.1431 22.51 3.81516
      vertex 13.175 22.51 3.9
      vertex 18.1375 22.51 3.9
    endloop
  endfacet
  facet normal 0 1 0
    outer loop
      vertex 18.1431 22.51 3.81516
      vertex 13.1694 22.51 3.81516
      vertex 13.175 22.51 3.9
    endloop
  endfacet
  facet normal 0 1 0
    outer loop
      vertex 18.1596 22.51 3.73177
      vertex 13.1694 22.51 3.81516
      vertex 18.1431 22.51 3.81516
    endloop
  endfacet
  facet normal 0 1 0
    outer loop
      vertex 18.1596 22.51 3.73177
      vertex 13.1529 22.51 3.73177
      vertex 13.1694 22.51 3.81516
    endloop
  endfacet
  facet normal 0 1 0
    outer loop
      vertex 18.187 22.51 3.65126
      vertex 13.1529 22.51 3.73177
      vertex 18.1596 22.51 3.73177
    endloop
  endfacet
  facet normal 0 1 0
    outer loop
      vertex 18.187 22.51 3.65126
      vertex 13.1255 22.51 3.65126
      vertex 13.1529 22.51 3.73177
    endloop
  endfacet
  facet normal 0 1 0
    outer loop
      vertex 18.2246 22.51 3.575
      vertex 13.1255 22.51 3.65126
      vertex 18.187 22.51 3.65126
    endloop
  endfacet
  facet normal 0 1 0
    outer loop
      vertex 18.2246 22.51 3.575
      vertex 13.0879 22.51 3.575
      vertex 13.1255 22.51 3.65126
    endloop
  endfacet
  facet normal 0 1 0
    outer loop
      vertex 18.2718 22.51 3.50431
      vertex 13.0879 22.51 3.575
      vertex 18.2246 22.51 3.575
    endloop
  endfacet
  facet normal 0 1 0
    outer loop
      vertex 18.2718 22.51 3.50431
      vertex 13.0407 22.51 3.50431
      vertex 13.0879 22.51 3.575
    endloop
  endfacet
  facet normal 0 1 0
    outer loop
      vertex 18.3279 22.51 3.44038
      vertex 13.0407 22.51 3.50431
      vertex 18.2718 22.51 3.50431
    endloop
  endfacet
  facet normal 0 1 0
    outer loop
      vertex 18.3279 22.51 3.44038
      vertex 12.9846 22.51 3.44038
      vertex 13.0407 22.51 3.50431
    endloop
  endfacet
  facet normal 0 1 0
    outer loop
      vertex 18.3918 22.51 3.38432
      vertex 12.9846 22.51 3.44038
      vertex 18.3279 22.51 3.44038
    endloop
  endfacet
  facet normal 0 1 0
    outer loop
      vertex 18.3918 22.51 3.38432
      vertex 12.9207 22.51 3.38432
      vertex 12.9846 22.51 3.44038
    endloop
  endfacet
  facet normal 0 1 0
    outer loop
      vertex 18.4625 22.51 3.33708
      vertex 12.9207 22.51 3.38432
      vertex 18.3918 22.51 3.38432
    endloop
  endfacet
  facet normal 0 1 0
    outer loop
      vertex 18.4625 22.51 3.33708
      vertex 12.85 22.51 3.33708
      vertex 12.9207 22.51 3.38432
    endloop
  endfacet
  facet normal 0 1 0
    outer loop
      vertex 18.5388 22.51 3.29948
      vertex 12.85 22.51 3.33708
      vertex 18.4625 22.51 3.33708
    endloop
  endfacet
  facet normal 0 1 0
    outer loop
      vertex 18.5388 22.51 3.29948
      vertex 12.7737 22.51 3.29948
      vertex 12.85 22.51 3.33708
    endloop
  endfacet
  facet normal 0 1 0
    outer loop
      vertex 18.6193 22.51 3.27215
      vertex 12.7737 22.51 3.29948
      vertex 18.5388 22.51 3.29948
    endloop
  endfacet
  facet normal 0 1 0
    outer loop
      vertex 18.6193 22.51 3.27215
      vertex 12.6932 22.51 3.27215
      vertex 12.7737 22.51 3.29948
    endloop
  endfacet
  facet normal 0 1 0
    outer loop
      vertex 23.55 22.51 0
      vertex 18.6193 22.51 3.27215
      vertex 18.7027 22.51 3.25556
    endloop
  endfacet
  facet normal 0 1 0
    outer loop
      vertex 18.6193 22.51 3.27215
      vertex 23.55 22.51 0
      vertex 12.6932 22.51 3.27215
    endloop
  endfacet
  facet normal 0 1 0
    outer loop
      vertex 23.55 22.51 0
      vertex 18.7027 22.51 3.25556
      vertex 18.7875 22.51 3.25
    endloop
  endfacet
  facet normal 0 1 0
    outer loop
      vertex 12.6932 22.51 3.27215
      vertex 23.55 22.51 0
      vertex 12.6098 22.51 3.25556
    endloop
  endfacet
  facet normal 0 1 0
    outer loop
      vertex 19.388 22.51 7.34874
      vertex 23.05 22.51 12.937
      vertex 23.55 22.51 12.937
    endloop
  endfacet
  facet normal 0 1 0
    outer loop
      vertex 23.05 22.51 12.937
      vertex 12.525 22.51 7.75
      vertex 2 22.51 12.937
    endloop
  endfacet
  facet normal 0 1 0
    outer loop
      vertex 18.7027 22.51 7.74444
      vertex 23.05 22.51 12.937
      vertex 18.7875 22.51 7.75
    endloop
  endfacet
  facet normal 0 1 0
    outer loop
      vertex 23.05 22.51 12.937
      vertex 18.8723 22.51 7.74444
      vertex 18.7875 22.51 7.75
    endloop
  endfacet
  facet normal 0 1 0
    outer loop
      vertex 23.05 22.51 12.937
      vertex 18.9557 22.51 7.72785
      vertex 18.8723 22.51 7.74444
    endloop
  endfacet
  facet normal 0 1 0
    outer loop
      vertex 23.05 22.51 12.937
      vertex 19.0362 22.51 7.70052
      vertex 18.9557 22.51 7.72785
    endloop
  endfacet
  facet normal 0 1 0
    outer loop
      vertex 23.05 22.51 12.937
      vertex 19.1125 22.51 7.66292
      vertex 19.0362 22.51 7.70052
    endloop
  endfacet
  facet normal 0 1 0
    outer loop
      vertex 23.05 22.51 12.937
      vertex 19.1832 22.51 7.61568
      vertex 19.1125 22.51 7.66292
    endloop
  endfacet
  facet normal 0 1 0
    outer loop
      vertex 23.05 22.51 12.937
      vertex 19.2471 22.51 7.55962
      vertex 19.1832 22.51 7.61568
    endloop
  endfacet
  facet normal 0 1 0
    outer loop
      vertex 23.05 22.51 12.937
      vertex 19.3032 22.51 7.49569
      vertex 19.2471 22.51 7.55962
    endloop
  endfacet
  facet normal 0 1 0
    outer loop
      vertex 23.05 22.51 12.937
      vertex 19.3504 22.51 7.425
      vertex 19.3032 22.51 7.49569
    endloop
  endfacet
  facet normal 0 1 0
    outer loop
      vertex 23.05 22.51 12.937
      vertex 19.388 22.51 7.34874
      vertex 19.3504 22.51 7.425
    endloop
  endfacet
  facet normal 0 1 0
    outer loop
      vertex 23.55 22.51 12.937
      vertex 19.4154 22.51 7.26823
      vertex 19.388 22.51 7.34874
    endloop
  endfacet
  facet normal 0 1 0
    outer loop
      vertex 23.55 22.51 12.937
      vertex 19.4319 22.51 7.18484
      vertex 19.4154 22.51 7.26823
    endloop
  endfacet
  facet normal 0 1 0
    outer loop
      vertex 23.55 22.51 12.937
      vertex 19.4375 22.51 7.1
      vertex 19.4319 22.51 7.18484
    endloop
  endfacet
  facet normal 0 1 -0
    outer loop
      vertex 23.55 22.51 0
      vertex 19.4375 22.51 7.1
      vertex 23.55 22.51 12.937
    endloop
  endfacet
  facet normal 0 1 0
    outer loop
      vertex 19.4375 22.51 7.1
      vertex 23.55 22.51 0
      vertex 19.4375 22.51 3.9
    endloop
  endfacet
  facet normal 0 1 0
    outer loop
      vertex 19.4375 22.51 3.9
      vertex 23.55 22.51 0
      vertex 19.4319 22.51 3.81516
    endloop
  endfacet
  facet normal 0 1 0
    outer loop
      vertex 19.4319 22.51 3.81516
      vertex 23.55 22.51 0
      vertex 19.4154 22.51 3.73177
    endloop
  endfacet
  facet normal 0 1 0
    outer loop
      vertex 12.6098 22.51 3.25556
      vertex 23.55 22.51 0
      vertex 12.525 22.51 3.25
    endloop
  endfacet
  facet normal 0 1 0
    outer loop
      vertex 1.5 22.51 0
      vertex 12.525 22.51 3.25
      vertex 23.55 22.51 0
    endloop
  endfacet
  facet normal 0 1 0
    outer loop
      vertex 18.8723 22.51 3.25556
      vertex 23.55 22.51 0
      vertex 18.7875 22.51 3.25
    endloop
  endfacet
  facet normal 0 1 0
    outer loop
      vertex 18.9557 22.51 3.27215
      vertex 23.55 22.51 0
      vertex 18.8723 22.51 3.25556
    endloop
  endfacet
  facet normal 0 1 0
    outer loop
      vertex 19.0362 22.51 3.29948
      vertex 23.55 22.51 0
      vertex 18.9557 22.51 3.27215
    endloop
  endfacet
  facet normal 0 1 0
    outer loop
      vertex 19.1125 22.51 3.33708
      vertex 23.55 22.51 0
      vertex 19.0362 22.51 3.29948
    endloop
  endfacet
  facet normal 0 1 0
    outer loop
      vertex 19.1832 22.51 3.38432
      vertex 23.55 22.51 0
      vertex 19.1125 22.51 3.33708
    endloop
  endfacet
  facet normal 0 1 0
    outer loop
      vertex 19.2471 22.51 3.44038
      vertex 23.55 22.51 0
      vertex 19.1832 22.51 3.38432
    endloop
  endfacet
  facet normal 0 1 0
    outer loop
      vertex 19.3032 22.51 3.50431
      vertex 23.55 22.51 0
      vertex 19.2471 22.51 3.44038
    endloop
  endfacet
  facet normal 0 1 0
    outer loop
      vertex 19.3504 22.51 3.575
      vertex 23.55 22.51 0
      vertex 19.3032 22.51 3.50431
    endloop
  endfacet
  facet normal 0 1 0
    outer loop
      vertex 19.388 22.51 3.65126
      vertex 23.55 22.51 0
      vertex 19.3504 22.51 3.575
    endloop
  endfacet
  facet normal 0 1 0
    outer loop
      vertex 19.4154 22.51 3.73177
      vertex 23.55 22.51 0
      vertex 19.388 22.51 3.65126
    endloop
  endfacet
  facet normal 0 1 -0
    outer loop
      vertex 12.4402 22.51 7.74444
      vertex 2 22.51 12.937
      vertex 12.525 22.51 7.75
    endloop
  endfacet
  facet normal 0 1 -0
    outer loop
      vertex 6.17766 22.51 7.74444
      vertex 2 22.51 12.937
      vertex 6.2625 22.51 7.75
    endloop
  endfacet
  facet normal 0 1 -0
    outer loop
      vertex 6.09427 22.51 7.72785
      vertex 2 22.51 12.937
      vertex 6.17766 22.51 7.74444
    endloop
  endfacet
  facet normal 0 1 -0
    outer loop
      vertex 6.01376 22.51 7.70052
      vertex 2 22.51 12.937
      vertex 6.09427 22.51 7.72785
    endloop
  endfacet
  facet normal 0 1 -0
    outer loop
      vertex 5.9375 22.51 7.66292
      vertex 2 22.51 12.937
      vertex 6.01376 22.51 7.70052
    endloop
  endfacet
  facet normal 0 1 -0
    outer loop
      vertex 5.86681 22.51 7.61568
      vertex 2 22.51 12.937
      vertex 5.9375 22.51 7.66292
    endloop
  endfacet
  facet normal 0 1 -0
    outer loop
      vertex 5.80288 22.51 7.55962
      vertex 2 22.51 12.937
      vertex 5.86681 22.51 7.61568
    endloop
  endfacet
  facet normal 0 1 -0
    outer loop
      vertex 5.74682 22.51 7.49569
      vertex 2 22.51 12.937
      vertex 5.80288 22.51 7.55962
    endloop
  endfacet
  facet normal 0 1 -0
    outer loop
      vertex 5.69958 22.51 7.425
      vertex 2 22.51 12.937
      vertex 5.74682 22.51 7.49569
    endloop
  endfacet
  facet normal 0 1 -0
    outer loop
      vertex 5.66198 22.51 7.34874
      vertex 2 22.51 12.937
      vertex 5.69958 22.51 7.425
    endloop
  endfacet
  facet normal 0 1 0
    outer loop
      vertex 2 22.51 12.937
      vertex 5.66198 22.51 7.34874
      vertex 1.5 22.51 12.937
    endloop
  endfacet
  facet normal 0 1 -0
    outer loop
      vertex 5.63465 22.51 7.26823
      vertex 1.5 22.51 12.937
      vertex 5.66198 22.51 7.34874
    endloop
  endfacet
  facet normal 0 1 -0
    outer loop
      vertex 5.61806 22.51 7.18484
      vertex 1.5 22.51 12.937
      vertex 5.63465 22.51 7.26823
    endloop
  endfacet
  facet normal 0 1 -0
    outer loop
      vertex 5.6125 22.51 7.1
      vertex 1.5 22.51 12.937
      vertex 5.61806 22.51 7.18484
    endloop
  endfacet
  facet normal 0 1 0
    outer loop
      vertex 1.5 22.51 0
      vertex 5.6125 22.51 7.1
      vertex 5.6125 22.51 3.9
    endloop
  endfacet
  facet normal 0 1 0
    outer loop
      vertex 1.5 22.51 0
      vertex 5.6125 22.51 3.9
      vertex 5.61806 22.51 3.81516
    endloop
  endfacet
  facet normal 0 1 0
    outer loop
      vertex 1.5 22.51 0
      vertex 5.61806 22.51 3.81516
      vertex 5.63465 22.51 3.73177
    endloop
  endfacet
  facet normal 0 1 0
    outer loop
      vertex 1.5 22.51 0
      vertex 5.63465 22.51 3.73177
      vertex 5.66198 22.51 3.65126
    endloop
  endfacet
  facet normal 0 1 0
    outer loop
      vertex 6.34734 22.51 3.25556
      vertex 1.5 22.51 0
      vertex 6.2625 22.51 3.25
    endloop
  endfacet
  facet normal 0 1 0
    outer loop
      vertex 5.6125 22.51 7.1
      vertex 1.5 22.51 0
      vertex 1.5 22.51 12.937
    endloop
  endfacet
  facet normal 0 1 0
    outer loop
      vertex 5.69958 22.51 3.575
      vertex 1.5 22.51 0
      vertex 5.66198 22.51 3.65126
    endloop
  endfacet
  facet normal 0 1 0
    outer loop
      vertex 5.74682 22.51 3.50431
      vertex 1.5 22.51 0
      vertex 5.69958 22.51 3.575
    endloop
  endfacet
  facet normal 0 1 0
    outer loop
      vertex 5.80288 22.51 3.44038
      vertex 1.5 22.51 0
      vertex 5.74682 22.51 3.50431
    endloop
  endfacet
  facet normal 0 1 0
    outer loop
      vertex 5.86681 22.51 3.38432
      vertex 1.5 22.51 0
      vertex 5.80288 22.51 3.44038
    endloop
  endfacet
  facet normal 0 1 0
    outer loop
      vertex 5.9375 22.51 3.33708
      vertex 1.5 22.51 0
      vertex 5.86681 22.51 3.38432
    endloop
  endfacet
  facet normal 0 1 0
    outer loop
      vertex 6.01376 22.51 3.29948
      vertex 1.5 22.51 0
      vertex 5.9375 22.51 3.33708
    endloop
  endfacet
  facet normal 0 1 0
    outer loop
      vertex 6.09427 22.51 3.27215
      vertex 1.5 22.51 0
      vertex 6.01376 22.51 3.29948
    endloop
  endfacet
  facet normal 0 1 0
    outer loop
      vertex 6.17766 22.51 3.25556
      vertex 1.5 22.51 0
      vertex 6.09427 22.51 3.27215
    endloop
  endfacet
  facet normal 0 1 0
    outer loop
      vertex 6.2625 22.51 3.25
      vertex 1.5 22.51 0
      vertex 6.17766 22.51 3.25556
    endloop
  endfacet
  facet normal 0 1 -0
    outer loop
      vertex 23.05 22.51 14.7959
      vertex 2 22.51 14.8005
      vertex 23.05 22.51 14.8005
    endloop
  endfacet
  facet normal 0 1 0
    outer loop
      vertex 2 22.51 14.8005
      vertex 23.05 22.51 14.7959
      vertex 2 22.51 14.7959
    endloop
  endfacet
  facet normal 0 1 0
    outer loop
      vertex 23.05 22.51 14.8005
      vertex 23.55 22.51 16.3535
      vertex 23.55 22.51 14.8005
    endloop
  endfacet
  facet normal 0 1 0
    outer loop
      vertex 23.55 22.51 16.3535
      vertex 23.05 22.51 14.8005
      vertex 1.5 22.51 16.3535
    endloop
  endfacet
  facet normal 0 1 -0
    outer loop
      vertex 2 22.51 14.8005
      vertex 1.5 22.51 16.3535
      vertex 23.05 22.51 14.8005
    endloop
  endfacet
  facet normal 0 1 0
    outer loop
      vertex 1.5 22.51 16.3535
      vertex 2 22.51 14.8005
      vertex 1.5 22.51 14.8005
    endloop
  endfacet
  facet normal 0.980757 0.195234 0
    outer loop
      vertex 25.0372 21.2058 16.004
      vertex 24.9989 21.3982 0
      vertex 24.9989 21.3982 16.0556
    endloop
  endfacet
  facet normal 0.980757 0.195234 0
    outer loop
      vertex 24.9989 21.3982 0
      vertex 25.0372 21.2058 16.004
      vertex 25.0372 21.2058 0
    endloop
  endfacet
  facet normal 0.99787 0.0652336 0
    outer loop
      vertex 25.05 21.01 15.9515
      vertex 25.0372 21.2058 0
      vertex 25.0372 21.2058 16.004
    endloop
  endfacet
  facet normal 0.99787 0.0652336 0
    outer loop
      vertex 25.0372 21.2058 0
      vertex 25.05 21.01 15.9515
      vertex 25.05 21.01 0
    endloop
  endfacet
  facet normal 0.99787 -0.0652369 0
    outer loop
      vertex 25.0372 1.30421 10.6714
      vertex 25.05 1.5 0
      vertex 25.05 1.5 10.7238
    endloop
  endfacet
  facet normal 0.99787 -0.0652369 0
    outer loop
      vertex 25.05 1.5 0
      vertex 25.0372 1.30421 10.6714
      vertex 25.0372 1.30421 0
    endloop
  endfacet
  facet normal -0.831401 0.555673 0
    outer loop
      vertex 0.200961 21.76 16.1525
      vertex 0.30997 21.9231 0
      vertex 0.200961 21.76 0
    endloop
  endfacet
  facet normal -0.831401 0.555673 0
    outer loop
      vertex 0.30997 21.9231 0
      vertex 0.200961 21.76 16.1525
      vertex 0.30997 21.9231 16.1962
    endloop
  endfacet
  facet normal -0.659145 0.752016 0
    outer loop
      vertex 0.586858 22.2 0
      vertex 0.43934 22.0707 16.2357
      vertex 0.586858 22.2 16.2704
    endloop
  endfacet
  facet normal -0.659145 0.752016 0
    outer loop
      vertex 0.43934 22.0707 16.2357
      vertex 0.586858 22.2 0
      vertex 0.43934 22.0707 0
    endloop
  endfacet
  facet normal -0.997859 0.065399 0
    outer loop
      vertex 0 21.01 15.9515
      vertex 0.0128326 21.2058 0
      vertex 0 21.01 0
    endloop
  endfacet
  facet normal -0.997859 0.065399 0
    outer loop
      vertex 0.0128326 21.2058 0
      vertex 0 21.01 15.9515
      vertex 0.0128326 21.2058 16.004
    endloop
  endfacet
  facet normal 0.658937 0.752198 0
    outer loop
      vertex 24.4631 22.2 0
      vertex 24.6107 22.0707 16.2357
      vertex 24.6107 22.0707 0
    endloop
  endfacet
  facet normal 0.658937 0.752198 0
    outer loop
      vertex 24.6107 22.0707 16.2357
      vertex 24.4631 22.2 0
      vertex 24.4631 22.2 16.2704
    endloop
  endfacet
  facet normal 0.946882 -0.321582 0
    outer loop
      vertex 24.9358 0.925975 10.57
      vertex 24.9989 1.11177 0
      vertex 24.9989 1.11177 10.6198
    endloop
  endfacet
  facet normal 0.946882 -0.321582 0
    outer loop
      vertex 24.9989 1.11177 0
      vertex 24.9358 0.925975 10.57
      vertex 24.9358 0.925975 0
    endloop
  endfacet
  facet normal 0.442233 -0.8969 0
    outer loop
      vertex 24.3 0.200961 0
      vertex 24.124 0.114181 10.3525
      vertex 24.124 0.114181 0
    endloop
  endfacet
  facet normal 0.442233 -0.8969 0
    outer loop
      vertex 24.124 0.114181 10.3525
      vertex 24.3 0.200961 0
      vertex 24.3 0.200961 10.3758
    endloop
  endfacet
  facet normal -0.752021 0.659139 0
    outer loop
      vertex 0.30997 21.9231 16.1962
      vertex 0.43934 22.0707 0
      vertex 0.30997 21.9231 0
    endloop
  endfacet
  facet normal -0.752021 0.659139 0
    outer loop
      vertex 0.43934 22.0707 0
      vertex 0.30997 21.9231 16.1962
      vertex 0.43934 22.0707 16.2357
    endloop
  endfacet
  facet normal -0.946931 0.321436 0
    outer loop
      vertex 0.0511112 21.3982 16.0556
      vertex 0.114181 21.584 0
      vertex 0.0511112 21.3982 0
    endloop
  endfacet
  facet normal -0.946931 0.321436 0
    outer loop
      vertex 0.114181 21.584 0
      vertex 0.0511112 21.3982 16.0556
      vertex 0.114181 21.584 16.1053
    endloop
  endfacet
  facet normal -0.8969 0.442233 0
    outer loop
      vertex 0.114181 21.584 16.1053
      vertex 0.200961 21.76 0
      vertex 0.114181 21.584 0
    endloop
  endfacet
  facet normal -0.8969 0.442233 0
    outer loop
      vertex 0.200961 21.76 0
      vertex 0.114181 21.584 16.1053
      vertex 0.200961 21.76 16.1525
    endloop
  endfacet
  facet normal -0.980778 0.195129 0
    outer loop
      vertex 0.0128326 21.2058 16.004
      vertex 0.0511112 21.3982 0
      vertex 0.0128326 21.2058 0
    endloop
  endfacet
  facet normal -0.980778 0.195129 0
    outer loop
      vertex 0.0511112 21.3982 0
      vertex 0.0128326 21.2058 16.004
      vertex 0.0511112 21.3982 16.0556
    endloop
  endfacet
  facet normal 0.442315 0.89686 0
    outer loop
      vertex 24.124 22.3958 0
      vertex 24.3 22.309 16.2996
      vertex 24.3 22.309 0
    endloop
  endfacet
  facet normal 0.442315 0.89686 0
    outer loop
      vertex 24.3 22.309 16.2996
      vertex 24.124 22.3958 0
      vertex 24.124 22.3958 16.3229
    endloop
  endfacet
  facet normal 0.555641 0.831422 0
    outer loop
      vertex 24.3 22.309 0
      vertex 24.4631 22.2 16.2704
      vertex 24.4631 22.2 0
    endloop
  endfacet
  facet normal 0.555641 0.831422 0
    outer loop
      vertex 24.4631 22.2 16.2704
      vertex 24.3 22.309 0
      vertex 24.3 22.309 16.2996
    endloop
  endfacet
  facet normal 0.752198 0.658937 0
    outer loop
      vertex 24.74 21.9231 16.1962
      vertex 24.6107 22.0707 0
      vertex 24.6107 22.0707 16.2357
    endloop
  endfacet
  facet normal 0.752198 0.658937 0
    outer loop
      vertex 24.6107 22.0707 0
      vertex 24.74 21.9231 16.1962
      vertex 24.74 21.9231 0
    endloop
  endfacet
  facet normal 0.831422 0.555641 0
    outer loop
      vertex 24.849 21.76 16.1525
      vertex 24.74 21.9231 0
      vertex 24.74 21.9231 16.1962
    endloop
  endfacet
  facet normal 0.831422 0.555641 0
    outer loop
      vertex 24.74 21.9231 0
      vertex 24.849 21.76 16.1525
      vertex 24.849 21.76 0
    endloop
  endfacet
  facet normal 0.946885 0.321574 0
    outer loop
      vertex 24.9989 21.3982 16.0556
      vertex 24.9358 21.584 0
      vertex 24.9358 21.584 16.1053
    endloop
  endfacet
  facet normal 0.946885 0.321574 0
    outer loop
      vertex 24.9358 21.584 0
      vertex 24.9989 21.3982 16.0556
      vertex 24.9989 21.3982 0
    endloop
  endfacet
  facet normal -0.195195 0.980764 0
    outer loop
      vertex 1.30421 22.4972 0
      vertex 1.11177 22.4589 12.9233
      vertex 1.30421 22.4972 12.9336
    endloop
  endfacet
  facet normal -0.195195 0.980764 0
    outer loop
      vertex 1.11177 22.4589 12.9233
      vertex 1.30421 22.4972 0
      vertex 1.11177 22.4589 0
    endloop
  endfacet
  facet normal -0.195195 0.980764 0
    outer loop
      vertex 1.30421 22.4972 14.7971
      vertex 1.11177 22.4589 16.3398
      vertex 1.30421 22.4972 16.35
    endloop
  endfacet
  facet normal -0.195195 0.980764 0
    outer loop
      vertex 1.11177 22.4589 16.3398
      vertex 1.30421 22.4972 14.7971
      vertex 1.11177 22.4589 14.7868
    endloop
  endfacet
  facet normal -0.0652369 0.99787 0
    outer loop
      vertex 1.5 22.51 0
      vertex 1.30421 22.4972 12.9336
      vertex 1.5 22.51 12.937
    endloop
  endfacet
  facet normal -0.0652369 0.99787 0
    outer loop
      vertex 1.30421 22.4972 12.9336
      vertex 1.5 22.51 0
      vertex 1.30421 22.4972 0
    endloop
  endfacet
  facet normal -0.062662 0.998035 0
    outer loop
      vertex 1.48248 22.5089 14.8002
      vertex 1.5 22.51 16.3535
      vertex 1.5 22.51 14.8005
    endloop
  endfacet
  facet normal -0.0652374 0.99787 2.91656e-05
    outer loop
      vertex 1.5 22.51 16.3535
      vertex 1.48248 22.5089 14.8002
      vertex 1.30421 22.4972 16.35
    endloop
  endfacet
  facet normal -0.0654899 0.997853 0
    outer loop
      vertex 1.30421 22.4972 16.35
      vertex 1.48248 22.5089 14.8002
      vertex 1.30421 22.4972 14.7971
    endloop
  endfacet
  facet normal -0.321889 0.946777 0
    outer loop
      vertex 1.11177 22.4589 12.9233
      vertex 1.11177 22.4589 0
      vertex 1 22.4209 12.9132
    endloop
  endfacet
  facet normal -0.321582 0.946882 0
    outer loop
      vertex 1.11177 22.4589 14.7868
      vertex 0.925975 22.3958 16.3229
      vertex 1.11177 22.4589 16.3398
    endloop
  endfacet
  facet normal -0.321886 0.946779 -4.10368e-05
    outer loop
      vertex 1 22.4209 14.7767
      vertex 0.925975 22.3958 16.3229
      vertex 1.11177 22.4589 14.7868
    endloop
  endfacet
  facet normal -0.321117 0.94704 0
    outer loop
      vertex 1 22.4209 12.9132
      vertex 0.925975 22.3958 16.3229
      vertex 1 22.4209 14.7767
    endloop
  endfacet
  facet normal -0.321582 0.946882 2.96906e-06
    outer loop
      vertex 0.925975 22.3958 0
      vertex 1 22.4209 12.9132
      vertex 1.11177 22.4589 0
    endloop
  endfacet
  facet normal -0.321117 0.94704 0
    outer loop
      vertex 1 22.4209 12.9132
      vertex 0.925975 22.3958 0
      vertex 0.925975 22.3958 16.3229
    endloop
  endfacet
  facet normal -0.555542 0.831488 0
    outer loop
      vertex 0.75 22.309 0
      vertex 0.586858 22.2 16.2704
      vertex 0.75 22.309 16.2996
    endloop
  endfacet
  facet normal -0.555542 0.831488 0
    outer loop
      vertex 0.586858 22.2 16.2704
      vertex 0.75 22.309 0
      vertex 0.586858 22.2 0
    endloop
  endfacet
  facet normal 0.980764 -0.195195 0
    outer loop
      vertex 24.9989 1.11177 10.6198
      vertex 25.0372 1.30421 0
      vertex 25.0372 1.30421 10.6714
    endloop
  endfacet
  facet normal 0.980764 -0.195195 0
    outer loop
      vertex 25.0372 1.30421 0
      vertex 24.9989 1.11177 10.6198
      vertex 24.9989 1.11177 0
    endloop
  endfacet
  facet normal 0.752016 -0.659145 0
    outer loop
      vertex 24.6107 0.43934 10.4396
      vertex 24.74 0.586858 0
      vertex 24.74 0.586858 10.4792
    endloop
  endfacet
  facet normal 0.752016 -0.659145 0
    outer loop
      vertex 24.74 0.586858 0
      vertex 24.6107 0.43934 10.4396
      vertex 24.6107 0.43934 0
    endloop
  endfacet
  facet normal 0.831488 -0.555542 0
    outer loop
      vertex 24.74 0.586858 10.4792
      vertex 24.849 0.75 0
      vertex 24.849 0.75 10.5229
    endloop
  endfacet
  facet normal 0.831488 -0.555542 0
    outer loop
      vertex 24.849 0.75 0
      vertex 24.74 0.586858 10.4792
      vertex 24.74 0.586858 0
    endloop
  endfacet
  facet normal 0.896835 -0.442365 0
    outer loop
      vertex 24.849 0.75 10.5229
      vertex 24.9358 0.925975 0
      vertex 24.9358 0.925975 10.57
    endloop
  endfacet
  facet normal 0.896835 -0.442365 0
    outer loop
      vertex 24.9358 0.925975 0
      vertex 24.849 0.75 10.5229
      vertex 24.849 0.75 0
    endloop
  endfacet
  facet normal 0.321436 -0.946931 0
    outer loop
      vertex 24.124 0.114181 0
      vertex 23.9382 0.0511112 10.3356
      vertex 23.9382 0.0511112 0
    endloop
  endfacet
  facet normal 0.321436 -0.946931 0
    outer loop
      vertex 23.9382 0.0511112 10.3356
      vertex 24.124 0.114181 0
      vertex 24.124 0.114181 10.3525
    endloop
  endfacet
  facet normal 0.195129 -0.980778 0
    outer loop
      vertex 23.9382 0.0511112 0
      vertex 23.7458 0.0128326 10.3254
      vertex 23.7458 0.0128326 0
    endloop
  endfacet
  facet normal 0.195129 -0.980778 0
    outer loop
      vertex 23.7458 0.0128326 10.3254
      vertex 23.9382 0.0511112 0
      vertex 23.9382 0.0511112 10.3356
    endloop
  endfacet
  facet normal -0.0654023 -0.997859 0
    outer loop
      vertex 1.30421 0.0128326 0
      vertex 1.5 0 10.3219
      vertex 1.30421 0.0128326 10.3254
    endloop
  endfacet
  facet normal -0.0654023 -0.997859 -0
    outer loop
      vertex 1.5 0 10.3219
      vertex 1.30421 0.0128326 0
      vertex 1.5 0 0
    endloop
  endfacet
  facet normal -0.555574 -0.831467 0
    outer loop
      vertex 0.586858 0.30997 0
      vertex 0.75 0.200961 10.3758
      vertex 0.586858 0.30997 10.405
    endloop
  endfacet
  facet normal -0.555574 -0.831467 -0
    outer loop
      vertex 0.75 0.200961 10.3758
      vertex 0.586858 0.30997 0
      vertex 0.75 0.200961 0
    endloop
  endfacet
  facet normal 0.195234 0.980757 0
    outer loop
      vertex 23.7458 22.4972 0
      vertex 23.9382 22.4589 12.9233
      vertex 23.9382 22.4589 0
    endloop
  endfacet
  facet normal 0.195234 0.980757 0
    outer loop
      vertex 23.9382 22.4589 12.9233
      vertex 23.7458 22.4972 0
      vertex 23.7458 22.4972 12.9336
    endloop
  endfacet
  facet normal 0.195234 0.980757 0
    outer loop
      vertex 23.9382 22.4589 16.3398
      vertex 23.7458 22.4972 14.7971
      vertex 23.7458 22.4972 16.35
    endloop
  endfacet
  facet normal 0.195234 0.980757 0
    outer loop
      vertex 23.7458 22.4972 14.7971
      vertex 23.9382 22.4589 16.3398
      vertex 23.9382 22.4589 14.7868
    endloop
  endfacet
  facet normal 0.321574 0.946885 0
    outer loop
      vertex 24.124 22.3958 16.3229
      vertex 23.9382 22.4589 14.7868
      vertex 23.9382 22.4589 16.3398
    endloop
  endfacet
  facet normal 0.321809 0.946805 -3.17397e-05
    outer loop
      vertex 24.124 22.3958 16.3229
      vertex 24.05 22.4209 14.7767
      vertex 23.9382 22.4589 14.7868
    endloop
  endfacet
  facet normal 0.321214 0.947007 0
    outer loop
      vertex 24.124 22.3958 16.3229
      vertex 24.05 22.4209 12.9132
      vertex 24.05 22.4209 14.7767
    endloop
  endfacet
  facet normal 0.321214 0.947007 0
    outer loop
      vertex 24.05 22.4209 12.9132
      vertex 24.124 22.3958 16.3229
      vertex 24.124 22.3958 0
    endloop
  endfacet
  facet normal 0.321574 0.946885 2.29689e-06
    outer loop
      vertex 23.9382 22.4589 0
      vertex 24.05 22.4209 12.9132
      vertex 24.124 22.3958 0
    endloop
  endfacet
  facet normal 0.321812 0.946804 0
    outer loop
      vertex 24.05 22.4209 12.9132
      vertex 23.9382 22.4589 0
      vertex 23.9382 22.4589 12.9233
    endloop
  endfacet
  facet normal 0.89686 0.442315 0
    outer loop
      vertex 24.9358 21.584 16.1053
      vertex 24.849 21.76 0
      vertex 24.849 21.76 16.1525
    endloop
  endfacet
  facet normal 0.89686 0.442315 0
    outer loop
      vertex 24.849 21.76 0
      vertex 24.9358 21.584 16.1053
      vertex 24.9358 21.584 0
    endloop
  endfacet
  facet normal -0.442365 0.896835 0
    outer loop
      vertex 0.925975 22.3958 0
      vertex 0.75 22.309 16.2996
      vertex 0.925975 22.3958 16.3229
    endloop
  endfacet
  facet normal -0.442365 0.896835 0
    outer loop
      vertex 0.75 22.309 16.2996
      vertex 0.925975 22.3958 0
      vertex 0.75 22.309 0
    endloop
  endfacet
  facet normal 0.555673 -0.831401 0
    outer loop
      vertex 24.4631 0.30997 0
      vertex 24.3 0.200961 10.3758
      vertex 24.3 0.200961 0
    endloop
  endfacet
  facet normal 0.555673 -0.831401 0
    outer loop
      vertex 24.3 0.200961 10.3758
      vertex 24.4631 0.30997 0
      vertex 24.4631 0.30997 10.405
    endloop
  endfacet
  facet normal 0.659139 -0.752021 0
    outer loop
      vertex 24.6107 0.43934 0
      vertex 24.4631 0.30997 10.405
      vertex 24.4631 0.30997 0
    endloop
  endfacet
  facet normal 0.659139 -0.752021 0
    outer loop
      vertex 24.4631 0.30997 10.405
      vertex 24.6107 0.43934 0
      vertex 24.6107 0.43934 10.4396
    endloop
  endfacet
  facet normal -0.19509 -0.980785 0
    outer loop
      vertex 1.11177 0.0511112 0
      vertex 1.30421 0.0128326 10.3254
      vertex 1.11177 0.0511112 10.3356
    endloop
  endfacet
  facet normal -0.19509 -0.980785 -0
    outer loop
      vertex 1.30421 0.0128326 10.3254
      vertex 1.11177 0.0511112 0
      vertex 1.30421 0.0128326 0
    endloop
  endfacet
  facet normal -0.659346 -0.751839 0
    outer loop
      vertex 0.43934 0.43934 0
      vertex 0.586858 0.30997 10.405
      vertex 0.43934 0.43934 10.4396
    endloop
  endfacet
  facet normal -0.659346 -0.751839 -0
    outer loop
      vertex 0.586858 0.30997 10.405
      vertex 0.43934 0.43934 0
      vertex 0.586858 0.30997 0
    endloop
  endfacet
  facet normal -0.442283 -0.896875 0
    outer loop
      vertex 0.75 0.200961 0
      vertex 0.925975 0.114181 10.3525
      vertex 0.75 0.200961 10.3758
    endloop
  endfacet
  facet normal -0.442283 -0.896875 -0
    outer loop
      vertex 0.925975 0.114181 10.3525
      vertex 0.75 0.200961 0
      vertex 0.925975 0.114181 0
    endloop
  endfacet
  facet normal -0.751839 -0.659346 -0
    outer loop
      vertex 0.43934 0.43934 10.4396
      vertex 0.30997 0.586858 0
      vertex 0.43934 0.43934 0
    endloop
  endfacet
  facet normal -0.751839 -0.659346 0
    outer loop
      vertex 0.30997 0.586858 0
      vertex 0.43934 0.43934 10.4396
      vertex 0.30997 0.586858 10.4792
    endloop
  endfacet
  facet normal -0.321444 -0.946929 0
    outer loop
      vertex 0.925975 0.114181 0
      vertex 1.11177 0.0511112 10.3356
      vertex 0.925975 0.114181 10.3525
    endloop
  endfacet
  facet normal -0.321444 -0.946929 -0
    outer loop
      vertex 1.11177 0.0511112 10.3356
      vertex 0.925975 0.114181 0
      vertex 1.11177 0.0511112 0
    endloop
  endfacet
  facet normal -0.831467 -0.555574 -0
    outer loop
      vertex 0.30997 0.586858 10.4792
      vertex 0.200961 0.75 0
      vertex 0.30997 0.586858 0
    endloop
  endfacet
  facet normal -0.831467 -0.555574 0
    outer loop
      vertex 0.200961 0.75 0
      vertex 0.30997 0.586858 10.4792
      vertex 0.200961 0.75 10.5229
    endloop
  endfacet
  facet normal -0.896875 -0.442283 -0
    outer loop
      vertex 0.200961 0.75 10.5229
      vertex 0.114181 0.925975 0
      vertex 0.200961 0.75 0
    endloop
  endfacet
  facet normal -0.896875 -0.442283 0
    outer loop
      vertex 0.114181 0.925975 0
      vertex 0.200961 0.75 10.5229
      vertex 0.114181 0.925975 10.57
    endloop
  endfacet
  facet normal 0.980786 0.195087 0
    outer loop
      vertex 2.02044 2.44471 10.977
      vertex 2.00513 2.52168 2
      vertex 2.00513 2.52168 10.9976
    endloop
  endfacet
  facet normal 0.980786 0.195087 0
    outer loop
      vertex 2.00513 2.52168 2
      vertex 2.02044 2.44471 10.977
      vertex 2.02044 2.44471 2
    endloop
  endfacet
  facet normal 0.946923 0.32146 0
    outer loop
      vertex 2.04567 2.37039 10.9571
      vertex 2.02044 2.44471 2
      vertex 2.02044 2.44471 10.977
    endloop
  endfacet
  facet normal 0.946923 0.32146 0
    outer loop
      vertex 2.02044 2.44471 2
      vertex 2.04567 2.37039 10.9571
      vertex 2.04567 2.37039 2
    endloop
  endfacet
  facet normal 0 0 1
    outer loop
      vertex 23.05 2.6 2
      vertex 22.0214 15.8211 2
      vertex 22.05 5.1 2
    endloop
  endfacet
  facet normal -0 0 1
    outer loop
      vertex 21.9121 15.499 2
      vertex 22.05 5.1 2
      vertex 22.0214 15.8211 2
    endloop
  endfacet
  facet normal -0 0 1
    outer loop
      vertex 21.7617 15.194 2
      vertex 22.05 5.1 2
      vertex 21.9121 15.499 2
    endloop
  endfacet
  facet normal -0 0 1
    outer loop
      vertex 21.5727 14.9112 2
      vertex 22.05 5.1 2
      vertex 21.7617 15.194 2
    endloop
  endfacet
  facet normal -0 0 1
    outer loop
      vertex 21.3485 14.6555 2
      vertex 22.05 5.1 2
      vertex 21.5727 14.9112 2
    endloop
  endfacet
  facet normal -0 0 1
    outer loop
      vertex 21.0928 14.4313 2
      vertex 22.05 5.1 2
      vertex 21.3485 14.6555 2
    endloop
  endfacet
  facet normal -0 0 1
    outer loop
      vertex 20.81 14.2423 2
      vertex 22.05 5.1 2
      vertex 21.0928 14.4313 2
    endloop
  endfacet
  facet normal -0 0 1
    outer loop
      vertex 20.505 14.0919 2
      vertex 22.05 5.1 2
      vertex 20.81 14.2423 2
    endloop
  endfacet
  facet normal -0 0 1
    outer loop
      vertex 20.1829 13.9826 2
      vertex 22.05 5.1 2
      vertex 20.505 14.0919 2
    endloop
  endfacet
  facet normal -0 0 1
    outer loop
      vertex 19.8494 13.9162 2
      vertex 22.05 5.1 2
      vertex 20.1829 13.9826 2
    endloop
  endfacet
  facet normal -0 0 1
    outer loop
      vertex 19.51 13.894 2
      vertex 22.05 5.1 2
      vertex 19.8494 13.9162 2
    endloop
  endfacet
  facet normal 0 0 1
    outer loop
      vertex 19.1706 13.9162 2
      vertex 22.05 5.1 2
      vertex 19.51 13.894 2
    endloop
  endfacet
  facet normal 0 0 1
    outer loop
      vertex 18.8371 13.9826 2
      vertex 22.05 5.1 2
      vertex 19.1706 13.9162 2
    endloop
  endfacet
  facet normal 0 0 1
    outer loop
      vertex 18.515 14.0919 2
      vertex 22.05 5.1 2
      vertex 18.8371 13.9826 2
    endloop
  endfacet
  facet normal 0 0 1
    outer loop
      vertex 18.21 14.2423 2
      vertex 22.05 5.1 2
      vertex 18.515 14.0919 2
    endloop
  endfacet
  facet normal 0 0 1
    outer loop
      vertex 17.9272 14.4313 2
      vertex 22.05 5.1 2
      vertex 18.21 14.2423 2
    endloop
  endfacet
  facet normal 0 0 1
    outer loop
      vertex 7.12278 14.4313 2
      vertex 17.9272 14.4313 2
      vertex 17.6715 14.6555 2
    endloop
  endfacet
  facet normal 0 0 1
    outer loop
      vertex 7.37848 14.6555 2
      vertex 17.6715 14.6555 2
      vertex 17.4473 14.9112 2
    endloop
  endfacet
  facet normal 0 0 1
    outer loop
      vertex 7.60272 14.9112 2
      vertex 17.4473 14.9112 2
      vertex 17.2583 15.194 2
    endloop
  endfacet
  facet normal 0 0 1
    outer loop
      vertex 7.79167 15.194 2
      vertex 17.2583 15.194 2
      vertex 17.1079 15.499 2
    endloop
  endfacet
  facet normal -0 0 1
    outer loop
      vertex 8.14 16.494 2
      vertex 16.9322 16.1546 2
      vertex 16.91 16.494 2
    endloop
  endfacet
  facet normal 0 0 1
    outer loop
      vertex 8.11776 16.1546 2
      vertex 16.9322 16.1546 2
      vertex 8.14 16.494 2
    endloop
  endfacet
  facet normal 0 0 1
    outer loop
      vertex 16.9322 16.1546 2
      vertex 8.11776 16.1546 2
      vertex 16.9986 15.8211 2
    endloop
  endfacet
  facet normal 0 0 1
    outer loop
      vertex 8.05141 15.8211 2
      vertex 16.9986 15.8211 2
      vertex 8.11776 16.1546 2
    endloop
  endfacet
  facet normal 0 0 1
    outer loop
      vertex 16.9986 15.8211 2
      vertex 8.05141 15.8211 2
      vertex 17.1079 15.499 2
    endloop
  endfacet
  facet normal 0 0 1
    outer loop
      vertex 7.94209 15.499 2
      vertex 17.1079 15.499 2
      vertex 8.05141 15.8211 2
    endloop
  endfacet
  facet normal 0 0 1
    outer loop
      vertex 7.79167 15.194 2
      vertex 17.1079 15.499 2
      vertex 7.94209 15.499 2
    endloop
  endfacet
  facet normal 0 0 1
    outer loop
      vertex 17.2583 15.194 2
      vertex 7.79167 15.194 2
      vertex 7.60272 14.9112 2
    endloop
  endfacet
  facet normal 0 0 1
    outer loop
      vertex 17.4473 14.9112 2
      vertex 7.60272 14.9112 2
      vertex 7.37848 14.6555 2
    endloop
  endfacet
  facet normal 0 0 1
    outer loop
      vertex 17.6715 14.6555 2
      vertex 7.37848 14.6555 2
      vertex 7.12278 14.4313 2
    endloop
  endfacet
  facet normal 0 0 1
    outer loop
      vertex 17.9272 14.4313 2
      vertex 7.12278 14.4313 2
      vertex 22.05 5.1 2
    endloop
  endfacet
  facet normal 0 0 1
    outer loop
      vertex 3 5.1 2
      vertex 7.12278 14.4313 2
      vertex 6.84 14.2423 2
    endloop
  endfacet
  facet normal 0 0 1
    outer loop
      vertex 3 5.1 2
      vertex 6.84 14.2423 2
      vertex 6.53498 14.0919 2
    endloop
  endfacet
  facet normal 0 0 1
    outer loop
      vertex 3 5.1 2
      vertex 6.53498 14.0919 2
      vertex 6.21293 13.9826 2
    endloop
  endfacet
  facet normal 0 0 1
    outer loop
      vertex 3 5.1 2
      vertex 6.21293 13.9826 2
      vertex 5.87937 13.9162 2
    endloop
  endfacet
  facet normal 0 0 1
    outer loop
      vertex 3 5.1 2
      vertex 5.87937 13.9162 2
      vertex 5.54 13.894 2
    endloop
  endfacet
  facet normal 0 0 1
    outer loop
      vertex 3 5.1 2
      vertex 5.54 13.894 2
      vertex 5.20063 13.9162 2
    endloop
  endfacet
  facet normal 0 0 1
    outer loop
      vertex 3 5.1 2
      vertex 5.20063 13.9162 2
      vertex 4.86707 13.9826 2
    endloop
  endfacet
  facet normal 0 0 1
    outer loop
      vertex 3 5.1 2
      vertex 4.86707 13.9826 2
      vertex 4.54502 14.0919 2
    endloop
  endfacet
  facet normal 0 0 1
    outer loop
      vertex 3 5.1 2
      vertex 4.54502 14.0919 2
      vertex 4.24 14.2423 2
    endloop
  endfacet
  facet normal 0 0 1
    outer loop
      vertex 7.12278 14.4313 2
      vertex 3 5.1 2
      vertex 22.05 5.1 2
    endloop
  endfacet
  facet normal 0 0 1
    outer loop
      vertex 3.95722 14.4313 2
      vertex 3 5.1 2
      vertex 4.24 14.2423 2
    endloop
  endfacet
  facet normal 0 0 1
    outer loop
      vertex 3.70152 14.6555 2
      vertex 3 5.1 2
      vertex 3.95722 14.4313 2
    endloop
  endfacet
  facet normal 0 0 1
    outer loop
      vertex 3.47728 14.9112 2
      vertex 3 5.1 2
      vertex 3.70152 14.6555 2
    endloop
  endfacet
  facet normal 0 0 1
    outer loop
      vertex 3.28833 15.194 2
      vertex 3 5.1 2
      vertex 3.47728 14.9112 2
    endloop
  endfacet
  facet normal 0 0 1
    outer loop
      vertex 3.13791 15.499 2
      vertex 3 5.1 2
      vertex 3.28833 15.194 2
    endloop
  endfacet
  facet normal 0 0 1
    outer loop
      vertex 3.02859 15.8211 2
      vertex 3 5.1 2
      vertex 3.13791 15.499 2
    endloop
  endfacet
  facet normal 0 0 1
    outer loop
      vertex 3.02859 15.8211 2
      vertex 2 2.6 2
      vertex 3 5.1 2
    endloop
  endfacet
  facet normal 0 0 1
    outer loop
      vertex 2 2.6 2
      vertex 3.02859 15.8211 2
      vertex 2.96224 16.1546 2
    endloop
  endfacet
  facet normal 0 0 1
    outer loop
      vertex 22.45 20.51 2
      vertex 23.05 19.91 2
      vertex 23.0449 19.9883 2
    endloop
  endfacet
  facet normal 0 0 1
    outer loop
      vertex 23.05 19.91 2
      vertex 22.0878 16.1546 2
      vertex 23.05 2.6 2
    endloop
  endfacet
  facet normal 0 0 1
    outer loop
      vertex 22.45 20.51 2
      vertex 23.0449 19.9883 2
      vertex 23.0296 20.0653 2
    endloop
  endfacet
  facet normal -0 0 1
    outer loop
      vertex 22.0214 15.8211 2
      vertex 23.05 2.6 2
      vertex 22.0878 16.1546 2
    endloop
  endfacet
  facet normal 0 0 1
    outer loop
      vertex 22.45 20.51 2
      vertex 23.0296 20.0653 2
      vertex 23.0043 20.1396 2
    endloop
  endfacet
  facet normal -0 0 1
    outer loop
      vertex 22.05 2.9 2
      vertex 23.05 2.6 2
      vertex 22.05 5.1 2
    endloop
  endfacet
  facet normal 0 0 1
    outer loop
      vertex 22.45 20.51 2
      vertex 23.0043 20.1396 2
      vertex 22.9696 20.21 2
    endloop
  endfacet
  facet normal 0 0 1
    outer loop
      vertex 23.05 2.6 2
      vertex 22.05 2.9 2
      vertex 23.0449 2.52168 2
    endloop
  endfacet
  facet normal 0 0 1
    outer loop
      vertex 22.45 20.51 2
      vertex 22.9696 20.21 2
      vertex 22.926 20.2753 2
    endloop
  endfacet
  facet normal 0 0 1
    outer loop
      vertex 23.0449 2.52168 2
      vertex 22.05 2.9 2
      vertex 23.0296 2.44471 2
    endloop
  endfacet
  facet normal 0 0 1
    outer loop
      vertex 22.45 20.51 2
      vertex 22.926 20.2753 2
      vertex 22.8743 20.3343 2
    endloop
  endfacet
  facet normal 0 0 1
    outer loop
      vertex 23.0296 2.44471 2
      vertex 22.05 2.9 2
      vertex 23.0043 2.37039 2
    endloop
  endfacet
  facet normal 0 0 1
    outer loop
      vertex 22.45 20.51 2
      vertex 22.8743 20.3343 2
      vertex 22.8153 20.386 2
    endloop
  endfacet
  facet normal 0 0 1
    outer loop
      vertex 23.0043 2.37039 2
      vertex 22.05 2.9 2
      vertex 22.9696 2.3 2
    endloop
  endfacet
  facet normal 0 0 1
    outer loop
      vertex 22.45 20.51 2
      vertex 22.8153 20.386 2
      vertex 22.75 20.4296 2
    endloop
  endfacet
  facet normal 0 0 1
    outer loop
      vertex 22.9696 2.3 2
      vertex 22.05 2.9 2
      vertex 22.926 2.23474 2
    endloop
  endfacet
  facet normal 0 0 1
    outer loop
      vertex 22.45 20.51 2
      vertex 22.75 20.4296 2
      vertex 22.6796 20.4643 2
    endloop
  endfacet
  facet normal 0 0 1
    outer loop
      vertex 22.926 2.23474 2
      vertex 22.05 2.9 2
      vertex 22.8743 2.17574 2
    endloop
  endfacet
  facet normal 0 0 1
    outer loop
      vertex 22.45 20.51 2
      vertex 22.6796 20.4643 2
      vertex 22.6053 20.4896 2
    endloop
  endfacet
  facet normal 0 0 1
    outer loop
      vertex 22.8743 2.17574 2
      vertex 22.05 2.9 2
      vertex 22.8153 2.12399 2
    endloop
  endfacet
  facet normal 0 0 1
    outer loop
      vertex 22.45 20.51 2
      vertex 22.6053 20.4896 2
      vertex 22.5283 20.5049 2
    endloop
  endfacet
  facet normal 0 0 1
    outer loop
      vertex 23.05 19.91 2
      vertex 22.11 16.494 2
      vertex 22.0878 16.1546 2
    endloop
  endfacet
  facet normal 0 0 1
    outer loop
      vertex 23.05 19.91 2
      vertex 22.45 20.51 2
      vertex 21.0928 18.5567 2
    endloop
  endfacet
  facet normal 0 0 1
    outer loop
      vertex 22.8153 2.12399 2
      vertex 22.05 2.9 2
      vertex 22.75 2.08038 2
    endloop
  endfacet
  facet normal 0 0 1
    outer loop
      vertex 22.75 2.08038 2
      vertex 22.05 2.9 2
      vertex 22.6796 2.04567 2
    endloop
  endfacet
  facet normal 0 0 1
    outer loop
      vertex 23.05 19.91 2
      vertex 22.0878 16.8334 2
      vertex 22.11 16.494 2
    endloop
  endfacet
  facet normal 0 0 1
    outer loop
      vertex 23.05 19.91 2
      vertex 22.0214 17.1669 2
      vertex 22.0878 16.8334 2
    endloop
  endfacet
  facet normal 0 0 1
    outer loop
      vertex 23.05 19.91 2
      vertex 21.9121 17.489 2
      vertex 22.0214 17.1669 2
    endloop
  endfacet
  facet normal 0 0 1
    outer loop
      vertex 23.05 19.91 2
      vertex 21.7617 17.794 2
      vertex 21.9121 17.489 2
    endloop
  endfacet
  facet normal 0 0 1
    outer loop
      vertex 23.05 19.91 2
      vertex 21.5727 18.0768 2
      vertex 21.7617 17.794 2
    endloop
  endfacet
  facet normal 0 0 1
    outer loop
      vertex 23.05 19.91 2
      vertex 21.3485 18.3325 2
      vertex 21.5727 18.0768 2
    endloop
  endfacet
  facet normal 0 0 1
    outer loop
      vertex 23.05 19.91 2
      vertex 21.0928 18.5567 2
      vertex 21.3485 18.3325 2
    endloop
  endfacet
  facet normal 0 0 1
    outer loop
      vertex 22.45 20.51 2
      vertex 20.81 18.7456 2
      vertex 21.0928 18.5567 2
    endloop
  endfacet
  facet normal 0 0 1
    outer loop
      vertex 22.45 20.51 2
      vertex 20.505 18.8961 2
      vertex 20.81 18.7456 2
    endloop
  endfacet
  facet normal 0 0 1
    outer loop
      vertex 22.45 20.51 2
      vertex 20.1829 19.0054 2
      vertex 20.505 18.8961 2
    endloop
  endfacet
  facet normal 0 0 1
    outer loop
      vertex 22.45 20.51 2
      vertex 19.8494 19.0717 2
      vertex 20.1829 19.0054 2
    endloop
  endfacet
  facet normal 0 0 1
    outer loop
      vertex 22.45 20.51 2
      vertex 19.51 19.094 2
      vertex 19.8494 19.0717 2
    endloop
  endfacet
  facet normal 0 0 1
    outer loop
      vertex 22.45 20.51 2
      vertex 19.1706 19.0717 2
      vertex 19.51 19.094 2
    endloop
  endfacet
  facet normal 0 0 1
    outer loop
      vertex 22.45 20.51 2
      vertex 18.8371 19.0054 2
      vertex 19.1706 19.0717 2
    endloop
  endfacet
  facet normal 0 0 1
    outer loop
      vertex 6.21293 19.0054 2
      vertex 18.8371 19.0054 2
      vertex 22.45 20.51 2
    endloop
  endfacet
  facet normal 0 0 1
    outer loop
      vertex 16.9322 16.8334 2
      vertex 8.14 16.494 2
      vertex 16.91 16.494 2
    endloop
  endfacet
  facet normal 0 0 1
    outer loop
      vertex 8.11776 16.8334 2
      vertex 16.9322 16.8334 2
      vertex 16.9986 17.1669 2
    endloop
  endfacet
  facet normal 0 0 1
    outer loop
      vertex 8.05141 17.1669 2
      vertex 16.9986 17.1669 2
      vertex 17.1079 17.489 2
    endloop
  endfacet
  facet normal 0 0 1
    outer loop
      vertex 7.94209 17.489 2
      vertex 17.1079 17.489 2
      vertex 17.2583 17.794 2
    endloop
  endfacet
  facet normal 0 0 1
    outer loop
      vertex 7.79167 17.794 2
      vertex 17.2583 17.794 2
      vertex 17.4473 18.0768 2
    endloop
  endfacet
  facet normal 0 0 1
    outer loop
      vertex 7.60272 18.0768 2
      vertex 17.4473 18.0768 2
      vertex 17.6715 18.3325 2
    endloop
  endfacet
  facet normal 0 0 1
    outer loop
      vertex 7.37848 18.3325 2
      vertex 17.6715 18.3325 2
      vertex 17.9272 18.5567 2
    endloop
  endfacet
  facet normal 0 0 1
    outer loop
      vertex 7.12278 18.5567 2
      vertex 17.9272 18.5567 2
      vertex 18.21 18.7456 2
    endloop
  endfacet
  facet normal 0 0 1
    outer loop
      vertex 6.84 18.7456 2
      vertex 18.21 18.7456 2
      vertex 18.515 18.8961 2
    endloop
  endfacet
  facet normal 0 0 1
    outer loop
      vertex 18.8371 19.0054 2
      vertex 6.21293 19.0054 2
      vertex 18.515 18.8961 2
    endloop
  endfacet
  facet normal 0 0 1
    outer loop
      vertex 16.9322 16.8334 2
      vertex 8.11776 16.8334 2
      vertex 8.14 16.494 2
    endloop
  endfacet
  facet normal 0 0 1
    outer loop
      vertex 16.9986 17.1669 2
      vertex 8.05141 17.1669 2
      vertex 8.11776 16.8334 2
    endloop
  endfacet
  facet normal 0 0 1
    outer loop
      vertex 17.1079 17.489 2
      vertex 7.94209 17.489 2
      vertex 8.05141 17.1669 2
    endloop
  endfacet
  facet normal 0 0 1
    outer loop
      vertex 17.2583 17.794 2
      vertex 7.79167 17.794 2
      vertex 7.94209 17.489 2
    endloop
  endfacet
  facet normal 0 0 1
    outer loop
      vertex 17.4473 18.0768 2
      vertex 7.60272 18.0768 2
      vertex 7.79167 17.794 2
    endloop
  endfacet
  facet normal 0 0 1
    outer loop
      vertex 17.6715 18.3325 2
      vertex 7.37848 18.3325 2
      vertex 7.60272 18.0768 2
    endloop
  endfacet
  facet normal 0 0 1
    outer loop
      vertex 17.9272 18.5567 2
      vertex 7.12278 18.5567 2
      vertex 7.37848 18.3325 2
    endloop
  endfacet
  facet normal 0 0 1
    outer loop
      vertex 18.21 18.7456 2
      vertex 6.84 18.7456 2
      vertex 7.12278 18.5567 2
    endloop
  endfacet
  facet normal 0 0 1
    outer loop
      vertex 18.515 18.8961 2
      vertex 6.53498 18.8961 2
      vertex 6.84 18.7456 2
    endloop
  endfacet
  facet normal 0 0 1
    outer loop
      vertex 18.515 18.8961 2
      vertex 6.21293 19.0054 2
      vertex 6.53498 18.8961 2
    endloop
  endfacet
  facet normal -0 0 1
    outer loop
      vertex 2.6 20.51 2
      vertex 6.21293 19.0054 2
      vertex 22.45 20.51 2
    endloop
  endfacet
  facet normal 0 0 1
    outer loop
      vertex 6.21293 19.0054 2
      vertex 2.6 20.51 2
      vertex 5.87937 19.0717 2
    endloop
  endfacet
  facet normal 0 0 1
    outer loop
      vertex 5.87937 19.0717 2
      vertex 2.6 20.51 2
      vertex 5.54 19.094 2
    endloop
  endfacet
  facet normal 0 0 1
    outer loop
      vertex 3.02859 17.1669 2
      vertex 2 19.91 2
      vertex 2.96224 16.8334 2
    endloop
  endfacet
  facet normal 0 0 1
    outer loop
      vertex 3.13791 17.489 2
      vertex 2 19.91 2
      vertex 3.02859 17.1669 2
    endloop
  endfacet
  facet normal 0 0 1
    outer loop
      vertex 3.28833 17.794 2
      vertex 2 19.91 2
      vertex 3.13791 17.489 2
    endloop
  endfacet
  facet normal 0 0 1
    outer loop
      vertex 3.47728 18.0768 2
      vertex 2 19.91 2
      vertex 3.28833 17.794 2
    endloop
  endfacet
  facet normal 0 0 1
    outer loop
      vertex 3.70152 18.3325 2
      vertex 2 19.91 2
      vertex 3.47728 18.0768 2
    endloop
  endfacet
  facet normal 0 0 1
    outer loop
      vertex 3.95722 18.5567 2
      vertex 2 19.91 2
      vertex 3.70152 18.3325 2
    endloop
  endfacet
  facet normal -0 0 1
    outer loop
      vertex 2 19.91 2
      vertex 3.95722 18.5567 2
      vertex 2.6 20.51 2
    endloop
  endfacet
  facet normal 0 0 1
    outer loop
      vertex 4.24 18.7456 2
      vertex 2.6 20.51 2
      vertex 3.95722 18.5567 2
    endloop
  endfacet
  facet normal 0 0 1
    outer loop
      vertex 4.54502 18.8961 2
      vertex 2.6 20.51 2
      vertex 4.24 18.7456 2
    endloop
  endfacet
  facet normal 0 0 1
    outer loop
      vertex 4.86707 19.0054 2
      vertex 2.6 20.51 2
      vertex 4.54502 18.8961 2
    endloop
  endfacet
  facet normal 0 0 1
    outer loop
      vertex 5.20063 19.0717 2
      vertex 2.6 20.51 2
      vertex 4.86707 19.0054 2
    endloop
  endfacet
  facet normal 0 0 1
    outer loop
      vertex 5.54 19.094 2
      vertex 2.6 20.51 2
      vertex 5.20063 19.0717 2
    endloop
  endfacet
  facet normal 0 0 1
    outer loop
      vertex 22.6796 2.04567 2
      vertex 22.05 2.9 2
      vertex 22.6053 2.02044 2
    endloop
  endfacet
  facet normal 0 0 1
    outer loop
      vertex 22.6053 2.02044 2
      vertex 22.05 2.9 2
      vertex 22.5283 2.00513 2
    endloop
  endfacet
  facet normal 0 0 1
    outer loop
      vertex 22.5283 2.00513 2
      vertex 22.05 2.9 2
      vertex 22.45 2 2
    endloop
  endfacet
  facet normal 0 0 1
    outer loop
      vertex 22.05 2.9 2
      vertex 14.275 2 2
      vertex 22.45 2 2
    endloop
  endfacet
  facet normal 0 0 1
    outer loop
      vertex 14.275 2 2
      vertex 10.775 2 2
      vertex 14.275 0 2
    endloop
  endfacet
  facet normal 0 0 1
    outer loop
      vertex 22.05 2.9 2
      vertex 10.775 2 2
      vertex 14.275 2 2
    endloop
  endfacet
  facet normal -0 0 1
    outer loop
      vertex 3 2.9 2
      vertex 10.775 2 2
      vertex 22.05 2.9 2
    endloop
  endfacet
  facet normal 0 0 1
    outer loop
      vertex 2 19.91 2
      vertex 2.96224 16.1546 2
      vertex 2.94 16.494 2
    endloop
  endfacet
  facet normal 0 0 1
    outer loop
      vertex 2.96224 16.8334 2
      vertex 2 19.91 2
      vertex 2.94 16.494 2
    endloop
  endfacet
  facet normal 0 0 1
    outer loop
      vertex 3 2.9 2
      vertex 2.6 2 2
      vertex 10.775 2 2
    endloop
  endfacet
  facet normal 0 0 1
    outer loop
      vertex 2.96224 16.1546 2
      vertex 2 19.91 2
      vertex 2 2.6 2
    endloop
  endfacet
  facet normal 0 0 1
    outer loop
      vertex 2 19.91 2
      vertex 2.6 20.51 2
      vertex 2.52168 20.5049 2
    endloop
  endfacet
  facet normal 0 0 1
    outer loop
      vertex 3 5.1 2
      vertex 2 2.6 2
      vertex 3 2.9 2
    endloop
  endfacet
  facet normal 0 0 1
    outer loop
      vertex 2 19.91 2
      vertex 2.52168 20.5049 2
      vertex 2.44471 20.4896 2
    endloop
  endfacet
  facet normal 0 -0 1
    outer loop
      vertex 2.00513 2.52168 2
      vertex 3 2.9 2
      vertex 2 2.6 2
    endloop
  endfacet
  facet normal 0 0 1
    outer loop
      vertex 2 19.91 2
      vertex 2.44471 20.4896 2
      vertex 2.37039 20.4643 2
    endloop
  endfacet
  facet normal 0 0 1
    outer loop
      vertex 3 2.9 2
      vertex 2.52168 2.00513 2
      vertex 2.6 2 2
    endloop
  endfacet
  facet normal 0 0 1
    outer loop
      vertex 2 19.91 2
      vertex 2.37039 20.4643 2
      vertex 2.3 20.4296 2
    endloop
  endfacet
  facet normal 0 0 1
    outer loop
      vertex 3 2.9 2
      vertex 2.44471 2.02044 2
      vertex 2.52168 2.00513 2
    endloop
  endfacet
  facet normal 0 0 1
    outer loop
      vertex 2 19.91 2
      vertex 2.3 20.4296 2
      vertex 2.23474 20.386 2
    endloop
  endfacet
  facet normal 0 0 1
    outer loop
      vertex 3 2.9 2
      vertex 2.37039 2.04567 2
      vertex 2.44471 2.02044 2
    endloop
  endfacet
  facet normal 0 0 1
    outer loop
      vertex 2 19.91 2
      vertex 2.23474 20.386 2
      vertex 2.17574 20.3343 2
    endloop
  endfacet
  facet normal 0 0 1
    outer loop
      vertex 3 2.9 2
      vertex 2.3 2.08038 2
      vertex 2.37039 2.04567 2
    endloop
  endfacet
  facet normal 0 0 1
    outer loop
      vertex 2 19.91 2
      vertex 2.17574 20.3343 2
      vertex 2.12399 20.2753 2
    endloop
  endfacet
  facet normal 0 0 1
    outer loop
      vertex 3 2.9 2
      vertex 2.23474 2.12399 2
      vertex 2.3 2.08038 2
    endloop
  endfacet
  facet normal 0 0 1
    outer loop
      vertex 2 19.91 2
      vertex 2.12399 20.2753 2
      vertex 2.08038 20.21 2
    endloop
  endfacet
  facet normal 0 0 1
    outer loop
      vertex 3 2.9 2
      vertex 2.17574 2.17574 2
      vertex 2.23474 2.12399 2
    endloop
  endfacet
  facet normal 0 0 1
    outer loop
      vertex 2 19.91 2
      vertex 2.08038 20.21 2
      vertex 2.04567 20.1396 2
    endloop
  endfacet
  facet normal 0 0 1
    outer loop
      vertex 3 2.9 2
      vertex 2.12399 2.23474 2
      vertex 2.17574 2.17574 2
    endloop
  endfacet
  facet normal 0 0 1
    outer loop
      vertex 2 19.91 2
      vertex 2.04567 20.1396 2
      vertex 2.02044 20.0653 2
    endloop
  endfacet
  facet normal 0 0 1
    outer loop
      vertex 3 2.9 2
      vertex 2.08038 2.3 2
      vertex 2.12399 2.23474 2
    endloop
  endfacet
  facet normal 0 0 1
    outer loop
      vertex 2 19.91 2
      vertex 2.02044 20.0653 2
      vertex 2.00513 19.9883 2
    endloop
  endfacet
  facet normal 0 0 1
    outer loop
      vertex 3 2.9 2
      vertex 2.04567 2.37039 2
      vertex 2.08038 2.3 2
    endloop
  endfacet
  facet normal 0 0 1
    outer loop
      vertex 3 2.9 2
      vertex 2.02044 2.44471 2
      vertex 2.04567 2.37039 2
    endloop
  endfacet
  facet normal 0 0 1
    outer loop
      vertex 3 2.9 2
      vertex 2.00513 2.52168 2
      vertex 2.02044 2.44471 2
    endloop
  endfacet
  facet normal 0 0 1
    outer loop
      vertex 14.275 0 2
      vertex 10.775 2 2
      vertex 10.775 0 2
    endloop
  endfacet
  facet normal 0 1 0
    outer loop
      vertex 22.45 2 7.04261
      vertex 14.275 2 5.5
      vertex 2.6 2 7.04261
    endloop
  endfacet
  facet normal 0 1 0
    outer loop
      vertex 22.45 2 7.04261
      vertex 14.5034 2 5.48503
      vertex 14.275 2 5.5
    endloop
  endfacet
  facet normal 0 1 0
    outer loop
      vertex 22.45 2 7.04261
      vertex 14.7279 2 5.44037
      vertex 14.5034 2 5.48503
    endloop
  endfacet
  facet normal 0 1 0
    outer loop
      vertex 22.45 2 7.04261
      vertex 14.9447 2 5.36679
      vertex 14.7279 2 5.44037
    endloop
  endfacet
  facet normal 0 1 0
    outer loop
      vertex 22.45 2 7.04261
      vertex 15.15 2 5.26554
      vertex 14.9447 2 5.36679
    endloop
  endfacet
  facet normal 0 1 0
    outer loop
      vertex 22.45 2 7.04261
      vertex 15.3403 2 5.13837
      vertex 15.15 2 5.26554
    endloop
  endfacet
  facet normal 0 1 0
    outer loop
      vertex 22.45 2 7.04261
      vertex 15.5124 2 4.98744
      vertex 15.3403 2 5.13837
    endloop
  endfacet
  facet normal 0 1 0
    outer loop
      vertex 22.45 2 7.04261
      vertex 15.6634 2 4.81533
      vertex 15.5124 2 4.98744
    endloop
  endfacet
  facet normal 0 1 0
    outer loop
      vertex 22.45 2 7.04261
      vertex 15.7905 2 4.625
      vertex 15.6634 2 4.81533
    endloop
  endfacet
  facet normal 0 1 0
    outer loop
      vertex 22.45 2 7.04261
      vertex 15.8918 2 4.4197
      vertex 15.7905 2 4.625
    endloop
  endfacet
  facet normal 0 1 0
    outer loop
      vertex 22.45 2 7.04261
      vertex 15.9654 2 4.20293
      vertex 15.8918 2 4.4197
    endloop
  endfacet
  facet normal 0 1 0
    outer loop
      vertex 22.45 2 7.04261
      vertex 16.01 2 3.97842
      vertex 15.9654 2 4.20293
    endloop
  endfacet
  facet normal 0 1 -0
    outer loop
      vertex 22.45 2 2
      vertex 16.01 2 3.97842
      vertex 22.45 2 7.04261
    endloop
  endfacet
  facet normal 0 1 0
    outer loop
      vertex 16.01 2 3.97842
      vertex 22.45 2 2
      vertex 16.025 2 3.75
    endloop
  endfacet
  facet normal 0 1 0
    outer loop
      vertex 16.025 2 3.75
      vertex 22.45 2 2
      vertex 16.01 2 3.52158
    endloop
  endfacet
  facet normal 0 1 0
    outer loop
      vertex 16.01 2 3.52158
      vertex 22.45 2 2
      vertex 15.9654 2 3.29707
    endloop
  endfacet
  facet normal 0 1 0
    outer loop
      vertex 15.9654 2 3.29707
      vertex 22.45 2 2
      vertex 15.8918 2 3.0803
    endloop
  endfacet
  facet normal 0 1 0
    outer loop
      vertex 15.8918 2 3.0803
      vertex 22.45 2 2
      vertex 15.7905 2 2.875
    endloop
  endfacet
  facet normal 0 1 0
    outer loop
      vertex 15.7905 2 2.875
      vertex 22.45 2 2
      vertex 15.6634 2 2.68467
    endloop
  endfacet
  facet normal 0 1 0
    outer loop
      vertex 15.6634 2 2.68467
      vertex 22.45 2 2
      vertex 15.5124 2 2.51256
    endloop
  endfacet
  facet normal 0 1 0
    outer loop
      vertex 15.5124 2 2.51256
      vertex 22.45 2 2
      vertex 15.3403 2 2.36163
    endloop
  endfacet
  facet normal 0 1 0
    outer loop
      vertex 15.3403 2 2.36163
      vertex 22.45 2 2
      vertex 15.15 2 2.23446
    endloop
  endfacet
  facet normal 0 1 0
    outer loop
      vertex 22.45 2 2
      vertex 14.9447 2 2.13321
      vertex 15.15 2 2.23446
    endloop
  endfacet
  facet normal 0 1 0
    outer loop
      vertex 22.45 2 2
      vertex 14.7279 2 2.05963
      vertex 14.9447 2 2.13321
    endloop
  endfacet
  facet normal 0 1 0
    outer loop
      vertex 22.45 2 2
      vertex 14.5034 2 2.01497
      vertex 14.7279 2 2.05963
    endloop
  endfacet
  facet normal 0 1 0
    outer loop
      vertex 14.5034 2 2.01497
      vertex 22.45 2 2
      vertex 14.275 2 2
    endloop
  endfacet
  facet normal 0 1 -0
    outer loop
      vertex 10.775 2 5.5
      vertex 2.6 2 7.04261
      vertex 14.275 2 5.5
    endloop
  endfacet
  facet normal 0 1 -0
    outer loop
      vertex 10.5466 2 5.48503
      vertex 2.6 2 7.04261
      vertex 10.775 2 5.5
    endloop
  endfacet
  facet normal 0 1 -0
    outer loop
      vertex 10.3221 2 5.44037
      vertex 2.6 2 7.04261
      vertex 10.5466 2 5.48503
    endloop
  endfacet
  facet normal 0 1 -0
    outer loop
      vertex 10.1053 2 5.36679
      vertex 2.6 2 7.04261
      vertex 10.3221 2 5.44037
    endloop
  endfacet
  facet normal 0 1 -0
    outer loop
      vertex 9.9 2 5.26554
      vertex 2.6 2 7.04261
      vertex 10.1053 2 5.36679
    endloop
  endfacet
  facet normal 0 1 -0
    outer loop
      vertex 9.70967 2 5.13837
      vertex 2.6 2 7.04261
      vertex 9.9 2 5.26554
    endloop
  endfacet
  facet normal 0 1 -0
    outer loop
      vertex 9.53756 2 4.98744
      vertex 2.6 2 7.04261
      vertex 9.70967 2 5.13837
    endloop
  endfacet
  facet normal 0 1 -0
    outer loop
      vertex 9.38663 2 4.81533
      vertex 2.6 2 7.04261
      vertex 9.53756 2 4.98744
    endloop
  endfacet
  facet normal 0 1 -0
    outer loop
      vertex 9.25945 2 4.625
      vertex 2.6 2 7.04261
      vertex 9.38663 2 4.81533
    endloop
  endfacet
  facet normal 0 1 -0
    outer loop
      vertex 9.15821 2 4.4197
      vertex 2.6 2 7.04261
      vertex 9.25945 2 4.625
    endloop
  endfacet
  facet normal 0 1 -0
    outer loop
      vertex 9.08463 2 4.20293
      vertex 2.6 2 7.04261
      vertex 9.15821 2 4.4197
    endloop
  endfacet
  facet normal 0 1 -0
    outer loop
      vertex 9.03997 2 3.97842
      vertex 2.6 2 7.04261
      vertex 9.08463 2 4.20293
    endloop
  endfacet
  facet normal 0 1 0
    outer loop
      vertex 2.6 2 2
      vertex 9.03997 2 3.97842
      vertex 9.025 2 3.75
    endloop
  endfacet
  facet normal 0 1 0
    outer loop
      vertex 2.6 2 2
      vertex 9.025 2 3.75
      vertex 9.03997 2 3.52158
    endloop
  endfacet
  facet normal 0 1 0
    outer loop
      vertex 2.6 2 2
      vertex 9.03997 2 3.52158
      vertex 9.08463 2 3.29707
    endloop
  endfacet
  facet normal 0 1 0
    outer loop
      vertex 2.6 2 2
      vertex 9.08463 2 3.29707
      vertex 9.15821 2 3.0803
    endloop
  endfacet
  facet normal 0 1 0
    outer loop
      vertex 2.6 2 2
      vertex 9.15821 2 3.0803
      vertex 9.25945 2 2.875
    endloop
  endfacet
  facet normal 0 1 0
    outer loop
      vertex 2.6 2 2
      vertex 9.25945 2 2.875
      vertex 9.38663 2 2.68467
    endloop
  endfacet
  facet normal 0 1 0
    outer loop
      vertex 2.6 2 2
      vertex 9.38663 2 2.68467
      vertex 9.53756 2 2.51256
    endloop
  endfacet
  facet normal 0 1 0
    outer loop
      vertex 2.6 2 2
      vertex 9.53756 2 2.51256
      vertex 9.70967 2 2.36163
    endloop
  endfacet
  facet normal 0 1 0
    outer loop
      vertex 2.6 2 2
      vertex 9.70967 2 2.36163
      vertex 9.9 2 2.23446
    endloop
  endfacet
  facet normal 0 1 0
    outer loop
      vertex 9.03997 2 3.97842
      vertex 2.6 2 2
      vertex 2.6 2 7.04261
    endloop
  endfacet
  facet normal 0 1 0
    outer loop
      vertex 10.1053 2 2.13321
      vertex 2.6 2 2
      vertex 9.9 2 2.23446
    endloop
  endfacet
  facet normal 0 1 0
    outer loop
      vertex 10.3221 2 2.05963
      vertex 2.6 2 2
      vertex 10.1053 2 2.13321
    endloop
  endfacet
  facet normal 0 1 0
    outer loop
      vertex 10.5466 2 2.01497
      vertex 2.6 2 2
      vertex 10.3221 2 2.05963
    endloop
  endfacet
  facet normal 0 1 0
    outer loop
      vertex 2.6 2 2
      vertex 10.5466 2 2.01497
      vertex 10.775 2 2
    endloop
  endfacet
  facet normal 0 1 -0
    outer loop
      vertex 22.45 2 9.58127
      vertex 2.6 2 10.8578
      vertex 22.45 2 10.8578
    endloop
  endfacet
  facet normal 0 1 0
    outer loop
      vertex 2.6 2 10.8578
      vertex 22.45 2 9.58127
      vertex 2.6 2 9.58127
    endloop
  endfacet
  facet normal 0.659406 0.751787 -0
    outer loop
      vertex 2.23474 2.12399 2
      vertex 2.17574 2.17574 7.04261
      vertex 2.23474 2.12399 7.04261
    endloop
  endfacet
  facet normal 0.659406 0.751787 0
    outer loop
      vertex 2.17574 2.17574 7.04261
      vertex 2.23474 2.12399 2
      vertex 2.17574 2.17574 2
    endloop
  endfacet
  facet normal 0.659406 0.751787 0
    outer loop
      vertex 2.17574 2.17574 9.58127
      vertex 2.23474 2.12399 10.891
      vertex 2.23474 2.12399 9.58127
    endloop
  endfacet
  facet normal 0.659406 0.751787 0
    outer loop
      vertex 2.23474 2.12399 10.891
      vertex 2.17574 2.17574 9.58127
      vertex 2.17574 2.17574 10.9049
    endloop
  endfacet
  facet normal 0.997861 -0.0653771 0
    outer loop
      vertex 2 19.91 12.2404
      vertex 2.00513 19.9883 2
      vertex 2.00513 19.9883 12.2614
    endloop
  endfacet
  facet normal 0.997861 -0.0653771 0
    outer loop
      vertex 2.00513 19.9883 2
      vertex 2 19.91 12.2404
      vertex 2 19.91 2
    endloop
  endfacet
  facet normal 0.997861 -0.0653771 0
    outer loop
      vertex 2 19.91 15.6568
      vertex 2.00513 19.9883 14.1249
      vertex 2.00513 19.9883 15.6778
    endloop
  endfacet
  facet normal 0.997861 -0.0653771 0
    outer loop
      vertex 2.00513 19.9883 14.1249
      vertex 2 19.91 15.6568
      vertex 2 19.91 14.1039
    endloop
  endfacet
  facet normal -1 0 0
    outer loop
      vertex 23.05 19.91 2
      vertex 23.05 19.4122 12.107
      vertex 23.05 19.91 12.2404
    endloop
  endfacet
  facet normal -1 0 0
    outer loop
      vertex 23.05 15.6511 6.68484
      vertex 23.05 19.4122 12.107
      vertex 23.05 19.91 2
    endloop
  endfacet
  facet normal -1 0 0
    outer loop
      vertex 23.05 19.4122 12.107
      vertex 23.05 15.6511 6.68484
      vertex 23.05 19.111 12.0263
    endloop
  endfacet
  facet normal -1 0 0
    outer loop
      vertex 23.05 15.6567 6.6
      vertex 23.05 19.91 2
      vertex 23.05 15.6567 3.4
    endloop
  endfacet
  facet normal -1 0 0
    outer loop
      vertex 23.05 19.91 2
      vertex 23.05 15.6511 3.31516
      vertex 23.05 15.6567 3.4
    endloop
  endfacet
  facet normal -1 0 0
    outer loop
      vertex 23.05 19.91 2
      vertex 23.05 15.6345 3.23177
      vertex 23.05 15.6511 3.31516
    endloop
  endfacet
  facet normal -1 0 0
    outer loop
      vertex 23.05 19.91 2
      vertex 23.05 15.6072 3.15126
      vertex 23.05 15.6345 3.23177
    endloop
  endfacet
  facet normal -1 0 0
    outer loop
      vertex 23.05 19.91 2
      vertex 23.05 15.5696 3.075
      vertex 23.05 15.6072 3.15126
    endloop
  endfacet
  facet normal -1 0 0
    outer loop
      vertex 23.05 19.91 2
      vertex 23.05 15.5223 3.00431
      vertex 23.05 15.5696 3.075
    endloop
  endfacet
  facet normal -1 0 0
    outer loop
      vertex 23.05 19.91 2
      vertex 23.05 15.4663 2.94038
      vertex 23.05 15.5223 3.00431
    endloop
  endfacet
  facet normal -1 0 0
    outer loop
      vertex 23.05 19.91 2
      vertex 23.05 15.4024 2.88432
      vertex 23.05 15.4663 2.94038
    endloop
  endfacet
  facet normal -1 0 0
    outer loop
      vertex 23.05 19.91 2
      vertex 23.05 15.3317 2.83708
      vertex 23.05 15.4024 2.88432
    endloop
  endfacet
  facet normal -1 0 0
    outer loop
      vertex 23.05 19.91 2
      vertex 23.05 15.2554 2.79948
      vertex 23.05 15.3317 2.83708
    endloop
  endfacet
  facet normal -1 0 0
    outer loop
      vertex 23.05 19.91 2
      vertex 23.05 15.1749 2.77215
      vertex 23.05 15.2554 2.79948
    endloop
  endfacet
  facet normal -1 0 0
    outer loop
      vertex 23.05 19.91 2
      vertex 23.05 15.0915 2.75556
      vertex 23.05 15.1749 2.77215
    endloop
  endfacet
  facet normal -1 0 0
    outer loop
      vertex 23.05 19.91 2
      vertex 23.05 15.0067 2.75
      vertex 23.05 15.0915 2.75556
    endloop
  endfacet
  facet normal -1 0 0
    outer loop
      vertex 23.05 19.91 2
      vertex 23.05 14.9218 2.75556
      vertex 23.05 15.0067 2.75
    endloop
  endfacet
  facet normal -1 0 0
    outer loop
      vertex 23.05 14.3567 3.4
      vertex 23.05 8.15333 3.4
      vertex 23.05 14.3567 6.6
    endloop
  endfacet
  facet normal -1 0 0
    outer loop
      vertex 23.05 14.3622 3.31516
      vertex 23.05 8.15333 3.4
      vertex 23.05 14.3567 3.4
    endloop
  endfacet
  facet normal -1 0 0
    outer loop
      vertex 23.05 8.14777 3.31516
      vertex 23.05 14.3622 3.31516
      vertex 23.05 14.3788 3.23177
    endloop
  endfacet
  facet normal -1 0 0
    outer loop
      vertex 23.05 8.13118 3.23177
      vertex 23.05 14.3788 3.23177
      vertex 23.05 14.4061 3.15126
    endloop
  endfacet
  facet normal -1 0 0
    outer loop
      vertex 23.05 8.10385 3.15126
      vertex 23.05 14.4061 3.15126
      vertex 23.05 14.4438 3.075
    endloop
  endfacet
  facet normal -1 0 0
    outer loop
      vertex 23.05 8.06625 3.075
      vertex 23.05 14.4438 3.075
      vertex 23.05 14.491 3.00431
    endloop
  endfacet
  facet normal -1 0 0
    outer loop
      vertex 23.05 8.01901 3.00431
      vertex 23.05 14.491 3.00431
      vertex 23.05 14.547 2.94038
    endloop
  endfacet
  facet normal -1 0 0
    outer loop
      vertex 23.05 7.96295 2.94038
      vertex 23.05 14.547 2.94038
      vertex 23.05 14.611 2.88432
    endloop
  endfacet
  facet normal -1 0 0
    outer loop
      vertex 23.05 7.89903 2.88432
      vertex 23.05 14.611 2.88432
      vertex 23.05 14.6817 2.83708
    endloop
  endfacet
  facet normal -1 0 0
    outer loop
      vertex 23.05 7.82833 2.83708
      vertex 23.05 14.6817 2.83708
      vertex 23.05 14.7579 2.79948
    endloop
  endfacet
  facet normal -1 0 0
    outer loop
      vertex 23.05 7.75208 2.79948
      vertex 23.05 14.7579 2.79948
      vertex 23.05 14.8384 2.77215
    endloop
  endfacet
  facet normal -1 0 0
    outer loop
      vertex 23.05 7.67157 2.77215
      vertex 23.05 14.8384 2.77215
      vertex 23.05 14.9218 2.75556
    endloop
  endfacet
  facet normal -1 0 0
    outer loop
      vertex 23.05 7.58817 2.75556
      vertex 23.05 14.9218 2.75556
      vertex 23.05 19.91 2
    endloop
  endfacet
  facet normal -1 0 0
    outer loop
      vertex 23.05 14.3622 3.31516
      vertex 23.05 8.14777 3.31516
      vertex 23.05 8.15333 3.4
    endloop
  endfacet
  facet normal -1 0 0
    outer loop
      vertex 23.05 14.3788 3.23177
      vertex 23.05 8.13118 3.23177
      vertex 23.05 8.14777 3.31516
    endloop
  endfacet
  facet normal -1 0 0
    outer loop
      vertex 23.05 14.4061 3.15126
      vertex 23.05 8.10385 3.15126
      vertex 23.05 8.13118 3.23177
    endloop
  endfacet
  facet normal -1 0 0
    outer loop
      vertex 23.05 14.4438 3.075
      vertex 23.05 8.06625 3.075
      vertex 23.05 8.10385 3.15126
    endloop
  endfacet
  facet normal -1 0 0
    outer loop
      vertex 23.05 14.491 3.00431
      vertex 23.05 8.01901 3.00431
      vertex 23.05 8.06625 3.075
    endloop
  endfacet
  facet normal -1 0 0
    outer loop
      vertex 23.05 14.547 2.94038
      vertex 23.05 7.96295 2.94038
      vertex 23.05 8.01901 3.00431
    endloop
  endfacet
  facet normal -1 0 0
    outer loop
      vertex 23.05 14.611 2.88432
      vertex 23.05 7.89903 2.88432
      vertex 23.05 7.96295 2.94038
    endloop
  endfacet
  facet normal -1 0 0
    outer loop
      vertex 23.05 14.6817 2.83708
      vertex 23.05 7.82833 2.83708
      vertex 23.05 7.89903 2.88432
    endloop
  endfacet
  facet normal -1 0 0
    outer loop
      vertex 23.05 14.7579 2.79948
      vertex 23.05 7.75208 2.79948
      vertex 23.05 7.82833 2.83708
    endloop
  endfacet
  facet normal -1 0 0
    outer loop
      vertex 23.05 14.8384 2.77215
      vertex 23.05 7.67157 2.77215
      vertex 23.05 7.75208 2.79948
    endloop
  endfacet
  facet normal -1 0 0
    outer loop
      vertex 23.05 14.9218 2.75556
      vertex 23.05 7.58817 2.75556
      vertex 23.05 7.67157 2.77215
    endloop
  endfacet
  facet normal -1 0 0
    outer loop
      vertex 23.05 2.6 2
      vertex 23.05 7.58817 2.75556
      vertex 23.05 19.91 2
    endloop
  endfacet
  facet normal -1 0 0
    outer loop
      vertex 23.05 2.6 7.60218
      vertex 23.05 6.85333 3.4
      vertex 23.05 2.6 2
    endloop
  endfacet
  facet normal -1 -0 0
    outer loop
      vertex 23.05 6.85889 3.31516
      vertex 23.05 2.6 2
      vertex 23.05 6.85333 3.4
    endloop
  endfacet
  facet normal -1 -0 0
    outer loop
      vertex 23.05 6.87548 3.23177
      vertex 23.05 2.6 2
      vertex 23.05 6.85889 3.31516
    endloop
  endfacet
  facet normal -1 -0 0
    outer loop
      vertex 23.05 6.90281 3.15126
      vertex 23.05 2.6 2
      vertex 23.05 6.87548 3.23177
    endloop
  endfacet
  facet normal -1 -0 0
    outer loop
      vertex 23.05 6.94042 3.075
      vertex 23.05 2.6 2
      vertex 23.05 6.90281 3.15126
    endloop
  endfacet
  facet normal -1 -0 0
    outer loop
      vertex 23.05 6.98765 3.00431
      vertex 23.05 2.6 2
      vertex 23.05 6.94042 3.075
    endloop
  endfacet
  facet normal -1 -0 0
    outer loop
      vertex 23.05 7.04371 2.94038
      vertex 23.05 2.6 2
      vertex 23.05 6.98765 3.00431
    endloop
  endfacet
  facet normal -1 -0 0
    outer loop
      vertex 23.05 7.10764 2.88432
      vertex 23.05 2.6 2
      vertex 23.05 7.04371 2.94038
    endloop
  endfacet
  facet normal -1 -0 0
    outer loop
      vertex 23.05 7.17833 2.83708
      vertex 23.05 2.6 2
      vertex 23.05 7.10764 2.88432
    endloop
  endfacet
  facet normal -1 -0 0
    outer loop
      vertex 23.05 7.25459 2.79948
      vertex 23.05 2.6 2
      vertex 23.05 7.17833 2.83708
    endloop
  endfacet
  facet normal -1 -0 0
    outer loop
      vertex 23.05 7.3351 2.77215
      vertex 23.05 2.6 2
      vertex 23.05 7.25459 2.79948
    endloop
  endfacet
  facet normal -1 -0 0
    outer loop
      vertex 23.05 7.41849 2.75556
      vertex 23.05 2.6 2
      vertex 23.05 7.3351 2.77215
    endloop
  endfacet
  facet normal -1 -0 0
    outer loop
      vertex 23.05 7.50333 2.75
      vertex 23.05 2.6 2
      vertex 23.05 7.41849 2.75556
    endloop
  endfacet
  facet normal -1 0 0
    outer loop
      vertex 23.05 7.58817 2.75556
      vertex 23.05 2.6 2
      vertex 23.05 7.50333 2.75
    endloop
  endfacet
  facet normal -1 0 0
    outer loop
      vertex 23.05 15.6511 6.68484
      vertex 23.05 19.91 2
      vertex 23.05 15.6567 6.6
    endloop
  endfacet
  facet normal -1 0 0
    outer loop
      vertex 23.05 15.6345 6.76823
      vertex 23.05 19.111 12.0263
      vertex 23.05 15.6511 6.68484
    endloop
  endfacet
  facet normal -1 0 0
    outer loop
      vertex 23.05 15.6072 6.84874
      vertex 23.05 19.111 12.0263
      vertex 23.05 15.6345 6.76823
    endloop
  endfacet
  facet normal -1 0 0
    outer loop
      vertex 23.05 15.5696 6.925
      vertex 23.05 19.111 12.0263
      vertex 23.05 15.6072 6.84874
    endloop
  endfacet
  facet normal -1 0 0
    outer loop
      vertex 23.05 15.5223 6.99569
      vertex 23.05 19.111 12.0263
      vertex 23.05 15.5696 6.925
    endloop
  endfacet
  facet normal -1 0 0
    outer loop
      vertex 23.05 15.4663 7.05962
      vertex 23.05 19.111 12.0263
      vertex 23.05 15.5223 6.99569
    endloop
  endfacet
  facet normal -1 0 0
    outer loop
      vertex 23.05 15.4024 7.11568
      vertex 23.05 19.111 12.0263
      vertex 23.05 15.4663 7.05962
    endloop
  endfacet
  facet normal -1 0 0
    outer loop
      vertex 23.05 15.3317 7.16292
      vertex 23.05 19.111 12.0263
      vertex 23.05 15.4024 7.11568
    endloop
  endfacet
  facet normal -1 0 0
    outer loop
      vertex 23.05 15.2554 7.20052
      vertex 23.05 19.111 12.0263
      vertex 23.05 15.3317 7.16292
    endloop
  endfacet
  facet normal -1 0 0
    outer loop
      vertex 23.05 15.1749 7.22785
      vertex 23.05 19.111 12.0263
      vertex 23.05 15.2554 7.20052
    endloop
  endfacet
  facet normal -1 0 0
    outer loop
      vertex 23.05 15.0915 7.24444
      vertex 23.05 19.111 12.0263
      vertex 23.05 15.1749 7.22785
    endloop
  endfacet
  facet normal -1 0 0
    outer loop
      vertex 23.05 15.0067 7.25
      vertex 23.05 19.111 12.0263
      vertex 23.05 15.0915 7.24444
    endloop
  endfacet
  facet normal -1 0 0
    outer loop
      vertex 23.05 14.9218 7.24444
      vertex 23.05 19.111 12.0263
      vertex 23.05 15.0067 7.25
    endloop
  endfacet
  facet normal -1 0 0
    outer loop
      vertex 23.05 14.8384 7.22785
      vertex 23.05 19.111 12.0263
      vertex 23.05 14.9218 7.24444
    endloop
  endfacet
  facet normal -1 0 0
    outer loop
      vertex 23.05 14.7579 7.20052
      vertex 23.05 19.111 12.0263
      vertex 23.05 14.8384 7.22785
    endloop
  endfacet
  facet normal -1 0 0
    outer loop
      vertex 23.05 7.75208 7.20052
      vertex 23.05 14.7579 7.20052
      vertex 23.05 14.6817 7.16292
    endloop
  endfacet
  facet normal -1 0 0
    outer loop
      vertex 23.05 7.82833 7.16292
      vertex 23.05 14.6817 7.16292
      vertex 23.05 14.611 7.11568
    endloop
  endfacet
  facet normal -1 0 0
    outer loop
      vertex 23.05 7.89903 7.11568
      vertex 23.05 14.611 7.11568
      vertex 23.05 14.547 7.05962
    endloop
  endfacet
  facet normal -1 0 0
    outer loop
      vertex 23.05 8.15333 6.6
      vertex 23.05 14.3567 6.6
      vertex 23.05 8.15333 3.4
    endloop
  endfacet
  facet normal -1 0 0
    outer loop
      vertex 23.05 14.3567 6.6
      vertex 23.05 8.15333 6.6
      vertex 23.05 14.3622 6.68484
    endloop
  endfacet
  facet normal -1 0 0
    outer loop
      vertex 23.05 8.14777 6.68484
      vertex 23.05 14.3622 6.68484
      vertex 23.05 8.15333 6.6
    endloop
  endfacet
  facet normal -1 0 0
    outer loop
      vertex 23.05 14.3622 6.68484
      vertex 23.05 8.14777 6.68484
      vertex 23.05 14.3788 6.76823
    endloop
  endfacet
  facet normal -1 0 0
    outer loop
      vertex 23.05 8.13118 6.76823
      vertex 23.05 14.3788 6.76823
      vertex 23.05 8.14777 6.68484
    endloop
  endfacet
  facet normal -1 0 0
    outer loop
      vertex 23.05 14.3788 6.76823
      vertex 23.05 8.13118 6.76823
      vertex 23.05 14.4061 6.84874
    endloop
  endfacet
  facet normal -1 0 0
    outer loop
      vertex 23.05 8.10385 6.84874
      vertex 23.05 14.4061 6.84874
      vertex 23.05 8.13118 6.76823
    endloop
  endfacet
  facet normal -1 0 0
    outer loop
      vertex 23.05 14.4061 6.84874
      vertex 23.05 8.10385 6.84874
      vertex 23.05 14.4438 6.925
    endloop
  endfacet
  facet normal -1 0 0
    outer loop
      vertex 23.05 8.06625 6.925
      vertex 23.05 14.4438 6.925
      vertex 23.05 8.10385 6.84874
    endloop
  endfacet
  facet normal -1 0 0
    outer loop
      vertex 23.05 14.4438 6.925
      vertex 23.05 8.06625 6.925
      vertex 23.05 14.491 6.99569
    endloop
  endfacet
  facet normal -1 0 0
    outer loop
      vertex 23.05 8.01901 6.99569
      vertex 23.05 14.491 6.99569
      vertex 23.05 8.06625 6.925
    endloop
  endfacet
  facet normal -1 0 0
    outer loop
      vertex 23.05 14.491 6.99569
      vertex 23.05 8.01901 6.99569
      vertex 23.05 14.547 7.05962
    endloop
  endfacet
  facet normal -1 0 0
    outer loop
      vertex 23.05 7.96295 7.05962
      vertex 23.05 14.547 7.05962
      vertex 23.05 8.01901 6.99569
    endloop
  endfacet
  facet normal -1 0 0
    outer loop
      vertex 23.05 7.89903 7.11568
      vertex 23.05 14.547 7.05962
      vertex 23.05 7.96295 7.05962
    endloop
  endfacet
  facet normal -1 0 0
    outer loop
      vertex 23.05 14.611 7.11568
      vertex 23.05 7.89903 7.11568
      vertex 23.05 7.82833 7.16292
    endloop
  endfacet
  facet normal -1 0 0
    outer loop
      vertex 23.05 14.6817 7.16292
      vertex 23.05 7.82833 7.16292
      vertex 23.05 7.75208 7.20052
    endloop
  endfacet
  facet normal -1 0 0
    outer loop
      vertex 23.05 14.7579 7.20052
      vertex 23.05 7.75208 7.20052
      vertex 23.05 19.111 12.0263
    endloop
  endfacet
  facet normal -1 0 0
    outer loop
      vertex 23.05 7.67157 7.22785
      vertex 23.05 19.111 12.0263
      vertex 23.05 7.75208 7.20052
    endloop
  endfacet
  facet normal -1 0 0
    outer loop
      vertex 23.05 7.58817 7.24444
      vertex 23.05 19.111 12.0263
      vertex 23.05 7.67157 7.22785
    endloop
  endfacet
  facet normal -1 0 0
    outer loop
      vertex 23.05 7.50333 7.25
      vertex 23.05 19.111 12.0263
      vertex 23.05 7.58817 7.24444
    endloop
  endfacet
  facet normal -1 0 0
    outer loop
      vertex 23.05 2.6 7.60218
      vertex 23.05 7.50333 7.25
      vertex 23.05 7.41849 7.24444
    endloop
  endfacet
  facet normal -1 0 0
    outer loop
      vertex 23.05 2.6 7.60218
      vertex 23.05 7.41849 7.24444
      vertex 23.05 7.3351 7.22785
    endloop
  endfacet
  facet normal -1 0 0
    outer loop
      vertex 23.05 2.6 7.60218
      vertex 23.05 7.3351 7.22785
      vertex 23.05 7.25459 7.20052
    endloop
  endfacet
  facet normal -1 0 0
    outer loop
      vertex 23.05 6.85333 3.4
      vertex 23.05 2.6 7.60218
      vertex 23.05 6.85333 6.6
    endloop
  endfacet
  facet normal -1 0 0
    outer loop
      vertex 23.05 6.85333 6.6
      vertex 23.05 2.6 7.60218
      vertex 23.05 6.85889 6.68484
    endloop
  endfacet
  facet normal -1 0 0
    outer loop
      vertex 23.05 6.85889 6.68484
      vertex 23.05 2.6 7.60218
      vertex 23.05 6.87548 6.76823
    endloop
  endfacet
  facet normal -1 0 0
    outer loop
      vertex 23.05 6.87548 6.76823
      vertex 23.05 2.6 7.60218
      vertex 23.05 6.90281 6.84874
    endloop
  endfacet
  facet normal -1 0 0
    outer loop
      vertex 23.05 6.90281 6.84874
      vertex 23.05 2.6 7.60218
      vertex 23.05 6.94042 6.925
    endloop
  endfacet
  facet normal -1 0 0
    outer loop
      vertex 23.05 6.94042 6.925
      vertex 23.05 2.6 7.60218
      vertex 23.05 6.98765 6.99569
    endloop
  endfacet
  facet normal -1 0 0
    outer loop
      vertex 23.05 7.50333 7.25
      vertex 23.05 2.6 7.60218
      vertex 23.05 19.111 12.0263
    endloop
  endfacet
  facet normal -1 0 0
    outer loop
      vertex 23.05 7.17833 7.16292
      vertex 23.05 2.6 7.60218
      vertex 23.05 7.25459 7.20052
    endloop
  endfacet
  facet normal -1 0 0
    outer loop
      vertex 23.05 7.10764 7.11568
      vertex 23.05 2.6 7.60218
      vertex 23.05 7.17833 7.16292
    endloop
  endfacet
  facet normal -1 0 0
    outer loop
      vertex 23.05 7.04371 7.05962
      vertex 23.05 2.6 7.60218
      vertex 23.05 7.10764 7.11568
    endloop
  endfacet
  facet normal -1 0 0
    outer loop
      vertex 23.05 6.98765 6.99569
      vertex 23.05 2.6 7.60218
      vertex 23.05 7.04371 7.05962
    endloop
  endfacet
  facet normal -1 0 0
    outer loop
      vertex 23.05 18.6451 13.765
      vertex 23.05 19.91 15.6568
      vertex 23.05 19.91 14.1039
    endloop
  endfacet
  facet normal -1 0 0
    outer loop
      vertex 23.05 2.6 11.0186
      vertex 23.05 18.6451 13.765
      vertex 23.05 2.6 9.46567
    endloop
  endfacet
  facet normal -1 -0 0
    outer loop
      vertex 23.05 18.6451 13.765
      vertex 23.05 2.6 11.0186
      vertex 23.05 19.91 15.6568
    endloop
  endfacet
  facet normal 1 0 0
    outer loop
      vertex 23.05 1 9.03695
      vertex 23.05 0.765861 8.97422
      vertex 23.05 1 8.1004
    endloop
  endfacet
  facet normal 1 -0 0
    outer loop
      vertex 23.05 2.30448 9.38649
      vertex 23.05 2.6 7.60218
      vertex 23.05 2.6 9.46567
    endloop
  endfacet
  facet normal 1 0 0
    outer loop
      vertex 23.05 2.6 7.60218
      vertex 23.05 2.30448 9.38649
      vertex 23.05 2.30448 7.52299
    endloop
  endfacet
  facet normal 1 0 0
    outer loop
      vertex 23.05 22.51 14.8005
      vertex 23.05 22.5089 14.8002
      vertex 23.05 22.51 14.7959
    endloop
  endfacet
  facet normal 0.997862 0.0653605 0
    outer loop
      vertex 2.00513 2.52168 10.9976
      vertex 2 2.6 9.46567
      vertex 2 2.6 11.0186
    endloop
  endfacet
  facet normal 0.997862 0.0653605 0
    outer loop
      vertex 2 2.6 9.46567
      vertex 2.00513 2.52168 10.9976
      vertex 2 2.6 7.60218
    endloop
  endfacet
  facet normal 0.997862 0.0653605 -0
    outer loop
      vertex 2.00513 2.52168 2
      vertex 2 2.6 7.60218
      vertex 2.00513 2.52168 10.9976
    endloop
  endfacet
  facet normal 0.997862 0.0653605 0
    outer loop
      vertex 2 2.6 7.60218
      vertex 2.00513 2.52168 2
      vertex 2 2.6 2
    endloop
  endfacet
  facet normal 1 0 0
    outer loop
      vertex 2 19.91 2
      vertex 2 15.6511 6.68484
      vertex 2 15.6567 6.6
    endloop
  endfacet
  facet normal 1 0 0
    outer loop
      vertex 2 19.111 12.0263
      vertex 2 15.6345 6.76823
      vertex 2 15.6511 6.68484
    endloop
  endfacet
  facet normal 1 0 0
    outer loop
      vertex 2 19.111 12.0263
      vertex 2 15.6072 6.84874
      vertex 2 15.6345 6.76823
    endloop
  endfacet
  facet normal 1 0 0
    outer loop
      vertex 2 19.111 12.0263
      vertex 2 15.5696 6.925
      vertex 2 15.6072 6.84874
    endloop
  endfacet
  facet normal 1 0 0
    outer loop
      vertex 2 19.111 12.0263
      vertex 2 15.5223 6.99569
      vertex 2 15.5696 6.925
    endloop
  endfacet
  facet normal 1 0 0
    outer loop
      vertex 2 19.111 12.0263
      vertex 2 15.4663 7.05962
      vertex 2 15.5223 6.99569
    endloop
  endfacet
  facet normal 1 0 0
    outer loop
      vertex 2 19.111 12.0263
      vertex 2 15.4024 7.11568
      vertex 2 15.4663 7.05962
    endloop
  endfacet
  facet normal 1 0 0
    outer loop
      vertex 2 19.111 12.0263
      vertex 2 15.3317 7.16292
      vertex 2 15.4024 7.11568
    endloop
  endfacet
  facet normal 1 0 0
    outer loop
      vertex 2 19.111 12.0263
      vertex 2 15.2554 7.20052
      vertex 2 15.3317 7.16292
    endloop
  endfacet
  facet normal 1 0 0
    outer loop
      vertex 2 19.111 12.0263
      vertex 2 15.1749 7.22785
      vertex 2 15.2554 7.20052
    endloop
  endfacet
  facet normal 1 0 0
    outer loop
      vertex 2 19.111 12.0263
      vertex 2 15.0915 7.24444
      vertex 2 15.1749 7.22785
    endloop
  endfacet
  facet normal 1 0 0
    outer loop
      vertex 2 19.111 12.0263
      vertex 2 15.0067 7.25
      vertex 2 15.0915 7.24444
    endloop
  endfacet
  facet normal 1 0 0
    outer loop
      vertex 2 19.111 12.0263
      vertex 2 14.9218 7.24444
      vertex 2 15.0067 7.25
    endloop
  endfacet
  facet normal 1 0 0
    outer loop
      vertex 2 19.111 12.0263
      vertex 2 14.8384 7.22785
      vertex 2 14.9218 7.24444
    endloop
  endfacet
  facet normal 1 0 0
    outer loop
      vertex 2 19.111 12.0263
      vertex 2 14.7579 7.20052
      vertex 2 14.8384 7.22785
    endloop
  endfacet
  facet normal 1 0 0
    outer loop
      vertex 2 7.75208 7.20052
      vertex 2 14.7579 7.20052
      vertex 2 19.111 12.0263
    endloop
  endfacet
  facet normal 1 0 0
    outer loop
      vertex 2 14.7579 7.20052
      vertex 2 7.75208 7.20052
      vertex 2 14.6817 7.16292
    endloop
  endfacet
  facet normal 1 0 -0
    outer loop
      vertex 2 7.82833 7.16292
      vertex 2 14.6817 7.16292
      vertex 2 7.75208 7.20052
    endloop
  endfacet
  facet normal 1 0 0
    outer loop
      vertex 2 14.3567 6.6
      vertex 2 8.15333 6.6
      vertex 2 14.3567 3.4
    endloop
  endfacet
  facet normal 1 0 0
    outer loop
      vertex 2 14.3622 6.68484
      vertex 2 8.15333 6.6
      vertex 2 14.3567 6.6
    endloop
  endfacet
  facet normal 1 0 0
    outer loop
      vertex 2 8.14777 6.68484
      vertex 2 14.3622 6.68484
      vertex 2 14.3788 6.76823
    endloop
  endfacet
  facet normal 1 0 0
    outer loop
      vertex 2 8.13118 6.76823
      vertex 2 14.3788 6.76823
      vertex 2 14.4061 6.84874
    endloop
  endfacet
  facet normal 1 0 0
    outer loop
      vertex 2 8.10385 6.84874
      vertex 2 14.4061 6.84874
      vertex 2 14.4438 6.925
    endloop
  endfacet
  facet normal 1 0 0
    outer loop
      vertex 2 8.06625 6.925
      vertex 2 14.4438 6.925
      vertex 2 14.491 6.99569
    endloop
  endfacet
  facet normal 1 0 0
    outer loop
      vertex 2 8.01901 6.99569
      vertex 2 14.491 6.99569
      vertex 2 14.547 7.05962
    endloop
  endfacet
  facet normal 1 0 0
    outer loop
      vertex 2 14.6817 7.16292
      vertex 2 7.82833 7.16292
      vertex 2 14.611 7.11568
    endloop
  endfacet
  facet normal 1 0 0
    outer loop
      vertex 2 14.3622 6.68484
      vertex 2 8.14777 6.68484
      vertex 2 8.15333 6.6
    endloop
  endfacet
  facet normal 1 0 0
    outer loop
      vertex 2 14.3788 6.76823
      vertex 2 8.13118 6.76823
      vertex 2 8.14777 6.68484
    endloop
  endfacet
  facet normal 1 0 0
    outer loop
      vertex 2 14.4061 6.84874
      vertex 2 8.10385 6.84874
      vertex 2 8.13118 6.76823
    endloop
  endfacet
  facet normal 1 0 0
    outer loop
      vertex 2 14.4438 6.925
      vertex 2 8.06625 6.925
      vertex 2 8.10385 6.84874
    endloop
  endfacet
  facet normal 1 0 0
    outer loop
      vertex 2 14.491 6.99569
      vertex 2 8.01901 6.99569
      vertex 2 8.06625 6.925
    endloop
  endfacet
  facet normal 1 0 0
    outer loop
      vertex 2 14.547 7.05962
      vertex 2 7.96295 7.05962
      vertex 2 8.01901 6.99569
    endloop
  endfacet
  facet normal 1 0 0
    outer loop
      vertex 2 14.547 7.05962
      vertex 2 7.89903 7.11568
      vertex 2 7.96295 7.05962
    endloop
  endfacet
  facet normal 1 0 0
    outer loop
      vertex 2 14.611 7.11568
      vertex 2 7.89903 7.11568
      vertex 2 14.547 7.05962
    endloop
  endfacet
  facet normal 1 0 -0
    outer loop
      vertex 2 7.89903 7.11568
      vertex 2 14.611 7.11568
      vertex 2 7.82833 7.16292
    endloop
  endfacet
  facet normal 1 0 0
    outer loop
      vertex 2 19.111 12.0263
      vertex 2 7.67157 7.22785
      vertex 2 7.75208 7.20052
    endloop
  endfacet
  facet normal 1 0 0
    outer loop
      vertex 2 19.111 12.0263
      vertex 2 7.58817 7.24444
      vertex 2 7.67157 7.22785
    endloop
  endfacet
  facet normal 1 0 0
    outer loop
      vertex 2 19.111 12.0263
      vertex 2 7.50333 7.25
      vertex 2 7.58817 7.24444
    endloop
  endfacet
  facet normal 1 -0 0
    outer loop
      vertex 2 2.6 7.60218
      vertex 2 7.50333 7.25
      vertex 2 19.111 12.0263
    endloop
  endfacet
  facet normal 1 0 0
    outer loop
      vertex 2 7.50333 7.25
      vertex 2 2.6 7.60218
      vertex 2 7.41849 7.24444
    endloop
  endfacet
  facet normal 1 0 0
    outer loop
      vertex 2 7.41849 7.24444
      vertex 2 2.6 7.60218
      vertex 2 7.3351 7.22785
    endloop
  endfacet
  facet normal 1 0 0
    outer loop
      vertex 2 6.85333 6.6
      vertex 2 2.6 7.60218
      vertex 2 6.85333 3.4
    endloop
  endfacet
  facet normal 1 0 0
    outer loop
      vertex 2 6.85889 6.68484
      vertex 2 2.6 7.60218
      vertex 2 6.85333 6.6
    endloop
  endfacet
  facet normal 1 0 0
    outer loop
      vertex 2 6.87548 6.76823
      vertex 2 2.6 7.60218
      vertex 2 6.85889 6.68484
    endloop
  endfacet
  facet normal 1 0 0
    outer loop
      vertex 2 6.90281 6.84874
      vertex 2 2.6 7.60218
      vertex 2 6.87548 6.76823
    endloop
  endfacet
  facet normal 1 0 0
    outer loop
      vertex 2 6.94042 6.925
      vertex 2 2.6 7.60218
      vertex 2 6.90281 6.84874
    endloop
  endfacet
  facet normal 1 0 0
    outer loop
      vertex 2 6.98765 6.99569
      vertex 2 2.6 7.60218
      vertex 2 6.94042 6.925
    endloop
  endfacet
  facet normal 1 0 0
    outer loop
      vertex 2 7.04371 7.05962
      vertex 2 2.6 7.60218
      vertex 2 6.98765 6.99569
    endloop
  endfacet
  facet normal 1 0 0
    outer loop
      vertex 2 7.10764 7.11568
      vertex 2 2.6 7.60218
      vertex 2 7.04371 7.05962
    endloop
  endfacet
  facet normal 1 0 0
    outer loop
      vertex 2 7.17833 7.16292
      vertex 2 2.6 7.60218
      vertex 2 7.10764 7.11568
    endloop
  endfacet
  facet normal 1 0 0
    outer loop
      vertex 2 7.25459 7.20052
      vertex 2 2.6 7.60218
      vertex 2 7.17833 7.16292
    endloop
  endfacet
  facet normal 1 0 0
    outer loop
      vertex 2 7.3351 7.22785
      vertex 2 2.6 7.60218
      vertex 2 7.25459 7.20052
    endloop
  endfacet
  facet normal 1 -0 0
    outer loop
      vertex 2 19.4122 12.107
      vertex 2 19.91 2
      vertex 2 19.91 12.2404
    endloop
  endfacet
  facet normal 1 0 0
    outer loop
      vertex 2 15.6511 6.68484
      vertex 2 19.4122 12.107
      vertex 2 19.111 12.0263
    endloop
  endfacet
  facet normal 1 -0 0
    outer loop
      vertex 2 15.6511 6.68484
      vertex 2 19.91 2
      vertex 2 19.4122 12.107
    endloop
  endfacet
  facet normal 1 -0 0
    outer loop
      vertex 2 15.6567 3.4
      vertex 2 19.91 2
      vertex 2 15.6567 6.6
    endloop
  endfacet
  facet normal 1 -0 0
    outer loop
      vertex 2 15.6511 3.31516
      vertex 2 19.91 2
      vertex 2 15.6567 3.4
    endloop
  endfacet
  facet normal 1 -0 0
    outer loop
      vertex 2 15.6345 3.23177
      vertex 2 19.91 2
      vertex 2 15.6511 3.31516
    endloop
  endfacet
  facet normal 1 -0 0
    outer loop
      vertex 2 15.6072 3.15126
      vertex 2 19.91 2
      vertex 2 15.6345 3.23177
    endloop
  endfacet
  facet normal 1 -0 0
    outer loop
      vertex 2 15.5696 3.075
      vertex 2 19.91 2
      vertex 2 15.6072 3.15126
    endloop
  endfacet
  facet normal 1 -0 0
    outer loop
      vertex 2 15.5223 3.00431
      vertex 2 19.91 2
      vertex 2 15.5696 3.075
    endloop
  endfacet
  facet normal 1 -0 0
    outer loop
      vertex 2 15.4663 2.94038
      vertex 2 19.91 2
      vertex 2 15.5223 3.00431
    endloop
  endfacet
  facet normal 1 -0 0
    outer loop
      vertex 2 15.4024 2.88432
      vertex 2 19.91 2
      vertex 2 15.4663 2.94038
    endloop
  endfacet
  facet normal 1 -0 0
    outer loop
      vertex 2 15.3317 2.83708
      vertex 2 19.91 2
      vertex 2 15.4024 2.88432
    endloop
  endfacet
  facet normal 1 -0 0
    outer loop
      vertex 2 15.2554 2.79948
      vertex 2 19.91 2
      vertex 2 15.3317 2.83708
    endloop
  endfacet
  facet normal 1 -0 0
    outer loop
      vertex 2 15.1749 2.77215
      vertex 2 19.91 2
      vertex 2 15.2554 2.79948
    endloop
  endfacet
  facet normal 1 -0 0
    outer loop
      vertex 2 15.0915 2.75556
      vertex 2 19.91 2
      vertex 2 15.1749 2.77215
    endloop
  endfacet
  facet normal 1 -0 0
    outer loop
      vertex 2 15.0067 2.75
      vertex 2 19.91 2
      vertex 2 15.0915 2.75556
    endloop
  endfacet
  facet normal 1 0 0
    outer loop
      vertex 2 14.9218 2.75556
      vertex 2 19.91 2
      vertex 2 15.0067 2.75
    endloop
  endfacet
  facet normal 1 0 0
    outer loop
      vertex 2 8.15333 3.4
      vertex 2 14.3567 3.4
      vertex 2 8.15333 6.6
    endloop
  endfacet
  facet normal 1 0 0
    outer loop
      vertex 2 14.3567 3.4
      vertex 2 8.15333 3.4
      vertex 2 14.3622 3.31516
    endloop
  endfacet
  facet normal 1 0 0
    outer loop
      vertex 2 8.14777 3.31516
      vertex 2 14.3622 3.31516
      vertex 2 8.15333 3.4
    endloop
  endfacet
  facet normal 1 0 0
    outer loop
      vertex 2 14.3622 3.31516
      vertex 2 8.14777 3.31516
      vertex 2 14.3788 3.23177
    endloop
  endfacet
  facet normal 1 0 0
    outer loop
      vertex 2 8.13118 3.23177
      vertex 2 14.3788 3.23177
      vertex 2 8.14777 3.31516
    endloop
  endfacet
  facet normal 1 0 0
    outer loop
      vertex 2 14.3788 3.23177
      vertex 2 8.13118 3.23177
      vertex 2 14.4061 3.15126
    endloop
  endfacet
  facet normal 1 0 0
    outer loop
      vertex 2 8.10385 3.15126
      vertex 2 14.4061 3.15126
      vertex 2 8.13118 3.23177
    endloop
  endfacet
  facet normal 1 0 0
    outer loop
      vertex 2 14.4061 3.15126
      vertex 2 8.10385 3.15126
      vertex 2 14.4438 3.075
    endloop
  endfacet
  facet normal 1 0 0
    outer loop
      vertex 2 8.06625 3.075
      vertex 2 14.4438 3.075
      vertex 2 8.10385 3.15126
    endloop
  endfacet
  facet normal 1 0 0
    outer loop
      vertex 2 14.4438 3.075
      vertex 2 8.06625 3.075
      vertex 2 14.491 3.00431
    endloop
  endfacet
  facet normal 1 0 0
    outer loop
      vertex 2 8.01901 3.00431
      vertex 2 14.491 3.00431
      vertex 2 8.06625 3.075
    endloop
  endfacet
  facet normal 1 0 0
    outer loop
      vertex 2 14.491 3.00431
      vertex 2 8.01901 3.00431
      vertex 2 14.547 2.94038
    endloop
  endfacet
  facet normal 1 0 0
    outer loop
      vertex 2 7.96295 2.94038
      vertex 2 14.547 2.94038
      vertex 2 8.01901 3.00431
    endloop
  endfacet
  facet normal 1 0 0
    outer loop
      vertex 2 14.547 2.94038
      vertex 2 7.96295 2.94038
      vertex 2 14.611 2.88432
    endloop
  endfacet
  facet normal 1 0 0
    outer loop
      vertex 2 7.89903 2.88432
      vertex 2 14.611 2.88432
      vertex 2 7.96295 2.94038
    endloop
  endfacet
  facet normal 1 0 0
    outer loop
      vertex 2 14.611 2.88432
      vertex 2 7.89903 2.88432
      vertex 2 14.6817 2.83708
    endloop
  endfacet
  facet normal 1 0 0
    outer loop
      vertex 2 7.82833 2.83708
      vertex 2 14.6817 2.83708
      vertex 2 7.89903 2.88432
    endloop
  endfacet
  facet normal 1 0 0
    outer loop
      vertex 2 14.6817 2.83708
      vertex 2 7.82833 2.83708
      vertex 2 14.7579 2.79948
    endloop
  endfacet
  facet normal 1 0 0
    outer loop
      vertex 2 7.75208 2.79948
      vertex 2 14.7579 2.79948
      vertex 2 7.82833 2.83708
    endloop
  endfacet
  facet normal 1 0 0
    outer loop
      vertex 2 14.7579 2.79948
      vertex 2 7.75208 2.79948
      vertex 2 14.8384 2.77215
    endloop
  endfacet
  facet normal 1 0 0
    outer loop
      vertex 2 7.67157 2.77215
      vertex 2 14.8384 2.77215
      vertex 2 7.75208 2.79948
    endloop
  endfacet
  facet normal 1 0 0
    outer loop
      vertex 2 14.8384 2.77215
      vertex 2 7.67157 2.77215
      vertex 2 14.9218 2.75556
    endloop
  endfacet
  facet normal 1 0 0
    outer loop
      vertex 2 7.58817 2.75556
      vertex 2 14.9218 2.75556
      vertex 2 7.67157 2.77215
    endloop
  endfacet
  facet normal 1 0 0
    outer loop
      vertex 2 14.9218 2.75556
      vertex 2 7.58817 2.75556
      vertex 2 19.91 2
    endloop
  endfacet
  facet normal 1 0 0
    outer loop
      vertex 2 2.6 2
      vertex 2 7.58817 2.75556
      vertex 2 7.50333 2.75
    endloop
  endfacet
  facet normal 1 0 0
    outer loop
      vertex 2 2.6 2
      vertex 2 6.85333 3.4
      vertex 2 2.6 7.60218
    endloop
  endfacet
  facet normal 1 0 0
    outer loop
      vertex 2 6.85333 3.4
      vertex 2 2.6 2
      vertex 2 6.85889 3.31516
    endloop
  endfacet
  facet normal 1 0 0
    outer loop
      vertex 2 6.85889 3.31516
      vertex 2 2.6 2
      vertex 2 6.87548 3.23177
    endloop
  endfacet
  facet normal 1 0 0
    outer loop
      vertex 2 6.87548 3.23177
      vertex 2 2.6 2
      vertex 2 6.90281 3.15126
    endloop
  endfacet
  facet normal 1 0 0
    outer loop
      vertex 2 6.90281 3.15126
      vertex 2 2.6 2
      vertex 2 6.94042 3.075
    endloop
  endfacet
  facet normal 1 0 0
    outer loop
      vertex 2 6.94042 3.075
      vertex 2 2.6 2
      vertex 2 6.98765 3.00431
    endloop
  endfacet
  facet normal 1 0 0
    outer loop
      vertex 2 7.58817 2.75556
      vertex 2 2.6 2
      vertex 2 19.91 2
    endloop
  endfacet
  facet normal 1 0 0
    outer loop
      vertex 2 7.41849 2.75556
      vertex 2 2.6 2
      vertex 2 7.50333 2.75
    endloop
  endfacet
  facet normal 1 0 0
    outer loop
      vertex 2 7.3351 2.77215
      vertex 2 2.6 2
      vertex 2 7.41849 2.75556
    endloop
  endfacet
  facet normal 1 0 0
    outer loop
      vertex 2 7.25459 2.79948
      vertex 2 2.6 2
      vertex 2 7.3351 2.77215
    endloop
  endfacet
  facet normal 1 0 0
    outer loop
      vertex 2 7.17833 2.83708
      vertex 2 2.6 2
      vertex 2 7.25459 2.79948
    endloop
  endfacet
  facet normal 1 0 0
    outer loop
      vertex 2 7.10764 2.88432
      vertex 2 2.6 2
      vertex 2 7.17833 2.83708
    endloop
  endfacet
  facet normal 1 0 0
    outer loop
      vertex 2 7.04371 2.94038
      vertex 2 2.6 2
      vertex 2 7.10764 2.88432
    endloop
  endfacet
  facet normal 1 0 0
    outer loop
      vertex 2 6.98765 3.00431
      vertex 2 2.6 2
      vertex 2 7.04371 2.94038
    endloop
  endfacet
  facet normal 1 0 0
    outer loop
      vertex 2 19.91 15.6568
      vertex 2 18.6451 13.765
      vertex 2 19.91 14.1039
    endloop
  endfacet
  facet normal 1 0 0
    outer loop
      vertex 2 2.6 11.0186
      vertex 2 18.6451 13.765
      vertex 2 19.91 15.6568
    endloop
  endfacet
  facet normal 1 0 0
    outer loop
      vertex 2 18.6451 13.765
      vertex 2 2.6 11.0186
      vertex 2 2.6 9.46567
    endloop
  endfacet
  facet normal -1 0 0
    outer loop
      vertex 2 1 8.1004
      vertex 2 0.765861 8.97422
      vertex 2 1 9.03695
    endloop
  endfacet
  facet normal -1 0 0
    outer loop
      vertex 2 2.30448 9.38649
      vertex 2 2.6 7.60218
      vertex 2 2.30448 7.52299
    endloop
  endfacet
  facet normal -1 0 0
    outer loop
      vertex 2 2.6 7.60218
      vertex 2 2.30448 9.38649
      vertex 2 2.6 9.46567
    endloop
  endfacet
  facet normal -1 0 0
    outer loop
      vertex 2 22.51 14.7959
      vertex 2 22.5089 14.8002
      vertex 2 22.51 14.8005
    endloop
  endfacet
  facet normal -0.896961 -0.44211 -0
    outer loop
      vertex 23.0043 20.1396 12.3019
      vertex 22.9696 20.21 2
      vertex 23.0043 20.1396 2
    endloop
  endfacet
  facet normal -0.896961 -0.44211 0
    outer loop
      vertex 22.9696 20.21 2
      vertex 23.0043 20.1396 12.3019
      vertex 22.9696 20.21 12.3208
    endloop
  endfacet
  facet normal -0.896961 -0.44211 -0
    outer loop
      vertex 23.0043 20.1396 15.7183
      vertex 22.9696 20.21 14.1843
      vertex 23.0043 20.1396 14.1654
    endloop
  endfacet
  facet normal -0.896961 -0.44211 0
    outer loop
      vertex 22.9696 20.21 14.1843
      vertex 23.0043 20.1396 15.7183
      vertex 22.9696 20.21 15.7372
    endloop
  endfacet
  facet normal 0 -1 0
    outer loop
      vertex 12.6932 20.51 7.72785
      vertex 22.45 20.51 12.4011
      vertex 12.6098 20.51 7.74444
    endloop
  endfacet
  facet normal 0 -1 0
    outer loop
      vertex 22.45 20.51 12.4011
      vertex 18.7027 20.51 7.74444
      vertex 18.7875 20.51 7.75
    endloop
  endfacet
  facet normal 0 -1 0
    outer loop
      vertex 12.7737 20.51 7.70052
      vertex 22.45 20.51 12.4011
      vertex 12.6932 20.51 7.72785
    endloop
  endfacet
  facet normal 0 -1 0
    outer loop
      vertex 22.45 20.51 12.4011
      vertex 18.6193 20.51 7.72785
      vertex 18.7027 20.51 7.74444
    endloop
  endfacet
  facet normal 0 -1 0
    outer loop
      vertex 18.5388 20.51 7.70052
      vertex 22.45 20.51 12.4011
      vertex 12.7737 20.51 7.70052
    endloop
  endfacet
  facet normal 0 -1 0
    outer loop
      vertex 22.45 20.51 12.4011
      vertex 18.5388 20.51 7.70052
      vertex 18.6193 20.51 7.72785
    endloop
  endfacet
  facet normal 0 -1 0
    outer loop
      vertex 12.85 20.51 7.66292
      vertex 18.5388 20.51 7.70052
      vertex 12.7737 20.51 7.70052
    endloop
  endfacet
  facet normal 0 -1 0
    outer loop
      vertex 12.85 20.51 7.66292
      vertex 18.4625 20.51 7.66292
      vertex 18.5388 20.51 7.70052
    endloop
  endfacet
  facet normal 0 -1 0
    outer loop
      vertex 12.9207 20.51 7.61568
      vertex 18.4625 20.51 7.66292
      vertex 12.85 20.51 7.66292
    endloop
  endfacet
  facet normal 0 -1 0
    outer loop
      vertex 12.9207 20.51 7.61568
      vertex 18.3918 20.51 7.61568
      vertex 18.4625 20.51 7.66292
    endloop
  endfacet
  facet normal 0 -1 0
    outer loop
      vertex 12.9846 20.51 7.55962
      vertex 18.3918 20.51 7.61568
      vertex 12.9207 20.51 7.61568
    endloop
  endfacet
  facet normal 0 -1 0
    outer loop
      vertex 12.9846 20.51 7.55962
      vertex 18.3279 20.51 7.55962
      vertex 18.3918 20.51 7.61568
    endloop
  endfacet
  facet normal 0 -1 0
    outer loop
      vertex 13.0407 20.51 7.49569
      vertex 18.3279 20.51 7.55962
      vertex 12.9846 20.51 7.55962
    endloop
  endfacet
  facet normal 0 -1 0
    outer loop
      vertex 13.0407 20.51 7.49569
      vertex 18.2718 20.51 7.49569
      vertex 18.3279 20.51 7.55962
    endloop
  endfacet
  facet normal 0 -1 0
    outer loop
      vertex 13.0879 20.51 7.425
      vertex 18.2718 20.51 7.49569
      vertex 13.0407 20.51 7.49569
    endloop
  endfacet
  facet normal 0 -1 0
    outer loop
      vertex 13.0879 20.51 7.425
      vertex 18.2246 20.51 7.425
      vertex 18.2718 20.51 7.49569
    endloop
  endfacet
  facet normal 0 -1 0
    outer loop
      vertex 13.1255 20.51 7.34874
      vertex 18.2246 20.51 7.425
      vertex 13.0879 20.51 7.425
    endloop
  endfacet
  facet normal 0 -1 0
    outer loop
      vertex 13.1255 20.51 7.34874
      vertex 18.187 20.51 7.34874
      vertex 18.2246 20.51 7.425
    endloop
  endfacet
  facet normal 0 -1 0
    outer loop
      vertex 13.1529 20.51 7.26823
      vertex 18.187 20.51 7.34874
      vertex 13.1255 20.51 7.34874
    endloop
  endfacet
  facet normal 0 -1 0
    outer loop
      vertex 13.1529 20.51 7.26823
      vertex 18.1596 20.51 7.26823
      vertex 18.187 20.51 7.34874
    endloop
  endfacet
  facet normal 0 -1 0
    outer loop
      vertex 13.1694 20.51 7.18484
      vertex 18.1596 20.51 7.26823
      vertex 13.1529 20.51 7.26823
    endloop
  endfacet
  facet normal 0 -1 0
    outer loop
      vertex 13.1694 20.51 7.18484
      vertex 18.1431 20.51 7.18484
      vertex 18.1596 20.51 7.26823
    endloop
  endfacet
  facet normal 0 -1 0
    outer loop
      vertex 13.175 20.51 7.1
      vertex 18.1431 20.51 7.18484
      vertex 13.1694 20.51 7.18484
    endloop
  endfacet
  facet normal 0 -1 0
    outer loop
      vertex 13.175 20.51 7.1
      vertex 18.1375 20.51 7.1
      vertex 18.1431 20.51 7.18484
    endloop
  endfacet
  facet normal 0 -1 0
    outer loop
      vertex 13.175 20.51 3.9
      vertex 18.1375 20.51 7.1
      vertex 13.175 20.51 7.1
    endloop
  endfacet
  facet normal 0 -1 0
    outer loop
      vertex 13.175 20.51 3.9
      vertex 18.1375 20.51 3.9
      vertex 18.1375 20.51 7.1
    endloop
  endfacet
  facet normal 0 -1 0
    outer loop
      vertex 13.1694 20.51 3.81516
      vertex 18.1375 20.51 3.9
      vertex 13.175 20.51 3.9
    endloop
  endfacet
  facet normal 0 -1 0
    outer loop
      vertex 13.1694 20.51 3.81516
      vertex 18.1431 20.51 3.81516
      vertex 18.1375 20.51 3.9
    endloop
  endfacet
  facet normal 0 -1 0
    outer loop
      vertex 13.1529 20.51 3.73177
      vertex 18.1431 20.51 3.81516
      vertex 13.1694 20.51 3.81516
    endloop
  endfacet
  facet normal 0 -1 0
    outer loop
      vertex 13.1529 20.51 3.73177
      vertex 18.1596 20.51 3.73177
      vertex 18.1431 20.51 3.81516
    endloop
  endfacet
  facet normal 0 -1 0
    outer loop
      vertex 13.1255 20.51 3.65126
      vertex 18.1596 20.51 3.73177
      vertex 13.1529 20.51 3.73177
    endloop
  endfacet
  facet normal 0 -1 0
    outer loop
      vertex 13.1255 20.51 3.65126
      vertex 18.187 20.51 3.65126
      vertex 18.1596 20.51 3.73177
    endloop
  endfacet
  facet normal 0 -1 0
    outer loop
      vertex 13.0879 20.51 3.575
      vertex 18.187 20.51 3.65126
      vertex 13.1255 20.51 3.65126
    endloop
  endfacet
  facet normal 0 -1 0
    outer loop
      vertex 13.0879 20.51 3.575
      vertex 18.2246 20.51 3.575
      vertex 18.187 20.51 3.65126
    endloop
  endfacet
  facet normal 0 -1 0
    outer loop
      vertex 13.0407 20.51 3.50431
      vertex 18.2246 20.51 3.575
      vertex 13.0879 20.51 3.575
    endloop
  endfacet
  facet normal 0 -1 0
    outer loop
      vertex 13.0407 20.51 3.50431
      vertex 18.2718 20.51 3.50431
      vertex 18.2246 20.51 3.575
    endloop
  endfacet
  facet normal 0 -1 0
    outer loop
      vertex 12.9846 20.51 3.44038
      vertex 18.2718 20.51 3.50431
      vertex 13.0407 20.51 3.50431
    endloop
  endfacet
  facet normal 0 -1 0
    outer loop
      vertex 12.9846 20.51 3.44038
      vertex 18.3279 20.51 3.44038
      vertex 18.2718 20.51 3.50431
    endloop
  endfacet
  facet normal 0 -1 0
    outer loop
      vertex 12.9207 20.51 3.38432
      vertex 18.3279 20.51 3.44038
      vertex 12.9846 20.51 3.44038
    endloop
  endfacet
  facet normal 0 -1 0
    outer loop
      vertex 12.9207 20.51 3.38432
      vertex 18.3918 20.51 3.38432
      vertex 18.3279 20.51 3.44038
    endloop
  endfacet
  facet normal 0 -1 0
    outer loop
      vertex 12.85 20.51 3.33708
      vertex 18.3918 20.51 3.38432
      vertex 12.9207 20.51 3.38432
    endloop
  endfacet
  facet normal 0 -1 0
    outer loop
      vertex 12.85 20.51 3.33708
      vertex 18.4625 20.51 3.33708
      vertex 18.3918 20.51 3.38432
    endloop
  endfacet
  facet normal 0 -1 0
    outer loop
      vertex 12.7737 20.51 3.29948
      vertex 18.4625 20.51 3.33708
      vertex 12.85 20.51 3.33708
    endloop
  endfacet
  facet normal 0 -1 0
    outer loop
      vertex 12.7737 20.51 3.29948
      vertex 18.5388 20.51 3.29948
      vertex 18.4625 20.51 3.33708
    endloop
  endfacet
  facet normal 0 -1 0
    outer loop
      vertex 12.6932 20.51 3.27215
      vertex 18.5388 20.51 3.29948
      vertex 12.7737 20.51 3.29948
    endloop
  endfacet
  facet normal 0 -1 0
    outer loop
      vertex 12.6932 20.51 3.27215
      vertex 18.6193 20.51 3.27215
      vertex 18.5388 20.51 3.29948
    endloop
  endfacet
  facet normal 0 -1 0
    outer loop
      vertex 12.6098 20.51 3.25556
      vertex 18.6193 20.51 3.27215
      vertex 12.6932 20.51 3.27215
    endloop
  endfacet
  facet normal 0 -1 0
    outer loop
      vertex 12.6098 20.51 3.25556
      vertex 18.7027 20.51 3.25556
      vertex 18.6193 20.51 3.27215
    endloop
  endfacet
  facet normal 0 -1 0
    outer loop
      vertex 22.45 20.51 2
      vertex 12.6098 20.51 3.25556
      vertex 12.525 20.51 3.25
    endloop
  endfacet
  facet normal 0 -1 0
    outer loop
      vertex 12.6098 20.51 3.25556
      vertex 22.45 20.51 2
      vertex 18.7027 20.51 3.25556
    endloop
  endfacet
  facet normal 0 -1 0
    outer loop
      vertex 6.43073 20.51 7.72785
      vertex 2.6 20.51 12.4011
      vertex 6.34734 20.51 7.74444
    endloop
  endfacet
  facet normal 0 -1 0
    outer loop
      vertex 2.6 20.51 12.4011
      vertex 12.4402 20.51 7.74444
      vertex 12.525 20.51 7.75
    endloop
  endfacet
  facet normal 0 -1 0
    outer loop
      vertex 6.51124 20.51 7.70052
      vertex 2.6 20.51 12.4011
      vertex 6.43073 20.51 7.72785
    endloop
  endfacet
  facet normal 0 -1 0
    outer loop
      vertex 2.6 20.51 12.4011
      vertex 12.3568 20.51 7.72785
      vertex 12.4402 20.51 7.74444
    endloop
  endfacet
  facet normal 0 -1 0
    outer loop
      vertex 12.2763 20.51 7.70052
      vertex 2.6 20.51 12.4011
      vertex 6.51124 20.51 7.70052
    endloop
  endfacet
  facet normal 0 -1 0
    outer loop
      vertex 2.6 20.51 12.4011
      vertex 12.2763 20.51 7.70052
      vertex 12.3568 20.51 7.72785
    endloop
  endfacet
  facet normal 0 -1 0
    outer loop
      vertex 6.5875 20.51 7.66292
      vertex 12.2763 20.51 7.70052
      vertex 6.51124 20.51 7.70052
    endloop
  endfacet
  facet normal 0 -1 0
    outer loop
      vertex 6.5875 20.51 7.66292
      vertex 12.2 20.51 7.66292
      vertex 12.2763 20.51 7.70052
    endloop
  endfacet
  facet normal 0 -1 0
    outer loop
      vertex 6.65819 20.51 7.61568
      vertex 12.2 20.51 7.66292
      vertex 6.5875 20.51 7.66292
    endloop
  endfacet
  facet normal 0 -1 0
    outer loop
      vertex 6.65819 20.51 7.61568
      vertex 12.1293 20.51 7.61568
      vertex 12.2 20.51 7.66292
    endloop
  endfacet
  facet normal 0 -1 0
    outer loop
      vertex 6.72212 20.51 7.55962
      vertex 12.1293 20.51 7.61568
      vertex 6.65819 20.51 7.61568
    endloop
  endfacet
  facet normal 0 -1 0
    outer loop
      vertex 6.72212 20.51 7.55962
      vertex 12.0654 20.51 7.55962
      vertex 12.1293 20.51 7.61568
    endloop
  endfacet
  facet normal 0 -1 0
    outer loop
      vertex 6.77818 20.51 7.49569
      vertex 12.0654 20.51 7.55962
      vertex 6.72212 20.51 7.55962
    endloop
  endfacet
  facet normal 0 -1 0
    outer loop
      vertex 6.77818 20.51 7.49569
      vertex 12.0093 20.51 7.49569
      vertex 12.0654 20.51 7.55962
    endloop
  endfacet
  facet normal 0 -1 0
    outer loop
      vertex 6.82542 20.51 7.425
      vertex 12.0093 20.51 7.49569
      vertex 6.77818 20.51 7.49569
    endloop
  endfacet
  facet normal 0 -1 0
    outer loop
      vertex 6.82542 20.51 7.425
      vertex 11.9621 20.51 7.425
      vertex 12.0093 20.51 7.49569
    endloop
  endfacet
  facet normal 0 -1 0
    outer loop
      vertex 6.86302 20.51 7.34874
      vertex 11.9621 20.51 7.425
      vertex 6.82542 20.51 7.425
    endloop
  endfacet
  facet normal 0 -1 0
    outer loop
      vertex 6.86302 20.51 7.34874
      vertex 11.9245 20.51 7.34874
      vertex 11.9621 20.51 7.425
    endloop
  endfacet
  facet normal 0 -1 0
    outer loop
      vertex 6.89035 20.51 7.26823
      vertex 11.9245 20.51 7.34874
      vertex 6.86302 20.51 7.34874
    endloop
  endfacet
  facet normal 0 -1 0
    outer loop
      vertex 6.89035 20.51 7.26823
      vertex 11.8971 20.51 7.26823
      vertex 11.9245 20.51 7.34874
    endloop
  endfacet
  facet normal 0 -1 0
    outer loop
      vertex 6.90694 20.51 7.18484
      vertex 11.8971 20.51 7.26823
      vertex 6.89035 20.51 7.26823
    endloop
  endfacet
  facet normal 0 -1 0
    outer loop
      vertex 6.90694 20.51 7.18484
      vertex 11.8806 20.51 7.18484
      vertex 11.8971 20.51 7.26823
    endloop
  endfacet
  facet normal 0 -1 0
    outer loop
      vertex 6.9125 20.51 7.1
      vertex 11.8806 20.51 7.18484
      vertex 6.90694 20.51 7.18484
    endloop
  endfacet
  facet normal 0 -1 0
    outer loop
      vertex 6.9125 20.51 7.1
      vertex 11.875 20.51 7.1
      vertex 11.8806 20.51 7.18484
    endloop
  endfacet
  facet normal 0 -1 0
    outer loop
      vertex 6.9125 20.51 3.9
      vertex 11.875 20.51 7.1
      vertex 6.9125 20.51 7.1
    endloop
  endfacet
  facet normal 0 -1 0
    outer loop
      vertex 6.9125 20.51 3.9
      vertex 11.875 20.51 3.9
      vertex 11.875 20.51 7.1
    endloop
  endfacet
  facet normal 0 -1 0
    outer loop
      vertex 6.90694 20.51 3.81516
      vertex 11.875 20.51 3.9
      vertex 6.9125 20.51 3.9
    endloop
  endfacet
  facet normal 0 -1 0
    outer loop
      vertex 6.90694 20.51 3.81516
      vertex 11.8806 20.51 3.81516
      vertex 11.875 20.51 3.9
    endloop
  endfacet
  facet normal 0 -1 0
    outer loop
      vertex 6.89035 20.51 3.73177
      vertex 11.8806 20.51 3.81516
      vertex 6.90694 20.51 3.81516
    endloop
  endfacet
  facet normal 0 -1 0
    outer loop
      vertex 6.89035 20.51 3.73177
      vertex 11.8971 20.51 3.73177
      vertex 11.8806 20.51 3.81516
    endloop
  endfacet
  facet normal 0 -1 0
    outer loop
      vertex 6.86302 20.51 3.65126
      vertex 11.8971 20.51 3.73177
      vertex 6.89035 20.51 3.73177
    endloop
  endfacet
  facet normal 0 -1 0
    outer loop
      vertex 6.86302 20.51 3.65126
      vertex 11.9245 20.51 3.65126
      vertex 11.8971 20.51 3.73177
    endloop
  endfacet
  facet normal 0 -1 0
    outer loop
      vertex 6.82542 20.51 3.575
      vertex 11.9245 20.51 3.65126
      vertex 6.86302 20.51 3.65126
    endloop
  endfacet
  facet normal 0 -1 0
    outer loop
      vertex 6.82542 20.51 3.575
      vertex 11.9621 20.51 3.575
      vertex 11.9245 20.51 3.65126
    endloop
  endfacet
  facet normal 0 -1 0
    outer loop
      vertex 6.77818 20.51 3.50431
      vertex 11.9621 20.51 3.575
      vertex 6.82542 20.51 3.575
    endloop
  endfacet
  facet normal 0 -1 0
    outer loop
      vertex 6.77818 20.51 3.50431
      vertex 12.0093 20.51 3.50431
      vertex 11.9621 20.51 3.575
    endloop
  endfacet
  facet normal 0 -1 0
    outer loop
      vertex 6.72212 20.51 3.44038
      vertex 12.0093 20.51 3.50431
      vertex 6.77818 20.51 3.50431
    endloop
  endfacet
  facet normal 0 -1 0
    outer loop
      vertex 6.72212 20.51 3.44038
      vertex 12.0654 20.51 3.44038
      vertex 12.0093 20.51 3.50431
    endloop
  endfacet
  facet normal 0 -1 0
    outer loop
      vertex 6.65819 20.51 3.38432
      vertex 12.0654 20.51 3.44038
      vertex 6.72212 20.51 3.44038
    endloop
  endfacet
  facet normal 0 -1 0
    outer loop
      vertex 6.65819 20.51 3.38432
      vertex 12.1293 20.51 3.38432
      vertex 12.0654 20.51 3.44038
    endloop
  endfacet
  facet normal 0 -1 0
    outer loop
      vertex 6.5875 20.51 3.33708
      vertex 12.1293 20.51 3.38432
      vertex 6.65819 20.51 3.38432
    endloop
  endfacet
  facet normal 0 -1 0
    outer loop
      vertex 6.5875 20.51 3.33708
      vertex 12.2 20.51 3.33708
      vertex 12.1293 20.51 3.38432
    endloop
  endfacet
  facet normal 0 -1 0
    outer loop
      vertex 6.51124 20.51 3.29948
      vertex 12.2 20.51 3.33708
      vertex 6.5875 20.51 3.33708
    endloop
  endfacet
  facet normal 0 -1 0
    outer loop
      vertex 6.51124 20.51 3.29948
      vertex 12.2763 20.51 3.29948
      vertex 12.2 20.51 3.33708
    endloop
  endfacet
  facet normal 0 -1 0
    outer loop
      vertex 6.43073 20.51 3.27215
      vertex 12.2763 20.51 3.29948
      vertex 6.51124 20.51 3.29948
    endloop
  endfacet
  facet normal 0 -1 0
    outer loop
      vertex 6.43073 20.51 3.27215
      vertex 12.3568 20.51 3.27215
      vertex 12.2763 20.51 3.29948
    endloop
  endfacet
  facet normal 0 -1 0
    outer loop
      vertex 6.34734 20.51 3.25556
      vertex 12.3568 20.51 3.27215
      vertex 6.43073 20.51 3.27215
    endloop
  endfacet
  facet normal 0 -1 0
    outer loop
      vertex 6.34734 20.51 3.25556
      vertex 12.4402 20.51 3.25556
      vertex 12.3568 20.51 3.27215
    endloop
  endfacet
  facet normal 0 -1 0
    outer loop
      vertex 2.6 20.51 2
      vertex 6.34734 20.51 3.25556
      vertex 6.2625 20.51 3.25
    endloop
  endfacet
  facet normal 0 -1 -0
    outer loop
      vertex 6.34734 20.51 3.25556
      vertex 2.6 20.51 2
      vertex 12.4402 20.51 3.25556
    endloop
  endfacet
  facet normal 0 -1 0
    outer loop
      vertex 6.34734 20.51 7.74444
      vertex 2.6 20.51 12.4011
      vertex 6.2625 20.51 7.75
    endloop
  endfacet
  facet normal 0 -1 0
    outer loop
      vertex 2.6 20.51 12.4011
      vertex 6.17766 20.51 7.74444
      vertex 6.2625 20.51 7.75
    endloop
  endfacet
  facet normal 0 -1 0
    outer loop
      vertex 2.6 20.51 12.4011
      vertex 6.09427 20.51 7.72785
      vertex 6.17766 20.51 7.74444
    endloop
  endfacet
  facet normal 0 -1 0
    outer loop
      vertex 2.6 20.51 12.4011
      vertex 6.01376 20.51 7.70052
      vertex 6.09427 20.51 7.72785
    endloop
  endfacet
  facet normal 0 -1 0
    outer loop
      vertex 2.6 20.51 12.4011
      vertex 5.9375 20.51 7.66292
      vertex 6.01376 20.51 7.70052
    endloop
  endfacet
  facet normal 0 -1 0
    outer loop
      vertex 2.6 20.51 12.4011
      vertex 5.86681 20.51 7.61568
      vertex 5.9375 20.51 7.66292
    endloop
  endfacet
  facet normal 0 -1 0
    outer loop
      vertex 2.6 20.51 12.4011
      vertex 5.80288 20.51 7.55962
      vertex 5.86681 20.51 7.61568
    endloop
  endfacet
  facet normal 0 -1 0
    outer loop
      vertex 2.6 20.51 12.4011
      vertex 5.74682 20.51 7.49569
      vertex 5.80288 20.51 7.55962
    endloop
  endfacet
  facet normal 0 -1 0
    outer loop
      vertex 2.6 20.51 12.4011
      vertex 5.69958 20.51 7.425
      vertex 5.74682 20.51 7.49569
    endloop
  endfacet
  facet normal 0 -1 0
    outer loop
      vertex 2.6 20.51 12.4011
      vertex 5.66198 20.51 7.34874
      vertex 5.69958 20.51 7.425
    endloop
  endfacet
  facet normal 0 -1 0
    outer loop
      vertex 2.6 20.51 12.4011
      vertex 5.63465 20.51 7.26823
      vertex 5.66198 20.51 7.34874
    endloop
  endfacet
  facet normal 0 -1 0
    outer loop
      vertex 2.6 20.51 12.4011
      vertex 5.61806 20.51 7.18484
      vertex 5.63465 20.51 7.26823
    endloop
  endfacet
  facet normal 0 -1 0
    outer loop
      vertex 2.6 20.51 12.4011
      vertex 5.6125 20.51 7.1
      vertex 5.61806 20.51 7.18484
    endloop
  endfacet
  facet normal 0 -1 0
    outer loop
      vertex 2.6 20.51 2
      vertex 5.6125 20.51 7.1
      vertex 2.6 20.51 12.4011
    endloop
  endfacet
  facet normal 0 -1 -0
    outer loop
      vertex 5.6125 20.51 7.1
      vertex 2.6 20.51 2
      vertex 5.6125 20.51 3.9
    endloop
  endfacet
  facet normal 0 -1 -0
    outer loop
      vertex 5.6125 20.51 3.9
      vertex 2.6 20.51 2
      vertex 5.61806 20.51 3.81516
    endloop
  endfacet
  facet normal 0 -1 -0
    outer loop
      vertex 5.61806 20.51 3.81516
      vertex 2.6 20.51 2
      vertex 5.63465 20.51 3.73177
    endloop
  endfacet
  facet normal 0 -1 -0
    outer loop
      vertex 12.4402 20.51 3.25556
      vertex 2.6 20.51 2
      vertex 12.525 20.51 3.25
    endloop
  endfacet
  facet normal 0 -1 0
    outer loop
      vertex 22.45 20.51 2
      vertex 12.525 20.51 3.25
      vertex 2.6 20.51 2
    endloop
  endfacet
  facet normal 0 -1 -0
    outer loop
      vertex 6.17766 20.51 3.25556
      vertex 2.6 20.51 2
      vertex 6.2625 20.51 3.25
    endloop
  endfacet
  facet normal 0 -1 -0
    outer loop
      vertex 6.09427 20.51 3.27215
      vertex 2.6 20.51 2
      vertex 6.17766 20.51 3.25556
    endloop
  endfacet
  facet normal 0 -1 -0
    outer loop
      vertex 6.01376 20.51 3.29948
      vertex 2.6 20.51 2
      vertex 6.09427 20.51 3.27215
    endloop
  endfacet
  facet normal 0 -1 -0
    outer loop
      vertex 5.9375 20.51 3.33708
      vertex 2.6 20.51 2
      vertex 6.01376 20.51 3.29948
    endloop
  endfacet
  facet normal 0 -1 -0
    outer loop
      vertex 5.86681 20.51 3.38432
      vertex 2.6 20.51 2
      vertex 5.9375 20.51 3.33708
    endloop
  endfacet
  facet normal 0 -1 -0
    outer loop
      vertex 5.80288 20.51 3.44038
      vertex 2.6 20.51 2
      vertex 5.86681 20.51 3.38432
    endloop
  endfacet
  facet normal 0 -1 -0
    outer loop
      vertex 5.74682 20.51 3.50431
      vertex 2.6 20.51 2
      vertex 5.80288 20.51 3.44038
    endloop
  endfacet
  facet normal 0 -1 -0
    outer loop
      vertex 5.69958 20.51 3.575
      vertex 2.6 20.51 2
      vertex 5.74682 20.51 3.50431
    endloop
  endfacet
  facet normal 0 -1 -0
    outer loop
      vertex 5.66198 20.51 3.65126
      vertex 2.6 20.51 2
      vertex 5.69958 20.51 3.575
    endloop
  endfacet
  facet normal 0 -1 -0
    outer loop
      vertex 5.63465 20.51 3.73177
      vertex 2.6 20.51 2
      vertex 5.66198 20.51 3.65126
    endloop
  endfacet
  facet normal 0 -1 0
    outer loop
      vertex 2.6 20.51 12.4011
      vertex 12.525 20.51 7.75
      vertex 22.45 20.51 12.4011
    endloop
  endfacet
  facet normal 0 -1 0
    outer loop
      vertex 12.6098 20.51 7.74444
      vertex 22.45 20.51 12.4011
      vertex 12.525 20.51 7.75
    endloop
  endfacet
  facet normal 0 -1 0
    outer loop
      vertex 18.8723 20.51 7.74444
      vertex 22.45 20.51 12.4011
      vertex 18.7875 20.51 7.75
    endloop
  endfacet
  facet normal 0 -1 0
    outer loop
      vertex 18.9557 20.51 7.72785
      vertex 22.45 20.51 12.4011
      vertex 18.8723 20.51 7.74444
    endloop
  endfacet
  facet normal 0 -1 0
    outer loop
      vertex 19.0362 20.51 7.70052
      vertex 22.45 20.51 12.4011
      vertex 18.9557 20.51 7.72785
    endloop
  endfacet
  facet normal 0 -1 0
    outer loop
      vertex 19.1125 20.51 7.66292
      vertex 22.45 20.51 12.4011
      vertex 19.0362 20.51 7.70052
    endloop
  endfacet
  facet normal 0 -1 0
    outer loop
      vertex 19.1832 20.51 7.61568
      vertex 22.45 20.51 12.4011
      vertex 19.1125 20.51 7.66292
    endloop
  endfacet
  facet normal 0 -1 0
    outer loop
      vertex 19.2471 20.51 7.55962
      vertex 22.45 20.51 12.4011
      vertex 19.1832 20.51 7.61568
    endloop
  endfacet
  facet normal 0 -1 0
    outer loop
      vertex 19.3032 20.51 7.49569
      vertex 22.45 20.51 12.4011
      vertex 19.2471 20.51 7.55962
    endloop
  endfacet
  facet normal 0 -1 0
    outer loop
      vertex 19.3504 20.51 7.425
      vertex 22.45 20.51 12.4011
      vertex 19.3032 20.51 7.49569
    endloop
  endfacet
  facet normal 0 -1 0
    outer loop
      vertex 19.388 20.51 7.34874
      vertex 22.45 20.51 12.4011
      vertex 19.3504 20.51 7.425
    endloop
  endfacet
  facet normal 0 -1 0
    outer loop
      vertex 19.4154 20.51 7.26823
      vertex 22.45 20.51 12.4011
      vertex 19.388 20.51 7.34874
    endloop
  endfacet
  facet normal 0 -1 0
    outer loop
      vertex 19.4319 20.51 7.18484
      vertex 22.45 20.51 12.4011
      vertex 19.4154 20.51 7.26823
    endloop
  endfacet
  facet normal 0 -1 0
    outer loop
      vertex 19.4375 20.51 7.1
      vertex 22.45 20.51 12.4011
      vertex 19.4319 20.51 7.18484
    endloop
  endfacet
  facet normal 0 -1 0
    outer loop
      vertex 22.45 20.51 2
      vertex 19.4375 20.51 7.1
      vertex 19.4375 20.51 3.9
    endloop
  endfacet
  facet normal 0 -1 0
    outer loop
      vertex 22.45 20.51 2
      vertex 19.4375 20.51 3.9
      vertex 19.4319 20.51 3.81516
    endloop
  endfacet
  facet normal 0 -1 0
    outer loop
      vertex 22.45 20.51 2
      vertex 19.4319 20.51 3.81516
      vertex 19.4154 20.51 3.73177
    endloop
  endfacet
  facet normal 0 -1 0
    outer loop
      vertex 22.45 20.51 2
      vertex 19.4154 20.51 3.73177
      vertex 19.388 20.51 3.65126
    endloop
  endfacet
  facet normal 0 -1 0
    outer loop
      vertex 18.7027 20.51 3.25556
      vertex 22.45 20.51 2
      vertex 18.7875 20.51 3.25
    endloop
  endfacet
  facet normal 0 -1 0
    outer loop
      vertex 19.4375 20.51 7.1
      vertex 22.45 20.51 2
      vertex 22.45 20.51 12.4011
    endloop
  endfacet
  facet normal 0 -1 0
    outer loop
      vertex 19.3504 20.51 3.575
      vertex 22.45 20.51 2
      vertex 19.388 20.51 3.65126
    endloop
  endfacet
  facet normal 0 -1 0
    outer loop
      vertex 19.3032 20.51 3.50431
      vertex 22.45 20.51 2
      vertex 19.3504 20.51 3.575
    endloop
  endfacet
  facet normal 0 -1 0
    outer loop
      vertex 19.2471 20.51 3.44038
      vertex 22.45 20.51 2
      vertex 19.3032 20.51 3.50431
    endloop
  endfacet
  facet normal 0 -1 0
    outer loop
      vertex 19.1832 20.51 3.38432
      vertex 22.45 20.51 2
      vertex 19.2471 20.51 3.44038
    endloop
  endfacet
  facet normal 0 -1 0
    outer loop
      vertex 19.1125 20.51 3.33708
      vertex 22.45 20.51 2
      vertex 19.1832 20.51 3.38432
    endloop
  endfacet
  facet normal 0 -1 0
    outer loop
      vertex 19.0362 20.51 3.29948
      vertex 22.45 20.51 2
      vertex 19.1125 20.51 3.33708
    endloop
  endfacet
  facet normal 0 -1 0
    outer loop
      vertex 18.9557 20.51 3.27215
      vertex 22.45 20.51 2
      vertex 19.0362 20.51 3.29948
    endloop
  endfacet
  facet normal 0 -1 0
    outer loop
      vertex 18.8723 20.51 3.25556
      vertex 22.45 20.51 2
      vertex 18.9557 20.51 3.27215
    endloop
  endfacet
  facet normal 0 -1 0
    outer loop
      vertex 18.7875 20.51 3.25
      vertex 22.45 20.51 2
      vertex 18.8723 20.51 3.25556
    endloop
  endfacet
  facet normal 0 -1 0
    outer loop
      vertex 2.6 20.51 14.2646
      vertex 22.45 20.51 15.8176
      vertex 2.6 20.51 15.8176
    endloop
  endfacet
  facet normal 0 -1 -0
    outer loop
      vertex 22.45 20.51 15.8176
      vertex 2.6 20.51 14.2646
      vertex 22.45 20.51 14.2646
    endloop
  endfacet
  facet normal -0.980825 -0.194891 -0
    outer loop
      vertex 23.0449 19.9883 12.2614
      vertex 23.0296 20.0653 2
      vertex 23.0449 19.9883 2
    endloop
  endfacet
  facet normal -0.980825 -0.194891 0
    outer loop
      vertex 23.0296 20.0653 2
      vertex 23.0449 19.9883 12.2614
      vertex 23.0296 20.0653 12.282
    endloop
  endfacet
  facet normal -0.980825 -0.194891 -0
    outer loop
      vertex 23.0449 19.9883 15.6778
      vertex 23.0296 20.0653 14.1455
      vertex 23.0449 19.9883 14.1249
    endloop
  endfacet
  facet normal -0.980825 -0.194891 0
    outer loop
      vertex 23.0296 20.0653 14.1455
      vertex 23.0449 19.9883 15.6778
      vertex 23.0296 20.0653 15.6984
    endloop
  endfacet
  facet normal -0.659406 0.751787 0
    outer loop
      vertex 22.8743 2.17574 2
      vertex 22.8153 2.12399 7.04261
      vertex 22.8743 2.17574 7.04261
    endloop
  endfacet
  facet normal -0.659406 0.751787 0
    outer loop
      vertex 22.8153 2.12399 7.04261
      vertex 22.8743 2.17574 2
      vertex 22.8153 2.12399 2
    endloop
  endfacet
  facet normal -0.659406 0.751787 0
    outer loop
      vertex 22.8743 2.17574 9.58127
      vertex 22.8153 2.12399 10.891
      vertex 22.8743 2.17574 10.9049
    endloop
  endfacet
  facet normal -0.659406 0.751787 0
    outer loop
      vertex 22.8153 2.12399 10.891
      vertex 22.8743 2.17574 9.58127
      vertex 22.8153 2.12399 9.58127
    endloop
  endfacet
  facet normal 0.896836 0.442363 -0
    outer loop
      vertex 2.07818 2.30448 7.04261
      vertex 2.04567 2.37039 10.9571
      vertex 2.07818 2.30448 9.58127
    endloop
  endfacet
  facet normal 0.896886 0.442262 6.03059e-06
    outer loop
      vertex 2.08038 2.3 10.9382
      vertex 2.07818 2.30448 9.58127
      vertex 2.04567 2.37039 10.9571
    endloop
  endfacet
  facet normal 0.89761 0.440791 0
    outer loop
      vertex 2.07818 2.30448 9.58127
      vertex 2.08038 2.3 10.9382
      vertex 2.08038 2.3 9.58127
    endloop
  endfacet
  facet normal 0.896836 0.442363 0
    outer loop
      vertex 2.04567 2.37039 10.9571
      vertex 2.07818 2.30448 7.04261
      vertex 2.04567 2.37039 2
    endloop
  endfacet
  facet normal 0.89761 0.440791 -0
    outer loop
      vertex 2.08038 2.3 2
      vertex 2.07818 2.30448 7.04261
      vertex 2.08038 2.3 7.04261
    endloop
  endfacet
  facet normal 0.896885 0.442263 -1.62423e-06
    outer loop
      vertex 2.07818 2.30448 7.04261
      vertex 2.08038 2.3 2
      vertex 2.04567 2.37039 2
    endloop
  endfacet
  facet normal 0.659046 -0.752103 0
    outer loop
      vertex 2.23474 20.386 2
      vertex 2.17574 20.3343 12.3541
      vertex 2.17574 20.3343 2
    endloop
  endfacet
  facet normal 0.659046 -0.752103 0
    outer loop
      vertex 2.17574 20.3343 12.3541
      vertex 2.23474 20.386 2
      vertex 2.23474 20.386 12.3679
    endloop
  endfacet
  facet normal 0.659046 -0.752103 0
    outer loop
      vertex 2.17574 20.3343 15.7705
      vertex 2.23474 20.386 14.2314
      vertex 2.23474 20.386 15.7843
    endloop
  endfacet
  facet normal 0.659046 -0.752103 0
    outer loop
      vertex 2.23474 20.386 14.2314
      vertex 2.17574 20.3343 15.7705
      vertex 2.17574 20.3343 14.2176
    endloop
  endfacet
  facet normal 0.89691 -0.442212 0
    outer loop
      vertex 2.04567 20.1396 12.3019
      vertex 2.08038 20.21 2
      vertex 2.08038 20.21 12.3208
    endloop
  endfacet
  facet normal 0.89691 -0.442212 0
    outer loop
      vertex 2.08038 20.21 2
      vertex 2.04567 20.1396 12.3019
      vertex 2.04567 20.1396 2
    endloop
  endfacet
  facet normal 0.89691 -0.442212 0
    outer loop
      vertex 2.04567 20.1396 15.7183
      vertex 2.08038 20.21 14.1843
      vertex 2.08038 20.21 15.7372
    endloop
  endfacet
  facet normal 0.89691 -0.442212 0
    outer loop
      vertex 2.08038 20.21 14.1843
      vertex 2.04567 20.1396 15.7183
      vertex 2.04567 20.1396 14.1654
    endloop
  endfacet
  facet normal -0.946625 -0.322337 -0
    outer loop
      vertex 23.0296 20.0653 12.282
      vertex 23.0043 20.1396 2
      vertex 23.0296 20.0653 2
    endloop
  endfacet
  facet normal -0.946625 -0.322337 0
    outer loop
      vertex 23.0043 20.1396 2
      vertex 23.0296 20.0653 12.282
      vertex 23.0043 20.1396 12.3019
    endloop
  endfacet
  facet normal -0.946625 -0.322337 -0
    outer loop
      vertex 23.0296 20.0653 15.6984
      vertex 23.0043 20.1396 14.1654
      vertex 23.0296 20.0653 14.1455
    endloop
  endfacet
  facet normal -0.946625 -0.322337 0
    outer loop
      vertex 23.0043 20.1396 14.1654
      vertex 23.0296 20.0653 15.6984
      vertex 23.0043 20.1396 15.7183
    endloop
  endfacet
  facet normal -0.659046 -0.752103 0
    outer loop
      vertex 22.8153 20.386 2
      vertex 22.8743 20.3343 12.3541
      vertex 22.8153 20.386 12.3679
    endloop
  endfacet
  facet normal -0.659046 -0.752103 -0
    outer loop
      vertex 22.8743 20.3343 12.3541
      vertex 22.8153 20.386 2
      vertex 22.8743 20.3343 2
    endloop
  endfacet
  facet normal -0.659046 -0.752103 0
    outer loop
      vertex 22.8153 20.386 14.2314
      vertex 22.8743 20.3343 15.7705
      vertex 22.8153 20.386 15.7843
    endloop
  endfacet
  facet normal -0.659046 -0.752103 -0
    outer loop
      vertex 22.8743 20.3343 15.7705
      vertex 22.8153 20.386 14.2314
      vertex 22.8743 20.3343 14.2176
    endloop
  endfacet
  facet normal -0.0649964 -0.997886 0
    outer loop
      vertex 22.45 20.51 2
      vertex 22.5283 20.5049 12.3998
      vertex 22.45 20.51 12.4011
    endloop
  endfacet
  facet normal -0.0649964 -0.997886 -0
    outer loop
      vertex 22.5283 20.5049 12.3998
      vertex 22.45 20.51 2
      vertex 22.5283 20.5049 2
    endloop
  endfacet
  facet normal -0.0649964 -0.997886 0
    outer loop
      vertex 22.45 20.51 14.2646
      vertex 22.5283 20.5049 15.8162
      vertex 22.45 20.51 15.8176
    endloop
  endfacet
  facet normal -0.0649964 -0.997886 -0
    outer loop
      vertex 22.5283 20.5049 15.8162
      vertex 22.45 20.51 14.2646
      vertex 22.5283 20.5049 14.2633
    endloop
  endfacet
  facet normal -0.997886 -0.0649964 -0
    outer loop
      vertex 23.05 19.91 12.2404
      vertex 23.0449 19.9883 2
      vertex 23.05 19.91 2
    endloop
  endfacet
  facet normal -0.997886 -0.0649964 0
    outer loop
      vertex 23.0449 19.9883 2
      vertex 23.05 19.91 12.2404
      vertex 23.0449 19.9883 12.2614
    endloop
  endfacet
  facet normal -0.997886 -0.0649964 -0
    outer loop
      vertex 23.05 19.91 15.6568
      vertex 23.0449 19.9883 14.1249
      vertex 23.05 19.91 14.1039
    endloop
  endfacet
  facet normal -0.997886 -0.0649964 0
    outer loop
      vertex 23.0449 19.9883 14.1249
      vertex 23.05 19.91 15.6568
      vertex 23.0449 19.9883 15.6778
    endloop
  endfacet
  facet normal -0.321537 0.946897 0
    outer loop
      vertex 22.6796 2.04567 2
      vertex 22.6053 2.02044 7.04261
      vertex 22.6796 2.04567 7.04261
    endloop
  endfacet
  facet normal -0.321537 0.946897 0
    outer loop
      vertex 22.6053 2.02044 7.04261
      vertex 22.6796 2.04567 2
      vertex 22.6053 2.02044 2
    endloop
  endfacet
  facet normal -0.321537 0.946897 0
    outer loop
      vertex 22.6796 2.04567 9.58127
      vertex 22.6053 2.02044 10.8633
      vertex 22.6796 2.04567 10.8701
    endloop
  endfacet
  facet normal -0.321537 0.946897 0
    outer loop
      vertex 22.6053 2.02044 10.8633
      vertex 22.6796 2.04567 9.58127
      vertex 22.6053 2.02044 9.58127
    endloop
  endfacet
  facet normal 0.980801 -0.195014 0
    outer loop
      vertex 2.00513 19.9883 12.2614
      vertex 2.02044 20.0653 2
      vertex 2.02044 20.0653 12.282
    endloop
  endfacet
  facet normal 0.980801 -0.195014 0
    outer loop
      vertex 2.02044 20.0653 2
      vertex 2.00513 19.9883 12.2614
      vertex 2.00513 19.9883 2
    endloop
  endfacet
  facet normal 0.980801 -0.195014 0
    outer loop
      vertex 2.00513 19.9883 15.6778
      vertex 2.02044 20.0653 14.1455
      vertex 2.02044 20.0653 15.6984
    endloop
  endfacet
  facet normal 0.980801 -0.195014 0
    outer loop
      vertex 2.02044 20.0653 14.1455
      vertex 2.00513 19.9883 15.6778
      vertex 2.00513 19.9883 14.1249
    endloop
  endfacet
  facet normal 0.946897 -0.321537 0
    outer loop
      vertex 2.02044 20.0653 12.282
      vertex 2.04567 20.1396 2
      vertex 2.04567 20.1396 12.3019
    endloop
  endfacet
  facet normal 0.946897 -0.321537 0
    outer loop
      vertex 2.04567 20.1396 2
      vertex 2.02044 20.0653 12.282
      vertex 2.02044 20.0653 2
    endloop
  endfacet
  facet normal 0.946897 -0.321537 0
    outer loop
      vertex 2.02044 20.0653 15.6984
      vertex 2.04567 20.1396 14.1654
      vertex 2.04567 20.1396 15.7183
    endloop
  endfacet
  facet normal 0.946897 -0.321537 0
    outer loop
      vertex 2.04567 20.1396 14.1654
      vertex 2.02044 20.0653 15.6984
      vertex 2.02044 20.0653 14.1455
    endloop
  endfacet
  facet normal 0.751787 -0.659406 0
    outer loop
      vertex 2.12399 20.2753 12.3382
      vertex 2.17574 20.3343 2
      vertex 2.17574 20.3343 12.3541
    endloop
  endfacet
  facet normal 0.751787 -0.659406 0
    outer loop
      vertex 2.17574 20.3343 2
      vertex 2.12399 20.2753 12.3382
      vertex 2.12399 20.2753 2
    endloop
  endfacet
  facet normal 0.751787 -0.659406 0
    outer loop
      vertex 2.12399 20.2753 15.7547
      vertex 2.17574 20.3343 14.2176
      vertex 2.17574 20.3343 15.7705
    endloop
  endfacet
  facet normal 0.751787 -0.659406 0
    outer loop
      vertex 2.17574 20.3343 14.2176
      vertex 2.12399 20.2753 15.7547
      vertex 2.12399 20.2753 14.2017
    endloop
  endfacet
  facet normal 0.831599 -0.555376 0
    outer loop
      vertex 2.08038 20.21 12.3208
      vertex 2.12399 20.2753 2
      vertex 2.12399 20.2753 12.3382
    endloop
  endfacet
  facet normal 0.831599 -0.555376 0
    outer loop
      vertex 2.12399 20.2753 2
      vertex 2.08038 20.21 12.3208
      vertex 2.08038 20.21 2
    endloop
  endfacet
  facet normal 0.831599 -0.555376 0
    outer loop
      vertex 2.08038 20.21 15.7372
      vertex 2.12399 20.2753 14.2017
      vertex 2.12399 20.2753 15.7547
    endloop
  endfacet
  facet normal 0.831599 -0.555376 0
    outer loop
      vertex 2.12399 20.2753 14.2017
      vertex 2.08038 20.21 15.7372
      vertex 2.08038 20.21 14.1843
    endloop
  endfacet
  facet normal -0.322337 -0.946625 0
    outer loop
      vertex 22.6053 20.4896 2
      vertex 22.6796 20.4643 12.3889
      vertex 22.6053 20.4896 12.3957
    endloop
  endfacet
  facet normal -0.322337 -0.946625 -0
    outer loop
      vertex 22.6796 20.4643 12.3889
      vertex 22.6053 20.4896 2
      vertex 22.6796 20.4643 2
    endloop
  endfacet
  facet normal -0.322337 -0.946625 0
    outer loop
      vertex 22.6053 20.4896 14.2592
      vertex 22.6796 20.4643 15.8053
      vertex 22.6053 20.4896 15.8121
    endloop
  endfacet
  facet normal -0.322337 -0.946625 -0
    outer loop
      vertex 22.6796 20.4643 15.8053
      vertex 22.6053 20.4896 14.2592
      vertex 22.6796 20.4643 14.2524
    endloop
  endfacet
  facet normal -0.555288 -0.831658 0
    outer loop
      vertex 22.75 20.4296 2
      vertex 22.8153 20.386 12.3679
      vertex 22.75 20.4296 12.3796
    endloop
  endfacet
  facet normal -0.555288 -0.831658 -0
    outer loop
      vertex 22.8153 20.386 12.3679
      vertex 22.75 20.4296 2
      vertex 22.8153 20.386 2
    endloop
  endfacet
  facet normal -0.555288 -0.831658 0
    outer loop
      vertex 22.75 20.4296 14.2431
      vertex 22.8153 20.386 15.7843
      vertex 22.75 20.4296 15.796
    endloop
  endfacet
  facet normal -0.555288 -0.831658 -0
    outer loop
      vertex 22.8153 20.386 15.7843
      vertex 22.75 20.4296 14.2431
      vertex 22.8153 20.386 14.2314
    endloop
  endfacet
  facet normal -0.194891 -0.980825 0
    outer loop
      vertex 22.5283 20.5049 2
      vertex 22.6053 20.4896 12.3957
      vertex 22.5283 20.5049 12.3998
    endloop
  endfacet
  facet normal -0.194891 -0.980825 -0
    outer loop
      vertex 22.6053 20.4896 12.3957
      vertex 22.5283 20.5049 2
      vertex 22.6053 20.4896 2
    endloop
  endfacet
  facet normal -0.194891 -0.980825 0
    outer loop
      vertex 22.5283 20.5049 14.2633
      vertex 22.6053 20.4896 15.8121
      vertex 22.5283 20.5049 15.8162
    endloop
  endfacet
  facet normal -0.194891 -0.980825 -0
    outer loop
      vertex 22.6053 20.4896 15.8121
      vertex 22.5283 20.5049 14.2633
      vertex 22.6053 20.4896 14.2592
    endloop
  endfacet
  facet normal 0.194964 -0.98081 0
    outer loop
      vertex 2.52168 20.5049 2
      vertex 2.44471 20.4896 12.3957
      vertex 2.44471 20.4896 2
    endloop
  endfacet
  facet normal 0.194964 -0.98081 0
    outer loop
      vertex 2.44471 20.4896 12.3957
      vertex 2.52168 20.5049 2
      vertex 2.52168 20.5049 12.3998
    endloop
  endfacet
  facet normal 0.194964 -0.98081 0
    outer loop
      vertex 2.44471 20.4896 15.8121
      vertex 2.52168 20.5049 14.2633
      vertex 2.52168 20.5049 15.8162
    endloop
  endfacet
  facet normal 0.194964 -0.98081 0
    outer loop
      vertex 2.52168 20.5049 14.2633
      vertex 2.44471 20.4896 15.8121
      vertex 2.44471 20.4896 14.2592
    endloop
  endfacet
  facet normal 0.0649798 -0.997887 0
    outer loop
      vertex 2.6 20.51 2
      vertex 2.52168 20.5049 12.3998
      vertex 2.52168 20.5049 2
    endloop
  endfacet
  facet normal 0.0649798 -0.997887 0
    outer loop
      vertex 2.52168 20.5049 12.3998
      vertex 2.6 20.51 2
      vertex 2.6 20.51 12.4011
    endloop
  endfacet
  facet normal 0.0649798 -0.997887 0
    outer loop
      vertex 2.52168 20.5049 15.8162
      vertex 2.6 20.51 14.2646
      vertex 2.6 20.51 15.8176
    endloop
  endfacet
  facet normal 0.0649798 -0.997887 0
    outer loop
      vertex 2.6 20.51 14.2646
      vertex 2.52168 20.5049 15.8162
      vertex 2.52168 20.5049 14.2633
    endloop
  endfacet
  facet normal 0.555523 -0.831501 0
    outer loop
      vertex 2.3 20.4296 2
      vertex 2.23474 20.386 12.3679
      vertex 2.23474 20.386 2
    endloop
  endfacet
  facet normal 0.555523 -0.831501 0
    outer loop
      vertex 2.23474 20.386 12.3679
      vertex 2.3 20.4296 2
      vertex 2.3 20.4296 12.3796
    endloop
  endfacet
  facet normal 0.555523 -0.831501 0
    outer loop
      vertex 2.23474 20.386 15.7843
      vertex 2.3 20.4296 14.2431
      vertex 2.3 20.4296 15.796
    endloop
  endfacet
  facet normal 0.555523 -0.831501 0
    outer loop
      vertex 2.3 20.4296 14.2431
      vertex 2.23474 20.386 15.7843
      vertex 2.23474 20.386 14.2314
    endloop
  endfacet
  facet normal 0.0653605 0.997862 -0
    outer loop
      vertex 2.6 2 2
      vertex 2.52168 2.00513 7.04261
      vertex 2.6 2 7.04261
    endloop
  endfacet
  facet normal 0.0653605 0.997862 0
    outer loop
      vertex 2.52168 2.00513 7.04261
      vertex 2.6 2 2
      vertex 2.52168 2.00513 2
    endloop
  endfacet
  facet normal 0.0653605 0.997862 0
    outer loop
      vertex 2.52168 2.00513 9.58127
      vertex 2.6 2 10.8578
      vertex 2.6 2 9.58127
    endloop
  endfacet
  facet normal 0.0653605 0.997862 0
    outer loop
      vertex 2.6 2 10.8578
      vertex 2.52168 2.00513 9.58127
      vertex 2.52168 2.00513 10.8592
    endloop
  endfacet
  facet normal 0.195087 0.980786 -0
    outer loop
      vertex 2.52168 2.00513 2
      vertex 2.44471 2.02044 7.04261
      vertex 2.52168 2.00513 7.04261
    endloop
  endfacet
  facet normal 0.195087 0.980786 0
    outer loop
      vertex 2.44471 2.02044 7.04261
      vertex 2.52168 2.00513 2
      vertex 2.44471 2.02044 2
    endloop
  endfacet
  facet normal 0.195087 0.980786 0
    outer loop
      vertex 2.44471 2.02044 9.58127
      vertex 2.52168 2.00513 10.8592
      vertex 2.52168 2.00513 9.58127
    endloop
  endfacet
  facet normal 0.195087 0.980786 0
    outer loop
      vertex 2.52168 2.00513 10.8592
      vertex 2.44471 2.02044 9.58127
      vertex 2.44471 2.02044 10.8633
    endloop
  endfacet
  facet normal 0.442263 0.896885 -0
    outer loop
      vertex 2.37039 2.04567 2
      vertex 2.3 2.08038 7.04261
      vertex 2.37039 2.04567 7.04261
    endloop
  endfacet
  facet normal 0.442263 0.896885 0
    outer loop
      vertex 2.3 2.08038 7.04261
      vertex 2.37039 2.04567 2
      vertex 2.3 2.08038 2
    endloop
  endfacet
  facet normal 0.442263 0.896885 0
    outer loop
      vertex 2.3 2.08038 9.58127
      vertex 2.37039 2.04567 10.8701
      vertex 2.37039 2.04567 9.58127
    endloop
  endfacet
  facet normal 0.442263 0.896885 0
    outer loop
      vertex 2.37039 2.04567 10.8701
      vertex 2.3 2.08038 9.58127
      vertex 2.3 2.08038 10.8794
    endloop
  endfacet
  facet normal -0.752103 0.659046 0
    outer loop
      vertex 22.8743 2.17574 2
      vertex 22.926 2.23474 7.04261
      vertex 22.926 2.23474 2
    endloop
  endfacet
  facet normal -0.752103 0.659046 0
    outer loop
      vertex 22.926 2.23474 7.04261
      vertex 22.8743 2.17574 2
      vertex 22.8743 2.17574 7.04261
    endloop
  endfacet
  facet normal -0.752103 0.659046 0
    outer loop
      vertex 22.8743 2.17574 10.9049
      vertex 22.926 2.23474 9.58127
      vertex 22.8743 2.17574 9.58127
    endloop
  endfacet
  facet normal -0.752103 0.659046 0
    outer loop
      vertex 22.926 2.23474 9.58127
      vertex 22.8743 2.17574 10.9049
      vertex 22.926 2.23474 10.9207
    endloop
  endfacet
  facet normal -0.752103 -0.659046 -0
    outer loop
      vertex 22.926 20.2753 12.3382
      vertex 22.8743 20.3343 2
      vertex 22.926 20.2753 2
    endloop
  endfacet
  facet normal -0.752103 -0.659046 0
    outer loop
      vertex 22.8743 20.3343 2
      vertex 22.926 20.2753 12.3382
      vertex 22.8743 20.3343 12.3541
    endloop
  endfacet
  facet normal -0.752103 -0.659046 -0
    outer loop
      vertex 22.926 20.2753 15.7547
      vertex 22.8743 20.3343 14.2176
      vertex 22.926 20.2753 14.2017
    endloop
  endfacet
  facet normal -0.752103 -0.659046 0
    outer loop
      vertex 22.8743 20.3343 14.2176
      vertex 22.926 20.2753 15.7547
      vertex 22.8743 20.3343 15.7705
    endloop
  endfacet
  facet normal -0.831658 -0.555288 -0
    outer loop
      vertex 22.9696 20.21 12.3208
      vertex 22.926 20.2753 2
      vertex 22.9696 20.21 2
    endloop
  endfacet
  facet normal -0.831658 -0.555288 0
    outer loop
      vertex 22.926 20.2753 2
      vertex 22.9696 20.21 12.3208
      vertex 22.926 20.2753 12.3382
    endloop
  endfacet
  facet normal -0.831658 -0.555288 -0
    outer loop
      vertex 22.9696 20.21 15.7372
      vertex 22.926 20.2753 14.2017
      vertex 22.9696 20.21 14.1843
    endloop
  endfacet
  facet normal -0.831658 -0.555288 0
    outer loop
      vertex 22.926 20.2753 14.2017
      vertex 22.9696 20.21 15.7372
      vertex 22.926 20.2753 15.7547
    endloop
  endfacet
  facet normal -0.44211 -0.896961 0
    outer loop
      vertex 22.6796 20.4643 2
      vertex 22.75 20.4296 12.3796
      vertex 22.6796 20.4643 12.3889
    endloop
  endfacet
  facet normal -0.44211 -0.896961 -0
    outer loop
      vertex 22.75 20.4296 12.3796
      vertex 22.6796 20.4643 2
      vertex 22.75 20.4296 2
    endloop
  endfacet
  facet normal -0.44211 -0.896961 0
    outer loop
      vertex 22.6796 20.4643 14.2524
      vertex 22.75 20.4296 15.796
      vertex 22.6796 20.4643 15.8053
    endloop
  endfacet
  facet normal -0.44211 -0.896961 -0
    outer loop
      vertex 22.75 20.4296 15.796
      vertex 22.6796 20.4643 14.2524
      vertex 22.75 20.4296 14.2431
    endloop
  endfacet
  facet normal 0.44216 -0.896936 0
    outer loop
      vertex 2.37039 20.4643 2
      vertex 2.3 20.4296 12.3796
      vertex 2.3 20.4296 2
    endloop
  endfacet
  facet normal 0.44216 -0.896936 0
    outer loop
      vertex 2.3 20.4296 12.3796
      vertex 2.37039 20.4643 2
      vertex 2.37039 20.4643 12.3889
    endloop
  endfacet
  facet normal 0.44216 -0.896936 0
    outer loop
      vertex 2.3 20.4296 15.796
      vertex 2.37039 20.4643 14.2524
      vertex 2.37039 20.4643 15.8053
    endloop
  endfacet
  facet normal 0.44216 -0.896936 0
    outer loop
      vertex 2.37039 20.4643 14.2524
      vertex 2.3 20.4296 15.796
      vertex 2.3 20.4296 14.2431
    endloop
  endfacet
  facet normal 0.322259 -0.946652 0
    outer loop
      vertex 2.44471 20.4896 2
      vertex 2.37039 20.4643 12.3889
      vertex 2.37039 20.4643 2
    endloop
  endfacet
  facet normal 0.322259 -0.946652 0
    outer loop
      vertex 2.37039 20.4643 12.3889
      vertex 2.44471 20.4896 2
      vertex 2.44471 20.4896 12.3957
    endloop
  endfacet
  facet normal 0.322259 -0.946652 0
    outer loop
      vertex 2.37039 20.4643 15.8053
      vertex 2.44471 20.4896 14.2592
      vertex 2.44471 20.4896 15.8121
    endloop
  endfacet
  facet normal 0.322259 -0.946652 0
    outer loop
      vertex 2.44471 20.4896 14.2592
      vertex 2.37039 20.4643 15.8053
      vertex 2.37039 20.4643 14.2524
    endloop
  endfacet
  facet normal -0.89689 0.442253 0
    outer loop
      vertex 23.0043 2.37039 2
      vertex 22.9718 2.30448 7.04261
      vertex 23.0043 2.37039 10.9571
    endloop
  endfacet
  facet normal -0.896936 0.44216 -1.51111e-06
    outer loop
      vertex 22.9696 2.3 2
      vertex 22.9718 2.30448 7.04261
      vertex 23.0043 2.37039 2
    endloop
  endfacet
  facet normal -0.89761 0.440791 0
    outer loop
      vertex 22.9718 2.30448 7.04261
      vertex 22.9696 2.3 2
      vertex 22.9696 2.3 7.04261
    endloop
  endfacet
  facet normal -0.89689 0.442253 0
    outer loop
      vertex 22.9718 2.30448 9.58127
      vertex 23.0043 2.37039 10.9571
      vertex 22.9718 2.30448 7.04261
    endloop
  endfacet
  facet normal -0.89761 0.440791 0
    outer loop
      vertex 22.9696 2.3 10.9382
      vertex 22.9718 2.30448 9.58127
      vertex 22.9696 2.3 9.58127
    endloop
  endfacet
  facet normal -0.896937 0.442159 5.6106e-06
    outer loop
      vertex 22.9718 2.30448 9.58127
      vertex 22.9696 2.3 10.9382
      vertex 23.0043 2.37039 10.9571
    endloop
  endfacet
  facet normal -0.946652 0.322259 0
    outer loop
      vertex 23.0043 2.37039 10.9571
      vertex 23.0296 2.44471 2
      vertex 23.0043 2.37039 2
    endloop
  endfacet
  facet normal -0.946652 0.322259 0
    outer loop
      vertex 23.0296 2.44471 2
      vertex 23.0043 2.37039 10.9571
      vertex 23.0296 2.44471 10.977
    endloop
  endfacet
  facet normal 0.751787 0.659406 0
    outer loop
      vertex 2.17574 2.17574 7.04261
      vertex 2.12399 2.23474 2
      vertex 2.12399 2.23474 7.04261
    endloop
  endfacet
  facet normal 0.751787 0.659406 0
    outer loop
      vertex 2.12399 2.23474 2
      vertex 2.17574 2.17574 7.04261
      vertex 2.17574 2.17574 2
    endloop
  endfacet
  facet normal 0.751787 0.659406 0
    outer loop
      vertex 2.17574 2.17574 10.9049
      vertex 2.12399 2.23474 9.58127
      vertex 2.12399 2.23474 10.9207
    endloop
  endfacet
  facet normal 0.751787 0.659406 0
    outer loop
      vertex 2.12399 2.23474 9.58127
      vertex 2.17574 2.17574 10.9049
      vertex 2.17574 2.17574 9.58127
    endloop
  endfacet
  facet normal 0.555611 0.831442 -0
    outer loop
      vertex 2.3 2.08038 2
      vertex 2.23474 2.12399 7.04261
      vertex 2.3 2.08038 7.04261
    endloop
  endfacet
  facet normal 0.555611 0.831442 0
    outer loop
      vertex 2.23474 2.12399 7.04261
      vertex 2.3 2.08038 2
      vertex 2.23474 2.12399 2
    endloop
  endfacet
  facet normal 0.555611 0.831442 0
    outer loop
      vertex 2.23474 2.12399 9.58127
      vertex 2.3 2.08038 10.8794
      vertex 2.3 2.08038 9.58127
    endloop
  endfacet
  facet normal 0.555611 0.831442 0
    outer loop
      vertex 2.3 2.08038 10.8794
      vertex 2.23474 2.12399 9.58127
      vertex 2.23474 2.12399 10.891
    endloop
  endfacet
  facet normal 0.32146 0.946923 -0
    outer loop
      vertex 2.44471 2.02044 2
      vertex 2.37039 2.04567 7.04261
      vertex 2.44471 2.02044 7.04261
    endloop
  endfacet
  facet normal 0.32146 0.946923 0
    outer loop
      vertex 2.37039 2.04567 7.04261
      vertex 2.44471 2.02044 2
      vertex 2.37039 2.04567 2
    endloop
  endfacet
  facet normal 0.32146 0.946923 0
    outer loop
      vertex 2.37039 2.04567 9.58127
      vertex 2.44471 2.02044 10.8633
      vertex 2.44471 2.02044 9.58127
    endloop
  endfacet
  facet normal 0.32146 0.946923 0
    outer loop
      vertex 2.44471 2.02044 10.8633
      vertex 2.37039 2.04567 9.58127
      vertex 2.37039 2.04567 10.8701
    endloop
  endfacet
  facet normal -0.555376 0.831599 0
    outer loop
      vertex 22.8153 2.12399 2
      vertex 22.75 2.08038 7.04261
      vertex 22.8153 2.12399 7.04261
    endloop
  endfacet
  facet normal -0.555376 0.831599 0
    outer loop
      vertex 22.75 2.08038 7.04261
      vertex 22.8153 2.12399 2
      vertex 22.75 2.08038 2
    endloop
  endfacet
  facet normal -0.555376 0.831599 0
    outer loop
      vertex 22.8153 2.12399 9.58127
      vertex 22.75 2.08038 10.8794
      vertex 22.8153 2.12399 10.891
    endloop
  endfacet
  facet normal -0.555376 0.831599 0
    outer loop
      vertex 22.75 2.08038 10.8794
      vertex 22.8153 2.12399 9.58127
      vertex 22.75 2.08038 9.58127
    endloop
  endfacet
  facet normal -0.195014 0.980801 0
    outer loop
      vertex 22.6053 2.02044 2
      vertex 22.5283 2.00513 7.04261
      vertex 22.6053 2.02044 7.04261
    endloop
  endfacet
  facet normal -0.195014 0.980801 0
    outer loop
      vertex 22.5283 2.00513 7.04261
      vertex 22.6053 2.02044 2
      vertex 22.5283 2.00513 2
    endloop
  endfacet
  facet normal -0.195014 0.980801 0
    outer loop
      vertex 22.6053 2.02044 9.58127
      vertex 22.5283 2.00513 10.8592
      vertex 22.6053 2.02044 10.8633
    endloop
  endfacet
  facet normal -0.195014 0.980801 0
    outer loop
      vertex 22.5283 2.00513 10.8592
      vertex 22.6053 2.02044 9.58127
      vertex 22.5283 2.00513 9.58127
    endloop
  endfacet
  facet normal -0.0653771 0.997861 0
    outer loop
      vertex 22.5283 2.00513 2
      vertex 22.45 2 7.04261
      vertex 22.5283 2.00513 7.04261
    endloop
  endfacet
  facet normal -0.0653771 0.997861 0
    outer loop
      vertex 22.45 2 7.04261
      vertex 22.5283 2.00513 2
      vertex 22.45 2 2
    endloop
  endfacet
  facet normal -0.0653771 0.997861 0
    outer loop
      vertex 22.5283 2.00513 9.58127
      vertex 22.45 2 10.8578
      vertex 22.5283 2.00513 10.8592
    endloop
  endfacet
  facet normal -0.0653771 0.997861 0
    outer loop
      vertex 22.45 2 10.8578
      vertex 22.5283 2.00513 9.58127
      vertex 22.45 2 9.58127
    endloop
  endfacet
  facet normal -0.831501 0.555523 0
    outer loop
      vertex 22.926 2.23474 2
      vertex 22.9696 2.3 7.04261
      vertex 22.9696 2.3 2
    endloop
  endfacet
  facet normal -0.831501 0.555523 0
    outer loop
      vertex 22.9696 2.3 7.04261
      vertex 22.926 2.23474 2
      vertex 22.926 2.23474 7.04261
    endloop
  endfacet
  facet normal -0.831501 0.555523 0
    outer loop
      vertex 22.926 2.23474 10.9207
      vertex 22.9696 2.3 9.58127
      vertex 22.926 2.23474 9.58127
    endloop
  endfacet
  facet normal -0.831501 0.555523 0
    outer loop
      vertex 22.9696 2.3 9.58127
      vertex 22.926 2.23474 10.9207
      vertex 22.9696 2.3 10.9382
    endloop
  endfacet
  facet normal -0.997887 0.0649798 0
    outer loop
      vertex 23.0449 2.52168 2
      vertex 23.05 2.6 7.60218
      vertex 23.05 2.6 2
    endloop
  endfacet
  facet normal -0.997887 0.0649798 0
    outer loop
      vertex 23.0449 2.52168 10.9976
      vertex 23.05 2.6 7.60218
      vertex 23.0449 2.52168 2
    endloop
  endfacet
  facet normal -0.997887 0.0649798 0
    outer loop
      vertex 23.05 2.6 7.60218
      vertex 23.0449 2.52168 10.9976
      vertex 23.05 2.6 9.46567
    endloop
  endfacet
  facet normal -0.997887 0.0649798 0
    outer loop
      vertex 23.05 2.6 9.46567
      vertex 23.0449 2.52168 10.9976
      vertex 23.05 2.6 11.0186
    endloop
  endfacet
  facet normal -0.98081 0.194964 0
    outer loop
      vertex 23.0296 2.44471 10.977
      vertex 23.0449 2.52168 2
      vertex 23.0296 2.44471 2
    endloop
  endfacet
  facet normal -0.98081 0.194964 0
    outer loop
      vertex 23.0449 2.52168 2
      vertex 23.0296 2.44471 10.977
      vertex 23.0449 2.52168 10.9976
    endloop
  endfacet
  facet normal 0.831442 0.555611 0
    outer loop
      vertex 2.12399 2.23474 7.04261
      vertex 2.08038 2.3 2
      vertex 2.08038 2.3 7.04261
    endloop
  endfacet
  facet normal 0.831442 0.555611 0
    outer loop
      vertex 2.08038 2.3 2
      vertex 2.12399 2.23474 7.04261
      vertex 2.12399 2.23474 2
    endloop
  endfacet
  facet normal 0.831442 0.555611 0
    outer loop
      vertex 2.12399 2.23474 10.9207
      vertex 2.08038 2.3 9.58127
      vertex 2.08038 2.3 10.9382
    endloop
  endfacet
  facet normal 0.831442 0.555611 0
    outer loop
      vertex 2.08038 2.3 9.58127
      vertex 2.12399 2.23474 10.9207
      vertex 2.12399 2.23474 9.58127
    endloop
  endfacet
  facet normal -0.442212 0.89691 0
    outer loop
      vertex 22.75 2.08038 2
      vertex 22.6796 2.04567 7.04261
      vertex 22.75 2.08038 7.04261
    endloop
  endfacet
  facet normal -0.442212 0.89691 0
    outer loop
      vertex 22.6796 2.04567 7.04261
      vertex 22.75 2.08038 2
      vertex 22.6796 2.04567 2
    endloop
  endfacet
  facet normal -0.442212 0.89691 0
    outer loop
      vertex 22.75 2.08038 9.58127
      vertex 22.6796 2.04567 10.8701
      vertex 22.75 2.08038 10.8794
    endloop
  endfacet
  facet normal -0.442212 0.89691 0
    outer loop
      vertex 22.6796 2.04567 10.8701
      vertex 22.75 2.08038 9.58127
      vertex 22.6796 2.04567 9.58127
    endloop
  endfacet
  facet normal 8.70079e-05 -0.258977 0.965883
    outer loop
      vertex 22.926 20.2753 15.7547
      vertex 25.05 21.01 15.9515
      vertex 25.0372 21.2058 16.004
    endloop
  endfacet
  facet normal 2.16108e-05 -0.25882 0.965926
    outer loop
      vertex 25.05 21.01 15.9515
      vertex 23.05 19.91 15.6568
      vertex 25.05 1.5 10.7238
    endloop
  endfacet
  facet normal 0.00010598 -0.259018 0.965873
    outer loop
      vertex 22.926 20.2753 15.7547
      vertex 25.0372 21.2058 16.004
      vertex 24.9989 21.3982 16.0556
    endloop
  endfacet
  facet normal 2.7008e-05 -0.258819 0.965926
    outer loop
      vertex 23.05 2.6 11.0186
      vertex 25.05 1.5 10.7238
      vertex 23.05 19.91 15.6568
    endloop
  endfacet
  facet normal -0.000209918 -0.258473 0.966018
    outer loop
      vertex 22.926 20.2753 15.7547
      vertex 24.9989 21.3982 16.0556
      vertex 24.9358 21.584 16.1053
    endloop
  endfacet
  facet normal -6.70552e-05 -0.258979 0.965883
    outer loop
      vertex 23.0449 2.52168 10.9976
      vertex 25.05 1.5 10.7238
      vertex 23.05 2.6 11.0186
    endloop
  endfacet
  facet normal 0.000125096 -0.258971 0.965885
    outer loop
      vertex 22.8743 20.3343 15.7705
      vertex 24.9358 21.584 16.1053
      vertex 24.849 21.76 16.1525
    endloop
  endfacet
  facet normal 0.000157877 -0.258567 0.965993
    outer loop
      vertex 23.0296 2.44471 10.977
      vertex 25.05 1.5 10.7238
      vertex 23.0449 2.52168 10.9976
    endloop
  endfacet
  facet normal -2.24552e-06 -0.258807 0.965929
    outer loop
      vertex 22.8743 20.3343 15.7705
      vertex 24.849 21.76 16.1525
      vertex 24.74 21.9231 16.1962
    endloop
  endfacet
  facet normal 0.000100422 -0.258681 0.965963
    outer loop
      vertex 23.0043 2.37039 10.9571
      vertex 25.05 1.5 10.7238
      vertex 23.0296 2.44471 10.977
    endloop
  endfacet
  facet normal -0.000152126 -0.258642 0.965973
    outer loop
      vertex 22.8743 20.3343 15.7705
      vertex 24.74 21.9231 16.1962
      vertex 24.6107 22.0707 16.2357
    endloop
  endfacet
  facet normal -0.000157369 -0.259247 0.965811
    outer loop
      vertex 22.9696 2.3 10.9382
      vertex 25.05 1.5 10.7238
      vertex 23.0043 2.37039 10.9571
    endloop
  endfacet
  facet normal 0.000206351 -0.258977 0.965884
    outer loop
      vertex 22.8743 20.3343 15.7705
      vertex 24.6107 22.0707 16.2357
      vertex 24.4631 22.2 16.2704
    endloop
  endfacet
  facet normal -4.673e-05 -0.258978 0.965883
    outer loop
      vertex 22.926 2.23474 10.9207
      vertex 25.05 1.5 10.7238
      vertex 22.9696 2.3 10.9382
    endloop
  endfacet
  facet normal -2.15652e-05 -0.258796 0.965932
    outer loop
      vertex 22.8743 20.3343 15.7705
      vertex 24.4631 22.2 16.2704
      vertex 24.3 22.309 16.2996
    endloop
  endfacet
  facet normal 0.00011511 -0.258542 0.966
    outer loop
      vertex 25.05 1.5 10.7238
      vertex 22.926 2.23474 10.9207
      vertex 25.0372 1.30421 10.6714
    endloop
  endfacet
  facet normal 0.000173444 -0.258927 0.965897
    outer loop
      vertex 22.8743 20.3343 15.7705
      vertex 24.3 22.309 16.2996
      vertex 24.124 22.3958 16.3229
    endloop
  endfacet
  facet normal -8.75489e-05 -0.258971 0.965885
    outer loop
      vertex 25.0372 1.30421 10.6714
      vertex 22.926 2.23474 10.9207
      vertex 24.9989 1.11177 10.6198
    endloop
  endfacet
  facet normal -3.57401e-05 -0.258809 0.965929
    outer loop
      vertex 22.8743 20.3343 15.7705
      vertex 24.124 22.3958 16.3229
      vertex 23.9382 22.4589 16.3398
    endloop
  endfacet
  facet normal -3.8532e-05 -0.258886 0.965908
    outer loop
      vertex 24.9989 1.11177 10.6198
      vertex 22.926 2.23474 10.9207
      vertex 24.9358 0.925975 10.57
    endloop
  endfacet
  facet normal -0.000288738 -0.258703 0.965957
    outer loop
      vertex 22.8153 20.386 15.7843
      vertex 23.9382 22.4589 16.3398
      vertex 23.7458 22.4972 16.35
    endloop
  endfacet
  facet normal 6.64551e-05 -0.258736 0.965948
    outer loop
      vertex 22.8743 2.17574 10.9049
      vertex 24.9358 0.925975 10.57
      vertex 22.926 2.23474 10.9207
    endloop
  endfacet
  facet normal 0.000336677 -0.25896 0.965888
    outer loop
      vertex 22.8153 20.386 15.7843
      vertex 23.7458 22.4972 16.35
      vertex 23.55 22.51 16.3535
    endloop
  endfacet
  facet normal 0.000143684 -0.258617 0.96598
    outer loop
      vertex 24.9358 0.925975 10.57
      vertex 22.8743 2.17574 10.9049
      vertex 24.849 0.75 10.5229
    endloop
  endfacet
  facet normal 3.11609e-05 -0.258762 0.965941
    outer loop
      vertex 24.849 0.75 10.5229
      vertex 22.8743 2.17574 10.9049
      vertex 24.74 0.586858 10.4792
    endloop
  endfacet
  facet normal 0.000148801 -0.259035 0.965868
    outer loop
      vertex 25.05 21.01 15.9515
      vertex 23.0449 19.9883 15.6778
      vertex 23.05 19.91 15.6568
    endloop
  endfacet
  facet normal -0.000158404 -0.258473 0.966019
    outer loop
      vertex 25.05 21.01 15.9515
      vertex 23.0296 20.0653 15.6984
      vertex 23.0449 19.9883 15.6778
    endloop
  endfacet
  facet normal -3.21953e-05 -0.258725 0.965951
    outer loop
      vertex 25.05 21.01 15.9515
      vertex 23.0043 20.1396 15.7183
      vertex 23.0296 20.0653 15.6984
    endloop
  endfacet
  facet normal 0.000184494 -0.2592 0.965824
    outer loop
      vertex 25.05 21.01 15.9515
      vertex 22.9696 20.21 15.7372
      vertex 23.0043 20.1396 15.7183
    endloop
  endfacet
  facet normal 3.51336e-05 -0.258837 0.965921
    outer loop
      vertex 25.05 21.01 15.9515
      vertex 22.926 20.2753 15.7547
      vertex 22.9696 20.21 15.7372
    endloop
  endfacet
  facet normal -4.11821e-05 -0.258715 0.965954
    outer loop
      vertex 24.9358 21.584 16.1053
      vertex 22.8743 20.3343 15.7705
      vertex 22.926 20.2753 15.7547
    endloop
  endfacet
  facet normal -0.000607007 -0.258542 0.966
    outer loop
      vertex 23.9382 22.4589 16.3398
      vertex 22.8153 20.386 15.7843
      vertex 22.8743 20.3343 15.7705
    endloop
  endfacet
  facet normal 0.000190544 -0.258913 0.965901
    outer loop
      vertex 23.55 22.51 16.3535
      vertex 22.75 20.4296 15.796
      vertex 22.8153 20.386 15.7843
    endloop
  endfacet
  facet normal 1.36943e-05 -0.258849 0.965918
    outer loop
      vertex 23.55 22.51 16.3535
      vertex 22.6796 20.4643 15.8053
      vertex 22.75 20.4296 15.796
    endloop
  endfacet
  facet normal 0.000229239 -0.258935 0.965895
    outer loop
      vertex 23.55 22.51 16.3535
      vertex 22.6053 20.4896 15.8121
      vertex 22.6796 20.4643 15.8053
    endloop
  endfacet
  facet normal 1.24983e-06 -0.258835 0.965921
    outer loop
      vertex 23.55 22.51 16.3535
      vertex 22.5283 20.5049 15.8162
      vertex 22.6053 20.4896 15.8121
    endloop
  endfacet
  facet normal 0.000398412 -0.259024 0.965871
    outer loop
      vertex 23.55 22.51 16.3535
      vertex 22.45 20.51 15.8176
      vertex 22.5283 20.5049 15.8162
    endloop
  endfacet
  facet normal 0 -0.25882 0.965926
    outer loop
      vertex 23.55 22.51 16.3535
      vertex 2.6 20.51 15.8176
      vertex 22.45 20.51 15.8176
    endloop
  endfacet
  facet normal 0 -0.25882 0.965926
    outer loop
      vertex 1.5 22.51 16.3535
      vertex 2.6 20.51 15.8176
      vertex 23.55 22.51 16.3535
    endloop
  endfacet
  facet normal 0.000152087 -0.258642 0.965973
    outer loop
      vertex 0.30997 21.9231 16.1962
      vertex 2.17574 20.3343 15.7705
      vertex 0.43934 22.0707 16.2357
    endloop
  endfacet
  facet normal -0.000206412 -0.258977 0.965884
    outer loop
      vertex 0.43934 22.0707 16.2357
      vertex 2.17574 20.3343 15.7705
      vertex 0.586858 22.2 16.2704
    endloop
  endfacet
  facet normal 2.15612e-05 -0.258796 0.965932
    outer loop
      vertex 0.586858 22.2 16.2704
      vertex 2.17574 20.3343 15.7705
      vertex 0.75 22.309 16.2996
    endloop
  endfacet
  facet normal -0.000173461 -0.258927 0.965897
    outer loop
      vertex 0.75 22.309 16.2996
      vertex 2.17574 20.3343 15.7705
      vertex 0.925975 22.3958 16.3229
    endloop
  endfacet
  facet normal 3.57405e-05 -0.258809 0.965929
    outer loop
      vertex 0.925975 22.3958 16.3229
      vertex 2.17574 20.3343 15.7705
      vertex 1.11177 22.4589 16.3398
    endloop
  endfacet
  facet normal 0.000606995 -0.258542 0.966
    outer loop
      vertex 2.23474 20.386 15.7843
      vertex 1.11177 22.4589 16.3398
      vertex 2.17574 20.3343 15.7705
    endloop
  endfacet
  facet normal 0.000288682 -0.258703 0.965957
    outer loop
      vertex 1.11177 22.4589 16.3398
      vertex 2.23474 20.386 15.7843
      vertex 1.30421 22.4972 16.35
    endloop
  endfacet
  facet normal -0.000336694 -0.25896 0.965888
    outer loop
      vertex 1.30421 22.4972 16.35
      vertex 2.23474 20.386 15.7843
      vertex 1.5 22.51 16.3535
    endloop
  endfacet
  facet normal -0.000190637 -0.258913 0.965901
    outer loop
      vertex 2.3 20.4296 15.796
      vertex 1.5 22.51 16.3535
      vertex 2.23474 20.386 15.7843
    endloop
  endfacet
  facet normal -1.36959e-05 -0.258849 0.965918
    outer loop
      vertex 2.37039 20.4643 15.8053
      vertex 1.5 22.51 16.3535
      vertex 2.3 20.4296 15.796
    endloop
  endfacet
  facet normal -0.000229186 -0.258935 0.965895
    outer loop
      vertex 2.44471 20.4896 15.8121
      vertex 1.5 22.51 16.3535
      vertex 2.37039 20.4643 15.8053
    endloop
  endfacet
  facet normal -1.25028e-06 -0.258835 0.965921
    outer loop
      vertex 2.52168 20.5049 15.8162
      vertex 1.5 22.51 16.3535
      vertex 2.44471 20.4896 15.8121
    endloop
  endfacet
  facet normal -0.000398314 -0.259024 0.965871
    outer loop
      vertex 2.6 20.51 15.8176
      vertex 1.5 22.51 16.3535
      vertex 2.52168 20.5049 15.8162
    endloop
  endfacet
  facet normal -0.000243772 -0.259064 0.96586
    outer loop
      vertex 24.74 0.586858 10.4792
      vertex 22.8743 2.17574 10.9049
      vertex 24.6107 0.43934 10.4396
    endloop
  endfacet
  facet normal 0.000233839 -0.258618 0.96598
    outer loop
      vertex 24.6107 0.43934 10.4396
      vertex 22.8743 2.17574 10.9049
      vertex 24.4631 0.30997 10.405
    endloop
  endfacet
  facet normal 2.65305e-05 -0.258783 0.965936
    outer loop
      vertex 24.4631 0.30997 10.405
      vertex 22.8743 2.17574 10.9049
      vertex 24.3 0.200961 10.3758
    endloop
  endfacet
  facet normal -0.000198909 -0.258935 0.965895
    outer loop
      vertex 24.3 0.200961 10.3758
      vertex 22.8743 2.17574 10.9049
      vertex 24.124 0.114181 10.3525
    endloop
  endfacet
  facet normal -1.23305e-06 -0.258823 0.965925
    outer loop
      vertex 24.124 0.114181 10.3525
      vertex 22.8743 2.17574 10.9049
      vertex 23.9382 0.0511112 10.3356
    endloop
  endfacet
  facet normal -0.000380469 -0.259 0.965877
    outer loop
      vertex 22.8153 2.12399 10.891
      vertex 23.9382 0.0511112 10.3356
      vertex 22.8743 2.17574 10.9049
    endloop
  endfacet
  facet normal 0.00025487 -0.258679 0.965963
    outer loop
      vertex 23.9382 0.0511112 10.3356
      vertex 22.8153 2.12399 10.891
      vertex 23.7458 0.0128326 10.3254
    endloop
  endfacet
  facet normal -0.000297358 -0.258906 0.965902
    outer loop
      vertex 23.7458 0.0128326 10.3254
      vertex 22.8153 2.12399 10.891
      vertex 23.55 0 10.3219
    endloop
  endfacet
  facet normal 0.00101937 -0.258481 0.966016
    outer loop
      vertex 22.75 2.08038 10.8794
      vertex 23.55 0 10.3219
      vertex 22.8153 2.12399 10.891
    endloop
  endfacet
  facet normal 1.82454e-05 -0.25884 0.96592
    outer loop
      vertex 22.6796 2.04567 10.8701
      vertex 23.55 0 10.3219
      vertex 22.75 2.08038 10.8794
    endloop
  endfacet
  facet normal -0.000441255 -0.259023 0.965871
    outer loop
      vertex 22.6053 2.02044 10.8633
      vertex 23.55 0 10.3219
      vertex 22.6796 2.04567 10.8701
    endloop
  endfacet
  facet normal 2.85738e-05 -0.258818 0.965926
    outer loop
      vertex 22.5283 2.00513 10.8592
      vertex 23.55 0 10.3219
      vertex 22.6053 2.02044 10.8633
    endloop
  endfacet
  facet normal -0.000302625 -0.258975 0.965884
    outer loop
      vertex 22.45 2 10.8578
      vertex 23.55 0 10.3219
      vertex 22.5283 2.00513 10.8592
    endloop
  endfacet
  facet normal 0 -0.25882 0.965926
    outer loop
      vertex 2.6 2 10.8578
      vertex 23.55 0 10.3219
      vertex 22.45 2 10.8578
    endloop
  endfacet
  facet normal 0.00030255 -0.258975 0.965884
    outer loop
      vertex 1.5 0 10.3219
      vertex 2.6 2 10.8578
      vertex 2.52168 2.00513 10.8592
    endloop
  endfacet
  facet normal 0 -0.25882 0.965926
    outer loop
      vertex 2.6 2 10.8578
      vertex 1.5 0 10.3219
      vertex 23.55 0 10.3219
    endloop
  endfacet
  facet normal -2.8584e-05 -0.258818 0.965926
    outer loop
      vertex 2.44471 2.02044 10.8633
      vertex 1.5 0 10.3219
      vertex 2.52168 2.00513 10.8592
    endloop
  endfacet
  facet normal 0.000441152 -0.259023 0.965871
    outer loop
      vertex 2.37039 2.04567 10.8701
      vertex 1.5 0 10.3219
      vertex 2.44471 2.02044 10.8633
    endloop
  endfacet
  facet normal -1.82476e-05 -0.25884 0.96592
    outer loop
      vertex 2.3 2.08038 10.8794
      vertex 1.5 0 10.3219
      vertex 2.37039 2.04567 10.8701
    endloop
  endfacet
  facet normal -0.00101987 -0.258481 0.966016
    outer loop
      vertex 2.23474 2.12399 10.891
      vertex 1.5 0 10.3219
      vertex 2.3 2.08038 10.8794
    endloop
  endfacet
  facet normal 0.000380461 -0.259 0.965877
    outer loop
      vertex 1.11177 0.0511112 10.3356
      vertex 2.23474 2.12399 10.891
      vertex 2.17574 2.17574 10.9049
    endloop
  endfacet
  facet normal -6.64316e-05 -0.258736 0.965948
    outer loop
      vertex 0.114181 0.925975 10.57
      vertex 2.17574 2.17574 10.9049
      vertex 2.12399 2.23474 10.9207
    endloop
  endfacet
  facet normal 4.67282e-05 -0.258978 0.965883
    outer loop
      vertex 0 1.5 10.7238
      vertex 2.12399 2.23474 10.9207
      vertex 2.08038 2.3 10.9382
    endloop
  endfacet
  facet normal 0.000157363 -0.259247 0.965811
    outer loop
      vertex 0 1.5 10.7238
      vertex 2.08038 2.3 10.9382
      vertex 2.04567 2.37039 10.9571
    endloop
  endfacet
  facet normal -0.000100458 -0.258681 0.965963
    outer loop
      vertex 0 1.5 10.7238
      vertex 2.04567 2.37039 10.9571
      vertex 2.02044 2.44471 10.977
    endloop
  endfacet
  facet normal -0.000157865 -0.258567 0.965993
    outer loop
      vertex 0 1.5 10.7238
      vertex 2.02044 2.44471 10.977
      vertex 2.00513 2.52168 10.9976
    endloop
  endfacet
  facet normal 6.70416e-05 -0.258979 0.965883
    outer loop
      vertex 0 1.5 10.7238
      vertex 2.00513 2.52168 10.9976
      vertex 2 2.6 11.0186
    endloop
  endfacet
  facet normal -2.12883e-05 -0.258819 0.965926
    outer loop
      vertex 2 19.91 15.6568
      vertex 0 21.01 15.9515
      vertex 2 2.6 11.0186
    endloop
  endfacet
  facet normal 2.2454e-06 -0.258807 0.965929
    outer loop
      vertex 0.200961 21.76 16.1525
      vertex 2.17574 20.3343 15.7705
      vertex 0.30997 21.9231 16.1962
    endloop
  endfacet
  facet normal -2.66855e-05 -0.25882 0.965926
    outer loop
      vertex 0 1.5 10.7238
      vertex 2 2.6 11.0186
      vertex 0 21.01 15.9515
    endloop
  endfacet
  facet normal -0.0001251 -0.258971 0.965885
    outer loop
      vertex 0.114181 21.584 16.1053
      vertex 2.17574 20.3343 15.7705
      vertex 0.200961 21.76 16.1525
    endloop
  endfacet
  facet normal -0.000115104 -0.258542 0.966
    outer loop
      vertex 2.12399 2.23474 10.9207
      vertex 0 1.5 10.7238
      vertex 0.0128326 1.30421 10.6714
    endloop
  endfacet
  facet normal 4.11675e-05 -0.258715 0.965954
    outer loop
      vertex 2.17574 20.3343 15.7705
      vertex 0.114181 21.584 16.1053
      vertex 2.12399 20.2753 15.7547
    endloop
  endfacet
  facet normal 0.000297372 -0.258906 0.965902
    outer loop
      vertex 2.23474 2.12399 10.891
      vertex 1.30421 0.0128326 10.3254
      vertex 1.5 0 10.3219
    endloop
  endfacet
  facet normal 0.000209936 -0.258473 0.966018
    outer loop
      vertex 0.0511112 21.3982 16.0556
      vertex 2.12399 20.2753 15.7547
      vertex 0.114181 21.584 16.1053
    endloop
  endfacet
  facet normal -0.000254821 -0.258679 0.965963
    outer loop
      vertex 2.23474 2.12399 10.891
      vertex 1.11177 0.0511112 10.3356
      vertex 1.30421 0.0128326 10.3254
    endloop
  endfacet
  facet normal -0.000105987 -0.259018 0.965873
    outer loop
      vertex 0.0128326 21.2058 16.004
      vertex 2.12399 20.2753 15.7547
      vertex 0.0511112 21.3982 16.0556
    endloop
  endfacet
  facet normal 1.23306e-06 -0.258823 0.965925
    outer loop
      vertex 2.17574 2.17574 10.9049
      vertex 0.925975 0.114181 10.3525
      vertex 1.11177 0.0511112 10.3356
    endloop
  endfacet
  facet normal -8.70034e-05 -0.258977 0.965883
    outer loop
      vertex 0 21.01 15.9515
      vertex 2.12399 20.2753 15.7547
      vertex 0.0128326 21.2058 16.004
    endloop
  endfacet
  facet normal 0.000198929 -0.258935 0.965895
    outer loop
      vertex 2.17574 2.17574 10.9049
      vertex 0.75 0.200961 10.3758
      vertex 0.925975 0.114181 10.3525
    endloop
  endfacet
  facet normal -3.51323e-05 -0.258837 0.965921
    outer loop
      vertex 2.12399 20.2753 15.7547
      vertex 0 21.01 15.9515
      vertex 2.08038 20.21 15.7372
    endloop
  endfacet
  facet normal -2.65257e-05 -0.258783 0.965936
    outer loop
      vertex 2.17574 2.17574 10.9049
      vertex 0.586858 0.30997 10.405
      vertex 0.75 0.200961 10.3758
    endloop
  endfacet
  facet normal -0.000184487 -0.2592 0.965824
    outer loop
      vertex 2.08038 20.21 15.7372
      vertex 0 21.01 15.9515
      vertex 2.04567 20.1396 15.7183
    endloop
  endfacet
  facet normal -0.000233908 -0.258618 0.96598
    outer loop
      vertex 2.17574 2.17574 10.9049
      vertex 0.43934 0.43934 10.4396
      vertex 0.586858 0.30997 10.405
    endloop
  endfacet
  facet normal 3.2207e-05 -0.258725 0.965951
    outer loop
      vertex 2.04567 20.1396 15.7183
      vertex 0 21.01 15.9515
      vertex 2.02044 20.0653 15.6984
    endloop
  endfacet
  facet normal 0.00024371 -0.259064 0.96586
    outer loop
      vertex 2.17574 2.17574 10.9049
      vertex 0.30997 0.586858 10.4792
      vertex 0.43934 0.43934 10.4396
    endloop
  endfacet
  facet normal 0.000158392 -0.258473 0.966019
    outer loop
      vertex 2.02044 20.0653 15.6984
      vertex 0 21.01 15.9515
      vertex 2.00513 19.9883 15.6778
    endloop
  endfacet
  facet normal -3.11593e-05 -0.258762 0.965941
    outer loop
      vertex 2.17574 2.17574 10.9049
      vertex 0.200961 0.75 10.5229
      vertex 0.30997 0.586858 10.4792
    endloop
  endfacet
  facet normal -0.000148771 -0.259035 0.965868
    outer loop
      vertex 2.00513 19.9883 15.6778
      vertex 0 21.01 15.9515
      vertex 2 19.91 15.6568
    endloop
  endfacet
  facet normal -0.000143688 -0.258617 0.96598
    outer loop
      vertex 2.17574 2.17574 10.9049
      vertex 0.114181 0.925975 10.57
      vertex 0.200961 0.75 10.5229
    endloop
  endfacet
  facet normal 3.85352e-05 -0.258886 0.965908
    outer loop
      vertex 2.12399 2.23474 10.9207
      vertex 0.0511112 1.11177 10.6198
      vertex 0.114181 0.925975 10.57
    endloop
  endfacet
  facet normal 8.75545e-05 -0.258971 0.965885
    outer loop
      vertex 2.12399 2.23474 10.9207
      vertex 0.0128326 1.30421 10.6714
      vertex 0.0511112 1.11177 10.6198
    endloop
  endfacet
  facet normal 1 0 0
    outer loop
      vertex 1 1 9.03695
      vertex 1 0.765861 8.97422
      vertex 1 1 8.1004
    endloop
  endfacet
  facet normal 1 -0 0
    outer loop
      vertex 1 1 9.58127
      vertex 1 2.30448 9.38649
      vertex 1 2.30448 9.58127
    endloop
  endfacet
  facet normal 1 0 0
    outer loop
      vertex 1 2.30448 9.38649
      vertex 1 1 8.1004
      vertex 1 2.30448 7.52299
    endloop
  endfacet
  facet normal 1 0 0
    outer loop
      vertex 1 2.30448 9.38649
      vertex 1 1 9.58127
      vertex 1 1 9.03695
    endloop
  endfacet
  facet normal 1 0 0
    outer loop
      vertex 1 2.30448 9.38649
      vertex 1 1 9.03695
      vertex 1 1 8.1004
    endloop
  endfacet
  facet normal 1 0 0
    outer loop
      vertex 1 1 7.04261
      vertex 1 2.30448 7.52299
      vertex 1 1 8.1004
    endloop
  endfacet
  facet normal 1 0 0
    outer loop
      vertex 1 2.30448 7.52299
      vertex 1 1 7.04261
      vertex 1 2.30448 7.04261
    endloop
  endfacet
  facet normal 1 -0 0
    outer loop
      vertex 1 18.6451 13.765
      vertex 1 22.4209 12.9132
      vertex 1 22.4209 14.7767
    endloop
  endfacet
  facet normal 1 0 0
    outer loop
      vertex 1 22.4209 12.9132
      vertex 1 18.6451 13.765
      vertex 1 19.4122 12.107
    endloop
  endfacet
  facet normal 1 0 -0
    outer loop
      vertex 1 19.111 12.0263
      vertex 1 19.4122 12.107
      vertex 1 18.6451 13.765
    endloop
  endfacet
  facet normal 1 0 0
    outer loop
      vertex 1 2.30448 9.38649
      vertex 1 19.111 12.0263
      vertex 1 18.6451 13.765
    endloop
  endfacet
  facet normal 1 0 0
    outer loop
      vertex 1 19.111 12.0263
      vertex 1 2.30448 9.38649
      vertex 1 2.30448 7.52299
    endloop
  endfacet
  facet normal 0 0.258791 -0.965933
    outer loop
      vertex 1 0.765861 8.97422
      vertex 2 1 9.03695
      vertex 2 0.765861 8.97422
    endloop
  endfacet
  facet normal 0 0.258791 -0.965933
    outer loop
      vertex 2 1 9.03695
      vertex 1 0.765861 8.97422
      vertex 1 1 9.03695
    endloop
  endfacet
  facet normal 0 0.258806 -0.965929
    outer loop
      vertex 1 2.30448 9.38649
      vertex 2 2.6 9.46567
      vertex 2 2.30448 9.38649
    endloop
  endfacet
  facet normal -5.14177e-06 0.258822 -0.965925
    outer loop
      vertex 1 18.6451 13.765
      vertex 2 2.6 9.46567
      vertex 1 2.30448 9.38649
    endloop
  endfacet
  facet normal 0 0.258822 -0.965925
    outer loop
      vertex 2 2.6 9.46567
      vertex 1 18.6451 13.765
      vertex 2 18.6451 13.765
    endloop
  endfacet
  facet normal 0 0.263117 -0.964764
    outer loop
      vertex 2 22.5089 14.8002
      vertex 1.5 22.51 14.8005
      vertex 2 22.51 14.8005
    endloop
  endfacet
  facet normal 0 0.263117 -0.964764
    outer loop
      vertex 1.5 22.51 14.8005
      vertex 2 22.5089 14.8002
      vertex 1.48248 22.5089 14.8002
    endloop
  endfacet
  facet normal 0 0.965926 0.258819
    outer loop
      vertex 2 1 8.1004
      vertex 1 0.765861 8.97422
      vertex 2 0.765861 8.97422
    endloop
  endfacet
  facet normal 0 0.965926 0.258819
    outer loop
      vertex 1 0.765861 8.97422
      vertex 2 1 8.1004
      vertex 1 1 8.1004
    endloop
  endfacet
  facet normal 0 -0.258796 0.965932
    outer loop
      vertex 1.5 22.51 12.937
      vertex 2 19.91 12.2404
      vertex 2 22.51 12.937
    endloop
  endfacet
  facet normal 0.000134386 -0.258771 0.965939
    outer loop
      vertex 1 22.4209 12.9132
      vertex 2 19.91 12.2404
      vertex 1.5 22.51 12.937
    endloop
  endfacet
  facet normal 0.000148672 -0.258846 0.965919
    outer loop
      vertex 1 22.4209 12.9132
      vertex 1.5 22.51 12.937
      vertex 1.30421 22.4972 12.9336
    endloop
  endfacet
  facet normal -0.00145831 -0.252862 0.967501
    outer loop
      vertex 1 22.4209 12.9132
      vertex 1.30421 22.4972 12.9336
      vertex 1.11177 22.4589 12.9233
    endloop
  endfacet
  facet normal -1.09861e-05 -0.258825 0.965924
    outer loop
      vertex 1 19.4122 12.107
      vertex 2 19.91 12.2404
      vertex 1 22.4209 12.9132
    endloop
  endfacet
  facet normal 0 -0.258846 0.965919
    outer loop
      vertex 2 19.91 12.2404
      vertex 1 19.4122 12.107
      vertex 2 19.4122 12.107
    endloop
  endfacet
  facet normal 0 -0.25882 0.965926
    outer loop
      vertex 1 19.111 12.0263
      vertex 2 2.6 7.60218
      vertex 2 19.111 12.0263
    endloop
  endfacet
  facet normal -5.18108e-06 -0.25882 0.965926
    outer loop
      vertex 1 2.30448 7.52299
      vertex 2 2.6 7.60218
      vertex 1 19.111 12.0263
    endloop
  endfacet
  facet normal 0 -0.258836 0.965921
    outer loop
      vertex 2 2.6 7.60218
      vertex 1 2.30448 7.52299
      vertex 2 2.30448 7.52299
    endloop
  endfacet
  facet normal 0 0.258791 -0.965933
    outer loop
      vertex 23.05 0.765861 8.97422
      vertex 24.05 1 9.03695
      vertex 24.05 0.765861 8.97422
    endloop
  endfacet
  facet normal 0 0.258791 -0.965933
    outer loop
      vertex 24.05 1 9.03695
      vertex 23.05 0.765861 8.97422
      vertex 23.05 1 9.03695
    endloop
  endfacet
  facet normal 0 0.258806 -0.965929
    outer loop
      vertex 23.05 2.6 9.46567
      vertex 24.05 2.30448 9.38649
      vertex 23.05 2.30448 9.38649
    endloop
  endfacet
  facet normal 5.14177e-06 0.258822 -0.965925
    outer loop
      vertex 24.05 2.30448 9.38649
      vertex 23.05 2.6 9.46567
      vertex 24.05 18.6451 13.765
    endloop
  endfacet
  facet normal 0 0.258822 -0.965925
    outer loop
      vertex 24.05 18.6451 13.765
      vertex 23.05 2.6 9.46567
      vertex 23.05 18.6451 13.765
    endloop
  endfacet
  facet normal 0 0.263117 -0.964764
    outer loop
      vertex 23.05 22.5089 14.8002
      vertex 23.55 22.51 14.8005
      vertex 23.5675 22.5089 14.8002
    endloop
  endfacet
  facet normal 0 0.263117 -0.964764
    outer loop
      vertex 23.55 22.51 14.8005
      vertex 23.05 22.5089 14.8002
      vertex 23.05 22.51 14.8005
    endloop
  endfacet
  facet normal -1 0 0
    outer loop
      vertex 24.05 1 8.1004
      vertex 24.05 0.765861 8.97422
      vertex 24.05 1 9.03695
    endloop
  endfacet
  facet normal -1 0 0
    outer loop
      vertex 24.05 1 7.04261
      vertex 24.05 2.30448 7.52299
      vertex 24.05 2.30448 7.04261
    endloop
  endfacet
  facet normal -1 0 0
    outer loop
      vertex 24.05 2.30448 7.52299
      vertex 24.05 1 8.1004
      vertex 24.05 2.30448 9.38649
    endloop
  endfacet
  facet normal -1 -0 0
    outer loop
      vertex 24.05 2.30448 7.52299
      vertex 24.05 1 7.04261
      vertex 24.05 1 8.1004
    endloop
  endfacet
  facet normal -1 0 0
    outer loop
      vertex 24.05 1 9.03695
      vertex 24.05 2.30448 9.38649
      vertex 24.05 1 8.1004
    endloop
  endfacet
  facet normal -1 0 0
    outer loop
      vertex 24.05 1 9.58127
      vertex 24.05 2.30448 9.38649
      vertex 24.05 1 9.03695
    endloop
  endfacet
  facet normal -1 0 0
    outer loop
      vertex 24.05 2.30448 9.38649
      vertex 24.05 1 9.58127
      vertex 24.05 2.30448 9.58127
    endloop
  endfacet
  facet normal -1 0 0
    outer loop
      vertex 24.05 18.6451 13.765
      vertex 24.05 22.4209 12.9132
      vertex 24.05 19.4122 12.107
    endloop
  endfacet
  facet normal -1 -0 0
    outer loop
      vertex 24.05 19.4122 12.107
      vertex 24.05 19.111 12.0263
      vertex 24.05 18.6451 13.765
    endloop
  endfacet
  facet normal -1 0 0
    outer loop
      vertex 24.05 22.4209 12.9132
      vertex 24.05 18.6451 13.765
      vertex 24.05 22.4209 14.7767
    endloop
  endfacet
  facet normal -1 0 0
    outer loop
      vertex 24.05 2.30448 9.38649
      vertex 24.05 19.111 12.0263
      vertex 24.05 2.30448 7.52299
    endloop
  endfacet
  facet normal -1 -0 0
    outer loop
      vertex 24.05 19.111 12.0263
      vertex 24.05 2.30448 9.38649
      vertex 24.05 18.6451 13.765
    endloop
  endfacet
  facet normal 0 0.965926 0.258819
    outer loop
      vertex 24.05 1 8.1004
      vertex 23.05 0.765861 8.97422
      vertex 24.05 0.765861 8.97422
    endloop
  endfacet
  facet normal 0 0.965926 0.258819
    outer loop
      vertex 23.05 0.765861 8.97422
      vertex 24.05 1 8.1004
      vertex 23.05 1 8.1004
    endloop
  endfacet
  facet normal 0.00145959 -0.252858 0.967502
    outer loop
      vertex 23.7458 22.4972 12.9336
      vertex 24.05 22.4209 12.9132
      vertex 23.9382 22.4589 12.9233
    endloop
  endfacet
  facet normal -0.000129096 -0.258773 0.965938
    outer loop
      vertex 24.05 22.4209 12.9132
      vertex 23.7458 22.4972 12.9336
      vertex 23.05 19.91 12.2404
    endloop
  endfacet
  facet normal -0.000143313 -0.25877 0.965939
    outer loop
      vertex 23.05 19.91 12.2404
      vertex 23.7458 22.4972 12.9336
      vertex 23.55 22.51 12.937
    endloop
  endfacet
  facet normal 0 -0.258796 0.965932
    outer loop
      vertex 23.05 19.91 12.2404
      vertex 23.55 22.51 12.937
      vertex 23.05 22.51 12.937
    endloop
  endfacet
  facet normal 1.09861e-05 -0.258825 0.965924
    outer loop
      vertex 24.05 22.4209 12.9132
      vertex 23.05 19.91 12.2404
      vertex 24.05 19.4122 12.107
    endloop
  endfacet
  facet normal 0 -0.258846 0.965919
    outer loop
      vertex 24.05 19.4122 12.107
      vertex 23.05 19.91 12.2404
      vertex 23.05 19.4122 12.107
    endloop
  endfacet
  facet normal 0 -0.25882 0.965926
    outer loop
      vertex 23.05 2.6 7.60218
      vertex 24.05 19.111 12.0263
      vertex 23.05 19.111 12.0263
    endloop
  endfacet
  facet normal 5.18108e-06 -0.25882 0.965926
    outer loop
      vertex 24.05 19.111 12.0263
      vertex 23.05 2.6 7.60218
      vertex 24.05 2.30448 7.52299
    endloop
  endfacet
  facet normal 0 -0.258836 0.965921
    outer loop
      vertex 24.05 2.30448 7.52299
      vertex 23.05 2.6 7.60218
      vertex 23.05 2.30448 7.52299
    endloop
  endfacet
  facet normal 0 0 -1
    outer loop
      vertex 22.926 2.23474 9.58127
      vertex 24.05 2.30448 9.58127
      vertex 24.05 1 9.58127
    endloop
  endfacet
  facet normal -0 0 -1
    outer loop
      vertex 24.05 2.30448 9.58127
      vertex 22.9696 2.3 9.58127
      vertex 22.9718 2.30448 9.58127
    endloop
  endfacet
  facet normal 0 0 -1
    outer loop
      vertex 24.05 2.30448 9.58127
      vertex 22.926 2.23474 9.58127
      vertex 22.9696 2.3 9.58127
    endloop
  endfacet
  facet normal 0 0 -1
    outer loop
      vertex 24.05 1 9.58127
      vertex 22.8743 2.17574 9.58127
      vertex 22.926 2.23474 9.58127
    endloop
  endfacet
  facet normal 0 0 -1
    outer loop
      vertex 24.05 1 9.58127
      vertex 22.8153 2.12399 9.58127
      vertex 22.8743 2.17574 9.58127
    endloop
  endfacet
  facet normal 0 0 -1
    outer loop
      vertex 24.05 1 9.58127
      vertex 22.75 2.08038 9.58127
      vertex 22.8153 2.12399 9.58127
    endloop
  endfacet
  facet normal 0 0 -1
    outer loop
      vertex 24.05 1 9.58127
      vertex 22.6796 2.04567 9.58127
      vertex 22.75 2.08038 9.58127
    endloop
  endfacet
  facet normal 0 0 -1
    outer loop
      vertex 24.05 1 9.58127
      vertex 22.6053 2.02044 9.58127
      vertex 22.6796 2.04567 9.58127
    endloop
  endfacet
  facet normal 0 0 -1
    outer loop
      vertex 24.05 1 9.58127
      vertex 22.5283 2.00513 9.58127
      vertex 22.6053 2.02044 9.58127
    endloop
  endfacet
  facet normal 0 0 -1
    outer loop
      vertex 24.05 1 9.58127
      vertex 22.45 2 9.58127
      vertex 22.5283 2.00513 9.58127
    endloop
  endfacet
  facet normal 0 0 -1
    outer loop
      vertex 24.05 1 9.58127
      vertex 2.6 2 9.58127
      vertex 22.45 2 9.58127
    endloop
  endfacet
  facet normal 0 0 -1
    outer loop
      vertex 1 1 9.58127
      vertex 2.6 2 9.58127
      vertex 24.05 1 9.58127
    endloop
  endfacet
  facet normal 0 0 -1
    outer loop
      vertex 1 1 9.58127
      vertex 2.52168 2.00513 9.58127
      vertex 2.6 2 9.58127
    endloop
  endfacet
  facet normal 0 0 -1
    outer loop
      vertex 1 1 9.58127
      vertex 2.44471 2.02044 9.58127
      vertex 2.52168 2.00513 9.58127
    endloop
  endfacet
  facet normal 0 0 -1
    outer loop
      vertex 1 1 9.58127
      vertex 2.37039 2.04567 9.58127
      vertex 2.44471 2.02044 9.58127
    endloop
  endfacet
  facet normal 0 0 -1
    outer loop
      vertex 1 1 9.58127
      vertex 2.3 2.08038 9.58127
      vertex 2.37039 2.04567 9.58127
    endloop
  endfacet
  facet normal 0 0 -1
    outer loop
      vertex 1 1 9.58127
      vertex 2.23474 2.12399 9.58127
      vertex 2.3 2.08038 9.58127
    endloop
  endfacet
  facet normal 0 0 -1
    outer loop
      vertex 1 1 9.58127
      vertex 2.17574 2.17574 9.58127
      vertex 2.23474 2.12399 9.58127
    endloop
  endfacet
  facet normal 0 0 -1
    outer loop
      vertex 1 1 9.58127
      vertex 2.12399 2.23474 9.58127
      vertex 2.17574 2.17574 9.58127
    endloop
  endfacet
  facet normal 0 0 -1
    outer loop
      vertex 1 2.30448 9.58127
      vertex 2.12399 2.23474 9.58127
      vertex 1 1 9.58127
    endloop
  endfacet
  facet normal 0 0 -1
    outer loop
      vertex 2.12399 2.23474 9.58127
      vertex 1 2.30448 9.58127
      vertex 2.08038 2.3 9.58127
    endloop
  endfacet
  facet normal 0 0 -1
    outer loop
      vertex 2.08038 2.3 9.58127
      vertex 1 2.30448 9.58127
      vertex 2.07818 2.30448 9.58127
    endloop
  endfacet
  facet normal 0 0 1
    outer loop
      vertex 22.9696 2.3 7.04261
      vertex 24.05 2.30448 7.04261
      vertex 22.9718 2.30448 7.04261
    endloop
  endfacet
  facet normal 0 0 1
    outer loop
      vertex 22.926 2.23474 7.04261
      vertex 24.05 2.30448 7.04261
      vertex 22.9696 2.3 7.04261
    endloop
  endfacet
  facet normal 0 0 1
    outer loop
      vertex 24.05 2.30448 7.04261
      vertex 22.926 2.23474 7.04261
      vertex 24.05 1 7.04261
    endloop
  endfacet
  facet normal -0 0 1
    outer loop
      vertex 22.8743 2.17574 7.04261
      vertex 24.05 1 7.04261
      vertex 22.926 2.23474 7.04261
    endloop
  endfacet
  facet normal -0 0 1
    outer loop
      vertex 22.8153 2.12399 7.04261
      vertex 24.05 1 7.04261
      vertex 22.8743 2.17574 7.04261
    endloop
  endfacet
  facet normal -0 0 1
    outer loop
      vertex 22.75 2.08038 7.04261
      vertex 24.05 1 7.04261
      vertex 22.8153 2.12399 7.04261
    endloop
  endfacet
  facet normal -0 0 1
    outer loop
      vertex 22.6796 2.04567 7.04261
      vertex 24.05 1 7.04261
      vertex 22.75 2.08038 7.04261
    endloop
  endfacet
  facet normal -0 0 1
    outer loop
      vertex 22.6053 2.02044 7.04261
      vertex 24.05 1 7.04261
      vertex 22.6796 2.04567 7.04261
    endloop
  endfacet
  facet normal -0 0 1
    outer loop
      vertex 22.5283 2.00513 7.04261
      vertex 24.05 1 7.04261
      vertex 22.6053 2.02044 7.04261
    endloop
  endfacet
  facet normal -0 0 1
    outer loop
      vertex 22.45 2 7.04261
      vertex 24.05 1 7.04261
      vertex 22.5283 2.00513 7.04261
    endloop
  endfacet
  facet normal -0 0 1
    outer loop
      vertex 2.6 2 7.04261
      vertex 24.05 1 7.04261
      vertex 22.45 2 7.04261
    endloop
  endfacet
  facet normal -0 0 1
    outer loop
      vertex 1 2.30448 7.04261
      vertex 2.08038 2.3 7.04261
      vertex 2.07818 2.30448 7.04261
    endloop
  endfacet
  facet normal 0 0 1
    outer loop
      vertex 1 2.30448 7.04261
      vertex 2.12399 2.23474 7.04261
      vertex 2.08038 2.3 7.04261
    endloop
  endfacet
  facet normal 0 0 1
    outer loop
      vertex 1 2.30448 7.04261
      vertex 2.17574 2.17574 7.04261
      vertex 2.12399 2.23474 7.04261
    endloop
  endfacet
  facet normal 0 0 1
    outer loop
      vertex 1 1 7.04261
      vertex 2.17574 2.17574 7.04261
      vertex 1 2.30448 7.04261
    endloop
  endfacet
  facet normal 0 0 1
    outer loop
      vertex 2.17574 2.17574 7.04261
      vertex 1 1 7.04261
      vertex 2.23474 2.12399 7.04261
    endloop
  endfacet
  facet normal 0 0 1
    outer loop
      vertex 2.23474 2.12399 7.04261
      vertex 1 1 7.04261
      vertex 2.3 2.08038 7.04261
    endloop
  endfacet
  facet normal 0 0 1
    outer loop
      vertex 2.3 2.08038 7.04261
      vertex 1 1 7.04261
      vertex 2.37039 2.04567 7.04261
    endloop
  endfacet
  facet normal 0 0 1
    outer loop
      vertex 2.37039 2.04567 7.04261
      vertex 1 1 7.04261
      vertex 2.44471 2.02044 7.04261
    endloop
  endfacet
  facet normal 0 0 1
    outer loop
      vertex 2.6 2 7.04261
      vertex 1 1 7.04261
      vertex 24.05 1 7.04261
    endloop
  endfacet
  facet normal 0 0 1
    outer loop
      vertex 2.52168 2.00513 7.04261
      vertex 1 1 7.04261
      vertex 2.6 2 7.04261
    endloop
  endfacet
  facet normal 0 0 1
    outer loop
      vertex 2.44471 2.02044 7.04261
      vertex 1 1 7.04261
      vertex 2.52168 2.00513 7.04261
    endloop
  endfacet
  facet normal 0 1 -0
    outer loop
      vertex 24.05 1 7.04261
      vertex 23.05 1 8.1004
      vertex 24.05 1 8.1004
    endloop
  endfacet
  facet normal 0 1 0
    outer loop
      vertex 23.05 1 8.1004
      vertex 24.05 1 7.04261
      vertex 2 1 8.1004
    endloop
  endfacet
  facet normal 0 1 0
    outer loop
      vertex 1 1 7.04261
      vertex 2 1 8.1004
      vertex 24.05 1 7.04261
    endloop
  endfacet
  facet normal 0 1 0
    outer loop
      vertex 2 1 8.1004
      vertex 1 1 7.04261
      vertex 1 1 8.1004
    endloop
  endfacet
  facet normal 0 1 -0
    outer loop
      vertex 23.05 1 8.1004
      vertex 2 1 9.03695
      vertex 23.05 1 9.03695
    endloop
  endfacet
  facet normal 0 1 0
    outer loop
      vertex 2 1 9.03695
      vertex 23.05 1 8.1004
      vertex 2 1 8.1004
    endloop
  endfacet
  facet normal 0 1 0
    outer loop
      vertex 23.05 1 9.03695
      vertex 24.05 1 9.58127
      vertex 24.05 1 9.03695
    endloop
  endfacet
  facet normal 0 1 0
    outer loop
      vertex 24.05 1 9.58127
      vertex 23.05 1 9.03695
      vertex 1 1 9.58127
    endloop
  endfacet
  facet normal 0 1 -0
    outer loop
      vertex 2 1 9.03695
      vertex 1 1 9.58127
      vertex 23.05 1 9.03695
    endloop
  endfacet
  facet normal 0 1 0
    outer loop
      vertex 1 1 9.58127
      vertex 2 1 9.03695
      vertex 1 1 9.03695
    endloop
  endfacet
  facet normal 0 -1 0
    outer loop
      vertex 22.9718 2.30448 9.58127
      vertex 23.05 2.30448 9.38649
      vertex 24.05 2.30448 9.58127
    endloop
  endfacet
  facet normal 0 -1 0
    outer loop
      vertex 22.9718 2.30448 9.58127
      vertex 23.05 2.30448 7.52299
      vertex 23.05 2.30448 9.38649
    endloop
  endfacet
  facet normal 0 -1 0
    outer loop
      vertex 22.9718 2.30448 7.04261
      vertex 23.05 2.30448 7.52299
      vertex 22.9718 2.30448 9.58127
    endloop
  endfacet
  facet normal 0 -1 0
    outer loop
      vertex 24.05 2.30448 7.04261
      vertex 23.05 2.30448 7.52299
      vertex 22.9718 2.30448 7.04261
    endloop
  endfacet
  facet normal 0 -1 0
    outer loop
      vertex 23.05 2.30448 7.52299
      vertex 24.05 2.30448 7.04261
      vertex 24.05 2.30448 7.52299
    endloop
  endfacet
  facet normal 0 -1 -0
    outer loop
      vertex 24.05 2.30448 9.58127
      vertex 23.05 2.30448 9.38649
      vertex 24.05 2.30448 9.38649
    endloop
  endfacet
  facet normal 0 -1 0
    outer loop
      vertex 1 2.30448 7.52299
      vertex 1 2.30448 7.04261
      vertex 2 2.30448 7.52299
    endloop
  endfacet
  facet normal 0 -1 0
    outer loop
      vertex 2 2.30448 9.38649
      vertex 1 2.30448 9.58127
      vertex 1 2.30448 9.38649
    endloop
  endfacet
  facet normal 0 -1 0
    outer loop
      vertex 1 2.30448 9.58127
      vertex 2 2.30448 9.38649
      vertex 2.07818 2.30448 9.58127
    endloop
  endfacet
  facet normal 0 -1 0
    outer loop
      vertex 2 2.30448 7.52299
      vertex 2.07818 2.30448 9.58127
      vertex 2 2.30448 9.38649
    endloop
  endfacet
  facet normal 0 -1 0
    outer loop
      vertex 2 2.30448 7.52299
      vertex 2.07818 2.30448 7.04261
      vertex 2.07818 2.30448 9.58127
    endloop
  endfacet
  facet normal 0 -1 0
    outer loop
      vertex 2.07818 2.30448 7.04261
      vertex 2 2.30448 7.52299
      vertex 1 2.30448 7.04261
    endloop
  endfacet
  facet normal 0 0.258798 -0.965931
    outer loop
      vertex 1 18.6451 13.765
      vertex 2 19.91 14.1039
      vertex 2 18.6451 13.765
    endloop
  endfacet
  facet normal -0.000148854 0.258766 -0.96594
    outer loop
      vertex 2 19.91 14.1039
      vertex 1 22.4209 14.7767
      vertex 1.48248 22.5089 14.8002
    endloop
  endfacet
  facet normal -0.000206776 0.259062 -0.965861
    outer loop
      vertex 1.48248 22.5089 14.8002
      vertex 1 22.4209 14.7767
      vertex 1.30421 22.4972 14.7971
    endloop
  endfacet
  facet normal -2.06473e-05 0.258814 -0.965927
    outer loop
      vertex 2 19.91 14.1039
      vertex 1 18.6451 13.765
      vertex 1 22.4209 14.7767
    endloop
  endfacet
  facet normal 0.00145831 0.252862 -0.967501
    outer loop
      vertex 1.30421 22.4972 14.7971
      vertex 1 22.4209 14.7767
      vertex 1.11177 22.4589 14.7868
    endloop
  endfacet
  facet normal 3.11979e-05 0.258814 -0.965927
    outer loop
      vertex 23.0296 20.0653 14.1455
      vertex 24.05 22.4209 14.7767
      vertex 24.05 18.6451 13.765
    endloop
  endfacet
  facet normal 0.000154936 0.258764 -0.965941
    outer loop
      vertex 23.0043 20.1396 14.1654
      vertex 24.05 22.4209 14.7767
      vertex 23.0296 20.0653 14.1455
    endloop
  endfacet
  facet normal -0.000512398 0.259049 -0.965864
    outer loop
      vertex 22.9696 20.21 14.1843
      vertex 24.05 22.4209 14.7767
      vertex 23.0043 20.1396 14.1654
    endloop
  endfacet
  facet normal 0 0.258798 -0.965931
    outer loop
      vertex 23.05 19.91 14.1039
      vertex 24.05 18.6451 13.765
      vertex 23.05 18.6451 13.765
    endloop
  endfacet
  facet normal 0.000363362 0.259066 -0.965859
    outer loop
      vertex 23.0449 19.9883 14.1249
      vertex 24.05 18.6451 13.765
      vertex 23.05 19.91 14.1039
    endloop
  endfacet
  facet normal -0.000720275 0.25831 -0.966062
    outer loop
      vertex 23.0296 20.0653 14.1455
      vertex 24.05 18.6451 13.765
      vertex 23.0449 19.9883 14.1249
    endloop
  endfacet
  facet normal 0.00123872 0.25825 -0.966077
    outer loop
      vertex 22.926 20.2753 14.2017
      vertex 24.05 22.4209 14.7767
      vertex 22.9696 20.21 14.1843
    endloop
  endfacet
  facet normal -0.00103551 0.259362 -0.96578
    outer loop
      vertex 22.8743 20.3343 14.2176
      vertex 24.05 22.4209 14.7767
      vertex 22.926 20.2753 14.2017
    endloop
  endfacet
  facet normal 0.000579889 0.258513 -0.966008
    outer loop
      vertex 22.8153 20.386 14.2314
      vertex 24.05 22.4209 14.7767
      vertex 22.8743 20.3343 14.2176
    endloop
  endfacet
  facet normal 0.000594594 0.258505 -0.96601
    outer loop
      vertex 24.05 22.4209 14.7767
      vertex 22.8153 20.386 14.2314
      vertex 23.9382 22.4589 14.7868
    endloop
  endfacet
  facet normal -0.000172814 0.258893 -0.965906
    outer loop
      vertex 23.9382 22.4589 14.7868
      vertex 22.8153 20.386 14.2314
      vertex 23.7458 22.4972 14.7971
    endloop
  endfacet
  facet normal 0.000184478 0.258746 -0.965945
    outer loop
      vertex 23.7458 22.4972 14.7971
      vertex 22.8153 20.386 14.2314
      vertex 23.5675 22.5089 14.8002
    endloop
  endfacet
  facet normal -0.000215528 0.258878 -0.96591
    outer loop
      vertex 22.75 20.4296 14.2431
      vertex 23.5675 22.5089 14.8002
      vertex 22.8153 20.386 14.2314
    endloop
  endfacet
  facet normal -3.38282e-05 0.258811 -0.965928
    outer loop
      vertex 22.6796 20.4643 14.2524
      vertex 23.5675 22.5089 14.8002
      vertex 22.75 20.4296 14.2431
    endloop
  endfacet
  facet normal -0.000243391 0.258896 -0.965905
    outer loop
      vertex 22.6053 20.4896 14.2592
      vertex 23.5675 22.5089 14.8002
      vertex 22.6796 20.4643 14.2524
    endloop
  endfacet
  facet normal -1.03853e-05 0.258793 -0.965933
    outer loop
      vertex 22.5283 20.5049 14.2633
      vertex 23.5675 22.5089 14.8002
      vertex 22.6053 20.4896 14.2592
    endloop
  endfacet
  facet normal 0.000792003 0.258404 -0.966037
    outer loop
      vertex 22.45 20.51 14.2646
      vertex 23.5675 22.5089 14.8002
      vertex 22.5283 20.5049 14.2633
    endloop
  endfacet
  facet normal 0 0.258817 -0.965926
    outer loop
      vertex 2.6 20.51 14.2646
      vertex 23.5675 22.5089 14.8002
      vertex 22.45 20.51 14.2646
    endloop
  endfacet
  facet normal -0.000791807 0.258404 -0.966037
    outer loop
      vertex 1.48248 22.5089 14.8002
      vertex 2.6 20.51 14.2646
      vertex 2.52168 20.5049 14.2633
    endloop
  endfacet
  facet normal 0 0.258817 -0.965926
    outer loop
      vertex 2.6 20.51 14.2646
      vertex 1.48248 22.5089 14.8002
      vertex 23.5675 22.5089 14.8002
    endloop
  endfacet
  facet normal 1.0389e-05 0.258793 -0.965933
    outer loop
      vertex 2.44471 20.4896 14.2592
      vertex 1.48248 22.5089 14.8002
      vertex 2.52168 20.5049 14.2633
    endloop
  endfacet
  facet normal 0.000243333 0.258896 -0.965905
    outer loop
      vertex 2.37039 20.4643 14.2524
      vertex 1.48248 22.5089 14.8002
      vertex 2.44471 20.4896 14.2592
    endloop
  endfacet
  facet normal 3.38321e-05 0.258811 -0.965928
    outer loop
      vertex 2.3 20.4296 14.2431
      vertex 1.48248 22.5089 14.8002
      vertex 2.37039 20.4643 14.2524
    endloop
  endfacet
  facet normal 0.000215631 0.258878 -0.96591
    outer loop
      vertex 2.23474 20.386 14.2314
      vertex 1.48248 22.5089 14.8002
      vertex 2.3 20.4296 14.2431
    endloop
  endfacet
  facet normal -0.000652886 0.258591 -0.965987
    outer loop
      vertex 2.17574 20.3343 14.2176
      vertex 1.48248 22.5089 14.8002
      vertex 2.23474 20.386 14.2314
    endloop
  endfacet
  facet normal 0.00127617 0.259164 -0.965832
    outer loop
      vertex 2.12399 20.2753 14.2017
      vertex 1.48248 22.5089 14.8002
      vertex 2.17574 20.3343 14.2176
    endloop
  endfacet
  facet normal -0.00150774 0.258418 -0.966032
    outer loop
      vertex 2.08038 20.21 14.1843
      vertex 1.48248 22.5089 14.8002
      vertex 2.12399 20.2753 14.2017
    endloop
  endfacet
  facet normal 0.000712013 0.258957 -0.965889
    outer loop
      vertex 2.04567 20.1396 14.1654
      vertex 1.48248 22.5089 14.8002
      vertex 2.08038 20.21 14.1843
    endloop
  endfacet
  facet normal -0.000157501 0.258764 -0.96594
    outer loop
      vertex 2.02044 20.0653 14.1455
      vertex 1.48248 22.5089 14.8002
      vertex 2.04567 20.1396 14.1654
    endloop
  endfacet
  facet normal -0.000903558 0.258611 -0.965981
    outer loop
      vertex 2.00513 19.9883 14.1249
      vertex 1.48248 22.5089 14.8002
      vertex 2.02044 20.0653 14.1455
    endloop
  endfacet
  facet normal 0.00101531 0.258982 -0.965882
    outer loop
      vertex 1.48248 22.5089 14.8002
      vertex 2.00513 19.9883 14.1249
      vertex 2 19.91 14.1039
    endloop
  endfacet
  facet normal 0 -0.968803 -0.247833
    outer loop
      vertex 2 22.51 14.7959
      vertex 23.05 22.5089 14.8002
      vertex 2 22.5089 14.8002
    endloop
  endfacet
  facet normal 0 -0.968803 -0.247833
    outer loop
      vertex 23.05 22.5089 14.8002
      vertex 2 22.51 14.7959
      vertex 23.05 22.51 14.7959
    endloop
  endfacet
  facet normal 0 0 0
    outer loop
      vertex 2 22.5089 14.8002
      vertex 23.05 22.5089 14.8002
      vertex 23.5675 22.5089 14.8002
    endloop
  endfacet
  facet normal 0 0 0
    outer loop
      vertex 1.48248 22.5089 14.8002
      vertex 2 22.5089 14.8002
      vertex 23.5675 22.5089 14.8002
    endloop
  endfacet
  facet normal 0 -0.2588 0.965931
    outer loop
      vertex 23.05 19.4122 12.107
      vertex 24.05 19.111 12.0263
      vertex 24.05 19.4122 12.107
    endloop
  endfacet
  facet normal 0 -0.2588 0.965931
    outer loop
      vertex 24.05 19.111 12.0263
      vertex 23.05 19.4122 12.107
      vertex 23.05 19.111 12.0263
    endloop
  endfacet
  facet normal 0 -0.2588 0.965931
    outer loop
      vertex 1 19.4122 12.107
      vertex 2 19.111 12.0263
      vertex 2 19.4122 12.107
    endloop
  endfacet
  facet normal 0 -0.2588 0.965931
    outer loop
      vertex 2 19.111 12.0263
      vertex 1 19.4122 12.107
      vertex 1 19.111 12.0263
    endloop
  endfacet
  facet normal 0.00409534 -0.258793 0.965924
    outer loop
      vertex 23.05 22.51 12.937
      vertex 23.0449 19.9883 12.2614
      vertex 23.05 19.91 12.2404
    endloop
  endfacet
  facet normal -0.00183845 -0.258784 0.965933
    outer loop
      vertex 23.05 22.51 12.937
      vertex 23.0296 20.0653 12.282
      vertex 23.0449 19.9883 12.2614
    endloop
  endfacet
  facet normal -0.000258683 -0.258797 0.965932
    outer loop
      vertex 23.05 22.51 12.937
      vertex 23.0043 20.1396 12.3019
      vertex 23.0296 20.0653 12.282
    endloop
  endfacet
  facet normal 0.00101169 -0.258819 0.965925
    outer loop
      vertex 23.05 22.51 12.937
      vertex 22.9696 20.21 12.3208
      vertex 23.0043 20.1396 12.3019
    endloop
  endfacet
  facet normal -0.00199414 -0.258721 0.96595
    outer loop
      vertex 23.05 22.51 12.937
      vertex 22.926 20.2753 12.3382
      vertex 22.9696 20.21 12.3208
    endloop
  endfacet
  facet normal 0.00159238 -0.258907 0.965901
    outer loop
      vertex 23.05 22.51 12.937
      vertex 22.8743 20.3343 12.3541
      vertex 22.926 20.2753 12.3382
    endloop
  endfacet
  facet normal -0.000781966 -0.258728 0.96595
    outer loop
      vertex 23.05 22.51 12.937
      vertex 22.8153 20.386 12.3679
      vertex 22.8743 20.3343 12.3541
    endloop
  endfacet
  facet normal 0.000246717 -0.258834 0.965922
    outer loop
      vertex 23.05 22.51 12.937
      vertex 22.75 20.4296 12.3796
      vertex 22.8153 20.386 12.3679
    endloop
  endfacet
  facet normal 3.65756e-05 -0.258806 0.965929
    outer loop
      vertex 23.05 22.51 12.937
      vertex 22.6796 20.4643 12.3889
      vertex 22.75 20.4296 12.3796
    endloop
  endfacet
  facet normal 0.000262361 -0.258844 0.965919
    outer loop
      vertex 23.05 22.51 12.937
      vertex 22.6053 20.4896 12.3957
      vertex 22.6796 20.4643 12.3889
    endloop
  endfacet
  facet normal 1.04104e-05 -0.258792 0.965933
    outer loop
      vertex 23.05 22.51 12.937
      vertex 22.5283 20.5049 12.3998
      vertex 22.6053 20.4896 12.3957
    endloop
  endfacet
  facet normal -0.00080523 -0.258594 0.965986
    outer loop
      vertex 23.05 22.51 12.937
      vertex 22.45 20.51 12.4011
      vertex 22.5283 20.5049 12.3998
    endloop
  endfacet
  facet normal 0 -0.25882 0.965926
    outer loop
      vertex 23.05 22.51 12.937
      vertex 2.6 20.51 12.4011
      vertex 22.45 20.51 12.4011
    endloop
  endfacet
  facet normal 0 -0.25882 0.965926
    outer loop
      vertex 2 22.51 12.937
      vertex 2.6 20.51 12.4011
      vertex 23.05 22.51 12.937
    endloop
  endfacet
  facet normal 0.000805028 -0.258594 0.965986
    outer loop
      vertex 2.6 20.51 12.4011
      vertex 2 22.51 12.937
      vertex 2.52168 20.5049 12.3998
    endloop
  endfacet
  facet normal -1.04143e-05 -0.258792 0.965933
    outer loop
      vertex 2 22.51 12.937
      vertex 2.44471 20.4896 12.3957
      vertex 2.52168 20.5049 12.3998
    endloop
  endfacet
  facet normal -0.000262294 -0.258844 0.965919
    outer loop
      vertex 2 22.51 12.937
      vertex 2.37039 20.4643 12.3889
      vertex 2.44471 20.4896 12.3957
    endloop
  endfacet
  facet normal -3.65805e-05 -0.258806 0.965929
    outer loop
      vertex 2 22.51 12.937
      vertex 2.3 20.4296 12.3796
      vertex 2.37039 20.4643 12.3889
    endloop
  endfacet
  facet normal -0.000246855 -0.258834 0.965922
    outer loop
      vertex 2 22.51 12.937
      vertex 2.23474 20.386 12.3679
      vertex 2.3 20.4296 12.3796
    endloop
  endfacet
  facet normal 0.000781954 -0.258728 0.96595
    outer loop
      vertex 2 22.51 12.937
      vertex 2.17574 20.3343 12.3541
      vertex 2.23474 20.386 12.3679
    endloop
  endfacet
  facet normal -0.00159094 -0.258907 0.965901
    outer loop
      vertex 2 22.51 12.937
      vertex 2.12399 20.2753 12.3382
      vertex 2.17574 20.3343 12.3541
    endloop
  endfacet
  facet normal 0.00199373 -0.258721 0.96595
    outer loop
      vertex 2 22.51 12.937
      vertex 2.08038 20.21 12.3208
      vertex 2.12399 20.2753 12.3382
    endloop
  endfacet
  facet normal -0.00101144 -0.258819 0.965925
    outer loop
      vertex 2 22.51 12.937
      vertex 2.04567 20.1396 12.3019
      vertex 2.08038 20.21 12.3208
    endloop
  endfacet
  facet normal 0.000259371 -0.258797 0.965932
    outer loop
      vertex 2 22.51 12.937
      vertex 2.02044 20.0653 12.282
      vertex 2.04567 20.1396 12.3019
    endloop
  endfacet
  facet normal 0.00183715 -0.258784 0.965934
    outer loop
      vertex 2 22.51 12.937
      vertex 2.00513 19.9883 12.2614
      vertex 2.02044 20.0653 12.282
    endloop
  endfacet
  facet normal -0.00407139 -0.258793 0.965924
    outer loop
      vertex 2.00513 19.9883 12.2614
      vertex 2 22.51 12.937
      vertex 2 19.91 12.2404
    endloop
  endfacet
  facet normal 0.997859 0 -0.0653969
    outer loop
      vertex 9.03997 0 3.97842
      vertex 9.025 2 3.75
      vertex 9.03997 2 3.97842
    endloop
  endfacet
  facet normal 0.997859 0 -0.0653969
    outer loop
      vertex 9.025 2 3.75
      vertex 9.03997 0 3.97842
      vertex 9.025 0 3.75
    endloop
  endfacet
  facet normal -0.946908 0 0.321504
    outer loop
      vertex 15.8918 0 3.0803
      vertex 15.9654 2 3.29707
      vertex 15.8918 2 3.0803
    endloop
  endfacet
  facet normal -0.946908 0 0.321504
    outer loop
      vertex 15.9654 2 3.29707
      vertex 15.8918 0 3.0803
      vertex 15.9654 0 3.29707
    endloop
  endfacet
  facet normal -0.83162 0 -0.555345
    outer loop
      vertex 15.7905 0 4.625
      vertex 15.6634 2 4.81533
      vertex 15.7905 2 4.625
    endloop
  endfacet
  facet normal -0.83162 -0 -0.555345
    outer loop
      vertex 15.6634 2 4.81533
      vertex 15.7905 0 4.625
      vertex 15.6634 0 4.81533
    endloop
  endfacet
  facet normal 0.195108 0 -0.980782
    outer loop
      vertex 10.3221 0 5.44037
      vertex 10.5466 2 5.48503
      vertex 10.5466 0 5.48503
    endloop
  endfacet
  facet normal 0.195108 0 -0.980782
    outer loop
      vertex 10.5466 2 5.48503
      vertex 10.3221 0 5.44037
      vertex 10.3221 2 5.44037
    endloop
  endfacet
  facet normal 0.65933 0 0.751854
    outer loop
      vertex 9.53756 2 2.51256
      vertex 9.70967 0 2.36163
      vertex 9.70967 2 2.36163
    endloop
  endfacet
  facet normal 0.65933 0 0.751854
    outer loop
      vertex 9.70967 0 2.36163
      vertex 9.53756 2 2.51256
      vertex 9.53756 0 2.51256
    endloop
  endfacet
  facet normal 0 0 -1
    outer loop
      vertex 10.775 0 5.5
      vertex 14.275 2 5.5
      vertex 14.275 0 5.5
    endloop
  endfacet
  facet normal -0 0 -1
    outer loop
      vertex 14.275 2 5.5
      vertex 10.775 0 5.5
      vertex 10.775 2 5.5
    endloop
  endfacet
  facet normal 0.980783 0 -0.1951
    outer loop
      vertex 9.08463 0 4.20293
      vertex 9.03997 2 3.97842
      vertex 9.08463 2 4.20293
    endloop
  endfacet
  facet normal 0.980783 0 -0.1951
    outer loop
      vertex 9.03997 2 3.97842
      vertex 9.08463 0 4.20293
      vertex 9.03997 0 3.97842
    endloop
  endfacet
  facet normal 0.946935 -0 0.321426
    outer loop
      vertex 9.08463 0 3.29707
      vertex 9.15821 2 3.0803
      vertex 9.08463 2 3.29707
    endloop
  endfacet
  facet normal 0.946935 0 0.321426
    outer loop
      vertex 9.15821 2 3.0803
      vertex 9.08463 0 3.29707
      vertex 9.15821 0 3.0803
    endloop
  endfacet
  facet normal 0.0654026 0 0.997859
    outer loop
      vertex 10.5466 2 2.01497
      vertex 10.775 0 2
      vertex 10.775 2 2
    endloop
  endfacet
  facet normal 0.0654026 0 0.997859
    outer loop
      vertex 10.775 0 2
      vertex 10.5466 2 2.01497
      vertex 10.5466 0 2.01497
    endloop
  endfacet
  facet normal -0.0654026 0 -0.997859
    outer loop
      vertex 14.275 0 5.5
      vertex 14.5034 2 5.48503
      vertex 14.5034 0 5.48503
    endloop
  endfacet
  facet normal -0.0654026 0 -0.997859
    outer loop
      vertex 14.5034 2 5.48503
      vertex 14.275 0 5.5
      vertex 14.275 2 5.5
    endloop
  endfacet
  facet normal -0.997851 0 0.0655274
    outer loop
      vertex 16.01 0 3.52158
      vertex 16.025 2 3.75
      vertex 16.01 2 3.52158
    endloop
  endfacet
  facet normal -0.997851 0 0.0655274
    outer loop
      vertex 16.025 2 3.75
      vertex 16.01 0 3.52158
      vertex 16.025 0 3.75
    endloop
  endfacet
  facet normal 0.0654026 0 -0.997859
    outer loop
      vertex 10.5466 0 5.48503
      vertex 10.775 2 5.5
      vertex 10.775 0 5.5
    endloop
  endfacet
  facet normal 0.0654026 0 -0.997859
    outer loop
      vertex 10.775 2 5.5
      vertex 10.5466 0 5.48503
      vertex 10.5466 2 5.48503
    endloop
  endfacet
  facet normal 0.442314 0 -0.89686
    outer loop
      vertex 9.9 0 5.26554
      vertex 10.1053 2 5.36679
      vertex 10.1053 0 5.36679
    endloop
  endfacet
  facet normal 0.442314 0 -0.89686
    outer loop
      vertex 10.1053 2 5.36679
      vertex 9.9 0 5.26554
      vertex 9.9 2 5.26554
    endloop
  endfacet
  facet normal 0.751854 0 -0.65933
    outer loop
      vertex 9.53756 0 4.98744
      vertex 9.38663 2 4.81533
      vertex 9.53756 2 4.98744
    endloop
  endfacet
  facet normal 0.751854 0 -0.65933
    outer loop
      vertex 9.38663 2 4.81533
      vertex 9.53756 0 4.98744
      vertex 9.38663 0 4.81533
    endloop
  endfacet
  facet normal 0.321386 0 -0.946948
    outer loop
      vertex 10.1053 0 5.36679
      vertex 10.3221 2 5.44037
      vertex 10.3221 0 5.44037
    endloop
  endfacet
  facet normal 0.321386 0 -0.946948
    outer loop
      vertex 10.3221 2 5.44037
      vertex 10.1053 0 5.36679
      vertex 10.1053 2 5.36679
    endloop
  endfacet
  facet normal 0.896878 -0 0.442279
    outer loop
      vertex 9.15821 0 3.0803
      vertex 9.25945 2 2.875
      vertex 9.15821 2 3.0803
    endloop
  endfacet
  facet normal 0.896878 0 0.442279
    outer loop
      vertex 9.25945 2 2.875
      vertex 9.15821 0 3.0803
      vertex 9.25945 0 2.875
    endloop
  endfacet
  facet normal 0.751854 -0 0.65933
    outer loop
      vertex 9.38663 0 2.68467
      vertex 9.53756 2 2.51256
      vertex 9.38663 2 2.68467
    endloop
  endfacet
  facet normal 0.751854 0 0.65933
    outer loop
      vertex 9.53756 2 2.51256
      vertex 9.38663 0 2.68467
      vertex 9.53756 0 2.51256
    endloop
  endfacet
  facet normal 0.997859 -0 0.0653969
    outer loop
      vertex 9.025 0 3.75
      vertex 9.03997 2 3.52158
      vertex 9.025 2 3.75
    endloop
  endfacet
  facet normal 0.997859 0 0.0653969
    outer loop
      vertex 9.03997 2 3.52158
      vertex 9.025 0 3.75
      vertex 9.03997 0 3.52158
    endloop
  endfacet
  facet normal 0.442314 0 0.89686
    outer loop
      vertex 9.9 2 2.23446
      vertex 10.1053 0 2.13321
      vertex 10.1053 2 2.13321
    endloop
  endfacet
  facet normal 0.442314 0 0.89686
    outer loop
      vertex 10.1053 0 2.13321
      vertex 9.9 2 2.23446
      vertex 9.9 0 2.23446
    endloop
  endfacet
  facet normal 0.321386 0 0.946948
    outer loop
      vertex 10.1053 2 2.13321
      vertex 10.3221 0 2.05963
      vertex 10.3221 2 2.05963
    endloop
  endfacet
  facet normal 0.321386 0 0.946948
    outer loop
      vertex 10.3221 0 2.05963
      vertex 10.1053 2 2.13321
      vertex 10.1053 0 2.13321
    endloop
  endfacet
  facet normal -0.321386 0 0.946948
    outer loop
      vertex 14.7279 2 2.05963
      vertex 14.9447 0 2.13321
      vertex 14.9447 2 2.13321
    endloop
  endfacet
  facet normal -0.321386 0 0.946948
    outer loop
      vertex 14.9447 0 2.13321
      vertex 14.7279 2 2.05963
      vertex 14.7279 0 2.05963
    endloop
  endfacet
  facet normal -0.0654026 0 0.997859
    outer loop
      vertex 14.275 2 2
      vertex 14.5034 0 2.01497
      vertex 14.5034 2 2.01497
    endloop
  endfacet
  facet normal -0.0654026 0 0.997859
    outer loop
      vertex 14.5034 0 2.01497
      vertex 14.275 2 2
      vertex 14.275 0 2
    endloop
  endfacet
  facet normal -0.195108 0 0.980782
    outer loop
      vertex 14.5034 2 2.01497
      vertex 14.7279 0 2.05963
      vertex 14.7279 2 2.05963
    endloop
  endfacet
  facet normal -0.195108 0 0.980782
    outer loop
      vertex 14.7279 0 2.05963
      vertex 14.5034 2 2.01497
      vertex 14.5034 0 2.01497
    endloop
  endfacet
  facet normal -0.195108 0 -0.980782
    outer loop
      vertex 14.5034 0 5.48503
      vertex 14.7279 2 5.44037
      vertex 14.7279 0 5.44037
    endloop
  endfacet
  facet normal -0.195108 0 -0.980782
    outer loop
      vertex 14.7279 2 5.44037
      vertex 14.5034 0 5.48503
      vertex 14.5034 2 5.48503
    endloop
  endfacet
  facet normal -0.659352 0 -0.751835
    outer loop
      vertex 15.3403 0 5.13837
      vertex 15.5124 2 4.98744
      vertex 15.5124 0 4.98744
    endloop
  endfacet
  facet normal -0.659352 0 -0.751835
    outer loop
      vertex 15.5124 2 4.98744
      vertex 15.3403 0 5.13837
      vertex 15.3403 2 5.13837
    endloop
  endfacet
  facet normal -0.442314 0 -0.89686
    outer loop
      vertex 14.9447 0 5.36679
      vertex 15.15 2 5.26554
      vertex 15.15 0 5.26554
    endloop
  endfacet
  facet normal -0.442314 0 -0.89686
    outer loop
      vertex 15.15 2 5.26554
      vertex 14.9447 0 5.36679
      vertex 14.9447 2 5.36679
    endloop
  endfacet
  facet normal -0.980834 0 0.194847
    outer loop
      vertex 15.9654 0 3.29707
      vertex 16.01 2 3.52158
      vertex 15.9654 2 3.29707
    endloop
  endfacet
  facet normal -0.980834 0 0.194847
    outer loop
      vertex 16.01 2 3.52158
      vertex 15.9654 0 3.29707
      vertex 16.01 0 3.52158
    endloop
  endfacet
  facet normal -0.946908 0 -0.321504
    outer loop
      vertex 15.9654 0 4.20293
      vertex 15.8918 2 4.4197
      vertex 15.9654 2 4.20293
    endloop
  endfacet
  facet normal -0.946908 -0 -0.321504
    outer loop
      vertex 15.8918 2 4.4197
      vertex 15.9654 0 4.20293
      vertex 15.8918 0 4.4197
    endloop
  endfacet
  facet normal 0.946935 0 -0.321426
    outer loop
      vertex 9.15821 0 4.4197
      vertex 9.08463 2 4.20293
      vertex 9.15821 2 4.4197
    endloop
  endfacet
  facet normal 0.946935 0 -0.321426
    outer loop
      vertex 9.08463 2 4.20293
      vertex 9.15821 0 4.4197
      vertex 9.08463 0 4.20293
    endloop
  endfacet
  facet normal 0.831458 0 -0.555587
    outer loop
      vertex 9.38663 0 4.81533
      vertex 9.25945 2 4.625
      vertex 9.38663 2 4.81533
    endloop
  endfacet
  facet normal 0.831458 0 -0.555587
    outer loop
      vertex 9.25945 2 4.625
      vertex 9.38663 0 4.81533
      vertex 9.25945 0 4.625
    endloop
  endfacet
  facet normal 0.65933 0 -0.751854
    outer loop
      vertex 9.53756 0 4.98744
      vertex 9.70967 2 5.13837
      vertex 9.70967 0 5.13837
    endloop
  endfacet
  facet normal 0.65933 0 -0.751854
    outer loop
      vertex 9.70967 2 5.13837
      vertex 9.53756 0 4.98744
      vertex 9.53756 2 4.98744
    endloop
  endfacet
  facet normal 0.831458 -0 0.555587
    outer loop
      vertex 9.25945 0 2.875
      vertex 9.38663 2 2.68467
      vertex 9.25945 2 2.875
    endloop
  endfacet
  facet normal 0.831458 0 0.555587
    outer loop
      vertex 9.38663 2 2.68467
      vertex 9.25945 0 2.875
      vertex 9.38663 0 2.68467
    endloop
  endfacet
  facet normal 0.980783 -0 0.1951
    outer loop
      vertex 9.03997 0 3.52158
      vertex 9.08463 2 3.29707
      vertex 9.03997 2 3.52158
    endloop
  endfacet
  facet normal 0.980783 0 0.1951
    outer loop
      vertex 9.08463 2 3.29707
      vertex 9.03997 0 3.52158
      vertex 9.08463 0 3.29707
    endloop
  endfacet
  facet normal 0.555557 0 0.831479
    outer loop
      vertex 9.70967 2 2.36163
      vertex 9.9 0 2.23446
      vertex 9.9 2 2.23446
    endloop
  endfacet
  facet normal 0.555557 0 0.831479
    outer loop
      vertex 9.9 0 2.23446
      vertex 9.70967 2 2.36163
      vertex 9.70967 0 2.36163
    endloop
  endfacet
  facet normal 0.195108 0 0.980782
    outer loop
      vertex 10.3221 2 2.05963
      vertex 10.5466 0 2.01497
      vertex 10.5466 2 2.01497
    endloop
  endfacet
  facet normal 0.195108 0 0.980782
    outer loop
      vertex 10.5466 0 2.01497
      vertex 10.3221 2 2.05963
      vertex 10.3221 0 2.05963
    endloop
  endfacet
  facet normal -0.751702 0 0.659503
    outer loop
      vertex 15.5124 0 2.51256
      vertex 15.6634 2 2.68467
      vertex 15.5124 2 2.51256
    endloop
  endfacet
  facet normal -0.751702 0 0.659503
    outer loop
      vertex 15.6634 2 2.68467
      vertex 15.5124 0 2.51256
      vertex 15.6634 0 2.68467
    endloop
  endfacet
  facet normal -0.321386 0 -0.946948
    outer loop
      vertex 14.7279 0 5.44037
      vertex 14.9447 2 5.36679
      vertex 14.9447 0 5.36679
    endloop
  endfacet
  facet normal -0.321386 0 -0.946948
    outer loop
      vertex 14.9447 2 5.36679
      vertex 14.7279 0 5.44037
      vertex 14.7279 2 5.44037
    endloop
  endfacet
  facet normal -0.555617 0 -0.831438
    outer loop
      vertex 15.15 0 5.26554
      vertex 15.3403 2 5.13837
      vertex 15.3403 0 5.13837
    endloop
  endfacet
  facet normal -0.555617 0 -0.831438
    outer loop
      vertex 15.3403 2 5.13837
      vertex 15.15 0 5.26554
      vertex 15.15 2 5.26554
    endloop
  endfacet
  facet normal -0.751702 0 -0.659503
    outer loop
      vertex 15.6634 0 4.81533
      vertex 15.5124 2 4.98744
      vertex 15.6634 2 4.81533
    endloop
  endfacet
  facet normal -0.751702 -0 -0.659503
    outer loop
      vertex 15.5124 2 4.98744
      vertex 15.6634 0 4.81533
      vertex 15.5124 0 4.98744
    endloop
  endfacet
  facet normal -0.896774 0 -0.44249
    outer loop
      vertex 15.8918 0 4.4197
      vertex 15.7905 2 4.625
      vertex 15.8918 2 4.4197
    endloop
  endfacet
  facet normal -0.896774 -0 -0.44249
    outer loop
      vertex 15.7905 2 4.625
      vertex 15.8918 0 4.4197
      vertex 15.7905 0 4.625
    endloop
  endfacet
  facet normal -0.997851 0 -0.0655274
    outer loop
      vertex 16.025 0 3.75
      vertex 16.01 2 3.97842
      vertex 16.025 2 3.75
    endloop
  endfacet
  facet normal -0.997851 -0 -0.0655274
    outer loop
      vertex 16.01 2 3.97842
      vertex 16.025 0 3.75
      vertex 16.01 0 3.97842
    endloop
  endfacet
  facet normal -0.980834 0 -0.194847
    outer loop
      vertex 16.01 0 3.97842
      vertex 15.9654 2 4.20293
      vertex 16.01 2 3.97842
    endloop
  endfacet
  facet normal -0.980834 -0 -0.194847
    outer loop
      vertex 15.9654 2 4.20293
      vertex 16.01 0 3.97842
      vertex 15.9654 0 4.20293
    endloop
  endfacet
  facet normal 0.896878 0 -0.442279
    outer loop
      vertex 9.25945 0 4.625
      vertex 9.15821 2 4.4197
      vertex 9.25945 2 4.625
    endloop
  endfacet
  facet normal 0.896878 0 -0.442279
    outer loop
      vertex 9.15821 2 4.4197
      vertex 9.25945 0 4.625
      vertex 9.15821 0 4.4197
    endloop
  endfacet
  facet normal 0.555557 0 -0.831479
    outer loop
      vertex 9.70967 0 5.13837
      vertex 9.9 2 5.26554
      vertex 9.9 0 5.26554
    endloop
  endfacet
  facet normal 0.555557 0 -0.831479
    outer loop
      vertex 9.9 2 5.26554
      vertex 9.70967 0 5.13837
      vertex 9.70967 2 5.13837
    endloop
  endfacet
  facet normal -0.83162 0 0.555345
    outer loop
      vertex 15.6634 0 2.68467
      vertex 15.7905 2 2.875
      vertex 15.6634 2 2.68467
    endloop
  endfacet
  facet normal -0.83162 0 0.555345
    outer loop
      vertex 15.7905 2 2.875
      vertex 15.6634 0 2.68467
      vertex 15.7905 0 2.875
    endloop
  endfacet
  facet normal -0.896774 0 0.44249
    outer loop
      vertex 15.7905 0 2.875
      vertex 15.8918 2 3.0803
      vertex 15.7905 2 2.875
    endloop
  endfacet
  facet normal -0.896774 0 0.44249
    outer loop
      vertex 15.8918 2 3.0803
      vertex 15.7905 0 2.875
      vertex 15.8918 0 3.0803
    endloop
  endfacet
  facet normal -0.555617 0 0.831438
    outer loop
      vertex 15.15 2 2.23446
      vertex 15.3403 0 2.36163
      vertex 15.3403 2 2.36163
    endloop
  endfacet
  facet normal -0.555617 0 0.831438
    outer loop
      vertex 15.3403 0 2.36163
      vertex 15.15 2 2.23446
      vertex 15.15 0 2.23446
    endloop
  endfacet
  facet normal -0.659352 0 0.751835
    outer loop
      vertex 15.3403 2 2.36163
      vertex 15.5124 0 2.51256
      vertex 15.5124 2 2.51256
    endloop
  endfacet
  facet normal -0.659352 0 0.751835
    outer loop
      vertex 15.5124 0 2.51256
      vertex 15.3403 2 2.36163
      vertex 15.3403 0 2.36163
    endloop
  endfacet
  facet normal -0.442314 0 0.89686
    outer loop
      vertex 14.9447 2 2.13321
      vertex 15.15 0 2.23446
      vertex 15.15 2 2.23446
    endloop
  endfacet
  facet normal -0.442314 0 0.89686
    outer loop
      vertex 15.15 0 2.23446
      vertex 14.9447 2 2.13321
      vertex 14.9447 0 2.13321
    endloop
  endfacet
  facet normal 0.659275 0.751902 0
    outer loop
      vertex 7.12278 18.5567 2
      vertex 7.37848 18.3325 8.60832
      vertex 7.37848 18.3325 2
    endloop
  endfacet
  facet normal 0.659275 0.751902 0
    outer loop
      vertex 7.37848 18.3325 8.60832
      vertex 7.12278 18.5567 2
      vertex 7.12278 18.5567 8.66841
    endloop
  endfacet
  facet normal -0.321383 0.946949 0
    outer loop
      vertex 4.86707 19.0054 2
      vertex 4.54502 18.8961 8.75934
      vertex 4.86707 19.0054 8.78863
    endloop
  endfacet
  facet normal -0.321383 0.946949 0
    outer loop
      vertex 4.54502 18.8961 8.75934
      vertex 4.86707 19.0054 2
      vertex 4.54502 18.8961 2
    endloop
  endfacet
  facet normal -0.89686 0.442314 0
    outer loop
      vertex 3.13791 17.489 8.38231
      vertex 3.28833 17.794 2
      vertex 3.13791 17.489 2
    endloop
  endfacet
  facet normal -0.89686 0.442314 0
    outer loop
      vertex 3.28833 17.794 2
      vertex 3.13791 17.489 8.38231
      vertex 3.28833 17.794 8.46404
    endloop
  endfacet
  facet normal 0.89686 0.442314 0
    outer loop
      vertex 7.94209 17.489 8.38231
      vertex 7.79167 17.794 2
      vertex 7.79167 17.794 8.46404
    endloop
  endfacet
  facet normal 0.89686 0.442314 0
    outer loop
      vertex 7.79167 17.794 2
      vertex 7.94209 17.489 8.38231
      vertex 7.94209 17.489 2
    endloop
  endfacet
  facet normal 0.980778 0.195126 0
    outer loop
      vertex 8.11776 16.8334 8.20664
      vertex 8.05141 17.1669 2
      vertex 8.05141 17.1669 8.29601
    endloop
  endfacet
  facet normal 0.980778 0.195126 0
    outer loop
      vertex 8.05141 17.1669 2
      vertex 8.11776 16.8334 8.20664
      vertex 8.11776 16.8334 2
    endloop
  endfacet
  facet normal 0.831484 0.555548 0
    outer loop
      vertex 7.79167 17.794 8.46404
      vertex 7.60272 18.0768 2
      vertex 7.60272 18.0768 8.53981
    endloop
  endfacet
  facet normal 0.831484 0.555548 0
    outer loop
      vertex 7.60272 18.0768 2
      vertex 7.79167 17.794 8.46404
      vertex 7.79167 17.794 2
    endloop
  endfacet
  facet normal 0.751844 0.659341 0
    outer loop
      vertex 7.60272 18.0768 8.53981
      vertex 7.37848 18.3325 2
      vertex 7.37848 18.3325 8.60832
    endloop
  endfacet
  facet normal 0.751844 0.659341 0
    outer loop
      vertex 7.37848 18.3325 2
      vertex 7.60272 18.0768 8.53981
      vertex 7.60272 18.0768 2
    endloop
  endfacet
  facet normal 0.44248 0.896779 0
    outer loop
      vertex 6.53498 18.8961 2
      vertex 6.84 18.7456 8.71903
      vertex 6.84 18.7456 2
    endloop
  endfacet
  facet normal 0.44248 0.896779 0
    outer loop
      vertex 6.84 18.7456 8.71903
      vertex 6.53498 18.8961 2
      vertex 6.53498 18.8961 8.75934
    endloop
  endfacet
  facet normal 0.0655686 0.997848 0
    outer loop
      vertex 5.54 19.094 2
      vertex 5.87937 19.0717 8.80641
      vertex 5.87937 19.0717 2
    endloop
  endfacet
  facet normal 0.0655686 0.997848 0
    outer loop
      vertex 5.87937 19.0717 8.80641
      vertex 5.54 19.094 2
      vertex 5.54 19.094 8.81237
    endloop
  endfacet
  facet normal -0.751844 0.659341 0
    outer loop
      vertex 3.47728 18.0768 8.53981
      vertex 3.70152 18.3325 2
      vertex 3.47728 18.0768 2
    endloop
  endfacet
  facet normal -0.751844 0.659341 0
    outer loop
      vertex 3.70152 18.3325 2
      vertex 3.47728 18.0768 8.53981
      vertex 3.70152 18.3325 8.60832
    endloop
  endfacet
  facet normal -0.44248 0.896779 0
    outer loop
      vertex 4.54502 18.8961 2
      vertex 4.24 18.7456 8.71903
      vertex 4.54502 18.8961 8.75934
    endloop
  endfacet
  facet normal -0.44248 0.896779 0
    outer loop
      vertex 4.24 18.7456 8.71903
      vertex 4.54502 18.8961 2
      vertex 4.24 18.7456 2
    endloop
  endfacet
  facet normal -0.0655686 0.997848 0
    outer loop
      vertex 5.54 19.094 2
      vertex 5.20063 19.0717 8.80641
      vertex 5.54 19.094 8.81237
    endloop
  endfacet
  facet normal -0.0655686 0.997848 0
    outer loop
      vertex 5.20063 19.0717 8.80641
      vertex 5.54 19.094 2
      vertex 5.20063 19.0717 2
    endloop
  endfacet
  facet normal 0.99786 0.0653872 0
    outer loop
      vertex 8.14 16.494 8.1157
      vertex 8.11776 16.8334 2
      vertex 8.11776 16.8334 8.20664
    endloop
  endfacet
  facet normal 0.99786 0.0653872 0
    outer loop
      vertex 8.11776 16.8334 2
      vertex 8.14 16.494 8.1157
      vertex 8.14 16.494 2
    endloop
  endfacet
  facet normal 0.0652758 -0.997867 0
    outer loop
      vertex 5.87937 13.9162 2
      vertex 5.54 13.894 7.41903
      vertex 5.54 13.894 2
    endloop
  endfacet
  facet normal 0.0652758 -0.997867 0
    outer loop
      vertex 5.54 13.894 7.41903
      vertex 5.87937 13.9162 2
      vertex 5.87937 13.9162 7.42499
    endloop
  endfacet
  facet normal 0.831484 -0.555548 0
    outer loop
      vertex 7.60272 14.9112 7.6916
      vertex 7.79167 15.194 2
      vertex 7.79167 15.194 7.76737
    endloop
  endfacet
  facet normal 0.831484 -0.555548 0
    outer loop
      vertex 7.79167 15.194 2
      vertex 7.60272 14.9112 7.6916
      vertex 7.60272 14.9112 2
    endloop
  endfacet
  facet normal -0.0652758 -0.997867 0
    outer loop
      vertex 5.20063 13.9162 2
      vertex 5.54 13.894 7.41903
      vertex 5.20063 13.9162 7.42499
    endloop
  endfacet
  facet normal -0.0652758 -0.997867 -0
    outer loop
      vertex 5.54 13.894 7.41903
      vertex 5.20063 13.9162 2
      vertex 5.54 13.894 2
    endloop
  endfacet
  facet normal -0.659275 -0.751902 0
    outer loop
      vertex 3.70152 14.6555 2
      vertex 3.95722 14.4313 7.563
      vertex 3.70152 14.6555 7.62308
    endloop
  endfacet
  facet normal -0.659275 -0.751902 -0
    outer loop
      vertex 3.95722 14.4313 7.563
      vertex 3.70152 14.6555 2
      vertex 3.95722 14.4313 2
    endloop
  endfacet
  facet normal -0.980778 -0.195126 -0
    outer loop
      vertex 3.02859 15.8211 7.93539
      vertex 2.96224 16.1546 2
      vertex 3.02859 15.8211 2
    endloop
  endfacet
  facet normal -0.980778 -0.195126 0
    outer loop
      vertex 2.96224 16.1546 2
      vertex 3.02859 15.8211 7.93539
      vertex 2.96224 16.1546 8.02477
    endloop
  endfacet
  facet normal 0.946946 0.321391 0
    outer loop
      vertex 8.05141 17.1669 8.29601
      vertex 7.94209 17.489 2
      vertex 7.94209 17.489 8.38231
    endloop
  endfacet
  facet normal 0.946946 0.321391 0
    outer loop
      vertex 7.94209 17.489 2
      vertex 8.05141 17.1669 8.29601
      vertex 8.05141 17.1669 2
    endloop
  endfacet
  facet normal 0.555474 0.831534 0
    outer loop
      vertex 6.84 18.7456 2
      vertex 7.12278 18.5567 8.66841
      vertex 7.12278 18.5567 2
    endloop
  endfacet
  facet normal 0.555474 0.831534 0
    outer loop
      vertex 7.12278 18.5567 8.66841
      vertex 6.84 18.7456 2
      vertex 6.84 18.7456 8.71903
    endloop
  endfacet
  facet normal 0.321383 0.946949 0
    outer loop
      vertex 6.21293 19.0054 2
      vertex 6.53498 18.8961 8.75934
      vertex 6.53498 18.8961 2
    endloop
  endfacet
  facet normal 0.321383 0.946949 0
    outer loop
      vertex 6.53498 18.8961 8.75934
      vertex 6.21293 19.0054 2
      vertex 6.21293 19.0054 8.78863
    endloop
  endfacet
  facet normal 0.194951 0.980813 0
    outer loop
      vertex 5.87937 19.0717 2
      vertex 6.21293 19.0054 8.78863
      vertex 6.21293 19.0054 2
    endloop
  endfacet
  facet normal 0.194951 0.980813 0
    outer loop
      vertex 6.21293 19.0054 8.78863
      vertex 5.87937 19.0717 2
      vertex 5.87937 19.0717 8.80641
    endloop
  endfacet
  facet normal -0.99786 0.0653872 0
    outer loop
      vertex 2.94 16.494 8.1157
      vertex 2.96224 16.8334 2
      vertex 2.94 16.494 2
    endloop
  endfacet
  facet normal -0.99786 0.0653872 0
    outer loop
      vertex 2.96224 16.8334 2
      vertex 2.94 16.494 8.1157
      vertex 2.96224 16.8334 8.20664
    endloop
  endfacet
  facet normal -0.946946 0.321391 0
    outer loop
      vertex 3.02859 17.1669 8.29601
      vertex 3.13791 17.489 2
      vertex 3.02859 17.1669 2
    endloop
  endfacet
  facet normal -0.946946 0.321391 0
    outer loop
      vertex 3.13791 17.489 2
      vertex 3.02859 17.1669 8.29601
      vertex 3.13791 17.489 8.38231
    endloop
  endfacet
  facet normal -0.831484 0.555548 0
    outer loop
      vertex 3.28833 17.794 8.46404
      vertex 3.47728 18.0768 2
      vertex 3.28833 17.794 2
    endloop
  endfacet
  facet normal -0.831484 0.555548 0
    outer loop
      vertex 3.47728 18.0768 2
      vertex 3.28833 17.794 8.46404
      vertex 3.47728 18.0768 8.53981
    endloop
  endfacet
  facet normal -0.194951 0.980813 0
    outer loop
      vertex 5.20063 19.0717 2
      vertex 4.86707 19.0054 8.78863
      vertex 5.20063 19.0717 8.80641
    endloop
  endfacet
  facet normal -0.194951 0.980813 0
    outer loop
      vertex 4.86707 19.0054 8.78863
      vertex 5.20063 19.0717 2
      vertex 4.86707 19.0054 2
    endloop
  endfacet
  facet normal -0.555474 0.831534 0
    outer loop
      vertex 4.24 18.7456 2
      vertex 3.95722 18.5567 8.66841
      vertex 4.24 18.7456 8.71903
    endloop
  endfacet
  facet normal -0.555474 0.831534 0
    outer loop
      vertex 3.95722 18.5567 8.66841
      vertex 4.24 18.7456 2
      vertex 3.95722 18.5567 2
    endloop
  endfacet
  facet normal -0.659275 0.751902 0
    outer loop
      vertex 3.95722 18.5567 2
      vertex 3.70152 18.3325 8.60832
      vertex 3.95722 18.5567 8.66841
    endloop
  endfacet
  facet normal -0.659275 0.751902 0
    outer loop
      vertex 3.70152 18.3325 8.60832
      vertex 3.95722 18.5567 2
      vertex 3.70152 18.3325 2
    endloop
  endfacet
  facet normal 0.980778 -0.195126 0
    outer loop
      vertex 8.05141 15.8211 7.93539
      vertex 8.11776 16.1546 2
      vertex 8.11776 16.1546 8.02477
    endloop
  endfacet
  facet normal 0.980778 -0.195126 0
    outer loop
      vertex 8.11776 16.1546 2
      vertex 8.05141 15.8211 7.93539
      vertex 8.05141 15.8211 2
    endloop
  endfacet
  facet normal 0.195234 -0.980757 0
    outer loop
      vertex 6.21293 13.9826 2
      vertex 5.87937 13.9162 7.42499
      vertex 5.87937 13.9162 2
    endloop
  endfacet
  facet normal 0.195234 -0.980757 0
    outer loop
      vertex 5.87937 13.9162 7.42499
      vertex 6.21293 13.9826 2
      vertex 6.21293 13.9826 7.44277
    endloop
  endfacet
  facet normal 0.751844 -0.659341 0
    outer loop
      vertex 7.37848 14.6555 7.62308
      vertex 7.60272 14.9112 2
      vertex 7.60272 14.9112 7.6916
    endloop
  endfacet
  facet normal 0.751844 -0.659341 0
    outer loop
      vertex 7.60272 14.9112 2
      vertex 7.37848 14.6555 7.62308
      vertex 7.37848 14.6555 2
    endloop
  endfacet
  facet normal 0.659275 -0.751902 0
    outer loop
      vertex 7.37848 14.6555 2
      vertex 7.12278 14.4313 7.563
      vertex 7.12278 14.4313 2
    endloop
  endfacet
  facet normal 0.659275 -0.751902 0
    outer loop
      vertex 7.12278 14.4313 7.563
      vertex 7.37848 14.6555 2
      vertex 7.37848 14.6555 7.62308
    endloop
  endfacet
  facet normal 0.442243 -0.896895 0
    outer loop
      vertex 6.84 14.2423 2
      vertex 6.53498 14.0919 7.47206
      vertex 6.53498 14.0919 2
    endloop
  endfacet
  facet normal 0.442243 -0.896895 0
    outer loop
      vertex 6.53498 14.0919 7.47206
      vertex 6.84 14.2423 2
      vertex 6.84 14.2423 7.51237
    endloop
  endfacet
  facet normal 0.89686 -0.442314 0
    outer loop
      vertex 7.79167 15.194 7.76737
      vertex 7.94209 15.499 2
      vertex 7.94209 15.499 7.8491
    endloop
  endfacet
  facet normal 0.89686 -0.442314 0
    outer loop
      vertex 7.94209 15.499 2
      vertex 7.79167 15.194 7.76737
      vertex 7.79167 15.194 2
    endloop
  endfacet
  facet normal -0.321383 -0.946949 0
    outer loop
      vertex 4.54502 14.0919 2
      vertex 4.86707 13.9826 7.44277
      vertex 4.54502 14.0919 7.47206
    endloop
  endfacet
  facet normal -0.321383 -0.946949 -0
    outer loop
      vertex 4.86707 13.9826 7.44277
      vertex 4.54502 14.0919 2
      vertex 4.86707 13.9826 2
    endloop
  endfacet
  facet normal -0.442243 -0.896895 0
    outer loop
      vertex 4.24 14.2423 2
      vertex 4.54502 14.0919 7.47206
      vertex 4.24 14.2423 7.51237
    endloop
  endfacet
  facet normal -0.442243 -0.896895 -0
    outer loop
      vertex 4.54502 14.0919 7.47206
      vertex 4.24 14.2423 2
      vertex 4.54502 14.0919 2
    endloop
  endfacet
  facet normal -0.946946 -0.321391 -0
    outer loop
      vertex 3.13791 15.499 7.8491
      vertex 3.02859 15.8211 2
      vertex 3.13791 15.499 2
    endloop
  endfacet
  facet normal -0.946946 -0.321391 0
    outer loop
      vertex 3.02859 15.8211 2
      vertex 3.13791 15.499 7.8491
      vertex 3.02859 15.8211 7.93539
    endloop
  endfacet
  facet normal -0.99786 -0.0653872 -0
    outer loop
      vertex 2.96224 16.1546 8.02477
      vertex 2.94 16.494 2
      vertex 2.96224 16.1546 2
    endloop
  endfacet
  facet normal -0.99786 -0.0653872 0
    outer loop
      vertex 2.94 16.494 2
      vertex 2.96224 16.1546 8.02477
      vertex 2.94 16.494 8.1157
    endloop
  endfacet
  facet normal -0.751844 -0.659341 -0
    outer loop
      vertex 3.70152 14.6555 7.62308
      vertex 3.47728 14.9112 2
      vertex 3.70152 14.6555 2
    endloop
  endfacet
  facet normal -0.751844 -0.659341 0
    outer loop
      vertex 3.47728 14.9112 2
      vertex 3.70152 14.6555 7.62308
      vertex 3.47728 14.9112 7.6916
    endloop
  endfacet
  facet normal -0.89686 -0.442314 -0
    outer loop
      vertex 3.28833 15.194 7.76737
      vertex 3.13791 15.499 2
      vertex 3.28833 15.194 2
    endloop
  endfacet
  facet normal -0.89686 -0.442314 0
    outer loop
      vertex 3.13791 15.499 2
      vertex 3.28833 15.194 7.76737
      vertex 3.13791 15.499 7.8491
    endloop
  endfacet
  facet normal -0.980778 0.195126 0
    outer loop
      vertex 2.96224 16.8334 8.20664
      vertex 3.02859 17.1669 2
      vertex 2.96224 16.8334 2
    endloop
  endfacet
  facet normal -0.980778 0.195126 0
    outer loop
      vertex 3.02859 17.1669 2
      vertex 2.96224 16.8334 8.20664
      vertex 3.02859 17.1669 8.29601
    endloop
  endfacet
  facet normal 0.99786 -0.0653872 0
    outer loop
      vertex 8.11776 16.1546 8.02477
      vertex 8.14 16.494 2
      vertex 8.14 16.494 8.1157
    endloop
  endfacet
  facet normal 0.99786 -0.0653872 0
    outer loop
      vertex 8.14 16.494 2
      vertex 8.11776 16.1546 8.02477
      vertex 8.11776 16.1546 2
    endloop
  endfacet
  facet normal 0.321383 -0.946949 0
    outer loop
      vertex 6.53498 14.0919 2
      vertex 6.21293 13.9826 7.44277
      vertex 6.21293 13.9826 2
    endloop
  endfacet
  facet normal 0.321383 -0.946949 0
    outer loop
      vertex 6.21293 13.9826 7.44277
      vertex 6.53498 14.0919 2
      vertex 6.53498 14.0919 7.47206
    endloop
  endfacet
  facet normal 0.555677 -0.831398 0
    outer loop
      vertex 7.12278 14.4313 2
      vertex 6.84 14.2423 7.51237
      vertex 6.84 14.2423 2
    endloop
  endfacet
  facet normal 0.555677 -0.831398 0
    outer loop
      vertex 6.84 14.2423 7.51237
      vertex 7.12278 14.4313 2
      vertex 7.12278 14.4313 7.563
    endloop
  endfacet
  facet normal 0.946946 -0.321391 0
    outer loop
      vertex 7.94209 15.499 7.8491
      vertex 8.05141 15.8211 2
      vertex 8.05141 15.8211 7.93539
    endloop
  endfacet
  facet normal 0.946946 -0.321391 0
    outer loop
      vertex 8.05141 15.8211 2
      vertex 7.94209 15.499 7.8491
      vertex 7.94209 15.499 2
    endloop
  endfacet
  facet normal -0.195234 -0.980757 0
    outer loop
      vertex 4.86707 13.9826 2
      vertex 5.20063 13.9162 7.42499
      vertex 4.86707 13.9826 7.44277
    endloop
  endfacet
  facet normal -0.195234 -0.980757 -0
    outer loop
      vertex 5.20063 13.9162 7.42499
      vertex 4.86707 13.9826 2
      vertex 5.20063 13.9162 2
    endloop
  endfacet
  facet normal -0.555677 -0.831398 0
    outer loop
      vertex 3.95722 14.4313 2
      vertex 4.24 14.2423 7.51237
      vertex 3.95722 14.4313 7.563
    endloop
  endfacet
  facet normal -0.555677 -0.831398 -0
    outer loop
      vertex 4.24 14.2423 7.51237
      vertex 3.95722 14.4313 2
      vertex 4.24 14.2423 2
    endloop
  endfacet
  facet normal -0.831484 -0.555548 -0
    outer loop
      vertex 3.47728 14.9112 7.6916
      vertex 3.28833 15.194 2
      vertex 3.47728 14.9112 2
    endloop
  endfacet
  facet normal -0.831484 -0.555548 0
    outer loop
      vertex 3.28833 15.194 2
      vertex 3.47728 14.9112 7.6916
      vertex 3.28833 15.194 7.76737
    endloop
  endfacet
  facet normal 0 -0.258814 0.965927
    outer loop
      vertex 6.59 16.494 8.1157
      vertex 8.14 16.494 8.1157
      vertex 8.11776 16.8334 8.20664
    endloop
  endfacet
  facet normal -2.09526e-06 -0.258844 0.965919
    outer loop
      vertex 6.56092 16.724 8.17732
      vertex 8.11776 16.8334 8.20664
      vertex 8.05141 17.1669 8.29601
    endloop
  endfacet
  facet normal 0 -0.258787 0.965934
    outer loop
      vertex 8.14 16.494 8.1157
      vertex 6.59 16.494 8.1157
      vertex 8.11776 16.1546 8.02477
    endloop
  endfacet
  facet normal -6.35986e-06 -0.258803 0.96593
    outer loop
      vertex 6.52111 16.8507 8.21128
      vertex 8.05141 17.1669 8.29601
      vertex 7.94209 17.489 8.38231
    endloop
  endfacet
  facet normal 2.88855e-06 -0.258775 0.965938
    outer loop
      vertex 6.58102 16.3616 8.08023
      vertex 8.11776 16.1546 8.02477
      vertex 6.59 16.494 8.1157
    endloop
  endfacet
  facet normal 1.07685e-05 -0.25883 0.965923
    outer loop
      vertex 6.51007 16.8821 8.2197
      vertex 7.94209 17.489 8.38231
      vertex 7.79167 17.794 8.46404
    endloop
  endfacet
  facet normal -4.87334e-05 -0.259133 0.965842
    outer loop
      vertex 6.57432 16.3291 8.07151
      vertex 8.11776 16.1546 8.02477
      vertex 6.58102 16.3616 8.08023
    endloop
  endfacet
  facet normal -1.27942e-05 -0.258808 0.965929
    outer loop
      vertex 6.43025 17.0287 8.25897
      vertex 7.79167 17.794 8.46404
      vertex 7.60272 18.0768 8.53981
    endloop
  endfacet
  facet normal -1.65538e-05 -0.258867 0.965913
    outer loop
      vertex 8.11776 16.1546 8.02477
      vertex 6.57432 16.3291 8.07151
      vertex 8.05141 15.8211 7.93539
    endloop
  endfacet
  facet normal -4.3028e-06 -0.258806 0.965929
    outer loop
      vertex 6.37302 17.1114 8.28114
      vertex 7.60272 18.0768 8.53981
      vertex 7.37848 18.3325 8.60832
    endloop
  endfacet
  facet normal 3.87446e-05 -0.258717 0.965953
    outer loop
      vertex 6.55422 16.2315 8.04537
      vertex 8.05141 15.8211 7.93539
      vertex 6.57432 16.3291 8.07151
    endloop
  endfacet
  facet normal 2.77561e-05 -0.258853 0.965917
    outer loop
      vertex 6.20501 17.2768 8.32544
      vertex 7.37848 18.3325 8.60832
      vertex 7.12278 18.5567 8.66841
    endloop
  endfacet
  facet normal 2.04179e-05 -0.25878 0.965936
    outer loop
      vertex 8.05141 15.8211 7.93539
      vertex 6.55422 16.2315 8.04537
      vertex 7.94209 15.499 7.8491
    endloop
  endfacet
  facet normal 8.94099e-06 -0.258828 0.965924
    outer loop
      vertex 6.1792 17.2986 8.3313
      vertex 7.12278 18.5567 8.66841
      vertex 6.84 18.7456 8.71903
    endloop
  endfacet
  facet normal -5.49796e-05 -0.258913 0.965901
    outer loop
      vertex 6.51007 16.1059 8.0117
      vertex 7.94209 15.499 7.8491
      vertex 6.55422 16.2315 8.04537
    endloop
  endfacet
  facet normal -1.63476e-05 -0.258828 0.965923
    outer loop
      vertex 7.94209 15.499 7.8491
      vertex 6.51007 16.1059 8.0117
      vertex 7.79167 15.194 7.76737
    endloop
  endfacet
  facet normal -9.11727e-06 -0.258776 0.965937
    outer loop
      vertex 8.11776 16.8334 8.20664
      vertex 6.58102 16.6264 8.15117
      vertex 6.59 16.494 8.1157
    endloop
  endfacet
  facet normal -5.15091e-06 -0.258803 0.96593
    outer loop
      vertex 8.11776 16.8334 8.20664
      vertex 6.56092 16.724 8.17732
      vertex 6.58102 16.6264 8.15117
    endloop
  endfacet
  facet normal 8.7607e-05 -0.259125 0.965844
    outer loop
      vertex 8.05141 17.1669 8.29601
      vertex 6.55422 16.7565 8.18604
      vertex 6.56092 16.724 8.17732
    endloop
  endfacet
  facet normal -4.19672e-05 -0.2588 0.965931
    outer loop
      vertex 6.065 17.3723 8.35105
      vertex 6.84 18.7456 8.71903
      vertex 6.53498 18.8961 8.75934
    endloop
  endfacet
  facet normal -4.23544e-06 -0.258813 0.965928
    outer loop
      vertex 8.05141 17.1669 8.29601
      vertex 6.52111 16.8507 8.21128
      vertex 6.55422 16.7565 8.18604
    endloop
  endfacet
  facet normal 7.74717e-05 -0.258977 0.965883
    outer loop
      vertex 7.94209 17.489 8.38231
      vertex 6.51007 16.8821 8.2197
      vertex 6.52111 16.8507 8.21128
    endloop
  endfacet
  facet normal -2.36397e-05 -0.258785 0.965935
    outer loop
      vertex 7.79167 17.794 8.46404
      vertex 6.44933 17.0011 8.25158
      vertex 6.51007 16.8821 8.2197
    endloop
  endfacet
  facet normal -8.08096e-05 -0.258695 0.965959
    outer loop
      vertex 7.79167 17.794 8.46404
      vertex 6.43025 17.0287 8.25897
      vertex 6.44933 17.0011 8.25158
    endloop
  endfacet
  facet normal 6.71382e-05 -0.258891 0.965906
    outer loop
      vertex 7.60272 18.0768 8.53981
      vertex 6.37302 17.1114 8.28114
      vertex 6.43025 17.0287 8.25897
    endloop
  endfacet
  facet normal 9.23497e-05 -0.258881 0.965909
    outer loop
      vertex 7.37848 18.3325 8.60832
      vertex 6.28246 17.2111 8.30787
      vertex 6.37302 17.1114 8.28114
    endloop
  endfacet
  facet normal 1.0747e-05 -0.258816 0.965927
    outer loop
      vertex 5.94182 17.431 8.36678
      vertex 6.53498 18.8961 8.75934
      vertex 6.21293 19.0054 8.78863
    endloop
  endfacet
  facet normal -0.000222353 -0.258594 0.965986
    outer loop
      vertex 7.37848 18.3325 8.60832
      vertex 6.20501 17.2768 8.32544
      vertex 6.28246 17.2111 8.30787
    endloop
  endfacet
  facet normal 0.000427333 -0.25912 0.965845
    outer loop
      vertex 7.12278 18.5567 8.66841
      vertex 6.1792 17.2986 8.3313
      vertex 6.20501 17.2768 8.32544
    endloop
  endfacet
  facet normal 1.15081e-05 -0.258829 0.965923
    outer loop
      vertex 6.84 18.7456 8.71903
      vertex 6.065 17.3723 8.35105
      vertex 6.1792 17.2986 8.3313
    endloop
  endfacet
  facet normal 1.23427e-05 -0.258816 0.965927
    outer loop
      vertex 6.53498 18.8961 8.75934
      vertex 5.94182 17.431 8.36678
      vertex 6.065 17.3723 8.35105
    endloop
  endfacet
  facet normal 4.29374e-05 -0.258821 0.965925
    outer loop
      vertex 5.81176 17.4736 8.3782
      vertex 6.21293 19.0054 8.78863
      vertex 5.87937 19.0717 8.80641
    endloop
  endfacet
  facet normal 3.94648e-05 -0.25882 0.965926
    outer loop
      vertex 6.21293 19.0054 8.78863
      vertex 5.81176 17.4736 8.3782
      vertex 5.94182 17.431 8.36678
    endloop
  endfacet
  facet normal 7.78861e-07 -0.258819 0.965926
    outer loop
      vertex 5.87937 19.0717 8.80641
      vertex 5.67705 17.4995 8.38514
      vertex 5.81176 17.4736 8.3782
    endloop
  endfacet
  facet normal -0.000265332 -0.258787 0.965934
    outer loop
      vertex 5.87937 19.0717 8.80641
      vertex 5.64279 17.5017 8.38572
      vertex 5.67705 17.4995 8.38514
    endloop
  endfacet
  facet normal -4.34184e-05 -0.258819 0.965926
    outer loop
      vertex 5.54 19.094 8.81237
      vertex 5.64279 17.5017 8.38572
      vertex 5.87937 19.0717 8.80641
    endloop
  endfacet
  facet normal -1.55433e-05 -0.258817 0.965926
    outer loop
      vertex 5.54 19.094 8.81237
      vertex 5.54 17.5082 8.38746
      vertex 5.64279 17.5017 8.38572
    endloop
  endfacet
  facet normal 1.55433e-05 -0.258817 0.965926
    outer loop
      vertex 5.54 19.094 8.81237
      vertex 5.43721 17.5017 8.38572
      vertex 5.54 17.5082 8.38746
    endloop
  endfacet
  facet normal 4.34184e-05 -0.258819 0.965926
    outer loop
      vertex 5.20063 19.0717 8.80641
      vertex 5.43721 17.5017 8.38572
      vertex 5.54 19.094 8.81237
    endloop
  endfacet
  facet normal 0.000265332 -0.258787 0.965934
    outer loop
      vertex 5.43721 17.5017 8.38572
      vertex 5.20063 19.0717 8.80641
      vertex 5.40295 17.4995 8.38514
    endloop
  endfacet
  facet normal -7.78861e-07 -0.258819 0.965926
    outer loop
      vertex 5.40295 17.4995 8.38514
      vertex 5.20063 19.0717 8.80641
      vertex 5.26824 17.4736 8.3782
    endloop
  endfacet
  facet normal -4.29374e-05 -0.258821 0.965925
    outer loop
      vertex 4.86707 19.0054 8.78863
      vertex 5.26824 17.4736 8.3782
      vertex 5.20063 19.0717 8.80641
    endloop
  endfacet
  facet normal -3.94648e-05 -0.25882 0.965926
    outer loop
      vertex 5.26824 17.4736 8.3782
      vertex 4.86707 19.0054 8.78863
      vertex 5.13818 17.431 8.36678
    endloop
  endfacet
  facet normal -1.0747e-05 -0.258816 0.965927
    outer loop
      vertex 4.54502 18.8961 8.75934
      vertex 5.13818 17.431 8.36678
      vertex 4.86707 19.0054 8.78863
    endloop
  endfacet
  facet normal -1.23427e-05 -0.258816 0.965927
    outer loop
      vertex 5.13818 17.431 8.36678
      vertex 4.54502 18.8961 8.75934
      vertex 5.015 17.3723 8.35105
    endloop
  endfacet
  facet normal 4.19672e-05 -0.2588 0.965931
    outer loop
      vertex 4.24 18.7456 8.71903
      vertex 5.015 17.3723 8.35105
      vertex 4.54502 18.8961 8.75934
    endloop
  endfacet
  facet normal -1.15081e-05 -0.258829 0.965923
    outer loop
      vertex 5.015 17.3723 8.35105
      vertex 4.24 18.7456 8.71903
      vertex 4.9008 17.2986 8.3313
    endloop
  endfacet
  facet normal -8.94099e-06 -0.258828 0.965924
    outer loop
      vertex 3.95722 18.5567 8.66841
      vertex 4.9008 17.2986 8.3313
      vertex 4.24 18.7456 8.71903
    endloop
  endfacet
  facet normal -0.000427232 -0.25912 0.965845
    outer loop
      vertex 4.9008 17.2986 8.3313
      vertex 3.95722 18.5567 8.66841
      vertex 4.87498 17.2768 8.32544
    endloop
  endfacet
  facet normal -2.77562e-05 -0.258853 0.965917
    outer loop
      vertex 3.70152 18.3325 8.60832
      vertex 4.87498 17.2768 8.32544
      vertex 3.95722 18.5567 8.66841
    endloop
  endfacet
  facet normal 0.000222369 -0.258594 0.965986
    outer loop
      vertex 4.87498 17.2768 8.32544
      vertex 3.70152 18.3325 8.60832
      vertex 4.79754 17.2111 8.30787
    endloop
  endfacet
  facet normal -9.23497e-05 -0.258881 0.965909
    outer loop
      vertex 4.79754 17.2111 8.30787
      vertex 3.70152 18.3325 8.60832
      vertex 4.70698 17.1114 8.28114
    endloop
  endfacet
  facet normal 4.3028e-06 -0.258806 0.965929
    outer loop
      vertex 3.47728 18.0768 8.53981
      vertex 4.70698 17.1114 8.28114
      vertex 3.70152 18.3325 8.60832
    endloop
  endfacet
  facet normal -6.71382e-05 -0.258891 0.965906
    outer loop
      vertex 4.70698 17.1114 8.28114
      vertex 3.47728 18.0768 8.53981
      vertex 4.64975 17.0287 8.25897
    endloop
  endfacet
  facet normal 1.27942e-05 -0.258808 0.965929
    outer loop
      vertex 3.28833 17.794 8.46404
      vertex 4.64975 17.0287 8.25897
      vertex 3.47728 18.0768 8.53981
    endloop
  endfacet
  facet normal 8.08096e-05 -0.258695 0.965959
    outer loop
      vertex 4.64975 17.0287 8.25897
      vertex 3.28833 17.794 8.46404
      vertex 4.63067 17.0011 8.25158
    endloop
  endfacet
  facet normal 2.36397e-05 -0.258785 0.965935
    outer loop
      vertex 4.63067 17.0011 8.25158
      vertex 3.28833 17.794 8.46404
      vertex 4.56993 16.8821 8.2197
    endloop
  endfacet
  facet normal -1.07685e-05 -0.25883 0.965923
    outer loop
      vertex 3.13791 17.489 8.38231
      vertex 4.56993 16.8821 8.2197
      vertex 3.28833 17.794 8.46404
    endloop
  endfacet
  facet normal 1.81108e-05 -0.258783 0.965936
    outer loop
      vertex 6.44933 15.9869 7.97982
      vertex 7.79167 15.194 7.76737
      vertex 6.51007 16.1059 8.0117
    endloop
  endfacet
  facet normal 7.57039e-05 -0.258692 0.96596
    outer loop
      vertex 6.3921 15.9041 7.95765
      vertex 7.79167 15.194 7.76737
      vertex 6.44933 15.9869 7.97982
    endloop
  endfacet
  facet normal 1.25887e-05 -0.258808 0.965929
    outer loop
      vertex 7.79167 15.194 7.76737
      vertex 6.3921 15.9041 7.95765
      vertex 7.60272 14.9112 7.6916
    endloop
  endfacet
  facet normal -0.000391155 -0.259267 0.965806
    outer loop
      vertex 6.37302 15.8766 7.95026
      vertex 7.60272 14.9112 7.6916
      vertex 6.3921 15.9041 7.95765
    endloop
  endfacet
  facet normal 0.000323755 -0.258417 0.966033
    outer loop
      vertex 6.35038 15.8516 7.94358
      vertex 7.60272 14.9112 7.6916
      vertex 6.37302 15.8766 7.95026
    endloop
  endfacet
  facet normal -8.95177e-06 -0.258831 0.965923
    outer loop
      vertex 7.60272 14.9112 7.6916
      vertex 6.35038 15.8516 7.94358
      vertex 7.37848 14.6555 7.62308
    endloop
  endfacet
  facet normal 2.17201e-05 -0.258806 0.965929
    outer loop
      vertex 6.28246 15.7768 7.92354
      vertex 7.37848 14.6555 7.62308
      vertex 6.35038 15.8516 7.94358
    endloop
  endfacet
  facet normal -8.2942e-06 -0.258833 0.965922
    outer loop
      vertex 7.37848 14.6555 7.62308
      vertex 6.28246 15.7768 7.92354
      vertex 7.12278 14.4313 7.563
    endloop
  endfacet
  facet normal 3.96893e-05 -0.258806 0.965929
    outer loop
      vertex 6.1792 15.6893 7.9001
      vertex 7.12278 14.4313 7.563
      vertex 6.28246 15.7768 7.92354
    endloop
  endfacet
  facet normal 3.50146e-05 -0.258809 0.965929
    outer loop
      vertex 7.12278 14.4313 7.563
      vertex 6.1792 15.6893 7.9001
      vertex 6.84 14.2423 7.51237
    endloop
  endfacet
  facet normal -1.15081e-05 -0.258829 0.965923
    outer loop
      vertex 6.065 15.6156 7.88035
      vertex 6.84 14.2423 7.51237
      vertex 6.1792 15.6893 7.9001
    endloop
  endfacet
  facet normal -5.22027e-07 -0.258823 0.965925
    outer loop
      vertex 5.97261 15.5716 7.86856
      vertex 6.84 14.2423 7.51237
      vertex 6.065 15.6156 7.88035
    endloop
  endfacet
  facet normal -2.36236e-05 -0.258837 0.965921
    outer loop
      vertex 6.84 14.2423 7.51237
      vertex 5.97261 15.5716 7.86856
      vertex 6.53498 14.0919 7.47206
    endloop
  endfacet
  facet normal -0.000472803 -0.258996 0.965878
    outer loop
      vertex 5.94182 15.557 7.86463
      vertex 6.53498 14.0919 7.47206
      vertex 5.97261 15.5716 7.86856
    endloop
  endfacet
  facet normal 0.000184505 -0.258748 0.965945
    outer loop
      vertex 5.9093 15.5463 7.86177
      vertex 6.53498 14.0919 7.47206
      vertex 5.94182 15.557 7.86463
    endloop
  endfacet
  facet normal -7.32933e-06 -0.258825 0.965924
    outer loop
      vertex 6.53498 14.0919 7.47206
      vertex 5.9093 15.5463 7.86177
      vertex 6.21293 13.9826 7.44277
    endloop
  endfacet
  facet normal 4.22178e-05 -0.258816 0.965927
    outer loop
      vertex 5.81176 15.5143 7.8532
      vertex 6.21293 13.9826 7.44277
      vertex 5.9093 15.5463 7.86177
    endloop
  endfacet
  facet normal -1.48457e-05 -0.25883 0.965923
    outer loop
      vertex 5.71073 15.4949 7.848
      vertex 6.21293 13.9826 7.44277
      vertex 5.81176 15.5143 7.8532
    endloop
  endfacet
  facet normal 3.33681e-05 -0.258815 0.965927
    outer loop
      vertex 6.21293 13.9826 7.44277
      vertex 5.71073 15.4949 7.848
      vertex 5.87937 13.9162 7.42499
    endloop
  endfacet
  facet normal 0.000327764 -0.258786 0.965935
    outer loop
      vertex 5.67705 15.4884 7.84627
      vertex 5.87937 13.9162 7.42499
      vertex 5.71073 15.4949 7.848
    endloop
  endfacet
  facet normal -0.000178847 -0.258846 0.965918
    outer loop
      vertex 5.54 15.4798 7.84394
      vertex 5.87937 13.9162 7.42499
      vertex 5.67705 15.4884 7.84627
    endloop
  endfacet
  facet normal -3.29638e-05 -0.258817 0.965926
    outer loop
      vertex 5.54 15.4798 7.84394
      vertex 5.54 13.894 7.41903
      vertex 5.87937 13.9162 7.42499
    endloop
  endfacet
  facet normal 0.000180835 -0.258817 0.965926
    outer loop
      vertex 5.40295 15.4884 7.84627
      vertex 5.54 13.894 7.41903
      vertex 5.54 15.4798 7.84394
    endloop
  endfacet
  facet normal -0.000327764 -0.258786 0.965935
    outer loop
      vertex 5.20063 13.9162 7.42499
      vertex 5.40295 15.4884 7.84627
      vertex 5.36927 15.4949 7.848
    endloop
  endfacet
  facet normal 1.48457e-05 -0.25883 0.965923
    outer loop
      vertex 4.86707 13.9826 7.44277
      vertex 5.36927 15.4949 7.848
      vertex 5.26824 15.5143 7.8532
    endloop
  endfacet
  facet normal 3.21275e-05 -0.258829 0.965923
    outer loop
      vertex 5.40295 15.4884 7.84627
      vertex 5.20063 13.9162 7.42499
      vertex 5.54 13.894 7.41903
    endloop
  endfacet
  facet normal -4.22178e-05 -0.258816 0.965927
    outer loop
      vertex 4.86707 13.9826 7.44277
      vertex 5.26824 15.5143 7.8532
      vertex 5.1707 15.5463 7.86177
    endloop
  endfacet
  facet normal -0.000184505 -0.258748 0.965945
    outer loop
      vertex 4.54502 14.0919 7.47206
      vertex 5.1707 15.5463 7.86177
      vertex 5.13818 15.557 7.86463
    endloop
  endfacet
  facet normal 0.000472803 -0.258996 0.965878
    outer loop
      vertex 4.54502 14.0919 7.47206
      vertex 5.13818 15.557 7.86463
      vertex 5.10739 15.5716 7.86856
    endloop
  endfacet
  facet normal 5.22027e-07 -0.258823 0.965925
    outer loop
      vertex 4.24 14.2423 7.51237
      vertex 5.10739 15.5716 7.86856
      vertex 5.015 15.6156 7.88035
    endloop
  endfacet
  facet normal 1.15081e-05 -0.258829 0.965923
    outer loop
      vertex 4.24 14.2423 7.51237
      vertex 5.015 15.6156 7.88035
      vertex 4.9008 15.6893 7.9001
    endloop
  endfacet
  facet normal -3.33681e-05 -0.258815 0.965927
    outer loop
      vertex 5.36927 15.4949 7.848
      vertex 4.86707 13.9826 7.44277
      vertex 5.20063 13.9162 7.42499
    endloop
  endfacet
  facet normal -3.96893e-05 -0.258806 0.965929
    outer loop
      vertex 3.95722 14.4313 7.563
      vertex 4.9008 15.6893 7.9001
      vertex 4.79754 15.7768 7.92354
    endloop
  endfacet
  facet normal -2.17201e-05 -0.258806 0.965929
    outer loop
      vertex 3.70152 14.6555 7.62308
      vertex 4.79754 15.7768 7.92354
      vertex 4.72962 15.8516 7.94358
    endloop
  endfacet
  facet normal -0.000323755 -0.258417 0.966033
    outer loop
      vertex 3.47728 14.9112 7.6916
      vertex 4.72962 15.8516 7.94358
      vertex 4.70698 15.8766 7.95026
    endloop
  endfacet
  facet normal 0.000391155 -0.259267 0.965806
    outer loop
      vertex 3.47728 14.9112 7.6916
      vertex 4.70698 15.8766 7.95026
      vertex 4.6879 15.9041 7.95765
    endloop
  endfacet
  facet normal -7.57039e-05 -0.258692 0.96596
    outer loop
      vertex 3.28833 15.194 7.76737
      vertex 4.6879 15.9041 7.95765
      vertex 4.63067 15.9869 7.97982
    endloop
  endfacet
  facet normal -1.81108e-05 -0.258783 0.965936
    outer loop
      vertex 3.28833 15.194 7.76737
      vertex 4.63067 15.9869 7.97982
      vertex 4.56993 16.1059 8.0117
    endloop
  endfacet
  facet normal 7.32933e-06 -0.258825 0.965924
    outer loop
      vertex 5.1707 15.5463 7.86177
      vertex 4.54502 14.0919 7.47206
      vertex 4.86707 13.9826 7.44277
    endloop
  endfacet
  facet normal 5.49796e-05 -0.258913 0.965901
    outer loop
      vertex 3.13791 15.499 7.8491
      vertex 4.56993 16.1059 8.0117
      vertex 4.52578 16.2315 8.04537
    endloop
  endfacet
  facet normal -3.87446e-05 -0.258717 0.965953
    outer loop
      vertex 3.02859 15.8211 7.93539
      vertex 4.52578 16.2315 8.04537
      vertex 4.50568 16.3291 8.07151
    endloop
  endfacet
  facet normal 4.87334e-05 -0.259133 0.965842
    outer loop
      vertex 2.96224 16.1546 8.02477
      vertex 4.50568 16.3291 8.07151
      vertex 4.49898 16.3616 8.08023
    endloop
  endfacet
  facet normal -2.88855e-06 -0.258775 0.965938
    outer loop
      vertex 2.96224 16.1546 8.02477
      vertex 4.49898 16.3616 8.08023
      vertex 4.49 16.494 8.1157
    endloop
  endfacet
  facet normal -7.74717e-05 -0.258977 0.965883
    outer loop
      vertex 4.56993 16.8821 8.2197
      vertex 3.13791 17.489 8.38231
      vertex 4.55889 16.8507 8.21128
    endloop
  endfacet
  facet normal 2.36236e-05 -0.258837 0.965921
    outer loop
      vertex 5.10739 15.5716 7.86856
      vertex 4.24 14.2423 7.51237
      vertex 4.54502 14.0919 7.47206
    endloop
  endfacet
  facet normal 6.35986e-06 -0.258803 0.96593
    outer loop
      vertex 3.02859 17.1669 8.29601
      vertex 4.55889 16.8507 8.21128
      vertex 3.13791 17.489 8.38231
    endloop
  endfacet
  facet normal -3.50146e-05 -0.258809 0.965929
    outer loop
      vertex 4.9008 15.6893 7.9001
      vertex 3.95722 14.4313 7.563
      vertex 4.24 14.2423 7.51237
    endloop
  endfacet
  facet normal 4.23544e-06 -0.258813 0.965928
    outer loop
      vertex 4.55889 16.8507 8.21128
      vertex 3.02859 17.1669 8.29601
      vertex 4.52578 16.7565 8.18604
    endloop
  endfacet
  facet normal 8.2942e-06 -0.258833 0.965922
    outer loop
      vertex 4.79754 15.7768 7.92354
      vertex 3.70152 14.6555 7.62308
      vertex 3.95722 14.4313 7.563
    endloop
  endfacet
  facet normal -8.7607e-05 -0.259125 0.965844
    outer loop
      vertex 4.52578 16.7565 8.18604
      vertex 3.02859 17.1669 8.29601
      vertex 4.51908 16.724 8.17732
    endloop
  endfacet
  facet normal 8.95177e-06 -0.258831 0.965923
    outer loop
      vertex 4.72962 15.8516 7.94358
      vertex 3.47728 14.9112 7.6916
      vertex 3.70152 14.6555 7.62308
    endloop
  endfacet
  facet normal 2.09526e-06 -0.258844 0.965919
    outer loop
      vertex 2.96224 16.8334 8.20664
      vertex 4.51908 16.724 8.17732
      vertex 3.02859 17.1669 8.29601
    endloop
  endfacet
  facet normal -1.25887e-05 -0.258808 0.965929
    outer loop
      vertex 4.6879 15.9041 7.95765
      vertex 3.28833 15.194 7.76737
      vertex 3.47728 14.9112 7.6916
    endloop
  endfacet
  facet normal 5.15091e-06 -0.258803 0.96593
    outer loop
      vertex 4.51908 16.724 8.17732
      vertex 2.96224 16.8334 8.20664
      vertex 4.49898 16.6264 8.15117
    endloop
  endfacet
  facet normal 1.63476e-05 -0.258828 0.965923
    outer loop
      vertex 4.56993 16.1059 8.0117
      vertex 3.13791 15.499 7.8491
      vertex 3.28833 15.194 7.76737
    endloop
  endfacet
  facet normal 9.11727e-06 -0.258776 0.965937
    outer loop
      vertex 4.49898 16.6264 8.15117
      vertex 2.96224 16.8334 8.20664
      vertex 4.49 16.494 8.1157
    endloop
  endfacet
  facet normal -2.04179e-05 -0.25878 0.965936
    outer loop
      vertex 4.52578 16.2315 8.04537
      vertex 3.02859 15.8211 7.93539
      vertex 3.13791 15.499 7.8491
    endloop
  endfacet
  facet normal 0 -0.258814 0.965927
    outer loop
      vertex 2.94 16.494 8.1157
      vertex 4.49 16.494 8.1157
      vertex 2.96224 16.8334 8.20664
    endloop
  endfacet
  facet normal 1.65538e-05 -0.258867 0.965913
    outer loop
      vertex 4.50568 16.3291 8.07151
      vertex 2.96224 16.1546 8.02477
      vertex 3.02859 15.8211 7.93539
    endloop
  endfacet
  facet normal 0 -0.258787 0.965934
    outer loop
      vertex 4.49 16.494 8.1157
      vertex 2.94 16.494 8.1157
      vertex 2.96224 16.1546 8.02477
    endloop
  endfacet
  facet normal -0.997861 -0.0631468 -0.01692
    outer loop
      vertex 6.59 18.0469 2.32015
      vertex 6.58102 16.6264 8.15117
      vertex 6.58102 18.1793 2.35562
    endloop
  endfacet
  facet normal -0.997861 -0.0631468 -0.01692
    outer loop
      vertex 6.58102 16.6264 8.15117
      vertex 6.59 18.0469 2.32015
      vertex 6.59 16.494 8.1157
    endloop
  endfacet
  facet normal -0.831439 0.536683 0.14381
    outer loop
      vertex 6.37302 17.4295 2.15471
      vertex 6.3921 15.9041 7.95765
      vertex 6.44933 17.5398 2.18427
    endloop
  endfacet
  facet normal -0.830752 0.537676 0.144069
    outer loop
      vertex 6.3921 15.9041 7.95765
      vertex 6.37302 17.4295 2.15471
      vertex 6.37302 15.8766 7.95026
    endloop
  endfacet
  facet normal 0.000141 -0.259003 0.965877
    outer loop
      vertex 5.26824 19.0266 2.58265
      vertex 4.9008 18.8515 2.53575
      vertex 4.70698 18.6643 2.48558
    endloop
  endfacet
  facet normal 0.659871 -0.725774 -0.194481
    outer loop
      vertex 4.79754 18.7641 2.51231
      vertex 4.87498 17.2768 8.32544
      vertex 4.79754 17.2111 8.30787
    endloop
  endfacet
  facet normal -7.23056e-05 -0.259762 0.965673
    outer loop
      vertex 5.81176 19.0266 2.58265
      vertex 5.67705 19.0524 2.58958
      vertex 5.54 19.0611 2.59191
    endloop
  endfacet
  facet normal -0.00024616 -0.258827 0.965924
    outer loop
      vertex 6.58102 17.9145 2.28467
      vertex 6.59 18.0469 2.32015
      vertex 6.55422 18.3094 2.39048
    endloop
  endfacet
  facet normal 0.0653224 -0.963863 -0.258264
    outer loop
      vertex 5.54 19.0611 2.59191
      vertex 5.54 17.5082 8.38746
      vertex 5.43721 17.5017 8.38572
    endloop
  endfacet
  facet normal 0 -0.25923 0.965815
    outer loop
      vertex 5.81176 19.0266 2.58265
      vertex 5.54 19.0611 2.59191
      vertex 5.26824 19.0266 2.58265
    endloop
  endfacet
  facet normal 0.997861 -0.0631468 -0.01692
    outer loop
      vertex 4.49898 16.6264 8.15117
      vertex 4.49 18.0469 2.32015
      vertex 4.49898 18.1793 2.35562
    endloop
  endfacet
  facet normal 0.997861 -0.0631468 -0.01692
    outer loop
      vertex 4.49 18.0469 2.32015
      vertex 4.49898 16.6264 8.15117
      vertex 4.49 16.494 8.1157
    endloop
  endfacet
  facet normal -0.980782 0.18846 0.0504972
    outer loop
      vertex 6.57432 16.3291 8.07151
      vertex 6.55422 17.7844 2.24981
      vertex 6.55422 16.2315 8.04537
    endloop
  endfacet
  facet normal 0 -0.258753 0.965944
    outer loop
      vertex 5.54 17.0327 2.04839
      vertex 5.94182 17.1099 2.06907
      vertex 5.13818 17.1099 2.06907
    endloop
  endfacet
  facet normal 0.896912 0.427141 0.114451
    outer loop
      vertex 4.56993 16.1059 8.0117
      vertex 4.63067 17.5398 2.18427
      vertex 4.56993 17.6588 2.21615
    endloop
  endfacet
  facet normal 0.896912 0.427141 0.114451
    outer loop
      vertex 4.63067 17.5398 2.18427
      vertex 4.56993 16.1059 8.0117
      vertex 4.63067 15.9869 7.97982
    endloop
  endfacet
  facet normal -0.997861 0.0631456 0.0169197
    outer loop
      vertex 6.58102 17.9145 2.28467
      vertex 6.59 16.494 8.1157
      vertex 6.59 18.0469 2.32015
    endloop
  endfacet
  facet normal -0.997861 0.0631468 0.01692
    outer loop
      vertex 6.59 16.494 8.1157
      vertex 6.58102 17.9145 2.28467
      vertex 6.58102 16.3616 8.08023
    endloop
  endfacet
  facet normal 0.000187188 -0.25892 0.965899
    outer loop
      vertex 4.70698 18.6643 2.48558
      vertex 4.56993 18.435 2.42414
      vertex 4.52578 18.3094 2.39048
    endloop
  endfacet
  facet normal -1.7019e-06 -0.258838 0.965921
    outer loop
      vertex 6.51007 17.6588 2.21615
      vertex 6.58102 17.9145 2.28467
      vertex 6.1792 17.2423 2.10454
    endloop
  endfacet
  facet normal 2.01447e-05 -0.258813 0.965927
    outer loop
      vertex 5.13818 17.1099 2.06907
      vertex 4.52578 18.3094 2.39048
      vertex 4.49898 17.9145 2.28467
    endloop
  endfacet
  facet normal -0.000110698 -0.25929 0.965799
    outer loop
      vertex 5.40295 17.0414 2.05071
      vertex 5.54 17.0327 2.04839
      vertex 5.13818 17.1099 2.06907
    endloop
  endfacet
  facet normal 0.442438 -0.866242 -0.232107
    outer loop
      vertex 5.015 17.3723 8.35105
      vertex 5.13818 18.9839 2.57122
      vertex 5.13818 17.431 8.36678
    endloop
  endfacet
  facet normal 0.442422 -0.866249 -0.232109
    outer loop
      vertex 5.13818 18.9839 2.57122
      vertex 5.015 17.3723 8.35105
      vertex 5.015 18.9252 2.5555
    endloop
  endfacet
  facet normal -0.00125711 -0.257652 0.966237
    outer loop
      vertex 4.9008 18.8515 2.53575
      vertex 4.79754 18.7641 2.51231
      vertex 4.70698 18.6643 2.48558
    endloop
  endfacet
  facet normal 0.00024616 -0.258827 0.965924
    outer loop
      vertex 4.49898 17.9145 2.28467
      vertex 4.52578 18.3094 2.39048
      vertex 4.49 18.0469 2.32015
    endloop
  endfacet
  facet normal 0.659464 0.726122 0.194562
    outer loop
      vertex 4.9008 15.6893 7.9001
      vertex 4.79754 17.3297 2.12798
      vertex 4.79754 15.7768 7.92354
    endloop
  endfacet
  facet normal 0.659066 0.726456 0.194664
    outer loop
      vertex 4.79754 17.3297 2.12798
      vertex 4.9008 15.6893 7.9001
      vertex 4.9008 17.2423 2.10454
    endloop
  endfacet
  facet normal 0.555542 0.803153 0.215216
    outer loop
      vertex 5.015 15.6156 7.88035
      vertex 4.9008 17.2423 2.10454
      vertex 4.9008 15.6893 7.9001
    endloop
  endfacet
  facet normal 0.555529 0.803162 0.215219
    outer loop
      vertex 4.9008 17.2423 2.10454
      vertex 5.015 15.6156 7.88035
      vertex 5.015 17.1686 2.0848
    endloop
  endfacet
  facet normal -0.980783 -0.188456 -0.0504961
    outer loop
      vertex 6.58102 18.1793 2.35562
      vertex 6.58102 16.6264 8.15117
      vertex 6.56092 16.724 8.17732
    endloop
  endfacet
  facet normal 0.000331583 -0.258754 0.965943
    outer loop
      vertex 6.59 18.0469 2.32015
      vertex 6.58102 18.1793 2.35562
      vertex 6.55422 18.3094 2.39048
    endloop
  endfacet
  facet normal -0.980773 0.188501 0.0505075
    outer loop
      vertex 6.57432 16.3291 8.07151
      vertex 6.58102 17.9145 2.28467
      vertex 6.55422 17.7844 2.24981
    endloop
  endfacet
  facet normal -0.980748 0.188624 0.0505412
    outer loop
      vertex 6.58102 17.9145 2.28467
      vertex 6.57432 16.3291 8.07151
      vertex 6.58102 16.3616 8.08023
    endloop
  endfacet
  facet normal -0.946914 -0.310533 -0.0832062
    outer loop
      vertex 6.55422 18.3094 2.39048
      vertex 6.55422 16.7565 8.18604
      vertex 6.52111 16.8507 8.21128
    endloop
  endfacet
  facet normal -0.555542 0.803153 0.215216
    outer loop
      vertex 6.1792 17.2423 2.10454
      vertex 6.065 15.6156 7.88035
      vertex 6.1792 15.6893 7.9001
    endloop
  endfacet
  facet normal -0.555529 0.803162 0.215219
    outer loop
      vertex 6.065 15.6156 7.88035
      vertex 6.1792 17.2423 2.10454
      vertex 6.065 17.1686 2.0848
    endloop
  endfacet
  facet normal 0.658197 -0.727194 -0.194849
    outer loop
      vertex 4.87498 17.2768 8.32544
      vertex 4.9008 18.8515 2.53575
      vertex 4.9008 17.2986 8.3313
    endloop
  endfacet
  facet normal 0.659066 -0.726461 -0.194646
    outer loop
      vertex 4.9008 18.8515 2.53575
      vertex 4.87498 17.2768 8.32544
      vertex 4.79754 18.7641 2.51231
    endloop
  endfacet
  facet normal 0.0662625 -0.963808 -0.258233
    outer loop
      vertex 5.40295 17.4995 8.38514
      vertex 5.54 19.0611 2.59191
      vertex 5.43721 17.5017 8.38572
    endloop
  endfacet
  facet normal 0.0655762 -0.963847 -0.25826
    outer loop
      vertex 5.54 19.0611 2.59191
      vertex 5.40295 17.4995 8.38514
      vertex 5.40295 19.0524 2.58958
    endloop
  endfacet
  facet normal 7.23056e-05 -0.259762 0.965673
    outer loop
      vertex 5.54 19.0611 2.59191
      vertex 5.40295 19.0524 2.58958
      vertex 5.26824 19.0266 2.58265
    endloop
  endfacet
  facet normal 0 -0.258799 0.965931
    outer loop
      vertex 5.26824 19.0266 2.58265
      vertex 6.37302 18.6643 2.48558
      vertex 5.81176 19.0266 2.58265
    endloop
  endfacet
  facet normal 0 -0.258799 0.965931
    outer loop
      vertex 6.37302 18.6643 2.48558
      vertex 5.26824 19.0266 2.58265
      vertex 4.70698 18.6643 2.48558
    endloop
  endfacet
  facet normal 0.000123242 -0.258928 0.965897
    outer loop
      vertex 5.26824 19.0266 2.58265
      vertex 5.13818 18.9839 2.57122
      vertex 5.015 18.9252 2.5555
    endloop
  endfacet
  facet normal -0.000331583 -0.258754 0.965943
    outer loop
      vertex 4.52578 18.3094 2.39048
      vertex 4.49898 18.1793 2.35562
      vertex 4.49 18.0469 2.32015
    endloop
  endfacet
  facet normal 0.000304671 -0.258759 0.965942
    outer loop
      vertex 4.52578 17.7844 2.24981
      vertex 4.56993 17.6588 2.21615
      vertex 4.49898 17.9145 2.28467
    endloop
  endfacet
  facet normal 0.946908 0.31055 0.0832108
    outer loop
      vertex 4.52578 16.2315 8.04537
      vertex 4.56993 17.6588 2.21615
      vertex 4.52578 17.7844 2.24981
    endloop
  endfacet
  facet normal 0.94691 0.310545 0.0832095
    outer loop
      vertex 4.56993 17.6588 2.21615
      vertex 4.52578 16.2315 8.04537
      vertex 4.56993 16.1059 8.0117
    endloop
  endfacet
  facet normal 0.997861 0.0631456 0.0169197
    outer loop
      vertex 4.49 16.494 8.1157
      vertex 4.49898 17.9145 2.28467
      vertex 4.49 18.0469 2.32015
    endloop
  endfacet
  facet normal 0.997861 0.0631468 0.01692
    outer loop
      vertex 4.49898 17.9145 2.28467
      vertex 4.49 16.494 8.1157
      vertex 4.49898 16.3616 8.08023
    endloop
  endfacet
  facet normal 0 -0.258823 0.965925
    outer loop
      vertex 6.55422 18.3094 2.39048
      vertex 5.13818 17.1099 2.06907
      vertex 5.94182 17.1099 2.06907
    endloop
  endfacet
  facet normal 0 -0.258823 0.965925
    outer loop
      vertex 5.13818 17.1099 2.06907
      vertex 6.55422 18.3094 2.39048
      vertex 4.52578 18.3094 2.39048
    endloop
  endfacet
  facet normal -5.70107e-05 -0.25887 0.965912
    outer loop
      vertex 4.9008 17.2423 2.10454
      vertex 5.13818 17.1099 2.06907
      vertex 4.49898 17.9145 2.28467
    endloop
  endfacet
  facet normal -0.442215 0.866345 0.232149
    outer loop
      vertex 6.065 15.6156 7.88035
      vertex 6.065 17.1686 2.0848
      vertex 5.97261 15.5716 7.86856
    endloop
  endfacet
  facet normal -0.980773 -0.188501 -0.0505075
    outer loop
      vertex 6.56092 16.724 8.17732
      vertex 6.55422 18.3094 2.39048
      vertex 6.58102 18.1793 2.35562
    endloop
  endfacet
  facet normal -0.980748 -0.188624 -0.0505412
    outer loop
      vertex 6.55422 18.3094 2.39048
      vertex 6.56092 16.724 8.17732
      vertex 6.55422 16.7565 8.18604
    endloop
  endfacet
  facet normal -0.000551655 -0.25843 0.96603
    outer loop
      vertex 6.28246 17.3297 2.12798
      vertex 6.51007 17.6588 2.21615
      vertex 6.1792 17.2423 2.10454
    endloop
  endfacet
  facet normal -0.896912 0.427141 0.114451
    outer loop
      vertex 6.44933 17.5398 2.18427
      vertex 6.51007 16.1059 8.0117
      vertex 6.51007 17.6588 2.21615
    endloop
  endfacet
  facet normal -0.896912 0.427141 0.114451
    outer loop
      vertex 6.51007 16.1059 8.0117
      vertex 6.44933 17.5398 2.18427
      vertex 6.44933 15.9869 7.97982
    endloop
  endfacet
  facet normal -0.322394 0.914351 0.244997
    outer loop
      vertex 5.94182 17.1099 2.06907
      vertex 5.9093 15.5463 7.86177
      vertex 5.94182 15.557 7.86463
    endloop
  endfacet
  facet normal -0.321774 0.914554 0.245055
    outer loop
      vertex 5.9093 15.5463 7.86177
      vertex 5.94182 17.1099 2.06907
      vertex 5.81176 17.0672 2.05765
    endloop
  endfacet
  facet normal -0.440781 0.867019 0.232358
    outer loop
      vertex 6.065 17.1686 2.0848
      vertex 5.94182 15.557 7.86463
      vertex 5.97261 15.5716 7.86856
    endloop
  endfacet
  facet normal -0.442438 0.866242 0.232107
    outer loop
      vertex 5.94182 15.557 7.86463
      vertex 6.065 17.1686 2.0848
      vertex 5.94182 17.1099 2.06907
    endloop
  endfacet
  facet normal 0.980748 -0.188624 -0.0505412
    outer loop
      vertex 4.51908 16.724 8.17732
      vertex 4.52578 18.3094 2.39048
      vertex 4.52578 16.7565 8.18604
    endloop
  endfacet
  facet normal 0.980773 -0.188501 -0.0505075
    outer loop
      vertex 4.52578 18.3094 2.39048
      vertex 4.51908 16.724 8.17732
      vertex 4.49898 18.1793 2.35562
    endloop
  endfacet
  facet normal -0.831433 -0.536693 -0.143803
    outer loop
      vertex 6.44933 18.554 2.45603
      vertex 6.43025 17.0287 8.25897
      vertex 6.37302 18.6643 2.48558
    endloop
  endfacet
  facet normal -0.831622 -0.536419 -0.143732
    outer loop
      vertex 6.43025 17.0287 8.25897
      vertex 6.44933 18.554 2.45603
      vertex 6.44933 17.0011 8.25158
    endloop
  endfacet
  facet normal 0.555542 -0.803157 -0.215203
    outer loop
      vertex 4.9008 17.2986 8.3313
      vertex 5.015 18.9252 2.5555
      vertex 5.015 17.3723 8.35105
    endloop
  endfacet
  facet normal 0.555542 -0.803157 -0.215203
    outer loop
      vertex 5.015 18.9252 2.5555
      vertex 4.9008 17.2986 8.3313
      vertex 4.9008 18.8515 2.53575
    endloop
  endfacet
  facet normal 0.000231098 -0.259179 0.965829
    outer loop
      vertex 5.26824 19.0266 2.58265
      vertex 5.015 18.9252 2.5555
      vertex 4.9008 18.8515 2.53575
    endloop
  endfacet
  facet normal -0.0653224 -0.963863 -0.258264
    outer loop
      vertex 5.54 19.0611 2.59191
      vertex 5.64279 17.5017 8.38572
      vertex 5.54 17.5082 8.38746
    endloop
  endfacet
  facet normal 0.000551655 -0.25843 0.96603
    outer loop
      vertex 4.79754 17.3297 2.12798
      vertex 4.9008 17.2423 2.10454
      vertex 4.56993 17.6588 2.21615
    endloop
  endfacet
  facet normal 0.831439 0.536683 0.14381
    outer loop
      vertex 4.6879 15.9041 7.95765
      vertex 4.70698 17.4295 2.15471
      vertex 4.63067 17.5398 2.18427
    endloop
  endfacet
  facet normal 0.830752 0.537676 0.144069
    outer loop
      vertex 4.70698 17.4295 2.15471
      vertex 4.6879 15.9041 7.95765
      vertex 4.70698 15.8766 7.95026
    endloop
  endfacet
  facet normal 0.442215 0.866345 0.232149
    outer loop
      vertex 5.10739 15.5716 7.86856
      vertex 5.015 17.1686 2.0848
      vertex 5.015 15.6156 7.88035
    endloop
  endfacet
  facet normal 1.7019e-06 -0.258838 0.965921
    outer loop
      vertex 4.56993 17.6588 2.21615
      vertex 4.9008 17.2423 2.10454
      vertex 4.49898 17.9145 2.28467
    endloop
  endfacet
  facet normal -0.000343816 -0.259008 0.965875
    outer loop
      vertex 4.70698 17.4295 2.15471
      vertex 4.79754 17.3297 2.12798
      vertex 4.56993 17.6588 2.21615
    endloop
  endfacet
  facet normal -0.0648759 0.963887 0.258287
    outer loop
      vertex 5.67705 17.0414 2.05071
      vertex 5.54 15.4798 7.84394
      vertex 5.67705 15.4884 7.84627
    endloop
  endfacet
  facet normal -0.0655574 0.963848 0.25826
    outer loop
      vertex 5.54 15.4798 7.84394
      vertex 5.67705 17.0414 2.05071
      vertex 5.54 17.0327 2.04839
    endloop
  endfacet
  facet normal -2.01447e-05 -0.258813 0.965927
    outer loop
      vertex 6.58102 17.9145 2.28467
      vertex 6.55422 18.3094 2.39048
      vertex 5.94182 17.1099 2.06907
    endloop
  endfacet
  facet normal -0.659464 0.726122 0.194562
    outer loop
      vertex 6.28246 17.3297 2.12798
      vertex 6.1792 15.6893 7.9001
      vertex 6.28246 15.7768 7.92354
    endloop
  endfacet
  facet normal -0.659066 0.726456 0.194664
    outer loop
      vertex 6.1792 15.6893 7.9001
      vertex 6.28246 17.3297 2.12798
      vertex 6.1792 17.2423 2.10454
    endloop
  endfacet
  facet normal -0.000517632 -0.258527 0.966004
    outer loop
      vertex 6.44933 17.5398 2.18427
      vertex 6.51007 17.6588 2.21615
      vertex 6.37302 17.4295 2.15471
    endloop
  endfacet
  facet normal -0.946908 0.31055 0.0832108
    outer loop
      vertex 6.51007 17.6588 2.21615
      vertex 6.55422 16.2315 8.04537
      vertex 6.55422 17.7844 2.24981
    endloop
  endfacet
  facet normal -0.94691 0.310545 0.0832095
    outer loop
      vertex 6.55422 16.2315 8.04537
      vertex 6.51007 17.6588 2.21615
      vertex 6.51007 16.1059 8.0117
    endloop
  endfacet
  facet normal 0 -0.258831 0.965923
    outer loop
      vertex 4.70698 18.6643 2.48558
      vertex 6.55422 18.3094 2.39048
      vertex 6.37302 18.6643 2.48558
    endloop
  endfacet
  facet normal 0 -0.258831 0.965923
    outer loop
      vertex 6.55422 18.3094 2.39048
      vertex 4.70698 18.6643 2.48558
      vertex 4.52578 18.3094 2.39048
    endloop
  endfacet
  facet normal 0.831378 -0.536773 -0.143826
    outer loop
      vertex 4.70698 18.6643 2.48558
      vertex 4.70698 17.1114 8.28114
      vertex 4.64975 17.0287 8.25897
    endloop
  endfacet
  facet normal 0.75201 -0.63669 -0.17061
    outer loop
      vertex 4.79754 17.2111 8.30787
      vertex 4.70698 18.6643 2.48558
      vertex 4.79754 18.7641 2.51231
    endloop
  endfacet
  facet normal 0.751704 -0.637029 -0.17069
    outer loop
      vertex 4.70698 18.6643 2.48558
      vertex 4.79754 17.2111 8.30787
      vertex 4.70698 17.1114 8.28114
    endloop
  endfacet
  facet normal 0.831433 -0.536693 -0.143803
    outer loop
      vertex 4.64975 17.0287 8.25897
      vertex 4.63067 18.554 2.45603
      vertex 4.70698 18.6643 2.48558
    endloop
  endfacet
  facet normal 0.831622 -0.536419 -0.143732
    outer loop
      vertex 4.63067 18.554 2.45603
      vertex 4.64975 17.0287 8.25897
      vertex 4.63067 17.0011 8.25158
    endloop
  endfacet
  facet normal 0.000412505 -0.259046 0.965865
    outer loop
      vertex 4.70698 18.6643 2.48558
      vertex 4.63067 18.554 2.45603
      vertex 4.56993 18.435 2.42414
    endloop
  endfacet
  facet normal 0.896916 -0.427134 -0.114449
    outer loop
      vertex 4.63067 17.0011 8.25158
      vertex 4.56993 18.435 2.42414
      vertex 4.63067 18.554 2.45603
    endloop
  endfacet
  facet normal 0.896912 -0.427141 -0.114451
    outer loop
      vertex 4.56993 18.435 2.42414
      vertex 4.63067 17.0011 8.25158
      vertex 4.56993 16.8821 8.2197
    endloop
  endfacet
  facet normal -0.555542 -0.803157 -0.215203
    outer loop
      vertex 6.065 18.9252 2.5555
      vertex 6.1792 17.2986 8.3313
      vertex 6.065 17.3723 8.35105
    endloop
  endfacet
  facet normal -0.555542 -0.803157 -0.215203
    outer loop
      vertex 6.1792 17.2986 8.3313
      vertex 6.065 18.9252 2.5555
      vertex 6.1792 18.8515 2.53575
    endloop
  endfacet
  facet normal -0.896916 -0.427134 -0.114449
    outer loop
      vertex 6.51007 18.435 2.42414
      vertex 6.44933 17.0011 8.25158
      vertex 6.44933 18.554 2.45603
    endloop
  endfacet
  facet normal -0.896912 -0.427141 -0.114451
    outer loop
      vertex 6.44933 17.0011 8.25158
      vertex 6.51007 18.435 2.42414
      vertex 6.51007 16.8821 8.2197
    endloop
  endfacet
  facet normal -0.000412505 -0.259046 0.965865
    outer loop
      vertex 6.51007 18.435 2.42414
      vertex 6.44933 18.554 2.45603
      vertex 6.37302 18.6643 2.48558
    endloop
  endfacet
  facet normal -0.831378 -0.536773 -0.143826
    outer loop
      vertex 6.37302 18.6643 2.48558
      vertex 6.43025 17.0287 8.25897
      vertex 6.37302 17.1114 8.28114
    endloop
  endfacet
  facet normal -0.658341 -0.727072 -0.194817
    outer loop
      vertex 6.1792 18.8515 2.53575
      vertex 6.20501 17.2768 8.32544
      vertex 6.1792 17.2986 8.3313
    endloop
  endfacet
  facet normal -0.659066 -0.72646 -0.194647
    outer loop
      vertex 6.20501 17.2768 8.32544
      vertex 6.1792 18.8515 2.53575
      vertex 6.28246 18.7641 2.51231
    endloop
  endfacet
  facet normal -0.0662625 -0.963808 -0.258233
    outer loop
      vertex 5.54 19.0611 2.59191
      vertex 5.67705 17.4995 8.38514
      vertex 5.64279 17.5017 8.38572
    endloop
  endfacet
  facet normal -0.0655762 -0.963847 -0.25826
    outer loop
      vertex 5.67705 17.4995 8.38514
      vertex 5.54 19.0611 2.59191
      vertex 5.67705 19.0524 2.58958
    endloop
  endfacet
  facet normal -0.195218 -0.947342 -0.253837
    outer loop
      vertex 5.67705 19.0524 2.58958
      vertex 5.81176 17.4736 8.3782
      vertex 5.67705 17.4995 8.38514
    endloop
  endfacet
  facet normal -0.194523 -0.947471 -0.253888
    outer loop
      vertex 5.81176 17.4736 8.3782
      vertex 5.67705 19.0524 2.58958
      vertex 5.81176 19.0266 2.58265
    endloop
  endfacet
  facet normal 0.321144 -0.914758 -0.245122
    outer loop
      vertex 5.13818 17.431 8.36678
      vertex 5.26824 19.0266 2.58265
      vertex 5.26824 17.4736 8.3782
    endloop
  endfacet
  facet normal 0.321791 -0.914549 -0.24505
    outer loop
      vertex 5.26824 19.0266 2.58265
      vertex 5.13818 17.431 8.36678
      vertex 5.13818 18.9839 2.57122
    endloop
  endfacet
  facet normal 0.195218 -0.947342 -0.253837
    outer loop
      vertex 5.26824 17.4736 8.3782
      vertex 5.40295 19.0524 2.58958
      vertex 5.40295 17.4995 8.38514
    endloop
  endfacet
  facet normal 0.194523 -0.947471 -0.253888
    outer loop
      vertex 5.40295 19.0524 2.58958
      vertex 5.26824 17.4736 8.3782
      vertex 5.26824 19.0266 2.58265
    endloop
  endfacet
  facet normal 0.440781 0.867019 0.232358
    outer loop
      vertex 5.13818 15.557 7.86463
      vertex 5.015 17.1686 2.0848
      vertex 5.10739 15.5716 7.86856
    endloop
  endfacet
  facet normal 0.442438 0.866242 0.232107
    outer loop
      vertex 5.015 17.1686 2.0848
      vertex 5.13818 15.557 7.86463
      vertex 5.13818 17.1099 2.06907
    endloop
  endfacet
  facet normal 0.831667 0.536354 0.143715
    outer loop
      vertex 4.6879 15.9041 7.95765
      vertex 4.63067 17.5398 2.18427
      vertex 4.63067 15.9869 7.97982
    endloop
  endfacet
  facet normal 0.000229019 -0.258392 0.96604
    outer loop
      vertex 5.015 17.1686 2.0848
      vertex 5.13818 17.1099 2.06907
      vertex 4.9008 17.2423 2.10454
    endloop
  endfacet
  facet normal 0.322394 0.914351 0.244997
    outer loop
      vertex 5.1707 15.5463 7.86177
      vertex 5.13818 17.1099 2.06907
      vertex 5.13818 15.557 7.86463
    endloop
  endfacet
  facet normal 0.321774 0.914554 0.245055
    outer loop
      vertex 5.13818 17.1099 2.06907
      vertex 5.1707 15.5463 7.86177
      vertex 5.26824 17.0672 2.05765
    endloop
  endfacet
  facet normal 0.980783 -0.188456 -0.0504961
    outer loop
      vertex 4.49898 18.1793 2.35562
      vertex 4.51908 16.724 8.17732
      vertex 4.49898 16.6264 8.15117
    endloop
  endfacet
  facet normal -0.000686438 -0.256415 0.966567
    outer loop
      vertex 5.81176 17.0672 2.05765
      vertex 5.94182 17.1099 2.06907
      vertex 5.67705 17.0414 2.05071
    endloop
  endfacet
  facet normal 0.000110698 -0.25929 0.965799
    outer loop
      vertex 5.67705 17.0414 2.05071
      vertex 5.94182 17.1099 2.06907
      vertex 5.54 17.0327 2.04839
    endloop
  endfacet
  facet normal -0.831667 0.536354 0.143715
    outer loop
      vertex 6.44933 15.9869 7.97982
      vertex 6.44933 17.5398 2.18427
      vertex 6.3921 15.9041 7.95765
    endloop
  endfacet
  facet normal -0.751798 0.636926 0.170662
    outer loop
      vertex 6.35038 15.8516 7.94358
      vertex 6.28246 17.3297 2.12798
      vertex 6.28246 15.7768 7.92354
    endloop
  endfacet
  facet normal -0.000304671 -0.258759 0.965942
    outer loop
      vertex 6.55422 17.7844 2.24981
      vertex 6.58102 17.9145 2.28467
      vertex 6.51007 17.6588 2.21615
    endloop
  endfacet
  facet normal 0.946914 -0.310533 -0.0832062
    outer loop
      vertex 4.52578 18.3094 2.39048
      vertex 4.55889 16.8507 8.21128
      vertex 4.52578 16.7565 8.18604
    endloop
  endfacet
  facet normal 0.94689 -0.310602 -0.0832248
    outer loop
      vertex 4.55889 16.8507 8.21128
      vertex 4.56993 18.435 2.42414
      vertex 4.56993 16.8821 8.2197
    endloop
  endfacet
  facet normal 0.946908 -0.31055 -0.0832105
    outer loop
      vertex 4.56993 18.435 2.42414
      vertex 4.55889 16.8507 8.21128
      vertex 4.52578 18.3094 2.39048
    endloop
  endfacet
  facet normal 0.000517632 -0.258527 0.966004
    outer loop
      vertex 4.63067 17.5398 2.18427
      vertex 4.70698 17.4295 2.15471
      vertex 4.56993 17.6588 2.21615
    endloop
  endfacet
  facet normal 0.980748 0.188624 0.0505412
    outer loop
      vertex 4.50568 16.3291 8.07151
      vertex 4.49898 17.9145 2.28467
      vertex 4.49898 16.3616 8.08023
    endloop
  endfacet
  facet normal 0.980773 0.188501 0.0505075
    outer loop
      vertex 4.49898 17.9145 2.28467
      vertex 4.50568 16.3291 8.07151
      vertex 4.52578 17.7844 2.24981
    endloop
  endfacet
  facet normal 0.980782 0.18846 0.0504972
    outer loop
      vertex 4.52578 16.2315 8.04537
      vertex 4.52578 17.7844 2.24981
      vertex 4.50568 16.3291 8.07151
    endloop
  endfacet
  facet normal 0.00125711 -0.257652 0.966237
    outer loop
      vertex 6.37302 18.6643 2.48558
      vertex 6.28246 18.7641 2.51231
      vertex 6.1792 18.8515 2.53575
    endloop
  endfacet
  facet normal -0.000141 -0.259003 0.965877
    outer loop
      vertex 6.37302 18.6643 2.48558
      vertex 6.1792 18.8515 2.53575
      vertex 5.81176 19.0266 2.58265
    endloop
  endfacet
  facet normal -0.000123242 -0.258928 0.965897
    outer loop
      vertex 6.065 18.9252 2.5555
      vertex 5.94182 18.9839 2.57122
      vertex 5.81176 19.0266 2.58265
    endloop
  endfacet
  facet normal -0.946908 -0.31055 -0.0832105
    outer loop
      vertex 6.52111 16.8507 8.21128
      vertex 6.51007 18.435 2.42414
      vertex 6.55422 18.3094 2.39048
    endloop
  endfacet
  facet normal -0.94689 -0.310602 -0.0832248
    outer loop
      vertex 6.51007 18.435 2.42414
      vertex 6.52111 16.8507 8.21128
      vertex 6.51007 16.8821 8.2197
    endloop
  endfacet
  facet normal -0.000187188 -0.25892 0.965899
    outer loop
      vertex 6.55422 18.3094 2.39048
      vertex 6.51007 18.435 2.42414
      vertex 6.37302 18.6643 2.48558
    endloop
  endfacet
  facet normal 0.000686438 -0.256415 0.966567
    outer loop
      vertex 5.26824 17.0672 2.05765
      vertex 5.40295 17.0414 2.05071
      vertex 5.13818 17.1099 2.06907
    endloop
  endfacet
  facet normal 0.195844 0.947225 0.253791
    outer loop
      vertex 5.40295 15.4884 7.84627
      vertex 5.26824 17.0672 2.05765
      vertex 5.36927 15.4949 7.848
    endloop
  endfacet
  facet normal 0.194541 0.947468 0.253887
    outer loop
      vertex 5.26824 17.0672 2.05765
      vertex 5.40295 15.4884 7.84627
      vertex 5.40295 17.0414 2.05071
    endloop
  endfacet
  facet normal -0.000229019 -0.258392 0.96604
    outer loop
      vertex 6.065 17.1686 2.0848
      vertex 6.1792 17.2423 2.10454
      vertex 5.94182 17.1099 2.06907
    endloop
  endfacet
  facet normal 5.70107e-05 -0.25887 0.965912
    outer loop
      vertex 6.1792 17.2423 2.10454
      vertex 6.58102 17.9145 2.28467
      vertex 5.94182 17.1099 2.06907
    endloop
  endfacet
  facet normal 0.751798 0.636926 0.170662
    outer loop
      vertex 4.79754 15.7768 7.92354
      vertex 4.79754 17.3297 2.12798
      vertex 4.72962 15.8516 7.94358
    endloop
  endfacet
  facet normal 0.752612 0.636028 0.170422
    outer loop
      vertex 4.72962 15.8516 7.94358
      vertex 4.70698 17.4295 2.15471
      vertex 4.70698 15.8766 7.95026
    endloop
  endfacet
  facet normal 0.75201 0.636691 0.170605
    outer loop
      vertex 4.70698 17.4295 2.15471
      vertex 4.72962 15.8516 7.94358
      vertex 4.79754 17.3297 2.12798
    endloop
  endfacet
  facet normal -0.000231098 -0.259179 0.965829
    outer loop
      vertex 6.1792 18.8515 2.53575
      vertex 6.065 18.9252 2.5555
      vertex 5.81176 19.0266 2.58265
    endloop
  endfacet
  facet normal -0.442438 -0.866242 -0.232107
    outer loop
      vertex 5.94182 18.9839 2.57122
      vertex 6.065 17.3723 8.35105
      vertex 5.94182 17.431 8.36678
    endloop
  endfacet
  facet normal -0.442422 -0.866249 -0.232109
    outer loop
      vertex 6.065 17.3723 8.35105
      vertex 5.94182 18.9839 2.57122
      vertex 6.065 18.9252 2.5555
    endloop
  endfacet
  facet normal -0.321144 -0.914758 -0.245122
    outer loop
      vertex 5.81176 19.0266 2.58265
      vertex 5.94182 17.431 8.36678
      vertex 5.81176 17.4736 8.3782
    endloop
  endfacet
  facet normal -0.321791 -0.914549 -0.24505
    outer loop
      vertex 5.94182 17.431 8.36678
      vertex 5.81176 19.0266 2.58265
      vertex 5.94182 18.9839 2.57122
    endloop
  endfacet
  facet normal -0.75201 -0.63669 -0.17061
    outer loop
      vertex 6.37302 18.6643 2.48558
      vertex 6.28246 17.2111 8.30787
      vertex 6.28246 18.7641 2.51231
    endloop
  endfacet
  facet normal -0.751704 -0.637029 -0.17069
    outer loop
      vertex 6.28246 17.2111 8.30787
      vertex 6.37302 18.6643 2.48558
      vertex 6.37302 17.1114 8.28114
    endloop
  endfacet
  facet normal -0.659823 -0.725815 -0.194492
    outer loop
      vertex 6.28246 18.7641 2.51231
      vertex 6.28246 17.2111 8.30787
      vertex 6.20501 17.2768 8.32544
    endloop
  endfacet
  facet normal -0.195844 0.947225 0.253791
    outer loop
      vertex 5.81176 17.0672 2.05765
      vertex 5.67705 15.4884 7.84627
      vertex 5.71073 15.4949 7.848
    endloop
  endfacet
  facet normal -0.194541 0.947468 0.253887
    outer loop
      vertex 5.67705 15.4884 7.84627
      vertex 5.81176 17.0672 2.05765
      vertex 5.67705 17.0414 2.05071
    endloop
  endfacet
  facet normal -0.194985 0.947387 0.253849
    outer loop
      vertex 5.81176 15.5143 7.8532
      vertex 5.81176 17.0672 2.05765
      vertex 5.71073 15.4949 7.848
    endloop
  endfacet
  facet normal 0.32159 0.914615 0.245068
    outer loop
      vertex 5.26824 15.5143 7.8532
      vertex 5.26824 17.0672 2.05765
      vertex 5.1707 15.5463 7.86177
    endloop
  endfacet
  facet normal 0.194985 0.947387 0.253849
    outer loop
      vertex 5.36927 15.4949 7.848
      vertex 5.26824 17.0672 2.05765
      vertex 5.26824 15.5143 7.8532
    endloop
  endfacet
  facet normal 0.000343816 -0.259008 0.965875
    outer loop
      vertex 6.37302 17.4295 2.15471
      vertex 6.51007 17.6588 2.21615
      vertex 6.28246 17.3297 2.12798
    endloop
  endfacet
  facet normal -0.75201 0.636691 0.170605
    outer loop
      vertex 6.35038 15.8516 7.94358
      vertex 6.37302 17.4295 2.15471
      vertex 6.28246 17.3297 2.12798
    endloop
  endfacet
  facet normal -0.752612 0.636028 0.170422
    outer loop
      vertex 6.37302 17.4295 2.15471
      vertex 6.35038 15.8516 7.94358
      vertex 6.37302 15.8766 7.95026
    endloop
  endfacet
  facet normal 0.0648759 0.963887 0.258287
    outer loop
      vertex 5.54 15.4798 7.84394
      vertex 5.40295 17.0414 2.05071
      vertex 5.40295 15.4884 7.84627
    endloop
  endfacet
  facet normal 0.0655574 0.963848 0.25826
    outer loop
      vertex 5.40295 17.0414 2.05071
      vertex 5.54 15.4798 7.84394
      vertex 5.54 17.0327 2.04839
    endloop
  endfacet
  facet normal -0.32159 0.914615 0.245068
    outer loop
      vertex 5.9093 15.5463 7.86177
      vertex 5.81176 17.0672 2.05765
      vertex 5.81176 15.5143 7.8532
    endloop
  endfacet
  facet normal 0.997868 0.0652701 0
    outer loop
      vertex 22.11 16.494 8.1157
      vertex 22.0878 16.8334 2
      vertex 22.0878 16.8334 8.20664
    endloop
  endfacet
  facet normal 0.997868 0.0652701 0
    outer loop
      vertex 22.0878 16.8334 2
      vertex 22.11 16.494 8.1157
      vertex 22.11 16.494 2
    endloop
  endfacet
  facet normal -0.997868 0.0652701 0
    outer loop
      vertex 16.91 16.494 8.1157
      vertex 16.9322 16.8334 2
      vertex 16.91 16.494 2
    endloop
  endfacet
  facet normal -0.997868 0.0652701 0
    outer loop
      vertex 16.9322 16.8334 2
      vertex 16.91 16.494 8.1157
      vertex 16.9322 16.8334 8.20664
    endloop
  endfacet
  facet normal 0.0655628 0.997848 0
    outer loop
      vertex 19.51 19.094 2
      vertex 19.8494 19.0717 8.80641
      vertex 19.8494 19.0717 2
    endloop
  endfacet
  facet normal 0.0655628 0.997848 0
    outer loop
      vertex 19.8494 19.0717 8.80641
      vertex 19.51 19.094 2
      vertex 19.51 19.094 8.81237
    endloop
  endfacet
  facet normal 0.751902 0.659275 0
    outer loop
      vertex 21.5727 18.0768 8.53981
      vertex 21.3485 18.3325 2
      vertex 21.3485 18.3325 8.60832
    endloop
  endfacet
  facet normal 0.751902 0.659275 0
    outer loop
      vertex 21.3485 18.3325 2
      vertex 21.5727 18.0768 8.53981
      vertex 21.5727 18.0768 2
    endloop
  endfacet
  facet normal -0.659275 0.751902 0
    outer loop
      vertex 17.9272 18.5567 2
      vertex 17.6715 18.3325 8.60832
      vertex 17.9272 18.5567 8.66841
    endloop
  endfacet
  facet normal -0.659275 0.751902 0
    outer loop
      vertex 17.6715 18.3325 8.60832
      vertex 17.9272 18.5567 2
      vertex 17.6715 18.3325 2
    endloop
  endfacet
  facet normal -0.321339 0.946964 0
    outer loop
      vertex 18.8371 19.0054 2
      vertex 18.515 18.8961 8.75934
      vertex 18.8371 19.0054 8.78863
    endloop
  endfacet
  facet normal -0.321339 0.946964 0
    outer loop
      vertex 18.515 18.8961 8.75934
      vertex 18.8371 19.0054 2
      vertex 18.515 18.8961 2
    endloop
  endfacet
  facet normal 0.946964 0.321339 0
    outer loop
      vertex 22.0214 17.1669 8.29601
      vertex 21.9121 17.489 2
      vertex 21.9121 17.489 8.38231
    endloop
  endfacet
  facet normal 0.946964 0.321339 0
    outer loop
      vertex 21.9121 17.489 2
      vertex 22.0214 17.1669 8.29601
      vertex 22.0214 17.1669 2
    endloop
  endfacet
  facet normal 0.98075 0.195268 0
    outer loop
      vertex 22.0878 16.8334 8.20664
      vertex 22.0214 17.1669 2
      vertex 22.0214 17.1669 8.29601
    endloop
  endfacet
  facet normal 0.98075 0.195268 0
    outer loop
      vertex 22.0214 17.1669 2
      vertex 22.0878 16.8334 8.20664
      vertex 22.0878 16.8334 2
    endloop
  endfacet
  facet normal 0.442503 0.896767 0
    outer loop
      vertex 20.505 18.8961 2
      vertex 20.81 18.7456 8.71903
      vertex 20.81 18.7456 2
    endloop
  endfacet
  facet normal 0.442503 0.896767 0
    outer loop
      vertex 20.81 18.7456 8.71903
      vertex 20.505 18.8961 2
      vertex 20.505 18.8961 8.75934
    endloop
  endfacet
  facet normal 0.555446 0.831552 0
    outer loop
      vertex 20.81 18.7456 2
      vertex 21.0928 18.5567 8.66841
      vertex 21.0928 18.5567 2
    endloop
  endfacet
  facet normal 0.555446 0.831552 0
    outer loop
      vertex 21.0928 18.5567 8.66841
      vertex 20.81 18.7456 2
      vertex 20.81 18.7456 8.71903
    endloop
  endfacet
  facet normal -0.896884 0.442267 0
    outer loop
      vertex 17.1079 17.489 8.38231
      vertex 17.2583 17.794 2
      vertex 17.1079 17.489 2
    endloop
  endfacet
  facet normal -0.896884 0.442267 0
    outer loop
      vertex 17.2583 17.794 2
      vertex 17.1079 17.489 8.38231
      vertex 17.2583 17.794 8.46404
    endloop
  endfacet
  facet normal -0.946964 0.321339 0
    outer loop
      vertex 16.9986 17.1669 8.29601
      vertex 17.1079 17.489 2
      vertex 16.9986 17.1669 2
    endloop
  endfacet
  facet normal -0.946964 0.321339 0
    outer loop
      vertex 17.1079 17.489 2
      vertex 16.9986 17.1669 8.29601
      vertex 17.1079 17.489 8.38231
    endloop
  endfacet
  facet normal -0.442503 0.896767 0
    outer loop
      vertex 18.515 18.8961 2
      vertex 18.21 18.7456 8.71903
      vertex 18.515 18.8961 8.75934
    endloop
  endfacet
  facet normal -0.442503 0.896767 0
    outer loop
      vertex 18.21 18.7456 8.71903
      vertex 18.515 18.8961 2
      vertex 18.21 18.7456 2
    endloop
  endfacet
  facet normal -0.0655628 0.997848 0
    outer loop
      vertex 19.51 19.094 2
      vertex 19.1706 19.0717 8.80641
      vertex 19.51 19.094 8.81237
    endloop
  endfacet
  facet normal -0.0655628 0.997848 0
    outer loop
      vertex 19.1706 19.0717 8.80641
      vertex 19.51 19.094 2
      vertex 19.1706 19.0717 2
    endloop
  endfacet
  facet normal 0.0652701 -0.997868 0
    outer loop
      vertex 19.8494 13.9162 2
      vertex 19.51 13.894 7.41903
      vertex 19.51 13.894 2
    endloop
  endfacet
  facet normal 0.0652701 -0.997868 0
    outer loop
      vertex 19.51 13.894 7.41903
      vertex 19.8494 13.9162 2
      vertex 19.8494 13.9162 7.42499
    endloop
  endfacet
  facet normal 0.98075 -0.195268 0
    outer loop
      vertex 22.0214 15.8211 7.93539
      vertex 22.0878 16.1546 2
      vertex 22.0878 16.1546 8.02477
    endloop
  endfacet
  facet normal 0.98075 -0.195268 0
    outer loop
      vertex 22.0878 16.1546 2
      vertex 22.0214 15.8211 7.93539
      vertex 22.0214 15.8211 2
    endloop
  endfacet
  facet normal -0.659275 -0.751902 0
    outer loop
      vertex 17.6715 14.6555 2
      vertex 17.9272 14.4313 7.563
      vertex 17.6715 14.6555 7.62308
    endloop
  endfacet
  facet normal -0.659275 -0.751902 -0
    outer loop
      vertex 17.9272 14.4313 7.563
      vertex 17.6715 14.6555 2
      vertex 17.9272 14.4313 2
    endloop
  endfacet
  facet normal -0.896884 -0.442267 -0
    outer loop
      vertex 17.2583 15.194 7.76737
      vertex 17.1079 15.499 2
      vertex 17.2583 15.194 2
    endloop
  endfacet
  facet normal -0.896884 -0.442267 0
    outer loop
      vertex 17.1079 15.499 2
      vertex 17.2583 15.194 7.76737
      vertex 17.1079 15.499 7.8491
    endloop
  endfacet
  facet normal 0.831417 0.55565 0
    outer loop
      vertex 21.7617 17.794 8.46404
      vertex 21.5727 18.0768 2
      vertex 21.5727 18.0768 8.53981
    endloop
  endfacet
  facet normal 0.831417 0.55565 0
    outer loop
      vertex 21.5727 18.0768 2
      vertex 21.7617 17.794 8.46404
      vertex 21.7617 17.794 2
    endloop
  endfacet
  facet normal 0.896884 0.442267 0
    outer loop
      vertex 21.9121 17.489 8.38231
      vertex 21.7617 17.794 2
      vertex 21.7617 17.794 8.46404
    endloop
  endfacet
  facet normal 0.896884 0.442267 0
    outer loop
      vertex 21.7617 17.794 2
      vertex 21.9121 17.489 8.38231
      vertex 21.9121 17.489 2
    endloop
  endfacet
  facet normal 0.321339 0.946964 0
    outer loop
      vertex 20.1829 19.0054 2
      vertex 20.505 18.8961 8.75934
      vertex 20.505 18.8961 2
    endloop
  endfacet
  facet normal 0.321339 0.946964 0
    outer loop
      vertex 20.505 18.8961 8.75934
      vertex 20.1829 19.0054 2
      vertex 20.1829 19.0054 8.78863
    endloop
  endfacet
  facet normal 0.194985 0.980806 0
    outer loop
      vertex 19.8494 19.0717 2
      vertex 20.1829 19.0054 8.78863
      vertex 20.1829 19.0054 2
    endloop
  endfacet
  facet normal 0.194985 0.980806 0
    outer loop
      vertex 20.1829 19.0054 8.78863
      vertex 19.8494 19.0717 2
      vertex 19.8494 19.0717 8.80641
    endloop
  endfacet
  facet normal 0.659275 0.751902 0
    outer loop
      vertex 21.0928 18.5567 2
      vertex 21.3485 18.3325 8.60832
      vertex 21.3485 18.3325 2
    endloop
  endfacet
  facet normal 0.659275 0.751902 0
    outer loop
      vertex 21.3485 18.3325 8.60832
      vertex 21.0928 18.5567 2
      vertex 21.0928 18.5567 8.66841
    endloop
  endfacet
  facet normal -0.831417 0.55565 0
    outer loop
      vertex 17.2583 17.794 8.46404
      vertex 17.4473 18.0768 2
      vertex 17.2583 17.794 2
    endloop
  endfacet
  facet normal -0.831417 0.55565 0
    outer loop
      vertex 17.4473 18.0768 2
      vertex 17.2583 17.794 8.46404
      vertex 17.4473 18.0768 8.53981
    endloop
  endfacet
  facet normal -0.751902 0.659275 0
    outer loop
      vertex 17.4473 18.0768 8.53981
      vertex 17.6715 18.3325 2
      vertex 17.4473 18.0768 2
    endloop
  endfacet
  facet normal -0.751902 0.659275 0
    outer loop
      vertex 17.6715 18.3325 2
      vertex 17.4473 18.0768 8.53981
      vertex 17.6715 18.3325 8.60832
    endloop
  endfacet
  facet normal -0.98075 0.195268 0
    outer loop
      vertex 16.9322 16.8334 8.20664
      vertex 16.9986 17.1669 2
      vertex 16.9322 16.8334 2
    endloop
  endfacet
  facet normal -0.98075 0.195268 0
    outer loop
      vertex 16.9986 17.1669 2
      vertex 16.9322 16.8334 8.20664
      vertex 16.9986 17.1669 8.29601
    endloop
  endfacet
  facet normal -0.555446 0.831552 0
    outer loop
      vertex 18.21 18.7456 2
      vertex 17.9272 18.5567 8.66841
      vertex 18.21 18.7456 8.71903
    endloop
  endfacet
  facet normal -0.555446 0.831552 0
    outer loop
      vertex 17.9272 18.5567 8.66841
      vertex 18.21 18.7456 2
      vertex 17.9272 18.5567 2
    endloop
  endfacet
  facet normal -0.194985 0.980806 0
    outer loop
      vertex 19.1706 19.0717 2
      vertex 18.8371 19.0054 8.78863
      vertex 19.1706 19.0717 8.80641
    endloop
  endfacet
  facet normal -0.194985 0.980806 0
    outer loop
      vertex 18.8371 19.0054 8.78863
      vertex 19.1706 19.0717 2
      vertex 18.8371 19.0054 2
    endloop
  endfacet
  facet normal 0.997868 -0.0652701 0
    outer loop
      vertex 22.0878 16.1546 8.02477
      vertex 22.11 16.494 2
      vertex 22.11 16.494 8.1157
    endloop
  endfacet
  facet normal 0.997868 -0.0652701 0
    outer loop
      vertex 22.11 16.494 2
      vertex 22.0878 16.1546 8.02477
      vertex 22.0878 16.1546 2
    endloop
  endfacet
  facet normal 0.195268 -0.98075 0
    outer loop
      vertex 20.1829 13.9826 2
      vertex 19.8494 13.9162 7.42499
      vertex 19.8494 13.9162 2
    endloop
  endfacet
  facet normal 0.195268 -0.98075 0
    outer loop
      vertex 19.8494 13.9162 7.42499
      vertex 20.1829 13.9826 2
      vertex 20.1829 13.9826 7.44277
    endloop
  endfacet
  facet normal 0.659275 -0.751902 0
    outer loop
      vertex 21.3485 14.6555 2
      vertex 21.0928 14.4313 7.563
      vertex 21.0928 14.4313 2
    endloop
  endfacet
  facet normal 0.659275 -0.751902 0
    outer loop
      vertex 21.0928 14.4313 7.563
      vertex 21.3485 14.6555 2
      vertex 21.3485 14.6555 7.62308
    endloop
  endfacet
  facet normal 0.442267 -0.896884 0
    outer loop
      vertex 20.81 14.2423 2
      vertex 20.505 14.0919 7.47206
      vertex 20.505 14.0919 2
    endloop
  endfacet
  facet normal 0.442267 -0.896884 0
    outer loop
      vertex 20.505 14.0919 7.47206
      vertex 20.81 14.2423 2
      vertex 20.81 14.2423 7.51237
    endloop
  endfacet
  facet normal 0.831417 -0.55565 0
    outer loop
      vertex 21.5727 14.9112 7.6916
      vertex 21.7617 15.194 2
      vertex 21.7617 15.194 7.76737
    endloop
  endfacet
  facet normal 0.831417 -0.55565 0
    outer loop
      vertex 21.7617 15.194 2
      vertex 21.5727 14.9112 7.6916
      vertex 21.5727 14.9112 2
    endloop
  endfacet
  facet normal 0.946964 -0.321339 0
    outer loop
      vertex 21.9121 15.499 7.8491
      vertex 22.0214 15.8211 2
      vertex 22.0214 15.8211 7.93539
    endloop
  endfacet
  facet normal 0.946964 -0.321339 0
    outer loop
      vertex 22.0214 15.8211 2
      vertex 21.9121 15.499 7.8491
      vertex 21.9121 15.499 2
    endloop
  endfacet
  facet normal -0.55565 -0.831417 0
    outer loop
      vertex 17.9272 14.4313 2
      vertex 18.21 14.2423 7.51237
      vertex 17.9272 14.4313 7.563
    endloop
  endfacet
  facet normal -0.55565 -0.831417 -0
    outer loop
      vertex 18.21 14.2423 7.51237
      vertex 17.9272 14.4313 2
      vertex 18.21 14.2423 2
    endloop
  endfacet
  facet normal -0.321339 -0.946964 0
    outer loop
      vertex 18.515 14.0919 2
      vertex 18.8371 13.9826 7.44277
      vertex 18.515 14.0919 7.47206
    endloop
  endfacet
  facet normal -0.321339 -0.946964 -0
    outer loop
      vertex 18.8371 13.9826 7.44277
      vertex 18.515 14.0919 2
      vertex 18.8371 13.9826 2
    endloop
  endfacet
  facet normal -0.0652701 -0.997868 0
    outer loop
      vertex 19.1706 13.9162 2
      vertex 19.51 13.894 7.41903
      vertex 19.1706 13.9162 7.42499
    endloop
  endfacet
  facet normal -0.0652701 -0.997868 -0
    outer loop
      vertex 19.51 13.894 7.41903
      vertex 19.1706 13.9162 2
      vertex 19.51 13.894 2
    endloop
  endfacet
  facet normal -0.831417 -0.55565 -0
    outer loop
      vertex 17.4473 14.9112 7.6916
      vertex 17.2583 15.194 2
      vertex 17.4473 14.9112 2
    endloop
  endfacet
  facet normal -0.831417 -0.55565 0
    outer loop
      vertex 17.2583 15.194 2
      vertex 17.4473 14.9112 7.6916
      vertex 17.2583 15.194 7.76737
    endloop
  endfacet
  facet normal -0.946964 -0.321339 -0
    outer loop
      vertex 17.1079 15.499 7.8491
      vertex 16.9986 15.8211 2
      vertex 17.1079 15.499 2
    endloop
  endfacet
  facet normal -0.946964 -0.321339 0
    outer loop
      vertex 16.9986 15.8211 2
      vertex 17.1079 15.499 7.8491
      vertex 16.9986 15.8211 7.93539
    endloop
  endfacet
  facet normal -0.997868 -0.0652701 -0
    outer loop
      vertex 16.9322 16.1546 8.02477
      vertex 16.91 16.494 2
      vertex 16.9322 16.1546 2
    endloop
  endfacet
  facet normal -0.997868 -0.0652701 0
    outer loop
      vertex 16.91 16.494 2
      vertex 16.9322 16.1546 8.02477
      vertex 16.91 16.494 8.1157
    endloop
  endfacet
  facet normal 0.321339 -0.946964 0
    outer loop
      vertex 20.505 14.0919 2
      vertex 20.1829 13.9826 7.44277
      vertex 20.1829 13.9826 2
    endloop
  endfacet
  facet normal 0.321339 -0.946964 0
    outer loop
      vertex 20.1829 13.9826 7.44277
      vertex 20.505 14.0919 2
      vertex 20.505 14.0919 7.47206
    endloop
  endfacet
  facet normal 0.751902 -0.659275 0
    outer loop
      vertex 21.3485 14.6555 7.62308
      vertex 21.5727 14.9112 2
      vertex 21.5727 14.9112 7.6916
    endloop
  endfacet
  facet normal 0.751902 -0.659275 0
    outer loop
      vertex 21.5727 14.9112 2
      vertex 21.3485 14.6555 7.62308
      vertex 21.3485 14.6555 2
    endloop
  endfacet
  facet normal 0.55565 -0.831417 0
    outer loop
      vertex 21.0928 14.4313 2
      vertex 20.81 14.2423 7.51237
      vertex 20.81 14.2423 2
    endloop
  endfacet
  facet normal 0.55565 -0.831417 0
    outer loop
      vertex 20.81 14.2423 7.51237
      vertex 21.0928 14.4313 2
      vertex 21.0928 14.4313 7.563
    endloop
  endfacet
  facet normal 0.896884 -0.442267 0
    outer loop
      vertex 21.7617 15.194 7.76737
      vertex 21.9121 15.499 2
      vertex 21.9121 15.499 7.8491
    endloop
  endfacet
  facet normal 0.896884 -0.442267 0
    outer loop
      vertex 21.9121 15.499 2
      vertex 21.7617 15.194 7.76737
      vertex 21.7617 15.194 2
    endloop
  endfacet
  facet normal -0.442267 -0.896884 0
    outer loop
      vertex 18.21 14.2423 2
      vertex 18.515 14.0919 7.47206
      vertex 18.21 14.2423 7.51237
    endloop
  endfacet
  facet normal -0.442267 -0.896884 -0
    outer loop
      vertex 18.515 14.0919 7.47206
      vertex 18.21 14.2423 2
      vertex 18.515 14.0919 2
    endloop
  endfacet
  facet normal -0.195268 -0.98075 0
    outer loop
      vertex 18.8371 13.9826 2
      vertex 19.1706 13.9162 7.42499
      vertex 18.8371 13.9826 7.44277
    endloop
  endfacet
  facet normal -0.195268 -0.98075 -0
    outer loop
      vertex 19.1706 13.9162 7.42499
      vertex 18.8371 13.9826 2
      vertex 19.1706 13.9162 2
    endloop
  endfacet
  facet normal -0.751902 -0.659275 -0
    outer loop
      vertex 17.6715 14.6555 7.62308
      vertex 17.4473 14.9112 2
      vertex 17.6715 14.6555 2
    endloop
  endfacet
  facet normal -0.751902 -0.659275 0
    outer loop
      vertex 17.4473 14.9112 2
      vertex 17.6715 14.6555 7.62308
      vertex 17.4473 14.9112 7.6916
    endloop
  endfacet
  facet normal -0.98075 -0.195268 -0
    outer loop
      vertex 16.9986 15.8211 7.93539
      vertex 16.9322 16.1546 2
      vertex 16.9986 15.8211 2
    endloop
  endfacet
  facet normal -0.98075 -0.195268 0
    outer loop
      vertex 16.9322 16.1546 2
      vertex 16.9986 15.8211 7.93539
      vertex 16.9322 16.1546 8.02477
    endloop
  endfacet
  facet normal 0 -0.258814 0.965927
    outer loop
      vertex 20.56 16.494 8.1157
      vertex 22.11 16.494 8.1157
      vertex 22.0878 16.8334 8.20664
    endloop
  endfacet
  facet normal -2.09516e-06 -0.258844 0.965919
    outer loop
      vertex 20.5309 16.724 8.17732
      vertex 22.0878 16.8334 8.20664
      vertex 22.0214 17.1669 8.29601
    endloop
  endfacet
  facet normal 0 -0.258787 0.965934
    outer loop
      vertex 22.11 16.494 8.1157
      vertex 20.56 16.494 8.1157
      vertex 22.0878 16.1546 8.02477
    endloop
  endfacet
  facet normal -6.35993e-06 -0.258803 0.96593
    outer loop
      vertex 20.4911 16.8507 8.21128
      vertex 22.0214 17.1669 8.29601
      vertex 21.9121 17.489 8.38231
    endloop
  endfacet
  facet normal 2.88838e-06 -0.258775 0.965938
    outer loop
      vertex 20.551 16.3616 8.08023
      vertex 22.0878 16.1546 8.02477
      vertex 20.56 16.494 8.1157
    endloop
  endfacet
  facet normal 1.07689e-05 -0.25883 0.965923
    outer loop
      vertex 20.4801 16.8821 8.2197
      vertex 21.9121 17.489 8.38231
      vertex 21.7617 17.794 8.46404
    endloop
  endfacet
  facet normal -4.87315e-05 -0.259133 0.965842
    outer loop
      vertex 20.5443 16.3291 8.07151
      vertex 22.0878 16.1546 8.02477
      vertex 20.551 16.3616 8.08023
    endloop
  endfacet
  facet normal -1.27928e-05 -0.258808 0.965929
    outer loop
      vertex 20.4002 17.0287 8.25897
      vertex 21.7617 17.794 8.46404
      vertex 21.5727 18.0768 8.53981
    endloop
  endfacet
  facet normal -1.65529e-05 -0.258867 0.965913
    outer loop
      vertex 22.0878 16.1546 8.02477
      vertex 20.5443 16.3291 8.07151
      vertex 22.0214 15.8211 7.93539
    endloop
  endfacet
  facet normal -4.30311e-06 -0.258806 0.965929
    outer loop
      vertex 20.343 17.1114 8.28114
      vertex 21.5727 18.0768 8.53981
      vertex 21.3485 18.3325 8.60832
    endloop
  endfacet
  facet normal 3.87443e-05 -0.258717 0.965953
    outer loop
      vertex 20.5242 16.2315 8.04537
      vertex 22.0214 15.8211 7.93539
      vertex 20.5443 16.3291 8.07151
    endloop
  endfacet
  facet normal 2.77557e-05 -0.258853 0.965917
    outer loop
      vertex 20.175 17.2768 8.32544
      vertex 21.3485 18.3325 8.60832
      vertex 21.0928 18.5567 8.66841
    endloop
  endfacet
  facet normal 2.04181e-05 -0.25878 0.965936
    outer loop
      vertex 22.0214 15.8211 7.93539
      vertex 20.5242 16.2315 8.04537
      vertex 21.9121 15.499 7.8491
    endloop
  endfacet
  facet normal 8.94051e-06 -0.258828 0.965924
    outer loop
      vertex 20.1492 17.2986 8.3313
      vertex 21.0928 18.5567 8.66841
      vertex 20.81 18.7456 8.71903
    endloop
  endfacet
  facet normal -5.49884e-05 -0.258913 0.965901
    outer loop
      vertex 20.4801 16.1059 8.0117
      vertex 21.9121 15.499 7.8491
      vertex 20.5242 16.2315 8.04537
    endloop
  endfacet
  facet normal -1.63482e-05 -0.258828 0.965923
    outer loop
      vertex 21.9121 15.499 7.8491
      vertex 20.4801 16.1059 8.0117
      vertex 21.7617 15.194 7.76737
    endloop
  endfacet
  facet normal -9.11673e-06 -0.258776 0.965937
    outer loop
      vertex 22.0878 16.8334 8.20664
      vertex 20.551 16.6264 8.15117
      vertex 20.56 16.494 8.1157
    endloop
  endfacet
  facet normal -5.15071e-06 -0.258803 0.96593
    outer loop
      vertex 22.0878 16.8334 8.20664
      vertex 20.5309 16.724 8.17732
      vertex 20.551 16.6264 8.15117
    endloop
  endfacet
  facet normal 8.76064e-05 -0.259125 0.965844
    outer loop
      vertex 22.0214 17.1669 8.29601
      vertex 20.5242 16.7565 8.18604
      vertex 20.5309 16.724 8.17732
    endloop
  endfacet
  facet normal -4.19693e-05 -0.2588 0.965931
    outer loop
      vertex 20.035 17.3723 8.35105
      vertex 20.81 18.7456 8.71903
      vertex 20.505 18.8961 8.75934
    endloop
  endfacet
  facet normal -4.23552e-06 -0.258813 0.965928
    outer loop
      vertex 22.0214 17.1669 8.29601
      vertex 20.4911 16.8507 8.21128
      vertex 20.5242 16.7565 8.18604
    endloop
  endfacet
  facet normal 7.7509e-05 -0.258977 0.965883
    outer loop
      vertex 21.9121 17.489 8.38231
      vertex 20.4801 16.8821 8.2197
      vertex 20.4911 16.8507 8.21128
    endloop
  endfacet
  facet normal -2.36335e-05 -0.258785 0.965935
    outer loop
      vertex 21.7617 17.794 8.46404
      vertex 20.4193 17.0011 8.25158
      vertex 20.4801 16.8821 8.2197
    endloop
  endfacet
  facet normal -8.07825e-05 -0.258695 0.965959
    outer loop
      vertex 21.7617 17.794 8.46404
      vertex 20.4002 17.0287 8.25897
      vertex 20.4193 17.0011 8.25158
    endloop
  endfacet
  facet normal 6.71506e-05 -0.258891 0.965906
    outer loop
      vertex 21.5727 18.0768 8.53981
      vertex 20.343 17.1114 8.28114
      vertex 20.4002 17.0287 8.25897
    endloop
  endfacet
  facet normal 9.23801e-05 -0.258881 0.965909
    outer loop
      vertex 21.3485 18.3325 8.60832
      vertex 20.2525 17.2111 8.30787
      vertex 20.343 17.1114 8.28114
    endloop
  endfacet
  facet normal 1.07454e-05 -0.258816 0.965927
    outer loop
      vertex 19.9118 17.431 8.36678
      vertex 20.505 18.8961 8.75934
      vertex 20.1829 19.0054 8.78863
    endloop
  endfacet
  facet normal -0.000222276 -0.258594 0.965986
    outer loop
      vertex 21.3485 18.3325 8.60832
      vertex 20.175 17.2768 8.32544
      vertex 20.2525 17.2111 8.30787
    endloop
  endfacet
  facet normal 0.000427431 -0.25912 0.965845
    outer loop
      vertex 21.0928 18.5567 8.66841
      vertex 20.1492 17.2986 8.3313
      vertex 20.175 17.2768 8.32544
    endloop
  endfacet
  facet normal 1.15081e-05 -0.258829 0.965923
    outer loop
      vertex 20.81 18.7456 8.71903
      vertex 20.035 17.3723 8.35105
      vertex 20.1492 17.2986 8.3313
    endloop
  endfacet
  facet normal 1.23409e-05 -0.258816 0.965927
    outer loop
      vertex 20.505 18.8961 8.75934
      vertex 19.9118 17.431 8.36678
      vertex 20.035 17.3723 8.35105
    endloop
  endfacet
  facet normal 4.29451e-05 -0.258821 0.965925
    outer loop
      vertex 19.7818 17.4736 8.3782
      vertex 20.1829 19.0054 8.78863
      vertex 19.8494 19.0717 8.80641
    endloop
  endfacet
  facet normal 3.94821e-05 -0.25882 0.965926
    outer loop
      vertex 20.1829 19.0054 8.78863
      vertex 19.7818 17.4736 8.3782
      vertex 19.9118 17.431 8.36678
    endloop
  endfacet
  facet normal 7.78919e-07 -0.258819 0.965926
    outer loop
      vertex 19.8494 19.0717 8.80641
      vertex 19.6471 17.4995 8.38514
      vertex 19.7818 17.4736 8.3782
    endloop
  endfacet
  facet normal -0.000265025 -0.258787 0.965934
    outer loop
      vertex 19.8494 19.0717 8.80641
      vertex 19.6128 17.5017 8.38572
      vertex 19.6471 17.4995 8.38514
    endloop
  endfacet
  facet normal -4.34145e-05 -0.258819 0.965926
    outer loop
      vertex 19.51 19.094 8.81237
      vertex 19.6128 17.5017 8.38572
      vertex 19.8494 19.0717 8.80641
    endloop
  endfacet
  facet normal -1.55418e-05 -0.258817 0.965926
    outer loop
      vertex 19.51 19.094 8.81237
      vertex 19.51 17.5082 8.38746
      vertex 19.6128 17.5017 8.38572
    endloop
  endfacet
  facet normal 1.55418e-05 -0.258817 0.965926
    outer loop
      vertex 19.51 19.094 8.81237
      vertex 19.4072 17.5017 8.38572
      vertex 19.51 17.5082 8.38746
    endloop
  endfacet
  facet normal 4.34145e-05 -0.258819 0.965926
    outer loop
      vertex 19.1706 19.0717 8.80641
      vertex 19.4072 17.5017 8.38572
      vertex 19.51 19.094 8.81237
    endloop
  endfacet
  facet normal 0.000265025 -0.258787 0.965934
    outer loop
      vertex 19.4072 17.5017 8.38572
      vertex 19.1706 19.0717 8.80641
      vertex 19.3729 17.4995 8.38514
    endloop
  endfacet
  facet normal -7.78919e-07 -0.258819 0.965926
    outer loop
      vertex 19.3729 17.4995 8.38514
      vertex 19.1706 19.0717 8.80641
      vertex 19.2382 17.4736 8.3782
    endloop
  endfacet
  facet normal -4.29451e-05 -0.258821 0.965925
    outer loop
      vertex 18.8371 19.0054 8.78863
      vertex 19.2382 17.4736 8.3782
      vertex 19.1706 19.0717 8.80641
    endloop
  endfacet
  facet normal -3.94821e-05 -0.25882 0.965926
    outer loop
      vertex 19.2382 17.4736 8.3782
      vertex 18.8371 19.0054 8.78863
      vertex 19.1082 17.431 8.36678
    endloop
  endfacet
  facet normal -1.07454e-05 -0.258816 0.965927
    outer loop
      vertex 18.515 18.8961 8.75934
      vertex 19.1082 17.431 8.36678
      vertex 18.8371 19.0054 8.78863
    endloop
  endfacet
  facet normal -1.23409e-05 -0.258816 0.965927
    outer loop
      vertex 19.1082 17.431 8.36678
      vertex 18.515 18.8961 8.75934
      vertex 18.985 17.3723 8.35105
    endloop
  endfacet
  facet normal 4.19693e-05 -0.2588 0.965931
    outer loop
      vertex 18.21 18.7456 8.71903
      vertex 18.985 17.3723 8.35105
      vertex 18.515 18.8961 8.75934
    endloop
  endfacet
  facet normal -1.15081e-05 -0.258829 0.965923
    outer loop
      vertex 18.985 17.3723 8.35105
      vertex 18.21 18.7456 8.71903
      vertex 18.8708 17.2986 8.3313
    endloop
  endfacet
  facet normal -8.94051e-06 -0.258828 0.965924
    outer loop
      vertex 17.9272 18.5567 8.66841
      vertex 18.8708 17.2986 8.3313
      vertex 18.21 18.7456 8.71903
    endloop
  endfacet
  facet normal -0.000427431 -0.25912 0.965845
    outer loop
      vertex 18.8708 17.2986 8.3313
      vertex 17.9272 18.5567 8.66841
      vertex 18.845 17.2768 8.32544
    endloop
  endfacet
  facet normal -2.77557e-05 -0.258853 0.965917
    outer loop
      vertex 17.6715 18.3325 8.60832
      vertex 18.845 17.2768 8.32544
      vertex 17.9272 18.5567 8.66841
    endloop
  endfacet
  facet normal 0.000222276 -0.258594 0.965986
    outer loop
      vertex 18.845 17.2768 8.32544
      vertex 17.6715 18.3325 8.60832
      vertex 18.7675 17.2111 8.30787
    endloop
  endfacet
  facet normal -9.23801e-05 -0.258881 0.965909
    outer loop
      vertex 18.7675 17.2111 8.30787
      vertex 17.6715 18.3325 8.60832
      vertex 18.677 17.1114 8.28114
    endloop
  endfacet
  facet normal 4.30311e-06 -0.258806 0.965929
    outer loop
      vertex 17.4473 18.0768 8.53981
      vertex 18.677 17.1114 8.28114
      vertex 17.6715 18.3325 8.60832
    endloop
  endfacet
  facet normal -6.71093e-05 -0.258891 0.965906
    outer loop
      vertex 18.677 17.1114 8.28114
      vertex 17.4473 18.0768 8.53981
      vertex 18.6197 17.0287 8.25897
    endloop
  endfacet
  facet normal 1.27934e-05 -0.258808 0.965929
    outer loop
      vertex 17.2583 17.794 8.46404
      vertex 18.6197 17.0287 8.25897
      vertex 17.4473 18.0768 8.53981
    endloop
  endfacet
  facet normal 8.09054e-05 -0.258695 0.965959
    outer loop
      vertex 18.6197 17.0287 8.25897
      vertex 17.2583 17.794 8.46404
      vertex 18.6007 17.0011 8.25158
    endloop
  endfacet
  facet normal 2.36335e-05 -0.258785 0.965935
    outer loop
      vertex 18.6007 17.0011 8.25158
      vertex 17.2583 17.794 8.46404
      vertex 18.5399 16.8821 8.2197
    endloop
  endfacet
  facet normal -1.07689e-05 -0.25883 0.965923
    outer loop
      vertex 17.1079 17.489 8.38231
      vertex 18.5399 16.8821 8.2197
      vertex 17.2583 17.794 8.46404
    endloop
  endfacet
  facet normal 1.8106e-05 -0.258783 0.965936
    outer loop
      vertex 20.4193 15.9869 7.97982
      vertex 21.7617 15.194 7.76737
      vertex 20.4801 16.1059 8.0117
    endloop
  endfacet
  facet normal 7.5713e-05 -0.258692 0.96596
    outer loop
      vertex 20.3621 15.9041 7.95765
      vertex 21.7617 15.194 7.76737
      vertex 20.4193 15.9869 7.97982
    endloop
  endfacet
  facet normal 1.25877e-05 -0.258808 0.965929
    outer loop
      vertex 21.7617 15.194 7.76737
      vertex 20.3621 15.9041 7.95765
      vertex 21.5727 14.9112 7.6916
    endloop
  endfacet
  facet normal -0.00039101 -0.259267 0.965806
    outer loop
      vertex 20.343 15.8766 7.95026
      vertex 21.5727 14.9112 7.6916
      vertex 20.3621 15.9041 7.95765
    endloop
  endfacet
  facet normal 0.000323993 -0.258417 0.966033
    outer loop
      vertex 20.3204 15.8516 7.94358
      vertex 21.5727 14.9112 7.6916
      vertex 20.343 15.8766 7.95026
    endloop
  endfacet
  facet normal -8.95257e-06 -0.258831 0.965923
    outer loop
      vertex 21.5727 14.9112 7.6916
      vertex 20.3204 15.8516 7.94358
      vertex 21.3485 14.6555 7.62308
    endloop
  endfacet
  facet normal 2.17234e-05 -0.258806 0.965929
    outer loop
      vertex 20.2525 15.7768 7.92354
      vertex 21.3485 14.6555 7.62308
      vertex 20.3204 15.8516 7.94358
    endloop
  endfacet
  facet normal -8.29426e-06 -0.258833 0.965922
    outer loop
      vertex 21.3485 14.6555 7.62308
      vertex 20.2525 15.7768 7.92354
      vertex 21.0928 14.4313 7.563
    endloop
  endfacet
  facet normal 3.96796e-05 -0.258806 0.965929
    outer loop
      vertex 20.1492 15.6893 7.9001
      vertex 21.0928 14.4313 7.563
      vertex 20.2525 15.7768 7.92354
    endloop
  endfacet
  facet normal 3.50127e-05 -0.258809 0.965929
    outer loop
      vertex 21.0928 14.4313 7.563
      vertex 20.1492 15.6893 7.9001
      vertex 20.81 14.2423 7.51237
    endloop
  endfacet
  facet normal -1.15081e-05 -0.258829 0.965923
    outer loop
      vertex 20.035 15.6156 7.88035
      vertex 20.81 14.2423 7.51237
      vertex 20.1492 15.6893 7.9001
    endloop
  endfacet
  facet normal -5.21982e-07 -0.258823 0.965925
    outer loop
      vertex 19.9426 15.5716 7.86856
      vertex 20.81 14.2423 7.51237
      vertex 20.035 15.6156 7.88035
    endloop
  endfacet
  facet normal -2.36247e-05 -0.258837 0.965921
    outer loop
      vertex 20.81 14.2423 7.51237
      vertex 19.9426 15.5716 7.86856
      vertex 20.505 14.0919 7.47206
    endloop
  endfacet
  facet normal -0.000472669 -0.258996 0.965878
    outer loop
      vertex 19.9118 15.557 7.86463
      vertex 20.505 14.0919 7.47206
      vertex 19.9426 15.5716 7.86856
    endloop
  endfacet
  facet normal 0.000184604 -0.258748 0.965945
    outer loop
      vertex 19.8793 15.5463 7.86177
      vertex 20.505 14.0919 7.47206
      vertex 19.9118 15.557 7.86463
    endloop
  endfacet
  facet normal -7.3283e-06 -0.258825 0.965924
    outer loop
      vertex 20.505 14.0919 7.47206
      vertex 19.8793 15.5463 7.86177
      vertex 20.1829 13.9826 7.44277
    endloop
  endfacet
  facet normal 4.22343e-05 -0.258816 0.965927
    outer loop
      vertex 19.7818 15.5143 7.8532
      vertex 20.1829 13.9826 7.44277
      vertex 19.8793 15.5463 7.86177
    endloop
  endfacet
  facet normal -1.4836e-05 -0.25883 0.965923
    outer loop
      vertex 19.6807 15.4949 7.848
      vertex 20.1829 13.9826 7.44277
      vertex 19.7818 15.5143 7.8532
    endloop
  endfacet
  facet normal 3.33737e-05 -0.258815 0.965927
    outer loop
      vertex 20.1829 13.9826 7.44277
      vertex 19.6807 15.4949 7.848
      vertex 19.8494 13.9162 7.42499
    endloop
  endfacet
  facet normal 0.000328527 -0.258785 0.965935
    outer loop
      vertex 19.6471 15.4884 7.84627
      vertex 19.8494 13.9162 7.42499
      vertex 19.6807 15.4949 7.848
    endloop
  endfacet
  facet normal -0.000178782 -0.258846 0.965918
    outer loop
      vertex 19.51 15.4798 7.84394
      vertex 19.8494 13.9162 7.42499
      vertex 19.6471 15.4884 7.84627
    endloop
  endfacet
  facet normal -3.29608e-05 -0.258817 0.965926
    outer loop
      vertex 19.51 15.4798 7.84394
      vertex 19.51 13.894 7.41903
      vertex 19.8494 13.9162 7.42499
    endloop
  endfacet
  facet normal 0.000180769 -0.258817 0.965926
    outer loop
      vertex 19.3729 15.4884 7.84627
      vertex 19.51 13.894 7.41903
      vertex 19.51 15.4798 7.84394
    endloop
  endfacet
  facet normal -0.000328527 -0.258785 0.965935
    outer loop
      vertex 19.1706 13.9162 7.42499
      vertex 19.3729 15.4884 7.84627
      vertex 19.3393 15.4949 7.848
    endloop
  endfacet
  facet normal 1.4836e-05 -0.25883 0.965923
    outer loop
      vertex 18.8371 13.9826 7.44277
      vertex 19.3393 15.4949 7.848
      vertex 19.2382 15.5143 7.8532
    endloop
  endfacet
  facet normal 3.21247e-05 -0.258829 0.965923
    outer loop
      vertex 19.3729 15.4884 7.84627
      vertex 19.1706 13.9162 7.42499
      vertex 19.51 13.894 7.41903
    endloop
  endfacet
  facet normal -4.22343e-05 -0.258816 0.965927
    outer loop
      vertex 18.8371 13.9826 7.44277
      vertex 19.2382 15.5143 7.8532
      vertex 19.1407 15.5463 7.86177
    endloop
  endfacet
  facet normal -0.000184604 -0.258748 0.965945
    outer loop
      vertex 18.515 14.0919 7.47206
      vertex 19.1407 15.5463 7.86177
      vertex 19.1082 15.557 7.86463
    endloop
  endfacet
  facet normal 0.000472669 -0.258996 0.965878
    outer loop
      vertex 18.515 14.0919 7.47206
      vertex 19.1082 15.557 7.86463
      vertex 19.0774 15.5716 7.86856
    endloop
  endfacet
  facet normal 5.21982e-07 -0.258823 0.965925
    outer loop
      vertex 18.21 14.2423 7.51237
      vertex 19.0774 15.5716 7.86856
      vertex 18.985 15.6156 7.88035
    endloop
  endfacet
  facet normal 1.15081e-05 -0.258829 0.965923
    outer loop
      vertex 18.21 14.2423 7.51237
      vertex 18.985 15.6156 7.88035
      vertex 18.8708 15.6893 7.9001
    endloop
  endfacet
  facet normal -3.33737e-05 -0.258815 0.965927
    outer loop
      vertex 19.3393 15.4949 7.848
      vertex 18.8371 13.9826 7.44277
      vertex 19.1706 13.9162 7.42499
    endloop
  endfacet
  facet normal -3.96796e-05 -0.258806 0.965929
    outer loop
      vertex 17.9272 14.4313 7.563
      vertex 18.8708 15.6893 7.9001
      vertex 18.7675 15.7768 7.92354
    endloop
  endfacet
  facet normal -2.17234e-05 -0.258806 0.965929
    outer loop
      vertex 17.6715 14.6555 7.62308
      vertex 18.7675 15.7768 7.92354
      vertex 18.6996 15.8516 7.94358
    endloop
  endfacet
  facet normal -0.000323993 -0.258417 0.966033
    outer loop
      vertex 17.4473 14.9112 7.6916
      vertex 18.6996 15.8516 7.94358
      vertex 18.677 15.8766 7.95026
    endloop
  endfacet
  facet normal 0.00039101 -0.259267 0.965806
    outer loop
      vertex 17.4473 14.9112 7.6916
      vertex 18.677 15.8766 7.95026
      vertex 18.6579 15.9041 7.95765
    endloop
  endfacet
  facet normal -7.5713e-05 -0.258692 0.96596
    outer loop
      vertex 17.2583 15.194 7.76737
      vertex 18.6579 15.9041 7.95765
      vertex 18.6007 15.9869 7.97982
    endloop
  endfacet
  facet normal -1.8106e-05 -0.258783 0.965936
    outer loop
      vertex 17.2583 15.194 7.76737
      vertex 18.6007 15.9869 7.97982
      vertex 18.5399 16.1059 8.0117
    endloop
  endfacet
  facet normal 7.3283e-06 -0.258825 0.965924
    outer loop
      vertex 19.1407 15.5463 7.86177
      vertex 18.515 14.0919 7.47206
      vertex 18.8371 13.9826 7.44277
    endloop
  endfacet
  facet normal 5.49884e-05 -0.258913 0.965901
    outer loop
      vertex 17.1079 15.499 7.8491
      vertex 18.5399 16.1059 8.0117
      vertex 18.4958 16.2315 8.04537
    endloop
  endfacet
  facet normal -3.87443e-05 -0.258717 0.965953
    outer loop
      vertex 16.9986 15.8211 7.93539
      vertex 18.4958 16.2315 8.04537
      vertex 18.4757 16.3291 8.07151
    endloop
  endfacet
  facet normal 4.87315e-05 -0.259133 0.965842
    outer loop
      vertex 16.9322 16.1546 8.02477
      vertex 18.4757 16.3291 8.07151
      vertex 18.469 16.3616 8.08023
    endloop
  endfacet
  facet normal -2.88838e-06 -0.258775 0.965938
    outer loop
      vertex 16.9322 16.1546 8.02477
      vertex 18.469 16.3616 8.08023
      vertex 18.46 16.494 8.1157
    endloop
  endfacet
  facet normal -7.7509e-05 -0.258977 0.965883
    outer loop
      vertex 18.5399 16.8821 8.2197
      vertex 17.1079 17.489 8.38231
      vertex 18.5289 16.8507 8.21128
    endloop
  endfacet
  facet normal 2.36247e-05 -0.258837 0.965921
    outer loop
      vertex 19.0774 15.5716 7.86856
      vertex 18.21 14.2423 7.51237
      vertex 18.515 14.0919 7.47206
    endloop
  endfacet
  facet normal 6.35993e-06 -0.258803 0.96593
    outer loop
      vertex 16.9986 17.1669 8.29601
      vertex 18.5289 16.8507 8.21128
      vertex 17.1079 17.489 8.38231
    endloop
  endfacet
  facet normal -3.50127e-05 -0.258809 0.965929
    outer loop
      vertex 18.8708 15.6893 7.9001
      vertex 17.9272 14.4313 7.563
      vertex 18.21 14.2423 7.51237
    endloop
  endfacet
  facet normal 4.23552e-06 -0.258813 0.965928
    outer loop
      vertex 18.5289 16.8507 8.21128
      vertex 16.9986 17.1669 8.29601
      vertex 18.4958 16.7565 8.18604
    endloop
  endfacet
  facet normal 8.29426e-06 -0.258833 0.965922
    outer loop
      vertex 18.7675 15.7768 7.92354
      vertex 17.6715 14.6555 7.62308
      vertex 17.9272 14.4313 7.563
    endloop
  endfacet
  facet normal -8.76064e-05 -0.259125 0.965844
    outer loop
      vertex 18.4958 16.7565 8.18604
      vertex 16.9986 17.1669 8.29601
      vertex 18.4891 16.724 8.17732
    endloop
  endfacet
  facet normal 8.95257e-06 -0.258831 0.965923
    outer loop
      vertex 18.6996 15.8516 7.94358
      vertex 17.4473 14.9112 7.6916
      vertex 17.6715 14.6555 7.62308
    endloop
  endfacet
  facet normal 2.09516e-06 -0.258844 0.965919
    outer loop
      vertex 16.9322 16.8334 8.20664
      vertex 18.4891 16.724 8.17732
      vertex 16.9986 17.1669 8.29601
    endloop
  endfacet
  facet normal -1.25877e-05 -0.258808 0.965929
    outer loop
      vertex 18.6579 15.9041 7.95765
      vertex 17.2583 15.194 7.76737
      vertex 17.4473 14.9112 7.6916
    endloop
  endfacet
  facet normal 5.15071e-06 -0.258803 0.96593
    outer loop
      vertex 18.4891 16.724 8.17732
      vertex 16.9322 16.8334 8.20664
      vertex 18.469 16.6264 8.15117
    endloop
  endfacet
  facet normal 1.63482e-05 -0.258828 0.965923
    outer loop
      vertex 18.5399 16.1059 8.0117
      vertex 17.1079 15.499 7.8491
      vertex 17.2583 15.194 7.76737
    endloop
  endfacet
  facet normal 9.11673e-06 -0.258776 0.965937
    outer loop
      vertex 18.469 16.6264 8.15117
      vertex 16.9322 16.8334 8.20664
      vertex 18.46 16.494 8.1157
    endloop
  endfacet
  facet normal -2.04181e-05 -0.25878 0.965936
    outer loop
      vertex 18.4958 16.2315 8.04537
      vertex 16.9986 15.8211 7.93539
      vertex 17.1079 15.499 7.8491
    endloop
  endfacet
  facet normal 0 -0.258814 0.965927
    outer loop
      vertex 16.91 16.494 8.1157
      vertex 18.46 16.494 8.1157
      vertex 16.9322 16.8334 8.20664
    endloop
  endfacet
  facet normal 1.65529e-05 -0.258867 0.965913
    outer loop
      vertex 18.4757 16.3291 8.07151
      vertex 16.9322 16.1546 8.02477
      vertex 16.9986 15.8211 7.93539
    endloop
  endfacet
  facet normal 0 -0.258787 0.965934
    outer loop
      vertex 18.46 16.494 8.1157
      vertex 16.91 16.494 8.1157
      vertex 16.9322 16.1546 8.02477
    endloop
  endfacet
  facet normal -0.997851 -0.0632868 -0.0169575
    outer loop
      vertex 20.56 18.0469 2.32015
      vertex 20.551 16.6264 8.15117
      vertex 20.551 18.1793 2.35562
    endloop
  endfacet
  facet normal -0.997851 -0.0632868 -0.0169575
    outer loop
      vertex 20.551 16.6264 8.15117
      vertex 20.56 18.0469 2.32015
      vertex 20.56 16.494 8.1157
    endloop
  endfacet
  facet normal -0.752226 0.636451 0.170544
    outer loop
      vertex 20.3204 15.8516 7.94358
      vertex 20.343 17.4295 2.15471
      vertex 20.2525 17.3297 2.12798
    endloop
  endfacet
  facet normal -0.753188 0.635391 0.170251
    outer loop
      vertex 20.343 17.4295 2.15471
      vertex 20.3204 15.8516 7.94358
      vertex 20.343 15.8766 7.95026
    endloop
  endfacet
  facet normal -0.00125227 -0.257657 0.966236
    outer loop
      vertex 18.8708 18.8515 2.53575
      vertex 18.7675 18.7641 2.51231
      vertex 18.677 18.6643 2.48558
    endloop
  endfacet
  facet normal -0.831512 -0.536578 -0.143774
    outer loop
      vertex 20.343 18.6643 2.48558
      vertex 20.4002 17.0287 8.25897
      vertex 20.343 17.1114 8.28114
    endloop
  endfacet
  facet normal -0.000231195 -0.259179 0.965829
    outer loop
      vertex 20.1492 18.8515 2.53575
      vertex 20.035 18.9252 2.5555
      vertex 19.7818 19.0266 2.58265
    endloop
  endfacet
  facet normal -0.000331946 -0.258754 0.965943
    outer loop
      vertex 18.4958 18.3094 2.39048
      vertex 18.469 18.1793 2.35562
      vertex 18.46 18.0469 2.32015
    endloop
  endfacet
  facet normal -2.01447e-05 -0.258813 0.965927
    outer loop
      vertex 20.551 17.9145 2.28467
      vertex 20.5242 18.3094 2.39048
      vertex 19.9118 17.1099 2.06907
    endloop
  endfacet
  facet normal -0.980773 -0.188501 -0.0505075
    outer loop
      vertex 20.5309 16.724 8.17732
      vertex 20.5242 18.3094 2.39048
      vertex 20.551 18.1793 2.35562
    endloop
  endfacet
  facet normal -0.980748 -0.188624 -0.0505412
    outer loop
      vertex 20.5242 18.3094 2.39048
      vertex 20.5309 16.724 8.17732
      vertex 20.5242 16.7565 8.18604
    endloop
  endfacet
  facet normal 0.947244 -0.309593 -0.0829543
    outer loop
      vertex 18.5289 16.8507 8.21128
      vertex 18.5399 18.435 2.42414
      vertex 18.5399 16.8821 8.2197
    endloop
  endfacet
  facet normal 0.947019 -0.310234 -0.0831302
    outer loop
      vertex 18.5399 18.435 2.42414
      vertex 18.5289 16.8507 8.21128
      vertex 18.4958 18.3094 2.39048
    endloop
  endfacet
  facet normal 1.70102e-06 -0.258838 0.965921
    outer loop
      vertex 18.5399 17.6588 2.21615
      vertex 18.8708 17.2423 2.10454
      vertex 18.469 17.9145 2.28467
    endloop
  endfacet
  facet normal 0.000686117 -0.256417 0.966566
    outer loop
      vertex 19.2382 17.0672 2.05765
      vertex 19.3729 17.0414 2.05071
      vertex 19.1082 17.1099 2.06907
    endloop
  endfacet
  facet normal 0 -0.258799 0.965931
    outer loop
      vertex 19.2382 19.0266 2.58265
      vertex 20.343 18.6643 2.48558
      vertex 19.7818 19.0266 2.58265
    endloop
  endfacet
  facet normal 0 -0.258799 0.965931
    outer loop
      vertex 20.343 18.6643 2.48558
      vertex 19.2382 19.0266 2.58265
      vertex 18.677 18.6643 2.48558
    endloop
  endfacet
  facet normal 0.0661855 -0.963812 -0.258235
    outer loop
      vertex 19.3729 17.4995 8.38514
      vertex 19.51 19.0611 2.59191
      vertex 19.4072 17.5017 8.38572
    endloop
  endfacet
  facet normal 0.0655524 -0.963849 -0.25826
    outer loop
      vertex 19.51 19.0611 2.59191
      vertex 19.3729 17.4995 8.38514
      vertex 19.3729 19.0524 2.58958
    endloop
  endfacet
  facet normal 0.751894 0.63682 0.170634
    outer loop
      vertex 18.7675 15.7768 7.92354
      vertex 18.7675 17.3297 2.12798
      vertex 18.6996 15.8516 7.94358
    endloop
  endfacet
  facet normal 0.195232 -0.947339 -0.253836
    outer loop
      vertex 19.2382 17.4736 8.3782
      vertex 19.3729 19.0524 2.58958
      vertex 19.3729 17.4995 8.38514
    endloop
  endfacet
  facet normal 0.194537 -0.947468 -0.253888
    outer loop
      vertex 19.3729 19.0524 2.58958
      vertex 19.2382 17.4736 8.3782
      vertex 19.2382 19.0266 2.58265
    endloop
  endfacet
  facet normal 0.440666 0.867073 0.232375
    outer loop
      vertex 19.1082 15.557 7.86463
      vertex 18.985 17.1686 2.0848
      vertex 19.0774 15.5716 7.86856
    endloop
  endfacet
  facet normal 0.44238 0.86627 0.232114
    outer loop
      vertex 18.985 17.1686 2.0848
      vertex 19.1082 15.557 7.86463
      vertex 19.1082 17.1099 2.06907
    endloop
  endfacet
  facet normal -0.196292 0.947141 0.253758
    outer loop
      vertex 19.7818 17.0672 2.05765
      vertex 19.6471 15.4884 7.84627
      vertex 19.6807 15.4949 7.848
    endloop
  endfacet
  facet normal -0.194555 0.947465 0.253886
    outer loop
      vertex 19.6471 15.4884 7.84627
      vertex 19.7818 17.0672 2.05765
      vertex 19.6471 17.0414 2.05071
    endloop
  endfacet
  facet normal 5.70021e-05 -0.25887 0.965912
    outer loop
      vertex 20.1492 17.2423 2.10454
      vertex 20.551 17.9145 2.28467
      vertex 19.9118 17.1099 2.06907
    endloop
  endfacet
  facet normal -0.000305506 -0.258759 0.965942
    outer loop
      vertex 20.5242 17.7844 2.24981
      vertex 20.551 17.9145 2.28467
      vertex 20.4801 17.6588 2.21615
    endloop
  endfacet
  facet normal 0.753188 0.635391 0.170251
    outer loop
      vertex 18.6996 15.8516 7.94358
      vertex 18.677 17.4295 2.15471
      vertex 18.677 15.8766 7.95026
    endloop
  endfacet
  facet normal 0.752226 0.636451 0.170544
    outer loop
      vertex 18.677 17.4295 2.15471
      vertex 18.6996 15.8516 7.94358
      vertex 18.7675 17.3297 2.12798
    endloop
  endfacet
  facet normal -0.000186721 -0.25892 0.965899
    outer loop
      vertex 20.5242 18.3094 2.39048
      vertex 20.4801 18.435 2.42414
      vertex 20.343 18.6643 2.48558
    endloop
  endfacet
  facet normal -0.555542 -0.803157 -0.215203
    outer loop
      vertex 20.035 18.9252 2.5555
      vertex 20.1492 17.2986 8.3313
      vertex 20.035 17.3723 8.35105
    endloop
  endfacet
  facet normal -0.555542 -0.803157 -0.215203
    outer loop
      vertex 20.1492 17.2986 8.3313
      vertex 20.035 18.9252 2.5555
      vertex 20.1492 18.8515 2.53575
    endloop
  endfacet
  facet normal 0.659319 0.726244 0.194595
    outer loop
      vertex 18.8708 15.6893 7.9001
      vertex 18.7675 17.3297 2.12798
      vertex 18.7675 15.7768 7.92354
    endloop
  endfacet
  facet normal 0.658922 0.726578 0.194697
    outer loop
      vertex 18.7675 17.3297 2.12798
      vertex 18.8708 15.6893 7.9001
      vertex 18.8708 17.2423 2.10454
    endloop
  endfacet
  facet normal 0 -0.258831 0.965923
    outer loop
      vertex 18.677 18.6643 2.48558
      vertex 20.5242 18.3094 2.39048
      vertex 20.343 18.6643 2.48558
    endloop
  endfacet
  facet normal 0 -0.258831 0.965923
    outer loop
      vertex 20.5242 18.3094 2.39048
      vertex 18.677 18.6643 2.48558
      vertex 18.4958 18.3094 2.39048
    endloop
  endfacet
  facet normal 0.000245887 -0.258827 0.965924
    outer loop
      vertex 18.469 17.9145 2.28467
      vertex 18.4958 18.3094 2.39048
      vertex 18.46 18.0469 2.32015
    endloop
  endfacet
  facet normal 0.896739 0.42748 0.114542
    outer loop
      vertex 18.5399 16.1059 8.0117
      vertex 18.6007 17.5398 2.18427
      vertex 18.5399 17.6588 2.21615
    endloop
  endfacet
  facet normal 0.896739 0.42748 0.114542
    outer loop
      vertex 18.6007 17.5398 2.18427
      vertex 18.5399 16.1059 8.0117
      vertex 18.6007 15.9869 7.97982
    endloop
  endfacet
  facet normal -0.000344727 -0.259008 0.965875
    outer loop
      vertex 18.677 17.4295 2.15471
      vertex 18.7675 17.3297 2.12798
      vertex 18.5399 17.6588 2.21615
    endloop
  endfacet
  facet normal 7.22635e-05 -0.259761 0.965673
    outer loop
      vertex 19.51 19.0611 2.59191
      vertex 19.3729 19.0524 2.58958
      vertex 19.2382 19.0266 2.58265
    endloop
  endfacet
  facet normal 0.980748 -0.188624 -0.0505412
    outer loop
      vertex 18.4891 16.724 8.17732
      vertex 18.4958 18.3094 2.39048
      vertex 18.4958 16.7565 8.18604
    endloop
  endfacet
  facet normal 0.980773 -0.188501 -0.0505075
    outer loop
      vertex 18.4958 18.3094 2.39048
      vertex 18.4891 16.724 8.17732
      vertex 18.469 18.1793 2.35562
    endloop
  endfacet
  facet normal -0.321277 -0.914714 -0.245111
    outer loop
      vertex 19.7818 19.0266 2.58265
      vertex 19.9118 17.431 8.36678
      vertex 19.7818 17.4736 8.3782
    endloop
  endfacet
  facet normal -0.321925 -0.914506 -0.245039
    outer loop
      vertex 19.9118 17.431 8.36678
      vertex 19.7818 19.0266 2.58265
      vertex 19.9118 18.9839 2.57122
    endloop
  endfacet
  facet normal -0.896743 -0.427473 -0.11454
    outer loop
      vertex 20.4801 18.435 2.42414
      vertex 20.4193 17.0011 8.25158
      vertex 20.4193 18.554 2.45603
    endloop
  endfacet
  facet normal -0.896739 -0.42748 -0.114542
    outer loop
      vertex 20.4193 17.0011 8.25158
      vertex 20.4801 18.435 2.42414
      vertex 20.4801 16.8821 8.2197
    endloop
  endfacet
  facet normal -0.946944 -0.310449 -0.0831837
    outer loop
      vertex 20.5242 18.3094 2.39048
      vertex 20.5242 16.7565 8.18604
      vertex 20.4911 16.8507 8.21128
    endloop
  endfacet
  facet normal 0 -0.258823 0.965925
    outer loop
      vertex 20.5242 18.3094 2.39048
      vertex 19.1082 17.1099 2.06907
      vertex 19.9118 17.1099 2.06907
    endloop
  endfacet
  facet normal 0 -0.258823 0.965925
    outer loop
      vertex 19.1082 17.1099 2.06907
      vertex 20.5242 18.3094 2.39048
      vertex 18.4958 18.3094 2.39048
    endloop
  endfacet
  facet normal 0.831801 0.53616 0.143662
    outer loop
      vertex 18.6579 15.9041 7.95765
      vertex 18.6007 17.5398 2.18427
      vertex 18.6007 15.9869 7.97982
    endloop
  endfacet
  facet normal -0.947019 0.310235 0.0831263
    outer loop
      vertex 20.4801 17.6588 2.21615
      vertex 20.5242 16.2315 8.04537
      vertex 20.5242 17.7844 2.24981
    endloop
  endfacet
  facet normal -0.947021 0.310229 0.083125
    outer loop
      vertex 20.5242 16.2315 8.04537
      vertex 20.4801 17.6588 2.21615
      vertex 20.4801 16.1059 8.0117
    endloop
  endfacet
  facet normal -0.000141016 -0.259003 0.965877
    outer loop
      vertex 20.343 18.6643 2.48558
      vertex 20.1492 18.8515 2.53575
      vertex 19.7818 19.0266 2.58265
    endloop
  endfacet
  facet normal 0.000123469 -0.258929 0.965896
    outer loop
      vertex 19.2382 19.0266 2.58265
      vertex 19.1082 18.9839 2.57122
      vertex 18.985 18.9252 2.5555
    endloop
  endfacet
  facet normal 0.321277 -0.914714 -0.245111
    outer loop
      vertex 19.1082 17.431 8.36678
      vertex 19.2382 19.0266 2.58265
      vertex 19.2382 17.4736 8.3782
    endloop
  endfacet
  facet normal 0.321925 -0.914506 -0.245039
    outer loop
      vertex 19.2382 19.0266 2.58265
      vertex 19.1082 17.431 8.36678
      vertex 19.1082 18.9839 2.57122
    endloop
  endfacet
  facet normal 2.01447e-05 -0.258813 0.965927
    outer loop
      vertex 19.1082 17.1099 2.06907
      vertex 18.4958 18.3094 2.39048
      vertex 18.469 17.9145 2.28467
    endloop
  endfacet
  facet normal -0.440666 0.867073 0.232375
    outer loop
      vertex 20.035 17.1686 2.0848
      vertex 19.9118 15.557 7.86463
      vertex 19.9426 15.5716 7.86856
    endloop
  endfacet
  facet normal -0.44238 0.86627 0.232114
    outer loop
      vertex 19.9118 15.557 7.86463
      vertex 20.035 17.1686 2.0848
      vertex 19.9118 17.1099 2.06907
    endloop
  endfacet
  facet normal -0.322572 0.914293 0.244982
    outer loop
      vertex 19.9118 17.1099 2.06907
      vertex 19.8793 15.5463 7.86177
      vertex 19.9118 15.557 7.86463
    endloop
  endfacet
  facet normal -0.321908 0.91451 0.245044
    outer loop
      vertex 19.8793 15.5463 7.86177
      vertex 19.9118 17.1099 2.06907
      vertex 19.7818 17.0672 2.05765
    endloop
  endfacet
  facet normal -5.70021e-05 -0.25887 0.965912
    outer loop
      vertex 18.8708 17.2423 2.10454
      vertex 19.1082 17.1099 2.06907
      vertex 18.469 17.9145 2.28467
    endloop
  endfacet
  facet normal 0.980782 0.18846 0.0504972
    outer loop
      vertex 18.4958 16.2315 8.04537
      vertex 18.4958 17.7844 2.24981
      vertex 18.4757 16.3291 8.07151
    endloop
  endfacet
  facet normal 0.442176 0.866363 0.232154
    outer loop
      vertex 19.0774 15.5716 7.86856
      vertex 18.985 17.1686 2.0848
      vertex 18.985 15.6156 7.88035
    endloop
  endfacet
  facet normal 0.000551105 -0.25843 0.96603
    outer loop
      vertex 18.7675 17.3297 2.12798
      vertex 18.8708 17.2423 2.10454
      vertex 18.5399 17.6588 2.21615
    endloop
  endfacet
  facet normal 0.000305506 -0.258759 0.965942
    outer loop
      vertex 18.4958 17.7844 2.24981
      vertex 18.5399 17.6588 2.21615
      vertex 18.469 17.9145 2.28467
    endloop
  endfacet
  facet normal -0.000686117 -0.256417 0.966566
    outer loop
      vertex 19.7818 17.0672 2.05765
      vertex 19.9118 17.1099 2.06907
      vertex 19.6471 17.0414 2.05071
    endloop
  endfacet
  facet normal -0.000519335 -0.258526 0.966004
    outer loop
      vertex 20.4193 17.5398 2.18427
      vertex 20.4801 17.6588 2.21615
      vertex 20.343 17.4295 2.15471
    endloop
  endfacet
  facet normal -0.000245887 -0.258827 0.965924
    outer loop
      vertex 20.551 17.9145 2.28467
      vertex 20.56 18.0469 2.32015
      vertex 20.5242 18.3094 2.39048
    endloop
  endfacet
  facet normal 0.000331946 -0.258754 0.965943
    outer loop
      vertex 20.56 18.0469 2.32015
      vertex 20.551 18.1793 2.35562
      vertex 20.5242 18.3094 2.39048
    endloop
  endfacet
  facet normal -0.980773 0.188501 0.0505075
    outer loop
      vertex 20.5443 16.3291 8.07151
      vertex 20.551 17.9145 2.28467
      vertex 20.5242 17.7844 2.24981
    endloop
  endfacet
  facet normal -0.980748 0.188624 0.0505412
    outer loop
      vertex 20.551 17.9145 2.28467
      vertex 20.5443 16.3291 8.07151
      vertex 20.551 16.3616 8.08023
    endloop
  endfacet
  facet normal -0.997851 0.0632857 0.0169572
    outer loop
      vertex 20.551 17.9145 2.28467
      vertex 20.56 16.494 8.1157
      vertex 20.56 18.0469 2.32015
    endloop
  endfacet
  facet normal -0.997851 0.0632869 0.0169575
    outer loop
      vertex 20.56 16.494 8.1157
      vertex 20.551 17.9145 2.28467
      vertex 20.551 16.3616 8.08023
    endloop
  endfacet
  facet normal 0 -0.25923 0.965815
    outer loop
      vertex 19.7818 19.0266 2.58265
      vertex 19.51 19.0611 2.59191
      vertex 19.2382 19.0266 2.58265
    endloop
  endfacet
  facet normal 0.00125227 -0.257657 0.966236
    outer loop
      vertex 20.343 18.6643 2.48558
      vertex 20.2525 18.7641 2.51231
      vertex 20.1492 18.8515 2.53575
    endloop
  endfacet
  facet normal -0.658486 -0.72695 -0.194784
    outer loop
      vertex 20.1492 18.8515 2.53575
      vertex 20.175 17.2768 8.32544
      vertex 20.1492 17.2986 8.3313
    endloop
  endfacet
  facet normal -0.658922 -0.726582 -0.194682
    outer loop
      vertex 20.175 17.2768 8.32544
      vertex 20.1492 18.8515 2.53575
      vertex 20.2525 18.7641 2.51231
    endloop
  endfacet
  facet normal -0.980783 -0.188456 -0.0504961
    outer loop
      vertex 20.551 18.1793 2.35562
      vertex 20.551 16.6264 8.15117
      vertex 20.5309 16.724 8.17732
    endloop
  endfacet
  facet normal -0.947019 -0.310234 -0.0831302
    outer loop
      vertex 20.4911 16.8507 8.21128
      vertex 20.4801 18.435 2.42414
      vertex 20.5242 18.3094 2.39048
    endloop
  endfacet
  facet normal -0.947244 -0.309593 -0.0829543
    outer loop
      vertex 20.4801 18.435 2.42414
      vertex 20.4911 16.8507 8.21128
      vertex 20.4801 16.8821 8.2197
    endloop
  endfacet
  facet normal 0.997851 -0.0632868 -0.0169575
    outer loop
      vertex 18.469 16.6264 8.15117
      vertex 18.46 18.0469 2.32015
      vertex 18.469 18.1793 2.35562
    endloop
  endfacet
  facet normal 0.997851 -0.0632868 -0.0169575
    outer loop
      vertex 18.46 18.0469 2.32015
      vertex 18.469 16.6264 8.15117
      vertex 18.46 16.494 8.1157
    endloop
  endfacet
  facet normal 0.44238 -0.86627 -0.232114
    outer loop
      vertex 18.985 17.3723 8.35105
      vertex 19.1082 18.9839 2.57122
      vertex 19.1082 17.431 8.36678
    endloop
  endfacet
  facet normal 0.442365 -0.866277 -0.232116
    outer loop
      vertex 19.1082 18.9839 2.57122
      vertex 18.985 17.3723 8.35105
      vertex 18.985 18.9252 2.5555
    endloop
  endfacet
  facet normal -0.000228877 -0.258392 0.96604
    outer loop
      vertex 20.035 17.1686 2.0848
      vertex 20.1492 17.2423 2.10454
      vertex 19.9118 17.1099 2.06907
    endloop
  endfacet
  facet normal -0.44238 -0.86627 -0.232114
    outer loop
      vertex 19.9118 18.9839 2.57122
      vertex 20.035 17.3723 8.35105
      vertex 19.9118 17.431 8.36678
    endloop
  endfacet
  facet normal -0.442365 -0.866277 -0.232116
    outer loop
      vertex 20.035 17.3723 8.35105
      vertex 19.9118 18.9839 2.57122
      vertex 20.035 18.9252 2.5555
    endloop
  endfacet
  facet normal -0.0661855 -0.963812 -0.258235
    outer loop
      vertex 19.51 19.0611 2.59191
      vertex 19.6471 17.4995 8.38514
      vertex 19.6128 17.5017 8.38572
    endloop
  endfacet
  facet normal -0.0655524 -0.963849 -0.25826
    outer loop
      vertex 19.6471 17.4995 8.38514
      vertex 19.51 19.0611 2.59191
      vertex 19.6471 19.0524 2.58958
    endloop
  endfacet
  facet normal 0.000231195 -0.259179 0.965829
    outer loop
      vertex 19.2382 19.0266 2.58265
      vertex 18.985 18.9252 2.5555
      vertex 18.8708 18.8515 2.53575
    endloop
  endfacet
  facet normal 0.831467 -0.536647 -0.14378
    outer loop
      vertex 18.6197 17.0287 8.25897
      vertex 18.6007 18.554 2.45603
      vertex 18.677 18.6643 2.48558
    endloop
  endfacet
  facet normal 0.832697 -0.534861 -0.143314
    outer loop
      vertex 18.6007 18.554 2.45603
      vertex 18.6197 17.0287 8.25897
      vertex 18.6007 17.0011 8.25158
    endloop
  endfacet
  facet normal 0.555542 0.803153 0.215216
    outer loop
      vertex 18.985 15.6156 7.88035
      vertex 18.8708 17.2423 2.10454
      vertex 18.8708 15.6893 7.9001
    endloop
  endfacet
  facet normal 0.555529 0.803162 0.215219
    outer loop
      vertex 18.8708 17.2423 2.10454
      vertex 18.985 15.6156 7.88035
      vertex 18.985 17.1686 2.0848
    endloop
  endfacet
  facet normal 0.000228877 -0.258392 0.96604
    outer loop
      vertex 18.985 17.1686 2.0848
      vertex 19.1082 17.1099 2.06907
      vertex 18.8708 17.2423 2.10454
    endloop
  endfacet
  facet normal -0.555542 0.803153 0.215216
    outer loop
      vertex 20.1492 17.2423 2.10454
      vertex 20.035 15.6156 7.88035
      vertex 20.1492 15.6893 7.9001
    endloop
  endfacet
  facet normal -0.555529 0.803162 0.215219
    outer loop
      vertex 20.035 15.6156 7.88035
      vertex 20.1492 17.2423 2.10454
      vertex 20.035 17.1686 2.0848
    endloop
  endfacet
  facet normal 0.322572 0.914293 0.244982
    outer loop
      vertex 19.1407 15.5463 7.86177
      vertex 19.1082 17.1099 2.06907
      vertex 19.1082 15.557 7.86463
    endloop
  endfacet
  facet normal 0.321908 0.91451 0.245044
    outer loop
      vertex 19.1082 17.1099 2.06907
      vertex 19.1407 15.5463 7.86177
      vertex 19.2382 17.0672 2.05765
    endloop
  endfacet
  facet normal -0.000110635 -0.25929 0.9658
    outer loop
      vertex 19.3729 17.0414 2.05071
      vertex 19.51 17.0327 2.04839
      vertex 19.1082 17.1099 2.06907
    endloop
  endfacet
  facet normal -0.194855 0.947412 0.253856
    outer loop
      vertex 19.7818 15.5143 7.8532
      vertex 19.7818 17.0672 2.05765
      vertex 19.6807 15.4949 7.848
    endloop
  endfacet
  facet normal 0.831473 0.536633 0.1438
    outer loop
      vertex 18.6579 15.9041 7.95765
      vertex 18.677 17.4295 2.15471
      vertex 18.6007 17.5398 2.18427
    endloop
  endfacet
  facet normal 0.830482 0.538065 0.144173
    outer loop
      vertex 18.677 17.4295 2.15471
      vertex 18.6579 15.9041 7.95765
      vertex 18.677 15.8766 7.95026
    endloop
  endfacet
  facet normal 0 -0.258753 0.965944
    outer loop
      vertex 19.51 17.0327 2.04839
      vertex 19.9118 17.1099 2.06907
      vertex 19.1082 17.1099 2.06907
    endloop
  endfacet
  facet normal 0.000110635 -0.25929 0.9658
    outer loop
      vertex 19.6471 17.0414 2.05071
      vertex 19.9118 17.1099 2.06907
      vertex 19.51 17.0327 2.04839
    endloop
  endfacet
  facet normal -0.321709 0.914576 0.245058
    outer loop
      vertex 19.8793 15.5463 7.86177
      vertex 19.7818 17.0672 2.05765
      vertex 19.7818 15.5143 7.8532
    endloop
  endfacet
  facet normal -1.70102e-06 -0.258838 0.965921
    outer loop
      vertex 20.4801 17.6588 2.21615
      vertex 20.551 17.9145 2.28467
      vertex 20.1492 17.2423 2.10454
    endloop
  endfacet
  facet normal -0.831473 0.536633 0.1438
    outer loop
      vertex 20.343 17.4295 2.15471
      vertex 20.3621 15.9041 7.95765
      vertex 20.4193 17.5398 2.18427
    endloop
  endfacet
  facet normal -0.830482 0.538065 0.144173
    outer loop
      vertex 20.3621 15.9041 7.95765
      vertex 20.343 17.4295 2.15471
      vertex 20.343 15.8766 7.95026
    endloop
  endfacet
  facet normal -0.752226 -0.636451 -0.170546
    outer loop
      vertex 20.343 18.6643 2.48558
      vertex 20.2525 17.2111 8.30787
      vertex 20.2525 18.7641 2.51231
    endloop
  endfacet
  facet normal -0.751921 -0.63679 -0.170626
    outer loop
      vertex 20.2525 17.2111 8.30787
      vertex 20.343 18.6643 2.48558
      vertex 20.343 17.1114 8.28114
    endloop
  endfacet
  facet normal -0.659582 -0.726019 -0.194547
    outer loop
      vertex 20.2525 18.7641 2.51231
      vertex 20.2525 17.2111 8.30787
      vertex 20.175 17.2768 8.32544
    endloop
  endfacet
  facet normal -0.980782 0.18846 0.0504972
    outer loop
      vertex 20.5443 16.3291 8.07151
      vertex 20.5242 17.7844 2.24981
      vertex 20.5242 16.2315 8.04537
    endloop
  endfacet
  facet normal -0.000413862 -0.259047 0.965865
    outer loop
      vertex 20.4801 18.435 2.42414
      vertex 20.4193 18.554 2.45603
      vertex 20.343 18.6643 2.48558
    endloop
  endfacet
  facet normal -0.831467 -0.536644 -0.143793
    outer loop
      vertex 20.4193 18.554 2.45603
      vertex 20.4002 17.0287 8.25897
      vertex 20.343 18.6643 2.48558
    endloop
  endfacet
  facet normal -0.831353 -0.536808 -0.143836
    outer loop
      vertex 20.4002 17.0287 8.25897
      vertex 20.4193 18.554 2.45603
      vertex 20.4193 17.0011 8.25158
    endloop
  endfacet
  facet normal 0.947019 0.310235 0.0831263
    outer loop
      vertex 18.4958 16.2315 8.04537
      vertex 18.5399 17.6588 2.21615
      vertex 18.4958 17.7844 2.24981
    endloop
  endfacet
  facet normal 0.947021 0.310229 0.083125
    outer loop
      vertex 18.5399 17.6588 2.21615
      vertex 18.4958 16.2315 8.04537
      vertex 18.5399 16.1059 8.0117
    endloop
  endfacet
  facet normal 0.980783 -0.188456 -0.0504961
    outer loop
      vertex 18.469 18.1793 2.35562
      vertex 18.4891 16.724 8.17732
      vertex 18.469 16.6264 8.15117
    endloop
  endfacet
  facet normal 0.000141016 -0.259003 0.965877
    outer loop
      vertex 19.2382 19.0266 2.58265
      vertex 18.8708 18.8515 2.53575
      vertex 18.677 18.6643 2.48558
    endloop
  endfacet
  facet normal 0.896743 -0.427473 -0.11454
    outer loop
      vertex 18.6007 17.0011 8.25158
      vertex 18.5399 18.435 2.42414
      vertex 18.6007 18.554 2.45603
    endloop
  endfacet
  facet normal 0.896739 -0.42748 -0.114542
    outer loop
      vertex 18.5399 18.435 2.42414
      vertex 18.6007 17.0011 8.25158
      vertex 18.5399 16.8821 8.2197
    endloop
  endfacet
  facet normal 0.946944 -0.310449 -0.0831837
    outer loop
      vertex 18.4958 18.3094 2.39048
      vertex 18.5289 16.8507 8.21128
      vertex 18.4958 16.7565 8.18604
    endloop
  endfacet
  facet normal -0.000123469 -0.258929 0.965896
    outer loop
      vertex 20.035 18.9252 2.5555
      vertex 19.9118 18.9839 2.57122
      vertex 19.7818 19.0266 2.58265
    endloop
  endfacet
  facet normal -0.195232 -0.947339 -0.253836
    outer loop
      vertex 19.6471 19.0524 2.58958
      vertex 19.7818 17.4736 8.3782
      vertex 19.6471 17.4995 8.38514
    endloop
  endfacet
  facet normal -0.194537 -0.947468 -0.253888
    outer loop
      vertex 19.7818 17.4736 8.3782
      vertex 19.6471 19.0524 2.58958
      vertex 19.7818 19.0266 2.58265
    endloop
  endfacet
  facet normal -7.22635e-05 -0.259761 0.965673
    outer loop
      vertex 19.7818 19.0266 2.58265
      vertex 19.6471 19.0524 2.58958
      vertex 19.51 19.0611 2.59191
    endloop
  endfacet
  facet normal 0.000519335 -0.258526 0.966004
    outer loop
      vertex 18.6007 17.5398 2.18427
      vertex 18.677 17.4295 2.15471
      vertex 18.5399 17.6588 2.21615
    endloop
  endfacet
  facet normal 0.0648523 0.963889 0.258287
    outer loop
      vertex 19.51 15.4798 7.84394
      vertex 19.3729 17.0414 2.05071
      vertex 19.3729 15.4884 7.84627
    endloop
  endfacet
  facet normal 0.0655336 0.96385 0.258261
    outer loop
      vertex 19.3729 17.0414 2.05071
      vertex 19.51 15.4798 7.84394
      vertex 19.51 17.0327 2.04839
    endloop
  endfacet
  facet normal -0.0648523 0.963889 0.258287
    outer loop
      vertex 19.6471 17.0414 2.05071
      vertex 19.51 15.4798 7.84394
      vertex 19.6471 15.4884 7.84627
    endloop
  endfacet
  facet normal -0.0655336 0.96385 0.258261
    outer loop
      vertex 19.51 15.4798 7.84394
      vertex 19.6471 17.0414 2.05071
      vertex 19.51 17.0327 2.04839
    endloop
  endfacet
  facet normal 0.321709 0.914576 0.245058
    outer loop
      vertex 19.2382 15.5143 7.8532
      vertex 19.2382 17.0672 2.05765
      vertex 19.1407 15.5463 7.86177
    endloop
  endfacet
  facet normal -0.442176 0.866363 0.232154
    outer loop
      vertex 20.035 15.6156 7.88035
      vertex 20.035 17.1686 2.0848
      vertex 19.9426 15.5716 7.86856
    endloop
  endfacet
  facet normal -0.000551105 -0.25843 0.96603
    outer loop
      vertex 20.2525 17.3297 2.12798
      vertex 20.4801 17.6588 2.21615
      vertex 20.1492 17.2423 2.10454
    endloop
  endfacet
  facet normal 0.000344727 -0.259008 0.965875
    outer loop
      vertex 20.343 17.4295 2.15471
      vertex 20.4801 17.6588 2.21615
      vertex 20.2525 17.3297 2.12798
    endloop
  endfacet
  facet normal -0.831801 0.53616 0.143662
    outer loop
      vertex 20.4193 15.9869 7.97982
      vertex 20.4193 17.5398 2.18427
      vertex 20.3621 15.9041 7.95765
    endloop
  endfacet
  facet normal -0.896739 0.42748 0.114542
    outer loop
      vertex 20.4193 17.5398 2.18427
      vertex 20.4801 16.1059 8.0117
      vertex 20.4801 17.6588 2.21615
    endloop
  endfacet
  facet normal -0.896739 0.42748 0.114542
    outer loop
      vertex 20.4801 16.1059 8.0117
      vertex 20.4193 17.5398 2.18427
      vertex 20.4193 15.9869 7.97982
    endloop
  endfacet
  facet normal 0.997851 0.0632857 0.0169572
    outer loop
      vertex 18.46 16.494 8.1157
      vertex 18.469 17.9145 2.28467
      vertex 18.46 18.0469 2.32015
    endloop
  endfacet
  facet normal 0.997851 0.0632869 0.0169575
    outer loop
      vertex 18.469 17.9145 2.28467
      vertex 18.46 16.494 8.1157
      vertex 18.469 16.3616 8.08023
    endloop
  endfacet
  facet normal 0.980748 0.188624 0.0505412
    outer loop
      vertex 18.4757 16.3291 8.07151
      vertex 18.469 17.9145 2.28467
      vertex 18.469 16.3616 8.08023
    endloop
  endfacet
  facet normal 0.980773 0.188501 0.0505075
    outer loop
      vertex 18.469 17.9145 2.28467
      vertex 18.4757 16.3291 8.07151
      vertex 18.4958 17.7844 2.24981
    endloop
  endfacet
  facet normal 0.555542 -0.803157 -0.215203
    outer loop
      vertex 18.8708 17.2986 8.3313
      vertex 18.985 18.9252 2.5555
      vertex 18.985 17.3723 8.35105
    endloop
  endfacet
  facet normal 0.555542 -0.803157 -0.215203
    outer loop
      vertex 18.985 18.9252 2.5555
      vertex 18.8708 17.2986 8.3313
      vertex 18.8708 18.8515 2.53575
    endloop
  endfacet
  facet normal 0.658486 -0.72695 -0.194784
    outer loop
      vertex 18.845 17.2768 8.32544
      vertex 18.8708 18.8515 2.53575
      vertex 18.8708 17.2986 8.3313
    endloop
  endfacet
  facet normal 0.658922 -0.726582 -0.194682
    outer loop
      vertex 18.8708 18.8515 2.53575
      vertex 18.845 17.2768 8.32544
      vertex 18.7675 18.7641 2.51231
    endloop
  endfacet
  facet normal 0.831064 -0.537226 -0.143948
    outer loop
      vertex 18.677 18.6643 2.48558
      vertex 18.677 17.1114 8.28114
      vertex 18.6197 17.0287 8.25897
    endloop
  endfacet
  facet normal 0.194855 0.947412 0.253856
    outer loop
      vertex 19.3393 15.4949 7.848
      vertex 19.2382 17.0672 2.05765
      vertex 19.2382 15.5143 7.8532
    endloop
  endfacet
  facet normal 0.196292 0.947141 0.253758
    outer loop
      vertex 19.3729 15.4884 7.84627
      vertex 19.2382 17.0672 2.05765
      vertex 19.3393 15.4949 7.848
    endloop
  endfacet
  facet normal 0.194555 0.947465 0.253886
    outer loop
      vertex 19.2382 17.0672 2.05765
      vertex 19.3729 15.4884 7.84627
      vertex 19.3729 17.0414 2.05071
    endloop
  endfacet
  facet normal -0.659319 0.726244 0.194595
    outer loop
      vertex 20.2525 17.3297 2.12798
      vertex 20.1492 15.6893 7.9001
      vertex 20.2525 15.7768 7.92354
    endloop
  endfacet
  facet normal -0.658922 0.726578 0.194697
    outer loop
      vertex 20.1492 15.6893 7.9001
      vertex 20.2525 17.3297 2.12798
      vertex 20.1492 17.2423 2.10454
    endloop
  endfacet
  facet normal -0.751894 0.63682 0.170634
    outer loop
      vertex 20.3204 15.8516 7.94358
      vertex 20.2525 17.3297 2.12798
      vertex 20.2525 15.7768 7.92354
    endloop
  endfacet
  facet normal -0.0653161 -0.963864 -0.258264
    outer loop
      vertex 19.51 19.0611 2.59191
      vertex 19.6128 17.5017 8.38572
      vertex 19.51 17.5082 8.38746
    endloop
  endfacet
  facet normal 0.0653161 -0.963864 -0.258264
    outer loop
      vertex 19.51 19.0611 2.59191
      vertex 19.51 17.5082 8.38746
      vertex 19.4072 17.5017 8.38572
    endloop
  endfacet
  facet normal 0.000413862 -0.259047 0.965865
    outer loop
      vertex 18.677 18.6643 2.48558
      vertex 18.6007 18.554 2.45603
      vertex 18.5399 18.435 2.42414
    endloop
  endfacet
  facet normal 0.000186721 -0.25892 0.965899
    outer loop
      vertex 18.677 18.6643 2.48558
      vertex 18.5399 18.435 2.42414
      vertex 18.4958 18.3094 2.39048
    endloop
  endfacet
  facet normal 0.659582 -0.726019 -0.194547
    outer loop
      vertex 18.7675 18.7641 2.51231
      vertex 18.845 17.2768 8.32544
      vertex 18.7675 17.2111 8.30787
    endloop
  endfacet
  facet normal 0.752226 -0.636451 -0.170546
    outer loop
      vertex 18.7675 17.2111 8.30787
      vertex 18.677 18.6643 2.48558
      vertex 18.7675 18.7641 2.51231
    endloop
  endfacet
  facet normal 0.751921 -0.63679 -0.170626
    outer loop
      vertex 18.677 18.6643 2.48558
      vertex 18.7675 17.2111 8.30787
      vertex 18.677 17.1114 8.28114
    endloop
  endfacet
  facet normal -1 0 0
    outer loop
      vertex 3 2.9 4.47321
      vertex 3 5.1 2
      vertex 3 2.9 2
    endloop
  endfacet
  facet normal -1 0 0
    outer loop
      vertex 3 5.1 2
      vertex 3 2.9 4.47321
      vertex 3 5.1 5.06269
    endloop
  endfacet
  facet normal 1 -0 0
    outer loop
      vertex 22.05 2.9 4.47321
      vertex 22.05 5.1 2
      vertex 22.05 5.1 5.06269
    endloop
  endfacet
  facet normal 1 0 0
    outer loop
      vertex 22.05 5.1 2
      vertex 22.05 2.9 4.47321
      vertex 22.05 2.9 2
    endloop
  endfacet
  facet normal 0 1 -0
    outer loop
      vertex 22.05 5.1 2
      vertex 3 5.1 5.06269
      vertex 22.05 5.1 5.06269
    endloop
  endfacet
  facet normal 0 1 0
    outer loop
      vertex 3 5.1 5.06269
      vertex 22.05 5.1 2
      vertex 3 5.1 2
    endloop
  endfacet
  facet normal 0 -1 0
    outer loop
      vertex 3 2.9 2
      vertex 22.05 2.9 4.47321
      vertex 3 2.9 4.47321
    endloop
  endfacet
  facet normal 0 -1 -0
    outer loop
      vertex 22.05 2.9 4.47321
      vertex 3 2.9 2
      vertex 22.05 2.9 2
    endloop
  endfacet
  facet normal 0 -0.258816 0.965927
    outer loop
      vertex 3 5.1 5.06269
      vertex 22.05 2.9 4.47321
      vertex 22.05 5.1 5.06269
    endloop
  endfacet
  facet normal 0 -0.258816 0.965927
    outer loop
      vertex 22.05 2.9 4.47321
      vertex 3 5.1 5.06269
      vertex 3 2.9 4.47321
    endloop
  endfacet
endsolid OpenSCAD_Model
