solid OpenSCAD_Model
  facet normal -0.980785 -0.19509 -0
    outer loop
      vertex 0.0511112 1.11177 7.27039
      vertex 0.0128326 1.30421 0
      vertex 0.0511112 1.11177 0
    endloop
  endfacet
  facet normal -0.980785 -0.19509 0
    outer loop
      vertex 0.0128326 1.30421 0
      vertex 0.0511112 1.11177 7.27039
      vertex 0.0128326 1.30421 7.32196
    endloop
  endfacet
  facet normal -0.980785 -0.19509 -0
    outer loop
      vertex 0.0511112 1.11177 10.1692
      vertex 0.0128326 1.30421 8.66782
      vertex 0.0511112 1.11177 8.61625
    endloop
  endfacet
  facet normal -0.980785 -0.19509 0
    outer loop
      vertex 0.0128326 1.30421 8.66782
      vertex 0.0511112 1.11177 10.1692
      vertex 0.0128326 1.30421 10.2207
    endloop
  endfacet
  facet normal -0.946929 -0.321444 -0
    outer loop
      vertex 0.114181 0.925975 7.22061
      vertex 0.0511112 1.11177 0
      vertex 0.114181 0.925975 0
    endloop
  endfacet
  facet normal -0.946929 -0.321444 0
    outer loop
      vertex 0.0511112 1.11177 0
      vertex 0.114181 0.925975 7.22061
      vertex 0.0511112 1.11177 7.27039
    endloop
  endfacet
  facet normal -0.946929 -0.321444 -0
    outer loop
      vertex 0.114181 0.925975 10.1194
      vertex 0.0511112 1.11177 8.61625
      vertex 0.114181 0.925975 8.56647
    endloop
  endfacet
  facet normal -0.946929 -0.321444 0
    outer loop
      vertex 0.0511112 1.11177 8.61625
      vertex 0.114181 0.925975 10.1194
      vertex 0.0511112 1.11177 10.1692
    endloop
  endfacet
  facet normal -0.997859 -0.0654023 -0
    outer loop
      vertex 0.0128326 1.30421 7.32196
      vertex 0 1.5 0
      vertex 0.0128326 1.30421 0
    endloop
  endfacet
  facet normal -0.997859 -0.0654023 0
    outer loop
      vertex 0 1.5 0
      vertex 0.0128326 1.30421 7.32196
      vertex 0 1.5 7.37442
    endloop
  endfacet
  facet normal -0.997859 -0.0654023 -0
    outer loop
      vertex 0.0128326 1.30421 10.2207
      vertex 0 1.5 8.72028
      vertex 0.0128326 1.30421 8.66782
    endloop
  endfacet
  facet normal -0.997859 -0.0654023 0
    outer loop
      vertex 0 1.5 8.72028
      vertex 0.0128326 1.30421 10.2207
      vertex 0 1.5 10.2732
    endloop
  endfacet
  facet normal 0 -1 0
    outer loop
      vertex 1.5 0 0
      vertex 2.5 0 6.9725
      vertex 1.5 0 6.9725
    endloop
  endfacet
  facet normal 0 -1 0
    outer loop
      vertex 2.5 0 6.9725
      vertex 10.2966 0 5.48503
      vertex 10.525 0 5.5
    endloop
  endfacet
  facet normal 0 -1 0
    outer loop
      vertex 2.5 0 6.9725
      vertex 10.0721 0 5.44037
      vertex 10.2966 0 5.48503
    endloop
  endfacet
  facet normal 0 -1 0
    outer loop
      vertex 2.5 0 6.9725
      vertex 9.8553 0 5.36679
      vertex 10.0721 0 5.44037
    endloop
  endfacet
  facet normal 0 -1 0
    outer loop
      vertex 2.5 0 6.9725
      vertex 9.65 0 5.26554
      vertex 9.8553 0 5.36679
    endloop
  endfacet
  facet normal 0 -1 0
    outer loop
      vertex 2.5 0 6.9725
      vertex 9.45967 0 5.13837
      vertex 9.65 0 5.26554
    endloop
  endfacet
  facet normal 0 -1 0
    outer loop
      vertex 2.5 0 6.9725
      vertex 9.28756 0 4.98744
      vertex 9.45967 0 5.13837
    endloop
  endfacet
  facet normal 0 -1 0
    outer loop
      vertex 2.5 0 6.9725
      vertex 9.13663 0 4.81533
      vertex 9.28756 0 4.98744
    endloop
  endfacet
  facet normal 0 -1 0
    outer loop
      vertex 2.5 0 6.9725
      vertex 9.00945 0 4.625
      vertex 9.13663 0 4.81533
    endloop
  endfacet
  facet normal 0 -1 0
    outer loop
      vertex 2.5 0 6.9725
      vertex 8.90821 0 4.4197
      vertex 9.00945 0 4.625
    endloop
  endfacet
  facet normal 0 -1 0
    outer loop
      vertex 2.5 0 6.9725
      vertex 8.83463 0 4.20293
      vertex 8.90821 0 4.4197
    endloop
  endfacet
  facet normal 0 -1 0
    outer loop
      vertex 2.5 0 6.9725
      vertex 8.78997 0 3.97842
      vertex 8.83463 0 4.20293
    endloop
  endfacet
  facet normal 0 -1 0
    outer loop
      vertex 2.5 0 6.9725
      vertex 8.775 0 3.75
      vertex 8.78997 0 3.97842
    endloop
  endfacet
  facet normal -0 -1 0
    outer loop
      vertex 8.78997 0 3.52158
      vertex 2.5 0 6.9725
      vertex 1.5 0 0
    endloop
  endfacet
  facet normal 0 -1 0
    outer loop
      vertex 2.5 0 6.9725
      vertex 8.78997 0 3.52158
      vertex 8.775 0 3.75
    endloop
  endfacet
  facet normal 0 -1 -0
    outer loop
      vertex 8.78997 0 3.52158
      vertex 1.5 0 0
      vertex 8.83463 0 3.29707
    endloop
  endfacet
  facet normal 0 -1 -0
    outer loop
      vertex 8.83463 0 3.29707
      vertex 1.5 0 0
      vertex 8.90821 0 3.0803
    endloop
  endfacet
  facet normal 0 -1 -0
    outer loop
      vertex 8.90821 0 3.0803
      vertex 1.5 0 0
      vertex 9.00945 0 2.875
    endloop
  endfacet
  facet normal 0 -1 -0
    outer loop
      vertex 9.00945 0 2.875
      vertex 1.5 0 0
      vertex 9.13663 0 2.68467
    endloop
  endfacet
  facet normal 0 -1 -0
    outer loop
      vertex 9.13663 0 2.68467
      vertex 1.5 0 0
      vertex 9.28756 0 2.51256
    endloop
  endfacet
  facet normal 0 -1 -0
    outer loop
      vertex 9.28756 0 2.51256
      vertex 1.5 0 0
      vertex 9.45967 0 2.36163
    endloop
  endfacet
  facet normal 0 -1 -0
    outer loop
      vertex 10.525 0 2
      vertex 1.5 0 0
      vertex 14.025 0 2
    endloop
  endfacet
  facet normal 0 -1 -0
    outer loop
      vertex 10.2966 0 2.01497
      vertex 1.5 0 0
      vertex 10.525 0 2
    endloop
  endfacet
  facet normal 0 -1 -0
    outer loop
      vertex 10.0721 0 2.05963
      vertex 1.5 0 0
      vertex 10.2966 0 2.01497
    endloop
  endfacet
  facet normal 0 -1 -0
    outer loop
      vertex 9.8553 0 2.13321
      vertex 1.5 0 0
      vertex 10.0721 0 2.05963
    endloop
  endfacet
  facet normal 0 -1 -0
    outer loop
      vertex 9.65 0 2.23446
      vertex 1.5 0 0
      vertex 9.8553 0 2.13321
    endloop
  endfacet
  facet normal 0 -1 -0
    outer loop
      vertex 9.45967 0 2.36163
      vertex 1.5 0 0
      vertex 9.65 0 2.23446
    endloop
  endfacet
  facet normal 0 -1 0
    outer loop
      vertex 10.525 0 5.5
      vertex 2.5 0 7.22892
      vertex 2.5 0 6.9725
    endloop
  endfacet
  facet normal 0 -1 0
    outer loop
      vertex 14.025 0 5.5
      vertex 2.5 0 7.22892
      vertex 10.525 0 5.5
    endloop
  endfacet
  facet normal 0 -1 0
    outer loop
      vertex 2.5 0 7.22892
      vertex 14.025 0 5.5
      vertex 23.05 0 7.22892
    endloop
  endfacet
  facet normal 0 -1 0
    outer loop
      vertex 14.2534 0 5.48503
      vertex 23.05 0 7.22892
      vertex 14.025 0 5.5
    endloop
  endfacet
  facet normal 0 -1 0
    outer loop
      vertex 14.4779 0 5.44037
      vertex 23.05 0 7.22892
      vertex 14.2534 0 5.48503
    endloop
  endfacet
  facet normal 0 -1 0
    outer loop
      vertex 14.6947 0 5.36679
      vertex 23.05 0 7.22892
      vertex 14.4779 0 5.44037
    endloop
  endfacet
  facet normal 0 -1 0
    outer loop
      vertex 14.9 0 5.26554
      vertex 23.05 0 7.22892
      vertex 14.6947 0 5.36679
    endloop
  endfacet
  facet normal 0 -1 0
    outer loop
      vertex 15.0903 0 5.13837
      vertex 23.05 0 7.22892
      vertex 14.9 0 5.26554
    endloop
  endfacet
  facet normal 0 -1 0
    outer loop
      vertex 15.2624 0 4.98744
      vertex 23.05 0 7.22892
      vertex 15.0903 0 5.13837
    endloop
  endfacet
  facet normal 0 -1 0
    outer loop
      vertex 15.4134 0 4.81533
      vertex 23.05 0 7.22892
      vertex 15.2624 0 4.98744
    endloop
  endfacet
  facet normal 0 -1 0
    outer loop
      vertex 15.5405 0 4.625
      vertex 23.05 0 7.22892
      vertex 15.4134 0 4.81533
    endloop
  endfacet
  facet normal 0 -1 0
    outer loop
      vertex 15.6418 0 4.4197
      vertex 23.05 0 7.22892
      vertex 15.5405 0 4.625
    endloop
  endfacet
  facet normal 0 -1 0
    outer loop
      vertex 15.7154 0 4.20293
      vertex 23.05 0 7.22892
      vertex 15.6418 0 4.4197
    endloop
  endfacet
  facet normal 0 -1 0
    outer loop
      vertex 15.76 0 3.97842
      vertex 23.05 0 7.22892
      vertex 15.7154 0 4.20293
    endloop
  endfacet
  facet normal 0 -1 0
    outer loop
      vertex 15.775 0 3.75
      vertex 23.05 0 7.22892
      vertex 15.76 0 3.97842
    endloop
  endfacet
  facet normal 0 -1 0
    outer loop
      vertex 23.05 0 0
      vertex 15.775 0 3.75
      vertex 15.76 0 3.52158
    endloop
  endfacet
  facet normal 0 -1 0
    outer loop
      vertex 23.05 0 0
      vertex 15.76 0 3.52158
      vertex 15.7154 0 3.29707
    endloop
  endfacet
  facet normal 0 -1 0
    outer loop
      vertex 23.05 0 0
      vertex 15.7154 0 3.29707
      vertex 15.6418 0 3.0803
    endloop
  endfacet
  facet normal 0 -1 0
    outer loop
      vertex 23.05 0 0
      vertex 15.6418 0 3.0803
      vertex 15.5405 0 2.875
    endloop
  endfacet
  facet normal 0 -1 0
    outer loop
      vertex 23.05 0 0
      vertex 15.5405 0 2.875
      vertex 15.4134 0 2.68467
    endloop
  endfacet
  facet normal 0 -1 0
    outer loop
      vertex 23.05 0 0
      vertex 15.4134 0 2.68467
      vertex 15.2624 0 2.51256
    endloop
  endfacet
  facet normal 0 -1 0
    outer loop
      vertex 23.05 0 0
      vertex 15.2624 0 2.51256
      vertex 15.0903 0 2.36163
    endloop
  endfacet
  facet normal 0 -1 0
    outer loop
      vertex 23.05 0 0
      vertex 15.0903 0 2.36163
      vertex 14.9 0 2.23446
    endloop
  endfacet
  facet normal 0 -1 0
    outer loop
      vertex 23.05 0 0
      vertex 14.025 0 2
      vertex 1.5 0 0
    endloop
  endfacet
  facet normal 0 -1 0
    outer loop
      vertex 15.775 0 3.75
      vertex 23.05 0 0
      vertex 23.05 0 7.22892
    endloop
  endfacet
  facet normal 0 -1 0
    outer loop
      vertex 14.6947 0 2.13321
      vertex 23.05 0 0
      vertex 14.9 0 2.23446
    endloop
  endfacet
  facet normal 0 -1 0
    outer loop
      vertex 14.4779 0 2.05963
      vertex 23.05 0 0
      vertex 14.6947 0 2.13321
    endloop
  endfacet
  facet normal 0 -1 0
    outer loop
      vertex 14.2534 0 2.01497
      vertex 23.05 0 0
      vertex 14.4779 0 2.05963
    endloop
  endfacet
  facet normal 0 -1 0
    outer loop
      vertex 14.025 0 2
      vertex 23.05 0 0
      vertex 14.2534 0 2.01497
    endloop
  endfacet
  facet normal 0 -1 0
    outer loop
      vertex 2.5 0 8.31835
      vertex 1.5 0 9.87127
      vertex 1.5 0 8.31835
    endloop
  endfacet
  facet normal 0 -1 0
    outer loop
      vertex 1.5 0 9.87127
      vertex 2.5 0 8.31835
      vertex 23.05 0 9.87127
    endloop
  endfacet
  facet normal 0 -1 0
    outer loop
      vertex 2.5 0 8.31835
      vertex 23.05 0 8.31835
      vertex 23.05 0 9.87127
    endloop
  endfacet
  facet normal 0.065399 -0.997859 0
    outer loop
      vertex 23.05 0 0
      vertex 23.2458 0.0128326 7.18102
      vertex 23.05 0 7.22892
    endloop
  endfacet
  facet normal 0.065399 -0.997859 0
    outer loop
      vertex 23.2458 0.0128326 7.18102
      vertex 23.05 0 0
      vertex 23.2458 0.0128326 0
    endloop
  endfacet
  facet normal 0.065399 -0.997859 0
    outer loop
      vertex 23.05 0 9.87127
      vertex 23.2458 0.0128326 8.32179
      vertex 23.2458 0.0128326 9.87471
    endloop
  endfacet
  facet normal 0.065399 -0.997859 0
    outer loop
      vertex 23.2458 0.0128326 8.32179
      vertex 23.05 0 9.87127
      vertex 23.05 0 8.31835
    endloop
  endfacet
  facet normal 1 -0 0
    outer loop
      vertex 24.55 1.5 10.2732
      vertex 24.55 20.51 0
      vertex 24.55 20.51 15.3669
    endloop
  endfacet
  facet normal 1 0 0
    outer loop
      vertex 24.55 20.51 0
      vertex 24.55 1.5 10.2732
      vertex 24.55 1.5 0
    endloop
  endfacet
  facet normal -0.896875 -0.442283 -0
    outer loop
      vertex 0.200961 0.75 7.17346
      vertex 0.114181 0.925975 0
      vertex 0.200961 0.75 0
    endloop
  endfacet
  facet normal -0.896875 -0.442283 0
    outer loop
      vertex 0.114181 0.925975 0
      vertex 0.200961 0.75 7.17346
      vertex 0.114181 0.925975 7.22061
    endloop
  endfacet
  facet normal -0.896875 -0.442283 -0
    outer loop
      vertex 0.200961 0.75 10.0722
      vertex 0.114181 0.925975 8.56647
      vertex 0.200961 0.75 8.51932
    endloop
  endfacet
  facet normal -0.896875 -0.442283 0
    outer loop
      vertex 0.114181 0.925975 8.56647
      vertex 0.200961 0.75 10.0722
      vertex 0.114181 0.925975 10.1194
    endloop
  endfacet
  facet normal -1 0 0
    outer loop
      vertex 0 20.51 0
      vertex 0 20.2616 12.4016
      vertex 0 20.51 15.3669
    endloop
  endfacet
  facet normal -1 0 0
    outer loop
      vertex 0 20.51 0
      vertex 0 19.7787 12.2722
      vertex 0 20.2616 12.4016
    endloop
  endfacet
  facet normal -1 0 0
    outer loop
      vertex 0 20.51 0
      vertex 0 18.6195 11.9616
      vertex 0 19.7787 12.2722
    endloop
  endfacet
  facet normal -1 0 0
    outer loop
      vertex 0 1.5 7.37442
      vertex 0 20.51 0
      vertex 0 1.5 0
    endloop
  endfacet
  facet normal -1 0 0
    outer loop
      vertex 0 20.51 0
      vertex 0 1.5 7.37442
      vertex 0 18.6195 11.9616
    endloop
  endfacet
  facet normal -1 0 0
    outer loop
      vertex 0 19.9251 13.6573
      vertex 0 20.51 15.3669
      vertex 0 20.2616 12.4016
    endloop
  endfacet
  facet normal -1 -0 0
    outer loop
      vertex 0 19.9251 13.6573
      vertex 0 19.4422 13.5279
      vertex 0 20.51 15.3669
    endloop
  endfacet
  facet normal -1 0 0
    outer loop
      vertex 0 18.2831 13.2173
      vertex 0 20.51 15.3669
      vertex 0 19.4422 13.5279
    endloop
  endfacet
  facet normal -1 0 0
    outer loop
      vertex 0 1.5 10.2732
      vertex 0 18.2831 13.2173
      vertex 0 1.5 8.72028
    endloop
  endfacet
  facet normal -1 -0 0
    outer loop
      vertex 0 18.2831 13.2173
      vertex 0 1.5 10.2732
      vertex 0 20.51 15.3669
    endloop
  endfacet
  facet normal 0 0 -1
    outer loop
      vertex 24.55 1.5 0
      vertex 23.0466 1.84779 0
      vertex 23.05 1.9 0
    endloop
  endfacet
  facet normal 0 0 -1
    outer loop
      vertex 23.2458 0.0128326 0
      vertex 23.0364 1.79647 0
      vertex 23.0466 1.84779 0
    endloop
  endfacet
  facet normal 0 0 -1
    outer loop
      vertex 23.2458 0.0128326 0
      vertex 23.0196 1.74693 0
      vertex 23.0364 1.79647 0
    endloop
  endfacet
  facet normal 0 0 -1
    outer loop
      vertex 23.2458 0.0128326 0
      vertex 22.9964 1.7 0
      vertex 23.0196 1.74693 0
    endloop
  endfacet
  facet normal 0 0 -1
    outer loop
      vertex 23.2458 0.0128326 0
      vertex 22.9673 1.6565 0
      vertex 22.9964 1.7 0
    endloop
  endfacet
  facet normal 0 0 -1
    outer loop
      vertex 23.2458 0.0128326 0
      vertex 22.9328 1.61716 0
      vertex 22.9673 1.6565 0
    endloop
  endfacet
  facet normal 0 0 -1
    outer loop
      vertex 23.2458 0.0128326 0
      vertex 22.8935 1.58266 0
      vertex 22.9328 1.61716 0
    endloop
  endfacet
  facet normal 0 0 -1
    outer loop
      vertex 23.2458 0.0128326 0
      vertex 22.85 1.55359 0
      vertex 22.8935 1.58266 0
    endloop
  endfacet
  facet normal 0 0 -1
    outer loop
      vertex 23.2458 0.0128326 0
      vertex 22.8031 1.53045 0
      vertex 22.85 1.55359 0
    endloop
  endfacet
  facet normal 0 0 -1
    outer loop
      vertex 23.05 0 0
      vertex 22.7535 1.51363 0
      vertex 22.8031 1.53045 0
    endloop
  endfacet
  facet normal 0 0 -1
    outer loop
      vertex 23.05 0 0
      vertex 22.7022 1.50342 0
      vertex 22.7535 1.51363 0
    endloop
  endfacet
  facet normal 0 0 -1
    outer loop
      vertex 23.05 0 0
      vertex 22.65 1.5 0
      vertex 22.7022 1.50342 0
    endloop
  endfacet
  facet normal 0 0 -1
    outer loop
      vertex 23.05 0 0
      vertex 1.9 1.5 0
      vertex 22.65 1.5 0
    endloop
  endfacet
  facet normal 0 0 -1
    outer loop
      vertex 1.5 0 0
      vertex 1.9 1.5 0
      vertex 23.05 0 0
    endloop
  endfacet
  facet normal -0 0 -1
    outer loop
      vertex 1.9 1.5 0
      vertex 1.5 0 0
      vertex 1.84779 1.50342 0
    endloop
  endfacet
  facet normal 0 0 -1
    outer loop
      vertex 1.5 0 0
      vertex 1.79647 1.51363 0
      vertex 1.84779 1.50342 0
    endloop
  endfacet
  facet normal 0 0 -1
    outer loop
      vertex 1.5 0 0
      vertex 1.74693 1.53045 0
      vertex 1.79647 1.51363 0
    endloop
  endfacet
  facet normal 0 0 -1
    outer loop
      vertex 1.30421 0.0128326 0
      vertex 1.74693 1.53045 0
      vertex 1.5 0 0
    endloop
  endfacet
  facet normal -0 0 -1
    outer loop
      vertex 1.74693 1.53045 0
      vertex 1.30421 0.0128326 0
      vertex 1.7 1.55359 0
    endloop
  endfacet
  facet normal 0 0 -1
    outer loop
      vertex 1.11177 0.0511112 0
      vertex 1.7 1.55359 0
      vertex 1.30421 0.0128326 0
    endloop
  endfacet
  facet normal 0 0 -1
    outer loop
      vertex 0.925975 0.114181 0
      vertex 1.7 1.55359 0
      vertex 1.11177 0.0511112 0
    endloop
  endfacet
  facet normal -0 0 -1
    outer loop
      vertex 1.7 1.55359 0
      vertex 0.925975 0.114181 0
      vertex 1.6565 1.58266 0
    endloop
  endfacet
  facet normal 0 0 -1
    outer loop
      vertex 0.75 0.200961 0
      vertex 1.6565 1.58266 0
      vertex 0.925975 0.114181 0
    endloop
  endfacet
  facet normal 0 0 -1
    outer loop
      vertex 0.586858 0.30997 0
      vertex 1.6565 1.58266 0
      vertex 0.75 0.200961 0
    endloop
  endfacet
  facet normal -0 0 -1
    outer loop
      vertex 1.6565 1.58266 0
      vertex 0.586858 0.30997 0
      vertex 1.61716 1.61716 0
    endloop
  endfacet
  facet normal 0 0 -1
    outer loop
      vertex 0.43934 0.43934 0
      vertex 1.61716 1.61716 0
      vertex 0.586858 0.30997 0
    endloop
  endfacet
  facet normal 0 0 -1
    outer loop
      vertex 0.30997 0.586858 0
      vertex 1.61716 1.61716 0
      vertex 0.43934 0.43934 0
    endloop
  endfacet
  facet normal -0 0 -1
    outer loop
      vertex 1.5 1.9 0
      vertex 0 1.5 0
      vertex 1.5 20.11 0
    endloop
  endfacet
  facet normal -0 0 -1
    outer loop
      vertex 1.61716 1.61716 0
      vertex 0.30997 0.586858 0
      vertex 1.58266 1.6565 0
    endloop
  endfacet
  facet normal 0 0 -1
    outer loop
      vertex 0 20.51 0
      vertex 1.5 20.11 0
      vertex 0 1.5 0
    endloop
  endfacet
  facet normal 0 0 -1
    outer loop
      vertex 0.200961 0.75 0
      vertex 1.58266 1.6565 0
      vertex 0.30997 0.586858 0
    endloop
  endfacet
  facet normal 0 -0 -1
    outer loop
      vertex 0.0128326 20.7058 0
      vertex 1.5 20.11 0
      vertex 0 20.51 0
    endloop
  endfacet
  facet normal 0 0 -1
    outer loop
      vertex 0.114181 0.925975 0
      vertex 1.58266 1.6565 0
      vertex 0.200961 0.75 0
    endloop
  endfacet
  facet normal 0 0 -1
    outer loop
      vertex 1.5 20.11 0
      vertex 1.30421 21.9972 0
      vertex 1.5 22.01 0
    endloop
  endfacet
  facet normal -0 0 -1
    outer loop
      vertex 1.58266 1.6565 0
      vertex 0.114181 0.925975 0
      vertex 1.55359 1.7 0
    endloop
  endfacet
  facet normal 0 0 -1
    outer loop
      vertex 1.5 20.11 0
      vertex 1.11177 21.9589 0
      vertex 1.30421 21.9972 0
    endloop
  endfacet
  facet normal 0 0 -1
    outer loop
      vertex 0.0511112 1.11177 0
      vertex 1.55359 1.7 0
      vertex 0.114181 0.925975 0
    endloop
  endfacet
  facet normal 0 0 -1
    outer loop
      vertex 1.5 20.11 0
      vertex 0.925975 21.8958 0
      vertex 1.11177 21.9589 0
    endloop
  endfacet
  facet normal -0 0 -1
    outer loop
      vertex 1.55359 1.7 0
      vertex 0.0511112 1.11177 0
      vertex 1.53045 1.74693 0
    endloop
  endfacet
  facet normal 0 0 -1
    outer loop
      vertex 1.5 20.11 0
      vertex 0.75 21.809 0
      vertex 0.925975 21.8958 0
    endloop
  endfacet
  facet normal 0 0 -1
    outer loop
      vertex 0.0128326 1.30421 0
      vertex 1.53045 1.74693 0
      vertex 0.0511112 1.11177 0
    endloop
  endfacet
  facet normal 0 0 -1
    outer loop
      vertex 1.5 20.11 0
      vertex 0.586858 21.7 0
      vertex 0.75 21.809 0
    endloop
  endfacet
  facet normal 0 0 -1
    outer loop
      vertex 0 1.5 0
      vertex 1.53045 1.74693 0
      vertex 0.0128326 1.30421 0
    endloop
  endfacet
  facet normal 0 0 -1
    outer loop
      vertex 1.5 20.11 0
      vertex 0.43934 21.5707 0
      vertex 0.586858 21.7 0
    endloop
  endfacet
  facet normal -0 0 -1
    outer loop
      vertex 1.53045 1.74693 0
      vertex 0 1.5 0
      vertex 1.51363 1.79647 0
    endloop
  endfacet
  facet normal 0 0 -1
    outer loop
      vertex 1.5 20.11 0
      vertex 0.30997 21.4231 0
      vertex 0.43934 21.5707 0
    endloop
  endfacet
  facet normal -0 0 -1
    outer loop
      vertex 1.51363 1.79647 0
      vertex 0 1.5 0
      vertex 1.50342 1.84779 0
    endloop
  endfacet
  facet normal 0 0 -1
    outer loop
      vertex 1.5 20.11 0
      vertex 0.200961 21.26 0
      vertex 0.30997 21.4231 0
    endloop
  endfacet
  facet normal -0 0 -1
    outer loop
      vertex 1.50342 1.84779 0
      vertex 0 1.5 0
      vertex 1.5 1.9 0
    endloop
  endfacet
  facet normal 0 0 -1
    outer loop
      vertex 1.5 20.11 0
      vertex 0.114181 21.084 0
      vertex 0.200961 21.26 0
    endloop
  endfacet
  facet normal 0 0 -1
    outer loop
      vertex 1.5 20.11 0
      vertex 0.0511112 20.8982 0
      vertex 0.114181 21.084 0
    endloop
  endfacet
  facet normal 0 0 -1
    outer loop
      vertex 1.5 20.11 0
      vertex 0.0128326 20.7058 0
      vertex 0.0511112 20.8982 0
    endloop
  endfacet
  facet normal 0 0 -1
    outer loop
      vertex 23.0466 1.84779 0
      vertex 24.55 1.5 0
      vertex 24.5372 1.30421 0
    endloop
  endfacet
  facet normal 0 0 -1
    outer loop
      vertex 24.55 1.5 0
      vertex 23.05 1.9 0
      vertex 24.55 20.51 0
    endloop
  endfacet
  facet normal 0 0 -1
    outer loop
      vertex 23.0466 1.84779 0
      vertex 24.5372 1.30421 0
      vertex 24.4989 1.11177 0
    endloop
  endfacet
  facet normal 0 0 -1
    outer loop
      vertex 23.05 20.11 0
      vertex 24.55 20.51 0
      vertex 23.05 1.9 0
    endloop
  endfacet
  facet normal 0 0 -1
    outer loop
      vertex 23.0466 1.84779 0
      vertex 24.4989 1.11177 0
      vertex 24.4358 0.925975 0
    endloop
  endfacet
  facet normal 0 0 -1
    outer loop
      vertex 23.0466 20.1622 0
      vertex 24.55 20.51 0
      vertex 23.05 20.11 0
    endloop
  endfacet
  facet normal 0 0 -1
    outer loop
      vertex 23.0466 1.84779 0
      vertex 24.4358 0.925975 0
      vertex 24.349 0.75 0
    endloop
  endfacet
  facet normal 0 0 -1
    outer loop
      vertex 23.0364 20.2135 0
      vertex 24.55 20.51 0
      vertex 23.0466 20.1622 0
    endloop
  endfacet
  facet normal 0 0 -1
    outer loop
      vertex 23.0466 1.84779 0
      vertex 24.349 0.75 0
      vertex 24.24 0.586858 0
    endloop
  endfacet
  facet normal 0 0 -1
    outer loop
      vertex 23.0196 20.2631 0
      vertex 24.55 20.51 0
      vertex 23.0364 20.2135 0
    endloop
  endfacet
  facet normal 0 0 -1
    outer loop
      vertex 23.0466 1.84779 0
      vertex 24.24 0.586858 0
      vertex 24.1107 0.43934 0
    endloop
  endfacet
  facet normal -0 0 -1
    outer loop
      vertex 24.55 20.51 0
      vertex 23.0196 20.2631 0
      vertex 24.5372 20.7058 0
    endloop
  endfacet
  facet normal 0 0 -1
    outer loop
      vertex 23.0466 1.84779 0
      vertex 24.1107 0.43934 0
      vertex 23.9631 0.30997 0
    endloop
  endfacet
  facet normal -0 0 -1
    outer loop
      vertex 24.5372 20.7058 0
      vertex 23.0196 20.2631 0
      vertex 24.4989 20.8982 0
    endloop
  endfacet
  facet normal 0 0 -1
    outer loop
      vertex 23.0466 1.84779 0
      vertex 23.9631 0.30997 0
      vertex 23.8 0.200961 0
    endloop
  endfacet
  facet normal 0 0 -1
    outer loop
      vertex 22.9964 20.31 0
      vertex 24.4989 20.8982 0
      vertex 23.0196 20.2631 0
    endloop
  endfacet
  facet normal 0 0 -1
    outer loop
      vertex 23.0466 1.84779 0
      vertex 23.8 0.200961 0
      vertex 23.624 0.114181 0
    endloop
  endfacet
  facet normal -0 0 -1
    outer loop
      vertex 24.4989 20.8982 0
      vertex 22.9964 20.31 0
      vertex 24.4358 21.084 0
    endloop
  endfacet
  facet normal 0 0 -1
    outer loop
      vertex 23.0466 1.84779 0
      vertex 23.624 0.114181 0
      vertex 23.4382 0.0511112 0
    endloop
  endfacet
  facet normal 0 0 -1
    outer loop
      vertex 22.9673 20.3535 0
      vertex 24.4358 21.084 0
      vertex 22.9964 20.31 0
    endloop
  endfacet
  facet normal 0 0 -1
    outer loop
      vertex 23.0466 1.84779 0
      vertex 23.4382 0.0511112 0
      vertex 23.2458 0.0128326 0
    endloop
  endfacet
  facet normal -0 0 -1
    outer loop
      vertex 24.4358 21.084 0
      vertex 22.9673 20.3535 0
      vertex 24.349 21.26 0
    endloop
  endfacet
  facet normal 0 0 -1
    outer loop
      vertex 22.8031 1.53045 0
      vertex 23.2458 0.0128326 0
      vertex 23.05 0 0
    endloop
  endfacet
  facet normal -0 0 -1
    outer loop
      vertex 24.349 21.26 0
      vertex 22.9673 20.3535 0
      vertex 24.24 21.4231 0
    endloop
  endfacet
  facet normal 0 0 -1
    outer loop
      vertex 22.9328 20.3928 0
      vertex 24.24 21.4231 0
      vertex 22.9673 20.3535 0
    endloop
  endfacet
  facet normal -0 0 -1
    outer loop
      vertex 24.24 21.4231 0
      vertex 22.9328 20.3928 0
      vertex 24.1107 21.5707 0
    endloop
  endfacet
  facet normal -0 0 -1
    outer loop
      vertex 24.1107 21.5707 0
      vertex 22.9328 20.3928 0
      vertex 23.9631 21.7 0
    endloop
  endfacet
  facet normal 0 0 -1
    outer loop
      vertex 22.8935 20.4273 0
      vertex 23.9631 21.7 0
      vertex 22.9328 20.3928 0
    endloop
  endfacet
  facet normal -0 0 -1
    outer loop
      vertex 23.9631 21.7 0
      vertex 22.8935 20.4273 0
      vertex 23.8 21.809 0
    endloop
  endfacet
  facet normal -0 0 -1
    outer loop
      vertex 23.8 21.809 0
      vertex 22.8935 20.4273 0
      vertex 23.624 21.8958 0
    endloop
  endfacet
  facet normal 0 0 -1
    outer loop
      vertex 22.85 20.4564 0
      vertex 23.624 21.8958 0
      vertex 22.8935 20.4273 0
    endloop
  endfacet
  facet normal -0 0 -1
    outer loop
      vertex 23.624 21.8958 0
      vertex 22.85 20.4564 0
      vertex 23.4382 21.9589 0
    endloop
  endfacet
  facet normal -0 0 -1
    outer loop
      vertex 23.4382 21.9589 0
      vertex 22.85 20.4564 0
      vertex 23.2458 21.9972 0
    endloop
  endfacet
  facet normal 0 0 -1
    outer loop
      vertex 22.8031 20.4796 0
      vertex 23.2458 21.9972 0
      vertex 22.85 20.4564 0
    endloop
  endfacet
  facet normal -0 0 -1
    outer loop
      vertex 23.2458 21.9972 0
      vertex 22.8031 20.4796 0
      vertex 23.05 22.01 0
    endloop
  endfacet
  facet normal 0 0 -1
    outer loop
      vertex 22.7535 20.4964 0
      vertex 23.05 22.01 0
      vertex 22.8031 20.4796 0
    endloop
  endfacet
  facet normal 0 0 -1
    outer loop
      vertex 22.7022 20.5066 0
      vertex 23.05 22.01 0
      vertex 22.7535 20.4964 0
    endloop
  endfacet
  facet normal 0 0 -1
    outer loop
      vertex 22.65 20.51 0
      vertex 23.05 22.01 0
      vertex 22.7022 20.5066 0
    endloop
  endfacet
  facet normal 0 0 -1
    outer loop
      vertex 1.9 20.51 0
      vertex 23.05 22.01 0
      vertex 22.65 20.51 0
    endloop
  endfacet
  facet normal 0 0 -1
    outer loop
      vertex 1.5 22.01 0
      vertex 1.9 20.51 0
      vertex 1.84779 20.5066 0
    endloop
  endfacet
  facet normal 0 0 -1
    outer loop
      vertex 1.9 20.51 0
      vertex 1.5 22.01 0
      vertex 23.05 22.01 0
    endloop
  endfacet
  facet normal 0 0 -1
    outer loop
      vertex 1.79647 20.4964 0
      vertex 1.5 22.01 0
      vertex 1.84779 20.5066 0
    endloop
  endfacet
  facet normal 0 0 -1
    outer loop
      vertex 1.74693 20.4796 0
      vertex 1.5 22.01 0
      vertex 1.79647 20.4964 0
    endloop
  endfacet
  facet normal 0 0 -1
    outer loop
      vertex 1.7 20.4564 0
      vertex 1.5 22.01 0
      vertex 1.74693 20.4796 0
    endloop
  endfacet
  facet normal 0 0 -1
    outer loop
      vertex 1.6565 20.4273 0
      vertex 1.5 22.01 0
      vertex 1.7 20.4564 0
    endloop
  endfacet
  facet normal 0 0 -1
    outer loop
      vertex 1.61716 20.3928 0
      vertex 1.5 22.01 0
      vertex 1.6565 20.4273 0
    endloop
  endfacet
  facet normal 0 0 -1
    outer loop
      vertex 1.58266 20.3535 0
      vertex 1.5 22.01 0
      vertex 1.61716 20.3928 0
    endloop
  endfacet
  facet normal 0 0 -1
    outer loop
      vertex 1.55359 20.31 0
      vertex 1.5 22.01 0
      vertex 1.58266 20.3535 0
    endloop
  endfacet
  facet normal 0 0 -1
    outer loop
      vertex 1.53045 20.2631 0
      vertex 1.5 22.01 0
      vertex 1.55359 20.31 0
    endloop
  endfacet
  facet normal 0 0 -1
    outer loop
      vertex 1.51363 20.2135 0
      vertex 1.5 22.01 0
      vertex 1.53045 20.2631 0
    endloop
  endfacet
  facet normal 0 0 -1
    outer loop
      vertex 1.50342 20.1622 0
      vertex 1.5 22.01 0
      vertex 1.51363 20.2135 0
    endloop
  endfacet
  facet normal 0 0 -1
    outer loop
      vertex 1.5 22.01 0
      vertex 1.50342 20.1622 0
      vertex 1.5 20.11 0
    endloop
  endfacet
  facet normal 0.0652336 0.99787 0
    outer loop
      vertex 23.05 22.01 0
      vertex 23.2458 21.9972 15.7654
      vertex 23.2458 21.9972 0
    endloop
  endfacet
  facet normal 0.0652336 0.99787 0
    outer loop
      vertex 23.2458 21.9972 15.7654
      vertex 23.05 22.01 0
      vertex 23.05 22.01 15.7688
    endloop
  endfacet
  facet normal 0 1 -0
    outer loop
      vertex 23.05 22.01 0
      vertex 1.5 22.01 15.7688
      vertex 23.05 22.01 15.7688
    endloop
  endfacet
  facet normal 0 1 0
    outer loop
      vertex 1.5 22.01 15.7688
      vertex 23.05 22.01 0
      vertex 1.5 22.01 0
    endloop
  endfacet
  facet normal 0.980757 0.195234 0
    outer loop
      vertex 24.5372 20.7058 15.4194
      vertex 24.4989 20.8982 0
      vertex 24.4989 20.8982 15.4709
    endloop
  endfacet
  facet normal 0.980757 0.195234 0
    outer loop
      vertex 24.4989 20.8982 0
      vertex 24.5372 20.7058 15.4194
      vertex 24.5372 20.7058 0
    endloop
  endfacet
  facet normal 0.99787 0.0652336 0
    outer loop
      vertex 24.55 20.51 15.3669
      vertex 24.5372 20.7058 0
      vertex 24.5372 20.7058 15.4194
    endloop
  endfacet
  facet normal 0.99787 0.0652336 0
    outer loop
      vertex 24.5372 20.7058 0
      vertex 24.55 20.51 15.3669
      vertex 24.55 20.51 0
    endloop
  endfacet
  facet normal 0.99787 -0.0652369 0
    outer loop
      vertex 24.5372 1.30421 10.2207
      vertex 24.55 1.5 0
      vertex 24.55 1.5 10.2732
    endloop
  endfacet
  facet normal 0.99787 -0.0652369 0
    outer loop
      vertex 24.55 1.5 0
      vertex 24.5372 1.30421 10.2207
      vertex 24.5372 1.30421 0
    endloop
  endfacet
  facet normal -0.0654023 -0.997859 0
    outer loop
      vertex 1.30421 0.0128326 0
      vertex 1.5 0 6.9725
      vertex 1.30421 0.0128326 6.97593
    endloop
  endfacet
  facet normal -0.0654023 -0.997859 -0
    outer loop
      vertex 1.5 0 6.9725
      vertex 1.30421 0.0128326 0
      vertex 1.5 0 0
    endloop
  endfacet
  facet normal -0.0654023 -0.997859 0
    outer loop
      vertex 1.30421 0.0128326 8.32179
      vertex 1.5 0 9.87127
      vertex 1.30421 0.0128326 9.87471
    endloop
  endfacet
  facet normal -0.0654023 -0.997859 -0
    outer loop
      vertex 1.5 0 9.87127
      vertex 1.30421 0.0128326 8.32179
      vertex 1.5 0 8.31835
    endloop
  endfacet
  facet normal -0.831401 0.555673 0
    outer loop
      vertex 0.200961 21.26 15.5679
      vertex 0.30997 21.4231 0
      vertex 0.200961 21.26 0
    endloop
  endfacet
  facet normal -0.831401 0.555673 0
    outer loop
      vertex 0.30997 21.4231 0
      vertex 0.200961 21.26 15.5679
      vertex 0.30997 21.4231 15.6116
    endloop
  endfacet
  facet normal -0.659145 0.752016 0
    outer loop
      vertex 0.586858 21.7 0
      vertex 0.43934 21.5707 15.6511
      vertex 0.586858 21.7 15.6858
    endloop
  endfacet
  facet normal -0.659145 0.752016 0
    outer loop
      vertex 0.43934 21.5707 15.6511
      vertex 0.586858 21.7 0
      vertex 0.43934 21.5707 0
    endloop
  endfacet
  facet normal -0.997859 0.065399 0
    outer loop
      vertex 0 20.51 15.3669
      vertex 0.0128326 20.7058 0
      vertex 0 20.51 0
    endloop
  endfacet
  facet normal -0.997859 0.065399 0
    outer loop
      vertex 0.0128326 20.7058 0
      vertex 0 20.51 15.3669
      vertex 0.0128326 20.7058 15.4194
    endloop
  endfacet
  facet normal 0.658937 0.752198 0
    outer loop
      vertex 23.9631 21.7 0
      vertex 24.1107 21.5707 15.6511
      vertex 24.1107 21.5707 0
    endloop
  endfacet
  facet normal 0.658937 0.752198 0
    outer loop
      vertex 24.1107 21.5707 15.6511
      vertex 23.9631 21.7 0
      vertex 23.9631 21.7 15.6858
    endloop
  endfacet
  facet normal 0.946882 -0.321582 0
    outer loop
      vertex 24.4358 0.925975 10.1194
      vertex 24.4989 1.11177 0
      vertex 24.4989 1.11177 10.1692
    endloop
  endfacet
  facet normal 0.946882 -0.321582 0
    outer loop
      vertex 24.4989 1.11177 0
      vertex 24.4358 0.925975 10.1194
      vertex 24.4358 0.925975 0
    endloop
  endfacet
  facet normal 0.442233 -0.8969 0
    outer loop
      vertex 23.8 0.200961 0
      vertex 23.624 0.114181 9.90186
      vertex 23.624 0.114181 0
    endloop
  endfacet
  facet normal 0.442233 -0.8969 0
    outer loop
      vertex 23.624 0.114181 9.90186
      vertex 23.8 0.200961 0
      vertex 23.8 0.200961 9.92512
    endloop
  endfacet
  facet normal -0.752021 0.659139 0
    outer loop
      vertex 0.30997 21.4231 15.6116
      vertex 0.43934 21.5707 0
      vertex 0.30997 21.4231 0
    endloop
  endfacet
  facet normal -0.752021 0.659139 0
    outer loop
      vertex 0.43934 21.5707 0
      vertex 0.30997 21.4231 15.6116
      vertex 0.43934 21.5707 15.6511
    endloop
  endfacet
  facet normal -0.946931 0.321436 0
    outer loop
      vertex 0.0511112 20.8982 15.4709
      vertex 0.114181 21.084 0
      vertex 0.0511112 20.8982 0
    endloop
  endfacet
  facet normal -0.946931 0.321436 0
    outer loop
      vertex 0.114181 21.084 0
      vertex 0.0511112 20.8982 15.4709
      vertex 0.114181 21.084 15.5207
    endloop
  endfacet
  facet normal -0.8969 0.442233 0
    outer loop
      vertex 0.114181 21.084 15.5207
      vertex 0.200961 21.26 0
      vertex 0.114181 21.084 0
    endloop
  endfacet
  facet normal -0.8969 0.442233 0
    outer loop
      vertex 0.200961 21.26 0
      vertex 0.114181 21.084 15.5207
      vertex 0.200961 21.26 15.5679
    endloop
  endfacet
  facet normal -0.980778 0.195129 0
    outer loop
      vertex 0.0128326 20.7058 15.4194
      vertex 0.0511112 20.8982 0
      vertex 0.0128326 20.7058 0
    endloop
  endfacet
  facet normal -0.980778 0.195129 0
    outer loop
      vertex 0.0511112 20.8982 0
      vertex 0.0128326 20.7058 15.4194
      vertex 0.0511112 20.8982 15.4709
    endloop
  endfacet
  facet normal 0.442315 0.89686 0
    outer loop
      vertex 23.624 21.8958 0
      vertex 23.8 21.809 15.715
      vertex 23.8 21.809 0
    endloop
  endfacet
  facet normal 0.442315 0.89686 0
    outer loop
      vertex 23.8 21.809 15.715
      vertex 23.624 21.8958 0
      vertex 23.624 21.8958 15.7382
    endloop
  endfacet
  facet normal 0.555641 0.831422 0
    outer loop
      vertex 23.8 21.809 0
      vertex 23.9631 21.7 15.6858
      vertex 23.9631 21.7 0
    endloop
  endfacet
  facet normal 0.555641 0.831422 0
    outer loop
      vertex 23.9631 21.7 15.6858
      vertex 23.8 21.809 0
      vertex 23.8 21.809 15.715
    endloop
  endfacet
  facet normal 0.752198 0.658937 0
    outer loop
      vertex 24.24 21.4231 15.6116
      vertex 24.1107 21.5707 0
      vertex 24.1107 21.5707 15.6511
    endloop
  endfacet
  facet normal 0.752198 0.658937 0
    outer loop
      vertex 24.1107 21.5707 0
      vertex 24.24 21.4231 15.6116
      vertex 24.24 21.4231 0
    endloop
  endfacet
  facet normal 0.831422 0.555641 0
    outer loop
      vertex 24.349 21.26 15.5679
      vertex 24.24 21.4231 0
      vertex 24.24 21.4231 15.6116
    endloop
  endfacet
  facet normal 0.831422 0.555641 0
    outer loop
      vertex 24.24 21.4231 0
      vertex 24.349 21.26 15.5679
      vertex 24.349 21.26 0
    endloop
  endfacet
  facet normal 0.946885 0.321574 0
    outer loop
      vertex 24.4989 20.8982 15.4709
      vertex 24.4358 21.084 0
      vertex 24.4358 21.084 15.5207
    endloop
  endfacet
  facet normal 0.946885 0.321574 0
    outer loop
      vertex 24.4358 21.084 0
      vertex 24.4989 20.8982 15.4709
      vertex 24.4989 20.8982 0
    endloop
  endfacet
  facet normal -0.195195 0.980764 0
    outer loop
      vertex 1.30421 21.9972 0
      vertex 1.11177 21.9589 15.7551
      vertex 1.30421 21.9972 15.7654
    endloop
  endfacet
  facet normal -0.195195 0.980764 0
    outer loop
      vertex 1.11177 21.9589 15.7551
      vertex 1.30421 21.9972 0
      vertex 1.11177 21.9589 0
    endloop
  endfacet
  facet normal -0.0652369 0.99787 0
    outer loop
      vertex 1.5 22.01 0
      vertex 1.30421 21.9972 15.7654
      vertex 1.5 22.01 15.7688
    endloop
  endfacet
  facet normal -0.0652369 0.99787 0
    outer loop
      vertex 1.30421 21.9972 15.7654
      vertex 1.5 22.01 0
      vertex 1.30421 21.9972 0
    endloop
  endfacet
  facet normal -0.321582 0.946882 0
    outer loop
      vertex 1.11177 21.9589 0
      vertex 0.925975 21.8958 15.7382
      vertex 1.11177 21.9589 15.7551
    endloop
  endfacet
  facet normal -0.321582 0.946882 0
    outer loop
      vertex 0.925975 21.8958 15.7382
      vertex 1.11177 21.9589 0
      vertex 0.925975 21.8958 0
    endloop
  endfacet
  facet normal -0.555542 0.831488 0
    outer loop
      vertex 0.75 21.809 0
      vertex 0.586858 21.7 15.6858
      vertex 0.75 21.809 15.715
    endloop
  endfacet
  facet normal -0.555542 0.831488 0
    outer loop
      vertex 0.586858 21.7 15.6858
      vertex 0.75 21.809 0
      vertex 0.586858 21.7 0
    endloop
  endfacet
  facet normal 0.980764 -0.195195 0
    outer loop
      vertex 24.4989 1.11177 10.1692
      vertex 24.5372 1.30421 0
      vertex 24.5372 1.30421 10.2207
    endloop
  endfacet
  facet normal 0.980764 -0.195195 0
    outer loop
      vertex 24.5372 1.30421 0
      vertex 24.4989 1.11177 10.1692
      vertex 24.4989 1.11177 0
    endloop
  endfacet
  facet normal 0.752016 -0.659145 0
    outer loop
      vertex 24.1107 0.43934 9.98899
      vertex 24.24 0.586858 0
      vertex 24.24 0.586858 10.0285
    endloop
  endfacet
  facet normal 0.752016 -0.659145 0
    outer loop
      vertex 24.24 0.586858 0
      vertex 24.1107 0.43934 9.98899
      vertex 24.1107 0.43934 0
    endloop
  endfacet
  facet normal 0.831488 -0.555542 0
    outer loop
      vertex 24.24 0.586858 10.0285
      vertex 24.349 0.75 0
      vertex 24.349 0.75 10.0722
    endloop
  endfacet
  facet normal 0.831488 -0.555542 0
    outer loop
      vertex 24.349 0.75 0
      vertex 24.24 0.586858 10.0285
      vertex 24.24 0.586858 0
    endloop
  endfacet
  facet normal 0.896835 -0.442365 0
    outer loop
      vertex 24.349 0.75 10.0722
      vertex 24.4358 0.925975 0
      vertex 24.4358 0.925975 10.1194
    endloop
  endfacet
  facet normal 0.896835 -0.442365 0
    outer loop
      vertex 24.4358 0.925975 0
      vertex 24.349 0.75 10.0722
      vertex 24.349 0.75 0
    endloop
  endfacet
  facet normal 0.321436 -0.946931 0
    outer loop
      vertex 23.624 0.114181 0
      vertex 23.4382 0.0511112 9.88496
      vertex 23.4382 0.0511112 0
    endloop
  endfacet
  facet normal 0.321436 -0.946931 0
    outer loop
      vertex 23.4382 0.0511112 9.88496
      vertex 23.624 0.114181 0
      vertex 23.624 0.114181 9.90186
    endloop
  endfacet
  facet normal 0.195128 -0.980778 0
    outer loop
      vertex 23.2458 0.0128326 7.18102
      vertex 23.2458 0.0128326 0
      vertex 23.3 0.0236158 7.14078
    endloop
  endfacet
  facet normal 0.195128 -0.980778 0
    outer loop
      vertex 23.2458 0.0128326 9.87471
      vertex 23.2458 0.0128326 8.32179
      vertex 23.3 0.0236158 8.32468
    endloop
  endfacet
  facet normal 0.195129 -0.980778 4.08355e-08
    outer loop
      vertex 23.3 0.0236158 8.32468
      vertex 23.4382 0.0511112 9.88496
      vertex 23.2458 0.0128326 9.87471
    endloop
  endfacet
  facet normal 0.195129 -0.980778 0
    outer loop
      vertex 23.3 0.0236158 7.14078
      vertex 23.4382 0.0511112 9.88496
      vertex 23.3 0.0236158 8.32468
    endloop
  endfacet
  facet normal 0.195129 -0.980778 -8.88056e-09
    outer loop
      vertex 23.4382 0.0511112 0
      vertex 23.3 0.0236158 7.14078
      vertex 23.2458 0.0128326 0
    endloop
  endfacet
  facet normal 0.195129 -0.980778 0
    outer loop
      vertex 23.3 0.0236158 7.14078
      vertex 23.4382 0.0511112 0
      vertex 23.4382 0.0511112 9.88496
    endloop
  endfacet
  facet normal -0.555574 -0.831467 0
    outer loop
      vertex 0.586858 0.30997 0
      vertex 0.75 0.200961 7.02634
      vertex 0.586858 0.30997 7.05555
    endloop
  endfacet
  facet normal -0.555574 -0.831467 -0
    outer loop
      vertex 0.75 0.200961 7.02634
      vertex 0.586858 0.30997 0
      vertex 0.75 0.200961 0
    endloop
  endfacet
  facet normal -0.555574 -0.831467 0
    outer loop
      vertex 0.586858 0.30997 8.40141
      vertex 0.75 0.200961 9.92512
      vertex 0.586858 0.30997 9.95433
    endloop
  endfacet
  facet normal -0.555574 -0.831467 -0
    outer loop
      vertex 0.75 0.200961 9.92512
      vertex 0.586858 0.30997 8.40141
      vertex 0.75 0.200961 8.3722
    endloop
  endfacet
  facet normal 0.195234 0.980757 0
    outer loop
      vertex 23.2458 21.9972 0
      vertex 23.4382 21.9589 15.7551
      vertex 23.4382 21.9589 0
    endloop
  endfacet
  facet normal 0.195234 0.980757 0
    outer loop
      vertex 23.4382 21.9589 15.7551
      vertex 23.2458 21.9972 0
      vertex 23.2458 21.9972 15.7654
    endloop
  endfacet
  facet normal 0.321574 0.946885 0
    outer loop
      vertex 23.4382 21.9589 0
      vertex 23.624 21.8958 15.7382
      vertex 23.624 21.8958 0
    endloop
  endfacet
  facet normal 0.321574 0.946885 0
    outer loop
      vertex 23.624 21.8958 15.7382
      vertex 23.4382 21.9589 0
      vertex 23.4382 21.9589 15.7551
    endloop
  endfacet
  facet normal 0.89686 0.442315 0
    outer loop
      vertex 24.4358 21.084 15.5207
      vertex 24.349 21.26 0
      vertex 24.349 21.26 15.5679
    endloop
  endfacet
  facet normal 0.89686 0.442315 0
    outer loop
      vertex 24.349 21.26 0
      vertex 24.4358 21.084 15.5207
      vertex 24.4358 21.084 0
    endloop
  endfacet
  facet normal -0.442365 0.896835 0
    outer loop
      vertex 0.925975 21.8958 0
      vertex 0.75 21.809 15.715
      vertex 0.925975 21.8958 15.7382
    endloop
  endfacet
  facet normal -0.442365 0.896835 0
    outer loop
      vertex 0.75 21.809 15.715
      vertex 0.925975 21.8958 0
      vertex 0.75 21.809 0
    endloop
  endfacet
  facet normal 0.555673 -0.831401 0
    outer loop
      vertex 23.9631 0.30997 0
      vertex 23.8 0.200961 9.92512
      vertex 23.8 0.200961 0
    endloop
  endfacet
  facet normal 0.555673 -0.831401 0
    outer loop
      vertex 23.8 0.200961 9.92512
      vertex 23.9631 0.30997 0
      vertex 23.9631 0.30997 9.95433
    endloop
  endfacet
  facet normal 0.659139 -0.752021 0
    outer loop
      vertex 24.1107 0.43934 0
      vertex 23.9631 0.30997 9.95433
      vertex 23.9631 0.30997 0
    endloop
  endfacet
  facet normal 0.659139 -0.752021 0
    outer loop
      vertex 23.9631 0.30997 9.95433
      vertex 24.1107 0.43934 0
      vertex 24.1107 0.43934 9.98899
    endloop
  endfacet
  facet normal -0.19509 -0.980785 0
    outer loop
      vertex 1.11177 0.0511112 0
      vertex 1.30421 0.0128326 6.97593
      vertex 1.11177 0.0511112 6.98619
    endloop
  endfacet
  facet normal -0.19509 -0.980785 -0
    outer loop
      vertex 1.30421 0.0128326 6.97593
      vertex 1.11177 0.0511112 0
      vertex 1.30421 0.0128326 0
    endloop
  endfacet
  facet normal -0.19509 -0.980785 0
    outer loop
      vertex 1.11177 0.0511112 8.33205
      vertex 1.30421 0.0128326 9.87471
      vertex 1.11177 0.0511112 9.88496
    endloop
  endfacet
  facet normal -0.19509 -0.980785 -0
    outer loop
      vertex 1.30421 0.0128326 9.87471
      vertex 1.11177 0.0511112 8.33205
      vertex 1.30421 0.0128326 8.32179
    endloop
  endfacet
  facet normal -0.442283 -0.896875 0
    outer loop
      vertex 0.75 0.200961 0
      vertex 0.925975 0.114181 7.00309
      vertex 0.75 0.200961 7.02634
    endloop
  endfacet
  facet normal -0.442283 -0.896875 -0
    outer loop
      vertex 0.925975 0.114181 7.00309
      vertex 0.75 0.200961 0
      vertex 0.925975 0.114181 0
    endloop
  endfacet
  facet normal -0.442283 -0.896875 0
    outer loop
      vertex 0.75 0.200961 8.3722
      vertex 0.925975 0.114181 9.90186
      vertex 0.75 0.200961 9.92512
    endloop
  endfacet
  facet normal -0.442283 -0.896875 -0
    outer loop
      vertex 0.925975 0.114181 9.90186
      vertex 0.75 0.200961 8.3722
      vertex 0.925975 0.114181 8.34895
    endloop
  endfacet
  facet normal -0.659346 -0.751839 0
    outer loop
      vertex 0.43934 0.43934 0
      vertex 0.586858 0.30997 7.05555
      vertex 0.43934 0.43934 7.09022
    endloop
  endfacet
  facet normal -0.659346 -0.751839 -0
    outer loop
      vertex 0.586858 0.30997 7.05555
      vertex 0.43934 0.43934 0
      vertex 0.586858 0.30997 0
    endloop
  endfacet
  facet normal -0.659346 -0.751839 0
    outer loop
      vertex 0.43934 0.43934 8.43608
      vertex 0.586858 0.30997 9.95433
      vertex 0.43934 0.43934 9.98899
    endloop
  endfacet
  facet normal -0.659346 -0.751839 -0
    outer loop
      vertex 0.586858 0.30997 9.95433
      vertex 0.43934 0.43934 8.43608
      vertex 0.586858 0.30997 8.40141
    endloop
  endfacet
  facet normal -0.321444 -0.946929 0
    outer loop
      vertex 0.925975 0.114181 0
      vertex 1.11177 0.0511112 6.98619
      vertex 0.925975 0.114181 7.00309
    endloop
  endfacet
  facet normal -0.321444 -0.946929 -0
    outer loop
      vertex 1.11177 0.0511112 6.98619
      vertex 0.925975 0.114181 0
      vertex 1.11177 0.0511112 0
    endloop
  endfacet
  facet normal -0.321444 -0.946929 0
    outer loop
      vertex 0.925975 0.114181 8.34895
      vertex 1.11177 0.0511112 9.88496
      vertex 0.925975 0.114181 9.90186
    endloop
  endfacet
  facet normal -0.321444 -0.946929 -0
    outer loop
      vertex 1.11177 0.0511112 9.88496
      vertex 0.925975 0.114181 8.34895
      vertex 1.11177 0.0511112 8.33205
    endloop
  endfacet
  facet normal -0.751839 -0.659346 -0
    outer loop
      vertex 0.43934 0.43934 7.09022
      vertex 0.30997 0.586858 0
      vertex 0.43934 0.43934 0
    endloop
  endfacet
  facet normal -0.751839 -0.659346 0
    outer loop
      vertex 0.30997 0.586858 0
      vertex 0.43934 0.43934 7.09022
      vertex 0.30997 0.586858 7.12974
    endloop
  endfacet
  facet normal -0.751839 -0.659346 -0
    outer loop
      vertex 0.43934 0.43934 9.98899
      vertex 0.30997 0.586858 8.4756
      vertex 0.43934 0.43934 8.43608
    endloop
  endfacet
  facet normal -0.751839 -0.659346 0
    outer loop
      vertex 0.30997 0.586858 8.4756
      vertex 0.43934 0.43934 9.98899
      vertex 0.30997 0.586858 10.0285
    endloop
  endfacet
  facet normal -0.831467 -0.555574 -0
    outer loop
      vertex 0.30997 0.586858 7.12974
      vertex 0.200961 0.75 0
      vertex 0.30997 0.586858 0
    endloop
  endfacet
  facet normal -0.831467 -0.555574 0
    outer loop
      vertex 0.200961 0.75 0
      vertex 0.30997 0.586858 7.12974
      vertex 0.200961 0.75 7.17346
    endloop
  endfacet
  facet normal -0.831467 -0.555574 -0
    outer loop
      vertex 0.30997 0.586858 10.0285
      vertex 0.200961 0.75 8.51932
      vertex 0.30997 0.586858 8.4756
    endloop
  endfacet
  facet normal -0.831467 -0.555574 0
    outer loop
      vertex 0.200961 0.75 8.51932
      vertex 0.30997 0.586858 10.0285
      vertex 0.200961 0.75 10.0722
    endloop
  endfacet
  facet normal 0.980786 0.195087 0
    outer loop
      vertex 2.02044 2.44471 7.62755
      vertex 2.00513 2.52168 2
      vertex 2.00513 2.52168 7.64818
    endloop
  endfacet
  facet normal 0.980786 0.195087 0
    outer loop
      vertex 2.00513 2.52168 2
      vertex 2.02044 2.44471 7.62755
      vertex 2.02044 2.44471 2
    endloop
  endfacet
  facet normal 0.980786 0.195087 0
    outer loop
      vertex 2.02044 2.44471 10.5263
      vertex 2.00513 2.52168 8.99404
      vertex 2.00513 2.52168 10.547
    endloop
  endfacet
  facet normal 0.980786 0.195087 0
    outer loop
      vertex 2.00513 2.52168 8.99404
      vertex 2.02044 2.44471 10.5263
      vertex 2.02044 2.44471 8.97341
    endloop
  endfacet
  facet normal 0.946923 0.32146 0
    outer loop
      vertex 2.04567 2.37039 7.60764
      vertex 2.02044 2.44471 2
      vertex 2.02044 2.44471 7.62755
    endloop
  endfacet
  facet normal 0.946923 0.32146 0
    outer loop
      vertex 2.02044 2.44471 2
      vertex 2.04567 2.37039 7.60764
      vertex 2.04567 2.37039 2
    endloop
  endfacet
  facet normal 0.946923 0.32146 0
    outer loop
      vertex 2.04567 2.37039 10.5064
      vertex 2.02044 2.44471 8.97341
      vertex 2.02044 2.44471 10.5263
    endloop
  endfacet
  facet normal 0.946923 0.32146 0
    outer loop
      vertex 2.02044 2.44471 8.97341
      vertex 2.04567 2.37039 10.5064
      vertex 2.04567 2.37039 8.9535
    endloop
  endfacet
  facet normal 0.997862 0.0653605 0
    outer loop
      vertex 2.00513 2.52168 7.64818
      vertex 2 2.6 2
      vertex 2 2.6 7.66916
    endloop
  endfacet
  facet normal 0.997862 0.0653605 0
    outer loop
      vertex 2 2.6 2
      vertex 2.00513 2.52168 7.64818
      vertex 2.00513 2.52168 2
    endloop
  endfacet
  facet normal 0.997862 0.0653605 0
    outer loop
      vertex 2.00513 2.52168 10.547
      vertex 2 2.6 9.01502
      vertex 2 2.6 10.5679
    endloop
  endfacet
  facet normal 0.997862 0.0653605 0
    outer loop
      vertex 2 2.6 9.01502
      vertex 2.00513 2.52168 10.547
      vertex 2.00513 2.52168 8.99404
    endloop
  endfacet
  facet normal 0 1 0
    outer loop
      vertex 21.95 2 10.4072
      vertex 14.025 2 5.5
      vertex 2.6 2 10.4072
    endloop
  endfacet
  facet normal 0 1 0
    outer loop
      vertex 21.95 2 10.4072
      vertex 14.2534 2 5.48503
      vertex 14.025 2 5.5
    endloop
  endfacet
  facet normal 0 1 0
    outer loop
      vertex 21.95 2 10.4072
      vertex 14.4779 2 5.44037
      vertex 14.2534 2 5.48503
    endloop
  endfacet
  facet normal 0 1 0
    outer loop
      vertex 21.95 2 10.4072
      vertex 14.6947 2 5.36679
      vertex 14.4779 2 5.44037
    endloop
  endfacet
  facet normal 0 1 0
    outer loop
      vertex 21.95 2 10.4072
      vertex 14.9 2 5.26554
      vertex 14.6947 2 5.36679
    endloop
  endfacet
  facet normal 0 1 0
    outer loop
      vertex 21.95 2 10.4072
      vertex 15.0903 2 5.13837
      vertex 14.9 2 5.26554
    endloop
  endfacet
  facet normal 0 1 0
    outer loop
      vertex 21.95 2 10.4072
      vertex 15.2624 2 4.98744
      vertex 15.0903 2 5.13837
    endloop
  endfacet
  facet normal 0 1 0
    outer loop
      vertex 21.95 2 10.4072
      vertex 15.4134 2 4.81533
      vertex 15.2624 2 4.98744
    endloop
  endfacet
  facet normal 0 1 0
    outer loop
      vertex 21.95 2 10.4072
      vertex 15.5405 2 4.625
      vertex 15.4134 2 4.81533
    endloop
  endfacet
  facet normal 0 1 0
    outer loop
      vertex 21.95 2 10.4072
      vertex 15.6418 2 4.4197
      vertex 15.5405 2 4.625
    endloop
  endfacet
  facet normal 0 1 -0
    outer loop
      vertex 21.95 2 2
      vertex 15.6418 2 4.4197
      vertex 21.95 2 10.4072
    endloop
  endfacet
  facet normal 0 1 0
    outer loop
      vertex 15.6418 2 4.4197
      vertex 21.95 2 2
      vertex 15.7154 2 4.20293
    endloop
  endfacet
  facet normal 0 1 0
    outer loop
      vertex 15.7154 2 4.20293
      vertex 21.95 2 2
      vertex 15.76 2 3.97842
    endloop
  endfacet
  facet normal 0 1 0
    outer loop
      vertex 15.76 2 3.97842
      vertex 21.95 2 2
      vertex 15.775 2 3.75
    endloop
  endfacet
  facet normal 0 1 0
    outer loop
      vertex 15.775 2 3.75
      vertex 21.95 2 2
      vertex 15.76 2 3.52158
    endloop
  endfacet
  facet normal 0 1 0
    outer loop
      vertex 15.76 2 3.52158
      vertex 21.95 2 2
      vertex 15.7154 2 3.29707
    endloop
  endfacet
  facet normal 0 1 0
    outer loop
      vertex 15.7154 2 3.29707
      vertex 21.95 2 2
      vertex 15.6418 2 3.0803
    endloop
  endfacet
  facet normal 0 1 0
    outer loop
      vertex 15.6418 2 3.0803
      vertex 21.95 2 2
      vertex 15.5405 2 2.875
    endloop
  endfacet
  facet normal 0 1 0
    outer loop
      vertex 15.5405 2 2.875
      vertex 21.95 2 2
      vertex 15.4134 2 2.68467
    endloop
  endfacet
  facet normal 0 1 0
    outer loop
      vertex 21.95 2 2
      vertex 15.2624 2 2.51256
      vertex 15.4134 2 2.68467
    endloop
  endfacet
  facet normal 0 1 0
    outer loop
      vertex 21.95 2 2
      vertex 15.0903 2 2.36163
      vertex 15.2624 2 2.51256
    endloop
  endfacet
  facet normal 0 1 0
    outer loop
      vertex 21.95 2 2
      vertex 14.9 2 2.23446
      vertex 15.0903 2 2.36163
    endloop
  endfacet
  facet normal 0 1 0
    outer loop
      vertex 21.95 2 2
      vertex 14.6947 2 2.13321
      vertex 14.9 2 2.23446
    endloop
  endfacet
  facet normal 0 1 0
    outer loop
      vertex 21.95 2 2
      vertex 14.4779 2 2.05963
      vertex 14.6947 2 2.13321
    endloop
  endfacet
  facet normal 0 1 0
    outer loop
      vertex 21.95 2 2
      vertex 14.2534 2 2.01497
      vertex 14.4779 2 2.05963
    endloop
  endfacet
  facet normal 0 1 0
    outer loop
      vertex 14.2534 2 2.01497
      vertex 21.95 2 2
      vertex 14.025 2 2
    endloop
  endfacet
  facet normal 0 1 -0
    outer loop
      vertex 10.525 2 5.5
      vertex 2.6 2 10.4072
      vertex 14.025 2 5.5
    endloop
  endfacet
  facet normal 0 1 -0
    outer loop
      vertex 10.2966 2 5.48503
      vertex 2.6 2 10.4072
      vertex 10.525 2 5.5
    endloop
  endfacet
  facet normal 0 1 -0
    outer loop
      vertex 10.0721 2 5.44037
      vertex 2.6 2 10.4072
      vertex 10.2966 2 5.48503
    endloop
  endfacet
  facet normal 0 1 -0
    outer loop
      vertex 9.8553 2 5.36679
      vertex 2.6 2 10.4072
      vertex 10.0721 2 5.44037
    endloop
  endfacet
  facet normal 0 1 -0
    outer loop
      vertex 9.65 2 5.26554
      vertex 2.6 2 10.4072
      vertex 9.8553 2 5.36679
    endloop
  endfacet
  facet normal 0 1 -0
    outer loop
      vertex 9.45967 2 5.13837
      vertex 2.6 2 10.4072
      vertex 9.65 2 5.26554
    endloop
  endfacet
  facet normal 0 1 -0
    outer loop
      vertex 9.28756 2 4.98744
      vertex 2.6 2 10.4072
      vertex 9.45967 2 5.13837
    endloop
  endfacet
  facet normal 0 1 -0
    outer loop
      vertex 9.13663 2 4.81533
      vertex 2.6 2 10.4072
      vertex 9.28756 2 4.98744
    endloop
  endfacet
  facet normal 0 1 -0
    outer loop
      vertex 9.00945 2 4.625
      vertex 2.6 2 10.4072
      vertex 9.13663 2 4.81533
    endloop
  endfacet
  facet normal 0 1 -0
    outer loop
      vertex 8.90821 2 4.4197
      vertex 2.6 2 10.4072
      vertex 9.00945 2 4.625
    endloop
  endfacet
  facet normal 0 1 0
    outer loop
      vertex 2.6 2 2
      vertex 8.90821 2 4.4197
      vertex 8.83463 2 4.20293
    endloop
  endfacet
  facet normal 0 1 0
    outer loop
      vertex 2.6 2 2
      vertex 8.83463 2 4.20293
      vertex 8.78997 2 3.97842
    endloop
  endfacet
  facet normal 0 1 0
    outer loop
      vertex 2.6 2 2
      vertex 8.78997 2 3.97842
      vertex 8.775 2 3.75
    endloop
  endfacet
  facet normal 0 1 0
    outer loop
      vertex 2.6 2 2
      vertex 8.775 2 3.75
      vertex 8.78997 2 3.52158
    endloop
  endfacet
  facet normal 0 1 0
    outer loop
      vertex 2.6 2 2
      vertex 8.78997 2 3.52158
      vertex 8.83463 2 3.29707
    endloop
  endfacet
  facet normal 0 1 0
    outer loop
      vertex 2.6 2 2
      vertex 8.83463 2 3.29707
      vertex 8.90821 2 3.0803
    endloop
  endfacet
  facet normal 0 1 0
    outer loop
      vertex 2.6 2 2
      vertex 8.90821 2 3.0803
      vertex 9.00945 2 2.875
    endloop
  endfacet
  facet normal 0 1 0
    outer loop
      vertex 2.6 2 2
      vertex 9.00945 2 2.875
      vertex 9.13663 2 2.68467
    endloop
  endfacet
  facet normal 0 1 0
    outer loop
      vertex 8.90821 2 4.4197
      vertex 2.6 2 2
      vertex 2.6 2 10.4072
    endloop
  endfacet
  facet normal 0 1 0
    outer loop
      vertex 9.28756 2 2.51256
      vertex 2.6 2 2
      vertex 9.13663 2 2.68467
    endloop
  endfacet
  facet normal 0 1 0
    outer loop
      vertex 9.45967 2 2.36163
      vertex 2.6 2 2
      vertex 9.28756 2 2.51256
    endloop
  endfacet
  facet normal 0 1 0
    outer loop
      vertex 9.65 2 2.23446
      vertex 2.6 2 2
      vertex 9.45967 2 2.36163
    endloop
  endfacet
  facet normal 0 1 0
    outer loop
      vertex 9.8553 2 2.13321
      vertex 2.6 2 2
      vertex 9.65 2 2.23446
    endloop
  endfacet
  facet normal 0 1 0
    outer loop
      vertex 10.0721 2 2.05963
      vertex 2.6 2 2
      vertex 9.8553 2 2.13321
    endloop
  endfacet
  facet normal 0 1 0
    outer loop
      vertex 10.2966 2 2.01497
      vertex 2.6 2 2
      vertex 10.0721 2 2.05963
    endloop
  endfacet
  facet normal 0 1 0
    outer loop
      vertex 2.6 2 2
      vertex 10.2966 2 2.01497
      vertex 10.525 2 2
    endloop
  endfacet
  facet normal -1 0 0
    outer loop
      vertex 22.55 19.41 2
      vertex 22.55 18.6195 11.9616
      vertex 22.55 19.41 12.1734
    endloop
  endfacet
  facet normal -1 0 0
    outer loop
      vertex 22.55 2.6 10.5679
      vertex 22.55 18.6195 11.9616
      vertex 22.55 19.41 2
    endloop
  endfacet
  facet normal -1 0 0
    outer loop
      vertex 22.55 2.6 10.5679
      vertex 22.55 19.41 2
      vertex 22.55 2.6 2
    endloop
  endfacet
  facet normal -1 0 0
    outer loop
      vertex 22.55 18.2831 13.2173
      vertex 22.55 19.41 15.0722
      vertex 22.55 19.41 13.5192
    endloop
  endfacet
  facet normal -1 -0 0
    outer loop
      vertex 22.55 18.6195 11.9616
      vertex 22.55 2.6 10.5679
      vertex 22.55 18.2831 13.2173
    endloop
  endfacet
  facet normal -1 -0 0
    outer loop
      vertex 22.55 18.2831 13.2173
      vertex 22.55 2.6 10.5679
      vertex 22.55 19.41 15.0722
    endloop
  endfacet
  facet normal 1 -0 0
    outer loop
      vertex 2 18.6195 11.9616
      vertex 2 19.41 2
      vertex 2 19.41 12.1734
    endloop
  endfacet
  facet normal 1 -0 0
    outer loop
      vertex 2 2.6 7.66916
      vertex 2 19.41 2
      vertex 2 18.6195 11.9616
    endloop
  endfacet
  facet normal 1 0 0
    outer loop
      vertex 2 19.41 2
      vertex 2 2.6 7.66916
      vertex 2 2.6 2
    endloop
  endfacet
  facet normal 1 0 0
    outer loop
      vertex 2 19.41 15.0722
      vertex 2 18.2831 13.2173
      vertex 2 19.41 13.5192
    endloop
  endfacet
  facet normal 1 0 0
    outer loop
      vertex 2 2.6 10.5679
      vertex 2 18.2831 13.2173
      vertex 2 19.41 15.0722
    endloop
  endfacet
  facet normal 1 0 0
    outer loop
      vertex 2 18.2831 13.2173
      vertex 2 2.6 10.5679
      vertex 2 2.6 9.01502
    endloop
  endfacet
  facet normal 0 0 1
    outer loop
      vertex 22.55 2.6 2
      vertex 21.7714 15.5711 2
      vertex 21.8 4.85 2
    endloop
  endfacet
  facet normal -0 0 1
    outer loop
      vertex 21.6621 15.249 2
      vertex 21.8 4.85 2
      vertex 21.7714 15.5711 2
    endloop
  endfacet
  facet normal -0 0 1
    outer loop
      vertex 21.5117 14.944 2
      vertex 21.8 4.85 2
      vertex 21.6621 15.249 2
    endloop
  endfacet
  facet normal -0 0 1
    outer loop
      vertex 21.3227 14.6612 2
      vertex 21.8 4.85 2
      vertex 21.5117 14.944 2
    endloop
  endfacet
  facet normal -0 0 1
    outer loop
      vertex 21.0985 14.4055 2
      vertex 21.8 4.85 2
      vertex 21.3227 14.6612 2
    endloop
  endfacet
  facet normal -0 0 1
    outer loop
      vertex 20.8428 14.1813 2
      vertex 21.8 4.85 2
      vertex 21.0985 14.4055 2
    endloop
  endfacet
  facet normal -0 0 1
    outer loop
      vertex 20.56 13.9923 2
      vertex 21.8 4.85 2
      vertex 20.8428 14.1813 2
    endloop
  endfacet
  facet normal -0 0 1
    outer loop
      vertex 20.255 13.8419 2
      vertex 21.8 4.85 2
      vertex 20.56 13.9923 2
    endloop
  endfacet
  facet normal -0 0 1
    outer loop
      vertex 19.9329 13.7326 2
      vertex 21.8 4.85 2
      vertex 20.255 13.8419 2
    endloop
  endfacet
  facet normal -0 0 1
    outer loop
      vertex 19.5994 13.6662 2
      vertex 21.8 4.85 2
      vertex 19.9329 13.7326 2
    endloop
  endfacet
  facet normal -0 0 1
    outer loop
      vertex 19.26 13.644 2
      vertex 21.8 4.85 2
      vertex 19.5994 13.6662 2
    endloop
  endfacet
  facet normal 0 0 1
    outer loop
      vertex 18.9206 13.6662 2
      vertex 21.8 4.85 2
      vertex 19.26 13.644 2
    endloop
  endfacet
  facet normal 0 0 1
    outer loop
      vertex 18.5871 13.7326 2
      vertex 21.8 4.85 2
      vertex 18.9206 13.6662 2
    endloop
  endfacet
  facet normal 0 0 1
    outer loop
      vertex 18.265 13.8419 2
      vertex 21.8 4.85 2
      vertex 18.5871 13.7326 2
    endloop
  endfacet
  facet normal 0 0 1
    outer loop
      vertex 17.96 13.9923 2
      vertex 21.8 4.85 2
      vertex 18.265 13.8419 2
    endloop
  endfacet
  facet normal 0 0 1
    outer loop
      vertex 17.6772 14.1813 2
      vertex 21.8 4.85 2
      vertex 17.96 13.9923 2
    endloop
  endfacet
  facet normal 0 0 1
    outer loop
      vertex 6.87278 14.1813 2
      vertex 17.6772 14.1813 2
      vertex 17.4215 14.4055 2
    endloop
  endfacet
  facet normal 0 0 1
    outer loop
      vertex 7.12848 14.4055 2
      vertex 17.4215 14.4055 2
      vertex 17.1973 14.6612 2
    endloop
  endfacet
  facet normal 0 0 1
    outer loop
      vertex 7.35272 14.6612 2
      vertex 17.1973 14.6612 2
      vertex 17.0083 14.944 2
    endloop
  endfacet
  facet normal 0 0 1
    outer loop
      vertex 7.54167 14.944 2
      vertex 17.0083 14.944 2
      vertex 16.8579 15.249 2
    endloop
  endfacet
  facet normal -0 0 1
    outer loop
      vertex 7.89 16.244 2
      vertex 16.6822 15.9046 2
      vertex 16.66 16.244 2
    endloop
  endfacet
  facet normal 0 0 1
    outer loop
      vertex 7.86776 15.9046 2
      vertex 16.6822 15.9046 2
      vertex 7.89 16.244 2
    endloop
  endfacet
  facet normal 0 0 1
    outer loop
      vertex 16.6822 15.9046 2
      vertex 7.86776 15.9046 2
      vertex 16.7486 15.5711 2
    endloop
  endfacet
  facet normal 0 0 1
    outer loop
      vertex 7.80141 15.5711 2
      vertex 16.7486 15.5711 2
      vertex 7.86776 15.9046 2
    endloop
  endfacet
  facet normal 0 0 1
    outer loop
      vertex 16.7486 15.5711 2
      vertex 7.80141 15.5711 2
      vertex 16.8579 15.249 2
    endloop
  endfacet
  facet normal 0 0 1
    outer loop
      vertex 7.69209 15.249 2
      vertex 16.8579 15.249 2
      vertex 7.80141 15.5711 2
    endloop
  endfacet
  facet normal 0 0 1
    outer loop
      vertex 7.54167 14.944 2
      vertex 16.8579 15.249 2
      vertex 7.69209 15.249 2
    endloop
  endfacet
  facet normal 0 0 1
    outer loop
      vertex 17.0083 14.944 2
      vertex 7.54167 14.944 2
      vertex 7.35272 14.6612 2
    endloop
  endfacet
  facet normal 0 0 1
    outer loop
      vertex 17.1973 14.6612 2
      vertex 7.35272 14.6612 2
      vertex 7.12848 14.4055 2
    endloop
  endfacet
  facet normal 0 0 1
    outer loop
      vertex 17.4215 14.4055 2
      vertex 7.12848 14.4055 2
      vertex 6.87278 14.1813 2
    endloop
  endfacet
  facet normal 0 0 1
    outer loop
      vertex 17.6772 14.1813 2
      vertex 6.87278 14.1813 2
      vertex 21.8 4.85 2
    endloop
  endfacet
  facet normal 0 0 1
    outer loop
      vertex 2.75 4.85 2
      vertex 6.87278 14.1813 2
      vertex 6.59 13.9923 2
    endloop
  endfacet
  facet normal 0 0 1
    outer loop
      vertex 2.75 4.85 2
      vertex 6.59 13.9923 2
      vertex 6.28498 13.8419 2
    endloop
  endfacet
  facet normal 0 0 1
    outer loop
      vertex 2.75 4.85 2
      vertex 6.28498 13.8419 2
      vertex 5.96293 13.7326 2
    endloop
  endfacet
  facet normal 0 0 1
    outer loop
      vertex 2.75 4.85 2
      vertex 5.96293 13.7326 2
      vertex 5.62937 13.6662 2
    endloop
  endfacet
  facet normal 0 0 1
    outer loop
      vertex 2.75 4.85 2
      vertex 5.62937 13.6662 2
      vertex 5.29 13.644 2
    endloop
  endfacet
  facet normal 0 0 1
    outer loop
      vertex 2.75 4.85 2
      vertex 5.29 13.644 2
      vertex 4.95063 13.6662 2
    endloop
  endfacet
  facet normal 0 0 1
    outer loop
      vertex 2.75 4.85 2
      vertex 4.95063 13.6662 2
      vertex 4.61707 13.7326 2
    endloop
  endfacet
  facet normal 0 0 1
    outer loop
      vertex 2.75 4.85 2
      vertex 4.61707 13.7326 2
      vertex 4.29502 13.8419 2
    endloop
  endfacet
  facet normal 0 0 1
    outer loop
      vertex 2.75 4.85 2
      vertex 4.29502 13.8419 2
      vertex 3.99 13.9923 2
    endloop
  endfacet
  facet normal 0 0 1
    outer loop
      vertex 6.87278 14.1813 2
      vertex 2.75 4.85 2
      vertex 21.8 4.85 2
    endloop
  endfacet
  facet normal 0 0 1
    outer loop
      vertex 3.70722 14.1813 2
      vertex 2.75 4.85 2
      vertex 3.99 13.9923 2
    endloop
  endfacet
  facet normal 0 0 1
    outer loop
      vertex 3.45152 14.4055 2
      vertex 2.75 4.85 2
      vertex 3.70722 14.1813 2
    endloop
  endfacet
  facet normal 0 0 1
    outer loop
      vertex 3.22728 14.6612 2
      vertex 2.75 4.85 2
      vertex 3.45152 14.4055 2
    endloop
  endfacet
  facet normal 0 0 1
    outer loop
      vertex 3.03833 14.944 2
      vertex 2.75 4.85 2
      vertex 3.22728 14.6612 2
    endloop
  endfacet
  facet normal 0 0 1
    outer loop
      vertex 2.88791 15.249 2
      vertex 2.75 4.85 2
      vertex 3.03833 14.944 2
    endloop
  endfacet
  facet normal 0 0 1
    outer loop
      vertex 2.77859 15.5711 2
      vertex 2.75 4.85 2
      vertex 2.88791 15.249 2
    endloop
  endfacet
  facet normal 0 0 1
    outer loop
      vertex 2.77859 15.5711 2
      vertex 2 2.6 2
      vertex 2.75 4.85 2
    endloop
  endfacet
  facet normal 0 0 1
    outer loop
      vertex 2 2.6 2
      vertex 2.77859 15.5711 2
      vertex 2.71224 15.9046 2
    endloop
  endfacet
  facet normal 0 0 1
    outer loop
      vertex 21.95 20.01 2
      vertex 22.55 19.41 2
      vertex 22.5449 19.4883 2
    endloop
  endfacet
  facet normal 0 0 1
    outer loop
      vertex 22.55 19.41 2
      vertex 21.8378 15.9046 2
      vertex 22.55 2.6 2
    endloop
  endfacet
  facet normal 0 0 1
    outer loop
      vertex 21.95 20.01 2
      vertex 22.5449 19.4883 2
      vertex 22.5296 19.5653 2
    endloop
  endfacet
  facet normal -0 0 1
    outer loop
      vertex 21.7714 15.5711 2
      vertex 22.55 2.6 2
      vertex 21.8378 15.9046 2
    endloop
  endfacet
  facet normal 0 0 1
    outer loop
      vertex 21.95 20.01 2
      vertex 22.5296 19.5653 2
      vertex 22.5043 19.6396 2
    endloop
  endfacet
  facet normal -0 0 1
    outer loop
      vertex 21.8 2.65 2
      vertex 22.55 2.6 2
      vertex 21.8 4.85 2
    endloop
  endfacet
  facet normal 0 0 1
    outer loop
      vertex 21.95 20.01 2
      vertex 22.5043 19.6396 2
      vertex 22.4696 19.71 2
    endloop
  endfacet
  facet normal 0 0 1
    outer loop
      vertex 22.55 2.6 2
      vertex 21.8 2.65 2
      vertex 22.5449 2.52168 2
    endloop
  endfacet
  facet normal 0 0 1
    outer loop
      vertex 21.95 20.01 2
      vertex 22.4696 19.71 2
      vertex 22.426 19.7753 2
    endloop
  endfacet
  facet normal 0 0 1
    outer loop
      vertex 22.5449 2.52168 2
      vertex 21.8 2.65 2
      vertex 22.5296 2.44471 2
    endloop
  endfacet
  facet normal 0 0 1
    outer loop
      vertex 21.95 20.01 2
      vertex 22.426 19.7753 2
      vertex 22.3743 19.8343 2
    endloop
  endfacet
  facet normal 0 0 1
    outer loop
      vertex 22.5296 2.44471 2
      vertex 21.8 2.65 2
      vertex 22.5043 2.37039 2
    endloop
  endfacet
  facet normal 0 0 1
    outer loop
      vertex 21.95 20.01 2
      vertex 22.3743 19.8343 2
      vertex 22.3153 19.886 2
    endloop
  endfacet
  facet normal 0 0 1
    outer loop
      vertex 22.5043 2.37039 2
      vertex 21.8 2.65 2
      vertex 22.4696 2.3 2
    endloop
  endfacet
  facet normal 0 0 1
    outer loop
      vertex 21.95 20.01 2
      vertex 22.3153 19.886 2
      vertex 22.25 19.9296 2
    endloop
  endfacet
  facet normal 0 0 1
    outer loop
      vertex 22.4696 2.3 2
      vertex 21.8 2.65 2
      vertex 22.426 2.23474 2
    endloop
  endfacet
  facet normal 0 0 1
    outer loop
      vertex 21.95 20.01 2
      vertex 22.25 19.9296 2
      vertex 22.1796 19.9643 2
    endloop
  endfacet
  facet normal 0 0 1
    outer loop
      vertex 22.55 19.41 2
      vertex 21.86 16.244 2
      vertex 21.8378 15.9046 2
    endloop
  endfacet
  facet normal 0 0 1
    outer loop
      vertex 21.95 20.01 2
      vertex 22.1796 19.9643 2
      vertex 22.1053 19.9896 2
    endloop
  endfacet
  facet normal 0 0 1
    outer loop
      vertex 22.426 2.23474 2
      vertex 21.8 2.65 2
      vertex 22.3743 2.17574 2
    endloop
  endfacet
  facet normal 0 0 1
    outer loop
      vertex 21.95 20.01 2
      vertex 22.1053 19.9896 2
      vertex 22.0283 20.0049 2
    endloop
  endfacet
  facet normal 0 0 1
    outer loop
      vertex 22.3743 2.17574 2
      vertex 21.8 2.65 2
      vertex 22.3153 2.12399 2
    endloop
  endfacet
  facet normal 0 0 1
    outer loop
      vertex 22.55 19.41 2
      vertex 21.95 20.01 2
      vertex 20.8428 18.3067 2
    endloop
  endfacet
  facet normal 0 0 1
    outer loop
      vertex 22.3153 2.12399 2
      vertex 21.8 2.65 2
      vertex 22.25 2.08038 2
    endloop
  endfacet
  facet normal 0 0 1
    outer loop
      vertex 22.1796 2.04567 2
      vertex 21.8 2.65 2
      vertex 22.1053 2.02044 2
    endloop
  endfacet
  facet normal 0 0 1
    outer loop
      vertex 22.55 19.41 2
      vertex 21.8378 16.5834 2
      vertex 21.86 16.244 2
    endloop
  endfacet
  facet normal 0 0 1
    outer loop
      vertex 22.55 19.41 2
      vertex 21.7714 16.9169 2
      vertex 21.8378 16.5834 2
    endloop
  endfacet
  facet normal 0 0 1
    outer loop
      vertex 22.55 19.41 2
      vertex 21.6621 17.239 2
      vertex 21.7714 16.9169 2
    endloop
  endfacet
  facet normal 0 0 1
    outer loop
      vertex 22.55 19.41 2
      vertex 21.5117 17.544 2
      vertex 21.6621 17.239 2
    endloop
  endfacet
  facet normal 0 0 1
    outer loop
      vertex 22.55 19.41 2
      vertex 21.3227 17.8268 2
      vertex 21.5117 17.544 2
    endloop
  endfacet
  facet normal 0 0 1
    outer loop
      vertex 22.55 19.41 2
      vertex 21.0985 18.0825 2
      vertex 21.3227 17.8268 2
    endloop
  endfacet
  facet normal 0 0 1
    outer loop
      vertex 22.55 19.41 2
      vertex 20.8428 18.3067 2
      vertex 21.0985 18.0825 2
    endloop
  endfacet
  facet normal 0 0 1
    outer loop
      vertex 21.95 20.01 2
      vertex 20.56 18.4956 2
      vertex 20.8428 18.3067 2
    endloop
  endfacet
  facet normal 0 0 1
    outer loop
      vertex 21.95 20.01 2
      vertex 20.255 18.6461 2
      vertex 20.56 18.4956 2
    endloop
  endfacet
  facet normal 0 0 1
    outer loop
      vertex 21.95 20.01 2
      vertex 19.9329 18.7554 2
      vertex 20.255 18.6461 2
    endloop
  endfacet
  facet normal 0 0 1
    outer loop
      vertex 21.95 20.01 2
      vertex 19.5994 18.8217 2
      vertex 19.9329 18.7554 2
    endloop
  endfacet
  facet normal 0 0 1
    outer loop
      vertex 21.95 20.01 2
      vertex 19.26 18.844 2
      vertex 19.5994 18.8217 2
    endloop
  endfacet
  facet normal 0 0 1
    outer loop
      vertex 21.95 20.01 2
      vertex 18.9206 18.8217 2
      vertex 19.26 18.844 2
    endloop
  endfacet
  facet normal 0 0 1
    outer loop
      vertex 21.95 20.01 2
      vertex 18.5871 18.7554 2
      vertex 18.9206 18.8217 2
    endloop
  endfacet
  facet normal 0 0 1
    outer loop
      vertex 5.96293 18.7554 2
      vertex 18.5871 18.7554 2
      vertex 21.95 20.01 2
    endloop
  endfacet
  facet normal 0 0 1
    outer loop
      vertex 16.6822 16.5834 2
      vertex 7.89 16.244 2
      vertex 16.66 16.244 2
    endloop
  endfacet
  facet normal 0 0 1
    outer loop
      vertex 7.86776 16.5834 2
      vertex 16.6822 16.5834 2
      vertex 16.7486 16.9169 2
    endloop
  endfacet
  facet normal 0 0 1
    outer loop
      vertex 7.80141 16.9169 2
      vertex 16.7486 16.9169 2
      vertex 16.8579 17.239 2
    endloop
  endfacet
  facet normal 0 0 1
    outer loop
      vertex 7.69209 17.239 2
      vertex 16.8579 17.239 2
      vertex 17.0083 17.544 2
    endloop
  endfacet
  facet normal 0 0 1
    outer loop
      vertex 7.54167 17.544 2
      vertex 17.0083 17.544 2
      vertex 17.1973 17.8268 2
    endloop
  endfacet
  facet normal 0 0 1
    outer loop
      vertex 7.35272 17.8268 2
      vertex 17.1973 17.8268 2
      vertex 17.4215 18.0825 2
    endloop
  endfacet
  facet normal 0 0 1
    outer loop
      vertex 7.12848 18.0825 2
      vertex 17.4215 18.0825 2
      vertex 17.6772 18.3067 2
    endloop
  endfacet
  facet normal 0 0 1
    outer loop
      vertex 6.87278 18.3067 2
      vertex 17.6772 18.3067 2
      vertex 17.96 18.4956 2
    endloop
  endfacet
  facet normal 0 0 1
    outer loop
      vertex 6.59 18.4956 2
      vertex 17.96 18.4956 2
      vertex 18.265 18.6461 2
    endloop
  endfacet
  facet normal 0 0 1
    outer loop
      vertex 18.5871 18.7554 2
      vertex 5.96293 18.7554 2
      vertex 18.265 18.6461 2
    endloop
  endfacet
  facet normal 0 0 1
    outer loop
      vertex 16.6822 16.5834 2
      vertex 7.86776 16.5834 2
      vertex 7.89 16.244 2
    endloop
  endfacet
  facet normal 0 0 1
    outer loop
      vertex 16.7486 16.9169 2
      vertex 7.80141 16.9169 2
      vertex 7.86776 16.5834 2
    endloop
  endfacet
  facet normal 0 0 1
    outer loop
      vertex 16.8579 17.239 2
      vertex 7.69209 17.239 2
      vertex 7.80141 16.9169 2
    endloop
  endfacet
  facet normal 0 0 1
    outer loop
      vertex 17.0083 17.544 2
      vertex 7.54167 17.544 2
      vertex 7.69209 17.239 2
    endloop
  endfacet
  facet normal 0 0 1
    outer loop
      vertex 17.1973 17.8268 2
      vertex 7.35272 17.8268 2
      vertex 7.54167 17.544 2
    endloop
  endfacet
  facet normal 0 0 1
    outer loop
      vertex 17.4215 18.0825 2
      vertex 7.12848 18.0825 2
      vertex 7.35272 17.8268 2
    endloop
  endfacet
  facet normal 0 0 1
    outer loop
      vertex 17.6772 18.3067 2
      vertex 6.87278 18.3067 2
      vertex 7.12848 18.0825 2
    endloop
  endfacet
  facet normal 0 0 1
    outer loop
      vertex 17.96 18.4956 2
      vertex 6.59 18.4956 2
      vertex 6.87278 18.3067 2
    endloop
  endfacet
  facet normal 0 0 1
    outer loop
      vertex 18.265 18.6461 2
      vertex 6.28498 18.6461 2
      vertex 6.59 18.4956 2
    endloop
  endfacet
  facet normal 0 0 1
    outer loop
      vertex 18.265 18.6461 2
      vertex 5.96293 18.7554 2
      vertex 6.28498 18.6461 2
    endloop
  endfacet
  facet normal -0 0 1
    outer loop
      vertex 2.6 20.01 2
      vertex 5.96293 18.7554 2
      vertex 21.95 20.01 2
    endloop
  endfacet
  facet normal 0 0 1
    outer loop
      vertex 5.96293 18.7554 2
      vertex 2.6 20.01 2
      vertex 5.62937 18.8217 2
    endloop
  endfacet
  facet normal 0 0 1
    outer loop
      vertex 5.62937 18.8217 2
      vertex 2.6 20.01 2
      vertex 5.29 18.844 2
    endloop
  endfacet
  facet normal 0 0 1
    outer loop
      vertex 2.77859 16.9169 2
      vertex 2 19.41 2
      vertex 2.71224 16.5834 2
    endloop
  endfacet
  facet normal 0 0 1
    outer loop
      vertex 2.88791 17.239 2
      vertex 2 19.41 2
      vertex 2.77859 16.9169 2
    endloop
  endfacet
  facet normal 0 0 1
    outer loop
      vertex 3.03833 17.544 2
      vertex 2 19.41 2
      vertex 2.88791 17.239 2
    endloop
  endfacet
  facet normal 0 0 1
    outer loop
      vertex 3.22728 17.8268 2
      vertex 2 19.41 2
      vertex 3.03833 17.544 2
    endloop
  endfacet
  facet normal 0 0 1
    outer loop
      vertex 3.45152 18.0825 2
      vertex 2 19.41 2
      vertex 3.22728 17.8268 2
    endloop
  endfacet
  facet normal 0 0 1
    outer loop
      vertex 3.70722 18.3067 2
      vertex 2 19.41 2
      vertex 3.45152 18.0825 2
    endloop
  endfacet
  facet normal -0 0 1
    outer loop
      vertex 2 19.41 2
      vertex 3.70722 18.3067 2
      vertex 2.6 20.01 2
    endloop
  endfacet
  facet normal 0 0 1
    outer loop
      vertex 3.99 18.4956 2
      vertex 2.6 20.01 2
      vertex 3.70722 18.3067 2
    endloop
  endfacet
  facet normal 0 0 1
    outer loop
      vertex 4.29502 18.6461 2
      vertex 2.6 20.01 2
      vertex 3.99 18.4956 2
    endloop
  endfacet
  facet normal 0 0 1
    outer loop
      vertex 4.61707 18.7554 2
      vertex 2.6 20.01 2
      vertex 4.29502 18.6461 2
    endloop
  endfacet
  facet normal 0 0 1
    outer loop
      vertex 4.95063 18.8217 2
      vertex 2.6 20.01 2
      vertex 4.61707 18.7554 2
    endloop
  endfacet
  facet normal 0 0 1
    outer loop
      vertex 5.29 18.844 2
      vertex 2.6 20.01 2
      vertex 4.95063 18.8217 2
    endloop
  endfacet
  facet normal 0 0 1
    outer loop
      vertex 22.25 2.08038 2
      vertex 21.8 2.65 2
      vertex 22.1796 2.04567 2
    endloop
  endfacet
  facet normal 0 0 1
    outer loop
      vertex 22.1053 2.02044 2
      vertex 21.8 2.65 2
      vertex 22.0283 2.00513 2
    endloop
  endfacet
  facet normal 0 0 1
    outer loop
      vertex 22.0283 2.00513 2
      vertex 21.8 2.65 2
      vertex 21.95 2 2
    endloop
  endfacet
  facet normal 0 0 1
    outer loop
      vertex 21.8 2.65 2
      vertex 14.025 2 2
      vertex 21.95 2 2
    endloop
  endfacet
  facet normal 0 0 1
    outer loop
      vertex 14.025 2 2
      vertex 10.525 2 2
      vertex 14.025 0 2
    endloop
  endfacet
  facet normal 0 0 1
    outer loop
      vertex 21.8 2.65 2
      vertex 10.525 2 2
      vertex 14.025 2 2
    endloop
  endfacet
  facet normal -0 0 1
    outer loop
      vertex 2.75 2.65 2
      vertex 10.525 2 2
      vertex 21.8 2.65 2
    endloop
  endfacet
  facet normal 0 0 1
    outer loop
      vertex 2 19.41 2
      vertex 2.71224 15.9046 2
      vertex 2.69 16.244 2
    endloop
  endfacet
  facet normal 0 0 1
    outer loop
      vertex 2.71224 16.5834 2
      vertex 2 19.41 2
      vertex 2.69 16.244 2
    endloop
  endfacet
  facet normal 0 0 1
    outer loop
      vertex 2.75 2.65 2
      vertex 2.6 2 2
      vertex 10.525 2 2
    endloop
  endfacet
  facet normal 0 0 1
    outer loop
      vertex 2.71224 15.9046 2
      vertex 2 19.41 2
      vertex 2 2.6 2
    endloop
  endfacet
  facet normal 0 0 1
    outer loop
      vertex 2 19.41 2
      vertex 2.6 20.01 2
      vertex 2.52168 20.0049 2
    endloop
  endfacet
  facet normal 0 0 1
    outer loop
      vertex 2.75 4.85 2
      vertex 2 2.6 2
      vertex 2.75 2.65 2
    endloop
  endfacet
  facet normal 0 0 1
    outer loop
      vertex 2 19.41 2
      vertex 2.52168 20.0049 2
      vertex 2.44471 19.9896 2
    endloop
  endfacet
  facet normal 0 -0 1
    outer loop
      vertex 2.00513 2.52168 2
      vertex 2.75 2.65 2
      vertex 2 2.6 2
    endloop
  endfacet
  facet normal 0 0 1
    outer loop
      vertex 2 19.41 2
      vertex 2.44471 19.9896 2
      vertex 2.37039 19.9643 2
    endloop
  endfacet
  facet normal 0 0 1
    outer loop
      vertex 2.75 2.65 2
      vertex 2.52168 2.00513 2
      vertex 2.6 2 2
    endloop
  endfacet
  facet normal 0 0 1
    outer loop
      vertex 2 19.41 2
      vertex 2.37039 19.9643 2
      vertex 2.3 19.9296 2
    endloop
  endfacet
  facet normal 0 0 1
    outer loop
      vertex 2.75 2.65 2
      vertex 2.44471 2.02044 2
      vertex 2.52168 2.00513 2
    endloop
  endfacet
  facet normal 0 0 1
    outer loop
      vertex 2 19.41 2
      vertex 2.3 19.9296 2
      vertex 2.23474 19.886 2
    endloop
  endfacet
  facet normal 0 0 1
    outer loop
      vertex 2.75 2.65 2
      vertex 2.37039 2.04567 2
      vertex 2.44471 2.02044 2
    endloop
  endfacet
  facet normal 0 0 1
    outer loop
      vertex 2 19.41 2
      vertex 2.23474 19.886 2
      vertex 2.17574 19.8343 2
    endloop
  endfacet
  facet normal 0 0 1
    outer loop
      vertex 2.75 2.65 2
      vertex 2.3 2.08038 2
      vertex 2.37039 2.04567 2
    endloop
  endfacet
  facet normal 0 0 1
    outer loop
      vertex 2 19.41 2
      vertex 2.17574 19.8343 2
      vertex 2.12399 19.7753 2
    endloop
  endfacet
  facet normal 0 0 1
    outer loop
      vertex 2.75 2.65 2
      vertex 2.23474 2.12399 2
      vertex 2.3 2.08038 2
    endloop
  endfacet
  facet normal 0 0 1
    outer loop
      vertex 2 19.41 2
      vertex 2.12399 19.7753 2
      vertex 2.08038 19.71 2
    endloop
  endfacet
  facet normal 0 0 1
    outer loop
      vertex 2.75 2.65 2
      vertex 2.17574 2.17574 2
      vertex 2.23474 2.12399 2
    endloop
  endfacet
  facet normal 0 0 1
    outer loop
      vertex 2 19.41 2
      vertex 2.08038 19.71 2
      vertex 2.04567 19.6396 2
    endloop
  endfacet
  facet normal 0 0 1
    outer loop
      vertex 2.75 2.65 2
      vertex 2.12399 2.23474 2
      vertex 2.17574 2.17574 2
    endloop
  endfacet
  facet normal 0 0 1
    outer loop
      vertex 2 19.41 2
      vertex 2.04567 19.6396 2
      vertex 2.02044 19.5653 2
    endloop
  endfacet
  facet normal 0 0 1
    outer loop
      vertex 2.75 2.65 2
      vertex 2.08038 2.3 2
      vertex 2.12399 2.23474 2
    endloop
  endfacet
  facet normal 0 0 1
    outer loop
      vertex 2 19.41 2
      vertex 2.02044 19.5653 2
      vertex 2.00513 19.4883 2
    endloop
  endfacet
  facet normal 0 0 1
    outer loop
      vertex 2.75 2.65 2
      vertex 2.04567 2.37039 2
      vertex 2.08038 2.3 2
    endloop
  endfacet
  facet normal 0 0 1
    outer loop
      vertex 2.75 2.65 2
      vertex 2.02044 2.44471 2
      vertex 2.04567 2.37039 2
    endloop
  endfacet
  facet normal 0 0 1
    outer loop
      vertex 2.75 2.65 2
      vertex 2.00513 2.52168 2
      vertex 2.02044 2.44471 2
    endloop
  endfacet
  facet normal 0 0 1
    outer loop
      vertex 14.025 0 2
      vertex 10.525 2 2
      vertex 10.525 0 2
    endloop
  endfacet
  facet normal 0.997861 -0.0653771 0
    outer loop
      vertex 2 19.41 12.1734
      vertex 2.00513 19.4883 2
      vertex 2.00513 19.4883 12.1944
    endloop
  endfacet
  facet normal 0.997861 -0.0653771 0
    outer loop
      vertex 2.00513 19.4883 2
      vertex 2 19.41 12.1734
      vertex 2 19.41 2
    endloop
  endfacet
  facet normal 0.997861 -0.0653771 0
    outer loop
      vertex 2 19.41 15.0722
      vertex 2.00513 19.4883 13.5402
      vertex 2.00513 19.4883 15.0931
    endloop
  endfacet
  facet normal 0.997861 -0.0653697 3.7635e-07
    outer loop
      vertex 2.00513 19.4883 13.5402
      vertex 2 19.41 15.0722
      vertex 2.00211 19.4422 13.5279
    endloop
  endfacet
  facet normal 0.99786 -0.0653877 0
    outer loop
      vertex 2.00211 19.4422 13.5279
      vertex 2 19.41 15.0722
      vertex 2 19.41 13.5192
    endloop
  endfacet
  facet normal -0.0649964 -0.997886 0
    outer loop
      vertex 21.95 20.01 2
      vertex 22.0283 20.0049 15.2316
      vertex 21.95 20.01 15.2329
    endloop
  endfacet
  facet normal -0.0649964 -0.997886 -0
    outer loop
      vertex 22.0283 20.0049 15.2316
      vertex 21.95 20.01 2
      vertex 22.0283 20.0049 2
    endloop
  endfacet
  facet normal 0 -1 0
    outer loop
      vertex 2.6 20.01 2
      vertex 21.95 20.01 15.2329
      vertex 2.6 20.01 15.2329
    endloop
  endfacet
  facet normal 0 -1 -0
    outer loop
      vertex 21.95 20.01 15.2329
      vertex 2.6 20.01 2
      vertex 21.95 20.01 2
    endloop
  endfacet
  facet normal -0.980825 -0.194891 -0
    outer loop
      vertex 22.5449 19.4883 12.1944
      vertex 22.5296 19.5653 2
      vertex 22.5449 19.4883 2
    endloop
  endfacet
  facet normal -0.980825 -0.194891 0
    outer loop
      vertex 22.5296 19.5653 2
      vertex 22.5449 19.4883 12.1944
      vertex 22.5296 19.5653 12.215
    endloop
  endfacet
  facet normal -0.980825 -0.194891 0
    outer loop
      vertex 22.5449 19.4883 13.3557
      vertex 22.5296 19.5653 15.1138
      vertex 22.5296 19.5653 13.0684
    endloop
  endfacet
  facet normal -0.980825 -0.194891 0
    outer loop
      vertex 22.5296 19.5653 15.1138
      vertex 22.5449 19.4883 13.3557
      vertex 22.5449 19.4883 15.0931
    endloop
  endfacet
  facet normal -0.997886 -0.0649964 -0
    outer loop
      vertex 22.55 19.41 12.1734
      vertex 22.5449 19.4883 2
      vertex 22.55 19.41 2
    endloop
  endfacet
  facet normal -0.997886 -0.0649964 0
    outer loop
      vertex 22.5449 19.4883 2
      vertex 22.55 19.41 12.1734
      vertex 22.5449 19.4883 12.1944
    endloop
  endfacet
  facet normal -0.997889 -0.0649386 0
    outer loop
      vertex 22.5479 19.4422 13.5279
      vertex 22.5449 19.4883 15.0931
      vertex 22.5449 19.4883 13.3557
    endloop
  endfacet
  facet normal -0.99788 -0.0650791 -0
    outer loop
      vertex 22.55 19.41 15.0722
      vertex 22.5479 19.4422 13.5279
      vertex 22.55 19.41 13.5192
    endloop
  endfacet
  facet normal -0.997885 -0.0649968 1.72344e-06
    outer loop
      vertex 22.5479 19.4422 13.5279
      vertex 22.55 19.41 15.0722
      vertex 22.5449 19.4883 15.0931
    endloop
  endfacet
  facet normal 0.0653605 0.997862 0
    outer loop
      vertex 2.52168 2.00513 2
      vertex 2.6 2 10.4072
      vertex 2.6 2 2
    endloop
  endfacet
  facet normal 0.0653605 0.997862 0
    outer loop
      vertex 2.6 2 10.4072
      vertex 2.52168 2.00513 2
      vertex 2.52168 2.00513 10.4085
    endloop
  endfacet
  facet normal 0.89691 -0.442212 0
    outer loop
      vertex 2.04567 19.6396 12.2349
      vertex 2.08038 19.71 2
      vertex 2.08038 19.71 12.2538
    endloop
  endfacet
  facet normal 0.89691 -0.442212 0
    outer loop
      vertex 2.08038 19.71 2
      vertex 2.04567 19.6396 12.2349
      vertex 2.04567 19.6396 2
    endloop
  endfacet
  facet normal 0.89691 -0.442212 0
    outer loop
      vertex 2.04567 19.6396 15.1337
      vertex 2.08038 19.71 13.5996
      vertex 2.08038 19.71 15.1525
    endloop
  endfacet
  facet normal 0.89691 -0.442212 0
    outer loop
      vertex 2.08038 19.71 13.5996
      vertex 2.04567 19.6396 15.1337
      vertex 2.04567 19.6396 13.5808
    endloop
  endfacet
  facet normal -0.659046 -0.752103 0
    outer loop
      vertex 22.3153 19.886 2
      vertex 22.3743 19.8343 15.1858
      vertex 22.3153 19.886 15.1997
    endloop
  endfacet
  facet normal -0.659046 -0.752103 -0
    outer loop
      vertex 22.3743 19.8343 15.1858
      vertex 22.3153 19.886 2
      vertex 22.3743 19.8343 2
    endloop
  endfacet
  facet normal 0.555523 -0.831501 0
    outer loop
      vertex 2.3 19.9296 2
      vertex 2.23474 19.886 12.3009
      vertex 2.23474 19.886 2
    endloop
  endfacet
  facet normal 0.555523 -0.831501 0
    outer loop
      vertex 2.23474 19.886 12.3009
      vertex 2.3 19.9296 2
      vertex 2.3 19.9296 12.3126
    endloop
  endfacet
  facet normal 0.555159 -0.831744 0
    outer loop
      vertex 2.23474 19.886 15.1997
      vertex 2.23474 19.886 13.6468
      vertex 2.29332 19.9251 13.6573
    endloop
  endfacet
  facet normal 0.555521 -0.831503 1.98722e-05
    outer loop
      vertex 2.29332 19.9251 13.6573
      vertex 2.3 19.9296 15.2114
      vertex 2.23474 19.886 15.1997
    endloop
  endfacet
  facet normal 0.558705 -0.829366 0
    outer loop
      vertex 2.3 19.9296 15.2114
      vertex 2.29332 19.9251 13.6573
      vertex 2.3 19.9296 13.6406
    endloop
  endfacet
  facet normal -0.321537 0.946897 0
    outer loop
      vertex 22.1796 2.04567 2
      vertex 22.1053 2.02044 10.4126
      vertex 22.1796 2.04567 10.4194
    endloop
  endfacet
  facet normal -0.321537 0.946897 0
    outer loop
      vertex 22.1053 2.02044 10.4126
      vertex 22.1796 2.04567 2
      vertex 22.1053 2.02044 2
    endloop
  endfacet
  facet normal 0.831599 -0.555376 0
    outer loop
      vertex 2.08038 19.71 12.2538
      vertex 2.12399 19.7753 2
      vertex 2.12399 19.7753 12.2713
    endloop
  endfacet
  facet normal 0.831599 -0.555376 0
    outer loop
      vertex 2.12399 19.7753 2
      vertex 2.08038 19.71 12.2538
      vertex 2.08038 19.71 2
    endloop
  endfacet
  facet normal 0.831599 -0.555376 0
    outer loop
      vertex 2.08038 19.71 15.1525
      vertex 2.12399 19.7753 13.6171
      vertex 2.12399 19.7753 15.17
    endloop
  endfacet
  facet normal 0.831599 -0.555376 0
    outer loop
      vertex 2.12399 19.7753 13.6171
      vertex 2.08038 19.71 15.1525
      vertex 2.08038 19.71 13.5996
    endloop
  endfacet
  facet normal 0.751705 -0.659499 0
    outer loop
      vertex 2.17574 19.8343 12.2871
      vertex 2.12696 19.7787 12.2722
      vertex 2.17574 19.8343 2
    endloop
  endfacet
  facet normal 0.753123 -0.657879 1.55037e-05
    outer loop
      vertex 2.12399 19.7753 12.2713
      vertex 2.17574 19.8343 2
      vertex 2.12696 19.7787 12.2722
    endloop
  endfacet
  facet normal 0.751787 -0.659406 0
    outer loop
      vertex 2.17574 19.8343 2
      vertex 2.12399 19.7753 12.2713
      vertex 2.12399 19.7753 2
    endloop
  endfacet
  facet normal 0.751787 -0.659406 0
    outer loop
      vertex 2.12399 19.7753 15.17
      vertex 2.17574 19.8343 13.6329
      vertex 2.17574 19.8343 15.1858
    endloop
  endfacet
  facet normal 0.751787 -0.659406 0
    outer loop
      vertex 2.17574 19.8343 13.6329
      vertex 2.12399 19.7753 15.17
      vertex 2.12399 19.7753 13.6171
    endloop
  endfacet
  facet normal 0.659046 -0.752103 0
    outer loop
      vertex 2.23474 19.886 2
      vertex 2.17574 19.8343 12.2871
      vertex 2.17574 19.8343 2
    endloop
  endfacet
  facet normal 0.659046 -0.752103 0
    outer loop
      vertex 2.17574 19.8343 12.2871
      vertex 2.23474 19.886 2
      vertex 2.23474 19.886 12.3009
    endloop
  endfacet
  facet normal 0.659046 -0.752103 0
    outer loop
      vertex 2.17574 19.8343 15.1858
      vertex 2.23474 19.886 13.6468
      vertex 2.23474 19.886 15.1997
    endloop
  endfacet
  facet normal 0.659046 -0.752103 0
    outer loop
      vertex 2.23474 19.886 13.6468
      vertex 2.17574 19.8343 15.1858
      vertex 2.17574 19.8343 13.6329
    endloop
  endfacet
  facet normal 0.980801 -0.195014 0
    outer loop
      vertex 2.00513 19.4883 12.1944
      vertex 2.02044 19.5653 2
      vertex 2.02044 19.5653 12.215
    endloop
  endfacet
  facet normal 0.980801 -0.195014 0
    outer loop
      vertex 2.02044 19.5653 2
      vertex 2.00513 19.4883 12.1944
      vertex 2.00513 19.4883 2
    endloop
  endfacet
  facet normal 0.980801 -0.195014 0
    outer loop
      vertex 2.00513 19.4883 15.0931
      vertex 2.02044 19.5653 13.5609
      vertex 2.02044 19.5653 15.1138
    endloop
  endfacet
  facet normal 0.980801 -0.195014 0
    outer loop
      vertex 2.02044 19.5653 13.5609
      vertex 2.00513 19.4883 15.0931
      vertex 2.00513 19.4883 13.5402
    endloop
  endfacet
  facet normal 0.946897 -0.321537 0
    outer loop
      vertex 2.02044 19.5653 12.215
      vertex 2.04567 19.6396 2
      vertex 2.04567 19.6396 12.2349
    endloop
  endfacet
  facet normal 0.946897 -0.321537 0
    outer loop
      vertex 2.04567 19.6396 2
      vertex 2.02044 19.5653 12.215
      vertex 2.02044 19.5653 2
    endloop
  endfacet
  facet normal 0.946897 -0.321537 0
    outer loop
      vertex 2.02044 19.5653 15.1138
      vertex 2.04567 19.6396 13.5808
      vertex 2.04567 19.6396 15.1337
    endloop
  endfacet
  facet normal 0.946897 -0.321537 0
    outer loop
      vertex 2.04567 19.6396 13.5808
      vertex 2.02044 19.5653 15.1138
      vertex 2.02044 19.5653 13.5609
    endloop
  endfacet
  facet normal -0.194891 -0.980825 0
    outer loop
      vertex 22.0283 20.0049 2
      vertex 22.1053 19.9896 15.2275
      vertex 22.0283 20.0049 15.2316
    endloop
  endfacet
  facet normal -0.194891 -0.980825 -0
    outer loop
      vertex 22.1053 19.9896 15.2275
      vertex 22.0283 20.0049 2
      vertex 22.1053 19.9896 2
    endloop
  endfacet
  facet normal -0.555288 -0.831658 0
    outer loop
      vertex 22.25 19.9296 2
      vertex 22.3153 19.886 15.1997
      vertex 22.25 19.9296 15.2114
    endloop
  endfacet
  facet normal -0.555288 -0.831658 -0
    outer loop
      vertex 22.3153 19.886 15.1997
      vertex 22.25 19.9296 2
      vertex 22.3153 19.886 2
    endloop
  endfacet
  facet normal -0.322337 -0.946625 0
    outer loop
      vertex 22.1053 19.9896 2
      vertex 22.1796 19.9643 15.2207
      vertex 22.1053 19.9896 15.2275
    endloop
  endfacet
  facet normal -0.322337 -0.946625 -0
    outer loop
      vertex 22.1796 19.9643 15.2207
      vertex 22.1053 19.9896 2
      vertex 22.1796 19.9643 2
    endloop
  endfacet
  facet normal -0.896961 -0.44211 -0
    outer loop
      vertex 22.5043 19.6396 12.2349
      vertex 22.4696 19.71 2
      vertex 22.5043 19.6396 2
    endloop
  endfacet
  facet normal -0.896961 -0.44211 0
    outer loop
      vertex 22.4696 19.71 2
      vertex 22.5043 19.6396 12.2349
      vertex 22.4696 19.71 12.2538
    endloop
  endfacet
  facet normal -0.896961 -0.44211 0
    outer loop
      vertex 22.5043 19.6396 12.7911
      vertex 22.4696 19.71 15.1525
      vertex 22.4696 19.71 12.5284
    endloop
  endfacet
  facet normal -0.896961 -0.44211 0
    outer loop
      vertex 22.4696 19.71 15.1525
      vertex 22.5043 19.6396 12.7911
      vertex 22.5043 19.6396 15.1337
    endloop
  endfacet
  facet normal -0.946625 -0.322337 -0
    outer loop
      vertex 22.5296 19.5653 12.215
      vertex 22.5043 19.6396 2
      vertex 22.5296 19.5653 2
    endloop
  endfacet
  facet normal -0.946625 -0.322337 0
    outer loop
      vertex 22.5043 19.6396 2
      vertex 22.5296 19.5653 12.215
      vertex 22.5043 19.6396 12.2349
    endloop
  endfacet
  facet normal -0.946625 -0.322337 0
    outer loop
      vertex 22.5296 19.5653 13.0684
      vertex 22.5043 19.6396 15.1337
      vertex 22.5043 19.6396 12.7911
    endloop
  endfacet
  facet normal -0.946625 -0.322337 0
    outer loop
      vertex 22.5043 19.6396 15.1337
      vertex 22.5296 19.5653 13.0684
      vertex 22.5296 19.5653 15.1138
    endloop
  endfacet
  facet normal 0.194964 -0.98081 0
    outer loop
      vertex 2.44471 19.9896 13.4169
      vertex 2.52168 20.0049 15.2316
      vertex 2.44471 19.9896 15.2275
    endloop
  endfacet
  facet normal 0.195122 -0.980779 -6.94664e-06
    outer loop
      vertex 2.5 20.0006 13.3759
      vertex 2.52168 20.0049 15.2316
      vertex 2.44471 19.9896 13.4169
    endloop
  endfacet
  facet normal 0.19455 -0.980893 0
    outer loop
      vertex 2.5 20.0006 12.3316
      vertex 2.52168 20.0049 15.2316
      vertex 2.5 20.0006 13.3759
    endloop
  endfacet
  facet normal 0.194964 -0.98081 0
    outer loop
      vertex 2.52168 20.0049 2
      vertex 2.44471 19.9896 12.3287
      vertex 2.44471 19.9896 2
    endloop
  endfacet
  facet normal 0.195127 -0.980778 1.25838e-06
    outer loop
      vertex 2.44471 19.9896 12.3287
      vertex 2.52168 20.0049 2
      vertex 2.5 20.0006 12.3316
    endloop
  endfacet
  facet normal 0.19455 -0.980893 0
    outer loop
      vertex 2.5 20.0006 12.3316
      vertex 2.52168 20.0049 2
      vertex 2.52168 20.0049 15.2316
    endloop
  endfacet
  facet normal 0.0649798 -0.997887 0
    outer loop
      vertex 2.6 20.01 2
      vertex 2.52168 20.0049 15.2316
      vertex 2.52168 20.0049 2
    endloop
  endfacet
  facet normal 0.0649798 -0.997887 0
    outer loop
      vertex 2.52168 20.0049 15.2316
      vertex 2.6 20.01 2
      vertex 2.6 20.01 15.2329
    endloop
  endfacet
  facet normal -0.997887 0.0649798 0
    outer loop
      vertex 22.5449 2.52168 10.547
      vertex 22.55 2.6 2
      vertex 22.5449 2.52168 2
    endloop
  endfacet
  facet normal -0.997887 0.0649798 0
    outer loop
      vertex 22.55 2.6 2
      vertex 22.5449 2.52168 10.547
      vertex 22.55 2.6 10.5679
    endloop
  endfacet
  facet normal -0.752103 0.659046 0
    outer loop
      vertex 22.3743 2.17574 10.4543
      vertex 22.426 2.23474 2
      vertex 22.3743 2.17574 2
    endloop
  endfacet
  facet normal -0.752103 0.659046 0
    outer loop
      vertex 22.426 2.23474 2
      vertex 22.3743 2.17574 10.4543
      vertex 22.426 2.23474 10.4701
    endloop
  endfacet
  facet normal -0.555376 0.831599 0
    outer loop
      vertex 22.3153 2.12399 2
      vertex 22.25 2.08038 10.4287
      vertex 22.3153 2.12399 10.4404
    endloop
  endfacet
  facet normal -0.555376 0.831599 0
    outer loop
      vertex 22.25 2.08038 10.4287
      vertex 22.3153 2.12399 2
      vertex 22.25 2.08038 2
    endloop
  endfacet
  facet normal -0.44211 -0.896961 0
    outer loop
      vertex 22.1796 19.9643 2
      vertex 22.25 19.9296 15.2114
      vertex 22.1796 19.9643 15.2207
    endloop
  endfacet
  facet normal -0.44211 -0.896961 -0
    outer loop
      vertex 22.25 19.9296 15.2114
      vertex 22.1796 19.9643 2
      vertex 22.25 19.9296 2
    endloop
  endfacet
  facet normal -0.752241 -0.658888 0
    outer loop
      vertex 22.3743 19.8343 2
      vertex 22.423 19.7787 12.2722
      vertex 22.3743 19.8343 15.1858
    endloop
  endfacet
  facet normal -0.752103 -0.659046 -0
    outer loop
      vertex 22.426 19.7753 12.2713
      vertex 22.3743 19.8343 2
      vertex 22.426 19.7753 2
    endloop
  endfacet
  facet normal -0.749841 -0.661618 -2.61556e-05
    outer loop
      vertex 22.3743 19.8343 2
      vertex 22.426 19.7753 12.2713
      vertex 22.423 19.7787 12.2722
    endloop
  endfacet
  facet normal -0.749996 -0.661442 8.6265e-05
    outer loop
      vertex 22.426 19.7753 12.2848
      vertex 22.3743 19.8343 15.1858
      vertex 22.423 19.7787 12.2722
    endloop
  endfacet
  facet normal -0.752103 -0.659046 0
    outer loop
      vertex 22.3743 19.8343 15.1858
      vertex 22.426 19.7753 12.2848
      vertex 22.426 19.7753 15.17
    endloop
  endfacet
  facet normal -0.831658 -0.555288 -0
    outer loop
      vertex 22.4696 19.71 12.2538
      vertex 22.426 19.7753 2
      vertex 22.4696 19.71 2
    endloop
  endfacet
  facet normal -0.831658 -0.555288 0
    outer loop
      vertex 22.426 19.7753 2
      vertex 22.4696 19.71 12.2538
      vertex 22.426 19.7753 12.2713
    endloop
  endfacet
  facet normal -0.831658 -0.555288 0
    outer loop
      vertex 22.4696 19.71 12.5284
      vertex 22.426 19.7753 15.17
      vertex 22.426 19.7753 12.2848
    endloop
  endfacet
  facet normal -0.831658 -0.555288 0
    outer loop
      vertex 22.426 19.7753 15.17
      vertex 22.4696 19.71 12.5284
      vertex 22.4696 19.71 15.1525
    endloop
  endfacet
  facet normal 0.44216 -0.896936 0
    outer loop
      vertex 2.37039 19.9643 2
      vertex 2.3 19.9296 12.3126
      vertex 2.3 19.9296 2
    endloop
  endfacet
  facet normal 0.44216 -0.896936 0
    outer loop
      vertex 2.3 19.9296 12.3126
      vertex 2.37039 19.9643 2
      vertex 2.37039 19.9643 12.3219
    endloop
  endfacet
  facet normal 0.44216 -0.896936 0
    outer loop
      vertex 2.3 19.9296 13.6406
      vertex 2.37039 19.9643 15.2207
      vertex 2.3 19.9296 15.2114
    endloop
  endfacet
  facet normal 0.44216 -0.896936 0
    outer loop
      vertex 2.37039 19.9643 15.2207
      vertex 2.3 19.9296 13.6406
      vertex 2.37039 19.9643 13.5111
    endloop
  endfacet
  facet normal 0.322259 -0.946652 0
    outer loop
      vertex 2.44471 19.9896 2
      vertex 2.37039 19.9643 12.3219
      vertex 2.37039 19.9643 2
    endloop
  endfacet
  facet normal 0.322259 -0.946652 0
    outer loop
      vertex 2.37039 19.9643 12.3219
      vertex 2.44471 19.9896 2
      vertex 2.44471 19.9896 12.3287
    endloop
  endfacet
  facet normal 0.322259 -0.946652 0
    outer loop
      vertex 2.37039 19.9643 13.5111
      vertex 2.44471 19.9896 15.2275
      vertex 2.37039 19.9643 15.2207
    endloop
  endfacet
  facet normal 0.322259 -0.946652 0
    outer loop
      vertex 2.44471 19.9896 15.2275
      vertex 2.37039 19.9643 13.5111
      vertex 2.44471 19.9896 13.4169
    endloop
  endfacet
  facet normal -0.946652 0.322259 0
    outer loop
      vertex 22.5043 2.37039 10.5064
      vertex 22.5296 2.44471 2
      vertex 22.5043 2.37039 2
    endloop
  endfacet
  facet normal -0.946652 0.322259 0
    outer loop
      vertex 22.5296 2.44471 2
      vertex 22.5043 2.37039 10.5064
      vertex 22.5296 2.44471 10.5263
    endloop
  endfacet
  facet normal -0.896936 0.44216 0
    outer loop
      vertex 22.4696 2.3 10.4876
      vertex 22.5043 2.37039 2
      vertex 22.4696 2.3 2
    endloop
  endfacet
  facet normal -0.896936 0.44216 0
    outer loop
      vertex 22.5043 2.37039 2
      vertex 22.4696 2.3 10.4876
      vertex 22.5043 2.37039 10.5064
    endloop
  endfacet
  facet normal -0.442212 0.89691 0
    outer loop
      vertex 22.25 2.08038 2
      vertex 22.1796 2.04567 10.4194
      vertex 22.25 2.08038 10.4287
    endloop
  endfacet
  facet normal -0.442212 0.89691 0
    outer loop
      vertex 22.1796 2.04567 10.4194
      vertex 22.25 2.08038 2
      vertex 22.1796 2.04567 2
    endloop
  endfacet
  facet normal -0.195014 0.980801 0
    outer loop
      vertex 22.1053 2.02044 2
      vertex 22.0283 2.00513 10.4085
      vertex 22.1053 2.02044 10.4126
    endloop
  endfacet
  facet normal -0.195014 0.980801 0
    outer loop
      vertex 22.0283 2.00513 10.4085
      vertex 22.1053 2.02044 2
      vertex 22.0283 2.00513 2
    endloop
  endfacet
  facet normal -0.0653771 0.997861 0
    outer loop
      vertex 22.0283 2.00513 2
      vertex 21.95 2 10.4072
      vertex 22.0283 2.00513 10.4085
    endloop
  endfacet
  facet normal -0.0653771 0.997861 0
    outer loop
      vertex 21.95 2 10.4072
      vertex 22.0283 2.00513 2
      vertex 21.95 2 2
    endloop
  endfacet
  facet normal 0.195087 0.980786 0
    outer loop
      vertex 2.52168 2.00513 10.4085
      vertex 2.44471 2.02044 8.85973
      vertex 2.44471 2.02044 10.4126
    endloop
  endfacet
  facet normal 0.194956 0.980812 6.73534e-06
    outer loop
      vertex 2.52168 2.00513 10.4085
      vertex 2.5 2.00945 8.85678
      vertex 2.44471 2.02044 8.85973
    endloop
  endfacet
  facet normal 0.19542 0.98072 0
    outer loop
      vertex 2.52168 2.00513 10.4085
      vertex 2.5 2.00945 7.51092
      vertex 2.5 2.00945 8.85678
    endloop
  endfacet
  facet normal 0.19542 0.98072 0
    outer loop
      vertex 2.5 2.00945 7.51092
      vertex 2.52168 2.00513 10.4085
      vertex 2.52168 2.00513 2
    endloop
  endfacet
  facet normal 0.195087 0.980786 -1.36328e-06
    outer loop
      vertex 2.44471 2.02044 2
      vertex 2.5 2.00945 7.51092
      vertex 2.52168 2.00513 2
    endloop
  endfacet
  facet normal 0.194956 0.980812 0
    outer loop
      vertex 2.5 2.00945 7.51092
      vertex 2.44471 2.02044 2
      vertex 2.44471 2.02044 7.51387
    endloop
  endfacet
  facet normal 0.751787 0.659406 0
    outer loop
      vertex 2.17574 2.17574 7.55548
      vertex 2.12399 2.23474 2
      vertex 2.12399 2.23474 7.57129
    endloop
  endfacet
  facet normal 0.751787 0.659406 0
    outer loop
      vertex 2.12399 2.23474 2
      vertex 2.17574 2.17574 7.55548
      vertex 2.17574 2.17574 2
    endloop
  endfacet
  facet normal 0.751787 0.659406 0
    outer loop
      vertex 2.17574 2.17574 10.4543
      vertex 2.12399 2.23474 8.91715
      vertex 2.12399 2.23474 10.4701
    endloop
  endfacet
  facet normal 0.751787 0.659406 0
    outer loop
      vertex 2.12399 2.23474 8.91715
      vertex 2.17574 2.17574 10.4543
      vertex 2.17574 2.17574 8.90134
    endloop
  endfacet
  facet normal -0.98081 0.194964 0
    outer loop
      vertex 22.5296 2.44471 10.5263
      vertex 22.5449 2.52168 2
      vertex 22.5296 2.44471 2
    endloop
  endfacet
  facet normal -0.98081 0.194964 0
    outer loop
      vertex 22.5449 2.52168 2
      vertex 22.5296 2.44471 10.5263
      vertex 22.5449 2.52168 10.547
    endloop
  endfacet
  facet normal -0.831501 0.555523 0
    outer loop
      vertex 22.426 2.23474 10.4701
      vertex 22.4696 2.3 2
      vertex 22.426 2.23474 2
    endloop
  endfacet
  facet normal -0.831501 0.555523 0
    outer loop
      vertex 22.4696 2.3 2
      vertex 22.426 2.23474 10.4701
      vertex 22.4696 2.3 10.4876
    endloop
  endfacet
  facet normal -0.659406 0.751787 0
    outer loop
      vertex 22.3743 2.17574 2
      vertex 22.3153 2.12399 10.4404
      vertex 22.3743 2.17574 10.4543
    endloop
  endfacet
  facet normal -0.659406 0.751787 0
    outer loop
      vertex 22.3153 2.12399 10.4404
      vertex 22.3743 2.17574 2
      vertex 22.3153 2.12399 2
    endloop
  endfacet
  facet normal 0.442263 0.896885 0
    outer loop
      vertex 2.3 2.08038 2
      vertex 2.37039 2.04567 7.52063
      vertex 2.37039 2.04567 2
    endloop
  endfacet
  facet normal 0.442263 0.896885 0
    outer loop
      vertex 2.37039 2.04567 7.52063
      vertex 2.3 2.08038 2
      vertex 2.3 2.08038 7.52993
    endloop
  endfacet
  facet normal 0.442263 0.896885 0
    outer loop
      vertex 2.37039 2.04567 10.4194
      vertex 2.3 2.08038 8.87579
      vertex 2.3 2.08038 10.4287
    endloop
  endfacet
  facet normal 0.442263 0.896885 0
    outer loop
      vertex 2.3 2.08038 8.87579
      vertex 2.37039 2.04567 10.4194
      vertex 2.37039 2.04567 8.86649
    endloop
  endfacet
  facet normal 0.555611 0.831442 0
    outer loop
      vertex 2.23474 2.12399 2
      vertex 2.3 2.08038 7.52993
      vertex 2.3 2.08038 2
    endloop
  endfacet
  facet normal 0.555611 0.831442 0
    outer loop
      vertex 2.3 2.08038 7.52993
      vertex 2.23474 2.12399 2
      vertex 2.23474 2.12399 7.54162
    endloop
  endfacet
  facet normal 0.555611 0.831442 0
    outer loop
      vertex 2.3 2.08038 10.4287
      vertex 2.23474 2.12399 8.88748
      vertex 2.23474 2.12399 10.4404
    endloop
  endfacet
  facet normal 0.555611 0.831442 0
    outer loop
      vertex 2.23474 2.12399 8.88748
      vertex 2.3 2.08038 10.4287
      vertex 2.3 2.08038 8.87579
    endloop
  endfacet
  facet normal 0.659406 0.751787 0
    outer loop
      vertex 2.17574 2.17574 2
      vertex 2.23474 2.12399 7.54162
      vertex 2.23474 2.12399 2
    endloop
  endfacet
  facet normal 0.659406 0.751787 0
    outer loop
      vertex 2.23474 2.12399 7.54162
      vertex 2.17574 2.17574 2
      vertex 2.17574 2.17574 7.55548
    endloop
  endfacet
  facet normal 0.659406 0.751787 0
    outer loop
      vertex 2.23474 2.12399 10.4404
      vertex 2.17574 2.17574 8.90134
      vertex 2.17574 2.17574 10.4543
    endloop
  endfacet
  facet normal 0.659406 0.751787 0
    outer loop
      vertex 2.17574 2.17574 8.90134
      vertex 2.23474 2.12399 10.4404
      vertex 2.23474 2.12399 8.88748
    endloop
  endfacet
  facet normal 0.32146 0.946923 0
    outer loop
      vertex 2.37039 2.04567 2
      vertex 2.44471 2.02044 7.51387
      vertex 2.44471 2.02044 2
    endloop
  endfacet
  facet normal 0.32146 0.946923 0
    outer loop
      vertex 2.44471 2.02044 7.51387
      vertex 2.37039 2.04567 2
      vertex 2.37039 2.04567 7.52063
    endloop
  endfacet
  facet normal 0.32146 0.946923 0
    outer loop
      vertex 2.44471 2.02044 10.4126
      vertex 2.37039 2.04567 8.86649
      vertex 2.37039 2.04567 10.4194
    endloop
  endfacet
  facet normal 0.32146 0.946923 0
    outer loop
      vertex 2.37039 2.04567 8.86649
      vertex 2.44471 2.02044 10.4126
      vertex 2.44471 2.02044 8.85973
    endloop
  endfacet
  facet normal 0.831442 0.555611 0
    outer loop
      vertex 2.12399 2.23474 7.57129
      vertex 2.08038 2.3 2
      vertex 2.08038 2.3 7.58878
    endloop
  endfacet
  facet normal 0.831442 0.555611 0
    outer loop
      vertex 2.08038 2.3 2
      vertex 2.12399 2.23474 7.57129
      vertex 2.12399 2.23474 2
    endloop
  endfacet
  facet normal 0.831442 0.555611 0
    outer loop
      vertex 2.12399 2.23474 10.4701
      vertex 2.08038 2.3 8.93464
      vertex 2.08038 2.3 10.4876
    endloop
  endfacet
  facet normal 0.831442 0.555611 0
    outer loop
      vertex 2.08038 2.3 8.93464
      vertex 2.12399 2.23474 10.4701
      vertex 2.12399 2.23474 8.91715
    endloop
  endfacet
  facet normal 0.896885 0.442263 0
    outer loop
      vertex 2.08038 2.3 7.58878
      vertex 2.04567 2.37039 2
      vertex 2.04567 2.37039 7.60764
    endloop
  endfacet
  facet normal 0.896885 0.442263 0
    outer loop
      vertex 2.04567 2.37039 2
      vertex 2.08038 2.3 7.58878
      vertex 2.08038 2.3 2
    endloop
  endfacet
  facet normal 0.896885 0.442263 0
    outer loop
      vertex 2.08038 2.3 10.4876
      vertex 2.04567 2.37039 8.9535
      vertex 2.04567 2.37039 10.5064
    endloop
  endfacet
  facet normal 0.896885 0.442263 0
    outer loop
      vertex 2.04567 2.37039 8.9535
      vertex 2.08038 2.3 10.4876
      vertex 2.08038 2.3 8.93464
    endloop
  endfacet
  facet normal 4.25387e-05 -0.25898 0.965883
    outer loop
      vertex 22.426 19.7753 15.17
      vertex 24.55 20.51 15.3669
      vertex 24.5372 20.7058 15.4194
    endloop
  endfacet
  facet normal 2.09089e-05 -0.258818 0.965926
    outer loop
      vertex 24.55 20.51 15.3669
      vertex 22.55 19.41 15.0722
      vertex 24.55 1.5 10.2732
    endloop
  endfacet
  facet normal -0.000139509 -0.258595 0.965986
    outer loop
      vertex 22.426 19.7753 15.17
      vertex 24.5372 20.7058 15.4194
      vertex 24.4989 20.8982 15.4709
    endloop
  endfacet
  facet normal -2.36453e-05 -0.258823 0.965925
    outer loop
      vertex 22.55 2.6 10.5679
      vertex 24.55 1.5 10.2732
      vertex 22.55 19.41 15.0722
    endloop
  endfacet
  facet normal 2.79605e-05 -0.258883 0.965909
    outer loop
      vertex 22.426 19.7753 15.17
      vertex 24.4989 20.8982 15.4709
      vertex 24.4358 21.084 15.5207
    endloop
  endfacet
  facet normal 0.000541323 -0.257864 0.966181
    outer loop
      vertex 22.5449 2.52168 10.547
      vertex 24.55 1.5 10.2732
      vertex 22.55 2.6 10.5679
    endloop
  endfacet
  facet normal 8.90262e-05 -0.258988 0.965881
    outer loop
      vertex 22.3743 19.8343 15.1858
      vertex 24.4358 21.084 15.5207
      vertex 24.349 21.26 15.5679
    endloop
  endfacet
  facet normal -0.000422671 -0.25963 0.965708
    outer loop
      vertex 22.5296 2.44471 10.5263
      vertex 24.55 1.5 10.2732
      vertex 22.5449 2.52168 10.547
    endloop
  endfacet
  facet normal -3.52404e-05 -0.258827 0.965924
    outer loop
      vertex 22.3743 19.8343 15.1858
      vertex 24.349 21.26 15.5679
      vertex 24.24 21.4231 15.6116
    endloop
  endfacet
  facet normal 5.91765e-05 -0.258668 0.965966
    outer loop
      vertex 22.5043 2.37039 10.5064
      vertex 24.55 1.5 10.2732
      vertex 22.5296 2.44471 10.5263
    endloop
  endfacet
  facet normal -0.000181778 -0.258667 0.965967
    outer loop
      vertex 22.3743 19.8343 15.1858
      vertex 24.24 21.4231 15.6116
      vertex 24.1107 21.5707 15.6511
    endloop
  endfacet
  facet normal 0.000286259 -0.25817 0.966099
    outer loop
      vertex 22.4696 2.3 10.4876
      vertex 24.55 1.5 10.2732
      vertex 22.5043 2.37039 10.5064
    endloop
  endfacet
  facet normal 0.000180375 -0.259004 0.965876
    outer loop
      vertex 22.3743 19.8343 15.1858
      vertex 24.1107 21.5707 15.6511
      vertex 23.9631 21.7 15.6858
    endloop
  endfacet
  facet normal -4.673e-05 -0.258978 0.965883
    outer loop
      vertex 22.426 2.23474 10.4701
      vertex 24.55 1.5 10.2732
      vertex 22.4696 2.3 10.4876
    endloop
  endfacet
  facet normal -4.36155e-05 -0.258827 0.965924
    outer loop
      vertex 22.3743 19.8343 15.1858
      vertex 23.9631 21.7 15.6858
      vertex 23.8 21.809 15.715
    endloop
  endfacet
  facet normal -5.17823e-05 -0.258992 0.96588
    outer loop
      vertex 24.55 1.5 10.2732
      vertex 22.426 2.23474 10.4701
      vertex 24.5372 1.30421 10.2207
    endloop
  endfacet
  facet normal -0.000249064 -0.258688 0.965961
    outer loop
      vertex 22.3743 19.8343 15.1858
      vertex 23.8 21.809 15.715
      vertex 23.624 21.8958 15.7382
    endloop
  endfacet
  facet normal 0.000157913 -0.258548 0.965998
    outer loop
      vertex 24.5372 1.30421 10.2207
      vertex 22.426 2.23474 10.4701
      vertex 24.4989 1.11177 10.1692
    endloop
  endfacet
  facet normal -3.57401e-05 -0.258809 0.965929
    outer loop
      vertex 22.3743 19.8343 15.1858
      vertex 23.624 21.8958 15.7382
      vertex 23.4382 21.9589 15.7551
    endloop
  endfacet
  facet normal -3.8532e-05 -0.258886 0.965908
    outer loop
      vertex 24.4989 1.11177 10.1692
      vertex 22.426 2.23474 10.4701
      vertex 24.4358 0.925975 10.1194
    endloop
  endfacet
  facet normal 0.000172814 -0.258893 0.965906
    outer loop
      vertex 22.3153 19.886 15.1997
      vertex 23.4382 21.9589 15.7551
      vertex 23.2458 21.9972 15.7654
    endloop
  endfacet
  facet normal 6.64551e-05 -0.258736 0.965948
    outer loop
      vertex 22.3743 2.17574 10.4543
      vertex 24.4358 0.925975 10.1194
      vertex 22.426 2.23474 10.4701
    endloop
  endfacet
  facet normal -0.000142819 -0.258763 0.965941
    outer loop
      vertex 22.3153 19.886 15.1997
      vertex 23.2458 21.9972 15.7654
      vertex 23.05 22.01 15.7688
    endloop
  endfacet
  facet normal -0.000112483 -0.259011 0.965874
    outer loop
      vertex 24.4358 0.925975 10.1194
      vertex 22.3743 2.17574 10.4543
      vertex 24.349 0.75 10.0722
    endloop
  endfacet
  facet normal 6.41585e-05 -0.258783 0.965935
    outer loop
      vertex 24.349 0.75 10.0722
      vertex 22.3743 2.17574 10.4543
      vertex 24.24 0.586858 10.0285
    endloop
  endfacet
  facet normal -0.000506342 -0.257924 0.966165
    outer loop
      vertex 24.55 20.51 15.3669
      vertex 22.5449 19.4883 15.0931
      vertex 22.55 19.41 15.0722
    endloop
  endfacet
  facet normal 0.000378228 -0.259544 0.965731
    outer loop
      vertex 24.55 20.51 15.3669
      vertex 22.5296 19.5653 15.1138
      vertex 22.5449 19.4883 15.0931
    endloop
  endfacet
  facet normal -3.21953e-05 -0.258725 0.965951
    outer loop
      vertex 24.55 20.51 15.3669
      vertex 22.5043 19.6396 15.1337
      vertex 22.5296 19.5653 15.1138
    endloop
  endfacet
  facet normal -0.000298117 -0.258141 0.966107
    outer loop
      vertex 24.55 20.51 15.3669
      vertex 22.4696 19.71 15.1525
      vertex 22.5043 19.6396 15.1337
    endloop
  endfacet
  facet normal -1.81042e-06 -0.25886 0.965915
    outer loop
      vertex 24.55 20.51 15.3669
      vertex 22.426 19.7753 15.17
      vertex 22.4696 19.71 15.1525
    endloop
  endfacet
  facet normal -7.17829e-05 -0.25874 0.965947
    outer loop
      vertex 24.4358 21.084 15.5207
      vertex 22.3743 19.8343 15.1858
      vertex 22.426 19.7753 15.17
    endloop
  endfacet
  facet normal 0.000530872 -0.259073 0.965857
    outer loop
      vertex 23.4382 21.9589 15.7551
      vertex 22.3153 19.886 15.1997
      vertex 22.3743 19.8343 15.1858
    endloop
  endfacet
  facet normal 0.000215212 -0.258878 0.96591
    outer loop
      vertex 23.05 22.01 15.7688
      vertex 22.25 19.9296 15.2114
      vertex 22.3153 19.886 15.1997
    endloop
  endfacet
  facet normal 3.29331e-05 -0.258813 0.965927
    outer loop
      vertex 23.05 22.01 15.7688
      vertex 22.1796 19.9643 15.2207
      vertex 22.25 19.9296 15.2114
    endloop
  endfacet
  facet normal 0.000243285 -0.258896 0.965905
    outer loop
      vertex 23.05 22.01 15.7688
      vertex 22.1053 19.9896 15.2275
      vertex 22.1796 19.9643 15.2207
    endloop
  endfacet
  facet normal 9.94198e-06 -0.258795 0.965932
    outer loop
      vertex 23.05 22.01 15.7688
      vertex 22.0283 20.0049 15.2316
      vertex 22.1053 19.9896 15.2275
    endloop
  endfacet
  facet normal -0.000792611 -0.258413 0.966034
    outer loop
      vertex 23.05 22.01 15.7688
      vertex 21.95 20.01 15.2329
      vertex 22.0283 20.0049 15.2316
    endloop
  endfacet
  facet normal 0 -0.25882 0.965926
    outer loop
      vertex 23.05 22.01 15.7688
      vertex 2.6 20.01 15.2329
      vertex 21.95 20.01 15.2329
    endloop
  endfacet
  facet normal 0 -0.25882 0.965926
    outer loop
      vertex 1.5 22.01 15.7688
      vertex 2.6 20.01 15.2329
      vertex 23.05 22.01 15.7688
    endloop
  endfacet
  facet normal 0.000181732 -0.258667 0.965967
    outer loop
      vertex 0.30997 21.4231 15.6116
      vertex 2.17574 19.8343 15.1858
      vertex 0.43934 21.5707 15.6511
    endloop
  endfacet
  facet normal -0.000180429 -0.259005 0.965876
    outer loop
      vertex 0.43934 21.5707 15.6511
      vertex 2.17574 19.8343 15.1858
      vertex 0.586858 21.7 15.6858
    endloop
  endfacet
  facet normal 4.36076e-05 -0.258827 0.965924
    outer loop
      vertex 0.586858 21.7 15.6858
      vertex 2.17574 19.8343 15.1858
      vertex 0.75 21.809 15.715
    endloop
  endfacet
  facet normal 0.000249089 -0.258688 0.965961
    outer loop
      vertex 0.75 21.809 15.715
      vertex 2.17574 19.8343 15.1858
      vertex 0.925975 21.8958 15.7382
    endloop
  endfacet
  facet normal 3.57405e-05 -0.258809 0.965929
    outer loop
      vertex 0.925975 21.8958 15.7382
      vertex 2.17574 19.8343 15.1858
      vertex 1.11177 21.9589 15.7551
    endloop
  endfacet
  facet normal -0.000530861 -0.259073 0.965857
    outer loop
      vertex 2.23474 19.886 15.1997
      vertex 1.11177 21.9589 15.7551
      vertex 2.17574 19.8343 15.1858
    endloop
  endfacet
  facet normal -0.00017278 -0.258893 0.965906
    outer loop
      vertex 1.11177 21.9589 15.7551
      vertex 2.23474 19.886 15.1997
      vertex 1.30421 21.9972 15.7654
    endloop
  endfacet
  facet normal 0.000142826 -0.258763 0.965941
    outer loop
      vertex 1.30421 21.9972 15.7654
      vertex 2.23474 19.886 15.1997
      vertex 1.5 22.01 15.7688
    endloop
  endfacet
  facet normal -0.000215317 -0.258878 0.96591
    outer loop
      vertex 2.3 19.9296 15.2114
      vertex 1.5 22.01 15.7688
      vertex 2.23474 19.886 15.1997
    endloop
  endfacet
  facet normal -3.2937e-05 -0.258813 0.965927
    outer loop
      vertex 2.37039 19.9643 15.2207
      vertex 1.5 22.01 15.7688
      vertex 2.3 19.9296 15.2114
    endloop
  endfacet
  facet normal -0.000243228 -0.258896 0.965905
    outer loop
      vertex 2.44471 19.9896 15.2275
      vertex 1.5 22.01 15.7688
      vertex 2.37039 19.9643 15.2207
    endloop
  endfacet
  facet normal -9.94551e-06 -0.258795 0.965932
    outer loop
      vertex 2.52168 20.0049 15.2316
      vertex 1.5 22.01 15.7688
      vertex 2.44471 19.9896 15.2275
    endloop
  endfacet
  facet normal 0.000792416 -0.258413 0.966034
    outer loop
      vertex 2.6 20.01 15.2329
      vertex 1.5 22.01 15.7688
      vertex 2.52168 20.0049 15.2316
    endloop
  endfacet
  facet normal 7.32222e-05 -0.258773 0.965938
    outer loop
      vertex 24.24 0.586858 10.0285
      vertex 22.3743 2.17574 10.4543
      vertex 24.1107 0.43934 9.98899
    endloop
  endfacet
  facet normal 2.71758e-05 -0.258816 0.965927
    outer loop
      vertex 24.1107 0.43934 9.98899
      vertex 22.3743 2.17574 10.4543
      vertex 23.9631 0.30997 9.95433
    endloop
  endfacet
  facet normal 4.22381e-06 -0.258834 0.965922
    outer loop
      vertex 23.9631 0.30997 9.95433
      vertex 22.3743 2.17574 10.4543
      vertex 23.8 0.200961 9.92512
    endloop
  endfacet
  facet normal -2.27892e-05 -0.258852 0.965917
    outer loop
      vertex 23.8 0.200961 9.92512
      vertex 22.3743 2.17574 10.4543
      vertex 23.624 0.114181 9.90186
    endloop
  endfacet
  facet normal 4.0431e-06 -0.258837 0.965921
    outer loop
      vertex 23.624 0.114181 9.90186
      vertex 22.3743 2.17574 10.4543
      vertex 23.4382 0.0511112 9.88496
    endloop
  endfacet
  facet normal -0.000369385 -0.259012 0.965874
    outer loop
      vertex 22.3153 2.12399 10.4404
      vertex 23.4382 0.0511112 9.88496
      vertex 22.3743 2.17574 10.4543
    endloop
  endfacet
  facet normal 3.16096e-05 -0.258809 0.965928
    outer loop
      vertex 23.4382 0.0511112 9.88496
      vertex 22.3153 2.12399 10.4404
      vertex 23.2458 0.0128326 9.87471
    endloop
  endfacet
  facet normal -7.05859e-06 -0.258825 0.965924
    outer loop
      vertex 23.2458 0.0128326 9.87471
      vertex 22.3153 2.12399 10.4404
      vertex 23.05 0 9.87127
    endloop
  endfacet
  facet normal -0.000174945 -0.258879 0.96591
    outer loop
      vertex 22.25 2.08038 10.4287
      vertex 23.05 0 9.87127
      vertex 22.3153 2.12399 10.4404
    endloop
  endfacet
  facet normal 4.77512e-06 -0.258815 0.965927
    outer loop
      vertex 22.1796 2.04567 10.4194
      vertex 23.05 0 9.87127
      vertex 22.25 2.08038 10.4287
    endloop
  endfacet
  facet normal -0.000451064 -0.258996 0.965878
    outer loop
      vertex 22.1053 2.02044 10.4126
      vertex 23.05 0 9.87127
      vertex 22.1796 2.04567 10.4194
    endloop
  endfacet
  facet normal 2.2486e-05 -0.258789 0.965934
    outer loop
      vertex 22.0283 2.00513 10.4085
      vertex 23.05 0 9.87127
      vertex 22.1053 2.02044 10.4126
    endloop
  endfacet
  facet normal 0.000889102 -0.258377 0.966044
    outer loop
      vertex 21.95 2 10.4072
      vertex 23.05 0 9.87127
      vertex 22.0283 2.00513 10.4085
    endloop
  endfacet
  facet normal 0 -0.258833 0.965922
    outer loop
      vertex 2.6 2 10.4072
      vertex 23.05 0 9.87127
      vertex 21.95 2 10.4072
    endloop
  endfacet
  facet normal -0.000888883 -0.258377 0.966044
    outer loop
      vertex 1.5 0 9.87127
      vertex 2.6 2 10.4072
      vertex 2.52168 2.00513 10.4085
    endloop
  endfacet
  facet normal 0 -0.258833 0.965922
    outer loop
      vertex 2.6 2 10.4072
      vertex 1.5 0 9.87127
      vertex 23.05 0 9.87127
    endloop
  endfacet
  facet normal -2.2494e-05 -0.258789 0.965934
    outer loop
      vertex 2.44471 2.02044 10.4126
      vertex 1.5 0 9.87127
      vertex 2.52168 2.00513 10.4085
    endloop
  endfacet
  facet normal 0.000450959 -0.258996 0.965878
    outer loop
      vertex 2.37039 2.04567 10.4194
      vertex 1.5 0 9.87127
      vertex 2.44471 2.02044 10.4126
    endloop
  endfacet
  facet normal -4.77569e-06 -0.258815 0.965927
    outer loop
      vertex 2.3 2.08038 10.4287
      vertex 1.5 0 9.87127
      vertex 2.37039 2.04567 10.4194
    endloop
  endfacet
  facet normal 0.00017503 -0.258879 0.96591
    outer loop
      vertex 2.23474 2.12399 10.4404
      vertex 1.5 0 9.87127
      vertex 2.3 2.08038 10.4287
    endloop
  endfacet
  facet normal 0.000369378 -0.259012 0.965874
    outer loop
      vertex 1.11177 0.0511112 9.88496
      vertex 2.23474 2.12399 10.4404
      vertex 2.17574 2.17574 10.4543
    endloop
  endfacet
  facet normal -6.64316e-05 -0.258736 0.965948
    outer loop
      vertex 0.114181 0.925975 10.1194
      vertex 2.17574 2.17574 10.4543
      vertex 2.12399 2.23474 10.4701
    endloop
  endfacet
  facet normal 4.67282e-05 -0.258978 0.965883
    outer loop
      vertex 0 1.5 10.2732
      vertex 2.12399 2.23474 10.4701
      vertex 2.08038 2.3 10.4876
    endloop
  endfacet
  facet normal -0.000286248 -0.25817 0.966099
    outer loop
      vertex 0 1.5 10.2732
      vertex 2.08038 2.3 10.4876
      vertex 2.04567 2.37039 10.5064
    endloop
  endfacet
  facet normal -5.9198e-05 -0.258668 0.965966
    outer loop
      vertex 0 1.5 10.2732
      vertex 2.04567 2.37039 10.5064
      vertex 2.02044 2.44471 10.5263
    endloop
  endfacet
  facet normal 0.00042264 -0.25963 0.965708
    outer loop
      vertex 0 1.5 10.2732
      vertex 2.02044 2.44471 10.5263
      vertex 2.00513 2.52168 10.547
    endloop
  endfacet
  facet normal -0.000541213 -0.257865 0.966181
    outer loop
      vertex 0 1.5 10.2732
      vertex 2.00513 2.52168 10.547
      vertex 2 2.6 10.5679
    endloop
  endfacet
  facet normal -2.36453e-05 -0.258823 0.965925
    outer loop
      vertex 2 19.41 15.0722
      vertex 0 20.51 15.3669
      vertex 2 2.6 10.5679
    endloop
  endfacet
  facet normal 3.52385e-05 -0.258827 0.965924
    outer loop
      vertex 0.200961 21.26 15.5679
      vertex 2.17574 19.8343 15.1858
      vertex 0.30997 21.4231 15.6116
    endloop
  endfacet
  facet normal 2.09089e-05 -0.258818 0.965926
    outer loop
      vertex 0 1.5 10.2732
      vertex 2 2.6 10.5679
      vertex 0 20.51 15.3669
    endloop
  endfacet
  facet normal -8.90289e-05 -0.258988 0.965881
    outer loop
      vertex 0.114181 21.084 15.5207
      vertex 2.17574 19.8343 15.1858
      vertex 0.200961 21.26 15.5679
    endloop
  endfacet
  facet normal 5.17796e-05 -0.258992 0.96588
    outer loop
      vertex 2.12399 2.23474 10.4701
      vertex 0 1.5 10.2732
      vertex 0.0128326 1.30421 10.2207
    endloop
  endfacet
  facet normal 7.17575e-05 -0.25874 0.965947
    outer loop
      vertex 2.17574 19.8343 15.1858
      vertex 0.114181 21.084 15.5207
      vertex 2.12399 19.7753 15.17
    endloop
  endfacet
  facet normal 7.05893e-06 -0.258825 0.965924
    outer loop
      vertex 2.23474 2.12399 10.4404
      vertex 1.30421 0.0128326 9.87471
      vertex 1.5 0 9.87127
    endloop
  endfacet
  facet normal -2.79628e-05 -0.258883 0.965909
    outer loop
      vertex 0.0511112 20.8982 15.4709
      vertex 2.12399 19.7753 15.17
      vertex 0.114181 21.084 15.5207
    endloop
  endfacet
  facet normal -3.16035e-05 -0.258809 0.965928
    outer loop
      vertex 2.23474 2.12399 10.4404
      vertex 1.11177 0.0511112 9.88496
      vertex 1.30421 0.0128326 9.87471
    endloop
  endfacet
  facet normal 0.000139518 -0.258595 0.965986
    outer loop
      vertex 0.0128326 20.7058 15.4194
      vertex 2.12399 19.7753 15.17
      vertex 0.0511112 20.8982 15.4709
    endloop
  endfacet
  facet normal -4.04315e-06 -0.258837 0.965921
    outer loop
      vertex 2.17574 2.17574 10.4543
      vertex 0.925975 0.114181 9.90186
      vertex 1.11177 0.0511112 9.88496
    endloop
  endfacet
  facet normal -4.25365e-05 -0.25898 0.965883
    outer loop
      vertex 0 20.51 15.3669
      vertex 2.12399 19.7753 15.17
      vertex 0.0128326 20.7058 15.4194
    endloop
  endfacet
  facet normal 2.27914e-05 -0.258852 0.965917
    outer loop
      vertex 2.17574 2.17574 10.4543
      vertex 0.75 0.200961 9.92512
      vertex 0.925975 0.114181 9.90186
    endloop
  endfacet
  facet normal 1.81035e-06 -0.25886 0.965915
    outer loop
      vertex 2.12399 19.7753 15.17
      vertex 0 20.51 15.3669
      vertex 2.08038 19.71 15.1525
    endloop
  endfacet
  facet normal -4.22304e-06 -0.258834 0.965922
    outer loop
      vertex 2.17574 2.17574 10.4543
      vertex 0.586858 0.30997 9.95433
      vertex 0.75 0.200961 9.92512
    endloop
  endfacet
  facet normal 0.000298105 -0.258141 0.966107
    outer loop
      vertex 2.08038 19.71 15.1525
      vertex 0 20.51 15.3669
      vertex 2.04567 19.6396 15.1337
    endloop
  endfacet
  facet normal -2.71838e-05 -0.258816 0.965927
    outer loop
      vertex 2.17574 2.17574 10.4543
      vertex 0.43934 0.43934 9.98899
      vertex 0.586858 0.30997 9.95433
    endloop
  endfacet
  facet normal 3.2207e-05 -0.258725 0.965951
    outer loop
      vertex 2.04567 19.6396 15.1337
      vertex 0 20.51 15.3669
      vertex 2.02044 19.5653 15.1138
    endloop
  endfacet
  facet normal -7.32037e-05 -0.258773 0.965938
    outer loop
      vertex 2.17574 2.17574 10.4543
      vertex 0.30997 0.586858 10.0285
      vertex 0.43934 0.43934 9.98899
    endloop
  endfacet
  facet normal -0.0003782 -0.259543 0.965731
    outer loop
      vertex 2.02044 19.5653 15.1138
      vertex 0 20.51 15.3669
      vertex 2.00513 19.4883 15.0931
    endloop
  endfacet
  facet normal -6.4155e-05 -0.258783 0.965935
    outer loop
      vertex 2.17574 2.17574 10.4543
      vertex 0.200961 0.75 10.0722
      vertex 0.30997 0.586858 10.0285
    endloop
  endfacet
  facet normal 0.000506239 -0.257924 0.966165
    outer loop
      vertex 2.00513 19.4883 15.0931
      vertex 0 20.51 15.3669
      vertex 2 19.41 15.0722
    endloop
  endfacet
  facet normal 0.000112486 -0.259011 0.965874
    outer loop
      vertex 2.17574 2.17574 10.4543
      vertex 0.114181 0.925975 10.1194
      vertex 0.200961 0.75 10.0722
    endloop
  endfacet
  facet normal 3.85352e-05 -0.258886 0.965908
    outer loop
      vertex 2.12399 2.23474 10.4701
      vertex 0.0511112 1.11177 10.1692
      vertex 0.114181 0.925975 10.1194
    endloop
  endfacet
  facet normal -0.000157923 -0.258548 0.965998
    outer loop
      vertex 2.12399 2.23474 10.4701
      vertex 0.0128326 1.30421 10.2207
      vertex 0.0511112 1.11177 10.1692
    endloop
  endfacet
  facet normal 1.07827e-05 0.258823 -0.965925
    outer loop
      vertex 23.2458 0.0128326 8.32179
      vertex 23.3 0.886751 8.55596
      vertex 23.3 0.0236158 8.32468
    endloop
  endfacet
  facet normal 7.19468e-06 0.258823 -0.965925
    outer loop
      vertex 23.05 0 8.31835
      vertex 23.3 0.886751 8.55596
      vertex 23.2458 0.0128326 8.32179
    endloop
  endfacet
  facet normal 0 0.258825 -0.965924
    outer loop
      vertex 2.5 0.886751 8.55596
      vertex 23.05 0 8.31835
      vertex 2.5 0 8.31835
    endloop
  endfacet
  facet normal 0 0.258825 -0.965924
    outer loop
      vertex 23.05 0 8.31835
      vertex 2.5 0.886751 8.55596
      vertex 23.3 0.886751 8.55596
    endloop
  endfacet
  facet normal -1 0 0
    outer loop
      vertex 23.3 0.0236158 7.14078
      vertex 23.3 1.22322 7.30026
      vertex 23.3 0.064105 6.98967
    endloop
  endfacet
  facet normal -1 0 0
    outer loop
      vertex 23.3 0.0236158 8.32468
      vertex 23.3 1.22322 7.30026
      vertex 23.3 0.0236158 7.14078
    endloop
  endfacet
  facet normal -1 0 0
    outer loop
      vertex 23.3 1.22322 7.30026
      vertex 23.3 0.0236158 8.32468
      vertex 23.3 0.886751 8.55596
    endloop
  endfacet
  facet normal 1.19099e-05 0.965925 0.258824
    outer loop
      vertex 23.3 0.064105 6.98967
      vertex 23.05 0 7.22892
      vertex 23.2458 0.0128326 7.18102
    endloop
  endfacet
  facet normal -1.93351e-05 0.965927 0.258815
    outer loop
      vertex 23.3 0.064105 6.98967
      vertex 23.2458 0.0128326 7.18102
      vertex 23.3 0.0236158 7.14078
    endloop
  endfacet
  facet normal 0 0.965928 0.258812
    outer loop
      vertex 23.05 0 7.22892
      vertex 23.3 0.064105 6.98967
      vertex 2.5 0.064105 6.98967
    endloop
  endfacet
  facet normal 0 0.965928 0.258812
    outer loop
      vertex 23.05 0 7.22892
      vertex 2.5 0.064105 6.98967
      vertex 2.5 0 7.22892
    endloop
  endfacet
  facet normal 0 -0.965925 -0.258823
    outer loop
      vertex 2.5 1.22322 7.30026
      vertex 23.3 0.886751 8.55596
      vertex 2.5 0.886751 8.55596
    endloop
  endfacet
  facet normal 0 -0.965925 -0.258823
    outer loop
      vertex 23.3 0.886751 8.55596
      vertex 2.5 1.22322 7.30026
      vertex 23.3 1.22322 7.30026
    endloop
  endfacet
  facet normal 0 -0.258824 0.965925
    outer loop
      vertex 2.5 1.22322 7.30026
      vertex 23.3 0.064105 6.98967
      vertex 23.3 1.22322 7.30026
    endloop
  endfacet
  facet normal 0 -0.258824 0.965925
    outer loop
      vertex 23.3 0.064105 6.98967
      vertex 2.5 1.22322 7.30026
      vertex 2.5 0.064105 6.98967
    endloop
  endfacet
  facet normal 0 0.258778 -0.965937
    outer loop
      vertex 22.55 19.41 13.5192
      vertex 23.3 18.2831 13.2173
      vertex 22.55 18.2831 13.2173
    endloop
  endfacet
  facet normal 9.2056e-05 0.258835 -0.965922
    outer loop
      vertex 23.3 18.2831 13.2173
      vertex 22.55 19.41 13.5192
      vertex 23.3 19.4422 13.5279
    endloop
  endfacet
  facet normal 0 0.260834 -0.965384
    outer loop
      vertex 23.3 19.4422 13.5279
      vertex 22.55 19.41 13.5192
      vertex 22.5479 19.4422 13.5279
    endloop
  endfacet
  facet normal 0 0.258778 -0.965937
    outer loop
      vertex 2 18.2831 13.2173
      vertex 0 18.2831 13.2173
      vertex 2 19.41 13.5192
    endloop
  endfacet
  facet normal -3.4521e-05 0.258835 -0.965922
    outer loop
      vertex 0 19.4422 13.5279
      vertex 2 19.41 13.5192
      vertex 0 18.2831 13.2173
    endloop
  endfacet
  facet normal 0 0.260834 -0.965384
    outer loop
      vertex 2 19.41 13.5192
      vertex 0 19.4422 13.5279
      vertex 2.00211 19.4422 13.5279
    endloop
  endfacet
  facet normal -1 0 0
    outer loop
      vertex 23.3 18.6195 11.9616
      vertex 23.3 19.4422 13.5279
      vertex 23.3 19.7787 12.2722
    endloop
  endfacet
  facet normal -1 0 0
    outer loop
      vertex 23.3 19.4422 13.5279
      vertex 23.3 18.6195 11.9616
      vertex 23.3 18.2831 13.2173
    endloop
  endfacet
  facet normal 0 -0.965983 -0.258605
    outer loop
      vertex 22.5449 19.4883 13.3557
      vertex 23.3 19.4422 13.5279
      vertex 22.5479 19.4422 13.5279
    endloop
  endfacet
  facet normal 6.70215e-05 -0.96591 -0.258879
    outer loop
      vertex 22.5296 19.5653 13.0684
      vertex 23.3 19.4422 13.5279
      vertex 22.5449 19.4883 13.3557
    endloop
  endfacet
  facet normal 7.50344e-05 -0.965926 -0.258818
    outer loop
      vertex 23.3 19.7787 12.2722
      vertex 22.5296 19.5653 13.0684
      vertex 22.5043 19.6396 12.7911
    endloop
  endfacet
  facet normal 4.68415e-05 -0.965915 -0.258858
    outer loop
      vertex 23.3 19.7787 12.2722
      vertex 22.5043 19.6396 12.7911
      vertex 22.4696 19.71 12.5284
    endloop
  endfacet
  facet normal 2.47068e-05 -0.965897 -0.258925
    outer loop
      vertex 23.3 19.7787 12.2722
      vertex 22.4696 19.71 12.5284
      vertex 22.426 19.7753 12.2848
    endloop
  endfacet
  facet normal -0 -0.965468 -0.260523
    outer loop
      vertex 23.3 19.7787 12.2722
      vertex 22.426 19.7753 12.2848
      vertex 22.423 19.7787 12.2722
    endloop
  endfacet
  facet normal 4.50114e-05 -0.965919 -0.258845
    outer loop
      vertex 22.5296 19.5653 13.0684
      vertex 23.3 19.7787 12.2722
      vertex 23.3 19.4422 13.5279
    endloop
  endfacet
  facet normal -1.19324e-05 -0.258814 0.965927
    outer loop
      vertex 23.3 19.7787 12.2722
      vertex 22.55 19.41 12.1734
      vertex 23.3 18.6195 11.9616
    endloop
  endfacet
  facet normal 0.00010614 -0.259038 0.965867
    outer loop
      vertex 23.3 19.7787 12.2722
      vertex 22.5449 19.4883 12.1944
      vertex 22.55 19.41 12.1734
    endloop
  endfacet
  facet normal -0.000129038 -0.258467 0.96602
    outer loop
      vertex 23.3 19.7787 12.2722
      vertex 22.5296 19.5653 12.215
      vertex 22.5449 19.4883 12.1944
    endloop
  endfacet
  facet normal -5.08884e-05 -0.258731 0.96595
    outer loop
      vertex 23.3 19.7787 12.2722
      vertex 22.5043 19.6396 12.2349
      vertex 22.5296 19.5653 12.215
    endloop
  endfacet
  facet normal 4.87316e-05 -0.259262 0.965807
    outer loop
      vertex 23.3 19.7787 12.2722
      vertex 22.4696 19.71 12.2538
      vertex 22.5043 19.6396 12.2349
    endloop
  endfacet
  facet normal 1.23229e-05 -0.258852 0.965917
    outer loop
      vertex 23.3 19.7787 12.2722
      vertex 22.426 19.7753 12.2713
      vertex 22.4696 19.71 12.2538
    endloop
  endfacet
  facet normal 0 -0.255893 0.966705
    outer loop
      vertex 22.426 19.7753 12.2713
      vertex 23.3 19.7787 12.2722
      vertex 22.423 19.7787 12.2722
    endloop
  endfacet
  facet normal 0 -0.258803 0.96593
    outer loop
      vertex 23.3 18.6195 11.9616
      vertex 22.55 19.41 12.1734
      vertex 22.55 18.6195 11.9616
    endloop
  endfacet
  facet normal 0 -0.255893 0.966705
    outer loop
      vertex 0 19.7787 12.2722
      vertex 2.12399 19.7753 12.2713
      vertex 2.12696 19.7787 12.2722
    endloop
  endfacet
  facet normal -5.07847e-06 -0.258856 0.965916
    outer loop
      vertex 0 19.7787 12.2722
      vertex 2.08038 19.71 12.2538
      vertex 2.12399 19.7753 12.2713
    endloop
  endfacet
  facet normal -1.99204e-05 -0.259275 0.965803
    outer loop
      vertex 0 19.7787 12.2722
      vertex 2.04567 19.6396 12.2349
      vertex 2.08038 19.71 12.2538
    endloop
  endfacet
  facet normal 2.04989e-05 -0.258721 0.965952
    outer loop
      vertex 0 19.7787 12.2722
      vertex 2.02044 19.5653 12.215
      vertex 2.04567 19.6396 12.2349
    endloop
  endfacet
  facet normal 5.0843e-05 -0.258453 0.966024
    outer loop
      vertex 0 19.7787 12.2722
      vertex 2.00513 19.4883 12.1944
      vertex 2.02044 19.5653 12.215
    endloop
  endfacet
  facet normal -4.05869e-05 -0.259042 0.965866
    outer loop
      vertex 0 19.7787 12.2722
      vertex 2 19.41 12.1734
      vertex 2.00513 19.4883 12.1944
    endloop
  endfacet
  facet normal 4.47466e-06 -0.258814 0.965927
    outer loop
      vertex 0 18.6195 11.9616
      vertex 2 19.41 12.1734
      vertex 0 19.7787 12.2722
    endloop
  endfacet
  facet normal 0 -0.258803 0.96593
    outer loop
      vertex 2 19.41 12.1734
      vertex 0 18.6195 11.9616
      vertex 2 18.6195 11.9616
    endloop
  endfacet
  facet normal 0 0.965938 0.258773
    outer loop
      vertex 23.3 18.6195 11.9616
      vertex 22.55 18.2831 13.2173
      vertex 23.3 18.2831 13.2173
    endloop
  endfacet
  facet normal 0 0.965938 0.258773
    outer loop
      vertex 22.55 18.2831 13.2173
      vertex 23.3 18.6195 11.9616
      vertex 22.55 18.6195 11.9616
    endloop
  endfacet
  facet normal -1 0 0
    outer loop
      vertex 2.5 20.0006 13.3759
      vertex 2.5 20.2616 12.4016
      vertex 2.5 20.0006 12.3316
    endloop
  endfacet
  facet normal -1 0 0
    outer loop
      vertex 2.5 0.886751 8.55596
      vertex 2.5 2.00945 7.51092
      vertex 2.5 1.22322 7.30026
    endloop
  endfacet
  facet normal -1 0 0
    outer loop
      vertex 2.5 2.00945 7.51092
      vertex 2.5 0.064105 6.98967
      vertex 2.5 1.22322 7.30026
    endloop
  endfacet
  facet normal 1 0 0
    outer loop
      vertex 2.5 0 6.9725
      vertex 2.5 0.064105 6.98967
      vertex 2.5 2.00945 7.51092
    endloop
  endfacet
  facet normal -1 -0 0
    outer loop
      vertex 2.5 0.064105 6.98967
      vertex 2.5 0 6.9725
      vertex 2.5 0 7.22892
    endloop
  endfacet
  facet normal -1 0 0
    outer loop
      vertex 2.5 2.00945 7.51092
      vertex 2.5 0.886751 8.55596
      vertex 2.5 2.00945 8.85678
    endloop
  endfacet
  facet normal 1 -0 0
    outer loop
      vertex 2.5 0.886751 8.55596
      vertex 2.5 0 8.31835
      vertex 2.5 2.00945 8.85678
    endloop
  endfacet
  facet normal -9.15635e-05 0.258819 -0.965926
    outer loop
      vertex 2.5 0 8.31835
      vertex 2.44471 2.02044 8.85973
      vertex 2.5 2.00945 8.85678
    endloop
  endfacet
  facet normal 5.4736e-06 0.258821 -0.965925
    outer loop
      vertex 2.5 0 8.31835
      vertex 2.37039 2.04567 8.86649
      vertex 2.44471 2.02044 8.85973
    endloop
  endfacet
  facet normal 0 0.258821 -0.965925
    outer loop
      vertex 1.5 0 8.31835
      vertex 2.37039 2.04567 8.86649
      vertex 2.5 0 8.31835
    endloop
  endfacet
  facet normal 6.70026e-06 0.258818 -0.965926
    outer loop
      vertex 2.37039 2.04567 8.86649
      vertex 1.5 0 8.31835
      vertex 2.3 2.08038 8.87579
    endloop
  endfacet
  facet normal -5.48115e-05 0.25884 -0.96592
    outer loop
      vertex 2.3 2.08038 8.87579
      vertex 1.5 0 8.31835
      vertex 2.23474 2.12399 8.88748
    endloop
  endfacet
  facet normal -7.05893e-06 0.258825 -0.965924
    outer loop
      vertex 1.30421 0.0128326 8.32179
      vertex 2.23474 2.12399 8.88748
      vertex 1.5 0 8.31835
    endloop
  endfacet
  facet normal -1.45442e-05 0.258828 -0.965923
    outer loop
      vertex 1.11177 0.0511112 8.33205
      vertex 2.23474 2.12399 8.88748
      vertex 1.30421 0.0128326 8.32179
    endloop
  endfacet
  facet normal 7.17562e-05 0.258784 -0.965935
    outer loop
      vertex 2.23474 2.12399 8.88748
      vertex 1.11177 0.0511112 8.33205
      vertex 2.17574 2.17574 8.90134
    endloop
  endfacet
  facet normal -2.55212e-06 0.258819 -0.965926
    outer loop
      vertex 0.925975 0.114181 8.34895
      vertex 2.17574 2.17574 8.90134
      vertex 1.11177 0.0511112 8.33205
    endloop
  endfacet
  facet normal 1.05716e-05 0.258812 -0.965928
    outer loop
      vertex 0.75 0.200961 8.3722
      vertex 2.17574 2.17574 8.90134
      vertex 0.925975 0.114181 8.34895
    endloop
  endfacet
  facet normal -4.5958e-06 0.258822 -0.965925
    outer loop
      vertex 0.586858 0.30997 8.40141
      vertex 2.17574 2.17574 8.90134
      vertex 0.75 0.200961 8.3722
    endloop
  endfacet
  facet normal -2.06967e-05 0.258835 -0.965922
    outer loop
      vertex 0.43934 0.43934 8.43608
      vertex 2.17574 2.17574 8.90134
      vertex 0.586858 0.30997 8.40141
    endloop
  endfacet
  facet normal 2.34993e-05 0.258793 -0.965933
    outer loop
      vertex 0.30997 0.586858 8.4756
      vertex 2.17574 2.17574 8.90134
      vertex 0.43934 0.43934 8.43608
    endloop
  endfacet
  facet normal -1.99134e-05 0.258841 -0.96592
    outer loop
      vertex 0.200961 0.75 8.51932
      vertex 2.17574 2.17574 8.90134
      vertex 0.30997 0.586858 8.4756
    endloop
  endfacet
  facet normal 4.77289e-06 0.258809 -0.965928
    outer loop
      vertex 0.114181 0.925975 8.56647
      vertex 2.17574 2.17574 8.90134
      vertex 0.200961 0.75 8.51932
    endloop
  endfacet
  facet normal -7.54174e-06 0.258828 -0.965923
    outer loop
      vertex 2.17574 2.17574 8.90134
      vertex 0.114181 0.925975 8.56647
      vertex 2.12399 2.23474 8.91715
    endloop
  endfacet
  facet normal 9.04354e-06 0.258804 -0.96593
    outer loop
      vertex 0.0511112 1.11177 8.61625
      vertex 2.12399 2.23474 8.91715
      vertex 0.114181 0.925975 8.56647
    endloop
  endfacet
  facet normal -1.39173e-05 0.258844 -0.965919
    outer loop
      vertex 0.0128326 1.30421 8.66782
      vertex 2.12399 2.23474 8.91715
      vertex 0.0511112 1.11177 8.61625
    endloop
  endfacet
  facet normal 1.62826e-06 0.258811 -0.965928
    outer loop
      vertex 0 1.5 8.72028
      vertex 2.12399 2.23474 8.91715
      vertex 0.0128326 1.30421 8.66782
    endloop
  endfacet
  facet normal -1.62241e-05 0.258859 -0.965915
    outer loop
      vertex 2.12399 2.23474 8.91715
      vertex 0 1.5 8.72028
      vertex 2.08038 2.3 8.93464
    endloop
  endfacet
  facet normal 4.43802e-06 0.258809 -0.965929
    outer loop
      vertex 2.08038 2.3 8.93464
      vertex 0 1.5 8.72028
      vertex 2.04567 2.37039 8.9535
    endloop
  endfacet
  facet normal 1.91279e-05 0.258777 -0.965937
    outer loop
      vertex 2.04567 2.37039 8.9535
      vertex 0 1.5 8.72028
      vertex 2.02044 2.44471 8.97341
    endloop
  endfacet
  facet normal -3.38182e-05 0.258882 -0.965909
    outer loop
      vertex 2.02044 2.44471 8.97341
      vertex 0 1.5 8.72028
      vertex 2.00513 2.52168 8.99404
    endloop
  endfacet
  facet normal 3.59323e-05 0.258755 -0.965943
    outer loop
      vertex 2.00513 2.52168 8.99404
      vertex 0 1.5 8.72028
      vertex 2 2.6 9.01502
    endloop
  endfacet
  facet normal -2.0462e-06 0.258819 -0.965926
    outer loop
      vertex 0 18.2831 13.2173
      vertex 2 2.6 9.01502
      vertex 0 1.5 8.72028
    endloop
  endfacet
  facet normal 0 0.258819 -0.965926
    outer loop
      vertex 2 2.6 9.01502
      vertex 0 18.2831 13.2173
      vertex 2 18.2831 13.2173
    endloop
  endfacet
  facet normal 0 0.257793 -0.9662
    outer loop
      vertex 0 19.4422 13.5279
      vertex 2.00513 19.4883 13.5402
      vertex 2.00211 19.4422 13.5279
    endloop
  endfacet
  facet normal -2.56076e-05 0.258833 -0.965922
    outer loop
      vertex 0 19.9251 13.6573
      vertex 2.00513 19.4883 13.5402
      vertex 0 19.4422 13.5279
    endloop
  endfacet
  facet normal 0.00015024 0.259586 -0.96572
    outer loop
      vertex 2.00513 19.4883 13.5402
      vertex 0 19.9251 13.6573
      vertex 2.02044 19.5653 13.5609
    endloop
  endfacet
  facet normal -1.51692e-05 0.258719 -0.965953
    outer loop
      vertex 2.02044 19.5653 13.5609
      vertex 0 19.9251 13.6573
      vertex 2.04567 19.6396 13.5808
    endloop
  endfacet
  facet normal -0.000114235 0.258057 -0.96613
    outer loop
      vertex 2.04567 19.6396 13.5808
      vertex 0 19.9251 13.6573
      vertex 2.08038 19.71 13.5996
    endloop
  endfacet
  facet normal -2.36773e-05 0.258874 -0.965911
    outer loop
      vertex 2.08038 19.71 13.5996
      vertex 0 19.9251 13.6573
      vertex 2.12399 19.7753 13.6171
    endloop
  endfacet
  facet normal -3.60053e-05 0.258711 -0.965955
    outer loop
      vertex 2.12399 19.7753 13.6171
      vertex 0 19.9251 13.6573
      vertex 2.17574 19.8343 13.6329
    endloop
  endfacet
  facet normal 5.24471e-06 0.259633 -0.965707
    outer loop
      vertex 2.17574 19.8343 13.6329
      vertex 0 19.9251 13.6573
      vertex 2.23474 19.886 13.6468
    endloop
  endfacet
  facet normal 0 0.259353 -0.965782
    outer loop
      vertex 2.23474 19.886 13.6468
      vertex 0 19.9251 13.6573
      vertex 2.29332 19.9251 13.6573
    endloop
  endfacet
  facet normal 0 -0.96556 -0.260181
    outer loop
      vertex 0 19.9251 13.6573
      vertex 2.3 19.9296 13.6406
      vertex 2.29332 19.9251 13.6573
    endloop
  endfacet
  facet normal 1.04013e-05 -0.965919 -0.258845
    outer loop
      vertex 0 20.2616 12.4016
      vertex 2.3 19.9296 13.6406
      vertex 0 19.9251 13.6573
    endloop
  endfacet
  facet normal -1.75594e-06 -0.965925 -0.258824
    outer loop
      vertex 2.3 19.9296 13.6406
      vertex 0 20.2616 12.4016
      vertex 2.37039 19.9643 13.5111
    endloop
  endfacet
  facet normal -0 -0.965924 -0.258827
    outer loop
      vertex 2.5 20.2616 12.4016
      vertex 2.37039 19.9643 13.5111
      vertex 0 20.2616 12.4016
    endloop
  endfacet
  facet normal 0.000889514 -0.965949 -0.25873
    outer loop
      vertex 2.37039 19.9643 13.5111
      vertex 2.5 20.2616 12.4016
      vertex 2.44471 19.9896 13.4169
    endloop
  endfacet
  facet normal 0.00029228 -0.965941 -0.258761
    outer loop
      vertex 2.44471 19.9896 13.4169
      vertex 2.5 20.2616 12.4016
      vertex 2.5 20.0006 13.3759
    endloop
  endfacet
  facet normal 0.0008768 -0.259044 0.965865
    outer loop
      vertex 2.5 20.2616 12.4016
      vertex 2.44471 19.9896 12.3287
      vertex 2.5 20.0006 12.3316
    endloop
  endfacet
  facet normal -0.00026848 -0.258827 0.965924
    outer loop
      vertex 2.5 20.2616 12.4016
      vertex 2.37039 19.9643 12.3219
      vertex 2.44471 19.9896 12.3287
    endloop
  endfacet
  facet normal 4.1153e-05 -0.258953 0.96589
    outer loop
      vertex 2.5 20.2616 12.4016
      vertex 2.3 19.9296 12.3126
      vertex 2.37039 19.9643 12.3219
    endloop
  endfacet
  facet normal -0.000298445 -0.258762 0.965941
    outer loop
      vertex 2.5 20.2616 12.4016
      vertex 2.23474 19.886 12.3009
      vertex 2.3 19.9296 12.3126
    endloop
  endfacet
  facet normal 0.00261859 -0.260683 0.965421
    outer loop
      vertex 2.5 20.2616 12.4016
      vertex 2.17574 19.8343 12.2871
      vertex 2.23474 19.886 12.3009
    endloop
  endfacet
  facet normal 0 -0.25883 0.965923
    outer loop
      vertex 0 20.2616 12.4016
      vertex 2.17574 19.8343 12.2871
      vertex 2.5 20.2616 12.4016
    endloop
  endfacet
  facet normal -3.88234e-06 -0.258849 0.965918
    outer loop
      vertex 2.17574 19.8343 12.2871
      vertex 0 20.2616 12.4016
      vertex 2.12696 19.7787 12.2722
    endloop
  endfacet
  facet normal 0 -0.258833 0.965922
    outer loop
      vertex 2.12696 19.7787 12.2722
      vertex 0 20.2616 12.4016
      vertex 0 19.7787 12.2722
    endloop
  endfacet
  facet normal 0 -0.258821 0.965925
    outer loop
      vertex 0 18.6195 11.9616
      vertex 2 2.6 7.66916
      vertex 2 18.6195 11.9616
    endloop
  endfacet
  facet normal -2.7252e-06 -0.258811 0.965928
    outer loop
      vertex 0.0128326 1.30421 7.32196
      vertex 2 2.6 7.66916
      vertex 0 1.5 7.37442
    endloop
  endfacet
  facet normal -4.11487e-05 -0.258809 0.965929
    outer loop
      vertex 2 2.6 7.66916
      vertex 1.30421 0.0128326 6.97593
      vertex 1.5 0 6.9725
    endloop
  endfacet
  facet normal 1.55865e-05 -0.258823 0.965925
    outer loop
      vertex 2 2.6 7.66916
      vertex 1.11177 0.0511112 6.98619
      vertex 1.30421 0.0128326 6.97593
    endloop
  endfacet
  facet normal 2.62536e-06 -0.258819 0.965926
    outer loop
      vertex 2 2.6 7.66916
      vertex 0.925975 0.114181 7.00309
      vertex 1.11177 0.0511112 6.98619
    endloop
  endfacet
  facet normal -1.14002e-05 -0.258813 0.965927
    outer loop
      vertex 2 2.6 7.66916
      vertex 0.75 0.200961 7.02634
      vertex 0.925975 0.114181 7.00309
    endloop
  endfacet
  facet normal 5.05952e-06 -0.258821 0.965925
    outer loop
      vertex 2 2.6 7.66916
      vertex 0.586858 0.30997 7.05555
      vertex 0.75 0.200961 7.02634
    endloop
  endfacet
  facet normal 2.3403e-05 -0.258832 0.965922
    outer loop
      vertex 2 2.6 7.66916
      vertex 0.43934 0.43934 7.09022
      vertex 0.586858 0.30997 7.05555
    endloop
  endfacet
  facet normal -2.80214e-05 -0.258797 0.965932
    outer loop
      vertex 2 2.6 7.66916
      vertex 0.30997 0.586858 7.12974
      vertex 0.43934 0.43934 7.09022
    endloop
  endfacet
  facet normal 2.44045e-05 -0.258838 0.965921
    outer loop
      vertex 2 2.6 7.66916
      vertex 0.200961 0.75 7.17346
      vertex 0.30997 0.586858 7.12974
    endloop
  endfacet
  facet normal -6.6959e-06 -0.25881 0.965928
    outer loop
      vertex 2 2.6 7.66916
      vertex 0.114181 0.925975 7.22061
      vertex 0.200961 0.75 7.17346
    endloop
  endfacet
  facet normal -1.14032e-05 -0.258805 0.96593
    outer loop
      vertex 2 2.6 7.66916
      vertex 0.0511112 1.11177 7.27039
      vertex 0.114181 0.925975 7.22061
    endloop
  endfacet
  facet normal 2.72436e-06 -0.25882 0.965925
    outer loop
      vertex 2 2.6 7.66916
      vertex 0 18.6195 11.9616
      vertex 0 1.5 7.37442
    endloop
  endfacet
  facet normal 1.95019e-05 -0.258843 0.965919
    outer loop
      vertex 2 2.6 7.66916
      vertex 0.0128326 1.30421 7.32196
      vertex 0.0511112 1.11177 7.27039
    endloop
  endfacet
  facet normal 9.25191e-05 -0.258814 0.965927
    outer loop
      vertex 2.44471 2.02044 7.51387
      vertex 2.5 0 6.9725
      vertex 2.5 2.00945 7.51092
    endloop
  endfacet
  facet normal -3.83542e-06 -0.258817 0.965926
    outer loop
      vertex 2.37039 2.04567 7.52063
      vertex 2.5 0 6.9725
      vertex 2.44471 2.02044 7.51387
    endloop
  endfacet
  facet normal -4.77569e-06 -0.258815 0.965927
    outer loop
      vertex 1.5 0 6.9725
      vertex 2.37039 2.04567 7.52063
      vertex 2.3 2.08038 7.52993
    endloop
  endfacet
  facet normal 5.72799e-05 -0.258837 0.965921
    outer loop
      vertex 1.5 0 6.9725
      vertex 2.3 2.08038 7.52993
      vertex 2.23474 2.12399 7.54162
    endloop
  endfacet
  facet normal -7.95901e-05 -0.258793 0.965933
    outer loop
      vertex 1.5 0 6.9725
      vertex 2.23474 2.12399 7.54162
      vertex 2.17574 2.17574 7.55548
    endloop
  endfacet
  facet normal 1.66585e-05 -0.258821 0.965925
    outer loop
      vertex 1.5 0 6.9725
      vertex 2.17574 2.17574 7.55548
      vertex 2.12399 2.23474 7.57129
    endloop
  endfacet
  facet normal 5.98881e-05 -0.258832 0.965922
    outer loop
      vertex 1.5 0 6.9725
      vertex 2.12399 2.23474 7.57129
      vertex 2.08038 2.3 7.58878
    endloop
  endfacet
  facet normal -1.56007e-05 -0.258814 0.965927
    outer loop
      vertex 1.5 0 6.9725
      vertex 2.08038 2.3 7.58878
      vertex 2.04567 2.37039 7.60764
    endloop
  endfacet
  facet normal -8.79692e-05 -0.258799 0.965931
    outer loop
      vertex 1.5 0 6.9725
      vertex 2.04567 2.37039 7.60764
      vertex 2.02044 2.44471 7.62755
    endloop
  endfacet
  facet normal 0.000189088 -0.258854 0.965917
    outer loop
      vertex 1.5 0 6.9725
      vertex 2.02044 2.44471 7.62755
      vertex 2.00513 2.52168 7.64818
    endloop
  endfacet
  facet normal 0 -0.258817 0.965926
    outer loop
      vertex 2.37039 2.04567 7.52063
      vertex 1.5 0 6.9725
      vertex 2.5 0 6.9725
    endloop
  endfacet
  facet normal -0.00026516 -0.258769 0.965939
    outer loop
      vertex 1.5 0 6.9725
      vertex 2.00513 2.52168 7.64818
      vertex 2 2.6 7.66916
    endloop
  endfacet
  facet normal 0.997859 0 -0.0653969
    outer loop
      vertex 8.78997 0 3.97842
      vertex 8.775 2 3.75
      vertex 8.78997 2 3.97842
    endloop
  endfacet
  facet normal 0.997859 0 -0.0653969
    outer loop
      vertex 8.775 2 3.75
      vertex 8.78997 0 3.97842
      vertex 8.775 0 3.75
    endloop
  endfacet
  facet normal 0.997859 -0 0.0653969
    outer loop
      vertex 8.775 0 3.75
      vertex 8.78997 2 3.52158
      vertex 8.775 2 3.75
    endloop
  endfacet
  facet normal 0.997859 0 0.0653969
    outer loop
      vertex 8.78997 2 3.52158
      vertex 8.775 0 3.75
      vertex 8.78997 0 3.52158
    endloop
  endfacet
  facet normal -0.980834 0 0.194847
    outer loop
      vertex 15.7154 0 3.29707
      vertex 15.76 2 3.52158
      vertex 15.7154 2 3.29707
    endloop
  endfacet
  facet normal -0.980834 0 0.194847
    outer loop
      vertex 15.76 2 3.52158
      vertex 15.7154 0 3.29707
      vertex 15.76 0 3.52158
    endloop
  endfacet
  facet normal 0.195108 0 -0.980782
    outer loop
      vertex 10.0721 0 5.44037
      vertex 10.2966 2 5.48503
      vertex 10.2966 0 5.48503
    endloop
  endfacet
  facet normal 0.195108 0 -0.980782
    outer loop
      vertex 10.2966 2 5.48503
      vertex 10.0721 0 5.44037
      vertex 10.0721 2 5.44037
    endloop
  endfacet
  facet normal 0 0 -1
    outer loop
      vertex 10.525 0 5.5
      vertex 14.025 2 5.5
      vertex 14.025 0 5.5
    endloop
  endfacet
  facet normal -0 0 -1
    outer loop
      vertex 14.025 2 5.5
      vertex 10.525 0 5.5
      vertex 10.525 2 5.5
    endloop
  endfacet
  facet normal 0.321386 0 -0.946948
    outer loop
      vertex 9.8553 0 5.36679
      vertex 10.0721 2 5.44037
      vertex 10.0721 0 5.44037
    endloop
  endfacet
  facet normal 0.321386 0 -0.946948
    outer loop
      vertex 10.0721 2 5.44037
      vertex 9.8553 0 5.36679
      vertex 9.8553 2 5.36679
    endloop
  endfacet
  facet normal -0.83162 0 0.555345
    outer loop
      vertex 15.4134 0 2.68467
      vertex 15.5405 2 2.875
      vertex 15.4134 2 2.68467
    endloop
  endfacet
  facet normal -0.83162 0 0.555345
    outer loop
      vertex 15.5405 2 2.875
      vertex 15.4134 0 2.68467
      vertex 15.5405 0 2.875
    endloop
  endfacet
  facet normal -0.751702 0 -0.659503
    outer loop
      vertex 15.4134 0 4.81533
      vertex 15.2624 2 4.98744
      vertex 15.4134 2 4.81533
    endloop
  endfacet
  facet normal -0.751702 -0 -0.659503
    outer loop
      vertex 15.2624 2 4.98744
      vertex 15.4134 0 4.81533
      vertex 15.2624 0 4.98744
    endloop
  endfacet
  facet normal -0.0654026 0 -0.997859
    outer loop
      vertex 14.025 0 5.5
      vertex 14.2534 2 5.48503
      vertex 14.2534 0 5.48503
    endloop
  endfacet
  facet normal -0.0654026 0 -0.997859
    outer loop
      vertex 14.2534 2 5.48503
      vertex 14.025 0 5.5
      vertex 14.025 2 5.5
    endloop
  endfacet
  facet normal -0.980834 0 -0.194847
    outer loop
      vertex 15.76 0 3.97842
      vertex 15.7154 2 4.20293
      vertex 15.76 2 3.97842
    endloop
  endfacet
  facet normal -0.980834 -0 -0.194847
    outer loop
      vertex 15.7154 2 4.20293
      vertex 15.76 0 3.97842
      vertex 15.7154 0 4.20293
    endloop
  endfacet
  facet normal -0.997851 0 0.0655274
    outer loop
      vertex 15.76 0 3.52158
      vertex 15.775 2 3.75
      vertex 15.76 2 3.52158
    endloop
  endfacet
  facet normal -0.997851 0 0.0655274
    outer loop
      vertex 15.775 2 3.75
      vertex 15.76 0 3.52158
      vertex 15.775 0 3.75
    endloop
  endfacet
  facet normal 0.0654026 0 -0.997859
    outer loop
      vertex 10.2966 0 5.48503
      vertex 10.525 2 5.5
      vertex 10.525 0 5.5
    endloop
  endfacet
  facet normal 0.0654026 0 -0.997859
    outer loop
      vertex 10.525 2 5.5
      vertex 10.2966 0 5.48503
      vertex 10.2966 2 5.48503
    endloop
  endfacet
  facet normal 0.555557 0 -0.831479
    outer loop
      vertex 9.45967 0 5.13837
      vertex 9.65 2 5.26554
      vertex 9.65 0 5.26554
    endloop
  endfacet
  facet normal 0.555557 0 -0.831479
    outer loop
      vertex 9.65 2 5.26554
      vertex 9.45967 0 5.13837
      vertex 9.45967 2 5.13837
    endloop
  endfacet
  facet normal 0.751854 0 -0.65933
    outer loop
      vertex 9.28756 0 4.98744
      vertex 9.13663 2 4.81533
      vertex 9.28756 2 4.98744
    endloop
  endfacet
  facet normal 0.751854 0 -0.65933
    outer loop
      vertex 9.13663 2 4.81533
      vertex 9.28756 0 4.98744
      vertex 9.13663 0 4.81533
    endloop
  endfacet
  facet normal 0.442314 0 -0.89686
    outer loop
      vertex 9.65 0 5.26554
      vertex 9.8553 2 5.36679
      vertex 9.8553 0 5.36679
    endloop
  endfacet
  facet normal 0.442314 0 -0.89686
    outer loop
      vertex 9.8553 2 5.36679
      vertex 9.65 0 5.26554
      vertex 9.65 2 5.26554
    endloop
  endfacet
  facet normal 0.831458 0 -0.555587
    outer loop
      vertex 9.13663 0 4.81533
      vertex 9.00945 2 4.625
      vertex 9.13663 2 4.81533
    endloop
  endfacet
  facet normal 0.831458 0 -0.555587
    outer loop
      vertex 9.00945 2 4.625
      vertex 9.13663 0 4.81533
      vertex 9.00945 0 4.625
    endloop
  endfacet
  facet normal 0.980783 0 -0.1951
    outer loop
      vertex 8.83463 0 4.20293
      vertex 8.78997 2 3.97842
      vertex 8.83463 2 4.20293
    endloop
  endfacet
  facet normal 0.980783 0 -0.1951
    outer loop
      vertex 8.78997 2 3.97842
      vertex 8.83463 0 4.20293
      vertex 8.78997 0 3.97842
    endloop
  endfacet
  facet normal 0.946935 -0 0.321426
    outer loop
      vertex 8.83463 0 3.29707
      vertex 8.90821 2 3.0803
      vertex 8.83463 2 3.29707
    endloop
  endfacet
  facet normal 0.946935 0 0.321426
    outer loop
      vertex 8.90821 2 3.0803
      vertex 8.83463 0 3.29707
      vertex 8.90821 0 3.0803
    endloop
  endfacet
  facet normal 0.751854 -0 0.65933
    outer loop
      vertex 9.13663 0 2.68467
      vertex 9.28756 2 2.51256
      vertex 9.13663 2 2.68467
    endloop
  endfacet
  facet normal 0.751854 0 0.65933
    outer loop
      vertex 9.28756 2 2.51256
      vertex 9.13663 0 2.68467
      vertex 9.28756 0 2.51256
    endloop
  endfacet
  facet normal 0.195108 0 0.980782
    outer loop
      vertex 10.0721 2 2.05963
      vertex 10.2966 0 2.01497
      vertex 10.2966 2 2.01497
    endloop
  endfacet
  facet normal 0.195108 0 0.980782
    outer loop
      vertex 10.2966 0 2.01497
      vertex 10.0721 2 2.05963
      vertex 10.0721 0 2.05963
    endloop
  endfacet
  facet normal 0.321386 0 0.946948
    outer loop
      vertex 9.8553 2 2.13321
      vertex 10.0721 0 2.05963
      vertex 10.0721 2 2.05963
    endloop
  endfacet
  facet normal 0.321386 0 0.946948
    outer loop
      vertex 10.0721 0 2.05963
      vertex 9.8553 2 2.13321
      vertex 9.8553 0 2.13321
    endloop
  endfacet
  facet normal 0.0654026 0 0.997859
    outer loop
      vertex 10.2966 2 2.01497
      vertex 10.525 0 2
      vertex 10.525 2 2
    endloop
  endfacet
  facet normal 0.0654026 0 0.997859
    outer loop
      vertex 10.525 0 2
      vertex 10.2966 2 2.01497
      vertex 10.2966 0 2.01497
    endloop
  endfacet
  facet normal 0.442314 0 0.89686
    outer loop
      vertex 9.65 2 2.23446
      vertex 9.8553 0 2.13321
      vertex 9.8553 2 2.13321
    endloop
  endfacet
  facet normal 0.442314 0 0.89686
    outer loop
      vertex 9.8553 0 2.13321
      vertex 9.65 2 2.23446
      vertex 9.65 0 2.23446
    endloop
  endfacet
  facet normal -0.321386 0 0.946948
    outer loop
      vertex 14.4779 2 2.05963
      vertex 14.6947 0 2.13321
      vertex 14.6947 2 2.13321
    endloop
  endfacet
  facet normal -0.321386 0 0.946948
    outer loop
      vertex 14.6947 0 2.13321
      vertex 14.4779 2 2.05963
      vertex 14.4779 0 2.05963
    endloop
  endfacet
  facet normal -0.442314 0 0.89686
    outer loop
      vertex 14.6947 2 2.13321
      vertex 14.9 0 2.23446
      vertex 14.9 2 2.23446
    endloop
  endfacet
  facet normal -0.442314 0 0.89686
    outer loop
      vertex 14.9 0 2.23446
      vertex 14.6947 2 2.13321
      vertex 14.6947 0 2.13321
    endloop
  endfacet
  facet normal -0.555617 0 0.831438
    outer loop
      vertex 14.9 2 2.23446
      vertex 15.0903 0 2.36163
      vertex 15.0903 2 2.36163
    endloop
  endfacet
  facet normal -0.555617 0 0.831438
    outer loop
      vertex 15.0903 0 2.36163
      vertex 14.9 2 2.23446
      vertex 14.9 0 2.23446
    endloop
  endfacet
  facet normal -0.0654026 0 0.997859
    outer loop
      vertex 14.025 2 2
      vertex 14.2534 0 2.01497
      vertex 14.2534 2 2.01497
    endloop
  endfacet
  facet normal -0.0654026 0 0.997859
    outer loop
      vertex 14.2534 0 2.01497
      vertex 14.025 2 2
      vertex 14.025 0 2
    endloop
  endfacet
  facet normal -0.195108 0 0.980782
    outer loop
      vertex 14.2534 2 2.01497
      vertex 14.4779 0 2.05963
      vertex 14.4779 2 2.05963
    endloop
  endfacet
  facet normal -0.195108 0 0.980782
    outer loop
      vertex 14.4779 0 2.05963
      vertex 14.2534 2 2.01497
      vertex 14.2534 0 2.01497
    endloop
  endfacet
  facet normal -0.555617 0 -0.831438
    outer loop
      vertex 14.9 0 5.26554
      vertex 15.0903 2 5.13837
      vertex 15.0903 0 5.13837
    endloop
  endfacet
  facet normal -0.555617 0 -0.831438
    outer loop
      vertex 15.0903 2 5.13837
      vertex 14.9 0 5.26554
      vertex 14.9 2 5.26554
    endloop
  endfacet
  facet normal -0.442314 0 -0.89686
    outer loop
      vertex 14.6947 0 5.36679
      vertex 14.9 2 5.26554
      vertex 14.9 0 5.26554
    endloop
  endfacet
  facet normal -0.442314 0 -0.89686
    outer loop
      vertex 14.9 2 5.26554
      vertex 14.6947 0 5.36679
      vertex 14.6947 2 5.36679
    endloop
  endfacet
  facet normal -0.659352 0 -0.751835
    outer loop
      vertex 15.0903 0 5.13837
      vertex 15.2624 2 4.98744
      vertex 15.2624 0 4.98744
    endloop
  endfacet
  facet normal -0.659352 0 -0.751835
    outer loop
      vertex 15.2624 2 4.98744
      vertex 15.0903 0 5.13837
      vertex 15.0903 2 5.13837
    endloop
  endfacet
  facet normal -0.195108 0 -0.980782
    outer loop
      vertex 14.2534 0 5.48503
      vertex 14.4779 2 5.44037
      vertex 14.4779 0 5.44037
    endloop
  endfacet
  facet normal -0.195108 0 -0.980782
    outer loop
      vertex 14.4779 2 5.44037
      vertex 14.2534 0 5.48503
      vertex 14.2534 2 5.48503
    endloop
  endfacet
  facet normal -0.321386 0 -0.946948
    outer loop
      vertex 14.4779 0 5.44037
      vertex 14.6947 2 5.36679
      vertex 14.6947 0 5.36679
    endloop
  endfacet
  facet normal -0.321386 0 -0.946948
    outer loop
      vertex 14.6947 2 5.36679
      vertex 14.4779 0 5.44037
      vertex 14.4779 2 5.44037
    endloop
  endfacet
  facet normal -0.896774 0 -0.44249
    outer loop
      vertex 15.6418 0 4.4197
      vertex 15.5405 2 4.625
      vertex 15.6418 2 4.4197
    endloop
  endfacet
  facet normal -0.896774 -0 -0.44249
    outer loop
      vertex 15.5405 2 4.625
      vertex 15.6418 0 4.4197
      vertex 15.5405 0 4.625
    endloop
  endfacet
  facet normal -0.946908 0 -0.321504
    outer loop
      vertex 15.7154 0 4.20293
      vertex 15.6418 2 4.4197
      vertex 15.7154 2 4.20293
    endloop
  endfacet
  facet normal -0.946908 -0 -0.321504
    outer loop
      vertex 15.6418 2 4.4197
      vertex 15.7154 0 4.20293
      vertex 15.6418 0 4.4197
    endloop
  endfacet
  facet normal -0.83162 0 -0.555345
    outer loop
      vertex 15.5405 0 4.625
      vertex 15.4134 2 4.81533
      vertex 15.5405 2 4.625
    endloop
  endfacet
  facet normal -0.83162 -0 -0.555345
    outer loop
      vertex 15.4134 2 4.81533
      vertex 15.5405 0 4.625
      vertex 15.4134 0 4.81533
    endloop
  endfacet
  facet normal 0.65933 0 -0.751854
    outer loop
      vertex 9.28756 0 4.98744
      vertex 9.45967 2 5.13837
      vertex 9.45967 0 5.13837
    endloop
  endfacet
  facet normal 0.65933 0 -0.751854
    outer loop
      vertex 9.45967 2 5.13837
      vertex 9.28756 0 4.98744
      vertex 9.28756 2 4.98744
    endloop
  endfacet
  facet normal 0.946935 0 -0.321426
    outer loop
      vertex 8.90821 0 4.4197
      vertex 8.83463 2 4.20293
      vertex 8.90821 2 4.4197
    endloop
  endfacet
  facet normal 0.946935 0 -0.321426
    outer loop
      vertex 8.83463 2 4.20293
      vertex 8.90821 0 4.4197
      vertex 8.83463 0 4.20293
    endloop
  endfacet
  facet normal 0.980783 -0 0.1951
    outer loop
      vertex 8.78997 0 3.52158
      vertex 8.83463 2 3.29707
      vertex 8.78997 2 3.52158
    endloop
  endfacet
  facet normal 0.980783 0 0.1951
    outer loop
      vertex 8.83463 2 3.29707
      vertex 8.78997 0 3.52158
      vertex 8.83463 0 3.29707
    endloop
  endfacet
  facet normal 0.896878 -0 0.442279
    outer loop
      vertex 8.90821 0 3.0803
      vertex 9.00945 2 2.875
      vertex 8.90821 2 3.0803
    endloop
  endfacet
  facet normal 0.896878 0 0.442279
    outer loop
      vertex 9.00945 2 2.875
      vertex 8.90821 0 3.0803
      vertex 9.00945 0 2.875
    endloop
  endfacet
  facet normal 0.831458 -0 0.555587
    outer loop
      vertex 9.00945 0 2.875
      vertex 9.13663 2 2.68467
      vertex 9.00945 2 2.875
    endloop
  endfacet
  facet normal 0.831458 0 0.555587
    outer loop
      vertex 9.13663 2 2.68467
      vertex 9.00945 0 2.875
      vertex 9.13663 0 2.68467
    endloop
  endfacet
  facet normal 0.65933 0 0.751854
    outer loop
      vertex 9.28756 2 2.51256
      vertex 9.45967 0 2.36163
      vertex 9.45967 2 2.36163
    endloop
  endfacet
  facet normal 0.65933 0 0.751854
    outer loop
      vertex 9.45967 0 2.36163
      vertex 9.28756 2 2.51256
      vertex 9.28756 0 2.51256
    endloop
  endfacet
  facet normal 0.555557 0 0.831479
    outer loop
      vertex 9.45967 2 2.36163
      vertex 9.65 0 2.23446
      vertex 9.65 2 2.23446
    endloop
  endfacet
  facet normal 0.555557 0 0.831479
    outer loop
      vertex 9.65 0 2.23446
      vertex 9.45967 2 2.36163
      vertex 9.45967 0 2.36163
    endloop
  endfacet
  facet normal -0.751702 0 0.659503
    outer loop
      vertex 15.2624 0 2.51256
      vertex 15.4134 2 2.68467
      vertex 15.2624 2 2.51256
    endloop
  endfacet
  facet normal -0.751702 0 0.659503
    outer loop
      vertex 15.4134 2 2.68467
      vertex 15.2624 0 2.51256
      vertex 15.4134 0 2.68467
    endloop
  endfacet
  facet normal -0.896774 0 0.44249
    outer loop
      vertex 15.5405 0 2.875
      vertex 15.6418 2 3.0803
      vertex 15.5405 2 2.875
    endloop
  endfacet
  facet normal -0.896774 0 0.44249
    outer loop
      vertex 15.6418 2 3.0803
      vertex 15.5405 0 2.875
      vertex 15.6418 0 3.0803
    endloop
  endfacet
  facet normal -0.946908 0 0.321504
    outer loop
      vertex 15.6418 0 3.0803
      vertex 15.7154 2 3.29707
      vertex 15.6418 2 3.0803
    endloop
  endfacet
  facet normal -0.946908 0 0.321504
    outer loop
      vertex 15.7154 2 3.29707
      vertex 15.6418 0 3.0803
      vertex 15.7154 0 3.29707
    endloop
  endfacet
  facet normal -0.997851 0 -0.0655274
    outer loop
      vertex 15.775 0 3.75
      vertex 15.76 2 3.97842
      vertex 15.775 2 3.75
    endloop
  endfacet
  facet normal -0.997851 -0 -0.0655274
    outer loop
      vertex 15.76 2 3.97842
      vertex 15.775 0 3.75
      vertex 15.76 0 3.97842
    endloop
  endfacet
  facet normal 0.896878 0 -0.442279
    outer loop
      vertex 9.00945 0 4.625
      vertex 8.90821 2 4.4197
      vertex 9.00945 2 4.625
    endloop
  endfacet
  facet normal 0.896878 0 -0.442279
    outer loop
      vertex 8.90821 2 4.4197
      vertex 9.00945 0 4.625
      vertex 8.90821 0 4.4197
    endloop
  endfacet
  facet normal -0.659352 0 0.751835
    outer loop
      vertex 15.0903 2 2.36163
      vertex 15.2624 0 2.51256
      vertex 15.2624 2 2.51256
    endloop
  endfacet
  facet normal -0.659352 0 0.751835
    outer loop
      vertex 15.2624 0 2.51256
      vertex 15.0903 2 2.36163
      vertex 15.0903 0 2.36163
    endloop
  endfacet
  facet normal 0.980779 0.195124 0
    outer loop
      vertex 1.51363 1.79647 0.5
      vertex 1.50342 1.84779 0
      vertex 1.50342 1.84779 0.5
    endloop
  endfacet
  facet normal 0.980779 0.195124 0
    outer loop
      vertex 1.50342 1.84779 0
      vertex 1.51363 1.79647 0.5
      vertex 1.51363 1.79647 0
    endloop
  endfacet
  facet normal 0.94691 0.321498 0
    outer loop
      vertex 1.53045 1.74693 0.5
      vertex 1.51363 1.79647 0
      vertex 1.51363 1.79647 0.5
    endloop
  endfacet
  facet normal 0.94691 0.321498 0
    outer loop
      vertex 1.51363 1.79647 0
      vertex 1.53045 1.74693 0.5
      vertex 1.53045 1.74693 0
    endloop
  endfacet
  facet normal 0.997861 0.0653646 0
    outer loop
      vertex 1.50342 1.84779 0.5
      vertex 1.5 1.9 0
      vertex 1.5 1.9 0.5
    endloop
  endfacet
  facet normal 0.997861 0.0653646 0
    outer loop
      vertex 1.5 1.9 0
      vertex 1.50342 1.84779 0.5
      vertex 1.50342 1.84779 0
    endloop
  endfacet
  facet normal 0 1 -0
    outer loop
      vertex 22.65 1.5 0
      vertex 1.9 1.5 0.5
      vertex 22.65 1.5 0.5
    endloop
  endfacet
  facet normal 0 1 0
    outer loop
      vertex 1.9 1.5 0.5
      vertex 22.65 1.5 0
      vertex 1.9 1.5 0
    endloop
  endfacet
  facet normal -0.0653771 0.997861 0
    outer loop
      vertex 22.7022 1.50342 0
      vertex 22.65 1.5 0.5
      vertex 22.7022 1.50342 0.5
    endloop
  endfacet
  facet normal -0.0653771 0.997861 0
    outer loop
      vertex 22.65 1.5 0.5
      vertex 22.7022 1.50342 0
      vertex 22.65 1.5 0
    endloop
  endfacet
  facet normal 0 0 -1
    outer loop
      vertex 22.65 1.5 0.5
      vertex 23.05 1.9 0.5
      vertex 23.0466 1.84779 0.5
    endloop
  endfacet
  facet normal -0 0 -1
    outer loop
      vertex 23.05 1.9 0.5
      vertex 22.65 1.5 0.5
      vertex 23.05 20.11 0.5
    endloop
  endfacet
  facet normal 0 0 -1
    outer loop
      vertex 22.65 1.5 0.5
      vertex 23.0466 1.84779 0.5
      vertex 23.0364 1.79647 0.5
    endloop
  endfacet
  facet normal 0 0 -1
    outer loop
      vertex 22.65 20.51 0.5
      vertex 23.05 20.11 0.5
      vertex 22.65 1.5 0.5
    endloop
  endfacet
  facet normal 0 0 -1
    outer loop
      vertex 22.65 1.5 0.5
      vertex 23.0364 1.79647 0.5
      vertex 23.0196 1.74693 0.5
    endloop
  endfacet
  facet normal 0 0 -1
    outer loop
      vertex 23.05 20.11 0.5
      vertex 22.65 20.51 0.5
      vertex 23.0466 20.1622 0.5
    endloop
  endfacet
  facet normal 0 0 -1
    outer loop
      vertex 22.65 1.5 0.5
      vertex 23.0196 1.74693 0.5
      vertex 22.9964 1.7 0.5
    endloop
  endfacet
  facet normal 0 0 -1
    outer loop
      vertex 23.0466 20.1622 0.5
      vertex 22.65 20.51 0.5
      vertex 23.0364 20.2135 0.5
    endloop
  endfacet
  facet normal 0 0 -1
    outer loop
      vertex 22.65 1.5 0.5
      vertex 22.9964 1.7 0.5
      vertex 22.9673 1.6565 0.5
    endloop
  endfacet
  facet normal 0 0 -1
    outer loop
      vertex 23.0364 20.2135 0.5
      vertex 22.65 20.51 0.5
      vertex 23.0196 20.2631 0.5
    endloop
  endfacet
  facet normal 0 0 -1
    outer loop
      vertex 22.65 1.5 0.5
      vertex 22.9673 1.6565 0.5
      vertex 22.9328 1.61716 0.5
    endloop
  endfacet
  facet normal 0 0 -1
    outer loop
      vertex 23.0196 20.2631 0.5
      vertex 22.65 20.51 0.5
      vertex 22.9964 20.31 0.5
    endloop
  endfacet
  facet normal 0 0 -1
    outer loop
      vertex 22.65 1.5 0.5
      vertex 22.9328 1.61716 0.5
      vertex 22.8935 1.58266 0.5
    endloop
  endfacet
  facet normal 0 0 -1
    outer loop
      vertex 22.9964 20.31 0.5
      vertex 22.65 20.51 0.5
      vertex 22.9673 20.3535 0.5
    endloop
  endfacet
  facet normal 0 0 -1
    outer loop
      vertex 22.65 1.5 0.5
      vertex 22.8935 1.58266 0.5
      vertex 22.85 1.55359 0.5
    endloop
  endfacet
  facet normal 0 0 -1
    outer loop
      vertex 22.9673 20.3535 0.5
      vertex 22.65 20.51 0.5
      vertex 22.9328 20.3928 0.5
    endloop
  endfacet
  facet normal 0 0 -1
    outer loop
      vertex 22.65 1.5 0.5
      vertex 22.85 1.55359 0.5
      vertex 22.8031 1.53045 0.5
    endloop
  endfacet
  facet normal 0 0 -1
    outer loop
      vertex 22.9328 20.3928 0.5
      vertex 22.65 20.51 0.5
      vertex 22.8935 20.4273 0.5
    endloop
  endfacet
  facet normal 0 0 -1
    outer loop
      vertex 22.65 1.5 0.5
      vertex 22.8031 1.53045 0.5
      vertex 22.7535 1.51363 0.5
    endloop
  endfacet
  facet normal 0 0 -1
    outer loop
      vertex 22.8935 20.4273 0.5
      vertex 22.65 20.51 0.5
      vertex 22.85 20.4564 0.5
    endloop
  endfacet
  facet normal 0 0 -1
    outer loop
      vertex 22.65 1.5 0.5
      vertex 22.7535 1.51363 0.5
      vertex 22.7022 1.50342 0.5
    endloop
  endfacet
  facet normal 0 0 -1
    outer loop
      vertex 22.85 20.4564 0.5
      vertex 22.65 20.51 0.5
      vertex 22.8031 20.4796 0.5
    endloop
  endfacet
  facet normal 0 0 -1
    outer loop
      vertex 22.8031 20.4796 0.5
      vertex 22.65 20.51 0.5
      vertex 22.7535 20.4964 0.5
    endloop
  endfacet
  facet normal 0 0 -1
    outer loop
      vertex 22.7535 20.4964 0.5
      vertex 22.65 20.51 0.5
      vertex 22.7022 20.5066 0.5
    endloop
  endfacet
  facet normal 0 0 -1
    outer loop
      vertex 1.9 1.5 0.5
      vertex 22.65 20.51 0.5
      vertex 22.65 1.5 0.5
    endloop
  endfacet
  facet normal 0 0 -1
    outer loop
      vertex 1.9 1.5 0.5
      vertex 1.9 20.51 0.5
      vertex 22.65 20.51 0.5
    endloop
  endfacet
  facet normal 0 0 -1
    outer loop
      vertex 1.5 1.9 0.5
      vertex 1.9 1.5 0.5
      vertex 1.84779 1.50342 0.5
    endloop
  endfacet
  facet normal 0 0 -1
    outer loop
      vertex 1.9 1.5 0.5
      vertex 1.5 1.9 0.5
      vertex 1.9 20.51 0.5
    endloop
  endfacet
  facet normal 0 0 -1
    outer loop
      vertex 1.5 1.9 0.5
      vertex 1.84779 1.50342 0.5
      vertex 1.79647 1.51363 0.5
    endloop
  endfacet
  facet normal 0 0 -1
    outer loop
      vertex 1.5 20.11 0.5
      vertex 1.9 20.51 0.5
      vertex 1.5 1.9 0.5
    endloop
  endfacet
  facet normal 0 0 -1
    outer loop
      vertex 1.5 1.9 0.5
      vertex 1.79647 1.51363 0.5
      vertex 1.74693 1.53045 0.5
    endloop
  endfacet
  facet normal 0 0 -1
    outer loop
      vertex 1.9 20.51 0.5
      vertex 1.5 20.11 0.5
      vertex 1.84779 20.5066 0.5
    endloop
  endfacet
  facet normal 0 0 -1
    outer loop
      vertex 1.5 1.9 0.5
      vertex 1.74693 1.53045 0.5
      vertex 1.7 1.55359 0.5
    endloop
  endfacet
  facet normal 0 0 -1
    outer loop
      vertex 1.84779 20.5066 0.5
      vertex 1.5 20.11 0.5
      vertex 1.79647 20.4964 0.5
    endloop
  endfacet
  facet normal 0 0 -1
    outer loop
      vertex 1.5 1.9 0.5
      vertex 1.7 1.55359 0.5
      vertex 1.6565 1.58266 0.5
    endloop
  endfacet
  facet normal 0 0 -1
    outer loop
      vertex 1.79647 20.4964 0.5
      vertex 1.5 20.11 0.5
      vertex 1.74693 20.4796 0.5
    endloop
  endfacet
  facet normal 0 0 -1
    outer loop
      vertex 1.5 1.9 0.5
      vertex 1.6565 1.58266 0.5
      vertex 1.61716 1.61716 0.5
    endloop
  endfacet
  facet normal 0 0 -1
    outer loop
      vertex 1.74693 20.4796 0.5
      vertex 1.5 20.11 0.5
      vertex 1.7 20.4564 0.5
    endloop
  endfacet
  facet normal 0 0 -1
    outer loop
      vertex 1.5 1.9 0.5
      vertex 1.61716 1.61716 0.5
      vertex 1.58266 1.6565 0.5
    endloop
  endfacet
  facet normal 0 0 -1
    outer loop
      vertex 1.7 20.4564 0.5
      vertex 1.5 20.11 0.5
      vertex 1.6565 20.4273 0.5
    endloop
  endfacet
  facet normal 0 0 -1
    outer loop
      vertex 1.5 1.9 0.5
      vertex 1.58266 1.6565 0.5
      vertex 1.55359 1.7 0.5
    endloop
  endfacet
  facet normal 0 0 -1
    outer loop
      vertex 1.6565 20.4273 0.5
      vertex 1.5 20.11 0.5
      vertex 1.61716 20.3928 0.5
    endloop
  endfacet
  facet normal 0 0 -1
    outer loop
      vertex 1.5 1.9 0.5
      vertex 1.55359 1.7 0.5
      vertex 1.53045 1.74693 0.5
    endloop
  endfacet
  facet normal 0 0 -1
    outer loop
      vertex 1.61716 20.3928 0.5
      vertex 1.5 20.11 0.5
      vertex 1.58266 20.3535 0.5
    endloop
  endfacet
  facet normal 0 0 -1
    outer loop
      vertex 1.5 1.9 0.5
      vertex 1.53045 1.74693 0.5
      vertex 1.51363 1.79647 0.5
    endloop
  endfacet
  facet normal 0 0 -1
    outer loop
      vertex 1.58266 20.3535 0.5
      vertex 1.5 20.11 0.5
      vertex 1.55359 20.31 0.5
    endloop
  endfacet
  facet normal 0 0 -1
    outer loop
      vertex 1.5 1.9 0.5
      vertex 1.51363 1.79647 0.5
      vertex 1.50342 1.84779 0.5
    endloop
  endfacet
  facet normal 0 0 -1
    outer loop
      vertex 1.55359 20.31 0.5
      vertex 1.5 20.11 0.5
      vertex 1.53045 20.2631 0.5
    endloop
  endfacet
  facet normal 0 0 -1
    outer loop
      vertex 1.53045 20.2631 0.5
      vertex 1.5 20.11 0.5
      vertex 1.51363 20.2135 0.5
    endloop
  endfacet
  facet normal 0 0 -1
    outer loop
      vertex 1.51363 20.2135 0.5
      vertex 1.5 20.11 0.5
      vertex 1.50342 20.1622 0.5
    endloop
  endfacet
  facet normal 0.555626 0.831432 -0
    outer loop
      vertex 1.7 1.55359 0
      vertex 1.6565 1.58266 0.5
      vertex 1.7 1.55359 0.5
    endloop
  endfacet
  facet normal 0.555626 0.831432 0
    outer loop
      vertex 1.6565 1.58266 0.5
      vertex 1.7 1.55359 0
      vertex 1.6565 1.58266 0
    endloop
  endfacet
  facet normal -1 0 0
    outer loop
      vertex 23.05 1.9 0
      vertex 23.05 20.11 0.5
      vertex 23.05 20.11 0
    endloop
  endfacet
  facet normal -1 -0 0
    outer loop
      vertex 23.05 20.11 0.5
      vertex 23.05 1.9 0
      vertex 23.05 1.9 0.5
    endloop
  endfacet
  facet normal 0.751842 0.659343 0
    outer loop
      vertex 1.61716 1.61716 0.5
      vertex 1.58266 1.6565 0
      vertex 1.58266 1.6565 0.5
    endloop
  endfacet
  facet normal 0.751842 0.659343 0
    outer loop
      vertex 1.58266 1.6565 0
      vertex 1.61716 1.61716 0.5
      vertex 1.61716 1.61716 0
    endloop
  endfacet
  facet normal 1 -0 0
    outer loop
      vertex 1.5 1.9 0.5
      vertex 1.5 20.11 0
      vertex 1.5 20.11 0.5
    endloop
  endfacet
  facet normal 1 0 0
    outer loop
      vertex 1.5 20.11 0
      vertex 1.5 1.9 0.5
      vertex 1.5 1.9 0
    endloop
  endfacet
  facet normal -0.0649964 -0.997886 0
    outer loop
      vertex 22.65 20.51 0
      vertex 22.7022 20.5066 0.5
      vertex 22.65 20.51 0.5
    endloop
  endfacet
  facet normal -0.0649964 -0.997886 -0
    outer loop
      vertex 22.7022 20.5066 0.5
      vertex 22.65 20.51 0
      vertex 22.7022 20.5066 0
    endloop
  endfacet
  facet normal 0 -1 0
    outer loop
      vertex 1.9 20.51 0
      vertex 22.65 20.51 0.5
      vertex 1.9 20.51 0.5
    endloop
  endfacet
  facet normal 0 -1 -0
    outer loop
      vertex 22.65 20.51 0.5
      vertex 1.9 20.51 0
      vertex 22.65 20.51 0
    endloop
  endfacet
  facet normal -0.980801 -0.195013 0
    outer loop
      vertex 23.0466 20.1622 0
      vertex 23.0364 20.2135 0.5
      vertex 23.0364 20.2135 0
    endloop
  endfacet
  facet normal -0.980801 -0.195013 0
    outer loop
      vertex 23.0364 20.2135 0.5
      vertex 23.0466 20.1622 0
      vertex 23.0466 20.1622 0.5
    endloop
  endfacet
  facet normal -0.997886 -0.0649964 0
    outer loop
      vertex 23.05 20.11 0
      vertex 23.0466 20.1622 0.5
      vertex 23.0466 20.1622 0
    endloop
  endfacet
  facet normal -0.997886 -0.0649964 0
    outer loop
      vertex 23.0466 20.1622 0.5
      vertex 23.05 20.11 0
      vertex 23.05 20.11 0.5
    endloop
  endfacet
  facet normal -0.997886 0.064984 0
    outer loop
      vertex 23.0466 1.84779 0
      vertex 23.05 1.9 0.5
      vertex 23.05 1.9 0
    endloop
  endfacet
  facet normal -0.997886 0.064984 0
    outer loop
      vertex 23.05 1.9 0.5
      vertex 23.0466 1.84779 0
      vertex 23.0466 1.84779 0.5
    endloop
  endfacet
  facet normal 0.0653646 0.997861 -0
    outer loop
      vertex 1.9 1.5 0
      vertex 1.84779 1.50342 0.5
      vertex 1.9 1.5 0.5
    endloop
  endfacet
  facet normal 0.0653646 0.997861 0
    outer loop
      vertex 1.84779 1.50342 0.5
      vertex 1.9 1.5 0
      vertex 1.84779 1.50342 0
    endloop
  endfacet
  facet normal 0.896786 -0.442465 0
    outer loop
      vertex 1.53045 20.2631 0.5
      vertex 1.55359 20.31 0
      vertex 1.55359 20.31 0.5
    endloop
  endfacet
  facet normal 0.896786 -0.442465 0
    outer loop
      vertex 1.55359 20.31 0
      vertex 1.53045 20.2631 0.5
      vertex 1.53045 20.2631 0
    endloop
  endfacet
  facet normal 0.947028 -0.32115 0
    outer loop
      vertex 1.51363 20.2135 0.5
      vertex 1.53045 20.2631 0
      vertex 1.53045 20.2631 0.5
    endloop
  endfacet
  facet normal 0.947028 -0.32115 0
    outer loop
      vertex 1.53045 20.2631 0
      vertex 1.51363 20.2135 0.5
      vertex 1.51363 20.2135 0
    endloop
  endfacet
  facet normal 0.997861 -0.0653771 0
    outer loop
      vertex 1.5 20.11 0.5
      vertex 1.50342 20.1622 0
      vertex 1.50342 20.1622 0.5
    endloop
  endfacet
  facet normal 0.997861 -0.0653771 0
    outer loop
      vertex 1.50342 20.1622 0
      vertex 1.5 20.11 0.5
      vertex 1.5 20.11 0
    endloop
  endfacet
  facet normal -0.659722 -0.75151 0
    outer loop
      vertex 22.8935 20.4273 0
      vertex 22.9328 20.3928 0.5
      vertex 22.8935 20.4273 0.5
    endloop
  endfacet
  facet normal -0.659722 -0.75151 -0
    outer loop
      vertex 22.9328 20.3928 0.5
      vertex 22.8935 20.4273 0
      vertex 22.9328 20.3928 0
    endloop
  endfacet
  facet normal 0.556022 -0.831167 0
    outer loop
      vertex 1.6565 20.4273 0
      vertex 1.7 20.4564 0.5
      vertex 1.6565 20.4273 0.5
    endloop
  endfacet
  facet normal 0.556022 -0.831167 0
    outer loop
      vertex 1.7 20.4564 0.5
      vertex 1.6565 20.4273 0
      vertex 1.7 20.4564 0
    endloop
  endfacet
  facet normal -0.947026 0.321156 0
    outer loop
      vertex 23.0196 1.74693 0
      vertex 23.0364 1.79647 0.5
      vertex 23.0364 1.79647 0
    endloop
  endfacet
  facet normal -0.947026 0.321156 0
    outer loop
      vertex 23.0364 1.79647 0.5
      vertex 23.0196 1.74693 0
      vertex 23.0196 1.74693 0.5
    endloop
  endfacet
  facet normal -0.442465 0.896786 0
    outer loop
      vertex 22.85 1.55359 0
      vertex 22.8031 1.53045 0.5
      vertex 22.85 1.55359 0.5
    endloop
  endfacet
  facet normal -0.442465 0.896786 0
    outer loop
      vertex 22.8031 1.53045 0.5
      vertex 22.85 1.55359 0
      vertex 22.8031 1.53045 0
    endloop
  endfacet
  facet normal 0.831432 -0.555626 0
    outer loop
      vertex 1.55359 20.31 0.5
      vertex 1.58266 20.3535 0
      vertex 1.58266 20.3535 0.5
    endloop
  endfacet
  facet normal 0.831432 -0.555626 0
    outer loop
      vertex 1.58266 20.3535 0
      vertex 1.55359 20.31 0.5
      vertex 1.55359 20.31 0
    endloop
  endfacet
  facet normal 0.75151 -0.659722 0
    outer loop
      vertex 1.58266 20.3535 0.5
      vertex 1.61716 20.3928 0
      vertex 1.61716 20.3928 0.5
    endloop
  endfacet
  facet normal 0.75151 -0.659722 0
    outer loop
      vertex 1.61716 20.3928 0
      vertex 1.58266 20.3535 0.5
      vertex 1.58266 20.3535 0
    endloop
  endfacet
  facet normal 0.659343 -0.751842 0
    outer loop
      vertex 1.61716 20.3928 0
      vertex 1.6565 20.4273 0.5
      vertex 1.61716 20.3928 0.5
    endloop
  endfacet
  facet normal 0.659343 -0.751842 0
    outer loop
      vertex 1.6565 20.4273 0.5
      vertex 1.61716 20.3928 0
      vertex 1.6565 20.4273 0
    endloop
  endfacet
  facet normal 0.980764 -0.195197 0
    outer loop
      vertex 1.50342 20.1622 0.5
      vertex 1.51363 20.2135 0
      vertex 1.51363 20.2135 0.5
    endloop
  endfacet
  facet normal 0.980764 -0.195197 0
    outer loop
      vertex 1.51363 20.2135 0
      vertex 1.50342 20.1622 0.5
      vertex 1.50342 20.1622 0
    endloop
  endfacet
  facet normal -0.195013 -0.980801 0
    outer loop
      vertex 22.7022 20.5066 0
      vertex 22.7535 20.4964 0.5
      vertex 22.7022 20.5066 0.5
    endloop
  endfacet
  facet normal -0.195013 -0.980801 -0
    outer loop
      vertex 22.7535 20.4964 0.5
      vertex 22.7022 20.5066 0
      vertex 22.7535 20.4964 0
    endloop
  endfacet
  facet normal -0.320807 -0.947145 0
    outer loop
      vertex 22.7535 20.4964 0
      vertex 22.8031 20.4796 0.5
      vertex 22.7535 20.4964 0.5
    endloop
  endfacet
  facet normal -0.320807 -0.947145 -0
    outer loop
      vertex 22.8031 20.4796 0.5
      vertex 22.7535 20.4964 0
      vertex 22.8031 20.4796 0
    endloop
  endfacet
  facet normal -0.75151 -0.659722 0
    outer loop
      vertex 22.9673 20.3535 0
      vertex 22.9328 20.3928 0.5
      vertex 22.9328 20.3928 0
    endloop
  endfacet
  facet normal -0.75151 -0.659722 0
    outer loop
      vertex 22.9328 20.3928 0.5
      vertex 22.9673 20.3535 0
      vertex 22.9673 20.3535 0.5
    endloop
  endfacet
  facet normal -0.831167 -0.556022 0
    outer loop
      vertex 22.9964 20.31 0
      vertex 22.9673 20.3535 0.5
      vertex 22.9673 20.3535 0
    endloop
  endfacet
  facet normal -0.831167 -0.556022 0
    outer loop
      vertex 22.9673 20.3535 0.5
      vertex 22.9964 20.31 0
      vertex 22.9964 20.31 0.5
    endloop
  endfacet
  facet normal -0.947145 -0.320807 0
    outer loop
      vertex 23.0364 20.2135 0
      vertex 23.0196 20.2631 0.5
      vertex 23.0196 20.2631 0
    endloop
  endfacet
  facet normal -0.947145 -0.320807 0
    outer loop
      vertex 23.0196 20.2631 0.5
      vertex 23.0364 20.2135 0
      vertex 23.0364 20.2135 0.5
    endloop
  endfacet
  facet normal 0.19494 -0.980815 0
    outer loop
      vertex 1.79647 20.4964 0
      vertex 1.84779 20.5066 0.5
      vertex 1.79647 20.4964 0.5
    endloop
  endfacet
  facet normal 0.19494 -0.980815 0
    outer loop
      vertex 1.84779 20.5066 0.5
      vertex 1.79647 20.4964 0
      vertex 1.84779 20.5066 0
    endloop
  endfacet
  facet normal 0.064984 -0.997886 0
    outer loop
      vertex 1.84779 20.5066 0
      vertex 1.9 20.51 0.5
      vertex 1.84779 20.5066 0.5
    endloop
  endfacet
  facet normal 0.064984 -0.997886 0
    outer loop
      vertex 1.9 20.51 0.5
      vertex 1.84779 20.5066 0
      vertex 1.9 20.51 0
    endloop
  endfacet
  facet normal -0.980815 0.19494 0
    outer loop
      vertex 23.0364 1.79647 0
      vertex 23.0466 1.84779 0.5
      vertex 23.0466 1.84779 0
    endloop
  endfacet
  facet normal -0.980815 0.19494 0
    outer loop
      vertex 23.0466 1.84779 0.5
      vertex 23.0364 1.79647 0
      vertex 23.0364 1.79647 0.5
    endloop
  endfacet
  facet normal -0.195197 0.980764 0
    outer loop
      vertex 22.7535 1.51363 0
      vertex 22.7022 1.50342 0.5
      vertex 22.7535 1.51363 0.5
    endloop
  endfacet
  facet normal -0.195197 0.980764 0
    outer loop
      vertex 22.7022 1.50342 0.5
      vertex 22.7535 1.51363 0
      vertex 22.7022 1.50342 0
    endloop
  endfacet
  facet normal -0.659722 0.75151 0
    outer loop
      vertex 22.9328 1.61716 0
      vertex 22.8935 1.58266 0.5
      vertex 22.9328 1.61716 0.5
    endloop
  endfacet
  facet normal -0.659722 0.75151 0
    outer loop
      vertex 22.8935 1.58266 0.5
      vertex 22.9328 1.61716 0
      vertex 22.8935 1.58266 0
    endloop
  endfacet
  facet normal -0.443387 -0.89633 0
    outer loop
      vertex 22.8031 20.4796 0
      vertex 22.85 20.4564 0.5
      vertex 22.8031 20.4796 0.5
    endloop
  endfacet
  facet normal -0.443387 -0.89633 -0
    outer loop
      vertex 22.85 20.4564 0.5
      vertex 22.8031 20.4796 0
      vertex 22.85 20.4564 0
    endloop
  endfacet
  facet normal -0.556022 -0.831167 0
    outer loop
      vertex 22.85 20.4564 0
      vertex 22.8935 20.4273 0.5
      vertex 22.85 20.4564 0.5
    endloop
  endfacet
  facet normal -0.556022 -0.831167 -0
    outer loop
      vertex 22.8935 20.4273 0.5
      vertex 22.85 20.4564 0
      vertex 22.8935 20.4273 0
    endloop
  endfacet
  facet normal -0.89633 -0.443387 0
    outer loop
      vertex 23.0196 20.2631 0
      vertex 22.9964 20.31 0.5
      vertex 22.9964 20.31 0
    endloop
  endfacet
  facet normal -0.89633 -0.443387 0
    outer loop
      vertex 22.9964 20.31 0.5
      vertex 23.0196 20.2631 0
      vertex 23.0196 20.2631 0.5
    endloop
  endfacet
  facet normal 0.443159 -0.896443 0
    outer loop
      vertex 1.7 20.4564 0
      vertex 1.74693 20.4796 0.5
      vertex 1.7 20.4564 0.5
    endloop
  endfacet
  facet normal 0.443159 -0.896443 0
    outer loop
      vertex 1.74693 20.4796 0.5
      vertex 1.7 20.4564 0
      vertex 1.74693 20.4796 0
    endloop
  endfacet
  facet normal 0.321156 -0.947026 0
    outer loop
      vertex 1.74693 20.4796 0
      vertex 1.79647 20.4964 0.5
      vertex 1.74693 20.4796 0.5
    endloop
  endfacet
  facet normal 0.321156 -0.947026 0
    outer loop
      vertex 1.79647 20.4964 0.5
      vertex 1.74693 20.4796 0
      vertex 1.79647 20.4964 0
    endloop
  endfacet
  facet normal -0.896443 0.443159 0
    outer loop
      vertex 22.9964 1.7 0
      vertex 23.0196 1.74693 0.5
      vertex 23.0196 1.74693 0
    endloop
  endfacet
  facet normal -0.896443 0.443159 0
    outer loop
      vertex 23.0196 1.74693 0.5
      vertex 22.9964 1.7 0
      vertex 22.9964 1.7 0.5
    endloop
  endfacet
  facet normal -0.831167 0.556022 0
    outer loop
      vertex 22.9673 1.6565 0
      vertex 22.9964 1.7 0.5
      vertex 22.9964 1.7 0
    endloop
  endfacet
  facet normal -0.831167 0.556022 0
    outer loop
      vertex 22.9964 1.7 0.5
      vertex 22.9673 1.6565 0
      vertex 22.9673 1.6565 0.5
    endloop
  endfacet
  facet normal -0.751842 0.659343 0
    outer loop
      vertex 22.9328 1.61716 0
      vertex 22.9673 1.6565 0.5
      vertex 22.9673 1.6565 0
    endloop
  endfacet
  facet normal -0.751842 0.659343 0
    outer loop
      vertex 22.9673 1.6565 0.5
      vertex 22.9328 1.61716 0
      vertex 22.9328 1.61716 0.5
    endloop
  endfacet
  facet normal -0.32115 0.947028 0
    outer loop
      vertex 22.8031 1.53045 0
      vertex 22.7535 1.51363 0.5
      vertex 22.8031 1.53045 0.5
    endloop
  endfacet
  facet normal -0.32115 0.947028 0
    outer loop
      vertex 22.7535 1.51363 0.5
      vertex 22.8031 1.53045 0
      vertex 22.7535 1.51363 0
    endloop
  endfacet
  facet normal 0.195124 0.980779 -0
    outer loop
      vertex 1.84779 1.50342 0
      vertex 1.79647 1.51363 0.5
      vertex 1.84779 1.50342 0.5
    endloop
  endfacet
  facet normal 0.195124 0.980779 0
    outer loop
      vertex 1.79647 1.51363 0.5
      vertex 1.84779 1.50342 0
      vertex 1.79647 1.51363 0
    endloop
  endfacet
  facet normal 0.321498 0.94691 -0
    outer loop
      vertex 1.79647 1.51363 0
      vertex 1.74693 1.53045 0.5
      vertex 1.79647 1.51363 0.5
    endloop
  endfacet
  facet normal 0.321498 0.94691 0
    outer loop
      vertex 1.74693 1.53045 0.5
      vertex 1.79647 1.51363 0
      vertex 1.74693 1.53045 0
    endloop
  endfacet
  facet normal -0.555626 0.831432 0
    outer loop
      vertex 22.8935 1.58266 0
      vertex 22.85 1.55359 0.5
      vertex 22.8935 1.58266 0.5
    endloop
  endfacet
  facet normal -0.555626 0.831432 0
    outer loop
      vertex 22.85 1.55359 0.5
      vertex 22.8935 1.58266 0
      vertex 22.85 1.55359 0
    endloop
  endfacet
  facet normal 0.442238 0.896898 -0
    outer loop
      vertex 1.74693 1.53045 0
      vertex 1.7 1.55359 0.5
      vertex 1.74693 1.53045 0.5
    endloop
  endfacet
  facet normal 0.442238 0.896898 0
    outer loop
      vertex 1.7 1.55359 0.5
      vertex 1.74693 1.53045 0
      vertex 1.7 1.55359 0
    endloop
  endfacet
  facet normal 0.659343 0.751842 -0
    outer loop
      vertex 1.6565 1.58266 0
      vertex 1.61716 1.61716 0.5
      vertex 1.6565 1.58266 0.5
    endloop
  endfacet
  facet normal 0.659343 0.751842 0
    outer loop
      vertex 1.61716 1.61716 0.5
      vertex 1.6565 1.58266 0
      vertex 1.61716 1.61716 0
    endloop
  endfacet
  facet normal 0.831432 0.555626 0
    outer loop
      vertex 1.58266 1.6565 0.5
      vertex 1.55359 1.7 0
      vertex 1.55359 1.7 0.5
    endloop
  endfacet
  facet normal 0.831432 0.555626 0
    outer loop
      vertex 1.55359 1.7 0
      vertex 1.58266 1.6565 0.5
      vertex 1.58266 1.6565 0
    endloop
  endfacet
  facet normal 0.896898 0.442238 0
    outer loop
      vertex 1.55359 1.7 0.5
      vertex 1.53045 1.74693 0
      vertex 1.53045 1.74693 0.5
    endloop
  endfacet
  facet normal 0.896898 0.442238 0
    outer loop
      vertex 1.53045 1.74693 0
      vertex 1.55359 1.7 0.5
      vertex 1.55359 1.7 0
    endloop
  endfacet
  facet normal 0.99786 0.0653872 0
    outer loop
      vertex 7.89 16.244 8.1157
      vertex 7.86776 16.5834 2
      vertex 7.86776 16.5834 8.20664
    endloop
  endfacet
  facet normal 0.99786 0.0653872 0
    outer loop
      vertex 7.86776 16.5834 2
      vertex 7.89 16.244 8.1157
      vertex 7.89 16.244 2
    endloop
  endfacet
  facet normal -0.99786 0.0653872 0
    outer loop
      vertex 2.69 16.244 8.1157
      vertex 2.71224 16.5834 2
      vertex 2.69 16.244 2
    endloop
  endfacet
  facet normal -0.99786 0.0653872 0
    outer loop
      vertex 2.71224 16.5834 2
      vertex 2.69 16.244 8.1157
      vertex 2.71224 16.5834 8.20664
    endloop
  endfacet
  facet normal 0.0655686 0.997848 0
    outer loop
      vertex 5.29 18.844 2
      vertex 5.62937 18.8217 8.80641
      vertex 5.62937 18.8217 2
    endloop
  endfacet
  facet normal 0.0655686 0.997848 0
    outer loop
      vertex 5.62937 18.8217 8.80641
      vertex 5.29 18.844 2
      vertex 5.29 18.844 8.81237
    endloop
  endfacet
  facet normal -0.0652758 -0.997867 0
    outer loop
      vertex 4.95063 13.6662 2
      vertex 5.29 13.644 7.41903
      vertex 4.95063 13.6662 7.42499
    endloop
  endfacet
  facet normal -0.0652758 -0.997867 -0
    outer loop
      vertex 5.29 13.644 7.41903
      vertex 4.95063 13.6662 2
      vertex 5.29 13.644 2
    endloop
  endfacet
  facet normal 0.751844 0.659341 0
    outer loop
      vertex 7.35272 17.8268 8.53981
      vertex 7.12848 18.0825 2
      vertex 7.12848 18.0825 8.60832
    endloop
  endfacet
  facet normal 0.751844 0.659341 0
    outer loop
      vertex 7.12848 18.0825 2
      vertex 7.35272 17.8268 8.53981
      vertex 7.35272 17.8268 2
    endloop
  endfacet
  facet normal -0.659275 0.751902 0
    outer loop
      vertex 3.70722 18.3067 2
      vertex 3.45152 18.0825 8.60832
      vertex 3.70722 18.3067 8.66841
    endloop
  endfacet
  facet normal -0.659275 0.751902 0
    outer loop
      vertex 3.45152 18.0825 8.60832
      vertex 3.70722 18.3067 2
      vertex 3.45152 18.0825 2
    endloop
  endfacet
  facet normal -0.321383 0.946949 0
    outer loop
      vertex 4.61707 18.7554 2
      vertex 4.29502 18.6461 8.75934
      vertex 4.61707 18.7554 8.78863
    endloop
  endfacet
  facet normal -0.321383 0.946949 0
    outer loop
      vertex 4.29502 18.6461 8.75934
      vertex 4.61707 18.7554 2
      vertex 4.29502 18.6461 2
    endloop
  endfacet
  facet normal 0.89686 0.442314 0
    outer loop
      vertex 7.69209 17.239 8.38231
      vertex 7.54167 17.544 2
      vertex 7.54167 17.544 8.46404
    endloop
  endfacet
  facet normal 0.89686 0.442314 0
    outer loop
      vertex 7.54167 17.544 2
      vertex 7.69209 17.239 8.38231
      vertex 7.69209 17.239 2
    endloop
  endfacet
  facet normal 0.980778 0.195126 0
    outer loop
      vertex 7.86776 16.5834 8.20664
      vertex 7.80141 16.9169 2
      vertex 7.80141 16.9169 8.29601
    endloop
  endfacet
  facet normal 0.980778 0.195126 0
    outer loop
      vertex 7.80141 16.9169 2
      vertex 7.86776 16.5834 8.20664
      vertex 7.86776 16.5834 2
    endloop
  endfacet
  facet normal 0.831484 0.555548 0
    outer loop
      vertex 7.54167 17.544 8.46404
      vertex 7.35272 17.8268 2
      vertex 7.35272 17.8268 8.53981
    endloop
  endfacet
  facet normal 0.831484 0.555548 0
    outer loop
      vertex 7.35272 17.8268 2
      vertex 7.54167 17.544 8.46404
      vertex 7.54167 17.544 2
    endloop
  endfacet
  facet normal 0.44248 0.896779 0
    outer loop
      vertex 6.28498 18.6461 2
      vertex 6.59 18.4956 8.71903
      vertex 6.59 18.4956 2
    endloop
  endfacet
  facet normal 0.44248 0.896779 0
    outer loop
      vertex 6.59 18.4956 8.71903
      vertex 6.28498 18.6461 2
      vertex 6.28498 18.6461 8.75934
    endloop
  endfacet
  facet normal 0.555474 0.831534 0
    outer loop
      vertex 6.59 18.4956 2
      vertex 6.87278 18.3067 8.66841
      vertex 6.87278 18.3067 2
    endloop
  endfacet
  facet normal 0.555474 0.831534 0
    outer loop
      vertex 6.87278 18.3067 8.66841
      vertex 6.59 18.4956 2
      vertex 6.59 18.4956 8.71903
    endloop
  endfacet
  facet normal -0.89686 0.442314 0
    outer loop
      vertex 2.88791 17.239 8.38231
      vertex 3.03833 17.544 2
      vertex 2.88791 17.239 2
    endloop
  endfacet
  facet normal -0.89686 0.442314 0
    outer loop
      vertex 3.03833 17.544 2
      vertex 2.88791 17.239 8.38231
      vertex 3.03833 17.544 8.46404
    endloop
  endfacet
  facet normal -0.751844 0.659341 0
    outer loop
      vertex 3.22728 17.8268 8.53981
      vertex 3.45152 18.0825 2
      vertex 3.22728 17.8268 2
    endloop
  endfacet
  facet normal -0.751844 0.659341 0
    outer loop
      vertex 3.45152 18.0825 2
      vertex 3.22728 17.8268 8.53981
      vertex 3.45152 18.0825 8.60832
    endloop
  endfacet
  facet normal -0.946946 0.321391 0
    outer loop
      vertex 2.77859 16.9169 8.29601
      vertex 2.88791 17.239 2
      vertex 2.77859 16.9169 2
    endloop
  endfacet
  facet normal -0.946946 0.321391 0
    outer loop
      vertex 2.88791 17.239 2
      vertex 2.77859 16.9169 8.29601
      vertex 2.88791 17.239 8.38231
    endloop
  endfacet
  facet normal -0.44248 0.896779 0
    outer loop
      vertex 4.29502 18.6461 2
      vertex 3.99 18.4956 8.71903
      vertex 4.29502 18.6461 8.75934
    endloop
  endfacet
  facet normal -0.44248 0.896779 0
    outer loop
      vertex 3.99 18.4956 8.71903
      vertex 4.29502 18.6461 2
      vertex 3.99 18.4956 2
    endloop
  endfacet
  facet normal -0.0655686 0.997848 0
    outer loop
      vertex 5.29 18.844 2
      vertex 4.95063 18.8217 8.80641
      vertex 5.29 18.844 8.81237
    endloop
  endfacet
  facet normal -0.0655686 0.997848 0
    outer loop
      vertex 4.95063 18.8217 8.80641
      vertex 5.29 18.844 2
      vertex 4.95063 18.8217 2
    endloop
  endfacet
  facet normal 0.0652758 -0.997867 0
    outer loop
      vertex 5.62937 13.6662 2
      vertex 5.29 13.644 7.41903
      vertex 5.29 13.644 2
    endloop
  endfacet
  facet normal 0.0652758 -0.997867 0
    outer loop
      vertex 5.29 13.644 7.41903
      vertex 5.62937 13.6662 2
      vertex 5.62937 13.6662 7.42499
    endloop
  endfacet
  facet normal 0.831484 -0.555548 0
    outer loop
      vertex 7.35272 14.6612 7.6916
      vertex 7.54167 14.944 2
      vertex 7.54167 14.944 7.76737
    endloop
  endfacet
  facet normal 0.831484 -0.555548 0
    outer loop
      vertex 7.54167 14.944 2
      vertex 7.35272 14.6612 7.6916
      vertex 7.35272 14.6612 2
    endloop
  endfacet
  facet normal 0.980778 -0.195126 0
    outer loop
      vertex 7.80141 15.5711 7.93539
      vertex 7.86776 15.9046 2
      vertex 7.86776 15.9046 8.02477
    endloop
  endfacet
  facet normal 0.980778 -0.195126 0
    outer loop
      vertex 7.86776 15.9046 2
      vertex 7.80141 15.5711 7.93539
      vertex 7.80141 15.5711 2
    endloop
  endfacet
  facet normal 0.946946 0.321391 0
    outer loop
      vertex 7.80141 16.9169 8.29601
      vertex 7.69209 17.239 2
      vertex 7.69209 17.239 8.38231
    endloop
  endfacet
  facet normal 0.946946 0.321391 0
    outer loop
      vertex 7.69209 17.239 2
      vertex 7.80141 16.9169 8.29601
      vertex 7.80141 16.9169 2
    endloop
  endfacet
  facet normal 0.321383 0.946949 0
    outer loop
      vertex 5.96293 18.7554 2
      vertex 6.28498 18.6461 8.75934
      vertex 6.28498 18.6461 2
    endloop
  endfacet
  facet normal 0.321383 0.946949 0
    outer loop
      vertex 6.28498 18.6461 8.75934
      vertex 5.96293 18.7554 2
      vertex 5.96293 18.7554 8.78863
    endloop
  endfacet
  facet normal 0.194951 0.980813 0
    outer loop
      vertex 5.62937 18.8217 2
      vertex 5.96293 18.7554 8.78863
      vertex 5.96293 18.7554 2
    endloop
  endfacet
  facet normal 0.194951 0.980813 0
    outer loop
      vertex 5.96293 18.7554 8.78863
      vertex 5.62937 18.8217 2
      vertex 5.62937 18.8217 8.80641
    endloop
  endfacet
  facet normal 0.659275 0.751902 0
    outer loop
      vertex 6.87278 18.3067 2
      vertex 7.12848 18.0825 8.60832
      vertex 7.12848 18.0825 2
    endloop
  endfacet
  facet normal 0.659275 0.751902 0
    outer loop
      vertex 7.12848 18.0825 8.60832
      vertex 6.87278 18.3067 2
      vertex 6.87278 18.3067 8.66841
    endloop
  endfacet
  facet normal -0.831484 0.555548 0
    outer loop
      vertex 3.03833 17.544 8.46404
      vertex 3.22728 17.8268 2
      vertex 3.03833 17.544 2
    endloop
  endfacet
  facet normal -0.831484 0.555548 0
    outer loop
      vertex 3.22728 17.8268 2
      vertex 3.03833 17.544 8.46404
      vertex 3.22728 17.8268 8.53981
    endloop
  endfacet
  facet normal -0.980778 0.195126 0
    outer loop
      vertex 2.71224 16.5834 8.20664
      vertex 2.77859 16.9169 2
      vertex 2.71224 16.5834 2
    endloop
  endfacet
  facet normal -0.980778 0.195126 0
    outer loop
      vertex 2.77859 16.9169 2
      vertex 2.71224 16.5834 8.20664
      vertex 2.77859 16.9169 8.29601
    endloop
  endfacet
  facet normal -0.555474 0.831534 0
    outer loop
      vertex 3.99 18.4956 2
      vertex 3.70722 18.3067 8.66841
      vertex 3.99 18.4956 8.71903
    endloop
  endfacet
  facet normal -0.555474 0.831534 0
    outer loop
      vertex 3.70722 18.3067 8.66841
      vertex 3.99 18.4956 2
      vertex 3.70722 18.3067 2
    endloop
  endfacet
  facet normal -0.194951 0.980813 0
    outer loop
      vertex 4.95063 18.8217 2
      vertex 4.61707 18.7554 8.78863
      vertex 4.95063 18.8217 8.80641
    endloop
  endfacet
  facet normal -0.194951 0.980813 0
    outer loop
      vertex 4.61707 18.7554 8.78863
      vertex 4.95063 18.8217 2
      vertex 4.61707 18.7554 2
    endloop
  endfacet
  facet normal 0.195234 -0.980757 0
    outer loop
      vertex 5.96293 13.7326 2
      vertex 5.62937 13.6662 7.42499
      vertex 5.62937 13.6662 2
    endloop
  endfacet
  facet normal 0.195234 -0.980757 0
    outer loop
      vertex 5.62937 13.6662 7.42499
      vertex 5.96293 13.7326 2
      vertex 5.96293 13.7326 7.44277
    endloop
  endfacet
  facet normal 0.659275 -0.751902 0
    outer loop
      vertex 7.12848 14.4055 2
      vertex 6.87278 14.1813 7.563
      vertex 6.87278 14.1813 2
    endloop
  endfacet
  facet normal 0.659275 -0.751902 0
    outer loop
      vertex 6.87278 14.1813 7.563
      vertex 7.12848 14.4055 2
      vertex 7.12848 14.4055 7.62308
    endloop
  endfacet
  facet normal 0.442243 -0.896895 0
    outer loop
      vertex 6.59 13.9923 2
      vertex 6.28498 13.8419 7.47206
      vertex 6.28498 13.8419 2
    endloop
  endfacet
  facet normal 0.442243 -0.896895 0
    outer loop
      vertex 6.28498 13.8419 7.47206
      vertex 6.59 13.9923 2
      vertex 6.59 13.9923 7.51237
    endloop
  endfacet
  facet normal 0.89686 -0.442314 0
    outer loop
      vertex 7.54167 14.944 7.76737
      vertex 7.69209 15.249 2
      vertex 7.69209 15.249 7.8491
    endloop
  endfacet
  facet normal 0.89686 -0.442314 0
    outer loop
      vertex 7.69209 15.249 2
      vertex 7.54167 14.944 7.76737
      vertex 7.54167 14.944 2
    endloop
  endfacet
  facet normal -0.659275 -0.751902 0
    outer loop
      vertex 3.45152 14.4055 2
      vertex 3.70722 14.1813 7.563
      vertex 3.45152 14.4055 7.62308
    endloop
  endfacet
  facet normal -0.659275 -0.751902 -0
    outer loop
      vertex 3.70722 14.1813 7.563
      vertex 3.45152 14.4055 2
      vertex 3.70722 14.1813 2
    endloop
  endfacet
  facet normal -0.442243 -0.896895 0
    outer loop
      vertex 3.99 13.9923 2
      vertex 4.29502 13.8419 7.47206
      vertex 3.99 13.9923 7.51237
    endloop
  endfacet
  facet normal -0.442243 -0.896895 -0
    outer loop
      vertex 4.29502 13.8419 7.47206
      vertex 3.99 13.9923 2
      vertex 4.29502 13.8419 2
    endloop
  endfacet
  facet normal -0.321383 -0.946949 0
    outer loop
      vertex 4.29502 13.8419 2
      vertex 4.61707 13.7326 7.44277
      vertex 4.29502 13.8419 7.47206
    endloop
  endfacet
  facet normal -0.321383 -0.946949 -0
    outer loop
      vertex 4.61707 13.7326 7.44277
      vertex 4.29502 13.8419 2
      vertex 4.61707 13.7326 2
    endloop
  endfacet
  facet normal -0.89686 -0.442314 -0
    outer loop
      vertex 3.03833 14.944 7.76737
      vertex 2.88791 15.249 2
      vertex 3.03833 14.944 2
    endloop
  endfacet
  facet normal -0.89686 -0.442314 0
    outer loop
      vertex 2.88791 15.249 2
      vertex 3.03833 14.944 7.76737
      vertex 2.88791 15.249 7.8491
    endloop
  endfacet
  facet normal -0.751844 -0.659341 -0
    outer loop
      vertex 3.45152 14.4055 7.62308
      vertex 3.22728 14.6612 2
      vertex 3.45152 14.4055 2
    endloop
  endfacet
  facet normal -0.751844 -0.659341 0
    outer loop
      vertex 3.22728 14.6612 2
      vertex 3.45152 14.4055 7.62308
      vertex 3.22728 14.6612 7.6916
    endloop
  endfacet
  facet normal -0.946946 -0.321391 -0
    outer loop
      vertex 2.88791 15.249 7.8491
      vertex 2.77859 15.5711 2
      vertex 2.88791 15.249 2
    endloop
  endfacet
  facet normal -0.946946 -0.321391 0
    outer loop
      vertex 2.77859 15.5711 2
      vertex 2.88791 15.249 7.8491
      vertex 2.77859 15.5711 7.93539
    endloop
  endfacet
  facet normal -0.99786 -0.0653872 -0
    outer loop
      vertex 2.71224 15.9046 8.02477
      vertex 2.69 16.244 2
      vertex 2.71224 15.9046 2
    endloop
  endfacet
  facet normal -0.99786 -0.0653872 0
    outer loop
      vertex 2.69 16.244 2
      vertex 2.71224 15.9046 8.02477
      vertex 2.69 16.244 8.1157
    endloop
  endfacet
  facet normal 0.99786 -0.0653872 0
    outer loop
      vertex 7.86776 15.9046 8.02477
      vertex 7.89 16.244 2
      vertex 7.89 16.244 8.1157
    endloop
  endfacet
  facet normal 0.99786 -0.0653872 0
    outer loop
      vertex 7.89 16.244 2
      vertex 7.86776 15.9046 8.02477
      vertex 7.86776 15.9046 2
    endloop
  endfacet
  facet normal 0.321383 -0.946949 0
    outer loop
      vertex 6.28498 13.8419 2
      vertex 5.96293 13.7326 7.44277
      vertex 5.96293 13.7326 2
    endloop
  endfacet
  facet normal 0.321383 -0.946949 0
    outer loop
      vertex 5.96293 13.7326 7.44277
      vertex 6.28498 13.8419 2
      vertex 6.28498 13.8419 7.47206
    endloop
  endfacet
  facet normal 0.751844 -0.659341 0
    outer loop
      vertex 7.12848 14.4055 7.62308
      vertex 7.35272 14.6612 2
      vertex 7.35272 14.6612 7.6916
    endloop
  endfacet
  facet normal 0.751844 -0.659341 0
    outer loop
      vertex 7.35272 14.6612 2
      vertex 7.12848 14.4055 7.62308
      vertex 7.12848 14.4055 2
    endloop
  endfacet
  facet normal 0.555677 -0.831398 0
    outer loop
      vertex 6.87278 14.1813 2
      vertex 6.59 13.9923 7.51237
      vertex 6.59 13.9923 2
    endloop
  endfacet
  facet normal 0.555677 -0.831398 0
    outer loop
      vertex 6.59 13.9923 7.51237
      vertex 6.87278 14.1813 2
      vertex 6.87278 14.1813 7.563
    endloop
  endfacet
  facet normal 0.946946 -0.321391 0
    outer loop
      vertex 7.69209 15.249 7.8491
      vertex 7.80141 15.5711 2
      vertex 7.80141 15.5711 7.93539
    endloop
  endfacet
  facet normal 0.946946 -0.321391 0
    outer loop
      vertex 7.80141 15.5711 2
      vertex 7.69209 15.249 7.8491
      vertex 7.69209 15.249 2
    endloop
  endfacet
  facet normal -0.555677 -0.831398 0
    outer loop
      vertex 3.70722 14.1813 2
      vertex 3.99 13.9923 7.51237
      vertex 3.70722 14.1813 7.563
    endloop
  endfacet
  facet normal -0.555677 -0.831398 -0
    outer loop
      vertex 3.99 13.9923 7.51237
      vertex 3.70722 14.1813 2
      vertex 3.99 13.9923 2
    endloop
  endfacet
  facet normal -0.195234 -0.980757 0
    outer loop
      vertex 4.61707 13.7326 2
      vertex 4.95063 13.6662 7.42499
      vertex 4.61707 13.7326 7.44277
    endloop
  endfacet
  facet normal -0.195234 -0.980757 -0
    outer loop
      vertex 4.95063 13.6662 7.42499
      vertex 4.61707 13.7326 2
      vertex 4.95063 13.6662 2
    endloop
  endfacet
  facet normal -0.831484 -0.555548 -0
    outer loop
      vertex 3.22728 14.6612 7.6916
      vertex 3.03833 14.944 2
      vertex 3.22728 14.6612 2
    endloop
  endfacet
  facet normal -0.831484 -0.555548 0
    outer loop
      vertex 3.03833 14.944 2
      vertex 3.22728 14.6612 7.6916
      vertex 3.03833 14.944 7.76737
    endloop
  endfacet
  facet normal -0.980778 -0.195126 -0
    outer loop
      vertex 2.77859 15.5711 7.93539
      vertex 2.71224 15.9046 2
      vertex 2.77859 15.5711 2
    endloop
  endfacet
  facet normal -0.980778 -0.195126 0
    outer loop
      vertex 2.71224 15.9046 2
      vertex 2.77859 15.5711 7.93539
      vertex 2.71224 15.9046 8.02477
    endloop
  endfacet
  facet normal 0 -0.258814 0.965927
    outer loop
      vertex 6.34 16.244 8.1157
      vertex 7.89 16.244 8.1157
      vertex 7.86776 16.5834 8.20664
    endloop
  endfacet
  facet normal -2.09526e-06 -0.258844 0.965919
    outer loop
      vertex 6.31092 16.474 8.17732
      vertex 7.86776 16.5834 8.20664
      vertex 7.80141 16.9169 8.29601
    endloop
  endfacet
  facet normal 0 -0.258787 0.965934
    outer loop
      vertex 7.89 16.244 8.1157
      vertex 6.34 16.244 8.1157
      vertex 7.86776 15.9046 8.02477
    endloop
  endfacet
  facet normal -6.35986e-06 -0.258803 0.96593
    outer loop
      vertex 6.27111 16.6007 8.21128
      vertex 7.80141 16.9169 8.29601
      vertex 7.69209 17.239 8.38231
    endloop
  endfacet
  facet normal 2.88855e-06 -0.258775 0.965938
    outer loop
      vertex 6.33102 16.1116 8.08023
      vertex 7.86776 15.9046 8.02477
      vertex 6.34 16.244 8.1157
    endloop
  endfacet
  facet normal 1.07685e-05 -0.25883 0.965923
    outer loop
      vertex 6.26007 16.6321 8.2197
      vertex 7.69209 17.239 8.38231
      vertex 7.54167 17.544 8.46404
    endloop
  endfacet
  facet normal -4.87334e-05 -0.259133 0.965842
    outer loop
      vertex 6.32432 16.0791 8.07151
      vertex 7.86776 15.9046 8.02477
      vertex 6.33102 16.1116 8.08023
    endloop
  endfacet
  facet normal -1.27942e-05 -0.258808 0.965929
    outer loop
      vertex 6.18025 16.7787 8.25897
      vertex 7.54167 17.544 8.46404
      vertex 7.35272 17.8268 8.53981
    endloop
  endfacet
  facet normal -1.65538e-05 -0.258867 0.965913
    outer loop
      vertex 7.86776 15.9046 8.02477
      vertex 6.32432 16.0791 8.07151
      vertex 7.80141 15.5711 7.93539
    endloop
  endfacet
  facet normal -4.3028e-06 -0.258806 0.965929
    outer loop
      vertex 6.12302 16.8614 8.28114
      vertex 7.35272 17.8268 8.53981
      vertex 7.12848 18.0825 8.60832
    endloop
  endfacet
  facet normal 3.87446e-05 -0.258717 0.965953
    outer loop
      vertex 6.30422 15.9815 8.04537
      vertex 7.80141 15.5711 7.93539
      vertex 6.32432 16.0791 8.07151
    endloop
  endfacet
  facet normal 2.77561e-05 -0.258853 0.965917
    outer loop
      vertex 5.95501 17.0268 8.32544
      vertex 7.12848 18.0825 8.60832
      vertex 6.87278 18.3067 8.66841
    endloop
  endfacet
  facet normal 2.04179e-05 -0.25878 0.965936
    outer loop
      vertex 7.80141 15.5711 7.93539
      vertex 6.30422 15.9815 8.04537
      vertex 7.69209 15.249 7.8491
    endloop
  endfacet
  facet normal 8.94099e-06 -0.258828 0.965924
    outer loop
      vertex 5.9292 17.0486 8.3313
      vertex 6.87278 18.3067 8.66841
      vertex 6.59 18.4956 8.71903
    endloop
  endfacet
  facet normal -5.49796e-05 -0.258913 0.965901
    outer loop
      vertex 6.26007 15.8559 8.0117
      vertex 7.69209 15.249 7.8491
      vertex 6.30422 15.9815 8.04537
    endloop
  endfacet
  facet normal -1.63476e-05 -0.258828 0.965923
    outer loop
      vertex 7.69209 15.249 7.8491
      vertex 6.26007 15.8559 8.0117
      vertex 7.54167 14.944 7.76737
    endloop
  endfacet
  facet normal -9.11727e-06 -0.258776 0.965937
    outer loop
      vertex 7.86776 16.5834 8.20664
      vertex 6.33102 16.3764 8.15117
      vertex 6.34 16.244 8.1157
    endloop
  endfacet
  facet normal -5.15091e-06 -0.258803 0.96593
    outer loop
      vertex 7.86776 16.5834 8.20664
      vertex 6.31092 16.474 8.17732
      vertex 6.33102 16.3764 8.15117
    endloop
  endfacet
  facet normal 8.7607e-05 -0.259125 0.965844
    outer loop
      vertex 7.80141 16.9169 8.29601
      vertex 6.30422 16.5065 8.18604
      vertex 6.31092 16.474 8.17732
    endloop
  endfacet
  facet normal -4.19672e-05 -0.2588 0.965931
    outer loop
      vertex 5.815 17.1223 8.35105
      vertex 6.59 18.4956 8.71903
      vertex 6.28498 18.6461 8.75934
    endloop
  endfacet
  facet normal -4.23544e-06 -0.258813 0.965928
    outer loop
      vertex 7.80141 16.9169 8.29601
      vertex 6.27111 16.6007 8.21128
      vertex 6.30422 16.5065 8.18604
    endloop
  endfacet
  facet normal 7.74717e-05 -0.258977 0.965883
    outer loop
      vertex 7.69209 17.239 8.38231
      vertex 6.26007 16.6321 8.2197
      vertex 6.27111 16.6007 8.21128
    endloop
  endfacet
  facet normal -2.36397e-05 -0.258785 0.965935
    outer loop
      vertex 7.54167 17.544 8.46404
      vertex 6.19933 16.7511 8.25158
      vertex 6.26007 16.6321 8.2197
    endloop
  endfacet
  facet normal -8.08096e-05 -0.258695 0.965959
    outer loop
      vertex 7.54167 17.544 8.46404
      vertex 6.18025 16.7787 8.25897
      vertex 6.19933 16.7511 8.25158
    endloop
  endfacet
  facet normal 6.71382e-05 -0.258891 0.965906
    outer loop
      vertex 7.35272 17.8268 8.53981
      vertex 6.12302 16.8614 8.28114
      vertex 6.18025 16.7787 8.25897
    endloop
  endfacet
  facet normal 9.23497e-05 -0.258881 0.965909
    outer loop
      vertex 7.12848 18.0825 8.60832
      vertex 6.03246 16.9611 8.30787
      vertex 6.12302 16.8614 8.28114
    endloop
  endfacet
  facet normal 1.0747e-05 -0.258816 0.965927
    outer loop
      vertex 5.69182 17.181 8.36678
      vertex 6.28498 18.6461 8.75934
      vertex 5.96293 18.7554 8.78863
    endloop
  endfacet
  facet normal -0.000222353 -0.258594 0.965986
    outer loop
      vertex 7.12848 18.0825 8.60832
      vertex 5.95501 17.0268 8.32544
      vertex 6.03246 16.9611 8.30787
    endloop
  endfacet
  facet normal 0.000427333 -0.25912 0.965845
    outer loop
      vertex 6.87278 18.3067 8.66841
      vertex 5.9292 17.0486 8.3313
      vertex 5.95501 17.0268 8.32544
    endloop
  endfacet
  facet normal 1.15081e-05 -0.258829 0.965923
    outer loop
      vertex 6.59 18.4956 8.71903
      vertex 5.815 17.1223 8.35105
      vertex 5.9292 17.0486 8.3313
    endloop
  endfacet
  facet normal 1.23427e-05 -0.258816 0.965927
    outer loop
      vertex 6.28498 18.6461 8.75934
      vertex 5.69182 17.181 8.36678
      vertex 5.815 17.1223 8.35105
    endloop
  endfacet
  facet normal 4.29374e-05 -0.258821 0.965925
    outer loop
      vertex 5.56176 17.2236 8.3782
      vertex 5.96293 18.7554 8.78863
      vertex 5.62937 18.8217 8.80641
    endloop
  endfacet
  facet normal 3.94648e-05 -0.25882 0.965926
    outer loop
      vertex 5.96293 18.7554 8.78863
      vertex 5.56176 17.2236 8.3782
      vertex 5.69182 17.181 8.36678
    endloop
  endfacet
  facet normal 7.78861e-07 -0.258819 0.965926
    outer loop
      vertex 5.62937 18.8217 8.80641
      vertex 5.42705 17.2495 8.38514
      vertex 5.56176 17.2236 8.3782
    endloop
  endfacet
  facet normal -0.000265332 -0.258787 0.965934
    outer loop
      vertex 5.62937 18.8217 8.80641
      vertex 5.39279 17.2517 8.38572
      vertex 5.42705 17.2495 8.38514
    endloop
  endfacet
  facet normal -4.34184e-05 -0.258819 0.965926
    outer loop
      vertex 5.29 18.844 8.81237
      vertex 5.39279 17.2517 8.38572
      vertex 5.62937 18.8217 8.80641
    endloop
  endfacet
  facet normal -1.55433e-05 -0.258817 0.965926
    outer loop
      vertex 5.29 18.844 8.81237
      vertex 5.29 17.2582 8.38746
      vertex 5.39279 17.2517 8.38572
    endloop
  endfacet
  facet normal 1.55433e-05 -0.258817 0.965926
    outer loop
      vertex 5.29 18.844 8.81237
      vertex 5.18721 17.2517 8.38572
      vertex 5.29 17.2582 8.38746
    endloop
  endfacet
  facet normal 4.34184e-05 -0.258819 0.965926
    outer loop
      vertex 4.95063 18.8217 8.80641
      vertex 5.18721 17.2517 8.38572
      vertex 5.29 18.844 8.81237
    endloop
  endfacet
  facet normal 0.000265332 -0.258787 0.965934
    outer loop
      vertex 5.18721 17.2517 8.38572
      vertex 4.95063 18.8217 8.80641
      vertex 5.15295 17.2495 8.38514
    endloop
  endfacet
  facet normal -7.78861e-07 -0.258819 0.965926
    outer loop
      vertex 5.15295 17.2495 8.38514
      vertex 4.95063 18.8217 8.80641
      vertex 5.01824 17.2236 8.3782
    endloop
  endfacet
  facet normal -4.29374e-05 -0.258821 0.965925
    outer loop
      vertex 4.61707 18.7554 8.78863
      vertex 5.01824 17.2236 8.3782
      vertex 4.95063 18.8217 8.80641
    endloop
  endfacet
  facet normal -3.94648e-05 -0.25882 0.965926
    outer loop
      vertex 5.01824 17.2236 8.3782
      vertex 4.61707 18.7554 8.78863
      vertex 4.88818 17.181 8.36678
    endloop
  endfacet
  facet normal -1.0747e-05 -0.258816 0.965927
    outer loop
      vertex 4.29502 18.6461 8.75934
      vertex 4.88818 17.181 8.36678
      vertex 4.61707 18.7554 8.78863
    endloop
  endfacet
  facet normal -1.23427e-05 -0.258816 0.965927
    outer loop
      vertex 4.88818 17.181 8.36678
      vertex 4.29502 18.6461 8.75934
      vertex 4.765 17.1223 8.35105
    endloop
  endfacet
  facet normal 4.19672e-05 -0.2588 0.965931
    outer loop
      vertex 3.99 18.4956 8.71903
      vertex 4.765 17.1223 8.35105
      vertex 4.29502 18.6461 8.75934
    endloop
  endfacet
  facet normal -1.15081e-05 -0.258829 0.965923
    outer loop
      vertex 4.765 17.1223 8.35105
      vertex 3.99 18.4956 8.71903
      vertex 4.6508 17.0486 8.3313
    endloop
  endfacet
  facet normal -8.94099e-06 -0.258828 0.965924
    outer loop
      vertex 3.70722 18.3067 8.66841
      vertex 4.6508 17.0486 8.3313
      vertex 3.99 18.4956 8.71903
    endloop
  endfacet
  facet normal -0.000427232 -0.25912 0.965845
    outer loop
      vertex 4.6508 17.0486 8.3313
      vertex 3.70722 18.3067 8.66841
      vertex 4.62498 17.0268 8.32544
    endloop
  endfacet
  facet normal -2.77562e-05 -0.258853 0.965917
    outer loop
      vertex 3.45152 18.0825 8.60832
      vertex 4.62498 17.0268 8.32544
      vertex 3.70722 18.3067 8.66841
    endloop
  endfacet
  facet normal 0.000222369 -0.258594 0.965986
    outer loop
      vertex 4.62498 17.0268 8.32544
      vertex 3.45152 18.0825 8.60832
      vertex 4.54754 16.9611 8.30787
    endloop
  endfacet
  facet normal -9.23497e-05 -0.258881 0.965909
    outer loop
      vertex 4.54754 16.9611 8.30787
      vertex 3.45152 18.0825 8.60832
      vertex 4.45698 16.8614 8.28114
    endloop
  endfacet
  facet normal 4.3028e-06 -0.258806 0.965929
    outer loop
      vertex 3.22728 17.8268 8.53981
      vertex 4.45698 16.8614 8.28114
      vertex 3.45152 18.0825 8.60832
    endloop
  endfacet
  facet normal -6.71382e-05 -0.258891 0.965906
    outer loop
      vertex 4.45698 16.8614 8.28114
      vertex 3.22728 17.8268 8.53981
      vertex 4.39975 16.7787 8.25897
    endloop
  endfacet
  facet normal 1.27942e-05 -0.258808 0.965929
    outer loop
      vertex 3.03833 17.544 8.46404
      vertex 4.39975 16.7787 8.25897
      vertex 3.22728 17.8268 8.53981
    endloop
  endfacet
  facet normal 8.08096e-05 -0.258695 0.965959
    outer loop
      vertex 4.39975 16.7787 8.25897
      vertex 3.03833 17.544 8.46404
      vertex 4.38067 16.7511 8.25158
    endloop
  endfacet
  facet normal 2.36397e-05 -0.258785 0.965935
    outer loop
      vertex 4.38067 16.7511 8.25158
      vertex 3.03833 17.544 8.46404
      vertex 4.31993 16.6321 8.2197
    endloop
  endfacet
  facet normal -1.07685e-05 -0.25883 0.965923
    outer loop
      vertex 2.88791 17.239 8.38231
      vertex 4.31993 16.6321 8.2197
      vertex 3.03833 17.544 8.46404
    endloop
  endfacet
  facet normal 1.81108e-05 -0.258783 0.965936
    outer loop
      vertex 6.19933 15.7369 7.97982
      vertex 7.54167 14.944 7.76737
      vertex 6.26007 15.8559 8.0117
    endloop
  endfacet
  facet normal 7.57039e-05 -0.258692 0.96596
    outer loop
      vertex 6.1421 15.6541 7.95765
      vertex 7.54167 14.944 7.76737
      vertex 6.19933 15.7369 7.97982
    endloop
  endfacet
  facet normal 1.25887e-05 -0.258808 0.965929
    outer loop
      vertex 7.54167 14.944 7.76737
      vertex 6.1421 15.6541 7.95765
      vertex 7.35272 14.6612 7.6916
    endloop
  endfacet
  facet normal -0.000391155 -0.259267 0.965806
    outer loop
      vertex 6.12302 15.6266 7.95026
      vertex 7.35272 14.6612 7.6916
      vertex 6.1421 15.6541 7.95765
    endloop
  endfacet
  facet normal 0.000323755 -0.258417 0.966033
    outer loop
      vertex 6.10038 15.6016 7.94358
      vertex 7.35272 14.6612 7.6916
      vertex 6.12302 15.6266 7.95026
    endloop
  endfacet
  facet normal -8.95177e-06 -0.258831 0.965923
    outer loop
      vertex 7.35272 14.6612 7.6916
      vertex 6.10038 15.6016 7.94358
      vertex 7.12848 14.4055 7.62308
    endloop
  endfacet
  facet normal 2.17201e-05 -0.258806 0.965929
    outer loop
      vertex 6.03246 15.5268 7.92354
      vertex 7.12848 14.4055 7.62308
      vertex 6.10038 15.6016 7.94358
    endloop
  endfacet
  facet normal -8.2942e-06 -0.258833 0.965922
    outer loop
      vertex 7.12848 14.4055 7.62308
      vertex 6.03246 15.5268 7.92354
      vertex 6.87278 14.1813 7.563
    endloop
  endfacet
  facet normal 3.96893e-05 -0.258806 0.965929
    outer loop
      vertex 5.9292 15.4393 7.9001
      vertex 6.87278 14.1813 7.563
      vertex 6.03246 15.5268 7.92354
    endloop
  endfacet
  facet normal 3.50146e-05 -0.258809 0.965929
    outer loop
      vertex 6.87278 14.1813 7.563
      vertex 5.9292 15.4393 7.9001
      vertex 6.59 13.9923 7.51237
    endloop
  endfacet
  facet normal -1.15081e-05 -0.258829 0.965923
    outer loop
      vertex 5.815 15.3656 7.88035
      vertex 6.59 13.9923 7.51237
      vertex 5.9292 15.4393 7.9001
    endloop
  endfacet
  facet normal -5.22027e-07 -0.258823 0.965925
    outer loop
      vertex 5.72261 15.3216 7.86856
      vertex 6.59 13.9923 7.51237
      vertex 5.815 15.3656 7.88035
    endloop
  endfacet
  facet normal -2.36236e-05 -0.258837 0.965921
    outer loop
      vertex 6.59 13.9923 7.51237
      vertex 5.72261 15.3216 7.86856
      vertex 6.28498 13.8419 7.47206
    endloop
  endfacet
  facet normal -0.000472803 -0.258996 0.965878
    outer loop
      vertex 5.69182 15.307 7.86463
      vertex 6.28498 13.8419 7.47206
      vertex 5.72261 15.3216 7.86856
    endloop
  endfacet
  facet normal 0.000184505 -0.258748 0.965945
    outer loop
      vertex 5.6593 15.2963 7.86177
      vertex 6.28498 13.8419 7.47206
      vertex 5.69182 15.307 7.86463
    endloop
  endfacet
  facet normal -7.32933e-06 -0.258825 0.965924
    outer loop
      vertex 6.28498 13.8419 7.47206
      vertex 5.6593 15.2963 7.86177
      vertex 5.96293 13.7326 7.44277
    endloop
  endfacet
  facet normal 4.22178e-05 -0.258816 0.965927
    outer loop
      vertex 5.56176 15.2643 7.8532
      vertex 5.96293 13.7326 7.44277
      vertex 5.6593 15.2963 7.86177
    endloop
  endfacet
  facet normal -1.48457e-05 -0.25883 0.965923
    outer loop
      vertex 5.46073 15.2449 7.848
      vertex 5.96293 13.7326 7.44277
      vertex 5.56176 15.2643 7.8532
    endloop
  endfacet
  facet normal 3.33681e-05 -0.258815 0.965927
    outer loop
      vertex 5.96293 13.7326 7.44277
      vertex 5.46073 15.2449 7.848
      vertex 5.62937 13.6662 7.42499
    endloop
  endfacet
  facet normal 0.000327764 -0.258786 0.965935
    outer loop
      vertex 5.42705 15.2384 7.84627
      vertex 5.62937 13.6662 7.42499
      vertex 5.46073 15.2449 7.848
    endloop
  endfacet
  facet normal -0.000178847 -0.258846 0.965918
    outer loop
      vertex 5.29 15.2298 7.84394
      vertex 5.62937 13.6662 7.42499
      vertex 5.42705 15.2384 7.84627
    endloop
  endfacet
  facet normal -3.29638e-05 -0.258817 0.965926
    outer loop
      vertex 5.29 15.2298 7.84394
      vertex 5.29 13.644 7.41903
      vertex 5.62937 13.6662 7.42499
    endloop
  endfacet
  facet normal 0.000180835 -0.258817 0.965926
    outer loop
      vertex 5.15295 15.2384 7.84627
      vertex 5.29 13.644 7.41903
      vertex 5.29 15.2298 7.84394
    endloop
  endfacet
  facet normal -0.000327764 -0.258786 0.965935
    outer loop
      vertex 4.95063 13.6662 7.42499
      vertex 5.15295 15.2384 7.84627
      vertex 5.11927 15.2449 7.848
    endloop
  endfacet
  facet normal 1.48457e-05 -0.25883 0.965923
    outer loop
      vertex 4.61707 13.7326 7.44277
      vertex 5.11927 15.2449 7.848
      vertex 5.01824 15.2643 7.8532
    endloop
  endfacet
  facet normal 3.21275e-05 -0.258829 0.965923
    outer loop
      vertex 5.15295 15.2384 7.84627
      vertex 4.95063 13.6662 7.42499
      vertex 5.29 13.644 7.41903
    endloop
  endfacet
  facet normal -4.22178e-05 -0.258816 0.965927
    outer loop
      vertex 4.61707 13.7326 7.44277
      vertex 5.01824 15.2643 7.8532
      vertex 4.9207 15.2963 7.86177
    endloop
  endfacet
  facet normal -0.000184505 -0.258748 0.965945
    outer loop
      vertex 4.29502 13.8419 7.47206
      vertex 4.9207 15.2963 7.86177
      vertex 4.88818 15.307 7.86463
    endloop
  endfacet
  facet normal 0.000472803 -0.258996 0.965878
    outer loop
      vertex 4.29502 13.8419 7.47206
      vertex 4.88818 15.307 7.86463
      vertex 4.85739 15.3216 7.86856
    endloop
  endfacet
  facet normal 5.22027e-07 -0.258823 0.965925
    outer loop
      vertex 3.99 13.9923 7.51237
      vertex 4.85739 15.3216 7.86856
      vertex 4.765 15.3656 7.88035
    endloop
  endfacet
  facet normal 1.15081e-05 -0.258829 0.965923
    outer loop
      vertex 3.99 13.9923 7.51237
      vertex 4.765 15.3656 7.88035
      vertex 4.6508 15.4393 7.9001
    endloop
  endfacet
  facet normal -3.33681e-05 -0.258815 0.965927
    outer loop
      vertex 5.11927 15.2449 7.848
      vertex 4.61707 13.7326 7.44277
      vertex 4.95063 13.6662 7.42499
    endloop
  endfacet
  facet normal -3.96893e-05 -0.258806 0.965929
    outer loop
      vertex 3.70722 14.1813 7.563
      vertex 4.6508 15.4393 7.9001
      vertex 4.54754 15.5268 7.92354
    endloop
  endfacet
  facet normal -2.17201e-05 -0.258806 0.965929
    outer loop
      vertex 3.45152 14.4055 7.62308
      vertex 4.54754 15.5268 7.92354
      vertex 4.47962 15.6016 7.94358
    endloop
  endfacet
  facet normal -0.000323755 -0.258417 0.966033
    outer loop
      vertex 3.22728 14.6612 7.6916
      vertex 4.47962 15.6016 7.94358
      vertex 4.45698 15.6266 7.95026
    endloop
  endfacet
  facet normal 0.000391155 -0.259267 0.965806
    outer loop
      vertex 3.22728 14.6612 7.6916
      vertex 4.45698 15.6266 7.95026
      vertex 4.4379 15.6541 7.95765
    endloop
  endfacet
  facet normal -7.57039e-05 -0.258692 0.96596
    outer loop
      vertex 3.03833 14.944 7.76737
      vertex 4.4379 15.6541 7.95765
      vertex 4.38067 15.7369 7.97982
    endloop
  endfacet
  facet normal -1.81108e-05 -0.258783 0.965936
    outer loop
      vertex 3.03833 14.944 7.76737
      vertex 4.38067 15.7369 7.97982
      vertex 4.31993 15.8559 8.0117
    endloop
  endfacet
  facet normal 7.32933e-06 -0.258825 0.965924
    outer loop
      vertex 4.9207 15.2963 7.86177
      vertex 4.29502 13.8419 7.47206
      vertex 4.61707 13.7326 7.44277
    endloop
  endfacet
  facet normal 5.49796e-05 -0.258913 0.965901
    outer loop
      vertex 2.88791 15.249 7.8491
      vertex 4.31993 15.8559 8.0117
      vertex 4.27578 15.9815 8.04537
    endloop
  endfacet
  facet normal -3.87446e-05 -0.258717 0.965953
    outer loop
      vertex 2.77859 15.5711 7.93539
      vertex 4.27578 15.9815 8.04537
      vertex 4.25568 16.0791 8.07151
    endloop
  endfacet
  facet normal 4.87334e-05 -0.259133 0.965842
    outer loop
      vertex 2.71224 15.9046 8.02477
      vertex 4.25568 16.0791 8.07151
      vertex 4.24898 16.1116 8.08023
    endloop
  endfacet
  facet normal -2.88855e-06 -0.258775 0.965938
    outer loop
      vertex 2.71224 15.9046 8.02477
      vertex 4.24898 16.1116 8.08023
      vertex 4.24 16.244 8.1157
    endloop
  endfacet
  facet normal -7.74717e-05 -0.258977 0.965883
    outer loop
      vertex 4.31993 16.6321 8.2197
      vertex 2.88791 17.239 8.38231
      vertex 4.30889 16.6007 8.21128
    endloop
  endfacet
  facet normal 2.36236e-05 -0.258837 0.965921
    outer loop
      vertex 4.85739 15.3216 7.86856
      vertex 3.99 13.9923 7.51237
      vertex 4.29502 13.8419 7.47206
    endloop
  endfacet
  facet normal 6.35986e-06 -0.258803 0.96593
    outer loop
      vertex 2.77859 16.9169 8.29601
      vertex 4.30889 16.6007 8.21128
      vertex 2.88791 17.239 8.38231
    endloop
  endfacet
  facet normal -3.50146e-05 -0.258809 0.965929
    outer loop
      vertex 4.6508 15.4393 7.9001
      vertex 3.70722 14.1813 7.563
      vertex 3.99 13.9923 7.51237
    endloop
  endfacet
  facet normal 4.23544e-06 -0.258813 0.965928
    outer loop
      vertex 4.30889 16.6007 8.21128
      vertex 2.77859 16.9169 8.29601
      vertex 4.27578 16.5065 8.18604
    endloop
  endfacet
  facet normal 8.2942e-06 -0.258833 0.965922
    outer loop
      vertex 4.54754 15.5268 7.92354
      vertex 3.45152 14.4055 7.62308
      vertex 3.70722 14.1813 7.563
    endloop
  endfacet
  facet normal -8.7607e-05 -0.259125 0.965844
    outer loop
      vertex 4.27578 16.5065 8.18604
      vertex 2.77859 16.9169 8.29601
      vertex 4.26908 16.474 8.17732
    endloop
  endfacet
  facet normal 8.95177e-06 -0.258831 0.965923
    outer loop
      vertex 4.47962 15.6016 7.94358
      vertex 3.22728 14.6612 7.6916
      vertex 3.45152 14.4055 7.62308
    endloop
  endfacet
  facet normal 2.09526e-06 -0.258844 0.965919
    outer loop
      vertex 2.71224 16.5834 8.20664
      vertex 4.26908 16.474 8.17732
      vertex 2.77859 16.9169 8.29601
    endloop
  endfacet
  facet normal -1.25887e-05 -0.258808 0.965929
    outer loop
      vertex 4.4379 15.6541 7.95765
      vertex 3.03833 14.944 7.76737
      vertex 3.22728 14.6612 7.6916
    endloop
  endfacet
  facet normal 5.15091e-06 -0.258803 0.96593
    outer loop
      vertex 4.26908 16.474 8.17732
      vertex 2.71224 16.5834 8.20664
      vertex 4.24898 16.3764 8.15117
    endloop
  endfacet
  facet normal 1.63476e-05 -0.258828 0.965923
    outer loop
      vertex 4.31993 15.8559 8.0117
      vertex 2.88791 15.249 7.8491
      vertex 3.03833 14.944 7.76737
    endloop
  endfacet
  facet normal 9.11727e-06 -0.258776 0.965937
    outer loop
      vertex 4.24898 16.3764 8.15117
      vertex 2.71224 16.5834 8.20664
      vertex 4.24 16.244 8.1157
    endloop
  endfacet
  facet normal -2.04179e-05 -0.25878 0.965936
    outer loop
      vertex 4.27578 15.9815 8.04537
      vertex 2.77859 15.5711 7.93539
      vertex 2.88791 15.249 7.8491
    endloop
  endfacet
  facet normal 0 -0.258814 0.965927
    outer loop
      vertex 2.69 16.244 8.1157
      vertex 4.24 16.244 8.1157
      vertex 2.71224 16.5834 8.20664
    endloop
  endfacet
  facet normal 1.65538e-05 -0.258867 0.965913
    outer loop
      vertex 4.25568 16.0791 8.07151
      vertex 2.71224 15.9046 8.02477
      vertex 2.77859 15.5711 7.93539
    endloop
  endfacet
  facet normal 0 -0.258787 0.965934
    outer loop
      vertex 4.24 16.244 8.1157
      vertex 2.69 16.244 8.1157
      vertex 2.71224 15.9046 8.02477
    endloop
  endfacet
  facet normal -0.997861 -0.0631468 -0.01692
    outer loop
      vertex 6.34 17.7969 2.32015
      vertex 6.33102 16.3764 8.15117
      vertex 6.33102 17.9293 2.35562
    endloop
  endfacet
  facet normal -0.997861 -0.0631468 -0.01692
    outer loop
      vertex 6.33102 16.3764 8.15117
      vertex 6.34 17.7969 2.32015
      vertex 6.34 16.244 8.1157
    endloop
  endfacet
  facet normal -0.831439 0.536683 0.14381
    outer loop
      vertex 6.12302 17.1795 2.15471
      vertex 6.1421 15.6541 7.95765
      vertex 6.19933 17.2898 2.18427
    endloop
  endfacet
  facet normal -0.830752 0.537676 0.144069
    outer loop
      vertex 6.1421 15.6541 7.95765
      vertex 6.12302 17.1795 2.15471
      vertex 6.12302 15.6266 7.95026
    endloop
  endfacet
  facet normal 0.000141 -0.259003 0.965877
    outer loop
      vertex 5.01824 18.7766 2.58265
      vertex 4.6508 18.6015 2.53575
      vertex 4.45698 18.4143 2.48558
    endloop
  endfacet
  facet normal 0.659871 -0.725774 -0.194481
    outer loop
      vertex 4.54754 18.5141 2.51231
      vertex 4.62498 17.0268 8.32544
      vertex 4.54754 16.9611 8.30787
    endloop
  endfacet
  facet normal -7.23056e-05 -0.259762 0.965673
    outer loop
      vertex 5.56176 18.7766 2.58265
      vertex 5.42705 18.8024 2.58958
      vertex 5.29 18.8111 2.59191
    endloop
  endfacet
  facet normal -0.00024616 -0.258827 0.965924
    outer loop
      vertex 6.33102 17.6645 2.28467
      vertex 6.34 17.7969 2.32015
      vertex 6.30422 18.0594 2.39048
    endloop
  endfacet
  facet normal 0.0653224 -0.963863 -0.258264
    outer loop
      vertex 5.29 18.8111 2.59191
      vertex 5.29 17.2582 8.38746
      vertex 5.18721 17.2517 8.38572
    endloop
  endfacet
  facet normal 0 -0.25923 0.965815
    outer loop
      vertex 5.56176 18.7766 2.58265
      vertex 5.29 18.8111 2.59191
      vertex 5.01824 18.7766 2.58265
    endloop
  endfacet
  facet normal 0.997861 -0.0631468 -0.01692
    outer loop
      vertex 4.24898 16.3764 8.15117
      vertex 4.24 17.7969 2.32015
      vertex 4.24898 17.9293 2.35562
    endloop
  endfacet
  facet normal 0.997861 -0.0631468 -0.01692
    outer loop
      vertex 4.24 17.7969 2.32015
      vertex 4.24898 16.3764 8.15117
      vertex 4.24 16.244 8.1157
    endloop
  endfacet
  facet normal -0.980782 0.18846 0.0504972
    outer loop
      vertex 6.32432 16.0791 8.07151
      vertex 6.30422 17.5344 2.24981
      vertex 6.30422 15.9815 8.04537
    endloop
  endfacet
  facet normal 0 -0.258753 0.965944
    outer loop
      vertex 5.29 16.7827 2.04839
      vertex 5.69182 16.8599 2.06907
      vertex 4.88818 16.8599 2.06907
    endloop
  endfacet
  facet normal 0.896912 0.427141 0.114451
    outer loop
      vertex 4.31993 15.8559 8.0117
      vertex 4.38067 17.2898 2.18427
      vertex 4.31993 17.4088 2.21615
    endloop
  endfacet
  facet normal 0.896912 0.427141 0.114451
    outer loop
      vertex 4.38067 17.2898 2.18427
      vertex 4.31993 15.8559 8.0117
      vertex 4.38067 15.7369 7.97982
    endloop
  endfacet
  facet normal -0.997861 0.0631456 0.0169197
    outer loop
      vertex 6.33102 17.6645 2.28467
      vertex 6.34 16.244 8.1157
      vertex 6.34 17.7969 2.32015
    endloop
  endfacet
  facet normal -0.997861 0.0631468 0.01692
    outer loop
      vertex 6.34 16.244 8.1157
      vertex 6.33102 17.6645 2.28467
      vertex 6.33102 16.1116 8.08023
    endloop
  endfacet
  facet normal 0.000187188 -0.25892 0.965899
    outer loop
      vertex 4.45698 18.4143 2.48558
      vertex 4.31993 18.185 2.42414
      vertex 4.27578 18.0594 2.39048
    endloop
  endfacet
  facet normal -1.7019e-06 -0.258838 0.965921
    outer loop
      vertex 6.26007 17.4088 2.21615
      vertex 6.33102 17.6645 2.28467
      vertex 5.9292 16.9923 2.10454
    endloop
  endfacet
  facet normal 2.01447e-05 -0.258813 0.965927
    outer loop
      vertex 4.88818 16.8599 2.06907
      vertex 4.27578 18.0594 2.39048
      vertex 4.24898 17.6645 2.28467
    endloop
  endfacet
  facet normal -0.000110698 -0.25929 0.965799
    outer loop
      vertex 5.15295 16.7914 2.05071
      vertex 5.29 16.7827 2.04839
      vertex 4.88818 16.8599 2.06907
    endloop
  endfacet
  facet normal 0.442438 -0.866242 -0.232107
    outer loop
      vertex 4.765 17.1223 8.35105
      vertex 4.88818 18.7339 2.57122
      vertex 4.88818 17.181 8.36678
    endloop
  endfacet
  facet normal 0.442422 -0.866249 -0.232109
    outer loop
      vertex 4.88818 18.7339 2.57122
      vertex 4.765 17.1223 8.35105
      vertex 4.765 18.6752 2.5555
    endloop
  endfacet
  facet normal -0.00125711 -0.257652 0.966237
    outer loop
      vertex 4.6508 18.6015 2.53575
      vertex 4.54754 18.5141 2.51231
      vertex 4.45698 18.4143 2.48558
    endloop
  endfacet
  facet normal 0.00024616 -0.258827 0.965924
    outer loop
      vertex 4.24898 17.6645 2.28467
      vertex 4.27578 18.0594 2.39048
      vertex 4.24 17.7969 2.32015
    endloop
  endfacet
  facet normal 0.555542 0.803153 0.215216
    outer loop
      vertex 4.765 15.3656 7.88035
      vertex 4.6508 16.9923 2.10454
      vertex 4.6508 15.4393 7.9001
    endloop
  endfacet
  facet normal 0.555529 0.803162 0.215219
    outer loop
      vertex 4.6508 16.9923 2.10454
      vertex 4.765 15.3656 7.88035
      vertex 4.765 16.9186 2.0848
    endloop
  endfacet
  facet normal -0.751798 0.636926 0.170662
    outer loop
      vertex 6.10038 15.6016 7.94358
      vertex 6.03246 17.0797 2.12798
      vertex 6.03246 15.5268 7.92354
    endloop
  endfacet
  facet normal -0.980783 -0.188456 -0.0504961
    outer loop
      vertex 6.33102 17.9293 2.35562
      vertex 6.33102 16.3764 8.15117
      vertex 6.31092 16.474 8.17732
    endloop
  endfacet
  facet normal 0.000331583 -0.258754 0.965943
    outer loop
      vertex 6.34 17.7969 2.32015
      vertex 6.33102 17.9293 2.35562
      vertex 6.30422 18.0594 2.39048
    endloop
  endfacet
  facet normal -0.980773 0.188501 0.0505075
    outer loop
      vertex 6.32432 16.0791 8.07151
      vertex 6.33102 17.6645 2.28467
      vertex 6.30422 17.5344 2.24981
    endloop
  endfacet
  facet normal -0.980748 0.188624 0.0505412
    outer loop
      vertex 6.33102 17.6645 2.28467
      vertex 6.32432 16.0791 8.07151
      vertex 6.33102 16.1116 8.08023
    endloop
  endfacet
  facet normal -0.946914 -0.310533 -0.0832062
    outer loop
      vertex 6.30422 18.0594 2.39048
      vertex 6.30422 16.5065 8.18604
      vertex 6.27111 16.6007 8.21128
    endloop
  endfacet
  facet normal -0.555542 0.803153 0.215216
    outer loop
      vertex 5.9292 16.9923 2.10454
      vertex 5.815 15.3656 7.88035
      vertex 5.9292 15.4393 7.9001
    endloop
  endfacet
  facet normal -0.555529 0.803162 0.215219
    outer loop
      vertex 5.815 15.3656 7.88035
      vertex 5.9292 16.9923 2.10454
      vertex 5.815 16.9186 2.0848
    endloop
  endfacet
  facet normal 0.75201 -0.63669 -0.17061
    outer loop
      vertex 4.54754 16.9611 8.30787
      vertex 4.45698 18.4143 2.48558
      vertex 4.54754 18.5141 2.51231
    endloop
  endfacet
  facet normal 0.751704 -0.637029 -0.17069
    outer loop
      vertex 4.45698 18.4143 2.48558
      vertex 4.54754 16.9611 8.30787
      vertex 4.45698 16.8614 8.28114
    endloop
  endfacet
  facet normal 0.658197 -0.727194 -0.194849
    outer loop
      vertex 4.62498 17.0268 8.32544
      vertex 4.6508 18.6015 2.53575
      vertex 4.6508 17.0486 8.3313
    endloop
  endfacet
  facet normal 0.659066 -0.726461 -0.194646
    outer loop
      vertex 4.6508 18.6015 2.53575
      vertex 4.62498 17.0268 8.32544
      vertex 4.54754 18.5141 2.51231
    endloop
  endfacet
  facet normal 0.0662625 -0.963808 -0.258233
    outer loop
      vertex 5.15295 17.2495 8.38514
      vertex 5.29 18.8111 2.59191
      vertex 5.18721 17.2517 8.38572
    endloop
  endfacet
  facet normal 0.0655762 -0.963847 -0.25826
    outer loop
      vertex 5.29 18.8111 2.59191
      vertex 5.15295 17.2495 8.38514
      vertex 5.15295 18.8024 2.58958
    endloop
  endfacet
  facet normal 7.23056e-05 -0.259762 0.965673
    outer loop
      vertex 5.29 18.8111 2.59191
      vertex 5.15295 18.8024 2.58958
      vertex 5.01824 18.7766 2.58265
    endloop
  endfacet
  facet normal 0 -0.258799 0.965931
    outer loop
      vertex 5.01824 18.7766 2.58265
      vertex 6.12302 18.4143 2.48558
      vertex 5.56176 18.7766 2.58265
    endloop
  endfacet
  facet normal 0 -0.258799 0.965931
    outer loop
      vertex 6.12302 18.4143 2.48558
      vertex 5.01824 18.7766 2.58265
      vertex 4.45698 18.4143 2.48558
    endloop
  endfacet
  facet normal 0.000123242 -0.258928 0.965897
    outer loop
      vertex 5.01824 18.7766 2.58265
      vertex 4.88818 18.7339 2.57122
      vertex 4.765 18.6752 2.5555
    endloop
  endfacet
  facet normal -0.000331583 -0.258754 0.965943
    outer loop
      vertex 4.27578 18.0594 2.39048
      vertex 4.24898 17.9293 2.35562
      vertex 4.24 17.7969 2.32015
    endloop
  endfacet
  facet normal 0.000304671 -0.258759 0.965942
    outer loop
      vertex 4.27578 17.5344 2.24981
      vertex 4.31993 17.4088 2.21615
      vertex 4.24898 17.6645 2.28467
    endloop
  endfacet
  facet normal 0.946908 0.31055 0.0832108
    outer loop
      vertex 4.27578 15.9815 8.04537
      vertex 4.31993 17.4088 2.21615
      vertex 4.27578 17.5344 2.24981
    endloop
  endfacet
  facet normal 0.94691 0.310545 0.0832095
    outer loop
      vertex 4.31993 17.4088 2.21615
      vertex 4.27578 15.9815 8.04537
      vertex 4.31993 15.8559 8.0117
    endloop
  endfacet
  facet normal 0.997861 0.0631456 0.0169197
    outer loop
      vertex 4.24 16.244 8.1157
      vertex 4.24898 17.6645 2.28467
      vertex 4.24 17.7969 2.32015
    endloop
  endfacet
  facet normal 0.997861 0.0631468 0.01692
    outer loop
      vertex 4.24898 17.6645 2.28467
      vertex 4.24 16.244 8.1157
      vertex 4.24898 16.1116 8.08023
    endloop
  endfacet
  facet normal 0 -0.258823 0.965925
    outer loop
      vertex 6.30422 18.0594 2.39048
      vertex 4.88818 16.8599 2.06907
      vertex 5.69182 16.8599 2.06907
    endloop
  endfacet
  facet normal 0 -0.258823 0.965925
    outer loop
      vertex 4.88818 16.8599 2.06907
      vertex 6.30422 18.0594 2.39048
      vertex 4.27578 18.0594 2.39048
    endloop
  endfacet
  facet normal -5.70107e-05 -0.25887 0.965912
    outer loop
      vertex 4.6508 16.9923 2.10454
      vertex 4.88818 16.8599 2.06907
      vertex 4.24898 17.6645 2.28467
    endloop
  endfacet
  facet normal -0.442215 0.866345 0.232149
    outer loop
      vertex 5.815 15.3656 7.88035
      vertex 5.815 16.9186 2.0848
      vertex 5.72261 15.3216 7.86856
    endloop
  endfacet
  facet normal -0.980773 -0.188501 -0.0505075
    outer loop
      vertex 6.31092 16.474 8.17732
      vertex 6.30422 18.0594 2.39048
      vertex 6.33102 17.9293 2.35562
    endloop
  endfacet
  facet normal -0.980748 -0.188624 -0.0505412
    outer loop
      vertex 6.30422 18.0594 2.39048
      vertex 6.31092 16.474 8.17732
      vertex 6.30422 16.5065 8.18604
    endloop
  endfacet
  facet normal -0.896912 0.427141 0.114451
    outer loop
      vertex 6.19933 17.2898 2.18427
      vertex 6.26007 15.8559 8.0117
      vertex 6.26007 17.4088 2.21615
    endloop
  endfacet
  facet normal -0.896912 0.427141 0.114451
    outer loop
      vertex 6.26007 15.8559 8.0117
      vertex 6.19933 17.2898 2.18427
      vertex 6.19933 15.7369 7.97982
    endloop
  endfacet
  facet normal -0.322394 0.914351 0.244997
    outer loop
      vertex 5.69182 16.8599 2.06907
      vertex 5.6593 15.2963 7.86177
      vertex 5.69182 15.307 7.86463
    endloop
  endfacet
  facet normal -0.321774 0.914554 0.245055
    outer loop
      vertex 5.6593 15.2963 7.86177
      vertex 5.69182 16.8599 2.06907
      vertex 5.56176 16.8172 2.05765
    endloop
  endfacet
  facet normal -0.440781 0.867019 0.232358
    outer loop
      vertex 5.815 16.9186 2.0848
      vertex 5.69182 15.307 7.86463
      vertex 5.72261 15.3216 7.86856
    endloop
  endfacet
  facet normal -0.442438 0.866242 0.232107
    outer loop
      vertex 5.69182 15.307 7.86463
      vertex 5.815 16.9186 2.0848
      vertex 5.69182 16.8599 2.06907
    endloop
  endfacet
  facet normal 0.980748 -0.188624 -0.0505412
    outer loop
      vertex 4.26908 16.474 8.17732
      vertex 4.27578 18.0594 2.39048
      vertex 4.27578 16.5065 8.18604
    endloop
  endfacet
  facet normal 0.980773 -0.188501 -0.0505075
    outer loop
      vertex 4.27578 18.0594 2.39048
      vertex 4.26908 16.474 8.17732
      vertex 4.24898 17.9293 2.35562
    endloop
  endfacet
  facet normal -0.831433 -0.536693 -0.143803
    outer loop
      vertex 6.19933 18.304 2.45603
      vertex 6.18025 16.7787 8.25897
      vertex 6.12302 18.4143 2.48558
    endloop
  endfacet
  facet normal -0.831622 -0.536419 -0.143732
    outer loop
      vertex 6.18025 16.7787 8.25897
      vertex 6.19933 18.304 2.45603
      vertex 6.19933 16.7511 8.25158
    endloop
  endfacet
  facet normal 0.555542 -0.803157 -0.215203
    outer loop
      vertex 4.6508 17.0486 8.3313
      vertex 4.765 18.6752 2.5555
      vertex 4.765 17.1223 8.35105
    endloop
  endfacet
  facet normal 0.555542 -0.803157 -0.215203
    outer loop
      vertex 4.765 18.6752 2.5555
      vertex 4.6508 17.0486 8.3313
      vertex 4.6508 18.6015 2.53575
    endloop
  endfacet
  facet normal 0.000231098 -0.259179 0.965829
    outer loop
      vertex 5.01824 18.7766 2.58265
      vertex 4.765 18.6752 2.5555
      vertex 4.6508 18.6015 2.53575
    endloop
  endfacet
  facet normal -0.0653224 -0.963863 -0.258264
    outer loop
      vertex 5.29 18.8111 2.59191
      vertex 5.39279 17.2517 8.38572
      vertex 5.29 17.2582 8.38746
    endloop
  endfacet
  facet normal 0.831439 0.536683 0.14381
    outer loop
      vertex 4.4379 15.6541 7.95765
      vertex 4.45698 17.1795 2.15471
      vertex 4.38067 17.2898 2.18427
    endloop
  endfacet
  facet normal 0.830752 0.537676 0.144069
    outer loop
      vertex 4.45698 17.1795 2.15471
      vertex 4.4379 15.6541 7.95765
      vertex 4.45698 15.6266 7.95026
    endloop
  endfacet
  facet normal 0.442215 0.866345 0.232149
    outer loop
      vertex 4.85739 15.3216 7.86856
      vertex 4.765 16.9186 2.0848
      vertex 4.765 15.3656 7.88035
    endloop
  endfacet
  facet normal 0.752612 0.636028 0.170422
    outer loop
      vertex 4.47962 15.6016 7.94358
      vertex 4.45698 17.1795 2.15471
      vertex 4.45698 15.6266 7.95026
    endloop
  endfacet
  facet normal 0.75201 0.636691 0.170605
    outer loop
      vertex 4.45698 17.1795 2.15471
      vertex 4.47962 15.6016 7.94358
      vertex 4.54754 17.0797 2.12798
    endloop
  endfacet
  facet normal 1.7019e-06 -0.258838 0.965921
    outer loop
      vertex 4.31993 17.4088 2.21615
      vertex 4.6508 16.9923 2.10454
      vertex 4.24898 17.6645 2.28467
    endloop
  endfacet
  facet normal -0.0648759 0.963887 0.258287
    outer loop
      vertex 5.42705 16.7914 2.05071
      vertex 5.29 15.2298 7.84394
      vertex 5.42705 15.2384 7.84627
    endloop
  endfacet
  facet normal -0.0655574 0.963848 0.25826
    outer loop
      vertex 5.29 15.2298 7.84394
      vertex 5.42705 16.7914 2.05071
      vertex 5.29 16.7827 2.04839
    endloop
  endfacet
  facet normal -2.01447e-05 -0.258813 0.965927
    outer loop
      vertex 6.33102 17.6645 2.28467
      vertex 6.30422 18.0594 2.39048
      vertex 5.69182 16.8599 2.06907
    endloop
  endfacet
  facet normal -0.659464 0.726122 0.194562
    outer loop
      vertex 6.03246 17.0797 2.12798
      vertex 5.9292 15.4393 7.9001
      vertex 6.03246 15.5268 7.92354
    endloop
  endfacet
  facet normal -0.659066 0.726456 0.194664
    outer loop
      vertex 5.9292 15.4393 7.9001
      vertex 6.03246 17.0797 2.12798
      vertex 5.9292 16.9923 2.10454
    endloop
  endfacet
  facet normal -0.000517632 -0.258527 0.966004
    outer loop
      vertex 6.19933 17.2898 2.18427
      vertex 6.26007 17.4088 2.21615
      vertex 6.12302 17.1795 2.15471
    endloop
  endfacet
  facet normal -0.946908 0.31055 0.0832108
    outer loop
      vertex 6.26007 17.4088 2.21615
      vertex 6.30422 15.9815 8.04537
      vertex 6.30422 17.5344 2.24981
    endloop
  endfacet
  facet normal -0.94691 0.310545 0.0832095
    outer loop
      vertex 6.30422 15.9815 8.04537
      vertex 6.26007 17.4088 2.21615
      vertex 6.26007 15.8559 8.0117
    endloop
  endfacet
  facet normal 0 -0.258831 0.965923
    outer loop
      vertex 4.45698 18.4143 2.48558
      vertex 6.30422 18.0594 2.39048
      vertex 6.12302 18.4143 2.48558
    endloop
  endfacet
  facet normal 0 -0.258831 0.965923
    outer loop
      vertex 6.30422 18.0594 2.39048
      vertex 4.45698 18.4143 2.48558
      vertex 4.27578 18.0594 2.39048
    endloop
  endfacet
  facet normal 0.831378 -0.536773 -0.143826
    outer loop
      vertex 4.45698 18.4143 2.48558
      vertex 4.45698 16.8614 8.28114
      vertex 4.39975 16.7787 8.25897
    endloop
  endfacet
  facet normal 0.831433 -0.536693 -0.143803
    outer loop
      vertex 4.39975 16.7787 8.25897
      vertex 4.38067 18.304 2.45603
      vertex 4.45698 18.4143 2.48558
    endloop
  endfacet
  facet normal 0.831622 -0.536419 -0.143732
    outer loop
      vertex 4.38067 18.304 2.45603
      vertex 4.39975 16.7787 8.25897
      vertex 4.38067 16.7511 8.25158
    endloop
  endfacet
  facet normal 0.000412505 -0.259046 0.965865
    outer loop
      vertex 4.45698 18.4143 2.48558
      vertex 4.38067 18.304 2.45603
      vertex 4.31993 18.185 2.42414
    endloop
  endfacet
  facet normal 0.896916 -0.427134 -0.114449
    outer loop
      vertex 4.38067 16.7511 8.25158
      vertex 4.31993 18.185 2.42414
      vertex 4.38067 18.304 2.45603
    endloop
  endfacet
  facet normal 0.896912 -0.427141 -0.114451
    outer loop
      vertex 4.31993 18.185 2.42414
      vertex 4.38067 16.7511 8.25158
      vertex 4.31993 16.6321 8.2197
    endloop
  endfacet
  facet normal -0.555542 -0.803157 -0.215203
    outer loop
      vertex 5.815 18.6752 2.5555
      vertex 5.9292 17.0486 8.3313
      vertex 5.815 17.1223 8.35105
    endloop
  endfacet
  facet normal -0.555542 -0.803157 -0.215203
    outer loop
      vertex 5.9292 17.0486 8.3313
      vertex 5.815 18.6752 2.5555
      vertex 5.9292 18.6015 2.53575
    endloop
  endfacet
  facet normal -0.896916 -0.427134 -0.114449
    outer loop
      vertex 6.26007 18.185 2.42414
      vertex 6.19933 16.7511 8.25158
      vertex 6.19933 18.304 2.45603
    endloop
  endfacet
  facet normal -0.896912 -0.427141 -0.114451
    outer loop
      vertex 6.19933 16.7511 8.25158
      vertex 6.26007 18.185 2.42414
      vertex 6.26007 16.6321 8.2197
    endloop
  endfacet
  facet normal -0.000412505 -0.259046 0.965865
    outer loop
      vertex 6.26007 18.185 2.42414
      vertex 6.19933 18.304 2.45603
      vertex 6.12302 18.4143 2.48558
    endloop
  endfacet
  facet normal -0.831378 -0.536773 -0.143826
    outer loop
      vertex 6.12302 18.4143 2.48558
      vertex 6.18025 16.7787 8.25897
      vertex 6.12302 16.8614 8.28114
    endloop
  endfacet
  facet normal -0.658341 -0.727072 -0.194817
    outer loop
      vertex 5.9292 18.6015 2.53575
      vertex 5.95501 17.0268 8.32544
      vertex 5.9292 17.0486 8.3313
    endloop
  endfacet
  facet normal -0.659066 -0.72646 -0.194647
    outer loop
      vertex 5.95501 17.0268 8.32544
      vertex 5.9292 18.6015 2.53575
      vertex 6.03246 18.5141 2.51231
    endloop
  endfacet
  facet normal -0.0662625 -0.963808 -0.258233
    outer loop
      vertex 5.29 18.8111 2.59191
      vertex 5.42705 17.2495 8.38514
      vertex 5.39279 17.2517 8.38572
    endloop
  endfacet
  facet normal -0.0655762 -0.963847 -0.25826
    outer loop
      vertex 5.42705 17.2495 8.38514
      vertex 5.29 18.8111 2.59191
      vertex 5.42705 18.8024 2.58958
    endloop
  endfacet
  facet normal -0.195218 -0.947342 -0.253837
    outer loop
      vertex 5.42705 18.8024 2.58958
      vertex 5.56176 17.2236 8.3782
      vertex 5.42705 17.2495 8.38514
    endloop
  endfacet
  facet normal -0.194523 -0.947471 -0.253888
    outer loop
      vertex 5.56176 17.2236 8.3782
      vertex 5.42705 18.8024 2.58958
      vertex 5.56176 18.7766 2.58265
    endloop
  endfacet
  facet normal 0.321144 -0.914758 -0.245122
    outer loop
      vertex 4.88818 17.181 8.36678
      vertex 5.01824 18.7766 2.58265
      vertex 5.01824 17.2236 8.3782
    endloop
  endfacet
  facet normal 0.321791 -0.914549 -0.24505
    outer loop
      vertex 5.01824 18.7766 2.58265
      vertex 4.88818 17.181 8.36678
      vertex 4.88818 18.7339 2.57122
    endloop
  endfacet
  facet normal 0.195218 -0.947342 -0.253837
    outer loop
      vertex 5.01824 17.2236 8.3782
      vertex 5.15295 18.8024 2.58958
      vertex 5.15295 17.2495 8.38514
    endloop
  endfacet
  facet normal 0.194523 -0.947471 -0.253888
    outer loop
      vertex 5.15295 18.8024 2.58958
      vertex 5.01824 17.2236 8.3782
      vertex 5.01824 18.7766 2.58265
    endloop
  endfacet
  facet normal 0.440781 0.867019 0.232358
    outer loop
      vertex 4.88818 15.307 7.86463
      vertex 4.765 16.9186 2.0848
      vertex 4.85739 15.3216 7.86856
    endloop
  endfacet
  facet normal 0.442438 0.866242 0.232107
    outer loop
      vertex 4.765 16.9186 2.0848
      vertex 4.88818 15.307 7.86463
      vertex 4.88818 16.8599 2.06907
    endloop
  endfacet
  facet normal 0.831667 0.536354 0.143715
    outer loop
      vertex 4.4379 15.6541 7.95765
      vertex 4.38067 17.2898 2.18427
      vertex 4.38067 15.7369 7.97982
    endloop
  endfacet
  facet normal 0.000229019 -0.258392 0.96604
    outer loop
      vertex 4.765 16.9186 2.0848
      vertex 4.88818 16.8599 2.06907
      vertex 4.6508 16.9923 2.10454
    endloop
  endfacet
  facet normal 0.322394 0.914351 0.244997
    outer loop
      vertex 4.9207 15.2963 7.86177
      vertex 4.88818 16.8599 2.06907
      vertex 4.88818 15.307 7.86463
    endloop
  endfacet
  facet normal 0.321774 0.914554 0.245055
    outer loop
      vertex 4.88818 16.8599 2.06907
      vertex 4.9207 15.2963 7.86177
      vertex 5.01824 16.8172 2.05765
    endloop
  endfacet
  facet normal 0.980783 -0.188456 -0.0504961
    outer loop
      vertex 4.24898 17.9293 2.35562
      vertex 4.26908 16.474 8.17732
      vertex 4.24898 16.3764 8.15117
    endloop
  endfacet
  facet normal -0.000686438 -0.256415 0.966567
    outer loop
      vertex 5.56176 16.8172 2.05765
      vertex 5.69182 16.8599 2.06907
      vertex 5.42705 16.7914 2.05071
    endloop
  endfacet
  facet normal 0.000110698 -0.25929 0.965799
    outer loop
      vertex 5.42705 16.7914 2.05071
      vertex 5.69182 16.8599 2.06907
      vertex 5.29 16.7827 2.04839
    endloop
  endfacet
  facet normal -0.831667 0.536354 0.143715
    outer loop
      vertex 6.19933 15.7369 7.97982
      vertex 6.19933 17.2898 2.18427
      vertex 6.1421 15.6541 7.95765
    endloop
  endfacet
  facet normal -0.75201 0.636691 0.170605
    outer loop
      vertex 6.10038 15.6016 7.94358
      vertex 6.12302 17.1795 2.15471
      vertex 6.03246 17.0797 2.12798
    endloop
  endfacet
  facet normal -0.752612 0.636028 0.170422
    outer loop
      vertex 6.12302 17.1795 2.15471
      vertex 6.10038 15.6016 7.94358
      vertex 6.12302 15.6266 7.95026
    endloop
  endfacet
  facet normal -0.000304671 -0.258759 0.965942
    outer loop
      vertex 6.30422 17.5344 2.24981
      vertex 6.33102 17.6645 2.28467
      vertex 6.26007 17.4088 2.21615
    endloop
  endfacet
  facet normal 0.946914 -0.310533 -0.0832062
    outer loop
      vertex 4.27578 18.0594 2.39048
      vertex 4.30889 16.6007 8.21128
      vertex 4.27578 16.5065 8.18604
    endloop
  endfacet
  facet normal 0.94689 -0.310602 -0.0832248
    outer loop
      vertex 4.30889 16.6007 8.21128
      vertex 4.31993 18.185 2.42414
      vertex 4.31993 16.6321 8.2197
    endloop
  endfacet
  facet normal 0.946908 -0.31055 -0.0832105
    outer loop
      vertex 4.31993 18.185 2.42414
      vertex 4.30889 16.6007 8.21128
      vertex 4.27578 18.0594 2.39048
    endloop
  endfacet
  facet normal 0.000517632 -0.258527 0.966004
    outer loop
      vertex 4.38067 17.2898 2.18427
      vertex 4.45698 17.1795 2.15471
      vertex 4.31993 17.4088 2.21615
    endloop
  endfacet
  facet normal 0.980748 0.188624 0.0505412
    outer loop
      vertex 4.25568 16.0791 8.07151
      vertex 4.24898 17.6645 2.28467
      vertex 4.24898 16.1116 8.08023
    endloop
  endfacet
  facet normal 0.980773 0.188501 0.0505075
    outer loop
      vertex 4.24898 17.6645 2.28467
      vertex 4.25568 16.0791 8.07151
      vertex 4.27578 17.5344 2.24981
    endloop
  endfacet
  facet normal 0.980782 0.18846 0.0504972
    outer loop
      vertex 4.27578 15.9815 8.04537
      vertex 4.27578 17.5344 2.24981
      vertex 4.25568 16.0791 8.07151
    endloop
  endfacet
  facet normal 0.00125711 -0.257652 0.966237
    outer loop
      vertex 6.12302 18.4143 2.48558
      vertex 6.03246 18.5141 2.51231
      vertex 5.9292 18.6015 2.53575
    endloop
  endfacet
  facet normal -0.000141 -0.259003 0.965877
    outer loop
      vertex 6.12302 18.4143 2.48558
      vertex 5.9292 18.6015 2.53575
      vertex 5.56176 18.7766 2.58265
    endloop
  endfacet
  facet normal -0.000123242 -0.258928 0.965897
    outer loop
      vertex 5.815 18.6752 2.5555
      vertex 5.69182 18.7339 2.57122
      vertex 5.56176 18.7766 2.58265
    endloop
  endfacet
  facet normal -0.321144 -0.914758 -0.245122
    outer loop
      vertex 5.56176 18.7766 2.58265
      vertex 5.69182 17.181 8.36678
      vertex 5.56176 17.2236 8.3782
    endloop
  endfacet
  facet normal -0.321791 -0.914549 -0.24505
    outer loop
      vertex 5.69182 17.181 8.36678
      vertex 5.56176 18.7766 2.58265
      vertex 5.69182 18.7339 2.57122
    endloop
  endfacet
  facet normal -0.946908 -0.31055 -0.0832105
    outer loop
      vertex 6.27111 16.6007 8.21128
      vertex 6.26007 18.185 2.42414
      vertex 6.30422 18.0594 2.39048
    endloop
  endfacet
  facet normal -0.94689 -0.310602 -0.0832248
    outer loop
      vertex 6.26007 18.185 2.42414
      vertex 6.27111 16.6007 8.21128
      vertex 6.26007 16.6321 8.2197
    endloop
  endfacet
  facet normal -0.000187188 -0.25892 0.965899
    outer loop
      vertex 6.30422 18.0594 2.39048
      vertex 6.26007 18.185 2.42414
      vertex 6.12302 18.4143 2.48558
    endloop
  endfacet
  facet normal 0.751798 0.636926 0.170662
    outer loop
      vertex 4.54754 15.5268 7.92354
      vertex 4.54754 17.0797 2.12798
      vertex 4.47962 15.6016 7.94358
    endloop
  endfacet
  facet normal 0.659464 0.726122 0.194562
    outer loop
      vertex 4.6508 15.4393 7.9001
      vertex 4.54754 17.0797 2.12798
      vertex 4.54754 15.5268 7.92354
    endloop
  endfacet
  facet normal 0.659066 0.726456 0.194664
    outer loop
      vertex 4.54754 17.0797 2.12798
      vertex 4.6508 15.4393 7.9001
      vertex 4.6508 16.9923 2.10454
    endloop
  endfacet
  facet normal 0.000686438 -0.256415 0.966567
    outer loop
      vertex 5.01824 16.8172 2.05765
      vertex 5.15295 16.7914 2.05071
      vertex 4.88818 16.8599 2.06907
    endloop
  endfacet
  facet normal 0.195844 0.947225 0.253791
    outer loop
      vertex 5.15295 15.2384 7.84627
      vertex 5.01824 16.8172 2.05765
      vertex 5.11927 15.2449 7.848
    endloop
  endfacet
  facet normal 0.194541 0.947468 0.253887
    outer loop
      vertex 5.01824 16.8172 2.05765
      vertex 5.15295 15.2384 7.84627
      vertex 5.15295 16.7914 2.05071
    endloop
  endfacet
  facet normal -0.000229019 -0.258392 0.96604
    outer loop
      vertex 5.815 16.9186 2.0848
      vertex 5.9292 16.9923 2.10454
      vertex 5.69182 16.8599 2.06907
    endloop
  endfacet
  facet normal 5.70107e-05 -0.25887 0.965912
    outer loop
      vertex 5.9292 16.9923 2.10454
      vertex 6.33102 17.6645 2.28467
      vertex 5.69182 16.8599 2.06907
    endloop
  endfacet
  facet normal -0.000343816 -0.259008 0.965875
    outer loop
      vertex 4.45698 17.1795 2.15471
      vertex 4.54754 17.0797 2.12798
      vertex 4.31993 17.4088 2.21615
    endloop
  endfacet
  facet normal 0.000551655 -0.25843 0.96603
    outer loop
      vertex 4.54754 17.0797 2.12798
      vertex 4.6508 16.9923 2.10454
      vertex 4.31993 17.4088 2.21615
    endloop
  endfacet
  facet normal -0.000231098 -0.259179 0.965829
    outer loop
      vertex 5.9292 18.6015 2.53575
      vertex 5.815 18.6752 2.5555
      vertex 5.56176 18.7766 2.58265
    endloop
  endfacet
  facet normal -0.442438 -0.866242 -0.232107
    outer loop
      vertex 5.69182 18.7339 2.57122
      vertex 5.815 17.1223 8.35105
      vertex 5.69182 17.181 8.36678
    endloop
  endfacet
  facet normal -0.442422 -0.866249 -0.232109
    outer loop
      vertex 5.815 17.1223 8.35105
      vertex 5.69182 18.7339 2.57122
      vertex 5.815 18.6752 2.5555
    endloop
  endfacet
  facet normal -0.75201 -0.63669 -0.17061
    outer loop
      vertex 6.12302 18.4143 2.48558
      vertex 6.03246 16.9611 8.30787
      vertex 6.03246 18.5141 2.51231
    endloop
  endfacet
  facet normal -0.751704 -0.637029 -0.17069
    outer loop
      vertex 6.03246 16.9611 8.30787
      vertex 6.12302 18.4143 2.48558
      vertex 6.12302 16.8614 8.28114
    endloop
  endfacet
  facet normal -0.659823 -0.725815 -0.194492
    outer loop
      vertex 6.03246 18.5141 2.51231
      vertex 6.03246 16.9611 8.30787
      vertex 5.95501 17.0268 8.32544
    endloop
  endfacet
  facet normal -0.195844 0.947225 0.253791
    outer loop
      vertex 5.56176 16.8172 2.05765
      vertex 5.42705 15.2384 7.84627
      vertex 5.46073 15.2449 7.848
    endloop
  endfacet
  facet normal -0.194541 0.947468 0.253887
    outer loop
      vertex 5.42705 15.2384 7.84627
      vertex 5.56176 16.8172 2.05765
      vertex 5.42705 16.7914 2.05071
    endloop
  endfacet
  facet normal -0.194985 0.947387 0.253849
    outer loop
      vertex 5.56176 15.2643 7.8532
      vertex 5.56176 16.8172 2.05765
      vertex 5.46073 15.2449 7.848
    endloop
  endfacet
  facet normal 0.32159 0.914615 0.245068
    outer loop
      vertex 5.01824 15.2643 7.8532
      vertex 5.01824 16.8172 2.05765
      vertex 4.9207 15.2963 7.86177
    endloop
  endfacet
  facet normal 0.194985 0.947387 0.253849
    outer loop
      vertex 5.11927 15.2449 7.848
      vertex 5.01824 16.8172 2.05765
      vertex 5.01824 15.2643 7.8532
    endloop
  endfacet
  facet normal -0.000551655 -0.25843 0.96603
    outer loop
      vertex 6.03246 17.0797 2.12798
      vertex 6.26007 17.4088 2.21615
      vertex 5.9292 16.9923 2.10454
    endloop
  endfacet
  facet normal 0.000343816 -0.259008 0.965875
    outer loop
      vertex 6.12302 17.1795 2.15471
      vertex 6.26007 17.4088 2.21615
      vertex 6.03246 17.0797 2.12798
    endloop
  endfacet
  facet normal 0.0648759 0.963887 0.258287
    outer loop
      vertex 5.29 15.2298 7.84394
      vertex 5.15295 16.7914 2.05071
      vertex 5.15295 15.2384 7.84627
    endloop
  endfacet
  facet normal 0.0655574 0.963848 0.25826
    outer loop
      vertex 5.15295 16.7914 2.05071
      vertex 5.29 15.2298 7.84394
      vertex 5.29 16.7827 2.04839
    endloop
  endfacet
  facet normal -0.32159 0.914615 0.245068
    outer loop
      vertex 5.6593 15.2963 7.86177
      vertex 5.56176 16.8172 2.05765
      vertex 5.56176 15.2643 7.8532
    endloop
  endfacet
  facet normal 0.659275 0.751902 0
    outer loop
      vertex 20.8428 18.3067 2
      vertex 21.0985 18.0825 8.60832
      vertex 21.0985 18.0825 2
    endloop
  endfacet
  facet normal 0.659275 0.751902 0
    outer loop
      vertex 21.0985 18.0825 8.60832
      vertex 20.8428 18.3067 2
      vertex 20.8428 18.3067 8.66841
    endloop
  endfacet
  facet normal -0.321339 0.946964 0
    outer loop
      vertex 18.5871 18.7554 2
      vertex 18.265 18.6461 8.75934
      vertex 18.5871 18.7554 8.78863
    endloop
  endfacet
  facet normal -0.321339 0.946964 0
    outer loop
      vertex 18.265 18.6461 8.75934
      vertex 18.5871 18.7554 2
      vertex 18.265 18.6461 2
    endloop
  endfacet
  facet normal -0.896884 0.442267 0
    outer loop
      vertex 16.8579 17.239 8.38231
      vertex 17.0083 17.544 2
      vertex 16.8579 17.239 2
    endloop
  endfacet
  facet normal -0.896884 0.442267 0
    outer loop
      vertex 17.0083 17.544 2
      vertex 16.8579 17.239 8.38231
      vertex 17.0083 17.544 8.46404
    endloop
  endfacet
  facet normal 0.946964 0.321339 0
    outer loop
      vertex 21.7714 16.9169 8.29601
      vertex 21.6621 17.239 2
      vertex 21.6621 17.239 8.38231
    endloop
  endfacet
  facet normal 0.946964 0.321339 0
    outer loop
      vertex 21.6621 17.239 2
      vertex 21.7714 16.9169 8.29601
      vertex 21.7714 16.9169 2
    endloop
  endfacet
  facet normal 0.896884 0.442267 0
    outer loop
      vertex 21.6621 17.239 8.38231
      vertex 21.5117 17.544 2
      vertex 21.5117 17.544 8.46404
    endloop
  endfacet
  facet normal 0.896884 0.442267 0
    outer loop
      vertex 21.5117 17.544 2
      vertex 21.6621 17.239 8.38231
      vertex 21.6621 17.239 2
    endloop
  endfacet
  facet normal 0.751902 0.659275 0
    outer loop
      vertex 21.3227 17.8268 8.53981
      vertex 21.0985 18.0825 2
      vertex 21.0985 18.0825 8.60832
    endloop
  endfacet
  facet normal 0.751902 0.659275 0
    outer loop
      vertex 21.0985 18.0825 2
      vertex 21.3227 17.8268 8.53981
      vertex 21.3227 17.8268 2
    endloop
  endfacet
  facet normal 0.442503 0.896767 0
    outer loop
      vertex 20.255 18.6461 2
      vertex 20.56 18.4956 8.71903
      vertex 20.56 18.4956 2
    endloop
  endfacet
  facet normal 0.442503 0.896767 0
    outer loop
      vertex 20.56 18.4956 8.71903
      vertex 20.255 18.6461 2
      vertex 20.255 18.6461 8.75934
    endloop
  endfacet
  facet normal 0.0655628 0.997848 0
    outer loop
      vertex 19.26 18.844 2
      vertex 19.5994 18.8217 8.80641
      vertex 19.5994 18.8217 2
    endloop
  endfacet
  facet normal 0.0655628 0.997848 0
    outer loop
      vertex 19.5994 18.8217 8.80641
      vertex 19.26 18.844 2
      vertex 19.26 18.844 8.81237
    endloop
  endfacet
  facet normal -0.751902 0.659275 0
    outer loop
      vertex 17.1973 17.8268 8.53981
      vertex 17.4215 18.0825 2
      vertex 17.1973 17.8268 2
    endloop
  endfacet
  facet normal -0.751902 0.659275 0
    outer loop
      vertex 17.4215 18.0825 2
      vertex 17.1973 17.8268 8.53981
      vertex 17.4215 18.0825 8.60832
    endloop
  endfacet
  facet normal -0.442503 0.896767 0
    outer loop
      vertex 18.265 18.6461 2
      vertex 17.96 18.4956 8.71903
      vertex 18.265 18.6461 8.75934
    endloop
  endfacet
  facet normal -0.442503 0.896767 0
    outer loop
      vertex 17.96 18.4956 8.71903
      vertex 18.265 18.6461 2
      vertex 17.96 18.4956 2
    endloop
  endfacet
  facet normal -0.0655628 0.997848 0
    outer loop
      vertex 19.26 18.844 2
      vertex 18.9206 18.8217 8.80641
      vertex 19.26 18.844 8.81237
    endloop
  endfacet
  facet normal -0.0655628 0.997848 0
    outer loop
      vertex 18.9206 18.8217 8.80641
      vertex 19.26 18.844 2
      vertex 18.9206 18.8217 2
    endloop
  endfacet
  facet normal 0.997868 0.0652701 0
    outer loop
      vertex 21.86 16.244 8.1157
      vertex 21.8378 16.5834 2
      vertex 21.8378 16.5834 8.20664
    endloop
  endfacet
  facet normal 0.997868 0.0652701 0
    outer loop
      vertex 21.8378 16.5834 2
      vertex 21.86 16.244 8.1157
      vertex 21.86 16.244 2
    endloop
  endfacet
  facet normal 0.0652701 -0.997868 0
    outer loop
      vertex 19.5994 13.6662 2
      vertex 19.26 13.644 7.41903
      vertex 19.26 13.644 2
    endloop
  endfacet
  facet normal 0.0652701 -0.997868 0
    outer loop
      vertex 19.26 13.644 7.41903
      vertex 19.5994 13.6662 2
      vertex 19.5994 13.6662 7.42499
    endloop
  endfacet
  facet normal 0.831417 -0.55565 0
    outer loop
      vertex 21.3227 14.6612 7.6916
      vertex 21.5117 14.944 2
      vertex 21.5117 14.944 7.76737
    endloop
  endfacet
  facet normal 0.831417 -0.55565 0
    outer loop
      vertex 21.5117 14.944 2
      vertex 21.3227 14.6612 7.6916
      vertex 21.3227 14.6612 2
    endloop
  endfacet
  facet normal -0.0652701 -0.997868 0
    outer loop
      vertex 18.9206 13.6662 2
      vertex 19.26 13.644 7.41903
      vertex 18.9206 13.6662 7.42499
    endloop
  endfacet
  facet normal -0.0652701 -0.997868 -0
    outer loop
      vertex 19.26 13.644 7.41903
      vertex 18.9206 13.6662 2
      vertex 19.26 13.644 2
    endloop
  endfacet
  facet normal -0.659275 -0.751902 0
    outer loop
      vertex 17.4215 14.4055 2
      vertex 17.6772 14.1813 7.563
      vertex 17.4215 14.4055 7.62308
    endloop
  endfacet
  facet normal -0.659275 -0.751902 -0
    outer loop
      vertex 17.6772 14.1813 7.563
      vertex 17.4215 14.4055 2
      vertex 17.6772 14.1813 2
    endloop
  endfacet
  facet normal -0.896884 -0.442267 -0
    outer loop
      vertex 17.0083 14.944 7.76737
      vertex 16.8579 15.249 2
      vertex 17.0083 14.944 2
    endloop
  endfacet
  facet normal -0.896884 -0.442267 0
    outer loop
      vertex 16.8579 15.249 2
      vertex 17.0083 14.944 7.76737
      vertex 16.8579 15.249 7.8491
    endloop
  endfacet
  facet normal 0.98075 0.195268 0
    outer loop
      vertex 21.8378 16.5834 8.20664
      vertex 21.7714 16.9169 2
      vertex 21.7714 16.9169 8.29601
    endloop
  endfacet
  facet normal 0.98075 0.195268 0
    outer loop
      vertex 21.7714 16.9169 2
      vertex 21.8378 16.5834 8.20664
      vertex 21.8378 16.5834 2
    endloop
  endfacet
  facet normal 0.831417 0.55565 0
    outer loop
      vertex 21.5117 17.544 8.46404
      vertex 21.3227 17.8268 2
      vertex 21.3227 17.8268 8.53981
    endloop
  endfacet
  facet normal 0.831417 0.55565 0
    outer loop
      vertex 21.3227 17.8268 2
      vertex 21.5117 17.544 8.46404
      vertex 21.5117 17.544 2
    endloop
  endfacet
  facet normal 0.555446 0.831552 0
    outer loop
      vertex 20.56 18.4956 2
      vertex 20.8428 18.3067 8.66841
      vertex 20.8428 18.3067 2
    endloop
  endfacet
  facet normal 0.555446 0.831552 0
    outer loop
      vertex 20.8428 18.3067 8.66841
      vertex 20.56 18.4956 2
      vertex 20.56 18.4956 8.71903
    endloop
  endfacet
  facet normal 0.321339 0.946964 0
    outer loop
      vertex 19.9329 18.7554 2
      vertex 20.255 18.6461 8.75934
      vertex 20.255 18.6461 2
    endloop
  endfacet
  facet normal 0.321339 0.946964 0
    outer loop
      vertex 20.255 18.6461 8.75934
      vertex 19.9329 18.7554 2
      vertex 19.9329 18.7554 8.78863
    endloop
  endfacet
  facet normal 0.194985 0.980806 0
    outer loop
      vertex 19.5994 18.8217 2
      vertex 19.9329 18.7554 8.78863
      vertex 19.9329 18.7554 2
    endloop
  endfacet
  facet normal 0.194985 0.980806 0
    outer loop
      vertex 19.9329 18.7554 8.78863
      vertex 19.5994 18.8217 2
      vertex 19.5994 18.8217 8.80641
    endloop
  endfacet
  facet normal -0.997868 0.0652701 0
    outer loop
      vertex 16.66 16.244 8.1157
      vertex 16.6822 16.5834 2
      vertex 16.66 16.244 2
    endloop
  endfacet
  facet normal -0.997868 0.0652701 0
    outer loop
      vertex 16.6822 16.5834 2
      vertex 16.66 16.244 8.1157
      vertex 16.6822 16.5834 8.20664
    endloop
  endfacet
  facet normal -0.946964 0.321339 0
    outer loop
      vertex 16.7486 16.9169 8.29601
      vertex 16.8579 17.239 2
      vertex 16.7486 16.9169 2
    endloop
  endfacet
  facet normal -0.946964 0.321339 0
    outer loop
      vertex 16.8579 17.239 2
      vertex 16.7486 16.9169 8.29601
      vertex 16.8579 17.239 8.38231
    endloop
  endfacet
  facet normal -0.831417 0.55565 0
    outer loop
      vertex 17.0083 17.544 8.46404
      vertex 17.1973 17.8268 2
      vertex 17.0083 17.544 2
    endloop
  endfacet
  facet normal -0.831417 0.55565 0
    outer loop
      vertex 17.1973 17.8268 2
      vertex 17.0083 17.544 8.46404
      vertex 17.1973 17.8268 8.53981
    endloop
  endfacet
  facet normal -0.194985 0.980806 0
    outer loop
      vertex 18.9206 18.8217 2
      vertex 18.5871 18.7554 8.78863
      vertex 18.9206 18.8217 8.80641
    endloop
  endfacet
  facet normal -0.194985 0.980806 0
    outer loop
      vertex 18.5871 18.7554 8.78863
      vertex 18.9206 18.8217 2
      vertex 18.5871 18.7554 2
    endloop
  endfacet
  facet normal -0.555446 0.831552 0
    outer loop
      vertex 17.96 18.4956 2
      vertex 17.6772 18.3067 8.66841
      vertex 17.96 18.4956 8.71903
    endloop
  endfacet
  facet normal -0.555446 0.831552 0
    outer loop
      vertex 17.6772 18.3067 8.66841
      vertex 17.96 18.4956 2
      vertex 17.6772 18.3067 2
    endloop
  endfacet
  facet normal -0.659275 0.751902 0
    outer loop
      vertex 17.6772 18.3067 2
      vertex 17.4215 18.0825 8.60832
      vertex 17.6772 18.3067 8.66841
    endloop
  endfacet
  facet normal -0.659275 0.751902 0
    outer loop
      vertex 17.4215 18.0825 8.60832
      vertex 17.6772 18.3067 2
      vertex 17.4215 18.0825 2
    endloop
  endfacet
  facet normal 0.98075 -0.195268 0
    outer loop
      vertex 21.7714 15.5711 7.93539
      vertex 21.8378 15.9046 2
      vertex 21.8378 15.9046 8.02477
    endloop
  endfacet
  facet normal 0.98075 -0.195268 0
    outer loop
      vertex 21.8378 15.9046 2
      vertex 21.7714 15.5711 7.93539
      vertex 21.7714 15.5711 2
    endloop
  endfacet
  facet normal 0.195268 -0.98075 0
    outer loop
      vertex 19.9329 13.7326 2
      vertex 19.5994 13.6662 7.42499
      vertex 19.5994 13.6662 2
    endloop
  endfacet
  facet normal 0.195268 -0.98075 0
    outer loop
      vertex 19.5994 13.6662 7.42499
      vertex 19.9329 13.7326 2
      vertex 19.9329 13.7326 7.44277
    endloop
  endfacet
  facet normal 0.659275 -0.751902 0
    outer loop
      vertex 21.0985 14.4055 2
      vertex 20.8428 14.1813 7.563
      vertex 20.8428 14.1813 2
    endloop
  endfacet
  facet normal 0.659275 -0.751902 0
    outer loop
      vertex 20.8428 14.1813 7.563
      vertex 21.0985 14.4055 2
      vertex 21.0985 14.4055 7.62308
    endloop
  endfacet
  facet normal 0.442267 -0.896884 0
    outer loop
      vertex 20.56 13.9923 2
      vertex 20.255 13.8419 7.47206
      vertex 20.255 13.8419 2
    endloop
  endfacet
  facet normal 0.442267 -0.896884 0
    outer loop
      vertex 20.255 13.8419 7.47206
      vertex 20.56 13.9923 2
      vertex 20.56 13.9923 7.51237
    endloop
  endfacet
  facet normal 0.946964 -0.321339 0
    outer loop
      vertex 21.6621 15.249 7.8491
      vertex 21.7714 15.5711 2
      vertex 21.7714 15.5711 7.93539
    endloop
  endfacet
  facet normal 0.946964 -0.321339 0
    outer loop
      vertex 21.7714 15.5711 2
      vertex 21.6621 15.249 7.8491
      vertex 21.6621 15.249 2
    endloop
  endfacet
  facet normal -0.321339 -0.946964 0
    outer loop
      vertex 18.265 13.8419 2
      vertex 18.5871 13.7326 7.44277
      vertex 18.265 13.8419 7.47206
    endloop
  endfacet
  facet normal -0.321339 -0.946964 -0
    outer loop
      vertex 18.5871 13.7326 7.44277
      vertex 18.265 13.8419 2
      vertex 18.5871 13.7326 2
    endloop
  endfacet
  facet normal -0.55565 -0.831417 0
    outer loop
      vertex 17.6772 14.1813 2
      vertex 17.96 13.9923 7.51237
      vertex 17.6772 14.1813 7.563
    endloop
  endfacet
  facet normal -0.55565 -0.831417 -0
    outer loop
      vertex 17.96 13.9923 7.51237
      vertex 17.6772 14.1813 2
      vertex 17.96 13.9923 2
    endloop
  endfacet
  facet normal -0.946964 -0.321339 -0
    outer loop
      vertex 16.8579 15.249 7.8491
      vertex 16.7486 15.5711 2
      vertex 16.8579 15.249 2
    endloop
  endfacet
  facet normal -0.946964 -0.321339 0
    outer loop
      vertex 16.7486 15.5711 2
      vertex 16.8579 15.249 7.8491
      vertex 16.7486 15.5711 7.93539
    endloop
  endfacet
  facet normal -0.997868 -0.0652701 -0
    outer loop
      vertex 16.6822 15.9046 8.02477
      vertex 16.66 16.244 2
      vertex 16.6822 15.9046 2
    endloop
  endfacet
  facet normal -0.997868 -0.0652701 0
    outer loop
      vertex 16.66 16.244 2
      vertex 16.6822 15.9046 8.02477
      vertex 16.66 16.244 8.1157
    endloop
  endfacet
  facet normal -0.831417 -0.55565 -0
    outer loop
      vertex 17.1973 14.6612 7.6916
      vertex 17.0083 14.944 2
      vertex 17.1973 14.6612 2
    endloop
  endfacet
  facet normal -0.831417 -0.55565 0
    outer loop
      vertex 17.0083 14.944 2
      vertex 17.1973 14.6612 7.6916
      vertex 17.0083 14.944 7.76737
    endloop
  endfacet
  facet normal -0.98075 0.195268 0
    outer loop
      vertex 16.6822 16.5834 8.20664
      vertex 16.7486 16.9169 2
      vertex 16.6822 16.5834 2
    endloop
  endfacet
  facet normal -0.98075 0.195268 0
    outer loop
      vertex 16.7486 16.9169 2
      vertex 16.6822 16.5834 8.20664
      vertex 16.7486 16.9169 8.29601
    endloop
  endfacet
  facet normal 0.997868 -0.0652701 0
    outer loop
      vertex 21.8378 15.9046 8.02477
      vertex 21.86 16.244 2
      vertex 21.86 16.244 8.1157
    endloop
  endfacet
  facet normal 0.997868 -0.0652701 0
    outer loop
      vertex 21.86 16.244 2
      vertex 21.8378 15.9046 8.02477
      vertex 21.8378 15.9046 2
    endloop
  endfacet
  facet normal 0.321339 -0.946964 0
    outer loop
      vertex 20.255 13.8419 2
      vertex 19.9329 13.7326 7.44277
      vertex 19.9329 13.7326 2
    endloop
  endfacet
  facet normal 0.321339 -0.946964 0
    outer loop
      vertex 19.9329 13.7326 7.44277
      vertex 20.255 13.8419 2
      vertex 20.255 13.8419 7.47206
    endloop
  endfacet
  facet normal 0.751902 -0.659275 0
    outer loop
      vertex 21.0985 14.4055 7.62308
      vertex 21.3227 14.6612 2
      vertex 21.3227 14.6612 7.6916
    endloop
  endfacet
  facet normal 0.751902 -0.659275 0
    outer loop
      vertex 21.3227 14.6612 2
      vertex 21.0985 14.4055 7.62308
      vertex 21.0985 14.4055 2
    endloop
  endfacet
  facet normal 0.55565 -0.831417 0
    outer loop
      vertex 20.8428 14.1813 2
      vertex 20.56 13.9923 7.51237
      vertex 20.56 13.9923 2
    endloop
  endfacet
  facet normal 0.55565 -0.831417 0
    outer loop
      vertex 20.56 13.9923 7.51237
      vertex 20.8428 14.1813 2
      vertex 20.8428 14.1813 7.563
    endloop
  endfacet
  facet normal 0.896884 -0.442267 0
    outer loop
      vertex 21.5117 14.944 7.76737
      vertex 21.6621 15.249 2
      vertex 21.6621 15.249 7.8491
    endloop
  endfacet
  facet normal 0.896884 -0.442267 0
    outer loop
      vertex 21.6621 15.249 2
      vertex 21.5117 14.944 7.76737
      vertex 21.5117 14.944 2
    endloop
  endfacet
  facet normal -0.195268 -0.98075 0
    outer loop
      vertex 18.5871 13.7326 2
      vertex 18.9206 13.6662 7.42499
      vertex 18.5871 13.7326 7.44277
    endloop
  endfacet
  facet normal -0.195268 -0.98075 -0
    outer loop
      vertex 18.9206 13.6662 7.42499
      vertex 18.5871 13.7326 2
      vertex 18.9206 13.6662 2
    endloop
  endfacet
  facet normal -0.442267 -0.896884 0
    outer loop
      vertex 17.96 13.9923 2
      vertex 18.265 13.8419 7.47206
      vertex 17.96 13.9923 7.51237
    endloop
  endfacet
  facet normal -0.442267 -0.896884 -0
    outer loop
      vertex 18.265 13.8419 7.47206
      vertex 17.96 13.9923 2
      vertex 18.265 13.8419 2
    endloop
  endfacet
  facet normal -0.98075 -0.195268 -0
    outer loop
      vertex 16.7486 15.5711 7.93539
      vertex 16.6822 15.9046 2
      vertex 16.7486 15.5711 2
    endloop
  endfacet
  facet normal -0.98075 -0.195268 0
    outer loop
      vertex 16.6822 15.9046 2
      vertex 16.7486 15.5711 7.93539
      vertex 16.6822 15.9046 8.02477
    endloop
  endfacet
  facet normal -0.751902 -0.659275 -0
    outer loop
      vertex 17.4215 14.4055 7.62308
      vertex 17.1973 14.6612 2
      vertex 17.4215 14.4055 2
    endloop
  endfacet
  facet normal -0.751902 -0.659275 0
    outer loop
      vertex 17.1973 14.6612 2
      vertex 17.4215 14.4055 7.62308
      vertex 17.1973 14.6612 7.6916
    endloop
  endfacet
  facet normal 0 -0.258814 0.965927
    outer loop
      vertex 20.31 16.244 8.1157
      vertex 21.86 16.244 8.1157
      vertex 21.8378 16.5834 8.20664
    endloop
  endfacet
  facet normal -2.09516e-06 -0.258844 0.965919
    outer loop
      vertex 20.2809 16.474 8.17732
      vertex 21.8378 16.5834 8.20664
      vertex 21.7714 16.9169 8.29601
    endloop
  endfacet
  facet normal 0 -0.258787 0.965934
    outer loop
      vertex 21.86 16.244 8.1157
      vertex 20.31 16.244 8.1157
      vertex 21.8378 15.9046 8.02477
    endloop
  endfacet
  facet normal -6.35993e-06 -0.258803 0.96593
    outer loop
      vertex 20.2411 16.6007 8.21128
      vertex 21.7714 16.9169 8.29601
      vertex 21.6621 17.239 8.38231
    endloop
  endfacet
  facet normal 2.88838e-06 -0.258775 0.965938
    outer loop
      vertex 20.301 16.1116 8.08023
      vertex 21.8378 15.9046 8.02477
      vertex 20.31 16.244 8.1157
    endloop
  endfacet
  facet normal 1.07689e-05 -0.25883 0.965923
    outer loop
      vertex 20.2301 16.6321 8.2197
      vertex 21.6621 17.239 8.38231
      vertex 21.5117 17.544 8.46404
    endloop
  endfacet
  facet normal -4.87315e-05 -0.259133 0.965842
    outer loop
      vertex 20.2943 16.0791 8.07151
      vertex 21.8378 15.9046 8.02477
      vertex 20.301 16.1116 8.08023
    endloop
  endfacet
  facet normal -1.27928e-05 -0.258808 0.965929
    outer loop
      vertex 20.1502 16.7787 8.25897
      vertex 21.5117 17.544 8.46404
      vertex 21.3227 17.8268 8.53981
    endloop
  endfacet
  facet normal -1.65529e-05 -0.258867 0.965913
    outer loop
      vertex 21.8378 15.9046 8.02477
      vertex 20.2943 16.0791 8.07151
      vertex 21.7714 15.5711 7.93539
    endloop
  endfacet
  facet normal -4.30311e-06 -0.258806 0.965929
    outer loop
      vertex 20.093 16.8614 8.28114
      vertex 21.3227 17.8268 8.53981
      vertex 21.0985 18.0825 8.60832
    endloop
  endfacet
  facet normal 3.87443e-05 -0.258717 0.965953
    outer loop
      vertex 20.2742 15.9815 8.04537
      vertex 21.7714 15.5711 7.93539
      vertex 20.2943 16.0791 8.07151
    endloop
  endfacet
  facet normal 2.77557e-05 -0.258853 0.965917
    outer loop
      vertex 19.925 17.0268 8.32544
      vertex 21.0985 18.0825 8.60832
      vertex 20.8428 18.3067 8.66841
    endloop
  endfacet
  facet normal 2.04181e-05 -0.25878 0.965936
    outer loop
      vertex 21.7714 15.5711 7.93539
      vertex 20.2742 15.9815 8.04537
      vertex 21.6621 15.249 7.8491
    endloop
  endfacet
  facet normal 8.94051e-06 -0.258828 0.965924
    outer loop
      vertex 19.8992 17.0486 8.3313
      vertex 20.8428 18.3067 8.66841
      vertex 20.56 18.4956 8.71903
    endloop
  endfacet
  facet normal -5.49884e-05 -0.258913 0.965901
    outer loop
      vertex 20.2301 15.8559 8.0117
      vertex 21.6621 15.249 7.8491
      vertex 20.2742 15.9815 8.04537
    endloop
  endfacet
  facet normal -1.63482e-05 -0.258828 0.965923
    outer loop
      vertex 21.6621 15.249 7.8491
      vertex 20.2301 15.8559 8.0117
      vertex 21.5117 14.944 7.76737
    endloop
  endfacet
  facet normal -9.11673e-06 -0.258776 0.965937
    outer loop
      vertex 21.8378 16.5834 8.20664
      vertex 20.301 16.3764 8.15117
      vertex 20.31 16.244 8.1157
    endloop
  endfacet
  facet normal -5.15071e-06 -0.258803 0.96593
    outer loop
      vertex 21.8378 16.5834 8.20664
      vertex 20.2809 16.474 8.17732
      vertex 20.301 16.3764 8.15117
    endloop
  endfacet
  facet normal 8.76064e-05 -0.259125 0.965844
    outer loop
      vertex 21.7714 16.9169 8.29601
      vertex 20.2742 16.5065 8.18604
      vertex 20.2809 16.474 8.17732
    endloop
  endfacet
  facet normal -4.19693e-05 -0.2588 0.965931
    outer loop
      vertex 19.785 17.1223 8.35105
      vertex 20.56 18.4956 8.71903
      vertex 20.255 18.6461 8.75934
    endloop
  endfacet
  facet normal -4.23552e-06 -0.258813 0.965928
    outer loop
      vertex 21.7714 16.9169 8.29601
      vertex 20.2411 16.6007 8.21128
      vertex 20.2742 16.5065 8.18604
    endloop
  endfacet
  facet normal 7.7509e-05 -0.258977 0.965883
    outer loop
      vertex 21.6621 17.239 8.38231
      vertex 20.2301 16.6321 8.2197
      vertex 20.2411 16.6007 8.21128
    endloop
  endfacet
  facet normal -2.36335e-05 -0.258785 0.965935
    outer loop
      vertex 21.5117 17.544 8.46404
      vertex 20.1693 16.7511 8.25158
      vertex 20.2301 16.6321 8.2197
    endloop
  endfacet
  facet normal -8.07825e-05 -0.258695 0.965959
    outer loop
      vertex 21.5117 17.544 8.46404
      vertex 20.1502 16.7787 8.25897
      vertex 20.1693 16.7511 8.25158
    endloop
  endfacet
  facet normal 6.71506e-05 -0.258891 0.965906
    outer loop
      vertex 21.3227 17.8268 8.53981
      vertex 20.093 16.8614 8.28114
      vertex 20.1502 16.7787 8.25897
    endloop
  endfacet
  facet normal 9.23801e-05 -0.258881 0.965909
    outer loop
      vertex 21.0985 18.0825 8.60832
      vertex 20.0025 16.9611 8.30787
      vertex 20.093 16.8614 8.28114
    endloop
  endfacet
  facet normal 1.07454e-05 -0.258816 0.965927
    outer loop
      vertex 19.6618 17.181 8.36678
      vertex 20.255 18.6461 8.75934
      vertex 19.9329 18.7554 8.78863
    endloop
  endfacet
  facet normal -0.000222276 -0.258594 0.965986
    outer loop
      vertex 21.0985 18.0825 8.60832
      vertex 19.925 17.0268 8.32544
      vertex 20.0025 16.9611 8.30787
    endloop
  endfacet
  facet normal 0.000427431 -0.25912 0.965845
    outer loop
      vertex 20.8428 18.3067 8.66841
      vertex 19.8992 17.0486 8.3313
      vertex 19.925 17.0268 8.32544
    endloop
  endfacet
  facet normal 1.15081e-05 -0.258829 0.965923
    outer loop
      vertex 20.56 18.4956 8.71903
      vertex 19.785 17.1223 8.35105
      vertex 19.8992 17.0486 8.3313
    endloop
  endfacet
  facet normal 1.23409e-05 -0.258816 0.965927
    outer loop
      vertex 20.255 18.6461 8.75934
      vertex 19.6618 17.181 8.36678
      vertex 19.785 17.1223 8.35105
    endloop
  endfacet
  facet normal 4.29451e-05 -0.258821 0.965925
    outer loop
      vertex 19.5318 17.2236 8.3782
      vertex 19.9329 18.7554 8.78863
      vertex 19.5994 18.8217 8.80641
    endloop
  endfacet
  facet normal 3.94821e-05 -0.25882 0.965926
    outer loop
      vertex 19.9329 18.7554 8.78863
      vertex 19.5318 17.2236 8.3782
      vertex 19.6618 17.181 8.36678
    endloop
  endfacet
  facet normal 7.78919e-07 -0.258819 0.965926
    outer loop
      vertex 19.5994 18.8217 8.80641
      vertex 19.3971 17.2495 8.38514
      vertex 19.5318 17.2236 8.3782
    endloop
  endfacet
  facet normal -0.000265025 -0.258787 0.965934
    outer loop
      vertex 19.5994 18.8217 8.80641
      vertex 19.3628 17.2517 8.38572
      vertex 19.3971 17.2495 8.38514
    endloop
  endfacet
  facet normal -4.34145e-05 -0.258819 0.965926
    outer loop
      vertex 19.26 18.844 8.81237
      vertex 19.3628 17.2517 8.38572
      vertex 19.5994 18.8217 8.80641
    endloop
  endfacet
  facet normal -1.55418e-05 -0.258817 0.965926
    outer loop
      vertex 19.26 18.844 8.81237
      vertex 19.26 17.2582 8.38746
      vertex 19.3628 17.2517 8.38572
    endloop
  endfacet
  facet normal 1.55418e-05 -0.258817 0.965926
    outer loop
      vertex 19.26 18.844 8.81237
      vertex 19.1572 17.2517 8.38572
      vertex 19.26 17.2582 8.38746
    endloop
  endfacet
  facet normal 4.34145e-05 -0.258819 0.965926
    outer loop
      vertex 18.9206 18.8217 8.80641
      vertex 19.1572 17.2517 8.38572
      vertex 19.26 18.844 8.81237
    endloop
  endfacet
  facet normal 0.000265025 -0.258787 0.965934
    outer loop
      vertex 19.1572 17.2517 8.38572
      vertex 18.9206 18.8217 8.80641
      vertex 19.1229 17.2495 8.38514
    endloop
  endfacet
  facet normal -7.78919e-07 -0.258819 0.965926
    outer loop
      vertex 19.1229 17.2495 8.38514
      vertex 18.9206 18.8217 8.80641
      vertex 18.9882 17.2236 8.3782
    endloop
  endfacet
  facet normal -4.29451e-05 -0.258821 0.965925
    outer loop
      vertex 18.5871 18.7554 8.78863
      vertex 18.9882 17.2236 8.3782
      vertex 18.9206 18.8217 8.80641
    endloop
  endfacet
  facet normal -3.94821e-05 -0.25882 0.965926
    outer loop
      vertex 18.9882 17.2236 8.3782
      vertex 18.5871 18.7554 8.78863
      vertex 18.8582 17.181 8.36678
    endloop
  endfacet
  facet normal -1.07454e-05 -0.258816 0.965927
    outer loop
      vertex 18.265 18.6461 8.75934
      vertex 18.8582 17.181 8.36678
      vertex 18.5871 18.7554 8.78863
    endloop
  endfacet
  facet normal -1.23409e-05 -0.258816 0.965927
    outer loop
      vertex 18.8582 17.181 8.36678
      vertex 18.265 18.6461 8.75934
      vertex 18.735 17.1223 8.35105
    endloop
  endfacet
  facet normal 4.19693e-05 -0.2588 0.965931
    outer loop
      vertex 17.96 18.4956 8.71903
      vertex 18.735 17.1223 8.35105
      vertex 18.265 18.6461 8.75934
    endloop
  endfacet
  facet normal -1.15081e-05 -0.258829 0.965923
    outer loop
      vertex 18.735 17.1223 8.35105
      vertex 17.96 18.4956 8.71903
      vertex 18.6208 17.0486 8.3313
    endloop
  endfacet
  facet normal -8.94051e-06 -0.258828 0.965924
    outer loop
      vertex 17.6772 18.3067 8.66841
      vertex 18.6208 17.0486 8.3313
      vertex 17.96 18.4956 8.71903
    endloop
  endfacet
  facet normal -0.000427431 -0.25912 0.965845
    outer loop
      vertex 18.6208 17.0486 8.3313
      vertex 17.6772 18.3067 8.66841
      vertex 18.595 17.0268 8.32544
    endloop
  endfacet
  facet normal -2.77557e-05 -0.258853 0.965917
    outer loop
      vertex 17.4215 18.0825 8.60832
      vertex 18.595 17.0268 8.32544
      vertex 17.6772 18.3067 8.66841
    endloop
  endfacet
  facet normal 0.000222276 -0.258594 0.965986
    outer loop
      vertex 18.595 17.0268 8.32544
      vertex 17.4215 18.0825 8.60832
      vertex 18.5175 16.9611 8.30787
    endloop
  endfacet
  facet normal -9.23801e-05 -0.258881 0.965909
    outer loop
      vertex 18.5175 16.9611 8.30787
      vertex 17.4215 18.0825 8.60832
      vertex 18.427 16.8614 8.28114
    endloop
  endfacet
  facet normal 4.30311e-06 -0.258806 0.965929
    outer loop
      vertex 17.1973 17.8268 8.53981
      vertex 18.427 16.8614 8.28114
      vertex 17.4215 18.0825 8.60832
    endloop
  endfacet
  facet normal -6.71093e-05 -0.258891 0.965906
    outer loop
      vertex 18.427 16.8614 8.28114
      vertex 17.1973 17.8268 8.53981
      vertex 18.3697 16.7787 8.25897
    endloop
  endfacet
  facet normal 1.27934e-05 -0.258808 0.965929
    outer loop
      vertex 17.0083 17.544 8.46404
      vertex 18.3697 16.7787 8.25897
      vertex 17.1973 17.8268 8.53981
    endloop
  endfacet
  facet normal 8.09054e-05 -0.258695 0.965959
    outer loop
      vertex 18.3697 16.7787 8.25897
      vertex 17.0083 17.544 8.46404
      vertex 18.3507 16.7511 8.25158
    endloop
  endfacet
  facet normal 2.36335e-05 -0.258785 0.965935
    outer loop
      vertex 18.3507 16.7511 8.25158
      vertex 17.0083 17.544 8.46404
      vertex 18.2899 16.6321 8.2197
    endloop
  endfacet
  facet normal -1.07689e-05 -0.25883 0.965923
    outer loop
      vertex 16.8579 17.239 8.38231
      vertex 18.2899 16.6321 8.2197
      vertex 17.0083 17.544 8.46404
    endloop
  endfacet
  facet normal 1.8106e-05 -0.258783 0.965936
    outer loop
      vertex 20.1693 15.7369 7.97982
      vertex 21.5117 14.944 7.76737
      vertex 20.2301 15.8559 8.0117
    endloop
  endfacet
  facet normal 7.5713e-05 -0.258692 0.96596
    outer loop
      vertex 20.1121 15.6541 7.95765
      vertex 21.5117 14.944 7.76737
      vertex 20.1693 15.7369 7.97982
    endloop
  endfacet
  facet normal 1.25877e-05 -0.258808 0.965929
    outer loop
      vertex 21.5117 14.944 7.76737
      vertex 20.1121 15.6541 7.95765
      vertex 21.3227 14.6612 7.6916
    endloop
  endfacet
  facet normal -0.00039101 -0.259267 0.965806
    outer loop
      vertex 20.093 15.6266 7.95026
      vertex 21.3227 14.6612 7.6916
      vertex 20.1121 15.6541 7.95765
    endloop
  endfacet
  facet normal 0.000323993 -0.258417 0.966033
    outer loop
      vertex 20.0704 15.6016 7.94358
      vertex 21.3227 14.6612 7.6916
      vertex 20.093 15.6266 7.95026
    endloop
  endfacet
  facet normal -8.95257e-06 -0.258831 0.965923
    outer loop
      vertex 21.3227 14.6612 7.6916
      vertex 20.0704 15.6016 7.94358
      vertex 21.0985 14.4055 7.62308
    endloop
  endfacet
  facet normal 2.17234e-05 -0.258806 0.965929
    outer loop
      vertex 20.0025 15.5268 7.92354
      vertex 21.0985 14.4055 7.62308
      vertex 20.0704 15.6016 7.94358
    endloop
  endfacet
  facet normal -8.29426e-06 -0.258833 0.965922
    outer loop
      vertex 21.0985 14.4055 7.62308
      vertex 20.0025 15.5268 7.92354
      vertex 20.8428 14.1813 7.563
    endloop
  endfacet
  facet normal 3.96796e-05 -0.258806 0.965929
    outer loop
      vertex 19.8992 15.4393 7.9001
      vertex 20.8428 14.1813 7.563
      vertex 20.0025 15.5268 7.92354
    endloop
  endfacet
  facet normal 3.50127e-05 -0.258809 0.965929
    outer loop
      vertex 20.8428 14.1813 7.563
      vertex 19.8992 15.4393 7.9001
      vertex 20.56 13.9923 7.51237
    endloop
  endfacet
  facet normal -1.15081e-05 -0.258829 0.965923
    outer loop
      vertex 19.785 15.3656 7.88035
      vertex 20.56 13.9923 7.51237
      vertex 19.8992 15.4393 7.9001
    endloop
  endfacet
  facet normal -5.21982e-07 -0.258823 0.965925
    outer loop
      vertex 19.6926 15.3216 7.86856
      vertex 20.56 13.9923 7.51237
      vertex 19.785 15.3656 7.88035
    endloop
  endfacet
  facet normal -2.36247e-05 -0.258837 0.965921
    outer loop
      vertex 20.56 13.9923 7.51237
      vertex 19.6926 15.3216 7.86856
      vertex 20.255 13.8419 7.47206
    endloop
  endfacet
  facet normal -0.000472669 -0.258996 0.965878
    outer loop
      vertex 19.6618 15.307 7.86463
      vertex 20.255 13.8419 7.47206
      vertex 19.6926 15.3216 7.86856
    endloop
  endfacet
  facet normal 0.000184604 -0.258748 0.965945
    outer loop
      vertex 19.6293 15.2963 7.86177
      vertex 20.255 13.8419 7.47206
      vertex 19.6618 15.307 7.86463
    endloop
  endfacet
  facet normal -7.3283e-06 -0.258825 0.965924
    outer loop
      vertex 20.255 13.8419 7.47206
      vertex 19.6293 15.2963 7.86177
      vertex 19.9329 13.7326 7.44277
    endloop
  endfacet
  facet normal 4.22343e-05 -0.258816 0.965927
    outer loop
      vertex 19.5318 15.2643 7.8532
      vertex 19.9329 13.7326 7.44277
      vertex 19.6293 15.2963 7.86177
    endloop
  endfacet
  facet normal -1.4836e-05 -0.25883 0.965923
    outer loop
      vertex 19.4307 15.2449 7.848
      vertex 19.9329 13.7326 7.44277
      vertex 19.5318 15.2643 7.8532
    endloop
  endfacet
  facet normal 3.33737e-05 -0.258815 0.965927
    outer loop
      vertex 19.9329 13.7326 7.44277
      vertex 19.4307 15.2449 7.848
      vertex 19.5994 13.6662 7.42499
    endloop
  endfacet
  facet normal 0.000328527 -0.258785 0.965935
    outer loop
      vertex 19.3971 15.2384 7.84627
      vertex 19.5994 13.6662 7.42499
      vertex 19.4307 15.2449 7.848
    endloop
  endfacet
  facet normal -0.000178782 -0.258846 0.965918
    outer loop
      vertex 19.26 15.2298 7.84394
      vertex 19.5994 13.6662 7.42499
      vertex 19.3971 15.2384 7.84627
    endloop
  endfacet
  facet normal -3.29608e-05 -0.258817 0.965926
    outer loop
      vertex 19.26 15.2298 7.84394
      vertex 19.26 13.644 7.41903
      vertex 19.5994 13.6662 7.42499
    endloop
  endfacet
  facet normal 0.000180769 -0.258817 0.965926
    outer loop
      vertex 19.1229 15.2384 7.84627
      vertex 19.26 13.644 7.41903
      vertex 19.26 15.2298 7.84394
    endloop
  endfacet
  facet normal -0.000328527 -0.258785 0.965935
    outer loop
      vertex 18.9206 13.6662 7.42499
      vertex 19.1229 15.2384 7.84627
      vertex 19.0893 15.2449 7.848
    endloop
  endfacet
  facet normal 1.4836e-05 -0.25883 0.965923
    outer loop
      vertex 18.5871 13.7326 7.44277
      vertex 19.0893 15.2449 7.848
      vertex 18.9882 15.2643 7.8532
    endloop
  endfacet
  facet normal 3.21247e-05 -0.258829 0.965923
    outer loop
      vertex 19.1229 15.2384 7.84627
      vertex 18.9206 13.6662 7.42499
      vertex 19.26 13.644 7.41903
    endloop
  endfacet
  facet normal -4.22343e-05 -0.258816 0.965927
    outer loop
      vertex 18.5871 13.7326 7.44277
      vertex 18.9882 15.2643 7.8532
      vertex 18.8907 15.2963 7.86177
    endloop
  endfacet
  facet normal -0.000184604 -0.258748 0.965945
    outer loop
      vertex 18.265 13.8419 7.47206
      vertex 18.8907 15.2963 7.86177
      vertex 18.8582 15.307 7.86463
    endloop
  endfacet
  facet normal 0.000472669 -0.258996 0.965878
    outer loop
      vertex 18.265 13.8419 7.47206
      vertex 18.8582 15.307 7.86463
      vertex 18.8274 15.3216 7.86856
    endloop
  endfacet
  facet normal 5.21982e-07 -0.258823 0.965925
    outer loop
      vertex 17.96 13.9923 7.51237
      vertex 18.8274 15.3216 7.86856
      vertex 18.735 15.3656 7.88035
    endloop
  endfacet
  facet normal 1.15081e-05 -0.258829 0.965923
    outer loop
      vertex 17.96 13.9923 7.51237
      vertex 18.735 15.3656 7.88035
      vertex 18.6208 15.4393 7.9001
    endloop
  endfacet
  facet normal -3.33737e-05 -0.258815 0.965927
    outer loop
      vertex 19.0893 15.2449 7.848
      vertex 18.5871 13.7326 7.44277
      vertex 18.9206 13.6662 7.42499
    endloop
  endfacet
  facet normal -3.96796e-05 -0.258806 0.965929
    outer loop
      vertex 17.6772 14.1813 7.563
      vertex 18.6208 15.4393 7.9001
      vertex 18.5175 15.5268 7.92354
    endloop
  endfacet
  facet normal -2.17234e-05 -0.258806 0.965929
    outer loop
      vertex 17.4215 14.4055 7.62308
      vertex 18.5175 15.5268 7.92354
      vertex 18.4496 15.6016 7.94358
    endloop
  endfacet
  facet normal -0.000323993 -0.258417 0.966033
    outer loop
      vertex 17.1973 14.6612 7.6916
      vertex 18.4496 15.6016 7.94358
      vertex 18.427 15.6266 7.95026
    endloop
  endfacet
  facet normal 0.00039101 -0.259267 0.965806
    outer loop
      vertex 17.1973 14.6612 7.6916
      vertex 18.427 15.6266 7.95026
      vertex 18.4079 15.6541 7.95765
    endloop
  endfacet
  facet normal -7.5713e-05 -0.258692 0.96596
    outer loop
      vertex 17.0083 14.944 7.76737
      vertex 18.4079 15.6541 7.95765
      vertex 18.3507 15.7369 7.97982
    endloop
  endfacet
  facet normal -1.8106e-05 -0.258783 0.965936
    outer loop
      vertex 17.0083 14.944 7.76737
      vertex 18.3507 15.7369 7.97982
      vertex 18.2899 15.8559 8.0117
    endloop
  endfacet
  facet normal 7.3283e-06 -0.258825 0.965924
    outer loop
      vertex 18.8907 15.2963 7.86177
      vertex 18.265 13.8419 7.47206
      vertex 18.5871 13.7326 7.44277
    endloop
  endfacet
  facet normal 5.49884e-05 -0.258913 0.965901
    outer loop
      vertex 16.8579 15.249 7.8491
      vertex 18.2899 15.8559 8.0117
      vertex 18.2458 15.9815 8.04537
    endloop
  endfacet
  facet normal -3.87443e-05 -0.258717 0.965953
    outer loop
      vertex 16.7486 15.5711 7.93539
      vertex 18.2458 15.9815 8.04537
      vertex 18.2257 16.0791 8.07151
    endloop
  endfacet
  facet normal 4.87315e-05 -0.259133 0.965842
    outer loop
      vertex 16.6822 15.9046 8.02477
      vertex 18.2257 16.0791 8.07151
      vertex 18.219 16.1116 8.08023
    endloop
  endfacet
  facet normal -2.88838e-06 -0.258775 0.965938
    outer loop
      vertex 16.6822 15.9046 8.02477
      vertex 18.219 16.1116 8.08023
      vertex 18.21 16.244 8.1157
    endloop
  endfacet
  facet normal -7.7509e-05 -0.258977 0.965883
    outer loop
      vertex 18.2899 16.6321 8.2197
      vertex 16.8579 17.239 8.38231
      vertex 18.2789 16.6007 8.21128
    endloop
  endfacet
  facet normal 2.36247e-05 -0.258837 0.965921
    outer loop
      vertex 18.8274 15.3216 7.86856
      vertex 17.96 13.9923 7.51237
      vertex 18.265 13.8419 7.47206
    endloop
  endfacet
  facet normal 6.35993e-06 -0.258803 0.96593
    outer loop
      vertex 16.7486 16.9169 8.29601
      vertex 18.2789 16.6007 8.21128
      vertex 16.8579 17.239 8.38231
    endloop
  endfacet
  facet normal -3.50127e-05 -0.258809 0.965929
    outer loop
      vertex 18.6208 15.4393 7.9001
      vertex 17.6772 14.1813 7.563
      vertex 17.96 13.9923 7.51237
    endloop
  endfacet
  facet normal 4.23552e-06 -0.258813 0.965928
    outer loop
      vertex 18.2789 16.6007 8.21128
      vertex 16.7486 16.9169 8.29601
      vertex 18.2458 16.5065 8.18604
    endloop
  endfacet
  facet normal 8.29426e-06 -0.258833 0.965922
    outer loop
      vertex 18.5175 15.5268 7.92354
      vertex 17.4215 14.4055 7.62308
      vertex 17.6772 14.1813 7.563
    endloop
  endfacet
  facet normal -8.76064e-05 -0.259125 0.965844
    outer loop
      vertex 18.2458 16.5065 8.18604
      vertex 16.7486 16.9169 8.29601
      vertex 18.2391 16.474 8.17732
    endloop
  endfacet
  facet normal 8.95257e-06 -0.258831 0.965923
    outer loop
      vertex 18.4496 15.6016 7.94358
      vertex 17.1973 14.6612 7.6916
      vertex 17.4215 14.4055 7.62308
    endloop
  endfacet
  facet normal 2.09516e-06 -0.258844 0.965919
    outer loop
      vertex 16.6822 16.5834 8.20664
      vertex 18.2391 16.474 8.17732
      vertex 16.7486 16.9169 8.29601
    endloop
  endfacet
  facet normal -1.25877e-05 -0.258808 0.965929
    outer loop
      vertex 18.4079 15.6541 7.95765
      vertex 17.0083 14.944 7.76737
      vertex 17.1973 14.6612 7.6916
    endloop
  endfacet
  facet normal 5.15071e-06 -0.258803 0.96593
    outer loop
      vertex 18.2391 16.474 8.17732
      vertex 16.6822 16.5834 8.20664
      vertex 18.219 16.3764 8.15117
    endloop
  endfacet
  facet normal 1.63482e-05 -0.258828 0.965923
    outer loop
      vertex 18.2899 15.8559 8.0117
      vertex 16.8579 15.249 7.8491
      vertex 17.0083 14.944 7.76737
    endloop
  endfacet
  facet normal 9.11673e-06 -0.258776 0.965937
    outer loop
      vertex 18.219 16.3764 8.15117
      vertex 16.6822 16.5834 8.20664
      vertex 18.21 16.244 8.1157
    endloop
  endfacet
  facet normal -2.04181e-05 -0.25878 0.965936
    outer loop
      vertex 18.2458 15.9815 8.04537
      vertex 16.7486 15.5711 7.93539
      vertex 16.8579 15.249 7.8491
    endloop
  endfacet
  facet normal 0 -0.258814 0.965927
    outer loop
      vertex 16.66 16.244 8.1157
      vertex 18.21 16.244 8.1157
      vertex 16.6822 16.5834 8.20664
    endloop
  endfacet
  facet normal 1.65529e-05 -0.258867 0.965913
    outer loop
      vertex 18.2257 16.0791 8.07151
      vertex 16.6822 15.9046 8.02477
      vertex 16.7486 15.5711 7.93539
    endloop
  endfacet
  facet normal 0 -0.258787 0.965934
    outer loop
      vertex 18.21 16.244 8.1157
      vertex 16.66 16.244 8.1157
      vertex 16.6822 15.9046 8.02477
    endloop
  endfacet
  facet normal -0.997851 -0.0632868 -0.0169575
    outer loop
      vertex 20.31 17.7969 2.32015
      vertex 20.301 16.3764 8.15117
      vertex 20.301 17.9293 2.35562
    endloop
  endfacet
  facet normal -0.997851 -0.0632868 -0.0169575
    outer loop
      vertex 20.301 16.3764 8.15117
      vertex 20.31 17.7969 2.32015
      vertex 20.31 16.244 8.1157
    endloop
  endfacet
  facet normal -0.321277 -0.914714 -0.245111
    outer loop
      vertex 19.5318 18.7766 2.58265
      vertex 19.6618 17.181 8.36678
      vertex 19.5318 17.2236 8.3782
    endloop
  endfacet
  facet normal -0.321925 -0.914506 -0.245039
    outer loop
      vertex 19.6618 17.181 8.36678
      vertex 19.5318 18.7766 2.58265
      vertex 19.6618 18.7339 2.57122
    endloop
  endfacet
  facet normal 2.01447e-05 -0.258813 0.965927
    outer loop
      vertex 18.8582 16.8599 2.06907
      vertex 18.2458 18.0594 2.39048
      vertex 18.219 17.6645 2.28467
    endloop
  endfacet
  facet normal -0.658486 -0.72695 -0.194784
    outer loop
      vertex 19.8992 18.6015 2.53575
      vertex 19.925 17.0268 8.32544
      vertex 19.8992 17.0486 8.3313
    endloop
  endfacet
  facet normal -0.658922 -0.726582 -0.194682
    outer loop
      vertex 19.925 17.0268 8.32544
      vertex 19.8992 18.6015 2.53575
      vertex 20.0025 18.5141 2.51231
    endloop
  endfacet
  facet normal 0.000331946 -0.258754 0.965943
    outer loop
      vertex 20.31 17.7969 2.32015
      vertex 20.301 17.9293 2.35562
      vertex 20.2742 18.0594 2.39048
    endloop
  endfacet
  facet normal -0.831512 -0.536578 -0.143774
    outer loop
      vertex 20.093 18.4143 2.48558
      vertex 20.1502 16.7787 8.25897
      vertex 20.093 16.8614 8.28114
    endloop
  endfacet
  facet normal 0.0653161 -0.963864 -0.258264
    outer loop
      vertex 19.26 18.8111 2.59191
      vertex 19.26 17.2582 8.38746
      vertex 19.1572 17.2517 8.38572
    endloop
  endfacet
  facet normal 0.44238 -0.86627 -0.232114
    outer loop
      vertex 18.735 17.1223 8.35105
      vertex 18.8582 18.7339 2.57122
      vertex 18.8582 17.181 8.36678
    endloop
  endfacet
  facet normal 0.442365 -0.866277 -0.232116
    outer loop
      vertex 18.8582 18.7339 2.57122
      vertex 18.735 17.1223 8.35105
      vertex 18.735 18.6752 2.5555
    endloop
  endfacet
  facet normal 0 -0.258831 0.965923
    outer loop
      vertex 18.427 18.4143 2.48558
      vertex 20.2742 18.0594 2.39048
      vertex 20.093 18.4143 2.48558
    endloop
  endfacet
  facet normal 0 -0.258831 0.965923
    outer loop
      vertex 20.2742 18.0594 2.39048
      vertex 18.427 18.4143 2.48558
      vertex 18.2458 18.0594 2.39048
    endloop
  endfacet
  facet normal -0.980782 0.18846 0.0504972
    outer loop
      vertex 20.2943 16.0791 8.07151
      vertex 20.2742 17.5344 2.24981
      vertex 20.2742 15.9815 8.04537
    endloop
  endfacet
  facet normal -0.000245887 -0.258827 0.965924
    outer loop
      vertex 20.301 17.6645 2.28467
      vertex 20.31 17.7969 2.32015
      vertex 20.2742 18.0594 2.39048
    endloop
  endfacet
  facet normal -0.659319 0.726244 0.194595
    outer loop
      vertex 20.0025 17.0797 2.12798
      vertex 19.8992 15.4393 7.9001
      vertex 20.0025 15.5268 7.92354
    endloop
  endfacet
  facet normal -0.658922 0.726578 0.194697
    outer loop
      vertex 19.8992 15.4393 7.9001
      vertex 20.0025 17.0797 2.12798
      vertex 19.8992 16.9923 2.10454
    endloop
  endfacet
  facet normal 0 -0.25923 0.965815
    outer loop
      vertex 19.5318 18.7766 2.58265
      vertex 19.26 18.8111 2.59191
      vertex 18.9882 18.7766 2.58265
    endloop
  endfacet
  facet normal 0 -0.258799 0.965931
    outer loop
      vertex 18.9882 18.7766 2.58265
      vertex 20.093 18.4143 2.48558
      vertex 19.5318 18.7766 2.58265
    endloop
  endfacet
  facet normal 0 -0.258799 0.965931
    outer loop
      vertex 20.093 18.4143 2.48558
      vertex 18.9882 18.7766 2.58265
      vertex 18.427 18.4143 2.48558
    endloop
  endfacet
  facet normal -0.44238 -0.86627 -0.232114
    outer loop
      vertex 19.6618 18.7339 2.57122
      vertex 19.785 17.1223 8.35105
      vertex 19.6618 17.181 8.36678
    endloop
  endfacet
  facet normal -0.442365 -0.866277 -0.232116
    outer loop
      vertex 19.785 17.1223 8.35105
      vertex 19.6618 18.7339 2.57122
      vertex 19.785 18.6752 2.5555
    endloop
  endfacet
  facet normal -0.555542 0.803153 0.215216
    outer loop
      vertex 19.8992 16.9923 2.10454
      vertex 19.785 15.3656 7.88035
      vertex 19.8992 15.4393 7.9001
    endloop
  endfacet
  facet normal -0.555529 0.803162 0.215219
    outer loop
      vertex 19.785 15.3656 7.88035
      vertex 19.8992 16.9923 2.10454
      vertex 19.785 16.9186 2.0848
    endloop
  endfacet
  facet normal -0.0653161 -0.963864 -0.258264
    outer loop
      vertex 19.26 18.8111 2.59191
      vertex 19.3628 17.2517 8.38572
      vertex 19.26 17.2582 8.38746
    endloop
  endfacet
  facet normal -0.195232 -0.947339 -0.253836
    outer loop
      vertex 19.3971 18.8024 2.58958
      vertex 19.5318 17.2236 8.3782
      vertex 19.3971 17.2495 8.38514
    endloop
  endfacet
  facet normal -0.194537 -0.947468 -0.253888
    outer loop
      vertex 19.5318 17.2236 8.3782
      vertex 19.3971 18.8024 2.58958
      vertex 19.5318 18.7766 2.58265
    endloop
  endfacet
  facet normal 0.195232 -0.947339 -0.253836
    outer loop
      vertex 18.9882 17.2236 8.3782
      vertex 19.1229 18.8024 2.58958
      vertex 19.1229 17.2495 8.38514
    endloop
  endfacet
  facet normal 0.194537 -0.947468 -0.253888
    outer loop
      vertex 19.1229 18.8024 2.58958
      vertex 18.9882 17.2236 8.3782
      vertex 18.9882 18.7766 2.58265
    endloop
  endfacet
  facet normal 0.947019 0.310235 0.0831263
    outer loop
      vertex 18.2458 15.9815 8.04537
      vertex 18.2899 17.4088 2.21615
      vertex 18.2458 17.5344 2.24981
    endloop
  endfacet
  facet normal 0.947021 0.310229 0.083125
    outer loop
      vertex 18.2899 17.4088 2.21615
      vertex 18.2458 15.9815 8.04537
      vertex 18.2899 15.8559 8.0117
    endloop
  endfacet
  facet normal 0.658486 -0.72695 -0.194784
    outer loop
      vertex 18.595 17.0268 8.32544
      vertex 18.6208 18.6015 2.53575
      vertex 18.6208 17.0486 8.3313
    endloop
  endfacet
  facet normal 0.658922 -0.726582 -0.194682
    outer loop
      vertex 18.6208 18.6015 2.53575
      vertex 18.595 17.0268 8.32544
      vertex 18.5175 18.5141 2.51231
    endloop
  endfacet
  facet normal -0.000551105 -0.25843 0.96603
    outer loop
      vertex 20.0025 17.0797 2.12798
      vertex 20.2301 17.4088 2.21615
      vertex 19.8992 16.9923 2.10454
    endloop
  endfacet
  facet normal 0.751894 0.63682 0.170634
    outer loop
      vertex 18.5175 15.5268 7.92354
      vertex 18.5175 17.0797 2.12798
      vertex 18.4496 15.6016 7.94358
    endloop
  endfacet
  facet normal 0.000519335 -0.258526 0.966004
    outer loop
      vertex 18.3507 17.2898 2.18427
      vertex 18.427 17.1795 2.15471
      vertex 18.2899 17.4088 2.21615
    endloop
  endfacet
  facet normal -0.322572 0.914293 0.244982
    outer loop
      vertex 19.6618 16.8599 2.06907
      vertex 19.6293 15.2963 7.86177
      vertex 19.6618 15.307 7.86463
    endloop
  endfacet
  facet normal -0.321908 0.91451 0.245044
    outer loop
      vertex 19.6293 15.2963 7.86177
      vertex 19.6618 16.8599 2.06907
      vertex 19.5318 16.8172 2.05765
    endloop
  endfacet
  facet normal -0.000686117 -0.256417 0.966566
    outer loop
      vertex 19.5318 16.8172 2.05765
      vertex 19.6618 16.8599 2.06907
      vertex 19.3971 16.7914 2.05071
    endloop
  endfacet
  facet normal -0.980773 0.188501 0.0505075
    outer loop
      vertex 20.2943 16.0791 8.07151
      vertex 20.301 17.6645 2.28467
      vertex 20.2742 17.5344 2.24981
    endloop
  endfacet
  facet normal -0.980748 0.188624 0.0505412
    outer loop
      vertex 20.301 17.6645 2.28467
      vertex 20.2943 16.0791 8.07151
      vertex 20.301 16.1116 8.08023
    endloop
  endfacet
  facet normal -0.997851 0.0632857 0.0169572
    outer loop
      vertex 20.301 17.6645 2.28467
      vertex 20.31 16.244 8.1157
      vertex 20.31 17.7969 2.32015
    endloop
  endfacet
  facet normal -0.997851 0.0632869 0.0169575
    outer loop
      vertex 20.31 16.244 8.1157
      vertex 20.301 17.6645 2.28467
      vertex 20.301 16.1116 8.08023
    endloop
  endfacet
  facet normal 0.0661855 -0.963812 -0.258235
    outer loop
      vertex 19.1229 17.2495 8.38514
      vertex 19.26 18.8111 2.59191
      vertex 19.1572 17.2517 8.38572
    endloop
  endfacet
  facet normal 0.0655524 -0.963849 -0.25826
    outer loop
      vertex 19.26 18.8111 2.59191
      vertex 19.1229 17.2495 8.38514
      vertex 19.1229 18.8024 2.58958
    endloop
  endfacet
  facet normal 7.22635e-05 -0.259761 0.965673
    outer loop
      vertex 19.26 18.8111 2.59191
      vertex 19.1229 18.8024 2.58958
      vertex 18.9882 18.7766 2.58265
    endloop
  endfacet
  facet normal 0.896743 -0.427473 -0.11454
    outer loop
      vertex 18.3507 16.7511 8.25158
      vertex 18.2899 18.185 2.42414
      vertex 18.3507 18.304 2.45603
    endloop
  endfacet
  facet normal 0.896739 -0.42748 -0.114542
    outer loop
      vertex 18.2899 18.185 2.42414
      vertex 18.3507 16.7511 8.25158
      vertex 18.2899 16.6321 8.2197
    endloop
  endfacet
  facet normal -0.000344727 -0.259008 0.965875
    outer loop
      vertex 18.427 17.1795 2.15471
      vertex 18.5175 17.0797 2.12798
      vertex 18.2899 17.4088 2.21615
    endloop
  endfacet
  facet normal 0.659319 0.726244 0.194595
    outer loop
      vertex 18.6208 15.4393 7.9001
      vertex 18.5175 17.0797 2.12798
      vertex 18.5175 15.5268 7.92354
    endloop
  endfacet
  facet normal 0.658922 0.726578 0.194697
    outer loop
      vertex 18.5175 17.0797 2.12798
      vertex 18.6208 15.4393 7.9001
      vertex 18.6208 16.9923 2.10454
    endloop
  endfacet
  facet normal 0.440666 0.867073 0.232375
    outer loop
      vertex 18.8582 15.307 7.86463
      vertex 18.735 16.9186 2.0848
      vertex 18.8274 15.3216 7.86856
    endloop
  endfacet
  facet normal 0.44238 0.86627 0.232114
    outer loop
      vertex 18.735 16.9186 2.0848
      vertex 18.8582 15.307 7.86463
      vertex 18.8582 16.8599 2.06907
    endloop
  endfacet
  facet normal -0.947019 -0.310234 -0.0831302
    outer loop
      vertex 20.2411 16.6007 8.21128
      vertex 20.2301 18.185 2.42414
      vertex 20.2742 18.0594 2.39048
    endloop
  endfacet
  facet normal -0.947244 -0.309593 -0.0829543
    outer loop
      vertex 20.2301 18.185 2.42414
      vertex 20.2411 16.6007 8.21128
      vertex 20.2301 16.6321 8.2197
    endloop
  endfacet
  facet normal -0.659582 -0.726019 -0.194547
    outer loop
      vertex 20.0025 18.5141 2.51231
      vertex 20.0025 16.9611 8.30787
      vertex 19.925 17.0268 8.32544
    endloop
  endfacet
  facet normal -0.000123469 -0.258929 0.965896
    outer loop
      vertex 19.785 18.6752 2.5555
      vertex 19.6618 18.7339 2.57122
      vertex 19.5318 18.7766 2.58265
    endloop
  endfacet
  facet normal -0.000231195 -0.259179 0.965829
    outer loop
      vertex 19.8992 18.6015 2.53575
      vertex 19.785 18.6752 2.5555
      vertex 19.5318 18.7766 2.58265
    endloop
  endfacet
  facet normal 0.659582 -0.726019 -0.194547
    outer loop
      vertex 18.5175 18.5141 2.51231
      vertex 18.595 17.0268 8.32544
      vertex 18.5175 16.9611 8.30787
    endloop
  endfacet
  facet normal 0.000123469 -0.258929 0.965896
    outer loop
      vertex 18.9882 18.7766 2.58265
      vertex 18.8582 18.7339 2.57122
      vertex 18.735 18.6752 2.5555
    endloop
  endfacet
  facet normal 0.000186721 -0.25892 0.965899
    outer loop
      vertex 18.427 18.4143 2.48558
      vertex 18.2899 18.185 2.42414
      vertex 18.2458 18.0594 2.39048
    endloop
  endfacet
  facet normal 0.980748 -0.188624 -0.0505412
    outer loop
      vertex 18.2391 16.474 8.17732
      vertex 18.2458 18.0594 2.39048
      vertex 18.2458 16.5065 8.18604
    endloop
  endfacet
  facet normal 0.980773 -0.188501 -0.0505075
    outer loop
      vertex 18.2458 18.0594 2.39048
      vertex 18.2391 16.474 8.17732
      vertex 18.219 17.9293 2.35562
    endloop
  endfacet
  facet normal 0.831473 0.536633 0.1438
    outer loop
      vertex 18.4079 15.6541 7.95765
      vertex 18.427 17.1795 2.15471
      vertex 18.3507 17.2898 2.18427
    endloop
  endfacet
  facet normal 0.830482 0.538065 0.144173
    outer loop
      vertex 18.427 17.1795 2.15471
      vertex 18.4079 15.6541 7.95765
      vertex 18.427 15.6266 7.95026
    endloop
  endfacet
  facet normal 0.000551105 -0.25843 0.96603
    outer loop
      vertex 18.5175 17.0797 2.12798
      vertex 18.6208 16.9923 2.10454
      vertex 18.2899 17.4088 2.21615
    endloop
  endfacet
  facet normal -2.01447e-05 -0.258813 0.965927
    outer loop
      vertex 20.301 17.6645 2.28467
      vertex 20.2742 18.0594 2.39048
      vertex 19.6618 16.8599 2.06907
    endloop
  endfacet
  facet normal -0.440666 0.867073 0.232375
    outer loop
      vertex 19.785 16.9186 2.0848
      vertex 19.6618 15.307 7.86463
      vertex 19.6926 15.3216 7.86856
    endloop
  endfacet
  facet normal -0.44238 0.86627 0.232114
    outer loop
      vertex 19.6618 15.307 7.86463
      vertex 19.785 16.9186 2.0848
      vertex 19.6618 16.8599 2.06907
    endloop
  endfacet
  facet normal -1.70102e-06 -0.258838 0.965921
    outer loop
      vertex 20.2301 17.4088 2.21615
      vertex 20.301 17.6645 2.28467
      vertex 19.8992 16.9923 2.10454
    endloop
  endfacet
  facet normal -0.000305506 -0.258759 0.965942
    outer loop
      vertex 20.2742 17.5344 2.24981
      vertex 20.301 17.6645 2.28467
      vertex 20.2301 17.4088 2.21615
    endloop
  endfacet
  facet normal -0.000141016 -0.259003 0.965877
    outer loop
      vertex 20.093 18.4143 2.48558
      vertex 19.8992 18.6015 2.53575
      vertex 19.5318 18.7766 2.58265
    endloop
  endfacet
  facet normal 0.00125227 -0.257657 0.966236
    outer loop
      vertex 20.093 18.4143 2.48558
      vertex 20.0025 18.5141 2.51231
      vertex 19.8992 18.6015 2.53575
    endloop
  endfacet
  facet normal -0.752226 -0.636451 -0.170546
    outer loop
      vertex 20.093 18.4143 2.48558
      vertex 20.0025 16.9611 8.30787
      vertex 20.0025 18.5141 2.51231
    endloop
  endfacet
  facet normal -0.751921 -0.63679 -0.170626
    outer loop
      vertex 20.0025 16.9611 8.30787
      vertex 20.093 18.4143 2.48558
      vertex 20.093 16.8614 8.28114
    endloop
  endfacet
  facet normal -0.000228877 -0.258392 0.96604
    outer loop
      vertex 19.785 16.9186 2.0848
      vertex 19.8992 16.9923 2.10454
      vertex 19.6618 16.8599 2.06907
    endloop
  endfacet
  facet normal -0.321709 0.914576 0.245058
    outer loop
      vertex 19.6293 15.2963 7.86177
      vertex 19.5318 16.8172 2.05765
      vertex 19.5318 15.2643 7.8532
    endloop
  endfacet
  facet normal -0.947019 0.310235 0.0831263
    outer loop
      vertex 20.2301 17.4088 2.21615
      vertex 20.2742 15.9815 8.04537
      vertex 20.2742 17.5344 2.24981
    endloop
  endfacet
  facet normal -0.947021 0.310229 0.083125
    outer loop
      vertex 20.2742 15.9815 8.04537
      vertex 20.2301 17.4088 2.21615
      vertex 20.2301 15.8559 8.0117
    endloop
  endfacet
  facet normal -0.000186721 -0.25892 0.965899
    outer loop
      vertex 20.2742 18.0594 2.39048
      vertex 20.2301 18.185 2.42414
      vertex 20.093 18.4143 2.48558
    endloop
  endfacet
  facet normal -0.896743 -0.427473 -0.11454
    outer loop
      vertex 20.2301 18.185 2.42414
      vertex 20.1693 16.7511 8.25158
      vertex 20.1693 18.304 2.45603
    endloop
  endfacet
  facet normal -0.896739 -0.42748 -0.114542
    outer loop
      vertex 20.1693 16.7511 8.25158
      vertex 20.2301 18.185 2.42414
      vertex 20.2301 16.6321 8.2197
    endloop
  endfacet
  facet normal 0.555542 -0.803157 -0.215203
    outer loop
      vertex 18.6208 17.0486 8.3313
      vertex 18.735 18.6752 2.5555
      vertex 18.735 17.1223 8.35105
    endloop
  endfacet
  facet normal 0.555542 -0.803157 -0.215203
    outer loop
      vertex 18.735 18.6752 2.5555
      vertex 18.6208 17.0486 8.3313
      vertex 18.6208 18.6015 2.53575
    endloop
  endfacet
  facet normal 0.321277 -0.914714 -0.245111
    outer loop
      vertex 18.8582 17.181 8.36678
      vertex 18.9882 18.7766 2.58265
      vertex 18.9882 17.2236 8.3782
    endloop
  endfacet
  facet normal 0.321925 -0.914506 -0.245039
    outer loop
      vertex 18.9882 18.7766 2.58265
      vertex 18.8582 17.181 8.36678
      vertex 18.8582 18.7339 2.57122
    endloop
  endfacet
  facet normal 0 -0.258823 0.965925
    outer loop
      vertex 20.2742 18.0594 2.39048
      vertex 18.8582 16.8599 2.06907
      vertex 19.6618 16.8599 2.06907
    endloop
  endfacet
  facet normal 0 -0.258823 0.965925
    outer loop
      vertex 18.8582 16.8599 2.06907
      vertex 20.2742 18.0594 2.39048
      vertex 18.2458 18.0594 2.39048
    endloop
  endfacet
  facet normal 0.997851 -0.0632868 -0.0169575
    outer loop
      vertex 18.219 16.3764 8.15117
      vertex 18.21 17.7969 2.32015
      vertex 18.219 17.9293 2.35562
    endloop
  endfacet
  facet normal 0.997851 -0.0632868 -0.0169575
    outer loop
      vertex 18.21 17.7969 2.32015
      vertex 18.219 16.3764 8.15117
      vertex 18.21 16.244 8.1157
    endloop
  endfacet
  facet normal 0.980783 -0.188456 -0.0504961
    outer loop
      vertex 18.219 17.9293 2.35562
      vertex 18.2391 16.474 8.17732
      vertex 18.219 16.3764 8.15117
    endloop
  endfacet
  facet normal 0.896739 0.42748 0.114542
    outer loop
      vertex 18.2899 15.8559 8.0117
      vertex 18.3507 17.2898 2.18427
      vertex 18.2899 17.4088 2.21615
    endloop
  endfacet
  facet normal 0.896739 0.42748 0.114542
    outer loop
      vertex 18.3507 17.2898 2.18427
      vertex 18.2899 15.8559 8.0117
      vertex 18.3507 15.7369 7.97982
    endloop
  endfacet
  facet normal 0.831801 0.53616 0.143662
    outer loop
      vertex 18.4079 15.6541 7.95765
      vertex 18.3507 17.2898 2.18427
      vertex 18.3507 15.7369 7.97982
    endloop
  endfacet
  facet normal -0.980773 -0.188501 -0.0505075
    outer loop
      vertex 20.2809 16.474 8.17732
      vertex 20.2742 18.0594 2.39048
      vertex 20.301 17.9293 2.35562
    endloop
  endfacet
  facet normal -0.980748 -0.188624 -0.0505412
    outer loop
      vertex 20.2742 18.0594 2.39048
      vertex 20.2809 16.474 8.17732
      vertex 20.2742 16.5065 8.18604
    endloop
  endfacet
  facet normal 0.000231195 -0.259179 0.965829
    outer loop
      vertex 18.9882 18.7766 2.58265
      vertex 18.735 18.6752 2.5555
      vertex 18.6208 18.6015 2.53575
    endloop
  endfacet
  facet normal 5.70021e-05 -0.25887 0.965912
    outer loop
      vertex 19.8992 16.9923 2.10454
      vertex 20.301 17.6645 2.28467
      vertex 19.6618 16.8599 2.06907
    endloop
  endfacet
  facet normal 0.000305506 -0.258759 0.965942
    outer loop
      vertex 18.2458 17.5344 2.24981
      vertex 18.2899 17.4088 2.21615
      vertex 18.219 17.6645 2.28467
    endloop
  endfacet
  facet normal -5.70021e-05 -0.25887 0.965912
    outer loop
      vertex 18.6208 16.9923 2.10454
      vertex 18.8582 16.8599 2.06907
      vertex 18.219 17.6645 2.28467
    endloop
  endfacet
  facet normal -0.00125227 -0.257657 0.966236
    outer loop
      vertex 18.6208 18.6015 2.53575
      vertex 18.5175 18.5141 2.51231
      vertex 18.427 18.4143 2.48558
    endloop
  endfacet
  facet normal 0.000141016 -0.259003 0.965877
    outer loop
      vertex 18.9882 18.7766 2.58265
      vertex 18.6208 18.6015 2.53575
      vertex 18.427 18.4143 2.48558
    endloop
  endfacet
  facet normal 1.70102e-06 -0.258838 0.965921
    outer loop
      vertex 18.2899 17.4088 2.21615
      vertex 18.6208 16.9923 2.10454
      vertex 18.219 17.6645 2.28467
    endloop
  endfacet
  facet normal 0.753188 0.635391 0.170251
    outer loop
      vertex 18.4496 15.6016 7.94358
      vertex 18.427 17.1795 2.15471
      vertex 18.427 15.6266 7.95026
    endloop
  endfacet
  facet normal 0.752226 0.636451 0.170544
    outer loop
      vertex 18.427 17.1795 2.15471
      vertex 18.4496 15.6016 7.94358
      vertex 18.5175 17.0797 2.12798
    endloop
  endfacet
  facet normal 0.000344727 -0.259008 0.965875
    outer loop
      vertex 20.093 17.1795 2.15471
      vertex 20.2301 17.4088 2.21615
      vertex 20.0025 17.0797 2.12798
    endloop
  endfacet
  facet normal -0.751894 0.63682 0.170634
    outer loop
      vertex 20.0704 15.6016 7.94358
      vertex 20.0025 17.0797 2.12798
      vertex 20.0025 15.5268 7.92354
    endloop
  endfacet
  facet normal 0.0648523 0.963889 0.258287
    outer loop
      vertex 19.26 15.2298 7.84394
      vertex 19.1229 16.7914 2.05071
      vertex 19.1229 15.2384 7.84627
    endloop
  endfacet
  facet normal 0.0655336 0.96385 0.258261
    outer loop
      vertex 19.1229 16.7914 2.05071
      vertex 19.26 15.2298 7.84394
      vertex 19.26 16.7827 2.04839
    endloop
  endfacet
  facet normal -0.000110635 -0.25929 0.9658
    outer loop
      vertex 19.1229 16.7914 2.05071
      vertex 19.26 16.7827 2.04839
      vertex 18.8582 16.8599 2.06907
    endloop
  endfacet
  facet normal -0.000519335 -0.258526 0.966004
    outer loop
      vertex 20.1693 17.2898 2.18427
      vertex 20.2301 17.4088 2.21615
      vertex 20.093 17.1795 2.15471
    endloop
  endfacet
  facet normal -0.831473 0.536633 0.1438
    outer loop
      vertex 20.093 17.1795 2.15471
      vertex 20.1121 15.6541 7.95765
      vertex 20.1693 17.2898 2.18427
    endloop
  endfacet
  facet normal -0.830482 0.538065 0.144173
    outer loop
      vertex 20.1121 15.6541 7.95765
      vertex 20.093 17.1795 2.15471
      vertex 20.093 15.6266 7.95026
    endloop
  endfacet
  facet normal -7.22635e-05 -0.259761 0.965673
    outer loop
      vertex 19.5318 18.7766 2.58265
      vertex 19.3971 18.8024 2.58958
      vertex 19.26 18.8111 2.59191
    endloop
  endfacet
  facet normal -0.0661855 -0.963812 -0.258235
    outer loop
      vertex 19.26 18.8111 2.59191
      vertex 19.3971 17.2495 8.38514
      vertex 19.3628 17.2517 8.38572
    endloop
  endfacet
  facet normal -0.0655524 -0.963849 -0.25826
    outer loop
      vertex 19.3971 17.2495 8.38514
      vertex 19.26 18.8111 2.59191
      vertex 19.3971 18.8024 2.58958
    endloop
  endfacet
  facet normal -0.980783 -0.188456 -0.0504961
    outer loop
      vertex 20.301 17.9293 2.35562
      vertex 20.301 16.3764 8.15117
      vertex 20.2809 16.474 8.17732
    endloop
  endfacet
  facet normal 0.000110635 -0.25929 0.9658
    outer loop
      vertex 19.3971 16.7914 2.05071
      vertex 19.6618 16.8599 2.06907
      vertex 19.26 16.7827 2.04839
    endloop
  endfacet
  facet normal 0 -0.258753 0.965944
    outer loop
      vertex 19.26 16.7827 2.04839
      vertex 19.6618 16.8599 2.06907
      vertex 18.8582 16.8599 2.06907
    endloop
  endfacet
  facet normal -0.946944 -0.310449 -0.0831837
    outer loop
      vertex 20.2742 18.0594 2.39048
      vertex 20.2742 16.5065 8.18604
      vertex 20.2411 16.6007 8.21128
    endloop
  endfacet
  facet normal -0.000413862 -0.259047 0.965865
    outer loop
      vertex 20.2301 18.185 2.42414
      vertex 20.1693 18.304 2.45603
      vertex 20.093 18.4143 2.48558
    endloop
  endfacet
  facet normal -0.831467 -0.536644 -0.143793
    outer loop
      vertex 20.1693 18.304 2.45603
      vertex 20.1502 16.7787 8.25897
      vertex 20.093 18.4143 2.48558
    endloop
  endfacet
  facet normal -0.831353 -0.536808 -0.143836
    outer loop
      vertex 20.1502 16.7787 8.25897
      vertex 20.1693 18.304 2.45603
      vertex 20.1693 16.7511 8.25158
    endloop
  endfacet
  facet normal -0.555542 -0.803157 -0.215203
    outer loop
      vertex 19.785 18.6752 2.5555
      vertex 19.8992 17.0486 8.3313
      vertex 19.785 17.1223 8.35105
    endloop
  endfacet
  facet normal -0.555542 -0.803157 -0.215203
    outer loop
      vertex 19.8992 17.0486 8.3313
      vertex 19.785 18.6752 2.5555
      vertex 19.8992 18.6015 2.53575
    endloop
  endfacet
  facet normal -0.196292 0.947141 0.253758
    outer loop
      vertex 19.5318 16.8172 2.05765
      vertex 19.3971 15.2384 7.84627
      vertex 19.4307 15.2449 7.848
    endloop
  endfacet
  facet normal -0.194555 0.947465 0.253886
    outer loop
      vertex 19.3971 15.2384 7.84627
      vertex 19.5318 16.8172 2.05765
      vertex 19.3971 16.7914 2.05071
    endloop
  endfacet
  facet normal -0.194855 0.947412 0.253856
    outer loop
      vertex 19.5318 15.2643 7.8532
      vertex 19.5318 16.8172 2.05765
      vertex 19.4307 15.2449 7.848
    endloop
  endfacet
  facet normal 0.000245887 -0.258827 0.965924
    outer loop
      vertex 18.219 17.6645 2.28467
      vertex 18.2458 18.0594 2.39048
      vertex 18.21 17.7969 2.32015
    endloop
  endfacet
  facet normal -0.000331946 -0.258754 0.965943
    outer loop
      vertex 18.2458 18.0594 2.39048
      vertex 18.219 17.9293 2.35562
      vertex 18.21 17.7969 2.32015
    endloop
  endfacet
  facet normal -0.752226 0.636451 0.170544
    outer loop
      vertex 20.0704 15.6016 7.94358
      vertex 20.093 17.1795 2.15471
      vertex 20.0025 17.0797 2.12798
    endloop
  endfacet
  facet normal -0.753188 0.635391 0.170251
    outer loop
      vertex 20.093 17.1795 2.15471
      vertex 20.0704 15.6016 7.94358
      vertex 20.093 15.6266 7.95026
    endloop
  endfacet
  facet normal -0.896739 0.42748 0.114542
    outer loop
      vertex 20.1693 17.2898 2.18427
      vertex 20.2301 15.8559 8.0117
      vertex 20.2301 17.4088 2.21615
    endloop
  endfacet
  facet normal -0.896739 0.42748 0.114542
    outer loop
      vertex 20.2301 15.8559 8.0117
      vertex 20.1693 17.2898 2.18427
      vertex 20.1693 15.7369 7.97982
    endloop
  endfacet
  facet normal 0.322572 0.914293 0.244982
    outer loop
      vertex 18.8907 15.2963 7.86177
      vertex 18.8582 16.8599 2.06907
      vertex 18.8582 15.307 7.86463
    endloop
  endfacet
  facet normal 0.321908 0.91451 0.245044
    outer loop
      vertex 18.8582 16.8599 2.06907
      vertex 18.8907 15.2963 7.86177
      vertex 18.9882 16.8172 2.05765
    endloop
  endfacet
  facet normal 0.980782 0.18846 0.0504972
    outer loop
      vertex 18.2458 15.9815 8.04537
      vertex 18.2458 17.5344 2.24981
      vertex 18.2257 16.0791 8.07151
    endloop
  endfacet
  facet normal -0.0648523 0.963889 0.258287
    outer loop
      vertex 19.3971 16.7914 2.05071
      vertex 19.26 15.2298 7.84394
      vertex 19.3971 15.2384 7.84627
    endloop
  endfacet
  facet normal -0.0655336 0.96385 0.258261
    outer loop
      vertex 19.26 15.2298 7.84394
      vertex 19.3971 16.7914 2.05071
      vertex 19.26 16.7827 2.04839
    endloop
  endfacet
  facet normal 0.555542 0.803153 0.215216
    outer loop
      vertex 18.735 15.3656 7.88035
      vertex 18.6208 16.9923 2.10454
      vertex 18.6208 15.4393 7.9001
    endloop
  endfacet
  facet normal 0.555529 0.803162 0.215219
    outer loop
      vertex 18.6208 16.9923 2.10454
      vertex 18.735 15.3656 7.88035
      vertex 18.735 16.9186 2.0848
    endloop
  endfacet
  facet normal 0.442176 0.866363 0.232154
    outer loop
      vertex 18.8274 15.3216 7.86856
      vertex 18.735 16.9186 2.0848
      vertex 18.735 15.3656 7.88035
    endloop
  endfacet
  facet normal 0.831064 -0.537226 -0.143948
    outer loop
      vertex 18.427 18.4143 2.48558
      vertex 18.427 16.8614 8.28114
      vertex 18.3697 16.7787 8.25897
    endloop
  endfacet
  facet normal 0.831467 -0.536647 -0.14378
    outer loop
      vertex 18.3697 16.7787 8.25897
      vertex 18.3507 18.304 2.45603
      vertex 18.427 18.4143 2.48558
    endloop
  endfacet
  facet normal 0.832697 -0.534861 -0.143314
    outer loop
      vertex 18.3507 18.304 2.45603
      vertex 18.3697 16.7787 8.25897
      vertex 18.3507 16.7511 8.25158
    endloop
  endfacet
  facet normal 0.000413862 -0.259047 0.965865
    outer loop
      vertex 18.427 18.4143 2.48558
      vertex 18.3507 18.304 2.45603
      vertex 18.2899 18.185 2.42414
    endloop
  endfacet
  facet normal 0.947244 -0.309593 -0.0829543
    outer loop
      vertex 18.2789 16.6007 8.21128
      vertex 18.2899 18.185 2.42414
      vertex 18.2899 16.6321 8.2197
    endloop
  endfacet
  facet normal 0.947019 -0.310234 -0.0831302
    outer loop
      vertex 18.2899 18.185 2.42414
      vertex 18.2789 16.6007 8.21128
      vertex 18.2458 18.0594 2.39048
    endloop
  endfacet
  facet normal 0.946944 -0.310449 -0.0831837
    outer loop
      vertex 18.2458 18.0594 2.39048
      vertex 18.2789 16.6007 8.21128
      vertex 18.2458 16.5065 8.18604
    endloop
  endfacet
  facet normal -0.831801 0.53616 0.143662
    outer loop
      vertex 20.1693 15.7369 7.97982
      vertex 20.1693 17.2898 2.18427
      vertex 20.1121 15.6541 7.95765
    endloop
  endfacet
  facet normal 0.196292 0.947141 0.253758
    outer loop
      vertex 19.1229 15.2384 7.84627
      vertex 18.9882 16.8172 2.05765
      vertex 19.0893 15.2449 7.848
    endloop
  endfacet
  facet normal 0.194555 0.947465 0.253886
    outer loop
      vertex 18.9882 16.8172 2.05765
      vertex 19.1229 15.2384 7.84627
      vertex 19.1229 16.7914 2.05071
    endloop
  endfacet
  facet normal 0.000686117 -0.256417 0.966566
    outer loop
      vertex 18.9882 16.8172 2.05765
      vertex 19.1229 16.7914 2.05071
      vertex 18.8582 16.8599 2.06907
    endloop
  endfacet
  facet normal 0.321709 0.914576 0.245058
    outer loop
      vertex 18.9882 15.2643 7.8532
      vertex 18.9882 16.8172 2.05765
      vertex 18.8907 15.2963 7.86177
    endloop
  endfacet
  facet normal 0.194855 0.947412 0.253856
    outer loop
      vertex 19.0893 15.2449 7.848
      vertex 18.9882 16.8172 2.05765
      vertex 18.9882 15.2643 7.8532
    endloop
  endfacet
  facet normal 0.997851 0.0632857 0.0169572
    outer loop
      vertex 18.21 16.244 8.1157
      vertex 18.219 17.6645 2.28467
      vertex 18.21 17.7969 2.32015
    endloop
  endfacet
  facet normal 0.997851 0.0632869 0.0169575
    outer loop
      vertex 18.219 17.6645 2.28467
      vertex 18.21 16.244 8.1157
      vertex 18.219 16.1116 8.08023
    endloop
  endfacet
  facet normal 0.980748 0.188624 0.0505412
    outer loop
      vertex 18.2257 16.0791 8.07151
      vertex 18.219 17.6645 2.28467
      vertex 18.219 16.1116 8.08023
    endloop
  endfacet
  facet normal 0.980773 0.188501 0.0505075
    outer loop
      vertex 18.219 17.6645 2.28467
      vertex 18.2257 16.0791 8.07151
      vertex 18.2458 17.5344 2.24981
    endloop
  endfacet
  facet normal 0.000228877 -0.258392 0.96604
    outer loop
      vertex 18.735 16.9186 2.0848
      vertex 18.8582 16.8599 2.06907
      vertex 18.6208 16.9923 2.10454
    endloop
  endfacet
  facet normal 0.752226 -0.636451 -0.170546
    outer loop
      vertex 18.5175 16.9611 8.30787
      vertex 18.427 18.4143 2.48558
      vertex 18.5175 18.5141 2.51231
    endloop
  endfacet
  facet normal 0.751921 -0.63679 -0.170626
    outer loop
      vertex 18.427 18.4143 2.48558
      vertex 18.5175 16.9611 8.30787
      vertex 18.427 16.8614 8.28114
    endloop
  endfacet
  facet normal -0.442176 0.866363 0.232154
    outer loop
      vertex 19.785 15.3656 7.88035
      vertex 19.785 16.9186 2.0848
      vertex 19.6926 15.3216 7.86856
    endloop
  endfacet
  facet normal -1 0 0
    outer loop
      vertex 2.75 2.65 4.47321
      vertex 2.75 4.85 2
      vertex 2.75 2.65 2
    endloop
  endfacet
  facet normal -1 0 0
    outer loop
      vertex 2.75 4.85 2
      vertex 2.75 2.65 4.47321
      vertex 2.75 4.85 5.06269
    endloop
  endfacet
  facet normal 1 -0 0
    outer loop
      vertex 21.8 2.65 4.47321
      vertex 21.8 4.85 2
      vertex 21.8 4.85 5.06269
    endloop
  endfacet
  facet normal 1 0 0
    outer loop
      vertex 21.8 4.85 2
      vertex 21.8 2.65 4.47321
      vertex 21.8 2.65 2
    endloop
  endfacet
  facet normal 0 1 -0
    outer loop
      vertex 21.8 4.85 2
      vertex 2.75 4.85 5.06269
      vertex 21.8 4.85 5.06269
    endloop
  endfacet
  facet normal 0 1 0
    outer loop
      vertex 2.75 4.85 5.06269
      vertex 21.8 4.85 2
      vertex 2.75 4.85 2
    endloop
  endfacet
  facet normal 0 -1 0
    outer loop
      vertex 2.75 2.65 2
      vertex 21.8 2.65 4.47321
      vertex 2.75 2.65 4.47321
    endloop
  endfacet
  facet normal 0 -1 -0
    outer loop
      vertex 21.8 2.65 4.47321
      vertex 2.75 2.65 2
      vertex 21.8 2.65 2
    endloop
  endfacet
  facet normal 0 -0.258816 0.965927
    outer loop
      vertex 2.75 4.85 5.06269
      vertex 21.8 2.65 4.47321
      vertex 21.8 4.85 5.06269
    endloop
  endfacet
  facet normal 0 -0.258816 0.965927
    outer loop
      vertex 21.8 2.65 4.47321
      vertex 2.75 4.85 5.06269
      vertex 2.75 2.65 4.47321
    endloop
  endfacet
endsolid OpenSCAD_Model
