; generated by PrusaSlicer 2.9.6 on 2026-06-26 at 18:45:34 UTC

; 

; external perimeters extrusion width = 0.45mm
; perimeters extrusion width = 0.45mm
; infill extrusion width = 0.45mm
; solid infill extrusion width = 0.45mm
; top infill extrusion width = 0.40mm
; support material extrusion width = 0.35mm
; first layer extrusion width = 0.42mm

M73 P0 R56
M73 Q0 S56
M201 X1000 Y1000 Z200 E5000 ; sets maximum accelerations, mm/sec^2
M203 X200 Y200 Z12 E120 ; sets maximum feedrates, mm / sec
M204 S1250 T1250 ; sets acceleration (S) and retract acceleration (R), mm/sec^2
M205 X8.00 Y8.00 Z0.40 E4.50 ; sets the jerk limits, mm/sec
M205 S0 T0 ; sets the minimum extruding and travel feed rate, mm/sec

; printing object ../stl/front_shell.stl id:0 copy 0
; stop printing object ../stl/front_shell.stl id:0 copy 0

;TYPE:Custom
M862.3 P "MK3S" ; printer model check
M862.1 P0.4 ; nozzle diameter check
M115 U3.14.1 ; tell printer latest fw version
G90 ; use absolute coordinates
M83 ; extruder relative mode
M104 S215 ; set extruder temp
M140 S60 ; set bed temp
M190 S60 ; wait for bed temp
M109 S215 ; wait for extruder temp
G28 W ; home all without mesh bed level
G80 X69.4029 Y60.1229 W111.194 H89.7542 ; mesh bed levelling

G1 Z0.2 F720
G1 Y-3 F1000 ; go outside print area
G92 E0
G1 X60 E9 F1000 ; intro line
M73 P0 R55
G1 X100 E12.5 F1000 ; intro line

G92 E0
M221 S95

; Don't change E values below. Excessive value can damage the printer.
M907 E430 ; set extruder motor current
G21 ; set units to millimeters
G90 ; use absolute coordinates
M83 ; use relative distances for extrusion

M900 K0.05 ; Filament gcode LA 1.5
M900 K30 ; Filament gcode LA 1.0




M107
;LAYER_CHANGE
;Z:0.2
;HEIGHT:0.2
G1 E-.8 F2100
G1 Z.6 F720
G1 X70.232 Y61.452 F10800
G1 Z.2 F720
G1 E.8 F2100
M204 S800
;TYPE:Skirt/Brim
;WIDTH:0.42
G1 F1200
G1 X70.732 Y60.952 E.02217
G1 X72.28 Y60.311 E.05253
G1 X177.72 Y60.311 E3.306
G1 X179.268 Y60.952 E.05253
G1 X179.768 Y61.452 E.02217
G1 X180.409 Y63 E.05253
G1 X180.409 Y147 E2.63376
G1 X179.768 Y148.548 E.05253
G1 X179.268 Y149.048 E.02217
G1 X177.72 Y149.689 E.05253
G1 X72.28 Y149.689 E3.306
G1 X70.732 Y149.048 E.05253
M73 Q0 S55
G1 X70.232 Y148.548 E.02217
G1 X69.591 Y147 E.05253
G1 X69.591 Y63 E2.63376
G1 X70.21 Y61.508 E.05065
M204 S1000
;WIPE_START
G1 F8640
G1 X70.232 Y61.452 E-.01389
G1 X70.732 Y60.952 E-.16327
G1 X72.28 Y60.311 E-.38687
G1 X73.302 Y60.311 E-.23597
;WIPE_END
G1 Z.6 F720
; printing object ../stl/front_shell.stl id:0 copy 0
G1 X174.635 Y144.904 F10800
G1 Z.2 F720
G1 E.8 F2100
M204 S800
;TYPE:Perimeter
;WIDTH:0.419999
G1 F1200
G1 X174.574 Y144.979 E.00303
G1 X174.241 Y145.087 E.01098
G1 X147.287 Y145.087 E.84512
;WIDTH:0.457189
G1 X146.949 Y145.106 E.01166
;WIDTH:0.494379
G1 X146.611 Y145.124 E.01271
G1 X139.869 Y145.124 E.25309
G1 X139.531 Y145.106 E.01271
;WIDTH:0.457189
G1 X139.193 Y145.087 E.01166
;WIDTH:0.419999
G1 X110.807 Y145.087 E.89002
;WIDTH:0.457189
G1 X110.469 Y145.106 E.01166
;WIDTH:0.494379
G1 X110.131 Y145.124 E.01271
G1 X103.389 Y145.124 E.25309
G1 X103.051 Y145.106 E.01271
;WIDTH:0.457189
G1 X102.713 Y145.087 E.01166
;WIDTH:0.419999
G1 X77.759 Y145.087 E.78241
G1 X77.419 Y144.974 E.01123
G1 X77.236 Y144.739 E.00934
G1 X77.193 Y144.4 E.01071
G1 X77.193 Y83.479 E1.91013
G1 X77.278 Y83.18 E.00975
M73 P1 R55
M73 Q1 S55
G1 X77.471 Y82.991 E.00847
G1 X77.759 Y82.913 E.00936
G1 X174.241 Y82.913 E3.02512
G1 X174.508 Y82.979 E.00862
G1 X174.651 Y83.088 E.00564
G1 X174.764 Y83.261 E.00648
G1 X174.807 Y83.479 E.00697
G1 X174.807 Y144.521 E1.91393
G1 X174.759 Y144.75 E.00734
G1 X174.673 Y144.857 E.0043
M204 S1000
G1 X174.378 Y144.624 F10800
M204 S800
;TYPE:External perimeter
G1 F1200
G1 X174.352 Y144.674 E.00177
G1 X174.241 Y144.71 E.00366
G1 X77.759 Y144.71 E3.02512
G1 X77.645 Y144.672 E.00377
G1 X77.57 Y144.521 E.00529
G1 X77.57 Y83.479 E1.91393
G1 X77.629 Y83.342 E.00468
G1 X77.759 Y83.29 E.00439
G1 X174.241 Y83.29 E3.02512
G1 X174.378 Y83.349 E.00468
G1 X174.43 Y83.479 E.00439
G1 X174.43 Y144.521 E1.91393
G1 X174.405 Y144.571 E.00175
M204 S1000
;WIPE_START
G1 F8640
G1 X174.378 Y144.624 E-.01373
G1 X174.352 Y144.674 E-.01301
G1 X174.241 Y144.71 E-.02694
G1 X171.009 Y144.71 E-.74632
;WIPE_END
G1 Z.6 F720
G1 X147.023 Y145.804 F10800
G1 Z.2 F720
M73 P1 R54
G1 E.8 F2100
M204 S800
;TYPE:Perimeter
G1 F1200
G1 X147.007 Y145.774 E.00107
;WIDTH:0.457189
G1 X146.809 Y145.675 E.00763
;WIDTH:0.494379
G1 X146.611 Y145.576 E.00831
G1 X139.773 Y145.576 E.25669
G1 X139.623 Y145.675 E.00675
;WIDTH:0.457189
G1 X139.473 Y145.774 E.00619
;WIDTH:0.419999
G1 X139.315 Y146.064 E.01035
G1 X139.303 Y146.713 E.02035
G1 X110.697 Y146.713 E.89692
G1 X110.685 Y146.064 E.02035
G1 X110.527 Y145.774 E.01035
;WIDTH:0.457189
G1 X110.329 Y145.675 E.00763
;WIDTH:0.494379
G1 X110.131 Y145.576 E.00831
G1 X103.293 Y145.576 E.25669
G1 X103.143 Y145.675 E.00675
;WIDTH:0.457189
G1 X102.993 Y145.774 E.00619
;WIDTH:0.419999
G1 X102.835 Y146.064 E.01035
G1 X102.823 Y146.713 E.02035
G1 X72.634 Y146.713 E.94655
G1 X72.567 Y146.674 E.00243
G1 X72.567 Y108.937 E1.18322
G1 X73.101 Y108.937 E.01674
G1 X73.451 Y108.816 E.01161
G1 X73.638 Y108.55 E.01019
G1 X73.667 Y108.371 E.00569
G1 X73.667 Y101.629 E.21139
G1 X73.638 Y101.45 E.00569
G1 X73.451 Y101.184 E.01019
G1 X73.101 Y101.063 E.01161
G1 X72.567 Y101.063 E.01674
G1 X72.567 Y63.354 E1.18234
G1 X72.606 Y63.287 E.00243
M73 P2 R54
M73 Q2 S55
G1 X102.823 Y63.287 E.94743
G1 X102.823 Y63.821 E.01674
G1 X102.909 Y64.122 E.00982
G1 X103.135 Y64.327 E.00957
G1 X103.389 Y64.387 E.00818
G1 X110.131 Y64.387 E.21139
G1 X110.385 Y64.327 E.00818
G1 X110.611 Y64.122 E.00957
G1 X110.697 Y63.821 E.00982
G1 X110.697 Y63.287 E.01674
G1 X139.303 Y63.287 E.89692
G1 X139.303 Y63.821 E.01674
G1 X139.389 Y64.122 E.00982
G1 X139.615 Y64.327 E.00957
G1 X139.869 Y64.387 E.00818
G1 X146.611 Y64.387 E.21139
G1 X146.865 Y64.327 E.00818
G1 X147.091 Y64.122 E.00957
G1 X147.177 Y63.821 E.00982
G1 X147.177 Y63.287 E.01674
G1 X177.366 Y63.287 E.94655
G1 X177.433 Y63.326 E.00243
G1 X177.433 Y101.063 E1.18322
G1 X176.899 Y101.063 E.01674
G1 X176.664 Y101.114 E.00754
G1 X176.439 Y101.299 E.00913
G1 X176.333 Y101.629 E.01087
G1 X176.333 Y108.371 E.21139
G1 X176.439 Y108.701 E.01087
G1 X176.664 Y108.886 E.00913
G1 X176.899 Y108.937 E.00754
G1 X177.433 Y108.937 E.01674
G1 X177.433 Y146.646 E1.18234
G1 X177.394 Y146.713 E.00243
G1 X147.177 Y146.713 E.94743
G1 X147.165 Y146.064 E.02035
G1 X147.052 Y145.856 E.00742
M204 S1000
G1 X146.757 Y146.077 F10800
M204 S800
;TYPE:External perimeter
G1 F1200
G1 X146.743 Y146.044 E.00112
G1 X146.611 Y145.99 E.00447
G1 X139.869 Y145.99 E.21139
G1 X139.737 Y146.044 E.00447
M73 Q2 S54
G1 X139.68 Y146.179 E.00459
G1 X139.68 Y147.09 E.02856
G1 X110.32 Y147.09 E.92056
G1 X110.32 Y146.179 E.02856
G1 X110.263 Y146.044 E.00459
G1 X110.131 Y145.99 E.00447
G1 X103.389 Y145.99 E.21139
G1 X103.257 Y146.044 E.00447
G1 X103.2 Y146.179 E.00459
G1 X103.2 Y147.09 E.02856
G1 X72.45 Y147.09 E.96414
G1 X72.19 Y146.83 E.01153
G1 X72.19 Y108.56 E1.19993
G1 X73.101 Y108.56 E.02856
G1 X73.218 Y108.52 E.00388
G1 X73.29 Y108.371 E.00519
G1 X73.29 Y101.629 E.21139
G1 X73.254 Y101.518 E.00366
G1 X73.101 Y101.44 E.00538
G1 X72.19 Y101.44 E.02856
G1 X72.19 Y63.17 E1.19993
G1 X72.45 Y62.91 E.01153
G1 X103.2 Y62.91 E.96414
G1 X103.2 Y63.821 E.02856
G1 X103.263 Y63.962 E.00484
G1 X103.389 Y64.01 E.00423
G1 X110.131 Y64.01 E.21139
G1 X110.233 Y63.98 E.00333
G1 X110.32 Y63.821 E.00568
G1 X110.32 Y62.91 E.02856
G1 X139.68 Y62.91 E.92056
G1 X139.68 Y63.821 E.02856
G1 X139.743 Y63.962 E.00484
G1 X139.869 Y64.01 E.00423
G1 X146.611 Y64.01 E.21139
G1 X146.713 Y63.98 E.00333
G1 X146.8 Y63.821 E.00568
G1 X146.8 Y62.91 E.02856
G1 X177.55 Y62.91 E.96414
G1 X177.81 Y63.17 E.01153
G1 X177.81 Y101.44 E1.19993
G1 X176.899 Y101.44 E.02856
G1 X176.745 Y101.519 E.00543
G1 X176.71 Y101.629 E.00362
G1 X176.71 Y108.371 E.21139
G1 X176.745 Y108.481 E.00362
G1 X176.899 Y108.56 E.00543
G1 X177.81 Y108.56 E.02856
G1 X177.81 Y146.83 E1.19993
G1 X177.55 Y147.09 E.01153
G1 X146.8 Y147.09 E.96414
G1 X146.8 Y146.179 E.02856
G1 X146.781 Y146.133 E.00156
M204 S1000
;WIPE_START
G1 F8640
G1 X146.757 Y146.077 E-.01407
G1 X146.743 Y146.044 E-.00828
G1 X146.611 Y145.99 E-.03293
G1 X143.386 Y145.99 E-.74472
;WIPE_END
G1 Z.6 F720
G1 X138.973 Y145.238 F10800
G1 Z.2 F720
G1 E.8 F2100
M204 S800
;TYPE:Solid infill
;WIDTH:0.425475
G1 F1200
G1 X139.266 Y145.531 E.01318
G1 X139.24 Y145.55 E.00102
G1 X139.065 Y145.871 E.01163
G1 X138.602 Y145.408 E.02083
G1 X138.061 Y145.408 E.01721
G1 X138.988 Y146.335 E.0417
G1 X138.986 Y146.392 E.00181
G1 X138.504 Y146.392 E.01533
G1 X137.52 Y145.408 E.04427
G1 X136.979 Y145.408 E.01721
G1 X137.963 Y146.392 E.04427
G1 X137.422 Y146.392 E.01721
G1 X136.438 Y145.408 E.04427
G1 X135.897 Y145.408 E.01721
G1 X136.881 Y146.392 E.04427
G1 X136.34 Y146.392 E.01721
G1 X135.356 Y145.408 E.04427
G1 X134.815 Y145.408 E.01721
M73 P3 R54
G1 X135.799 Y146.392 E.04427
G1 X135.258 Y146.392 E.01721
G1 X134.274 Y145.408 E.04427
M73 Q3 S54
G1 X133.733 Y145.408 E.01721
G1 X134.717 Y146.392 E.04427
G1 X134.176 Y146.392 E.01721
G1 X133.192 Y145.408 E.04427
G1 X132.65 Y145.408 E.01724
G1 X133.635 Y146.392 E.04429
G1 X133.094 Y146.392 E.01721
G1 X132.109 Y145.408 E.04429
G1 X131.568 Y145.408 E.01721
G1 X132.553 Y146.392 E.04429
G1 X132.012 Y146.392 E.01721
G1 X131.027 Y145.408 E.04429
G1 X130.486 Y145.408 E.01721
G1 X131.471 Y146.392 E.04429
G1 X130.93 Y146.392 E.01721
G1 X129.945 Y145.408 E.04429
G1 X129.404 Y145.408 E.01721
G1 X130.389 Y146.392 E.04429
G1 X129.848 Y146.392 E.01721
G1 X128.863 Y145.408 E.04429
G1 X128.322 Y145.408 E.01721
G1 X129.307 Y146.392 E.04429
G1 X128.766 Y146.392 E.01721
G1 X127.781 Y145.408 E.04429
G1 X127.24 Y145.408 E.01721
G1 X128.225 Y146.392 E.04429
G1 X127.684 Y146.392 E.01721
G1 X126.699 Y145.408 E.04429
G1 X126.158 Y145.408 E.01721
G1 X127.143 Y146.392 E.04429
G1 X126.602 Y146.392 E.01721
G1 X125.617 Y145.408 E.04429
G1 X125.076 Y145.408 E.01721
G1 X126.061 Y146.392 E.04429
G1 X125.52 Y146.392 E.01721
G1 X124.535 Y145.408 E.04429
G1 X123.994 Y145.408 E.01721
G1 X124.979 Y146.392 E.04429
G1 X124.438 Y146.392 E.01721
G1 X123.453 Y145.408 E.04429
G1 X122.912 Y145.408 E.01721
G1 X123.897 Y146.392 E.04429
G1 X123.356 Y146.392 E.01721
G1 X122.371 Y145.408 E.04429
G1 X121.83 Y145.408 E.01721
G1 X122.815 Y146.392 E.04429
G1 X122.274 Y146.392 E.01721
G1 X121.289 Y145.408 E.04429
G1 X120.748 Y145.408 E.01721
G1 X121.733 Y146.392 E.04429
G1 X121.192 Y146.392 E.01721
G1 X120.207 Y145.408 E.04429
G1 X119.666 Y145.408 E.01721
G1 X120.651 Y146.392 E.04429
G1 X120.11 Y146.392 E.01721
G1 X119.125 Y145.408 E.04429
G1 X118.584 Y145.408 E.01721
G1 X119.569 Y146.392 E.04429
G1 X119.028 Y146.392 E.01721
G1 X118.043 Y145.408 E.04429
G1 X117.502 Y145.408 E.01721
G1 X118.487 Y146.392 E.04429
G1 X117.946 Y146.392 E.01721
G1 X116.961 Y145.408 E.04429
G1 X116.42 Y145.408 E.01721
G1 X117.405 Y146.392 E.04429
G1 X116.864 Y146.392 E.01721
G1 X115.879 Y145.408 E.04429
G1 X115.338 Y145.408 E.01721
G1 X116.323 Y146.392 E.04429
G1 X115.782 Y146.392 E.01721
G1 X114.797 Y145.408 E.04429
G1 X114.256 Y145.408 E.01721
G1 X115.241 Y146.392 E.04429
G1 X114.7 Y146.392 E.01721
G1 X113.715 Y145.408 E.04429
G1 X113.174 Y145.408 E.01721
G1 X114.159 Y146.392 E.04429
G1 X113.618 Y146.392 E.01721
G1 X112.633 Y145.408 E.04429
G1 X112.092 Y145.408 E.01721
G1 X113.077 Y146.392 E.04429
G1 X112.536 Y146.392 E.01721
G1 X111.551 Y145.408 E.04429
G1 X111.01 Y145.408 E.01721
G1 X111.995 Y146.392 E.04429
G1 X111.454 Y146.392 E.01721
G1 X110.369 Y145.308 E.04879
M204 S1000
;WIPE_START
G1 F8640
G1 X111.454 Y146.392 E-.35414
G1 X111.995 Y146.392 E-.12492
G1 X111.012 Y145.409 E-.32094
;WIPE_END
G1 Z.6 F720
G1 X176.52 Y63.438 F10800
G1 Z.2 F720
G1 E.8 F2100
M204 S800
;WIDTH:0.420104
G1 F1200
G1 X177.112 Y64.031 E.02628
G1 X177.112 Y64.564 E.01672
G1 X176.156 Y63.608 E.0424
G1 X175.622 Y63.608 E.01675
G1 X177.112 Y65.098 E.06609
G1 X177.112 Y65.631 E.01672
G1 X175.089 Y63.608 E.08973
G1 X174.556 Y63.608 E.01672
G1 X177.112 Y66.164 E.11337
G1 X177.112 Y66.698 E.01675
G1 X174.022 Y63.608 E.13705
G1 X173.489 Y63.608 E.01672
G1 X177.112 Y67.231 E.16069
G1 X177.112 Y67.765 E.01675
G1 X172.955 Y63.608 E.18438
G1 X172.422 Y63.608 E.01672
G1 X177.112 Y68.298 E.20802
G1 X177.112 Y68.831 E.01672
G1 X171.889 Y63.608 E.23166
G1 X171.355 Y63.608 E.01675
G1 X177.112 Y69.365 E.25535
G1 X177.112 Y69.898 E.01672
G1 X170.822 Y63.608 E.27899
G1 X170.288 Y63.608 E.01675
G1 X177.112 Y70.432 E.30267
G1 X177.112 Y70.965 E.01672
G1 X169.755 Y63.608 E.32631
G1 X169.221 Y63.608 E.01675
G1 X177.112 Y71.499 E.35
G1 X177.112 Y72.032 E.01672
G1 X168.688 Y63.608 E.37364
G1 X168.155 Y63.608 E.01672
G1 X177.112 Y72.565 E.39728
G1 X177.112 Y73.099 E.01675
G1 X167.621 Y63.608 E.42096
G1 X167.088 Y63.608 E.01672
G1 X177.112 Y73.632 E.4446
G1 X177.112 Y74.166 E.01675
G1 X166.554 Y63.608 E.46829
G1 X166.021 Y63.608 E.01672
G1 X177.112 Y74.699 E.49193
G1 X177.112 Y75.233 E.01675
G1 X165.488 Y63.608 E.51559
G1 X164.954 Y63.608 E.01675
G1 X177.112 Y75.766 E.53926
G1 X177.112 Y76.299 E.01672
G1 X164.421 Y63.608 E.5629
G1 X163.887 Y63.608 E.01675
G1 X177.112 Y76.833 E.58658
G1 X177.112 Y77.366 E.01672
G1 X163.354 Y63.608 E.61022
G1 X162.82 Y63.608 E.01675
M73 P3 R53
G1 X177.112 Y77.9 E.63391
G1 X177.112 Y78.433 E.01672
G1 X162.287 Y63.608 E.65755
G1 X161.754 Y63.608 E.01672
G1 X177.112 Y78.966 E.68119
G1 X177.112 Y79.5 E.01675
G1 X161.22 Y63.608 E.70487
G1 X160.687 Y63.608 E.01672
G1 X177.112 Y80.033 E.72851
G1 X177.112 Y80.567 E.01675
G1 X160.153 Y63.608 E.7522
G1 X159.62 Y63.608 E.01672
G1 X177.112 Y81.1 E.77584
G1 X177.112 Y81.634 E.01675
G1 X159.086 Y63.608 E.79952
G1 X158.553 Y63.608 E.01672
G1 X177.112 Y82.167 E.82316
G1 X177.112 Y82.7 E.01672
G1 X158.02 Y63.608 E.84681
G1 X157.486 Y63.608 E.01675
G1 X177.112 Y83.234 E.87049
G1 X177.112 Y83.767 E.01672
M73 P4 R53
M73 Q4 S54
G1 X156.953 Y63.608 E.89413
G1 X156.419 Y63.608 E.01675
G1 X177.112 Y84.301 E.91782
G1 X177.112 Y84.834 E.01672
G1 X155.886 Y63.608 E.94146
G1 X155.353 Y63.608 E.01672
G1 X174.348 Y82.603 E.8425
G1 X174.438 Y82.613 E.00284
M73 Q4 S53
G1 X174.661 Y82.696 E.00746
G1 X174.886 Y82.867 E.00886
G1 X175.062 Y83.138 E.01013
G1 X175.107 Y83.362 E.00717
G1 X177.112 Y85.367 E.08893
G1 X177.112 Y85.901 E.01675
G1 X175.128 Y83.916 E.08802
G1 X175.128 Y84.449 E.01672
G1 X177.112 Y86.434 E.08802
G1 X177.112 Y86.968 E.01675
G1 X175.128 Y84.983 E.08802
G1 X175.128 Y85.516 E.01672
G1 X177.112 Y87.501 E.08802
G1 X177.112 Y88.035 E.01675
G1 X175.128 Y86.05 E.08802
G1 X175.128 Y86.583 E.01672
G1 X177.112 Y88.568 E.08802
G1 X177.112 Y89.101 E.01672
G1 X175.128 Y87.117 E.088
G1 X175.128 Y87.65 E.01672
G1 X177.112 Y89.635 E.08802
G1 X177.112 Y90.168 E.01672
G1 X175.128 Y88.183 E.08802
G1 X175.128 Y88.717 E.01675
G1 X177.112 Y90.702 E.08802
G1 X177.112 Y91.235 E.01672
G1 X175.128 Y89.25 E.08802
G1 X175.128 Y89.784 E.01675
G1 X177.112 Y91.768 E.088
G1 X177.112 Y92.302 E.01675
G1 X175.128 Y90.317 E.08802
G1 X175.128 Y90.85 E.01672
G1 X177.112 Y92.835 E.08802
G1 X177.112 Y93.369 E.01675
G1 X175.128 Y91.384 E.08802
G1 X175.128 Y91.917 E.01672
G1 X177.112 Y93.902 E.08802
G1 X177.112 Y94.436 E.01675
G1 X175.128 Y92.451 E.08802
G1 X175.128 Y92.984 E.01672
G1 X177.112 Y94.969 E.08802
G1 X177.112 Y95.502 E.01672
G1 X175.128 Y93.518 E.088
G1 X175.128 Y94.051 E.01672
G1 X177.112 Y96.036 E.08802
G1 X177.112 Y96.569 E.01672
G1 X175.128 Y94.584 E.08802
G1 X175.128 Y95.118 E.01675
G1 X177.112 Y97.103 E.08802
G1 X177.112 Y97.636 E.01672
G1 X175.128 Y95.651 E.08802
G1 X175.128 Y96.185 E.01675
G1 X177.112 Y98.17 E.08802
G1 X177.112 Y98.703 E.01672
G1 X175.128 Y96.718 E.08802
G1 X175.128 Y97.252 E.01675
G1 X177.112 Y99.236 E.088
G1 X177.112 Y99.77 E.01675
G1 X175.128 Y97.785 E.08802
G1 X175.128 Y98.318 E.01672
G1 X177.112 Y100.303 E.08802
G1 X177.112 Y100.742 E.01377
G1 X177.018 Y100.742 E.00295
G1 X175.128 Y98.852 E.08383
G1 X175.128 Y99.385 E.01672
G1 X176.556 Y100.814 E.06336
G1 X176.527 Y100.82 E.00093
G1 X176.254 Y101.045 E.0111
G1 X175.128 Y99.919 E.04994
G1 X175.128 Y100.452 E.01672
G1 X176.078 Y101.403 E.04216
G1 X176.012 Y101.608 E.00675
G1 X176.013 Y101.871 E.00825
G1 X175.128 Y100.985 E.03928
G1 X175.128 Y101.519 E.01675
G1 X176.014 Y102.405 E.0393
G1 X176.015 Y102.939 E.01675
G1 X175.128 Y102.052 E.03934
G1 X175.128 Y102.586 E.01675
G1 X176.015 Y103.474 E.03936
G1 X176.016 Y104.008 E.01675
G1 X175.128 Y103.119 E.03941
G1 X175.128 Y103.653 E.01675
G1 X176.017 Y104.542 E.03943
G1 X176.018 Y105.076 E.01675
G1 X175.128 Y104.186 E.03948
G1 X175.128 Y104.719 E.01672
G1 X176.019 Y105.611 E.03954
G1 X176.02 Y106.145 E.01675
G1 X175.128 Y105.253 E.03956
G1 X175.128 Y105.786 E.01672
G1 X176.021 Y106.679 E.03961
G1 X176.022 Y107.214 E.01678
G1 X175.128 Y106.32 E.03965
G1 X175.128 Y106.853 E.01672
G1 X176.192 Y107.918 E.04721
M204 S1000
;WIPE_START
G1 F8640
G1 X175.128 Y106.853 E-.34761
G1 X175.128 Y106.32 E-.12307
G1 X176.022 Y107.214 E-.29193
G1 X176.022 Y107.052 E-.03739
;WIPE_END
G1 Z.6 F720
G1 X177.282 Y109.541 F10800
G1 Z.2 F720
G1 E.8 F2100
M204 S800
G1 F1200
G1 X176.999 Y109.258 E.01255
G1 X176.884 Y109.258 E.00361
G1 X176.527 Y109.18 E.01146
G1 X176.177 Y108.892 E.01422
G1 X176.024 Y108.528 E.01238
G1 X176.023 Y108.282 E.00772
G1 X175.128 Y107.386 E.03972
G1 X175.128 Y107.92 E.01675
G1 X177.112 Y109.905 E.08802
G1 X177.112 Y110.438 E.01672
G1 X175.128 Y108.453 E.08802
G1 X175.128 Y108.987 E.01675
G1 X177.112 Y110.972 E.08802
G1 X177.112 Y111.505 E.01672
G1 X175.128 Y109.52 E.08802
G1 X175.128 Y110.054 E.01675
G1 X177.112 Y112.038 E.088
G1 X177.112 Y112.572 E.01675
G1 X175.128 Y110.587 E.08802
G1 X175.128 Y111.12 E.01672
G1 X177.112 Y113.105 E.08802
G1 X177.112 Y113.639 E.01675
G1 X175.128 Y111.654 E.08802
G1 X175.128 Y112.187 E.01672
G1 X177.112 Y114.172 E.08802
G1 X177.112 Y114.705 E.01672
G1 X175.128 Y112.721 E.088
G1 X175.128 Y113.254 E.01672
G1 X177.112 Y115.239 E.08802
G1 X177.112 Y115.772 E.01672
G1 X175.128 Y113.787 E.08802
G1 X175.128 Y114.321 E.01675
G1 X177.112 Y116.306 E.08802
G1 X177.112 Y116.839 E.01672
G1 X175.128 Y114.854 E.08802
G1 X175.128 Y115.388 E.01675
G1 X177.112 Y117.373 E.08802
G1 X177.112 Y117.906 E.01672
G1 X175.128 Y115.921 E.08802
G1 X175.128 Y116.455 E.01675
G1 X177.112 Y118.439 E.088
G1 X177.112 Y118.973 E.01675
G1 X175.128 Y116.988 E.08802
G1 X175.128 Y117.521 E.01672
G1 X177.112 Y119.506 E.08802
G1 X177.112 Y120.04 E.01675
G1 X175.128 Y118.055 E.08802
G1 X175.128 Y118.588 E.01672
G1 X177.112 Y120.573 E.08802
G1 X177.112 Y121.107 E.01675
G1 X175.128 Y119.122 E.08802
G1 X175.128 Y119.655 E.01672
G1 X177.112 Y121.64 E.08802
G1 X177.112 Y122.173 E.01672
G1 X175.128 Y120.189 E.088
G1 X175.128 Y120.722 E.01672
G1 X177.112 Y122.707 E.08802
G1 X177.112 Y123.24 E.01672
G1 X175.128 Y121.255 E.08802
G1 X175.128 Y121.789 E.01675
G1 X177.112 Y123.774 E.08802
G1 X177.112 Y124.307 E.01672
G1 X175.128 Y122.322 E.08802
G1 X175.128 Y122.856 E.01675
G1 X177.112 Y124.84 E.088
G1 X177.112 Y125.374 E.01675
G1 X175.128 Y123.389 E.08802
G1 X175.128 Y123.922 E.01672
G1 X177.112 Y125.907 E.08802
G1 X177.112 Y126.441 E.01675
G1 X175.128 Y124.456 E.08802
G1 X175.128 Y124.989 E.01672
G1 X177.112 Y126.974 E.08802
G1 X177.112 Y127.508 E.01675
G1 X175.128 Y125.523 E.08802
G1 X175.128 Y126.056 E.01672
G1 X177.112 Y128.041 E.08802
G1 X177.112 Y128.574 E.01672
G1 X175.128 Y126.59 E.088
G1 X175.128 Y127.123 E.01672
G1 X177.112 Y129.108 E.08802
G1 X177.112 Y129.641 E.01672
G1 X175.128 Y127.656 E.08802
G1 X175.128 Y128.19 E.01675
G1 X177.112 Y130.175 E.08802
G1 X177.112 Y130.708 E.01672
G1 X175.128 Y128.723 E.08802
G1 X175.128 Y129.257 E.01675
G1 X177.112 Y131.241 E.088
G1 X177.112 Y131.775 E.01675
G1 X175.128 Y129.79 E.08802
G1 X175.128 Y130.323 E.01672
G1 X177.112 Y132.308 E.08802
G1 X177.112 Y132.842 E.01675
G1 X175.128 Y130.857 E.08802
G1 X175.128 Y131.39 E.01672
G1 X177.112 Y133.375 E.08802
G1 X177.112 Y133.909 E.01675
G1 X175.128 Y131.924 E.08802
G1 X175.128 Y132.457 E.01672
G1 X177.112 Y134.442 E.08802
G1 X177.112 Y134.975 E.01672
G1 X175.128 Y132.991 E.088
G1 X175.128 Y133.524 E.01672
G1 X177.112 Y135.509 E.08802
G1 X177.112 Y136.042 E.01672
G1 X175.128 Y134.057 E.08802
G1 X175.128 Y134.591 E.01675
G1 X177.112 Y136.576 E.08802
G1 X177.112 Y137.109 E.01672
G1 X175.128 Y135.124 E.08802
G1 X175.128 Y135.658 E.01675
G1 X177.112 Y137.642 E.088
G1 X177.112 Y138.176 E.01675
G1 X175.128 Y136.191 E.08802
G1 X175.128 Y136.724 E.01672
G1 X177.112 Y138.709 E.08802
G1 X177.112 Y139.243 E.01675
G1 X175.128 Y137.258 E.08802
G1 X175.128 Y137.791 E.01672
G1 X177.112 Y139.776 E.08802
G1 X177.112 Y140.31 E.01675
G1 X175.128 Y138.325 E.08802
G1 X175.128 Y138.858 E.01672
G1 X177.112 Y140.843 E.08802
G1 X177.112 Y141.376 E.01672
G1 X175.128 Y139.392 E.088
G1 X175.128 Y139.925 E.01672
G1 X177.112 Y141.91 E.08802
G1 X177.112 Y142.443 E.01672
G1 X175.128 Y140.458 E.08802
G1 X175.128 Y140.992 E.01675
G1 X177.112 Y142.977 E.08802
G1 X177.112 Y143.51 E.01672
G1 X175.128 Y141.525 E.08802
G1 X175.128 Y142.059 E.01675
G1 X177.112 Y144.044 E.08802
G1 X177.112 Y144.577 E.01672
G1 X175.128 Y142.592 E.08802
G1 X175.128 Y143.126 E.01675
G1 X177.112 Y145.11 E.088
G1 X177.112 Y145.644 E.01675
G1 X175.128 Y143.659 E.08802
G1 X175.128 Y144.192 E.01672
G1 X177.112 Y146.177 E.08802
G1 X177.112 Y146.392 E.00674
G1 X176.794 Y146.392 E.00997
G1 X175.106 Y144.704 E.07487
G1 X175.05 Y144.89 E.00609
G1 X174.92 Y145.051 E.00649
G1 X176.261 Y146.392 E.05948
G1 X175.727 Y146.392 E.01675
G1 X174.632 Y145.297 E.04857
G1 X174.404 Y145.394 E.00777
G1 X174.209 Y145.408 E.00613
G1 X175.194 Y146.392 E.04367
G1 X174.661 Y146.392 E.01672
G1 X173.676 Y145.408 E.04367
G1 X173.142 Y145.408 E.01675
G1 X174.127 Y146.392 E.04367
G1 X173.594 Y146.392 E.01672
G1 X172.609 Y145.408 E.04367
G1 X172.075 Y145.408 E.01675
G1 X173.06 Y146.392 E.04367
G1 X172.527 Y146.392 E.01672
G1 X171.542 Y145.408 E.04367
G1 X171.009 Y145.408 E.01672
G1 X171.993 Y146.392 E.04364
G1 X171.46 Y146.392 E.01672
G1 X170.475 Y145.408 E.04367
G1 X169.942 Y145.408 E.01672
G1 X170.927 Y146.392 E.04367
G1 X170.393 Y146.392 E.01675
G1 X169.408 Y145.408 E.04367
G1 X168.875 Y145.408 E.01672
G1 X169.86 Y146.392 E.04367
G1 X169.326 Y146.392 E.01675
G1 X168.342 Y145.408 E.04364
G1 X167.808 Y145.408 E.01675
G1 X168.793 Y146.392 E.04367
G1 X168.26 Y146.392 E.01672
G1 X167.275 Y145.408 E.04367
G1 X166.741 Y145.408 E.01675
G1 X167.726 Y146.392 E.04367
G1 X167.193 Y146.392 E.01672
G1 X166.208 Y145.408 E.04367
G1 X165.674 Y145.408 E.01675
G1 X166.659 Y146.392 E.04367
G1 X166.126 Y146.392 E.01672
G1 X165.141 Y145.408 E.04367
G1 X164.608 Y145.408 E.01672
G1 X165.592 Y146.392 E.04364
G1 X165.059 Y146.392 E.01672
G1 X164.074 Y145.408 E.04367
G1 X163.541 Y145.408 E.01672
G1 X164.526 Y146.392 E.04367
G1 X163.992 Y146.392 E.01675
G1 X163.007 Y145.408 E.04367
G1 X162.474 Y145.408 E.01672
G1 X163.459 Y146.392 E.04367
G1 X162.925 Y146.392 E.01675
G1 X161.941 Y145.408 E.04364
G1 X161.407 Y145.408 E.01675
G1 X162.392 Y146.392 E.04367
G1 X161.859 Y146.392 E.01672
G1 X160.874 Y145.408 E.04367
G1 X160.34 Y145.408 E.01675
G1 X161.325 Y146.392 E.04367
G1 X160.792 Y146.392 E.01672
G1 X159.807 Y145.408 E.04367
G1 X159.273 Y145.408 E.01675
G1 X160.258 Y146.392 E.04367
G1 X159.725 Y146.392 E.01672
G1 X158.74 Y145.408 E.04367
G1 X158.207 Y145.408 E.01672
G1 X159.191 Y146.392 E.04364
G1 X158.658 Y146.392 E.01672
G1 X157.673 Y145.408 E.04367
G1 X157.14 Y145.408 E.01672
G1 X158.125 Y146.392 E.04367
G1 X157.591 Y146.392 E.01675
G1 X156.606 Y145.408 E.04367
G1 X156.073 Y145.408 E.01672
G1 X157.058 Y146.392 E.04367
G1 X156.524 Y146.392 E.01675
G1 X155.539 Y145.408 E.04367
G1 X155.006 Y145.408 E.01672
G1 X155.991 Y146.392 E.04367
G1 X155.457 Y146.392 E.01675
G1 X154.473 Y145.408 E.04364
G1 X153.939 Y145.408 E.01675
G1 X154.924 Y146.392 E.04367
G1 X154.391 Y146.392 E.01672
G1 X153.406 Y145.408 E.04367
G1 X152.872 Y145.408 E.01675
G1 X153.857 Y146.392 E.04367
G1 X153.324 Y146.392 E.01672
G1 X152.339 Y145.408 E.04367
G1 X151.806 Y145.408 E.01672
G1 X152.79 Y146.392 E.04364
G1 X152.257 Y146.392 E.01672
G1 X151.272 Y145.408 E.04367
G1 X150.739 Y145.408 E.01672
G1 X151.724 Y146.392 E.04367
G1 X151.19 Y146.392 E.01675
G1 X150.205 Y145.408 E.04367
G1 X149.672 Y145.408 E.01672
G1 X150.657 Y146.392 E.04367
G1 X150.123 Y146.392 E.01675
G1 X149.138 Y145.408 E.04367
G1 X148.605 Y145.408 E.01672
G1 X149.59 Y146.392 E.04367
G1 X149.056 Y146.392 E.01675
G1 X148.072 Y145.408 E.04364
G1 X147.538 Y145.408 E.01675
G1 X148.523 Y146.392 E.04367
G1 X147.99 Y146.392 E.01672
G1 X146.88 Y145.283 E.04921
M204 S1000
;WIPE_START
G1 F8640
G1 X147.99 Y146.392 E-.3623
G1 X148.523 Y146.392 E-.12307
G1 X147.559 Y145.429 E-.31463
;WIPE_END
G1 Z.6 F720
G1 X173.974 Y82.762 F10800
G1 Z.2 F720
G1 E.8 F2100
M204 S800
G1 F1200
G1 X154.819 Y63.608 E.84958
G1 X154.286 Y63.608 E.01672
M73 P5 R53
M73 Q5 S53
G1 X173.271 Y82.592 E.84204
G1 X172.737 Y82.592 E.01675
G1 X153.752 Y63.608 E.84204
G1 X153.219 Y63.608 E.01672
G1 X172.204 Y82.592 E.84204
G1 X171.67 Y82.592 E.01675
G1 X152.685 Y63.608 E.84204
G1 X152.152 Y63.608 E.01672
G1 X171.137 Y82.592 E.84204
G1 X170.603 Y82.592 E.01675
G1 X151.619 Y63.608 E.84202
G1 X151.085 Y63.608 E.01675
G1 X170.07 Y82.592 E.84204
G1 X169.537 Y82.592 E.01672
G1 X150.552 Y63.608 E.84204
G1 X150.018 Y63.608 E.01675
G1 X169.003 Y82.592 E.84204
M73 P5 R52
G1 X168.47 Y82.592 E.01672
G1 X149.485 Y63.608 E.84204
G1 X148.952 Y63.608 E.01672
G1 X167.936 Y82.592 E.84202
G1 X167.403 Y82.592 E.01672
G1 X148.418 Y63.608 E.84204
G1 X147.885 Y63.608 E.01672
G1 X166.87 Y82.592 E.84204
G1 X166.336 Y82.592 E.01675
G1 X147.498 Y63.754 E.83554
G1 X147.498 Y63.84 E.0027
G1 X147.398 Y64.187 E.01133
G1 X165.803 Y82.592 E.81633
G1 X165.269 Y82.592 E.01675
G1 X147.177 Y64.5 E.80245
G1 X147.01 Y64.614 E.00634
G1 X146.825 Y64.682 E.00618
G1 X164.736 Y82.592 E.7944
G1 X164.202 Y82.592 E.01675
G1 X146.317 Y64.707 E.79327
G1 X145.783 Y64.706 E.01675
G1 X163.669 Y82.592 E.79331
G1 X163.136 Y82.592 E.01672
G1 X145.249 Y64.706 E.79334
G1 X144.715 Y64.705 E.01675
G1 X162.602 Y82.592 E.79336
G1 X162.069 Y82.592 E.01672
G1 X144.181 Y64.704 E.7934
G1 X143.646 Y64.704 E.01678
G1 X161.535 Y82.592 E.79343
G1 X161.002 Y82.592 E.01672
M73 Q5 S52
G1 X143.112 Y64.703 E.79347
G1 X142.578 Y64.702 E.01675
G1 X160.468 Y82.592 E.79349
M73 P6 R52
G1 X159.935 Y82.592 E.01672
M73 Q6 S52
G1 X142.044 Y64.701 E.79354
G1 X141.51 Y64.701 E.01675
G1 X159.402 Y82.592 E.79356
G1 X158.868 Y82.592 E.01675
G1 X140.976 Y64.7 E.79358
G1 X140.442 Y64.699 E.01675
G1 X158.335 Y82.592 E.79363
G1 X157.801 Y82.592 E.01675
G1 X139.907 Y64.698 E.79367
G1 X139.732 Y64.698 E.00549
G1 X139.534 Y64.643 E.00644
G1 X139.391 Y64.569 E.00505
G1 X139.274 Y64.479 E.00463
G1 X139.11 Y64.285 E.00797
G1 X138.982 Y63.84 E.01452
G1 X138.982 Y63.773 E.0021
G1 X138.817 Y63.608 E.00732
G1 X138.283 Y63.608 E.01675
G1 X157.268 Y82.592 E.84204
G1 X156.735 Y82.592 E.01672
G1 X137.75 Y63.608 E.84204
G1 X137.216 Y63.608 E.01675
G1 X156.201 Y82.592 E.84204
G1 X155.668 Y82.592 E.01672
G1 X136.683 Y63.608 E.84204
G1 X136.149 Y63.608 E.01675
G1 X155.134 Y82.592 E.84204
G1 X154.601 Y82.592 E.01672
G1 X135.616 Y63.608 E.84204
G1 X135.083 Y63.608 E.01672
G1 X154.067 Y82.592 E.84202
G1 X153.534 Y82.592 E.01672
G1 X134.549 Y63.608 E.84204
G1 X134.016 Y63.608 E.01672
G1 X153.001 Y82.592 E.84204
G1 X152.467 Y82.592 E.01675
G1 X133.482 Y63.608 E.84204
G1 X132.949 Y63.608 E.01672
G1 X151.934 Y82.592 E.84204
G1 X151.4 Y82.592 E.01675
G1 X132.416 Y63.608 E.84202
G1 X131.882 Y63.608 E.01675
G1 X150.867 Y82.592 E.84204
G1 X150.334 Y82.592 E.01672
G1 X131.349 Y63.608 E.84204
G1 X130.815 Y63.608 E.01675
G1 X149.8 Y82.592 E.84204
G1 X149.267 Y82.592 E.01672
G1 X130.282 Y63.608 E.84204
G1 X129.748 Y63.608 E.01675
G1 X148.733 Y82.592 E.84204
G1 X148.2 Y82.592 E.01672
G1 X129.215 Y63.608 E.84204
G1 X128.682 Y63.608 E.01672
G1 X147.666 Y82.592 E.84202
G1 X147.133 Y82.592 E.01672
M73 P7 R52
G1 X128.148 Y63.608 E.84204
M73 Q7 S52
G1 X127.615 Y63.608 E.01672
G1 X146.6 Y82.592 E.84204
G1 X146.066 Y82.592 E.01675
G1 X127.081 Y63.608 E.84204
G1 X126.548 Y63.608 E.01672
G1 X145.533 Y82.592 E.84204
G1 X144.999 Y82.592 E.01675
M73 P7 R51
G1 X126.015 Y63.608 E.84202
G1 X125.481 Y63.608 E.01675
G1 X144.466 Y82.592 E.84204
G1 X143.933 Y82.592 E.01672
G1 X124.948 Y63.608 E.84204
G1 X124.414 Y63.608 E.01675
G1 X143.399 Y82.592 E.84204
G1 X142.866 Y82.592 E.01672
G1 X123.881 Y63.608 E.84204
G1 X123.347 Y63.608 E.01675
G1 X142.332 Y82.592 E.84204
G1 X141.799 Y82.592 E.01672
G1 X122.814 Y63.608 E.84204
G1 X122.281 Y63.608 E.01672
G1 X141.265 Y82.592 E.84202
G1 X140.732 Y82.592 E.01672
G1 X121.747 Y63.608 E.84204
G1 X121.214 Y63.608 E.01672
G1 X140.199 Y82.592 E.84204
G1 X139.665 Y82.592 E.01675
G1 X120.68 Y63.608 E.84204
G1 X120.147 Y63.608 E.01672
G1 X139.132 Y82.592 E.84204
G1 X138.598 Y82.592 E.01675
G1 X119.613 Y63.608 E.84204
G1 X119.08 Y63.608 E.01672
G1 X138.065 Y82.592 E.84204
G1 X137.531 Y82.592 E.01675
M73 Q7 S51
G1 X118.547 Y63.608 E.84202
G1 X118.013 Y63.608 E.01675
G1 X136.998 Y82.592 E.84204
G1 X136.465 Y82.592 E.01672
G1 X117.48 Y63.608 E.84204
G1 X116.946 Y63.608 E.01675
G1 X135.931 Y82.592 E.84204
G1 X135.398 Y82.592 E.01672
G1 X116.413 Y63.608 E.84204
G1 X115.88 Y63.608 E.01672
G1 X134.864 Y82.592 E.84202
G1 X134.331 Y82.592 E.01672
M73 P8 R51
G1 X115.346 Y63.608 E.84204
G1 X114.813 Y63.608 E.01672
M73 Q8 S51
G1 X133.798 Y82.592 E.84204
G1 X133.264 Y82.592 E.01675
G1 X114.279 Y63.608 E.84204
G1 X113.746 Y63.608 E.01672
G1 X132.731 Y82.592 E.84204
G1 X132.197 Y82.592 E.01675
G1 X113.212 Y63.608 E.84204
G1 X112.679 Y63.608 E.01672
G1 X131.664 Y82.592 E.84204
G1 X131.13 Y82.592 E.01675
G1 X112.146 Y63.608 E.84202
G1 X111.612 Y63.608 E.01675
G1 X130.597 Y82.592 E.84204
G1 X130.064 Y82.592 E.01672
G1 X111.079 Y63.608 E.84204
G1 X111.018 Y63.608 E.00191
G1 X111.018 Y63.84 E.00728
G1 X110.964 Y64.026 E.00607
G1 X129.53 Y82.592 E.82348
G1 X128.997 Y82.592 E.01672
G1 X110.798 Y64.394 E.80718
G1 X110.724 Y64.482 E.00361
G1 X110.497 Y64.626 E.00843
G1 X128.463 Y82.592 E.79686
G1 X127.93 Y82.592 E.01672
G1 X110.045 Y64.708 E.79325
G1 X109.511 Y64.707 E.01675
G1 X127.397 Y82.592 E.79329
G1 X126.863 Y82.592 E.01675
G1 X108.978 Y64.707 E.79327
G1 X108.444 Y64.707 E.01675
G1 X126.33 Y82.592 E.79329
G1 X125.796 Y82.592 E.01675
G1 X107.911 Y64.707 E.79327
G1 X107.377 Y64.707 E.01675
G1 X125.263 Y82.592 E.79329
G1 X124.729 Y82.592 E.01675
G1 X106.843 Y64.706 E.79331
G1 X106.31 Y64.706 E.01672
G1 X124.196 Y82.592 E.79331
G1 X123.663 Y82.592 E.01672
G1 X105.776 Y64.706 E.79334
G1 X105.243 Y64.706 E.01672
G1 X123.129 Y82.592 E.79331
G1 X122.596 Y82.592 E.01672
G1 X104.709 Y64.706 E.79334
G1 X104.175 Y64.706 E.01675
G1 X122.062 Y82.592 E.79334
G1 X121.529 Y82.592 E.01672
M73 P8 R50
G1 X103.472 Y64.536 E.80088
M204 S1000
;WIPE_START
G1 F8640
G1 X105.922 Y66.986 E-.8
;WIPE_END
G1 Z.6 F720
M73 P9 R50
G1 X101.841 Y63.438 F10800
G1 Z.2 F720
G1 E.8 F2100
M204 S800
G1 F1200
G1 X120.996 Y82.592 E.84958
G1 X120.462 Y82.592 E.01675
M73 Q9 S51
G1 X101.477 Y63.608 E.84204
G1 X100.944 Y63.608 E.01672
G1 X119.929 Y82.592 E.84204
G1 X119.395 Y82.592 E.01675
G1 X100.41 Y63.608 E.84204
G1 X99.877 Y63.608 E.01672
G1 X118.862 Y82.592 E.84204
G1 X118.328 Y82.592 E.01675
G1 X99.344 Y63.608 E.84202
G1 X98.81 Y63.608 E.01675
G1 X117.795 Y82.592 E.84204
G1 X117.262 Y82.592 E.01672
G1 X98.277 Y63.608 E.84204
G1 X97.743 Y63.608 E.01675
G1 X116.728 Y82.592 E.84204
G1 X116.195 Y82.592 E.01672
G1 X97.21 Y63.608 E.84204
G1 X96.676 Y63.608 E.01675
G1 X115.661 Y82.592 E.84204
G1 X115.128 Y82.592 E.01672
G1 X96.143 Y63.608 E.84204
G1 X95.61 Y63.608 E.01672
G1 X114.594 Y82.592 E.84202
G1 X114.061 Y82.592 E.01672
M73 Q9 S50
G1 X95.076 Y63.608 E.84204
G1 X94.543 Y63.608 E.01672
G1 X113.528 Y82.592 E.84204
G1 X112.994 Y82.592 E.01675
G1 X94.009 Y63.608 E.84204
G1 X93.476 Y63.608 E.01672
G1 X112.461 Y82.592 E.84204
G1 X111.927 Y82.592 E.01675
G1 X92.943 Y63.608 E.84202
G1 X92.409 Y63.608 E.01675
G1 X111.394 Y82.592 E.84204
G1 X110.861 Y82.592 E.01672
G1 X91.876 Y63.608 E.84204
G1 X91.342 Y63.608 E.01675
G1 X110.327 Y82.592 E.84204
G1 X109.794 Y82.592 E.01672
G1 X90.809 Y63.608 E.84204
G1 X90.275 Y63.608 E.01675
G1 X109.26 Y82.592 E.84204
G1 X108.727 Y82.592 E.01672
G1 X89.742 Y63.608 E.84204
G1 X89.209 Y63.608 E.01672
G1 X108.193 Y82.592 E.84202
M73 P10 R50
G1 X107.66 Y82.592 E.01672
M73 Q10 S50
G1 X88.675 Y63.608 E.84204
G1 X88.142 Y63.608 E.01672
G1 X107.127 Y82.592 E.84204
G1 X106.593 Y82.592 E.01675
G1 X87.608 Y63.608 E.84204
G1 X87.075 Y63.608 E.01672
G1 X106.06 Y82.592 E.84204
G1 X105.526 Y82.592 E.01675
G1 X86.542 Y63.608 E.84202
G1 X86.008 Y63.608 E.01675
G1 X104.993 Y82.592 E.84204
G1 X104.46 Y82.592 E.01672
G1 X85.475 Y63.608 E.84204
G1 X84.941 Y63.608 E.01675
G1 X103.926 Y82.592 E.84204
G1 X103.393 Y82.592 E.01672
G1 X84.408 Y63.608 E.84204
G1 X83.874 Y63.608 E.01675
G1 X102.859 Y82.592 E.84204
G1 X102.326 Y82.592 E.01672
G1 X83.341 Y63.608 E.84204
G1 X82.808 Y63.608 E.01672
G1 X101.792 Y82.592 E.84202
G1 X101.259 Y82.592 E.01672
G1 X82.274 Y63.608 E.84204
G1 X81.741 Y63.608 E.01672
G1 X100.726 Y82.592 E.84204
G1 X100.192 Y82.592 E.01675
G1 X81.207 Y63.608 E.84204
G1 X80.674 Y63.608 E.01672
G1 X99.659 Y82.592 E.84204
G1 X99.125 Y82.592 E.01675
G1 X80.141 Y63.608 E.84202
G1 X79.607 Y63.608 E.01675
M73 P10 R49
G1 X98.592 Y82.592 E.84204
G1 X98.059 Y82.592 E.01672
G1 X79.074 Y63.608 E.84204
G1 X78.54 Y63.608 E.01675
G1 X97.525 Y82.592 E.84204
G1 X96.992 Y82.592 E.01672
G1 X78.007 Y63.608 E.84204
G1 X77.473 Y63.608 E.01675
G1 X96.458 Y82.592 E.84204
G1 X95.925 Y82.592 E.01672
G1 X76.94 Y63.608 E.84204
G1 X76.407 Y63.608 E.01672
G1 X95.391 Y82.592 E.84202
G1 X94.858 Y82.592 E.01672
M73 P11 R49
G1 X75.873 Y63.608 E.84204
G1 X75.34 Y63.608 E.01672
M73 Q11 S50
G1 X94.325 Y82.592 E.84204
G1 X93.791 Y82.592 E.01675
G1 X74.806 Y63.608 E.84204
G1 X74.273 Y63.608 E.01672
G1 X93.258 Y82.592 E.84204
G1 X92.724 Y82.592 E.01675
G1 X73.739 Y63.608 E.84204
G1 X73.206 Y63.608 E.01672
G1 X92.191 Y82.592 E.84204
G1 X91.657 Y82.592 E.01675
G1 X72.888 Y63.823 E.83248
G1 X72.888 Y64.356 E.01672
M73 Q11 S49
G1 X91.124 Y82.592 E.80884
G1 X90.591 Y82.592 E.01672
G1 X72.888 Y64.889 E.7852
G1 X72.888 Y65.423 E.01675
G1 X90.057 Y82.592 E.76151
G1 X89.524 Y82.592 E.01672
G1 X72.888 Y65.956 E.73787
G1 X72.888 Y66.49 E.01675
G1 X88.99 Y82.592 E.71419
G1 X88.457 Y82.592 E.01672
G1 X72.888 Y67.023 E.69055
G1 X72.888 Y67.556 E.01672
G1 X87.924 Y82.592 E.66691
G1 X87.39 Y82.592 E.01675
G1 X72.888 Y68.09 E.64322
G1 X72.888 Y68.623 E.01672
G1 X86.857 Y82.592 E.61958
G1 X86.323 Y82.592 E.01675
G1 X72.888 Y69.157 E.5959
G1 X72.888 Y69.69 E.01672
G1 X85.79 Y82.592 E.57225
G1 X85.256 Y82.592 E.01675
G1 X72.888 Y70.224 E.54857
G1 X72.888 Y70.757 E.01672
G1 X84.723 Y82.592 E.52493
G1 X84.19 Y82.592 E.01672
G1 X72.888 Y71.29 E.50129
G1 X72.888 Y71.824 E.01675
G1 X83.656 Y82.592 E.4776
G1 X83.123 Y82.592 E.01672
G1 X72.888 Y72.357 E.45396
G1 X72.888 Y72.891 E.01675
G1 X82.589 Y82.592 E.43028
G1 X82.056 Y82.592 E.01672
G1 X72.888 Y73.424 E.40664
G1 X72.888 Y73.957 E.01672
G1 X81.523 Y82.592 E.383
G1 X80.989 Y82.592 E.01675
G1 X72.888 Y74.491 E.35931
G1 X72.888 Y75.024 E.01672
G1 X80.456 Y82.592 E.33567
G1 X79.922 Y82.592 E.01675
G1 X72.888 Y75.558 E.31199
G1 X72.888 Y76.091 E.01672
G1 X79.389 Y82.592 E.28835
G1 X78.855 Y82.592 E.01675
G1 X72.888 Y76.625 E.26466
G1 X72.888 Y77.158 E.01672
G1 X78.322 Y82.592 E.24102
G1 X77.789 Y82.592 E.01672
G1 X72.888 Y77.691 E.21738
G1 X72.888 Y78.225 E.01675
G1 X77.356 Y82.693 E.19817
G1 X77.146 Y82.837 E.00799
G1 X77.065 Y82.936 E.00401
G1 X72.888 Y78.758 E.18529
G1 X72.888 Y79.292 E.01675
M73 P12 R49
G1 X76.896 Y83.301 E.17779
G1 X76.872 Y83.469 E.00532
G1 X76.872 Y83.81 E.01069
G1 X72.888 Y79.825 E.17673
G1 X72.888 Y80.359 E.01675
G1 X76.872 Y84.343 E.17671
G1 X76.872 Y84.877 E.01675
G1 X72.888 Y80.892 E.17673
G1 X72.888 Y81.425 E.01672
G1 X76.872 Y85.41 E.17673
G1 X76.872 Y85.944 E.01675
M73 Q12 S49
G1 X72.888 Y81.959 E.17673
G1 X72.888 Y82.492 E.01672
G1 X76.872 Y86.477 E.17673
G1 X76.872 Y87.01 E.01672
G1 X72.888 Y83.026 E.17671
G1 X72.888 Y83.559 E.01672
G1 X76.872 Y87.544 E.17673
G1 X76.872 Y88.077 E.01672
G1 X72.888 Y84.092 E.17673
G1 X72.888 Y84.626 E.01675
G1 X76.872 Y88.611 E.17673
G1 X76.872 Y89.144 E.01672
G1 X72.888 Y85.159 E.17673
G1 X72.888 Y85.693 E.01675
G1 X76.872 Y89.678 E.17673
G1 X76.872 Y90.211 E.01672
G1 X72.888 Y86.226 E.17673
G1 X72.888 Y86.76 E.01675
G1 X76.872 Y90.744 E.17671
G1 X76.872 Y91.278 E.01675
G1 X72.888 Y87.293 E.17673
G1 X72.888 Y87.826 E.01672
G1 X76.872 Y91.811 E.17673
G1 X76.872 Y92.345 E.01675
G1 X72.888 Y88.36 E.17673
G1 X72.888 Y88.893 E.01672
G1 X76.872 Y92.878 E.17673
G1 X76.872 Y93.411 E.01672
G1 X72.888 Y89.427 E.17671
G1 X72.888 Y89.96 E.01672
G1 X76.872 Y93.945 E.17673
G1 X76.872 Y94.478 E.01672
G1 X72.888 Y90.493 E.17673
G1 X72.888 Y91.027 E.01675
G1 X76.872 Y95.012 E.17673
G1 X76.872 Y95.545 E.01672
G1 X72.888 Y91.56 E.17673
G1 X72.888 Y92.094 E.01675
G1 X76.872 Y96.079 E.17673
G1 X76.872 Y96.612 E.01672
G1 X72.888 Y92.627 E.17673
G1 X72.888 Y93.161 E.01675
G1 X76.872 Y97.145 E.17671
G1 X76.872 Y97.679 E.01675
G1 X72.888 Y93.694 E.17673
G1 X72.888 Y94.227 E.01672
G1 X76.872 Y98.212 E.17673
G1 X76.872 Y98.746 E.01675
G1 X72.888 Y94.761 E.17673
G1 X72.888 Y95.294 E.01672
G1 X76.872 Y99.279 E.17673
G1 X76.872 Y99.812 E.01672
G1 X72.888 Y95.828 E.17671
G1 X72.888 Y96.361 E.01672
G1 X76.872 Y100.346 E.17673
G1 X76.872 Y100.879 E.01672
G1 X72.888 Y96.894 E.17673
G1 X72.888 Y97.428 E.01675
G1 X76.872 Y101.413 E.17673
G1 X76.872 Y101.946 E.01672
G1 X72.888 Y97.961 E.17673
G1 X72.888 Y98.495 E.01675
G1 X76.872 Y102.48 E.17673
G1 X76.872 Y103.013 E.01672
G1 X72.888 Y99.028 E.17673
G1 X72.888 Y99.562 E.01675
G1 X76.872 Y103.546 E.17671
G1 X76.872 Y104.08 E.01675
G1 X72.888 Y100.095 E.17673
G1 X72.888 Y100.628 E.01672
G1 X73.002 Y100.742 E.00506
G1 X73.124 Y100.742 E.00383
G1 X73.641 Y100.921 E.01716
G1 X73.821 Y101.109 E.00816
G1 X73.944 Y101.349 E.00846
G1 X73.988 Y101.618 E.00855
G1 X73.988 Y101.728 E.00345
G1 X76.872 Y104.613 E.12794
G1 X76.872 Y105.147 E.01675
G1 X73.988 Y102.262 E.12794
G1 X73.988 Y102.795 E.01672
G1 X76.872 Y105.68 E.12794
G1 X76.872 Y106.214 E.01675
G1 X73.988 Y103.329 E.12794
G1 X73.988 Y103.862 E.01672
G1 X76.872 Y106.747 E.12794
G1 X76.872 Y107.28 E.01672
G1 X73.988 Y104.396 E.12792
G1 X73.988 Y104.929 E.01672
G1 X76.872 Y107.814 E.12794
G1 X76.872 Y108.347 E.01672
G1 X73.988 Y105.462 E.12794
G1 X73.988 Y105.996 E.01675
G1 X76.872 Y108.881 E.12794
G1 X76.872 Y109.414 E.01672
G1 X73.988 Y106.529 E.12794
G1 X73.988 Y107.063 E.01675
G1 X76.872 Y109.947 E.12792
G1 X76.872 Y110.481 E.01675
G1 X73.988 Y107.596 E.12794
G1 X73.988 Y108.129 E.01672
G1 X76.872 Y111.014 E.12794
G1 X76.872 Y111.548 E.01675
G1 X73.948 Y108.624 E.12969
G1 X73.821 Y108.891 E.00927
G1 X73.753 Y108.962 E.00308
G1 X76.872 Y112.081 E.13834
G1 X76.872 Y112.615 E.01675
G1 X73.415 Y109.157 E.15335
G1 X73.124 Y109.258 E.00966
G1 X72.982 Y109.258 E.00445
G1 X76.872 Y113.148 E.17254
G1 X76.872 Y113.681 E.01672
M73 P12 R48
G1 X72.888 Y109.697 E.17671
G1 X72.888 Y110.23 E.01672
G1 X76.872 Y114.215 E.17673
G1 X76.872 Y114.748 E.01672
G1 X72.888 Y110.763 E.17673
G1 X72.888 Y111.297 E.01675
G1 X76.872 Y115.282 E.17673
G1 X76.872 Y115.815 E.01672
G1 X72.888 Y111.83 E.17673
G1 X72.888 Y112.364 E.01675
G1 X76.872 Y116.348 E.17671
G1 X76.872 Y116.882 E.01675
G1 X72.888 Y112.897 E.17673
G1 X72.888 Y113.43 E.01672
G1 X76.872 Y117.415 E.17673
G1 X76.872 Y117.949 E.01675
G1 X72.888 Y113.964 E.17673
G1 X72.888 Y114.497 E.01672
G1 X76.872 Y118.482 E.17673
G1 X76.872 Y119.016 E.01675
G1 X72.888 Y115.031 E.17673
G1 X72.888 Y115.564 E.01672
G1 X76.872 Y119.549 E.17673
G1 X76.872 Y120.082 E.01672
G1 X72.888 Y116.098 E.17671
G1 X72.888 Y116.631 E.01672
G1 X76.872 Y120.616 E.17673
G1 X76.872 Y121.149 E.01672
G1 X72.888 Y117.164 E.17673
G1 X72.888 Y117.698 E.01675
G1 X76.872 Y121.683 E.17673
G1 X76.872 Y122.216 E.01672
G1 X72.888 Y118.231 E.17673
G1 X72.888 Y118.765 E.01675
G1 X76.872 Y122.749 E.17671
G1 X76.872 Y123.283 E.01675
G1 X72.888 Y119.298 E.17673
G1 X72.888 Y119.831 E.01672
G1 X76.872 Y123.816 E.17673
G1 X76.872 Y124.35 E.01675
G1 X72.888 Y120.365 E.17673
G1 X72.888 Y120.898 E.01672
G1 X76.872 Y124.883 E.17673
G1 X76.872 Y125.417 E.01675
G1 X72.888 Y121.432 E.17673
G1 X72.888 Y121.965 E.01672
G1 X76.872 Y125.95 E.17673
G1 X76.872 Y126.483 E.01672
G1 X72.888 Y122.499 E.17671
G1 X72.888 Y123.032 E.01672
G1 X76.872 Y127.017 E.17673
G1 X76.872 Y127.55 E.01672
G1 X72.888 Y123.565 E.17673
G1 X72.888 Y124.099 E.01675
G1 X76.872 Y128.084 E.17673
G1 X76.872 Y128.617 E.01672
G1 X72.888 Y124.632 E.17673
G1 X72.888 Y125.166 E.01675
G1 X76.872 Y129.151 E.17673
G1 X76.872 Y129.684 E.01672
G1 X72.888 Y125.699 E.17673
G1 X72.888 Y126.233 E.01675
G1 X76.872 Y130.217 E.17671
G1 X76.872 Y130.751 E.01675
G1 X72.888 Y126.766 E.17673
G1 X72.888 Y127.299 E.01672
G1 X76.872 Y131.284 E.17673
G1 X76.872 Y131.818 E.01675
G1 X72.888 Y127.833 E.17673
G1 X72.888 Y128.366 E.01672
G1 X76.872 Y132.351 E.17673
G1 X76.872 Y132.884 E.01672
G1 X72.888 Y128.9 E.17671
G1 X72.888 Y129.433 E.01672
G1 X76.872 Y133.418 E.17673
G1 X76.872 Y133.951 E.01672
G1 X72.888 Y129.966 E.17673
G1 X72.888 Y130.5 E.01675
G1 X76.872 Y134.485 E.17673
G1 X76.872 Y135.018 E.01672
G1 X72.888 Y131.033 E.17673
G1 X72.888 Y131.567 E.01675
G1 X76.872 Y135.552 E.17673
G1 X76.872 Y136.085 E.01672
G1 X72.888 Y132.1 E.17673
G1 X72.888 Y132.634 E.01675
G1 X76.872 Y136.618 E.17671
G1 X76.872 Y137.152 E.01675
G1 X72.888 Y133.167 E.17673
G1 X72.888 Y133.7 E.01672
G1 X76.872 Y137.685 E.17673
G1 X76.872 Y138.219 E.01675
G1 X72.888 Y134.234 E.17673
G1 X72.888 Y134.767 E.01672
G1 X76.872 Y138.752 E.17673
G1 X76.872 Y139.285 E.01672
G1 X72.888 Y135.301 E.17671
G1 X72.888 Y135.834 E.01672
G1 X76.872 Y139.819 E.17673
G1 X76.872 Y140.352 E.01672
G1 X72.888 Y136.367 E.17673
G1 X72.888 Y136.901 E.01675
M73 P13 R48
G1 X76.872 Y140.886 E.17673
G1 X76.872 Y141.419 E.01672
G1 X72.888 Y137.434 E.17673
G1 X72.888 Y137.968 E.01675
G1 X76.872 Y141.953 E.17673
G1 X76.872 Y142.486 E.01672
G1 X72.888 Y138.501 E.17673
G1 X72.888 Y139.035 E.01675
G1 X76.872 Y143.019 E.17671
G1 X76.872 Y143.553 E.01675
G1 X72.888 Y139.568 E.17673
G1 X72.888 Y140.101 E.01672
M73 Q13 S49
G1 X77.042 Y144.256 E.18427
M204 S1000
;WIPE_START
G1 F8640
G1 X74.592 Y141.806 E-.8
;WIPE_END
G1 Z.6 F720
G1 X102.561 Y145.238 F10800
G1 Z.2 F720
G1 E.8 F2100
M73 Q13 S48
M204 S800
G1 F1200
G1 X102.825 Y145.502 E.01171
G1 X102.76 Y145.55 E.00253
G1 X102.611 Y145.821 E.0097
G1 X102.198 Y145.408 E.01832
G1 X101.664 Y145.408 E.01675
G1 X102.511 Y146.254 E.03755
G1 X102.506 Y146.392 E.00433
G1 X102.116 Y146.392 E.01223
G1 X101.131 Y145.408 E.04367
G1 X100.597 Y145.408 E.01675
G1 X101.582 Y146.392 E.04367
G1 X101.049 Y146.392 E.01672
G1 X100.064 Y145.408 E.04367
G1 X99.531 Y145.408 E.01672
G1 X100.515 Y146.392 E.04364
G1 X99.982 Y146.392 E.01672
G1 X98.997 Y145.408 E.04367
G1 X98.464 Y145.408 E.01672
G1 X99.449 Y146.392 E.04367
G1 X98.915 Y146.392 E.01675
G1 X97.93 Y145.408 E.04367
G1 X97.397 Y145.408 E.01672
G1 X98.382 Y146.392 E.04367
G1 X97.848 Y146.392 E.01675
G1 X96.863 Y145.408 E.04367
G1 X96.33 Y145.408 E.01672
G1 X97.315 Y146.392 E.04367
G1 X96.781 Y146.392 E.01675
G1 X95.797 Y145.408 E.04364
G1 X95.263 Y145.408 E.01675
G1 X96.248 Y146.392 E.04367
G1 X95.715 Y146.392 E.01672
G1 X94.73 Y145.408 E.04367
G1 X94.196 Y145.408 E.01675
G1 X95.181 Y146.392 E.04367
G1 X94.648 Y146.392 E.01672
G1 X93.663 Y145.408 E.04367
G1 X93.129 Y145.408 E.01675
G1 X94.114 Y146.392 E.04367
G1 X93.581 Y146.392 E.01672
G1 X92.596 Y145.408 E.04367
G1 X92.063 Y145.408 E.01672
G1 X93.047 Y146.392 E.04364
G1 X92.514 Y146.392 E.01672
G1 X91.529 Y145.408 E.04367
G1 X90.996 Y145.408 E.01672
G1 X91.981 Y146.392 E.04367
G1 X91.447 Y146.392 E.01675
G1 X90.462 Y145.408 E.04367
G1 X89.929 Y145.408 E.01672
G1 X90.914 Y146.392 E.04367
G1 X90.38 Y146.392 E.01675
G1 X89.396 Y145.408 E.04364
G1 X88.862 Y145.408 E.01675
G1 X89.847 Y146.392 E.04367
G1 X89.314 Y146.392 E.01672
G1 X88.329 Y145.408 E.04367
G1 X87.795 Y145.408 E.01675
G1 X88.78 Y146.392 E.04367
G1 X88.247 Y146.392 E.01672
G1 X87.262 Y145.408 E.04367
G1 X86.728 Y145.408 E.01675
G1 X87.713 Y146.392 E.04367
G1 X87.18 Y146.392 E.01672
G1 X86.195 Y145.408 E.04367
G1 X85.662 Y145.408 E.01672
G1 X86.646 Y146.392 E.04364
G1 X86.113 Y146.392 E.01672
G1 X85.128 Y145.408 E.04367
G1 X84.595 Y145.408 E.01672
G1 X85.58 Y146.392 E.04367
G1 X85.046 Y146.392 E.01675
G1 X84.061 Y145.408 E.04367
G1 X83.528 Y145.408 E.01672
G1 X84.513 Y146.392 E.04367
G1 X83.979 Y146.392 E.01675
G1 X82.995 Y145.408 E.04364
G1 X82.461 Y145.408 E.01675
G1 X83.446 Y146.392 E.04367
G1 X82.913 Y146.392 E.01672
G1 X81.928 Y145.408 E.04367
G1 X81.394 Y145.408 E.01675
G1 X82.379 Y146.392 E.04367
G1 X81.846 Y146.392 E.01672
G1 X80.861 Y145.408 E.04367
G1 X80.327 Y145.408 E.01675
G1 X81.312 Y146.392 E.04367
G1 X80.779 Y146.392 E.01672
G1 X79.794 Y145.408 E.04367
G1 X79.261 Y145.408 E.01672
G1 X80.245 Y146.392 E.04364
G1 X79.712 Y146.392 E.01672
G1 X78.727 Y145.408 E.04367
G1 X78.194 Y145.408 E.01672
G1 X79.179 Y146.392 E.04367
G1 X78.645 Y146.392 E.01675
G1 X77.622 Y145.369 E.04537
G1 X77.226 Y145.237 E.01309
G1 X76.939 Y144.868 E.01466
G1 X76.894 Y144.641 E.00726
G1 X72.888 Y140.635 E.17768
G1 X72.888 Y141.168 E.01672
G1 X78.112 Y146.392 E.23171
G1 X77.578 Y146.392 E.01675
G1 X72.888 Y141.702 E.20802
G1 X72.888 Y142.235 E.01672
G1 X77.045 Y146.392 E.18438
G1 X76.512 Y146.392 E.01672
G1 X72.888 Y142.769 E.16072
G1 X72.888 Y143.302 E.01672
G1 X75.978 Y146.392 E.13705
G1 X75.445 Y146.392 E.01672
G1 X72.888 Y143.835 E.11341
G1 X72.888 Y144.369 E.01675
G1 X74.911 Y146.392 E.08973
G1 X74.378 Y146.392 E.01672
G1 X72.888 Y144.902 E.06609
G1 X72.888 Y145.436 E.01675
G1 X73.844 Y146.392 E.0424
G1 X73.311 Y146.392 E.01672
G1 X72.718 Y145.799 E.0263
M204 S1000
M106 S84.15
;LAYER_CHANGE
;Z:0.35
;HEIGHT:0.15
;BEFORE_LAYER_CHANGE
G92 E0.0
;0.35


;WIPE_START
G1 F8640
G1 X73.311 Y146.392 E-.19364
G1 X73.844 Y146.392 E-.12307
G1 X72.888 Y145.436 E-.31218
G1 X72.888 Y144.902 E-.1233
G1 X73.034 Y145.048 E-.04781
;WIPE_END
G1 Z.35 F720
;AFTER_LAYER_CHANGE
;0.35
M104 S210 ; set temperature
; stop printing object ../stl/front_shell.stl id:0 copy 0
G1 Z.75
G1 X69.591 Y145.799 F10800
G1 Z.35 F720
G1 E.8 F2100
;TYPE:Skirt/Brim
;WIDTH:0.42
G1 F3000
G1 X69.591 Y63 E2.00248
G1 X70.232 Y61.452 E.04052
G1 X70.732 Y60.952 E.0171
G1 X72.28 Y60.311 E.04052
G1 X177.72 Y60.311 E2.55005
G1 X179.268 Y60.952 E.04052
G1 X179.768 Y61.452 E.0171
G1 X180.409 Y63 E.04052
G1 X180.409 Y147 E2.03153
G1 X179.768 Y148.548 E.04052
G1 X179.268 Y149.048 E.0171
G1 X177.72 Y149.689 E.04052
G1 X72.28 Y149.689 E2.55005
G1 X70.732 Y149.048 E.04052
G1 X70.232 Y148.548 E.0171
G1 X69.591 Y147 E.04052
G1 X69.591 Y145.859 E.02759
;WIPE_START
G1 F8640
G1 X69.591 Y145.799 E-.01385
G1 X69.591 Y142.394 E-.78615
;WIPE_END
G1 Z.75 F720
; printing object ../stl/front_shell.stl id:0 copy 0
G1 X174.467 Y144.745 F10800
G1 Z.35 F720
G1 E.8 F2100
M204 S800
;TYPE:Perimeter
;WIDTH:0.449999
G1 F2602.888
G1 X174.392 Y144.832 E.00299
G1 F2584.567
G1 X174.036 Y144.943 E.00972
G1 F2593.928
G1 X147.16 Y144.943 E.70027
;WIDTH:0.499571
G1 F2497.967
G1 X146.972 Y144.968 E.00553
;WIDTH:0.549142
G1 F2474.339
G1 X146.783 Y144.992 E.00614
;WIDTH:0.598713
G1 F2456.047
G1 X146.595 Y145.017 E.0067
;WIDTH:0.648284
G1 F2442.534
G1 X146.406 Y145.042 E.00732
G1 F2607.746
G1 X140.074 Y145.042 E.24328
G1 F2402.009
G1 X139.885 Y145.017 E.00732
;WIDTH:0.598713
G1 F2417.649
G1 X139.697 Y144.992 E.0067
;WIDTH:0.549142
G1 F2438.82
G1 X139.508 Y144.968 E.00614
;WIDTH:0.499571
G1 F2466.168
G1 X139.32 Y144.943 E.00553
;WIDTH:0.449999
G1 F2579.187
G1 X110.68 Y144.943 E.74624
;WIDTH:0.499571
G1 F2497.967
G1 X110.492 Y144.968 E.00553
;WIDTH:0.549142
G1 F2474.339
G1 X110.303 Y144.992 E.00614
;WIDTH:0.598713
G1 F2456.047
G1 X110.115 Y145.017 E.0067
;WIDTH:0.648284
G1 F2442.534
G1 X109.926 Y145.042 E.00732
G1 F2607.745
G1 X103.594 Y145.042 E.24328
G1 F2402.009
G1 X103.405 Y145.017 E.00732
;WIDTH:0.598713
G1 F2417.649
G1 X103.217 Y144.992 E.0067
;WIDTH:0.549142
G1 F2438.82
G1 X103.028 Y144.968 E.00614
;WIDTH:0.499571
G1 F2466.168
G1 X102.84 Y144.943 E.00553
;WIDTH:0.449999
G1 F2579.187
G1 X77.964 Y144.943 E.64816
G1 F2700
G1 X77.676 Y144.873 E.00772
G1 X77.471 Y144.703 E.00694
G1 X77.367 Y144.507 E.00578
G1 X77.337 Y144.316 E.00504
G1 X77.337 Y83.684 E1.57981
G1 X77.411 Y83.389 E.00792
G1 X77.588 Y83.183 E.00708
G1 X77.894 Y83.057 E.00862
G1 X174.036 Y83.057 E2.50505
G1 X174.331 Y83.131 E.00792
G1 X174.49 Y83.252 E.00521
G1 X174.615 Y83.443 E.00595
G1 X174.663 Y83.684 E.0064
G1 X174.663 Y144.316 E1.57981
G1 F2627.033
G1 X174.598 Y144.593 E.00741
G1 F2602.888
G1 X174.506 Y144.7 E.00368
M204 S1000
G1 X174.169 Y144.449 F10800
M204 S800
;TYPE:External perimeter
G1 F1500
G1 X174.068 Y144.525 E.00329
G1 X173.398 Y144.525 E.01746
G1 X140.749 Y144.525 E.85069
G1 X140.074 Y144.525 E.01759
G1 X139.32 Y144.525 E.01965
G1 X138.645 Y144.525 E.01759
G1 X104.269 Y144.525 E.89569
G1 X103.594 Y144.525 E.01759
G1 X102.84 Y144.525 E.01965
G1 X102.165 Y144.525 E.01759
G1 X78.638 Y144.525 E.61301
G1 X77.964 Y144.525 E.01756
G1 X77.8 Y144.445 E.00475
G1 X77.755 Y144.316 E.00356
G1 X77.755 Y83.684 E1.57981
G1 X77.807 Y83.547 E.00382
M73 P14 R48
G1 X77.964 Y83.475 E.0045
G1 X174.036 Y83.475 E2.50323
G1 X174.187 Y83.54 E.00428
M73 Q14 S48
G1 X174.245 Y83.684 E.00404
G1 X174.245 Y143.642 E1.56225
G1 X174.245 Y144.316 E.01756
G1 X174.223 Y144.408 E.00246
G1 X174.217 Y144.413 E.0002
M204 S1000
;WIPE_START
G1 F8640
G1 X174.169 Y144.449 E-.01385
G1 X174.068 Y144.525 E-.02919
G1 X173.398 Y144.525 E-.1547
G1 X170.79 Y144.525 E-.60226
;WIPE_END
G1 Z.75 F720
G1 X146.842 Y145.952 F10800
G1 Z.35 F720
G1 E.8 F2100
M204 S800
;TYPE:Perimeter
G1 F2365.185
G1 X146.81 Y145.904 E.0015
;WIDTH:0.499571
G1 F2370.683
G1 X146.709 Y145.843 E.00344
;WIDTH:0.549142
G1 F2369.423
G1 X146.608 Y145.781 E.00382
;WIDTH:0.598713
G1 F2370.75
G1 X146.507 Y145.72 E.00417
;WIDTH:0.648284
G1 F2373.486
G1 X146.406 Y145.658 E.00455
G1 F2593.985
G1 X140.074 Y145.658 E.24328
G1 F2322.093
G1 X139.973 Y145.72 E.00455
;WIDTH:0.598713
G1 F2318.927
G1 X139.872 Y145.781 E.00417
;WIDTH:0.549142
G1 F2317.391
G1 X139.771 Y145.843 E.00382
;WIDTH:0.499571
G1 F2318.849
G1 X139.67 Y145.904 E.00344
;WIDTH:0.449999
G1 F2312.485
G1 X139.477 Y146.192 E.00903
G1 F2290.949
G1 X139.447 Y146.857 E.01734
G1 F2271.59
G1 X110.553 Y146.857 E.75285
G1 F2313.345
G1 X110.523 Y146.192 E.01734
G1 F2365.185
G1 X110.33 Y145.904 E.00903
;WIDTH:0.499571
G1 F2370.683
G1 X110.229 Y145.843 E.00344
;WIDTH:0.549142
G1 F2369.423
G1 X110.128 Y145.781 E.00382
;WIDTH:0.598713
G1 F2370.75
G1 X110.027 Y145.72 E.00417
;WIDTH:0.648284
G1 F2373.486
G1 X109.926 Y145.658 E.00455
G1 F2593.985
G1 X103.594 Y145.658 E.24328
G1 F2322.093
G1 X103.493 Y145.72 E.00455
;WIDTH:0.598713
G1 F2318.927
G1 X103.392 Y145.781 E.00417
;WIDTH:0.549142
G1 F2317.391
G1 X103.291 Y145.843 E.00382
;WIDTH:0.499571
G1 F2318.849
G1 X103.19 Y145.904 E.00344
;WIDTH:0.449999
G1 F2312.486
G1 X102.997 Y146.192 E.00903
G1 F2290.949
G1 X102.967 Y146.857 E.01734
G1 F2271.59
G1 X72.546 Y146.857 E.79264
G1 F2220.546
G1 X72.423 Y146.734 E.00453
G1 F2700
G1 X72.423 Y108.793 E.98858
G1 F2360.802
M73 P14 R47
G1 X72.896 Y108.793 E.01232
G1 X73.162 Y108.734 E.0071
G1 F2367.671
G1 X73.299 Y108.646 E.00424
G1 F2376.894
G1 X73.493 Y108.356 E.00909
G1 F2393.959
G1 X73.523 Y108.166 E.00501
G1 F2673.122
G1 X73.523 Y101.834 E.16498
G1 F2345.237
G1 X73.493 Y101.644 E.00501
G1 F2333.799
G1 X73.413 Y101.479 E.00478
G1 F2315.945
G1 X73.162 Y101.266 E.00858
G1 F2305.36
G1 X72.896 Y101.207 E.0071
G1 X72.423 Y101.207 E.01232
G1 F2700
G1 X72.423 Y63.266 E.98858
G1 F2220.546
G1 X72.546 Y63.143 E.00453
G1 F2268.96
G1 X102.967 Y63.143 E.79264
G1 F2294.376
G1 X102.967 Y63.616 E.01232
G1 F2358.701
G1 X103.065 Y63.952 E.00912
G1 F2371.17
G1 X103.178 Y64.085 E.00455
G1 F2379.707
G1 X103.316 Y64.178 E.00434
G1 F2390.083
G1 X103.594 Y64.243 E.00744
G1 F2672.08
G1 X109.969 Y64.243 E.16611
G1 F2337.632
G1 X110.261 Y64.146 E.00802
G1 F2320.475
G1 X110.455 Y63.952 E.00715
G1 F2304.931
G1 X110.553 Y63.616 E.00912
G1 F2270.885
G1 X110.553 Y63.143 E.01232
G1 X139.447 Y63.143 E.75285
G1 F2294.376
G1 X139.447 Y63.616 E.01232
G1 F2358.701
G1 X139.545 Y63.952 E.00912
G1 F2371.17
G1 X139.658 Y64.085 E.00455
G1 F2379.707
G1 X139.796 Y64.178 E.00434
G1 F2390.083
G1 X140.074 Y64.243 E.00744
G1 F2672.081
G1 X146.449 Y64.243 E.16611
G1 F2337.632
G1 X146.741 Y64.146 E.00802
G1 F2320.476
G1 X146.935 Y63.952 E.00715
G1 F2304.931
G1 X147.033 Y63.616 E.00912
G1 F2270.885
G1 X147.033 Y63.143 E.01232
G1 X177.454 Y63.143 E.79264
G1 F2220.533
G1 X177.577 Y63.266 E.00453
G1 F2639.658
G1 X177.577 Y101.207 E.98858
G1 F2292.594
G1 X177.104 Y101.207 E.01232
G1 F2321.57
G1 X176.808 Y101.281 E.00795
G1 X176.58 Y101.489 E.00804
G1 F2334.09
G1 X176.477 Y101.834 E.00938
G1 F2672.23
G1 X176.477 Y108.166 E.16498
G1 F2335.853
G1 X176.58 Y108.511 E.00938
G1 F2316.731
G1 X176.808 Y108.719 E.00804
G1 F2304.021
G1 X177.104 Y108.793 E.00795
G1 F2270.832
G1 X177.577 Y108.793 E.01232
G1 F2653.46
G1 X177.577 Y146.734 E.98858
G1 F2185.355
G1 X177.454 Y146.857 E.00453
G1 F2268.96
G1 X147.033 Y146.857 E.79264
G1 F2313.345
G1 X147.003 Y146.192 E.01734
G1 F2365.185
G1 X146.875 Y146.002 E.00597
M204 S1000
G1 X146.551 Y146.246 F10800
M204 S800
;TYPE:External perimeter
G1 F1500
G1 X146.541 Y146.224 E.00063
G1 X146.406 Y146.175 E.00374
G1 X145.732 Y146.175 E.01756
G1 X140.748 Y146.175 E.12986
G1 X140.074 Y146.175 E.01756
G1 X139.939 Y146.224 E.00374
G1 X139.865 Y146.384 E.00459
G1 X139.865 Y147.275 E.02322
G1 X139.19 Y147.275 E.01759
G1 X110.81 Y147.275 E.73946
G1 X110.135 Y147.275 E.01759
G1 X110.135 Y146.384 E.02322
G1 X110.061 Y146.224 E.00459
G1 X109.926 Y146.175 E.00374
G1 X109.252 Y146.175 E.01756
G1 X104.268 Y146.175 E.12986
G1 X103.594 Y146.175 E.01756
G1 X103.459 Y146.224 E.00374
G1 X103.385 Y146.384 E.00459
G1 X103.385 Y147.275 E.02322
G1 X102.71 Y147.275 E.01759
G1 X73.048 Y147.275 E.77286
G1 X72.373 Y147.275 E.01759
G1 X72.005 Y146.907 E.01356
G1 X72.005 Y146.232 E.01759
G1 X72.005 Y109.05 E.9688
G1 X72.005 Y108.375 E.01759
G1 X72.896 Y108.375 E.02322
G1 X73.03 Y108.326 E.00372
G1 X73.105 Y108.166 E.0046
G1 X73.105 Y107.492 E.01756
G1 X73.105 Y102.508 E.12986
G1 X73.105 Y101.834 E.01756
G1 X73.03 Y101.674 E.0046
G1 X72.896 Y101.625 E.00372
G1 X72.005 Y101.625 E.02322
G1 X72.005 Y100.95 E.01759
G1 X72.005 Y63.768 E.9688
G1 X72.005 Y63.093 E.01759
G1 X72.373 Y62.725 E.01356
G1 X73.048 Y62.725 E.01759
G1 X102.71 Y62.725 E.77286
G1 X103.385 Y62.725 E.01759
G1 X103.385 Y63.616 E.02322
G1 X103.455 Y63.772 E.00446
G1 X103.594 Y63.825 E.00388
G1 X104.268 Y63.825 E.01756
G1 X109.252 Y63.825 E.12986
G1 X109.926 Y63.825 E.01756
G1 X110.065 Y63.772 E.00388
G1 X110.135 Y63.616 E.00446
G1 X110.135 Y62.725 E.02322
G1 X110.81 Y62.725 E.01759
G1 X139.19 Y62.725 E.73946
G1 X139.865 Y62.725 E.01759
G1 X139.865 Y63.616 E.02322
G1 X139.935 Y63.772 E.00446
G1 X140.074 Y63.825 E.00388
G1 X140.748 Y63.825 E.01756
G1 X145.732 Y63.825 E.12986
G1 X146.406 Y63.825 E.01756
G1 X146.545 Y63.772 E.00388
G1 X146.615 Y63.616 E.00446
G1 X146.615 Y62.725 E.02322
G1 X147.29 Y62.725 E.01759
G1 X176.952 Y62.725 E.77286
G1 X177.627 Y62.725 E.01759
M73 Q14 S47
G1 X177.995 Y63.093 E.01356
G1 X177.995 Y63.768 E.01759
G1 X177.995 Y100.95 E.9688
G1 X177.995 Y101.625 E.01759
G1 X177.005 Y101.65 E.0258
G1 X176.929 Y101.719 E.00267
G1 X176.895 Y101.834 E.00312
G1 X176.895 Y102.508 E.01756
G1 X176.895 Y107.528 E.1308
G1 X176.895 Y108.198 E.01746
G1 X177.005 Y108.35 E.00489
G1 X177.104 Y108.375 E.00266
G1 X177.995 Y108.375 E.02322
G1 X177.995 Y109.05 E.01759
G1 X177.995 Y146.232 E.9688
G1 X177.995 Y146.907 E.01759
G1 X177.627 Y147.275 E.01356
G1 X176.952 Y147.275 E.01759
G1 X147.29 Y147.275 E.77286
G1 X146.615 Y147.275 E.01759
M73 P15 R47
G1 X146.615 Y146.384 E.02322
G1 X146.576 Y146.3 E.00241
M204 S1000
;WIPE_START
G1 F8640
G1 X146.551 Y146.246 E-.01374
G1 X146.541 Y146.224 E-.00558
G1 X146.406 Y146.175 E-.03316
G1 X145.732 Y146.175 E-.15563
G1 X143.169 Y146.175 E-.59189
;WIPE_END
G1 Z.75 F720
G1 X138.562 Y145.298 F10800
G1 Z.35 F720
G1 E.8 F2100
;TYPE:Solid infill
G1 F4800
G1 X110.699 Y145.298 E.72599
G1 X110.26 Y145.413 E.01182
G1 X110.592 Y145.672 E.01097
G1 X110.87 Y146.138 E.01414
G1 X110.895 Y146.502 E.00951
G1 X139.105 Y146.502 E.73503
G1 X139.165 Y146.036 E.01224
G1 X139.47 Y145.613 E.01359
G1 X139.662 Y145.482 E.00606
G1 X139.746 Y145.383 E.00338
G1 X139.581 Y145.322 E.00458
G1 X138.771 Y145.298 E.02111
;WIPE_START
G1 F8640
G1 X139.581 Y145.322 E-.18711
G1 X139.746 Y145.383 E-.04062
G1 X139.662 Y145.482 E-.02998
G1 X139.47 Y145.613 E-.05367
G1 X139.165 Y146.036 E-.12041
G1 X139.105 Y146.502 E-.10849
G1 X137.98 Y146.502 E-.25972
M73 Q15 S47
;WIPE_END
G1 Z.75 F720
G1 X111.203 Y145.885 F10800
G1 Z.35 F720
G1 E.8 F2100
;WIDTH:0.425348
G1 F4800
G1 X111.246 Y145.961 E.00214
G1 X111.272 Y146.097 E.00339
G1 X138.728 Y146.097 E.67318
G1 X138.828 Y145.81 E.00745
G1 X138.899 Y145.703 E.00315
G1 X111.101 Y145.703 E.68156
;WIPE_START
G1 F8640
G1 X114.566 Y145.703 E-.8
;WIPE_END
G1 Z.75 F720
G1 X111.361 Y63.498 F10800
G1 Z.35 F720
G1 E.8 F2100
;WIDTH:0.449999
G1 F4800
G1 X110.779 Y64.08 E.02145
G1 X110.642 Y64.163 E.00417
;WIDTH:0.411095
G1 X110.505 Y64.246 E.00379
;WIDTH:0.37219
G1 X110.658 Y64.375 E.00424
;WIPE_START
G1 F8640
G1 X110.505 Y64.246 E-.04621
G1 X110.642 Y64.163 E-.03699
G1 X110.779 Y64.08 E-.03699
G1 X111.361 Y63.498 E-.19005
;WIPE_END
G1 E-.48976 F2100
G1 Z.75 F720
G1 X147.431 Y63.541 F10800
G1 Z.35 F720
G1 E.8 F2100
;WIDTH:0.459664
G1 F4800
G1 X147.379 Y63.554 E.00143
G1 X147.341 Y63.517 E.00141
G1 X147.355 Y63.465 E.00144
G1 X147.407 Y63.451 E.00144
G1 X147.444 Y63.489 E.00141
;WIPE_START
G1 F8640
G1 X147.407 Y63.451 E-.01225
G1 X147.355 Y63.465 E-.01243
G1 X147.341 Y63.517 E-.01243
G1 X147.379 Y63.554 E-.01225
G1 X147.431 Y63.541 E-.01238
;WIPE_END
G1 E-.73826 F2100
G1 Z.75 F720
G1 X72.893 Y63.534 F10800
G1 Z.35 F720
G1 E.8 F2100
;WIDTH:0.551384
G1 F4800
G1 X72.847 Y63.488 E.00211
G1 X72.785 Y63.505 E.00208
G1 X72.768 Y63.567 E.00208
G1 X72.814 Y63.613 E.00211
G1 X72.876 Y63.596 E.00208
;WIDTH:0.449999
G1 X72.78 Y64.264 E.01758
G1 X73.544 Y63.5 E.02815
G1 X74.135 Y63.5 E.0154
G1 X72.78 Y64.855 E.04993
G1 X72.78 Y65.446 E.0154
G1 X74.726 Y63.5 E.07171
G1 X75.316 Y63.5 E.01537
G1 X72.78 Y66.036 E.09345
G1 X72.78 Y66.627 E.0154
G1 X75.907 Y63.5 E.11522
G1 X76.498 Y63.5 E.0154
G1 X72.78 Y67.218 E.137
G1 X72.78 Y67.809 E.0154
G1 X77.089 Y63.5 E.15878
G1 X77.68 Y63.499 E.0154
G1 X72.78 Y68.4 E.18058
G1 X72.78 Y68.991 E.0154
G1 X78.271 Y63.499 E.20235
G1 X78.862 Y63.499 E.0154
G1 X72.779 Y69.582 E.22415
G1 X72.779 Y70.173 E.0154
G1 X79.453 Y63.499 E.24593
G1 X80.044 Y63.499 E.0154
G1 X72.779 Y70.764 E.2677
G1 X72.779 Y71.355 E.0154
G1 X80.635 Y63.499 E.28948
G1 X81.226 Y63.499 E.0154
G1 X72.779 Y71.945 E.31124
G1 X72.779 Y72.536 E.0154
G1 X81.816 Y63.499 E.333
G1 X82.407 Y63.499 E.0154
G1 X72.779 Y73.127 E.35478
G1 X72.779 Y73.718 E.0154
G1 X82.998 Y63.499 E.37655
G1 X83.589 Y63.499 E.0154
G1 X72.779 Y74.309 E.39833
G1 X72.779 Y74.9 E.0154
G1 X84.18 Y63.499 E.42011
G1 X84.771 Y63.499 E.0154
G1 X72.779 Y75.491 E.44189
G1 X72.779 Y76.082 E.0154
G1 X85.362 Y63.499 E.46366
G1 X85.953 Y63.499 E.0154
G1 X72.779 Y76.673 E.48544
G1 X72.779 Y77.264 E.0154
G1 X86.544 Y63.499 E.50722
G1 X87.135 Y63.499 E.0154
G1 X72.779 Y77.854 E.52898
G1 X72.779 Y78.445 E.0154
G1 X87.726 Y63.499 E.55075
G1 X88.316 Y63.499 E.01537
G1 X72.779 Y79.036 E.57251
G1 X72.779 Y79.627 E.0154
G1 X88.907 Y63.499 E.59429
G1 X89.498 Y63.499 E.0154
G1 X72.779 Y80.218 E.61607
G1 X72.779 Y80.809 E.0154
G1 X90.089 Y63.499 E.63784
G1 X90.68 Y63.499 E.0154
G1 X72.779 Y81.4 E.65962
G1 X72.779 Y81.991 E.0154
G1 X91.271 Y63.499 E.6814
G1 X91.862 Y63.499 E.0154
G1 X72.779 Y82.582 E.70318
G1 X72.779 Y83.173 E.0154
G1 X92.453 Y63.499 E.72495
G1 X93.044 Y63.499 E.0154
G1 X72.779 Y83.763 E.74671
G1 X72.779 Y84.354 E.0154
G1 X93.635 Y63.498 E.76851
G1 X94.226 Y63.498 E.0154
G1 X72.779 Y84.945 E.79029
G1 X72.779 Y85.536 E.0154
G1 X94.816 Y63.498 E.81205
G1 X95.407 Y63.498 E.0154
G1 X72.779 Y86.127 E.83382
G1 X72.779 Y86.718 E.0154
G1 X95.998 Y63.498 E.8556
G1 X96.589 Y63.498 E.0154
G1 X72.779 Y87.309 E.87738
G1 X72.732 Y87.472 E.00442
;WIDTH:0.411095
G1 X72.686 Y87.634 E.00398
;WIDTH:0.37219
G1 X72.645 Y87.645 E.0009
G1 X72.626 Y87.574 E.00156
G1 X72.697 Y87.593 E.00156
;WIPE_START
G1 F8640
G1 X72.626 Y87.574 E-.01697
G1 X72.645 Y87.645 E-.01697
G1 X72.686 Y87.634 E-.0098
G1 X72.732 Y87.472 E-.03889
G1 X72.779 Y87.309 E-.03917
G1 X74.856 Y85.232 E-.6782
;WIPE_END
G1 Z.75 F720
G1 X77.976 Y82.702 F10800
G1 Z.35 F720
G1 E.8 F2100
;WIDTH:0.449999
G1 F4800
G1 X97.18 Y63.498 E.70764
G1 X97.771 Y63.498 E.0154
G1 X78.567 Y82.702 E.70764
G1 X79.158 Y82.702 E.0154
G1 X98.362 Y63.498 E.70764
G1 X98.953 Y63.498 E.0154
G1 X79.749 Y82.702 E.70764
G1 X80.34 Y82.702 E.0154
G1 X99.544 Y63.498 E.70764
G1 X100.135 Y63.498 E.0154
G1 X80.931 Y82.702 E.70764
G1 X81.521 Y82.702 E.01537
G1 X100.726 Y63.498 E.70765
G1 X101.316 Y63.498 E.01537
G1 X82.112 Y82.702 E.70764
G1 X82.703 Y82.702 E.0154
G1 X101.907 Y63.498 E.70764
G1 X102.498 Y63.498 E.0154
G1 X83.294 Y82.702 E.70764
G1 X83.885 Y82.702 E.0154
G1 X102.688 Y63.899 E.69286
G1 X102.888 Y64.289 E.01142
G1 X84.476 Y82.702 E.67847
G1 X85.067 Y82.702 E.0154
G1 X103.238 Y64.531 E.66957
G1 X103.764 Y64.595 E.01381
G1 X85.658 Y82.702 E.66719
G1 X86.248 Y82.702 E.01537
G1 X104.355 Y64.596 E.66719
G1 X104.945 Y64.596 E.01537
G1 X86.839 Y82.702 E.66718
G1 X87.43 Y82.702 E.0154
G1 X105.536 Y64.596 E.66718
G1 X106.127 Y64.596 E.0154
G1 X88.021 Y82.702 E.66718
G1 X88.612 Y82.702 E.0154
G1 X106.717 Y64.597 E.66714
G1 X107.308 Y64.597 E.0154
G1 X89.203 Y82.702 E.66714
G1 X89.794 Y82.702 E.0154
G1 X107.899 Y64.597 E.66714
G1 X108.489 Y64.597 E.01537
G1 X90.385 Y82.702 E.66712
G1 X90.975 Y82.702 E.01537
G1 X109.08 Y64.598 E.66712
G1 X109.671 Y64.598 E.0154
G1 X91.566 Y82.702 E.66712
G1 X92.157 Y82.702 E.0154
G1 X110.363 Y64.497 E.67084
;WIPE_START
G1 F8640
G1 X107.913 Y66.947 E-.8
;WIPE_END
G1 Z.75 F720
G1 X111.952 Y63.498 F10800
G1 Z.35 F720
G1 E.8 F2100
G1 F4800
G1 X92.748 Y82.702 E.70764
G1 X93.339 Y82.702 E.0154
G1 X112.543 Y63.498 E.70764
G1 X113.134 Y63.498 E.0154
G1 X93.93 Y82.702 E.70764
G1 X94.521 Y82.702 E.0154
G1 X113.725 Y63.498 E.70764
G1 X114.316 Y63.498 E.0154
G1 X95.112 Y82.702 E.70764
G1 X95.702 Y82.702 E.01537
G1 X114.907 Y63.498 E.70765
G1 X115.497 Y63.498 E.01537
G1 X96.293 Y82.702 E.70764
G1 X96.884 Y82.702 E.0154
G1 X116.088 Y63.498 E.70764
G1 X116.679 Y63.498 E.0154
G1 X97.475 Y82.702 E.70764
G1 X98.066 Y82.702 E.0154
G1 X117.27 Y63.498 E.70764
G1 X117.861 Y63.498 E.0154
M73 P16 R47
G1 X98.657 Y82.702 E.70764
G1 X99.248 Y82.702 E.0154
G1 X118.452 Y63.498 E.70764
G1 X119.043 Y63.498 E.0154
G1 X99.839 Y82.702 E.70764
G1 X100.429 Y82.702 E.01537
M73 Q16 S47
G1 X119.634 Y63.498 E.70765
G1 X120.224 Y63.498 E.01537
G1 X101.02 Y82.702 E.70764
G1 X101.611 Y82.702 E.0154
G1 X120.815 Y63.498 E.70764
G1 X121.406 Y63.498 E.0154
M73 P16 R46
G1 X102.202 Y82.702 E.70764
G1 X102.793 Y82.702 E.0154
G1 X121.997 Y63.498 E.70764
G1 X122.588 Y63.498 E.0154
G1 X103.384 Y82.702 E.70764
G1 X103.975 Y82.702 E.0154
G1 X123.179 Y63.498 E.70764
G1 X123.77 Y63.498 E.0154
G1 X104.565 Y82.702 E.70765
G1 X105.156 Y82.702 E.0154
G1 X124.36 Y63.498 E.70764
G1 X124.951 Y63.498 E.0154
G1 X105.747 Y82.702 E.70764
G1 X106.338 Y82.702 E.0154
G1 X125.542 Y63.498 E.70764
G1 X126.133 Y63.498 E.0154
G1 X106.929 Y82.702 E.70764
G1 X107.52 Y82.702 E.0154
G1 X126.724 Y63.498 E.70764
G1 X127.315 Y63.498 E.0154
G1 X108.111 Y82.702 E.70764
G1 X108.702 Y82.702 E.0154
G1 X127.906 Y63.498 E.70764
G1 X128.497 Y63.498 E.0154
G1 X109.292 Y82.702 E.70765
G1 X109.883 Y82.702 E.0154
G1 X129.087 Y63.498 E.70764
G1 X129.678 Y63.498 E.0154
G1 X110.474 Y82.702 E.70764
G1 X111.065 Y82.702 E.0154
G1 X130.269 Y63.498 E.70764
G1 X130.86 Y63.498 E.0154
G1 X111.656 Y82.702 E.70764
G1 X112.247 Y82.702 E.0154
G1 X131.451 Y63.498 E.70764
G1 X132.042 Y63.498 E.0154
G1 X112.838 Y82.702 E.70764
G1 X113.429 Y82.702 E.0154
G1 X132.633 Y63.498 E.70764
G1 X133.224 Y63.498 E.0154
G1 X114.019 Y82.702 E.70765
G1 X114.61 Y82.702 E.0154
G1 X133.814 Y63.498 E.70764
G1 X134.405 Y63.498 E.0154
G1 X115.201 Y82.702 E.70764
G1 X115.792 Y82.702 E.0154
G1 X134.996 Y63.498 E.70764
G1 X135.587 Y63.498 E.0154
G1 X116.383 Y82.702 E.70764
G1 X116.974 Y82.702 E.0154
G1 X136.178 Y63.498 E.70764
G1 X136.769 Y63.498 E.0154
G1 X117.565 Y82.702 E.70764
G1 X118.156 Y82.702 E.0154
G1 X137.36 Y63.498 E.70764
G1 X137.951 Y63.498 E.0154
G1 X118.746 Y82.702 E.70765
G1 X119.337 Y82.702 E.0154
G1 X138.541 Y63.498 E.70764
G1 X139.092 Y63.538 E.01439
G1 X119.928 Y82.702 E.70616
G1 X120.519 Y82.702 E.0154
G1 X139.203 Y64.018 E.68847
G1 X139.444 Y64.368 E.01107
G1 X121.11 Y82.702 E.67558
G1 X121.701 Y82.702 E.0154
G1 X139.839 Y64.564 E.66836
G1 X140.595 Y64.399 E.02016
;WIDTH:0.37219
G1 X140.523 Y64.38 E.00158
G1 X140.543 Y64.451 E.00156
G1 X140.584 Y64.44 E.0009
;WIDTH:0.411095
G1 X140.494 Y64.514 E.00275
;WIDTH:0.449999
G1 X122.292 Y82.702 E.67046
G1 X122.882 Y82.702 E.01537
G1 X140.995 Y64.589 E.66743
G1 X141.585 Y64.59 E.01537
G1 X123.473 Y82.702 E.6674
G1 X124.064 Y82.702 E.0154
G1 X142.175 Y64.591 E.66736
G1 X142.765 Y64.592 E.01537
G1 X124.655 Y82.702 E.66732
G1 X125.246 Y82.702 E.0154
G1 X143.355 Y64.593 E.66729
G1 X143.945 Y64.594 E.01537
G1 X125.837 Y82.702 E.66725
G1 X126.428 Y82.702 E.0154
G1 X144.535 Y64.595 E.66721
G1 X145.125 Y64.596 E.01537
M73 Q16 S46
G1 X127.019 Y82.702 E.66718
G1 X127.609 Y82.702 E.01537
G1 X145.715 Y64.597 E.66716
G1 X146.305 Y64.598 E.01537
G1 X128.2 Y82.702 E.66712
G1 X128.791 Y82.702 E.0154
G1 X147.995 Y63.498 E.70764
G1 X148.091 Y63.424 E.00316
;WIDTH:0.411095
G1 X148.186 Y63.35 E.00285
;WIDTH:0.37219
G1 X148.145 Y63.361 E.0009
G1 X148.126 Y63.29 E.00156
G1 X148.197 Y63.309 E.00156
;WIDTH:0.449999
G1 X148.586 Y63.498 E.01127
G1 X129.382 Y82.702 E.70764
G1 X129.973 Y82.702 E.0154
G1 X149.177 Y63.498 E.70764
G1 X149.768 Y63.498 E.0154
G1 X130.564 Y82.702 E.70764
G1 X131.155 Y82.702 E.0154
G1 X150.359 Y63.498 E.70764
G1 X150.949 Y63.498 E.01537
G1 X131.746 Y82.702 E.70762
G1 X132.336 Y82.702 E.01537
G1 X151.54 Y63.498 E.70764
G1 X152.131 Y63.498 E.0154
G1 X132.927 Y82.702 E.70764
G1 X133.518 Y82.702 E.0154
G1 X152.722 Y63.498 E.70764
G1 X153.313 Y63.498 E.0154
G1 X134.109 Y82.702 E.70764
G1 X134.7 Y82.702 E.0154
G1 X153.904 Y63.498 E.70764
G1 X154.494 Y63.498 E.01537
G1 X135.291 Y82.702 E.70762
G1 X135.882 Y82.702 E.0154
G1 X155.085 Y63.498 E.70762
G1 X155.676 Y63.498 E.0154
G1 X136.473 Y82.702 E.70762
G1 X137.063 Y82.702 E.01537
G1 X156.267 Y63.498 E.70764
G1 X156.858 Y63.499 E.0154
G1 X137.654 Y82.702 E.70762
G1 X138.245 Y82.702 E.0154
G1 X157.449 Y63.499 E.70762
G1 X158.039 Y63.499 E.01537
G1 X138.836 Y82.702 E.7076
G1 X139.427 Y82.702 E.0154
G1 X158.63 Y63.499 E.7076
G1 X159.221 Y63.499 E.0154
G1 X140.018 Y82.702 E.7076
G1 X140.609 Y82.702 E.0154
G1 X159.812 Y63.499 E.7076
G1 X160.403 Y63.499 E.0154
G1 X141.199 Y82.702 E.70762
G1 X141.79 Y82.702 E.0154
G1 X160.994 Y63.499 E.70762
G1 X161.584 Y63.499 E.01537
G1 X142.381 Y82.702 E.7076
G1 X142.972 Y82.702 E.0154
G1 X162.175 Y63.499 E.7076
G1 X162.766 Y63.499 E.0154
G1 X143.563 Y82.702 E.7076
G1 X144.154 Y82.702 E.0154
G1 X163.357 Y63.499 E.7076
G1 X163.948 Y63.499 E.0154
M73 P17 R46
G1 X144.745 Y82.702 E.7076
G1 X145.336 Y82.702 E.0154
G1 X164.539 Y63.499 E.7076
G1 X165.13 Y63.499 E.0154
G1 X145.926 Y82.702 E.70762
G1 X146.517 Y82.702 E.0154
M73 Q17 S46
G1 X165.72 Y63.499 E.7076
G1 X166.311 Y63.499 E.0154
G1 X147.108 Y82.702 E.7076
G1 X147.699 Y82.702 E.0154
G1 X166.902 Y63.499 E.7076
G1 X167.493 Y63.499 E.0154
G1 X148.29 Y82.702 E.7076
G1 X148.881 Y82.702 E.0154
G1 X168.084 Y63.499 E.7076
G1 X168.675 Y63.499 E.0154
G1 X149.472 Y82.702 E.7076
G1 X150.063 Y82.702 E.0154
G1 X169.265 Y63.499 E.70758
G1 X169.856 Y63.499 E.0154
G1 X150.653 Y82.702 E.7076
G1 X151.244 Y82.702 E.0154
G1 X170.447 Y63.499 E.7076
G1 X171.038 Y63.499 E.0154
G1 X151.835 Y82.702 E.7076
G1 X152.426 Y82.702 E.0154
G1 X171.629 Y63.499 E.7076
G1 X172.22 Y63.499 E.0154
G1 X153.017 Y82.702 E.7076
G1 X153.608 Y82.702 E.0154
G1 X172.81 Y63.499 E.70758
G1 X173.401 Y63.5 E.0154
G1 X154.199 Y82.702 E.70756
G1 X154.79 Y82.702 E.0154
G1 X173.992 Y63.5 E.70756
G1 X174.583 Y63.5 E.0154
G1 X155.38 Y82.702 E.70758
G1 X155.971 Y82.702 E.0154
G1 X175.174 Y63.5 E.70758
G1 X175.765 Y63.5 E.0154
G1 X156.562 Y82.702 E.70758
G1 X157.153 Y82.702 E.0154
G1 X176.355 Y63.5 E.70756
G1 X176.946 Y63.5 E.0154
G1 X157.744 Y82.702 E.70756
G1 X158.335 Y82.702 E.0154
G1 X177.22 Y63.817 E.69588
G1 X177.22 Y64.407 E.01537
G1 X158.926 Y82.702 E.67412
G1 X159.517 Y82.702 E.0154
G1 X177.22 Y64.998 E.65234
G1 X177.22 Y65.589 E.0154
G1 X160.107 Y82.702 E.63059
G1 X160.698 Y82.702 E.0154
G1 X177.22 Y66.18 E.60881
G1 X177.22 Y66.771 E.0154
G1 X161.289 Y82.702 E.58703
G1 X161.88 Y82.702 E.0154
G1 X177.22 Y67.362 E.56525
G1 X177.22 Y67.952 E.01537
G1 X162.471 Y82.702 E.54349
G1 X163.062 Y82.702 E.0154
G1 X177.22 Y68.543 E.52172
G1 X177.221 Y69.134 E.0154
G1 X163.653 Y82.702 E.49996
G1 X164.243 Y82.702 E.01537
G1 X177.221 Y69.725 E.4782
G1 X177.221 Y70.316 E.0154
G1 X164.834 Y82.702 E.45642
G1 X165.425 Y82.702 E.0154
G1 X177.221 Y70.907 E.43464
G1 X177.221 Y71.498 E.0154
G1 X166.016 Y82.702 E.41287
G1 X166.607 Y82.702 E.0154
G1 X177.221 Y72.088 E.39111
G1 X177.221 Y72.679 E.0154
G1 X167.198 Y82.702 E.36933
G1 X167.789 Y82.702 E.0154
G1 X177.221 Y73.27 E.34755
G1 X177.221 Y73.861 E.0154
G1 X168.38 Y82.702 E.32578
G1 X168.97 Y82.702 E.01537
G1 X177.221 Y74.452 E.30402
G1 X177.221 Y75.043 E.0154
G1 X169.561 Y82.702 E.28224
G1 X170.152 Y82.702 E.0154
G1 X177.221 Y75.633 E.26048
G1 X177.221 Y76.224 E.0154
G1 X170.743 Y82.702 E.2387
G1 X171.334 Y82.702 E.0154
G1 X177.221 Y76.815 E.21693
G1 X177.221 Y77.406 E.0154
G1 X171.925 Y82.702 E.19515
G1 X172.516 Y82.702 E.0154
G1 X177.221 Y77.997 E.17337
G1 X177.221 Y78.588 E.0154
G1 X173.107 Y82.702 E.15159
G1 X173.697 Y82.702 E.01537
G1 X177.221 Y79.178 E.12985
G1 X177.221 Y79.769 E.0154
G1 X174.262 Y82.728 E.10903
G1 X174.65 Y82.931 E.01141
G1 X177.221 Y80.36 E.09474
G1 X177.221 Y80.951 E.0154
G1 X174.914 Y83.258 E.08501
;WIPE_START
G1 F8640
G1 X177.221 Y80.951 E-.75334
G1 X177.221 Y80.749 E-.04666
;WIPE_END
G1 Z.75 F720
G1 X177.073 Y81.69 F10800
G1 Z.35 F720
G1 E.8 F2100
G1 F4800
G1 X175.062 Y83.701 E.0741
G1 X175.018 Y83.727 E.00133
G1 X175.018 Y144.313 E1.57861
G1 X174.919 Y144.698 E.01036
;WIDTH:0.419863
G1 X174.873 Y144.778 E.00223
;WIDTH:0.449999
G1 X175.224 Y144.399 E.01346
G1 X177.073 Y142.55 E.06813
G1 X177.22 Y142.55 E.00383
G1 X177.222 Y109.148 E.87031
G1 X176.689 Y109.048 E.01413
G1 X176.318 Y108.743 E.01251
G1 X176.122 Y108.285 E.01298
G1 X176.122 Y101.843 E.16785
G1 X176.261 Y101.349 E.01337
G1 X176.599 Y101 E.01266
G1 X177.061 Y100.858 E.01259
G1 X177.222 Y100.852 E.0042
G1 X177.221 Y81.542 E.50314
;WIPE_START
G1 F8640
G1 X177.221 Y85.007 E-.8
;WIPE_END
G1 Z.75 F720
G1 X176.803 Y82.55 F10800
G1 Z.35 F720
G1 E.8 F2100
G1 F4800
G1 X176.804 Y100.492 E.46749
G1 X176.444 Y100.602 E.00981
G1 X176.038 Y100.947 E.01388
G1 X175.86 Y101.23 E.00871
G1 X175.801 Y101.536 E.00812
;WIDTH:0.412674
G1 X175.742 Y101.843 E.00742
;WIDTH:0.375349
G1 X175.742 Y108.309 E.13837
;WIDTH:0.412674
G1 X175.809 Y108.564 E.00626
;WIDTH:0.449999
G1 X175.876 Y108.82 E.00689
G1 X176.036 Y109.051 E.00732
G1 X176.444 Y109.398 E.01396
G1 X176.804 Y109.508 E.00981
G1 X176.803 Y142.255 E.85325
G1 X176.777 Y142.255 E.00068
G1 X175.436 Y143.596 E.04941
G1 X175.436 Y108.904 E.90393
G1 X175.417 Y108.534 E.00965
;WIDTH:0.412674
G1 X175.398 Y108.163 E.00881
;WIDTH:0.375349
G1 X175.398 Y101.843 E.13525
;WIDTH:0.412674
G1 X175.417 Y101.505 E.00803
;WIDTH:0.449999
G1 X175.436 Y101.167 E.00882
G1 X175.436 Y83.918 E.44944
G1 X176.656 Y82.698 E.04495
G1 X176.357 Y83.628 F10800
;WIDTH:0.507132
G1 F4800
G1 X176.357 Y84.201 E.01697
;WIDTH:0.507518
G1 X176.358 Y100.16 E.47307
G1 X176.232 Y100.209 E.00401
G1 X175.882 Y100.484 E.01319
G1 X175.882 Y84.103 E.48558
;WIDTH:0.507132
G1 X176.209 Y83.776 E.0137
;WIPE_START
G1 F8640
G1 X175.882 Y84.103 E-.10678
G1 X175.882 Y87.105 E-.69322
;WIPE_END
G1 Z.75 F720
G1 X175.882 Y109.516 F10800
G1 Z.35 F720
G1 E.8 F2100
;WIDTH:0.507516
G1 F4800
G1 X176.016 Y109.638 E.00537
G1 X176.358 Y109.84 E.01177
G1 X176.356 Y142.044 E.95461
;WIDTH:0.506736
G1 X175.882 Y142.519 E.01986
G1 X175.882 Y141.946 E.01696
;WIDTH:0.507511
G1 X175.882 Y109.725 E.95511
;WIPE_START
G1 F8640
G1 X175.882 Y113.19 E-.8
;WIPE_END
G1 Z.75 F720
G1 X147.179 Y145.298 F10800
G1 Z.35 F720
G1 E.8 F2100
;WIDTH:0.449999
G1 F4800
G1 X173.143 Y145.298 E.67651
G1 X172.885 Y145.556 E.00951
G1 X172.83 Y145.754 E.00535
G1 X172.988 Y145.954 E.00664
G1 X173.073 Y146.385 E.01145
G1 X173.137 Y146.5 E.00343
G1 X147.375 Y146.502 E.67125
G1 X147.35 Y146.138 E.00951
G1 X147.072 Y145.672 E.01414
G1 X146.74 Y145.413 E.01097
G1 X146.977 Y145.351 E.00638
G1 X147.704 Y145.703 E.02105
;WIDTH:0.425326
G1 X147.581 Y145.703 E.00302
G1 X147.726 Y145.961 E.00726
G1 X147.752 Y146.097 E.00339
G1 X172.247 Y146.095 E.60054
;WIDTH:0.424584
G1 X172.575 Y146.095 E.00803
G1 X172.437 Y145.852 E.00684
G1 X172.478 Y145.703 E.00378
;WIDTH:0.425326
G1 X147.913 Y145.703 E.60226
;WIPE_START
G1 F8640
G1 X151.378 Y145.703 E-.8
;WIPE_END
G1 Z.75 F720
G1 X173.328 Y145.704 F10800
G1 Z.35 F720
G1 E.8 F2100
;WIDTH:0.449999
G1 F4800
G1 X173.734 Y145.298 E.01496
G1 X173.425 Y146.197 F10800
G1 F4800
G1 X174.574 Y145.069 E.04195
;WIDTH:0.422105
G1 X174.721 Y144.941 E.00474
;WIDTH:0.410404
G1 X174.873 Y144.778 E.00526
;WIPE_START
G1 F8640
G1 X174.721 Y144.941 E-.05146
G1 X174.574 Y145.069 E-.04501
G1 X173.425 Y146.197 E-.37179
;WIPE_END
G1 E-.33174 F2100
G1 Z.75 F720
G1 X173.713 Y146.5 F10800
M73 P17 R45
G1 Z.35 F720
G1 E.8 F2100
;WIDTH:0.449999
G1 F4800
G1 X177.22 Y142.993 E.12923
G1 X177.22 Y143.584 E.0154
G1 X174.304 Y146.5 E.10745
;WIPE_START
G1 F8640
G1 X176.754 Y144.05 E-.8
;WIPE_END
G1 Z.75 F720
G1 X177.073 Y144.323 F10800
G1 Z.35 F720
G1 E.8 F2100
G1 F4800
G1 X174.895 Y146.5 E.08024
G1 X177.22 Y146.5 E.06058
G1 X177.22 Y144.175 E.06058
;WIPE_START
G1 F8640
G1 X177.22 Y146.5 E-.53685
G1 X176.08 Y146.5 E-.26315
;WIPE_END
G1 Z.75 F720
G1 X176.775 Y145.249 F10800
G1 Z.35 F720
G1 E.8 F2100
;WIDTH:0.50433
G1 F4800
G1 X176.775 Y146.055 E.02373
G1 X175.969 Y146.055 E.02373
G1 X176.628 Y145.397 E.02742
;WIPE_START
G1 F8640
G1 X175.969 Y146.055 E-.21503
G1 X176.775 Y146.055 E-.18611
G1 X176.775 Y145.249 E-.18611
;WIPE_END
G1 E-.21275 F2100
G1 Z.75 F720
G1 X72.823 Y109.193 F10800
G1 Z.35 F720
G1 E.8 F2100
;WIDTH:0.463938
G1 F4800
G1 X72.771 Y109.207 E.00145
G1 X72.733 Y109.169 E.00145
G1 X72.747 Y109.117 E.00145
G1 X72.799 Y109.103 E.00145
G1 X72.837 Y109.141 E.00145
;WIPE_START
G1 F8640
G1 X72.799 Y109.103 E-.01241
G1 X72.747 Y109.117 E-.01243
G1 X72.733 Y109.169 E-.01243
G1 X72.771 Y109.207 E-.01241
G1 X72.823 Y109.193 E-.01243
;WIPE_END
G1 E-.73789 F2100
G1 Z.75 F720
G1 X72.779 Y87.9 F10800
G1 Z.35 F720
G1 E.8 F2100
;WIDTH:0.449999
G1 F4800
G1 X76.982 Y83.696 E.15489
G1 X77.06 Y83.549 E.00434
;WIDTH:0.411095
G1 X77.139 Y83.401 E.00396
;WIDTH:0.37219
G1 X77.344 Y83.126 E.00727
G1 X77.681 Y82.861 E.00909
;WIPE_START
G1 F8640
G1 X77.344 Y83.126 E-.09899
G1 X77.139 Y83.401 E-.0792
G1 X77.06 Y83.549 E-.03874
G1 X76.982 Y83.696 E-.03843
G1 X75.314 Y85.364 E-.54464
;WIPE_END
G1 Z.75 F720
G1 X76.982 Y84.287 F10800
G1 Z.35 F720
G1 E.8 F2100
;WIDTH:0.449999
G1 F4800
G1 X72.779 Y88.491 E.15489
G1 X72.779 Y89.082 E.0154
G1 X76.982 Y84.878 E.15489
G1 X76.982 Y85.469 E.0154
G1 X72.778 Y89.672 E.15489
G1 X72.778 Y90.263 E.0154
G1 X76.982 Y86.06 E.15489
G1 X76.982 Y86.651 E.0154
G1 X72.778 Y90.854 E.15489
G1 X72.778 Y91.445 E.0154
M73 P18 R45
G1 X76.982 Y87.241 E.15491
G1 X76.982 Y87.832 E.0154
G1 X72.778 Y92.036 E.15491
G1 X72.778 Y92.627 E.0154
G1 X76.982 Y88.423 E.15491
G1 X76.982 Y89.014 E.0154
G1 X72.778 Y93.218 E.15491
G1 X72.778 Y93.809 E.0154
G1 X76.982 Y89.605 E.15491
G1 X76.982 Y90.196 E.0154
G1 X72.778 Y94.4 E.15491
G1 X72.778 Y94.991 E.0154
G1 X76.982 Y90.787 E.15491
M73 Q18 S46
G1 X76.982 Y91.378 E.0154
G1 X72.778 Y95.581 E.15489
G1 X72.778 Y96.172 E.0154
G1 X76.982 Y91.968 E.15491
G1 X76.982 Y92.559 E.0154
G1 X72.778 Y96.763 E.15491
G1 X72.778 Y97.354 E.0154
G1 X76.982 Y93.15 E.15491
G1 X76.982 Y93.741 E.0154
G1 X72.778 Y97.945 E.15491
G1 X72.778 Y98.536 E.0154
G1 X76.982 Y94.332 E.15491
G1 X76.982 Y94.923 E.0154
G1 X72.778 Y99.127 E.15491
G1 X72.778 Y99.718 E.0154
G1 X76.982 Y95.514 E.15491
G1 X76.982 Y96.105 E.0154
G1 X72.778 Y100.309 E.15491
G1 X72.624 Y101.006 E.0186
;WIDTH:0.37219
G1 X72.619 Y100.91 E.00204
;WIDTH:0.411095
G1 X72.722 Y100.881 E.00253
;WIDTH:0.449999
G1 X72.825 Y100.852 E.00279
G1 X76.982 Y96.695 E.15318
G1 X76.982 Y97.286 E.0154
G1 X73.32 Y100.948 E.13494
G1 X73.647 Y101.212 E.01095
G1 X76.982 Y97.877 E.12289
G1 X76.982 Y98.468 E.0154
G1 X73.844 Y101.606 E.11563
G1 X73.878 Y102.163 E.01454
G1 X76.982 Y99.059 E.11438
G1 X76.982 Y99.65 E.0154
G1 X73.878 Y102.754 E.11438
G1 X73.878 Y103.345 E.0154
G1 X76.982 Y100.241 E.11438
G1 X76.982 Y100.832 E.0154
G1 X73.878 Y103.936 E.11438
G1 X73.878 Y104.527 E.0154
G1 X76.982 Y101.422 E.1144
G1 X76.982 Y102.013 E.0154
G1 X73.878 Y105.117 E.11438
G1 X73.878 Y105.708 E.0154
G1 X76.982 Y102.604 E.11438
G1 X76.982 Y103.195 E.0154
G1 X73.878 Y106.299 E.11438
G1 X73.878 Y106.89 E.0154
G1 X76.982 Y103.786 E.11438
G1 X76.982 Y104.377 E.0154
G1 X73.878 Y107.481 E.11438
G1 X73.779 Y108.356 F10800
;WIDTH:0.37219
G1 F4800
G1 X73.707 Y108.337 E.00158
G1 X73.727 Y108.408 E.00156
G1 X73.768 Y108.397 E.0009
;WIDTH:0.411095
G1 X73.823 Y108.235 E.00404
;WIDTH:0.449999
G1 X73.878 Y108.072 E.00448
G1 X76.982 Y104.968 E.11438
G1 X76.982 Y105.558 E.01537
G1 X72.778 Y109.763 E.15493
G1 X72.778 Y110.353 E.01537
G1 X76.982 Y106.149 E.15491
G1 X76.982 Y106.74 E.0154
G1 X72.778 Y110.944 E.15491
G1 X72.778 Y111.535 E.0154
G1 X76.982 Y107.331 E.15491
G1 X76.982 Y107.922 E.0154
G1 X72.778 Y112.126 E.15491
G1 X72.778 Y112.717 E.0154
G1 X76.982 Y108.513 E.15491
G1 X76.982 Y109.104 E.0154
G1 X72.778 Y113.308 E.15491
G1 X72.778 Y113.898 E.01537
G1 X76.982 Y109.695 E.15489
G1 X76.982 Y110.285 E.01537
G1 X72.778 Y114.489 E.15491
G1 X72.778 Y115.08 E.0154
G1 X76.982 Y110.876 E.15491
G1 X76.982 Y111.467 E.0154
G1 X72.778 Y115.671 E.15491
G1 X72.778 Y116.262 E.0154
G1 X76.982 Y112.058 E.15491
G1 X76.982 Y112.649 E.0154
G1 X72.778 Y116.853 E.15491
G1 X72.778 Y117.444 E.0154
G1 X76.982 Y113.24 E.15491
G1 X76.982 Y113.831 E.0154
G1 X72.778 Y118.034 E.15489
G1 X72.778 Y118.625 E.0154
G1 X76.982 Y114.422 E.15489
G1 X76.982 Y115.012 E.01537
G1 X72.778 Y119.216 E.15491
G1 X72.778 Y119.807 E.0154
G1 X76.982 Y115.603 E.15491
G1 X76.982 Y116.194 E.0154
G1 X72.778 Y120.398 E.15491
G1 X72.779 Y120.989 E.0154
G1 X76.982 Y116.785 E.15489
G1 X76.982 Y117.376 E.0154
G1 X72.779 Y121.579 E.15487
G1 X72.779 Y122.17 E.0154
G1 X76.982 Y117.967 E.15487
G1 X76.982 Y118.558 E.0154
G1 X72.779 Y122.761 E.15487
G1 X72.779 Y123.352 E.0154
G1 X76.982 Y119.149 E.15487
G1 X76.982 Y119.739 E.01537
G1 X72.779 Y123.943 E.15489
G1 X72.779 Y124.534 E.0154
G1 X76.982 Y120.33 E.15489
G1 X76.982 Y120.921 E.0154
G1 X72.779 Y125.124 E.15487
G1 X72.779 Y125.715 E.0154
G1 X76.982 Y121.512 E.15487
G1 X76.982 Y122.103 E.0154
G1 X72.779 Y126.306 E.15487
G1 X72.779 Y126.897 E.0154
G1 X76.982 Y122.694 E.15487
G1 X76.982 Y123.285 E.0154
G1 X72.779 Y127.488 E.15487
G1 X72.779 Y128.079 E.0154
G1 X76.982 Y123.876 E.15487
G1 X76.982 Y124.466 E.01537
G1 X72.779 Y128.67 E.15489
G1 X72.779 Y129.26 E.01537
G1 X76.982 Y125.057 E.15487
G1 X76.982 Y125.648 E.0154
G1 X72.779 Y129.851 E.15487
G1 X72.779 Y130.442 E.0154
G1 X76.982 Y126.239 E.15487
G1 X76.982 Y126.83 E.0154
G1 X72.779 Y131.033 E.15487
G1 X72.779 Y131.624 E.0154
G1 X76.982 Y127.421 E.15487
G1 X76.982 Y128.012 E.0154
G1 X72.779 Y132.215 E.15487
G1 X72.779 Y132.805 E.01537
G1 X76.982 Y128.602 E.15487
G1 X76.982 Y129.193 E.0154
G1 X72.779 Y133.396 E.15487
G1 X72.779 Y133.987 E.0154
G1 X76.982 Y129.784 E.15487
G1 X76.982 Y130.375 E.0154
G1 X72.779 Y134.578 E.15487
G1 X72.779 Y135.169 E.0154
G1 X76.982 Y130.966 E.15487
G1 X76.982 Y131.557 E.0154
G1 X72.779 Y135.76 E.15487
G1 X72.779 Y136.35 E.01537
G1 X76.982 Y132.148 E.15486
G1 X76.982 Y132.739 E.0154
G1 X72.779 Y136.941 E.15486
G1 X72.779 Y137.532 E.0154
G1 X76.982 Y133.329 E.15487
G1 X76.982 Y133.92 E.0154
G1 X72.779 Y138.123 E.15487
M73 Q18 S45
G1 X72.779 Y138.714 E.0154
G1 X76.982 Y134.511 E.15487
G1 X76.982 Y135.102 E.0154
G1 X72.779 Y139.305 E.15487
G1 X72.779 Y139.896 E.0154
G1 X76.982 Y135.693 E.15487
G1 X76.982 Y136.284 E.0154
G1 X72.779 Y140.486 E.15486
G1 X72.78 Y141.077 E.0154
G1 X76.982 Y136.875 E.15484
G1 X76.982 Y137.466 E.0154
G1 X72.78 Y141.668 E.15484
G1 X72.78 Y142.259 E.0154
G1 X76.982 Y138.056 E.15486
G1 X76.982 Y138.647 E.0154
G1 X72.78 Y142.85 E.15486
G1 X72.78 Y143.441 E.0154
G1 X76.982 Y139.238 E.15486
G1 X76.982 Y139.829 E.0154
G1 X72.78 Y144.031 E.15484
G1 X72.78 Y144.622 E.0154
G1 X76.982 Y140.42 E.15484
G1 X76.982 Y141.011 E.0154
G1 X72.78 Y145.213 E.15484
G1 X72.78 Y145.804 E.0154
G1 X76.982 Y141.602 E.15484
G1 X76.982 Y142.193 E.0154
G1 X72.78 Y146.395 E.15484
G1 X72.736 Y146.506 E.00311
;WIDTH:0.411095
G1 X72.692 Y146.618 E.00284
;WIDTH:0.37219
G1 X72.621 Y146.599 E.00156
G1 X72.64 Y146.67 E.00156
G1 X72.681 Y146.659 E.0009
;WIDTH:0.449999
G1 X73.265 Y146.5 E.01577
G1 X76.982 Y142.783 E.13697
G1 X76.982 Y143.374 E.0154
G1 X73.856 Y146.5 E.11519
G1 X74.447 Y146.5 E.0154
G1 X76.982 Y143.965 E.09341
G1 X77.013 Y144.525 E.01461
G1 X75.038 Y146.5 E.07278
G1 X74.978 Y146.584 E.00269
;WIDTH:0.411095
G1 X74.918 Y146.668 E.00244
;WIDTH:0.37219
G1 X74.847 Y146.649 E.00156
G1 X74.866 Y146.72 E.00156
G1 X74.907 Y146.709 E.0009
;WIPE_START
G1 F8640
G1 X74.866 Y146.72 E-.0098
G1 X74.847 Y146.649 E-.01697
G1 X74.918 Y146.668 E-.01697
G1 X74.978 Y146.584 E-.02384
G1 X75.038 Y146.5 E-.02384
G1 X77.013 Y144.525 E-.64493
G1 X76.998 Y144.25 E-.06365
;WIPE_END
G1 Z.75 F720
G1 X77.77 Y145.243 F10800
G1 Z.35 F720
G1 E.8 F2100
;WIDTH:0.449999
G1 F4800
G1 X77.476 Y145.162 E.00795
G1 X77.202 Y144.927 E.00941
G1 X75.629 Y146.5 E.05796
G1 X102.625 Y146.502 E.7034
G1 X102.685 Y146.036 E.01224
G1 X102.99 Y145.613 E.01359
G1 X103.182 Y145.482 E.00606
G1 X103.266 Y145.383 E.00338
G1 X103.101 Y145.322 E.00458
G1 X102.291 Y145.298 E.02111
G1 X77.971 Y145.298 E.63368
G1 X77.971 Y145.703 E.01055
;WIDTH:0.425326
G1 X102.419 Y145.703 E.59939
G1 X102.348 Y145.81 E.00315
G1 X102.248 Y146.097 E.00745
G1 X77.866 Y146.095 E.59777
;WIDTH:0.463593
G1 X77.567 Y146.076 E.00806
;WIDTH:0.502594
G1 X77.268 Y146.056 E.00879
G1 X76.701 Y146.056 E.01663
G1 X77.23 Y145.527 E.02195
G1 X77.457 Y145.625 E.00725
;WIDTH:0.480974
G1 X77.765 Y145.672 E.00872
M106 S170.85
;LAYER_CHANGE
;Z:0.5
;HEIGHT:0.15
;BEFORE_LAYER_CHANGE
G92 E0.0
;0.5


;WIPE_START
G1 F8640
G1 X77.457 Y145.625 E-.07194
G1 X77.23 Y145.527 E-.05709
G1 X76.701 Y146.056 E-.17274
G1 X77.268 Y146.056 E-.13092
G1 X77.567 Y146.076 E-.06919
G1 X77.866 Y146.095 E-.06918
G1 X78.857 Y146.095 E-.22894
;WIPE_END
G1 Z.5 F720
;AFTER_LAYER_CHANGE
;0.5
; stop printing object ../stl/front_shell.stl id:0 copy 0
G1 Z.9
G1 X77.765 Y149.689 F10800
G1 Z.5 F720
G1 E.8 F2100
;TYPE:Skirt/Brim
;WIDTH:0.42
G1 F3000
G1 X72.28 Y149.689 E.13265
G1 X70.732 Y149.048 E.04052
G1 X70.232 Y148.548 E.0171
G1 X69.591 Y147 E.04052
G1 X69.591 Y63 E2.03153
G1 X70.232 Y61.452 E.04052
G1 X70.732 Y60.952 E.0171
G1 X72.28 Y60.311 E.04052
G1 X177.72 Y60.311 E2.55005
G1 X179.268 Y60.952 E.04052
G1 X179.768 Y61.452 E.0171
G1 X180.409 Y63 E.04052
G1 X180.409 Y147 E2.03153
G1 X179.768 Y148.548 E.04052
G1 X179.268 Y149.048 E.0171
G1 X177.72 Y149.689 E.04052
G1 X77.825 Y149.689 E2.41595
;WIPE_START
G1 F8640
G1 X77.765 Y149.689 E-.01385
G1 X74.36 Y149.689 E-.78615
;WIPE_END
G1 Z.9 F720
; printing object ../stl/front_shell.stl id:0 copy 0
G1 X174.467 Y144.745 F10800
G1 Z.5 F720
G1 E.8 F2100
M204 S800
;TYPE:Perimeter
;WIDTH:0.449999
G1 F2700
G1 X174.392 Y144.832 E.00299
G1 X174.036 Y144.943 E.00972
G1 X147.16 Y144.943 E.70027
;WIDTH:0.499571
G1 X146.972 Y144.968 E.00553
;WIDTH:0.549142
G1 X146.783 Y144.992 E.00614
;WIDTH:0.598713
G1 X146.595 Y145.017 E.0067
;WIDTH:0.648284
G1 X146.406 Y145.042 E.00732
G1 X140.074 Y145.042 E.24328
G1 X139.885 Y145.017 E.00732
;WIDTH:0.598713
G1 X139.697 Y144.992 E.0067
;WIDTH:0.549142
G1 X139.508 Y144.968 E.00614
;WIDTH:0.499571
G1 X139.32 Y144.943 E.00553
;WIDTH:0.449999
G1 X110.68 Y144.943 E.74624
;WIDTH:0.499571
G1 X110.492 Y144.968 E.00553
;WIDTH:0.549142
G1 X110.303 Y144.992 E.00614
;WIDTH:0.598713
G1 X110.115 Y145.017 E.0067
;WIDTH:0.648284
G1 X109.926 Y145.042 E.00732
G1 X103.594 Y145.042 E.24328
G1 X103.405 Y145.017 E.00732
;WIDTH:0.598713
G1 X103.217 Y144.992 E.0067
;WIDTH:0.549142
G1 X103.028 Y144.968 E.00614
;WIDTH:0.499571
G1 X102.84 Y144.943 E.00553
;WIDTH:0.449999
G1 X77.964 Y144.943 E.64816
G1 X77.676 Y144.873 E.00772
G1 X77.471 Y144.703 E.00694
G1 X77.367 Y144.507 E.00578
G1 X77.337 Y144.316 E.00504
G1 X77.337 Y83.684 E1.57981
G1 X77.411 Y83.389 E.00792
G1 X77.588 Y83.183 E.00708
G1 X77.894 Y83.057 E.00862
G1 X174.036 Y83.057 E2.50505
G1 X174.331 Y83.131 E.00792
M73 P19 R45
G1 X174.49 Y83.252 E.00521
G1 X174.615 Y83.443 E.00595
G1 X174.663 Y83.684 E.0064
G1 X174.663 Y144.316 E1.57981
G1 X174.598 Y144.593 E.00741
M73 Q19 S45
G1 X174.506 Y144.7 E.00368
M204 S1000
G1 X174.169 Y144.449 F10800
M204 S800
;TYPE:External perimeter
G1 F1500
G1 X174.068 Y144.525 E.00329
G1 X77.964 Y144.525 E2.50406
G1 X77.8 Y144.445 E.00475
G1 X77.755 Y144.316 E.00356
G1 X77.755 Y83.684 E1.57981
G1 X77.807 Y83.547 E.00382
G1 X77.964 Y83.475 E.0045
G1 X174.036 Y83.475 E2.50323
G1 X174.187 Y83.54 E.00428
G1 X174.245 Y83.684 E.00404
G1 X174.245 Y144.316 E1.57981
G1 X174.223 Y144.408 E.00246
G1 X174.217 Y144.413 E.0002
M204 S1000
;WIPE_START
G1 F8640
G1 X174.169 Y144.449 E-.01385
G1 X174.068 Y144.525 E-.02919
G1 X170.79 Y144.525 E-.75696
;WIPE_END
G1 Z.9 F720
G1 X146.842 Y145.952 F10800
G1 Z.5 F720
G1 E.8 F2100
M204 S800
;TYPE:Perimeter
G1 F2700
G1 X146.81 Y145.904 E.0015
;WIDTH:0.499571
G1 X146.709 Y145.843 E.00344
;WIDTH:0.549142
G1 X146.608 Y145.781 E.00382
;WIDTH:0.598713
G1 X146.507 Y145.72 E.00417
;WIDTH:0.648284
G1 X146.406 Y145.658 E.00455
G1 X140.074 Y145.658 E.24328
G1 X139.973 Y145.72 E.00455
;WIDTH:0.598713
G1 X139.872 Y145.781 E.00417
;WIDTH:0.549142
G1 X139.771 Y145.843 E.00382
;WIDTH:0.499571
G1 X139.67 Y145.904 E.00344
;WIDTH:0.449999
G1 X139.477 Y146.192 E.00903
G1 X139.447 Y146.857 E.01734
G1 X110.553 Y146.857 E.75285
G1 X110.523 Y146.192 E.01734
G1 X110.33 Y145.904 E.00903
;WIDTH:0.499571
G1 X110.229 Y145.843 E.00344
;WIDTH:0.549142
G1 X110.128 Y145.781 E.00382
;WIDTH:0.598713
G1 X110.027 Y145.72 E.00417
;WIDTH:0.648284
G1 X109.926 Y145.658 E.00455
G1 X103.594 Y145.658 E.24328
G1 X103.493 Y145.72 E.00455
;WIDTH:0.598713
G1 X103.392 Y145.781 E.00417
;WIDTH:0.549142
G1 X103.291 Y145.843 E.00382
;WIDTH:0.499571
G1 X103.19 Y145.904 E.00344
;WIDTH:0.449999
G1 X102.997 Y146.192 E.00903
G1 X102.967 Y146.857 E.01734
G1 X72.546 Y146.857 E.79264
G1 X72.423 Y146.734 E.00453
G1 X72.423 Y108.793 E.98858
G1 X72.896 Y108.793 E.01232
G1 X73.162 Y108.734 E.0071
G1 X73.299 Y108.646 E.00424
G1 X73.493 Y108.356 E.00909
G1 X73.523 Y108.166 E.00501
G1 X73.523 Y101.834 E.16498
G1 X73.493 Y101.644 E.00501
G1 X73.413 Y101.479 E.00478
G1 X73.162 Y101.266 E.00858
G1 X72.896 Y101.207 E.0071
G1 X72.423 Y101.207 E.01232
G1 X72.423 Y63.266 E.98858
G1 X72.546 Y63.143 E.00453
G1 X102.967 Y63.143 E.79264
G1 X102.967 Y63.616 E.01232
G1 X103.065 Y63.952 E.00912
G1 X103.178 Y64.085 E.00455
G1 X103.316 Y64.178 E.00434
G1 X103.594 Y64.243 E.00744
G1 X109.969 Y64.243 E.16611
G1 X110.261 Y64.146 E.00802
G1 X110.455 Y63.952 E.00715
G1 X110.553 Y63.616 E.00912
G1 X110.553 Y63.143 E.01232
G1 X139.447 Y63.143 E.75285
G1 X139.447 Y63.616 E.01232
G1 X139.545 Y63.952 E.00912
G1 X139.658 Y64.085 E.00455
G1 X139.796 Y64.178 E.00434
G1 X140.074 Y64.243 E.00744
G1 X146.449 Y64.243 E.16611
G1 X146.741 Y64.146 E.00802
G1 X146.935 Y63.952 E.00715
G1 X147.033 Y63.616 E.00912
G1 X147.033 Y63.143 E.01232
G1 X177.454 Y63.143 E.79264
G1 X177.577 Y63.266 E.00453
G1 X177.577 Y101.207 E.98858
G1 X177.104 Y101.207 E.01232
M73 P19 R44
G1 X176.808 Y101.281 E.00795
G1 X176.58 Y101.489 E.00804
G1 X176.477 Y101.834 E.00938
G1 X176.477 Y108.166 E.16498
G1 X176.58 Y108.511 E.00938
G1 X176.808 Y108.719 E.00804
G1 X177.104 Y108.793 E.00795
G1 X177.577 Y108.793 E.01232
G1 X177.577 Y146.734 E.98858
G1 X177.454 Y146.857 E.00453
G1 X147.033 Y146.857 E.79264
G1 X147.003 Y146.192 E.01734
G1 X146.875 Y146.002 E.00597
M204 S1000
G1 X146.551 Y146.246 F10800
M204 S800
;TYPE:External perimeter
G1 F1500
G1 X146.541 Y146.224 E.00063
G1 X146.406 Y146.175 E.00374
G1 X140.074 Y146.175 E.16498
G1 X139.939 Y146.224 E.00374
G1 X139.865 Y146.384 E.00459
G1 X139.865 Y147.275 E.02322
G1 X110.135 Y147.275 E.77464
G1 X110.135 Y146.384 E.02322
G1 X110.061 Y146.224 E.00459
G1 X109.926 Y146.175 E.00374
G1 X103.594 Y146.175 E.16498
G1 X103.459 Y146.224 E.00374
G1 X103.385 Y146.384 E.00459
G1 X103.385 Y147.275 E.02322
G1 X72.373 Y147.275 E.80804
G1 X72.005 Y146.907 E.01356
G1 X72.005 Y108.375 E1.00398
G1 X72.896 Y108.375 E.02322
G1 X73.03 Y108.326 E.00372
G1 X73.105 Y108.166 E.0046
G1 X73.105 Y101.834 E.16498
G1 X73.03 Y101.674 E.0046
G1 X72.896 Y101.625 E.00372
G1 X72.005 Y101.625 E.02322
G1 X72.005 Y63.093 E1.00398
G1 X72.373 Y62.725 E.01356
G1 X103.385 Y62.725 E.80804
G1 X103.385 Y63.616 E.02322
G1 X103.455 Y63.772 E.00446
G1 X103.594 Y63.825 E.00388
G1 X109.926 Y63.825 E.16498
G1 X110.065 Y63.772 E.00388
G1 X110.135 Y63.616 E.00446
G1 X110.135 Y62.725 E.02322
G1 X139.865 Y62.725 E.77464
G1 X139.865 Y63.616 E.02322
M73 P20 R44
G1 X139.935 Y63.772 E.00446
G1 X140.074 Y63.825 E.00388
G1 X146.406 Y63.825 E.16498
G1 X146.545 Y63.772 E.00388
G1 X146.615 Y63.616 E.00446
G1 X146.615 Y62.725 E.02322
G1 X177.627 Y62.725 E.80804
G1 X177.995 Y63.093 E.01356
M73 Q20 S45
G1 X177.995 Y101.625 E1.00398
G1 X177.005 Y101.65 E.0258
G1 X176.929 Y101.719 E.00267
G1 X176.895 Y101.834 E.00312
G1 X176.895 Y108.198 E.16582
G1 X177.005 Y108.35 E.00489
G1 X177.104 Y108.375 E.00266
G1 X177.995 Y108.375 E.02322
G1 X177.995 Y146.907 E1.00398
G1 X177.627 Y147.275 E.01356
M73 Q20 S44
G1 X146.615 Y147.275 E.80804
G1 X146.615 Y146.384 E.02322
G1 X146.576 Y146.3 E.00241
M204 S1000
;WIPE_START
G1 F8640
G1 X146.551 Y146.246 E-.01374
G1 X146.541 Y146.224 E-.00558
G1 X146.406 Y146.175 E-.03316
G1 X143.169 Y146.175 E-.74752
;WIPE_END
G1 Z.9 F720
G1 X110.26 Y145.413 F10800
G1 Z.5 F720
G1 E.8 F2100
;TYPE:Solid infill
G1 F4800
G1 X110.699 Y145.298 E.01182
G1 X138.771 Y145.298 E.73144
G1 X139.625 Y145.332 E.02227
G1 X139.748 Y145.391 E.00355
G1 X139.47 Y145.613 E.00927
G1 X139.165 Y146.036 E.01359
G1 X139.105 Y146.502 E.01224
G1 X110.895 Y146.502 E.73503
G1 X110.87 Y146.138 E.00951
G1 X110.592 Y145.672 E.01414
G1 X110.425 Y145.542 E.00551
G1 X111.101 Y145.703 E.01811
;WIDTH:0.425349
G1 X138.899 Y145.703 E.68156
G1 X138.828 Y145.81 E.00315
G1 X138.728 Y146.097 E.00745
G1 X111.272 Y146.097 E.67318
G1 X111.246 Y145.961 E.00339
G1 X111.203 Y145.885 E.00214
;WIPE_START
G1 F8640
G1 X111.246 Y145.961 E-.02016
G1 X111.272 Y146.097 E-.03197
G1 X114.511 Y146.097 E-.74787
;WIPE_END
G1 Z.9 F720
G1 X72.771 Y100.793 F10800
G1 Z.5 F720
G1 E.8 F2100
;WIDTH:0.463944
G1 F4800
G1 X72.733 Y100.831 E.00145
G1 X72.747 Y100.883 E.00145
G1 X72.799 Y100.897 E.00145
G1 X72.837 Y100.859 E.00145
G1 X72.823 Y100.807 E.00145
;WIPE_START
G1 F8640
G1 X72.837 Y100.859 E-.01243
G1 X72.799 Y100.897 E-.01241
G1 X72.747 Y100.883 E-.01243
G1 X72.733 Y100.831 E-.01243
G1 X72.771 Y100.793 E-.01241
;WIPE_END
G1 E-.73789 F2100
G1 Z.9 F720
G1 X72.814 Y146.387 F10800
G1 Z.5 F720
G1 E.8 F2100
;WIDTH:0.551384
G1 F4800
G1 X72.768 Y146.433 E.00211
G1 X72.785 Y146.495 E.00208
G1 X72.847 Y146.512 E.00208
G1 X72.893 Y146.466 E.00211
G1 X72.876 Y146.404 E.00208
;WIDTH:0.449999
G1 X72.78 Y145.736 E.01758
G1 X73.618 Y146.569 E.03079
;WIDTH:0.411095
G1 X73.693 Y146.638 E.00241
;WIDTH:0.37219
G1 X73.674 Y146.709 E.00156
G1 X73.745 Y146.69 E.00156
G1 X73.734 Y146.649 E.0009
;WIDTH:0.449999
G1 X74.135 Y146.5 E.01115
G1 X72.78 Y145.145 E.04993
G1 X72.78 Y144.554 E.0154
G1 X74.726 Y146.5 E.07171
G1 X75.316 Y146.5 E.01537
G1 X72.78 Y143.964 E.09345
G1 X72.78 Y143.373 E.0154
G1 X75.907 Y146.5 E.11522
G1 X76.498 Y146.5 E.0154
G1 X72.78 Y142.782 E.137
G1 X72.78 Y142.191 E.0154
G1 X77.089 Y146.5 E.15878
G1 X77.68 Y146.501 E.0154
G1 X72.78 Y141.6 E.18058
G1 X72.78 Y141.009 E.0154
G1 X78.271 Y146.501 E.20235
;WIPE_START
G1 F8640
G1 X75.821 Y144.051 E-.8
;WIPE_END
G1 Z.9 F720
G1 X77.337 Y144.951 F10800
G1 Z.5 F720
G1 E.8 F2100
;WIDTH:0.37219
G1 F4800
G1 X77.272 Y145.016 E.00195
;WIDTH:0.411095
G1 X77.177 Y144.868 E.00416
;WIDTH:0.449999
G1 X77.082 Y144.721 E.00456
G1 X72.779 Y140.418 E.15856
G1 X72.779 Y139.827 E.0154
G1 X76.982 Y144.03 E.15487
G1 X76.982 Y143.439 E.0154
G1 X72.779 Y139.236 E.15487
G1 X72.779 Y138.645 E.0154
G1 X76.982 Y142.848 E.15487
G1 X76.982 Y142.257 E.0154
G1 X72.779 Y138.055 E.15486
G1 X72.779 Y137.464 E.0154
G1 X76.982 Y141.666 E.15486
G1 X76.982 Y141.076 E.01537
G1 X72.779 Y136.873 E.15487
G1 X72.779 Y136.282 E.0154
G1 X76.982 Y140.485 E.15487
G1 X76.982 Y139.894 E.0154
G1 X72.779 Y135.691 E.15487
G1 X72.779 Y135.1 E.0154
G1 X76.982 Y139.303 E.15487
G1 X76.982 Y138.712 E.0154
G1 X72.779 Y134.509 E.15487
G1 X72.779 Y133.918 E.0154
G1 X76.982 Y138.121 E.15487
G1 X76.982 Y137.53 E.0154
G1 X72.779 Y133.327 E.15487
G1 X72.779 Y132.736 E.0154
G1 X76.982 Y136.939 E.15487
G1 X76.982 Y136.349 E.01537
G1 X72.779 Y132.146 E.15487
G1 X72.779 Y131.555 E.0154
G1 X76.982 Y135.758 E.15487
G1 X76.982 Y135.167 E.0154
G1 X72.779 Y130.964 E.15487
G1 X72.779 Y130.373 E.0154
G1 X76.982 Y134.576 E.15487
G1 X76.982 Y133.985 E.0154
G1 X72.779 Y129.782 E.15487
G1 X72.779 Y129.191 E.0154
G1 X76.982 Y133.394 E.15487
G1 X76.982 Y132.803 E.0154
G1 X72.779 Y128.6 E.15487
G1 X72.779 Y128.009 E.0154
G1 X76.982 Y132.212 E.15487
G1 X76.982 Y131.622 E.01537
G1 X72.779 Y127.418 E.15489
G1 X72.779 Y126.827 E.0154
G1 X76.982 Y131.031 E.15489
G1 X76.982 Y130.44 E.0154
G1 X72.779 Y126.237 E.15487
G1 X72.779 Y125.646 E.0154
G1 X76.982 Y129.849 E.15487
G1 X76.982 Y129.258 E.0154
G1 X72.779 Y125.055 E.15487
G1 X72.779 Y124.464 E.0154
G1 X76.982 Y128.667 E.15487
G1 X76.982 Y128.076 E.0154
G1 X72.779 Y123.873 E.15487
G1 X72.779 Y123.282 E.0154
G1 X76.982 Y127.485 E.15487
G1 X76.982 Y126.895 E.01537
G1 X72.779 Y122.691 E.15489
G1 X72.779 Y122.1 E.0154
G1 X76.982 Y126.304 E.15489
G1 X76.982 Y125.713 E.0154
G1 X72.779 Y121.509 E.15489
G1 X72.779 Y120.918 E.0154
G1 X76.982 Y125.122 E.15489
G1 X76.982 Y124.531 E.0154
G1 X72.778 Y120.328 E.15489
G1 X72.778 Y119.737 E.0154
G1 X76.982 Y123.94 E.15489
G1 X76.982 Y123.349 E.0154
G1 X72.778 Y119.146 E.15489
G1 X72.778 Y118.555 E.0154
G1 X76.982 Y122.759 E.15491
G1 X76.982 Y122.168 E.0154
G1 X72.778 Y117.964 E.15491
G1 X72.778 Y117.373 E.0154
G1 X76.982 Y121.577 E.15491
G1 X76.982 Y120.986 E.0154
G1 X72.778 Y116.782 E.15491
G1 X72.778 Y116.191 E.0154
G1 X76.982 Y120.395 E.15491
G1 X76.982 Y119.804 E.0154
G1 X72.778 Y115.6 E.15491
G1 X72.778 Y115.009 E.0154
G1 X76.982 Y119.213 E.15491
G1 X76.982 Y118.622 E.0154
G1 X72.778 Y114.419 E.15489
G1 X72.778 Y113.828 E.0154
G1 X76.982 Y118.032 E.15491
G1 X76.982 Y117.441 E.0154
G1 X72.778 Y113.237 E.15491
G1 X72.778 Y112.646 E.0154
G1 X76.982 Y116.85 E.15491
G1 X76.982 Y116.259 E.0154
G1 X72.778 Y112.055 E.15491
G1 X72.778 Y111.464 E.0154
G1 X76.982 Y115.668 E.15491
G1 X76.982 Y115.077 E.0154
G1 X72.778 Y110.873 E.15491
G1 X72.778 Y110.282 E.0154
G1 X76.982 Y114.486 E.15491
G1 X76.982 Y113.895 E.0154
G1 X72.778 Y109.691 E.15491
G1 X72.619 Y109.09 E.0162
;WIDTH:0.37219
G1 X72.623 Y108.998 E.00195
;WIDTH:0.411095
G1 X72.724 Y109.073 E.00297
;WIDTH:0.449999
G1 X72.825 Y109.148 E.00328
G1 X76.982 Y113.305 E.15318
G1 X76.982 Y112.714 E.0154
G1 X73.32 Y109.052 E.13494
G1 X73.647 Y108.788 E.01095
G1 X76.982 Y112.123 E.12289
G1 X76.982 Y111.532 E.0154
G1 X73.844 Y108.394 E.11563
G1 X73.878 Y107.837 E.01454
G1 X76.982 Y110.941 E.11438
G1 X76.982 Y110.35 E.0154
G1 X73.878 Y107.246 E.11438
G1 X73.878 Y106.655 E.0154
G1 X76.982 Y109.759 E.11438
G1 X76.982 Y109.168 E.0154
G1 X73.878 Y106.064 E.11438
G1 X73.878 Y105.473 E.0154
G1 X76.982 Y108.578 E.1144
G1 X76.982 Y107.987 E.0154
G1 X73.878 Y104.883 E.11438
G1 X73.878 Y104.292 E.0154
G1 X76.982 Y107.396 E.11438
G1 X76.982 Y106.805 E.0154
G1 X73.878 Y103.701 E.11438
G1 X73.878 Y103.11 E.0154
G1 X76.982 Y106.214 E.11438
G1 X76.982 Y105.623 E.0154
G1 X73.878 Y102.519 E.11438
G1 X73.878 Y101.928 E.0154
G1 X76.982 Y105.032 E.11438
G1 X76.982 Y104.441 E.0154
G1 X72.778 Y100.237 E.15491
G1 X72.778 Y99.647 E.01537
G1 X76.982 Y103.851 E.15491
G1 X76.982 Y103.26 E.0154
G1 X72.778 Y99.056 E.15491
G1 X72.778 Y98.465 E.0154
G1 X76.982 Y102.669 E.15491
G1 X76.982 Y102.078 E.0154
G1 X72.778 Y97.874 E.15491
G1 X72.778 Y97.283 E.0154
G1 X76.982 Y101.487 E.15491
G1 X76.982 Y100.896 E.0154
G1 X72.778 Y96.692 E.15491
G1 X72.778 Y96.102 E.01537
G1 X76.982 Y100.305 E.15489
G1 X76.982 Y99.715 E.01537
G1 X72.778 Y95.511 E.15491
G1 X72.778 Y94.92 E.0154
G1 X76.982 Y99.124 E.15491
G1 X76.982 Y98.533 E.0154
G1 X72.778 Y94.329 E.15491
G1 X72.778 Y93.738 E.0154
G1 X76.982 Y97.942 E.15491
G1 X76.982 Y97.351 E.0154
G1 X72.778 Y93.147 E.15491
G1 X72.778 Y92.556 E.0154
G1 X76.982 Y96.76 E.15491
G1 X76.982 Y96.169 E.0154
G1 X72.778 Y91.966 E.15489
G1 X72.778 Y91.375 E.0154
G1 X76.982 Y95.578 E.15489
G1 X76.982 Y94.988 E.01537
G1 X72.778 Y90.784 E.15491
G1 X72.778 Y90.193 E.0154
G1 X76.982 Y94.397 E.15491
G1 X76.982 Y93.806 E.0154
G1 X72.778 Y89.602 E.15491
G1 X72.779 Y89.011 E.0154
G1 X76.982 Y93.215 E.15489
G1 X76.982 Y92.624 E.0154
G1 X72.779 Y88.421 E.15487
G1 X72.779 Y87.83 E.0154
G1 X76.982 Y92.033 E.15487
G1 X76.982 Y91.442 E.0154
G1 X72.779 Y87.239 E.15487
G1 X72.779 Y86.648 E.0154
G1 X76.982 Y90.851 E.15487
G1 X76.982 Y90.261 E.01537
G1 X72.779 Y86.057 E.15489
G1 X72.779 Y85.466 E.0154
G1 X76.982 Y89.67 E.15489
G1 X76.982 Y89.079 E.0154
G1 X72.779 Y84.876 E.15487
G1 X72.779 Y84.285 E.0154
G1 X76.982 Y88.488 E.15487
G1 X76.982 Y87.897 E.0154
G1 X72.779 Y83.694 E.15487
G1 X72.779 Y83.103 E.0154
G1 X76.982 Y87.306 E.15487
G1 X76.982 Y86.715 E.0154
G1 X72.779 Y82.512 E.15487
G1 X72.779 Y81.921 E.0154
G1 X76.982 Y86.124 E.15487
G1 X76.982 Y85.534 E.01537
G1 X72.779 Y81.33 E.15489
G1 X72.779 Y80.74 E.01537
G1 X76.982 Y84.943 E.15487
G1 X76.982 Y84.352 E.0154
G1 X72.779 Y80.149 E.15487
G1 X72.779 Y79.558 E.0154
G1 X76.982 Y83.761 E.15487
G1 X77.079 Y83.267 E.01312
G1 X72.779 Y78.967 E.15845
G1 X72.779 Y78.376 E.0154
G1 X77.336 Y82.933 E.16792
G1 X77.728 Y82.734 E.01145
G1 X72.779 Y77.785 E.18236
G1 X72.779 Y77.195 E.01537
G1 X78.287 Y82.702 E.20294
G1 X78.877 Y82.702 E.01537
G1 X72.779 Y76.604 E.2247
G1 X72.779 Y76.013 E.0154
G1 X79.468 Y82.702 E.24648
G1 X80.059 Y82.702 E.0154
G1 X72.779 Y75.422 E.26826
G1 X72.779 Y74.831 E.0154
G1 X80.65 Y82.702 E.29003
G1 X81.241 Y82.702 E.0154
G1 X72.779 Y74.24 E.31181
G1 X72.779 Y73.65 E.01537
G1 X81.832 Y82.702 E.33357
G1 X82.423 Y82.702 E.0154
G1 X72.779 Y73.059 E.35535
G1 X72.779 Y72.468 E.0154
G1 X83.014 Y82.702 E.37712
G1 X83.604 Y82.702 E.01537
G1 X72.779 Y71.877 E.39888
G1 X72.779 Y71.286 E.0154
G1 X84.195 Y82.702 E.42066
G1 X84.786 Y82.702 E.0154
G1 X72.779 Y70.695 E.44244
G1 X72.779 Y70.104 E.0154
G1 X85.377 Y82.702 E.46422
G1 X85.968 Y82.702 E.0154
M73 P21 R44
G1 X72.779 Y69.514 E.48597
G1 X72.78 Y68.923 E.0154
G1 X86.559 Y82.702 E.50773
G1 X87.15 Y82.702 E.0154
G1 X72.78 Y68.332 E.52951
M73 Q21 S44
G1 X72.78 Y67.741 E.0154
G1 X87.741 Y82.702 E.55129
G1 X88.331 Y82.702 E.01537
G1 X72.78 Y67.15 E.57305
G1 X72.78 Y66.559 E.0154
G1 X88.922 Y82.702 E.59482
G1 X89.513 Y82.702 E.0154
G1 X72.78 Y65.969 E.61658
G1 X72.78 Y65.378 E.0154
G1 X90.104 Y82.702 E.63836
G1 X90.695 Y82.702 E.0154
G1 X72.78 Y64.787 E.66014
G1 X72.78 Y64.196 E.0154
G1 X91.286 Y82.702 E.68192
G1 X91.877 Y82.702 E.0154
G1 X72.78 Y63.605 E.70369
G1 X72.73 Y63.473 E.00368
;WIDTH:0.411095
G1 X72.681 Y63.341 E.00333
;WIDTH:0.37219
G1 X72.692 Y63.382 E.0009
G1 X72.621 Y63.401 E.00156
G1 X72.64 Y63.33 E.00156
;WIDTH:0.449999
G1 X73.265 Y63.5 E.01688
G1 X92.468 Y82.702 E.70758
G1 X93.058 Y82.702 E.01537
G1 X73.856 Y63.5 E.70756
G1 X74.447 Y63.5 E.0154
G1 X93.649 Y82.702 E.70756
G1 X94.24 Y82.702 E.0154
G1 X75.038 Y63.5 E.70756
G1 X75.629 Y63.5 E.0154
G1 X94.831 Y82.702 E.70756
G1 X95.422 Y82.702 E.0154
G1 X76.219 Y63.5 E.70758
G1 X76.81 Y63.5 E.0154
G1 X96.013 Y82.702 E.70758
G1 X96.604 Y82.702 E.0154
G1 X77.401 Y63.499 E.7076
G1 X77.992 Y63.499 E.0154
G1 X97.194 Y82.702 E.70758
G1 X97.785 Y82.702 E.0154
G1 X78.583 Y63.499 E.70758
G1 X79.174 Y63.499 E.0154
G1 X98.376 Y82.702 E.70758
G1 X98.967 Y82.702 E.0154
G1 X79.764 Y63.499 E.7076
G1 X80.355 Y63.499 E.0154
G1 X99.558 Y82.702 E.7076
G1 X100.149 Y82.702 E.0154
G1 X80.946 Y63.499 E.7076
G1 X81.537 Y63.499 E.0154
G1 X100.74 Y82.702 E.7076
G1 X101.331 Y82.702 E.0154
G1 X82.128 Y63.499 E.7076
G1 X82.719 Y63.499 E.0154
G1 X101.921 Y82.702 E.70758
G1 X102.512 Y82.702 E.0154
G1 X83.309 Y63.499 E.7076
G1 X83.9 Y63.499 E.0154
G1 X103.103 Y82.702 E.7076
G1 X103.694 Y82.702 E.0154
G1 X84.491 Y63.499 E.7076
G1 X85.082 Y63.499 E.0154
G1 X104.285 Y82.702 E.7076
G1 X104.876 Y82.702 E.0154
G1 X85.673 Y63.499 E.7076
G1 X86.264 Y63.499 E.0154
G1 X105.467 Y82.702 E.7076
G1 X106.058 Y82.702 E.0154
G1 X86.854 Y63.499 E.70762
G1 X87.445 Y63.499 E.0154
M73 P21 R43
G1 X106.648 Y82.702 E.7076
G1 X107.239 Y82.702 E.0154
G1 X88.036 Y63.499 E.7076
G1 X88.627 Y63.499 E.0154
G1 X107.83 Y82.702 E.7076
G1 X108.421 Y82.702 E.0154
G1 X89.218 Y63.499 E.7076
G1 X89.809 Y63.499 E.0154
G1 X109.012 Y82.702 E.7076
G1 X109.603 Y82.702 E.0154
G1 X90.399 Y63.499 E.70762
G1 X90.99 Y63.499 E.0154
G1 X110.194 Y82.702 E.70762
G1 X110.785 Y82.702 E.0154
G1 X91.581 Y63.499 E.70762
G1 X92.172 Y63.499 E.0154
G1 X111.375 Y82.702 E.7076
G1 X111.966 Y82.702 E.0154
G1 X92.763 Y63.499 E.7076
G1 X93.354 Y63.499 E.0154
G1 X112.557 Y82.702 E.7076
G1 X113.148 Y82.702 E.0154
G1 X93.944 Y63.498 E.70764
G1 X94.535 Y63.498 E.0154
G1 X113.739 Y82.702 E.70764
G1 X114.33 Y82.702 E.0154
G1 X95.126 Y63.498 E.70764
G1 X95.717 Y63.498 E.0154
G1 X114.921 Y82.702 E.70764
G1 X115.511 Y82.702 E.01537
G1 X96.308 Y63.498 E.70762
G1 X96.899 Y63.498 E.0154
G1 X116.102 Y82.702 E.70762
G1 X116.693 Y82.702 E.0154
G1 X97.489 Y63.498 E.70764
G1 X98.08 Y63.498 E.0154
G1 X117.284 Y82.702 E.70764
G1 X117.875 Y82.702 E.0154
G1 X98.671 Y63.498 E.70764
G1 X99.262 Y63.498 E.0154
G1 X118.466 Y82.702 E.70764
G1 X119.057 Y82.702 E.0154
G1 X99.853 Y63.498 E.70764
G1 X100.444 Y63.498 E.0154
G1 X119.648 Y82.702 E.70764
G1 X120.238 Y82.702 E.01537
G1 X101.034 Y63.498 E.70764
G1 X101.625 Y63.498 E.0154
G1 X120.829 Y82.702 E.70764
;WIPE_START
G1 F8640
G1 X118.379 Y80.252 E-.8
;WIPE_END
G1 Z.9 F720
G1 X102.253 Y63.598 F10800
G1 Z.5 F720
G1 E.8 F2100
;WIDTH:0.374339
G1 F4800
G1 X102.758 Y64.094 E.0151
;WIDTH:0.37837
G1 X102.813 Y64.145 E.00162
G1 X102.665 Y63.652 E.01111
;WIDTH:0.357089
G1 X102.659 Y63.451 E.00407
G1 X102.104 Y63.452 E.01125
G1 X102.813 Y64.145 F10800
;WIDTH:0.37837
G1 F4800
G1 X102.957 Y64.301 E.00458
;WIDTH:0.411095
G1 X103.105 Y64.418 E.00446
;WIDTH:0.449999
G1 X103.252 Y64.534 E.00488
G1 X121.42 Y82.702 E.66946
G1 X122.011 Y82.702 E.0154
G1 X103.905 Y64.596 E.66718
G1 X104.496 Y64.596 E.0154
G1 X122.602 Y82.702 E.66718
G1 X123.193 Y82.702 E.0154
G1 X105.087 Y64.596 E.66718
G1 X105.678 Y64.596 E.0154
G1 X123.784 Y82.702 E.66718
G1 X124.375 Y82.702 E.0154
G1 X106.269 Y64.596 E.66718
G1 X106.86 Y64.597 E.0154
G1 X124.965 Y82.702 E.66714
G1 X125.556 Y82.702 E.0154
G1 X107.451 Y64.597 E.66714
G1 X108.042 Y64.597 E.0154
G1 X126.147 Y82.702 E.66714
G1 X126.738 Y82.702 E.0154
G1 X108.633 Y64.597 E.66714
G1 X109.225 Y64.598 E.01543
G1 X127.329 Y82.702 E.6671
G1 X127.92 Y82.702 E.0154
G1 X109.816 Y64.598 E.6671
G1 X110.32 Y64.512 E.01332
G1 X128.511 Y82.702 E.67029
G1 X129.102 Y82.702 E.0154
M73 Q21 S43
G1 X110.658 Y64.258 E.67963
G1 X110.845 Y63.854 E.0116
G1 X129.692 Y82.702 E.6945
G1 X130.283 Y82.702 E.0154
G1 X111.079 Y63.498 E.70764
G1 X110.949 Y63.426 E.00387
;WIDTH:0.411095
G1 X110.818 Y63.355 E.00352
;WIDTH:0.37219
G1 X110.829 Y63.396 E.0009
G1 X110.758 Y63.415 E.00156
G1 X110.777 Y63.344 E.00156
G1 X111.67 Y63.498 F10800
;WIDTH:0.449999
G1 F4800
G1 X130.874 Y82.702 E.70764
G1 X131.465 Y82.702 E.0154
G1 X112.261 Y63.498 E.70764
G1 X112.852 Y63.498 E.0154
M73 P22 R43
G1 X132.056 Y82.702 E.70764
G1 X132.647 Y82.702 E.0154
G1 X113.443 Y63.498 E.70764
G1 X114.034 Y63.498 E.0154
M73 Q22 S43
G1 X133.238 Y82.702 E.70764
G1 X133.829 Y82.702 E.0154
G1 X114.624 Y63.498 E.70765
G1 X115.215 Y63.498 E.0154
G1 X134.419 Y82.702 E.70764
G1 X135.01 Y82.702 E.0154
G1 X115.806 Y63.498 E.70764
G1 X116.397 Y63.498 E.0154
G1 X135.601 Y82.702 E.70764
G1 X136.192 Y82.702 E.0154
G1 X116.988 Y63.498 E.70764
G1 X117.579 Y63.498 E.0154
G1 X136.783 Y82.702 E.70764
G1 X137.374 Y82.702 E.0154
G1 X118.17 Y63.498 E.70764
G1 X118.76 Y63.498 E.01537
G1 X137.965 Y82.702 E.70765
G1 X138.555 Y82.702 E.01537
G1 X119.351 Y63.498 E.70764
G1 X119.942 Y63.498 E.0154
G1 X139.146 Y82.702 E.70764
G1 X139.737 Y82.702 E.0154
G1 X120.533 Y63.498 E.70764
G1 X121.124 Y63.498 E.0154
G1 X140.328 Y82.702 E.70764
G1 X140.919 Y82.702 E.0154
G1 X121.715 Y63.498 E.70764
G1 X122.306 Y63.498 E.0154
G1 X141.51 Y82.702 E.70764
G1 X142.101 Y82.702 E.0154
G1 X122.897 Y63.498 E.70764
G1 X123.487 Y63.498 E.01537
G1 X142.692 Y82.702 E.70765
G1 X143.282 Y82.702 E.01537
G1 X124.078 Y63.498 E.70764
G1 X124.669 Y63.498 E.0154
G1 X143.873 Y82.702 E.70764
G1 X144.464 Y82.702 E.0154
G1 X125.26 Y63.498 E.70764
G1 X125.851 Y63.498 E.0154
G1 X145.055 Y82.702 E.70764
G1 X145.646 Y82.702 E.0154
G1 X126.442 Y63.498 E.70764
G1 X127.033 Y63.498 E.0154
G1 X146.237 Y82.702 E.70764
G1 X146.828 Y82.702 E.0154
G1 X127.624 Y63.498 E.70764
G1 X128.214 Y63.498 E.01537
G1 X147.419 Y82.702 E.70765
G1 X148.009 Y82.702 E.01537
G1 X128.805 Y63.498 E.70764
G1 X129.396 Y63.498 E.0154
G1 X148.6 Y82.702 E.70764
G1 X149.191 Y82.702 E.0154
G1 X129.987 Y63.498 E.70764
G1 X130.578 Y63.498 E.0154
G1 X149.782 Y82.702 E.70764
G1 X150.373 Y82.702 E.0154
G1 X131.169 Y63.498 E.70764
G1 X131.76 Y63.498 E.0154
G1 X150.964 Y82.702 E.70764
G1 X151.555 Y82.702 E.0154
G1 X132.351 Y63.498 E.70764
G1 X132.941 Y63.498 E.01537
G1 X152.146 Y82.702 E.70765
G1 X152.736 Y82.702 E.01537
G1 X133.532 Y63.498 E.70764
G1 X134.123 Y63.498 E.0154
G1 X153.327 Y82.702 E.70764
G1 X153.918 Y82.702 E.0154
G1 X134.714 Y63.498 E.70764
G1 X135.305 Y63.498 E.0154
G1 X154.509 Y82.702 E.70764
G1 X155.1 Y82.702 E.0154
G1 X135.896 Y63.498 E.70764
G1 X136.487 Y63.498 E.0154
G1 X155.691 Y82.702 E.70764
G1 X156.282 Y82.702 E.0154
G1 X137.077 Y63.498 E.70765
G1 X137.668 Y63.498 E.0154
G1 X156.872 Y82.702 E.70764
G1 X157.463 Y82.702 E.0154
G1 X138.259 Y63.498 E.70764
G1 X138.194 Y63.394 E.0032
;WIDTH:0.411095
G1 X138.129 Y63.29 E.0029
;WIDTH:0.37219
G1 X138.14 Y63.331 E.0009
G1 X138.069 Y63.35 E.00156
G1 X138.088 Y63.279 E.00156
G1 X139.021 Y63.569 F10800
;WIDTH:0.591734
G1 F4800
G1 X139.078 Y63.669 E.00402
;WIDTH:0.547825
G1 X139.134 Y63.769 E.00369
;WIDTH:0.503917
G1 X139.191 Y63.868 E.00336
;WIDTH:0.460008
G1 X139.247 Y63.968 E.00306
;WIDTH:0.416099
G1 X139.303 Y64.068 E.00274
;WIDTH:0.37219
G1 X139.645 Y64.403 E.01015
;WIDTH:0.411095
G1 X139.792 Y64.495 E.0041
;WIDTH:0.449999
G1 X139.94 Y64.588 E.00455
G1 X158.054 Y82.702 E.66747
G1 X158.645 Y82.702 E.0154
G1 X140.532 Y64.589 E.66743
G1 X141.124 Y64.59 E.01543
G1 X159.236 Y82.702 E.6674
G1 X159.827 Y82.702 E.0154
G1 X141.715 Y64.591 E.66738
G1 X142.307 Y64.592 E.01543
G1 X160.418 Y82.702 E.66734
G1 X161.009 Y82.702 E.0154
G1 X142.899 Y64.592 E.66732
G1 X143.491 Y64.593 E.01543
G1 X161.599 Y82.702 E.66727
G1 X162.19 Y82.702 E.0154
G1 X144.083 Y64.594 E.66723
G1 X144.674 Y64.595 E.0154
G1 X162.781 Y82.702 E.66721
G1 X163.372 Y82.702 E.0154
G1 X145.266 Y64.596 E.66718
G1 X145.858 Y64.597 E.01543
G1 X163.963 Y82.702 E.66714
G1 X164.554 Y82.702 E.0154
G1 X146.446 Y64.594 E.66725
G1 X146.901 Y64.458 E.01237
G1 X165.145 Y82.702 E.67226
G1 X165.736 Y82.702 E.0154
G1 X147.209 Y64.175 E.68269
G1 X147.359 Y63.735 E.01211
G1 X166.326 Y82.702 E.6989
G1 X166.917 Y82.702 E.0154
G1 X147.713 Y63.498 E.70764
G1 X148.304 Y63.498 E.0154
G1 X167.508 Y82.702 E.70764
G1 X168.099 Y82.702 E.0154
G1 X148.895 Y63.498 E.70764
G1 X149.486 Y63.498 E.0154
G1 X168.69 Y82.702 E.70764
G1 X169.281 Y82.702 E.0154
G1 X150.077 Y63.498 E.70764
G1 X150.668 Y63.498 E.0154
G1 X169.872 Y82.702 E.70764
G1 X170.463 Y82.702 E.0154
G1 X151.259 Y63.498 E.70764
G1 X151.85 Y63.498 E.0154
G1 X171.053 Y82.702 E.70762
G1 X171.644 Y82.702 E.0154
G1 X152.44 Y63.498 E.70764
G1 X153.031 Y63.498 E.0154
G1 X172.235 Y82.702 E.70764
G1 X172.826 Y82.702 E.0154
G1 X153.622 Y63.498 E.70764
G1 X154.213 Y63.498 E.0154
G1 X173.417 Y82.702 E.70764
G1 X174.008 Y82.702 E.0154
G1 X154.804 Y63.498 E.70764
;WIPE_START
G1 F8640
G1 X157.254 Y65.948 E-.8
;WIPE_END
G1 Z.9 F720
G1 X174.303 Y82.862 F10800
G1 Z.5 F720
G1 E.8 F2100
;WIDTH:0.37219
G1 F4800
G1 X174.641 Y83.119 E.009
;WIPE_START
G1 F8640
G1 X174.303 Y82.862 E-.09804
;WIPE_END
G1 E-.70196 F2100
G1 Z.9 F720
G1 X146.74 Y145.413 F10800
G1 Z.5 F720
G1 E.8 F2100
;WIDTH:0.449999
G1 F4800
G1 X147.179 Y145.298 E.01182
G1 X174.151 Y145.298 E.70277
G1 X174.552 Y145.145 E.01118
G1 X174.917 Y144.747 E.01407
G1 X175.018 Y144.313 E.01161
G1 X175.018 Y83.712 E1.579
G1 X177.074 Y85.768 E.07576
M73 P23 R43
G1 X177.221 Y85.768 E.00383
G1 X177.222 Y100.852 E.39302
G1 X177.061 Y100.858 E.0042
G1 X176.599 Y101 E.01259
G1 X176.261 Y101.349 E.01266
G1 X176.122 Y101.843 E.01337
G1 X176.122 Y108.285 E.16785
G1 X176.318 Y108.743 E.01298
G1 X176.689 Y109.048 E.01251
M73 Q23 S43
G1 X177.222 Y109.148 E.01413
G1 X177.22 Y146.5 E.97323
G1 X147.375 Y146.502 E.77763
G1 X147.35 Y146.138 E.00951
G1 X147.072 Y145.672 E.01414
G1 X146.905 Y145.542 E.00551
G1 X147.581 Y145.703 E.01811
;WIDTH:0.425327
G1 X174.188 Y145.703 E.65233
;WIDTH:0.449999
G1 X174.71 Y145.532 E.01431
G1 X174.947 Y145.362 E.0076
G1 X175.204 Y145.064 E.01025
G1 X175.341 Y144.796 E.00784
G1 X175.436 Y144.313 E.01283
G1 X175.436 Y108.904 E.92261
G1 X175.417 Y108.534 E.00965
;WIDTH:0.412674
G1 X175.398 Y108.163 E.00881
;WIDTH:0.375349
G1 X175.398 Y101.843 E.13525
;WIDTH:0.412674
G1 X175.417 Y101.505 E.00803
;WIDTH:0.449999
G1 X175.436 Y101.167 E.00882
G1 X175.436 Y84.721 E.42851
G1 X176.804 Y86.089 E.05041
G1 X176.804 Y100.492 E.37528
G1 X176.444 Y100.602 E.00981
G1 X176.038 Y100.947 E.01388
G1 X175.86 Y101.23 E.00871
G1 X175.801 Y101.536 E.00812
;WIDTH:0.412674
G1 X175.742 Y101.843 E.00742
;WIDTH:0.375349
G1 X175.742 Y108.309 E.13837
;WIDTH:0.412674
G1 X175.809 Y108.564 E.00626
;WIDTH:0.449999
G1 X175.876 Y108.82 E.00689
G1 X176.036 Y109.051 E.00732
G1 X176.444 Y109.398 E.01396
G1 X176.804 Y109.508 E.00981
G1 X176.802 Y146.082 E.95296
G1 X174.033 Y146.095 E.07215
;WIDTH:0.425327
G1 X147.752 Y146.097 E.64433
G1 X147.726 Y145.961 E.00339
G1 X147.683 Y145.885 E.00214
;WIPE_START
G1 F8640
G1 X147.726 Y145.961 E-.02016
G1 X147.752 Y146.097 E-.03197
G1 X150.991 Y146.097 E-.74787
;WIPE_END
G1 Z.9 F720
G1 X175.882 Y109.725 F10800
G1 Z.5 F720
G1 E.8 F2100
;WIDTH:0.507512
G1 F4800
G1 X175.882 Y144.313 E1.02527
;WIDTH:0.506678
G1 X175.853 Y144.556 E.00724
;WIDTH:0.504585
G1 X175.76 Y144.837 E.00872
;WIDTH:0.477292
G1 X175.666 Y145.117 E.0082
;WIDTH:0.449999
G1 X175.263 Y145.635 E.0171
G1 X175.221 Y145.665 E.00134
G1 X176.385 Y145.665 E.03033
G1 X176.385 Y144.963 E.01829
;WIDTH:0.478339
G1 X176.371 Y144.638 E.00905
;WIDTH:0.506678
G1 X176.356 Y144.313 E.00963
;WIDTH:0.507517
G1 X176.358 Y109.84 E1.02187
G1 X176.016 Y109.638 E.01177
G1 X175.882 Y109.516 E.00537
;WIPE_START
G1 F8640
G1 X176.016 Y109.638 E-.04184
G1 X176.358 Y109.84 E-.09171
G1 X176.358 Y112.726 E-.66645
;WIPE_END
G1 Z.9 F720
G1 X175.882 Y86.008 F10800
G1 Z.5 F720
G1 E.8 F2100
;WIDTH:0.507184
G1 F4800
G1 X175.882 Y86.372 E.01078
;WIDTH:0.507517
G1 X175.882 Y100.484 E.41832
G1 X176.232 Y100.209 E.01319
M73 P23 R42
G1 X176.358 Y100.16 E.00401
G1 X176.357 Y86.372 E.40871
;WIDTH:0.507184
G1 X176.357 Y86.274 E.0029
G1 X175.882 Y85.799 E.0199
;WIPE_START
G1 F8640
G1 X176.357 Y86.274 E-.15511
G1 X176.357 Y86.372 E-.02263
G1 X176.357 Y89.067 E-.62226
;WIPE_END
G1 Z.9 F720
G1 X177.221 Y85.325 F10800
G1 Z.5 F720
G1 E.8 F2100
;WIDTH:0.449999
G1 F4800
G1 X155.395 Y63.498 E.80427
G1 X155.986 Y63.498 E.0154
G1 X177.221 Y84.734 E.78249
G1 X177.221 Y84.143 E.0154
G1 X156.577 Y63.499 E.7607
G1 X157.168 Y63.499 E.0154
G1 X177.221 Y83.552 E.73892
G1 X177.221 Y82.961 E.0154
G1 X157.759 Y63.499 E.71714
G1 X158.35 Y63.499 E.0154
G1 X177.221 Y82.37 E.69537
G1 X177.221 Y81.779 E.0154
G1 X158.94 Y63.499 E.67361
G1 X159.531 Y63.499 E.0154
G1 X177.221 Y81.188 E.65183
G1 X177.221 Y80.598 E.01537
G1 X160.122 Y63.499 E.63007
G1 X160.713 Y63.499 E.0154
G1 X177.221 Y80.007 E.60829
G1 X177.221 Y79.416 E.0154
G1 X161.304 Y63.499 E.58652
G1 X161.895 Y63.499 E.0154
G1 X177.221 Y78.825 E.56474
G1 X177.221 Y78.234 E.0154
G1 X162.486 Y63.499 E.54296
G1 X163.077 Y63.499 E.0154
G1 X177.221 Y77.643 E.52118
G1 X177.221 Y77.052 E.0154
G1 X163.668 Y63.499 E.49941
G1 X164.259 Y63.499 E.0154
G1 X177.221 Y76.461 E.47763
G1 X177.221 Y75.87 E.0154
G1 X164.849 Y63.499 E.45587
G1 X165.44 Y63.499 E.0154
G1 X177.221 Y75.279 E.43409
G1 X177.221 Y74.689 E.01537
G1 X166.031 Y63.499 E.41233
G1 X166.622 Y63.499 E.0154
G1 X177.221 Y74.098 E.39056
G1 X177.221 Y73.507 E.0154
G1 X167.213 Y63.499 E.36878
G1 X167.804 Y63.499 E.0154
G1 X177.221 Y72.916 E.347
G1 X177.221 Y72.325 E.0154
G1 X168.395 Y63.499 E.32522
G1 X168.986 Y63.499 E.0154
G1 X177.221 Y71.734 E.30345
G1 X177.221 Y71.143 E.0154
G1 X169.577 Y63.499 E.28167
G1 X170.168 Y63.499 E.0154
G1 X177.221 Y70.552 E.25989
G1 X177.221 Y69.961 E.0154
G1 X170.759 Y63.499 E.23811
G1 X171.349 Y63.499 E.01537
G1 X177.221 Y69.37 E.21636
G1 X177.22 Y68.78 E.01537
G1 X171.94 Y63.499 E.19458
G1 X172.531 Y63.499 E.0154
G1 X177.22 Y68.189 E.1728
G1 X177.22 Y67.598 E.0154
G1 X173.122 Y63.5 E.151
G1 X173.713 Y63.5 E.0154
G1 X177.22 Y67.007 E.12923
G1 X177.22 Y66.416 E.0154
G1 X174.304 Y63.5 E.10745
G1 X174.895 Y63.5 E.0154
G1 X177.22 Y65.825 E.08567
G1 X177.22 Y65.234 E.0154
G1 X175.486 Y63.5 E.0639
G1 X175.421 Y63.395 E.00322
;WIDTH:0.411095
G1 X175.355 Y63.291 E.00291
;WIDTH:0.37219
G1 X175.366 Y63.332 E.0009
G1 X175.295 Y63.351 E.00156
G1 X175.314 Y63.28 E.00156
G1 X176.229 Y63.563 F10800
;WIDTH:0.576003
G1 F4800
G1 X177.157 Y63.563 E.03147
G1 X177.157 Y64.491 E.03147
G1 X176.377 Y63.71 E.03743
;WIPE_START
G1 F8640
G1 X177.157 Y64.491 E-.25487
G1 X177.157 Y63.563 E-.21428
G1 X176.229 Y63.563 E-.21428
;WIPE_END
G1 E-.11657 F2100
G1 Z.9 F720
G1 X78.663 Y146.302 F10800
G1 Z.5 F720
G1 E.8 F2100
;WIDTH:0.449999
G1 F4800
G1 X77.567 Y145.206 E.04039
;WIPE_START
G1 F8640
G1 X78.663 Y146.302 E-.35789
;WIPE_END
G1 E-.44211 F2100
G1 Z.9 F720
G1 X78.566 Y146.623 F10800
G1 Z.5 F720
G1 E.8 F2100
;WIDTH:0.37219
G1 F4800
G1 X78.673 Y146.653 E.00236
;WIDTH:0.411095
G1 X78.839 Y146.577 E.00431
;WIDTH:0.449999
G1 X79.005 Y146.501 E.00476
G1 X79.073 Y146.018 E.01271
G1 X79.228 Y145.806 E.00684
G1 X79.169 Y145.626 E.00494
G1 X78.841 Y145.298 E.01209
G1 X102.291 Y145.298 E.61101
G1 X103.145 Y145.332 E.02227
G1 X103.268 Y145.391 E.00355
G1 X102.99 Y145.613 E.00927
G1 X102.685 Y146.036 E.01359
G1 X102.625 Y146.502 E.01224
G1 X79.214 Y146.501 E.60999
G1 X79.513 Y146.096 E.01312
;WIDTH:0.424646
G1 X79.628 Y145.869 E.00623
G1 X79.574 Y145.703 E.00427
G1 X79.822 Y145.703 E.00607
;WIDTH:0.425326
G1 X102.419 Y145.703 E.55401
G1 X102.348 Y145.81 E.00315
G1 X102.248 Y146.097 E.00745
G1 X79.722 Y146.096 E.55227
;WIPE_START
G1 F8640
G1 X83.187 Y146.096 E-.8
;WIPE_END
G1 Z.9 F720
G1 X78.726 Y145.774 F10800
G1 Z.5 F720
G1 E.8 F2100
;WIDTH:0.449999
G1 F4800
G1 X78.25 Y145.298 E.01754
M106 S255
;LAYER_CHANGE
;Z:0.65
;HEIGHT:0.15
;BEFORE_LAYER_CHANGE
G92 E0.0
;0.65


;WIPE_START
G1 F8640
G1 X78.726 Y145.774 E-.15544
;WIPE_END
G1 E-.64456 F2100
G1 Z.65 F720
;AFTER_LAYER_CHANGE
;0.65
G1 Z1.05
G1 X174.467 Y144.745 F10800
G1 Z.65 F720
M73 Q23 S42
G1 E.8 F2100
M204 S800
;TYPE:Perimeter
G1 F2700
G1 X174.392 Y144.832 E.00299
G1 X174.036 Y144.943 E.00972
G1 X147.16 Y144.943 E.70027
;WIDTH:0.499571
G1 X146.972 Y144.968 E.00553
;WIDTH:0.549142
G1 X146.783 Y144.992 E.00614
;WIDTH:0.598713
G1 X146.595 Y145.017 E.0067
;WIDTH:0.648284
G1 X146.406 Y145.042 E.00732
G1 X140.074 Y145.042 E.24328
G1 X139.885 Y145.017 E.00732
;WIDTH:0.598713
G1 X139.697 Y144.992 E.0067
;WIDTH:0.549142
G1 X139.508 Y144.968 E.00614
;WIDTH:0.499571
G1 X139.32 Y144.943 E.00553
;WIDTH:0.449999
G1 X110.68 Y144.943 E.74624
;WIDTH:0.499571
G1 X110.492 Y144.968 E.00553
;WIDTH:0.549142
G1 X110.303 Y144.992 E.00614
;WIDTH:0.598713
G1 X110.115 Y145.017 E.0067
;WIDTH:0.648284
G1 X109.926 Y145.042 E.00732
G1 X103.594 Y145.042 E.24328
G1 X103.405 Y145.017 E.00732
;WIDTH:0.598713
G1 X103.217 Y144.992 E.0067
;WIDTH:0.549142
G1 X103.028 Y144.968 E.00614
;WIDTH:0.499571
G1 X102.84 Y144.943 E.00553
;WIDTH:0.449999
G1 X77.964 Y144.943 E.64816
G1 X77.676 Y144.873 E.00772
G1 X77.471 Y144.703 E.00694
G1 X77.367 Y144.507 E.00578
G1 X77.337 Y144.316 E.00504
G1 X77.337 Y83.684 E1.57981
G1 X77.411 Y83.389 E.00792
G1 X77.588 Y83.183 E.00708
G1 X77.894 Y83.057 E.00862
G1 X174.036 Y83.057 E2.50505
G1 X174.331 Y83.131 E.00792
G1 X174.49 Y83.252 E.00521
G1 X174.615 Y83.443 E.00595
G1 X174.663 Y83.684 E.0064
G1 X174.663 Y144.316 E1.57981
G1 X174.598 Y144.593 E.00741
G1 X174.506 Y144.7 E.00368
M204 S1000
G1 X174.169 Y144.449 F10800
M204 S800
;TYPE:External perimeter
G1 F1500
G1 X174.068 Y144.525 E.00329
G1 X77.964 Y144.525 E2.50406
G1 X77.8 Y144.445 E.00475
M73 P24 R42
M73 Q24 S42
G1 X77.755 Y144.316 E.00356
G1 X77.755 Y83.684 E1.57981
G1 X77.807 Y83.547 E.00382
G1 X77.964 Y83.475 E.0045
G1 X174.036 Y83.475 E2.50323
G1 X174.187 Y83.54 E.00428
G1 X174.245 Y83.684 E.00404
G1 X174.245 Y144.316 E1.57981
G1 X174.223 Y144.408 E.00246
G1 X174.217 Y144.413 E.0002
M204 S1000
;WIPE_START
G1 F8640
G1 X174.169 Y144.449 E-.01385
G1 X174.068 Y144.525 E-.02919
G1 X170.79 Y144.525 E-.75696
;WIPE_END
G1 Z1.05 F720
G1 X146.842 Y145.952 F10800
G1 Z.65 F720
G1 E.8 F2100
M204 S800
;TYPE:Perimeter
G1 F2700
G1 X146.81 Y145.904 E.0015
;WIDTH:0.499571
G1 X146.709 Y145.843 E.00344
;WIDTH:0.549142
G1 X146.608 Y145.781 E.00382
;WIDTH:0.598713
G1 X146.507 Y145.72 E.00417
;WIDTH:0.648284
G1 X146.406 Y145.658 E.00455
G1 X140.074 Y145.658 E.24328
G1 X139.973 Y145.72 E.00455
;WIDTH:0.598713
G1 X139.872 Y145.781 E.00417
;WIDTH:0.549142
G1 X139.771 Y145.843 E.00382
;WIDTH:0.499571
G1 X139.67 Y145.904 E.00344
;WIDTH:0.449999
G1 X139.477 Y146.192 E.00903
G1 X139.447 Y146.857 E.01734
G1 X110.553 Y146.857 E.75285
G1 X110.523 Y146.192 E.01734
G1 X110.33 Y145.904 E.00903
;WIDTH:0.499571
G1 X110.229 Y145.843 E.00344
;WIDTH:0.549142
G1 X110.128 Y145.781 E.00382
;WIDTH:0.598713
G1 X110.027 Y145.72 E.00417
;WIDTH:0.648284
G1 X109.926 Y145.658 E.00455
G1 X103.594 Y145.658 E.24328
G1 X103.493 Y145.72 E.00455
;WIDTH:0.598713
G1 X103.392 Y145.781 E.00417
;WIDTH:0.549142
G1 X103.291 Y145.843 E.00382
;WIDTH:0.499571
G1 X103.19 Y145.904 E.00344
;WIDTH:0.449999
G1 X102.997 Y146.192 E.00903
G1 X102.967 Y146.857 E.01734
G1 X72.546 Y146.857 E.79264
G1 X72.423 Y146.734 E.00453
G1 X72.423 Y108.793 E.98858
G1 X72.896 Y108.793 E.01232
G1 X73.162 Y108.734 E.0071
G1 X73.299 Y108.646 E.00424
G1 X73.493 Y108.356 E.00909
G1 X73.523 Y108.166 E.00501
G1 X73.523 Y101.834 E.16498
G1 X73.493 Y101.644 E.00501
G1 X73.413 Y101.479 E.00478
G1 X73.162 Y101.266 E.00858
G1 X72.896 Y101.207 E.0071
G1 X72.423 Y101.207 E.01232
G1 X72.423 Y63.266 E.98858
G1 X72.546 Y63.143 E.00453
G1 X102.967 Y63.143 E.79264
G1 X102.967 Y63.616 E.01232
G1 X103.065 Y63.952 E.00912
G1 X103.178 Y64.085 E.00455
G1 X103.316 Y64.178 E.00434
G1 X103.594 Y64.243 E.00744
G1 X109.969 Y64.243 E.16611
G1 X110.261 Y64.146 E.00802
G1 X110.455 Y63.952 E.00715
G1 X110.553 Y63.616 E.00912
G1 X110.553 Y63.143 E.01232
G1 X139.447 Y63.143 E.75285
G1 X139.447 Y63.616 E.01232
G1 X139.545 Y63.952 E.00912
G1 X139.658 Y64.085 E.00455
G1 X139.796 Y64.178 E.00434
G1 X140.074 Y64.243 E.00744
G1 X146.449 Y64.243 E.16611
G1 X146.741 Y64.146 E.00802
G1 X146.935 Y63.952 E.00715
G1 X147.033 Y63.616 E.00912
G1 X147.033 Y63.143 E.01232
G1 X177.454 Y63.143 E.79264
G1 X177.577 Y63.266 E.00453
G1 X177.577 Y101.207 E.98858
G1 X177.104 Y101.207 E.01232
G1 X176.808 Y101.281 E.00795
G1 X176.58 Y101.489 E.00804
G1 X176.477 Y101.834 E.00938
G1 X176.477 Y108.166 E.16498
G1 X176.58 Y108.511 E.00938
G1 X176.808 Y108.719 E.00804
G1 X177.104 Y108.793 E.00795
G1 X177.577 Y108.793 E.01232
G1 X177.577 Y146.734 E.98858
G1 X177.454 Y146.857 E.00453
G1 X147.033 Y146.857 E.79264
G1 X147.003 Y146.192 E.01734
G1 X146.875 Y146.002 E.00597
M204 S1000
G1 X146.551 Y146.246 F10800
M204 S800
;TYPE:External perimeter
G1 F1500
G1 X146.541 Y146.224 E.00063
G1 X146.406 Y146.175 E.00374
G1 X140.074 Y146.175 E.16498
G1 X139.939 Y146.224 E.00374
G1 X139.865 Y146.384 E.00459
G1 X139.865 Y147.275 E.02322
G1 X110.135 Y147.275 E.77464
G1 X110.135 Y146.384 E.02322
G1 X110.061 Y146.224 E.00459
G1 X109.926 Y146.175 E.00374
G1 X103.594 Y146.175 E.16498
G1 X103.459 Y146.224 E.00374
G1 X103.385 Y146.384 E.00459
G1 X103.385 Y147.275 E.02322
G1 X72.373 Y147.275 E.80804
G1 X72.005 Y146.907 E.01356
G1 X72.005 Y108.375 E1.00398
G1 X72.896 Y108.375 E.02322
G1 X73.03 Y108.326 E.00372
G1 X73.105 Y108.166 E.0046
G1 X73.105 Y101.834 E.16498
G1 X73.03 Y101.674 E.0046
G1 X72.896 Y101.625 E.00372
G1 X72.005 Y101.625 E.02322
G1 X72.005 Y63.093 E1.00398
G1 X72.373 Y62.725 E.01356
G1 X103.385 Y62.725 E.80804
G1 X103.385 Y63.616 E.02322
G1 X103.455 Y63.772 E.00446
G1 X103.594 Y63.825 E.00388
G1 X109.926 Y63.825 E.16498
G1 X110.065 Y63.772 E.00388
G1 X110.135 Y63.616 E.00446
G1 X110.135 Y62.725 E.02322
G1 X139.865 Y62.725 E.77464
G1 X139.865 Y63.616 E.02322
G1 X139.935 Y63.772 E.00446
G1 X140.074 Y63.825 E.00388
G1 X146.406 Y63.825 E.16498
G1 X146.545 Y63.772 E.00388
G1 X146.615 Y63.616 E.00446
G1 X146.615 Y62.725 E.02322
G1 X177.627 Y62.725 E.80804
G1 X177.995 Y63.093 E.01356
G1 X177.995 Y101.625 E1.00398
G1 X177.005 Y101.65 E.0258
G1 X176.929 Y101.719 E.00267
G1 X176.895 Y101.834 E.00312
G1 X176.895 Y108.198 E.16582
G1 X177.005 Y108.35 E.00489
G1 X177.104 Y108.375 E.00266
G1 X177.995 Y108.375 E.02322
G1 X177.995 Y146.907 E1.00398
G1 X177.627 Y147.275 E.01356
M73 P25 R41
M73 Q25 S42
G1 X146.615 Y147.275 E.80804
G1 X146.615 Y146.384 E.02322
G1 X146.576 Y146.3 E.00241
M204 S1000
;WIPE_START
G1 F8640
G1 X146.551 Y146.246 E-.01374
G1 X146.541 Y146.224 E-.00558
G1 X146.406 Y146.175 E-.03316
G1 X143.169 Y146.175 E-.74752
;WIPE_END
G1 Z1.05 F720
G1 X138.562 Y145.298 F10800
G1 Z.65 F720
G1 E.8 F2100
;TYPE:Solid infill
G1 F4800
G1 X110.699 Y145.298 E.72599
G1 X110.26 Y145.413 E.01182
G1 X110.592 Y145.672 E.01097
G1 X110.87 Y146.138 E.01414
G1 X110.895 Y146.502 E.00951
G1 X139.105 Y146.502 E.73503
G1 X139.165 Y146.036 E.01224
G1 X139.47 Y145.613 E.01359
G1 X139.662 Y145.482 E.00606
G1 X139.746 Y145.383 E.00338
G1 X139.581 Y145.322 E.00458
G1 X138.771 Y145.298 E.02111
;WIPE_START
G1 F8640
G1 X139.581 Y145.322 E-.18711
G1 X139.746 Y145.383 E-.04062
G1 X139.662 Y145.482 E-.02998
G1 X139.47 Y145.613 E-.05367
G1 X139.165 Y146.036 E-.12041
G1 X139.105 Y146.502 E-.10849
G1 X137.98 Y146.502 E-.25972
;WIPE_END
G1 Z1.05 F720
G1 X111.203 Y145.885 F10800
G1 Z.65 F720
G1 E.8 F2100
;WIDTH:0.425348
G1 F4800
G1 X111.246 Y145.961 E.00214
G1 X111.272 Y146.097 E.00339
G1 X138.728 Y146.097 E.67318
G1 X138.828 Y145.81 E.00745
G1 X138.899 Y145.703 E.00315
G1 X111.101 Y145.703 E.68156
;WIPE_START
G1 F8640
G1 X114.566 Y145.703 E-.8
;WIPE_END
G1 Z1.05 F720
G1 X111.361 Y63.498 F10800
G1 Z.65 F720
G1 E.8 F2100
;WIDTH:0.449999
G1 F4800
G1 X110.779 Y64.08 E.02145
G1 X110.642 Y64.163 E.00417
;WIDTH:0.411095
G1 X110.505 Y64.246 E.00379
;WIDTH:0.37219
G1 X110.658 Y64.375 E.00424
;WIPE_START
G1 F8640
G1 X110.505 Y64.246 E-.04621
G1 X110.642 Y64.163 E-.03699
G1 X110.779 Y64.08 E-.03699
G1 X111.361 Y63.498 E-.19005
;WIPE_END
G1 E-.48976 F2100
G1 Z1.05 F720
G1 X147.431 Y63.541 F10800
G1 Z.65 F720
G1 E.8 F2100
;WIDTH:0.459664
G1 F4800
G1 X147.379 Y63.554 E.00143
G1 X147.341 Y63.517 E.00141
G1 X147.355 Y63.465 E.00144
G1 X147.407 Y63.451 E.00144
G1 X147.444 Y63.489 E.00141
;WIPE_START
G1 F8640
G1 X147.407 Y63.451 E-.01225
G1 X147.355 Y63.465 E-.01243
G1 X147.341 Y63.517 E-.01243
G1 X147.379 Y63.554 E-.01225
G1 X147.431 Y63.541 E-.01238
;WIPE_END
G1 E-.73826 F2100
G1 Z1.05 F720
G1 X72.893 Y63.534 F10800
G1 Z.65 F720
G1 E.8 F2100
;WIDTH:0.551384
G1 F4800
G1 X72.847 Y63.488 E.00211
G1 X72.785 Y63.505 E.00208
G1 X72.768 Y63.567 E.00208
G1 X72.814 Y63.613 E.00211
G1 X72.876 Y63.596 E.00208
;WIDTH:0.449999
G1 X72.78 Y64.264 E.01758
G1 X73.544 Y63.5 E.02815
G1 X74.135 Y63.5 E.0154
G1 X72.78 Y64.855 E.04993
G1 X72.78 Y65.446 E.0154
G1 X74.726 Y63.5 E.07171
G1 X75.316 Y63.5 E.01537
G1 X72.78 Y66.036 E.09345
G1 X72.78 Y66.627 E.0154
G1 X75.907 Y63.5 E.11522
G1 X76.498 Y63.5 E.0154
G1 X72.78 Y67.218 E.137
G1 X72.78 Y67.809 E.0154
G1 X77.089 Y63.5 E.15878
G1 X77.68 Y63.499 E.0154
G1 X72.78 Y68.4 E.18058
G1 X72.78 Y68.991 E.0154
G1 X78.271 Y63.499 E.20235
G1 X78.862 Y63.499 E.0154
G1 X72.779 Y69.582 E.22415
G1 X72.779 Y70.173 E.0154
G1 X79.453 Y63.499 E.24593
G1 X80.044 Y63.499 E.0154
G1 X72.779 Y70.764 E.2677
G1 X72.779 Y71.355 E.0154
G1 X80.635 Y63.499 E.28948
G1 X81.226 Y63.499 E.0154
G1 X72.779 Y71.945 E.31124
G1 X72.779 Y72.536 E.0154
G1 X81.816 Y63.499 E.333
G1 X82.407 Y63.499 E.0154
G1 X72.779 Y73.127 E.35478
G1 X72.779 Y73.718 E.0154
G1 X82.998 Y63.499 E.37655
G1 X83.589 Y63.499 E.0154
G1 X72.779 Y74.309 E.39833
G1 X72.779 Y74.9 E.0154
G1 X84.18 Y63.499 E.42011
G1 X84.771 Y63.499 E.0154
G1 X72.779 Y75.491 E.44189
G1 X72.779 Y76.082 E.0154
G1 X85.362 Y63.499 E.46366
G1 X85.953 Y63.499 E.0154
G1 X72.779 Y76.673 E.48544
G1 X72.779 Y77.264 E.0154
G1 X86.544 Y63.499 E.50722
G1 X87.135 Y63.499 E.0154
G1 X72.779 Y77.854 E.52898
G1 X72.779 Y78.445 E.0154
G1 X87.726 Y63.499 E.55075
G1 X88.316 Y63.499 E.01537
G1 X72.779 Y79.036 E.57251
G1 X72.779 Y79.627 E.0154
G1 X88.907 Y63.499 E.59429
G1 X89.498 Y63.499 E.0154
G1 X72.779 Y80.218 E.61607
G1 X72.779 Y80.809 E.0154
G1 X90.089 Y63.499 E.63784
G1 X90.68 Y63.499 E.0154
G1 X72.779 Y81.4 E.65962
G1 X72.779 Y81.991 E.0154
M73 Q25 S41
G1 X91.271 Y63.499 E.6814
G1 X91.862 Y63.499 E.0154
G1 X72.779 Y82.582 E.70318
G1 X72.779 Y83.173 E.0154
G1 X92.453 Y63.499 E.72495
G1 X93.044 Y63.499 E.0154
G1 X72.779 Y83.763 E.74671
G1 X72.779 Y84.354 E.0154
G1 X93.635 Y63.498 E.76851
G1 X94.226 Y63.498 E.0154
G1 X72.779 Y84.945 E.79029
G1 X72.779 Y85.536 E.0154
G1 X94.816 Y63.498 E.81205
G1 X95.407 Y63.498 E.0154
G1 X72.779 Y86.127 E.83382
G1 X72.779 Y86.718 E.0154
G1 X95.998 Y63.498 E.8556
G1 X96.589 Y63.498 E.0154
G1 X72.779 Y87.309 E.87738
G1 X72.732 Y87.472 E.00442
;WIDTH:0.411095
G1 X72.686 Y87.634 E.00398
;WIDTH:0.37219
G1 X72.645 Y87.645 E.0009
G1 X72.626 Y87.574 E.00156
G1 X72.697 Y87.593 E.00156
;WIPE_START
G1 F8640
G1 X72.626 Y87.574 E-.01697
G1 X72.645 Y87.645 E-.01697
G1 X72.686 Y87.634 E-.0098
G1 X72.732 Y87.472 E-.03889
G1 X72.779 Y87.309 E-.03917
G1 X74.856 Y85.232 E-.6782
;WIPE_END
G1 Z1.05 F720
G1 X77.976 Y82.702 F10800
G1 Z.65 F720
G1 E.8 F2100
;WIDTH:0.449999
G1 F4800
G1 X97.18 Y63.498 E.70764
G1 X97.771 Y63.498 E.0154
G1 X78.567 Y82.702 E.70764
G1 X79.158 Y82.702 E.0154
G1 X98.362 Y63.498 E.70764
G1 X98.953 Y63.498 E.0154
G1 X79.749 Y82.702 E.70764
G1 X80.34 Y82.702 E.0154
G1 X99.544 Y63.498 E.70764
G1 X100.135 Y63.498 E.0154
G1 X80.931 Y82.702 E.70764
G1 X81.521 Y82.702 E.01537
G1 X100.726 Y63.498 E.70765
G1 X101.316 Y63.498 E.01537
G1 X82.112 Y82.702 E.70764
G1 X82.703 Y82.702 E.0154
G1 X101.907 Y63.498 E.70764
G1 X102.498 Y63.498 E.0154
G1 X83.294 Y82.702 E.70764
G1 X83.885 Y82.702 E.0154
G1 X102.688 Y63.899 E.69286
G1 X102.888 Y64.289 E.01142
G1 X84.476 Y82.702 E.67847
G1 X85.067 Y82.702 E.0154
G1 X103.238 Y64.531 E.66957
G1 X103.764 Y64.595 E.01381
G1 X85.658 Y82.702 E.66719
G1 X86.248 Y82.702 E.01537
G1 X104.355 Y64.596 E.66719
G1 X104.945 Y64.596 E.01537
G1 X86.839 Y82.702 E.66718
G1 X87.43 Y82.702 E.0154
G1 X105.536 Y64.596 E.66718
G1 X106.127 Y64.596 E.0154
G1 X88.021 Y82.702 E.66718
G1 X88.612 Y82.702 E.0154
G1 X106.717 Y64.597 E.66714
G1 X107.308 Y64.597 E.0154
G1 X89.203 Y82.702 E.66714
G1 X89.794 Y82.702 E.0154
G1 X107.899 Y64.597 E.66714
G1 X108.489 Y64.597 E.01537
G1 X90.385 Y82.702 E.66712
G1 X90.975 Y82.702 E.01537
G1 X109.08 Y64.598 E.66712
G1 X109.671 Y64.598 E.0154
G1 X91.566 Y82.702 E.66712
G1 X92.157 Y82.702 E.0154
G1 X110.363 Y64.497 E.67084
;WIPE_START
G1 F8640
G1 X107.913 Y66.947 E-.8
;WIPE_END
G1 Z1.05 F720
G1 X111.952 Y63.498 F10800
G1 Z.65 F720
G1 E.8 F2100
G1 F4800
G1 X92.748 Y82.702 E.70764
G1 X93.339 Y82.702 E.0154
G1 X112.543 Y63.498 E.70764
G1 X113.134 Y63.498 E.0154
G1 X93.93 Y82.702 E.70764
G1 X94.521 Y82.702 E.0154
G1 X113.725 Y63.498 E.70764
G1 X114.316 Y63.498 E.0154
M73 P26 R41
G1 X95.112 Y82.702 E.70764
G1 X95.702 Y82.702 E.01537
M73 Q26 S41
G1 X114.907 Y63.498 E.70765
G1 X115.497 Y63.498 E.01537
G1 X96.293 Y82.702 E.70764
G1 X96.884 Y82.702 E.0154
G1 X116.088 Y63.498 E.70764
G1 X116.679 Y63.498 E.0154
G1 X97.475 Y82.702 E.70764
G1 X98.066 Y82.702 E.0154
G1 X117.27 Y63.498 E.70764
G1 X117.861 Y63.498 E.0154
G1 X98.657 Y82.702 E.70764
G1 X99.248 Y82.702 E.0154
G1 X118.452 Y63.498 E.70764
G1 X119.043 Y63.498 E.0154
G1 X99.839 Y82.702 E.70764
G1 X100.429 Y82.702 E.01537
G1 X119.634 Y63.498 E.70765
G1 X120.224 Y63.498 E.01537
G1 X101.02 Y82.702 E.70764
G1 X101.611 Y82.702 E.0154
G1 X120.815 Y63.498 E.70764
G1 X121.406 Y63.498 E.0154
G1 X102.202 Y82.702 E.70764
G1 X102.793 Y82.702 E.0154
G1 X121.997 Y63.498 E.70764
G1 X122.588 Y63.498 E.0154
G1 X103.384 Y82.702 E.70764
G1 X103.975 Y82.702 E.0154
G1 X123.179 Y63.498 E.70764
G1 X123.77 Y63.498 E.0154
G1 X104.565 Y82.702 E.70765
G1 X105.156 Y82.702 E.0154
G1 X124.36 Y63.498 E.70764
G1 X124.951 Y63.498 E.0154
G1 X105.747 Y82.702 E.70764
G1 X106.338 Y82.702 E.0154
G1 X125.542 Y63.498 E.70764
G1 X126.133 Y63.498 E.0154
G1 X106.929 Y82.702 E.70764
G1 X107.52 Y82.702 E.0154
G1 X126.724 Y63.498 E.70764
G1 X127.315 Y63.498 E.0154
G1 X108.111 Y82.702 E.70764
G1 X108.702 Y82.702 E.0154
G1 X127.906 Y63.498 E.70764
G1 X128.497 Y63.498 E.0154
G1 X109.292 Y82.702 E.70765
G1 X109.883 Y82.702 E.0154
G1 X129.087 Y63.498 E.70764
G1 X129.678 Y63.498 E.0154
G1 X110.474 Y82.702 E.70764
G1 X111.065 Y82.702 E.0154
G1 X130.269 Y63.498 E.70764
G1 X130.86 Y63.498 E.0154
G1 X111.656 Y82.702 E.70764
G1 X112.247 Y82.702 E.0154
G1 X131.451 Y63.498 E.70764
G1 X132.042 Y63.498 E.0154
G1 X112.838 Y82.702 E.70764
G1 X113.429 Y82.702 E.0154
G1 X132.633 Y63.498 E.70764
G1 X133.224 Y63.498 E.0154
G1 X114.019 Y82.702 E.70765
G1 X114.61 Y82.702 E.0154
G1 X133.814 Y63.498 E.70764
G1 X134.405 Y63.498 E.0154
G1 X115.201 Y82.702 E.70764
G1 X115.792 Y82.702 E.0154
G1 X134.996 Y63.498 E.70764
G1 X135.587 Y63.498 E.0154
G1 X116.383 Y82.702 E.70764
G1 X116.974 Y82.702 E.0154
G1 X136.178 Y63.498 E.70764
G1 X136.769 Y63.498 E.0154
G1 X117.565 Y82.702 E.70764
G1 X118.156 Y82.702 E.0154
G1 X137.36 Y63.498 E.70764
G1 X137.951 Y63.498 E.0154
G1 X118.746 Y82.702 E.70765
G1 X119.337 Y82.702 E.0154
G1 X138.541 Y63.498 E.70764
G1 X139.092 Y63.538 E.01439
G1 X119.928 Y82.702 E.70616
G1 X120.519 Y82.702 E.0154
G1 X139.203 Y64.018 E.68847
G1 X139.444 Y64.368 E.01107
G1 X121.11 Y82.702 E.67558
G1 X121.701 Y82.702 E.0154
G1 X139.839 Y64.564 E.66836
G1 X140.595 Y64.399 E.02016
;WIDTH:0.37219
G1 X140.523 Y64.38 E.00158
G1 X140.543 Y64.451 E.00156
G1 X140.584 Y64.44 E.0009
;WIDTH:0.411095
G1 X140.494 Y64.514 E.00275
;WIDTH:0.449999
G1 X122.292 Y82.702 E.67046
G1 X122.882 Y82.702 E.01537
G1 X140.995 Y64.589 E.66743
G1 X141.585 Y64.59 E.01537
G1 X123.473 Y82.702 E.6674
G1 X124.064 Y82.702 E.0154
G1 X142.175 Y64.591 E.66736
G1 X142.765 Y64.592 E.01537
G1 X124.655 Y82.702 E.66732
G1 X125.246 Y82.702 E.0154
G1 X143.355 Y64.593 E.66729
G1 X143.945 Y64.594 E.01537
G1 X125.837 Y82.702 E.66725
G1 X126.428 Y82.702 E.0154
G1 X144.535 Y64.595 E.66721
G1 X145.125 Y64.596 E.01537
G1 X127.019 Y82.702 E.66718
G1 X127.609 Y82.702 E.01537
G1 X145.715 Y64.597 E.66716
G1 X146.305 Y64.598 E.01537
G1 X128.2 Y82.702 E.66712
G1 X128.791 Y82.702 E.0154
G1 X147.995 Y63.498 E.70764
G1 X148.091 Y63.424 E.00316
;WIDTH:0.411095
G1 X148.186 Y63.35 E.00285
;WIDTH:0.37219
G1 X148.145 Y63.361 E.0009
G1 X148.126 Y63.29 E.00156
G1 X148.197 Y63.309 E.00156
;WIDTH:0.449999
G1 X148.586 Y63.498 E.01127
G1 X129.382 Y82.702 E.70764
G1 X129.973 Y82.702 E.0154
G1 X149.177 Y63.498 E.70764
G1 X149.768 Y63.498 E.0154
G1 X130.564 Y82.702 E.70764
G1 X131.155 Y82.702 E.0154
G1 X150.359 Y63.498 E.70764
G1 X150.949 Y63.498 E.01537
M73 P26 R40
G1 X131.746 Y82.702 E.70762
G1 X132.336 Y82.702 E.01537
G1 X151.54 Y63.498 E.70764
G1 X152.131 Y63.498 E.0154
G1 X132.927 Y82.702 E.70764
G1 X133.518 Y82.702 E.0154
G1 X152.722 Y63.498 E.70764
G1 X153.313 Y63.498 E.0154
G1 X134.109 Y82.702 E.70764
G1 X134.7 Y82.702 E.0154
G1 X153.904 Y63.498 E.70764
G1 X154.494 Y63.498 E.01537
G1 X135.291 Y82.702 E.70762
G1 X135.882 Y82.702 E.0154
G1 X155.085 Y63.498 E.70762
G1 X155.676 Y63.498 E.0154
G1 X136.473 Y82.702 E.70762
G1 X137.063 Y82.702 E.01537
G1 X156.267 Y63.498 E.70764
G1 X156.858 Y63.499 E.0154
G1 X137.654 Y82.702 E.70762
G1 X138.245 Y82.702 E.0154
G1 X157.449 Y63.499 E.70762
G1 X158.039 Y63.499 E.01537
G1 X138.836 Y82.702 E.7076
G1 X139.427 Y82.702 E.0154
G1 X158.63 Y63.499 E.7076
G1 X159.221 Y63.499 E.0154
G1 X140.018 Y82.702 E.7076
G1 X140.609 Y82.702 E.0154
G1 X159.812 Y63.499 E.7076
G1 X160.403 Y63.499 E.0154
M73 P27 R40
G1 X141.199 Y82.702 E.70762
G1 X141.79 Y82.702 E.0154
M73 Q27 S41
G1 X160.994 Y63.499 E.70762
G1 X161.584 Y63.499 E.01537
G1 X142.381 Y82.702 E.7076
G1 X142.972 Y82.702 E.0154
G1 X162.175 Y63.499 E.7076
G1 X162.766 Y63.499 E.0154
G1 X143.563 Y82.702 E.7076
G1 X144.154 Y82.702 E.0154
G1 X163.357 Y63.499 E.7076
G1 X163.948 Y63.499 E.0154
G1 X144.745 Y82.702 E.7076
G1 X145.336 Y82.702 E.0154
G1 X164.539 Y63.499 E.7076
G1 X165.13 Y63.499 E.0154
G1 X145.926 Y82.702 E.70762
G1 X146.517 Y82.702 E.0154
G1 X165.72 Y63.499 E.7076
G1 X166.311 Y63.499 E.0154
G1 X147.108 Y82.702 E.7076
G1 X147.699 Y82.702 E.0154
G1 X166.902 Y63.499 E.7076
G1 X167.493 Y63.499 E.0154
G1 X148.29 Y82.702 E.7076
G1 X148.881 Y82.702 E.0154
G1 X168.084 Y63.499 E.7076
G1 X168.675 Y63.499 E.0154
G1 X149.472 Y82.702 E.7076
G1 X150.063 Y82.702 E.0154
G1 X169.265 Y63.499 E.70758
G1 X169.856 Y63.499 E.0154
G1 X150.653 Y82.702 E.7076
G1 X151.244 Y82.702 E.0154
G1 X170.447 Y63.499 E.7076
G1 X171.038 Y63.499 E.0154
G1 X151.835 Y82.702 E.7076
G1 X152.426 Y82.702 E.0154
M73 Q27 S40
G1 X171.629 Y63.499 E.7076
G1 X172.22 Y63.499 E.0154
G1 X153.017 Y82.702 E.7076
G1 X153.608 Y82.702 E.0154
G1 X172.81 Y63.499 E.70758
G1 X173.401 Y63.5 E.0154
G1 X154.199 Y82.702 E.70756
G1 X154.79 Y82.702 E.0154
G1 X173.992 Y63.5 E.70756
G1 X174.583 Y63.5 E.0154
G1 X155.38 Y82.702 E.70758
G1 X155.971 Y82.702 E.0154
G1 X175.174 Y63.5 E.70758
G1 X175.765 Y63.5 E.0154
G1 X156.562 Y82.702 E.70758
G1 X157.153 Y82.702 E.0154
G1 X176.355 Y63.5 E.70756
G1 X176.946 Y63.5 E.0154
G1 X157.744 Y82.702 E.70756
G1 X158.335 Y82.702 E.0154
G1 X177.22 Y63.817 E.69588
G1 X177.22 Y64.407 E.01537
G1 X158.926 Y82.702 E.67412
G1 X159.517 Y82.702 E.0154
G1 X177.22 Y64.998 E.65234
G1 X177.22 Y65.589 E.0154
G1 X160.107 Y82.702 E.63059
G1 X160.698 Y82.702 E.0154
G1 X177.22 Y66.18 E.60881
G1 X177.22 Y66.771 E.0154
G1 X161.289 Y82.702 E.58703
G1 X161.88 Y82.702 E.0154
G1 X177.22 Y67.362 E.56525
G1 X177.22 Y67.952 E.01537
G1 X162.471 Y82.702 E.54349
G1 X163.062 Y82.702 E.0154
G1 X177.22 Y68.543 E.52172
G1 X177.221 Y69.134 E.0154
G1 X163.653 Y82.702 E.49996
G1 X164.243 Y82.702 E.01537
G1 X177.221 Y69.725 E.4782
G1 X177.221 Y70.316 E.0154
G1 X164.834 Y82.702 E.45642
G1 X165.425 Y82.702 E.0154
G1 X177.221 Y70.907 E.43464
G1 X177.221 Y71.498 E.0154
G1 X166.016 Y82.702 E.41287
G1 X166.607 Y82.702 E.0154
G1 X177.221 Y72.088 E.39111
G1 X177.221 Y72.679 E.0154
G1 X167.198 Y82.702 E.36933
G1 X167.789 Y82.702 E.0154
G1 X177.221 Y73.27 E.34755
G1 X177.221 Y73.861 E.0154
G1 X168.38 Y82.702 E.32578
G1 X168.97 Y82.702 E.01537
G1 X177.221 Y74.452 E.30402
G1 X177.221 Y75.043 E.0154
G1 X169.561 Y82.702 E.28224
G1 X170.152 Y82.702 E.0154
G1 X177.221 Y75.633 E.26048
G1 X177.221 Y76.224 E.0154
G1 X170.743 Y82.702 E.2387
G1 X171.334 Y82.702 E.0154
G1 X177.221 Y76.815 E.21693
G1 X177.221 Y77.406 E.0154
G1 X171.925 Y82.702 E.19515
G1 X172.516 Y82.702 E.0154
G1 X177.221 Y77.997 E.17337
G1 X177.221 Y78.588 E.0154
G1 X173.107 Y82.702 E.15159
G1 X173.697 Y82.702 E.01537
G1 X177.221 Y79.178 E.12985
G1 X177.221 Y79.769 E.0154
G1 X174.262 Y82.728 E.10903
G1 X174.65 Y82.931 E.01141
G1 X177.221 Y80.36 E.09474
G1 X177.221 Y80.951 E.0154
G1 X174.914 Y83.258 E.08501
;WIPE_START
G1 F8640
G1 X177.221 Y80.951 E-.75334
G1 X177.221 Y80.749 E-.04666
;WIPE_END
G1 Z1.05 F720
G1 X177.073 Y81.69 F10800
G1 Z.65 F720
G1 E.8 F2100
G1 F4800
G1 X175.062 Y83.701 E.0741
G1 X175.018 Y83.727 E.00133
G1 X175.018 Y144.313 E1.57861
G1 X174.919 Y144.698 E.01036
;WIDTH:0.419863
G1 X174.873 Y144.778 E.00223
;WIDTH:0.449999
G1 X175.224 Y144.399 E.01346
G1 X177.073 Y142.55 E.06813
G1 X177.22 Y142.55 E.00383
G1 X177.222 Y109.148 E.87031
G1 X176.689 Y109.048 E.01413
G1 X176.318 Y108.743 E.01251
G1 X176.122 Y108.285 E.01298
G1 X176.122 Y101.843 E.16785
G1 X176.261 Y101.349 E.01337
G1 X176.599 Y101 E.01266
G1 X177.061 Y100.858 E.01259
G1 X177.222 Y100.852 E.0042
G1 X177.221 Y81.542 E.50314
;WIPE_START
G1 F8640
G1 X177.221 Y85.007 E-.8
;WIPE_END
G1 Z1.05 F720
G1 X176.803 Y82.55 F10800
G1 Z.65 F720
G1 E.8 F2100
G1 F4800
G1 X176.804 Y100.492 E.46749
G1 X176.444 Y100.602 E.00981
G1 X176.038 Y100.947 E.01388
G1 X175.86 Y101.23 E.00871
G1 X175.801 Y101.536 E.00812
;WIDTH:0.412674
G1 X175.742 Y101.843 E.00742
;WIDTH:0.375349
G1 X175.742 Y108.309 E.13837
;WIDTH:0.412674
G1 X175.809 Y108.564 E.00626
;WIDTH:0.449999
G1 X175.876 Y108.82 E.00689
G1 X176.036 Y109.051 E.00732
G1 X176.444 Y109.398 E.01396
G1 X176.804 Y109.508 E.00981
G1 X176.803 Y142.255 E.85325
G1 X176.777 Y142.255 E.00068
G1 X175.436 Y143.596 E.04941
G1 X175.436 Y108.904 E.90393
G1 X175.417 Y108.534 E.00965
;WIDTH:0.412674
G1 X175.398 Y108.163 E.00881
;WIDTH:0.375349
G1 X175.398 Y101.843 E.13525
;WIDTH:0.412674
G1 X175.417 Y101.505 E.00803
;WIDTH:0.449999
G1 X175.436 Y101.167 E.00882
G1 X175.436 Y83.918 E.44944
G1 X176.656 Y82.698 E.04495
G1 X176.357 Y83.628 F10800
;WIDTH:0.507132
G1 F4800
G1 X176.357 Y84.201 E.01697
;WIDTH:0.507518
G1 X176.358 Y100.16 E.47307
G1 X176.232 Y100.209 E.00401
G1 X175.882 Y100.484 E.01319
G1 X175.882 Y84.103 E.48558
;WIDTH:0.507132
G1 X176.209 Y83.776 E.0137
;WIPE_START
G1 F8640
G1 X175.882 Y84.103 E-.10678
G1 X175.882 Y87.105 E-.69322
;WIPE_END
G1 Z1.05 F720
G1 X175.882 Y109.516 F10800
G1 Z.65 F720
G1 E.8 F2100
;WIDTH:0.507516
G1 F4800
G1 X176.016 Y109.638 E.00537
G1 X176.358 Y109.84 E.01177
G1 X176.356 Y142.044 E.95461
;WIDTH:0.506736
G1 X175.882 Y142.519 E.01986
G1 X175.882 Y141.946 E.01696
;WIDTH:0.507511
G1 X175.882 Y109.725 E.95511
;WIPE_START
G1 F8640
G1 X175.882 Y113.19 E-.8
;WIPE_END
G1 Z1.05 F720
G1 X147.179 Y145.298 F10800
G1 Z.65 F720
G1 E.8 F2100
;WIDTH:0.449999
G1 F4800
G1 X173.143 Y145.298 E.67651
G1 X172.885 Y145.556 E.00951
G1 X172.83 Y145.754 E.00535
G1 X172.988 Y145.954 E.00664
G1 X173.073 Y146.385 E.01145
G1 X173.137 Y146.5 E.00343
G1 X147.375 Y146.502 E.67125
G1 X147.35 Y146.138 E.00951
G1 X147.072 Y145.672 E.01414
G1 X146.74 Y145.413 E.01097
G1 X146.977 Y145.351 E.00638
G1 X147.704 Y145.703 E.02105
;WIDTH:0.425326
G1 X147.581 Y145.703 E.00302
G1 X147.726 Y145.961 E.00726
G1 X147.752 Y146.097 E.00339
G1 X172.247 Y146.095 E.60054
;WIDTH:0.424584
G1 X172.575 Y146.095 E.00803
G1 X172.437 Y145.852 E.00684
G1 X172.478 Y145.703 E.00378
;WIDTH:0.425326
G1 X147.913 Y145.703 E.60226
;WIPE_START
G1 F8640
G1 X151.378 Y145.703 E-.8
;WIPE_END
G1 Z1.05 F720
G1 X173.328 Y145.704 F10800
G1 Z.65 F720
G1 E.8 F2100
;WIDTH:0.449999
G1 F4800
G1 X173.734 Y145.298 E.01496
G1 X173.425 Y146.197 F10800
G1 F4800
G1 X174.574 Y145.069 E.04195
;WIDTH:0.422105
G1 X174.721 Y144.941 E.00474
;WIDTH:0.410404
G1 X174.873 Y144.778 E.00526
;WIPE_START
G1 F8640
G1 X174.721 Y144.941 E-.05146
G1 X174.574 Y145.069 E-.04501
G1 X173.425 Y146.197 E-.37179
;WIPE_END
G1 E-.33174 F2100
G1 Z1.05 F720
G1 X173.713 Y146.5 F10800
G1 Z.65 F720
G1 E.8 F2100
;WIDTH:0.449999
G1 F4800
G1 X177.22 Y142.993 E.12923
G1 X177.22 Y143.584 E.0154
G1 X174.304 Y146.5 E.10745
;WIPE_START
G1 F8640
G1 X176.754 Y144.05 E-.8
;WIPE_END
G1 Z1.05 F720
G1 X177.073 Y144.323 F10800
G1 Z.65 F720
G1 E.8 F2100
G1 F4800
G1 X174.895 Y146.5 E.08024
G1 X177.22 Y146.5 E.06058
G1 X177.22 Y144.175 E.06058
;WIPE_START
G1 F8640
G1 X177.22 Y146.5 E-.53685
G1 X176.08 Y146.5 E-.26315
;WIPE_END
G1 Z1.05 F720
G1 X176.775 Y145.249 F10800
G1 Z.65 F720
G1 E.8 F2100
;WIDTH:0.50433
G1 F4800
G1 X176.775 Y146.055 E.02373
G1 X175.969 Y146.055 E.02373
G1 X176.628 Y145.397 E.02742
;WIPE_START
G1 F8640
G1 X175.969 Y146.055 E-.21503
G1 X176.775 Y146.055 E-.18611
G1 X176.775 Y145.249 E-.18611
;WIPE_END
G1 E-.21275 F2100
G1 Z1.05 F720
G1 X72.823 Y109.193 F10800
G1 Z.65 F720
M73 P28 R40
M73 Q28 S40
G1 E.8 F2100
;WIDTH:0.463938
G1 F4800
G1 X72.771 Y109.207 E.00145
G1 X72.733 Y109.169 E.00145
G1 X72.747 Y109.117 E.00145
G1 X72.799 Y109.103 E.00145
G1 X72.837 Y109.141 E.00145
;WIPE_START
G1 F8640
G1 X72.799 Y109.103 E-.01241
G1 X72.747 Y109.117 E-.01243
G1 X72.733 Y109.169 E-.01243
G1 X72.771 Y109.207 E-.01241
G1 X72.823 Y109.193 E-.01243
;WIPE_END
G1 E-.73789 F2100
G1 Z1.05 F720
G1 X72.779 Y87.9 F10800
G1 Z.65 F720
G1 E.8 F2100
;WIDTH:0.449999
G1 F4800
G1 X76.982 Y83.696 E.15489
G1 X77.06 Y83.549 E.00434
;WIDTH:0.411095
G1 X77.139 Y83.401 E.00396
;WIDTH:0.37219
G1 X77.344 Y83.126 E.00727
G1 X77.681 Y82.861 E.00909
;WIPE_START
G1 F8640
G1 X77.344 Y83.126 E-.09899
G1 X77.139 Y83.401 E-.0792
G1 X77.06 Y83.549 E-.03874
G1 X76.982 Y83.696 E-.03843
G1 X75.314 Y85.364 E-.54464
;WIPE_END
G1 Z1.05 F720
G1 X76.982 Y84.287 F10800
G1 Z.65 F720
G1 E.8 F2100
;WIDTH:0.449999
G1 F4800
G1 X72.779 Y88.491 E.15489
G1 X72.779 Y89.082 E.0154
G1 X76.982 Y84.878 E.15489
G1 X76.982 Y85.469 E.0154
G1 X72.778 Y89.672 E.15489
G1 X72.778 Y90.263 E.0154
G1 X76.982 Y86.06 E.15489
G1 X76.982 Y86.651 E.0154
G1 X72.778 Y90.854 E.15489
G1 X72.778 Y91.445 E.0154
G1 X76.982 Y87.241 E.15491
G1 X76.982 Y87.832 E.0154
G1 X72.778 Y92.036 E.15491
G1 X72.778 Y92.627 E.0154
G1 X76.982 Y88.423 E.15491
G1 X76.982 Y89.014 E.0154
G1 X72.778 Y93.218 E.15491
G1 X72.778 Y93.809 E.0154
G1 X76.982 Y89.605 E.15491
G1 X76.982 Y90.196 E.0154
G1 X72.778 Y94.4 E.15491
G1 X72.778 Y94.991 E.0154
G1 X76.982 Y90.787 E.15491
G1 X76.982 Y91.378 E.0154
G1 X72.778 Y95.581 E.15489
G1 X72.778 Y96.172 E.0154
G1 X76.982 Y91.968 E.15491
G1 X76.982 Y92.559 E.0154
G1 X72.778 Y96.763 E.15491
G1 X72.778 Y97.354 E.0154
G1 X76.982 Y93.15 E.15491
G1 X76.982 Y93.741 E.0154
G1 X72.778 Y97.945 E.15491
G1 X72.778 Y98.536 E.0154
G1 X76.982 Y94.332 E.15491
G1 X76.982 Y94.923 E.0154
G1 X72.778 Y99.127 E.15491
G1 X72.778 Y99.718 E.0154
G1 X76.982 Y95.514 E.15491
G1 X76.982 Y96.105 E.0154
G1 X72.778 Y100.309 E.15491
G1 X72.624 Y101.006 E.0186
;WIDTH:0.37219
G1 X72.619 Y100.91 E.00204
;WIDTH:0.411095
G1 X72.722 Y100.881 E.00253
;WIDTH:0.449999
G1 X72.825 Y100.852 E.00279
G1 X76.982 Y96.695 E.15318
G1 X76.982 Y97.286 E.0154
G1 X73.32 Y100.948 E.13494
G1 X73.647 Y101.212 E.01095
G1 X76.982 Y97.877 E.12289
G1 X76.982 Y98.468 E.0154
G1 X73.844 Y101.606 E.11563
G1 X73.878 Y102.163 E.01454
G1 X76.982 Y99.059 E.11438
G1 X76.982 Y99.65 E.0154
G1 X73.878 Y102.754 E.11438
G1 X73.878 Y103.345 E.0154
G1 X76.982 Y100.241 E.11438
G1 X76.982 Y100.832 E.0154
G1 X73.878 Y103.936 E.11438
G1 X73.878 Y104.527 E.0154
G1 X76.982 Y101.422 E.1144
G1 X76.982 Y102.013 E.0154
G1 X73.878 Y105.117 E.11438
G1 X73.878 Y105.708 E.0154
G1 X76.982 Y102.604 E.11438
G1 X76.982 Y103.195 E.0154
G1 X73.878 Y106.299 E.11438
G1 X73.878 Y106.89 E.0154
G1 X76.982 Y103.786 E.11438
G1 X76.982 Y104.377 E.0154
G1 X73.878 Y107.481 E.11438
G1 X73.779 Y108.356 F10800
;WIDTH:0.37219
G1 F4800
G1 X73.707 Y108.337 E.00158
G1 X73.727 Y108.408 E.00156
G1 X73.768 Y108.397 E.0009
;WIDTH:0.411095
G1 X73.823 Y108.235 E.00404
;WIDTH:0.449999
G1 X73.878 Y108.072 E.00448
G1 X76.982 Y104.968 E.11438
G1 X76.982 Y105.558 E.01537
G1 X72.778 Y109.763 E.15493
G1 X72.778 Y110.353 E.01537
G1 X76.982 Y106.149 E.15491
G1 X76.982 Y106.74 E.0154
G1 X72.778 Y110.944 E.15491
G1 X72.778 Y111.535 E.0154
G1 X76.982 Y107.331 E.15491
G1 X76.982 Y107.922 E.0154
G1 X72.778 Y112.126 E.15491
G1 X72.778 Y112.717 E.0154
G1 X76.982 Y108.513 E.15491
G1 X76.982 Y109.104 E.0154
G1 X72.778 Y113.308 E.15491
G1 X72.778 Y113.898 E.01537
G1 X76.982 Y109.695 E.15489
G1 X76.982 Y110.285 E.01537
G1 X72.778 Y114.489 E.15491
G1 X72.778 Y115.08 E.0154
G1 X76.982 Y110.876 E.15491
G1 X76.982 Y111.467 E.0154
G1 X72.778 Y115.671 E.15491
G1 X72.778 Y116.262 E.0154
G1 X76.982 Y112.058 E.15491
G1 X76.982 Y112.649 E.0154
G1 X72.778 Y116.853 E.15491
G1 X72.778 Y117.444 E.0154
G1 X76.982 Y113.24 E.15491
G1 X76.982 Y113.831 E.0154
G1 X72.778 Y118.034 E.15489
G1 X72.778 Y118.625 E.0154
G1 X76.982 Y114.422 E.15489
G1 X76.982 Y115.012 E.01537
G1 X72.778 Y119.216 E.15491
G1 X72.778 Y119.807 E.0154
G1 X76.982 Y115.603 E.15491
G1 X76.982 Y116.194 E.0154
G1 X72.778 Y120.398 E.15491
G1 X72.779 Y120.989 E.0154
G1 X76.982 Y116.785 E.15489
G1 X76.982 Y117.376 E.0154
G1 X72.779 Y121.579 E.15487
G1 X72.779 Y122.17 E.0154
G1 X76.982 Y117.967 E.15487
G1 X76.982 Y118.558 E.0154
G1 X72.779 Y122.761 E.15487
G1 X72.779 Y123.352 E.0154
G1 X76.982 Y119.149 E.15487
G1 X76.982 Y119.739 E.01537
G1 X72.779 Y123.943 E.15489
G1 X72.779 Y124.534 E.0154
G1 X76.982 Y120.33 E.15489
G1 X76.982 Y120.921 E.0154
G1 X72.779 Y125.124 E.15487
G1 X72.779 Y125.715 E.0154
G1 X76.982 Y121.512 E.15487
G1 X76.982 Y122.103 E.0154
G1 X72.779 Y126.306 E.15487
G1 X72.779 Y126.897 E.0154
G1 X76.982 Y122.694 E.15487
G1 X76.982 Y123.285 E.0154
G1 X72.779 Y127.488 E.15487
G1 X72.779 Y128.079 E.0154
G1 X76.982 Y123.876 E.15487
G1 X76.982 Y124.466 E.01537
G1 X72.779 Y128.67 E.15489
G1 X72.779 Y129.26 E.01537
G1 X76.982 Y125.057 E.15487
G1 X76.982 Y125.648 E.0154
G1 X72.779 Y129.851 E.15487
G1 X72.779 Y130.442 E.0154
G1 X76.982 Y126.239 E.15487
G1 X76.982 Y126.83 E.0154
G1 X72.779 Y131.033 E.15487
G1 X72.779 Y131.624 E.0154
G1 X76.982 Y127.421 E.15487
G1 X76.982 Y128.012 E.0154
G1 X72.779 Y132.215 E.15487
G1 X72.779 Y132.805 E.01537
G1 X76.982 Y128.602 E.15487
G1 X76.982 Y129.193 E.0154
G1 X72.779 Y133.396 E.15487
G1 X72.779 Y133.987 E.0154
G1 X76.982 Y129.784 E.15487
G1 X76.982 Y130.375 E.0154
G1 X72.779 Y134.578 E.15487
G1 X72.779 Y135.169 E.0154
G1 X76.982 Y130.966 E.15487
G1 X76.982 Y131.557 E.0154
G1 X72.779 Y135.76 E.15487
G1 X72.779 Y136.35 E.01537
G1 X76.982 Y132.148 E.15486
G1 X76.982 Y132.739 E.0154
G1 X72.779 Y136.941 E.15486
G1 X72.779 Y137.532 E.0154
G1 X76.982 Y133.329 E.15487
G1 X76.982 Y133.92 E.0154
G1 X72.779 Y138.123 E.15487
G1 X72.779 Y138.714 E.0154
G1 X76.982 Y134.511 E.15487
G1 X76.982 Y135.102 E.0154
G1 X72.779 Y139.305 E.15487
G1 X72.779 Y139.896 E.0154
G1 X76.982 Y135.693 E.15487
G1 X76.982 Y136.284 E.0154
G1 X72.779 Y140.486 E.15486
G1 X72.78 Y141.077 E.0154
G1 X76.982 Y136.875 E.15484
G1 X76.982 Y137.466 E.0154
G1 X72.78 Y141.668 E.15484
G1 X72.78 Y142.259 E.0154
G1 X76.982 Y138.056 E.15486
G1 X76.982 Y138.647 E.0154
G1 X72.78 Y142.85 E.15486
G1 X72.78 Y143.441 E.0154
G1 X76.982 Y139.238 E.15486
G1 X76.982 Y139.829 E.0154
G1 X72.78 Y144.031 E.15484
G1 X72.78 Y144.622 E.0154
G1 X76.982 Y140.42 E.15484
G1 X76.982 Y141.011 E.0154
G1 X72.78 Y145.213 E.15484
G1 X72.78 Y145.804 E.0154
G1 X76.982 Y141.602 E.15484
G1 X76.982 Y142.193 E.0154
G1 X72.78 Y146.395 E.15484
G1 X72.736 Y146.506 E.00311
;WIDTH:0.411095
G1 X72.692 Y146.618 E.00284
;WIDTH:0.37219
G1 X72.621 Y146.599 E.00156
G1 X72.64 Y146.67 E.00156
G1 X72.681 Y146.659 E.0009
;WIDTH:0.449999
G1 X73.265 Y146.5 E.01577
G1 X76.982 Y142.783 E.13697
G1 X76.982 Y143.374 E.0154
G1 X73.856 Y146.5 E.11519
G1 X74.447 Y146.5 E.0154
G1 X76.982 Y143.965 E.09341
G1 X77.013 Y144.525 E.01461
G1 X75.038 Y146.5 E.07278
G1 X74.978 Y146.584 E.00269
;WIDTH:0.411095
G1 X74.918 Y146.668 E.00244
;WIDTH:0.37219
G1 X74.847 Y146.649 E.00156
G1 X74.866 Y146.72 E.00156
G1 X74.907 Y146.709 E.0009
;WIPE_START
G1 F8640
G1 X74.866 Y146.72 E-.0098
G1 X74.847 Y146.649 E-.01697
G1 X74.918 Y146.668 E-.01697
G1 X74.978 Y146.584 E-.02384
G1 X75.038 Y146.5 E-.02384
G1 X77.013 Y144.525 E-.64493
G1 X76.998 Y144.25 E-.06365
;WIPE_END
G1 Z1.05 F720
G1 X77.77 Y145.243 F10800
G1 Z.65 F720
G1 E.8 F2100
;WIDTH:0.449999
G1 F4800
G1 X77.476 Y145.162 E.00795
G1 X77.202 Y144.927 E.00941
G1 X75.629 Y146.5 E.05796
G1 X102.625 Y146.502 E.7034
G1 X102.685 Y146.036 E.01224
M73 P28 R39
G1 X102.99 Y145.613 E.01359
G1 X103.182 Y145.482 E.00606
G1 X103.266 Y145.383 E.00338
G1 X103.101 Y145.322 E.00458
G1 X102.291 Y145.298 E.02111
G1 X77.971 Y145.298 E.63368
G1 X77.971 Y145.703 E.01055
;WIDTH:0.425326
G1 X102.419 Y145.703 E.59939
G1 X102.348 Y145.81 E.00315
G1 X102.248 Y146.097 E.00745
G1 X77.866 Y146.095 E.59777
;WIDTH:0.463593
G1 X77.567 Y146.076 E.00806
;WIDTH:0.502594
G1 X77.268 Y146.056 E.00879
G1 X76.701 Y146.056 E.01663
G1 X77.23 Y145.527 E.02195
G1 X77.457 Y145.625 E.00725
;WIDTH:0.480974
G1 X77.765 Y145.672 E.00872
;LAYER_CHANGE
;Z:0.8
;HEIGHT:0.15
;BEFORE_LAYER_CHANGE
G92 E0.0
;0.8


;WIPE_START
G1 F8640
G1 X77.457 Y145.625 E-.07194
G1 X77.23 Y145.527 E-.05709
G1 X76.701 Y146.056 E-.17274
G1 X77.268 Y146.056 E-.13092
G1 X77.567 Y146.076 E-.06919
G1 X77.866 Y146.095 E-.06918
G1 X78.857 Y146.095 E-.22894
;WIPE_END
G1 Z.8 F720
;AFTER_LAYER_CHANGE
;0.8
G1 Z1.2
G1 X174.467 Y144.745 F10800
G1 Z.8 F720
G1 E.8 F2100
M204 S800
;TYPE:Perimeter
;WIDTH:0.449999
G1 F2700
G1 X174.392 Y144.832 E.00299
G1 X174.036 Y144.943 E.00972
G1 X147.16 Y144.943 E.70027
;WIDTH:0.499571
G1 X146.972 Y144.968 E.00553
;WIDTH:0.549142
G1 X146.783 Y144.992 E.00614
;WIDTH:0.598713
G1 X146.595 Y145.017 E.0067
;WIDTH:0.648284
G1 X146.406 Y145.042 E.00732
G1 X140.074 Y145.042 E.24328
G1 X139.885 Y145.017 E.00732
;WIDTH:0.598713
G1 X139.697 Y144.992 E.0067
;WIDTH:0.549142
G1 X139.508 Y144.968 E.00614
;WIDTH:0.499571
G1 X139.32 Y144.943 E.00553
;WIDTH:0.449999
G1 X110.68 Y144.943 E.74624
;WIDTH:0.499571
G1 X110.492 Y144.968 E.00553
;WIDTH:0.549142
G1 X110.303 Y144.992 E.00614
;WIDTH:0.598713
G1 X110.115 Y145.017 E.0067
;WIDTH:0.648284
G1 X109.926 Y145.042 E.00732
G1 X103.594 Y145.042 E.24328
G1 X103.405 Y145.017 E.00732
;WIDTH:0.598713
G1 X103.217 Y144.992 E.0067
;WIDTH:0.549142
G1 X103.028 Y144.968 E.00614
;WIDTH:0.499571
G1 X102.84 Y144.943 E.00553
;WIDTH:0.449999
G1 X77.964 Y144.943 E.64816
G1 X77.676 Y144.873 E.00772
G1 X77.471 Y144.703 E.00694
G1 X77.367 Y144.507 E.00578
G1 X77.337 Y144.316 E.00504
G1 X77.337 Y83.684 E1.57981
G1 X77.411 Y83.389 E.00792
G1 X77.588 Y83.183 E.00708
G1 X77.894 Y83.057 E.00862
G1 X174.036 Y83.057 E2.50505
G1 X174.331 Y83.131 E.00792
G1 X174.49 Y83.252 E.00521
G1 X174.615 Y83.443 E.00595
G1 X174.663 Y83.684 E.0064
G1 X174.663 Y144.316 E1.57981
G1 X174.598 Y144.593 E.00741
G1 X174.506 Y144.7 E.00368
M204 S1000
G1 X174.169 Y144.449 F10800
M204 S800
;TYPE:External perimeter
G1 F1500
G1 X174.068 Y144.525 E.00329
G1 X77.964 Y144.525 E2.50406
G1 X77.8 Y144.445 E.00475
G1 X77.755 Y144.316 E.00356
G1 X77.755 Y83.684 E1.57981
G1 X77.807 Y83.547 E.00382
M73 P29 R39
M73 Q29 S39
G1 X77.964 Y83.475 E.0045
G1 X174.036 Y83.475 E2.50323
G1 X174.187 Y83.54 E.00428
G1 X174.245 Y83.684 E.00404
G1 X174.245 Y144.316 E1.57981
G1 X174.223 Y144.408 E.00246
G1 X174.217 Y144.413 E.0002
M204 S1000
;WIPE_START
G1 F8640
G1 X174.169 Y144.449 E-.01385
G1 X174.068 Y144.525 E-.02919
G1 X170.79 Y144.525 E-.75696
;WIPE_END
G1 Z1.2 F720
G1 X146.842 Y145.952 F10800
G1 Z.8 F720
G1 E.8 F2100
M204 S800
;TYPE:Perimeter
G1 F2700
G1 X146.81 Y145.904 E.0015
;WIDTH:0.499571
G1 X146.709 Y145.843 E.00344
;WIDTH:0.549142
G1 X146.608 Y145.781 E.00382
;WIDTH:0.598713
G1 X146.507 Y145.72 E.00417
;WIDTH:0.648284
G1 X146.406 Y145.658 E.00455
G1 X140.074 Y145.658 E.24328
G1 X139.973 Y145.72 E.00455
;WIDTH:0.598713
G1 X139.872 Y145.781 E.00417
;WIDTH:0.549142
G1 X139.771 Y145.843 E.00382
;WIDTH:0.499571
G1 X139.67 Y145.904 E.00344
;WIDTH:0.449999
G1 X139.477 Y146.192 E.00903
G1 X139.447 Y146.857 E.01734
G1 X110.553 Y146.857 E.75285
G1 X110.523 Y146.192 E.01734
G1 X110.33 Y145.904 E.00903
;WIDTH:0.499571
G1 X110.229 Y145.843 E.00344
;WIDTH:0.549142
G1 X110.128 Y145.781 E.00382
;WIDTH:0.598713
G1 X110.027 Y145.72 E.00417
;WIDTH:0.648284
G1 X109.926 Y145.658 E.00455
G1 X103.594 Y145.658 E.24328
G1 X103.493 Y145.72 E.00455
;WIDTH:0.598713
G1 X103.392 Y145.781 E.00417
;WIDTH:0.549142
G1 X103.291 Y145.843 E.00382
;WIDTH:0.499571
G1 X103.19 Y145.904 E.00344
;WIDTH:0.449999
G1 X102.997 Y146.192 E.00903
G1 X102.967 Y146.857 E.01734
G1 X72.546 Y146.857 E.79264
G1 X72.423 Y146.734 E.00453
G1 X72.423 Y108.793 E.98858
G1 X72.896 Y108.793 E.01232
G1 X73.162 Y108.734 E.0071
G1 X73.299 Y108.646 E.00424
G1 X73.493 Y108.356 E.00909
G1 X73.523 Y108.166 E.00501
G1 X73.523 Y101.834 E.16498
G1 X73.493 Y101.644 E.00501
G1 X73.413 Y101.479 E.00478
G1 X73.162 Y101.266 E.00858
G1 X72.896 Y101.207 E.0071
G1 X72.423 Y101.207 E.01232
G1 X72.423 Y63.266 E.98858
G1 X72.546 Y63.143 E.00453
G1 X102.967 Y63.143 E.79264
G1 X102.967 Y63.616 E.01232
G1 X103.065 Y63.952 E.00912
G1 X103.178 Y64.085 E.00455
G1 X103.316 Y64.178 E.00434
G1 X103.594 Y64.243 E.00744
G1 X109.969 Y64.243 E.16611
G1 X110.261 Y64.146 E.00802
G1 X110.455 Y63.952 E.00715
G1 X110.553 Y63.616 E.00912
G1 X110.553 Y63.143 E.01232
G1 X139.447 Y63.143 E.75285
G1 X139.447 Y63.616 E.01232
G1 X139.545 Y63.952 E.00912
G1 X139.658 Y64.085 E.00455
G1 X139.796 Y64.178 E.00434
G1 X140.074 Y64.243 E.00744
G1 X146.449 Y64.243 E.16611
G1 X146.741 Y64.146 E.00802
G1 X146.935 Y63.952 E.00715
G1 X147.033 Y63.616 E.00912
G1 X147.033 Y63.143 E.01232
G1 X177.454 Y63.143 E.79264
G1 X177.577 Y63.266 E.00453
G1 X177.577 Y101.207 E.98858
G1 X177.104 Y101.207 E.01232
G1 X176.808 Y101.281 E.00795
G1 X176.58 Y101.489 E.00804
G1 X176.477 Y101.834 E.00938
G1 X176.477 Y108.166 E.16498
G1 X176.58 Y108.511 E.00938
G1 X176.808 Y108.719 E.00804
G1 X177.104 Y108.793 E.00795
G1 X177.577 Y108.793 E.01232
G1 X177.577 Y146.734 E.98858
G1 X177.454 Y146.857 E.00453
G1 X147.033 Y146.857 E.79264
G1 X147.003 Y146.192 E.01734
G1 X146.875 Y146.002 E.00597
M204 S1000
G1 X146.551 Y146.246 F10800
M204 S800
;TYPE:External perimeter
G1 F1500
G1 X146.541 Y146.224 E.00063
G1 X146.406 Y146.175 E.00374
G1 X140.074 Y146.175 E.16498
G1 X139.939 Y146.224 E.00374
G1 X139.865 Y146.384 E.00459
G1 X139.865 Y147.275 E.02322
G1 X110.135 Y147.275 E.77464
G1 X110.135 Y146.384 E.02322
G1 X110.061 Y146.224 E.00459
G1 X109.926 Y146.175 E.00374
G1 X103.594 Y146.175 E.16498
G1 X103.459 Y146.224 E.00374
G1 X103.385 Y146.384 E.00459
G1 X103.385 Y147.275 E.02322
G1 X72.373 Y147.275 E.80804
G1 X72.005 Y146.907 E.01356
G1 X72.005 Y108.375 E1.00398
G1 X72.896 Y108.375 E.02322
G1 X73.03 Y108.326 E.00372
G1 X73.105 Y108.166 E.0046
G1 X73.105 Y101.834 E.16498
G1 X73.03 Y101.674 E.0046
G1 X72.896 Y101.625 E.00372
G1 X72.005 Y101.625 E.02322
G1 X72.005 Y63.093 E1.00398
G1 X72.373 Y62.725 E.01356
G1 X103.385 Y62.725 E.80804
G1 X103.385 Y63.616 E.02322
G1 X103.455 Y63.772 E.00446
G1 X103.594 Y63.825 E.00388
G1 X109.926 Y63.825 E.16498
G1 X110.065 Y63.772 E.00388
G1 X110.135 Y63.616 E.00446
G1 X110.135 Y62.725 E.02322
G1 X139.865 Y62.725 E.77464
G1 X139.865 Y63.616 E.02322
G1 X139.935 Y63.772 E.00446
G1 X140.074 Y63.825 E.00388
G1 X146.406 Y63.825 E.16498
G1 X146.545 Y63.772 E.00388
G1 X146.615 Y63.616 E.00446
G1 X146.615 Y62.725 E.02322
G1 X177.627 Y62.725 E.80804
G1 X177.995 Y63.093 E.01356
G1 X177.995 Y101.625 E1.00398
G1 X177.005 Y101.65 E.0258
G1 X176.929 Y101.719 E.00267
G1 X176.895 Y101.834 E.00312
G1 X176.895 Y108.198 E.16582
G1 X177.005 Y108.35 E.00489
G1 X177.104 Y108.375 E.00266
G1 X177.995 Y108.375 E.02322
G1 X177.995 Y146.907 E1.00398
G1 X177.627 Y147.275 E.01356
G1 X146.615 Y147.275 E.80804
G1 X146.615 Y146.384 E.02322
M73 P30 R39
M73 Q30 S39
G1 X146.576 Y146.3 E.00241
M204 S1000
;WIPE_START
G1 F8640
G1 X146.551 Y146.246 E-.01374
G1 X146.541 Y146.224 E-.00558
G1 X146.406 Y146.175 E-.03316
G1 X143.169 Y146.175 E-.74752
;WIPE_END
G1 Z1.2 F720
G1 X110.26 Y145.413 F10800
G1 Z.8 F720
G1 E.8 F2100
;TYPE:Solid infill
G1 F4800
G1 X110.699 Y145.298 E.01182
G1 X138.771 Y145.298 E.73144
G1 X139.625 Y145.332 E.02227
G1 X139.748 Y145.391 E.00355
G1 X139.47 Y145.613 E.00927
G1 X139.165 Y146.036 E.01359
G1 X139.105 Y146.502 E.01224
G1 X110.895 Y146.502 E.73503
G1 X110.87 Y146.138 E.00951
G1 X110.592 Y145.672 E.01414
G1 X110.425 Y145.542 E.00551
G1 X111.101 Y145.703 E.01811
;WIDTH:0.425349
G1 X138.899 Y145.703 E.68156
G1 X138.828 Y145.81 E.00315
G1 X138.728 Y146.097 E.00745
G1 X111.272 Y146.097 E.67318
G1 X111.246 Y145.961 E.00339
G1 X111.203 Y145.885 E.00214
;WIPE_START
G1 F8640
G1 X111.246 Y145.961 E-.02016
G1 X111.272 Y146.097 E-.03197
G1 X114.511 Y146.097 E-.74787
;WIPE_END
G1 Z1.2 F720
G1 X72.771 Y100.793 F10800
G1 Z.8 F720
G1 E.8 F2100
;WIDTH:0.463944
G1 F4800
G1 X72.733 Y100.831 E.00145
G1 X72.747 Y100.883 E.00145
G1 X72.799 Y100.897 E.00145
G1 X72.837 Y100.859 E.00145
G1 X72.823 Y100.807 E.00145
;WIPE_START
G1 F8640
G1 X72.837 Y100.859 E-.01243
G1 X72.799 Y100.897 E-.01241
G1 X72.747 Y100.883 E-.01243
G1 X72.733 Y100.831 E-.01243
G1 X72.771 Y100.793 E-.01241
;WIPE_END
G1 E-.73789 F2100
G1 Z1.2 F720
G1 X72.814 Y146.387 F10800
G1 Z.8 F720
G1 E.8 F2100
;WIDTH:0.551384
G1 F4800
G1 X72.768 Y146.433 E.00211
G1 X72.785 Y146.495 E.00208
G1 X72.847 Y146.512 E.00208
G1 X72.893 Y146.466 E.00211
G1 X72.876 Y146.404 E.00208
;WIDTH:0.449999
G1 X72.78 Y145.736 E.01758
G1 X73.618 Y146.569 E.03079
;WIDTH:0.411095
G1 X73.693 Y146.638 E.00241
;WIDTH:0.37219
G1 X73.674 Y146.709 E.00156
G1 X73.745 Y146.69 E.00156
G1 X73.734 Y146.649 E.0009
;WIDTH:0.449999
G1 X74.135 Y146.5 E.01115
G1 X72.78 Y145.145 E.04993
G1 X72.78 Y144.554 E.0154
G1 X74.726 Y146.5 E.07171
G1 X75.316 Y146.5 E.01537
G1 X72.78 Y143.964 E.09345
G1 X72.78 Y143.373 E.0154
G1 X75.907 Y146.5 E.11522
G1 X76.498 Y146.5 E.0154
G1 X72.78 Y142.782 E.137
G1 X72.78 Y142.191 E.0154
G1 X77.089 Y146.5 E.15878
G1 X77.68 Y146.501 E.0154
G1 X72.78 Y141.6 E.18058
G1 X72.78 Y141.009 E.0154
G1 X78.271 Y146.501 E.20235
;WIPE_START
G1 F8640
G1 X75.821 Y144.051 E-.8
;WIPE_END
G1 Z1.2 F720
G1 X77.337 Y144.951 F10800
G1 Z.8 F720
G1 E.8 F2100
;WIDTH:0.37219
G1 F4800
G1 X77.272 Y145.016 E.00195
;WIDTH:0.411095
G1 X77.177 Y144.868 E.00416
;WIDTH:0.449999
G1 X77.082 Y144.721 E.00456
G1 X72.779 Y140.418 E.15856
G1 X72.779 Y139.827 E.0154
G1 X76.982 Y144.03 E.15487
G1 X76.982 Y143.439 E.0154
G1 X72.779 Y139.236 E.15487
G1 X72.779 Y138.645 E.0154
G1 X76.982 Y142.848 E.15487
G1 X76.982 Y142.257 E.0154
G1 X72.779 Y138.055 E.15486
G1 X72.779 Y137.464 E.0154
G1 X76.982 Y141.666 E.15486
G1 X76.982 Y141.076 E.01537
G1 X72.779 Y136.873 E.15487
G1 X72.779 Y136.282 E.0154
G1 X76.982 Y140.485 E.15487
G1 X76.982 Y139.894 E.0154
G1 X72.779 Y135.691 E.15487
G1 X72.779 Y135.1 E.0154
G1 X76.982 Y139.303 E.15487
G1 X76.982 Y138.712 E.0154
G1 X72.779 Y134.509 E.15487
G1 X72.779 Y133.918 E.0154
G1 X76.982 Y138.121 E.15487
G1 X76.982 Y137.53 E.0154
G1 X72.779 Y133.327 E.15487
G1 X72.779 Y132.736 E.0154
G1 X76.982 Y136.939 E.15487
G1 X76.982 Y136.349 E.01537
G1 X72.779 Y132.146 E.15487
G1 X72.779 Y131.555 E.0154
G1 X76.982 Y135.758 E.15487
G1 X76.982 Y135.167 E.0154
G1 X72.779 Y130.964 E.15487
G1 X72.779 Y130.373 E.0154
G1 X76.982 Y134.576 E.15487
G1 X76.982 Y133.985 E.0154
G1 X72.779 Y129.782 E.15487
G1 X72.779 Y129.191 E.0154
G1 X76.982 Y133.394 E.15487
G1 X76.982 Y132.803 E.0154
G1 X72.779 Y128.6 E.15487
G1 X72.779 Y128.009 E.0154
G1 X76.982 Y132.212 E.15487
G1 X76.982 Y131.622 E.01537
G1 X72.779 Y127.418 E.15489
G1 X72.779 Y126.827 E.0154
G1 X76.982 Y131.031 E.15489
G1 X76.982 Y130.44 E.0154
G1 X72.779 Y126.237 E.15487
G1 X72.779 Y125.646 E.0154
G1 X76.982 Y129.849 E.15487
G1 X76.982 Y129.258 E.0154
G1 X72.779 Y125.055 E.15487
G1 X72.779 Y124.464 E.0154
G1 X76.982 Y128.667 E.15487
G1 X76.982 Y128.076 E.0154
G1 X72.779 Y123.873 E.15487
G1 X72.779 Y123.282 E.0154
G1 X76.982 Y127.485 E.15487
G1 X76.982 Y126.895 E.01537
G1 X72.779 Y122.691 E.15489
G1 X72.779 Y122.1 E.0154
G1 X76.982 Y126.304 E.15489
G1 X76.982 Y125.713 E.0154
G1 X72.779 Y121.509 E.15489
G1 X72.779 Y120.918 E.0154
G1 X76.982 Y125.122 E.15489
G1 X76.982 Y124.531 E.0154
G1 X72.778 Y120.328 E.15489
G1 X72.778 Y119.737 E.0154
M73 P30 R38
G1 X76.982 Y123.94 E.15489
G1 X76.982 Y123.349 E.0154
G1 X72.778 Y119.146 E.15489
G1 X72.778 Y118.555 E.0154
G1 X76.982 Y122.759 E.15491
G1 X76.982 Y122.168 E.0154
G1 X72.778 Y117.964 E.15491
G1 X72.778 Y117.373 E.0154
G1 X76.982 Y121.577 E.15491
G1 X76.982 Y120.986 E.0154
G1 X72.778 Y116.782 E.15491
G1 X72.778 Y116.191 E.0154
G1 X76.982 Y120.395 E.15491
G1 X76.982 Y119.804 E.0154
G1 X72.778 Y115.6 E.15491
G1 X72.778 Y115.009 E.0154
G1 X76.982 Y119.213 E.15491
G1 X76.982 Y118.622 E.0154
G1 X72.778 Y114.419 E.15489
G1 X72.778 Y113.828 E.0154
G1 X76.982 Y118.032 E.15491
G1 X76.982 Y117.441 E.0154
G1 X72.778 Y113.237 E.15491
G1 X72.778 Y112.646 E.0154
G1 X76.982 Y116.85 E.15491
G1 X76.982 Y116.259 E.0154
G1 X72.778 Y112.055 E.15491
G1 X72.778 Y111.464 E.0154
G1 X76.982 Y115.668 E.15491
G1 X76.982 Y115.077 E.0154
G1 X72.778 Y110.873 E.15491
G1 X72.778 Y110.282 E.0154
G1 X76.982 Y114.486 E.15491
G1 X76.982 Y113.895 E.0154
G1 X72.778 Y109.691 E.15491
G1 X72.619 Y109.09 E.0162
;WIDTH:0.37219
G1 X72.623 Y108.998 E.00195
;WIDTH:0.411095
G1 X72.724 Y109.073 E.00297
;WIDTH:0.449999
G1 X72.825 Y109.148 E.00328
G1 X76.982 Y113.305 E.15318
G1 X76.982 Y112.714 E.0154
G1 X73.32 Y109.052 E.13494
G1 X73.647 Y108.788 E.01095
G1 X76.982 Y112.123 E.12289
G1 X76.982 Y111.532 E.0154
G1 X73.844 Y108.394 E.11563
G1 X73.878 Y107.837 E.01454
G1 X76.982 Y110.941 E.11438
G1 X76.982 Y110.35 E.0154
G1 X73.878 Y107.246 E.11438
G1 X73.878 Y106.655 E.0154
G1 X76.982 Y109.759 E.11438
G1 X76.982 Y109.168 E.0154
G1 X73.878 Y106.064 E.11438
G1 X73.878 Y105.473 E.0154
G1 X76.982 Y108.578 E.1144
G1 X76.982 Y107.987 E.0154
G1 X73.878 Y104.883 E.11438
G1 X73.878 Y104.292 E.0154
G1 X76.982 Y107.396 E.11438
G1 X76.982 Y106.805 E.0154
G1 X73.878 Y103.701 E.11438
G1 X73.878 Y103.11 E.0154
G1 X76.982 Y106.214 E.11438
G1 X76.982 Y105.623 E.0154
G1 X73.878 Y102.519 E.11438
G1 X73.878 Y101.928 E.0154
G1 X76.982 Y105.032 E.11438
G1 X76.982 Y104.441 E.0154
G1 X72.778 Y100.237 E.15491
G1 X72.778 Y99.647 E.01537
G1 X76.982 Y103.851 E.15491
G1 X76.982 Y103.26 E.0154
G1 X72.778 Y99.056 E.15491
G1 X72.778 Y98.465 E.0154
G1 X76.982 Y102.669 E.15491
G1 X76.982 Y102.078 E.0154
G1 X72.778 Y97.874 E.15491
G1 X72.778 Y97.283 E.0154
G1 X76.982 Y101.487 E.15491
G1 X76.982 Y100.896 E.0154
G1 X72.778 Y96.692 E.15491
G1 X72.778 Y96.102 E.01537
G1 X76.982 Y100.305 E.15489
G1 X76.982 Y99.715 E.01537
G1 X72.778 Y95.511 E.15491
G1 X72.778 Y94.92 E.0154
G1 X76.982 Y99.124 E.15491
G1 X76.982 Y98.533 E.0154
G1 X72.778 Y94.329 E.15491
G1 X72.778 Y93.738 E.0154
G1 X76.982 Y97.942 E.15491
G1 X76.982 Y97.351 E.0154
G1 X72.778 Y93.147 E.15491
G1 X72.778 Y92.556 E.0154
G1 X76.982 Y96.76 E.15491
G1 X76.982 Y96.169 E.0154
G1 X72.778 Y91.966 E.15489
G1 X72.778 Y91.375 E.0154
G1 X76.982 Y95.578 E.15489
G1 X76.982 Y94.988 E.01537
G1 X72.778 Y90.784 E.15491
G1 X72.778 Y90.193 E.0154
G1 X76.982 Y94.397 E.15491
G1 X76.982 Y93.806 E.0154
G1 X72.778 Y89.602 E.15491
G1 X72.779 Y89.011 E.0154
G1 X76.982 Y93.215 E.15489
G1 X76.982 Y92.624 E.0154
G1 X72.779 Y88.421 E.15487
G1 X72.779 Y87.83 E.0154
G1 X76.982 Y92.033 E.15487
G1 X76.982 Y91.442 E.0154
G1 X72.779 Y87.239 E.15487
G1 X72.779 Y86.648 E.0154
G1 X76.982 Y90.851 E.15487
G1 X76.982 Y90.261 E.01537
G1 X72.779 Y86.057 E.15489
G1 X72.779 Y85.466 E.0154
G1 X76.982 Y89.67 E.15489
G1 X76.982 Y89.079 E.0154
G1 X72.779 Y84.876 E.15487
G1 X72.779 Y84.285 E.0154
G1 X76.982 Y88.488 E.15487
G1 X76.982 Y87.897 E.0154
G1 X72.779 Y83.694 E.15487
G1 X72.779 Y83.103 E.0154
G1 X76.982 Y87.306 E.15487
G1 X76.982 Y86.715 E.0154
G1 X72.779 Y82.512 E.15487
G1 X72.779 Y81.921 E.0154
G1 X76.982 Y86.124 E.15487
G1 X76.982 Y85.534 E.01537
G1 X72.779 Y81.33 E.15489
G1 X72.779 Y80.74 E.01537
G1 X76.982 Y84.943 E.15487
G1 X76.982 Y84.352 E.0154
G1 X72.779 Y80.149 E.15487
G1 X72.779 Y79.558 E.0154
G1 X76.982 Y83.761 E.15487
G1 X77.079 Y83.267 E.01312
G1 X72.779 Y78.967 E.15845
G1 X72.779 Y78.376 E.0154
G1 X77.336 Y82.933 E.16792
G1 X77.728 Y82.734 E.01145
G1 X72.779 Y77.785 E.18236
G1 X72.779 Y77.195 E.01537
G1 X78.287 Y82.702 E.20294
G1 X78.877 Y82.702 E.01537
G1 X72.779 Y76.604 E.2247
G1 X72.779 Y76.013 E.0154
G1 X79.468 Y82.702 E.24648
G1 X80.059 Y82.702 E.0154
G1 X72.779 Y75.422 E.26826
G1 X72.779 Y74.831 E.0154
G1 X80.65 Y82.702 E.29003
G1 X81.241 Y82.702 E.0154
G1 X72.779 Y74.24 E.31181
G1 X72.779 Y73.65 E.01537
G1 X81.832 Y82.702 E.33357
G1 X82.423 Y82.702 E.0154
G1 X72.779 Y73.059 E.35535
G1 X72.779 Y72.468 E.0154
G1 X83.014 Y82.702 E.37712
G1 X83.604 Y82.702 E.01537
M73 Q30 S38
G1 X72.779 Y71.877 E.39888
G1 X72.779 Y71.286 E.0154
G1 X84.195 Y82.702 E.42066
G1 X84.786 Y82.702 E.0154
G1 X72.779 Y70.695 E.44244
G1 X72.779 Y70.104 E.0154
G1 X85.377 Y82.702 E.46422
G1 X85.968 Y82.702 E.0154
G1 X72.779 Y69.514 E.48597
G1 X72.78 Y68.923 E.0154
G1 X86.559 Y82.702 E.50773
G1 X87.15 Y82.702 E.0154
G1 X72.78 Y68.332 E.52951
G1 X72.78 Y67.741 E.0154
G1 X87.741 Y82.702 E.55129
G1 X88.331 Y82.702 E.01537
G1 X72.78 Y67.15 E.57305
G1 X72.78 Y66.559 E.0154
G1 X88.922 Y82.702 E.59482
G1 X89.513 Y82.702 E.0154
G1 X72.78 Y65.969 E.61658
G1 X72.78 Y65.378 E.0154
G1 X90.104 Y82.702 E.63836
G1 X90.695 Y82.702 E.0154
G1 X72.78 Y64.787 E.66014
G1 X72.78 Y64.196 E.0154
G1 X91.286 Y82.702 E.68192
G1 X91.877 Y82.702 E.0154
G1 X72.78 Y63.605 E.70369
G1 X72.73 Y63.473 E.00368
;WIDTH:0.411095
G1 X72.681 Y63.341 E.00333
;WIDTH:0.37219
G1 X72.692 Y63.382 E.0009
G1 X72.621 Y63.401 E.00156
G1 X72.64 Y63.33 E.00156
;WIDTH:0.449999
G1 X73.265 Y63.5 E.01688
G1 X92.468 Y82.702 E.70758
G1 X93.058 Y82.702 E.01537
G1 X73.856 Y63.5 E.70756
G1 X74.447 Y63.5 E.0154
G1 X93.649 Y82.702 E.70756
G1 X94.24 Y82.702 E.0154
G1 X75.038 Y63.5 E.70756
G1 X75.629 Y63.5 E.0154
M73 Q31 S38
G1 X94.831 Y82.702 E.70756
G1 X95.422 Y82.702 E.0154
M73 P31 R38
G1 X76.219 Y63.5 E.70758
G1 X76.81 Y63.5 E.0154
G1 X96.013 Y82.702 E.70758
G1 X96.604 Y82.702 E.0154
G1 X77.401 Y63.499 E.7076
G1 X77.992 Y63.499 E.0154
G1 X97.194 Y82.702 E.70758
G1 X97.785 Y82.702 E.0154
G1 X78.583 Y63.499 E.70758
G1 X79.174 Y63.499 E.0154
G1 X98.376 Y82.702 E.70758
G1 X98.967 Y82.702 E.0154
G1 X79.764 Y63.499 E.7076
G1 X80.355 Y63.499 E.0154
G1 X99.558 Y82.702 E.7076
G1 X100.149 Y82.702 E.0154
G1 X80.946 Y63.499 E.7076
G1 X81.537 Y63.499 E.0154
G1 X100.74 Y82.702 E.7076
G1 X101.331 Y82.702 E.0154
G1 X82.128 Y63.499 E.7076
G1 X82.719 Y63.499 E.0154
G1 X101.921 Y82.702 E.70758
G1 X102.512 Y82.702 E.0154
G1 X83.309 Y63.499 E.7076
G1 X83.9 Y63.499 E.0154
G1 X103.103 Y82.702 E.7076
G1 X103.694 Y82.702 E.0154
G1 X84.491 Y63.499 E.7076
G1 X85.082 Y63.499 E.0154
G1 X104.285 Y82.702 E.7076
G1 X104.876 Y82.702 E.0154
G1 X85.673 Y63.499 E.7076
G1 X86.264 Y63.499 E.0154
G1 X105.467 Y82.702 E.7076
G1 X106.058 Y82.702 E.0154
G1 X86.854 Y63.499 E.70762
G1 X87.445 Y63.499 E.0154
G1 X106.648 Y82.702 E.7076
G1 X107.239 Y82.702 E.0154
G1 X88.036 Y63.499 E.7076
G1 X88.627 Y63.499 E.0154
G1 X107.83 Y82.702 E.7076
G1 X108.421 Y82.702 E.0154
G1 X89.218 Y63.499 E.7076
G1 X89.809 Y63.499 E.0154
G1 X109.012 Y82.702 E.7076
G1 X109.603 Y82.702 E.0154
G1 X90.399 Y63.499 E.70762
G1 X90.99 Y63.499 E.0154
G1 X110.194 Y82.702 E.70762
G1 X110.785 Y82.702 E.0154
G1 X91.581 Y63.499 E.70762
G1 X92.172 Y63.499 E.0154
G1 X111.375 Y82.702 E.7076
G1 X111.966 Y82.702 E.0154
G1 X92.763 Y63.499 E.7076
G1 X93.354 Y63.499 E.0154
G1 X112.557 Y82.702 E.7076
G1 X113.148 Y82.702 E.0154
G1 X93.944 Y63.498 E.70764
G1 X94.535 Y63.498 E.0154
G1 X113.739 Y82.702 E.70764
G1 X114.33 Y82.702 E.0154
G1 X95.126 Y63.498 E.70764
G1 X95.717 Y63.498 E.0154
G1 X114.921 Y82.702 E.70764
G1 X115.511 Y82.702 E.01537
G1 X96.308 Y63.498 E.70762
G1 X96.899 Y63.498 E.0154
G1 X116.102 Y82.702 E.70762
G1 X116.693 Y82.702 E.0154
G1 X97.489 Y63.498 E.70764
G1 X98.08 Y63.498 E.0154
G1 X117.284 Y82.702 E.70764
G1 X117.875 Y82.702 E.0154
G1 X98.671 Y63.498 E.70764
G1 X99.262 Y63.498 E.0154
G1 X118.466 Y82.702 E.70764
G1 X119.057 Y82.702 E.0154
G1 X99.853 Y63.498 E.70764
G1 X100.444 Y63.498 E.0154
G1 X119.648 Y82.702 E.70764
G1 X120.238 Y82.702 E.01537
G1 X101.034 Y63.498 E.70764
G1 X101.625 Y63.498 E.0154
G1 X120.829 Y82.702 E.70764
;WIPE_START
G1 F8640
G1 X118.379 Y80.252 E-.8
;WIPE_END
G1 Z1.2 F720
G1 X102.253 Y63.598 F10800
G1 Z.8 F720
G1 E.8 F2100
;WIDTH:0.374339
G1 F4800
G1 X102.758 Y64.094 E.0151
;WIDTH:0.37837
G1 X102.813 Y64.145 E.00162
G1 X102.665 Y63.652 E.01111
;WIDTH:0.357089
G1 X102.659 Y63.451 E.00407
G1 X102.104 Y63.452 E.01125
G1 X102.813 Y64.145 F10800
;WIDTH:0.37837
G1 F4800
G1 X102.957 Y64.301 E.00458
;WIDTH:0.411095
G1 X103.105 Y64.418 E.00446
;WIDTH:0.449999
G1 X103.252 Y64.534 E.00488
G1 X121.42 Y82.702 E.66946
G1 X122.011 Y82.702 E.0154
G1 X103.905 Y64.596 E.66718
G1 X104.496 Y64.596 E.0154
G1 X122.602 Y82.702 E.66718
G1 X123.193 Y82.702 E.0154
G1 X105.087 Y64.596 E.66718
G1 X105.678 Y64.596 E.0154
G1 X123.784 Y82.702 E.66718
G1 X124.375 Y82.702 E.0154
G1 X106.269 Y64.596 E.66718
G1 X106.86 Y64.597 E.0154
G1 X124.965 Y82.702 E.66714
G1 X125.556 Y82.702 E.0154
G1 X107.451 Y64.597 E.66714
G1 X108.042 Y64.597 E.0154
G1 X126.147 Y82.702 E.66714
G1 X126.738 Y82.702 E.0154
G1 X108.633 Y64.597 E.66714
G1 X109.225 Y64.598 E.01543
G1 X127.329 Y82.702 E.6671
G1 X127.92 Y82.702 E.0154
G1 X109.816 Y64.598 E.6671
G1 X110.32 Y64.512 E.01332
G1 X128.511 Y82.702 E.67029
G1 X129.102 Y82.702 E.0154
G1 X110.658 Y64.258 E.67963
G1 X110.845 Y63.854 E.0116
G1 X129.692 Y82.702 E.6945
G1 X130.283 Y82.702 E.0154
G1 X111.079 Y63.498 E.70764
G1 X110.949 Y63.426 E.00387
;WIDTH:0.411095
G1 X110.818 Y63.355 E.00352
;WIDTH:0.37219
G1 X110.829 Y63.396 E.0009
G1 X110.758 Y63.415 E.00156
G1 X110.777 Y63.344 E.00156
G1 X111.67 Y63.498 F10800
;WIDTH:0.449999
G1 F4800
G1 X130.874 Y82.702 E.70764
G1 X131.465 Y82.702 E.0154
G1 X112.261 Y63.498 E.70764
G1 X112.852 Y63.498 E.0154
G1 X132.056 Y82.702 E.70764
G1 X132.647 Y82.702 E.0154
G1 X113.443 Y63.498 E.70764
G1 X114.034 Y63.498 E.0154
G1 X133.238 Y82.702 E.70764
G1 X133.829 Y82.702 E.0154
G1 X114.624 Y63.498 E.70765
G1 X115.215 Y63.498 E.0154
G1 X134.419 Y82.702 E.70764
G1 X135.01 Y82.702 E.0154
G1 X115.806 Y63.498 E.70764
G1 X116.397 Y63.498 E.0154
G1 X135.601 Y82.702 E.70764
G1 X136.192 Y82.702 E.0154
G1 X116.988 Y63.498 E.70764
G1 X117.579 Y63.498 E.0154
G1 X136.783 Y82.702 E.70764
G1 X137.374 Y82.702 E.0154
G1 X118.17 Y63.498 E.70764
G1 X118.76 Y63.498 E.01537
G1 X137.965 Y82.702 E.70765
G1 X138.555 Y82.702 E.01537
G1 X119.351 Y63.498 E.70764
G1 X119.942 Y63.498 E.0154
G1 X139.146 Y82.702 E.70764
G1 X139.737 Y82.702 E.0154
G1 X120.533 Y63.498 E.70764
G1 X121.124 Y63.498 E.0154
M73 P32 R38
M73 Q32 S38
G1 X140.328 Y82.702 E.70764
G1 X140.919 Y82.702 E.0154
G1 X121.715 Y63.498 E.70764
G1 X122.306 Y63.498 E.0154
G1 X141.51 Y82.702 E.70764
G1 X142.101 Y82.702 E.0154
G1 X122.897 Y63.498 E.70764
G1 X123.487 Y63.498 E.01537
G1 X142.692 Y82.702 E.70765
G1 X143.282 Y82.702 E.01537
G1 X124.078 Y63.498 E.70764
G1 X124.669 Y63.498 E.0154
G1 X143.873 Y82.702 E.70764
G1 X144.464 Y82.702 E.0154
G1 X125.26 Y63.498 E.70764
G1 X125.851 Y63.498 E.0154
G1 X145.055 Y82.702 E.70764
G1 X145.646 Y82.702 E.0154
G1 X126.442 Y63.498 E.70764
G1 X127.033 Y63.498 E.0154
G1 X146.237 Y82.702 E.70764
G1 X146.828 Y82.702 E.0154
G1 X127.624 Y63.498 E.70764
G1 X128.214 Y63.498 E.01537
M73 P32 R37
G1 X147.419 Y82.702 E.70765
G1 X148.009 Y82.702 E.01537
G1 X128.805 Y63.498 E.70764
G1 X129.396 Y63.498 E.0154
G1 X148.6 Y82.702 E.70764
G1 X149.191 Y82.702 E.0154
G1 X129.987 Y63.498 E.70764
G1 X130.578 Y63.498 E.0154
G1 X149.782 Y82.702 E.70764
G1 X150.373 Y82.702 E.0154
G1 X131.169 Y63.498 E.70764
G1 X131.76 Y63.498 E.0154
G1 X150.964 Y82.702 E.70764
G1 X151.555 Y82.702 E.0154
G1 X132.351 Y63.498 E.70764
G1 X132.941 Y63.498 E.01537
G1 X152.146 Y82.702 E.70765
G1 X152.736 Y82.702 E.01537
G1 X133.532 Y63.498 E.70764
G1 X134.123 Y63.498 E.0154
G1 X153.327 Y82.702 E.70764
G1 X153.918 Y82.702 E.0154
G1 X134.714 Y63.498 E.70764
G1 X135.305 Y63.498 E.0154
G1 X154.509 Y82.702 E.70764
G1 X155.1 Y82.702 E.0154
G1 X135.896 Y63.498 E.70764
G1 X136.487 Y63.498 E.0154
G1 X155.691 Y82.702 E.70764
G1 X156.282 Y82.702 E.0154
G1 X137.077 Y63.498 E.70765
G1 X137.668 Y63.498 E.0154
G1 X156.872 Y82.702 E.70764
G1 X157.463 Y82.702 E.0154
G1 X138.259 Y63.498 E.70764
G1 X138.194 Y63.394 E.0032
;WIDTH:0.411095
G1 X138.129 Y63.29 E.0029
;WIDTH:0.37219
G1 X138.14 Y63.331 E.0009
G1 X138.069 Y63.35 E.00156
G1 X138.088 Y63.279 E.00156
G1 X139.021 Y63.569 F10800
;WIDTH:0.591734
G1 F4800
G1 X139.078 Y63.669 E.00402
;WIDTH:0.547825
G1 X139.134 Y63.769 E.00369
;WIDTH:0.503917
G1 X139.191 Y63.868 E.00336
;WIDTH:0.460008
G1 X139.247 Y63.968 E.00306
;WIDTH:0.416099
G1 X139.303 Y64.068 E.00274
;WIDTH:0.37219
G1 X139.645 Y64.403 E.01015
;WIDTH:0.411095
G1 X139.792 Y64.495 E.0041
;WIDTH:0.449999
G1 X139.94 Y64.588 E.00455
G1 X158.054 Y82.702 E.66747
G1 X158.645 Y82.702 E.0154
G1 X140.532 Y64.589 E.66743
G1 X141.124 Y64.59 E.01543
G1 X159.236 Y82.702 E.6674
G1 X159.827 Y82.702 E.0154
G1 X141.715 Y64.591 E.66738
G1 X142.307 Y64.592 E.01543
G1 X160.418 Y82.702 E.66734
G1 X161.009 Y82.702 E.0154
G1 X142.899 Y64.592 E.66732
G1 X143.491 Y64.593 E.01543
G1 X161.599 Y82.702 E.66727
G1 X162.19 Y82.702 E.0154
G1 X144.083 Y64.594 E.66723
G1 X144.674 Y64.595 E.0154
G1 X162.781 Y82.702 E.66721
G1 X163.372 Y82.702 E.0154
G1 X145.266 Y64.596 E.66718
G1 X145.858 Y64.597 E.01543
G1 X163.963 Y82.702 E.66714
G1 X164.554 Y82.702 E.0154
G1 X146.446 Y64.594 E.66725
G1 X146.901 Y64.458 E.01237
G1 X165.145 Y82.702 E.67226
G1 X165.736 Y82.702 E.0154
G1 X147.209 Y64.175 E.68269
G1 X147.359 Y63.735 E.01211
M73 Q32 S37
G1 X166.326 Y82.702 E.6989
G1 X166.917 Y82.702 E.0154
G1 X147.713 Y63.498 E.70764
G1 X148.304 Y63.498 E.0154
G1 X167.508 Y82.702 E.70764
G1 X168.099 Y82.702 E.0154
G1 X148.895 Y63.498 E.70764
G1 X149.486 Y63.498 E.0154
G1 X168.69 Y82.702 E.70764
G1 X169.281 Y82.702 E.0154
G1 X150.077 Y63.498 E.70764
G1 X150.668 Y63.498 E.0154
G1 X169.872 Y82.702 E.70764
G1 X170.463 Y82.702 E.0154
G1 X151.259 Y63.498 E.70764
G1 X151.85 Y63.498 E.0154
G1 X171.053 Y82.702 E.70762
G1 X171.644 Y82.702 E.0154
G1 X152.44 Y63.498 E.70764
G1 X153.031 Y63.498 E.0154
G1 X172.235 Y82.702 E.70764
G1 X172.826 Y82.702 E.0154
G1 X153.622 Y63.498 E.70764
G1 X154.213 Y63.498 E.0154
G1 X173.417 Y82.702 E.70764
G1 X174.008 Y82.702 E.0154
G1 X154.804 Y63.498 E.70764
;WIPE_START
G1 F8640
G1 X157.254 Y65.948 E-.8
;WIPE_END
G1 Z1.2 F720
G1 X174.303 Y82.862 F10800
G1 Z.8 F720
G1 E.8 F2100
;WIDTH:0.37219
G1 F4800
G1 X174.641 Y83.119 E.009
;WIPE_START
G1 F8640
G1 X174.303 Y82.862 E-.09804
;WIPE_END
G1 E-.70196 F2100
G1 Z1.2 F720
G1 X146.74 Y145.413 F10800
G1 Z.8 F720
G1 E.8 F2100
;WIDTH:0.449999
G1 F4800
G1 X147.179 Y145.298 E.01182
G1 X174.151 Y145.298 E.70277
G1 X174.552 Y145.145 E.01118
G1 X174.917 Y144.747 E.01407
G1 X175.018 Y144.313 E.01161
G1 X175.018 Y83.712 E1.579
G1 X177.074 Y85.768 E.07576
G1 X177.221 Y85.768 E.00383
G1 X177.222 Y100.852 E.39302
G1 X177.061 Y100.858 E.0042
G1 X176.599 Y101 E.01259
G1 X176.261 Y101.349 E.01266
G1 X176.122 Y101.843 E.01337
G1 X176.122 Y108.285 E.16785
G1 X176.318 Y108.743 E.01298
G1 X176.689 Y109.048 E.01251
G1 X177.222 Y109.148 E.01413
G1 X177.22 Y146.5 E.97323
G1 X147.375 Y146.502 E.77763
G1 X147.35 Y146.138 E.00951
G1 X147.072 Y145.672 E.01414
G1 X146.905 Y145.542 E.00551
G1 X147.581 Y145.703 E.01811
;WIDTH:0.425327
G1 X174.188 Y145.703 E.65233
;WIDTH:0.449999
G1 X174.71 Y145.532 E.01431
G1 X174.947 Y145.362 E.0076
G1 X175.204 Y145.064 E.01025
G1 X175.341 Y144.796 E.00784
G1 X175.436 Y144.313 E.01283
G1 X175.436 Y108.904 E.92261
G1 X175.417 Y108.534 E.00965
;WIDTH:0.412674
G1 X175.398 Y108.163 E.00881
;WIDTH:0.375349
G1 X175.398 Y101.843 E.13525
;WIDTH:0.412674
G1 X175.417 Y101.505 E.00803
;WIDTH:0.449999
G1 X175.436 Y101.167 E.00882
G1 X175.436 Y84.721 E.42851
G1 X176.804 Y86.089 E.05041
G1 X176.804 Y100.492 E.37528
G1 X176.444 Y100.602 E.00981
G1 X176.038 Y100.947 E.01388
G1 X175.86 Y101.23 E.00871
G1 X175.801 Y101.536 E.00812
;WIDTH:0.412674
G1 X175.742 Y101.843 E.00742
;WIDTH:0.375349
G1 X175.742 Y108.309 E.13837
;WIDTH:0.412674
G1 X175.809 Y108.564 E.00626
;WIDTH:0.449999
G1 X175.876 Y108.82 E.00689
G1 X176.036 Y109.051 E.00732
G1 X176.444 Y109.398 E.01396
G1 X176.804 Y109.508 E.00981
G1 X176.802 Y146.082 E.95296
G1 X174.033 Y146.095 E.07215
;WIDTH:0.425327
G1 X147.752 Y146.097 E.64433
G1 X147.726 Y145.961 E.00339
G1 X147.683 Y145.885 E.00214
;WIPE_START
G1 F8640
G1 X147.726 Y145.961 E-.02016
G1 X147.752 Y146.097 E-.03197
G1 X150.991 Y146.097 E-.74787
;WIPE_END
G1 Z1.2 F720
G1 X175.882 Y109.725 F10800
G1 Z.8 F720
G1 E.8 F2100
;WIDTH:0.507512
G1 F4800
G1 X175.882 Y144.313 E1.02527
;WIDTH:0.506678
G1 X175.853 Y144.556 E.00724
;WIDTH:0.504585
G1 X175.76 Y144.837 E.00872
;WIDTH:0.477292
G1 X175.666 Y145.117 E.0082
;WIDTH:0.449999
G1 X175.263 Y145.635 E.0171
G1 X175.221 Y145.665 E.00134
G1 X176.385 Y145.665 E.03033
G1 X176.385 Y144.963 E.01829
M73 Q33 S37
;WIDTH:0.478339
G1 X176.371 Y144.638 E.00905
M73 P33 R37
;WIDTH:0.506678
G1 X176.356 Y144.313 E.00963
;WIDTH:0.507517
G1 X176.358 Y109.84 E1.02187
G1 X176.016 Y109.638 E.01177
G1 X175.882 Y109.516 E.00537
;WIPE_START
G1 F8640
G1 X176.016 Y109.638 E-.04184
G1 X176.358 Y109.84 E-.09171
G1 X176.358 Y112.726 E-.66645
;WIPE_END
G1 Z1.2 F720
G1 X175.882 Y86.008 F10800
G1 Z.8 F720
G1 E.8 F2100
;WIDTH:0.507184
G1 F4800
G1 X175.882 Y86.372 E.01078
;WIDTH:0.507517
G1 X175.882 Y100.484 E.41832
G1 X176.232 Y100.209 E.01319
G1 X176.358 Y100.16 E.00401
G1 X176.357 Y86.372 E.40871
;WIDTH:0.507184
G1 X176.357 Y86.274 E.0029
G1 X175.882 Y85.799 E.0199
;WIPE_START
G1 F8640
G1 X176.357 Y86.274 E-.15511
G1 X176.357 Y86.372 E-.02263
G1 X176.357 Y89.067 E-.62226
;WIPE_END
G1 Z1.2 F720
G1 X177.221 Y85.325 F10800
G1 Z.8 F720
G1 E.8 F2100
;WIDTH:0.449999
G1 F4800
G1 X155.395 Y63.498 E.80427
G1 X155.986 Y63.498 E.0154
G1 X177.221 Y84.734 E.78249
G1 X177.221 Y84.143 E.0154
G1 X156.577 Y63.499 E.7607
G1 X157.168 Y63.499 E.0154
G1 X177.221 Y83.552 E.73892
G1 X177.221 Y82.961 E.0154
G1 X157.759 Y63.499 E.71714
G1 X158.35 Y63.499 E.0154
G1 X177.221 Y82.37 E.69537
G1 X177.221 Y81.779 E.0154
G1 X158.94 Y63.499 E.67361
G1 X159.531 Y63.499 E.0154
G1 X177.221 Y81.188 E.65183
G1 X177.221 Y80.598 E.01537
G1 X160.122 Y63.499 E.63007
G1 X160.713 Y63.499 E.0154
G1 X177.221 Y80.007 E.60829
G1 X177.221 Y79.416 E.0154
G1 X161.304 Y63.499 E.58652
G1 X161.895 Y63.499 E.0154
G1 X177.221 Y78.825 E.56474
G1 X177.221 Y78.234 E.0154
G1 X162.486 Y63.499 E.54296
G1 X163.077 Y63.499 E.0154
G1 X177.221 Y77.643 E.52118
G1 X177.221 Y77.052 E.0154
G1 X163.668 Y63.499 E.49941
G1 X164.259 Y63.499 E.0154
G1 X177.221 Y76.461 E.47763
G1 X177.221 Y75.87 E.0154
G1 X164.849 Y63.499 E.45587
G1 X165.44 Y63.499 E.0154
G1 X177.221 Y75.279 E.43409
G1 X177.221 Y74.689 E.01537
G1 X166.031 Y63.499 E.41233
G1 X166.622 Y63.499 E.0154
G1 X177.221 Y74.098 E.39056
G1 X177.221 Y73.507 E.0154
G1 X167.213 Y63.499 E.36878
G1 X167.804 Y63.499 E.0154
G1 X177.221 Y72.916 E.347
G1 X177.221 Y72.325 E.0154
G1 X168.395 Y63.499 E.32522
G1 X168.986 Y63.499 E.0154
G1 X177.221 Y71.734 E.30345
G1 X177.221 Y71.143 E.0154
G1 X169.577 Y63.499 E.28167
G1 X170.168 Y63.499 E.0154
G1 X177.221 Y70.552 E.25989
G1 X177.221 Y69.961 E.0154
G1 X170.759 Y63.499 E.23811
G1 X171.349 Y63.499 E.01537
G1 X177.221 Y69.37 E.21636
G1 X177.22 Y68.78 E.01537
G1 X171.94 Y63.499 E.19458
G1 X172.531 Y63.499 E.0154
G1 X177.22 Y68.189 E.1728
G1 X177.22 Y67.598 E.0154
G1 X173.122 Y63.5 E.151
G1 X173.713 Y63.5 E.0154
G1 X177.22 Y67.007 E.12923
G1 X177.22 Y66.416 E.0154
G1 X174.304 Y63.5 E.10745
G1 X174.895 Y63.5 E.0154
G1 X177.22 Y65.825 E.08567
G1 X177.22 Y65.234 E.0154
G1 X175.486 Y63.5 E.0639
G1 X175.421 Y63.395 E.00322
;WIDTH:0.411095
G1 X175.355 Y63.291 E.00291
;WIDTH:0.37219
G1 X175.366 Y63.332 E.0009
G1 X175.295 Y63.351 E.00156
G1 X175.314 Y63.28 E.00156
G1 X176.229 Y63.563 F10800
;WIDTH:0.576003
G1 F4800
G1 X177.157 Y63.563 E.03147
G1 X177.157 Y64.491 E.03147
G1 X176.377 Y63.71 E.03743
;WIPE_START
G1 F8640
G1 X177.157 Y64.491 E-.25487
G1 X177.157 Y63.563 E-.21428
G1 X176.229 Y63.563 E-.21428
;WIPE_END
G1 E-.11657 F2100
G1 Z1.2 F720
G1 X78.663 Y146.302 F10800
G1 Z.8 F720
G1 E.8 F2100
;WIDTH:0.449999
G1 F4800
G1 X77.567 Y145.206 E.04039
;WIPE_START
G1 F8640
G1 X78.663 Y146.302 E-.35789
;WIPE_END
G1 E-.44211 F2100
G1 Z1.2 F720
G1 X78.566 Y146.623 F10800
G1 Z.8 F720
G1 E.8 F2100
;WIDTH:0.37219
G1 F4800
G1 X78.673 Y146.653 E.00236
;WIDTH:0.411095
G1 X78.839 Y146.577 E.00431
;WIDTH:0.449999
G1 X79.005 Y146.501 E.00476
G1 X79.073 Y146.018 E.01271
G1 X79.228 Y145.806 E.00684
G1 X79.169 Y145.626 E.00494
G1 X78.841 Y145.298 E.01209
G1 X102.291 Y145.298 E.61101
G1 X103.145 Y145.332 E.02227
G1 X103.268 Y145.391 E.00355
G1 X102.99 Y145.613 E.00927
G1 X102.685 Y146.036 E.01359
G1 X102.625 Y146.502 E.01224
G1 X79.214 Y146.501 E.60999
G1 X79.513 Y146.096 E.01312
;WIDTH:0.424646
G1 X79.628 Y145.869 E.00623
G1 X79.574 Y145.703 E.00427
G1 X79.822 Y145.703 E.00607
;WIDTH:0.425326
G1 X102.419 Y145.703 E.55401
G1 X102.348 Y145.81 E.00315
G1 X102.248 Y146.097 E.00745
G1 X79.722 Y146.096 E.55227
;WIPE_START
G1 F8640
G1 X83.187 Y146.096 E-.8
;WIPE_END
G1 Z1.2 F720
G1 X78.726 Y145.774 F10800
G1 Z.8 F720
G1 E.8 F2100
;WIDTH:0.449999
G1 F4800
G1 X78.25 Y145.298 E.01754
;LAYER_CHANGE
;Z:0.95
;HEIGHT:0.15
;BEFORE_LAYER_CHANGE
G92 E0.0
;0.95


;WIPE_START
G1 F8640
G1 X78.726 Y145.774 E-.15544
;WIPE_END
G1 E-.64456 F2100
G1 Z.95 F720
;AFTER_LAYER_CHANGE
;0.95
G1 Z1.35
G1 X174.467 Y144.745 F10800
G1 Z.95 F720
G1 E.8 F2100
M204 S800
;TYPE:Perimeter
G1 F2700
G1 X174.392 Y144.832 E.00299
G1 X174.036 Y144.943 E.00972
G1 X147.16 Y144.943 E.70027
;WIDTH:0.499571
G1 X146.972 Y144.968 E.00553
;WIDTH:0.549142
G1 X146.783 Y144.992 E.00614
;WIDTH:0.598713
G1 X146.595 Y145.017 E.0067
;WIDTH:0.648284
G1 X146.406 Y145.042 E.00732
G1 X140.074 Y145.042 E.24328
G1 X139.885 Y145.017 E.00732
;WIDTH:0.598713
G1 X139.697 Y144.992 E.0067
;WIDTH:0.549142
G1 X139.508 Y144.968 E.00614
;WIDTH:0.499571
G1 X139.32 Y144.943 E.00553
;WIDTH:0.449999
G1 X110.68 Y144.943 E.74624
;WIDTH:0.499571
G1 X110.492 Y144.968 E.00553
;WIDTH:0.549142
G1 X110.303 Y144.992 E.00614
;WIDTH:0.598713
G1 X110.115 Y145.017 E.0067
;WIDTH:0.648284
G1 X109.926 Y145.042 E.00732
G1 X103.594 Y145.042 E.24328
G1 X103.405 Y145.017 E.00732
;WIDTH:0.598713
G1 X103.217 Y144.992 E.0067
;WIDTH:0.549142
G1 X103.028 Y144.968 E.00614
;WIDTH:0.499571
G1 X102.84 Y144.943 E.00553
;WIDTH:0.449999
G1 X77.964 Y144.943 E.64816
G1 X77.676 Y144.873 E.00772
G1 X77.471 Y144.703 E.00694
G1 X77.367 Y144.507 E.00578
G1 X77.337 Y144.316 E.00504
G1 X77.337 Y83.684 E1.57981
G1 X77.411 Y83.389 E.00792
G1 X77.588 Y83.183 E.00708
G1 X77.894 Y83.057 E.00862
G1 X174.036 Y83.057 E2.50505
G1 X174.331 Y83.131 E.00792
G1 X174.49 Y83.252 E.00521
G1 X174.615 Y83.443 E.00595
G1 X174.663 Y83.684 E.0064
G1 X174.663 Y144.316 E1.57981
G1 X174.598 Y144.593 E.00741
G1 X174.506 Y144.7 E.00368
M204 S1000
G1 X174.169 Y144.449 F10800
M204 S800
;TYPE:External perimeter
G1 F1500
G1 X174.068 Y144.525 E.00329
G1 X77.964 Y144.525 E2.50406
G1 X77.8 Y144.445 E.00475
G1 X77.755 Y144.316 E.00356
G1 X77.755 Y83.684 E1.57981
G1 X77.807 Y83.547 E.00382
G1 X77.964 Y83.475 E.0045
G1 X174.036 Y83.475 E2.50323
G1 X174.187 Y83.54 E.00428
M73 P34 R36
M73 Q34 S37
G1 X174.245 Y83.684 E.00404
G1 X174.245 Y144.316 E1.57981
G1 X174.223 Y144.408 E.00246
G1 X174.217 Y144.413 E.0002
M204 S1000
;WIPE_START
G1 F8640
G1 X174.169 Y144.449 E-.01385
G1 X174.068 Y144.525 E-.02919
G1 X170.79 Y144.525 E-.75696
;WIPE_END
G1 Z1.35 F720
G1 X146.842 Y145.952 F10800
G1 Z.95 F720
G1 E.8 F2100
M204 S800
;TYPE:Perimeter
G1 F2700
G1 X146.81 Y145.904 E.0015
;WIDTH:0.499571
G1 X146.709 Y145.843 E.00344
;WIDTH:0.549142
G1 X146.608 Y145.781 E.00382
;WIDTH:0.598713
G1 X146.507 Y145.72 E.00417
;WIDTH:0.648284
G1 X146.406 Y145.658 E.00455
G1 X140.074 Y145.658 E.24328
G1 X139.973 Y145.72 E.00455
;WIDTH:0.598713
G1 X139.872 Y145.781 E.00417
;WIDTH:0.549142
G1 X139.771 Y145.843 E.00382
;WIDTH:0.499571
G1 X139.67 Y145.904 E.00344
;WIDTH:0.449999
G1 X139.477 Y146.192 E.00903
G1 X139.447 Y146.857 E.01734
G1 X110.553 Y146.857 E.75285
G1 X110.523 Y146.192 E.01734
G1 X110.33 Y145.904 E.00903
;WIDTH:0.499571
G1 X110.229 Y145.843 E.00344
;WIDTH:0.549142
G1 X110.128 Y145.781 E.00382
;WIDTH:0.598713
G1 X110.027 Y145.72 E.00417
;WIDTH:0.648284
G1 X109.926 Y145.658 E.00455
G1 X103.594 Y145.658 E.24328
G1 X103.493 Y145.72 E.00455
;WIDTH:0.598713
G1 X103.392 Y145.781 E.00417
;WIDTH:0.549142
G1 X103.291 Y145.843 E.00382
;WIDTH:0.499571
G1 X103.19 Y145.904 E.00344
;WIDTH:0.449999
G1 X102.997 Y146.192 E.00903
G1 X102.967 Y146.857 E.01734
G1 X72.546 Y146.857 E.79264
G1 X72.423 Y146.734 E.00453
G1 X72.423 Y108.793 E.98858
G1 X72.896 Y108.793 E.01232
G1 X73.162 Y108.734 E.0071
G1 X73.299 Y108.646 E.00424
G1 X73.493 Y108.356 E.00909
G1 X73.523 Y108.166 E.00501
G1 X73.523 Y101.834 E.16498
G1 X73.493 Y101.644 E.00501
G1 X73.413 Y101.479 E.00478
G1 X73.162 Y101.266 E.00858
G1 X72.896 Y101.207 E.0071
G1 X72.423 Y101.207 E.01232
G1 X72.423 Y63.266 E.98858
G1 X72.546 Y63.143 E.00453
G1 X102.967 Y63.143 E.79264
G1 X102.967 Y63.616 E.01232
G1 X103.065 Y63.952 E.00912
G1 X103.178 Y64.085 E.00455
G1 X103.316 Y64.178 E.00434
G1 X103.594 Y64.243 E.00744
G1 X109.969 Y64.243 E.16611
G1 X110.261 Y64.146 E.00802
G1 X110.455 Y63.952 E.00715
G1 X110.553 Y63.616 E.00912
G1 X110.553 Y63.143 E.01232
G1 X139.447 Y63.143 E.75285
G1 X139.447 Y63.616 E.01232
G1 X139.545 Y63.952 E.00912
G1 X139.658 Y64.085 E.00455
G1 X139.796 Y64.178 E.00434
G1 X140.074 Y64.243 E.00744
G1 X146.449 Y64.243 E.16611
G1 X146.741 Y64.146 E.00802
G1 X146.935 Y63.952 E.00715
G1 X147.033 Y63.616 E.00912
G1 X147.033 Y63.143 E.01232
G1 X177.454 Y63.143 E.79264
G1 X177.577 Y63.266 E.00453
M73 Q34 S36
G1 X177.577 Y101.207 E.98858
G1 X177.104 Y101.207 E.01232
G1 X176.808 Y101.281 E.00795
G1 X176.58 Y101.489 E.00804
G1 X176.477 Y101.834 E.00938
G1 X176.477 Y108.166 E.16498
G1 X176.58 Y108.511 E.00938
G1 X176.808 Y108.719 E.00804
G1 X177.104 Y108.793 E.00795
G1 X177.577 Y108.793 E.01232
G1 X177.577 Y146.734 E.98858
G1 X177.454 Y146.857 E.00453
G1 X147.033 Y146.857 E.79264
G1 X147.003 Y146.192 E.01734
G1 X146.875 Y146.002 E.00597
M204 S1000
G1 X146.551 Y146.246 F10800
M204 S800
;TYPE:External perimeter
G1 F1500
G1 X146.541 Y146.224 E.00063
G1 X146.406 Y146.175 E.00374
G1 X140.074 Y146.175 E.16498
G1 X139.939 Y146.224 E.00374
G1 X139.865 Y146.384 E.00459
G1 X139.865 Y147.275 E.02322
G1 X110.135 Y147.275 E.77464
G1 X110.135 Y146.384 E.02322
G1 X110.061 Y146.224 E.00459
G1 X109.926 Y146.175 E.00374
G1 X103.594 Y146.175 E.16498
G1 X103.459 Y146.224 E.00374
G1 X103.385 Y146.384 E.00459
G1 X103.385 Y147.275 E.02322
G1 X72.373 Y147.275 E.80804
G1 X72.005 Y146.907 E.01356
G1 X72.005 Y108.375 E1.00398
G1 X72.896 Y108.375 E.02322
G1 X73.03 Y108.326 E.00372
G1 X73.105 Y108.166 E.0046
G1 X73.105 Y101.834 E.16498
G1 X73.03 Y101.674 E.0046
G1 X72.896 Y101.625 E.00372
G1 X72.005 Y101.625 E.02322
G1 X72.005 Y63.093 E1.00398
G1 X72.373 Y62.725 E.01356
G1 X103.385 Y62.725 E.80804
G1 X103.385 Y63.616 E.02322
G1 X103.455 Y63.772 E.00446
G1 X103.594 Y63.825 E.00388
G1 X109.926 Y63.825 E.16498
G1 X110.065 Y63.772 E.00388
G1 X110.135 Y63.616 E.00446
G1 X110.135 Y62.725 E.02322
G1 X139.865 Y62.725 E.77464
G1 X139.865 Y63.616 E.02322
G1 X139.935 Y63.772 E.00446
G1 X140.074 Y63.825 E.00388
G1 X146.406 Y63.825 E.16498
G1 X146.545 Y63.772 E.00388
G1 X146.615 Y63.616 E.00446
G1 X146.615 Y62.725 E.02322
G1 X177.627 Y62.725 E.80804
G1 X177.995 Y63.093 E.01356
G1 X177.995 Y101.625 E1.00398
G1 X177.005 Y101.65 E.0258
G1 X176.929 Y101.719 E.00267
G1 X176.895 Y101.834 E.00312
G1 X176.895 Y108.198 E.16582
G1 X177.005 Y108.35 E.00489
G1 X177.104 Y108.375 E.00266
G1 X177.995 Y108.375 E.02322
G1 X177.995 Y146.907 E1.00398
G1 X177.627 Y147.275 E.01356
G1 X146.615 Y147.275 E.80804
G1 X146.615 Y146.384 E.02322
G1 X146.576 Y146.3 E.00241
M204 S1000
;WIPE_START
G1 F8640
G1 X146.551 Y146.246 E-.01374
G1 X146.541 Y146.224 E-.00558
G1 X146.406 Y146.175 E-.03316
G1 X143.169 Y146.175 E-.74752
;WIPE_END
G1 Z1.35 F720
G1 X149.95 Y146.502 F10800
G1 Z.95 F720
G1 E.8 F2100
;TYPE:Internal infill
;WIDTH:0.45
G1 F4800
G1 X147.45 Y146.502 E.06514
G1 X148.128 Y145.298 E.036
G1 X150.29 Y145.298 E.05633
G1 X150.552 Y145.47 E.00817
G1 X151.001 Y145.924 E.01664
G1 X151.352 Y146.502 E.01762
G1 X154.623 Y146.502 E.08523
G1 X155.301 Y145.298 E.036
G1 X157.462 Y145.298 E.05631
G1 X157.725 Y145.47 E.00819
G1 X158.173 Y145.924 E.01662
G1 X158.525 Y146.501 E.01761
G1 X161.796 Y146.501 E.08523
G1 X162.474 Y145.298 E.03598
G1 X164.635 Y145.298 E.05631
G1 X164.898 Y145.47 E.00819
G1 X165.346 Y145.924 E.01662
G1 X165.697 Y146.501 E.0176
G1 X168.969 Y146.501 E.08525
G1 X169.646 Y145.298 E.03597
G1 X171.807 Y145.298 E.05631
G1 X172.07 Y145.47 E.00819
G1 X172.519 Y145.924 E.01664
G1 X172.87 Y146.501 E.0176
G1 X176.142 Y146.5 E.08525
G1 X177.001 Y144.936 E.04649
G1 X177.22 Y144.837 E.00626
G1 X177.22 Y143.529 E.03408
G1 X177.001 Y143.963 E.01267
G1 X176.553 Y144.165 E.0128
G1 X176.105 Y144.08 E.01188
G1 X175.018 Y143.598 E.03098
G1 X175.018 Y140.212 E.08822
G1 X175.657 Y139.842 E.01924
G1 X176.105 Y139.389 E.0166
G1 X177.001 Y137.763 E.04837
G1 X177.221 Y137.665 E.00628
G1 X177.221 Y136.356 E.03411
G1 X177.001 Y136.79 E.01268
G1 X176.553 Y136.992 E.0128
G1 X176.105 Y136.907 E.01188
G1 X175.018 Y136.425 E.03098
G1 X175.018 Y133.04 E.0882
G1 X175.657 Y132.669 E.01925
G1 X176.105 Y132.216 E.0166
G1 X177.001 Y130.591 E.04835
G1 X177.221 Y130.492 E.00629
G1 X177.221 Y129.182 E.03413
G1 X177.001 Y129.618 E.01272
G1 X176.553 Y129.819 E.01279
G1 X176.105 Y129.735 E.01188
G1 X175.018 Y129.252 E.03099
G1 X175.018 Y125.867 E.0882
G1 X175.657 Y125.497 E.01924
G1 X176.105 Y125.043 E.01662
G1 X177.001 Y123.418 E.04835
G1 X177.221 Y123.319 E.00629
G1 X177.221 Y122.009 E.03413
G1 X177.001 Y122.445 E.01272
G1 X176.553 Y122.647 E.0128
G1 X176.105 Y122.562 E.01188
G1 X175.018 Y122.08 E.03098
G1 X175.018 Y118.694 E.08822
G1 X175.657 Y118.324 E.01924
G1 X176.105 Y117.871 E.0166
G1 X177.001 Y116.246 E.04835
G1 X177.222 Y116.146 E.00632
M73 Q35 S36
G1 X177.222 Y114.836 E.03413
G1 X177.001 Y115.272 E.01274
G1 X176.553 Y115.474 E.0128
G1 X176.105 Y115.389 E.01188
G1 X175.018 Y114.907 E.03098
G1 X175.018 Y111.522 E.0882
G1 X175.657 Y111.152 E.01924
G1 X176.105 Y110.698 E.01662
G1 X176.977 Y109.121 E.04695
G1 X176.638 Y109.036 E.00911
M73 P35 R36
G1 X176.282 Y108.711 E.01256
G1 X176.126 Y108.221 E.0134
G1 X175.208 Y107.86 E.0257
G1 X175.018 Y107.735 E.00593
G1 X175.018 Y104.349 E.08822
G1 X175.657 Y103.979 E.01924
G1 X176.122 Y103.497 E.01745
G1 X176.122 Y105.997 E.06514
;WIPE_START
G1 F8640
G1 X176.122 Y103.497 E-.57726
G1 X175.657 Y103.979 E-.15464
G1 X175.402 Y104.127 E-.0681
;WIPE_END
G1 Z1.35 F720
G1 X177.222 Y97.99 F10800
G1 Z.95 F720
G1 E.8 F2100
G1 F4800
G1 X177.222 Y100.49 E.06514
G1 X177.033 Y100.865 E.01094
G1 X176.638 Y100.964 E.01061
G1 X176.474 Y101.114 E.00579
G1 X176.105 Y101.044 E.00979
G1 X175.018 Y100.562 E.03098
G1 X175.018 Y97.176 E.08822
G1 X175.657 Y96.806 E.01924
G1 X176.105 Y96.353 E.0166
G1 X177.001 Y94.728 E.04835
G1 X177.222 Y94.629 E.00631
G1 X177.222 Y93.318 E.03416
G1 X177.001 Y93.755 E.01276
G1 X176.553 Y93.956 E.01279
G1 X176.105 Y93.872 E.01188
G1 X175.018 Y93.389 E.03099
G1 X175.018 Y90.004 E.0882
G1 X175.657 Y89.634 E.01924
G1 X176.105 Y89.18 E.01662
G1 X177.001 Y87.555 E.04835
G1 X177.221 Y87.456 E.00629
G1 X177.221 Y86.146 E.03413
G1 X177.001 Y86.582 E.01272
G1 X176.553 Y86.784 E.0128
G1 X176.105 Y86.699 E.01188
G1 X175.018 Y86.217 E.03098
G1 X175.018 Y88.717 E.06514
;WIPE_START
G1 F8640
G1 X175.018 Y86.217 E-.57726
G1 X175.9 Y86.608 E-.22274
;WIPE_END
G1 Z1.35 F720
G1 X139.157 Y146.047 F10800
G1 Z.95 F720
G1 E.8 F2100
G1 F4800
G1 X139.092 Y146.502 E.01198
G1 X137.056 Y146.502 E.05305
G1 X136.656 Y145.924 E.01831
G1 X136.207 Y145.47 E.01664
G1 X135.944 Y145.298 E.00819
G1 X133.783 Y145.298 E.05631
G1 X133.105 Y146.502 E.036
G1 X129.884 Y146.502 E.08393
G1 X129.483 Y145.924 E.01833
G1 X129.035 Y145.47 E.01662
G1 X128.772 Y145.298 E.00819
G1 X126.611 Y145.298 E.05631
G1 X125.933 Y146.502 E.036
G1 X122.711 Y146.502 E.08395
G1 X122.31 Y145.924 E.01833
G1 X121.862 Y145.47 E.01662
G1 X121.599 Y145.298 E.00819
G1 X119.438 Y145.298 E.05631
G1 X118.76 Y146.502 E.036
G1 X115.538 Y146.502 E.08395
G1 X115.138 Y145.924 E.01831
G1 X114.689 Y145.47 E.01664
G1 X114.427 Y145.298 E.00817
G1 X112.265 Y145.298 E.05633
G1 X111.587 Y146.502 E.036
G1 X110.908 Y146.502 E.01769
G1 X110.861 Y146.074 E.01122
G1 X110.571 Y145.642 E.01356
G1 X110.26 Y145.413 E.01006
G1 X110.727 Y145.298 E.01253
;WIPE_START
G1 F8640
G1 X110.26 Y145.413 E-.11105
G1 X110.571 Y145.642 E-.08918
G1 X110.861 Y146.074 E-.12014
G1 X110.908 Y146.502 E-.09942
G1 X111.587 Y146.502 E-.15678
G1 X112.062 Y145.659 E-.22343
;WIPE_END
G1 Z1.35 F720
G1 X103.015 Y145.598 F10800
G1 Z.95 F720
G1 E.8 F2100
G1 F4800
G1 X102.659 Y146.074 E.01549
G1 X102.612 Y146.502 E.01122
G1 X101.144 Y146.502 E.03825
G1 X100.792 Y145.924 E.01763
G1 X100.344 Y145.47 E.01662
G1 X100.081 Y145.298 E.00819
G1 X97.92 Y145.298 E.05631
G1 X97.242 Y146.502 E.036
G1 X93.971 Y146.502 E.08523
G1 X93.62 Y145.924 E.01762
G1 X93.172 Y145.47 E.01662
G1 X92.909 Y145.298 E.00819
G1 X90.748 Y145.298 E.05631
G1 X90.07 Y146.501 E.03598
G1 X86.799 Y146.501 E.08523
G1 X86.447 Y145.924 E.01761
G1 X85.999 Y145.47 E.01662
G1 X85.736 Y145.298 E.00819
G1 X83.575 Y145.298 E.05631
G1 X82.898 Y146.501 E.03597
G1 X79.626 Y146.501 E.08525
G1 X79.275 Y145.924 E.0176
G1 X78.826 Y145.47 E.01664
G1 X78.564 Y145.298 E.00817
G1 X77.946 Y145.298 E.0161
G1 X77.513 Y145.192 E.01162
G1 X77.033 Y144.734 E.01729
G1 X76.585 Y144.936 E.0128
G1 X75.725 Y146.5 E.04651
G1 X73.225 Y146.5 E.06514
;WIPE_START
G1 F8640
G1 X75.725 Y146.5 E-.57726
G1 X76.19 Y145.655 E-.22274
;WIPE_END
G1 Z1.35 F720
G1 X76.982 Y140.675 F10800
G1 Z.95 F720
G1 E.8 F2100
G1 F4800
G1 X76.982 Y143.175 E.06514
G1 X76.585 Y143.963 E.02299
G1 X76.137 Y144.165 E.0128
G1 X75.688 Y144.08 E.01191
G1 X74.792 Y143.723 E.02513
G1 X74.343 Y143.428 E.014
G1 X73.895 Y142.975 E.0166
G1 X72.999 Y141.35 E.04835
G1 X72.78 Y141.251 E.00626
G1 X72.779 Y139.942 E.03411
G1 X72.999 Y140.376 E.01268
G1 X73.447 Y140.578 E.0128
G1 X73.895 Y140.494 E.01188
G1 X74.792 Y140.136 E.02516
G1 X75.24 Y139.842 E.01396
G1 X75.688 Y139.389 E.0166
G1 X76.585 Y137.763 E.04839
G1 X76.982 Y137.585 E.01134
G1 X76.982 Y140.085 E.06514
;WIPE_START
G1 F8640
G1 X76.982 Y137.585 E-.57726
G1 X76.585 Y137.763 E-.10046
G1 X76.329 Y138.227 E-.12228
;WIPE_END
G1 Z1.35 F720
G1 X76.982 Y133.503 F10800
G1 Z.95 F720
G1 E.8 F2100
G1 F4800
G1 X76.982 Y136.003 E.06514
G1 X76.585 Y136.79 E.02297
G1 X76.137 Y136.992 E.0128
G1 X75.688 Y136.907 E.01191
G1 X74.792 Y136.55 E.02513
G1 X74.343 Y136.256 E.01398
G1 X73.895 Y135.802 E.01662
G1 X72.999 Y134.177 E.04835
G1 X72.779 Y134.078 E.00629
G1 X72.779 Y132.769 E.03411
G1 X72.999 Y133.204 E.0127
G1 X73.447 Y133.406 E.0128
G1 X73.895 Y133.321 E.01188
G1 X74.792 Y132.964 E.02516
G1 X75.24 Y132.669 E.01398
G1 X75.688 Y132.216 E.0166
G1 X76.585 Y130.591 E.04836
G1 X76.982 Y130.412 E.01135
G1 X76.982 Y132.912 E.06514
;WIPE_START
G1 F8640
G1 X76.982 Y130.412 E-.57726
G1 X76.585 Y130.591 E-.10056
G1 X76.329 Y131.054 E-.12218
;WIPE_END
G1 Z1.35 F720
G1 X76.982 Y126.33 F10800
G1 Z.95 F720
G1 E.8 F2100
G1 F4800
G1 X76.982 Y128.83 E.06514
G1 X76.585 Y129.618 E.02299
G1 X76.137 Y129.819 E.01279
G1 X75.688 Y129.735 E.0119
G1 X74.792 Y129.377 E.02514
G1 X74.343 Y129.083 E.01398
G1 X73.895 Y128.63 E.0166
G1 X72.999 Y127.004 E.04837
G1 X72.779 Y126.906 E.00628
G1 X72.779 Y125.595 E.03416
G1 X72.999 Y126.031 E.01272
G1 X73.447 Y126.233 E.0128
G1 X73.895 Y126.148 E.01188
G1 X74.792 Y125.791 E.02516
G1 X75.24 Y125.497 E.01396
G1 X75.688 Y125.043 E.01662
G1 X76.585 Y123.418 E.04836
G1 X76.982 Y123.239 E.01135
G1 X76.982 Y125.739 E.06514
;WIPE_START
G1 F8640
G1 X76.982 Y123.239 E-.57726
G1 X76.585 Y123.418 E-.10056
G1 X76.329 Y123.881 E-.12218
;WIPE_END
G1 Z1.35 F720
G1 X76.982 Y119.158 F10800
G1 Z.95 F720
G1 E.8 F2100
G1 F4800
G1 X76.982 Y121.658 E.06514
G1 X76.585 Y122.445 E.02297
G1 X76.137 Y122.647 E.0128
G1 X75.688 Y122.562 E.01191
G1 X74.792 Y122.205 E.02513
G1 X74.343 Y121.911 E.01398
G1 X73.895 Y121.457 E.01662
G1 X72.999 Y119.832 E.04835
G1 X72.778 Y119.733 E.00631
G1 X72.778 Y118.422 E.03416
G1 X72.999 Y118.859 E.01276
G1 X73.447 Y119.06 E.01279
G1 X73.895 Y118.976 E.01188
G1 X74.792 Y118.618 E.02516
G1 X75.24 Y118.324 E.01396
G1 X75.688 Y117.871 E.0166
G1 X76.585 Y116.246 E.04836
G1 X76.982 Y116.067 E.01135
G1 X76.982 Y118.567 E.06514
;WIPE_START
G1 F8640
G1 X76.982 Y116.067 E-.57726
G1 X76.585 Y116.246 E-.10056
G1 X76.329 Y116.709 E-.12218
;WIPE_END
G1 Z1.35 F720
G1 X76.982 Y111.985 F10800
G1 Z.95 F720
G1 E.8 F2100
G1 F4800
G1 X76.982 Y114.485 E.06514
G1 X76.585 Y115.272 E.02297
G1 X76.137 Y115.474 E.0128
G1 X75.688 Y115.389 E.01191
G1 X74.792 Y115.032 E.02513
G1 X74.343 Y114.738 E.01398
G1 X73.895 Y114.284 E.01662
G1 X72.999 Y112.659 E.04835
G1 X72.778 Y112.56 E.00631
G1 X72.778 Y111.249 E.03416
G1 X72.999 Y111.686 E.01276
G1 X73.447 Y111.888 E.0128
G1 X73.895 Y111.803 E.01188
G1 X74.792 Y111.446 E.02516
G1 X75.24 Y111.152 E.01396
G1 X75.688 Y110.698 E.01662
G1 X76.585 Y109.073 E.04836
G1 X76.982 Y108.894 E.01135
G1 X76.982 Y111.394 E.06514
;WIPE_START
G1 F8640
G1 X76.982 Y108.894 E-.57726
G1 X76.585 Y109.073 E-.10056
G1 X76.329 Y109.536 E-.12218
;WIPE_END
G1 Z1.35 F720
G1 X76.982 Y104.812 F10800
G1 Z.95 F720
G1 E.8 F2100
G1 F4800
G1 X76.982 Y107.312 E.06514
G1 X76.585 Y108.1 E.02299
G1 X76.137 Y108.301 E.01279
G1 X75.688 Y108.217 E.0119
G1 X74.792 Y107.86 E.02513
G1 X74.343 Y107.565 E.014
G1 X73.895 Y107.112 E.0166
G1 X73.878 Y104.634 E.06457
G1 X74.792 Y104.273 E.02561
G1 X75.24 Y103.979 E.01396
G1 X75.688 Y103.525 E.01662
G1 X76.585 Y101.9 E.04836
G1 X76.982 Y101.722 E.01134
G1 X76.982 Y104.222 E.06514
;WIPE_START
G1 F8640
G1 X76.982 Y101.722 E-.57726
G1 X76.585 Y101.9 E-.10046
G1 X76.329 Y102.364 E-.12228
;WIPE_END
G1 Z1.35 F720
G1 X76.982 Y97.64 F10800
G1 Z.95 F720
G1 E.8 F2100
G1 F4800
G1 X76.982 Y100.14 E.06514
G1 X76.585 Y100.927 E.02297
G1 X76.137 Y101.129 E.0128
G1 X75.688 Y101.044 E.01191
G1 X74.792 Y100.687 E.02513
G1 X74.343 Y100.393 E.01398
G1 X73.895 Y99.939 E.01662
G1 X72.999 Y98.314 E.04835
G1 X72.778 Y98.215 E.00631
G1 X72.778 Y96.904 E.03416
G1 X72.999 Y97.341 E.01276
G1 X73.447 Y97.543 E.0128
G1 X73.895 Y97.458 E.01188
G1 X74.792 Y97.101 E.02516
G1 X75.24 Y96.806 E.01398
G1 X75.688 Y96.353 E.0166
G1 X76.585 Y94.728 E.04836
G1 X76.982 Y94.549 E.01135
G1 X76.982 Y97.049 E.06514
;WIPE_START
G1 F8640
G1 X76.982 Y94.549 E-.57726
G1 X76.585 Y94.728 E-.10056
G1 X76.329 Y95.191 E-.12218
;WIPE_END
G1 Z1.35 F720
G1 X76.982 Y90.467 F10800
G1 Z.95 F720
G1 E.8 F2100
G1 F4800
G1 X76.982 Y92.967 E.06514
G1 X76.585 Y93.755 E.02299
G1 X76.137 Y93.956 E.01279
G1 X75.688 Y93.872 E.0119
G1 X74.792 Y93.514 E.02514
G1 X74.343 Y93.22 E.01398
G1 X73.895 Y92.767 E.0166
G1 X72.999 Y91.141 E.04837
G1 X72.778 Y91.042 E.00631
G1 X72.778 Y89.732 E.03413
G1 X72.999 Y90.168 E.01274
G1 X73.447 Y90.37 E.0128
G1 X73.895 Y90.285 E.01188
G1 X74.792 Y89.928 E.02516
G1 X75.24 Y89.634 E.01396
G1 X75.688 Y89.18 E.01662
G1 X76.585 Y87.555 E.04836
G1 X76.982 Y87.376 E.01135
G1 X76.982 Y89.876 E.06514
;WIPE_START
G1 F8640
G1 X76.982 Y87.376 E-.57726
G1 X76.585 Y87.555 E-.10056
G1 X76.329 Y88.018 E-.12218
;WIPE_END
G1 Z1.35 F720
G1 X77.064 Y83.306 F10800
G1 Z.95 F720
G1 E.8 F2100
G1 F4800
G1 X76.982 Y83.675 E.00985
G1 X76.982 Y85.795 E.05524
G1 X76.585 Y86.582 E.02297
G1 X76.137 Y86.784 E.0128
G1 X75.688 Y86.699 E.01191
G1 X74.792 Y86.342 E.02513
G1 X74.343 Y86.047 E.014
G1 X73.895 Y85.594 E.0166
G1 X72.999 Y83.969 E.04835
G1 X72.779 Y83.87 E.00629
G1 X72.779 Y82.56 E.03413
G1 X72.999 Y82.996 E.01272
G1 X73.447 Y83.197 E.01279
G1 X73.895 Y83.113 E.01188
G1 X74.792 Y82.755 E.02516
G1 X75.24 Y82.461 E.01396
G1 X75.688 Y82.008 E.0166
G1 X76.585 Y80.382 E.04839
G1 X77.033 Y80.181 E.01279
G1 X77.481 Y80.265 E.01188
G1 X78.378 Y80.623 E.02516
G1 X78.826 Y80.917 E.01396
G1 X79.275 Y81.37 E.01662
G1 X80.023 Y82.702 E.0398
G1 X82.046 Y82.702 E.05271
G1 X82.413 Y82.461 E.01144
G1 X82.861 Y82.008 E.0166
G1 X83.758 Y80.382 E.04839
G1 X84.206 Y80.181 E.01279
G1 X84.654 Y80.265 E.01188
G1 X85.551 Y80.623 E.02516
G1 X85.999 Y80.917 E.01396
G1 X86.447 Y81.37 E.0166
G1 X87.196 Y82.702 E.03982
G1 X89.218 Y82.702 E.05268
G1 X89.585 Y82.461 E.01144
G1 X90.034 Y82.008 E.01662
G1 X90.93 Y80.382 E.04837
G1 X91.378 Y80.181 E.01279
G1 X91.827 Y80.265 E.0119
G1 X92.723 Y80.623 E.02514
G1 X93.172 Y80.917 E.01398
G1 X93.62 Y81.37 E.0166
G1 X94.368 Y82.702 E.0398
G1 X96.391 Y82.702 E.05271
G1 X96.758 Y82.461 E.01144
G1 X97.206 Y82.008 E.0166
G1 X98.103 Y80.382 E.04839
G1 X98.551 Y80.181 E.01279
G1 X98.999 Y80.265 E.01188
G1 X99.896 Y80.623 E.02516
G1 X100.344 Y80.917 E.01396
G1 X100.792 Y81.37 E.0166
G1 X101.541 Y82.702 E.03982
G1 X103.563 Y82.702 E.05268
G1 X103.93 Y82.461 E.01144
G1 X104.379 Y82.008 E.01662
G1 X105.275 Y80.382 E.04837
G1 X105.724 Y80.181 E.01282
G1 X106.172 Y80.265 E.01188
G1 X107.069 Y80.623 E.02516
G1 X107.517 Y80.917 E.01396
G1 X107.965 Y81.37 E.0166
G1 X108.714 Y82.702 E.03982
G1 X110.736 Y82.702 E.05268
G1 X111.103 Y82.461 E.01144
G1 X111.551 Y82.008 E.0166
G1 X112.448 Y80.382 E.04839
G1 X112.896 Y80.181 E.01279
G1 X113.345 Y80.265 E.0119
G1 X114.241 Y80.623 E.02514
G1 X114.689 Y80.917 E.01396
G1 X115.138 Y81.37 E.01662
G1 X115.886 Y82.702 E.0398
G1 X117.909 Y82.702 E.05271
G1 X118.276 Y82.461 E.01144
G1 X118.724 Y82.008 E.0166
G1 X119.621 Y80.382 E.04839
G1 X120.069 Y80.181 E.01279
G1 X120.517 Y80.265 E.01188
G1 X121.414 Y80.623 E.02516
G1 X121.862 Y80.917 E.01396
G1 X122.31 Y81.37 E.0166
G1 X123.059 Y82.702 E.03982
G1 X125.081 Y82.702 E.05268
G1 X125.448 Y82.461 E.01144
G1 X125.897 Y82.008 E.01662
G1 X126.793 Y80.382 E.04837
G1 X127.241 Y80.181 E.01279
G1 X127.69 Y80.265 E.0119
G1 X128.586 Y80.623 E.02514
G1 X129.035 Y80.917 E.01398
G1 X129.483 Y81.37 E.0166
G1 X130.231 Y82.702 E.0398
G1 X132.254 Y82.702 E.05271
G1 X132.621 Y82.461 E.01144
G1 X133.069 Y82.008 E.0166
G1 X133.966 Y80.382 E.04839
G1 X134.414 Y80.181 E.01279
G1 X134.862 Y80.265 E.01188
G1 X135.759 Y80.623 E.02516
G1 X136.207 Y80.917 E.01396
G1 X136.656 Y81.37 E.01662
G1 X137.404 Y82.702 E.0398
G1 X139.426 Y82.702 E.05268
G1 X139.794 Y82.461 E.01146
G1 X140.242 Y82.008 E.0166
G1 X141.138 Y80.382 E.04837
G1 X141.587 Y80.181 E.01282
G1 X142.035 Y80.265 E.01188
G1 X142.932 Y80.623 E.02516
G1 X143.38 Y80.917 E.01396
G1 X143.828 Y81.37 E.0166
G1 X144.577 Y82.702 E.03982
G1 X146.599 Y82.702 E.05268
G1 X146.966 Y82.461 E.01144
G1 X147.414 Y82.008 E.0166
G1 X148.311 Y80.382 E.04839
G1 X148.759 Y80.181 E.01279
G1 X149.208 Y80.265 E.0119
G1 X150.104 Y80.623 E.02514
G1 X150.552 Y80.917 E.01396
G1 X151.001 Y81.37 E.01662
G1 X151.749 Y82.702 E.0398
G1 X153.772 Y82.702 E.05271
G1 X154.139 Y82.461 E.01144
G1 X154.587 Y82.008 E.0166
G1 X155.484 Y80.382 E.04839
G1 X155.932 Y80.181 E.01279
G1 X156.38 Y80.265 E.01188
G1 X157.277 Y80.623 E.02516
G1 X157.725 Y80.917 E.01396
G1 X158.173 Y81.37 E.0166
G1 X158.922 Y82.702 E.03982
G1 X160.944 Y82.702 E.05268
G1 X161.311 Y82.461 E.01144
G1 X161.76 Y82.008 E.01662
G1 X162.656 Y80.382 E.04837
G1 X163.105 Y80.181 E.01282
G1 X163.553 Y80.265 E.01188
G1 X164.449 Y80.623 E.02514
G1 X164.898 Y80.917 E.01398
G1 X165.346 Y81.37 E.0166
G1 X166.094 Y82.702 E.0398
G1 X168.117 Y82.702 E.05271
G1 X168.484 Y82.461 E.01144
G1 X168.932 Y82.008 E.0166
G1 X169.829 Y80.382 E.04839
G1 X170.277 Y80.181 E.01279
G1 X170.725 Y80.265 E.01188
G1 X171.622 Y80.623 E.02516
G1 X172.07 Y80.917 E.01396
G1 X172.519 Y81.37 E.01662
G1 X173.267 Y82.702 E.0398
G1 X174.254 Y82.725 E.02572
G1 X174.691 Y82.962 E.01295
G1 X175.208 Y82.755 E.01451
G1 X175.657 Y82.461 E.01398
G1 X176.105 Y82.008 E.0166
G1 X177.001 Y80.382 E.04837
G1 X177.221 Y80.284 E.00628
G1 X177.221 Y78.974 E.03413
G1 X177.001 Y79.409 E.0127
G1 X176.553 Y79.611 E.0128
G1 X176.105 Y79.526 E.01188
G1 X175.208 Y79.169 E.02516
G1 X174.76 Y78.875 E.01396
G1 X174.312 Y78.421 E.01662
G1 X173.415 Y76.796 E.04836
G1 X172.967 Y76.594 E.0128
G1 X172.519 Y76.679 E.01188
G1 X171.622 Y77.036 E.02516
G1 X171.174 Y77.331 E.01398
G1 X170.725 Y77.784 E.01662
G1 X169.829 Y79.409 E.04835
G1 X169.381 Y79.611 E.0128
G1 X168.932 Y79.526 E.01191
G1 X168.036 Y79.169 E.02513
G1 X167.587 Y78.875 E.01398
G1 X167.139 Y78.421 E.01662
G1 X166.243 Y76.796 E.04835
G1 X165.794 Y76.594 E.01283
G1 X165.346 Y76.679 E.01188
G1 X164.449 Y77.036 E.02516
G1 X164.001 Y77.331 E.01398
G1 X163.553 Y77.784 E.0166
G1 X162.656 Y79.409 E.04836
G1 X162.208 Y79.611 E.0128
G1 X161.76 Y79.526 E.01188
G1 X160.863 Y79.169 E.02516
G1 X160.415 Y78.875 E.01396
G1 X159.967 Y78.421 E.01662
G1 X159.07 Y76.796 E.04836
G1 X158.622 Y76.594 E.0128
G1 X158.173 Y76.679 E.01191
G1 X157.277 Y77.036 E.02513
G1 X156.828 Y77.331 E.014
G1 X156.38 Y77.784 E.0166
G1 X155.484 Y79.409 E.04835
G1 X155.035 Y79.611 E.01283
G1 X154.587 Y79.526 E.01188
G1 X153.69 Y79.169 E.02516
G1 X153.242 Y78.875 E.01396
G1 X152.794 Y78.421 E.01662
G1 X151.897 Y76.796 E.04836
G1 X151.449 Y76.594 E.0128
G1 X151.001 Y76.679 E.01188
G1 X150.104 Y77.036 E.02516
G1 X149.656 Y77.331 E.01398
G1 X149.208 Y77.784 E.0166
G1 X148.311 Y79.409 E.04836
G1 X147.863 Y79.611 E.0128
G1 X147.414 Y79.526 E.01191
G1 X146.518 Y79.169 E.02513
G1 X146.07 Y78.875 E.01396
G1 X145.621 Y78.421 E.01664
G1 X144.725 Y76.796 E.04835
G1 X144.276 Y76.594 E.01283
G1 X143.828 Y76.679 E.01188
G1 X142.932 Y77.036 E.02513
G1 X142.483 Y77.331 E.014
G1 X142.035 Y77.784 E.0166
G1 X141.138 Y79.409 E.04836
G1 X140.69 Y79.611 E.0128
G1 X140.242 Y79.526 E.01188
G1 X139.345 Y79.169 E.02516
G1 X138.897 Y78.875 E.01396
G1 X138.449 Y78.421 E.01662
G1 X137.552 Y76.796 E.04836
G1 X137.104 Y76.594 E.0128
G1 X136.656 Y76.679 E.01188
G1 X135.759 Y77.036 E.02516
G1 X135.311 Y77.331 E.01398
G1 X134.862 Y77.784 E.01662
G1 X133.966 Y79.409 E.04835
G1 X133.518 Y79.611 E.0128
G1 X133.069 Y79.526 E.01191
G1 X132.173 Y79.169 E.02513
G1 X131.724 Y78.875 E.01398
G1 X131.276 Y78.421 E.01662
G1 X130.379 Y76.796 E.04836
G1 X129.931 Y76.594 E.0128
G1 X129.483 Y76.679 E.01188
G1 X128.586 Y77.036 E.02516
G1 X128.138 Y77.331 E.01398
G1 X127.69 Y77.784 E.0166
G1 X126.793 Y79.409 E.04836
G1 X126.345 Y79.611 E.0128
G1 X125.897 Y79.526 E.01188
G1 X125 Y79.169 E.02516
G1 X124.552 Y78.875 E.01396
G1 X124.103 Y78.421 E.01664
G1 X123.207 Y76.796 E.04835
G1 X122.759 Y76.594 E.0128
G1 X122.31 Y76.679 E.01191
G1 X121.414 Y77.036 E.02513
G1 X120.965 Y77.331 E.014
G1 X120.517 Y77.784 E.0166
G1 X119.621 Y79.409 E.04835
G1 X119.172 Y79.611 E.01283
G1 X118.724 Y79.526 E.01188
G1 X117.827 Y79.169 E.02516
G1 X117.379 Y78.875 E.01396
G1 X116.931 Y78.421 E.01662
G1 X116.034 Y76.796 E.04836
G1 X115.586 Y76.594 E.0128
G1 X115.138 Y76.679 E.01188
G1 X114.241 Y77.036 E.02516
G1 X113.793 Y77.331 E.01398
G1 X113.345 Y77.784 E.0166
G1 X112.448 Y79.409 E.04836
G1 X112 Y79.611 E.0128
G1 X111.551 Y79.526 E.01191
G1 X110.655 Y79.169 E.02513
G1 X110.207 Y78.875 E.01396
G1 X109.758 Y78.421 E.01664
G1 X108.862 Y76.796 E.04835
G1 X108.413 Y76.594 E.01283
G1 X107.965 Y76.679 E.01188
G1 X107.069 Y77.036 E.02513
G1 X106.62 Y77.331 E.014
G1 X106.172 Y77.784 E.0166
G1 X105.275 Y79.409 E.04836
G1 X104.827 Y79.611 E.0128
G1 X104.379 Y79.526 E.01188
G1 X103.482 Y79.169 E.02516
G1 X103.034 Y78.875 E.01396
G1 X102.586 Y78.421 E.01662
G1 X101.689 Y76.796 E.04836
G1 X101.241 Y76.594 E.0128
G1 X100.792 Y76.679 E.01191
G1 X99.896 Y77.036 E.02513
G1 X99.448 Y77.331 E.01398
G1 X98.999 Y77.784 E.01662
G1 X98.103 Y79.409 E.04835
G1 X97.654 Y79.611 E.01283
G1 X97.206 Y79.526 E.01188
G1 X96.31 Y79.169 E.02513
G1 X95.861 Y78.875 E.01398
G1 X95.413 Y78.421 E.01662
G1 X94.516 Y76.796 E.04836
G1 X94.068 Y76.594 E.0128
G1 X93.62 Y76.679 E.01188
G1 X92.723 Y77.036 E.02516
G1 X92.275 Y77.331 E.01398
G1 X91.827 Y77.784 E.0166
G1 X90.93 Y79.409 E.04836
G1 X90.482 Y79.611 E.0128
G1 X90.034 Y79.526 E.01188
G1 X89.137 Y79.169 E.02516
G1 X88.689 Y78.875 E.01396
G1 X88.24 Y78.421 E.01664
G1 X87.344 Y76.796 E.04835
G1 X86.896 Y76.594 E.0128
G1 X86.447 Y76.679 E.01191
G1 X85.551 Y77.036 E.02513
G1 X85.102 Y77.331 E.014
G1 X84.654 Y77.784 E.0166
G1 X83.758 Y79.409 E.04835
G1 X83.309 Y79.611 E.01283
G1 X82.861 Y79.526 E.01188
G1 X81.964 Y79.169 E.02516
G1 X81.516 Y78.875 E.01396
G1 X81.068 Y78.421 E.01662
G1 X80.171 Y76.796 E.04836
G1 X79.723 Y76.594 E.0128
G1 X79.275 Y76.679 E.01188
G1 X78.378 Y77.036 E.02516
G1 X77.93 Y77.331 E.01398
G1 X77.481 Y77.784 E.01662
G1 X76.585 Y79.409 E.04835
G1 X76.137 Y79.611 E.0128
G1 X75.688 Y79.526 E.01191
G1 X74.792 Y79.169 E.02513
G1 X74.343 Y78.875 E.01398
G1 X73.895 Y78.421 E.01662
G1 X72.999 Y76.796 E.04835
G1 X72.779 Y76.697 E.00629
G1 X72.779 Y75.388 E.03411
G1 X72.999 Y75.823 E.0127
G1 X73.447 Y76.025 E.0128
G1 X73.895 Y75.94 E.01188
G1 X74.792 Y75.583 E.02516
G1 X75.24 Y75.289 E.01396
G1 X75.688 Y74.835 E.01662
G1 X76.585 Y73.21 E.04836
G1 X77.033 Y73.008 E.0128
G1 X77.481 Y73.093 E.01188
G1 X78.378 Y73.45 E.02516
G1 X78.826 Y73.744 E.01396
G1 X79.275 Y74.198 E.01664
G1 X80.171 Y75.823 E.04835
G1 X80.619 Y76.025 E.0128
G1 X81.068 Y75.94 E.01191
G1 X81.964 Y75.583 E.02513
G1 X82.413 Y75.289 E.01398
G1 X82.861 Y74.835 E.01662
G1 X83.758 Y73.21 E.04836
G1 X84.206 Y73.008 E.0128
G1 X84.654 Y73.093 E.01188
G1 X85.551 Y73.45 E.02516
G1 X85.999 Y73.744 E.01396
G1 X86.447 Y74.198 E.01662
G1 X87.344 Y75.823 E.04836
G1 X87.792 Y76.025 E.0128
G1 X88.24 Y75.94 E.01188
G1 X89.137 Y75.583 E.02516
G1 X89.585 Y75.289 E.01396
G1 X90.034 Y74.835 E.01664
G1 X90.93 Y73.21 E.04835
G1 X91.378 Y73.008 E.0128
G1 X91.827 Y73.093 E.01191
G1 X92.723 Y73.45 E.02513
G1 X93.172 Y73.744 E.01398
G1 X93.62 Y74.198 E.01662
G1 X94.516 Y75.823 E.04835
G1 X94.965 Y76.025 E.01283
G1 X95.413 Y75.94 E.01188
G1 X96.31 Y75.583 E.02516
G1 X96.758 Y75.289 E.01396
G1 X97.206 Y74.835 E.01662
G1 X98.103 Y73.21 E.04836
G1 X98.551 Y73.008 E.0128
G1 X98.999 Y73.093 E.01188
G1 X99.896 Y73.45 E.02516
G1 X100.344 Y73.744 E.01396
G1 X100.792 Y74.198 E.01662
G1 X101.689 Y75.823 E.04836
G1 X102.137 Y76.025 E.0128
G1 X102.586 Y75.94 E.01191
M73 P35 R35
G1 X103.482 Y75.583 E.02513
G1 X103.93 Y75.289 E.01396
G1 X104.379 Y74.835 E.01664
G1 X105.275 Y73.21 E.04835
G1 X105.724 Y73.008 E.01283
G1 X106.172 Y73.093 E.01188
G1 X107.069 Y73.45 E.02516
G1 X107.517 Y73.744 E.01396
G1 X107.965 Y74.198 E.01662
G1 X108.862 Y75.823 E.04836
G1 X109.31 Y76.025 E.0128
G1 X109.758 Y75.94 E.01188
G1 X110.655 Y75.583 E.02516
G1 X111.103 Y75.289 E.01396
G1 X111.551 Y74.835 E.01662
G1 X112.448 Y73.21 E.04836
G1 X112.896 Y73.008 E.0128
G1 X113.345 Y73.093 E.01191
G1 X114.241 Y73.45 E.02513
G1 X114.689 Y73.744 E.01396
G1 X115.138 Y74.198 E.01664
G1 X116.034 Y75.823 E.04835
G1 X116.483 Y76.025 E.01283
G1 X116.931 Y75.94 E.01188
G1 X117.827 Y75.583 E.02513
G1 X118.276 Y75.289 E.01398
G1 X118.724 Y74.835 E.01662
G1 X119.621 Y73.21 E.04836
G1 X120.069 Y73.008 E.0128
G1 X120.517 Y73.093 E.01188
G1 X121.414 Y73.45 E.02516
G1 X121.862 Y73.744 E.01396
G1 X122.31 Y74.198 E.01662
G1 X123.207 Y75.823 E.04836
G1 X123.655 Y76.025 E.0128
G1 X124.103 Y75.94 E.01188
G1 X125 Y75.583 E.02516
G1 X125.448 Y75.289 E.01396
G1 X125.897 Y74.835 E.01664
G1 X126.793 Y73.21 E.04835
G1 X127.241 Y73.008 E.0128
G1 X127.69 Y73.093 E.01191
G1 X128.586 Y73.45 E.02513
G1 X129.035 Y73.744 E.01398
G1 X129.483 Y74.198 E.01662
G1 X130.379 Y75.823 E.04835
G1 X130.828 Y76.025 E.01283
G1 X131.276 Y75.94 E.01188
G1 X132.173 Y75.583 E.02516
G1 X132.621 Y75.289 E.01396
G1 X133.069 Y74.835 E.01662
G1 X133.966 Y73.21 E.04836
G1 X134.414 Y73.008 E.0128
G1 X134.862 Y73.093 E.01188
G1 X135.759 Y73.45 E.02516
G1 X136.207 Y73.744 E.01396
G1 X136.656 Y74.198 E.01664
G1 X137.552 Y75.823 E.04835
G1 X138 Y76.025 E.0128
G1 X138.449 Y75.94 E.01191
G1 X139.345 Y75.583 E.02513
G1 X139.794 Y75.289 E.01398
G1 X140.242 Y74.835 E.01662
G1 X141.138 Y73.21 E.04835
G1 X141.587 Y73.008 E.01283
G1 X142.035 Y73.093 E.01188
G1 X142.932 Y73.45 E.02516
G1 X143.38 Y73.744 E.01396
G1 X143.828 Y74.198 E.01662
G1 X144.725 Y75.823 E.04836
G1 X145.173 Y76.025 E.0128
G1 X145.621 Y75.94 E.01188
G1 X146.518 Y75.583 E.02516
G1 X146.966 Y75.289 E.01396
G1 X147.414 Y74.835 E.01662
G1 X148.311 Y73.21 E.04836
G1 X148.759 Y73.008 E.0128
G1 X149.208 Y73.093 E.01191
G1 X150.104 Y73.45 E.02513
G1 X150.552 Y73.744 E.01396
G1 X151.001 Y74.198 E.01664
G1 X151.897 Y75.823 E.04835
G1 X152.346 Y76.025 E.01283
G1 X152.794 Y75.94 E.01188
G1 X153.69 Y75.583 E.02513
G1 X154.139 Y75.289 E.01398
G1 X154.587 Y74.835 E.01662
G1 X155.484 Y73.21 E.04836
G1 X155.932 Y73.008 E.0128
G1 X156.38 Y73.093 E.01188
G1 X157.277 Y73.45 E.02516
G1 X157.725 Y73.744 E.01396
G1 X158.173 Y74.198 E.01662
G1 X159.07 Y75.823 E.04836
G1 X159.518 Y76.025 E.0128
G1 X159.967 Y75.94 E.01191
G1 X160.863 Y75.583 E.02513
G1 X161.311 Y75.289 E.01396
G1 X161.76 Y74.835 E.01664
G1 X162.656 Y73.21 E.04835
G1 X163.105 Y73.008 E.01283
G1 X163.553 Y73.093 E.01188
G1 X164.449 Y73.45 E.02513
G1 X164.898 Y73.744 E.01398
G1 X165.346 Y74.198 E.01662
G1 X166.243 Y75.823 E.04836
G1 X166.691 Y76.025 E.0128
G1 X167.139 Y75.94 E.01188
G1 X168.036 Y75.583 E.02516
G1 X168.484 Y75.289 E.01396
G1 X168.932 Y74.835 E.01662
G1 X169.829 Y73.21 E.04836
G1 X170.277 Y73.008 E.0128
G1 X170.725 Y73.093 E.01188
G1 X171.622 Y73.45 E.02516
G1 X172.07 Y73.744 E.01396
G1 X172.519 Y74.198 E.01664
G1 X173.415 Y75.823 E.04835
G1 X173.863 Y76.025 E.0128
G1 X174.312 Y75.94 E.01191
G1 X175.208 Y75.583 E.02513
G1 X175.657 Y75.289 E.01398
G1 X176.105 Y74.835 E.01662
G1 X177.001 Y73.21 E.04835
G1 X177.221 Y73.111 E.00629
G1 X177.221 Y71.802 E.03411
G1 X177.001 Y72.237 E.0127
G1 X176.553 Y72.438 E.01279
G1 X176.105 Y72.354 E.01188
G1 X175.208 Y71.996 E.02516
G1 X174.76 Y71.702 E.01396
G1 X174.312 Y71.249 E.0166
G1 X173.415 Y69.624 E.04836
G1 X172.967 Y69.422 E.0128
G1 X172.519 Y69.507 E.01188
G1 X171.622 Y69.864 E.02516
G1 X171.174 Y70.158 E.01396
G1 X170.725 Y70.612 E.01664
G1 X169.829 Y72.237 E.04835
G1 X169.381 Y72.438 E.01279
G1 X168.932 Y72.354 E.0119
G1 X168.036 Y71.996 E.02514
G1 X167.587 Y71.702 E.01398
G1 X167.139 Y71.249 E.0166
G1 X166.243 Y69.624 E.04835
G1 X165.794 Y69.422 E.01283
G1 X165.346 Y69.507 E.01188
G1 X164.449 Y69.864 E.02516
G1 X164.001 Y70.158 E.01396
G1 X163.553 Y70.612 E.01662
G1 X162.656 Y72.237 E.04836
G1 X162.208 Y72.438 E.01279
G1 X161.76 Y72.354 E.01188
G1 X160.863 Y71.996 E.02516
G1 X160.415 Y71.702 E.01396
G1 X159.967 Y71.249 E.0166
G1 X159.07 Y69.624 E.04836
G1 X158.622 Y69.422 E.0128
G1 X158.173 Y69.507 E.01191
G1 X157.277 Y69.864 E.02513
G1 X156.828 Y70.158 E.01398
G1 X156.38 Y70.612 E.01662
G1 X155.484 Y72.237 E.04835
G1 X155.035 Y72.438 E.01282
G1 X154.587 Y72.354 E.01188
G1 X153.69 Y71.996 E.02516
G1 X153.242 Y71.702 E.01396
G1 X152.794 Y71.249 E.0166
G1 X151.897 Y69.624 E.04836
G1 X151.449 Y69.422 E.0128
G1 X151.001 Y69.507 E.01188
G1 X150.104 Y69.864 E.02516
G1 X149.656 Y70.158 E.01396
G1 X149.208 Y70.612 E.01662
G1 X148.311 Y72.237 E.04836
G1 X147.863 Y72.438 E.01279
G1 X147.414 Y72.354 E.0119
G1 X146.518 Y71.996 E.02514
G1 X146.07 Y71.702 E.01396
G1 X145.621 Y71.249 E.01662
G1 X144.725 Y69.624 E.04835
G1 X144.276 Y69.422 E.01283
G1 X143.828 Y69.507 E.01188
G1 X142.932 Y69.864 E.02513
G1 X142.483 Y70.158 E.01398
G1 X142.035 Y70.612 E.01662
G1 X141.138 Y72.237 E.04836
G1 X140.69 Y72.438 E.01279
G1 X140.242 Y72.354 E.01188
G1 X139.345 Y71.996 E.02516
G1 X138.897 Y71.702 E.01396
G1 X138.449 Y71.249 E.0166
G1 X137.552 Y69.624 E.04836
G1 X137.104 Y69.422 E.0128
G1 X136.656 Y69.507 E.01188
G1 X135.759 Y69.864 E.02516
G1 X135.311 Y70.158 E.01396
G1 X134.862 Y70.612 E.01664
G1 X133.966 Y72.237 E.04835
G1 X133.518 Y72.438 E.01279
G1 X133.069 Y72.354 E.0119
G1 X132.173 Y71.996 E.02514
G1 X131.724 Y71.702 E.01398
G1 X131.276 Y71.249 E.0166
G1 X130.379 Y69.624 E.04836
G1 X129.931 Y69.422 E.0128
G1 X129.483 Y69.507 E.01188
G1 X128.586 Y69.864 E.02516
G1 X128.138 Y70.158 E.01396
G1 X127.69 Y70.612 E.01662
G1 X126.793 Y72.237 E.04836
G1 X126.345 Y72.438 E.01279
G1 X125.897 Y72.354 E.01188
G1 X125 Y71.996 E.02516
G1 X124.552 Y71.702 E.01396
G1 X124.103 Y71.249 E.01662
G1 X123.207 Y69.624 E.04835
G1 X122.759 Y69.422 E.0128
G1 X122.31 Y69.507 E.01191
G1 X121.414 Y69.864 E.02513
G1 X120.965 Y70.158 E.01398
G1 X120.517 Y70.612 E.01662
G1 X119.621 Y72.237 E.04835
G1 X119.172 Y72.438 E.01282
G1 X118.724 Y72.354 E.01188
G1 X117.827 Y71.996 E.02516
G1 X117.379 Y71.702 E.01396
G1 X116.931 Y71.249 E.0166
G1 X116.034 Y69.624 E.04836
G1 X115.586 Y69.422 E.0128
G1 X115.138 Y69.507 E.01188
G1 X114.241 Y69.864 E.02516
G1 X113.793 Y70.158 E.01396
G1 X113.345 Y70.612 E.01662
G1 X112.448 Y72.237 E.04836
G1 X112 Y72.438 E.01279
G1 X111.551 Y72.354 E.0119
G1 X110.655 Y71.996 E.02514
G1 X110.207 Y71.702 E.01396
G1 X109.758 Y71.249 E.01662
G1 X108.862 Y69.624 E.04835
G1 X108.413 Y69.422 E.01283
G1 X107.965 Y69.507 E.01188
G1 X107.069 Y69.864 E.02513
G1 X106.62 Y70.158 E.01398
G1 X106.172 Y70.612 E.01662
G1 X105.275 Y72.237 E.04836
G1 X104.827 Y72.438 E.01279
G1 X104.379 Y72.354 E.01188
G1 X103.482 Y71.996 E.02516
G1 X103.034 Y71.702 E.01396
G1 X102.586 Y71.249 E.0166
G1 X101.689 Y69.624 E.04836
G1 X101.241 Y69.422 E.0128
G1 X100.792 Y69.507 E.01191
G1 X99.896 Y69.864 E.02513
G1 X99.448 Y70.158 E.01396
G1 X98.999 Y70.612 E.01664
G1 X98.103 Y72.237 E.04835
G1 X97.654 Y72.438 E.01282
G1 X97.206 Y72.354 E.01188
G1 X96.31 Y71.996 E.02514
G1 X95.861 Y71.702 E.01398
G1 X95.413 Y71.249 E.0166
G1 X94.516 Y69.624 E.04836
G1 X94.068 Y69.422 E.0128
G1 X93.62 Y69.507 E.01188
G1 X92.723 Y69.864 E.02516
G1 X92.275 Y70.158 E.01396
G1 X91.827 Y70.612 E.01662
G1 X90.93 Y72.237 E.04836
G1 X90.482 Y72.438 E.01279
G1 X90.034 Y72.354 E.01188
G1 X89.137 Y71.996 E.02516
G1 X88.689 Y71.702 E.01396
G1 X88.24 Y71.249 E.01662
G1 X87.344 Y69.624 E.04835
G1 X86.896 Y69.422 E.0128
G1 X86.447 Y69.507 E.01191
G1 X85.551 Y69.864 E.02513
G1 X85.102 Y70.158 E.01398
G1 X84.654 Y70.612 E.01662
G1 X83.758 Y72.237 E.04835
G1 X83.309 Y72.438 E.01282
G1 X82.861 Y72.354 E.01188
G1 X81.964 Y71.996 E.02516
G1 X81.516 Y71.702 E.01396
G1 X81.068 Y71.249 E.0166
G1 X80.171 Y69.624 E.04836
G1 X79.723 Y69.422 E.0128
G1 X79.275 Y69.507 E.01188
G1 X78.378 Y69.864 E.02516
G1 X77.93 Y70.158 E.01396
G1 X77.481 Y70.612 E.01664
G1 X76.585 Y72.237 E.04835
G1 X76.137 Y72.438 E.01279
G1 X75.688 Y72.354 E.0119
G1 X74.792 Y71.996 E.02514
G1 X74.343 Y71.702 E.01398
G1 X73.895 Y71.249 E.0166
G1 X72.999 Y69.624 E.04835
G1 X72.779 Y69.525 E.00629
G1 X72.78 Y68.216 E.03411
G1 X72.999 Y68.65 E.01267
G1 X73.447 Y68.852 E.0128
G1 X73.895 Y68.767 E.01188
G1 X74.792 Y68.41 E.02516
G1 X75.24 Y68.116 E.01396
G1 X75.688 Y67.662 E.01662
G1 X76.585 Y66.037 E.04836
G1 X77.033 Y65.836 E.01279
G1 X77.481 Y65.92 E.01188
G1 X78.378 Y66.277 E.02516
G1 X78.826 Y66.572 E.01398
G1 X79.275 Y67.025 E.01662
G1 X80.171 Y68.65 E.04835
G1 X80.619 Y68.852 E.0128
G1 X81.068 Y68.767 E.01191
G1 X81.964 Y68.41 E.02513
G1 X82.413 Y68.116 E.01398
G1 X82.861 Y67.662 E.01662
G1 X83.758 Y66.037 E.04836
G1 X84.206 Y65.836 E.01279
G1 X84.654 Y65.92 E.01188
G1 X85.551 Y66.277 E.02516
G1 X85.999 Y66.572 E.01398
G1 X86.447 Y67.025 E.0166
G1 X87.344 Y68.65 E.04836
G1 X87.792 Y68.852 E.0128
G1 X88.24 Y68.767 E.01188
G1 X89.137 Y68.41 E.02516
G1 X89.585 Y68.116 E.01396
G1 X90.034 Y67.662 E.01664
G1 X90.93 Y66.037 E.04835
G1 X91.378 Y65.836 E.01279
G1 X91.827 Y65.92 E.0119
G1 X92.723 Y66.277 E.02513
G1 X93.172 Y66.572 E.014
G1 X93.62 Y67.025 E.0166
G1 X94.516 Y68.65 E.04835
G1 X94.965 Y68.852 E.01283
G1 X95.413 Y68.767 E.01188
G1 X96.31 Y68.41 E.02516
G1 X96.758 Y68.116 E.01396
G1 X97.206 Y67.662 E.01662
G1 X98.103 Y66.037 E.04836
G1 X98.551 Y65.836 E.01279
G1 X98.999 Y65.92 E.01188
G1 X99.896 Y66.277 E.02516
G1 X100.344 Y66.572 E.01398
G1 X100.792 Y67.025 E.0166
G1 X101.689 Y68.65 E.04836
G1 X102.137 Y68.852 E.0128
G1 X102.586 Y68.767 E.01191
G1 X103.482 Y68.41 E.02513
G1 X103.93 Y68.116 E.01396
G1 X104.379 Y67.662 E.01664
G1 X105.275 Y66.037 E.04835
G1 X105.724 Y65.836 E.01282
G1 X106.172 Y65.92 E.01188
G1 X107.069 Y66.277 E.02516
G1 X107.517 Y66.572 E.01398
G1 X107.965 Y67.025 E.0166
G1 X108.862 Y68.65 E.04836
G1 X109.31 Y68.852 E.0128
G1 X109.758 Y68.767 E.01188
G1 X110.655 Y68.41 E.02516
G1 X111.103 Y68.116 E.01396
G1 X111.551 Y67.662 E.01662
G1 X112.448 Y66.037 E.04836
G1 X112.896 Y65.836 E.01279
G1 X113.345 Y65.92 E.0119
G1 X114.241 Y66.277 E.02513
G1 X114.689 Y66.572 E.01398
G1 X115.138 Y67.025 E.01662
G1 X116.034 Y68.65 E.04835
G1 X116.483 Y68.852 E.01283
G1 X116.931 Y68.767 E.01188
G1 X117.827 Y68.41 E.02513
G1 X118.276 Y68.116 E.01398
G1 X118.724 Y67.662 E.01662
G1 X119.621 Y66.037 E.04836
G1 X120.069 Y65.836 E.01279
G1 X120.517 Y65.92 E.01188
G1 X121.414 Y66.277 E.02516
G1 X121.862 Y66.572 E.01398
G1 X122.31 Y67.025 E.0166
G1 X123.207 Y68.65 E.04836
G1 X123.655 Y68.852 E.0128
G1 X124.103 Y68.767 E.01188
G1 X125 Y68.41 E.02516
G1 X125.448 Y68.116 E.01396
G1 X125.897 Y67.662 E.01664
G1 X126.793 Y66.037 E.04835
G1 X127.241 Y65.836 E.01279
M73 Q36 S36
G1 X127.69 Y65.92 E.0119
G1 X128.586 Y66.277 E.02513
G1 X129.035 Y66.572 E.014
G1 X129.483 Y67.025 E.0166
G1 X130.379 Y68.65 E.04835
G1 X130.828 Y68.852 E.01283
G1 X131.276 Y68.767 E.01188
G1 X132.173 Y68.41 E.02516
G1 X132.621 Y68.116 E.01396
G1 X133.069 Y67.662 E.01662
G1 X133.966 Y66.037 E.04836
G1 X134.414 Y65.836 E.01279
G1 X134.862 Y65.92 E.01188
G1 X135.759 Y66.277 E.02516
G1 X136.207 Y66.572 E.01398
G1 X136.656 Y67.025 E.01662
G1 X137.552 Y68.65 E.04835
G1 X138 Y68.852 E.0128
M73 P36 R35
G1 X138.449 Y68.767 E.01191
G1 X139.345 Y68.41 E.02513
G1 X139.794 Y68.116 E.01398
G1 X140.242 Y67.662 E.01662
G1 X141.138 Y66.037 E.04835
G1 X141.587 Y65.836 E.01282
G1 X142.035 Y65.92 E.01188
G1 X142.932 Y66.277 E.02516
G1 X143.38 Y66.572 E.01398
G1 X143.828 Y67.025 E.0166
G1 X144.725 Y68.65 E.04836
G1 X145.173 Y68.852 E.0128
G1 X145.621 Y68.767 E.01188
G1 X146.518 Y68.41 E.02516
G1 X146.966 Y68.116 E.01396
G1 X147.414 Y67.662 E.01662
G1 X148.311 Y66.037 E.04836
G1 X148.759 Y65.836 E.01279
G1 X149.208 Y65.92 E.0119
G1 X150.104 Y66.277 E.02513
G1 X150.552 Y66.572 E.01398
G1 X151.001 Y67.025 E.01662
G1 X151.897 Y68.65 E.04835
G1 X152.346 Y68.852 E.01283
G1 X152.794 Y68.767 E.01188
G1 X153.69 Y68.41 E.02513
G1 X154.139 Y68.116 E.01398
G1 X154.587 Y67.662 E.01662
G1 X155.484 Y66.037 E.04836
G1 X155.932 Y65.836 E.01279
G1 X156.38 Y65.92 E.01188
G1 X157.277 Y66.277 E.02516
G1 X157.725 Y66.572 E.01398
G1 X158.173 Y67.025 E.0166
G1 X159.07 Y68.65 E.04836
G1 X159.518 Y68.852 E.0128
G1 X159.967 Y68.767 E.01191
G1 X160.863 Y68.41 E.02513
G1 X161.311 Y68.116 E.01396
G1 X161.76 Y67.662 E.01664
G1 X162.656 Y66.037 E.04835
G1 X163.105 Y65.836 E.01282
G1 X163.553 Y65.92 E.01188
G1 X164.449 Y66.277 E.02513
G1 X164.898 Y66.572 E.014
G1 X165.346 Y67.025 E.0166
G1 X166.243 Y68.65 E.04836
G1 X166.691 Y68.852 E.0128
G1 X167.139 Y68.767 E.01188
G1 X168.036 Y68.41 E.02516
G1 X168.484 Y68.116 E.01396
G1 X168.932 Y67.662 E.01662
G1 X169.829 Y66.037 E.04836
G1 X170.277 Y65.836 E.01279
G1 X170.725 Y65.92 E.01188
G1 X171.622 Y66.277 E.02516
G1 X172.07 Y66.572 E.01398
G1 X172.519 Y67.025 E.01662
G1 X173.415 Y68.65 E.04835
G1 X173.863 Y68.852 E.0128
G1 X174.312 Y68.767 E.01191
G1 X175.208 Y68.41 E.02513
G1 X175.657 Y68.116 E.01398
G1 X176.105 Y67.662 E.01662
G1 X177.001 Y66.037 E.04835
G1 X177.22 Y65.939 E.00625
G1 X177.22 Y64.63 E.03411
G1 X177.001 Y65.064 E.01267
G1 X176.553 Y65.266 E.0128
G1 X176.105 Y65.181 E.01188
G1 X175.208 Y64.824 E.02516
G1 X174.76 Y64.53 E.01396
G1 X174.312 Y64.076 E.01662
G1 X173.961 Y63.5 E.01758
G1 X170.689 Y63.499 E.08525
G1 X169.829 Y65.064 E.04653
G1 X169.381 Y65.266 E.0128
G1 X168.932 Y65.181 E.01191
G1 X168.036 Y64.824 E.02513
G1 X167.587 Y64.53 E.01398
G1 X167.139 Y64.076 E.01662
G1 X166.788 Y63.499 E.0176
G1 X163.516 Y63.499 E.08525
G1 X162.656 Y65.064 E.04653
G1 X162.208 Y65.266 E.0128
G1 X161.76 Y65.181 E.01188
G1 X160.863 Y64.824 E.02516
G1 X160.415 Y64.53 E.01396
G1 X159.967 Y64.076 E.01662
G1 X159.615 Y63.499 E.01761
G1 X156.344 Y63.498 E.08523
G1 X155.484 Y65.064 E.04655
G1 X155.035 Y65.266 E.01283
G1 X154.587 Y65.181 E.01188
G1 X153.69 Y64.824 E.02516
G1 X153.242 Y64.53 E.01396
G1 X152.794 Y64.076 E.01662
G1 X152.442 Y63.498 E.01763
G1 X149.172 Y63.498 E.0852
G1 X148.311 Y65.064 E.04656
G1 X147.863 Y65.266 E.0128
G1 X147.414 Y65.181 E.01191
G1 X146.518 Y64.824 E.02513
G1 X146.173 Y64.598 E.01075
G1 X141.378 Y64.59 E.12494
G1 X141.138 Y65.064 E.01384
G1 X140.69 Y65.266 E.0128
G1 X140.242 Y65.181 E.01188
G1 X139.345 Y64.824 E.02516
G1 X138.897 Y64.53 E.01396
G1 X138.449 Y64.076 E.01662
G1 X138.097 Y63.498 E.01763
G1 X134.826 Y63.498 E.08523
G1 X133.966 Y65.064 E.04655
G1 X133.518 Y65.266 E.0128
G1 X133.069 Y65.181 E.01191
G1 X132.173 Y64.824 E.02513
G1 X131.724 Y64.53 E.01398
G1 X131.276 Y64.076 E.01662
G1 X130.924 Y63.498 E.01763
G1 X127.654 Y63.498 E.0852
G1 X126.793 Y65.064 E.04656
M73 Q36 S35
G1 X126.345 Y65.266 E.0128
G1 X125.897 Y65.181 E.01188
G1 X125 Y64.824 E.02516
G1 X124.552 Y64.53 E.01396
G1 X124.103 Y64.076 E.01664
G1 X123.752 Y63.498 E.01762
G1 X120.481 Y63.498 E.08523
G1 X119.621 Y65.064 E.04655
G1 X119.172 Y65.266 E.01283
G1 X118.724 Y65.181 E.01188
G1 X117.827 Y64.824 E.02516
G1 X117.379 Y64.53 E.01396
G1 X116.931 Y64.076 E.01662
G1 X116.579 Y63.498 E.01763
G1 X113.309 Y63.498 E.0852
G1 X112.448 Y65.064 E.04656
G1 X112 Y65.266 E.0128
G1 X111.551 Y65.181 E.01191
G1 X110.655 Y64.824 E.02513
G1 X110.23 Y64.545 E.01325
G1 X109.935 Y64.598 E.00781
G1 X105.511 Y64.596 E.11527
G1 X105.275 Y65.064 E.01366
G1 X104.827 Y65.266 E.0128
G1 X104.379 Y65.181 E.01188
G1 X103.482 Y64.824 E.02516
G1 X103.034 Y64.53 E.01396
G1 X102.586 Y64.076 E.01662
G1 X102.234 Y63.498 E.01763
G1 X98.963 Y63.498 E.08523
G1 X98.103 Y65.064 E.04655
G1 X97.654 Y65.266 E.01283
G1 X97.206 Y65.181 E.01188
G1 X96.31 Y64.824 E.02513
G1 X95.861 Y64.53 E.01398
G1 X95.413 Y64.076 E.01662
G1 X95.061 Y63.498 E.01763
G1 X91.79 Y63.499 E.08523
G1 X90.93 Y65.064 E.04653
G1 X90.482 Y65.266 E.0128
G1 X90.034 Y65.181 E.01188
G1 X89.137 Y64.824 E.02516
G1 X88.689 Y64.53 E.01396
G1 X88.24 Y64.076 E.01664
G1 X87.889 Y63.499 E.0176
G1 X84.617 Y63.499 E.08525
G1 X83.758 Y65.064 E.04652
G1 X83.309 Y65.266 E.01283
G1 X82.861 Y65.181 E.01188
G1 X81.964 Y64.824 E.02516
G1 X81.516 Y64.53 E.01396
G1 X81.068 Y64.076 E.01662
G1 X80.717 Y63.499 E.0176
G1 X77.445 Y63.499 E.08525
G1 X76.585 Y65.064 E.04653
G1 X76.137 Y65.266 E.0128
G1 X75.688 Y65.181 E.01191
G1 X74.792 Y64.824 E.02513
G1 X74.343 Y64.53 E.01398
G1 X73.895 Y64.076 E.01662
G1 X73.544 Y63.5 E.01758
G1 X72.78 Y63.5 E.01991
G1 X72.78 Y65.235 E.04521
;LAYER_CHANGE
;Z:1.1
;HEIGHT:0.15
;BEFORE_LAYER_CHANGE
G92 E0.0
;1.1


;WIPE_START
G1 F8640
G1 X72.78 Y63.5 E-.40062
G1 X73.544 Y63.5 E-.17641
G1 X73.895 Y64.076 E-.15575
G1 X74.1 Y64.283 E-.06722
;WIPE_END
G1 Z1.1 F720
;AFTER_LAYER_CHANGE
;1.1
G1 Z1.5
G1 X174.467 Y144.745 F10800
G1 Z1.1 F720
G1 E.8 F2100
M204 S800
;TYPE:Perimeter
;WIDTH:0.449999
G1 F2700
G1 X174.392 Y144.832 E.00299
G1 X174.036 Y144.943 E.00972
G1 X147.16 Y144.943 E.70027
;WIDTH:0.499571
G1 X146.972 Y144.968 E.00553
;WIDTH:0.549142
G1 X146.783 Y144.992 E.00614
;WIDTH:0.598713
G1 X146.595 Y145.017 E.0067
;WIDTH:0.648284
G1 X146.406 Y145.042 E.00732
G1 X140.074 Y145.042 E.24328
G1 X139.885 Y145.017 E.00732
;WIDTH:0.598713
G1 X139.697 Y144.992 E.0067
;WIDTH:0.549142
G1 X139.508 Y144.968 E.00614
;WIDTH:0.499571
G1 X139.32 Y144.943 E.00553
;WIDTH:0.449999
G1 X110.68 Y144.943 E.74624
;WIDTH:0.499571
G1 X110.492 Y144.968 E.00553
;WIDTH:0.549142
G1 X110.303 Y144.992 E.00614
;WIDTH:0.598713
G1 X110.115 Y145.017 E.0067
;WIDTH:0.648284
G1 X109.926 Y145.042 E.00732
G1 X103.594 Y145.042 E.24328
G1 X103.405 Y145.017 E.00732
;WIDTH:0.598713
G1 X103.217 Y144.992 E.0067
;WIDTH:0.549142
G1 X103.028 Y144.968 E.00614
;WIDTH:0.499571
G1 X102.84 Y144.943 E.00553
;WIDTH:0.449999
G1 X77.964 Y144.943 E.64816
G1 X77.676 Y144.873 E.00772
G1 X77.471 Y144.703 E.00694
G1 X77.367 Y144.507 E.00578
G1 X77.337 Y144.316 E.00504
G1 X77.337 Y83.684 E1.57981
G1 X77.411 Y83.389 E.00792
G1 X77.588 Y83.183 E.00708
G1 X77.894 Y83.057 E.00862
G1 X174.036 Y83.057 E2.50505
G1 X174.331 Y83.131 E.00792
G1 X174.49 Y83.252 E.00521
G1 X174.615 Y83.443 E.00595
G1 X174.663 Y83.684 E.0064
G1 X174.663 Y144.316 E1.57981
G1 X174.598 Y144.593 E.00741
G1 X174.506 Y144.7 E.00368
M204 S1000
G1 X174.169 Y144.449 F10800
M204 S800
;TYPE:External perimeter
G1 F1500
G1 X174.068 Y144.525 E.00329
G1 X77.964 Y144.525 E2.50406
G1 X77.8 Y144.445 E.00475
G1 X77.755 Y144.316 E.00356
G1 X77.755 Y83.684 E1.57981
G1 X77.807 Y83.547 E.00382
G1 X77.964 Y83.475 E.0045
G1 X174.036 Y83.475 E2.50323
G1 X174.187 Y83.54 E.00428
G1 X174.245 Y83.684 E.00404
G1 X174.245 Y144.316 E1.57981
G1 X174.223 Y144.408 E.00246
G1 X174.217 Y144.413 E.0002
M204 S1000
;WIPE_START
G1 F8640
G1 X174.169 Y144.449 E-.01385
G1 X174.068 Y144.525 E-.02919
G1 X170.79 Y144.525 E-.75696
;WIPE_END
G1 Z1.5 F720
G1 X146.842 Y145.952 F10800
G1 Z1.1 F720
G1 E.8 F2100
M204 S800
;TYPE:Perimeter
G1 F2700
G1 X146.81 Y145.904 E.0015
;WIDTH:0.499571
G1 X146.709 Y145.843 E.00344
;WIDTH:0.549142
G1 X146.608 Y145.781 E.00382
;WIDTH:0.598713
G1 X146.507 Y145.72 E.00417
;WIDTH:0.648284
G1 X146.406 Y145.658 E.00455
G1 X140.074 Y145.658 E.24328
G1 X139.973 Y145.72 E.00455
;WIDTH:0.598713
G1 X139.872 Y145.781 E.00417
;WIDTH:0.549142
G1 X139.771 Y145.843 E.00382
;WIDTH:0.499571
G1 X139.67 Y145.904 E.00344
;WIDTH:0.449999
G1 X139.477 Y146.192 E.00903
G1 X139.447 Y146.857 E.01734
G1 X110.553 Y146.857 E.75285
G1 X110.523 Y146.192 E.01734
G1 X110.33 Y145.904 E.00903
;WIDTH:0.499571
G1 X110.229 Y145.843 E.00344
;WIDTH:0.549142
G1 X110.128 Y145.781 E.00382
;WIDTH:0.598713
G1 X110.027 Y145.72 E.00417
;WIDTH:0.648284
G1 X109.926 Y145.658 E.00455
G1 X103.594 Y145.658 E.24328
G1 X103.493 Y145.72 E.00455
;WIDTH:0.598713
G1 X103.392 Y145.781 E.00417
;WIDTH:0.549142
G1 X103.291 Y145.843 E.00382
;WIDTH:0.499571
G1 X103.19 Y145.904 E.00344
;WIDTH:0.449999
G1 X102.997 Y146.192 E.00903
G1 X102.967 Y146.857 E.01734
G1 X72.546 Y146.857 E.79264
G1 X72.423 Y146.734 E.00453
G1 X72.423 Y108.793 E.98858
G1 X72.896 Y108.793 E.01232
G1 X73.162 Y108.734 E.0071
G1 X73.299 Y108.646 E.00424
G1 X73.493 Y108.356 E.00909
G1 X73.523 Y108.166 E.00501
G1 X73.523 Y101.834 E.16498
G1 X73.493 Y101.644 E.00501
G1 X73.413 Y101.479 E.00478
G1 X73.162 Y101.266 E.00858
G1 X72.896 Y101.207 E.0071
G1 X72.423 Y101.207 E.01232
G1 X72.423 Y63.266 E.98858
G1 X72.546 Y63.143 E.00453
G1 X102.967 Y63.143 E.79264
G1 X102.967 Y63.616 E.01232
G1 X103.065 Y63.952 E.00912
G1 X103.178 Y64.085 E.00455
G1 X103.316 Y64.178 E.00434
G1 X103.594 Y64.243 E.00744
G1 X109.969 Y64.243 E.16611
G1 X110.261 Y64.146 E.00802
G1 X110.455 Y63.952 E.00715
G1 X110.553 Y63.616 E.00912
G1 X110.553 Y63.143 E.01232
G1 X139.447 Y63.143 E.75285
G1 X139.447 Y63.616 E.01232
G1 X139.545 Y63.952 E.00912
G1 X139.658 Y64.085 E.00455
G1 X139.796 Y64.178 E.00434
G1 X140.074 Y64.243 E.00744
G1 X146.449 Y64.243 E.16611
G1 X146.741 Y64.146 E.00802
M73 Q37 S35
G1 X146.935 Y63.952 E.00715
G1 X147.033 Y63.616 E.00912
G1 X147.033 Y63.143 E.01232
G1 X177.454 Y63.143 E.79264
G1 X177.577 Y63.266 E.00453
M73 P37 R35
G1 X177.577 Y101.207 E.98858
G1 X177.104 Y101.207 E.01232
G1 X176.808 Y101.281 E.00795
G1 X176.58 Y101.489 E.00804
G1 X176.477 Y101.834 E.00938
G1 X176.477 Y108.166 E.16498
G1 X176.58 Y108.511 E.00938
G1 X176.808 Y108.719 E.00804
G1 X177.104 Y108.793 E.00795
G1 X177.577 Y108.793 E.01232
G1 X177.577 Y146.734 E.98858
G1 X177.454 Y146.857 E.00453
G1 X147.033 Y146.857 E.79264
G1 X147.003 Y146.192 E.01734
G1 X146.875 Y146.002 E.00597
M204 S1000
G1 X146.551 Y146.246 F10800
M204 S800
;TYPE:External perimeter
G1 F1500
G1 X146.541 Y146.224 E.00063
G1 X146.406 Y146.175 E.00374
G1 X140.074 Y146.175 E.16498
G1 X139.939 Y146.224 E.00374
G1 X139.865 Y146.384 E.00459
G1 X139.865 Y147.275 E.02322
G1 X110.135 Y147.275 E.77464
G1 X110.135 Y146.384 E.02322
G1 X110.061 Y146.224 E.00459
G1 X109.926 Y146.175 E.00374
G1 X103.594 Y146.175 E.16498
G1 X103.459 Y146.224 E.00374
G1 X103.385 Y146.384 E.00459
G1 X103.385 Y147.275 E.02322
G1 X72.373 Y147.275 E.80804
G1 X72.005 Y146.907 E.01356
G1 X72.005 Y108.375 E1.00398
G1 X72.896 Y108.375 E.02322
G1 X73.03 Y108.326 E.00372
G1 X73.105 Y108.166 E.0046
G1 X73.105 Y101.834 E.16498
G1 X73.03 Y101.674 E.0046
G1 X72.896 Y101.625 E.00372
G1 X72.005 Y101.625 E.02322
G1 X72.005 Y63.093 E1.00398
G1 X72.373 Y62.725 E.01356
G1 X103.385 Y62.725 E.80804
G1 X103.385 Y63.616 E.02322
G1 X103.455 Y63.772 E.00446
G1 X103.594 Y63.825 E.00388
G1 X109.926 Y63.825 E.16498
G1 X110.065 Y63.772 E.00388
G1 X110.135 Y63.616 E.00446
G1 X110.135 Y62.725 E.02322
G1 X139.865 Y62.725 E.77464
G1 X139.865 Y63.616 E.02322
G1 X139.935 Y63.772 E.00446
G1 X140.074 Y63.825 E.00388
G1 X146.406 Y63.825 E.16498
G1 X146.545 Y63.772 E.00388
G1 X146.615 Y63.616 E.00446
G1 X146.615 Y62.725 E.02322
G1 X177.627 Y62.725 E.80804
G1 X177.995 Y63.093 E.01356
G1 X177.995 Y101.625 E1.00398
G1 X177.005 Y101.65 E.0258
G1 X176.929 Y101.719 E.00267
G1 X176.895 Y101.834 E.00312
G1 X176.895 Y108.198 E.16582
G1 X177.005 Y108.35 E.00489
G1 X177.104 Y108.375 E.00266
G1 X177.995 Y108.375 E.02322
G1 X177.995 Y146.907 E1.00398
G1 X177.627 Y147.275 E.01356
M73 P37 R34
G1 X146.615 Y147.275 E.80804
G1 X146.615 Y146.384 E.02322
G1 X146.576 Y146.3 E.00241
M204 S1000
;WIPE_START
G1 F8640
G1 X146.551 Y146.246 E-.01374
G1 X146.541 Y146.224 E-.00558
G1 X146.406 Y146.175 E-.03316
G1 X143.169 Y146.175 E-.74752
;WIPE_END
G1 Z1.5 F720
G1 X149.998 Y146.502 F10800
G1 Z1.1 F720
G1 E.8 F2100
;TYPE:Internal infill
;WIDTH:0.45
G1 F4800
G1 X147.498 Y146.502 E.06514
G1 X148.403 Y145.298 E.03925
G1 X150.22 Y145.298 E.04734
G1 X150.552 Y145.482 E.00989
G1 X151.001 Y145.867 E.01541
G1 X151.455 Y146.502 E.02034
G1 X154.671 Y146.502 E.0838
G1 X155.576 Y145.298 E.03925
G1 X157.392 Y145.298 E.04732
G1 X157.725 Y145.482 E.00991
G1 X158.173 Y145.867 E.01539
G1 X158.628 Y146.501 E.02033
G1 X161.844 Y146.501 E.0838
G1 X162.748 Y145.298 E.03921
G1 X164.565 Y145.298 E.04734
G1 X164.898 Y145.482 E.00991
G1 X165.346 Y145.867 E.01539
G1 X165.8 Y146.501 E.02032
G1 X169.017 Y146.501 E.08382
G1 X169.921 Y145.298 E.03921
G1 X171.737 Y145.298 E.04732
G1 X172.07 Y145.482 E.00991
G1 X172.519 Y145.867 E.01541
G1 X172.972 Y146.5 E.02028
G1 X176.19 Y146.5 E.08385
G1 X177.001 Y145.366 E.03633
G1 X177.22 Y145.205 E.00708
G1 X177.22 Y143.227 E.05154
G1 X177.001 Y143.533 E.0098
G1 X176.553 Y143.863 E.0145
G1 X176.105 Y143.903 E.01172
G1 X175.208 Y143.664 E.02419
G1 X175.018 Y143.559 E.00566
G1 X175.018 Y140.129 E.08937
G1 X175.657 Y139.831 E.01837
G1 X176.105 Y139.446 E.01539
G1 X177.001 Y138.193 E.04014
G1 X177.221 Y138.032 E.0071
G1 X177.221 Y136.054 E.05154
G1 X177.001 Y136.36 E.00982
G1 X176.553 Y136.69 E.0145
G1 X176.105 Y136.731 E.01172
G1 X175.208 Y136.492 E.02419
G1 X175.018 Y136.387 E.00566
G1 X175.018 Y132.956 E.0894
G1 X175.657 Y132.658 E.01837
G1 X176.105 Y132.273 E.01539
G1 X177.001 Y131.021 E.04012
G1 X177.221 Y130.859 E.00712
G1 X177.221 Y128.881 E.05154
G1 X177.001 Y129.188 E.00984
G1 X176.553 Y129.518 E.0145
G1 X176.105 Y129.558 E.01172
G1 X175.208 Y129.319 E.02419
G1 X175.018 Y129.214 E.00566
G1 X175.018 Y125.784 E.08937
G1 X175.657 Y125.486 E.01837
G1 X176.105 Y125.101 E.01539
G1 X177.001 Y123.848 E.04014
G1 X177.221 Y123.686 E.00712
G1 X177.221 Y121.708 E.05154
G1 X177.001 Y122.015 E.00984
G1 X176.553 Y122.345 E.0145
G1 X176.105 Y122.385 E.01172
G1 X175.208 Y122.147 E.02418
G1 X175.018 Y122.042 E.00566
G1 X175.018 Y118.611 E.0894
G1 X175.657 Y118.313 E.01837
G1 X176.105 Y117.928 E.01539
G1 X177.001 Y116.675 E.04014
G1 X177.222 Y116.513 E.00714
G1 X177.222 Y114.535 E.05154
G1 X177.001 Y114.843 E.00988
G1 X176.553 Y115.172 E.01448
G1 X176.105 Y115.213 E.01172
G1 X175.208 Y114.974 E.02419
G1 X175.018 Y114.869 E.00566
G1 X175.018 Y111.438 E.0894
G1 X175.657 Y111.14 E.01837
G1 X176.105 Y110.755 E.01539
G1 X177.001 Y109.503 E.04012
G1 X177.222 Y109.34 E.00716
G1 X177.222 Y109.148 E.005
G1 X176.638 Y109.036 E.01549
G1 X176.282 Y108.711 E.01256
G1 X176.137 Y108.344 E.01028
G1 X176.122 Y108.039 E.00796
G1 X175.208 Y107.801 E.02461
G1 X175.018 Y107.696 E.00566
G1 X175.018 Y104.266 E.08937
G1 X175.657 Y103.968 E.01837
G1 X176.122 Y103.559 E.01614
G1 X176.122 Y106.059 E.06514
;WIPE_START
G1 F8640
G1 X176.122 Y103.559 E-.57726
G1 X175.657 Y103.968 E-.14299
G1 X175.344 Y104.114 E-.07975
;WIPE_END
G1 Z1.5 F720
G1 X177.222 Y97.689 F10800
G1 Z1.1 F720
G1 E.8 F2100
G1 F4800
G1 X177.222 Y100.189 E.06514
G1 X177.001 Y100.497 E.00988
G1 X176.553 Y100.827 E.0145
G1 X176.105 Y100.868 E.01172
G1 X175.208 Y100.629 E.02419
G1 X175.018 Y100.524 E.00566
G1 X175.018 Y97.093 E.0894
G1 X175.657 Y96.795 E.01837
G1 X176.105 Y96.41 E.01539
G1 X177.001 Y95.157 E.04014
G1 X177.222 Y94.995 E.00714
G1 X177.222 Y93.017 E.05154
G1 X177.001 Y93.325 E.00988
G1 X176.553 Y93.655 E.0145
G1 X176.105 Y93.695 E.01172
G1 X175.208 Y93.456 E.02419
G1 X175.018 Y93.351 E.00566
G1 X175.018 Y89.921 E.08937
G1 X175.657 Y89.623 E.01837
G1 X176.105 Y89.238 E.01539
G1 X177.001 Y87.985 E.04014
G1 X177.221 Y87.823 E.00712
G1 X177.221 Y85.845 E.05154
G1 X177.001 Y86.152 E.00984
G1 X176.553 Y86.482 E.0145
G1 X176.105 Y86.522 E.01172
G1 X175.208 Y86.284 E.02418
G1 X175.018 Y86.179 E.00566
G1 X175.018 Y88.679 E.06514
;WIPE_START
G1 F8640
G1 X175.018 Y86.179 E-.57726
G1 X175.208 Y86.284 E-.05013
G1 X175.93 Y86.476 E-.17261
;WIPE_END
G1 Z1.5 F720
G1 X139.384 Y145.708 F10800
G1 Z1.1 F720
G1 E.8 F2100
G1 F4800
G1 X139.139 Y146.074 E.01148
G1 X139.092 Y146.502 E.01122
G1 X137.465 Y146.502 E.04239
G1 X136.207 Y145.482 E.0422
G1 X135.874 Y145.298 E.00991
G1 X134.058 Y145.298 E.04732
G1 X133.12 Y146.502 E.03977
G1 X130.292 Y146.502 E.07369
G1 X129.035 Y145.482 E.04218
G1 X128.702 Y145.298 E.00991
G1 X126.885 Y145.298 E.04734
G1 X125.948 Y146.502 E.03975
G1 X123.119 Y146.502 E.07371
G1 X121.862 Y145.482 E.04218
G1 X121.529 Y145.298 E.00991
G1 X119.713 Y145.298 E.04732
G1 X118.775 Y146.502 E.03977
G1 X115.947 Y146.502 E.07369
G1 X114.689 Y145.482 E.0422
G1 X114.357 Y145.298 E.00989
G1 X112.54 Y145.298 E.04734
G1 X111.603 Y146.502 E.03975
G1 X114.103 Y146.502 E.06514
;WIPE_START
G1 F8640
G1 X111.603 Y146.502 E-.57726
G1 X112.195 Y145.741 E-.22274
;WIPE_END
G1 Z1.5 F720
G1 X103.102 Y145.543 F10800
G1 Z1.1 F720
G1 E.8 F2100
G1 F4800
G1 X102.952 Y145.637 E.00461
G1 X102.659 Y146.074 E.01371
G1 X102.612 Y146.502 E.01122
G1 X101.247 Y146.502 E.03557
G1 X100.792 Y145.867 E.02035
G1 X100.344 Y145.482 E.01539
G1 X100.011 Y145.298 E.00991
G1 X98.195 Y145.298 E.04732
G1 X97.29 Y146.502 E.03925
G1 X94.074 Y146.502 E.0838
G1 X93.62 Y145.867 E.02034
G1 X93.172 Y145.482 E.01539
G1 X92.839 Y145.298 E.00991
G1 X91.022 Y145.298 E.04734
G1 X90.117 Y146.501 E.03922
G1 X86.901 Y146.501 E.0838
G1 X86.447 Y145.867 E.02032
G1 X85.999 Y145.482 E.01539
G1 X85.666 Y145.298 E.00991
G1 X83.85 Y145.298 E.04732
G1 X82.945 Y146.501 E.03922
G1 X79.728 Y146.501 E.08382
G1 X79.275 Y145.867 E.0203
G1 X78.826 Y145.482 E.01541
G1 X78.493 Y145.298 E.00991
G1 X77.946 Y145.298 E.01425
G1 X77.513 Y145.192 E.01162
G1 X77.295 Y145.012 E.00737
G1 X77.033 Y145.036 E.00686
G1 X76.585 Y145.366 E.0145
G1 X75.773 Y146.5 E.03634
G1 X73.273 Y146.5 E.06514
;WIPE_START
G1 F8640
G1 X75.773 Y146.5 E-.57726
G1 X76.335 Y145.715 E-.22274
;WIPE_END
G1 Z1.5 F720
G1 X76.982 Y140.478 F10800
G1 Z1.1 F720
G1 E.8 F2100
G1 F4800
G1 X76.982 Y142.978 E.06514
G1 X76.585 Y143.533 E.01778
G1 X76.137 Y143.863 E.0145
G1 X75.688 Y143.903 E.01175
G1 X74.792 Y143.664 E.02416
G1 X74.343 Y143.417 E.01335
G1 X73.895 Y143.032 E.01539
G1 X72.999 Y141.779 E.04014
G1 X72.78 Y141.618 E.00708
G1 X72.779 Y139.64 E.05154
G1 X72.999 Y139.947 E.00984
M73 Q37 S34
G1 X73.447 Y140.277 E.0145
G1 X73.895 Y140.317 E.01172
G1 X74.792 Y140.078 E.02419
G1 X75.24 Y139.831 E.01333
G1 X75.688 Y139.446 E.01539
G1 X76.585 Y138.193 E.04015
G1 X76.982 Y137.901 E.01284
G1 X76.982 Y135.805 E.05461
G1 X76.585 Y136.36 E.01778
G1 X76.137 Y136.69 E.0145
G1 X75.688 Y136.731 E.01175
G1 X74.792 Y136.492 E.02416
G1 X74.343 Y136.245 E.01335
G1 X73.895 Y135.86 E.01539
G1 X72.999 Y134.607 E.04014
G1 X72.779 Y134.445 E.00712
G1 X72.779 Y132.467 E.05154
G1 X72.999 Y132.774 E.00984
G1 X73.447 Y133.104 E.0145
G1 X73.895 Y133.144 E.01172
G1 X74.792 Y132.906 E.02418
G1 X75.24 Y132.658 E.01334
G1 X75.688 Y132.273 E.01539
G1 X76.585 Y131.021 E.04013
G1 X76.982 Y130.728 E.01286
G1 X76.982 Y128.633 E.05459
G1 X76.585 Y129.188 E.01778
G1 X76.137 Y129.518 E.0145
G1 X75.688 Y129.558 E.01175
G1 X74.792 Y129.319 E.02416
G1 X74.343 Y129.072 E.01335
G1 X73.895 Y128.687 E.01539
G1 X72.999 Y127.434 E.04014
G1 X72.779 Y127.273 E.0071
G1 X72.779 Y125.294 E.05156
G1 X72.999 Y125.602 E.00986
G1 X73.447 Y125.931 E.01448
G1 X73.895 Y125.972 E.01172
G1 X74.792 Y125.733 E.02419
G1 X75.24 Y125.486 E.01333
G1 X75.688 Y125.101 E.01539
G1 X76.585 Y123.848 E.04015
G1 X76.982 Y123.556 E.01284
G1 X76.982 Y121.46 E.05461
G1 X76.585 Y122.015 E.01778
G1 X76.137 Y122.345 E.0145
G1 X75.688 Y122.385 E.01175
G1 X74.792 Y122.147 E.02416
G1 X74.343 Y121.899 E.01336
G1 X73.895 Y121.514 E.01539
G1 X72.999 Y120.262 E.04012
G1 X72.778 Y120.1 E.00714
G1 X72.778 Y118.121 E.05156
G1 X72.999 Y118.429 E.00988
G1 X73.447 Y118.759 E.0145
G1 X73.895 Y118.799 E.01172
G1 X74.792 Y118.56 E.02419
G1 X75.24 Y118.313 E.01333
G1 X75.688 Y117.928 E.01539
G1 X76.585 Y116.675 E.04015
G1 X76.982 Y116.383 E.01284
G1 X76.982 Y114.288 E.05459
G1 X76.585 Y114.843 E.01778
G1 X76.137 Y115.172 E.01448
G1 X75.688 Y115.213 E.01175
G1 X74.792 Y114.974 E.02416
G1 X74.343 Y114.727 E.01335
G1 X73.895 Y114.342 E.01539
G1 X72.999 Y113.089 E.04014
G1 X72.778 Y112.927 E.00714
G1 X72.778 Y110.948 E.05156
G1 X72.999 Y111.256 E.00988
G1 X73.447 Y111.586 E.0145
G1 X73.895 Y111.626 E.01172
G1 X74.792 Y111.388 E.02418
G1 X75.24 Y111.14 E.01334
G1 X75.688 Y110.755 E.01539
G1 X76.585 Y109.503 E.04013
G1 X76.982 Y109.21 E.01286
G1 X76.982 Y107.115 E.05459
G1 X76.585 Y107.67 E.01778
G1 X76.137 Y108 E.0145
G1 X75.688 Y108.04 E.01175
G1 X74.792 Y107.801 E.02416
G1 X74.343 Y107.554 E.01335
G1 X73.878 Y107.145 E.01614
G1 X73.878 Y104.452 E.07017
G1 X74.792 Y104.215 E.0246
G1 X75.24 Y103.968 E.01333
G1 X75.688 Y103.583 E.01539
G1 X76.585 Y102.33 E.04015
G1 X76.982 Y102.038 E.01284
G1 X76.982 Y99.942 E.05461
G1 X76.585 Y100.497 E.01778
G1 X76.137 Y100.827 E.0145
G1 X75.688 Y100.868 E.01175
G1 X74.792 Y100.629 E.02416
G1 X74.343 Y100.381 E.01336
G1 X73.895 Y99.997 E.01537
G1 X72.999 Y98.744 E.04014
G1 X72.778 Y98.581 E.00716
G1 X72.778 Y96.603 E.05154
G1 X72.999 Y96.911 E.00988
G1 X73.447 Y97.241 E.0145
G1 X73.895 Y97.281 E.01172
G1 X74.792 Y97.043 E.02418
G1 X75.24 Y96.795 E.01334
G1 X75.688 Y96.41 E.01539
G1 X76.585 Y95.157 E.04015
G1 X76.982 Y94.865 E.01284
G1 X76.982 Y92.77 E.05459
G1 X76.585 Y93.325 E.01778
G1 X76.137 Y93.655 E.0145
G1 X75.688 Y93.695 E.01175
G1 X74.792 Y93.456 E.02416
G1 X74.343 Y93.209 E.01335
G1 X73.895 Y92.824 E.01539
G1 X72.999 Y91.571 E.04014
G1 X72.778 Y91.409 E.00714
G1 X72.779 Y89.431 E.05154
G1 X72.999 Y89.738 E.00984
G1 X73.447 Y90.068 E.0145
G1 X73.895 Y90.109 E.01172
G1 X74.792 Y89.87 E.02419
G1 X75.24 Y89.623 E.01333
G1 X75.688 Y89.238 E.01539
G1 X76.585 Y87.985 E.04015
G1 X76.982 Y87.693 E.01284
G1 X76.982 Y85.597 E.05461
G1 X76.585 Y86.152 E.01778
G1 X76.137 Y86.482 E.0145
G1 X75.688 Y86.522 E.01175
G1 X74.792 Y86.284 E.02416
G1 X74.343 Y86.036 E.01336
G1 X73.895 Y85.651 E.01539
G1 X72.999 Y84.399 E.04012
G1 X72.779 Y84.237 E.00712
G1 X72.779 Y82.259 E.05154
G1 X72.999 Y82.566 E.00984
G1 X73.447 Y82.896 E.0145
G1 X73.895 Y82.936 E.01172
M73 Q38 S34
G1 X74.792 Y82.697 E.02419
G1 X75.24 Y82.45 E.01333
G1 X75.688 Y82.065 E.01539
G1 X76.585 Y80.812 E.04015
G1 X77.033 Y80.482 E.0145
G1 X77.481 Y80.442 E.01172
G1 X78.378 Y80.681 E.02419
G1 X78.826 Y80.928 E.01333
G1 X79.275 Y81.313 E.01541
G1 X80.171 Y82.566 E.04014
G1 X80.356 Y82.702 E.00598
G1 X81.946 Y82.702 E.04143
G1 X82.413 Y82.45 E.01383
G1 X82.861 Y82.065 E.01539
G1 X83.758 Y80.812 E.04015
G1 X84.206 Y80.482 E.0145
G1 X84.654 Y80.442 E.01172
G1 X85.551 Y80.681 E.02419
G1 X85.999 Y80.928 E.01333
G1 X86.447 Y81.313 E.01539
G1 X87.344 Y82.566 E.04015
G1 X87.529 Y82.702 E.00598
G1 X89.119 Y82.702 E.04143
G1 X89.585 Y82.45 E.0138
M73 P38 R34
G1 X90.034 Y82.065 E.01541
G1 X90.93 Y80.812 E.04014
G1 X91.378 Y80.482 E.0145
G1 X91.827 Y80.442 E.01175
G1 X92.723 Y80.681 E.02416
G1 X93.172 Y80.928 E.01335
G1 X93.62 Y81.313 E.01539
G1 X94.516 Y82.566 E.04014
G1 X94.702 Y82.702 E.006
G1 X96.292 Y82.702 E.04143
G1 X96.758 Y82.45 E.0138
G1 X97.206 Y82.065 E.01539
G1 X98.103 Y80.812 E.04015
G1 X98.551 Y80.482 E.0145
G1 X98.999 Y80.442 E.01172
G1 X99.896 Y80.681 E.02419
G1 X100.344 Y80.928 E.01333
G1 X100.792 Y81.313 E.01539
G1 X101.689 Y82.566 E.04015
G1 X101.874 Y82.702 E.00598
G1 X103.464 Y82.702 E.04143
G1 X103.93 Y82.45 E.0138
G1 X104.379 Y82.065 E.01541
G1 X105.275 Y80.812 E.04014
G1 X105.724 Y80.482 E.01452
G1 X106.172 Y80.442 E.01172
G1 X107.069 Y80.681 E.02419
G1 X107.517 Y80.928 E.01333
G1 X107.965 Y81.313 E.01539
G1 X108.862 Y82.566 E.04015
G1 X109.047 Y82.702 E.00598
G1 X110.637 Y82.702 E.04143
G1 X111.103 Y82.45 E.0138
G1 X111.551 Y82.065 E.01539
G1 X112.448 Y80.812 E.04015
G1 X112.896 Y80.482 E.0145
G1 X113.345 Y80.442 E.01175
G1 X114.241 Y80.681 E.02416
G1 X114.689 Y80.928 E.01333
G1 X115.138 Y81.313 E.01541
G1 X116.034 Y82.566 E.04014
G1 X116.219 Y82.702 E.00598
G1 X117.809 Y82.702 E.04143
G1 X118.276 Y82.45 E.01383
G1 X118.724 Y82.065 E.01539
G1 X119.621 Y80.812 E.04015
G1 X120.069 Y80.482 E.0145
G1 X120.517 Y80.442 E.01172
G1 X121.414 Y80.681 E.02419
G1 X121.862 Y80.928 E.01333
G1 X122.31 Y81.313 E.01539
G1 X123.207 Y82.566 E.04015
G1 X123.392 Y82.702 E.00598
G1 X124.982 Y82.702 E.04143
G1 X125.448 Y82.45 E.0138
G1 X125.897 Y82.065 E.01541
G1 X126.793 Y80.812 E.04014
G1 X127.241 Y80.482 E.0145
G1 X127.69 Y80.442 E.01175
G1 X128.586 Y80.681 E.02416
G1 X129.035 Y80.928 E.01335
G1 X129.483 Y81.313 E.01539
G1 X130.379 Y82.566 E.04014
G1 X130.565 Y82.702 E.006
G1 X132.155 Y82.702 E.04143
G1 X132.621 Y82.45 E.0138
G1 X133.069 Y82.065 E.01539
G1 X133.966 Y80.812 E.04015
G1 X134.414 Y80.482 E.0145
G1 X134.862 Y80.442 E.01172
G1 X135.759 Y80.681 E.02419
G1 X136.207 Y80.928 E.01333
G1 X136.656 Y81.313 E.01541
G1 X137.552 Y82.566 E.04014
G1 X137.737 Y82.702 E.00598
G1 X139.327 Y82.702 E.04143
G1 X139.794 Y82.45 E.01383
G1 X140.242 Y82.065 E.01539
G1 X141.138 Y80.812 E.04014
G1 X141.587 Y80.482 E.01452
G1 X142.035 Y80.442 E.01172
G1 X142.932 Y80.681 E.02419
G1 X143.38 Y80.928 E.01333
G1 X143.828 Y81.313 E.01539
G1 X144.725 Y82.566 E.04015
G1 X144.91 Y82.702 E.00598
G1 X146.5 Y82.702 E.04143
G1 X146.966 Y82.45 E.0138
G1 X147.414 Y82.065 E.01539
G1 X148.311 Y80.812 E.04015
G1 X148.759 Y80.482 E.0145
G1 X149.208 Y80.442 E.01175
G1 X150.104 Y80.681 E.02416
G1 X150.552 Y80.928 E.01333
G1 X151.001 Y81.313 E.01541
G1 X151.897 Y82.566 E.04014
G1 X152.082 Y82.702 E.00598
G1 X153.673 Y82.702 E.04145
G1 X154.139 Y82.45 E.0138
G1 X154.587 Y82.065 E.01539
G1 X155.484 Y80.812 E.04015
G1 X155.932 Y80.482 E.0145
G1 X156.38 Y80.442 E.01172
G1 X157.277 Y80.681 E.02419
G1 X157.725 Y80.928 E.01333
G1 X158.173 Y81.313 E.01539
G1 X159.07 Y82.566 E.04015
G1 X159.255 Y82.702 E.00598
G1 X160.845 Y82.702 E.04143
G1 X161.311 Y82.45 E.0138
G1 X161.76 Y82.065 E.01541
G1 X162.656 Y80.812 E.04014
G1 X163.105 Y80.482 E.01452
G1 X163.553 Y80.442 E.01172
G1 X164.449 Y80.681 E.02416
G1 X164.898 Y80.928 E.01335
G1 X165.346 Y81.313 E.01539
G1 X166.243 Y82.566 E.04015
G1 X166.428 Y82.702 E.00598
G1 X168.018 Y82.702 E.04143
G1 X168.484 Y82.45 E.0138
G1 X168.932 Y82.065 E.01539
G1 X169.829 Y80.812 E.04015
G1 X170.277 Y80.482 E.0145
G1 X170.725 Y80.442 E.01172
G1 X171.622 Y80.681 E.02419
G1 X172.07 Y80.928 E.01333
G1 X172.519 Y81.313 E.01541
G1 X173.415 Y82.566 E.04014
G1 X173.6 Y82.702 E.00598
G1 X174.254 Y82.725 E.01705
G1 X174.567 Y82.868 E.00897
G1 X175.208 Y82.697 E.01729
G1 X175.657 Y82.45 E.01335
G1 X176.105 Y82.065 E.01539
G1 X177.001 Y80.812 E.04014
G1 X177.221 Y80.651 E.0071
G1 X177.221 Y78.673 E.05154
G1 X177.001 Y78.98 E.00984
G1 X176.553 Y79.309 E.01448
G1 X176.105 Y79.35 E.01172
G1 X175.208 Y79.111 E.02419
G1 X174.76 Y78.864 E.01333
G1 X174.312 Y78.479 E.01539
G1 X173.415 Y77.226 E.04015
G1 X172.967 Y76.896 E.0145
G1 X172.519 Y76.856 E.01172
G1 X171.622 Y77.094 E.02418
G1 X171.174 Y77.342 E.01334
G1 X170.725 Y77.727 E.01541
G1 X169.829 Y78.98 E.04014
G1 X169.381 Y79.309 E.01448
G1 X168.932 Y79.35 E.01175
G1 X168.036 Y79.111 E.02416
G1 X167.587 Y78.864 E.01335
G1 X167.139 Y78.479 E.01539
G1 X166.243 Y77.226 E.04014
G1 X165.794 Y76.896 E.01452
G1 X165.346 Y76.856 E.01172
G1 X164.449 Y77.094 E.02418
G1 X164.001 Y77.342 E.01334
G1 X163.553 Y77.727 E.01539
G1 X162.656 Y78.98 E.04015
G1 X162.208 Y79.309 E.01448
G1 X161.76 Y79.35 E.01172
G1 X160.863 Y79.111 E.02419
G1 X160.415 Y78.864 E.01333
G1 X159.967 Y78.479 E.01539
G1 X159.07 Y77.226 E.04015
G1 X158.622 Y76.896 E.0145
G1 X158.173 Y76.856 E.01175
G1 X157.277 Y77.094 E.02416
G1 X156.828 Y77.342 E.01336
G1 X156.38 Y77.727 E.01539
G1 X155.484 Y78.98 E.04014
G1 X155.035 Y79.309 E.0145
G1 X154.587 Y79.35 E.01172
G1 X153.69 Y79.111 E.02419
G1 X153.242 Y78.864 E.01333
G1 X152.794 Y78.479 E.01539
G1 X151.897 Y77.226 E.04015
G1 X151.449 Y76.896 E.0145
G1 X151.001 Y76.856 E.01172
G1 X150.104 Y77.094 E.02418
G1 X149.656 Y77.342 E.01334
G1 X149.208 Y77.727 E.01539
G1 X148.311 Y78.98 E.04015
G1 X147.863 Y79.309 E.01448
G1 X147.414 Y79.35 E.01175
G1 X146.518 Y79.111 E.02416
G1 X146.07 Y78.864 E.01333
G1 X145.621 Y78.479 E.01541
G1 X144.725 Y77.226 E.04014
G1 X144.276 Y76.896 E.01452
G1 X143.828 Y76.856 E.01172
G1 X142.932 Y77.094 E.02416
G1 X142.483 Y77.342 E.01336
G1 X142.035 Y77.727 E.01539
G1 X141.138 Y78.98 E.04015
G1 X140.69 Y79.309 E.01448
G1 X140.242 Y79.35 E.01172
G1 X139.345 Y79.111 E.02419
G1 X138.897 Y78.864 E.01333
G1 X138.449 Y78.479 E.01539
G1 X137.552 Y77.226 E.04015
G1 X137.104 Y76.896 E.0145
G1 X136.656 Y76.856 E.01172
G1 X135.759 Y77.094 E.02418
G1 X135.311 Y77.342 E.01334
G1 X134.862 Y77.727 E.01541
G1 X133.966 Y78.98 E.04014
G1 X133.518 Y79.309 E.01448
G1 X133.069 Y79.35 E.01175
G1 X132.173 Y79.111 E.02416
G1 X131.724 Y78.864 E.01335
G1 X131.276 Y78.479 E.01539
G1 X130.379 Y77.226 E.04015
G1 X129.931 Y76.896 E.0145
G1 X129.483 Y76.856 E.01172
G1 X128.586 Y77.094 E.02418
G1 X128.138 Y77.342 E.01334
G1 X127.69 Y77.727 E.01539
G1 X126.793 Y78.98 E.04015
G1 X126.345 Y79.309 E.01448
G1 X125.897 Y79.35 E.01172
G1 X125 Y79.111 E.02419
G1 X124.552 Y78.864 E.01333
G1 X124.103 Y78.479 E.01541
G1 X123.207 Y77.226 E.04014
G1 X122.759 Y76.896 E.0145
G1 X122.31 Y76.856 E.01175
G1 X121.414 Y77.094 E.02416
G1 X120.965 Y77.342 E.01336
G1 X120.517 Y77.727 E.01539
G1 X119.621 Y78.98 E.04014
G1 X119.172 Y79.309 E.0145
G1 X118.724 Y79.35 E.01172
G1 X117.827 Y79.111 E.02419
G1 X117.379 Y78.864 E.01333
G1 X116.931 Y78.479 E.01539
G1 X116.034 Y77.226 E.04015
G1 X115.586 Y76.896 E.0145
G1 X115.138 Y76.856 E.01172
G1 X114.241 Y77.094 E.02418
G1 X113.793 Y77.342 E.01334
G1 X113.345 Y77.727 E.01539
G1 X112.448 Y78.98 E.04015
G1 X112 Y79.309 E.01448
G1 X111.551 Y79.35 E.01175
G1 X110.655 Y79.111 E.02416
G1 X110.207 Y78.864 E.01333
G1 X109.758 Y78.479 E.01541
G1 X108.862 Y77.226 E.04014
G1 X108.413 Y76.896 E.01452
G1 X107.965 Y76.856 E.01172
G1 X107.069 Y77.094 E.02416
G1 X106.62 Y77.342 E.01336
G1 X106.172 Y77.727 E.01539
G1 X105.275 Y78.98 E.04015
G1 X104.827 Y79.309 E.01448
G1 X104.379 Y79.35 E.01172
G1 X103.482 Y79.111 E.02419
G1 X103.034 Y78.864 E.01333
G1 X102.586 Y78.479 E.01539
G1 X101.689 Y77.226 E.04015
G1 X101.241 Y76.896 E.0145
G1 X100.792 Y76.856 E.01175
G1 X99.896 Y77.094 E.02416
G1 X99.448 Y77.342 E.01334
G1 X98.999 Y77.727 E.01541
G1 X98.103 Y78.98 E.04014
G1 X97.654 Y79.309 E.0145
G1 X97.206 Y79.35 E.01172
G1 X96.31 Y79.111 E.02416
G1 X95.861 Y78.864 E.01335
G1 X95.413 Y78.479 E.01539
G1 X94.516 Y77.226 E.04015
G1 X94.068 Y76.896 E.0145
G1 X93.62 Y76.856 E.01172
G1 X92.723 Y77.094 E.02418
G1 X92.275 Y77.342 E.01334
G1 X91.827 Y77.727 E.01539
G1 X90.93 Y78.98 E.04015
G1 X90.482 Y79.309 E.01448
G1 X90.034 Y79.35 E.01172
G1 X89.137 Y79.111 E.02419
G1 X88.689 Y78.864 E.01333
G1 X88.24 Y78.479 E.01541
G1 X87.344 Y77.226 E.04014
G1 X86.896 Y76.896 E.0145
G1 X86.447 Y76.856 E.01175
G1 X85.551 Y77.094 E.02416
G1 X85.102 Y77.342 E.01336
G1 X84.654 Y77.727 E.01539
G1 X83.758 Y78.98 E.04014
G1 X83.309 Y79.309 E.0145
G1 X82.861 Y79.35 E.01172
G1 X81.964 Y79.111 E.02419
G1 X81.516 Y78.864 E.01333
G1 X81.068 Y78.479 E.01539
G1 X80.171 Y77.226 E.04015
G1 X79.723 Y76.896 E.0145
G1 X79.275 Y76.856 E.01172
G1 X78.378 Y77.094 E.02418
G1 X77.93 Y77.342 E.01334
G1 X77.481 Y77.727 E.01541
G1 X76.585 Y78.98 E.04014
G1 X76.137 Y79.309 E.01448
G1 X75.688 Y79.35 E.01175
G1 X74.792 Y79.111 E.02416
G1 X74.343 Y78.864 E.01335
G1 X73.895 Y78.479 E.01539
G1 X72.999 Y77.226 E.04014
G1 X72.779 Y77.064 E.00712
G1 X72.779 Y75.087 E.05151
G1 X72.999 Y75.393 E.00982
G1 X73.447 Y75.723 E.0145
G1 X73.895 Y75.763 E.01172
G1 X74.792 Y75.525 E.02418
G1 X75.24 Y75.277 E.01334
G1 X75.688 Y74.892 E.01539
G1 X76.585 Y73.64 E.04013
G1 X77.033 Y73.31 E.0145
G1 X77.481 Y73.269 E.01172
G1 X78.378 Y73.508 E.02419
G1 X78.826 Y73.755 E.01333
G1 X79.275 Y74.14 E.01541
G1 X80.171 Y75.393 E.04014
G1 X80.619 Y75.723 E.0145
G1 X81.068 Y75.763 E.01175
G1 X81.964 Y75.525 E.02416
G1 X82.413 Y75.277 E.01336
G1 X82.861 Y74.892 E.01539
G1 X83.758 Y73.64 E.04013
G1 X84.206 Y73.31 E.0145
G1 X84.654 Y73.269 E.01172
G1 X85.551 Y73.508 E.02419
G1 X85.999 Y73.755 E.01333
G1 X86.447 Y74.14 E.01539
G1 X87.344 Y75.393 E.04015
G1 X87.792 Y75.723 E.0145
G1 X88.24 Y75.763 E.01172
G1 X89.137 Y75.525 E.02418
G1 X89.585 Y75.277 E.01334
G1 X90.034 Y74.892 E.01541
G1 X90.93 Y73.64 E.04012
G1 X91.378 Y73.31 E.0145
G1 X91.827 Y73.269 E.01175
G1 X92.723 Y73.508 E.02416
G1 X93.172 Y73.755 E.01335
G1 X93.62 Y74.14 E.01539
G1 X94.516 Y75.393 E.04014
G1 X94.965 Y75.723 E.01452
G1 X95.413 Y75.763 E.01172
G1 X96.31 Y75.525 E.02418
G1 X96.758 Y75.277 E.01334
G1 X97.206 Y74.892 E.01539
G1 X98.103 Y73.64 E.04013
G1 X98.551 Y73.31 E.0145
G1 X98.999 Y73.269 E.01172
G1 X99.896 Y73.508 E.02419
G1 X100.344 Y73.755 E.01333
G1 X100.792 Y74.14 E.01539
G1 X101.689 Y75.393 E.04015
G1 X102.137 Y75.723 E.0145
G1 X102.586 Y75.763 E.01175
G1 X103.482 Y75.525 E.02416
G1 X103.93 Y75.277 E.01334
G1 X104.379 Y74.892 E.01541
G1 X105.275 Y73.64 E.04012
G1 X105.724 Y73.31 E.01452
G1 X106.172 Y73.269 E.01172
G1 X107.069 Y73.508 E.02419
G1 X107.517 Y73.755 E.01333
G1 X107.965 Y74.14 E.01539
G1 X108.862 Y75.393 E.04015
G1 X109.31 Y75.723 E.0145
G1 X109.758 Y75.763 E.01172
G1 X110.655 Y75.525 E.02418
G1 X111.103 Y75.277 E.01334
G1 X111.551 Y74.892 E.01539
G1 X112.448 Y73.64 E.04013
G1 X112.896 Y73.31 E.0145
G1 X113.345 Y73.269 E.01175
G1 X114.241 Y73.508 E.02416
G1 X114.689 Y73.755 E.01333
G1 X115.138 Y74.14 E.01541
G1 X116.034 Y75.393 E.04014
G1 X116.483 Y75.723 E.01452
G1 X116.931 Y75.763 E.01172
G1 X117.827 Y75.525 E.02416
G1 X118.276 Y75.277 E.01336
G1 X118.724 Y74.892 E.01539
G1 X119.621 Y73.64 E.04013
G1 X120.069 Y73.31 E.0145
G1 X120.517 Y73.269 E.01172
G1 X121.414 Y73.508 E.02419
G1 X121.862 Y73.755 E.01333
G1 X122.31 Y74.14 E.01539
G1 X123.207 Y75.393 E.04015
G1 X123.655 Y75.723 E.0145
G1 X124.103 Y75.763 E.01172
G1 X125 Y75.525 E.02418
G1 X125.448 Y75.277 E.01334
G1 X125.897 Y74.892 E.01541
G1 X126.793 Y73.64 E.04012
G1 X127.241 Y73.31 E.0145
G1 X127.69 Y73.269 E.01175
G1 X128.586 Y73.508 E.02416
G1 X129.035 Y73.755 E.01335
G1 X129.483 Y74.14 E.01539
G1 X130.379 Y75.393 E.04014
G1 X130.828 Y75.723 E.01452
G1 X131.276 Y75.763 E.01172
G1 X132.173 Y75.525 E.02418
G1 X132.621 Y75.277 E.01334
G1 X133.069 Y74.892 E.01539
G1 X133.966 Y73.64 E.04013
G1 X134.414 Y73.31 E.0145
G1 X134.862 Y73.269 E.01172
G1 X135.759 Y73.508 E.02419
G1 X136.207 Y73.755 E.01333
G1 X136.656 Y74.14 E.01541
G1 X137.552 Y75.393 E.04014
G1 X138 Y75.723 E.0145
G1 X138.449 Y75.763 E.01175
G1 X139.345 Y75.525 E.02416
G1 X139.794 Y75.277 E.01336
G1 X140.242 Y74.892 E.01539
G1 X141.138 Y73.64 E.04012
G1 X141.587 Y73.31 E.01452
G1 X142.035 Y73.269 E.01172
G1 X142.932 Y73.508 E.02419
G1 X143.38 Y73.755 E.01333
G1 X143.828 Y74.14 E.01539
G1 X144.725 Y75.393 E.04015
G1 X145.173 Y75.723 E.0145
G1 X145.621 Y75.763 E.01172
G1 X146.518 Y75.525 E.02418
G1 X146.966 Y75.277 E.01334
G1 X147.414 Y74.892 E.01539
G1 X148.311 Y73.64 E.04013
G1 X148.759 Y73.31 E.0145
G1 X149.208 Y73.269 E.01175
G1 X150.104 Y73.508 E.02416
G1 X150.552 Y73.755 E.01333
G1 X151.001 Y74.14 E.01541
G1 X151.897 Y75.393 E.04014
G1 X152.346 Y75.723 E.01452
G1 X152.794 Y75.763 E.01172
G1 X153.69 Y75.525 E.02416
G1 X154.139 Y75.277 E.01336
G1 X154.587 Y74.892 E.01539
G1 X155.484 Y73.64 E.04013
G1 X155.932 Y73.31 E.0145
G1 X156.38 Y73.269 E.01172
G1 X157.277 Y73.508 E.02419
G1 X157.725 Y73.755 E.01333
G1 X158.173 Y74.14 E.01539
G1 X159.07 Y75.393 E.04015
G1 X159.518 Y75.723 E.0145
G1 X159.967 Y75.763 E.01175
G1 X160.863 Y75.525 E.02416
G1 X161.311 Y75.277 E.01334
G1 X161.76 Y74.892 E.01541
G1 X162.656 Y73.64 E.04012
G1 X163.105 Y73.31 E.01452
G1 X163.553 Y73.269 E.01172
G1 X164.449 Y73.508 E.02416
G1 X164.898 Y73.755 E.01335
G1 X165.346 Y74.14 E.01539
G1 X166.243 Y75.393 E.04015
G1 X166.691 Y75.723 E.0145
G1 X167.139 Y75.763 E.01172
G1 X168.036 Y75.525 E.02418
G1 X168.484 Y75.277 E.01334
G1 X168.932 Y74.892 E.01539
G1 X169.829 Y73.64 E.04013
G1 X170.277 Y73.31 E.0145
G1 X170.725 Y73.269 E.01172
G1 X171.622 Y73.508 E.02419
G1 X172.07 Y73.755 E.01333
G1 X172.519 Y74.14 E.01541
G1 X173.415 Y75.393 E.04014
G1 X173.863 Y75.723 E.0145
G1 X174.312 Y75.763 E.01175
G1 X175.208 Y75.525 E.02416
G1 X175.657 Y75.277 E.01336
G1 X176.105 Y74.892 E.01539
G1 X177.001 Y73.64 E.04012
G1 X177.221 Y73.478 E.00712
G1 X177.221 Y71.501 E.05151
G1 X177.001 Y71.807 E.00982
G1 X176.553 Y72.137 E.0145
G1 X176.105 Y72.177 E.01172
G1 X175.208 Y71.938 E.02419
G1 X174.76 Y71.691 E.01333
G1 X174.312 Y71.306 E.01539
G1 X173.415 Y70.053 E.04015
G1 X172.967 Y69.723 E.0145
G1 X172.519 Y69.683 E.01172
G1 X171.622 Y69.922 E.02419
G1 X171.174 Y70.169 E.01333
G1 X170.725 Y70.554 E.01541
G1 X169.829 Y71.807 E.04014
G1 X169.381 Y72.137 E.0145
G1 X168.932 Y72.177 E.01175
G1 X168.036 Y71.938 E.02416
G1 X167.587 Y71.691 E.01335
G1 X167.139 Y71.306 E.01539
G1 X166.243 Y70.053 E.04014
G1 X165.794 Y69.723 E.01452
G1 X165.346 Y69.683 E.01172
G1 X164.449 Y69.922 E.02419
G1 X164.001 Y70.169 E.01333
G1 X163.553 Y70.554 E.01539
G1 X162.656 Y71.807 E.04015
G1 X162.208 Y72.137 E.0145
G1 X161.76 Y72.177 E.01172
G1 X160.863 Y71.938 E.02419
G1 X160.415 Y71.691 E.01333
G1 X159.967 Y71.306 E.01539
G1 X159.07 Y70.053 E.04015
G1 X158.622 Y69.723 E.0145
G1 X158.173 Y69.683 E.01175
G1 X157.277 Y69.922 E.02416
G1 X156.828 Y70.169 E.01335
G1 X156.38 Y70.554 E.01539
G1 X155.484 Y71.807 E.04014
G1 X155.035 Y72.137 E.01452
G1 X154.587 Y72.177 E.01172
G1 X153.69 Y71.938 E.02419
G1 X153.242 Y71.691 E.01333
G1 X152.794 Y71.306 E.01539
G1 X151.897 Y70.053 E.04015
G1 X151.449 Y69.723 E.0145
G1 X151.001 Y69.683 E.01172
G1 X150.104 Y69.922 E.02419
G1 X149.656 Y70.169 E.01333
G1 X149.208 Y70.554 E.01539
G1 X148.311 Y71.807 E.04015
G1 X147.863 Y72.137 E.0145
G1 X147.414 Y72.177 E.01175
G1 X146.518 Y71.938 E.02416
G1 X146.07 Y71.691 E.01333
G1 X145.621 Y71.306 E.01541
G1 X144.725 Y70.053 E.04014
G1 X144.276 Y69.723 E.01452
G1 X143.828 Y69.683 E.01172
G1 X142.932 Y69.922 E.02416
G1 X142.483 Y70.169 E.01335
G1 X142.035 Y70.554 E.01539
G1 X141.138 Y71.807 E.04015
G1 X140.69 Y72.137 E.0145
G1 X140.242 Y72.177 E.01172
G1 X139.345 Y71.938 E.02419
G1 X138.897 Y71.691 E.01333
G1 X138.449 Y71.306 E.01539
G1 X137.552 Y70.053 E.04015
G1 X137.104 Y69.723 E.0145
G1 X136.656 Y69.683 E.01172
G1 X135.759 Y69.922 E.02419
G1 X135.311 Y70.169 E.01333
G1 X134.862 Y70.554 E.01541
G1 X133.966 Y71.807 E.04014
G1 X133.518 Y72.137 E.0145
G1 X133.069 Y72.177 E.01175
G1 X132.173 Y71.938 E.02416
G1 X131.724 Y71.691 E.01335
G1 X131.276 Y71.306 E.01539
G1 X130.379 Y70.053 E.04015
G1 X129.931 Y69.723 E.0145
G1 X129.483 Y69.683 E.01172
G1 X128.586 Y69.922 E.02419
G1 X128.138 Y70.169 E.01333
G1 X127.69 Y70.554 E.01539
G1 X126.793 Y71.807 E.04015
G1 X126.345 Y72.137 E.0145
G1 X125.897 Y72.177 E.01172
G1 X125 Y71.938 E.02419
G1 X124.552 Y71.691 E.01333
G1 X124.103 Y71.306 E.01541
G1 X123.207 Y70.053 E.04014
G1 X122.759 Y69.723 E.0145
G1 X122.31 Y69.683 E.01175
G1 X121.414 Y69.922 E.02416
G1 X120.965 Y70.169 E.01335
G1 X120.517 Y70.554 E.01539
G1 X119.621 Y71.807 E.04014
G1 X119.172 Y72.137 E.01452
G1 X118.724 Y72.177 E.01172
G1 X117.827 Y71.938 E.02419
G1 X117.379 Y71.691 E.01333
G1 X116.931 Y71.306 E.01539
G1 X116.034 Y70.053 E.04015
G1 X115.586 Y69.723 E.0145
G1 X115.138 Y69.683 E.01172
G1 X114.241 Y69.922 E.02419
G1 X113.793 Y70.169 E.01333
G1 X113.345 Y70.554 E.01539
G1 X112.448 Y71.807 E.04015
G1 X112 Y72.137 E.0145
G1 X111.551 Y72.177 E.01175
G1 X110.655 Y71.938 E.02416
G1 X110.207 Y71.691 E.01333
G1 X109.758 Y71.306 E.01541
G1 X108.862 Y70.053 E.04014
G1 X108.413 Y69.723 E.01452
G1 X107.965 Y69.683 E.01172
G1 X107.069 Y69.922 E.02416
G1 X106.62 Y70.169 E.01335
G1 X106.172 Y70.554 E.01539
G1 X105.275 Y71.807 E.04015
G1 X104.827 Y72.137 E.0145
G1 X104.379 Y72.177 E.01172
G1 X103.482 Y71.938 E.02419
G1 X103.034 Y71.691 E.01333
G1 X102.586 Y71.306 E.01539
G1 X101.689 Y70.053 E.04015
G1 X101.241 Y69.723 E.0145
G1 X100.792 Y69.683 E.01175
G1 X99.896 Y69.922 E.02416
G1 X99.448 Y70.169 E.01333
G1 X98.999 Y70.554 E.01541
G1 X98.103 Y71.807 E.04014
G1 X97.654 Y72.137 E.01452
G1 X97.206 Y72.177 E.01172
G1 X96.31 Y71.938 E.02416
G1 X95.861 Y71.691 E.01335
G1 X95.413 Y71.306 E.01539
G1 X94.516 Y70.053 E.04015
G1 X94.068 Y69.723 E.0145
G1 X93.62 Y69.683 E.01172
G1 X92.723 Y69.922 E.02419
G1 X92.275 Y70.169 E.01333
G1 X91.827 Y70.554 E.01539
G1 X90.93 Y71.807 E.04015
G1 X90.482 Y72.137 E.0145
G1 X90.034 Y72.177 E.01172
G1 X89.137 Y71.938 E.02419
G1 X88.689 Y71.691 E.01333
G1 X88.24 Y71.306 E.01541
G1 X87.344 Y70.053 E.04014
G1 X86.896 Y69.723 E.0145
G1 X86.447 Y69.683 E.01175
G1 X85.551 Y69.922 E.02416
G1 X85.102 Y70.169 E.01335
G1 X84.654 Y70.554 E.01539
G1 X83.758 Y71.807 E.04014
G1 X83.309 Y72.137 E.01452
G1 X82.861 Y72.177 E.01172
G1 X81.964 Y71.938 E.02419
G1 X81.516 Y71.691 E.01333
G1 X81.068 Y71.306 E.01539
G1 X80.171 Y70.053 E.04015
G1 X79.723 Y69.723 E.0145
G1 X79.275 Y69.683 E.01172
G1 X78.378 Y69.922 E.02419
G1 X77.93 Y70.169 E.01333
G1 X77.481 Y70.554 E.01541
G1 X76.585 Y71.807 E.04014
G1 X76.137 Y72.137 E.0145
G1 X75.688 Y72.177 E.01175
G1 X74.792 Y71.938 E.02416
G1 X74.343 Y71.691 E.01335
G1 X73.895 Y71.306 E.01539
G1 X72.999 Y70.053 E.04014
G1 X72.779 Y69.892 E.0071
G1 X72.78 Y67.915 E.05151
G1 X72.999 Y68.221 E.0098
G1 X73.447 Y68.55 E.01448
G1 X73.895 Y68.591 E.01172
G1 X74.792 Y68.352 E.02419
G1 X75.24 Y68.105 E.01333
G1 X75.688 Y67.72 E.01539
G1 X76.585 Y66.467 E.04015
G1 X77.033 Y66.137 E.0145
G1 X77.481 Y66.097 E.01172
G1 X78.378 Y66.336 E.02419
G1 X78.826 Y66.583 E.01333
G1 X79.275 Y66.968 E.01541
G1 X80.171 Y68.221 E.04014
G1 X80.619 Y68.55 E.01448
G1 X81.068 Y68.591 E.01175
G1 X81.964 Y68.352 E.02416
G1 X82.413 Y68.105 E.01335
G1 X82.861 Y67.72 E.01539
G1 X83.758 Y66.467 E.04015
G1 X84.206 Y66.137 E.0145
G1 X84.654 Y66.097 E.01172
G1 X85.551 Y66.336 E.02419
G1 X85.999 Y66.583 E.01333
G1 X86.447 Y66.968 E.01539
G1 X87.344 Y68.221 E.04015
G1 X87.792 Y68.55 E.01448
G1 X88.24 Y68.591 E.01172
G1 X89.137 Y68.352 E.02419
G1 X89.585 Y68.105 E.01333
G1 X90.034 Y67.72 E.01541
G1 X90.93 Y66.467 E.04014
G1 X91.378 Y66.137 E.0145
G1 X91.827 Y66.097 E.01175
G1 X92.723 Y66.336 E.02416
G1 X93.172 Y66.583 E.01335
G1 X93.62 Y66.968 E.01539
G1 X94.516 Y68.221 E.04014
G1 X94.965 Y68.55 E.0145
G1 X95.413 Y68.591 E.01172
G1 X96.31 Y68.352 E.02419
G1 X96.758 Y68.105 E.01333
G1 X97.206 Y67.72 E.01539
G1 X98.103 Y66.467 E.04015
G1 X98.551 Y66.137 E.0145
G1 X98.999 Y66.097 E.01172
G1 X99.896 Y66.336 E.02419
G1 X100.344 Y66.583 E.01333
G1 X100.792 Y66.968 E.01539
G1 X101.689 Y68.221 E.04015
G1 X102.137 Y68.55 E.01448
G1 X102.586 Y68.591 E.01175
G1 X103.482 Y68.352 E.02416
G1 X103.93 Y68.105 E.01333
G1 X104.379 Y67.72 E.01541
G1 X105.275 Y66.467 E.04014
G1 X105.724 Y66.137 E.01452
G1 X106.172 Y66.097 E.01172
G1 X107.069 Y66.336 E.02419
G1 X107.517 Y66.583 E.01333
G1 X107.965 Y66.968 E.01539
G1 X108.862 Y68.221 E.04015
G1 X109.31 Y68.55 E.01448
G1 X109.758 Y68.591 E.01172
G1 X110.655 Y68.352 E.02419
G1 X111.103 Y68.105 E.01333
G1 X111.551 Y67.72 E.01539
G1 X112.448 Y66.467 E.04015
G1 X112.896 Y66.137 E.0145
G1 X113.345 Y66.097 E.01175
G1 X114.241 Y66.336 E.02416
G1 X114.689 Y66.583 E.01333
G1 X115.138 Y66.968 E.01541
G1 X116.034 Y68.221 E.04014
G1 X116.483 Y68.55 E.0145
G1 X116.931 Y68.591 E.01172
G1 X117.827 Y68.352 E.02416
G1 X118.276 Y68.105 E.01335
G1 X118.724 Y67.72 E.01539
G1 X119.621 Y66.467 E.04015
G1 X120.069 Y66.137 E.0145
G1 X120.517 Y66.097 E.01172
G1 X121.414 Y66.336 E.02419
G1 X121.862 Y66.583 E.01333
G1 X122.31 Y66.968 E.01539
G1 X123.207 Y68.221 E.04015
G1 X123.655 Y68.55 E.01448
G1 X124.103 Y68.591 E.01172
G1 X125 Y68.352 E.02419
G1 X125.448 Y68.105 E.01333
G1 X125.897 Y67.72 E.01541
G1 X126.793 Y66.467 E.04014
G1 X127.241 Y66.137 E.0145
G1 X127.69 Y66.097 E.01175
G1 X128.586 Y66.336 E.02416
G1 X129.035 Y66.583 E.01335
G1 X129.483 Y66.968 E.01539
G1 X130.379 Y68.221 E.04014
G1 X130.828 Y68.55 E.0145
G1 X131.276 Y68.591 E.01172
G1 X132.173 Y68.352 E.02419
G1 X132.621 Y68.105 E.01333
G1 X133.069 Y67.72 E.01539
G1 X133.966 Y66.467 E.04015
G1 X134.414 Y66.137 E.0145
G1 X134.862 Y66.097 E.01172
G1 X135.759 Y66.336 E.02419
G1 X136.207 Y66.583 E.01333
G1 X136.656 Y66.968 E.01541
G1 X137.552 Y68.221 E.04014
G1 X138 Y68.55 E.01448
G1 X138.449 Y68.591 E.01175
G1 X139.345 Y68.352 E.02416
G1 X139.794 Y68.105 E.01335
G1 X140.242 Y67.72 E.01539
G1 X141.138 Y66.467 E.04014
G1 X141.587 Y66.137 E.01452
G1 X142.035 Y66.097 E.01172
G1 X142.932 Y66.336 E.02419
G1 X143.38 Y66.583 E.01333
G1 X143.828 Y66.968 E.01539
G1 X144.725 Y68.221 E.04015
G1 X145.173 Y68.55 E.01448
G1 X145.621 Y68.591 E.01172
G1 X146.518 Y68.352 E.02419
G1 X146.966 Y68.105 E.01333
G1 X147.414 Y67.72 E.01539
G1 X148.311 Y66.467 E.04015
G1 X148.759 Y66.137 E.0145
G1 X149.208 Y66.097 E.01175
G1 X150.104 Y66.336 E.02416
G1 X150.552 Y66.583 E.01333
G1 X151.001 Y66.968 E.01541
G1 X151.897 Y68.221 E.04014
G1 X152.346 Y68.55 E.0145
G1 X152.794 Y68.591 E.01172
G1 X153.69 Y68.352 E.02416
G1 X154.139 Y68.105 E.01335
G1 X154.587 Y67.72 E.01539
G1 X155.484 Y66.467 E.04015
G1 X155.932 Y66.137 E.0145
G1 X156.38 Y66.097 E.01172
G1 X157.277 Y66.336 E.02419
G1 X157.725 Y66.583 E.01333
G1 X158.173 Y66.968 E.01539
G1 X159.07 Y68.221 E.04015
G1 X159.518 Y68.55 E.01448
G1 X159.967 Y68.591 E.01175
G1 X160.863 Y68.352 E.02416
G1 X161.311 Y68.105 E.01333
G1 X161.76 Y67.72 E.01541
G1 X162.656 Y66.467 E.04014
G1 X163.105 Y66.137 E.01452
G1 X163.553 Y66.097 E.01172
G1 X164.449 Y66.336 E.02416
G1 X164.898 Y66.583 E.01335
G1 X165.346 Y66.968 E.01539
G1 X166.243 Y68.221 E.04015
G1 X166.691 Y68.55 E.01448
G1 X167.139 Y68.591 E.01172
G1 X168.036 Y68.352 E.02419
G1 X168.484 Y68.105 E.01333
G1 X168.932 Y67.72 E.01539
G1 X169.829 Y66.467 E.04015
G1 X170.277 Y66.137 E.0145
G1 X170.725 Y66.097 E.01172
G1 X171.622 Y66.336 E.02419
G1 X172.07 Y66.583 E.01333
G1 X172.519 Y66.968 E.01541
G1 X173.415 Y68.221 E.04014
G1 X173.863 Y68.55 E.01448
G1 X174.312 Y68.591 E.01175
G1 X175.208 Y68.352 E.02416
G1 X175.657 Y68.105 E.01335
G1 X176.105 Y67.72 E.01539
G1 X177.001 Y66.467 E.04014
G1 X177.22 Y66.306 E.00708
G1 X177.22 Y64.329 E.05151
G1 X177.001 Y64.634 E.00978
G1 X176.553 Y64.964 E.0145
G1 X176.105 Y65.004 E.01172
G1 X175.208 Y64.766 E.02418
G1 X174.76 Y64.518 E.01334
G1 X174.312 Y64.134 E.01537
G1 X173.858 Y63.5 E.02032
G1 X170.641 Y63.499 E.08382
G1 X169.829 Y64.634 E.03636
G1 X169.381 Y64.964 E.0145
G1 X168.932 Y65.004 E.01175
G1 X168.036 Y64.766 E.02416
G1 X167.587 Y64.518 E.01336
G1 X167.139 Y64.134 E.01537
G1 X166.685 Y63.499 E.02034
G1 X163.469 Y63.499 E.0838
G1 X162.656 Y64.634 E.03638
G1 X162.208 Y64.964 E.0145
G1 X161.76 Y65.004 E.01172
G1 X160.863 Y64.766 E.02418
G1 X160.415 Y64.518 E.01334
G1 X159.967 Y64.134 E.01537
G1 X159.512 Y63.499 E.02035
G1 X156.296 Y63.498 E.0838
G1 X155.484 Y64.634 E.03638
G1 X155.035 Y64.964 E.01452
G1 X154.587 Y65.004 E.01172
G1 X153.69 Y64.766 E.02418
G1 X153.242 Y64.518 E.01334
G1 X152.794 Y64.134 E.01537
G1 X152.339 Y63.498 E.02038
G1 X149.124 Y63.498 E.08377
G1 X148.311 Y64.634 E.0364
G1 X147.863 Y64.964 E.0145
G1 X147.414 Y65.004 E.01175
G1 X146.518 Y64.766 E.02416
G1 X146.213 Y64.598 E.00907
G1 X141.17 Y64.59 E.1314
G1 X140.69 Y64.964 E.01586
G1 X140.242 Y65.004 E.01172
G1 X139.345 Y64.766 E.02418
G1 X138.897 Y64.518 E.01334
G1 X138.449 Y64.134 E.01537
G1 X137.994 Y63.498 E.02038
G1 X134.779 Y63.498 E.08377
G1 X133.966 Y64.634 E.0364
G1 X133.518 Y64.964 E.0145
G1 X133.069 Y65.004 E.01175
G1 X132.173 Y64.766 E.02416
G1 X131.724 Y64.518 E.01336
G1 X131.276 Y64.134 E.01537
G1 X130.821 Y63.498 E.02038
G1 X127.606 Y63.498 E.08377
G1 X126.793 Y64.634 E.0364
G1 X126.345 Y64.964 E.0145
G1 X125.897 Y65.004 E.01172
G1 X125 Y64.766 E.02418
G1 X124.552 Y64.518 E.01334
G1 X124.103 Y64.134 E.01539
G1 X123.649 Y63.498 E.02036
G1 X120.434 Y63.498 E.08377
G1 X119.621 Y64.634 E.0364
G1 X119.172 Y64.964 E.01452
G1 X118.724 Y65.004 E.01172
G1 X117.827 Y64.766 E.02418
G1 X117.379 Y64.518 E.01334
G1 X116.931 Y64.134 E.01537
G1 X116.476 Y63.498 E.02038
G1 X113.261 Y63.498 E.08377
G1 X112.448 Y64.634 E.0364
G1 X112 Y64.964 E.0145
G1 X111.551 Y65.004 E.01175
G1 X110.655 Y64.766 E.02416
G1 X110.244 Y64.539 E.01223
G1 X109.935 Y64.598 E.0082
G1 X105.303 Y64.596 E.12069
G1 X104.827 Y64.964 E.01568
G1 X104.379 Y65.004 E.01172
G1 X103.482 Y64.766 E.02418
G1 X103.034 Y64.518 E.01334
G1 X102.586 Y64.134 E.01537
G1 X102.131 Y63.498 E.02038
G1 X98.916 Y63.498 E.08377
G1 X98.103 Y64.634 E.0364
G1 X97.654 Y64.964 E.01452
G1 X97.206 Y65.004 E.01172
G1 X96.31 Y64.766 E.02416
G1 X95.861 Y64.518 E.01336
G1 X95.413 Y64.134 E.01537
G1 X94.959 Y63.498 E.02036
G1 X91.743 Y63.499 E.0838
G1 X90.93 Y64.634 E.03638
G1 X90.482 Y64.964 E.0145
G1 X90.034 Y65.004 E.01172
G1 X89.137 Y64.766 E.02418
G1 X88.689 Y64.518 E.01334
G1 X88.24 Y64.134 E.01539
G1 X87.786 Y63.499 E.02034
G1 X84.57 Y63.499 E.0838
G1 X83.758 Y64.634 E.03636
G1 X83.309 Y64.964 E.01452
G1 X82.861 Y65.004 E.01172
G1 X81.964 Y64.766 E.02418
G1 X81.516 Y64.518 E.01334
G1 X81.068 Y64.134 E.01537
G1 X80.614 Y63.499 E.02034
G1 X77.397 Y63.499 E.08382
G1 X76.585 Y64.634 E.03636
G1 X76.137 Y64.964 E.0145
G1 X75.688 Y65.004 E.01175
G1 X74.792 Y64.766 E.02416
G1 X74.343 Y64.518 E.01336
G1 X73.895 Y64.134 E.01537
G1 X73.442 Y63.5 E.0203
G1 X72.78 Y63.5 E.01725
G1 X72.78 Y65.338 E.04789
;LAYER_CHANGE
;Z:1.25
;HEIGHT:0.15
;BEFORE_LAYER_CHANGE
G92 E0.0
;1.25


;WIPE_START
G1 F8640
G1 X72.78 Y63.5 E-.4244
G1 X73.442 Y63.5 E-.15286
G1 X73.895 Y64.134 E-.17992
G1 X74.036 Y64.255 E-.04282
;WIPE_END
G1 Z1.25 F720
;AFTER_LAYER_CHANGE
;1.25
G1 Z1.65
G1 X174.467 Y144.745 F10800
G1 Z1.25 F720
G1 E.8 F2100
M204 S800
;TYPE:Perimeter
;WIDTH:0.449999
G1 F2700
G1 X174.392 Y144.832 E.00299
G1 X174.036 Y144.943 E.00972
G1 X147.16 Y144.943 E.70027
;WIDTH:0.499571
G1 X146.972 Y144.968 E.00553
;WIDTH:0.549142
G1 X146.783 Y144.992 E.00614
;WIDTH:0.598713
G1 X146.595 Y145.017 E.0067
;WIDTH:0.648284
G1 X146.406 Y145.042 E.00732
G1 X140.074 Y145.042 E.24328
G1 X139.885 Y145.017 E.00732
;WIDTH:0.598713
G1 X139.697 Y144.992 E.0067
;WIDTH:0.549142
G1 X139.508 Y144.968 E.00614
;WIDTH:0.499571
G1 X139.32 Y144.943 E.00553
;WIDTH:0.449999
G1 X110.68 Y144.943 E.74624
;WIDTH:0.499571
G1 X110.492 Y144.968 E.00553
;WIDTH:0.549142
G1 X110.303 Y144.992 E.00614
;WIDTH:0.598713
G1 X110.115 Y145.017 E.0067
;WIDTH:0.648284
G1 X109.926 Y145.042 E.00732
G1 X103.594 Y145.042 E.24328
G1 X103.405 Y145.017 E.00732
;WIDTH:0.598713
G1 X103.217 Y144.992 E.0067
;WIDTH:0.549142
G1 X103.028 Y144.968 E.00614
;WIDTH:0.499571
G1 X102.84 Y144.943 E.00553
;WIDTH:0.449999
G1 X77.964 Y144.943 E.64816
G1 X77.676 Y144.873 E.00772
G1 X77.471 Y144.703 E.00694
G1 X77.367 Y144.507 E.00578
G1 X77.337 Y144.316 E.00504
G1 X77.337 Y83.684 E1.57981
G1 X77.411 Y83.389 E.00792
G1 X77.588 Y83.183 E.00708
G1 X77.894 Y83.057 E.00862
G1 X174.036 Y83.057 E2.50505
G1 X174.331 Y83.131 E.00792
G1 X174.49 Y83.252 E.00521
G1 X174.615 Y83.443 E.00595
G1 X174.663 Y83.684 E.0064
G1 X174.663 Y144.316 E1.57981
G1 X174.598 Y144.593 E.00741
G1 X174.506 Y144.7 E.00368
M204 S1000
G1 X174.169 Y144.449 F10800
M204 S800
;TYPE:External perimeter
G1 F1500
G1 X174.068 Y144.525 E.00329
G1 X77.964 Y144.525 E2.50406
G1 X77.8 Y144.445 E.00475
M73 P39 R34
M73 Q39 S34
G1 X77.755 Y144.316 E.00356
G1 X77.755 Y83.684 E1.57981
G1 X77.807 Y83.547 E.00382
G1 X77.964 Y83.475 E.0045
G1 X174.036 Y83.475 E2.50323
G1 X174.187 Y83.54 E.00428
G1 X174.245 Y83.684 E.00404
G1 X174.245 Y144.316 E1.57981
G1 X174.223 Y144.408 E.00246
G1 X174.217 Y144.413 E.0002
M204 S1000
;WIPE_START
G1 F8640
G1 X174.169 Y144.449 E-.01385
G1 X174.068 Y144.525 E-.02919
G1 X170.79 Y144.525 E-.75696
;WIPE_END
G1 Z1.65 F720
G1 X146.842 Y145.952 F10800
G1 Z1.25 F720
G1 E.8 F2100
M204 S800
;TYPE:Perimeter
G1 F2700
G1 X146.81 Y145.904 E.0015
;WIDTH:0.499571
G1 X146.709 Y145.843 E.00344
;WIDTH:0.549142
G1 X146.608 Y145.781 E.00382
;WIDTH:0.598713
G1 X146.507 Y145.72 E.00417
;WIDTH:0.648284
G1 X146.406 Y145.658 E.00455
G1 X140.074 Y145.658 E.24328
G1 X139.973 Y145.72 E.00455
;WIDTH:0.598713
G1 X139.872 Y145.781 E.00417
;WIDTH:0.549142
G1 X139.771 Y145.843 E.00382
;WIDTH:0.499571
G1 X139.67 Y145.904 E.00344
;WIDTH:0.449999
G1 X139.477 Y146.192 E.00903
G1 X139.447 Y146.857 E.01734
G1 X110.553 Y146.857 E.75285
G1 X110.523 Y146.192 E.01734
M73 P39 R33
G1 X110.33 Y145.904 E.00903
;WIDTH:0.499571
G1 X110.229 Y145.843 E.00344
;WIDTH:0.549142
G1 X110.128 Y145.781 E.00382
;WIDTH:0.598713
G1 X110.027 Y145.72 E.00417
;WIDTH:0.648284
G1 X109.926 Y145.658 E.00455
G1 X103.594 Y145.658 E.24328
G1 X103.493 Y145.72 E.00455
;WIDTH:0.598713
G1 X103.392 Y145.781 E.00417
;WIDTH:0.549142
G1 X103.291 Y145.843 E.00382
;WIDTH:0.499571
G1 X103.19 Y145.904 E.00344
;WIDTH:0.449999
G1 X102.997 Y146.192 E.00903
G1 X102.967 Y146.857 E.01734
G1 X72.546 Y146.857 E.79264
G1 X72.423 Y146.734 E.00453
G1 X72.423 Y108.793 E.98858
G1 X72.896 Y108.793 E.01232
G1 X73.162 Y108.734 E.0071
G1 X73.299 Y108.646 E.00424
G1 X73.493 Y108.356 E.00909
G1 X73.523 Y108.166 E.00501
G1 X73.523 Y101.834 E.16498
G1 X73.493 Y101.644 E.00501
G1 X73.413 Y101.479 E.00478
G1 X73.162 Y101.266 E.00858
G1 X72.896 Y101.207 E.0071
G1 X72.423 Y101.207 E.01232
G1 X72.423 Y63.266 E.98858
G1 X72.546 Y63.143 E.00453
G1 X102.967 Y63.143 E.79264
G1 X102.967 Y63.616 E.01232
G1 X103.065 Y63.952 E.00912
G1 X103.178 Y64.085 E.00455
G1 X103.316 Y64.178 E.00434
G1 X103.594 Y64.243 E.00744
G1 X109.969 Y64.243 E.16611
G1 X110.261 Y64.146 E.00802
G1 X110.455 Y63.952 E.00715
G1 X110.553 Y63.616 E.00912
G1 X110.553 Y63.143 E.01232
G1 X139.447 Y63.143 E.75285
G1 X139.447 Y63.616 E.01232
G1 X139.545 Y63.952 E.00912
G1 X139.658 Y64.085 E.00455
G1 X139.796 Y64.178 E.00434
G1 X140.074 Y64.243 E.00744
G1 X146.449 Y64.243 E.16611
G1 X146.741 Y64.146 E.00802
G1 X146.935 Y63.952 E.00715
G1 X147.033 Y63.616 E.00912
G1 X147.033 Y63.143 E.01232
G1 X177.454 Y63.143 E.79264
G1 X177.577 Y63.266 E.00453
G1 X177.577 Y101.207 E.98858
G1 X177.104 Y101.207 E.01232
G1 X176.808 Y101.281 E.00795
G1 X176.58 Y101.489 E.00804
G1 X176.477 Y101.834 E.00938
G1 X176.477 Y108.166 E.16498
G1 X176.58 Y108.511 E.00938
G1 X176.808 Y108.719 E.00804
G1 X177.104 Y108.793 E.00795
G1 X177.577 Y108.793 E.01232
G1 X177.577 Y146.734 E.98858
G1 X177.454 Y146.857 E.00453
G1 X147.033 Y146.857 E.79264
G1 X147.003 Y146.192 E.01734
G1 X146.875 Y146.002 E.00597
M204 S1000
G1 X146.551 Y146.246 F10800
M204 S800
;TYPE:External perimeter
G1 F1500
G1 X146.541 Y146.224 E.00063
G1 X146.406 Y146.175 E.00374
G1 X140.074 Y146.175 E.16498
G1 X139.939 Y146.224 E.00374
G1 X139.865 Y146.384 E.00459
G1 X139.865 Y147.275 E.02322
G1 X110.135 Y147.275 E.77464
G1 X110.135 Y146.384 E.02322
G1 X110.061 Y146.224 E.00459
G1 X109.926 Y146.175 E.00374
G1 X103.594 Y146.175 E.16498
G1 X103.459 Y146.224 E.00374
G1 X103.385 Y146.384 E.00459
G1 X103.385 Y147.275 E.02322
G1 X72.373 Y147.275 E.80804
G1 X72.005 Y146.907 E.01356
M73 Q39 S33
G1 X72.005 Y108.375 E1.00398
G1 X72.896 Y108.375 E.02322
G1 X73.03 Y108.326 E.00372
G1 X73.105 Y108.166 E.0046
G1 X73.105 Y101.834 E.16498
G1 X73.03 Y101.674 E.0046
G1 X72.896 Y101.625 E.00372
G1 X72.005 Y101.625 E.02322
G1 X72.005 Y63.093 E1.00398
G1 X72.373 Y62.725 E.01356
G1 X103.385 Y62.725 E.80804
G1 X103.385 Y63.616 E.02322
G1 X103.455 Y63.772 E.00446
G1 X103.594 Y63.825 E.00388
G1 X109.926 Y63.825 E.16498
G1 X110.065 Y63.772 E.00388
G1 X110.135 Y63.616 E.00446
G1 X110.135 Y62.725 E.02322
G1 X139.865 Y62.725 E.77464
G1 X139.865 Y63.616 E.02322
G1 X139.935 Y63.772 E.00446
G1 X140.074 Y63.825 E.00388
G1 X146.406 Y63.825 E.16498
G1 X146.545 Y63.772 E.00388
G1 X146.615 Y63.616 E.00446
G1 X146.615 Y62.725 E.02322
G1 X177.627 Y62.725 E.80804
G1 X177.995 Y63.093 E.01356
G1 X177.995 Y101.625 E1.00398
G1 X177.005 Y101.65 E.0258
G1 X176.929 Y101.719 E.00267
G1 X176.895 Y101.834 E.00312
G1 X176.895 Y108.198 E.16582
G1 X177.005 Y108.35 E.00489
G1 X177.104 Y108.375 E.00266
G1 X177.995 Y108.375 E.02322
G1 X177.995 Y146.907 E1.00398
G1 X177.627 Y147.275 E.01356
M73 P40 R33
M73 Q40 S33
G1 X146.615 Y147.275 E.80804
G1 X146.615 Y146.384 E.02322
G1 X146.576 Y146.3 E.00241
M204 S1000
;WIPE_START
G1 F8640
G1 X146.551 Y146.246 E-.01374
G1 X146.541 Y146.224 E-.00558
G1 X146.406 Y146.175 E-.03316
G1 X143.169 Y146.175 E-.74752
;WIPE_END
G1 Z1.65 F720
G1 X150.065 Y146.502 F10800
G1 Z1.25 F720
G1 E.8 F2100
;TYPE:Internal infill
;WIDTH:0.45
G1 F4800
G1 X147.565 Y146.502 E.06514
G1 X148.311 Y145.625 E.03
G1 X148.715 Y145.298 E.01354
G1 X150.146 Y145.298 E.03729
G1 X150.552 Y145.481 E.0116
G1 X151.001 Y145.806 E.01444
G1 X151.592 Y146.502 E.02379
G1 X154.738 Y146.502 E.08197
G1 X155.484 Y145.625 E.03
G1 X155.887 Y145.298 E.01352
G1 X157.319 Y145.298 E.03731
G1 X157.725 Y145.481 E.0116
G1 X158.173 Y145.806 E.01442
G1 X158.765 Y146.501 E.02379
G1 X161.911 Y146.501 E.08197
G1 X162.656 Y145.625 E.02996
G1 X163.06 Y145.298 E.01354
G1 X164.492 Y145.298 E.03731
G1 X164.898 Y145.481 E.0116
G1 X165.346 Y145.806 E.01442
G1 X165.937 Y146.501 E.02377
G1 X169.084 Y146.501 E.082
G1 X169.829 Y145.625 E.02996
G1 X170.233 Y145.298 E.01354
G1 X171.664 Y145.298 E.03729
G1 X172.07 Y145.481 E.0116
G1 X172.519 Y145.806 E.01444
G1 X173.109 Y146.5 E.02373
G1 X176.257 Y146.5 E.08202
G1 X177.001 Y145.625 E.02993
G1 X177.22 Y145.448 E.00734
G1 X177.22 Y143.017 E.06334
G1 X177.001 Y143.274 E.0088
G1 X176.553 Y143.637 E.01502
G1 X176.105 Y143.753 E.01206
G1 X175.657 Y143.731 E.01169
G1 X175.018 Y143.534 E.01742
G1 X175.018 Y140.081 E.08997
G1 X175.657 Y139.832 E.01787
G1 X176.105 Y139.507 E.01442
G1 X177.001 Y138.452 E.03606
G1 X177.221 Y138.275 E.00736
G1 X177.221 Y135.844 E.06334
G1 X177.001 Y136.102 E.00883
G1 X176.553 Y136.464 E.01501
G1 X176.105 Y136.581 E.01206
G1 X175.657 Y136.559 E.01169
G1 X175.018 Y136.362 E.01742
G1 X175.018 Y132.908 E.09
G1 X175.657 Y132.659 E.01787
G1 X176.105 Y132.334 E.01442
G1 X177.001 Y131.279 E.03606
G1 X177.221 Y131.102 E.00736
G1 X177.221 Y128.671 E.06334
G1 X177.001 Y128.929 E.00883
G1 X176.553 Y129.292 E.01502
G1 X176.105 Y129.408 E.01206
G1 X175.657 Y129.386 E.01169
G1 X175.018 Y129.189 E.01742
G1 X175.018 Y125.736 E.08997
G1 X175.657 Y125.487 E.01787
G1 X176.105 Y125.162 E.01442
G1 X177.001 Y124.107 E.03606
G1 X177.221 Y123.929 E.00737
G1 X177.221 Y121.498 E.06334
G1 X177.001 Y121.756 E.00883
G1 X176.553 Y122.119 E.01502
G1 X176.105 Y122.236 E.01206
G1 X175.657 Y122.214 E.01169
G1 X175.018 Y122.016 E.01743
G1 X175.018 Y118.563 E.08997
G1 X175.657 Y118.314 E.01787
G1 X176.105 Y117.989 E.01442
G1 X177.001 Y116.934 E.03606
G1 X177.222 Y116.756 E.00739
G1 X177.222 Y114.324 E.06337
G1 X177.001 Y114.584 E.00889
G1 X176.553 Y114.946 E.01501
G1 X176.105 Y115.063 E.01206
G1 X175.657 Y115.041 E.01169
G1 X175.018 Y114.844 E.01742
G1 X175.018 Y111.39 E.09
G1 X175.657 Y111.141 E.01787
G1 X176.105 Y110.816 E.01442
G1 X177.001 Y109.762 E.03604
G1 X177.222 Y109.583 E.00741
G1 X177.222 Y109.148 E.01133
G1 X176.638 Y109.036 E.01549
G1 X176.282 Y108.711 E.01256
G1 X176.137 Y108.344 E.01028
G1 X176.122 Y107.886 E.01194
G1 X175.657 Y107.868 E.01213
G1 X175.018 Y107.671 E.01742
G1 X175.018 Y104.218 E.08997
G1 X175.657 Y103.969 E.01787
G1 X176.122 Y103.624 E.01509
G1 X176.122 Y101.812 E.04721
G1 X176.277 Y101.294 E.01409
G1 X176.638 Y100.964 E.01274
G1 X177.222 Y100.852 E.01549
G1 X177.222 Y99.979 E.02275
G1 X177.001 Y100.239 E.00889
G1 X176.553 Y100.601 E.01501
G1 X176.105 Y100.718 E.01206
G1 X175.657 Y100.696 E.01169
G1 X175.018 Y100.499 E.01742
G1 X175.018 Y97.045 E.09
G1 X175.657 Y96.796 E.01787
G1 X176.105 Y96.471 E.01442
G1 X177.001 Y95.416 E.03606
G1 X177.222 Y95.238 E.00739
G1 X177.222 Y92.807 E.06334
G1 X177.001 Y93.066 E.00887
G1 X176.553 Y93.429 E.01502
G1 X176.105 Y93.545 E.01206
G1 X175.657 Y93.523 E.01169
G1 X175.018 Y93.326 E.01742
G1 X175.018 Y89.873 E.08997
G1 X175.657 Y89.624 E.01787
G1 X176.105 Y89.299 E.01442
G1 X177.001 Y88.244 E.03606
G1 X177.221 Y88.066 E.00737
G1 X177.221 Y85.635 E.06334
G1 X177.001 Y85.893 E.00883
G1 X176.553 Y86.256 E.01502
G1 X176.105 Y86.373 E.01206
G1 X175.657 Y86.35 E.01169
G1 X175.018 Y86.153 E.01742
G1 X175.018 Y88.653 E.06514
;WIPE_START
G1 F8640
G1 X175.018 Y86.153 E-.57726
G1 X175.657 Y86.35 E-.1544
G1 X175.953 Y86.365 E-.06834
;WIPE_END
G1 Z1.65 F720
G1 X139.388 Y145.702 F10800
G1 Z1.25 F720
G1 E.8 F2100
G1 F4800
G1 X139.139 Y146.074 E.01166
G1 X139.092 Y146.502 E.01122
G1 X137.472 Y146.502 E.04221
G1 X136.207 Y145.48 E.04237
G1 X135.801 Y145.298 E.01159
G1 X134.369 Y145.298 E.03731
G1 X133.966 Y145.625 E.01352
G1 X133.134 Y146.502 E.0315
G1 X130.299 Y146.502 E.07387
G1 X129.035 Y145.48 E.04235
G1 X128.629 Y145.298 E.01159
G1 X127.197 Y145.298 E.03731
G1 X126.793 Y145.625 E.01354
G1 X125.962 Y146.502 E.03148
G1 X123.126 Y146.502 E.07389
G1 X121.862 Y145.48 E.04235
G1 X121.456 Y145.298 E.01159
G1 X120.024 Y145.298 E.03731
G1 X119.621 Y145.625 E.01352
G1 X118.789 Y146.502 E.0315
G1 X115.954 Y146.502 E.07387
G1 X114.689 Y145.48 E.04237
G1 X114.283 Y145.298 E.01159
G1 X112.852 Y145.298 E.03729
G1 X112.448 Y145.625 E.01354
G1 X111.617 Y146.502 E.03148
G1 X110.908 Y146.502 E.01847
G1 X110.861 Y146.074 E.01122
G1 X110.571 Y145.642 E.01356
G1 X110.26 Y145.413 E.01006
G1 X110.698 Y145.298 E.0118
;WIPE_START
G1 F8640
G1 X110.26 Y145.413 E-.10456
G1 X110.571 Y145.642 E-.08918
G1 X110.861 Y146.074 E-.12014
G1 X110.908 Y146.502 E-.09942
G1 X111.617 Y146.502 E-.16371
G1 X112.281 Y145.801 E-.22299
;WIPE_END
G1 Z1.65 F720
G1 X103.208 Y145.457 F10800
G1 Z1.25 F720
G1 E.8 F2100
G1 F4800
G1 X102.952 Y145.637 E.00815
G1 X102.659 Y146.074 E.01371
G1 X102.612 Y146.502 E.01122
G1 X101.384 Y146.502 E.032
G1 X100.792 Y145.806 E.02381
G1 X100.344 Y145.481 E.01442
G1 X99.938 Y145.298 E.0116
G1 X98.506 Y145.298 E.03731
G1 X98.103 Y145.625 E.01352
G1 X97.357 Y146.502 E.03
G1 X94.211 Y146.502 E.08197
G1 X93.62 Y145.806 E.02379
G1 X93.172 Y145.481 E.01442
G1 X92.766 Y145.298 E.0116
G1 X91.334 Y145.298 E.03731
G1 X90.93 Y145.625 E.01354
G1 X90.185 Y146.501 E.02996
G1 X87.038 Y146.501 E.082
G1 X86.447 Y145.806 E.02377
G1 X85.999 Y145.481 E.01442
G1 X85.593 Y145.298 E.0116
G1 X84.161 Y145.298 E.03731
G1 X83.758 Y145.625 E.01352
G1 X83.013 Y146.501 E.02996
G1 X79.865 Y146.501 E.08202
G1 X79.275 Y145.806 E.02375
G1 X78.826 Y145.481 E.01444
G1 X78.42 Y145.298 E.0116
G1 X77.946 Y145.298 E.01235
G1 X77.462 Y145.15 E.01319
G1 X77.033 Y145.262 E.01155
G1 X76.585 Y145.625 E.01502
G1 X75.841 Y146.5 E.02993
G1 X73.341 Y146.5 E.06514
;WIPE_START
G1 F8640
G1 X75.841 Y146.5 E-.57726
G1 X76.466 Y145.765 E-.22274
;WIPE_END
G1 Z1.65 F720
G1 X76.982 Y140.307 F10800
G1 Z1.25 F720
G1 E.8 F2100
G1 F4800
G1 X76.982 Y142.807 E.06514
G1 X76.585 Y143.274 E.01597
G1 X76.137 Y143.637 E.01502
G1 X75.688 Y143.753 E.01208
G1 X75.24 Y143.731 E.01169
G1 X74.792 Y143.62 E.01203
G1 X74.343 Y143.418 E.01283
G1 X73.895 Y143.093 E.01442
G1 X72.999 Y142.038 E.03606
G1 X72.78 Y141.861 E.00734
G1 X72.779 Y139.43 E.06334
G1 X72.999 Y139.688 E.00883
G1 X73.447 Y140.051 E.01502
G1 X73.895 Y140.167 E.01206
G1 X74.343 Y140.145 E.01169
G1 X74.792 Y140.034 E.01205
G1 X75.24 Y139.832 E.0128
G1 X75.688 Y139.507 E.01442
G1 X76.585 Y138.452 E.03608
G1 X76.982 Y138.131 E.0133
G1 X76.982 Y135.634 E.06506
G1 X76.585 Y136.102 E.01599
G1 X76.137 Y136.464 E.01501
G1 X75.688 Y136.581 E.01209
G1 X75.24 Y136.559 E.01169
G1 X74.792 Y136.447 E.01203
G1 X74.343 Y136.246 E.01282
G1 X73.895 Y135.921 E.01442
G1 X72.999 Y134.866 E.03606
G1 X72.779 Y134.688 E.00737
G1 X72.779 Y132.257 E.06334
G1 X72.999 Y132.515 E.00883
G1 X73.447 Y132.878 E.01502
G1 X73.895 Y132.994 E.01206
G1 X74.343 Y132.972 E.01169
G1 X74.792 Y132.861 E.01205
G1 X75.24 Y132.659 E.0128
G1 X75.688 Y132.334 E.01442
G1 X76.585 Y131.279 E.03608
G1 X76.982 Y130.958 E.0133
G1 X76.982 Y128.462 E.06504
G1 X76.585 Y128.929 E.01597
G1 X76.137 Y129.292 E.01502
G1 X75.688 Y129.408 E.01208
G1 X75.24 Y129.386 E.01169
G1 X74.792 Y129.275 E.01203
G1 X74.343 Y129.073 E.01283
G1 X73.895 Y128.748 E.01442
G1 X72.999 Y127.693 E.03606
G1 X72.779 Y127.515 E.00737
G1 X72.779 Y125.084 E.06334
G1 X72.999 Y125.343 E.00885
G1 X73.447 Y125.705 E.01501
G1 X73.895 Y125.822 E.01206
G1 X74.343 Y125.8 E.01169
G1 X74.792 Y125.688 E.01206
G1 X75.24 Y125.487 E.01279
G1 X75.688 Y125.162 E.01442
G1 X76.585 Y124.107 E.03608
G1 X76.982 Y123.785 E.01332
G1 X76.982 Y121.289 E.06504
G1 X76.585 Y121.756 E.01597
G1 X76.137 Y122.119 E.01502
G1 X75.688 Y122.236 E.01209
G1 X75.24 Y122.214 E.01169
G1 X74.792 Y122.102 E.01203
G1 X74.343 Y121.9 E.01283
G1 X73.895 Y121.575 E.01442
G1 X72.999 Y120.52 E.03606
G1 X72.778 Y120.342 E.00739
G1 X72.778 Y117.911 E.06334
G1 X72.999 Y118.17 E.00887
G1 X73.447 Y118.533 E.01502
G1 X73.895 Y118.649 E.01206
G1 X74.343 Y118.627 E.01169
G1 X74.792 Y118.516 E.01205
G1 X75.24 Y118.314 E.0128
G1 X75.688 Y117.989 E.01442
G1 X76.585 Y116.934 E.03608
G1 X76.982 Y116.613 E.0133
G1 X76.982 Y114.116 E.06506
G1 X76.585 Y114.584 E.01599
G1 X76.137 Y114.946 E.01501
G1 X75.688 Y115.063 E.01209
G1 X75.24 Y115.041 E.01169
G1 X74.792 Y114.929 E.01203
G1 X74.343 Y114.728 E.01282
G1 X73.895 Y114.403 E.01442
G1 X72.999 Y113.348 E.03606
G1 X72.778 Y113.169 E.00741
G1 X72.778 Y110.738 E.06334
G1 X72.999 Y110.997 E.00887
G1 X73.447 Y111.36 E.01502
G1 X73.895 Y111.477 E.01206
G1 X74.343 Y111.455 E.01169
G1 X74.792 Y111.343 E.01206
G1 X75.24 Y111.141 E.0128
G1 X75.688 Y110.816 E.01442
G1 X76.585 Y109.762 E.03606
G1 X76.982 Y109.44 E.01332
G1 X76.982 Y106.944 E.06504
G1 X76.585 Y107.411 E.01597
G1 X76.137 Y107.774 E.01502
G1 X75.688 Y107.89 E.01208
G1 X75.24 Y107.868 E.01169
G1 X74.792 Y107.757 E.01203
G1 X74.343 Y107.555 E.01283
G1 X73.878 Y107.21 E.01509
G1 X73.878 Y104.3 E.07582
G1 X74.343 Y104.282 E.01213
G1 X74.792 Y104.17 E.01206
G1 X75.24 Y103.969 E.01279
G1 X75.688 Y103.644 E.01442
G1 X76.585 Y102.589 E.03608
G1 X76.982 Y102.268 E.0133
G1 X76.982 Y99.771 E.06506
G1 X76.585 Y100.239 E.01599
G1 X76.137 Y100.601 E.01501
G1 X75.688 Y100.718 E.01209
G1 X75.24 Y100.696 E.01169
G1 X74.792 Y100.584 E.01203
G1 X74.343 Y100.383 E.01282
G1 X73.895 Y100.058 E.01442
G1 X72.999 Y99.003 E.03606
G1 X72.778 Y98.824 E.00741
G1 X72.778 Y96.393 E.06334
G1 X72.999 Y96.652 E.00887
G1 X73.447 Y97.015 E.01502
G1 X73.895 Y97.131 E.01206
G1 X74.343 Y97.109 E.01169
G1 X74.792 Y96.998 E.01205
G1 X75.24 Y96.796 E.0128
G1 X75.688 Y96.471 E.01442
G1 X76.585 Y95.416 E.03608
G1 X76.982 Y95.095 E.0133
G1 X76.982 Y92.599 E.06504
G1 X76.585 Y93.066 E.01597
G1 X76.137 Y93.429 E.01502
G1 X75.688 Y93.545 E.01208
G1 X75.24 Y93.523 E.01169
G1 X74.792 Y93.412 E.01203
G1 X74.343 Y93.21 E.01283
G1 X73.895 Y92.885 E.01442
G1 X72.999 Y91.83 E.03606
G1 X72.778 Y91.652 E.00739
G1 X72.779 Y89.221 E.06334
G1 X72.999 Y89.48 E.00885
G1 X73.447 Y89.842 E.01501
G1 X73.895 Y89.959 E.01206
G1 X74.343 Y89.937 E.01169
G1 X74.792 Y89.825 E.01206
G1 X75.24 Y89.624 E.01279
G1 X75.688 Y89.299 E.01442
G1 X76.585 Y88.244 E.03608
G1 X76.982 Y87.922 E.01332
G1 X76.982 Y85.426 E.06504
G1 X76.585 Y85.893 E.01597
G1 X76.137 Y86.256 E.01502
G1 X75.688 Y86.373 E.01209
G1 X75.24 Y86.35 E.01169
G1 X74.792 Y86.239 E.01203
G1 X74.343 Y86.037 E.01283
G1 X73.895 Y85.712 E.01442
G1 X72.999 Y84.657 E.03606
G1 X72.779 Y84.479 E.00737
G1 X72.779 Y82.048 E.06334
G1 X72.999 Y82.307 E.00885
G1 X73.447 Y82.67 E.01502
G1 X73.895 Y82.786 E.01206
G1 X74.343 Y82.764 E.01169
G1 X74.792 Y82.653 E.01205
G1 X75.24 Y82.451 E.0128
G1 X75.688 Y82.126 E.01442
G1 X76.585 Y81.071 E.03608
G1 X77.033 Y80.708 E.01502
G1 X77.481 Y80.592 E.01206
G1 X77.93 Y80.614 E.01171
G1 X78.378 Y80.725 E.01203
G1 X78.826 Y80.927 E.0128
G1 X79.275 Y81.252 E.01444
G1 X80.171 Y82.307 E.03606
G1 X80.619 Y82.67 E.01502
G1 X81.766 Y82.702 E.0299
G1 X82.413 Y82.451 E.01808
G1 X82.861 Y82.126 E.01442
G1 X83.758 Y81.071 E.03608
G1 X84.206 Y80.708 E.01502
G1 X84.654 Y80.592 E.01206
G1 X85.102 Y80.614 E.01169
G1 X85.551 Y80.725 E.01205
G1 X85.999 Y80.927 E.0128
G1 X86.447 Y81.252 E.01442
G1 X87.344 Y82.307 E.03608
G1 X87.792 Y82.67 E.01502
G1 X88.938 Y82.702 E.02987
G1 X89.585 Y82.451 E.01808
G1 X90.034 Y82.126 E.01444
G1 X90.93 Y81.071 E.03606
G1 X91.378 Y80.708 E.01502
G1 X91.827 Y80.592 E.01208
G1 X92.275 Y80.614 E.01169
G1 X92.723 Y80.725 E.01203
G1 X93.172 Y80.927 E.01283
G1 X93.62 Y81.252 E.01442
G1 X94.516 Y82.307 E.03606
G1 X94.965 Y82.67 E.01504
G1 X96.111 Y82.702 E.02987
G1 X96.758 Y82.451 E.01808
G1 X97.206 Y82.126 E.01442
G1 X98.103 Y81.071 E.03608
G1 X98.551 Y80.708 E.01502
G1 X98.999 Y80.592 E.01206
G1 X99.448 Y80.614 E.01171
G1 X99.896 Y80.725 E.01203
G1 X100.344 Y80.927 E.0128
G1 X100.792 Y81.252 E.01442
G1 X101.689 Y82.307 E.03608
G1 X102.137 Y82.67 E.01502
G1 X103.284 Y82.702 E.0299
G1 X103.93 Y82.451 E.01806
G1 X104.379 Y82.126 E.01444
G1 X105.275 Y81.071 E.03606
G1 X105.724 Y80.708 E.01504
G1 X106.172 Y80.592 E.01206
G1 X106.62 Y80.614 E.01169
G1 X107.069 Y80.725 E.01205
G1 X107.517 Y80.927 E.0128
G1 X107.965 Y81.252 E.01442
G1 X108.862 Y82.307 E.03608
G1 X109.31 Y82.67 E.01502
G1 X110.456 Y82.702 E.02987
G1 X111.103 Y82.451 E.01808
G1 X111.551 Y82.126 E.01442
G1 X112.448 Y81.071 E.03608
G1 X112.896 Y80.708 E.01502
G1 X113.345 Y80.592 E.01208
G1 X113.793 Y80.614 E.01169
G1 X114.241 Y80.725 E.01203
G1 X114.689 Y80.927 E.0128
G1 X115.138 Y81.252 E.01444
G1 X116.034 Y82.307 E.03606
G1 X116.483 Y82.67 E.01504
G1 X117.629 Y82.702 E.02987
G1 X118.276 Y82.451 E.01808
G1 X118.724 Y82.126 E.01442
G1 X119.621 Y81.071 E.03608
G1 X120.069 Y80.708 E.01502
G1 X120.517 Y80.592 E.01206
G1 X120.965 Y80.614 E.01169
G1 X121.414 Y80.725 E.01205
G1 X121.862 Y80.927 E.0128
G1 X122.31 Y81.252 E.01442
G1 X123.207 Y82.307 E.03608
G1 X123.655 Y82.67 E.01502
G1 X124.801 Y82.702 E.02987
G1 X125.448 Y82.451 E.01808
G1 X125.897 Y82.126 E.01444
G1 X126.793 Y81.071 E.03606
G1 X127.241 Y80.708 E.01502
G1 X127.69 Y80.592 E.01208
G1 X128.138 Y80.614 E.01169
G1 X128.586 Y80.725 E.01203
G1 X129.035 Y80.927 E.01283
G1 X129.483 Y81.252 E.01442
G1 X130.379 Y82.307 E.03606
G1 X130.828 Y82.67 E.01504
G1 X131.974 Y82.702 E.02987
G1 X132.621 Y82.451 E.01808
G1 X133.069 Y82.126 E.01442
G1 X133.966 Y81.071 E.03608
G1 X134.414 Y80.708 E.01502
G1 X134.862 Y80.592 E.01206
G1 X135.311 Y80.614 E.01171
G1 X135.759 Y80.725 E.01203
G1 X136.207 Y80.927 E.0128
G1 X136.656 Y81.252 E.01444
G1 X137.552 Y82.307 E.03606
G1 X138 Y82.67 E.01502
G1 X139.147 Y82.702 E.0299
G1 X139.794 Y82.451 E.01808
G1 X140.242 Y82.126 E.01442
G1 X141.138 Y81.071 E.03606
G1 X141.587 Y80.708 E.01504
G1 X142.035 Y80.592 E.01206
G1 X142.483 Y80.614 E.01169
G1 X142.932 Y80.725 E.01205
G1 X143.38 Y80.927 E.0128
G1 X143.828 Y81.252 E.01442
G1 X144.725 Y82.307 E.03608
G1 X145.173 Y82.67 E.01502
G1 X146.319 Y82.702 E.02987
G1 X146.966 Y82.451 E.01808
G1 X147.414 Y82.126 E.01442
G1 X148.311 Y81.071 E.03608
G1 X148.759 Y80.708 E.01502
G1 X149.208 Y80.592 E.01208
G1 X149.656 Y80.614 E.01169
G1 X150.104 Y80.725 E.01203
G1 X150.552 Y80.927 E.0128
G1 X151.001 Y81.252 E.01444
G1 X151.897 Y82.307 E.03606
G1 X152.346 Y82.67 E.01504
G1 X153.492 Y82.702 E.02987
G1 X154.139 Y82.451 E.01808
G1 X154.587 Y82.126 E.01442
G1 X155.484 Y81.071 E.03608
G1 X155.932 Y80.708 E.01502
G1 X156.38 Y80.592 E.01206
G1 X156.828 Y80.614 E.01169
G1 X157.277 Y80.725 E.01205
G1 X157.725 Y80.927 E.0128
G1 X158.173 Y81.252 E.01442
G1 X159.07 Y82.307 E.03608
G1 X159.518 Y82.67 E.01502
G1 X160.664 Y82.702 E.02987
G1 X161.311 Y82.451 E.01808
G1 X161.76 Y82.126 E.01444
G1 X162.656 Y81.071 E.03606
G1 X163.105 Y80.708 E.01504
G1 X163.553 Y80.592 E.01206
G1 X164.001 Y80.614 E.01169
G1 X164.449 Y80.725 E.01203
G1 X164.898 Y80.927 E.01283
G1 X165.346 Y81.252 E.01442
G1 X166.243 Y82.307 E.03608
G1 X166.691 Y82.67 E.01502
G1 X167.837 Y82.702 E.02987
G1 X168.484 Y82.451 E.01808
G1 X168.932 Y82.126 E.01442
G1 X169.829 Y81.071 E.03608
G1 X170.277 Y80.708 E.01502
G1 X170.725 Y80.592 E.01206
G1 X171.174 Y80.614 E.01171
G1 X171.622 Y80.725 E.01203
G1 X172.07 Y80.927 E.0128
G1 X172.519 Y81.252 E.01444
G1 X173.415 Y82.307 E.03606
G1 X173.863 Y82.67 E.01502
G1 X174.405 Y82.782 E.01442
G1 X174.76 Y82.764 E.00926
G1 X175.208 Y82.653 E.01203
G1 X175.657 Y82.451 E.01283
G1 X176.105 Y82.126 E.01442
G1 X177.001 Y81.071 E.03606
G1 X177.221 Y80.893 E.00737
G1 X177.221 Y78.462 E.06334
G1 X177.001 Y78.721 E.00885
G1 X176.553 Y79.083 E.01501
G1 X176.105 Y79.2 E.01206
G1 X175.657 Y79.178 E.01169
G1 X175.208 Y79.066 E.01206
G1 X174.76 Y78.865 E.01279
G1 X174.312 Y78.54 E.01442
G1 X173.415 Y77.485 E.03608
G1 X172.967 Y77.122 E.01502
G1 X172.519 Y77.006 E.01206
G1 X172.07 Y77.028 E.01171
G1 X171.622 Y77.139 E.01203
G1 X171.174 Y77.341 E.0128
G1 X170.725 Y77.666 E.01444
G1 X169.829 Y78.721 E.03606
G1 X169.381 Y79.083 E.01501
G1 X168.932 Y79.2 E.01209
G1 X168.484 Y79.178 E.01169
G1 X168.036 Y79.066 E.01203
G1 X167.587 Y78.865 E.01282
G1 X167.139 Y78.54 E.01442
G1 X166.243 Y77.485 E.03606
G1 X165.794 Y77.122 E.01504
G1 X165.346 Y77.006 E.01206
G1 X164.898 Y77.028 E.01169
G1 X164.449 Y77.139 E.01205
G1 X164.001 Y77.341 E.0128
G1 X163.553 Y77.666 E.01442
G1 X162.656 Y78.721 E.03608
G1 X162.208 Y79.083 E.01501
G1 X161.76 Y79.2 E.01206
G1 X161.311 Y79.178 E.01171
G1 X160.863 Y79.066 E.01203
G1 X160.415 Y78.865 E.01279
G1 X159.967 Y78.54 E.01442
G1 X159.07 Y77.485 E.03608
G1 X158.622 Y77.122 E.01502
G1 X158.173 Y77.006 E.01208
G1 X157.725 Y77.028 E.01169
G1 X157.277 Y77.139 E.01203
G1 X156.828 Y77.341 E.01283
G1 X156.38 Y77.666 E.01442
G1 X155.484 Y78.721 E.03606
G1 X155.035 Y79.083 E.01503
G1 X154.587 Y79.2 E.01206
G1 X154.139 Y79.178 E.01169
G1 X153.69 Y79.066 E.01206
G1 X153.242 Y78.865 E.01279
G1 X152.794 Y78.54 E.01442
G1 X151.897 Y77.485 E.03608
G1 X151.449 Y77.122 E.01502
G1 X151.001 Y77.006 E.01206
G1 X150.552 Y77.028 E.01171
G1 X150.104 Y77.139 E.01203
G1 X149.656 Y77.341 E.0128
G1 X149.208 Y77.666 E.01442
G1 X148.311 Y78.721 E.03608
G1 X147.863 Y79.083 E.01501
G1 X147.414 Y79.2 E.01209
G1 X146.966 Y79.178 E.01169
G1 X146.518 Y79.066 E.01203
G1 X146.07 Y78.865 E.01279
G1 X145.621 Y78.54 E.01444
G1 X144.725 Y77.485 E.03606
G1 X144.276 Y77.122 E.01504
G1 X143.828 Y77.006 E.01206
G1 X143.38 Y77.028 E.01169
G1 X142.932 Y77.139 E.01203
G1 X142.483 Y77.341 E.01283
G1 X142.035 Y77.666 E.01442
G1 X141.138 Y78.721 E.03608
G1 X140.69 Y79.083 E.01501
G1 X140.242 Y79.2 E.01206
G1 X139.794 Y79.178 E.01169
G1 X139.345 Y79.066 E.01206
G1 X138.897 Y78.865 E.01279
G1 X138.449 Y78.54 E.01442
G1 X137.552 Y77.485 E.03608
G1 X137.104 Y77.122 E.01502
G1 X136.656 Y77.006 E.01206
G1 X136.207 Y77.028 E.01171
G1 X135.759 Y77.139 E.01203
G1 X135.311 Y77.341 E.0128
G1 X134.862 Y77.666 E.01444
G1 X133.966 Y78.721 E.03606
G1 X133.518 Y79.083 E.01501
G1 X133.069 Y79.2 E.01209
G1 X132.621 Y79.178 E.01169
G1 X132.173 Y79.066 E.01203
G1 X131.724 Y78.865 E.01282
G1 X131.276 Y78.54 E.01442
G1 X130.379 Y77.485 E.03608
G1 X129.931 Y77.122 E.01502
G1 X129.483 Y77.006 E.01206
G1 X129.035 Y77.028 E.01169
G1 X128.586 Y77.139 E.01205
G1 X128.138 Y77.341 E.0128
G1 X127.69 Y77.666 E.01442
G1 X126.793 Y78.721 E.03608
G1 X126.345 Y79.083 E.01501
G1 X125.897 Y79.2 E.01206
G1 X125.448 Y79.178 E.01171
G1 X125 Y79.066 E.01203
G1 X124.552 Y78.865 E.01279
G1 X124.103 Y78.54 E.01444
G1 X123.207 Y77.485 E.03606
G1 X122.759 Y77.122 E.01502
G1 X122.31 Y77.006 E.01208
G1 X121.862 Y77.028 E.01169
G1 X121.414 Y77.139 E.01203
G1 X120.965 Y77.341 E.01283
G1 X120.517 Y77.666 E.01442
G1 X119.621 Y78.721 E.03606
G1 X119.172 Y79.083 E.01503
G1 X118.724 Y79.2 E.01206
G1 X118.276 Y79.178 E.01169
G1 X117.827 Y79.066 E.01206
G1 X117.379 Y78.865 E.01279
G1 X116.931 Y78.54 E.01442
G1 X116.034 Y77.485 E.03608
G1 X115.586 Y77.122 E.01502
G1 X115.138 Y77.006 E.01206
G1 X114.689 Y77.028 E.01171
G1 X114.241 Y77.139 E.01203
G1 X113.793 Y77.341 E.0128
G1 X113.345 Y77.666 E.01442
G1 X112.448 Y78.721 E.03608
G1 X112 Y79.083 E.01501
G1 X111.551 Y79.2 E.01209
G1 X111.103 Y79.178 E.01169
G1 X110.655 Y79.066 E.01203
G1 X110.207 Y78.865 E.01279
G1 X109.758 Y78.54 E.01444
G1 X108.862 Y77.485 E.03606
G1 X108.413 Y77.122 E.01504
G1 X107.965 Y77.006 E.01206
G1 X107.517 Y77.028 E.01169
G1 X107.069 Y77.139 E.01203
G1 X106.62 Y77.341 E.01283
G1 X106.172 Y77.666 E.01442
G1 X105.275 Y78.721 E.03608
G1 X104.827 Y79.083 E.01501
G1 X104.379 Y79.2 E.01206
G1 X103.93 Y79.178 E.01171
G1 X103.482 Y79.066 E.01203
G1 X103.034 Y78.865 E.01279
G1 X102.586 Y78.54 E.01442
G1 X101.689 Y77.485 E.03608
G1 X101.241 Y77.122 E.01502
G1 X100.792 Y77.006 E.01208
G1 X100.344 Y77.028 E.01169
G1 X99.896 Y77.139 E.01203
G1 X99.448 Y77.341 E.0128
G1 X98.999 Y77.666 E.01444
G1 X98.103 Y78.721 E.03606
G1 X97.654 Y79.083 E.01503
G1 X97.206 Y79.2 E.01206
G1 X96.758 Y79.178 E.01169
G1 X96.31 Y79.066 E.01203
G1 X95.861 Y78.865 E.01282
G1 X95.413 Y78.54 E.01442
G1 X94.516 Y77.485 E.03608
G1 X94.068 Y77.122 E.01502
G1 X93.62 Y77.006 E.01206
G1 X93.172 Y77.028 E.01169
G1 X92.723 Y77.139 E.01205
G1 X92.275 Y77.341 E.0128
G1 X91.827 Y77.666 E.01442
G1 X90.93 Y78.721 E.03608
G1 X90.482 Y79.083 E.01501
G1 X90.034 Y79.2 E.01206
G1 X89.585 Y79.178 E.01171
G1 X89.137 Y79.066 E.01203
G1 X88.689 Y78.865 E.01279
G1 X88.24 Y78.54 E.01444
G1 X87.344 Y77.485 E.03606
G1 X86.896 Y77.122 E.01502
G1 X86.447 Y77.006 E.01208
G1 X85.999 Y77.028 E.01169
G1 X85.551 Y77.139 E.01203
G1 X85.102 Y77.341 E.01283
G1 X84.654 Y77.666 E.01442
G1 X83.758 Y78.721 E.03606
G1 X83.309 Y79.083 E.01503
G1 X82.861 Y79.2 E.01206
G1 X82.413 Y79.178 E.01169
G1 X81.964 Y79.066 E.01206
G1 X81.516 Y78.865 E.01279
G1 X81.068 Y78.54 E.01442
G1 X80.171 Y77.485 E.03608
G1 X79.723 Y77.122 E.01502
G1 X79.275 Y77.006 E.01206
G1 X78.826 Y77.028 E.01171
G1 X78.378 Y77.139 E.01203
G1 X77.93 Y77.341 E.0128
G1 X77.481 Y77.666 E.01444
G1 X76.585 Y78.721 E.03606
G1 X76.137 Y79.083 E.01501
G1 X75.688 Y79.2 E.01209
G1 X75.24 Y79.178 E.01169
G1 X74.792 Y79.066 E.01203
G1 X74.343 Y78.865 E.01282
G1 X73.895 Y78.54 E.01442
G1 X72.999 Y77.485 E.03606
G1 X72.779 Y77.307 E.00737
G1 X72.779 Y74.876 E.06334
G1 X72.999 Y75.134 E.00883
G1 X73.447 Y75.497 E.01502
G1 X73.895 Y75.614 E.01206
G1 X74.343 Y75.592 E.01169
G1 X74.792 Y75.48 E.01206
G1 X75.24 Y75.278 E.0128
G1 X75.688 Y74.953 E.01442
G1 X76.585 Y73.898 E.03608
G1 X77.033 Y73.536 E.01501
G1 X77.481 Y73.419 E.01206
G1 X77.93 Y73.441 E.01171
G1 X78.378 Y73.553 E.01203
G1 X78.826 Y73.754 E.01279
G1 X79.275 Y74.079 E.01444
G1 X80.171 Y75.134 E.03606
G1 X80.619 Y75.497 E.01502
G1 X81.068 Y75.614 E.01209
G1 X81.516 Y75.592 E.01169
G1 X81.964 Y75.48 E.01203
G1 X82.413 Y75.278 E.01283
G1 X82.861 Y74.953 E.01442
G1 X83.758 Y73.898 E.03608
G1 X84.206 Y73.536 E.01501
G1 X84.654 Y73.419 E.01206
G1 X85.102 Y73.441 E.01169
G1 X85.551 Y73.553 E.01206
G1 X85.999 Y73.754 E.01279
G1 X86.447 Y74.079 E.01442
G1 X87.344 Y75.134 E.03608
G1 X87.792 Y75.497 E.01502
G1 X88.24 Y75.614 E.01206
G1 X88.689 Y75.592 E.01171
G1 X89.137 Y75.48 E.01203
G1 X89.585 Y75.278 E.0128
G1 X90.034 Y74.953 E.01444
G1 X90.93 Y73.898 E.03606
G1 X91.378 Y73.536 E.01501
G1 X91.827 Y73.419 E.01209
G1 X92.275 Y73.441 E.01169
G1 X92.723 Y73.553 E.01203
G1 X93.172 Y73.754 E.01282
G1 X93.62 Y74.079 E.01442
G1 X94.516 Y75.134 E.03606
G1 X94.965 Y75.497 E.01504
G1 X95.413 Y75.614 E.01206
G1 X95.861 Y75.592 E.01169
G1 X96.31 Y75.48 E.01206
G1 X96.758 Y75.278 E.0128
G1 X97.206 Y74.953 E.01442
G1 X98.103 Y73.898 E.03608
G1 X98.551 Y73.536 E.01501
G1 X98.999 Y73.419 E.01206
G1 X99.448 Y73.441 E.01171
G1 X99.896 Y73.553 E.01203
G1 X100.344 Y73.754 E.01279
G1 X100.792 Y74.079 E.01442
G1 X101.689 Y75.134 E.03608
G1 X102.137 Y75.497 E.01502
G1 X102.586 Y75.614 E.01209
G1 X103.034 Y75.592 E.01169
G1 X103.482 Y75.48 E.01203
G1 X103.93 Y75.278 E.0128
G1 X104.379 Y74.953 E.01444
G1 X105.275 Y73.898 E.03606
G1 X105.724 Y73.536 E.01503
G1 X106.172 Y73.419 E.01206
G1 X106.62 Y73.441 E.01169
G1 X107.069 Y73.553 E.01206
G1 X107.517 Y73.754 E.01279
G1 X107.965 Y74.079 E.01442
G1 X108.862 Y75.134 E.03608
G1 X109.31 Y75.497 E.01502
G1 X109.758 Y75.614 E.01206
G1 X110.207 Y75.592 E.01171
G1 X110.655 Y75.48 E.01203
G1 X111.103 Y75.278 E.0128
G1 X111.551 Y74.953 E.01442
G1 X112.448 Y73.898 E.03608
G1 X112.896 Y73.536 E.01501
G1 X113.345 Y73.419 E.01209
G1 X113.793 Y73.441 E.01169
G1 X114.241 Y73.553 E.01203
G1 X114.689 Y73.754 E.01279
G1 X115.138 Y74.079 E.01444
G1 X116.034 Y75.134 E.03606
G1 X116.483 Y75.497 E.01504
G1 X116.931 Y75.614 E.01206
G1 X117.379 Y75.592 E.01169
G1 X117.827 Y75.48 E.01203
G1 X118.276 Y75.278 E.01283
G1 X118.724 Y74.953 E.01442
G1 X119.621 Y73.898 E.03608
G1 X120.069 Y73.536 E.01501
G1 X120.517 Y73.419 E.01206
G1 X120.965 Y73.441 E.01169
G1 X121.414 Y73.553 E.01206
G1 X121.862 Y73.754 E.01279
G1 X122.31 Y74.079 E.01442
G1 X123.207 Y75.134 E.03608
G1 X123.655 Y75.497 E.01502
G1 X124.103 Y75.614 E.01206
G1 X124.552 Y75.592 E.01171
G1 X125 Y75.48 E.01203
G1 X125.448 Y75.278 E.0128
G1 X125.897 Y74.953 E.01444
G1 X126.793 Y73.898 E.03606
G1 X127.241 Y73.536 E.01501
G1 X127.69 Y73.419 E.01209
G1 X128.138 Y73.441 E.01169
G1 X128.586 Y73.553 E.01203
G1 X129.035 Y73.754 E.01282
G1 X129.483 Y74.079 E.01442
G1 X130.379 Y75.134 E.03606
G1 X130.828 Y75.497 E.01504
G1 X131.276 Y75.614 E.01206
G1 X131.724 Y75.592 E.01169
G1 X132.173 Y75.48 E.01206
G1 X132.621 Y75.278 E.0128
G1 X133.069 Y74.953 E.01442
G1 X133.966 Y73.898 E.03608
G1 X134.414 Y73.536 E.01501
G1 X134.862 Y73.419 E.01206
G1 X135.311 Y73.441 E.01171
G1 X135.759 Y73.553 E.01203
G1 X136.207 Y73.754 E.01279
G1 X136.656 Y74.079 E.01444
G1 X137.552 Y75.134 E.03606
G1 X138 Y75.497 E.01502
G1 X138.449 Y75.614 E.01209
G1 X138.897 Y75.592 E.01169
G1 X139.345 Y75.48 E.01203
G1 X139.794 Y75.278 E.01283
G1 X140.242 Y74.953 E.01442
G1 X141.138 Y73.898 E.03606
G1 X141.587 Y73.536 E.01503
G1 X142.035 Y73.419 E.01206
G1 X142.483 Y73.441 E.01169
G1 X142.932 Y73.553 E.01206
G1 X143.38 Y73.754 E.01279
G1 X143.828 Y74.079 E.01442
G1 X144.725 Y75.134 E.03608
G1 X145.173 Y75.497 E.01502
G1 X145.621 Y75.614 E.01206
G1 X146.07 Y75.592 E.01171
G1 X146.518 Y75.48 E.01203
G1 X146.966 Y75.278 E.0128
G1 X147.414 Y74.953 E.01442
G1 X148.311 Y73.898 E.03608
G1 X148.759 Y73.536 E.01501
G1 X149.208 Y73.419 E.01209
G1 X149.656 Y73.441 E.01169
G1 X150.104 Y73.553 E.01203
G1 X150.552 Y73.754 E.01279
G1 X151.001 Y74.079 E.01444
G1 X151.897 Y75.134 E.03606
G1 X152.346 Y75.497 E.01504
G1 X152.794 Y75.614 E.01206
G1 X153.242 Y75.592 E.01169
G1 X153.69 Y75.48 E.01203
G1 X154.139 Y75.278 E.01283
G1 X154.587 Y74.953 E.01442
G1 X155.484 Y73.898 E.03608
G1 X155.932 Y73.536 E.01501
G1 X156.38 Y73.419 E.01206
G1 X156.828 Y73.441 E.01169
G1 X157.277 Y73.553 E.01206
G1 X157.725 Y73.754 E.01279
G1 X158.173 Y74.079 E.01442
G1 X159.07 Y75.134 E.03608
G1 X159.518 Y75.497 E.01502
G1 X159.967 Y75.614 E.01209
G1 X160.415 Y75.592 E.01169
G1 X160.863 Y75.48 E.01203
G1 X161.311 Y75.278 E.0128
G1 X161.76 Y74.953 E.01444
G1 X162.656 Y73.898 E.03606
G1 X163.105 Y73.536 E.01503
G1 X163.553 Y73.419 E.01206
G1 X164.001 Y73.441 E.01169
G1 X164.449 Y73.553 E.01203
G1 X164.898 Y73.754 E.01282
G1 X165.346 Y74.079 E.01442
G1 X166.243 Y75.134 E.03608
G1 X166.691 Y75.497 E.01502
G1 X167.139 Y75.614 E.01206
G1 X167.587 Y75.592 E.01169
G1 X168.036 Y75.48 E.01206
G1 X168.484 Y75.278 E.0128
G1 X168.932 Y74.953 E.01442
G1 X169.829 Y73.898 E.03608
G1 X170.277 Y73.536 E.01501
G1 X170.725 Y73.419 E.01206
G1 X171.174 Y73.441 E.01171
G1 X171.622 Y73.553 E.01203
G1 X172.07 Y73.754 E.01279
G1 X172.519 Y74.079 E.01444
G1 X173.415 Y75.134 E.03606
G1 X173.863 Y75.497 E.01502
G1 X174.312 Y75.614 E.01209
G1 X174.76 Y75.592 E.01169
G1 X175.208 Y75.48 E.01203
G1 X175.657 Y75.278 E.01283
G1 X176.105 Y74.953 E.01442
G1 X177.001 Y73.898 E.03606
G1 X177.221 Y73.721 E.00736
G1 X177.221 Y71.29 E.06334
G1 X177.001 Y71.548 E.00883
G1 X176.553 Y71.911 E.01502
G1 X176.105 Y72.027 E.01206
G1 X175.657 Y72.005 E.01169
G1 X175.208 Y71.894 E.01205
G1 X174.76 Y71.692 E.0128
G1 X174.312 Y71.367 E.01442
G1 X173.415 Y70.312 E.03608
G1 X172.967 Y69.949 E.01502
G1 X172.519 Y69.833 E.01206
G1 X172.07 Y69.855 E.01171
G1 X171.622 Y69.966 E.01203
G1 X171.174 Y70.168 E.0128
G1 X170.725 Y70.493 E.01444
G1 X169.829 Y71.548 E.03606
G1 X169.381 Y71.911 E.01502
G1 X168.932 Y72.027 E.01208
G1 X168.484 Y72.005 E.01169
G1 X168.036 Y71.894 E.01203
G1 X167.587 Y71.692 E.01283
G1 X167.139 Y71.367 E.01442
G1 X166.243 Y70.312 E.03606
G1 X165.794 Y69.949 E.01504
G1 X165.346 Y69.833 E.01206
G1 X164.898 Y69.855 E.01169
G1 X164.449 Y69.966 E.01205
G1 X164.001 Y70.168 E.0128
G1 X163.553 Y70.493 E.01442
G1 X162.656 Y71.548 E.03608
G1 X162.208 Y71.911 E.01502
G1 X161.76 Y72.027 E.01206
G1 X161.311 Y72.005 E.01171
G1 X160.863 Y71.894 E.01203
G1 X160.415 Y71.692 E.0128
G1 X159.967 Y71.367 E.01442
G1 X159.07 Y70.312 E.03608
G1 X158.622 Y69.949 E.01502
G1 X158.173 Y69.833 E.01208
G1 X157.725 Y69.855 E.01169
G1 X157.277 Y69.966 E.01203
G1 X156.828 Y70.168 E.01283
G1 X156.38 Y70.493 E.01442
G1 X155.484 Y71.548 E.03606
G1 X155.035 Y71.911 E.01504
G1 X154.587 Y72.027 E.01206
G1 X154.139 Y72.005 E.01169
G1 X153.69 Y71.894 E.01205
G1 X153.242 Y71.692 E.0128
G1 X152.794 Y71.367 E.01442
G1 X151.897 Y70.312 E.03608
G1 X151.449 Y69.949 E.01502
G1 X151.001 Y69.833 E.01206
G1 X150.552 Y69.855 E.01171
G1 X150.104 Y69.966 E.01203
G1 X149.656 Y70.168 E.0128
G1 X149.208 Y70.493 E.01442
G1 X148.311 Y71.548 E.03608
G1 X147.863 Y71.911 E.01502
G1 X147.414 Y72.027 E.01208
G1 X146.966 Y72.005 E.01169
G1 X146.518 Y71.894 E.01203
G1 X146.07 Y71.692 E.0128
G1 X145.621 Y71.367 E.01444
G1 X144.725 Y70.312 E.03606
G1 X144.276 Y69.949 E.01504
G1 X143.828 Y69.833 E.01206
G1 X143.38 Y69.855 E.01169
G1 X142.932 Y69.966 E.01203
G1 X142.483 Y70.168 E.01283
G1 X142.035 Y70.493 E.01442
G1 X141.138 Y71.548 E.03608
G1 X140.69 Y71.911 E.01502
G1 X140.242 Y72.027 E.01206
G1 X139.794 Y72.005 E.01169
G1 X139.345 Y71.894 E.01205
G1 X138.897 Y71.692 E.0128
G1 X138.449 Y71.367 E.01442
G1 X137.552 Y70.312 E.03608
G1 X137.104 Y69.949 E.01502
G1 X136.656 Y69.833 E.01206
G1 X136.207 Y69.855 E.01171
G1 X135.759 Y69.966 E.01203
G1 X135.311 Y70.168 E.0128
G1 X134.862 Y70.493 E.01444
G1 X133.966 Y71.548 E.03606
G1 X133.518 Y71.911 E.01502
G1 X133.069 Y72.027 E.01208
G1 X132.621 Y72.005 E.01169
G1 X132.173 Y71.894 E.01203
G1 X131.724 Y71.692 E.01283
G1 X131.276 Y71.367 E.01442
G1 X130.379 Y70.312 E.03608
G1 X129.931 Y69.949 E.01502
G1 X129.483 Y69.833 E.01206
G1 X129.035 Y69.855 E.01169
G1 X128.586 Y69.966 E.01205
G1 X128.138 Y70.168 E.0128
G1 X127.69 Y70.493 E.01442
G1 X126.793 Y71.548 E.03608
G1 X126.345 Y71.911 E.01502
G1 X125.897 Y72.027 E.01206
G1 X125.448 Y72.005 E.01171
G1 X125 Y71.894 E.01203
G1 X124.552 Y71.692 E.0128
G1 X124.103 Y71.367 E.01444
G1 X123.207 Y70.312 E.03606
G1 X122.759 Y69.949 E.01502
G1 X122.31 Y69.833 E.01208
G1 X121.862 Y69.855 E.01169
G1 X121.414 Y69.966 E.01203
G1 X120.965 Y70.168 E.01283
G1 X120.517 Y70.493 E.01442
G1 X119.621 Y71.548 E.03606
G1 X119.172 Y71.911 E.01504
G1 X118.724 Y72.027 E.01206
G1 X118.276 Y72.005 E.01169
G1 X117.827 Y71.894 E.01205
G1 X117.379 Y71.692 E.0128
G1 X116.931 Y71.367 E.01442
G1 X116.034 Y70.312 E.03608
G1 X115.586 Y69.949 E.01502
G1 X115.138 Y69.833 E.01206
G1 X114.689 Y69.855 E.01171
G1 X114.241 Y69.966 E.01203
G1 X113.793 Y70.168 E.0128
G1 X113.345 Y70.493 E.01442
G1 X112.448 Y71.548 E.03608
G1 X112 Y71.911 E.01502
G1 X111.551 Y72.027 E.01208
G1 X111.103 Y72.005 E.01169
G1 X110.655 Y71.894 E.01203
G1 X110.207 Y71.692 E.0128
G1 X109.758 Y71.367 E.01444
G1 X108.862 Y70.312 E.03606
G1 X108.413 Y69.949 E.01504
G1 X107.965 Y69.833 E.01206
G1 X107.517 Y69.855 E.01169
G1 X107.069 Y69.966 E.01203
G1 X106.62 Y70.168 E.01283
G1 X106.172 Y70.493 E.01442
G1 X105.275 Y71.548 E.03608
G1 X104.827 Y71.911 E.01502
G1 X104.379 Y72.027 E.01206
G1 X103.93 Y72.005 E.01171
G1 X103.482 Y71.894 E.01203
G1 X103.034 Y71.692 E.0128
G1 X102.586 Y71.367 E.01442
G1 X101.689 Y70.312 E.03608
G1 X101.241 Y69.949 E.01502
G1 X100.792 Y69.833 E.01208
G1 X100.344 Y69.855 E.01169
G1 X99.896 Y69.966 E.01203
G1 X99.448 Y70.168 E.0128
G1 X98.999 Y70.493 E.01444
G1 X98.103 Y71.548 E.03606
G1 X97.654 Y71.911 E.01504
G1 X97.206 Y72.027 E.01206
G1 X96.758 Y72.005 E.01169
G1 X96.31 Y71.894 E.01203
G1 X95.861 Y71.692 E.01283
G1 X95.413 Y71.367 E.01442
G1 X94.516 Y70.312 E.03608
G1 X94.068 Y69.949 E.01502
G1 X93.62 Y69.833 E.01206
G1 X93.172 Y69.855 E.01169
G1 X92.723 Y69.966 E.01205
G1 X92.275 Y70.168 E.0128
G1 X91.827 Y70.493 E.01442
G1 X90.93 Y71.548 E.03608
G1 X90.482 Y71.911 E.01502
G1 X90.034 Y72.027 E.01206
G1 X89.585 Y72.005 E.01171
G1 X89.137 Y71.894 E.01203
G1 X88.689 Y71.692 E.0128
G1 X88.24 Y71.367 E.01444
G1 X87.344 Y70.312 E.03606
G1 X86.896 Y69.949 E.01502
G1 X86.447 Y69.833 E.01208
G1 X85.999 Y69.855 E.01169
G1 X85.551 Y69.966 E.01203
G1 X85.102 Y70.168 E.01283
G1 X84.654 Y70.493 E.01442
G1 X83.758 Y71.548 E.03606
G1 X83.309 Y71.911 E.01504
G1 X82.861 Y72.027 E.01206
G1 X82.413 Y72.005 E.01169
G1 X81.964 Y71.894 E.01205
G1 X81.516 Y71.692 E.0128
G1 X81.068 Y71.367 E.01442
G1 X80.171 Y70.312 E.03608
G1 X79.723 Y69.949 E.01502
G1 X79.275 Y69.833 E.01206
G1 X78.826 Y69.855 E.01171
G1 X78.378 Y69.966 E.01203
G1 X77.93 Y70.168 E.0128
G1 X77.481 Y70.493 E.01444
G1 X76.585 Y71.548 E.03606
G1 X76.137 Y71.911 E.01502
G1 X75.688 Y72.027 E.01208
G1 X75.24 Y72.005 E.01169
G1 X74.792 Y71.894 E.01203
G1 X74.343 Y71.692 E.01283
G1 X73.895 Y71.367 E.01442
G1 X72.999 Y70.312 E.03606
G1 X72.779 Y70.135 E.00736
G1 X72.78 Y67.704 E.06334
G1 X72.999 Y67.962 E.00882
G1 X73.447 Y68.324 E.01501
G1 X73.895 Y68.441 E.01206
G1 X74.343 Y68.419 E.01169
G1 X74.792 Y68.307 E.01206
G1 X75.24 Y68.106 E.01279
G1 X75.688 Y67.781 E.01442
G1 X76.585 Y66.726 E.03608
G1 X77.033 Y66.363 E.01502
G1 X77.481 Y66.247 E.01206
G1 X77.93 Y66.269 E.01171
G1 X78.378 Y66.38 E.01203
G1 X78.826 Y66.582 E.0128
G1 X79.275 Y66.907 E.01444
G1 X80.171 Y67.962 E.03606
G1 X80.619 Y68.324 E.01501
G1 X81.068 Y68.441 E.01209
G1 X81.516 Y68.419 E.01169
G1 X81.964 Y68.307 E.01203
G1 X82.413 Y68.106 E.01282
G1 X82.861 Y67.781 E.01442
G1 X83.758 Y66.726 E.03608
G1 X84.206 Y66.363 E.01502
G1 X84.654 Y66.247 E.01206
G1 X85.102 Y66.269 E.01169
G1 X85.551 Y66.38 E.01205
G1 X85.999 Y66.582 E.0128
G1 X86.447 Y66.907 E.01442
G1 X87.344 Y67.962 E.03608
G1 X87.792 Y68.324 E.01501
G1 X88.24 Y68.441 E.01206
G1 X88.689 Y68.419 E.01171
G1 X89.137 Y68.307 E.01203
G1 X89.585 Y68.106 E.01279
G1 X90.034 Y67.781 E.01444
G1 X90.93 Y66.726 E.03606
G1 X91.378 Y66.363 E.01502
G1 X91.827 Y66.247 E.01208
G1 X92.275 Y66.269 E.01169
G1 X92.723 Y66.38 E.01203
G1 X93.172 Y66.582 E.01283
G1 X93.62 Y66.907 E.01442
G1 X94.516 Y67.962 E.03606
G1 X94.965 Y68.324 E.01503
G1 X95.413 Y68.441 E.01206
G1 X95.861 Y68.419 E.01169
G1 X96.31 Y68.307 E.01206
G1 X96.758 Y68.106 E.01279
G1 X97.206 Y67.781 E.01442
G1 X98.103 Y66.726 E.03608
G1 X98.551 Y66.363 E.01502
G1 X98.999 Y66.247 E.01206
G1 X99.448 Y66.269 E.01171
G1 X99.896 Y66.38 E.01203
G1 X100.344 Y66.582 E.0128
G1 X100.792 Y66.907 E.01442
G1 X101.689 Y67.962 E.03608
G1 X102.137 Y68.324 E.01501
G1 X102.586 Y68.441 E.01209
G1 X103.034 Y68.419 E.01169
G1 X103.482 Y68.307 E.01203
G1 X103.93 Y68.106 E.01279
G1 X104.379 Y67.781 E.01444
G1 X105.275 Y66.726 E.03606
G1 X105.724 Y66.363 E.01504
G1 X106.172 Y66.247 E.01206
G1 X106.62 Y66.269 E.01169
G1 X107.069 Y66.38 E.01205
G1 X107.517 Y66.582 E.0128
G1 X107.965 Y66.907 E.01442
G1 X108.862 Y67.962 E.03608
G1 X109.31 Y68.324 E.01501
G1 X109.758 Y68.441 E.01206
G1 X110.207 Y68.419 E.01171
G1 X110.655 Y68.307 E.01203
G1 X111.103 Y68.106 E.01279
G1 X111.551 Y67.781 E.01442
G1 X112.448 Y66.726 E.03608
G1 X112.896 Y66.363 E.01502
G1 X113.345 Y66.247 E.01208
G1 X113.793 Y66.269 E.01169
G1 X114.241 Y66.38 E.01203
G1 X114.689 Y66.582 E.0128
G1 X115.138 Y66.907 E.01444
G1 X116.034 Y67.962 E.03606
G1 X116.483 Y68.324 E.01503
G1 X116.931 Y68.441 E.01206
G1 X117.379 Y68.419 E.01169
G1 X117.827 Y68.307 E.01203
G1 X118.276 Y68.106 E.01282
G1 X118.724 Y67.781 E.01442
G1 X119.621 Y66.726 E.03608
G1 X120.069 Y66.363 E.01502
G1 X120.517 Y66.247 E.01206
G1 X120.965 Y66.269 E.01169
G1 X121.414 Y66.38 E.01205
G1 X121.862 Y66.582 E.0128
G1 X122.31 Y66.907 E.01442
G1 X123.207 Y67.962 E.03608
G1 X123.655 Y68.324 E.01501
G1 X124.103 Y68.441 E.01206
G1 X124.552 Y68.419 E.01171
G1 X125 Y68.307 E.01203
G1 X125.448 Y68.106 E.01279
G1 X125.897 Y67.781 E.01444
G1 X126.793 Y66.726 E.03606
G1 X127.241 Y66.363 E.01502
G1 X127.69 Y66.247 E.01208
G1 X128.138 Y66.269 E.01169
G1 X128.586 Y66.38 E.01203
G1 X129.035 Y66.582 E.01283
G1 X129.483 Y66.907 E.01442
G1 X130.379 Y67.962 E.03606
G1 X130.828 Y68.324 E.01503
G1 X131.276 Y68.441 E.01206
G1 X131.724 Y68.419 E.01169
G1 X132.173 Y68.307 E.01206
G1 X132.621 Y68.106 E.01279
G1 X133.069 Y67.781 E.01442
G1 X133.966 Y66.726 E.03608
G1 X134.414 Y66.363 E.01502
G1 X134.862 Y66.247 E.01206
G1 X135.311 Y66.269 E.01171
G1 X135.759 Y66.38 E.01203
G1 X136.207 Y66.582 E.0128
G1 X136.656 Y66.907 E.01444
G1 X137.552 Y67.962 E.03606
G1 X138 Y68.324 E.01501
G1 X138.449 Y68.441 E.01209
G1 X138.897 Y68.419 E.01169
G1 X139.345 Y68.307 E.01203
G1 X139.794 Y68.106 E.01282
G1 X140.242 Y67.781 E.01442
G1 X141.138 Y66.726 E.03606
G1 X141.587 Y66.363 E.01504
G1 X142.035 Y66.247 E.01206
G1 X142.483 Y66.269 E.01169
G1 X142.932 Y66.38 E.01205
G1 X143.38 Y66.582 E.0128
G1 X143.828 Y66.907 E.01442
G1 X144.725 Y67.962 E.03608
G1 X145.173 Y68.324 E.01501
G1 X145.621 Y68.441 E.01206
G1 X146.07 Y68.419 E.01171
G1 X146.518 Y68.307 E.01203
G1 X146.966 Y68.106 E.01279
G1 X147.414 Y67.781 E.01442
G1 X148.311 Y66.726 E.03608
G1 X148.759 Y66.363 E.01502
G1 X149.208 Y66.247 E.01208
G1 X149.656 Y66.269 E.01169
G1 X150.104 Y66.38 E.01203
G1 X150.552 Y66.582 E.0128
G1 X151.001 Y66.907 E.01444
G1 X151.897 Y67.962 E.03606
G1 X152.346 Y68.324 E.01503
G1 X152.794 Y68.441 E.01206
G1 X153.242 Y68.419 E.01169
G1 X153.69 Y68.307 E.01203
G1 X154.139 Y68.106 E.01282
G1 X154.587 Y67.781 E.01442
G1 X155.484 Y66.726 E.03608
G1 X155.932 Y66.363 E.01502
G1 X156.38 Y66.247 E.01206
G1 X156.828 Y66.269 E.01169
G1 X157.277 Y66.38 E.01205
G1 X157.725 Y66.582 E.0128
G1 X158.173 Y66.907 E.01442
G1 X159.07 Y67.962 E.03608
G1 X159.518 Y68.324 E.01501
G1 X159.967 Y68.441 E.01209
G1 X160.415 Y68.419 E.01169
G1 X160.863 Y68.307 E.01203
G1 X161.311 Y68.106 E.01279
G1 X161.76 Y67.781 E.01444
G1 X162.656 Y66.726 E.03606
G1 X163.105 Y66.363 E.01504
G1 X163.553 Y66.247 E.01206
G1 X164.001 Y66.269 E.01169
G1 X164.449 Y66.38 E.01203
G1 X164.898 Y66.582 E.01283
G1 X165.346 Y66.907 E.01442
G1 X166.243 Y67.962 E.03608
G1 X166.691 Y68.324 E.01501
G1 X167.139 Y68.441 E.01206
G1 X167.587 Y68.419 E.01169
G1 X168.036 Y68.307 E.01206
G1 X168.484 Y68.106 E.01279
G1 X168.932 Y67.781 E.01442
G1 X169.829 Y66.726 E.03608
G1 X170.277 Y66.363 E.01502
G1 X170.725 Y66.247 E.01206
G1 X171.174 Y66.269 E.01171
G1 X171.622 Y66.38 E.01203
G1 X172.07 Y66.582 E.0128
G1 X172.519 Y66.907 E.01444
G1 X173.415 Y67.962 E.03606
G1 X173.863 Y68.324 E.01501
G1 X174.312 Y68.441 E.01209
G1 X174.76 Y68.419 E.01169
G1 X175.208 Y68.307 E.01203
G1 X175.657 Y68.106 E.01282
G1 X176.105 Y67.781 E.01442
G1 X177.001 Y66.726 E.03606
G1 X177.22 Y66.549 E.00734
G1 X177.22 Y64.118 E.06334
G1 X177.001 Y64.375 E.0088
G1 X176.553 Y64.738 E.01502
G1 X176.105 Y64.855 E.01206
G1 X175.657 Y64.833 E.01169
G1 X175.208 Y64.721 E.01206
G1 X174.76 Y64.52 E.01279
G1 X174.312 Y64.194 E.01444
G1 X173.721 Y63.5 E.02375
G1 X170.573 Y63.499 E.08202
G1 X169.829 Y64.375 E.02995
G1 X169.381 Y64.738 E.01502
G1 X168.932 Y64.855 E.01209
G1 X168.484 Y64.833 E.01169
G1 X168.036 Y64.721 E.01203
G1 X167.587 Y64.52 E.01282
G1 X167.139 Y64.194 E.01444
G1 X166.548 Y63.499 E.02377
G1 X163.401 Y63.499 E.082
G1 X162.656 Y64.375 E.02996
G1 X162.208 Y64.738 E.01502
G1 X161.76 Y64.855 E.01206
G1 X161.311 Y64.833 E.01171
G1 X160.863 Y64.721 E.01203
G1 X160.415 Y64.52 E.01279
G1 X159.967 Y64.194 E.01444
G1 X159.375 Y63.499 E.02379
G1 X156.229 Y63.498 E.08197
G1 X155.484 Y64.375 E.02998
G1 X155.035 Y64.738 E.01504
G1 X154.587 Y64.855 E.01206
G1 X154.139 Y64.833 E.01169
G1 X153.69 Y64.721 E.01206
G1 X153.242 Y64.52 E.01279
G1 X152.794 Y64.194 E.01444
G1 X152.202 Y63.498 E.02381
G1 X149.057 Y63.498 E.08195
G1 X148.311 Y64.375 E.03
G1 X147.863 Y64.738 E.01502
G1 X147.414 Y64.855 E.01209
G1 X146.966 Y64.833 E.01169
G1 X146.243 Y64.598 E.01981
G1 X140.874 Y64.589 E.13989
G1 X140.69 Y64.738 E.00617
G1 X140.242 Y64.855 E.01206
G1 X139.794 Y64.833 E.01169
G1 X139.345 Y64.721 E.01206
G1 X138.897 Y64.52 E.01279
G1 X138.449 Y64.194 E.01444
G1 X137.857 Y63.498 E.02381
G1 X134.712 Y63.498 E.08195
G1 X133.966 Y64.375 E.03
G1 X133.518 Y64.738 E.01502
G1 X133.069 Y64.855 E.01209
G1 X132.621 Y64.833 E.01169
G1 X132.173 Y64.721 E.01203
G1 X131.724 Y64.52 E.01282
G1 X131.276 Y64.194 E.01444
G1 X130.684 Y63.498 E.02381
G1 X127.539 Y63.498 E.08195
G1 X126.793 Y64.375 E.03
G1 X126.345 Y64.738 E.01502
G1 X125.897 Y64.855 E.01206
G1 X125.448 Y64.833 E.01171
G1 X125 Y64.721 E.01203
G1 X124.552 Y64.52 E.01279
G1 X124.103 Y64.194 E.01446
G1 X123.511 Y63.498 E.02381
G1 X120.366 Y63.498 E.08195
G1 X119.621 Y64.375 E.02998
G1 X119.172 Y64.738 E.01504
G1 X118.724 Y64.855 E.01206
G1 X118.276 Y64.833 E.01169
G1 X117.827 Y64.721 E.01206
G1 X117.379 Y64.52 E.01279
G1 X116.931 Y64.194 E.01444
G1 X116.339 Y63.498 E.02381
G1 X113.194 Y63.498 E.08195
G1 X112.448 Y64.375 E.03
M73 Q41 S33
G1 X112 Y64.738 E.01502
G1 X111.551 Y64.855 E.01209
G1 X111.103 Y64.833 E.01169
G1 X110.655 Y64.721 E.01203
G1 X110.248 Y64.538 E.01163
G1 X109.935 Y64.598 E.0083
G1 X105.003 Y64.596 E.12851
G1 X104.827 Y64.738 E.00589
G1 X104.379 Y64.855 E.01206
G1 X103.93 Y64.833 E.01171
G1 X103.482 Y64.721 E.01203
G1 X103.034 Y64.52 E.01279
G1 X102.586 Y64.194 E.01444
G1 X101.994 Y63.498 E.02381
G1 X98.848 Y63.498 E.08197
G1 X98.103 Y64.375 E.02998
G1 X97.654 Y64.738 E.01504
G1 X97.206 Y64.855 E.01206
G1 X96.758 Y64.833 E.01169
G1 X96.31 Y64.721 E.01203
M73 P41 R33
G1 X95.861 Y64.52 E.01282
G1 X95.413 Y64.194 E.01444
G1 X94.821 Y63.498 E.02381
G1 X91.675 Y63.499 E.08197
G1 X90.93 Y64.375 E.02996
G1 X90.482 Y64.738 E.01502
G1 X90.034 Y64.855 E.01206
G1 X89.585 Y64.833 E.01171
G1 X89.137 Y64.721 E.01203
G1 X88.689 Y64.52 E.01279
G1 X88.24 Y64.194 E.01446
G1 X87.649 Y63.499 E.02377
G1 X84.502 Y63.499 E.082
G1 X83.758 Y64.375 E.02995
G1 X83.309 Y64.738 E.01504
G1 X82.861 Y64.855 E.01206
G1 X82.413 Y64.833 E.01169
G1 X81.964 Y64.721 E.01206
G1 X81.516 Y64.52 E.01279
G1 X81.068 Y64.194 E.01444
G1 X80.477 Y63.499 E.02377
G1 X77.329 Y63.499 E.08202
G1 X76.585 Y64.375 E.02995
G1 X76.137 Y64.738 E.01502
G1 X75.688 Y64.855 E.01209
G1 X75.24 Y64.833 E.01169
G1 X74.792 Y64.721 E.01203
G1 X74.343 Y64.52 E.01282
G1 X73.895 Y64.194 E.01444
G1 X73.305 Y63.5 E.02373
G1 X72.78 Y63.5 E.01368
G1 X72.78 Y65.475 E.05146
;LAYER_CHANGE
;Z:1.4
;HEIGHT:0.15
;BEFORE_LAYER_CHANGE
G92 E0.0
;1.4


;WIPE_START
G1 F8640
G1 X72.78 Y63.5 E-.45603
G1 X73.305 Y63.5 E-.12122
G1 X73.895 Y64.194 E-.21033
G1 X73.939 Y64.226 E-.01242
;WIPE_END
G1 Z1.4 F720
;AFTER_LAYER_CHANGE
;1.4
G1 Z1.8
G1 X174.467 Y144.745 F10800
G1 Z1.4 F720
G1 E.8 F2100
M204 S800
;TYPE:Perimeter
;WIDTH:0.449999
G1 F2700
G1 X174.392 Y144.832 E.00299
G1 X174.036 Y144.943 E.00972
G1 X147.16 Y144.943 E.70027
;WIDTH:0.499571
G1 X146.972 Y144.968 E.00553
M73 P41 R32
;WIDTH:0.549142
G1 X146.783 Y144.992 E.00614
;WIDTH:0.598713
G1 X146.595 Y145.017 E.0067
;WIDTH:0.648284
G1 X146.406 Y145.042 E.00732
G1 X140.074 Y145.042 E.24328
G1 X139.885 Y145.017 E.00732
;WIDTH:0.598713
G1 X139.697 Y144.992 E.0067
;WIDTH:0.549142
G1 X139.508 Y144.968 E.00614
;WIDTH:0.499571
G1 X139.32 Y144.943 E.00553
;WIDTH:0.449999
G1 X110.68 Y144.943 E.74624
;WIDTH:0.499571
G1 X110.492 Y144.968 E.00553
;WIDTH:0.549142
G1 X110.303 Y144.992 E.00614
;WIDTH:0.598713
G1 X110.115 Y145.017 E.0067
;WIDTH:0.648284
G1 X109.926 Y145.042 E.00732
G1 X103.594 Y145.042 E.24328
G1 X103.405 Y145.017 E.00732
;WIDTH:0.598713
G1 X103.217 Y144.992 E.0067
;WIDTH:0.549142
G1 X103.028 Y144.968 E.00614
;WIDTH:0.499571
G1 X102.84 Y144.943 E.00553
;WIDTH:0.449999
G1 X77.964 Y144.943 E.64816
G1 X77.676 Y144.873 E.00772
G1 X77.471 Y144.703 E.00694
G1 X77.367 Y144.507 E.00578
G1 X77.337 Y144.316 E.00504
G1 X77.337 Y83.684 E1.57981
G1 X77.411 Y83.389 E.00792
G1 X77.588 Y83.183 E.00708
G1 X77.894 Y83.057 E.00862
G1 X174.036 Y83.057 E2.50505
G1 X174.331 Y83.131 E.00792
G1 X174.49 Y83.252 E.00521
G1 X174.615 Y83.443 E.00595
G1 X174.663 Y83.684 E.0064
G1 X174.663 Y144.316 E1.57981
G1 X174.598 Y144.593 E.00741
G1 X174.506 Y144.7 E.00368
M204 S1000
G1 X174.169 Y144.449 F10800
M204 S800
;TYPE:External perimeter
G1 F1500
G1 X174.068 Y144.525 E.00329
G1 X77.964 Y144.525 E2.50406
G1 X77.8 Y144.445 E.00475
G1 X77.755 Y144.316 E.00356
G1 X77.755 Y83.684 E1.57981
G1 X77.807 Y83.547 E.00382
M73 Q41 S32
G1 X77.964 Y83.475 E.0045
G1 X174.036 Y83.475 E2.50323
G1 X174.187 Y83.54 E.00428
G1 X174.245 Y83.684 E.00404
G1 X174.245 Y144.316 E1.57981
G1 X174.223 Y144.408 E.00246
G1 X174.217 Y144.413 E.0002
M204 S1000
;WIPE_START
G1 F8640
G1 X174.169 Y144.449 E-.01385
G1 X174.068 Y144.525 E-.02919
G1 X170.79 Y144.525 E-.75696
;WIPE_END
G1 Z1.8 F720
G1 X146.842 Y145.952 F10800
G1 Z1.4 F720
G1 E.8 F2100
M204 S800
;TYPE:Perimeter
G1 F2700
G1 X146.81 Y145.904 E.0015
;WIDTH:0.499571
G1 X146.709 Y145.843 E.00344
;WIDTH:0.549142
G1 X146.608 Y145.781 E.00382
;WIDTH:0.598713
G1 X146.507 Y145.72 E.00417
;WIDTH:0.648284
G1 X146.406 Y145.658 E.00455
G1 X140.074 Y145.658 E.24328
G1 X139.973 Y145.72 E.00455
;WIDTH:0.598713
G1 X139.872 Y145.781 E.00417
;WIDTH:0.549142
G1 X139.771 Y145.843 E.00382
;WIDTH:0.499571
G1 X139.67 Y145.904 E.00344
;WIDTH:0.449999
G1 X139.477 Y146.192 E.00903
G1 X139.447 Y146.857 E.01734
G1 X110.553 Y146.857 E.75285
G1 X110.523 Y146.192 E.01734
G1 X110.33 Y145.904 E.00903
;WIDTH:0.499571
G1 X110.229 Y145.843 E.00344
;WIDTH:0.549142
G1 X110.128 Y145.781 E.00382
;WIDTH:0.598713
G1 X110.027 Y145.72 E.00417
;WIDTH:0.648284
G1 X109.926 Y145.658 E.00455
G1 X103.594 Y145.658 E.24328
G1 X103.493 Y145.72 E.00455
;WIDTH:0.598713
G1 X103.392 Y145.781 E.00417
;WIDTH:0.549142
G1 X103.291 Y145.843 E.00382
;WIDTH:0.499571
G1 X103.19 Y145.904 E.00344
;WIDTH:0.449999
G1 X102.997 Y146.192 E.00903
G1 X102.967 Y146.857 E.01734
G1 X72.546 Y146.857 E.79264
G1 X72.423 Y146.734 E.00453
G1 X72.423 Y108.793 E.98858
G1 X72.896 Y108.793 E.01232
G1 X73.162 Y108.734 E.0071
G1 X73.299 Y108.646 E.00424
G1 X73.493 Y108.356 E.00909
G1 X73.523 Y108.166 E.00501
G1 X73.523 Y101.834 E.16498
G1 X73.493 Y101.644 E.00501
G1 X73.413 Y101.479 E.00478
G1 X73.162 Y101.266 E.00858
G1 X72.896 Y101.207 E.0071
G1 X72.423 Y101.207 E.01232
G1 X72.423 Y63.266 E.98858
G1 X72.546 Y63.143 E.00453
G1 X102.967 Y63.143 E.79264
G1 X102.967 Y63.616 E.01232
G1 X103.065 Y63.952 E.00912
G1 X103.178 Y64.085 E.00455
G1 X103.316 Y64.178 E.00434
G1 X103.594 Y64.243 E.00744
G1 X109.969 Y64.243 E.16611
G1 X110.261 Y64.146 E.00802
G1 X110.455 Y63.952 E.00715
G1 X110.553 Y63.616 E.00912
G1 X110.553 Y63.143 E.01232
G1 X139.447 Y63.143 E.75285
G1 X139.447 Y63.616 E.01232
G1 X139.545 Y63.952 E.00912
G1 X139.658 Y64.085 E.00455
G1 X139.796 Y64.178 E.00434
G1 X140.074 Y64.243 E.00744
G1 X146.449 Y64.243 E.16611
G1 X146.741 Y64.146 E.00802
G1 X146.935 Y63.952 E.00715
G1 X147.033 Y63.616 E.00912
G1 X147.033 Y63.143 E.01232
G1 X177.454 Y63.143 E.79264
G1 X177.577 Y63.266 E.00453
G1 X177.577 Y101.207 E.98858
G1 X177.104 Y101.207 E.01232
G1 X176.808 Y101.281 E.00795
G1 X176.58 Y101.489 E.00804
G1 X176.477 Y101.834 E.00938
G1 X176.477 Y108.166 E.16498
G1 X176.58 Y108.511 E.00938
G1 X176.808 Y108.719 E.00804
G1 X177.104 Y108.793 E.00795
G1 X177.577 Y108.793 E.01232
G1 X177.577 Y146.734 E.98858
G1 X177.454 Y146.857 E.00453
G1 X147.033 Y146.857 E.79264
G1 X147.003 Y146.192 E.01734
G1 X146.875 Y146.002 E.00597
M204 S1000
G1 X146.551 Y146.246 F10800
M204 S800
;TYPE:External perimeter
G1 F1500
G1 X146.541 Y146.224 E.00063
G1 X146.406 Y146.175 E.00374
G1 X140.074 Y146.175 E.16498
G1 X139.939 Y146.224 E.00374
G1 X139.865 Y146.384 E.00459
G1 X139.865 Y147.275 E.02322
G1 X110.135 Y147.275 E.77464
G1 X110.135 Y146.384 E.02322
M73 P42 R32
M73 Q42 S32
G1 X110.061 Y146.224 E.00459
G1 X109.926 Y146.175 E.00374
G1 X103.594 Y146.175 E.16498
G1 X103.459 Y146.224 E.00374
G1 X103.385 Y146.384 E.00459
G1 X103.385 Y147.275 E.02322
G1 X72.373 Y147.275 E.80804
G1 X72.005 Y146.907 E.01356
G1 X72.005 Y108.375 E1.00398
G1 X72.896 Y108.375 E.02322
G1 X73.03 Y108.326 E.00372
G1 X73.105 Y108.166 E.0046
G1 X73.105 Y101.834 E.16498
G1 X73.03 Y101.674 E.0046
G1 X72.896 Y101.625 E.00372
G1 X72.005 Y101.625 E.02322
G1 X72.005 Y63.093 E1.00398
G1 X72.373 Y62.725 E.01356
G1 X103.385 Y62.725 E.80804
G1 X103.385 Y63.616 E.02322
G1 X103.455 Y63.772 E.00446
G1 X103.594 Y63.825 E.00388
G1 X109.926 Y63.825 E.16498
G1 X110.065 Y63.772 E.00388
G1 X110.135 Y63.616 E.00446
G1 X110.135 Y62.725 E.02322
G1 X139.865 Y62.725 E.77464
G1 X139.865 Y63.616 E.02322
G1 X139.935 Y63.772 E.00446
G1 X140.074 Y63.825 E.00388
G1 X146.406 Y63.825 E.16498
G1 X146.545 Y63.772 E.00388
G1 X146.615 Y63.616 E.00446
G1 X146.615 Y62.725 E.02322
G1 X177.627 Y62.725 E.80804
G1 X177.995 Y63.093 E.01356
G1 X177.995 Y101.625 E1.00398
G1 X177.005 Y101.65 E.0258
G1 X176.929 Y101.719 E.00267
G1 X176.895 Y101.834 E.00312
G1 X176.895 Y108.198 E.16582
G1 X177.005 Y108.35 E.00489
G1 X177.104 Y108.375 E.00266
G1 X177.995 Y108.375 E.02322
G1 X177.995 Y146.907 E1.00398
G1 X177.627 Y147.275 E.01356
G1 X146.615 Y147.275 E.80804
G1 X146.615 Y146.384 E.02322
G1 X146.576 Y146.3 E.00241
M204 S1000
;WIPE_START
G1 F8640
G1 X146.551 Y146.246 E-.01374
G1 X146.541 Y146.224 E-.00558
G1 X146.406 Y146.175 E-.03316
G1 X143.169 Y146.175 E-.74752
;WIPE_END
G1 Z1.8 F720
G1 X150.151 Y146.502 F10800
G1 Z1.4 F720
G1 E.8 F2100
;TYPE:Internal infill
;WIDTH:0.45
G1 F4800
G1 X147.651 Y146.502 E.06514
G1 X148.759 Y145.446 E.03988
G1 X149.145 Y145.298 E.01077
G1 X150.014 Y145.298 E.02264
G1 X150.552 Y145.469 E.01471
G1 X151.001 Y145.74 E.01366
G1 X151.742 Y146.502 E.02769
G1 X154.824 Y146.502 E.0803
G1 X155.932 Y145.446 E.03988
G1 X156.317 Y145.298 E.01075
G1 X157.186 Y145.298 E.02264
G1 X157.725 Y145.469 E.01473
G1 X158.173 Y145.74 E.01364
G1 X158.914 Y146.501 E.02768
G1 X161.997 Y146.501 E.08033
G1 X163.105 Y145.446 E.03986
G1 X163.49 Y145.298 E.01075
G1 X164.359 Y145.298 E.02264
G1 X164.898 Y145.469 E.01473
G1 X165.346 Y145.74 E.01364
G1 X166.086 Y146.501 E.02766
G1 X169.17 Y146.501 E.08036
G1 X170.277 Y145.446 E.03984
G1 X170.663 Y145.298 E.01077
G1 X171.531 Y145.298 E.02262
G1 X172.07 Y145.469 E.01473
G1 X172.519 Y145.74 E.01366
G1 X173.259 Y146.5 E.02764
G1 X176.343 Y146.5 E.08036
G1 X177.22 Y145.639 E.03202
G1 X177.22 Y142.85 E.07267
G1 X176.553 Y143.453 E.02343
G1 X176.105 Y143.625 E.0125
G1 X175.657 Y143.654 E.0117
G1 X175.018 Y143.521 E.01701
G1 X175.018 Y140.029 E.09099
G1 X175.657 Y139.844 E.01733
G1 X176.105 Y139.572 E.01366
G1 X177.221 Y138.466 E.04094
G1 X177.221 Y135.677 E.07267
G1 X176.553 Y136.281 E.02347
G1 X176.105 Y136.452 E.01249
G1 X175.657 Y136.482 E.0117
G1 X175.018 Y136.348 E.01701
G1 X175.018 Y132.857 E.09096
G1 X175.657 Y132.671 E.01734
G1 X176.105 Y132.4 E.01364
G1 X177.221 Y131.293 E.04096
G1 X177.221 Y128.504 E.07267
G1 X176.553 Y129.108 E.02347
G1 X176.105 Y129.28 E.0125
G1 X175.657 Y129.309 E.0117
G1 X175.018 Y129.175 E.01701
G1 X175.018 Y125.684 E.09096
G1 X175.657 Y125.499 E.01733
G1 X176.105 Y125.227 E.01366
G1 X177.221 Y124.12 E.04096
G1 X177.221 Y121.331 E.07267
G1 X176.553 Y121.935 E.02347
G1 X176.105 Y122.107 E.0125
G1 X175.657 Y122.136 E.0117
G1 X175.018 Y122.003 E.01701
G1 X175.018 Y118.512 E.09096
G1 X175.657 Y118.326 E.01734
G1 X176.105 Y118.054 E.01366
G1 X177.222 Y116.947 E.04098
G1 X177.222 Y114.158 E.07267
G1 X176.553 Y114.763 E.0235
G1 X176.105 Y114.934 E.01249
G1 X175.657 Y114.964 E.0117
G1 X175.018 Y114.83 E.01701
G1 X175.018 Y111.339 E.09096
G1 X175.657 Y111.153 E.01734
G1 X176.105 Y110.882 E.01364
G1 X177.222 Y109.775 E.04098
G1 X177.222 Y109.148 E.01634
G1 X176.638 Y109.036 E.01549
G1 X176.282 Y108.711 E.01256
G1 X176.137 Y108.344 E.01028
G1 X176.122 Y107.755 E.01535
G1 X175.657 Y107.791 E.01215
G1 X175.018 Y107.658 E.01701
G1 X175.018 Y104.166 E.09099
G1 X175.657 Y103.981 E.01733
G1 X176.122 Y103.692 E.01427
G1 X176.122 Y101.812 E.04898
G1 X176.277 Y101.294 E.01409
G1 X176.638 Y100.964 E.01274
G1 X177.222 Y100.852 E.01549
G1 X177.222 Y99.813 E.02707
G1 X176.553 Y100.418 E.0235
G1 X176.105 Y100.589 E.01249
G1 X175.657 Y100.619 E.0117
G1 X175.018 Y100.485 E.01701
G1 X175.018 Y96.994 E.09096
G1 X175.657 Y96.808 E.01734
G1 X176.105 Y96.537 E.01364
G1 X177.222 Y95.43 E.04098
G1 X177.222 Y92.641 E.07267
G1 X176.553 Y93.245 E.02348
G1 X176.105 Y93.417 E.0125
G1 X175.657 Y93.446 E.0117
G1 X175.018 Y93.312 E.01701
G1 X175.018 Y89.821 E.09096
G1 X175.657 Y89.636 E.01733
G1 X176.105 Y89.364 E.01366
G1 X177.221 Y88.257 E.04096
G1 X177.221 Y85.468 E.07267
G1 X176.553 Y86.072 E.02347
G1 X176.105 Y86.244 E.0125
G1 X175.657 Y86.273 E.0117
G1 X175.018 Y86.14 E.01701
G1 X175.018 Y88.64 E.06514
;WIPE_START
G1 F8640
G1 X175.018 Y86.14 E-.57726
G1 X175.657 Y86.273 E-.15071
G1 X175.968 Y86.253 E-.07203
;WIPE_END
G1 Z1.8 F720
G1 X139.392 Y145.697 F10800
G1 Z1.4 F720
G1 E.8 F2100
G1 F4800
G1 X139.139 Y146.074 E.01183
G1 X139.092 Y146.502 E.01122
G1 X137.478 Y146.502 E.04205
G1 X136.656 Y145.74 E.0292
G1 X136.207 Y145.469 E.01366
G1 X135.669 Y145.298 E.01471
G1 X134.8 Y145.298 E.02264
G1 X134.414 Y145.445 E.01076
G1 X133.152 Y146.502 E.04289
G1 X130.305 Y146.502 E.07418
G1 X129.483 Y145.74 E.0292
G1 X129.035 Y145.469 E.01364
G1 X128.496 Y145.298 E.01473
G1 X127.627 Y145.298 E.02264
G1 X127.241 Y145.445 E.01076
G1 X125.979 Y146.502 E.04289
G1 X123.133 Y146.502 E.07415
G1 X122.31 Y145.74 E.02922
G1 X121.862 Y145.469 E.01364
G1 X121.323 Y145.298 E.01473
G1 X120.454 Y145.298 E.02264
G1 X120.069 Y145.445 E.01074
G1 X118.806 Y146.502 E.04291
G1 X115.96 Y146.502 E.07415
G1 X115.138 Y145.74 E.0292
G1 X114.689 Y145.469 E.01366
G1 X114.151 Y145.298 E.01471
G1 X113.282 Y145.298 E.02264
G1 X112.896 Y145.445 E.01076
G1 X111.634 Y146.502 E.04289
G1 X110.908 Y146.502 E.01892
G1 X110.861 Y146.074 E.01122
G1 X110.571 Y145.642 E.01356
G1 X110.26 Y145.413 E.01006
G1 X110.681 Y145.303 E.01134
;WIPE_START
G1 F8640
G1 X110.26 Y145.413 E-.10047
G1 X110.571 Y145.642 E-.08918
G1 X110.861 Y146.074 E-.12014
G1 X110.908 Y146.502 E-.09942
G1 X111.634 Y146.502 E-.16764
G1 X112.375 Y145.882 E-.22315
;WIPE_END
G1 Z1.8 F720
G1 X103.225 Y145.365 F10800
G1 Z1.4 F720
G1 E.8 F2100
G1 F4800
G1 X103.273 Y145.386 E.00137
G1 X102.952 Y145.637 E.01062
G1 X102.659 Y146.074 E.01371
G1 X102.612 Y146.502 E.01122
G1 X101.534 Y146.502 E.02809
G1 X100.792 Y145.74 E.02771
G1 X100.344 Y145.469 E.01364
G1 X99.805 Y145.298 E.01473
G1 X98.937 Y145.298 E.02262
G1 X98.551 Y145.446 E.01077
G1 X97.443 Y146.502 E.03988
G1 X94.361 Y146.502 E.0803
G1 X93.62 Y145.74 E.02769
G1 X93.172 Y145.469 E.01364
G1 X92.633 Y145.298 E.01473
G1 X91.764 Y145.298 E.02264
G1 X91.378 Y145.446 E.01077
G1 X90.271 Y146.501 E.03984
G1 X87.188 Y146.501 E.08033
G1 X86.447 Y145.74 E.02768
G1 X85.999 Y145.469 E.01364
G1 X85.46 Y145.298 E.01473
G1 X84.591 Y145.298 E.02264
G1 X84.206 Y145.446 E.01075
G1 X83.098 Y146.501 E.03986
G1 X80.015 Y146.501 E.08033
G1 X79.275 Y145.74 E.02766
G1 X78.826 Y145.469 E.01366
G1 X78.378 Y145.311 E.01238
G1 X77.77 Y145.255 E.01591
G1 X77.481 Y145.274 E.00755
G1 X77.033 Y145.446 E.0125
G1 X75.926 Y146.5 E.03983
G1 X73.426 Y146.5 E.06514
;WIPE_START
G1 F8640
G1 X75.926 Y146.5 E-.57726
G1 X76.625 Y145.835 E-.22274
;WIPE_END
G1 Z1.8 F720
G1 X76.982 Y140.167 F10800
G1 Z1.4 F720
G1 E.8 F2100
G1 F4800
G1 X76.982 Y142.667 E.06514
G1 X76.137 Y143.453 E.03007
G1 X75.688 Y143.625 E.01253
G1 X75.24 Y143.654 E.0117
G1 X74.792 Y143.587 E.0118
G1 X74.343 Y143.43 E.01239
G1 X73.895 Y143.159 E.01364
G1 X72.78 Y142.053 E.04092
G1 X72.779 Y139.264 E.07267
G1 X73.447 Y139.867 E.02345
G1 X73.895 Y140.039 E.0125
G1 X74.343 Y140.068 E.0117
G1 X74.792 Y140.001 E.01183
G1 X75.24 Y139.844 E.01237
G1 X75.688 Y139.572 E.01366
G1 X76.982 Y138.316 E.04699
G1 X76.982 Y135.494 E.07353
G1 X76.137 Y136.281 E.03009
G1 X75.688 Y136.452 E.01252
G1 X75.24 Y136.482 E.0117
G1 X74.792 Y136.415 E.0118
G1 X74.343 Y136.258 E.01239
G1 X73.895 Y135.986 E.01366
G1 X72.779 Y134.88 E.04094
G1 X72.779 Y132.091 E.07267
G1 X73.447 Y132.694 E.02345
G1 X73.895 Y132.866 E.0125
G1 X74.343 Y132.895 E.0117
G1 X74.792 Y132.828 E.01183
G1 X75.24 Y132.671 E.01237
G1 X75.688 Y132.4 E.01364
G1 X76.982 Y131.143 E.04701
G1 X76.982 Y128.322 E.0735
G1 X76.137 Y129.108 E.03007
G1 X75.688 Y129.28 E.01253
G1 X75.24 Y129.309 E.0117
G1 X74.792 Y129.242 E.0118
G1 X74.343 Y129.085 E.01239
G1 X73.895 Y128.813 E.01366
G1 X72.779 Y127.707 E.04094
G1 X72.779 Y124.918 E.07267
G1 X73.447 Y125.522 E.02347
G1 X73.895 Y125.693 E.01249
G1 X74.343 Y125.723 E.0117
G1 X74.792 Y125.656 E.01183
G1 X75.24 Y125.499 E.01237
G1 X75.688 Y125.227 E.01366
G1 X76.982 Y123.971 E.04699
G1 X76.982 Y121.149 E.07353
G1 X76.137 Y121.935 E.03007
G1 X75.688 Y122.107 E.01253
G1 X75.24 Y122.136 E.0117
G1 X74.792 Y122.069 E.0118
G1 X74.343 Y121.912 E.01239
G1 X73.895 Y121.641 E.01364
G1 X72.779 Y120.534 E.04096
G1 X72.778 Y117.745 E.07267
G1 X73.447 Y118.349 E.02348
G1 X73.895 Y118.521 E.0125
G1 X74.343 Y118.55 E.0117
G1 X74.792 Y118.483 E.01183
G1 X75.24 Y118.326 E.01237
G1 X75.688 Y118.054 E.01366
G1 X76.982 Y116.798 E.04699
G1 X76.982 Y113.977 E.0735
G1 X76.137 Y114.763 E.03007
G1 X75.688 Y114.934 E.01252
G1 X75.24 Y114.964 E.0117
G1 X74.792 Y114.897 E.0118
G1 X74.343 Y114.74 E.01239
G1 X73.895 Y114.468 E.01366
G1 X72.778 Y113.361 E.04098
G1 X72.778 Y110.572 E.07267
G1 X73.447 Y111.176 E.02348
G1 X73.895 Y111.348 E.0125
G1 X74.343 Y111.377 E.0117
G1 X74.792 Y111.311 E.01182
G1 X75.24 Y111.153 E.01238
G1 X75.688 Y110.882 E.01364
G1 X76.982 Y109.626 E.04699
G1 X76.982 Y106.804 E.07353
G1 X76.137 Y107.59 E.03007
G1 X75.688 Y107.762 E.01253
G1 X75.24 Y107.791 E.0117
G1 X74.792 Y107.724 E.0118
G1 X74.343 Y107.567 E.01239
G1 X73.878 Y107.278 E.01427
G1 X73.878 Y104.169 E.08101
G1 X74.343 Y104.205 E.01215
G1 X74.792 Y104.138 E.01183
G1 X75.24 Y103.981 E.01237
G1 X75.688 Y103.709 E.01366
G1 X76.982 Y102.453 E.04699
G1 X76.982 Y99.631 E.07353
G1 X76.137 Y100.418 E.03009
G1 X75.688 Y100.589 E.01252
G1 X75.24 Y100.619 E.0117
G1 X74.792 Y100.552 E.0118
G1 X74.343 Y100.394 E.0124
G1 X73.895 Y100.123 E.01364
G1 X72.778 Y99.016 E.04098
G1 X72.778 Y96.227 E.07267
G1 X73.447 Y96.831 E.02348
G1 X73.895 Y97.003 E.0125
G1 X74.343 Y97.032 E.0117
G1 X74.792 Y96.965 E.01183
G1 X75.24 Y96.808 E.01237
G1 X75.688 Y96.537 E.01364
G1 X76.982 Y95.28 E.04701
G1 X76.982 Y92.459 E.0735
G1 X76.137 Y93.245 E.03007
G1 X75.688 Y93.417 E.01253
G1 X75.24 Y93.446 E.0117
G1 X74.792 Y93.379 E.0118
G1 X74.343 Y93.222 E.01239
G1 X73.895 Y92.95 E.01366
G1 X72.778 Y91.843 E.04098
G1 X72.779 Y89.054 E.07267
G1 X73.447 Y89.659 E.02348
G1 X73.895 Y89.83 E.01249
G1 X74.343 Y89.86 E.0117
G1 X74.792 Y89.793 E.01183
G1 X75.24 Y89.636 E.01237
G1 X75.688 Y89.364 E.01366
G1 X76.982 Y88.108 E.04699
G1 X76.982 Y85.286 E.07353
G1 X76.137 Y86.072 E.03007
G1 X75.688 Y86.244 E.01253
G1 X75.24 Y86.273 E.0117
G1 X74.792 Y86.206 E.0118
G1 X74.343 Y86.049 E.01239
G1 X73.895 Y85.778 E.01364
G1 X72.779 Y84.671 E.04096
G1 X72.779 Y81.882 E.07267
G1 X73.447 Y82.486 E.02347
G1 X73.895 Y82.658 E.0125
G1 X74.343 Y82.687 E.0117
G1 X74.792 Y82.62 E.01183
G1 X75.24 Y82.463 E.01237
G1 X75.688 Y82.191 E.01366
G1 X76.585 Y81.27 E.0335
G1 X77.033 Y80.892 E.01527
G1 X77.481 Y80.72 E.0125
G1 X77.93 Y80.691 E.01172
G1 X78.378 Y80.758 E.0118
G1 X78.826 Y80.915 E.01237
G1 X79.275 Y81.187 E.01368
G1 X80.171 Y82.108 E.03348
G1 X80.619 Y82.486 E.01527
G1 X81.068 Y82.658 E.01253
G1 X81.516 Y82.687 E.0117
G1 X81.964 Y82.62 E.0118
G1 X82.413 Y82.463 E.01239
G1 X82.861 Y82.191 E.01366
G1 X83.758 Y81.27 E.0335
G1 X84.206 Y80.892 E.01527
G1 X84.654 Y80.72 E.0125
G1 X85.102 Y80.691 E.0117
G1 X85.551 Y80.758 E.01183
G1 X85.999 Y80.915 E.01237
G1 X86.447 Y81.187 E.01366
G1 X87.344 Y82.108 E.0335
G1 X87.792 Y82.486 E.01527
G1 X88.24 Y82.658 E.0125
G1 X88.689 Y82.687 E.01172
G1 X89.137 Y82.62 E.0118
G1 X89.585 Y82.463 E.01237
G1 X90.034 Y82.191 E.01368
G1 X90.93 Y81.27 E.03348
G1 X91.378 Y80.892 E.01527
G1 X91.827 Y80.72 E.01253
G1 X92.275 Y80.691 E.0117
G1 X92.723 Y80.758 E.0118
G1 X93.172 Y80.915 E.01239
G1 X93.62 Y81.187 E.01366
G1 X94.516 Y82.108 E.03348
G1 X94.965 Y82.486 E.01529
G1 X95.413 Y82.658 E.0125
G1 X95.861 Y82.687 E.0117
G1 X96.31 Y82.62 E.01183
G1 X96.758 Y82.463 E.01237
G1 X97.206 Y82.191 E.01366
G1 X98.103 Y81.27 E.0335
G1 X98.551 Y80.892 E.01527
G1 X98.999 Y80.72 E.0125
G1 X99.448 Y80.691 E.01172
G1 X99.896 Y80.758 E.0118
G1 X100.344 Y80.915 E.01237
G1 X100.792 Y81.187 E.01366
G1 X101.689 Y82.108 E.0335
G1 X102.137 Y82.486 E.01527
G1 X102.586 Y82.658 E.01253
G1 X103.034 Y82.687 E.0117
G1 X103.482 Y82.62 E.0118
G1 X103.93 Y82.463 E.01237
G1 X104.379 Y82.191 E.01368
G1 X105.275 Y81.27 E.03348
G1 X105.724 Y80.892 E.01529
G1 X106.172 Y80.72 E.0125
G1 X106.62 Y80.691 E.0117
G1 X107.069 Y80.758 E.01183
G1 X107.517 Y80.915 E.01237
G1 X107.965 Y81.187 E.01366
G1 X108.862 Y82.108 E.0335
G1 X109.31 Y82.486 E.01527
G1 X109.758 Y82.658 E.0125
G1 X110.207 Y82.687 E.01172
G1 X110.655 Y82.62 E.0118
G1 X111.103 Y82.463 E.01237
G1 X111.551 Y82.191 E.01366
G1 X112.448 Y81.27 E.0335
G1 X112.896 Y80.892 E.01527
G1 X113.345 Y80.72 E.01253
G1 X113.793 Y80.691 E.0117
G1 X114.241 Y80.758 E.0118
G1 X114.689 Y80.915 E.01237
G1 X115.138 Y81.187 E.01368
G1 X116.034 Y82.108 E.03348
G1 X116.483 Y82.486 E.01529
G1 X116.931 Y82.658 E.0125
G1 X117.379 Y82.687 E.0117
G1 X117.827 Y82.62 E.0118
G1 X118.276 Y82.463 E.01239
G1 X118.724 Y82.191 E.01366
G1 X119.621 Y81.27 E.0335
G1 X120.069 Y80.892 E.01527
G1 X120.517 Y80.72 E.0125
G1 X120.965 Y80.691 E.0117
G1 X121.414 Y80.758 E.01183
G1 X121.862 Y80.915 E.01237
G1 X122.31 Y81.187 E.01366
G1 X123.207 Y82.108 E.0335
G1 X123.655 Y82.486 E.01527
M73 P42 R31
G1 X124.103 Y82.658 E.0125
G1 X124.552 Y82.687 E.01172
G1 X125 Y82.62 E.0118
G1 X125.448 Y82.463 E.01237
G1 X125.897 Y82.191 E.01368
G1 X126.793 Y81.27 E.03348
G1 X127.241 Y80.892 E.01527
G1 X127.69 Y80.72 E.01253
G1 X128.138 Y80.691 E.0117
G1 X128.586 Y80.758 E.0118
G1 X129.035 Y80.915 E.01239
G1 X129.483 Y81.187 E.01366
G1 X130.379 Y82.108 E.03348
G1 X130.828 Y82.486 E.01529
G1 X131.276 Y82.658 E.0125
G1 X131.724 Y82.687 E.0117
G1 X132.173 Y82.62 E.01183
G1 X132.621 Y82.463 E.01237
G1 X133.069 Y82.191 E.01366
G1 X133.966 Y81.27 E.0335
G1 X134.414 Y80.892 E.01527
G1 X134.862 Y80.72 E.0125
G1 X135.311 Y80.691 E.01172
G1 X135.759 Y80.758 E.0118
G1 X136.207 Y80.915 E.01237
G1 X136.656 Y81.187 E.01368
G1 X137.552 Y82.108 E.03348
G1 X138 Y82.486 E.01527
G1 X138.449 Y82.658 E.01253
G1 X138.897 Y82.687 E.0117
G1 X139.345 Y82.62 E.0118
G1 X139.794 Y82.463 E.01239
G1 X140.242 Y82.191 E.01366
G1 X141.138 Y81.27 E.03348
G1 X141.587 Y80.892 E.01529
G1 X142.035 Y80.72 E.0125
G1 X142.483 Y80.691 E.0117
G1 X142.932 Y80.758 E.01183
G1 X143.38 Y80.915 E.01237
G1 X143.828 Y81.187 E.01366
G1 X144.725 Y82.108 E.0335
G1 X145.173 Y82.486 E.01527
G1 X145.621 Y82.658 E.0125
G1 X146.07 Y82.687 E.01172
G1 X146.518 Y82.62 E.0118
G1 X146.966 Y82.463 E.01237
G1 X147.414 Y82.191 E.01366
G1 X148.311 Y81.27 E.0335
G1 X148.759 Y80.892 E.01527
G1 X149.208 Y80.72 E.01253
G1 X149.656 Y80.691 E.0117
G1 X150.104 Y80.758 E.0118
G1 X150.552 Y80.915 E.01237
G1 X151.001 Y81.187 E.01368
G1 X151.897 Y82.108 E.03348
G1 X152.346 Y82.486 E.01529
G1 X152.794 Y82.658 E.0125
G1 X153.242 Y82.687 E.0117
G1 X153.69 Y82.62 E.0118
G1 X154.139 Y82.463 E.01239
G1 X154.587 Y82.191 E.01366
G1 X155.484 Y81.27 E.0335
G1 X155.932 Y80.892 E.01527
G1 X156.38 Y80.72 E.0125
G1 X156.828 Y80.691 E.0117
G1 X157.277 Y80.758 E.01183
G1 X157.725 Y80.915 E.01237
G1 X158.173 Y81.187 E.01366
G1 X159.07 Y82.108 E.0335
G1 X159.518 Y82.486 E.01527
G1 X159.967 Y82.658 E.01253
G1 X160.415 Y82.687 E.0117
G1 X160.863 Y82.62 E.0118
G1 X161.311 Y82.463 E.01237
G1 X161.76 Y82.191 E.01368
G1 X162.656 Y81.27 E.03348
G1 X163.105 Y80.892 E.01529
G1 X163.553 Y80.72 E.0125
G1 X164.001 Y80.691 E.0117
G1 X164.449 Y80.758 E.0118
G1 X164.898 Y80.915 E.01239
G1 X165.346 Y81.187 E.01366
G1 X166.243 Y82.108 E.0335
G1 X166.691 Y82.486 E.01527
G1 X167.139 Y82.658 E.0125
G1 X167.587 Y82.687 E.0117
G1 X168.036 Y82.62 E.01183
G1 X168.484 Y82.463 E.01237
G1 X168.932 Y82.191 E.01366
G1 X169.829 Y81.27 E.0335
G1 X170.277 Y80.892 E.01527
G1 X170.725 Y80.72 E.0125
G1 X171.174 Y80.691 E.01172
G1 X171.622 Y80.758 E.0118
G1 X172.07 Y80.915 E.01237
G1 X172.519 Y81.187 E.01368
G1 X173.415 Y82.108 E.03348
G1 X173.863 Y82.486 E.01527
G1 X174.312 Y82.658 E.01253
G1 X174.76 Y82.687 E.0117
G1 X175.208 Y82.62 E.0118
G1 X175.657 Y82.463 E.01239
G1 X176.105 Y82.191 E.01366
G1 X177.221 Y81.085 E.04094
G1 X177.221 Y78.296 E.07267
G1 X176.553 Y78.9 E.02347
G1 X176.105 Y79.071 E.01249
G1 X175.657 Y79.101 E.0117
G1 X175.208 Y79.034 E.01183
G1 X174.76 Y78.877 E.01237
G1 X174.312 Y78.605 E.01366
G1 X173.415 Y77.684 E.0335
G1 X172.967 Y77.306 E.01527
G1 X172.519 Y77.134 E.0125
G1 X172.07 Y77.105 E.01172
G1 X171.622 Y77.172 E.0118
G1 X171.174 Y77.329 E.01237
G1 X170.725 Y77.6 E.01366
G1 X169.829 Y78.522 E.0335
G1 X169.381 Y78.9 E.01527
G1 X168.932 Y79.071 E.01252
G1 X168.484 Y79.101 E.0117
G1 X168.036 Y79.034 E.0118
G1 X167.587 Y78.877 E.01239
G1 X167.139 Y78.605 E.01366
G1 X166.243 Y77.684 E.03348
G1 X165.794 Y77.306 E.01529
G1 X165.346 Y77.134 E.0125
G1 X164.898 Y77.105 E.0117
G1 X164.449 Y77.172 E.01183
G1 X164.001 Y77.329 E.01237
G1 X163.553 Y77.6 E.01364
G1 X162.656 Y78.522 E.03352
G1 X162.208 Y78.9 E.01527
G1 X161.76 Y79.071 E.01249
G1 X161.311 Y79.101 E.01173
G1 X160.863 Y79.034 E.0118
G1 X160.415 Y78.877 E.01237
G1 X159.967 Y78.605 E.01366
G1 X159.07 Y77.684 E.0335
G1 X158.622 Y77.306 E.01527
G1 X158.173 Y77.134 E.01253
G1 X157.725 Y77.105 E.0117
G1 X157.277 Y77.172 E.0118
G1 X156.828 Y77.329 E.01239
G1 X156.38 Y77.6 E.01364
G1 X155.484 Y78.522 E.0335
G1 X155.035 Y78.9 E.01529
G1 X154.587 Y79.071 E.01249
G1 X154.139 Y79.101 E.0117
G1 X153.69 Y79.034 E.01183
G1 X153.242 Y78.877 E.01237
G1 X152.794 Y78.605 E.01366
G1 X151.897 Y77.684 E.0335
G1 X151.449 Y77.306 E.01527
G1 X151.001 Y77.134 E.0125
G1 X150.552 Y77.105 E.01172
G1 X150.104 Y77.172 E.0118
G1 X149.656 Y77.329 E.01237
G1 X149.208 Y77.6 E.01364
G1 X148.311 Y78.522 E.03352
G1 X147.863 Y78.9 E.01527
G1 X147.414 Y79.071 E.01252
G1 X146.966 Y79.101 E.0117
G1 X146.518 Y79.034 E.0118
G1 X146.07 Y78.877 E.01237
G1 X145.621 Y78.605 E.01368
G1 X144.725 Y77.684 E.03348
G1 X144.276 Y77.306 E.01529
G1 X143.828 Y77.134 E.0125
G1 X143.38 Y77.105 E.0117
G1 X142.932 Y77.172 E.0118
G1 X142.483 Y77.329 E.01239
G1 X142.035 Y77.6 E.01364
G1 X141.138 Y78.522 E.03352
G1 X140.69 Y78.9 E.01527
G1 X140.242 Y79.071 E.01249
G1 X139.794 Y79.101 E.0117
G1 X139.345 Y79.034 E.01183
G1 X138.897 Y78.877 E.01237
G1 X138.449 Y78.605 E.01366
G1 X137.552 Y77.684 E.0335
G1 X137.104 Y77.306 E.01527
G1 X136.656 Y77.134 E.0125
G1 X136.207 Y77.105 E.01172
G1 X135.759 Y77.172 E.0118
G1 X135.311 Y77.329 E.01237
G1 X134.862 Y77.6 E.01366
G1 X133.966 Y78.522 E.0335
G1 X133.518 Y78.9 E.01527
G1 X133.069 Y79.071 E.01252
G1 X132.621 Y79.101 E.0117
G1 X132.173 Y79.034 E.0118
G1 X131.724 Y78.877 E.01239
G1 X131.276 Y78.605 E.01366
G1 X130.379 Y77.684 E.0335
G1 X129.931 Y77.306 E.01527
G1 X129.483 Y77.134 E.0125
G1 X129.035 Y77.105 E.0117
G1 X128.586 Y77.172 E.01183
G1 X128.138 Y77.329 E.01237
G1 X127.69 Y77.6 E.01364
G1 X126.793 Y78.522 E.03352
G1 X126.345 Y78.9 E.01527
G1 X125.897 Y79.071 E.01249
G1 X125.448 Y79.101 E.01173
G1 X125 Y79.034 E.0118
G1 X124.552 Y78.877 E.01237
G1 X124.103 Y78.605 E.01368
G1 X123.207 Y77.684 E.03348
G1 X122.759 Y77.306 E.01527
G1 X122.31 Y77.134 E.01253
G1 X121.862 Y77.105 E.0117
G1 X121.414 Y77.172 E.0118
G1 X120.965 Y77.329 E.01239
G1 X120.517 Y77.6 E.01364
G1 X119.621 Y78.522 E.0335
G1 X119.172 Y78.9 E.01529
G1 X118.724 Y79.071 E.01249
G1 X118.276 Y79.101 E.0117
G1 X117.827 Y79.034 E.01183
G1 X117.379 Y78.877 E.01237
G1 X116.931 Y78.605 E.01366
G1 X116.034 Y77.684 E.0335
G1 X115.586 Y77.306 E.01527
G1 X115.138 Y77.134 E.0125
G1 X114.689 Y77.105 E.01172
G1 X114.241 Y77.172 E.0118
G1 X113.793 Y77.329 E.01237
G1 X113.345 Y77.6 E.01364
G1 X112.448 Y78.522 E.03352
G1 X112 Y78.9 E.01527
G1 X111.551 Y79.071 E.01252
G1 X111.103 Y79.101 E.0117
G1 X110.655 Y79.034 E.0118
G1 X110.207 Y78.877 E.01237
G1 X109.758 Y78.605 E.01368
G1 X108.862 Y77.684 E.03348
G1 X108.413 Y77.306 E.01529
G1 X107.965 Y77.134 E.0125
G1 X107.517 Y77.105 E.0117
G1 X107.069 Y77.172 E.0118
G1 X106.62 Y77.329 E.01239
G1 X106.172 Y77.6 E.01364
G1 X105.275 Y78.522 E.03352
G1 X104.827 Y78.9 E.01527
G1 X104.379 Y79.071 E.01249
G1 X103.93 Y79.101 E.01173
G1 X103.482 Y79.034 E.0118
G1 X103.034 Y78.877 E.01237
G1 X102.586 Y78.605 E.01366
M73 Q43 S32
G1 X101.689 Y77.684 E.0335
G1 X101.241 Y77.306 E.01527
G1 X100.792 Y77.134 E.01253
G1 X100.344 Y77.105 E.0117
G1 X99.896 Y77.172 E.0118
G1 X99.448 Y77.329 E.01237
G1 X98.999 Y77.6 E.01366
G1 X98.103 Y78.522 E.0335
G1 X97.654 Y78.9 E.01529
G1 X97.206 Y79.071 E.01249
G1 X96.758 Y79.101 E.0117
G1 X96.31 Y79.034 E.0118
G1 X95.861 Y78.877 E.01239
G1 X95.413 Y78.605 E.01366
G1 X94.516 Y77.684 E.0335
G1 X94.068 Y77.306 E.01527
G1 X93.62 Y77.134 E.0125
G1 X93.172 Y77.105 E.0117
G1 X92.723 Y77.172 E.01183
G1 X92.275 Y77.329 E.01237
G1 X91.827 Y77.6 E.01364
G1 X90.93 Y78.522 E.03352
G1 X90.482 Y78.9 E.01527
G1 X90.034 Y79.071 E.01249
G1 X89.585 Y79.101 E.01173
G1 X89.137 Y79.034 E.0118
G1 X88.689 Y78.877 E.01237
G1 X88.24 Y78.605 E.01368
G1 X87.344 Y77.684 E.03348
G1 X86.896 Y77.306 E.01527
G1 X86.447 Y77.134 E.01253
G1 X85.999 Y77.105 E.0117
G1 X85.551 Y77.172 E.0118
G1 X85.102 Y77.329 E.01239
G1 X84.654 Y77.6 E.01364
G1 X83.758 Y78.522 E.0335
G1 X83.309 Y78.9 E.01529
G1 X82.861 Y79.071 E.01249
G1 X82.413 Y79.101 E.0117
G1 X81.964 Y79.034 E.01183
G1 X81.516 Y78.877 E.01237
G1 X81.068 Y78.605 E.01366
G1 X80.171 Y77.684 E.0335
G1 X79.723 Y77.306 E.01527
M73 P43 R31
G1 X79.275 Y77.134 E.0125
G1 X78.826 Y77.105 E.01172
G1 X78.378 Y77.172 E.0118
G1 X77.93 Y77.329 E.01237
G1 X77.481 Y77.6 E.01366
G1 X76.585 Y78.522 E.0335
G1 X76.137 Y78.9 E.01527
G1 X75.688 Y79.071 E.01252
G1 X75.24 Y79.101 E.0117
G1 X74.792 Y79.034 E.0118
G1 X74.343 Y78.877 E.01239
G1 X73.895 Y78.605 E.01366
G1 X72.779 Y77.499 E.04094
G1 X72.779 Y74.71 E.07267
G1 X73.447 Y75.313 E.02345
G1 X73.895 Y75.485 E.0125
G1 X74.343 Y75.514 E.0117
G1 X74.792 Y75.448 E.01182
G1 X75.24 Y75.29 E.01238
G1 X75.688 Y75.019 E.01364
G1 X76.585 Y74.098 E.0335
G1 X77.033 Y73.719 E.01529
G1 X77.481 Y73.548 E.01249
G1 X77.93 Y73.518 E.01173
G1 X78.378 Y73.585 E.0118
G1 X78.826 Y73.743 E.01238
G1 X79.275 Y74.014 E.01366
G1 X80.171 Y74.935 E.03348
G1 X80.619 Y75.313 E.01527
G1 X81.068 Y75.485 E.01253
G1 X81.516 Y75.514 E.0117
G1 X81.964 Y75.448 E.0118
G1 X82.413 Y75.29 E.0124
G1 X82.861 Y75.019 E.01364
G1 X83.758 Y74.098 E.0335
G1 X84.206 Y73.719 E.01529
G1 X84.654 Y73.548 E.01249
G1 X85.102 Y73.518 E.0117
G1 X85.551 Y73.585 E.01183
G1 X85.999 Y73.743 E.01238
G1 X86.447 Y74.014 E.01364
G1 X87.344 Y74.935 E.0335
G1 X87.792 Y75.313 E.01527
G1 X88.24 Y75.485 E.0125
G1 X88.689 Y75.514 E.01172
G1 X89.137 Y75.448 E.0118
G1 X89.585 Y75.29 E.01238
G1 X90.034 Y75.019 E.01366
G1 X90.93 Y74.098 E.03348
G1 X91.378 Y73.719 E.01529
G1 X91.827 Y73.548 E.01252
G1 X92.275 Y73.518 E.0117
G1 X92.723 Y73.585 E.0118
G1 X93.172 Y73.743 E.0124
G1 X93.62 Y74.014 E.01364
G1 X94.516 Y74.935 E.03348
G1 X94.965 Y75.313 E.01529
G1 X95.413 Y75.485 E.0125
G1 X95.861 Y75.514 E.0117
G1 X96.31 Y75.448 E.01182
G1 X96.758 Y75.29 E.01238
G1 X97.206 Y75.019 E.01364
G1 X98.103 Y74.098 E.0335
G1 X98.551 Y73.719 E.01529
G1 X98.999 Y73.548 E.01249
G1 X99.448 Y73.518 E.01173
G1 X99.896 Y73.585 E.0118
G1 X100.344 Y73.743 E.01238
G1 X100.792 Y74.014 E.01364
G1 X101.689 Y74.935 E.0335
G1 X102.137 Y75.313 E.01527
G1 X102.586 Y75.485 E.01253
G1 X103.034 Y75.514 E.0117
G1 X103.482 Y75.448 E.0118
G1 X103.93 Y75.29 E.01238
G1 X104.379 Y75.019 E.01366
G1 X105.275 Y74.098 E.03348
G1 X105.724 Y73.719 E.01531
G1 X106.172 Y73.548 E.01249
G1 X106.62 Y73.518 E.0117
G1 X107.069 Y73.585 E.01183
G1 X107.517 Y73.743 E.01238
G1 X107.965 Y74.014 E.01364
G1 X108.862 Y74.935 E.0335
G1 X109.31 Y75.313 E.01527
G1 X109.758 Y75.485 E.0125
G1 X110.207 Y75.514 E.01172
G1 X110.655 Y75.448 E.0118
G1 X111.103 Y75.29 E.01238
G1 X111.551 Y75.019 E.01364
G1 X112.448 Y74.098 E.0335
G1 X112.896 Y73.719 E.01529
G1 X113.345 Y73.548 E.01252
G1 X113.793 Y73.518 E.0117
G1 X114.241 Y73.585 E.0118
G1 X114.689 Y73.743 E.01238
G1 X115.138 Y74.014 E.01366
G1 X116.034 Y74.935 E.03348
G1 X116.483 Y75.313 E.01529
G1 X116.931 Y75.485 E.0125
G1 X117.379 Y75.514 E.0117
G1 X117.827 Y75.448 E.0118
G1 X118.276 Y75.29 E.0124
G1 X118.724 Y75.019 E.01364
G1 X119.621 Y74.098 E.0335
G1 X120.069 Y73.719 E.01529
G1 X120.517 Y73.548 E.01249
G1 X120.965 Y73.518 E.0117
G1 X121.414 Y73.585 E.01183
G1 X121.862 Y73.743 E.01238
G1 X122.31 Y74.014 E.01364
G1 X123.207 Y74.935 E.0335
G1 X123.655 Y75.313 E.01527
G1 X124.103 Y75.485 E.0125
G1 X124.552 Y75.514 E.01172
G1 X125 Y75.448 E.0118
G1 X125.448 Y75.29 E.01238
G1 X125.897 Y75.019 E.01366
G1 X126.793 Y74.098 E.03348
G1 X127.241 Y73.719 E.01529
G1 X127.69 Y73.548 E.01252
G1 X128.138 Y73.518 E.0117
G1 X128.586 Y73.585 E.0118
G1 X129.035 Y73.743 E.0124
G1 X129.483 Y74.014 E.01364
G1 X130.379 Y74.935 E.03348
G1 X130.828 Y75.313 E.01529
G1 X131.276 Y75.485 E.0125
G1 X131.724 Y75.514 E.0117
G1 X132.173 Y75.448 E.01182
G1 X132.621 Y75.29 E.01238
G1 X133.069 Y75.019 E.01364
G1 X133.966 Y74.098 E.0335
G1 X134.414 Y73.719 E.01529
G1 X134.862 Y73.548 E.01249
G1 X135.311 Y73.518 E.01173
G1 X135.759 Y73.585 E.0118
G1 X136.207 Y73.743 E.01238
G1 X136.656 Y74.014 E.01366
G1 X137.552 Y74.935 E.03348
G1 X138 Y75.313 E.01527
G1 X138.449 Y75.485 E.01253
G1 X138.897 Y75.514 E.0117
G1 X139.345 Y75.448 E.0118
G1 X139.794 Y75.29 E.0124
G1 X140.242 Y75.019 E.01364
G1 X141.138 Y74.098 E.03348
G1 X141.587 Y73.719 E.01531
G1 X142.035 Y73.548 E.01249
G1 X142.483 Y73.518 E.0117
G1 X142.932 Y73.585 E.01183
G1 X143.38 Y73.743 E.01238
G1 X143.828 Y74.014 E.01364
G1 X144.725 Y74.935 E.0335
G1 X145.173 Y75.313 E.01527
G1 X145.621 Y75.485 E.0125
G1 X146.07 Y75.514 E.01172
G1 X146.518 Y75.448 E.0118
G1 X146.966 Y75.29 E.01238
G1 X147.414 Y75.019 E.01364
G1 X148.311 Y74.098 E.0335
G1 X148.759 Y73.719 E.01529
G1 X149.208 Y73.548 E.01252
G1 X149.656 Y73.518 E.0117
G1 X150.104 Y73.585 E.0118
G1 X150.552 Y73.743 E.01238
G1 X151.001 Y74.014 E.01366
G1 X151.897 Y74.935 E.03348
G1 X152.346 Y75.313 E.01529
G1 X152.794 Y75.485 E.0125
G1 X153.242 Y75.514 E.0117
G1 X153.69 Y75.448 E.0118
G1 X154.139 Y75.29 E.0124
G1 X154.587 Y75.019 E.01364
G1 X155.484 Y74.098 E.0335
G1 X155.932 Y73.719 E.01529
G1 X156.38 Y73.548 E.01249
G1 X156.828 Y73.518 E.0117
G1 X157.277 Y73.585 E.01183
G1 X157.725 Y73.743 E.01238
G1 X158.173 Y74.014 E.01364
G1 X159.07 Y74.935 E.0335
G1 X159.518 Y75.313 E.01527
G1 X159.967 Y75.485 E.01253
G1 X160.415 Y75.514 E.0117
G1 X160.863 Y75.448 E.0118
G1 X161.311 Y75.29 E.01238
G1 X161.76 Y75.019 E.01366
G1 X162.656 Y74.098 E.03348
G1 X163.105 Y73.719 E.01531
G1 X163.553 Y73.548 E.01249
G1 X164.001 Y73.518 E.0117
G1 X164.449 Y73.585 E.0118
G1 X164.898 Y73.743 E.0124
G1 X165.346 Y74.014 E.01364
G1 X166.243 Y74.935 E.0335
G1 X166.691 Y75.313 E.01527
G1 X167.139 Y75.485 E.0125
G1 X167.587 Y75.514 E.0117
G1 X168.036 Y75.448 E.01182
G1 X168.484 Y75.29 E.01238
G1 X168.932 Y75.019 E.01364
G1 X169.829 Y74.098 E.0335
G1 X170.277 Y73.719 E.01529
G1 X170.725 Y73.548 E.01249
G1 X171.174 Y73.518 E.01173
G1 X171.622 Y73.585 E.0118
G1 X172.07 Y73.743 E.01238
G1 X172.519 Y74.014 E.01366
G1 X173.415 Y74.935 E.03348
G1 X173.863 Y75.313 E.01527
G1 X174.312 Y75.485 E.01253
G1 X174.76 Y75.514 E.0117
G1 X175.208 Y75.448 E.0118
G1 X175.657 Y75.29 E.0124
G1 X176.105 Y75.019 E.01364
G1 X177.221 Y73.913 E.04094
G1 X177.221 Y71.124 E.07267
G1 X176.553 Y71.727 E.02345
G1 X176.105 Y71.899 E.0125
G1 X175.657 Y71.928 E.0117
G1 X175.208 Y71.861 E.01183
G1 X174.76 Y71.704 E.01237
G1 X174.312 Y71.432 E.01366
G1 X173.415 Y70.511 E.0335
G1 X172.967 Y70.133 E.01527
G1 X172.519 Y69.962 E.01249
G1 X172.07 Y69.932 E.01173
G1 X171.622 Y69.999 E.0118
G1 X171.174 Y70.156 E.01237
G1 X170.725 Y70.428 E.01368
G1 X169.829 Y71.349 E.03348
G1 X169.381 Y71.727 E.01527
G1 X168.932 Y71.899 E.01253
G1 X168.484 Y71.928 E.0117
G1 X168.036 Y71.861 E.0118
G1 X167.587 Y71.704 E.01239
G1 X167.139 Y71.432 E.01366
G1 X166.243 Y70.511 E.03348
G1 X165.794 Y70.133 E.01529
G1 X165.346 Y69.962 E.01249
G1 X164.898 Y69.932 E.0117
G1 X164.449 Y69.999 E.01183
G1 X164.001 Y70.156 E.01237
G1 X163.553 Y70.428 E.01366
G1 X162.656 Y71.349 E.0335
G1 X162.208 Y71.727 E.01527
G1 X161.76 Y71.899 E.0125
G1 X161.311 Y71.928 E.01172
G1 X160.863 Y71.861 E.0118
G1 X160.415 Y71.704 E.01237
G1 X159.967 Y71.432 E.01366
G1 X159.07 Y70.511 E.0335
G1 X158.622 Y70.133 E.01527
G1 X158.173 Y69.962 E.01252
G1 X157.725 Y69.932 E.0117
G1 X157.277 Y69.999 E.0118
G1 X156.828 Y70.156 E.01239
G1 X156.38 Y70.428 E.01366
G1 X155.484 Y71.349 E.03348
G1 X155.035 Y71.727 E.01529
G1 X154.587 Y71.899 E.0125
G1 X154.139 Y71.928 E.0117
G1 X153.69 Y71.861 E.01183
G1 X153.242 Y71.704 E.01237
G1 X152.794 Y71.432 E.01366
G1 X151.897 Y70.511 E.0335
G1 X151.449 Y70.133 E.01527
G1 X151.001 Y69.962 E.01249
G1 X150.552 Y69.932 E.01173
G1 X150.104 Y69.999 E.0118
G1 X149.656 Y70.156 E.01237
G1 X149.208 Y70.428 E.01366
G1 X148.311 Y71.349 E.0335
G1 X147.863 Y71.727 E.01527
G1 X147.414 Y71.899 E.01253
G1 X146.966 Y71.928 E.0117
G1 X146.518 Y71.861 E.0118
G1 X146.07 Y71.704 E.01237
G1 X145.621 Y71.432 E.01368
G1 X144.725 Y70.511 E.03348
G1 X144.276 Y70.133 E.01529
G1 X143.828 Y69.962 E.01249
G1 X143.38 Y69.932 E.0117
G1 X142.932 Y69.999 E.0118
G1 X142.483 Y70.156 E.01239
G1 X142.035 Y70.428 E.01366
G1 X141.138 Y71.349 E.0335
G1 X140.69 Y71.727 E.01527
G1 X140.242 Y71.899 E.0125
G1 X139.794 Y71.928 E.0117
G1 X139.345 Y71.861 E.01183
G1 X138.897 Y71.704 E.01237
G1 X138.449 Y71.432 E.01366
G1 X137.552 Y70.511 E.0335
G1 X137.104 Y70.133 E.01527
G1 X136.656 Y69.962 E.01249
G1 X136.207 Y69.932 E.01173
G1 X135.759 Y69.999 E.0118
G1 X135.311 Y70.156 E.01237
G1 X134.862 Y70.428 E.01368
G1 X133.966 Y71.349 E.03348
G1 X133.518 Y71.727 E.01527
G1 X133.069 Y71.899 E.01253
G1 X132.621 Y71.928 E.0117
G1 X132.173 Y71.861 E.0118
G1 X131.724 Y71.704 E.01239
G1 X131.276 Y71.432 E.01366
G1 X130.379 Y70.511 E.0335
G1 X129.931 Y70.133 E.01527
G1 X129.483 Y69.962 E.01249
G1 X129.035 Y69.932 E.0117
G1 X128.586 Y69.999 E.01183
G1 X128.138 Y70.156 E.01237
G1 X127.69 Y70.428 E.01366
G1 X126.793 Y71.349 E.0335
G1 X126.345 Y71.727 E.01527
G1 X125.897 Y71.899 E.0125
G1 X125.448 Y71.928 E.01172
G1 X125 Y71.861 E.0118
G1 X124.552 Y71.704 E.01237
G1 X124.103 Y71.432 E.01368
G1 X123.207 Y70.511 E.03348
G1 X122.759 Y70.133 E.01527
G1 X122.31 Y69.962 E.01252
G1 X121.862 Y69.932 E.0117
G1 X121.414 Y69.999 E.0118
G1 X120.965 Y70.156 E.01239
G1 X120.517 Y70.428 E.01366
G1 X119.621 Y71.349 E.03348
G1 X119.172 Y71.727 E.01529
G1 X118.724 Y71.899 E.0125
G1 X118.276 Y71.928 E.0117
G1 X117.827 Y71.861 E.01183
G1 X117.379 Y71.704 E.01237
G1 X116.931 Y71.432 E.01366
G1 X116.034 Y70.511 E.0335
G1 X115.586 Y70.133 E.01527
G1 X115.138 Y69.962 E.01249
G1 X114.689 Y69.932 E.01173
G1 X114.241 Y69.999 E.0118
G1 X113.793 Y70.156 E.01237
G1 X113.345 Y70.428 E.01366
G1 X112.448 Y71.349 E.0335
G1 X112 Y71.727 E.01527
G1 X111.551 Y71.899 E.01253
G1 X111.103 Y71.928 E.0117
G1 X110.655 Y71.861 E.0118
G1 X110.207 Y71.704 E.01237
G1 X109.758 Y71.432 E.01368
G1 X108.862 Y70.511 E.03348
G1 X108.413 Y70.133 E.01529
G1 X107.965 Y69.962 E.01249
G1 X107.517 Y69.932 E.0117
G1 X107.069 Y69.999 E.0118
G1 X106.62 Y70.156 E.01239
G1 X106.172 Y70.428 E.01366
G1 X105.275 Y71.349 E.0335
G1 X104.827 Y71.727 E.01527
G1 X104.379 Y71.899 E.0125
G1 X103.93 Y71.928 E.01172
G1 X103.482 Y71.861 E.0118
G1 X103.034 Y71.704 E.01237
G1 X102.586 Y71.432 E.01366
G1 X101.689 Y70.511 E.0335
G1 X101.241 Y70.133 E.01527
G1 X100.792 Y69.962 E.01252
G1 X100.344 Y69.932 E.0117
G1 X99.896 Y69.999 E.0118
G1 X99.448 Y70.156 E.01237
G1 X98.999 Y70.428 E.01368
G1 X98.103 Y71.349 E.03348
G1 X97.654 Y71.727 E.01529
G1 X97.206 Y71.899 E.0125
G1 X96.758 Y71.928 E.0117
G1 X96.31 Y71.861 E.0118
G1 X95.861 Y71.704 E.01239
G1 X95.413 Y71.432 E.01366
G1 X94.516 Y70.511 E.0335
G1 X94.068 Y70.133 E.01527
G1 X93.62 Y69.962 E.01249
G1 X93.172 Y69.932 E.0117
G1 X92.723 Y69.999 E.01183
G1 X92.275 Y70.156 E.01237
G1 X91.827 Y70.428 E.01366
G1 X90.93 Y71.349 E.0335
G1 X90.482 Y71.727 E.01527
G1 X90.034 Y71.899 E.0125
G1 X89.585 Y71.928 E.01172
G1 X89.137 Y71.861 E.0118
G1 X88.689 Y71.704 E.01237
G1 X88.24 Y71.432 E.01368
G1 X87.344 Y70.511 E.03348
G1 X86.896 Y70.133 E.01527
G1 X86.447 Y69.962 E.01252
G1 X85.999 Y69.932 E.0117
G1 X85.551 Y69.999 E.0118
G1 X85.102 Y70.156 E.01239
G1 X84.654 Y70.428 E.01366
G1 X83.758 Y71.349 E.03348
G1 X83.309 Y71.727 E.01529
G1 X82.861 Y71.899 E.0125
G1 X82.413 Y71.928 E.0117
G1 X81.964 Y71.861 E.01183
G1 X81.516 Y71.704 E.01237
G1 X81.068 Y71.432 E.01366
G1 X80.171 Y70.511 E.0335
G1 X79.723 Y70.133 E.01527
G1 X79.275 Y69.962 E.01249
G1 X78.826 Y69.932 E.01173
G1 X78.378 Y69.999 E.0118
G1 X77.93 Y70.156 E.01237
G1 X77.481 Y70.428 E.01368
G1 X76.585 Y71.349 E.03348
G1 X76.137 Y71.727 E.01527
G1 X75.688 Y71.899 E.01253
G1 X75.24 Y71.928 E.0117
G1 X74.792 Y71.861 E.0118
G1 X74.343 Y71.704 E.01239
G1 X73.895 Y71.432 E.01366
G1 X72.779 Y70.326 E.04094
G1 X72.78 Y67.538 E.07264
M73 Q43 S31
G1 X73.447 Y68.141 E.02343
G1 X73.895 Y68.312 E.01249
G1 X74.343 Y68.342 E.0117
G1 X74.792 Y68.275 E.01183
G1 X75.24 Y68.118 E.01237
G1 X75.688 Y67.846 E.01366
G1 X76.585 Y66.925 E.0335
G1 X77.033 Y66.547 E.01527
G1 X77.481 Y66.375 E.0125
G1 X77.93 Y66.346 E.01172
G1 X78.378 Y66.413 E.0118
G1 X78.826 Y66.57 E.01237
G1 X79.275 Y66.841 E.01366
G1 X80.171 Y67.763 E.0335
G1 X80.619 Y68.141 E.01527
G1 X81.068 Y68.312 E.01252
G1 X81.516 Y68.342 E.0117
G1 X81.964 Y68.275 E.0118
G1 X82.413 Y68.118 E.01239
G1 X82.861 Y67.846 E.01366
G1 X83.758 Y66.925 E.0335
G1 X84.206 Y66.547 E.01527
G1 X84.654 Y66.375 E.0125
G1 X85.102 Y66.346 E.0117
G1 X85.551 Y66.413 E.01183
G1 X85.999 Y66.57 E.01237
G1 X86.447 Y66.841 E.01364
G1 X87.344 Y67.763 E.03352
G1 X87.792 Y68.141 E.01527
G1 X88.24 Y68.312 E.01249
G1 X88.689 Y68.342 E.01173
G1 X89.137 Y68.275 E.0118
G1 X89.585 Y68.118 E.01237
G1 X90.034 Y67.846 E.01368
G1 X90.93 Y66.925 E.03348
G1 X91.378 Y66.547 E.01527
G1 X91.827 Y66.375 E.01253
G1 X92.275 Y66.346 E.0117
G1 X92.723 Y66.413 E.0118
G1 X93.172 Y66.57 E.01239
G1 X93.62 Y66.841 E.01364
G1 X94.516 Y67.763 E.0335
G1 X94.965 Y68.141 E.01529
G1 X95.413 Y68.312 E.01249
G1 X95.861 Y68.342 E.0117
G1 X96.31 Y68.275 E.01183
G1 X96.758 Y68.118 E.01237
G1 X97.206 Y67.846 E.01366
G1 X98.103 Y66.925 E.0335
G1 X98.551 Y66.547 E.01527
G1 X98.999 Y66.375 E.0125
G1 X99.448 Y66.346 E.01172
G1 X99.896 Y66.413 E.0118
G1 X100.344 Y66.57 E.01237
G1 X100.792 Y66.841 E.01364
G1 X101.689 Y67.763 E.03352
G1 X102.137 Y68.141 E.01527
G1 X102.586 Y68.312 E.01252
G1 X103.034 Y68.342 E.0117
G1 X103.482 Y68.275 E.0118
G1 X103.93 Y68.118 E.01237
G1 X104.379 Y67.846 E.01368
G1 X105.275 Y66.925 E.03348
G1 X105.724 Y66.547 E.01529
G1 X106.172 Y66.375 E.0125
G1 X106.62 Y66.346 E.0117
G1 X107.069 Y66.413 E.01183
G1 X107.517 Y66.57 E.01237
G1 X107.965 Y66.841 E.01364
G1 X108.862 Y67.763 E.03352
G1 X109.31 Y68.141 E.01527
G1 X109.758 Y68.312 E.01249
G1 X110.207 Y68.342 E.01173
G1 X110.655 Y68.275 E.0118
G1 X111.103 Y68.118 E.01237
G1 X111.551 Y67.846 E.01366
G1 X112.448 Y66.925 E.0335
G1 X112.896 Y66.547 E.01527
G1 X113.345 Y66.375 E.01253
G1 X113.793 Y66.346 E.0117
G1 X114.241 Y66.413 E.0118
G1 X114.689 Y66.57 E.01237
G1 X115.138 Y66.841 E.01366
G1 X116.034 Y67.763 E.0335
G1 X116.483 Y68.141 E.01529
G1 X116.931 Y68.312 E.01249
G1 X117.379 Y68.342 E.0117
G1 X117.827 Y68.275 E.0118
G1 X118.276 Y68.118 E.01239
G1 X118.724 Y67.846 E.01366
G1 X119.621 Y66.925 E.0335
G1 X120.069 Y66.547 E.01527
G1 X120.517 Y66.375 E.0125
G1 X120.965 Y66.346 E.0117
G1 X121.414 Y66.413 E.01183
G1 X121.862 Y66.57 E.01237
G1 X122.31 Y66.841 E.01364
G1 X123.207 Y67.763 E.03352
G1 X123.655 Y68.141 E.01527
G1 X124.103 Y68.312 E.01249
G1 X124.552 Y68.342 E.01173
G1 X125 Y68.275 E.0118
G1 X125.448 Y68.118 E.01237
G1 X125.897 Y67.846 E.01368
G1 X126.793 Y66.925 E.03348
G1 X127.241 Y66.547 E.01527
G1 X127.69 Y66.375 E.01253
G1 X128.138 Y66.346 E.0117
G1 X128.586 Y66.413 E.0118
G1 X129.035 Y66.57 E.01239
G1 X129.483 Y66.841 E.01364
G1 X130.379 Y67.763 E.0335
G1 X130.828 Y68.141 E.01529
G1 X131.276 Y68.312 E.01249
G1 X131.724 Y68.342 E.0117
G1 X132.173 Y68.275 E.01183
G1 X132.621 Y68.118 E.01237
G1 X133.069 Y67.846 E.01366
G1 X133.966 Y66.925 E.0335
G1 X134.414 Y66.547 E.01527
G1 X134.862 Y66.375 E.0125
G1 X135.311 Y66.346 E.01172
G1 X135.759 Y66.413 E.0118
G1 X136.207 Y66.57 E.01237
G1 X136.656 Y66.841 E.01366
G1 X137.552 Y67.763 E.0335
G1 X138 Y68.141 E.01527
G1 X138.449 Y68.312 E.01252
G1 X138.897 Y68.342 E.0117
G1 X139.345 Y68.275 E.0118
G1 X139.794 Y68.118 E.01239
G1 X140.242 Y67.846 E.01366
G1 X141.138 Y66.925 E.03348
G1 X141.587 Y66.547 E.01529
G1 X142.035 Y66.375 E.0125
G1 X142.483 Y66.346 E.0117
G1 X142.932 Y66.413 E.01183
G1 X143.38 Y66.57 E.01237
G1 X143.828 Y66.841 E.01364
G1 X144.725 Y67.763 E.03352
G1 X145.173 Y68.141 E.01527
G1 X145.621 Y68.312 E.01249
G1 X146.07 Y68.342 E.01173
G1 X146.518 Y68.275 E.0118
G1 X146.966 Y68.118 E.01237
G1 X147.414 Y67.846 E.01366
G1 X148.311 Y66.925 E.0335
G1 X148.759 Y66.547 E.01527
G1 X149.208 Y66.375 E.01253
G1 X149.656 Y66.346 E.0117
G1 X150.104 Y66.413 E.0118
G1 X150.552 Y66.57 E.01237
G1 X151.001 Y66.841 E.01366
G1 X151.897 Y67.763 E.0335
G1 X152.346 Y68.141 E.01529
G1 X152.794 Y68.312 E.01249
G1 X153.242 Y68.342 E.0117
G1 X153.69 Y68.275 E.0118
G1 X154.139 Y68.118 E.01239
G1 X154.587 Y67.846 E.01366
G1 X155.484 Y66.925 E.0335
G1 X155.932 Y66.547 E.01527
G1 X156.38 Y66.375 E.0125
G1 X156.828 Y66.346 E.0117
G1 X157.277 Y66.413 E.01183
G1 X157.725 Y66.57 E.01237
G1 X158.173 Y66.841 E.01364
G1 X159.07 Y67.763 E.03352
G1 X159.518 Y68.141 E.01527
G1 X159.967 Y68.312 E.01252
G1 X160.415 Y68.342 E.0117
G1 X160.863 Y68.275 E.0118
G1 X161.311 Y68.118 E.01237
G1 X161.76 Y67.846 E.01368
G1 X162.656 Y66.925 E.03348
G1 X163.105 Y66.547 E.01529
G1 X163.553 Y66.375 E.0125
G1 X164.001 Y66.346 E.0117
G1 X164.449 Y66.413 E.0118
G1 X164.898 Y66.57 E.01239
G1 X165.346 Y66.841 E.01364
G1 X166.243 Y67.763 E.03352
G1 X166.691 Y68.141 E.01527
G1 X167.139 Y68.312 E.01249
G1 X167.587 Y68.342 E.0117
G1 X168.036 Y68.275 E.01183
G1 X168.484 Y68.118 E.01237
G1 X168.932 Y67.846 E.01366
G1 X169.829 Y66.925 E.0335
G1 X170.277 Y66.547 E.01527
G1 X170.725 Y66.375 E.0125
G1 X171.174 Y66.346 E.01172
G1 X171.622 Y66.413 E.0118
G1 X172.07 Y66.57 E.01237
G1 X172.519 Y66.841 E.01366
G1 X173.415 Y67.763 E.0335
G1 X173.863 Y68.141 E.01527
G1 X174.312 Y68.312 E.01252
G1 X174.76 Y68.342 E.0117
G1 X175.208 Y68.275 E.0118
G1 X175.657 Y68.118 E.01239
G1 X176.105 Y67.846 E.01366
G1 X177.22 Y66.74 E.04092
G1 X177.22 Y63.952 E.07264
G1 X176.553 Y64.555 E.02343
G1 X176.105 Y64.726 E.01249
G1 X175.657 Y64.755 E.0117
G1 X175.208 Y64.689 E.01182
G1 X174.76 Y64.531 E.01238
G1 X174.312 Y64.26 E.01364
G1 X173.572 Y63.5 E.02764
G1 X170.488 Y63.499 E.08036
G1 X169.381 Y64.555 E.03986
G1 X168.932 Y64.726 E.01252
G1 X168.484 Y64.755 E.0117
G1 X168.036 Y64.689 E.0118
G1 X167.587 Y64.531 E.0124
G1 X167.139 Y64.26 E.01364
G1 X166.399 Y63.499 E.02766
G1 X163.316 Y63.499 E.08033
G1 X162.208 Y64.555 E.03988
G1 X161.76 Y64.726 E.01249
G1 X161.311 Y64.755 E.01172
G1 X160.863 Y64.689 E.0118
G1 X160.415 Y64.531 E.01238
G1 X159.967 Y64.26 E.01364
G1 X159.226 Y63.499 E.02768
G1 X156.143 Y63.498 E.08033
G1 X155.035 Y64.555 E.0399
G1 X154.587 Y64.726 E.01249
G1 X154.139 Y64.755 E.0117
G1 X153.69 Y64.689 E.01182
G1 X153.242 Y64.531 E.01238
G1 X152.794 Y64.26 E.01364
G1 X152.053 Y63.498 E.02769
G1 X148.971 Y63.498 E.0803
G1 X147.863 Y64.555 E.0399
G1 X147.414 Y64.726 E.01252
G1 X146.966 Y64.755 E.0117
G1 X146.259 Y64.598 E.01887
G1 X140.6 Y64.589 E.14745
G1 X140.242 Y64.726 E.00999
G1 X139.794 Y64.755 E.0117
G1 X139.345 Y64.689 E.01182
G1 X138.897 Y64.531 E.01238
G1 X138.449 Y64.26 E.01364
G1 X137.707 Y63.498 E.02771
G1 X134.626 Y63.498 E.08028
G1 X133.518 Y64.555 E.0399
G1 X133.069 Y64.726 E.01252
G1 X132.621 Y64.755 E.0117
G1 X132.173 Y64.689 E.0118
G1 X131.724 Y64.531 E.0124
G1 X131.276 Y64.26 E.01364
G1 X130.534 Y63.498 E.02771
G1 X127.453 Y63.498 E.08028
G1 X126.345 Y64.555 E.0399
G1 X125.897 Y64.726 E.01249
G1 X125.448 Y64.755 E.01172
G1 X125 Y64.689 E.0118
G1 X124.552 Y64.531 E.01238
G1 X124.103 Y64.26 E.01366
G1 X123.362 Y63.498 E.02769
G1 X120.281 Y63.498 E.08028
G1 X119.172 Y64.555 E.03992
G1 X118.724 Y64.726 E.01249
G1 X118.276 Y64.755 E.0117
G1 X117.827 Y64.689 E.01182
G1 X117.379 Y64.531 E.01238
G1 X116.931 Y64.26 E.01364
G1 X116.189 Y63.498 E.02771
G1 X113.108 Y63.498 E.08028
G1 X112 Y64.555 E.0399
G1 X111.551 Y64.726 E.01252
G1 X111.103 Y64.755 E.0117
G1 X110.655 Y64.689 E.0118
G1 X110.237 Y64.542 E.01155
G1 X109.935 Y64.598 E.008
G1 X104.719 Y64.596 E.13591
G1 X104.379 Y64.726 E.00948
G1 X103.93 Y64.755 E.01172
G1 X103.482 Y64.689 E.0118
G1 X103.034 Y64.531 E.01238
G1 X102.586 Y64.26 E.01364
G1 X101.844 Y63.498 E.02771
G1 X98.763 Y63.498 E.08028
G1 X97.654 Y64.555 E.03992
G1 X97.206 Y64.726 E.01249
G1 X96.758 Y64.755 E.0117
G1 X96.31 Y64.689 E.0118
G1 X95.861 Y64.531 E.0124
G1 X95.413 Y64.26 E.01364
G1 X94.672 Y63.498 E.02769
G1 X91.59 Y63.499 E.0803
G1 X90.482 Y64.555 E.03988
G1 X90.034 Y64.726 E.01249
G1 X89.585 Y64.755 E.01172
G1 X89.137 Y64.689 E.0118
G1 X88.689 Y64.531 E.01238
G1 X88.24 Y64.26 E.01366
G1 X87.5 Y63.499 E.02766
G1 X84.417 Y63.499 E.08033
G1 X83.309 Y64.555 E.03988
G1 X82.861 Y64.726 E.01249
G1 X82.413 Y64.755 E.0117
G1 X81.964 Y64.689 E.01182
G1 X81.516 Y64.531 E.01238
G1 X81.068 Y64.26 E.01364
G1 X80.328 Y63.499 E.02766
G1 X77.244 Y63.499 E.08036
G1 X76.137 Y64.555 E.03986
G1 X75.688 Y64.726 E.01252
G1 X75.24 Y64.755 E.0117
G1 X74.792 Y64.689 E.0118
G1 X74.343 Y64.531 E.0124
G1 X73.895 Y64.26 E.01364
G1 X73.155 Y63.5 E.02764
G1 X72.78 Y63.5 E.00977
G1 X72.78 Y65.624 E.05534
;LAYER_CHANGE
;Z:1.55
;HEIGHT:0.15
;BEFORE_LAYER_CHANGE
G92 E0.0
;1.55


;WIPE_START
G1 F8640
G1 X72.78 Y63.5 E-.49044
G1 X73.155 Y63.5 E-.08659
G1 X73.829 Y64.192 E-.22297
;WIPE_END
G1 Z1.55 F720
;AFTER_LAYER_CHANGE
;1.55
G1 Z1.95
G1 X174.467 Y144.745 F10800
G1 Z1.55 F720
G1 E.8 F2100
M204 S800
;TYPE:Perimeter
;WIDTH:0.449999
G1 F2700
G1 X174.392 Y144.832 E.00299
G1 X174.036 Y144.943 E.00972
G1 X147.16 Y144.943 E.70027
;WIDTH:0.499571
G1 X146.972 Y144.968 E.00553
;WIDTH:0.549142
G1 X146.783 Y144.992 E.00614
;WIDTH:0.598713
G1 X146.595 Y145.017 E.0067
;WIDTH:0.648284
G1 X146.406 Y145.042 E.00732
G1 X140.074 Y145.042 E.24328
G1 X139.885 Y145.017 E.00732
;WIDTH:0.598713
G1 X139.697 Y144.992 E.0067
;WIDTH:0.549142
G1 X139.508 Y144.968 E.00614
;WIDTH:0.499571
G1 X139.32 Y144.943 E.00553
;WIDTH:0.449999
G1 X110.68 Y144.943 E.74624
;WIDTH:0.499571
G1 X110.492 Y144.968 E.00553
;WIDTH:0.549142
G1 X110.303 Y144.992 E.00614
;WIDTH:0.598713
G1 X110.115 Y145.017 E.0067
;WIDTH:0.648284
G1 X109.926 Y145.042 E.00732
G1 X103.594 Y145.042 E.24328
G1 X103.405 Y145.017 E.00732
;WIDTH:0.598713
G1 X103.217 Y144.992 E.0067
;WIDTH:0.549142
G1 X103.028 Y144.968 E.00614
;WIDTH:0.499571
G1 X102.84 Y144.943 E.00553
;WIDTH:0.449999
G1 X77.964 Y144.943 E.64816
G1 X77.676 Y144.873 E.00772
G1 X77.471 Y144.703 E.00694
G1 X77.367 Y144.507 E.00578
G1 X77.337 Y144.316 E.00504
G1 X77.337 Y83.684 E1.57981
G1 X77.411 Y83.389 E.00792
G1 X77.588 Y83.183 E.00708
G1 X77.894 Y83.057 E.00862
G1 X174.036 Y83.057 E2.50505
G1 X174.331 Y83.131 E.00792
G1 X174.49 Y83.252 E.00521
G1 X174.615 Y83.443 E.00595
G1 X174.663 Y83.684 E.0064
G1 X174.663 Y144.316 E1.57981
G1 X174.598 Y144.593 E.00741
G1 X174.506 Y144.7 E.00368
M204 S1000
G1 X174.169 Y144.449 F10800
M204 S800
;TYPE:External perimeter
G1 F1500
G1 X174.068 Y144.525 E.00329
G1 X77.964 Y144.525 E2.50406
G1 X77.8 Y144.445 E.00475
G1 X77.755 Y144.316 E.00356
G1 X77.755 Y83.684 E1.57981
G1 X77.807 Y83.547 E.00382
G1 X77.964 Y83.475 E.0045
G1 X174.036 Y83.475 E2.50323
G1 X174.187 Y83.54 E.00428
G1 X174.245 Y83.684 E.00404
G1 X174.245 Y144.316 E1.57981
G1 X174.223 Y144.408 E.00246
M73 P44 R31
M73 Q44 S31
G1 X174.217 Y144.413 E.0002
M204 S1000
;WIPE_START
G1 F8640
G1 X174.169 Y144.449 E-.01385
G1 X174.068 Y144.525 E-.02919
G1 X170.79 Y144.525 E-.75696
;WIPE_END
G1 Z1.95 F720
G1 X146.842 Y145.952 F10800
G1 Z1.55 F720
G1 E.8 F2100
M204 S800
;TYPE:Perimeter
G1 F2700
G1 X146.81 Y145.904 E.0015
;WIDTH:0.499571
G1 X146.709 Y145.843 E.00344
;WIDTH:0.549142
G1 X146.608 Y145.781 E.00382
;WIDTH:0.598713
G1 X146.507 Y145.72 E.00417
;WIDTH:0.648284
G1 X146.406 Y145.658 E.00455
G1 X140.074 Y145.658 E.24328
G1 X139.973 Y145.72 E.00455
;WIDTH:0.598713
G1 X139.872 Y145.781 E.00417
;WIDTH:0.549142
G1 X139.771 Y145.843 E.00382
;WIDTH:0.499571
G1 X139.67 Y145.904 E.00344
;WIDTH:0.449999
G1 X139.477 Y146.192 E.00903
G1 X139.447 Y146.857 E.01734
G1 X110.553 Y146.857 E.75285
G1 X110.523 Y146.192 E.01734
G1 X110.33 Y145.904 E.00903
;WIDTH:0.499571
G1 X110.229 Y145.843 E.00344
;WIDTH:0.549142
G1 X110.128 Y145.781 E.00382
;WIDTH:0.598713
G1 X110.027 Y145.72 E.00417
;WIDTH:0.648284
G1 X109.926 Y145.658 E.00455
G1 X103.594 Y145.658 E.24328
G1 X103.493 Y145.72 E.00455
;WIDTH:0.598713
G1 X103.392 Y145.781 E.00417
;WIDTH:0.549142
G1 X103.291 Y145.843 E.00382
;WIDTH:0.499571
G1 X103.19 Y145.904 E.00344
;WIDTH:0.449999
G1 X102.997 Y146.192 E.00903
G1 X102.967 Y146.857 E.01734
G1 X72.546 Y146.857 E.79264
G1 X72.423 Y146.734 E.00453
G1 X72.423 Y108.793 E.98858
G1 X72.896 Y108.793 E.01232
G1 X73.162 Y108.734 E.0071
G1 X73.299 Y108.646 E.00424
G1 X73.493 Y108.356 E.00909
G1 X73.523 Y108.166 E.00501
G1 X73.523 Y101.834 E.16498
G1 X73.493 Y101.644 E.00501
G1 X73.413 Y101.479 E.00478
G1 X73.162 Y101.266 E.00858
G1 X72.896 Y101.207 E.0071
G1 X72.423 Y101.207 E.01232
G1 X72.423 Y63.266 E.98858
G1 X72.546 Y63.143 E.00453
G1 X102.967 Y63.143 E.79264
G1 X102.967 Y63.616 E.01232
G1 X103.065 Y63.952 E.00912
G1 X103.178 Y64.085 E.00455
G1 X103.316 Y64.178 E.00434
G1 X103.594 Y64.243 E.00744
G1 X109.969 Y64.243 E.16611
G1 X110.261 Y64.146 E.00802
G1 X110.455 Y63.952 E.00715
G1 X110.553 Y63.616 E.00912
G1 X110.553 Y63.143 E.01232
G1 X139.447 Y63.143 E.75285
G1 X139.447 Y63.616 E.01232
G1 X139.545 Y63.952 E.00912
G1 X139.658 Y64.085 E.00455
G1 X139.796 Y64.178 E.00434
G1 X140.074 Y64.243 E.00744
G1 X146.449 Y64.243 E.16611
G1 X146.741 Y64.146 E.00802
G1 X146.935 Y63.952 E.00715
G1 X147.033 Y63.616 E.00912
G1 X147.033 Y63.143 E.01232
G1 X177.454 Y63.143 E.79264
G1 X177.577 Y63.266 E.00453
G1 X177.577 Y101.207 E.98858
G1 X177.104 Y101.207 E.01232
G1 X176.808 Y101.281 E.00795
G1 X176.58 Y101.489 E.00804
G1 X176.477 Y101.834 E.00938
G1 X176.477 Y108.166 E.16498
G1 X176.58 Y108.511 E.00938
G1 X176.808 Y108.719 E.00804
G1 X177.104 Y108.793 E.00795
G1 X177.577 Y108.793 E.01232
G1 X177.577 Y146.734 E.98858
G1 X177.454 Y146.857 E.00453
G1 X147.033 Y146.857 E.79264
G1 X147.003 Y146.192 E.01734
G1 X146.875 Y146.002 E.00597
M204 S1000
G1 X146.551 Y146.246 F10800
M204 S800
;TYPE:External perimeter
G1 F1500
G1 X146.541 Y146.224 E.00063
G1 X146.406 Y146.175 E.00374
G1 X140.074 Y146.175 E.16498
G1 X139.939 Y146.224 E.00374
G1 X139.865 Y146.384 E.00459
G1 X139.865 Y147.275 E.02322
G1 X110.135 Y147.275 E.77464
G1 X110.135 Y146.384 E.02322
G1 X110.061 Y146.224 E.00459
G1 X109.926 Y146.175 E.00374
G1 X103.594 Y146.175 E.16498
G1 X103.459 Y146.224 E.00374
G1 X103.385 Y146.384 E.00459
G1 X103.385 Y147.275 E.02322
G1 X72.373 Y147.275 E.80804
G1 X72.005 Y146.907 E.01356
G1 X72.005 Y108.375 E1.00398
G1 X72.896 Y108.375 E.02322
G1 X73.03 Y108.326 E.00372
G1 X73.105 Y108.166 E.0046
G1 X73.105 Y101.834 E.16498
G1 X73.03 Y101.674 E.0046
G1 X72.896 Y101.625 E.00372
G1 X72.005 Y101.625 E.02322
G1 X72.005 Y63.093 E1.00398
G1 X72.373 Y62.725 E.01356
G1 X103.385 Y62.725 E.80804
G1 X103.385 Y63.616 E.02322
G1 X103.455 Y63.772 E.00446
G1 X103.594 Y63.825 E.00388
G1 X109.926 Y63.825 E.16498
G1 X110.065 Y63.772 E.00388
G1 X110.135 Y63.616 E.00446
G1 X110.135 Y62.725 E.02322
G1 X139.865 Y62.725 E.77464
G1 X139.865 Y63.616 E.02322
G1 X139.935 Y63.772 E.00446
G1 X140.074 Y63.825 E.00388
G1 X146.406 Y63.825 E.16498
G1 X146.545 Y63.772 E.00388
G1 X146.615 Y63.616 E.00446
G1 X146.615 Y62.725 E.02322
G1 X177.627 Y62.725 E.80804
G1 X177.995 Y63.093 E.01356
G1 X177.995 Y101.625 E1.00398
M73 P44 R30
G1 X177.005 Y101.65 E.0258
G1 X176.929 Y101.719 E.00267
G1 X176.895 Y101.834 E.00312
G1 X176.895 Y108.198 E.16582
G1 X177.005 Y108.35 E.00489
G1 X177.104 Y108.375 E.00266
G1 X177.995 Y108.375 E.02322
G1 X177.995 Y146.907 E1.00398
G1 X177.627 Y147.275 E.01356
G1 X146.615 Y147.275 E.80804
G1 X146.615 Y146.384 E.02322
G1 X146.576 Y146.3 E.00241
M204 S1000
;WIPE_START
G1 F8640
G1 X146.551 Y146.246 E-.01374
G1 X146.541 Y146.224 E-.00558
G1 X146.406 Y146.175 E-.03316
G1 X143.169 Y146.175 E-.74752
;WIPE_END
G1 Z1.95 F720
G1 X150.304 Y146.502 F10800
G1 Z1.55 F720
G1 E.8 F2100
;TYPE:Internal infill
;WIDTH:0.45
G1 F4800
G1 X147.804 Y146.502 E.06514
G1 X148.759 Y145.603 E.03417
G1 X149.208 Y145.386 E.01299
G1 X149.656 Y145.309 E.01184
G1 X150.104 Y145.333 E.01169
G1 X150.552 Y145.447 E.01204
G1 X151.001 Y145.669 E.01305
G1 X151.909 Y146.502 E.03211
G1 X154.977 Y146.502 E.07994
G1 X155.932 Y145.603 E.03417
G1 X156.38 Y145.386 E.01297
G1 X156.828 Y145.309 E.01184
G1 X157.277 Y145.333 E.01172
G1 X157.725 Y145.447 E.01204
G1 X158.173 Y145.669 E.01303
G1 X159.081 Y146.501 E.03209
G1 X162.15 Y146.501 E.07997
G1 X163.105 Y145.603 E.03416
G1 X163.553 Y145.386 E.01297
G1 X164.001 Y145.309 E.01184
G1 X164.449 Y145.333 E.01169
G1 X164.898 Y145.447 E.01207
G1 X165.346 Y145.669 E.01303
G1 X166.253 Y146.501 E.03207
G1 X169.324 Y146.501 E.08002
G1 X170.277 Y145.603 E.03412
G1 X170.725 Y145.386 E.01297
G1 X171.174 Y145.309 E.01187
G1 X171.622 Y145.333 E.01169
G1 X172.07 Y145.447 E.01204
G1 X172.519 Y145.669 E.01305
G1 X173.426 Y146.5 E.03205
G1 X176.497 Y146.5 E.08002
G1 X177.22 Y145.803 E.02617
G1 X177.22 Y142.68 E.08137
G1 X176.553 Y143.296 E.02366
G1 X176.105 Y143.513 E.01297
G1 X175.657 Y143.589 E.01184
G1 X175.018 Y143.517 E.01675
G1 X175.018 Y139.99 E.0919
G1 X175.657 Y139.866 E.01696
G1 X176.105 Y139.643 E.01304
G1 X177.221 Y138.63 E.03927
G1 X177.221 Y135.507 E.08137
G1 X176.553 Y136.123 E.02368
G1 X176.105 Y136.34 E.01297
G1 X175.657 Y136.417 E.01184
G1 X175.018 Y136.345 E.01675
G1 X175.018 Y132.817 E.09192
G1 X175.657 Y132.693 E.01696
G1 X176.105 Y132.47 E.01304
G1 X177.221 Y131.457 E.03927
G1 X177.221 Y128.334 E.08137
G1 X176.553 Y128.951 E.02369
G1 X176.105 Y129.168 E.01297
G1 X175.657 Y129.244 E.01184
G1 X175.018 Y129.172 E.01675
G1 X175.018 Y125.644 E.09192
G1 X175.657 Y125.52 E.01696
G1 X176.105 Y125.298 E.01303
G1 X177.221 Y124.284 E.03929
G1 X177.221 Y121.161 E.08137
G1 X176.553 Y121.778 E.02369
G1 X176.105 Y121.995 E.01297
G1 X175.657 Y122.072 E.01184
G1 X175.018 Y122 E.01675
G1 X175.018 Y118.472 E.09192
G1 X175.657 Y118.348 E.01696
G1 X176.105 Y118.125 E.01304
G1 X177.222 Y117.111 E.03931
G1 X177.222 Y113.988 E.08137
G1 X176.553 Y114.605 E.02371
G1 X176.105 Y114.823 E.01298
G1 X175.657 Y114.899 E.01184
G1 X175.018 Y114.827 E.01675
G1 X175.018 Y111.299 E.09192
G1 X175.657 Y111.175 E.01696
G1 X176.105 Y110.953 E.01303
G1 X176.553 Y110.592 E.01499
G1 X177.222 Y109.938 E.02438
G1 X177.222 Y109.148 E.02058
G1 X176.638 Y109.036 E.01549
G1 X176.282 Y108.711 E.01256
G1 X176.135 Y108.339 E.01042
G1 X176.133 Y107.636 E.01832
G1 X175.657 Y107.726 E.01262
G1 X175.018 Y107.654 E.01675
G1 X175.018 Y104.126 E.09192
G1 X175.657 Y104.003 E.01696
G1 X176.126 Y103.763 E.01373
G1 X176.122 Y101.813 E.05081
G1 X176.277 Y101.294 E.01411
G1 X176.638 Y100.964 E.01274
G1 X177.222 Y100.852 E.01549
G1 X177.222 Y99.643 E.0315
G1 X176.553 Y100.26 E.02371
G1 X176.105 Y100.477 E.01297
G1 X175.657 Y100.554 E.01184
G1 X175.018 Y100.482 E.01675
G1 X175.018 Y96.954 E.09192
G1 X175.657 Y96.83 E.01696
G1 X176.105 Y96.607 E.01304
G1 X177.222 Y95.593 E.03931
G1 X177.222 Y92.47 E.08137
G1 X176.553 Y93.088 E.02373
G1 X176.105 Y93.305 E.01297
G1 X175.657 Y93.381 E.01184
G1 X175.018 Y93.309 E.01675
G1 X175.018 Y89.781 E.09192
G1 X175.657 Y89.657 E.01696
G1 X176.105 Y89.435 E.01303
G1 X177.221 Y88.421 E.03929
G1 X177.221 Y85.298 E.08137
G1 X176.553 Y85.915 E.02369
G1 X176.105 Y86.132 E.01297
G1 X175.657 Y86.208 E.01184
G1 X175.018 Y86.137 E.01675
G1 X175.018 Y88.637 E.06514
;WIPE_START
G1 F8640
G1 X175.018 Y86.137 E-.57726
G1 X175.657 Y86.208 E-.14845
G1 X175.974 Y86.154 E-.07429
;WIPE_END
G1 Z1.95 F720
G1 X139.485 Y145.604 F10800
G1 Z1.55 F720
M73 Q44 S30
G1 E.8 F2100
G1 F4800
G1 X139.139 Y146.074 E.01521
G1 X139.092 Y146.502 E.01122
G1 X137.552 Y146.491 E.04013
G1 X136.656 Y145.669 E.03168
G1 X136.207 Y145.447 E.01305
G1 X135.759 Y145.333 E.01204
G1 X135.311 Y145.309 E.01169
G1 X134.862 Y145.386 E.01187
G1 X134.414 Y145.603 E.01297
G1 X133.517 Y146.455 E.03223
G1 X133.335 Y146.502 E.0049
G1 X130.44 Y146.502 E.07543
G1 X129.483 Y145.669 E.03306
M73 Q45 S30
G1 X129.035 Y145.447 E.01303
G1 X128.586 Y145.333 E.01207
G1 X128.138 Y145.309 E.01169
G1 X127.69 Y145.386 E.01184
G1 X127.241 Y145.603 E.01299
G1 X126.345 Y146.455 E.03222
G1 X126.162 Y146.502 E.00492
G1 X123.267 Y146.502 E.07543
G1 X122.31 Y145.669 E.03306
G1 X121.862 Y145.447 E.01303
G1 X121.414 Y145.333 E.01204
G1 X120.965 Y145.309 E.01172
G1 X120.517 Y145.386 E.01184
G1 X120.069 Y145.603 E.01297
G1 X119.172 Y146.455 E.03223
G1 X118.99 Y146.502 E.0049
G1 X116.095 Y146.502 E.07543
G1 X115.138 Y145.669 E.03306
G1 X114.689 Y145.447 E.01305
G1 X114.241 Y145.333 E.01204
G1 X113.793 Y145.309 E.01169
G1 X113.345 Y145.386 E.01184
G1 X112.896 Y145.603 E.01299
G1 X112 Y146.455 E.03222
G1 X111.817 Y146.502 E.00492
G1 X110.908 Y146.502 E.02368
G1 X110.861 Y146.074 E.01122
G1 X110.571 Y145.642 E.01356
G1 X110.26 Y145.413 E.01006
G1 X110.504 Y145.349 E.00657
M73 P45 R30
;WIPE_START
G1 F8640
G1 X110.26 Y145.413 E-.05825
G1 X110.571 Y145.642 E-.08918
G1 X110.861 Y146.074 E-.12014
G1 X110.908 Y146.502 E-.09942
G1 X111.817 Y146.502 E-.20989
G1 X112 Y146.455 E-.04363
G1 X112.563 Y145.919 E-.17949
;WIPE_END
G1 Z1.95 F720
G1 X103.066 Y145.319 F10800
G1 Z1.55 F720
G1 E.8 F2100
G1 F4800
G1 X103.273 Y145.386 E.00567
G1 X102.952 Y145.637 E.01062
G1 X102.659 Y146.074 E.01371
G1 X102.612 Y146.502 E.01122
G1 X101.701 Y146.502 E.02374
G1 X100.792 Y145.669 E.03213
G1 X100.344 Y145.447 E.01303
G1 X99.896 Y145.333 E.01204
G1 X99.448 Y145.309 E.01169
G1 X98.999 Y145.386 E.01187
G1 X98.551 Y145.603 E.01297
G1 X97.596 Y146.502 E.03417
G1 X94.528 Y146.502 E.07994
G1 X93.62 Y145.669 E.03211
G1 X93.172 Y145.447 E.01303
G1 X92.723 Y145.333 E.01207
G1 X92.275 Y145.309 E.01169
G1 X91.827 Y145.386 E.01184
G1 X91.378 Y145.603 E.01299
G1 X90.424 Y146.501 E.03414
G1 X87.355 Y146.501 E.07997
G1 X86.447 Y145.669 E.03209
G1 X85.999 Y145.447 E.01303
G1 X85.551 Y145.333 E.01204
G1 X85.102 Y145.309 E.01172
G1 X84.654 Y145.386 E.01184
G1 X84.206 Y145.603 E.01297
G1 X83.252 Y146.501 E.03414
G1 X80.182 Y146.501 E.07999
G1 X79.275 Y145.669 E.03207
G1 X78.826 Y145.447 E.01305
G1 X78.378 Y145.333 E.01204
G1 X77.93 Y145.309 E.01169
G1 X77.481 Y145.386 E.01187
G1 X77.033 Y145.603 E.01297
G1 X76.08 Y146.5 E.0341
G1 X73.58 Y146.5 E.06514
;WIPE_START
G1 F8640
G1 X76.08 Y146.5 E-.57726
G1 X76.783 Y145.839 E-.22274
;WIPE_END
G1 Z1.95 F720
G1 X76.982 Y139.996 F10800
G1 Z1.55 F720
G1 E.8 F2100
G1 F4800
G1 X76.982 Y142.496 E.06514
G1 X76.137 Y143.296 E.03032
G1 X75.688 Y143.513 E.01299
G1 X75.24 Y143.589 E.01184
G1 X74.792 Y143.566 E.01169
G1 X74.343 Y143.452 E.01207
G1 X73.895 Y143.229 E.01304
G1 X72.78 Y142.216 E.03925
G1 X72.779 Y139.093 E.08137
G1 X73.447 Y139.71 E.02369
G1 X73.895 Y139.927 E.01297
G1 X74.343 Y140.003 E.01184
G1 X74.792 Y139.98 E.01171
G1 X75.24 Y139.866 E.01204
G1 X75.688 Y139.643 E.01304
G1 X76.982 Y138.475 E.04542
G1 X76.982 Y135.324 E.0821
G1 X76.137 Y136.123 E.0303
G1 X75.688 Y136.34 E.01299
G1 X75.24 Y136.417 E.01184
G1 X74.792 Y136.393 E.01169
G1 X74.343 Y136.279 E.01207
G1 X73.895 Y136.057 E.01303
G1 X73.447 Y135.696 E.01499
G1 X72.779 Y135.044 E.02432
G1 X72.779 Y131.92 E.0814
G1 X73.447 Y132.537 E.02369
G1 X73.895 Y132.754 E.01297
G1 X74.343 Y132.83 E.01184
G1 X74.792 Y132.807 E.01171
G1 X75.24 Y132.693 E.01204
G1 X75.688 Y132.47 E.01304
G1 X76.137 Y132.11 E.015
G1 X76.982 Y131.302 E.03046
G1 X76.982 Y128.151 E.0821
G1 X76.137 Y128.951 E.03032
G1 X75.688 Y129.168 E.01299
G1 X75.24 Y129.244 E.01184
G1 X74.792 Y129.221 E.01169
G1 X74.343 Y129.107 E.01207
G1 X73.895 Y128.884 E.01304
G1 X73.447 Y128.523 E.01499
G1 X72.779 Y127.871 E.02432
G1 X72.779 Y124.747 E.0814
G1 X73.447 Y125.364 E.02369
G1 X73.895 Y125.581 E.01297
G1 X74.343 Y125.658 E.01184
G1 X74.792 Y125.634 E.01172
G1 X75.24 Y125.52 E.01204
G1 X75.688 Y125.298 E.01303
G1 X76.137 Y124.937 E.01501
G1 X76.982 Y124.13 E.03044
G1 X76.982 Y120.979 E.0821
G1 X76.137 Y121.778 E.0303
G1 X75.688 Y121.995 E.01299
G1 X75.24 Y122.072 E.01184
G1 X74.792 Y122.048 E.01169
G1 X74.343 Y121.934 E.01207
G1 X73.895 Y121.712 E.01303
G1 X73.447 Y121.351 E.01499
G1 X72.779 Y120.698 E.02434
G1 X72.778 Y117.574 E.0814
G1 X73.447 Y118.192 E.02373
G1 X73.895 Y118.409 E.01297
G1 X74.343 Y118.485 E.01184
G1 X74.792 Y118.462 E.01171
G1 X75.24 Y118.348 E.01204
G1 X75.688 Y118.125 E.01304
G1 X76.137 Y117.764 E.01501
G1 X76.982 Y116.957 E.03044
G1 X76.982 Y113.806 E.0821
G1 X76.137 Y114.605 E.0303
G1 X75.688 Y114.823 E.01301
G1 X75.24 Y114.899 E.01184
G1 X74.792 Y114.875 E.01169
G1 X74.343 Y114.762 E.01206
G1 X73.895 Y114.539 E.01304
G1 X73.447 Y114.178 E.01499
G1 X72.778 Y113.525 E.02436
G1 X72.778 Y110.401 E.0814
G1 X73.447 Y111.019 E.02373
G1 X73.895 Y111.236 E.01297
G1 X74.343 Y111.313 E.01184
G1 X74.792 Y111.289 E.01172
G1 X75.24 Y111.175 E.01204
G1 X75.688 Y110.953 E.01303
G1 X76.982 Y109.784 E.04544
G1 X76.982 Y106.633 E.0821
G1 X76.137 Y107.433 E.03032
G1 X75.688 Y107.65 E.01299
G1 X75.24 Y107.726 E.01184
G1 X74.792 Y107.703 E.01169
G1 X74.343 Y107.589 E.01207
G1 X73.867 Y107.344 E.01395
G1 X73.874 Y104.053 E.08575
G1 X74.343 Y104.14 E.01243
G1 X74.792 Y104.116 E.01172
G1 X75.24 Y104.003 E.01204
G1 X75.688 Y103.78 E.01304
G1 X76.982 Y102.612 E.04542
G1 X76.982 Y99.461 E.0821
G1 X76.137 Y100.26 E.0303
G1 X75.688 Y100.477 E.01299
G1 X75.24 Y100.554 E.01184
G1 X74.792 Y100.53 E.01169
G1 X74.343 Y100.416 E.01207
G1 X73.895 Y100.194 E.01303
G1 X72.778 Y99.179 E.03933
G1 X72.778 Y96.056 E.08137
G1 X73.447 Y96.674 E.02373
G1 X73.895 Y96.891 E.01297
G1 X74.343 Y96.967 E.01184
G1 X74.792 Y96.944 E.01171
G1 X75.24 Y96.83 E.01204
G1 X75.688 Y96.607 E.01304
G1 X76.982 Y95.439 E.04542
G1 X76.982 Y92.288 E.0821
G1 X76.137 Y93.088 E.03032
G1 X75.688 Y93.305 E.01299
G1 X75.24 Y93.381 E.01184
G1 X74.792 Y93.358 E.01169
G1 X74.343 Y93.244 E.01207
G1 X73.895 Y93.021 E.01304
G1 X72.778 Y92.007 E.03931
G1 X72.779 Y88.884 E.08137
G1 X73.447 Y89.501 E.02369
G1 X73.895 Y89.718 E.01297
G1 X74.343 Y89.795 E.01184
G1 X74.792 Y89.771 E.01172
G1 X75.24 Y89.657 E.01204
G1 X75.688 Y89.435 E.01303
G1 X76.982 Y88.267 E.04542
G1 X76.982 Y85.116 E.0821
G1 X76.137 Y85.915 E.0303
G1 X75.688 Y86.132 E.01299
G1 X75.24 Y86.208 E.01184
G1 X74.792 Y86.185 E.01169
G1 X74.343 Y86.071 E.01207
G1 X73.895 Y85.848 E.01304
G1 X73.447 Y85.488 E.01497
G1 X72.779 Y84.835 E.02434
G1 X72.779 Y81.712 E.08137
G1 X73.447 Y82.329 E.02369
G1 X73.895 Y82.546 E.01297
G1 X74.343 Y82.622 E.01184
G1 X74.792 Y82.599 E.01171
G1 X75.24 Y82.485 E.01204
G1 X75.688 Y82.262 E.01304
G1 X77.033 Y81.049 E.04719
G1 X77.481 Y80.832 E.01297
G1 X77.93 Y80.756 E.01187
G1 X78.378 Y80.779 E.01169
G1 X78.826 Y80.893 E.01204
G1 X79.275 Y81.116 E.01306
G1 X80.619 Y82.329 E.04717
G1 X81.068 Y82.546 E.01299
G1 X81.516 Y82.622 E.01184
G1 X81.964 Y82.599 E.01169
G1 X82.413 Y82.485 E.01207
G1 X82.861 Y82.262 E.01304
G1 X84.206 Y81.049 E.04719
G1 X84.654 Y80.832 E.01297
G1 X85.102 Y80.756 E.01184
G1 X85.551 Y80.779 E.01171
G1 X85.999 Y80.893 E.01204
G1 X86.447 Y81.116 E.01304
G1 X87.792 Y82.329 E.04719
G1 X88.24 Y82.546 E.01297
G1 X88.689 Y82.622 E.01187
G1 X89.137 Y82.599 E.01169
G1 X89.585 Y82.485 E.01204
G1 X90.034 Y82.262 E.01306
G1 X91.378 Y81.049 E.04717
G1 X91.827 Y80.832 E.01299
G1 X92.275 Y80.756 E.01184
G1 X92.723 Y80.779 E.01169
G1 X93.172 Y80.893 E.01207
G1 X93.62 Y81.116 E.01304
G1 X94.965 Y82.329 E.04719
G1 X95.413 Y82.546 E.01297
G1 X95.861 Y82.622 E.01184
G1 X96.31 Y82.599 E.01171
G1 X96.758 Y82.485 E.01204
G1 X97.206 Y82.262 E.01304
G1 X98.551 Y81.049 E.04719
G1 X98.999 Y80.832 E.01297
G1 X99.448 Y80.756 E.01187
G1 X99.896 Y80.779 E.01169
G1 X100.344 Y80.893 E.01204
G1 X100.792 Y81.116 E.01304
G1 X102.137 Y82.329 E.04719
G1 X102.586 Y82.546 E.01299
G1 X103.034 Y82.622 E.01184
G1 X103.482 Y82.599 E.01169
G1 X103.93 Y82.485 E.01204
G1 X104.379 Y82.262 E.01306
G1 X105.724 Y81.049 E.04719
G1 X106.172 Y80.832 E.01297
G1 X106.62 Y80.756 E.01184
G1 X107.069 Y80.779 E.01171
G1 X107.517 Y80.893 E.01204
G1 X107.965 Y81.116 E.01304
G1 X109.31 Y82.329 E.04719
G1 X109.758 Y82.546 E.01297
G1 X110.207 Y82.622 E.01187
G1 X110.655 Y82.599 E.01169
G1 X111.103 Y82.485 E.01204
G1 X111.551 Y82.262 E.01304
G1 X112.896 Y81.049 E.04719
G1 X113.345 Y80.832 E.01299
G1 X113.793 Y80.756 E.01184
G1 X114.241 Y80.779 E.01169
G1 X114.689 Y80.893 E.01204
G1 X115.138 Y81.116 E.01306
G1 X116.483 Y82.329 E.04719
G1 X116.931 Y82.546 E.01297
G1 X117.379 Y82.622 E.01184
G1 X117.827 Y82.599 E.01169
G1 X118.276 Y82.485 E.01207
G1 X118.724 Y82.262 E.01304
G1 X120.069 Y81.049 E.04719
G1 X120.517 Y80.832 E.01297
G1 X120.965 Y80.756 E.01184
G1 X121.414 Y80.779 E.01171
G1 X121.862 Y80.893 E.01204
G1 X122.31 Y81.116 E.01304
G1 X123.655 Y82.329 E.04719
G1 X124.103 Y82.546 E.01297
G1 X124.552 Y82.622 E.01187
G1 X125 Y82.599 E.01169
G1 X125.448 Y82.485 E.01204
G1 X125.897 Y82.262 E.01306
G1 X127.241 Y81.049 E.04717
G1 X127.69 Y80.832 E.01299
G1 X128.138 Y80.756 E.01184
G1 X128.586 Y80.779 E.01169
G1 X129.035 Y80.893 E.01207
G1 X129.483 Y81.116 E.01304
G1 X130.828 Y82.329 E.04719
G1 X131.276 Y82.546 E.01297
G1 X131.724 Y82.622 E.01184
G1 X132.173 Y82.599 E.01171
G1 X132.621 Y82.485 E.01204
G1 X133.069 Y82.262 E.01304
G1 X134.414 Y81.049 E.04719
G1 X134.862 Y80.832 E.01297
G1 X135.311 Y80.756 E.01187
G1 X135.759 Y80.779 E.01169
G1 X136.207 Y80.893 E.01204
G1 X136.656 Y81.116 E.01306
G1 X138 Y82.329 E.04717
G1 X138.449 Y82.546 E.01299
G1 X138.897 Y82.622 E.01184
G1 X139.345 Y82.599 E.01169
G1 X139.794 Y82.485 E.01207
G1 X140.242 Y82.262 E.01304
G1 X141.587 Y81.049 E.04719
G1 X142.035 Y80.832 E.01297
G1 X142.483 Y80.756 E.01184
G1 X142.932 Y80.779 E.01171
G1 X143.38 Y80.893 E.01204
G1 X143.828 Y81.116 E.01304
G1 X145.173 Y82.329 E.04719
G1 X145.621 Y82.546 E.01297
G1 X146.07 Y82.622 E.01187
G1 X146.518 Y82.599 E.01169
G1 X146.966 Y82.485 E.01204
G1 X147.414 Y82.262 E.01304
G1 X148.759 Y81.049 E.04719
G1 X149.208 Y80.832 E.01299
G1 X149.656 Y80.756 E.01184
G1 X150.104 Y80.779 E.01169
G1 X150.552 Y80.893 E.01204
G1 X151.001 Y81.116 E.01306
G1 X152.346 Y82.329 E.04719
G1 X152.794 Y82.546 E.01297
G1 X153.242 Y82.622 E.01184
G1 X153.69 Y82.599 E.01169
G1 X154.139 Y82.485 E.01207
G1 X154.587 Y82.262 E.01304
G1 X155.932 Y81.049 E.04719
G1 X156.38 Y80.832 E.01297
G1 X156.828 Y80.756 E.01184
G1 X157.277 Y80.779 E.01171
G1 X157.725 Y80.893 E.01204
G1 X158.173 Y81.116 E.01304
G1 X159.518 Y82.329 E.04719
G1 X159.967 Y82.546 E.01299
G1 X160.415 Y82.622 E.01184
G1 X160.863 Y82.599 E.01169
G1 X161.311 Y82.485 E.01204
G1 X161.76 Y82.262 E.01306
G1 X163.105 Y81.049 E.04719
G1 X163.553 Y80.832 E.01297
G1 X164.001 Y80.756 E.01184
G1 X164.449 Y80.779 E.01169
G1 X164.898 Y80.893 E.01207
G1 X165.346 Y81.116 E.01304
G1 X166.691 Y82.329 E.04719
G1 X167.139 Y82.546 E.01297
G1 X167.587 Y82.622 E.01184
G1 X168.036 Y82.599 E.01171
G1 X168.484 Y82.485 E.01204
G1 X168.932 Y82.262 E.01304
G1 X170.277 Y81.049 E.04719
G1 X170.725 Y80.832 E.01297
G1 X171.174 Y80.756 E.01187
G1 X171.622 Y80.779 E.01169
G1 X172.07 Y80.893 E.01204
G1 X172.519 Y81.116 E.01306
G1 X173.863 Y82.329 E.04717
G1 X174.312 Y82.546 E.01299
G1 X174.76 Y82.622 E.01184
G1 X175.208 Y82.599 E.01169
G1 X175.657 Y82.485 E.01207
G1 X176.105 Y82.262 E.01304
G1 X177.221 Y81.249 E.03927
G1 X177.221 Y78.126 E.08137
G1 X176.553 Y78.742 E.02368
G1 X176.105 Y78.959 E.01297
G1 X175.657 Y79.036 E.01184
G1 X175.208 Y79.012 E.01172
G1 X174.76 Y78.898 E.01204
G1 X174.312 Y78.676 E.01303
G1 X172.967 Y77.463 E.04719
G1 X172.519 Y77.246 E.01297
G1 X172.07 Y77.17 E.01187
G1 X171.622 Y77.193 E.01169
G1 X171.174 Y77.307 E.01204
G1 X170.725 Y77.53 E.01306
G1 X169.381 Y78.742 E.04716
G1 X168.932 Y78.959 E.01299
G1 X168.484 Y79.036 E.01184
G1 X168.036 Y79.012 E.01169
G1 X167.587 Y78.898 E.01207
G1 X167.139 Y78.676 E.01303
G1 X165.794 Y77.463 E.04719
G1 X165.346 Y77.246 E.01297
G1 X164.898 Y77.17 E.01184
G1 X164.449 Y77.193 E.01171
G1 X164.001 Y77.307 E.01204
G1 X163.553 Y77.53 E.01304
G1 X162.208 Y78.742 E.04717
G1 X161.76 Y78.959 E.01297
G1 X161.311 Y79.036 E.01187
G1 X160.863 Y79.012 E.01169
G1 X160.415 Y78.898 E.01204
G1 X159.967 Y78.676 E.01303
G1 X158.622 Y77.463 E.04719
G1 X158.173 Y77.246 E.01299
G1 X157.725 Y77.17 E.01184
G1 X157.277 Y77.193 E.01169
G1 X156.828 Y77.307 E.01207
G1 X156.38 Y77.53 E.01304
G1 X155.035 Y78.742 E.04717
G1 X154.587 Y78.959 E.01297
G1 X154.139 Y79.036 E.01184
G1 X153.69 Y79.012 E.01172
G1 X153.242 Y78.898 E.01204
G1 X152.794 Y78.676 E.01303
G1 X151.449 Y77.463 E.04719
G1 X151.001 Y77.246 E.01297
G1 X150.552 Y77.17 E.01187
G1 X150.104 Y77.193 E.01169
G1 X149.656 Y77.307 E.01204
G1 X149.208 Y77.53 E.01304
G1 X147.863 Y78.742 E.04717
G1 X147.414 Y78.959 E.01299
G1 X146.966 Y79.036 E.01184
G1 X146.518 Y79.012 E.01169
G1 X146.07 Y78.898 E.01204
G1 X145.621 Y78.676 E.01305
G1 X144.276 Y77.463 E.04719
G1 X143.828 Y77.246 E.01297
G1 X143.38 Y77.17 E.01184
G1 X142.932 Y77.193 E.01169
G1 X142.483 Y77.307 E.01207
G1 X142.035 Y77.53 E.01304
G1 X140.69 Y78.742 E.04717
G1 X140.242 Y78.959 E.01297
G1 X139.794 Y79.036 E.01184
G1 X139.345 Y79.012 E.01172
G1 X138.897 Y78.898 E.01204
G1 X138.449 Y78.676 E.01303
G1 X137.104 Y77.463 E.04719
G1 X136.656 Y77.246 E.01297
G1 X136.207 Y77.17 E.01187
G1 X135.759 Y77.193 E.01169
G1 X135.311 Y77.307 E.01204
G1 X134.862 Y77.53 E.01306
G1 X133.518 Y78.742 E.04716
G1 X133.069 Y78.959 E.01299
G1 X132.621 Y79.036 E.01184
G1 X132.173 Y79.012 E.01169
G1 X131.724 Y78.898 E.01207
G1 X131.276 Y78.676 E.01303
G1 X129.931 Y77.463 E.04719
G1 X129.483 Y77.246 E.01297
G1 X129.035 Y77.17 E.01184
G1 X128.586 Y77.193 E.01171
G1 X128.138 Y77.307 E.01204
G1 X127.69 Y77.53 E.01304
G1 X126.345 Y78.742 E.04717
G1 X125.897 Y78.959 E.01297
G1 X125.448 Y79.036 E.01187
G1 X125 Y79.012 E.01169
G1 X124.552 Y78.898 E.01204
G1 X124.103 Y78.676 E.01305
G1 X122.759 Y77.463 E.04717
G1 X122.31 Y77.246 E.01299
G1 X121.862 Y77.17 E.01184
G1 X121.414 Y77.193 E.01169
G1 X120.965 Y77.307 E.01207
G1 X120.517 Y77.53 E.01304
G1 X119.172 Y78.742 E.04717
G1 X118.724 Y78.959 E.01297
G1 X118.276 Y79.036 E.01184
G1 X117.827 Y79.012 E.01172
G1 X117.379 Y78.898 E.01204
G1 X116.931 Y78.676 E.01303
G1 X115.586 Y77.463 E.04719
G1 X115.138 Y77.246 E.01297
G1 X114.689 Y77.17 E.01187
G1 X114.241 Y77.193 E.01169
G1 X113.793 Y77.307 E.01204
G1 X113.345 Y77.53 E.01304
G1 X112 Y78.742 E.04717
G1 X111.551 Y78.959 E.01299
G1 X111.103 Y79.036 E.01184
G1 X110.655 Y79.012 E.01169
G1 X110.207 Y78.898 E.01204
G1 X109.758 Y78.676 E.01305
G1 X108.413 Y77.463 E.04719
G1 X107.965 Y77.246 E.01297
G1 X107.517 Y77.17 E.01184
G1 X107.069 Y77.193 E.01169
G1 X106.62 Y77.307 E.01207
G1 X106.172 Y77.53 E.01304
G1 X104.827 Y78.742 E.04717
G1 X104.379 Y78.959 E.01297
G1 X103.93 Y79.036 E.01187
G1 X103.482 Y79.012 E.01169
G1 X103.034 Y78.898 E.01204
G1 X102.586 Y78.676 E.01303
G1 X101.241 Y77.463 E.04719
G1 X100.792 Y77.246 E.01299
G1 X100.344 Y77.17 E.01184
G1 X99.896 Y77.193 E.01169
G1 X99.448 Y77.307 E.01204
G1 X98.999 Y77.53 E.01306
G1 X97.654 Y78.742 E.04717
G1 X97.206 Y78.959 E.01297
G1 X96.758 Y79.036 E.01184
G1 X96.31 Y79.012 E.01169
G1 X95.861 Y78.898 E.01207
G1 X95.413 Y78.676 E.01303
G1 X94.068 Y77.463 E.04719
G1 X93.62 Y77.246 E.01297
G1 X93.172 Y77.17 E.01184
G1 X92.723 Y77.193 E.01171
G1 X92.275 Y77.307 E.01204
G1 X91.827 Y77.53 E.01304
G1 X90.482 Y78.742 E.04717
G1 X90.034 Y78.959 E.01297
G1 X89.585 Y79.036 E.01187
G1 X89.137 Y79.012 E.01169
G1 X88.689 Y78.898 E.01204
G1 X88.24 Y78.676 E.01305
G1 X86.896 Y77.463 E.04717
G1 X86.447 Y77.246 E.01299
G1 X85.999 Y77.17 E.01184
G1 X85.551 Y77.193 E.01169
G1 X85.102 Y77.307 E.01207
G1 X84.654 Y77.53 E.01304
G1 X83.309 Y78.742 E.04717
G1 X82.861 Y78.959 E.01297
G1 X82.413 Y79.036 E.01184
G1 X81.964 Y79.012 E.01172
G1 X81.516 Y78.898 E.01204
G1 X81.068 Y78.676 E.01303
G1 X79.723 Y77.463 E.04719
G1 X79.275 Y77.246 E.01297
G1 X78.826 Y77.17 E.01187
G1 X78.378 Y77.193 E.01169
G1 X77.93 Y77.307 E.01204
G1 X77.481 Y77.53 E.01306
G1 X76.137 Y78.742 E.04716
G1 X75.688 Y78.959 E.01299
G1 X75.24 Y79.036 E.01184
G1 X74.792 Y79.012 E.01169
G1 X74.343 Y78.898 E.01207
G1 X73.895 Y78.676 E.01303
G1 X72.779 Y77.662 E.03929
G1 X72.779 Y74.54 E.08135
G1 X73.447 Y75.156 E.02368
G1 X73.895 Y75.373 E.01297
G1 X74.343 Y75.45 E.01184
G1 X74.792 Y75.426 E.01172
G1 X75.24 Y75.312 E.01204
G1 X75.688 Y75.09 E.01303
G1 X77.033 Y73.877 E.04719
G1 X77.481 Y73.66 E.01297
G1 X77.93 Y73.583 E.01187
G1 X78.378 Y73.607 E.01169
G1 X78.826 Y73.721 E.01204
G1 X79.275 Y73.943 E.01305
G1 X80.619 Y75.156 E.04717
G1 X81.068 Y75.373 E.01299
G1 X81.516 Y75.45 E.01184
G1 X81.964 Y75.426 E.01169
G1 X82.413 Y75.312 E.01207
G1 X82.861 Y75.09 E.01303
G1 X84.206 Y73.877 E.04719
G1 X84.654 Y73.66 E.01297
G1 X85.102 Y73.583 E.01184
G1 X85.551 Y73.607 E.01172
G1 X85.999 Y73.721 E.01204
G1 X86.447 Y73.943 E.01303
G1 X87.792 Y75.156 E.04719
G1 X88.24 Y75.373 E.01297
G1 X88.689 Y75.45 E.01187
G1 X89.137 Y75.426 E.01169
G1 X89.585 Y75.312 E.01204
G1 X90.034 Y75.09 E.01305
G1 X91.378 Y73.877 E.04717
G1 X91.827 Y73.66 E.01299
G1 X92.275 Y73.583 E.01184
G1 X92.723 Y73.607 E.01169
G1 X93.172 Y73.721 E.01207
G1 X93.62 Y73.943 E.01303
G1 X94.965 Y75.156 E.04719
G1 X95.413 Y75.373 E.01297
G1 X95.861 Y75.45 E.01184
G1 X96.31 Y75.426 E.01172
G1 X96.758 Y75.312 E.01204
G1 X97.206 Y75.09 E.01303
G1 X98.551 Y73.877 E.04719
G1 X98.999 Y73.66 E.01297
G1 X99.448 Y73.583 E.01187
G1 X99.896 Y73.607 E.01169
G1 X100.344 Y73.721 E.01204
G1 X100.792 Y73.943 E.01303
G1 X102.137 Y75.156 E.04719
G1 X102.586 Y75.373 E.01299
G1 X103.034 Y75.45 E.01184
G1 X103.482 Y75.426 E.01169
G1 X103.93 Y75.312 E.01204
G1 X104.379 Y75.09 E.01305
G1 X105.724 Y73.877 E.04719
G1 X106.172 Y73.66 E.01297
G1 X106.62 Y73.583 E.01184
G1 X107.069 Y73.607 E.01172
G1 X107.517 Y73.721 E.01204
G1 X107.965 Y73.943 E.01303
G1 X109.31 Y75.156 E.04719
G1 X109.758 Y75.373 E.01297
G1 X110.207 Y75.45 E.01187
G1 X110.655 Y75.426 E.01169
G1 X111.103 Y75.312 E.01204
G1 X111.551 Y75.09 E.01303
G1 X112.896 Y73.877 E.04719
G1 X113.345 Y73.66 E.01299
G1 X113.793 Y73.583 E.01184
G1 X114.241 Y73.607 E.01169
G1 X114.689 Y73.721 E.01204
G1 X115.138 Y73.943 E.01305
G1 X116.483 Y75.156 E.04719
G1 X116.931 Y75.373 E.01297
G1 X117.379 Y75.45 E.01184
G1 X117.827 Y75.426 E.01169
G1 X118.276 Y75.312 E.01207
G1 X118.724 Y75.09 E.01303
G1 X120.069 Y73.877 E.04719
G1 X120.517 Y73.66 E.01297
G1 X120.965 Y73.583 E.01184
G1 X121.414 Y73.607 E.01172
G1 X121.862 Y73.721 E.01204
G1 X122.31 Y73.943 E.01303
G1 X123.655 Y75.156 E.04719
G1 X124.103 Y75.373 E.01297
G1 X124.552 Y75.45 E.01187
G1 X125 Y75.426 E.01169
G1 X125.448 Y75.312 E.01204
G1 X125.897 Y75.09 E.01305
G1 X127.241 Y73.877 E.04717
G1 X127.69 Y73.66 E.01299
G1 X128.138 Y73.583 E.01184
G1 X128.586 Y73.607 E.01169
G1 X129.035 Y73.721 E.01207
G1 X129.483 Y73.943 E.01303
G1 X130.828 Y75.156 E.04719
G1 X131.276 Y75.373 E.01297
G1 X131.724 Y75.45 E.01184
G1 X132.173 Y75.426 E.01172
G1 X132.621 Y75.312 E.01204
G1 X133.069 Y75.09 E.01303
G1 X134.414 Y73.877 E.04719
G1 X134.862 Y73.66 E.01297
G1 X135.311 Y73.583 E.01187
G1 X135.759 Y73.607 E.01169
G1 X136.207 Y73.721 E.01204
G1 X136.656 Y73.943 E.01305
G1 X138 Y75.156 E.04717
G1 X138.449 Y75.373 E.01299
G1 X138.897 Y75.45 E.01184
G1 X139.345 Y75.426 E.01169
G1 X139.794 Y75.312 E.01207
G1 X140.242 Y75.09 E.01303
G1 X141.587 Y73.877 E.04719
G1 X142.035 Y73.66 E.01297
G1 X142.483 Y73.583 E.01184
G1 X142.932 Y73.607 E.01172
G1 X143.38 Y73.721 E.01204
G1 X143.828 Y73.943 E.01303
G1 X145.173 Y75.156 E.04719
G1 X145.621 Y75.373 E.01297
G1 X146.07 Y75.45 E.01187
G1 X146.518 Y75.426 E.01169
G1 X146.966 Y75.312 E.01204
G1 X147.414 Y75.09 E.01303
G1 X148.759 Y73.877 E.04719
G1 X149.208 Y73.66 E.01299
G1 X149.656 Y73.583 E.01184
G1 X150.104 Y73.607 E.01169
G1 X150.552 Y73.721 E.01204
G1 X151.001 Y73.943 E.01305
G1 X152.346 Y75.156 E.04719
G1 X152.794 Y75.373 E.01297
G1 X153.242 Y75.45 E.01184
G1 X153.69 Y75.426 E.01169
G1 X154.139 Y75.312 E.01207
G1 X154.587 Y75.09 E.01303
G1 X155.932 Y73.877 E.04719
G1 X156.38 Y73.66 E.01297
G1 X156.828 Y73.583 E.01184
G1 X157.277 Y73.607 E.01172
G1 X157.725 Y73.721 E.01204
G1 X158.173 Y73.943 E.01303
G1 X159.518 Y75.156 E.04719
G1 X159.967 Y75.373 E.01299
G1 X160.415 Y75.45 E.01184
G1 X160.863 Y75.426 E.01169
G1 X161.311 Y75.312 E.01204
G1 X161.76 Y75.09 E.01305
G1 X163.105 Y73.877 E.04719
G1 X163.553 Y73.66 E.01297
G1 X164.001 Y73.583 E.01184
G1 X164.449 Y73.607 E.01169
G1 X164.898 Y73.721 E.01207
G1 X165.346 Y73.943 E.01303
G1 X166.691 Y75.156 E.04719
G1 X167.139 Y75.373 E.01297
G1 X167.587 Y75.45 E.01184
G1 X168.036 Y75.426 E.01172
G1 X168.484 Y75.312 E.01204
G1 X168.932 Y75.09 E.01303
G1 X170.277 Y73.877 E.04719
G1 X170.725 Y73.66 E.01297
G1 X171.174 Y73.583 E.01187
G1 X171.622 Y73.607 E.01169
G1 X172.07 Y73.721 E.01204
G1 X172.519 Y73.943 E.01305
G1 X173.863 Y75.156 E.04717
G1 X174.312 Y75.373 E.01299
G1 X174.76 Y75.45 E.01184
G1 X175.208 Y75.426 E.01169
G1 X175.657 Y75.312 E.01207
G1 X176.105 Y75.09 E.01303
G1 X177.221 Y74.076 E.03929
G1 X177.221 Y70.954 E.08135
G1 X176.553 Y71.57 E.02368
G1 X176.105 Y71.787 E.01297
G1 X175.657 Y71.863 E.01184
G1 X175.208 Y71.84 E.01171
G1 X174.76 Y71.726 E.01204
G1 X174.312 Y71.503 E.01304
G1 X172.967 Y70.29 E.04719
G1 X172.519 Y70.073 E.01297
G1 X172.07 Y69.997 E.01187
G1 X171.622 Y70.02 E.01169
G1 X171.174 Y70.134 E.01204
G1 X170.725 Y70.357 E.01306
G1 X169.381 Y71.57 E.04717
G1 X168.932 Y71.787 E.01299
G1 X168.484 Y71.863 E.01184
G1 X168.036 Y71.84 E.01169
G1 X167.587 Y71.726 E.01207
G1 X167.139 Y71.503 E.01304
G1 X165.794 Y70.29 E.04719
G1 X165.346 Y70.073 E.01297
G1 X164.898 Y69.997 E.01184
G1 X164.449 Y70.02 E.01171
G1 X164.001 Y70.134 E.01204
G1 X163.553 Y70.357 E.01304
G1 X162.208 Y71.57 E.04719
G1 X161.76 Y71.787 E.01297
G1 X161.311 Y71.863 E.01187
G1 X160.863 Y71.84 E.01169
G1 X160.415 Y71.726 E.01204
G1 X159.967 Y71.503 E.01304
G1 X158.622 Y70.29 E.04719
G1 X158.173 Y70.073 E.01299
G1 X157.725 Y69.997 E.01184
G1 X157.277 Y70.02 E.01169
G1 X156.828 Y70.134 E.01207
G1 X156.38 Y70.357 E.01304
G1 X155.035 Y71.57 E.04719
G1 X154.587 Y71.787 E.01297
G1 X154.139 Y71.863 E.01184
G1 X153.69 Y71.84 E.01171
G1 X153.242 Y71.726 E.01204
G1 X152.794 Y71.503 E.01304
G1 X151.449 Y70.29 E.04719
G1 X151.001 Y70.073 E.01297
G1 X150.552 Y69.997 E.01187
G1 X150.104 Y70.02 E.01169
G1 X149.656 Y70.134 E.01204
G1 X149.208 Y70.357 E.01304
G1 X147.863 Y71.57 E.04719
G1 X147.414 Y71.787 E.01299
G1 X146.966 Y71.863 E.01184
G1 X146.518 Y71.84 E.01169
G1 X146.07 Y71.726 E.01204
G1 X145.621 Y71.503 E.01306
G1 X144.276 Y70.29 E.04719
G1 X143.828 Y70.073 E.01297
G1 X143.38 Y69.997 E.01184
G1 X142.932 Y70.02 E.01169
G1 X142.483 Y70.134 E.01207
G1 X142.035 Y70.357 E.01304
G1 X140.69 Y71.57 E.04719
G1 X140.242 Y71.787 E.01297
G1 X139.794 Y71.863 E.01184
G1 X139.345 Y71.84 E.01171
G1 X138.897 Y71.726 E.01204
G1 X138.449 Y71.503 E.01304
G1 X137.104 Y70.29 E.04719
G1 X136.656 Y70.073 E.01297
G1 X136.207 Y69.997 E.01187
G1 X135.759 Y70.02 E.01169
G1 X135.311 Y70.134 E.01204
G1 X134.862 Y70.357 E.01306
G1 X133.518 Y71.57 E.04717
G1 X133.069 Y71.787 E.01299
G1 X132.621 Y71.863 E.01184
G1 X132.173 Y71.84 E.01169
G1 X131.724 Y71.726 E.01207
G1 X131.276 Y71.503 E.01304
G1 X129.931 Y70.29 E.04719
G1 X129.483 Y70.073 E.01297
G1 X129.035 Y69.997 E.01184
G1 X128.586 Y70.02 E.01171
G1 X128.138 Y70.134 E.01204
G1 X127.69 Y70.357 E.01304
G1 X126.345 Y71.57 E.04719
G1 X125.897 Y71.787 E.01297
G1 X125.448 Y71.863 E.01187
G1 X125 Y71.84 E.01169
G1 X124.552 Y71.726 E.01204
G1 X124.103 Y71.503 E.01306
G1 X122.759 Y70.29 E.04717
G1 X122.31 Y70.073 E.01299
G1 X121.862 Y69.997 E.01184
G1 X121.414 Y70.02 E.01169
G1 X120.965 Y70.134 E.01207
G1 X120.517 Y70.357 E.01304
G1 X119.172 Y71.57 E.04719
G1 X118.724 Y71.787 E.01297
G1 X118.276 Y71.863 E.01184
G1 X117.827 Y71.84 E.01171
G1 X117.379 Y71.726 E.01204
G1 X116.931 Y71.503 E.01304
G1 X115.586 Y70.29 E.04719
G1 X115.138 Y70.073 E.01297
G1 X114.689 Y69.997 E.01187
G1 X114.241 Y70.02 E.01169
G1 X113.793 Y70.134 E.01204
G1 X113.345 Y70.357 E.01304
G1 X112 Y71.57 E.04719
G1 X111.551 Y71.787 E.01299
G1 X111.103 Y71.863 E.01184
G1 X110.655 Y71.84 E.01169
G1 X110.207 Y71.726 E.01204
G1 X109.758 Y71.503 E.01306
G1 X108.413 Y70.29 E.04719
G1 X107.965 Y70.073 E.01297
G1 X107.517 Y69.997 E.01184
G1 X107.069 Y70.02 E.01169
G1 X106.62 Y70.134 E.01207
G1 X106.172 Y70.357 E.01304
G1 X104.827 Y71.57 E.04719
G1 X104.379 Y71.787 E.01297
G1 X103.93 Y71.863 E.01187
G1 X103.482 Y71.84 E.01169
G1 X103.034 Y71.726 E.01204
G1 X102.586 Y71.503 E.01304
G1 X101.241 Y70.29 E.04719
G1 X100.792 Y70.073 E.01299
G1 X100.344 Y69.997 E.01184
G1 X99.896 Y70.02 E.01169
G1 X99.448 Y70.134 E.01204
G1 X98.999 Y70.357 E.01306
G1 X97.654 Y71.57 E.04719
G1 X97.206 Y71.787 E.01297
G1 X96.758 Y71.863 E.01184
G1 X96.31 Y71.84 E.01169
G1 X95.861 Y71.726 E.01207
G1 X95.413 Y71.503 E.01304
G1 X94.068 Y70.29 E.04719
G1 X93.62 Y70.073 E.01297
G1 X93.172 Y69.997 E.01184
G1 X92.723 Y70.02 E.01171
G1 X92.275 Y70.134 E.01204
G1 X91.827 Y70.357 E.01304
G1 X90.482 Y71.57 E.04719
G1 X90.034 Y71.787 E.01297
G1 X89.585 Y71.863 E.01187
G1 X89.137 Y71.84 E.01169
G1 X88.689 Y71.726 E.01204
G1 X88.24 Y71.503 E.01306
G1 X86.896 Y70.29 E.04717
G1 X86.447 Y70.073 E.01299
G1 X85.999 Y69.997 E.01184
G1 X85.551 Y70.02 E.01169
G1 X85.102 Y70.134 E.01207
G1 X84.654 Y70.357 E.01304
G1 X83.309 Y71.57 E.04719
G1 X82.861 Y71.787 E.01297
G1 X82.413 Y71.863 E.01184
G1 X81.964 Y71.84 E.01171
G1 X81.516 Y71.726 E.01204
G1 X81.068 Y71.503 E.01304
G1 X79.723 Y70.29 E.04719
G1 X79.275 Y70.073 E.01297
G1 X78.826 Y69.997 E.01187
G1 X78.378 Y70.02 E.01169
G1 X77.93 Y70.134 E.01204
G1 X77.481 Y70.357 E.01306
G1 X76.137 Y71.57 E.04717
G1 X75.688 Y71.787 E.01299
G1 X75.24 Y71.863 E.01184
G1 X74.792 Y71.84 E.01169
G1 X74.343 Y71.726 E.01207
G1 X73.895 Y71.503 E.01304
G1 X72.779 Y70.49 E.03927
G1 X72.78 Y67.367 E.08137
G1 X73.447 Y67.983 E.02366
G1 X73.895 Y68.201 E.01298
G1 X74.343 Y68.277 E.01184
G1 X74.792 Y68.253 E.01172
G1 X75.24 Y68.14 E.01204
G1 X75.688 Y67.917 E.01304
G1 X77.033 Y66.704 E.04719
G1 X77.481 Y66.487 E.01297
G1 X77.93 Y66.411 E.01187
G1 X78.378 Y66.434 E.01169
G1 X78.826 Y66.548 E.01204
G1 X79.275 Y66.771 E.01306
G1 X80.619 Y67.983 E.04716
G1 X81.068 Y68.201 E.01301
G1 X81.516 Y68.277 E.01184
G1 X81.964 Y68.253 E.01169
G1 X82.413 Y68.14 E.01206
G1 X82.861 Y67.917 E.01304
G1 X84.206 Y66.704 E.04719
G1 X84.654 Y66.487 E.01297
G1 X85.102 Y66.411 E.01184
G1 X85.551 Y66.434 E.01171
G1 X85.999 Y66.548 E.01204
G1 X86.447 Y66.771 E.01304
G1 X87.792 Y67.983 E.04717
G1 X88.24 Y68.201 E.01298
G1 X88.689 Y68.277 E.01187
G1 X89.137 Y68.253 E.01169
G1 X89.585 Y68.14 E.01204
G1 X90.034 Y67.917 E.01306
G1 X91.378 Y66.704 E.04717
G1 X91.827 Y66.487 E.01299
G1 X92.275 Y66.411 E.01184
G1 X92.723 Y66.434 E.01169
G1 X93.172 Y66.548 E.01207
G1 X93.62 Y66.771 E.01304
G1 X94.965 Y67.983 E.04717
G1 X95.413 Y68.201 E.01298
G1 X95.861 Y68.277 E.01184
G1 X96.31 Y68.253 E.01172
G1 X96.758 Y68.14 E.01204
G1 X97.206 Y67.917 E.01304
G1 X98.551 Y66.704 E.04719
G1 X98.999 Y66.487 E.01297
G1 X99.448 Y66.411 E.01187
G1 X99.896 Y66.434 E.01169
G1 X100.344 Y66.548 E.01204
G1 X100.792 Y66.771 E.01304
G1 X102.137 Y67.983 E.04717
G1 X102.586 Y68.201 E.01301
G1 X103.034 Y68.277 E.01184
G1 X103.482 Y68.253 E.01169
G1 X103.93 Y68.14 E.01204
G1 X104.379 Y67.917 E.01306
G1 X105.724 Y66.704 E.04719
G1 X106.172 Y66.487 E.01297
G1 X106.62 Y66.411 E.01184
G1 X107.069 Y66.434 E.01171
G1 X107.517 Y66.548 E.01204
G1 X107.965 Y66.771 E.01304
G1 X109.31 Y67.983 E.04717
G1 X109.758 Y68.201 E.01298
G1 X110.207 Y68.277 E.01187
G1 X110.655 Y68.253 E.01169
G1 X111.103 Y68.14 E.01204
G1 X111.551 Y67.917 E.01304
G1 X112.896 Y66.704 E.04719
G1 X113.345 Y66.487 E.01299
G1 X113.793 Y66.411 E.01184
G1 X114.241 Y66.434 E.01169
G1 X114.689 Y66.548 E.01204
G1 X115.138 Y66.771 E.01306
G1 X116.483 Y67.983 E.04717
G1 X116.931 Y68.201 E.01298
G1 X117.379 Y68.277 E.01184
G1 X117.827 Y68.253 E.01169
G1 X118.276 Y68.14 E.01206
G1 X118.724 Y67.917 E.01304
G1 X120.069 Y66.704 E.04719
G1 X120.517 Y66.487 E.01297
G1 X120.965 Y66.411 E.01184
G1 X121.414 Y66.434 E.01171
G1 X121.862 Y66.548 E.01204
G1 X122.31 Y66.771 E.01304
G1 X123.655 Y67.983 E.04717
G1 X124.103 Y68.201 E.01298
G1 X124.552 Y68.277 E.01187
G1 X125 Y68.253 E.01169
G1 X125.448 Y68.14 E.01204
G1 X125.897 Y67.917 E.01306
G1 X127.241 Y66.704 E.04717
G1 X127.69 Y66.487 E.01299
G1 X128.138 Y66.411 E.01184
G1 X128.586 Y66.434 E.01169
G1 X129.035 Y66.548 E.01207
G1 X129.483 Y66.771 E.01304
G1 X130.828 Y67.983 E.04717
G1 X131.276 Y68.201 E.01298
G1 X131.724 Y68.277 E.01184
G1 X132.173 Y68.253 E.01172
G1 X132.621 Y68.14 E.01204
G1 X133.069 Y67.917 E.01304
G1 X134.414 Y66.704 E.04719
G1 X134.862 Y66.487 E.01297
G1 X135.311 Y66.411 E.01187
G1 X135.759 Y66.434 E.01169
G1 X136.207 Y66.548 E.01204
G1 X136.656 Y66.771 E.01306
G1 X138 Y67.983 E.04716
G1 X138.449 Y68.201 E.01301
G1 X138.897 Y68.277 E.01184
G1 X139.345 Y68.253 E.01169
G1 X139.794 Y68.14 E.01206
G1 X140.242 Y67.917 E.01304
G1 X141.587 Y66.704 E.04719
G1 X142.035 Y66.487 E.01297
G1 X142.483 Y66.411 E.01184
G1 X142.932 Y66.434 E.01171
G1 X143.38 Y66.548 E.01204
G1 X143.828 Y66.771 E.01304
G1 X145.173 Y67.983 E.04717
G1 X145.621 Y68.201 E.01298
G1 X146.07 Y68.277 E.01187
G1 X146.518 Y68.253 E.01169
G1 X146.966 Y68.14 E.01204
G1 X147.414 Y67.917 E.01304
G1 X148.759 Y66.704 E.04719
G1 X149.208 Y66.487 E.01299
G1 X149.656 Y66.411 E.01184
G1 X150.104 Y66.434 E.01169
G1 X150.552 Y66.548 E.01204
G1 X151.001 Y66.771 E.01306
G1 X152.346 Y67.983 E.04717
G1 X152.794 Y68.201 E.01298
G1 X153.242 Y68.277 E.01184
G1 X153.69 Y68.253 E.01169
G1 X154.139 Y68.14 E.01206
G1 X154.587 Y67.917 E.01304
G1 X155.932 Y66.704 E.04719
G1 X156.38 Y66.487 E.01297
G1 X156.828 Y66.411 E.01184
G1 X157.277 Y66.434 E.01171
G1 X157.725 Y66.548 E.01204
G1 X158.173 Y66.771 E.01304
G1 X159.518 Y67.983 E.04717
G1 X159.967 Y68.201 E.01301
G1 X160.415 Y68.277 E.01184
G1 X160.863 Y68.253 E.01169
G1 X161.311 Y68.14 E.01204
G1 X161.76 Y67.917 E.01306
G1 X163.105 Y66.704 E.04719
G1 X163.553 Y66.487 E.01297
G1 X164.001 Y66.411 E.01184
G1 X164.449 Y66.434 E.01169
G1 X164.898 Y66.548 E.01207
G1 X165.346 Y66.771 E.01304
G1 X166.691 Y67.983 E.04717
G1 X167.139 Y68.201 E.01298
G1 X167.587 Y68.277 E.01184
G1 X168.036 Y68.253 E.01172
G1 X168.484 Y68.14 E.01204
G1 X168.932 Y67.917 E.01304
G1 X170.277 Y66.704 E.04719
G1 X170.725 Y66.487 E.01297
G1 X171.174 Y66.411 E.01187
G1 X171.622 Y66.434 E.01169
G1 X172.07 Y66.548 E.01204
G1 X172.519 Y66.771 E.01306
G1 X173.863 Y67.983 E.04716
G1 X174.312 Y68.201 E.01301
G1 X174.76 Y68.277 E.01184
G1 X175.208 Y68.253 E.01169
G1 X175.657 Y68.14 E.01206
G1 X176.105 Y67.917 E.01304
G1 X177.22 Y66.904 E.03925
G1 X177.22 Y63.781 E.08137
G1 X176.553 Y64.397 E.02366
G1 X176.105 Y64.614 E.01297
G1 X175.657 Y64.691 E.01184
G1 X175.208 Y64.667 E.01172
G1 X174.76 Y64.553 E.01204
G1 X174.312 Y64.331 E.01303
G1 X173.405 Y63.5 E.03205
G1 X170.334 Y63.499 E.08002
G1 X169.381 Y64.397 E.03412
G1 X168.932 Y64.614 E.01299
G1 X168.484 Y64.691 E.01184
G1 X168.036 Y64.667 E.01169
G1 X167.587 Y64.553 E.01207
G1 X167.139 Y64.331 E.01303
G1 X166.232 Y63.499 E.03207
G1 X163.162 Y63.499 E.07999
G1 X162.208 Y64.397 E.03414
G1 X161.76 Y64.614 E.01297
G1 X161.311 Y64.691 E.01187
G1 X160.863 Y64.667 E.01169
G1 X160.415 Y64.553 E.01204
G1 X159.967 Y64.331 E.01303
G1 X159.058 Y63.499 E.03211
G1 X155.99 Y63.498 E.07994
G1 X155.035 Y64.397 E.03417
G1 X154.587 Y64.614 E.01297
G1 X154.139 Y64.691 E.01184
G1 X153.69 Y64.667 E.01172
G1 X153.242 Y64.553 E.01204
G1 X152.794 Y64.331 E.01303
G1 X151.885 Y63.498 E.03213
G1 X148.818 Y63.498 E.07991
G1 X147.863 Y64.397 E.03417
G1 X147.414 Y64.614 E.01299
G1 X146.966 Y64.691 E.01184
G1 X146.244 Y64.598 E.01897
G1 X140.295 Y64.588 E.15501
G1 X139.794 Y64.691 E.01333
G1 X139.345 Y64.667 E.01172
G1 X138.897 Y64.553 E.01204
G1 X138.449 Y64.331 E.01303
G1 X137.54 Y63.498 E.03213
G1 X134.473 Y63.498 E.07991
G1 X133.518 Y64.397 E.03417
G1 X133.069 Y64.614 E.01299
G1 X132.621 Y64.691 E.01184
G1 X132.173 Y64.667 E.01169
G1 X131.724 Y64.553 E.01207
G1 X131.276 Y64.331 E.01303
G1 X130.367 Y63.498 E.03213
G1 X127.3 Y63.498 E.07991
G1 X126.345 Y64.397 E.03417
G1 X125.897 Y64.614 E.01297
G1 X125.448 Y64.691 E.01187
G1 X125 Y64.667 E.01169
G1 X124.552 Y64.553 E.01204
G1 X124.103 Y64.331 E.01305
G1 X123.195 Y63.498 E.03211
G1 X120.128 Y63.498 E.07991
G1 X119.172 Y64.397 E.03419
G1 X118.724 Y64.614 E.01297
G1 X118.276 Y64.691 E.01184
G1 X117.827 Y64.667 E.01172
G1 X117.379 Y64.553 E.01204
G1 X116.931 Y64.331 E.01303
G1 X116.022 Y63.498 E.03213
G1 X112.955 Y63.498 E.07991
G1 X112 Y64.397 E.03417
G1 X111.551 Y64.614 E.01299
G1 X111.103 Y64.691 E.01184
G1 X110.655 Y64.667 E.01169
G1 X110.206 Y64.553 E.01207
G1 X109.935 Y64.598 E.00716
G1 X104.417 Y64.596 E.14378
G1 X103.93 Y64.691 E.01293
G1 X103.482 Y64.667 E.01169
G1 X103.034 Y64.553 E.01204
G1 X102.586 Y64.331 E.01303
G1 X101.677 Y63.498 E.03213
G1 X98.609 Y63.498 E.07994
G1 X97.654 Y64.397 E.03417
G1 X97.206 Y64.614 E.01297
G1 X96.758 Y64.691 E.01184
G1 X96.31 Y64.667 E.01169
G1 X95.861 Y64.553 E.01207
G1 X95.413 Y64.331 E.01303
G1 X94.505 Y63.498 E.03211
G1 X91.436 Y63.499 E.07997
G1 X90.482 Y64.397 E.03414
G1 X90.034 Y64.614 E.01297
G1 X89.585 Y64.691 E.01187
G1 X89.137 Y64.667 E.01169
G1 X88.689 Y64.553 E.01204
G1 X88.24 Y64.331 E.01305
G1 X87.333 Y63.499 E.03207
G1 X84.263 Y63.499 E.07999
G1 X83.309 Y64.397 E.03414
G1 X82.861 Y64.614 E.01297
G1 X82.413 Y64.691 E.01184
G1 X81.964 Y64.667 E.01172
G1 X81.516 Y64.553 E.01204
G1 X81.068 Y64.331 E.01303
G1 X80.161 Y63.499 E.03207
G1 X77.09 Y63.5 E.08002
G1 X76.137 Y64.397 E.0341
G1 X75.688 Y64.614 E.01299
G1 X75.24 Y64.691 E.01184
G1 X74.792 Y64.667 E.01169
G1 X74.343 Y64.553 E.01207
G1 X73.895 Y64.331 E.01303
G1 X72.988 Y63.5 E.03205
G1 X75.488 Y63.5 E.06514
;LAYER_CHANGE
;Z:1.7
;HEIGHT:0.15
;BEFORE_LAYER_CHANGE
G92 E0.0
;1.7


;WIPE_START
G1 F8640
G1 X72.988 Y63.5 E-.57726
G1 X73.699 Y64.151 E-.22274
;WIPE_END
G1 Z1.7 F720
;AFTER_LAYER_CHANGE
;1.7
G1 Z2.1
G1 X174.467 Y144.745 F10800
G1 Z1.7 F720
G1 E.8 F2100
M204 S800
;TYPE:Perimeter
;WIDTH:0.449999
G1 F2700
G1 X174.392 Y144.832 E.00299
G1 X174.036 Y144.943 E.00972
G1 X147.16 Y144.943 E.70027
;WIDTH:0.499571
G1 X146.972 Y144.968 E.00553
;WIDTH:0.549142
G1 X146.783 Y144.992 E.00614
;WIDTH:0.598713
G1 X146.595 Y145.017 E.0067
;WIDTH:0.648284
G1 X146.406 Y145.042 E.00732
G1 X140.074 Y145.042 E.24328
G1 X139.885 Y145.017 E.00732
;WIDTH:0.598713
G1 X139.697 Y144.992 E.0067
;WIDTH:0.549142
G1 X139.508 Y144.968 E.00614
;WIDTH:0.499571
G1 X139.32 Y144.943 E.00553
;WIDTH:0.449999
G1 X110.68 Y144.943 E.74624
;WIDTH:0.499571
G1 X110.492 Y144.968 E.00553
;WIDTH:0.549142
G1 X110.303 Y144.992 E.00614
;WIDTH:0.598713
G1 X110.115 Y145.017 E.0067
;WIDTH:0.648284
G1 X109.926 Y145.042 E.00732
G1 X103.594 Y145.042 E.24328
G1 X103.405 Y145.017 E.00732
;WIDTH:0.598713
G1 X103.217 Y144.992 E.0067
;WIDTH:0.549142
G1 X103.028 Y144.968 E.00614
;WIDTH:0.499571
G1 X102.84 Y144.943 E.00553
;WIDTH:0.449999
G1 X77.964 Y144.943 E.64816
G1 X77.676 Y144.873 E.00772
G1 X77.471 Y144.703 E.00694
G1 X77.367 Y144.507 E.00578
G1 X77.337 Y144.316 E.00504
G1 X77.337 Y83.684 E1.57981
G1 X77.411 Y83.389 E.00792
G1 X77.588 Y83.183 E.00708
G1 X77.894 Y83.057 E.00862
G1 X174.036 Y83.057 E2.50505
G1 X174.331 Y83.131 E.00792
G1 X174.49 Y83.252 E.00521
G1 X174.615 Y83.443 E.00595
G1 X174.663 Y83.684 E.0064
G1 X174.663 Y144.316 E1.57981
G1 X174.598 Y144.593 E.00741
M73 Q46 S30
G1 X174.506 Y144.7 E.00368
M204 S1000
G1 X174.169 Y144.449 F10800
M204 S800
;TYPE:External perimeter
G1 F1500
G1 X174.068 Y144.525 E.00329
G1 X77.964 Y144.525 E2.50406
G1 X77.8 Y144.445 E.00475
M73 P46 R30
G1 X77.755 Y144.316 E.00356
G1 X77.755 Y83.684 E1.57981
G1 X77.807 Y83.547 E.00382
G1 X77.964 Y83.475 E.0045
G1 X174.036 Y83.475 E2.50323
G1 X174.187 Y83.54 E.00428
G1 X174.245 Y83.684 E.00404
G1 X174.245 Y144.316 E1.57981
G1 X174.223 Y144.408 E.00246
G1 X174.217 Y144.413 E.0002
M204 S1000
;WIPE_START
G1 F8640
G1 X174.169 Y144.449 E-.01385
G1 X174.068 Y144.525 E-.02919
G1 X170.79 Y144.525 E-.75696
;WIPE_END
G1 Z2.1 F720
G1 X146.842 Y145.952 F10800
G1 Z1.7 F720
G1 E.8 F2100
M204 S800
;TYPE:Perimeter
G1 F2700
G1 X146.81 Y145.904 E.0015
;WIDTH:0.499571
G1 X146.709 Y145.843 E.00344
;WIDTH:0.549142
G1 X146.608 Y145.781 E.00382
;WIDTH:0.598713
G1 X146.507 Y145.72 E.00417
;WIDTH:0.648284
G1 X146.406 Y145.658 E.00455
G1 X140.074 Y145.658 E.24328
G1 X139.973 Y145.72 E.00455
;WIDTH:0.598713
G1 X139.872 Y145.781 E.00417
;WIDTH:0.549142
G1 X139.771 Y145.843 E.00382
;WIDTH:0.499571
G1 X139.67 Y145.904 E.00344
;WIDTH:0.449999
G1 X139.477 Y146.192 E.00903
G1 X139.447 Y146.857 E.01734
G1 X110.553 Y146.857 E.75285
G1 X110.523 Y146.192 E.01734
G1 X110.33 Y145.904 E.00903
;WIDTH:0.499571
G1 X110.229 Y145.843 E.00344
;WIDTH:0.549142
G1 X110.128 Y145.781 E.00382
;WIDTH:0.598713
G1 X110.027 Y145.72 E.00417
;WIDTH:0.648284
G1 X109.926 Y145.658 E.00455
G1 X103.594 Y145.658 E.24328
G1 X103.493 Y145.72 E.00455
;WIDTH:0.598713
G1 X103.392 Y145.781 E.00417
;WIDTH:0.549142
G1 X103.291 Y145.843 E.00382
;WIDTH:0.499571
G1 X103.19 Y145.904 E.00344
;WIDTH:0.449999
G1 X102.997 Y146.192 E.00903
G1 X102.967 Y146.857 E.01734
G1 X72.546 Y146.857 E.79264
G1 X72.423 Y146.734 E.00453
G1 X72.423 Y108.793 E.98858
G1 X72.896 Y108.793 E.01232
M73 P46 R29
G1 X73.162 Y108.734 E.0071
G1 X73.299 Y108.646 E.00424
G1 X73.493 Y108.356 E.00909
G1 X73.523 Y108.166 E.00501
G1 X73.523 Y101.834 E.16498
G1 X73.493 Y101.644 E.00501
G1 X73.413 Y101.479 E.00478
G1 X73.162 Y101.266 E.00858
G1 X72.896 Y101.207 E.0071
G1 X72.423 Y101.207 E.01232
G1 X72.423 Y63.266 E.98858
G1 X72.546 Y63.143 E.00453
G1 X102.967 Y63.143 E.79264
G1 X102.967 Y63.616 E.01232
G1 X103.065 Y63.952 E.00912
G1 X103.178 Y64.085 E.00455
G1 X103.316 Y64.178 E.00434
G1 X103.594 Y64.243 E.00744
G1 X109.969 Y64.243 E.16611
G1 X110.261 Y64.146 E.00802
G1 X110.455 Y63.952 E.00715
G1 X110.553 Y63.616 E.00912
G1 X110.553 Y63.143 E.01232
G1 X139.447 Y63.143 E.75285
G1 X139.447 Y63.616 E.01232
G1 X139.545 Y63.952 E.00912
G1 X139.658 Y64.085 E.00455
G1 X139.796 Y64.178 E.00434
G1 X140.074 Y64.243 E.00744
G1 X146.449 Y64.243 E.16611
G1 X146.741 Y64.146 E.00802
G1 X146.935 Y63.952 E.00715
G1 X147.033 Y63.616 E.00912
G1 X147.033 Y63.143 E.01232
G1 X177.454 Y63.143 E.79264
G1 X177.577 Y63.266 E.00453
G1 X177.577 Y101.207 E.98858
G1 X177.104 Y101.207 E.01232
G1 X176.808 Y101.281 E.00795
G1 X176.58 Y101.489 E.00804
G1 X176.477 Y101.834 E.00938
G1 X176.477 Y108.166 E.16498
G1 X176.58 Y108.511 E.00938
G1 X176.808 Y108.719 E.00804
G1 X177.104 Y108.793 E.00795
G1 X177.577 Y108.793 E.01232
G1 X177.577 Y146.734 E.98858
G1 X177.454 Y146.857 E.00453
G1 X147.033 Y146.857 E.79264
G1 X147.003 Y146.192 E.01734
G1 X146.875 Y146.002 E.00597
M204 S1000
G1 X146.551 Y146.246 F10800
M204 S800
;TYPE:External perimeter
G1 F1500
G1 X146.541 Y146.224 E.00063
G1 X146.406 Y146.175 E.00374
G1 X140.074 Y146.175 E.16498
G1 X139.939 Y146.224 E.00374
G1 X139.865 Y146.384 E.00459
G1 X139.865 Y147.275 E.02322
G1 X110.135 Y147.275 E.77464
G1 X110.135 Y146.384 E.02322
G1 X110.061 Y146.224 E.00459
G1 X109.926 Y146.175 E.00374
G1 X103.594 Y146.175 E.16498
G1 X103.459 Y146.224 E.00374
G1 X103.385 Y146.384 E.00459
G1 X103.385 Y147.275 E.02322
G1 X72.373 Y147.275 E.80804
G1 X72.005 Y146.907 E.01356
M73 Q46 S29
G1 X72.005 Y108.375 E1.00398
G1 X72.896 Y108.375 E.02322
G1 X73.03 Y108.326 E.00372
G1 X73.105 Y108.166 E.0046
G1 X73.105 Y101.834 E.16498
G1 X73.03 Y101.674 E.0046
G1 X72.896 Y101.625 E.00372
G1 X72.005 Y101.625 E.02322
G1 X72.005 Y63.093 E1.00398
G1 X72.373 Y62.725 E.01356
G1 X103.385 Y62.725 E.80804
G1 X103.385 Y63.616 E.02322
G1 X103.455 Y63.772 E.00446
G1 X103.594 Y63.825 E.00388
G1 X109.926 Y63.825 E.16498
G1 X110.065 Y63.772 E.00388
G1 X110.135 Y63.616 E.00446
G1 X110.135 Y62.725 E.02322
G1 X139.865 Y62.725 E.77464
G1 X139.865 Y63.616 E.02322
G1 X139.935 Y63.772 E.00446
G1 X140.074 Y63.825 E.00388
G1 X146.406 Y63.825 E.16498
G1 X146.545 Y63.772 E.00388
G1 X146.615 Y63.616 E.00446
G1 X146.615 Y62.725 E.02322
G1 X177.627 Y62.725 E.80804
G1 X177.995 Y63.093 E.01356
M73 Q47 S29
G1 X177.995 Y101.625 E1.00398
G1 X177.005 Y101.65 E.0258
M73 P47 R29
G1 X176.929 Y101.719 E.00267
G1 X176.895 Y101.834 E.00312
G1 X176.895 Y108.198 E.16582
G1 X177.005 Y108.35 E.00489
G1 X177.104 Y108.375 E.00266
G1 X177.995 Y108.375 E.02322
G1 X177.995 Y146.907 E1.00398
G1 X177.627 Y147.275 E.01356
G1 X146.615 Y147.275 E.80804
G1 X146.615 Y146.384 E.02322
G1 X146.576 Y146.3 E.00241
M204 S1000
;WIPE_START
G1 F8640
G1 X146.551 Y146.246 E-.01374
G1 X146.541 Y146.224 E-.00558
G1 X146.406 Y146.175 E-.03316
G1 X143.169 Y146.175 E-.74752
;WIPE_END
G1 Z2.1 F720
G1 X150.444 Y146.502 F10800
G1 Z1.7 F720
G1 E.8 F2100
;TYPE:Internal infill
;WIDTH:0.45
G1 F4800
G1 X147.944 Y146.502 E.06514
G1 X148.759 Y145.743 E.02902
G1 X149.208 Y145.484 E.01351
G1 X149.656 Y145.363 E.01209
G1 X150.104 Y145.344 E.01168
G1 X150.552 Y145.415 E.01182
G1 X151.001 Y145.592 E.01258
G1 X151.449 Y145.905 E.01424
G1 X152.081 Y146.502 E.02265
G1 X155.117 Y146.502 E.07911
G1 X155.932 Y145.743 E.02902
G1 X156.38 Y145.484 E.01348
G1 X156.828 Y145.363 E.01209
G1 X157.277 Y145.344 E.01171
G1 X157.725 Y145.415 E.01182
G1 X158.173 Y145.592 E.01255
G1 X158.622 Y145.905 E.01426
G1 X159.253 Y146.501 E.02262
G1 X162.29 Y146.501 E.07913
G1 X163.105 Y145.743 E.029
G1 X163.553 Y145.484 E.01348
G1 X164.001 Y145.363 E.01209
G1 X164.449 Y145.344 E.01168
G1 X164.898 Y145.415 E.01184
G1 X165.346 Y145.592 E.01255
G1 X165.794 Y145.905 E.01424
G1 X166.425 Y146.501 E.02262
G1 X169.463 Y146.501 E.07916
G1 X170.277 Y145.743 E.02898
G1 X170.725 Y145.484 E.01348
G1 X171.174 Y145.363 E.01212
G1 X171.622 Y145.344 E.01168
G1 X172.07 Y145.415 E.01182
G1 X172.519 Y145.592 E.01258
G1 X172.967 Y145.905 E.01424
G1 X173.597 Y146.5 E.02258
G1 X176.636 Y146.5 E.07918
G1 X177.22 Y145.951 E.02088
G1 X177.22 Y142.539 E.0889
G1 X176.553 Y143.155 E.02366
G1 X176.105 Y143.414 E.01348
G1 X175.657 Y143.536 E.0121
G1 X175.018 Y143.524 E.01665
G1 X175.018 Y139.96 E.09286
G1 X175.657 Y139.897 E.01673
G1 X176.105 Y139.72 E.01255
G1 X176.553 Y139.408 E.01422
G1 X177.221 Y138.778 E.02392
G1 X177.221 Y135.366 E.0889
G1 X176.553 Y135.983 E.02369
G1 X176.105 Y136.242 E.01348
G1 X175.657 Y136.363 E.01209
G1 X175.018 Y136.352 E.01665
G1 X175.018 Y132.788 E.09286
G1 X175.657 Y132.724 E.01673
G1 X176.105 Y132.548 E.01254
G1 X176.553 Y132.235 E.01424
G1 X177.221 Y131.605 E.02392
G1 X177.221 Y128.193 E.0889
G1 X176.553 Y128.81 E.02369
G1 X176.105 Y129.069 E.01348
G1 X175.657 Y129.191 E.0121
G1 X175.018 Y129.179 E.01665
G1 X175.018 Y125.615 E.09286
G1 X175.657 Y125.552 E.01673
G1 X176.105 Y125.375 E.01255
G1 X176.553 Y125.063 E.01422
G1 X177.221 Y124.432 E.02394
G1 X177.221 Y121.02 E.0889
G1 X176.553 Y121.637 E.02369
G1 X176.105 Y121.897 E.0135
G1 X175.657 Y122.018 E.01209
G1 X175.018 Y122.007 E.01665
G1 X175.018 Y118.443 E.09286
G1 X175.657 Y118.379 E.01673
G1 X176.105 Y118.203 E.01254
G1 X176.553 Y117.89 E.01424
G1 X177.222 Y117.259 E.02396
G1 X177.222 Y113.847 E.0889
G1 X176.553 Y114.465 E.02373
G1 X176.105 Y114.724 E.01348
G1 X175.657 Y114.845 E.01209
G1 X175.018 Y114.834 E.01665
G1 X175.018 Y111.27 E.09286
G1 X175.657 Y111.207 E.01673
G1 X176.105 Y111.03 E.01255
G1 X176.553 Y110.717 E.01424
G1 X177.222 Y110.086 E.02396
G1 X177.222 Y109.148 E.02444
G1 X176.638 Y109.036 E.01549
G1 X176.282 Y108.711 E.01256
G1 X176.135 Y108.339 E.01042
G1 X176.133 Y107.535 E.02095
G1 X175.657 Y107.673 E.01291
G1 X175.018 Y107.661 E.01665
G1 X175.018 Y104.097 E.09286
G1 X175.657 Y104.034 E.01673
G1 X176.126 Y103.843 E.01319
G1 X176.122 Y101.813 E.05289
G1 X176.277 Y101.294 E.01411
G1 X176.638 Y100.964 E.01274
G1 X177.222 Y100.852 E.01549
G1 X177.222 Y99.502 E.03518
G1 X176.553 Y100.12 E.02373
G1 X176.105 Y100.379 E.01348
G1 X175.657 Y100.5 E.01209
G1 X175.018 Y100.489 E.01665
G1 X175.018 Y96.925 E.09286
G1 X175.657 Y96.861 E.01673
G1 X176.105 Y96.685 E.01254
G1 X176.553 Y96.372 E.01424
G1 X177.222 Y95.741 E.02396
G1 X177.222 Y92.33 E.08888
G1 X176.553 Y92.947 E.02371
G1 X176.105 Y93.206 E.01348
G1 X175.657 Y93.327 E.01209
G1 X175.018 Y93.316 E.01665
G1 X175.018 Y89.752 E.09286
G1 X175.657 Y89.689 E.01673
G1 X176.105 Y89.512 E.01255
G1 X176.553 Y89.2 E.01422
G1 X177.221 Y88.569 E.02394
G1 X177.221 Y85.157 E.0889
G1 X176.553 Y85.774 E.02369
G1 X176.105 Y86.034 E.0135
G1 X175.657 Y86.155 E.01209
G1 X175.018 Y86.144 E.01665
G1 X175.018 Y88.644 E.06514
;WIPE_START
G1 F8640
G1 X175.018 Y86.144 E-.57726
G1 X175.657 Y86.155 E-.14757
G1 X175.971 Y86.07 E-.07517
;WIPE_END
G1 Z2.1 F720
G1 X139.691 Y145.454 F10800
G1 Z1.7 F720
G1 E.8 F2100
G1 F4800
G1 X139.432 Y145.637 E.00826
G1 X139.139 Y146.074 E.01371
G1 X139.092 Y146.502 E.01122
G1 X137.869 Y146.502 E.03187
G1 X137.552 Y146.336 E.00932
G1 X137.104 Y145.905 E.0162
G1 X136.656 Y145.592 E.01424
G1 X136.207 Y145.415 E.01258
G1 X135.759 Y145.344 E.01182
G1 X135.311 Y145.363 E.01168
G1 X134.862 Y145.484 E.01212
G1 X134.414 Y145.743 E.01348
G1 X133.591 Y146.502 E.02917
G1 X130.697 Y146.502 E.07541
G1 X130.379 Y146.336 E.00935
G1 X129.931 Y145.905 E.0162
G1 X129.483 Y145.592 E.01424
G1 X129.035 Y145.415 E.01255
G1 X128.586 Y145.344 E.01184
G1 X128.138 Y145.363 E.01168
G1 X127.69 Y145.484 E.01209
G1 X127.241 Y145.743 E.01351
G1 X126.418 Y146.502 E.02917
G1 X123.524 Y146.502 E.07541
G1 X123.207 Y146.336 E.00932
G1 X122.759 Y145.905 E.0162
G1 X122.31 Y145.592 E.01426
G1 X121.862 Y145.415 E.01255
G1 X121.414 Y145.344 E.01182
G1 X120.965 Y145.363 E.01171
G1 X120.517 Y145.484 E.01209
G1 X120.069 Y145.743 E.01348
G1 X119.245 Y146.502 E.02919
G1 X116.351 Y146.502 E.07541
G1 X116.034 Y146.336 E.00932
G1 X115.586 Y145.905 E.0162
G1 X115.138 Y145.592 E.01424
G1 X114.689 Y145.415 E.01258
G1 X114.241 Y145.344 E.01182
G1 X113.793 Y145.363 E.01168
G1 X113.345 Y145.484 E.01209
G1 X112.896 Y145.743 E.01351
G1 X112.073 Y146.502 E.02917
G1 X110.908 Y146.502 E.03035
G1 X110.861 Y146.074 E.01122
G1 X110.571 Y145.642 E.01356
G1 X110.262 Y145.415 E.00999
;WIPE_START
G1 F8640
G1 X110.571 Y145.642 E-.08853
G1 X110.861 Y146.074 E-.12014
G1 X110.908 Y146.502 E-.09942
G1 X112.073 Y146.502 E-.269
G1 X112.783 Y145.848 E-.22291
;WIPE_END
G1 Z2.1 F720
G1 X102.895 Y145.304 F10800
G1 Z1.7 F720
G1 E.8 F2100
G1 F4800
G1 X103.273 Y145.386 E.01008
G1 X102.952 Y145.637 E.01062
G1 X102.659 Y146.074 E.01371
G1 X102.612 Y146.502 E.01122
G1 X101.873 Y146.502 E.01926
G1 X101.241 Y145.905 E.02265
G1 X100.792 Y145.592 E.01426
G1 X100.344 Y145.415 E.01255
G1 X99.896 Y145.344 E.01182
G1 X99.448 Y145.363 E.01168
G1 X98.999 Y145.484 E.01212
G1 X98.551 Y145.743 E.01348
G1 X97.736 Y146.502 E.02902
G1 X94.699 Y146.502 E.07913
G1 X94.068 Y145.905 E.02263
G1 X93.62 Y145.592 E.01424
G1 X93.172 Y145.415 E.01255
G1 X92.723 Y145.344 E.01184
G1 X92.275 Y145.363 E.01168
G1 X91.827 Y145.484 E.01209
G1 X91.378 Y145.743 E.01351
G1 X90.564 Y146.501 E.02898
G1 X87.526 Y146.501 E.07916
G1 X86.896 Y145.905 E.0226
G1 X86.447 Y145.592 E.01426
G1 X85.999 Y145.415 E.01255
G1 X85.551 Y145.344 E.01182
G1 X85.102 Y145.363 E.01171
G1 X84.654 Y145.484 E.01209
G1 X84.206 Y145.743 E.01348
G1 X83.392 Y146.501 E.02898
G1 X80.353 Y146.501 E.07918
G1 X79.723 Y145.905 E.0226
G1 X79.275 Y145.592 E.01424
G1 X78.826 Y145.415 E.01258
G1 X78.378 Y145.344 E.01182
G1 X77.93 Y145.363 E.01168
G1 X77.481 Y145.484 E.01212
G1 X77.033 Y145.743 E.01348
G1 X76.22 Y146.5 E.02894
G1 X73.18 Y146.5 E.07921
G1 X72.78 Y146.125 E.01429
G1 X72.78 Y143.625 E.06514
;WIPE_START
G1 F8640
G1 X72.78 Y146.125 E-.57726
G1 X73.18 Y146.5 E-.1266
G1 X73.596 Y146.5 E-.09614
;WIPE_END
G1 Z2.1 F720
G1 X76.982 Y139.867 F10800
G1 Z1.7 F720
G1 E.8 F2100
G1 F4800
G1 X76.982 Y142.367 E.06514
G1 X76.137 Y143.155 E.03011
G1 X75.688 Y143.414 E.01351
G1 X75.24 Y143.536 E.0121
G1 X74.792 Y143.555 E.01168
G1 X74.343 Y143.483 E.01185
G1 X73.895 Y143.307 E.01254
G1 X73.447 Y142.994 E.01424
G1 X72.78 Y142.365 E.02389
G1 X72.779 Y138.952 E.08893
G1 X73.447 Y139.569 E.02369
G1 X73.895 Y139.828 E.01348
G1 X74.343 Y139.949 E.01209
G1 X74.792 Y139.968 E.01171
G1 X75.24 Y139.897 E.01182
G1 X75.688 Y139.72 E.01255
G1 X76.137 Y139.408 E.01425
G1 X76.982 Y138.617 E.03016
G1 X76.982 Y135.195 E.08916
G1 X76.137 Y135.983 E.03011
G1 X75.688 Y136.242 E.01351
G1 X75.24 Y136.363 E.01209
G1 X74.792 Y136.382 E.01168
G1 X74.343 Y136.311 E.01184
G1 X73.895 Y136.134 E.01255
G1 X73.447 Y135.822 E.01422
G1 X72.779 Y135.192 E.02392
G1 X72.779 Y131.78 E.0889
G1 X73.447 Y132.396 E.02368
G1 X73.895 Y132.656 E.0135
G1 X74.343 Y132.777 E.01209
G1 X74.792 Y132.796 E.01171
G1 X75.24 Y132.724 E.01182
G1 X75.688 Y132.548 E.01254
G1 X76.137 Y132.235 E.01426
G1 X76.982 Y131.444 E.03016
G1 X76.982 Y128.022 E.08916
G1 X76.137 Y128.81 E.03011
G1 X75.688 Y129.069 E.01351
G1 X75.24 Y129.191 E.0121
G1 X74.792 Y129.209 E.01168
G1 X74.343 Y129.138 E.01184
G1 X73.895 Y128.962 E.01254
G1 X73.447 Y128.649 E.01424
G1 X72.779 Y128.019 E.02392
G1 X72.779 Y124.607 E.0889
G1 X73.447 Y125.224 E.02369
G1 X73.895 Y125.483 E.01348
G1 X74.343 Y125.604 E.01209
G1 X74.792 Y125.623 E.01171
G1 X75.24 Y125.552 E.01182
G1 X75.688 Y125.375 E.01255
G1 X76.137 Y125.063 E.01425
G1 X76.982 Y124.272 E.03016
G1 X76.982 Y120.85 E.08916
G1 X76.137 Y121.637 E.03009
G1 X75.688 Y121.897 E.01352
G1 X75.24 Y122.018 E.01209
G1 X74.792 Y122.037 E.01168
G1 X74.343 Y121.966 E.01184
G1 X73.895 Y121.789 E.01255
G1 X73.447 Y121.476 E.01424
G1 X72.779 Y120.846 E.02392
G1 X72.778 Y117.434 E.0889
G1 X73.447 Y118.051 E.02371
G1 X73.895 Y118.31 E.01348
G1 X74.343 Y118.432 E.0121
G1 X74.792 Y118.451 E.01171
G1 X75.24 Y118.379 E.01182
G1 X75.688 Y118.203 E.01254
G1 X76.137 Y117.89 E.01426
G1 X76.982 Y117.099 E.03016
G1 X76.982 Y113.677 E.08916
G1 X76.137 Y114.465 E.03011
G1 X75.688 Y114.724 E.01351
G1 X75.24 Y114.845 E.01209
G1 X74.792 Y114.864 E.01168
G1 X74.343 Y114.793 E.01184
G1 X73.895 Y114.616 E.01255
G1 X73.447 Y114.304 E.01422
G1 X72.778 Y113.673 E.02396
G1 X72.778 Y110.261 E.0889
G1 X73.447 Y110.879 E.02373
G1 X73.895 Y111.138 E.01348
G1 X74.343 Y111.259 E.01209
G1 X74.792 Y111.278 E.01171
G1 X75.24 Y111.207 E.01182
G1 X75.688 Y111.03 E.01255
G1 X76.137 Y110.717 E.01426
G1 X76.982 Y109.927 E.03014
G1 X76.982 Y106.504 E.08919
G1 X76.137 Y107.292 E.03011
G1 X75.688 Y107.551 E.01351
G1 X75.24 Y107.673 E.0121
G1 X74.792 Y107.692 E.01168
G1 X74.343 Y107.62 E.01185
G1 X73.878 Y107.432 E.01307
G1 X73.878 Y103.955 E.0906
G1 X74.343 Y104.086 E.01259
G1 X74.792 Y104.105 E.01171
G1 X75.24 Y104.034 E.01182
G1 X75.688 Y103.857 E.01255
G1 X76.137 Y103.545 E.01425
G1 X76.982 Y102.754 E.03016
G1 X76.982 Y99.332 E.08916
G1 X76.137 Y100.12 E.03011
G1 X75.688 Y100.379 E.01351
G1 X75.24 Y100.5 E.01209
G1 X74.792 Y100.519 E.01168
G1 X74.343 Y100.448 E.01184
G1 X73.895 Y100.271 E.01255
G1 X73.447 Y99.958 E.01424
G1 X72.778 Y99.328 E.02394
G1 X72.778 Y95.916 E.0889
G1 X73.447 Y96.533 E.02371
G1 X73.895 Y96.793 E.0135
G1 X74.343 Y96.914 E.01209
G1 X74.792 Y96.933 E.01171
G1 X75.24 Y96.861 E.01182
G1 X75.688 Y96.685 E.01254
G1 X76.137 Y96.372 E.01426
G1 X76.982 Y95.581 E.03016
G1 X76.982 Y92.159 E.08916
G1 X76.137 Y92.947 E.03011
G1 X75.688 Y93.206 E.01351
G1 X75.24 Y93.327 E.01209
G1 X74.792 Y93.346 E.01168
G1 X74.343 Y93.275 E.01184
G1 X73.895 Y93.098 E.01255
G1 X73.447 Y92.786 E.01422
G1 X72.778 Y92.155 E.02396
G1 X72.779 Y88.743 E.0889
G1 X73.447 Y89.361 E.02371
G1 X73.895 Y89.62 E.01348
G1 X74.343 Y89.741 E.01209
G1 X74.792 Y89.76 E.01171
G1 X75.24 Y89.689 E.01182
G1 X75.688 Y89.512 E.01255
G1 X76.137 Y89.2 E.01425
G1 X76.982 Y88.409 E.03016
G1 X76.982 Y84.987 E.08916
G1 X76.137 Y85.774 E.03009
G1 X75.688 Y86.034 E.01352
G1 X75.24 Y86.155 E.01209
G1 X74.792 Y86.174 E.01168
G1 X74.343 Y86.102 E.01185
G1 X73.895 Y85.926 E.01254
G1 X73.447 Y85.613 E.01424
G1 X72.779 Y84.983 E.02392
G1 X72.779 Y81.571 E.0889
G1 X73.447 Y82.188 E.02369
G1 X73.895 Y82.447 E.01348
G1 X74.343 Y82.569 E.0121
G1 X74.792 Y82.588 E.01171
G1 X75.24 Y82.516 E.01182
G1 X75.688 Y82.34 E.01254
G1 X76.137 Y82.027 E.01426
G1 X77.033 Y81.19 E.03195
G1 X77.481 Y80.931 E.01348
G1 X77.93 Y80.809 E.01212
G1 X78.378 Y80.791 E.01168
G1 X78.826 Y80.862 E.01182
G1 X79.275 Y81.038 E.01257
G1 X79.723 Y81.351 E.01424
G1 X80.619 Y82.188 E.03195
G1 X81.068 Y82.447 E.01351
G1 X81.516 Y82.569 E.0121
G1 X81.964 Y82.588 E.01168
G1 X82.413 Y82.516 E.01185
G1 X82.861 Y82.34 E.01254
G1 X83.309 Y82.027 E.01424
G1 X84.206 Y81.19 E.03197
G1 X84.654 Y80.931 E.01348
G1 X85.102 Y80.809 E.0121
G1 X85.551 Y80.791 E.01171
G1 X85.999 Y80.862 E.01182
G1 X86.447 Y81.038 E.01254
G1 X86.896 Y81.351 E.01426
G1 X87.792 Y82.188 E.03195
G1 X88.24 Y82.447 E.01348
G1 X88.689 Y82.569 E.01212
G1 X89.137 Y82.588 E.01168
G1 X89.585 Y82.516 E.01182
G1 X90.034 Y82.34 E.01257
G1 X90.482 Y82.027 E.01424
G1 X91.378 Y81.19 E.03195
G1 X91.827 Y80.931 E.01351
G1 X92.275 Y80.809 E.0121
G1 X92.723 Y80.791 E.01168
G1 X93.172 Y80.862 E.01184
G1 X93.62 Y81.038 E.01254
G1 X94.068 Y81.351 E.01424
G1 X94.965 Y82.188 E.03197
G1 X95.413 Y82.447 E.01348
G1 X95.861 Y82.569 E.0121
G1 X96.31 Y82.588 E.01171
G1 X96.758 Y82.516 E.01182
G1 X97.206 Y82.34 E.01254
G1 X97.654 Y82.027 E.01424
G1 X98.551 Y81.19 E.03197
G1 X98.999 Y80.931 E.01348
G1 X99.448 Y80.809 E.01212
G1 X99.896 Y80.791 E.01168
G1 X100.344 Y80.862 E.01182
G1 X100.792 Y81.038 E.01254
G1 X101.241 Y81.351 E.01426
G1 X102.137 Y82.188 E.03195
G1 X102.586 Y82.447 E.01351
G1 X103.034 Y82.569 E.0121
G1 X103.482 Y82.588 E.01168
G1 X103.93 Y82.516 E.01182
G1 X104.379 Y82.34 E.01257
G1 X104.827 Y82.027 E.01424
G1 X105.724 Y81.19 E.03197
G1 X106.172 Y80.931 E.01348
G1 X106.62 Y80.809 E.0121
G1 X107.069 Y80.791 E.01171
G1 X107.517 Y80.862 E.01182
G1 X107.965 Y81.038 E.01254
G1 X108.413 Y81.351 E.01424
G1 X109.31 Y82.188 E.03197
G1 X109.758 Y82.447 E.01348
G1 X110.207 Y82.569 E.01212
G1 X110.655 Y82.588 E.01168
G1 X111.103 Y82.516 E.01182
G1 X111.551 Y82.34 E.01254
G1 X112 Y82.027 E.01426
G1 X112.896 Y81.19 E.03195
G1 X113.345 Y80.931 E.01351
G1 X113.793 Y80.809 E.0121
G1 X114.241 Y80.791 E.01168
G1 X114.689 Y80.862 E.01182
G1 X115.138 Y81.038 E.01257
G1 X115.586 Y81.351 E.01424
G1 X116.483 Y82.188 E.03197
G1 X116.931 Y82.447 E.01348
G1 X117.379 Y82.569 E.0121
G1 X117.827 Y82.588 E.01168
G1 X118.276 Y82.516 E.01185
G1 X118.724 Y82.34 E.01254
G1 X119.172 Y82.027 E.01424
G1 X120.069 Y81.19 E.03197
G1 X120.517 Y80.931 E.01348
G1 X120.965 Y80.809 E.0121
G1 X121.414 Y80.791 E.01171
G1 X121.862 Y80.862 E.01182
G1 X122.31 Y81.038 E.01254
G1 X122.759 Y81.351 E.01426
G1 X123.655 Y82.188 E.03195
G1 X124.103 Y82.447 E.01348
G1 X124.552 Y82.569 E.01212
G1 X125 Y82.588 E.01168
G1 X125.448 Y82.516 E.01182
G1 X125.897 Y82.34 E.01257
G1 X126.345 Y82.027 E.01424
G1 X127.241 Y81.19 E.03195
G1 X127.69 Y80.931 E.01351
G1 X128.138 Y80.809 E.0121
G1 X128.586 Y80.791 E.01168
G1 X129.035 Y80.862 E.01184
G1 X129.483 Y81.038 E.01254
G1 X129.931 Y81.351 E.01424
G1 X130.828 Y82.188 E.03197
G1 X131.276 Y82.447 E.01348
G1 X131.724 Y82.569 E.0121
G1 X132.173 Y82.588 E.01171
G1 X132.621 Y82.516 E.01182
G1 X133.069 Y82.34 E.01254
G1 X133.518 Y82.027 E.01426
G1 X134.414 Y81.19 E.03195
G1 X134.862 Y80.931 E.01348
G1 X135.311 Y80.809 E.01212
G1 X135.759 Y80.791 E.01168
G1 X136.207 Y80.862 E.01182
G1 X136.656 Y81.038 E.01257
G1 X137.104 Y81.351 E.01424
G1 X138 Y82.188 E.03195
G1 X138.449 Y82.447 E.01351
G1 X138.897 Y82.569 E.0121
G1 X139.345 Y82.588 E.01168
G1 X139.794 Y82.516 E.01185
G1 X140.242 Y82.34 E.01254
G1 X140.69 Y82.027 E.01424
G1 X141.587 Y81.19 E.03197
G1 X142.035 Y80.931 E.01348
G1 X142.483 Y80.809 E.0121
G1 X142.932 Y80.791 E.01171
G1 X143.38 Y80.862 E.01182
G1 X143.828 Y81.038 E.01254
G1 X144.276 Y81.351 E.01424
G1 X145.173 Y82.188 E.03197
G1 X145.621 Y82.447 E.01348
G1 X146.07 Y82.569 E.01212
G1 X146.518 Y82.588 E.01168
G1 X146.966 Y82.516 E.01182
G1 X147.414 Y82.34 E.01254
G1 X147.863 Y82.027 E.01426
G1 X148.759 Y81.19 E.03195
G1 X149.208 Y80.931 E.01351
G1 X149.656 Y80.809 E.0121
G1 X150.104 Y80.791 E.01168
G1 X150.552 Y80.862 E.01182
G1 X151.001 Y81.038 E.01257
G1 X151.449 Y81.351 E.01424
G1 X152.346 Y82.188 E.03197
G1 X152.794 Y82.447 E.01348
G1 X153.242 Y82.569 E.0121
G1 X153.69 Y82.588 E.01168
G1 X154.139 Y82.516 E.01185
G1 X154.587 Y82.34 E.01254
G1 X155.035 Y82.027 E.01424
G1 X155.932 Y81.19 E.03197
G1 X156.38 Y80.931 E.01348
G1 X156.828 Y80.809 E.0121
G1 X157.277 Y80.791 E.01171
G1 X157.725 Y80.862 E.01182
G1 X158.173 Y81.038 E.01254
G1 X158.622 Y81.351 E.01426
G1 X159.518 Y82.188 E.03195
G1 X159.967 Y82.447 E.01351
G1 X160.415 Y82.569 E.0121
G1 X160.863 Y82.588 E.01168
G1 X161.311 Y82.516 E.01182
G1 X161.76 Y82.34 E.01257
G1 X162.208 Y82.027 E.01424
G1 X163.105 Y81.19 E.03197
G1 X163.553 Y80.931 E.01348
G1 X164.001 Y80.809 E.0121
G1 X164.449 Y80.791 E.01168
G1 X164.898 Y80.862 E.01184
G1 X165.346 Y81.038 E.01254
G1 X165.794 Y81.351 E.01424
G1 X166.691 Y82.188 E.03197
G1 X167.139 Y82.447 E.01348
G1 X167.587 Y82.569 E.0121
G1 X168.036 Y82.588 E.01171
G1 X168.484 Y82.516 E.01182
G1 X168.932 Y82.34 E.01254
G1 X169.381 Y82.027 E.01426
G1 X170.277 Y81.19 E.03195
G1 X170.725 Y80.931 E.01348
G1 X171.174 Y80.809 E.01212
G1 X171.622 Y80.791 E.01168
G1 X172.07 Y80.862 E.01182
G1 X172.519 Y81.038 E.01257
G1 X172.967 Y81.351 E.01424
G1 X173.863 Y82.188 E.03195
G1 X174.312 Y82.447 E.01351
G1 X174.76 Y82.569 E.0121
G1 X175.208 Y82.588 E.01168
G1 X175.657 Y82.516 E.01185
G1 X176.105 Y82.34 E.01254
G1 X176.553 Y82.027 E.01424
G1 X177.221 Y81.397 E.02392
G1 X177.221 Y77.985 E.0889
G1 X176.553 Y78.602 E.02369
G1 X176.105 Y78.861 E.01348
G1 X175.657 Y78.982 E.01209
G1 X175.208 Y79.001 E.01171
G1 X174.76 Y78.93 E.01182
G1 X174.312 Y78.753 E.01255
G1 X173.863 Y78.441 E.01425
G1 X172.967 Y77.604 E.03195
G1 X172.519 Y77.344 E.0135
G1 X172.07 Y77.223 E.01212
G1 X171.622 Y77.204 E.01168
G1 X171.174 Y77.276 E.01182
G1 X170.725 Y77.452 E.01257
G1 X170.277 Y77.765 E.01424
G1 X169.381 Y78.602 E.03195
G1 X168.932 Y78.861 E.01351
G1 X168.484 Y78.982 E.01209
G1 X168.036 Y79.001 E.01168
G1 X167.587 Y78.93 E.01184
G1 X167.139 Y78.753 E.01255
G1 X166.691 Y78.441 E.01422
G1 X165.794 Y77.604 E.03197
G1 X165.346 Y77.344 E.0135
G1 X164.898 Y77.223 E.01209
G1 X164.449 Y77.204 E.01171
G1 X164.001 Y77.276 E.01182
G1 X163.553 Y77.452 E.01254
G1 X163.105 Y77.765 E.01424
G1 X162.208 Y78.602 E.03197
G1 X161.76 Y78.861 E.01348
G1 X161.311 Y78.982 E.01212
G1 X160.863 Y79.001 E.01168
G1 X160.415 Y78.93 E.01182
G1 X159.967 Y78.753 E.01255
G1 X159.518 Y78.441 E.01425
G1 X158.622 Y77.604 E.03195
G1 X158.173 Y77.344 E.01352
G1 X157.725 Y77.223 E.01209
G1 X157.277 Y77.204 E.01168
G1 X156.828 Y77.276 E.01185
G1 X156.38 Y77.452 E.01254
G1 X155.932 Y77.765 E.01424
G1 X155.035 Y78.602 E.03197
G1 X154.587 Y78.861 E.01348
G1 X154.139 Y78.982 E.01209
G1 X153.69 Y79.001 E.01171
G1 X153.242 Y78.93 E.01182
G1 X152.794 Y78.753 E.01255
G1 X152.346 Y78.441 E.01422
G1 X151.449 Y77.604 E.03197
G1 X151.001 Y77.344 E.0135
G1 X150.552 Y77.223 E.01212
G1 X150.104 Y77.204 E.01168
G1 X149.656 Y77.276 E.01182
G1 X149.208 Y77.452 E.01254
G1 X148.759 Y77.765 E.01426
G1 X147.863 Y78.602 E.03195
G1 X147.414 Y78.861 E.01351
G1 X146.966 Y78.982 E.01209
G1 X146.518 Y79.001 E.01168
G1 X146.07 Y78.93 E.01182
G1 X145.621 Y78.753 E.01258
G1 X145.173 Y78.441 E.01422
G1 X144.276 Y77.604 E.03197
G1 X143.828 Y77.344 E.0135
G1 X143.38 Y77.223 E.01209
G1 X142.932 Y77.204 E.01168
G1 X142.483 Y77.276 E.01185
G1 X142.035 Y77.452 E.01254
G1 X141.587 Y77.765 E.01424
G1 X140.69 Y78.602 E.03197
G1 X140.242 Y78.861 E.01348
G1 X139.794 Y78.982 E.01209
G1 X139.345 Y79.001 E.01171
G1 X138.897 Y78.93 E.01182
G1 X138.449 Y78.753 E.01255
G1 X138 Y78.441 E.01425
G1 X137.104 Y77.604 E.03195
G1 X136.656 Y77.344 E.0135
G1 X136.207 Y77.223 E.01212
G1 X135.759 Y77.204 E.01168
G1 X135.311 Y77.276 E.01182
G1 X134.862 Y77.452 E.01257
G1 X134.414 Y77.765 E.01424
G1 X133.518 Y78.602 E.03195
G1 X133.069 Y78.861 E.01351
G1 X132.621 Y78.982 E.01209
G1 X132.173 Y79.001 E.01168
G1 X131.724 Y78.93 E.01184
G1 X131.276 Y78.753 E.01255
G1 X130.828 Y78.441 E.01422
G1 X129.931 Y77.604 E.03197
G1 X129.483 Y77.344 E.0135
G1 X129.035 Y77.223 E.01209
G1 X128.586 Y77.204 E.01171
G1 X128.138 Y77.276 E.01182
G1 X127.69 Y77.452 E.01254
G1 X127.241 Y77.765 E.01426
G1 X126.345 Y78.602 E.03195
G1 X125.897 Y78.861 E.01348
G1 X125.448 Y78.982 E.01212
G1 X125 Y79.001 E.01168
G1 X124.552 Y78.93 E.01182
G1 X124.103 Y78.753 E.01258
G1 X123.655 Y78.441 E.01422
G1 X122.759 Y77.604 E.03195
G1 X122.31 Y77.344 E.01352
G1 X121.862 Y77.223 E.01209
G1 X121.414 Y77.204 E.01168
G1 X120.965 Y77.276 E.01185
G1 X120.517 Y77.452 E.01254
G1 X120.069 Y77.765 E.01424
G1 X119.172 Y78.602 E.03197
G1 X118.724 Y78.861 E.01348
G1 X118.276 Y78.982 E.01209
G1 X117.827 Y79.001 E.01171
G1 X117.379 Y78.93 E.01182
G1 X116.931 Y78.753 E.01255
G1 X116.483 Y78.441 E.01422
G1 X115.586 Y77.604 E.03197
G1 X115.138 Y77.344 E.0135
G1 X114.689 Y77.223 E.01212
G1 X114.241 Y77.204 E.01168
G1 X113.793 Y77.276 E.01182
G1 X113.345 Y77.452 E.01254
G1 X112.896 Y77.765 E.01426
G1 X112 Y78.602 E.03195
G1 X111.551 Y78.861 E.01351
G1 X111.103 Y78.982 E.01209
G1 X110.655 Y79.001 E.01168
G1 X110.207 Y78.93 E.01182
G1 X109.758 Y78.753 E.01258
G1 X109.31 Y78.441 E.01422
G1 X108.413 Y77.604 E.03197
G1 X107.965 Y77.344 E.0135
G1 X107.517 Y77.223 E.01209
G1 X107.069 Y77.204 E.01168
G1 X106.62 Y77.276 E.01185
G1 X106.172 Y77.452 E.01254
G1 X105.724 Y77.765 E.01424
G1 X104.827 Y78.602 E.03197
G1 X104.379 Y78.861 E.01348
G1 X103.93 Y78.982 E.01212
G1 X103.482 Y79.001 E.01168
G1 X103.034 Y78.93 E.01182
G1 X102.586 Y78.753 E.01255
G1 X102.137 Y78.441 E.01425
G1 X101.241 Y77.604 E.03195
G1 X100.792 Y77.344 E.01352
G1 X100.344 Y77.223 E.01209
G1 X99.896 Y77.204 E.01168
G1 X99.448 Y77.276 E.01182
G1 X98.999 Y77.452 E.01257
G1 X98.551 Y77.765 E.01424
G1 X97.654 Y78.602 E.03197
G1 X97.206 Y78.861 E.01348
G1 X96.758 Y78.982 E.01209
G1 X96.31 Y79.001 E.01168
G1 X95.861 Y78.93 E.01184
G1 X95.413 Y78.753 E.01255
G1 X94.965 Y78.441 E.01422
G1 X94.068 Y77.604 E.03197
G1 X93.62 Y77.344 E.0135
G1 X93.172 Y77.223 E.01209
G1 X92.723 Y77.204 E.01171
G1 X92.275 Y77.276 E.01182
G1 X91.827 Y77.452 E.01254
G1 X91.378 Y77.765 E.01426
G1 X90.482 Y78.602 E.03195
G1 X90.034 Y78.861 E.01348
G1 X89.585 Y78.982 E.01212
G1 X89.137 Y79.001 E.01168
G1 X88.689 Y78.93 E.01182
G1 X88.24 Y78.753 E.01258
G1 X87.792 Y78.441 E.01422
G1 X86.896 Y77.604 E.03195
G1 X86.447 Y77.344 E.01352
G1 X85.999 Y77.223 E.01209
G1 X85.551 Y77.204 E.01168
G1 X85.102 Y77.276 E.01185
G1 X84.654 Y77.452 E.01254
G1 X84.206 Y77.765 E.01424
G1 X83.309 Y78.602 E.03197
G1 X82.861 Y78.861 E.01348
G1 X82.413 Y78.982 E.01209
G1 X81.964 Y79.001 E.01171
G1 X81.516 Y78.93 E.01182
G1 X81.068 Y78.753 E.01255
G1 X80.619 Y78.441 E.01425
G1 X79.723 Y77.604 E.03195
G1 X79.275 Y77.344 E.0135
G1 X78.826 Y77.223 E.01212
G1 X78.378 Y77.204 E.01168
G1 X77.93 Y77.276 E.01182
G1 X77.481 Y77.452 E.01257
G1 X77.033 Y77.765 E.01424
G1 X76.137 Y78.602 E.03195
G1 X75.688 Y78.861 E.01351
G1 X75.24 Y78.982 E.01209
G1 X74.792 Y79.001 E.01168
G1 X74.343 Y78.93 E.01184
G1 X73.895 Y78.753 E.01255
G1 X73.447 Y78.441 E.01422
G1 X72.779 Y77.811 E.02392
G1 X72.779 Y74.399 E.0889
G1 X73.447 Y75.016 E.02369
G1 X73.895 Y75.275 E.01348
G1 X74.343 Y75.396 E.01209
G1 X74.792 Y75.415 E.01171
G1 X75.24 Y75.344 E.01182
G1 X75.688 Y75.167 E.01255
G1 X76.137 Y74.854 E.01426
G1 X77.033 Y74.017 E.03195
G1 X77.481 Y73.758 E.01348
G1 X77.93 Y73.637 E.01212
G1 X78.378 Y73.618 E.01168
G1 X78.826 Y73.689 E.01182
G1 X79.275 Y73.866 E.01258
G1 X79.723 Y74.179 E.01424
G1 X80.619 Y75.016 E.03195
G1 X81.068 Y75.275 E.01351
G1 X81.516 Y75.396 E.01209
G1 X81.964 Y75.415 E.01168
G1 X82.413 Y75.344 E.01184
G1 X82.861 Y75.167 E.01255
G1 X83.309 Y74.854 E.01424
G1 X84.206 Y74.017 E.03197
G1 X84.654 Y73.758 E.01348
G1 X85.102 Y73.637 E.01209
G1 X85.551 Y73.618 E.01171
G1 X85.999 Y73.689 E.01182
G1 X86.447 Y73.866 E.01255
G1 X86.896 Y74.179 E.01426
G1 X87.792 Y75.016 E.03195
G1 X88.24 Y75.275 E.01348
G1 X88.689 Y75.396 E.01212
G1 X89.137 Y75.415 E.01168
G1 X89.585 Y75.344 E.01182
G1 X90.034 Y75.167 E.01258
G1 X90.482 Y74.854 E.01424
G1 X91.378 Y74.017 E.03195
G1 X91.827 Y73.758 E.01351
G1 X92.275 Y73.637 E.01209
G1 X92.723 Y73.618 E.01168
G1 X93.172 Y73.689 E.01184
G1 X93.62 Y73.866 E.01255
G1 X94.068 Y74.179 E.01424
G1 X94.965 Y75.016 E.03197
G1 X95.413 Y75.275 E.01348
G1 X95.861 Y75.396 E.01209
G1 X96.31 Y75.415 E.01171
G1 X96.758 Y75.344 E.01182
G1 X97.206 Y75.167 E.01255
G1 X97.654 Y74.854 E.01424
G1 X98.551 Y74.017 E.03197
G1 X98.999 Y73.758 E.01348
G1 X99.448 Y73.637 E.01212
G1 X99.896 Y73.618 E.01168
G1 X100.344 Y73.689 E.01182
G1 X100.792 Y73.866 E.01255
G1 X101.241 Y74.179 E.01426
G1 X102.137 Y75.016 E.03195
G1 X102.586 Y75.275 E.01351
G1 X103.034 Y75.396 E.01209
G1 X103.482 Y75.415 E.01168
G1 X103.93 Y75.344 E.01182
G1 X104.379 Y75.167 E.01258
G1 X104.827 Y74.854 E.01424
G1 X105.724 Y74.017 E.03197
G1 X106.172 Y73.758 E.01348
G1 X106.62 Y73.637 E.01209
G1 X107.069 Y73.618 E.01171
G1 X107.517 Y73.689 E.01182
G1 X107.965 Y73.866 E.01255
G1 X108.413 Y74.179 E.01424
G1 X109.31 Y75.016 E.03197
G1 X109.758 Y75.275 E.01348
G1 X110.207 Y75.396 E.01212
G1 X110.655 Y75.415 E.01168
G1 X111.103 Y75.344 E.01182
G1 X111.551 Y75.167 E.01255
G1 X112 Y74.854 E.01426
G1 X112.896 Y74.017 E.03195
G1 X113.345 Y73.758 E.01351
G1 X113.793 Y73.637 E.01209
G1 X114.241 Y73.618 E.01168
G1 X114.689 Y73.689 E.01182
G1 X115.138 Y73.866 E.01258
G1 X115.586 Y74.179 E.01424
G1 X116.483 Y75.016 E.03197
G1 X116.931 Y75.275 E.01348
G1 X117.379 Y75.396 E.01209
G1 X117.827 Y75.415 E.01168
G1 X118.276 Y75.344 E.01184
G1 X118.724 Y75.167 E.01255
G1 X119.172 Y74.854 E.01424
G1 X120.069 Y74.017 E.03197
G1 X120.517 Y73.758 E.01348
G1 X120.965 Y73.637 E.01209
G1 X121.414 Y73.618 E.01171
G1 X121.862 Y73.689 E.01182
G1 X122.31 Y73.866 E.01255
G1 X122.759 Y74.179 E.01426
G1 X123.655 Y75.016 E.03195
G1 X124.103 Y75.275 E.01348
G1 X124.552 Y75.396 E.01212
G1 X125 Y75.415 E.01168
G1 X125.448 Y75.344 E.01182
G1 X125.897 Y75.167 E.01258
G1 X126.345 Y74.854 E.01424
G1 X127.241 Y74.017 E.03195
G1 X127.69 Y73.758 E.01351
G1 X128.138 Y73.637 E.01209
G1 X128.586 Y73.618 E.01168
G1 X129.035 Y73.689 E.01184
G1 X129.483 Y73.866 E.01255
G1 X129.931 Y74.179 E.01424
G1 X130.828 Y75.016 E.03197
G1 X131.276 Y75.275 E.01348
G1 X131.724 Y75.396 E.01209
G1 X132.173 Y75.415 E.01171
G1 X132.621 Y75.344 E.01182
G1 X133.069 Y75.167 E.01255
G1 X133.518 Y74.854 E.01426
G1 X134.414 Y74.017 E.03195
G1 X134.862 Y73.758 E.01348
G1 X135.311 Y73.637 E.01212
G1 X135.759 Y73.618 E.01168
G1 X136.207 Y73.689 E.01182
G1 X136.656 Y73.866 E.01258
G1 X137.104 Y74.179 E.01424
G1 X138 Y75.016 E.03195
G1 X138.449 Y75.275 E.01351
G1 X138.897 Y75.396 E.01209
G1 X139.345 Y75.415 E.01168
G1 X139.794 Y75.344 E.01184
G1 X140.242 Y75.167 E.01255
G1 X140.69 Y74.854 E.01424
G1 X141.587 Y74.017 E.03197
G1 X142.035 Y73.758 E.01348
G1 X142.483 Y73.637 E.01209
G1 X142.932 Y73.618 E.01171
G1 X143.38 Y73.689 E.01182
G1 X143.828 Y73.866 E.01255
G1 X144.276 Y74.179 E.01424
G1 X145.173 Y75.016 E.03197
G1 X145.621 Y75.275 E.01348
G1 X146.07 Y75.396 E.01212
G1 X146.518 Y75.415 E.01168
G1 X146.966 Y75.344 E.01182
G1 X147.414 Y75.167 E.01255
G1 X147.863 Y74.854 E.01426
G1 X148.759 Y74.017 E.03195
G1 X149.208 Y73.758 E.01351
G1 X149.656 Y73.637 E.01209
G1 X150.104 Y73.618 E.01168
G1 X150.552 Y73.689 E.01182
G1 X151.001 Y73.866 E.01258
G1 X151.449 Y74.179 E.01424
G1 X152.346 Y75.016 E.03197
G1 X152.794 Y75.275 E.01348
G1 X153.242 Y75.396 E.01209
G1 X153.69 Y75.415 E.01168
G1 X154.139 Y75.344 E.01184
G1 X154.587 Y75.167 E.01255
G1 X155.035 Y74.854 E.01424
G1 X155.932 Y74.017 E.03197
G1 X156.38 Y73.758 E.01348
G1 X156.828 Y73.637 E.01209
G1 X157.277 Y73.618 E.01171
G1 X157.725 Y73.689 E.01182
G1 X158.173 Y73.866 E.01255
G1 X158.622 Y74.179 E.01426
G1 X159.518 Y75.016 E.03195
G1 X159.967 Y75.275 E.01351
G1 X160.415 Y75.396 E.01209
G1 X160.863 Y75.415 E.01168
G1 X161.311 Y75.344 E.01182
G1 X161.76 Y75.167 E.01258
G1 X162.208 Y74.854 E.01424
G1 X163.105 Y74.017 E.03197
G1 X163.553 Y73.758 E.01348
G1 X164.001 Y73.637 E.01209
G1 X164.449 Y73.618 E.01168
G1 X164.898 Y73.689 E.01184
G1 X165.346 Y73.866 E.01255
G1 X165.794 Y74.179 E.01424
G1 X166.691 Y75.016 E.03197
G1 X167.139 Y75.275 E.01348
G1 X167.587 Y75.396 E.01209
G1 X168.036 Y75.415 E.01171
G1 X168.484 Y75.344 E.01182
G1 X168.932 Y75.167 E.01255
G1 X169.381 Y74.854 E.01426
G1 X170.277 Y74.017 E.03195
G1 X170.725 Y73.758 E.01348
G1 X171.174 Y73.637 E.01212
G1 X171.622 Y73.618 E.01168
G1 X172.07 Y73.689 E.01182
G1 X172.519 Y73.866 E.01258
G1 X172.967 Y74.179 E.01424
G1 X173.863 Y75.016 E.03195
G1 X174.312 Y75.275 E.01351
G1 X174.76 Y75.396 E.01209
G1 X175.208 Y75.415 E.01168
G1 X175.657 Y75.344 E.01184
G1 X176.105 Y75.167 E.01255
G1 X176.553 Y74.854 E.01424
G1 X177.221 Y74.225 E.02391
G1 X177.221 Y70.813 E.0889
G1 X176.553 Y71.429 E.02368
G1 X176.105 Y71.688 E.01348
G1 X175.657 Y71.81 E.0121
G1 X175.208 Y71.829 E.01171
G1 X174.76 Y71.757 E.01182
G1 X174.312 Y71.581 E.01254
G1 X173.863 Y71.268 E.01426
G1 X172.967 Y70.431 E.03195
G1 X172.519 Y70.172 E.01348
G1 X172.07 Y70.051 E.01212
G1 X171.622 Y70.032 E.01168
G1 X171.174 Y70.103 E.01182
G1 X170.725 Y70.28 E.01258
G1 X170.277 Y70.592 E.01422
G1 X169.381 Y71.429 E.03195
G1 X168.932 Y71.688 E.01351
G1 X168.484 Y71.81 E.0121
G1 X168.036 Y71.829 E.01168
G1 X167.587 Y71.757 E.01185
G1 X167.139 Y71.581 E.01254
G1 X166.691 Y71.268 E.01424
G1 X165.794 Y70.431 E.03197
G1 X165.346 Y70.172 E.01348
G1 X164.898 Y70.051 E.01209
G1 X164.449 Y70.032 E.01171
G1 X164.001 Y70.103 E.01182
G1 X163.553 Y70.28 E.01255
G1 X163.105 Y70.592 E.01422
G1 X162.208 Y71.429 E.03197
G1 X161.76 Y71.688 E.01348
G1 X161.311 Y71.81 E.01212
G1 X160.863 Y71.829 E.01168
G1 X160.415 Y71.757 E.01182
G1 X159.967 Y71.581 E.01254
G1 X159.518 Y71.268 E.01426
G1 X158.622 Y70.431 E.03195
G1 X158.173 Y70.172 E.01351
G1 X157.725 Y70.051 E.01209
G1 X157.277 Y70.032 E.01168
G1 X156.828 Y70.103 E.01184
G1 X156.38 Y70.28 E.01255
G1 X155.932 Y70.592 E.01422
G1 X155.035 Y71.429 E.03197
G1 X154.587 Y71.688 E.01348
G1 X154.139 Y71.81 E.0121
G1 X153.69 Y71.829 E.01171
G1 X153.242 Y71.757 E.01182
G1 X152.794 Y71.581 E.01254
G1 X152.346 Y71.268 E.01424
G1 X151.449 Y70.431 E.03197
G1 X151.001 Y70.172 E.01348
G1 X150.552 Y70.051 E.01212
G1 X150.104 Y70.032 E.01168
G1 X149.656 Y70.103 E.01182
G1 X149.208 Y70.28 E.01255
G1 X148.759 Y70.592 E.01425
G1 X147.863 Y71.429 E.03195
G1 X147.414 Y71.688 E.01351
G1 X146.966 Y71.81 E.0121
G1 X146.518 Y71.829 E.01168
G1 X146.07 Y71.757 E.01182
G1 X145.621 Y71.581 E.01257
G1 X145.173 Y71.268 E.01424
G1 X144.276 Y70.431 E.03197
G1 X143.828 Y70.172 E.01348
G1 X143.38 Y70.051 E.01209
G1 X142.932 Y70.032 E.01168
G1 X142.483 Y70.103 E.01184
G1 X142.035 Y70.28 E.01255
G1 X141.587 Y70.592 E.01422
G1 X140.69 Y71.429 E.03197
G1 X140.242 Y71.688 E.01348
G1 X139.794 Y71.81 E.0121
G1 X139.345 Y71.829 E.01171
G1 X138.897 Y71.757 E.01182
G1 X138.449 Y71.581 E.01254
G1 X138 Y71.268 E.01426
G1 X137.104 Y70.431 E.03195
G1 X136.656 Y70.172 E.01348
G1 X136.207 Y70.051 E.01212
G1 X135.759 Y70.032 E.01168
G1 X135.311 Y70.103 E.01182
G1 X134.862 Y70.28 E.01258
G1 X134.414 Y70.592 E.01422
G1 X133.518 Y71.429 E.03195
G1 X133.069 Y71.688 E.01351
G1 X132.621 Y71.81 E.0121
G1 X132.173 Y71.829 E.01168
G1 X131.724 Y71.757 E.01185
G1 X131.276 Y71.581 E.01254
G1 X130.828 Y71.268 E.01424
G1 X129.931 Y70.431 E.03197
G1 X129.483 Y70.172 E.01348
G1 X129.035 Y70.051 E.01209
G1 X128.586 Y70.032 E.01171
G1 X128.138 Y70.103 E.01182
G1 X127.69 Y70.28 E.01255
G1 X127.241 Y70.592 E.01425
G1 X126.345 Y71.429 E.03195
G1 X125.897 Y71.688 E.01348
G1 X125.448 Y71.81 E.01212
G1 X125 Y71.829 E.01168
G1 X124.552 Y71.757 E.01182
G1 X124.103 Y71.581 E.01257
G1 X123.655 Y71.268 E.01424
G1 X122.759 Y70.431 E.03195
G1 X122.31 Y70.172 E.01351
G1 X121.862 Y70.051 E.01209
G1 X121.414 Y70.032 E.01168
G1 X120.965 Y70.103 E.01184
G1 X120.517 Y70.28 E.01255
G1 X120.069 Y70.592 E.01422
G1 X119.172 Y71.429 E.03197
G1 X118.724 Y71.688 E.01348
G1 X118.276 Y71.81 E.0121
G1 X117.827 Y71.829 E.01171
G1 X117.379 Y71.757 E.01182
G1 X116.931 Y71.581 E.01254
G1 X116.483 Y71.268 E.01424
G1 X115.586 Y70.431 E.03197
G1 X115.138 Y70.172 E.01348
G1 X114.689 Y70.051 E.01212
G1 X114.241 Y70.032 E.01168
G1 X113.793 Y70.103 E.01182
G1 X113.345 Y70.28 E.01255
G1 X112.896 Y70.592 E.01425
G1 X112 Y71.429 E.03195
G1 X111.551 Y71.688 E.01351
G1 X111.103 Y71.81 E.0121
G1 X110.655 Y71.829 E.01168
G1 X110.207 Y71.757 E.01182
G1 X109.758 Y71.581 E.01257
G1 X109.31 Y71.268 E.01424
G1 X108.413 Y70.431 E.03197
G1 X107.965 Y70.172 E.01348
G1 X107.517 Y70.051 E.01209
G1 X107.069 Y70.032 E.01168
G1 X106.62 Y70.103 E.01184
G1 X106.172 Y70.28 E.01255
G1 X105.724 Y70.592 E.01422
G1 X104.827 Y71.429 E.03197
G1 X104.379 Y71.688 E.01348
G1 X103.93 Y71.81 E.01212
G1 X103.482 Y71.829 E.01168
G1 X103.034 Y71.757 E.01182
G1 X102.586 Y71.581 E.01254
G1 X102.137 Y71.268 E.01426
G1 X101.241 Y70.431 E.03195
G1 X100.792 Y70.172 E.01351
G1 X100.344 Y70.051 E.01209
G1 X99.896 Y70.032 E.01168
G1 X99.448 Y70.103 E.01182
G1 X98.999 Y70.28 E.01258
G1 X98.551 Y70.592 E.01422
G1 X97.654 Y71.429 E.03197
G1 X97.206 Y71.688 E.01348
G1 X96.758 Y71.81 E.0121
G1 X96.31 Y71.829 E.01168
G1 X95.861 Y71.757 E.01185
G1 X95.413 Y71.581 E.01254
G1 X94.965 Y71.268 E.01424
G1 X94.068 Y70.431 E.03197
G1 X93.62 Y70.172 E.01348
G1 X93.172 Y70.051 E.01209
G1 X92.723 Y70.032 E.01171
G1 X92.275 Y70.103 E.01182
G1 X91.827 Y70.28 E.01255
G1 X91.378 Y70.592 E.01425
G1 X90.482 Y71.429 E.03195
G1 X90.034 Y71.688 E.01348
G1 X89.585 Y71.81 E.01212
G1 X89.137 Y71.829 E.01168
G1 X88.689 Y71.757 E.01182
G1 X88.24 Y71.581 E.01257
G1 X87.792 Y71.268 E.01424
G1 X86.896 Y70.431 E.03195
G1 X86.447 Y70.172 E.01351
G1 X85.999 Y70.051 E.01209
G1 X85.551 Y70.032 E.01168
G1 X85.102 Y70.103 E.01184
G1 X84.654 Y70.28 E.01255
G1 X84.206 Y70.592 E.01422
G1 X83.309 Y71.429 E.03197
G1 X82.861 Y71.688 E.01348
G1 X82.413 Y71.81 E.0121
G1 X81.964 Y71.829 E.01171
G1 X81.516 Y71.757 E.01182
G1 X81.068 Y71.581 E.01254
G1 X80.619 Y71.268 E.01426
G1 X79.723 Y70.431 E.03195
G1 X79.275 Y70.172 E.01348
G1 X78.826 Y70.051 E.01212
G1 X78.378 Y70.032 E.01168
G1 X77.93 Y70.103 E.01182
G1 X77.481 Y70.28 E.01258
G1 X77.033 Y70.592 E.01422
G1 X76.137 Y71.429 E.03195
G1 X75.688 Y71.688 E.01351
G1 X75.24 Y71.81 E.0121
G1 X74.792 Y71.829 E.01168
G1 X74.343 Y71.757 E.01185
G1 X73.895 Y71.581 E.01254
G1 X73.447 Y71.268 E.01424
G1 X72.779 Y70.638 E.02392
G1 X72.78 Y67.227 E.08888
G1 X73.447 Y67.843 E.02366
G1 X73.895 Y68.102 E.01348
G1 X74.343 Y68.223 E.01209
G1 X74.792 Y68.242 E.01171
G1 X75.24 Y68.171 E.01182
G1 X75.688 Y67.994 E.01255
G1 X76.137 Y67.682 E.01425
G1 X77.033 Y66.845 E.03195
G1 X77.481 Y66.586 E.01348
G1 X77.93 Y66.464 E.01212
G1 X78.378 Y66.445 E.01168
G1 X78.826 Y66.517 E.01182
G1 X79.275 Y66.693 E.01257
G1 X79.723 Y67.006 E.01424
G1 X80.619 Y67.843 E.03195
G1 X81.068 Y68.102 E.01351
G1 X81.516 Y68.223 E.01209
G1 X81.964 Y68.242 E.01168
G1 X82.413 Y68.171 E.01184
G1 X82.861 Y67.994 E.01255
G1 X83.309 Y67.682 E.01422
G1 X84.206 Y66.845 E.03197
G1 X84.654 Y66.586 E.01348
G1 X85.102 Y66.464 E.0121
G1 X85.551 Y66.445 E.01171
G1 X85.999 Y66.517 E.01182
G1 X86.447 Y66.693 E.01254
G1 X86.896 Y67.006 E.01426
G1 X87.792 Y67.843 E.03195
G1 X88.24 Y68.102 E.01348
G1 X88.689 Y68.223 E.01212
G1 X89.137 Y68.242 E.01168
G1 X89.585 Y68.171 E.01182
G1 X90.034 Y67.994 E.01258
G1 X90.482 Y67.682 E.01422
G1 X91.378 Y66.845 E.03195
G1 X91.827 Y66.586 E.01351
G1 X92.275 Y66.464 E.0121
G1 X92.723 Y66.445 E.01168
G1 X93.172 Y66.517 E.01185
G1 X93.62 Y66.693 E.01254
G1 X94.068 Y67.006 E.01424
G1 X94.965 Y67.843 E.03197
G1 X95.413 Y68.102 E.01348
G1 X95.861 Y68.223 E.01209
G1 X96.31 Y68.242 E.01171
G1 X96.758 Y68.171 E.01182
G1 X97.206 Y67.994 E.01255
G1 X97.654 Y67.682 E.01422
G1 X98.551 Y66.845 E.03197
G1 X98.999 Y66.586 E.01348
G1 X99.448 Y66.464 E.01212
G1 X99.896 Y66.445 E.01168
G1 X100.344 Y66.517 E.01182
G1 X100.792 Y66.693 E.01254
G1 X101.241 Y67.006 E.01426
G1 X102.137 Y67.843 E.03195
G1 X102.586 Y68.102 E.01351
G1 X103.034 Y68.223 E.01209
G1 X103.482 Y68.242 E.01168
G1 X103.93 Y68.171 E.01182
G1 X104.379 Y67.994 E.01258
G1 X104.827 Y67.682 E.01422
G1 X105.724 Y66.845 E.03197
G1 X106.172 Y66.586 E.01348
G1 X106.62 Y66.464 E.0121
G1 X107.069 Y66.445 E.01171
G1 X107.517 Y66.517 E.01182
G1 X107.965 Y66.693 E.01254
G1 X108.413 Y67.006 E.01424
G1 X109.31 Y67.843 E.03197
G1 X109.758 Y68.102 E.01348
G1 X110.207 Y68.223 E.01212
G1 X110.655 Y68.242 E.01168
G1 X111.103 Y68.171 E.01182
G1 X111.551 Y67.994 E.01255
G1 X112 Y67.682 E.01425
G1 X112.896 Y66.845 E.03195
G1 X113.345 Y66.586 E.01351
G1 X113.793 Y66.464 E.0121
G1 X114.241 Y66.445 E.01168
G1 X114.689 Y66.517 E.01182
G1 X115.138 Y66.693 E.01257
G1 X115.586 Y67.006 E.01424
G1 X116.483 Y67.843 E.03197
G1 X116.931 Y68.102 E.01348
G1 X117.379 Y68.223 E.01209
G1 X117.827 Y68.242 E.01168
G1 X118.276 Y68.171 E.01184
G1 X118.724 Y67.994 E.01255
G1 X119.172 Y67.682 E.01422
G1 X120.069 Y66.845 E.03197
G1 X120.517 Y66.586 E.01348
G1 X120.965 Y66.464 E.0121
G1 X121.414 Y66.445 E.01171
G1 X121.862 Y66.517 E.01182
G1 X122.31 Y66.693 E.01254
G1 X122.759 Y67.006 E.01426
G1 X123.655 Y67.843 E.03195
G1 X124.103 Y68.102 E.01348
G1 X124.552 Y68.223 E.01212
G1 X125 Y68.242 E.01168
G1 X125.448 Y68.171 E.01182
G1 X125.897 Y67.994 E.01258
G1 X126.345 Y67.682 E.01422
G1 X127.241 Y66.845 E.03195
G1 X127.69 Y66.586 E.01351
G1 X128.138 Y66.464 E.0121
G1 X128.586 Y66.445 E.01168
G1 X129.035 Y66.517 E.01185
G1 X129.483 Y66.693 E.01254
G1 X129.931 Y67.006 E.01424
G1 X130.828 Y67.843 E.03197
G1 X131.276 Y68.102 E.01348
G1 X131.724 Y68.223 E.01209
G1 X132.173 Y68.242 E.01171
G1 X132.621 Y68.171 E.01182
G1 X133.069 Y67.994 E.01255
G1 X133.518 Y67.682 E.01425
G1 X134.414 Y66.845 E.03195
G1 X134.862 Y66.586 E.01348
G1 X135.311 Y66.464 E.01212
G1 X135.759 Y66.445 E.01168
G1 X136.207 Y66.517 E.01182
G1 X136.656 Y66.693 E.01257
G1 X137.104 Y67.006 E.01424
G1 X138 Y67.843 E.03195
G1 X138.449 Y68.102 E.01351
G1 X138.897 Y68.223 E.01209
G1 X139.345 Y68.242 E.01168
G1 X139.794 Y68.171 E.01184
G1 X140.242 Y67.994 E.01255
G1 X140.69 Y67.682 E.01422
G1 X141.587 Y66.845 E.03197
G1 X142.035 Y66.586 E.01348
G1 X142.483 Y66.464 E.0121
G1 X142.932 Y66.445 E.01171
G1 X143.38 Y66.517 E.01182
G1 X143.828 Y66.693 E.01254
G1 X144.276 Y67.006 E.01424
G1 X145.173 Y67.843 E.03197
G1 X145.621 Y68.102 E.01348
G1 X146.07 Y68.223 E.01212
G1 X146.518 Y68.242 E.01168
G1 X146.966 Y68.171 E.01182
G1 X147.414 Y67.994 E.01255
G1 X147.863 Y67.682 E.01425
G1 X148.759 Y66.845 E.03195
G1 X149.208 Y66.586 E.01351
G1 X149.656 Y66.464 E.0121
G1 X150.104 Y66.445 E.01168
G1 X150.552 Y66.517 E.01182
G1 X151.001 Y66.693 E.01257
G1 X151.449 Y67.006 E.01424
G1 X152.346 Y67.843 E.03197
G1 X152.794 Y68.102 E.01348
G1 X153.242 Y68.223 E.01209
G1 X153.69 Y68.242 E.01168
G1 X154.139 Y68.171 E.01184
G1 X154.587 Y67.994 E.01255
G1 X155.035 Y67.682 E.01422
G1 X155.932 Y66.845 E.03197
G1 X156.38 Y66.586 E.01348
G1 X156.828 Y66.464 E.0121
G1 X157.277 Y66.445 E.01171
G1 X157.725 Y66.517 E.01182
G1 X158.173 Y66.693 E.01254
G1 X158.622 Y67.006 E.01426
G1 X159.518 Y67.843 E.03195
G1 X159.967 Y68.102 E.01351
G1 X160.415 Y68.223 E.01209
G1 X160.863 Y68.242 E.01168
G1 X161.311 Y68.171 E.01182
G1 X161.76 Y67.994 E.01258
G1 X162.208 Y67.682 E.01422
G1 X163.105 Y66.845 E.03197
G1 X163.553 Y66.586 E.01348
G1 X164.001 Y66.464 E.0121
G1 X164.449 Y66.445 E.01168
G1 X164.898 Y66.517 E.01185
G1 X165.346 Y66.693 E.01254
G1 X165.794 Y67.006 E.01424
G1 X166.691 Y67.843 E.03197
G1 X167.139 Y68.102 E.01348
G1 X167.587 Y68.223 E.01209
G1 X168.036 Y68.242 E.01171
G1 X168.484 Y68.171 E.01182
G1 X168.932 Y67.994 E.01255
G1 X169.381 Y67.682 E.01425
G1 X170.277 Y66.845 E.03195
G1 X170.725 Y66.586 E.01348
G1 X171.174 Y66.464 E.01212
G1 X171.622 Y66.445 E.01168
G1 X172.07 Y66.517 E.01182
G1 X172.519 Y66.693 E.01257
G1 X172.967 Y67.006 E.01424
G1 X173.863 Y67.843 E.03195
G1 X174.312 Y68.102 E.01351
G1 X174.76 Y68.223 E.01209
G1 X175.208 Y68.242 E.01168
G1 X175.657 Y68.171 E.01184
G1 X176.105 Y67.994 E.01255
G1 X176.553 Y67.682 E.01422
G1 X177.22 Y67.052 E.02391
G1 X177.22 Y63.64 E.0889
G1 X176.553 Y64.257 E.02367
G1 X176.105 Y64.516 E.01348
G1 X175.657 Y64.637 E.01209
G1 X175.208 Y64.656 E.01171
G1 X174.76 Y64.585 E.01182
G1 X174.312 Y64.408 E.01255
G1 X173.863 Y64.095 E.01426
G1 X173.233 Y63.5 E.02258
G1 X170.194 Y63.499 E.07918
G1 X169.381 Y64.257 E.02896
G1 X168.932 Y64.516 E.01351
G1 X168.484 Y64.637 E.01209
G1 X168.036 Y64.656 E.01168
G1 X167.587 Y64.585 E.01184
G1 X167.139 Y64.408 E.01255
G1 X166.691 Y64.095 E.01424
G1 X166.06 Y63.499 E.02262
G1 X163.022 Y63.499 E.07916
G1 X162.208 Y64.257 E.02898
G1 X161.76 Y64.516 E.01348
G1 X161.311 Y64.637 E.01212
G1 X160.863 Y64.656 E.01168
G1 X160.415 Y64.585 E.01182
G1 X159.967 Y64.408 E.01255
G1 X159.518 Y64.095 E.01426
G1 X158.887 Y63.499 E.02262
G1 X155.85 Y63.498 E.07913
G1 X155.035 Y64.257 E.02902
G1 X154.587 Y64.516 E.01348
M73 Q48 S29
G1 X154.139 Y64.637 E.01209
G1 X153.69 Y64.656 E.01171
G1 X153.242 Y64.585 E.01182
G1 X152.794 Y64.408 E.01255
G1 X152.346 Y64.095 E.01424
G1 X151.714 Y63.498 E.02265
G1 X148.678 Y63.498 E.07911
G1 X147.863 Y64.257 E.02902
G1 X147.414 Y64.516 E.01351
G1 X146.966 Y64.637 E.01209
G1 X139.975 Y64.588 E.18216
G1 X139.345 Y64.656 E.01651
G1 X138.897 Y64.585 E.01182
G1 X138.449 Y64.408 E.01255
G1 X138 Y64.095 E.01426
G1 X137.369 Y63.498 E.02263
G1 X134.333 Y63.498 E.07911
G1 X133.518 Y64.257 E.02902
G1 X133.069 Y64.516 E.01351
G1 X132.621 Y64.637 E.01209
G1 X132.173 Y64.656 E.01168
G1 X131.724 Y64.585 E.01184
G1 X131.276 Y64.408 E.01255
G1 X130.828 Y64.095 E.01424
G1 X130.196 Y63.498 E.02265
G1 X127.16 Y63.498 E.07911
G1 X126.345 Y64.257 E.02902
M73 P48 R29
G1 X125.897 Y64.516 E.01348
G1 X125.448 Y64.637 E.01212
G1 X125 Y64.656 E.01168
G1 X124.552 Y64.585 E.01182
G1 X124.103 Y64.408 E.01258
G1 X123.655 Y64.095 E.01424
G1 X123.023 Y63.498 E.02265
G1 X119.987 Y63.498 E.07911
G1 X119.172 Y64.257 E.02902
G1 X118.724 Y64.516 E.01348
G1 X118.276 Y64.637 E.01209
G1 X117.827 Y64.656 E.01171
G1 X117.379 Y64.585 E.01182
G1 X116.931 Y64.408 E.01255
G1 X116.483 Y64.095 E.01424
G1 X115.851 Y63.498 E.02265
G1 X112.815 Y63.498 E.07911
G1 X112 Y64.257 E.02902
G1 X111.551 Y64.516 E.01351
G1 X111.103 Y64.637 E.01209
G1 X110.655 Y64.656 E.01168
G1 X110.165 Y64.568 E.01297
G1 X104.084 Y64.596 E.15845
G1 X103.482 Y64.656 E.01576
G1 X103.034 Y64.585 E.01182
G1 X102.586 Y64.408 E.01255
G1 X102.137 Y64.095 E.01426
G1 X101.506 Y63.498 E.02263
G1 X98.469 Y63.498 E.07913
G1 X97.654 Y64.257 E.02902
G1 X97.206 Y64.516 E.01348
G1 X96.758 Y64.637 E.01209
G1 X96.31 Y64.656 E.01168
G1 X95.861 Y64.585 E.01184
G1 X95.413 Y64.408 E.01255
G1 X94.965 Y64.095 E.01424
G1 X94.333 Y63.498 E.02265
G1 X91.296 Y63.499 E.07913
G1 X90.482 Y64.257 E.02898
G1 X90.034 Y64.516 E.01348
G1 X89.585 Y64.637 E.01212
G1 X89.137 Y64.656 E.01168
G1 X88.689 Y64.585 E.01182
G1 X88.24 Y64.408 E.01258
G1 X87.792 Y64.095 E.01424
G1 X87.161 Y63.499 E.02262
G1 X84.123 Y63.499 E.07916
G1 X83.309 Y64.257 E.02898
G1 X82.861 Y64.516 E.01348
G1 X82.413 Y64.637 E.01209
G1 X81.964 Y64.656 E.01171
G1 X81.516 Y64.585 E.01182
G1 X81.068 Y64.408 E.01255
G1 X80.619 Y64.095 E.01426
G1 X79.989 Y63.499 E.0226
G1 X76.95 Y63.5 E.07918
G1 X76.137 Y64.257 E.02894
G1 X75.688 Y64.516 E.01351
G1 X75.24 Y64.637 E.01209
G1 X74.792 Y64.656 E.01168
G1 X74.343 Y64.585 E.01184
G1 X73.895 Y64.408 E.01255
G1 X73.447 Y64.095 E.01424
G1 X72.817 Y63.5 E.02258
G1 X75.317 Y63.5 E.06514
;LAYER_CHANGE
;Z:1.85
;HEIGHT:0.15
;BEFORE_LAYER_CHANGE
G92 E0.0
;1.85


;WIPE_START
G1 F8640
G1 X72.817 Y63.5 E-.57726
G1 X73.447 Y64.095 E-.20009
G1 X73.527 Y64.151 E-.02265
;WIPE_END
G1 Z1.85 F720
;AFTER_LAYER_CHANGE
;1.85
G1 Z2.25
G1 X174.467 Y144.745 F10800
G1 Z1.85 F720
G1 E.8 F2100
M204 S800
;TYPE:Perimeter
;WIDTH:0.449999
G1 F2700
G1 X174.392 Y144.832 E.00299
G1 X174.036 Y144.943 E.00972
G1 X147.16 Y144.943 E.70027
;WIDTH:0.499571
G1 X146.972 Y144.968 E.00553
;WIDTH:0.549142
G1 X146.783 Y144.992 E.00614
;WIDTH:0.598713
G1 X146.595 Y145.017 E.0067
;WIDTH:0.648284
G1 X146.406 Y145.042 E.00732
G1 X140.074 Y145.042 E.24328
G1 X139.885 Y145.017 E.00732
;WIDTH:0.598713
G1 X139.697 Y144.992 E.0067
;WIDTH:0.549142
G1 X139.508 Y144.968 E.00614
;WIDTH:0.499571
G1 X139.32 Y144.943 E.00553
;WIDTH:0.449999
G1 X110.68 Y144.943 E.74624
;WIDTH:0.499571
G1 X110.492 Y144.968 E.00553
;WIDTH:0.549142
G1 X110.303 Y144.992 E.00614
;WIDTH:0.598713
G1 X110.115 Y145.017 E.0067
;WIDTH:0.648284
G1 X109.926 Y145.042 E.00732
G1 X103.594 Y145.042 E.24328
G1 X103.405 Y145.017 E.00732
;WIDTH:0.598713
G1 X103.217 Y144.992 E.0067
;WIDTH:0.549142
G1 X103.028 Y144.968 E.00614
;WIDTH:0.499571
G1 X102.84 Y144.943 E.00553
;WIDTH:0.449999
G1 X77.964 Y144.943 E.64816
G1 X77.676 Y144.873 E.00772
G1 X77.471 Y144.703 E.00694
G1 X77.367 Y144.507 E.00578
G1 X77.337 Y144.316 E.00504
G1 X77.337 Y83.684 E1.57981
G1 X77.411 Y83.389 E.00792
G1 X77.588 Y83.183 E.00708
G1 X77.894 Y83.057 E.00862
G1 X174.036 Y83.057 E2.50505
G1 X174.331 Y83.131 E.00792
M73 P48 R28
G1 X174.49 Y83.252 E.00521
G1 X174.615 Y83.443 E.00595
G1 X174.663 Y83.684 E.0064
G1 X174.663 Y144.316 E1.57981
G1 X174.598 Y144.593 E.00741
G1 X174.506 Y144.7 E.00368
M204 S1000
G1 X174.169 Y144.449 F10800
M204 S800
;TYPE:External perimeter
G1 F1500
G1 X174.068 Y144.525 E.00329
G1 X77.964 Y144.525 E2.50406
G1 X77.8 Y144.445 E.00475
G1 X77.755 Y144.316 E.00356
G1 X77.755 Y83.684 E1.57981
G1 X77.807 Y83.547 E.00382
G1 X77.964 Y83.475 E.0045
G1 X174.036 Y83.475 E2.50323
G1 X174.187 Y83.54 E.00428
M73 Q48 S28
G1 X174.245 Y83.684 E.00404
G1 X174.245 Y144.316 E1.57981
G1 X174.223 Y144.408 E.00246
G1 X174.217 Y144.413 E.0002
M204 S1000
;WIPE_START
G1 F8640
G1 X174.169 Y144.449 E-.01385
G1 X174.068 Y144.525 E-.02919
G1 X170.79 Y144.525 E-.75696
;WIPE_END
G1 Z2.25 F720
G1 X146.842 Y145.952 F10800
G1 Z1.85 F720
G1 E.8 F2100
M204 S800
;TYPE:Perimeter
G1 F2700
G1 X146.81 Y145.904 E.0015
;WIDTH:0.499571
G1 X146.709 Y145.843 E.00344
;WIDTH:0.549142
G1 X146.608 Y145.781 E.00382
;WIDTH:0.598713
G1 X146.507 Y145.72 E.00417
;WIDTH:0.648284
G1 X146.406 Y145.658 E.00455
G1 X140.074 Y145.658 E.24328
G1 X139.973 Y145.72 E.00455
;WIDTH:0.598713
G1 X139.872 Y145.781 E.00417
;WIDTH:0.549142
G1 X139.771 Y145.843 E.00382
;WIDTH:0.499571
G1 X139.67 Y145.904 E.00344
;WIDTH:0.449999
G1 X139.477 Y146.192 E.00903
G1 X139.447 Y146.857 E.01734
G1 X110.553 Y146.857 E.75285
G1 X110.523 Y146.192 E.01734
G1 X110.33 Y145.904 E.00903
;WIDTH:0.499571
G1 X110.229 Y145.843 E.00344
;WIDTH:0.549142
G1 X110.128 Y145.781 E.00382
;WIDTH:0.598713
G1 X110.027 Y145.72 E.00417
;WIDTH:0.648284
G1 X109.926 Y145.658 E.00455
G1 X103.594 Y145.658 E.24328
G1 X103.493 Y145.72 E.00455
;WIDTH:0.598713
G1 X103.392 Y145.781 E.00417
;WIDTH:0.549142
G1 X103.291 Y145.843 E.00382
;WIDTH:0.499571
G1 X103.19 Y145.904 E.00344
;WIDTH:0.449999
G1 X102.997 Y146.192 E.00903
G1 X102.967 Y146.857 E.01734
G1 X72.546 Y146.857 E.79264
G1 X72.423 Y146.734 E.00453
G1 X72.423 Y108.793 E.98858
G1 X72.896 Y108.793 E.01232
G1 X73.162 Y108.734 E.0071
G1 X73.299 Y108.646 E.00424
G1 X73.493 Y108.356 E.00909
G1 X73.523 Y108.166 E.00501
G1 X73.523 Y101.834 E.16498
G1 X73.493 Y101.644 E.00501
G1 X73.413 Y101.479 E.00478
G1 X73.162 Y101.266 E.00858
G1 X72.896 Y101.207 E.0071
G1 X72.423 Y101.207 E.01232
G1 X72.423 Y63.266 E.98858
G1 X72.546 Y63.143 E.00453
G1 X102.967 Y63.143 E.79264
G1 X102.967 Y63.616 E.01232
G1 X103.065 Y63.952 E.00912
G1 X103.178 Y64.085 E.00455
G1 X103.316 Y64.178 E.00434
G1 X103.594 Y64.243 E.00744
G1 X109.969 Y64.243 E.16611
G1 X110.261 Y64.146 E.00802
G1 X110.455 Y63.952 E.00715
G1 X110.553 Y63.616 E.00912
G1 X110.553 Y63.143 E.01232
G1 X139.447 Y63.143 E.75285
G1 X139.447 Y63.616 E.01232
G1 X139.545 Y63.952 E.00912
G1 X139.658 Y64.085 E.00455
G1 X139.796 Y64.178 E.00434
G1 X140.074 Y64.243 E.00744
G1 X146.449 Y64.243 E.16611
G1 X146.741 Y64.146 E.00802
G1 X146.935 Y63.952 E.00715
G1 X147.033 Y63.616 E.00912
G1 X147.033 Y63.143 E.01232
G1 X177.454 Y63.143 E.79264
G1 X177.577 Y63.266 E.00453
G1 X177.577 Y101.207 E.98858
G1 X177.104 Y101.207 E.01232
G1 X176.808 Y101.281 E.00795
G1 X176.58 Y101.489 E.00804
G1 X176.477 Y101.834 E.00938
G1 X176.477 Y108.166 E.16498
G1 X176.58 Y108.511 E.00938
G1 X176.808 Y108.719 E.00804
G1 X177.104 Y108.793 E.00795
G1 X177.577 Y108.793 E.01232
G1 X177.577 Y146.734 E.98858
G1 X177.454 Y146.857 E.00453
G1 X147.033 Y146.857 E.79264
G1 X147.003 Y146.192 E.01734
M73 Q49 S28
G1 X146.875 Y146.002 E.00597
M204 S1000
G1 X146.551 Y146.246 F10800
M204 S800
;TYPE:External perimeter
G1 F1500
G1 X146.541 Y146.224 E.00063
G1 X146.406 Y146.175 E.00374
G1 X140.074 Y146.175 E.16498
G1 X139.939 Y146.224 E.00374
G1 X139.865 Y146.384 E.00459
G1 X139.865 Y147.275 E.02322
G1 X110.135 Y147.275 E.77464
G1 X110.135 Y146.384 E.02322
M73 P49 R28
G1 X110.061 Y146.224 E.00459
G1 X109.926 Y146.175 E.00374
G1 X103.594 Y146.175 E.16498
G1 X103.459 Y146.224 E.00374
G1 X103.385 Y146.384 E.00459
G1 X103.385 Y147.275 E.02322
G1 X72.373 Y147.275 E.80804
G1 X72.005 Y146.907 E.01356
G1 X72.005 Y108.375 E1.00398
G1 X72.896 Y108.375 E.02322
G1 X73.03 Y108.326 E.00372
G1 X73.105 Y108.166 E.0046
G1 X73.105 Y101.834 E.16498
G1 X73.03 Y101.674 E.0046
G1 X72.896 Y101.625 E.00372
G1 X72.005 Y101.625 E.02322
G1 X72.005 Y63.093 E1.00398
G1 X72.373 Y62.725 E.01356
G1 X103.385 Y62.725 E.80804
G1 X103.385 Y63.616 E.02322
G1 X103.455 Y63.772 E.00446
G1 X103.594 Y63.825 E.00388
G1 X109.926 Y63.825 E.16498
G1 X110.065 Y63.772 E.00388
G1 X110.135 Y63.616 E.00446
G1 X110.135 Y62.725 E.02322
G1 X139.865 Y62.725 E.77464
G1 X139.865 Y63.616 E.02322
G1 X139.935 Y63.772 E.00446
G1 X140.074 Y63.825 E.00388
G1 X146.406 Y63.825 E.16498
G1 X146.545 Y63.772 E.00388
G1 X146.615 Y63.616 E.00446
G1 X146.615 Y62.725 E.02322
G1 X177.627 Y62.725 E.80804
G1 X177.995 Y63.093 E.01356
G1 X177.995 Y101.625 E1.00398
G1 X177.005 Y101.65 E.0258
G1 X176.929 Y101.719 E.00267
G1 X176.895 Y101.834 E.00312
G1 X176.895 Y108.198 E.16582
G1 X177.005 Y108.35 E.00489
G1 X177.104 Y108.375 E.00266
G1 X177.995 Y108.375 E.02322
G1 X177.995 Y146.907 E1.00398
G1 X177.627 Y147.275 E.01356
G1 X146.615 Y147.275 E.80804
G1 X146.615 Y146.384 E.02322
G1 X146.576 Y146.3 E.00241
M204 S1000
;WIPE_START
G1 F8640
G1 X146.551 Y146.246 E-.01374
G1 X146.541 Y146.224 E-.00558
G1 X146.406 Y146.175 E-.03316
G1 X143.169 Y146.175 E-.74752
;WIPE_END
G1 Z2.25 F720
G1 X147.185 Y145.298 F10800
G1 Z1.85 F720
G1 E.8 F2100
;TYPE:Internal infill
;WIDTH:0.45
G1 F4800
G1 X146.74 Y145.413 E.01198
G1 X147.051 Y145.642 E.01006
G1 X147.341 Y146.074 E.01356
G1 X147.388 Y146.502 E.01122
G1 X148.089 Y146.502 E.01827
G1 X148.759 Y145.874 E.02393
G1 X149.208 Y145.572 E.0141
G1 X149.656 Y145.406 E.01245
G1 X150.104 Y145.345 E.01178
G1 X150.552 Y145.374 E.0117
G1 X151.001 Y145.506 E.01219
G1 X151.449 Y145.776 E.01363
G1 X152.23 Y146.502 E.02778
G1 X155.263 Y146.502 E.07903
G1 X155.932 Y145.874 E.02391
G1 X156.38 Y145.572 E.01408
G1 X156.828 Y145.406 E.01245
G1 X157.277 Y145.345 E.01181
G1 X157.725 Y145.374 E.0117
G1 X158.173 Y145.506 E.01217
G1 X158.622 Y145.776 E.01365
G1 X159.403 Y146.501 E.02777
G1 X162.436 Y146.501 E.07903
G1 X163.105 Y145.874 E.02389
G1 X163.553 Y145.572 E.01408
G1 X164.001 Y145.406 E.01245
G1 X164.449 Y145.345 E.01178
G1 X164.898 Y145.374 E.01172
G1 X165.346 Y145.506 E.01217
G1 X165.794 Y145.776 E.01363
G1 X166.575 Y146.501 E.02777
G1 X169.609 Y146.501 E.07905
G1 X170.277 Y145.874 E.02387
G1 X170.725 Y145.572 E.01408
G1 X171.174 Y145.406 E.01247
G1 X171.622 Y145.345 E.01178
G1 X172.07 Y145.374 E.0117
G1 X172.519 Y145.506 E.01219
G1 X172.967 Y145.776 E.01363
G1 X173.747 Y146.5 E.02773
G1 X176.782 Y146.5 E.07908
G1 X177.22 Y146.092 E.0156
G1 X177.22 Y143.592 E.06514
;WIPE_START
G1 F8640
G1 X177.22 Y146.092 E-.57726
G1 X176.782 Y146.5 E-.13822
G1 X176.416 Y146.5 E-.08452
;WIPE_END
G1 Z2.25 F720
G1 X175.018 Y141.041 F10800
G1 Z1.85 F720
G1 E.8 F2100
G1 F4800
G1 X175.018 Y143.541 E.06514
G1 X175.657 Y143.492 E.0167
G1 X176.105 Y143.327 E.01244
G1 X176.553 Y143.025 E.01408
G1 X177.22 Y142.399 E.02383
G1 X177.221 Y138.919 E.09067
G1 X176.553 Y139.537 E.02371
G1 X176.105 Y139.806 E.01362
G1 X175.657 Y139.938 E.01217
G1 X175.018 Y139.941 E.01665
G1 X175.018 Y136.369 E.09307
G1 X175.657 Y136.32 E.0167
G1 X176.105 Y136.154 E.01245
G1 X176.553 Y135.852 E.01408
G1 X177.221 Y135.226 E.02385
G1 X177.221 Y131.746 E.09067
G1 X176.553 Y132.364 E.02371
G1 X176.105 Y132.633 E.01362
G1 X175.657 Y132.765 E.01217
G1 X175.018 Y132.769 E.01665
G1 X175.018 Y129.196 E.0931
G1 X175.657 Y129.147 E.0167
G1 X176.105 Y128.981 E.01245
G1 X176.553 Y128.68 E.01406
G1 X177.221 Y128.053 E.02387
G1 X177.221 Y124.573 E.09067
G1 X176.553 Y125.192 E.02373
G1 X176.105 Y125.461 E.01362
G1 X175.657 Y125.593 E.01217
G1 X175.018 Y125.596 E.01665
G1 X175.018 Y122.023 E.0931
G1 X175.657 Y121.975 E.0167
G1 X176.105 Y121.809 E.01245
G1 X176.553 Y121.507 E.01408
G1 X177.221 Y120.88 E.02387
G1 X177.222 Y117.4 E.09067
G1 X176.553 Y118.019 E.02375
G1 X176.105 Y118.288 E.01362
G1 X175.657 Y118.42 E.01217
G1 X175.018 Y118.423 E.01665
G1 X175.018 Y114.851 E.09307
G1 X175.657 Y114.802 E.0167
G1 X176.105 Y114.636 E.01245
G1 X176.553 Y114.334 E.01408
G1 X177.222 Y113.707 E.02389
G1 X177.222 Y116.207 E.06514
;WIPE_START
G1 F8640
G1 X177.222 Y113.707 E-.57726
G1 X176.553 Y114.334 E-.21171
G1 X176.513 Y114.361 E-.01103
;WIPE_END
G1 Z2.25 F720
G1 X175.018 Y113.751 F10800
G1 Z1.85 F720
G1 E.8 F2100
G1 F4800
G1 X175.018 Y111.251 E.06514
G1 X175.657 Y111.248 E.01665
G1 X176.105 Y111.116 E.01217
G1 X176.553 Y110.846 E.01363
G1 X177.222 Y110.227 E.02375
G1 X177.222 Y109.148 E.02811
G1 X176.638 Y109.036 E.01549
G1 X176.282 Y108.711 E.01256
G1 X176.137 Y108.344 E.01028
G1 X176.122 Y107.452 E.02325
G1 X175.657 Y107.629 E.01296
G1 X175.018 Y107.678 E.0167
G1 X175.018 Y105.178 E.06514
;WIPE_START
G1 F8640
G1 X175.018 Y107.678 E-.57726
G1 X175.657 Y107.629 E-.14798
G1 X175.96 Y107.514 E-.07476
;WIPE_END
G1 Z2.25 F720
G1 X176.231 Y101.449 F10800
G1 Z1.85 F720
G1 E.8 F2100
G1 F4800
G1 X176.122 Y101.812 E.00988
G1 X176.122 Y103.933 E.05526
G1 X175.657 Y104.075 E.01267
G1 X175.018 Y104.078 E.01665
G1 X175.018 Y100.505 E.0931
G1 X175.657 Y100.457 E.0167
G1 X176.105 Y100.291 E.01245
G1 X176.553 Y99.989 E.01408
G1 X177.222 Y99.362 E.02389
G1 X177.222 Y95.882 E.09067
G1 X176.553 Y96.501 E.02375
G1 X176.105 Y96.77 E.01362
G1 X175.657 Y96.902 E.01217
G1 X175.018 Y96.906 E.01665
G1 X175.018 Y93.333 E.0931
G1 X175.657 Y93.284 E.0167
G1 X176.105 Y93.118 E.01245
G1 X176.553 Y92.817 E.01406
G1 X177.222 Y92.19 E.02389
G1 X177.221 Y88.71 E.09067
G1 X176.553 Y89.328 E.02371
G1 X176.105 Y89.598 E.01363
G1 X175.657 Y89.73 E.01217
G1 X175.018 Y89.733 E.01665
G1 X175.018 Y86.16 E.0931
G1 X175.657 Y86.111 E.0167
G1 X176.105 Y85.946 E.01244
G1 X176.553 Y85.644 E.01408
G1 X177.221 Y85.017 E.02387
G1 X177.221 Y81.537 E.09067
G1 X176.553 Y82.156 E.02373
G1 X176.105 Y82.425 E.01362
G1 X175.657 Y82.557 E.01217
G1 X175.208 Y82.586 E.01172
G1 X174.76 Y82.525 E.01178
G1 X174.312 Y82.359 E.01245
G1 X173.863 Y82.058 E.01408
G1 X172.967 Y81.222 E.03193
G1 X172.519 Y80.953 E.01362
G1 X172.07 Y80.821 E.01219
G1 X171.622 Y80.792 E.0117
G1 X171.174 Y80.853 E.01178
G1 X170.725 Y81.019 E.01247
G1 X170.277 Y81.32 E.01406
G1 X169.381 Y82.156 E.03193
G1 X168.932 Y82.425 E.01364
G1 X168.484 Y82.557 E.01217
G1 X168.036 Y82.586 E.0117
G1 X167.587 Y82.525 E.01181
G1 X167.139 Y82.359 E.01245
G1 X166.691 Y82.058 E.01406
G1 X165.794 Y81.222 E.03195
G1 X165.346 Y80.953 E.01362
G1 X164.898 Y80.821 E.01217
G1 X164.449 Y80.792 E.01172
G1 X164.001 Y80.853 E.01178
G1 X163.553 Y81.019 E.01245
G1 X163.105 Y81.32 E.01406
G1 X162.208 Y82.156 E.03195
G1 X161.76 Y82.425 E.01362
G1 X161.311 Y82.557 E.01219
G1 X160.863 Y82.586 E.0117
G1 X160.415 Y82.525 E.01178
G1 X159.967 Y82.359 E.01245
G1 X159.518 Y82.058 E.01408
G1 X158.622 Y81.222 E.03193
G1 X158.173 Y80.953 E.01364
G1 X157.725 Y80.821 E.01217
G1 X157.277 Y80.792 E.0117
G1 X156.828 Y80.853 E.01181
G1 X156.38 Y81.019 E.01245
G1 X155.932 Y81.32 E.01406
G1 X155.035 Y82.156 E.03195
G1 X154.587 Y82.425 E.01362
G1 X154.139 Y82.557 E.01217
G1 X153.69 Y82.586 E.01172
G1 X153.242 Y82.525 E.01178
G1 X152.794 Y82.359 E.01245
G1 X152.346 Y82.058 E.01406
G1 X151.449 Y81.222 E.03195
G1 X151.001 Y80.953 E.01362
G1 X150.552 Y80.821 E.01219
G1 X150.104 Y80.792 E.0117
G1 X149.656 Y80.853 E.01178
G1 X149.208 Y81.019 E.01245
G1 X148.759 Y81.32 E.01408
G1 X147.863 Y82.156 E.03193
G1 X147.414 Y82.425 E.01364
G1 X146.966 Y82.557 E.01217
G1 X146.518 Y82.586 E.0117
G1 X146.07 Y82.525 E.01178
G1 X145.621 Y82.359 E.01247
G1 X145.173 Y82.058 E.01406
G1 X144.276 Y81.222 E.03195
G1 X143.828 Y80.953 E.01362
G1 X143.38 Y80.821 E.01217
G1 X142.932 Y80.792 E.0117
G1 X142.483 Y80.853 E.01181
G1 X142.035 Y81.019 E.01245
G1 X141.587 Y81.32 E.01406
G1 X140.69 Y82.156 E.03195
G1 X140.242 Y82.425 E.01362
G1 X139.794 Y82.557 E.01217
G1 X139.345 Y82.586 E.01172
G1 X138.897 Y82.525 E.01178
G1 X138.449 Y82.359 E.01245
G1 X138 Y82.058 E.01408
G1 X137.104 Y81.222 E.03193
G1 X136.656 Y80.953 E.01362
G1 X136.207 Y80.821 E.01219
G1 X135.759 Y80.792 E.0117
G1 X135.311 Y80.853 E.01178
G1 X134.862 Y81.019 E.01247
G1 X134.414 Y81.32 E.01406
G1 X133.518 Y82.156 E.03193
G1 X133.069 Y82.425 E.01364
G1 X132.621 Y82.557 E.01217
G1 X132.173 Y82.586 E.0117
G1 X131.724 Y82.525 E.01181
G1 X131.276 Y82.359 E.01245
G1 X130.828 Y82.058 E.01406
G1 X129.931 Y81.222 E.03195
G1 X129.483 Y80.953 E.01362
G1 X129.035 Y80.821 E.01217
G1 X128.586 Y80.792 E.01172
G1 X128.138 Y80.853 E.01178
G1 X127.69 Y81.019 E.01245
G1 X127.241 Y81.32 E.01408
G1 X126.345 Y82.156 E.03193
G1 X125.897 Y82.425 E.01362
G1 X125.448 Y82.557 E.01219
G1 X125 Y82.586 E.0117
G1 X124.552 Y82.525 E.01178
G1 X124.103 Y82.359 E.01247
G1 X123.655 Y82.058 E.01406
G1 X122.759 Y81.222 E.03193
G1 X122.31 Y80.953 E.01364
G1 X121.862 Y80.821 E.01217
G1 X121.414 Y80.792 E.0117
G1 X120.965 Y80.853 E.01181
G1 X120.517 Y81.019 E.01245
G1 X120.069 Y81.32 E.01406
G1 X119.172 Y82.156 E.03195
G1 X118.724 Y82.425 E.01362
G1 X118.276 Y82.557 E.01217
G1 X117.827 Y82.586 E.01172
G1 X117.379 Y82.525 E.01178
G1 X116.931 Y82.359 E.01245
G1 X116.483 Y82.058 E.01406
G1 X115.586 Y81.222 E.03195
G1 X115.138 Y80.953 E.01362
G1 X114.689 Y80.821 E.01219
G1 X114.241 Y80.792 E.0117
G1 X113.793 Y80.853 E.01178
G1 X113.345 Y81.019 E.01245
G1 X112.896 Y81.32 E.01408
G1 X112 Y82.156 E.03193
G1 X111.551 Y82.425 E.01364
G1 X111.103 Y82.557 E.01217
G1 X110.655 Y82.586 E.0117
G1 X110.207 Y82.525 E.01178
G1 X109.758 Y82.359 E.01247
G1 X109.31 Y82.058 E.01406
G1 X108.413 Y81.222 E.03195
G1 X107.965 Y80.953 E.01362
G1 X107.517 Y80.821 E.01217
G1 X107.069 Y80.792 E.0117
G1 X106.62 Y80.853 E.01181
G1 X106.172 Y81.019 E.01245
G1 X105.724 Y81.32 E.01406
G1 X104.827 Y82.156 E.03195
G1 X104.379 Y82.425 E.01362
G1 X103.93 Y82.557 E.01219
G1 X103.482 Y82.586 E.0117
G1 X103.034 Y82.525 E.01178
G1 X102.586 Y82.359 E.01245
G1 X102.137 Y82.058 E.01408
G1 X101.241 Y81.222 E.03193
G1 X100.792 Y80.953 E.01364
G1 X100.344 Y80.821 E.01217
G1 X99.896 Y80.792 E.0117
G1 X99.448 Y80.853 E.01178
G1 X98.999 Y81.019 E.01247
G1 X98.551 Y81.32 E.01406
G1 X97.654 Y82.156 E.03195
G1 X97.206 Y82.425 E.01362
G1 X96.758 Y82.557 E.01217
G1 X96.31 Y82.586 E.0117
G1 X95.861 Y82.525 E.01181
G1 X95.413 Y82.359 E.01245
G1 X94.965 Y82.058 E.01406
G1 X94.068 Y81.222 E.03195
G1 X93.62 Y80.953 E.01362
G1 X93.172 Y80.821 E.01217
G1 X92.723 Y80.792 E.01172
G1 X92.275 Y80.853 E.01178
G1 X91.827 Y81.019 E.01245
G1 X91.378 Y81.32 E.01408
G1 X90.482 Y82.156 E.03193
G1 X90.034 Y82.425 E.01362
G1 X89.585 Y82.557 E.01219
G1 X89.137 Y82.586 E.0117
G1 X88.689 Y82.525 E.01178
G1 X88.24 Y82.359 E.01247
G1 X87.792 Y82.058 E.01406
G1 X86.896 Y81.222 E.03193
G1 X86.447 Y80.953 E.01364
G1 X85.999 Y80.821 E.01217
G1 X85.551 Y80.792 E.0117
G1 X85.102 Y80.853 E.01181
G1 X84.654 Y81.019 E.01245
G1 X84.206 Y81.32 E.01406
G1 X83.309 Y82.156 E.03195
G1 X82.861 Y82.425 E.01362
G1 X82.413 Y82.557 E.01217
G1 X81.964 Y82.586 E.01172
G1 X81.516 Y82.525 E.01178
G1 X81.068 Y82.359 E.01245
G1 X80.619 Y82.058 E.01408
G1 X79.723 Y81.222 E.03193
G1 X79.275 Y80.953 E.01362
G1 X78.826 Y80.821 E.01219
G1 X78.378 Y80.792 E.0117
G1 X77.93 Y80.853 E.01178
G1 X77.481 Y81.019 E.01247
G1 X77.033 Y81.32 E.01406
G1 X76.137 Y82.156 E.03193
G1 X75.688 Y82.425 E.01364
G1 X75.24 Y82.557 E.01217
G1 X74.792 Y82.586 E.0117
G1 X74.343 Y82.525 E.01181
G1 X73.895 Y82.359 E.01245
G1 X73.447 Y82.058 E.01406
G1 X72.779 Y81.431 E.02387
G1 X72.779 Y77.951 E.09067
G1 X73.447 Y78.57 E.02373
G1 X73.895 Y78.839 E.01362
G1 X74.343 Y78.971 E.01217
G1 X74.792 Y79 E.01172
G1 X75.24 Y78.939 E.01178
G1 X75.688 Y78.773 E.01245
G1 X76.137 Y78.471 E.0141
G1 X77.033 Y77.636 E.03191
G1 X77.481 Y77.367 E.01362
G1 X77.93 Y77.235 E.01219
G1 X78.378 Y77.205 E.0117
G1 X78.826 Y77.267 E.01178
G1 X79.275 Y77.432 E.01246
G1 X79.723 Y77.734 E.01408
G1 X80.619 Y78.57 E.03193
G1 X81.068 Y78.839 E.01364
G1 X81.516 Y78.971 E.01217
G1 X81.964 Y79 E.0117
G1 X82.413 Y78.939 E.01181
G1 X82.861 Y78.773 E.01245
G1 X83.309 Y78.471 E.01408
G1 X84.206 Y77.636 E.03193
G1 X84.654 Y77.367 E.01362
G1 X85.102 Y77.235 E.01217
G1 X85.551 Y77.205 E.01173
G1 X85.999 Y77.267 E.01178
G1 X86.447 Y77.432 E.01244
G1 X86.896 Y77.734 E.0141
G1 X87.792 Y78.57 E.03193
G1 X88.24 Y78.839 E.01362
G1 X88.689 Y78.971 E.01219
G1 X89.137 Y79 E.0117
G1 X89.585 Y78.939 E.01178
G1 X90.034 Y78.773 E.01247
G1 X90.482 Y78.471 E.01408
G1 X91.378 Y77.636 E.03191
G1 X91.827 Y77.367 E.01364
G1 X92.275 Y77.235 E.01217
G1 X92.723 Y77.205 E.0117
G1 X93.172 Y77.267 E.01181
G1 X93.62 Y77.432 E.01244
G1 X94.068 Y77.734 E.01408
G1 X94.965 Y78.57 E.03195
G1 X95.413 Y78.839 E.01362
G1 X95.861 Y78.971 E.01217
G1 X96.31 Y79 E.01172
G1 X96.758 Y78.939 E.01178
G1 X97.206 Y78.773 E.01245
G1 X97.654 Y78.471 E.01408
G1 X98.551 Y77.636 E.03193
G1 X98.999 Y77.367 E.01362
G1 X99.448 Y77.235 E.01219
G1 X99.896 Y77.205 E.0117
G1 X100.344 Y77.267 E.01178
G1 X100.792 Y77.432 E.01244
G1 X101.241 Y77.734 E.0141
G1 X102.137 Y78.57 E.03193
G1 X102.586 Y78.839 E.01364
G1 X103.034 Y78.971 E.01217
G1 X103.482 Y79 E.0117
G1 X103.93 Y78.939 E.01178
G1 X104.379 Y78.773 E.01247
G1 X104.827 Y78.471 E.01408
G1 X105.724 Y77.636 E.03193
G1 X106.172 Y77.367 E.01362
G1 X106.62 Y77.235 E.01217
G1 X107.069 Y77.205 E.01173
G1 X107.517 Y77.267 E.01178
G1 X107.965 Y77.432 E.01244
G1 X108.413 Y77.734 E.01408
G1 X109.31 Y78.57 E.03195
G1 X109.758 Y78.839 E.01362
G1 X110.207 Y78.971 E.01219
G1 X110.655 Y79 E.0117
G1 X111.103 Y78.939 E.01178
G1 X111.551 Y78.773 E.01245
G1 X112 Y78.471 E.0141
G1 X112.896 Y77.636 E.03191
G1 X113.345 Y77.367 E.01364
G1 X113.793 Y77.235 E.01217
G1 X114.241 Y77.205 E.0117
G1 X114.689 Y77.267 E.01178
G1 X115.138 Y77.432 E.01246
G1 X115.586 Y77.734 E.01408
G1 X116.483 Y78.57 E.03195
G1 X116.931 Y78.839 E.01362
G1 X117.379 Y78.971 E.01217
G1 X117.827 Y79 E.0117
G1 X118.276 Y78.939 E.01181
G1 X118.724 Y78.773 E.01245
G1 X119.172 Y78.471 E.01408
G1 X120.069 Y77.636 E.03193
G1 X120.517 Y77.367 E.01362
G1 X120.965 Y77.235 E.01217
G1 X121.414 Y77.205 E.01173
G1 X121.862 Y77.267 E.01178
G1 X122.31 Y77.432 E.01244
G1 X122.759 Y77.734 E.0141
G1 X123.655 Y78.57 E.03193
G1 X124.103 Y78.839 E.01362
G1 X124.552 Y78.971 E.01219
G1 X125 Y79 E.0117
G1 X125.448 Y78.939 E.01178
G1 X125.897 Y78.773 E.01247
G1 X126.345 Y78.471 E.01408
G1 X127.241 Y77.636 E.03191
G1 X127.69 Y77.367 E.01364
G1 X128.138 Y77.235 E.01217
G1 X128.586 Y77.205 E.0117
G1 X129.035 Y77.267 E.01181
G1 X129.483 Y77.432 E.01244
G1 X129.931 Y77.734 E.01408
G1 X130.828 Y78.57 E.03195
G1 X131.276 Y78.839 E.01362
G1 X131.724 Y78.971 E.01217
G1 X132.173 Y79 E.01172
G1 X132.621 Y78.939 E.01178
G1 X133.069 Y78.773 E.01245
G1 X133.518 Y78.471 E.0141
G1 X134.414 Y77.636 E.03191
G1 X134.862 Y77.367 E.01362
G1 X135.311 Y77.235 E.01219
G1 X135.759 Y77.205 E.0117
G1 X136.207 Y77.267 E.01178
G1 X136.656 Y77.432 E.01246
G1 X137.104 Y77.734 E.01408
G1 X138 Y78.57 E.03193
G1 X138.449 Y78.839 E.01364
G1 X138.897 Y78.971 E.01217
G1 X139.345 Y79 E.0117
G1 X139.794 Y78.939 E.01181
G1 X140.242 Y78.773 E.01245
G1 X140.69 Y78.471 E.01408
G1 X141.587 Y77.636 E.03193
G1 X142.035 Y77.367 E.01362
G1 X142.483 Y77.235 E.01217
G1 X142.932 Y77.205 E.01173
G1 X143.38 Y77.267 E.01178
G1 X143.828 Y77.432 E.01244
G1 X144.276 Y77.734 E.01408
G1 X145.173 Y78.57 E.03195
G1 X145.621 Y78.839 E.01362
G1 X146.07 Y78.971 E.01219
G1 X146.518 Y79 E.0117
G1 X146.966 Y78.939 E.01178
G1 X147.414 Y78.773 E.01245
G1 X147.863 Y78.471 E.0141
G1 X148.759 Y77.636 E.03191
G1 X149.208 Y77.367 E.01364
G1 X149.656 Y77.235 E.01217
G1 X150.104 Y77.205 E.0117
G1 X150.552 Y77.267 E.01178
G1 X151.001 Y77.432 E.01246
G1 X151.449 Y77.734 E.01408
G1 X152.346 Y78.57 E.03195
G1 X152.794 Y78.839 E.01362
G1 X153.242 Y78.971 E.01217
G1 X153.69 Y79 E.0117
G1 X154.139 Y78.939 E.01181
G1 X154.587 Y78.773 E.01245
G1 X155.035 Y78.471 E.01408
G1 X155.932 Y77.636 E.03193
G1 X156.38 Y77.367 E.01362
G1 X156.828 Y77.235 E.01217
G1 X157.277 Y77.205 E.01173
G1 X157.725 Y77.267 E.01178
G1 X158.173 Y77.432 E.01244
G1 X158.622 Y77.734 E.0141
G1 X159.518 Y78.57 E.03193
G1 X159.967 Y78.839 E.01364
G1 X160.415 Y78.971 E.01217
G1 X160.863 Y79 E.0117
G1 X161.311 Y78.939 E.01178
G1 X161.76 Y78.773 E.01247
G1 X162.208 Y78.471 E.01408
G1 X163.105 Y77.636 E.03193
G1 X163.553 Y77.367 E.01362
G1 X164.001 Y77.235 E.01217
G1 X164.449 Y77.205 E.0117
G1 X164.898 Y77.267 E.01181
G1 X165.346 Y77.432 E.01244
G1 X165.794 Y77.734 E.01408
G1 X166.691 Y78.57 E.03195
G1 X167.139 Y78.839 E.01362
G1 X167.587 Y78.971 E.01217
G1 X168.036 Y79 E.01172
G1 X168.484 Y78.939 E.01178
G1 X168.932 Y78.773 E.01245
G1 X169.381 Y78.471 E.0141
G1 X170.277 Y77.636 E.03191
G1 X170.725 Y77.367 E.01362
G1 X171.174 Y77.235 E.01219
G1 X171.622 Y77.205 E.0117
G1 X172.07 Y77.267 E.01178
G1 X172.519 Y77.432 E.01246
G1 X172.967 Y77.734 E.01408
G1 X173.863 Y78.57 E.03193
G1 X174.312 Y78.839 E.01364
G1 X174.76 Y78.971 E.01217
G1 X175.208 Y79 E.0117
G1 X175.657 Y78.939 E.01181
G1 X176.105 Y78.773 E.01245
G1 X176.553 Y78.471 E.01408
G1 X177.221 Y77.845 E.02385
G1 X177.221 Y74.365 E.09067
G1 X176.553 Y74.983 E.02371
G1 X176.105 Y75.253 E.01363
G1 X175.657 Y75.385 E.01217
G1 X175.208 Y75.414 E.01172
G1 X174.76 Y75.353 E.01178
G1 X174.312 Y75.187 E.01245
G1 X173.863 Y74.885 E.0141
G1 X172.967 Y74.05 E.03191
G1 X172.519 Y73.78 E.01363
G1 X172.07 Y73.648 E.01219
G1 X171.622 Y73.619 E.0117
G1 X171.174 Y73.68 E.01178
G1 X170.725 Y73.846 E.01247
G1 X170.277 Y74.148 E.01408
G1 X169.381 Y74.983 E.03191
G1 X168.932 Y75.253 E.01365
G1 X168.484 Y75.385 E.01217
G1 X168.036 Y75.414 E.0117
G1 X167.587 Y75.353 E.01181
G1 X167.139 Y75.187 E.01245
G1 X166.691 Y74.885 E.01408
G1 X165.794 Y74.05 E.03193
G1 X165.346 Y73.78 E.01363
G1 X164.898 Y73.648 E.01217
G1 X164.449 Y73.619 E.01172
G1 X164.001 Y73.68 E.01178
G1 X163.553 Y73.846 E.01245
G1 X163.105 Y74.148 E.01408
G1 X162.208 Y74.983 E.03193
G1 X161.76 Y75.253 E.01363
G1 X161.311 Y75.385 E.01219
G1 X160.863 Y75.414 E.0117
G1 X160.415 Y75.353 E.01178
G1 X159.967 Y75.187 E.01245
G1 X159.518 Y74.885 E.0141
G1 X158.622 Y74.05 E.03191
G1 X158.173 Y73.78 E.01365
G1 X157.725 Y73.648 E.01217
G1 X157.277 Y73.619 E.0117
G1 X156.828 Y73.68 E.01181
G1 X156.38 Y73.846 E.01245
G1 X155.932 Y74.148 E.01408
G1 X155.035 Y74.983 E.03193
G1 X154.587 Y75.253 E.01363
G1 X154.139 Y75.385 E.01217
G1 X153.69 Y75.414 E.01172
G1 X153.242 Y75.353 E.01178
G1 X152.794 Y75.187 E.01245
G1 X152.346 Y74.885 E.01408
G1 X151.449 Y74.05 E.03193
G1 X151.001 Y73.78 E.01363
G1 X150.552 Y73.648 E.01219
G1 X150.104 Y73.619 E.0117
G1 X149.656 Y73.68 E.01178
G1 X149.208 Y73.846 E.01245
G1 X148.759 Y74.148 E.0141
G1 X147.863 Y74.983 E.03191
G1 X147.414 Y75.253 E.01365
G1 X146.966 Y75.385 E.01217
G1 X146.518 Y75.414 E.0117
G1 X146.07 Y75.353 E.01178
G1 X145.621 Y75.187 E.01247
G1 X145.173 Y74.885 E.01408
G1 X144.276 Y74.05 E.03193
G1 X143.828 Y73.78 E.01363
G1 X143.38 Y73.648 E.01217
G1 X142.932 Y73.619 E.0117
G1 X142.483 Y73.68 E.01181
G1 X142.035 Y73.846 E.01245
G1 X141.587 Y74.148 E.01408
G1 X140.69 Y74.983 E.03193
G1 X140.242 Y75.253 E.01363
G1 X139.794 Y75.385 E.01217
G1 X139.345 Y75.414 E.01172
G1 X138.897 Y75.353 E.01178
G1 X138.449 Y75.187 E.01245
G1 X138 Y74.885 E.0141
G1 X137.104 Y74.05 E.03191
G1 X136.656 Y73.78 E.01363
G1 X136.207 Y73.648 E.01219
G1 X135.759 Y73.619 E.0117
G1 X135.311 Y73.68 E.01178
G1 X134.862 Y73.846 E.01247
G1 X134.414 Y74.148 E.01408
G1 X133.518 Y74.983 E.03191
G1 X133.069 Y75.253 E.01365
G1 X132.621 Y75.385 E.01217
G1 X132.173 Y75.414 E.0117
G1 X131.724 Y75.353 E.01181
G1 X131.276 Y75.187 E.01245
G1 X130.828 Y74.885 E.01408
G1 X129.931 Y74.05 E.03193
G1 X129.483 Y73.78 E.01363
G1 X129.035 Y73.648 E.01217
G1 X128.586 Y73.619 E.01172
G1 X128.138 Y73.68 E.01178
G1 X127.69 Y73.846 E.01245
G1 X127.241 Y74.148 E.0141
G1 X126.345 Y74.983 E.03191
G1 X125.897 Y75.253 E.01363
G1 X125.448 Y75.385 E.01219
G1 X125 Y75.414 E.0117
G1 X124.552 Y75.353 E.01178
G1 X124.103 Y75.187 E.01247
G1 X123.655 Y74.885 E.01408
G1 X122.759 Y74.05 E.03191
G1 X122.31 Y73.78 E.01365
G1 X121.862 Y73.648 E.01217
G1 X121.414 Y73.619 E.0117
G1 X120.965 Y73.68 E.01181
G1 X120.517 Y73.846 E.01245
G1 X120.069 Y74.148 E.01408
G1 X119.172 Y74.983 E.03193
G1 X118.724 Y75.253 E.01363
G1 X118.276 Y75.385 E.01217
G1 X117.827 Y75.414 E.01172
G1 X117.379 Y75.353 E.01178
G1 X116.931 Y75.187 E.01245
G1 X116.483 Y74.885 E.01408
G1 X115.586 Y74.05 E.03193
G1 X115.138 Y73.78 E.01363
G1 X114.689 Y73.648 E.01219
G1 X114.241 Y73.619 E.0117
G1 X113.793 Y73.68 E.01178
G1 X113.345 Y73.846 E.01245
G1 X112.896 Y74.148 E.0141
G1 X112 Y74.983 E.03191
G1 X111.551 Y75.253 E.01365
G1 X111.103 Y75.385 E.01217
G1 X110.655 Y75.414 E.0117
G1 X110.207 Y75.353 E.01178
G1 X109.758 Y75.187 E.01247
G1 X109.31 Y74.885 E.01408
G1 X108.413 Y74.05 E.03193
G1 X107.965 Y73.78 E.01363
G1 X107.517 Y73.648 E.01217
G1 X107.069 Y73.619 E.0117
G1 X106.62 Y73.68 E.01181
G1 X106.172 Y73.846 E.01245
G1 X105.724 Y74.148 E.01408
G1 X104.827 Y74.983 E.03193
G1 X104.379 Y75.253 E.01363
G1 X103.93 Y75.385 E.01219
G1 X103.482 Y75.414 E.0117
G1 X103.034 Y75.353 E.01178
G1 X102.586 Y75.187 E.01245
G1 X102.137 Y74.885 E.0141
G1 X101.241 Y74.05 E.03191
G1 X100.792 Y73.78 E.01365
G1 X100.344 Y73.648 E.01217
G1 X99.896 Y73.619 E.0117
G1 X99.448 Y73.68 E.01178
G1 X98.999 Y73.846 E.01247
G1 X98.551 Y74.148 E.01408
G1 X97.654 Y74.983 E.03193
G1 X97.206 Y75.253 E.01363
G1 X96.758 Y75.385 E.01217
G1 X96.31 Y75.414 E.0117
G1 X95.861 Y75.353 E.01181
G1 X95.413 Y75.187 E.01245
G1 X94.965 Y74.885 E.01408
G1 X94.068 Y74.05 E.03193
G1 X93.62 Y73.78 E.01363
G1 X93.172 Y73.648 E.01217
G1 X92.723 Y73.619 E.01172
G1 X92.275 Y73.68 E.01178
G1 X91.827 Y73.846 E.01245
G1 X91.378 Y74.148 E.0141
G1 X90.482 Y74.983 E.03191
G1 X90.034 Y75.253 E.01363
G1 X89.585 Y75.385 E.01219
G1 X89.137 Y75.414 E.0117
G1 X88.689 Y75.353 E.01178
G1 X88.24 Y75.187 E.01247
G1 X87.792 Y74.885 E.01408
G1 X86.896 Y74.05 E.03191
G1 X86.447 Y73.78 E.01365
G1 X85.999 Y73.648 E.01217
G1 X85.551 Y73.619 E.0117
G1 X85.102 Y73.68 E.01181
G1 X84.654 Y73.846 E.01245
G1 X84.206 Y74.148 E.01408
G1 X83.309 Y74.983 E.03193
G1 X82.861 Y75.253 E.01363
G1 X82.413 Y75.385 E.01217
G1 X81.964 Y75.414 E.01172
G1 X81.516 Y75.353 E.01178
G1 X81.068 Y75.187 E.01245
G1 X80.619 Y74.885 E.0141
G1 X79.723 Y74.05 E.03191
G1 X79.275 Y73.78 E.01363
G1 X78.826 Y73.648 E.01219
G1 X78.378 Y73.619 E.0117
G1 X77.93 Y73.68 E.01178
G1 X77.481 Y73.846 E.01247
G1 X77.033 Y74.148 E.01408
G1 X76.137 Y74.983 E.03191
G1 X75.688 Y75.253 E.01365
G1 X75.24 Y75.385 E.01217
G1 X74.792 Y75.414 E.0117
G1 X74.343 Y75.353 E.01181
G1 X73.895 Y75.187 E.01245
G1 X73.447 Y74.885 E.01408
G1 X72.779 Y74.259 E.02385
G1 X72.779 Y70.779 E.09067
G1 X73.447 Y71.397 E.02371
G1 X73.895 Y71.666 E.01362
G1 X74.343 Y71.798 E.01217
G1 X74.792 Y71.827 E.01172
G1 X75.24 Y71.766 E.01178
G1 X75.688 Y71.601 E.01244
G1 X76.137 Y71.299 E.0141
G1 X77.033 Y70.463 E.03193
G1 X77.481 Y70.194 E.01362
G1 X77.93 Y70.062 E.01219
G1 X78.378 Y70.033 E.0117
G1 X78.826 Y70.094 E.01178
G1 X79.275 Y70.26 E.01247
G1 X79.723 Y70.562 E.01408
G1 X80.619 Y71.397 E.03191
G1 X81.068 Y71.666 E.01364
G1 X81.516 Y71.798 E.01217
G1 X81.964 Y71.827 E.0117
G1 X82.413 Y71.766 E.01181
G1 X82.861 Y71.601 E.01244
G1 X83.309 Y71.299 E.01408
G1 X84.206 Y70.463 E.03195
G1 X84.654 Y70.194 E.01362
G1 X85.102 Y70.062 E.01217
G1 X85.551 Y70.033 E.01172
G1 X85.999 Y70.094 E.01178
G1 X86.447 Y70.26 E.01245
G1 X86.896 Y70.562 E.0141
G1 X87.792 Y71.397 E.03191
G1 X88.24 Y71.666 E.01362
G1 X88.689 Y71.798 E.01219
G1 X89.137 Y71.827 E.0117
G1 X89.585 Y71.766 E.01178
G1 X90.034 Y71.601 E.01246
G1 X90.482 Y71.299 E.01408
G1 X91.378 Y70.463 E.03193
G1 X91.827 Y70.194 E.01364
G1 X92.275 Y70.062 E.01217
G1 X92.723 Y70.033 E.0117
G1 X93.172 Y70.094 E.01181
G1 X93.62 Y70.26 E.01245
G1 X94.068 Y70.562 E.01408
G1 X94.965 Y71.397 E.03193
G1 X95.413 Y71.666 E.01362
G1 X95.861 Y71.798 E.01217
G1 X96.31 Y71.827 E.01172
G1 X96.758 Y71.766 E.01178
G1 X97.206 Y71.601 E.01244
G1 X97.654 Y71.299 E.01408
G1 X98.551 Y70.463 E.03195
G1 X98.999 Y70.194 E.01362
G1 X99.448 Y70.062 E.01219
G1 X99.896 Y70.033 E.0117
G1 X100.344 Y70.094 E.01178
G1 X100.792 Y70.26 E.01245
G1 X101.241 Y70.562 E.0141
G1 X102.137 Y71.397 E.03191
G1 X102.586 Y71.666 E.01364
G1 X103.034 Y71.798 E.01217
G1 X103.482 Y71.827 E.0117
G1 X103.93 Y71.766 E.01178
G1 X104.379 Y71.601 E.01246
G1 X104.827 Y71.299 E.01408
G1 X105.724 Y70.463 E.03195
G1 X106.172 Y70.194 E.01362
G1 X106.62 Y70.062 E.01217
G1 X107.069 Y70.033 E.01172
G1 X107.517 Y70.094 E.01178
G1 X107.965 Y70.26 E.01245
G1 X108.413 Y70.562 E.01408
G1 X109.31 Y71.397 E.03193
G1 X109.758 Y71.666 E.01362
G1 X110.207 Y71.798 E.01219
G1 X110.655 Y71.827 E.0117
G1 X111.103 Y71.766 E.01178
G1 X111.551 Y71.601 E.01244
G1 X112 Y71.299 E.0141
G1 X112.896 Y70.463 E.03193
G1 X113.345 Y70.194 E.01364
G1 X113.793 Y70.062 E.01217
G1 X114.241 Y70.033 E.0117
G1 X114.689 Y70.094 E.01178
G1 X115.138 Y70.26 E.01247
G1 X115.586 Y70.562 E.01408
G1 X116.483 Y71.397 E.03193
G1 X116.931 Y71.666 E.01362
G1 X117.379 Y71.798 E.01217
G1 X117.827 Y71.827 E.0117
G1 X118.276 Y71.766 E.01181
G1 X118.724 Y71.601 E.01244
G1 X119.172 Y71.299 E.01408
G1 X120.069 Y70.463 E.03195
G1 X120.517 Y70.194 E.01362
G1 X120.965 Y70.062 E.01217
G1 X121.414 Y70.033 E.01172
G1 X121.862 Y70.094 E.01178
G1 X122.31 Y70.26 E.01245
G1 X122.759 Y70.562 E.0141
G1 X123.655 Y71.397 E.03191
G1 X124.103 Y71.666 E.01362
G1 X124.552 Y71.798 E.01219
G1 X125 Y71.827 E.0117
G1 X125.448 Y71.766 E.01178
G1 X125.897 Y71.601 E.01246
G1 X126.345 Y71.299 E.01408
G1 X127.241 Y70.463 E.03193
G1 X127.69 Y70.194 E.01364
G1 X128.138 Y70.062 E.01217
G1 X128.586 Y70.033 E.0117
G1 X129.035 Y70.094 E.01181
G1 X129.483 Y70.26 E.01245
G1 X129.931 Y70.562 E.01408
G1 X130.828 Y71.397 E.03193
G1 X131.276 Y71.666 E.01362
G1 X131.724 Y71.798 E.01217
G1 X132.173 Y71.827 E.01172
G1 X132.621 Y71.766 E.01178
G1 X133.069 Y71.601 E.01244
G1 X133.518 Y71.299 E.0141
G1 X134.414 Y70.463 E.03193
G1 X134.862 Y70.194 E.01362
G1 X135.311 Y70.062 E.01219
G1 X135.759 Y70.033 E.0117
G1 X136.207 Y70.094 E.01178
G1 X136.656 Y70.26 E.01247
G1 X137.104 Y70.562 E.01408
G1 X138 Y71.397 E.03191
G1 X138.449 Y71.666 E.01364
G1 X138.897 Y71.798 E.01217
G1 X139.345 Y71.827 E.0117
G1 X139.794 Y71.766 E.01181
G1 X140.242 Y71.601 E.01244
G1 X140.69 Y71.299 E.01408
G1 X141.587 Y70.463 E.03195
G1 X142.035 Y70.194 E.01362
G1 X142.483 Y70.062 E.01217
G1 X142.932 Y70.033 E.01172
G1 X143.38 Y70.094 E.01178
G1 X143.828 Y70.26 E.01245
G1 X144.276 Y70.562 E.01408
G1 X145.173 Y71.397 E.03193
G1 X145.621 Y71.666 E.01362
G1 X146.07 Y71.798 E.01219
G1 X146.518 Y71.827 E.0117
G1 X146.966 Y71.766 E.01178
G1 X147.414 Y71.601 E.01244
G1 X147.863 Y71.299 E.0141
G1 X148.759 Y70.463 E.03193
G1 X149.208 Y70.194 E.01364
G1 X149.656 Y70.062 E.01217
G1 X150.104 Y70.033 E.0117
G1 X150.552 Y70.094 E.01178
G1 X151.001 Y70.26 E.01247
G1 X151.449 Y70.562 E.01408
G1 X152.346 Y71.397 E.03193
G1 X152.794 Y71.666 E.01362
G1 X153.242 Y71.798 E.01217
G1 X153.69 Y71.827 E.0117
G1 X154.139 Y71.766 E.01181
G1 X154.587 Y71.601 E.01244
G1 X155.035 Y71.299 E.01408
G1 X155.932 Y70.463 E.03195
G1 X156.38 Y70.194 E.01362
G1 X156.828 Y70.062 E.01217
G1 X157.277 Y70.033 E.01172
G1 X157.725 Y70.094 E.01178
G1 X158.173 Y70.26 E.01245
G1 X158.622 Y70.562 E.0141
G1 X159.518 Y71.397 E.03191
G1 X159.967 Y71.666 E.01364
G1 X160.415 Y71.798 E.01217
G1 X160.863 Y71.827 E.0117
G1 X161.311 Y71.766 E.01178
G1 X161.76 Y71.601 E.01246
G1 X162.208 Y71.299 E.01408
G1 X163.105 Y70.463 E.03195
G1 X163.553 Y70.194 E.01362
G1 X164.001 Y70.062 E.01217
G1 X164.449 Y70.033 E.0117
G1 X164.898 Y70.094 E.01181
G1 X165.346 Y70.26 E.01245
G1 X165.794 Y70.562 E.01408
G1 X166.691 Y71.397 E.03193
G1 X167.139 Y71.666 E.01362
G1 X167.587 Y71.798 E.01217
G1 X168.036 Y71.827 E.01172
G1 X168.484 Y71.766 E.01178
G1 X168.932 Y71.601 E.01244
G1 X169.381 Y71.299 E.0141
G1 X170.277 Y70.463 E.03193
G1 X170.725 Y70.194 E.01362
G1 X171.174 Y70.062 E.01219
G1 X171.622 Y70.033 E.0117
G1 X172.07 Y70.094 E.01178
G1 X172.519 Y70.26 E.01247
G1 X172.967 Y70.562 E.01408
G1 X173.863 Y71.397 E.03191
G1 X174.312 Y71.666 E.01364
G1 X174.76 Y71.798 E.01217
G1 X175.208 Y71.827 E.0117
G1 X175.657 Y71.766 E.01181
G1 X176.105 Y71.601 E.01244
G1 X176.553 Y71.299 E.01408
M73 Q50 S28
G1 X177.221 Y70.673 E.02385
G1 X177.22 Y67.193 E.09067
G1 X176.553 Y67.811 E.02369
G1 X176.105 Y68.08 E.01362
G1 X175.657 Y68.212 E.01217
G1 X175.208 Y68.241 E.01172
G1 X174.76 Y68.18 E.01178
G1 X174.312 Y68.014 E.01245
G1 X173.863 Y67.712 E.0141
G1 X172.967 Y66.877 E.03191
G1 X172.519 Y66.608 E.01362
G1 X172.07 Y66.476 E.01219
G1 X171.622 Y66.447 E.0117
G1 X171.174 Y66.508 E.01178
G1 X170.725 Y66.673 E.01246
G1 X170.277 Y66.975 E.01408
G1 X169.381 Y67.811 E.03193
G1 X168.932 Y68.08 E.01364
G1 X168.484 Y68.212 E.01217
G1 X168.036 Y68.241 E.0117
G1 X167.587 Y68.18 E.01181
G1 X167.139 Y68.014 E.01245
G1 X166.691 Y67.712 E.01408
G1 X165.794 Y66.877 E.03193
G1 X165.346 Y66.608 E.01362
G1 X164.898 Y66.476 E.01217
G1 X164.449 Y66.447 E.01172
G1 X164.001 Y66.508 E.01178
G1 X163.553 Y66.673 E.01244
G1 X163.105 Y66.975 E.01408
G1 X162.208 Y67.811 E.03195
G1 X161.76 Y68.08 E.01362
G1 X161.311 Y68.212 E.01219
G1 X160.863 Y68.241 E.0117
G1 X160.415 Y68.18 E.01178
G1 X159.967 Y68.014 E.01245
G1 X159.518 Y67.712 E.0141
G1 X158.622 Y66.877 E.03191
G1 X158.173 Y66.608 E.01364
G1 X157.725 Y66.476 E.01217
G1 X157.277 Y66.447 E.0117
G1 X156.828 Y66.508 E.01181
G1 X156.38 Y66.673 E.01244
M73 P50 R28
G1 X155.932 Y66.975 E.01408
G1 X155.035 Y67.811 E.03195
G1 X154.587 Y68.08 E.01362
G1 X154.139 Y68.212 E.01217
G1 X153.69 Y68.241 E.01172
G1 X153.242 Y68.18 E.01178
G1 X152.794 Y68.014 E.01245
G1 X152.346 Y67.712 E.01408
G1 X151.449 Y66.877 E.03193
G1 X151.001 Y66.608 E.01362
G1 X150.552 Y66.476 E.01219
G1 X150.104 Y66.447 E.0117
G1 X149.656 Y66.508 E.01178
G1 X149.208 Y66.673 E.01244
G1 X148.759 Y66.975 E.0141
G1 X147.863 Y67.811 E.03193
G1 X147.414 Y68.08 E.01364
G1 X146.966 Y68.212 E.01217
G1 X146.518 Y68.241 E.0117
G1 X146.07 Y68.18 E.01178
G1 X145.621 Y68.014 E.01247
G1 X145.173 Y67.712 E.01408
G1 X144.276 Y66.877 E.03193
G1 X143.828 Y66.608 E.01362
G1 X143.38 Y66.476 E.01217
G1 X142.932 Y66.447 E.0117
G1 X142.483 Y66.508 E.01181
M73 P50 R27
G1 X142.035 Y66.673 E.01244
G1 X141.587 Y66.975 E.01408
G1 X140.69 Y67.811 E.03195
G1 X140.242 Y68.08 E.01362
G1 X139.794 Y68.212 E.01217
G1 X139.345 Y68.241 E.01172
G1 X138.897 Y68.18 E.01178
G1 X138.449 Y68.014 E.01245
G1 X138 Y67.712 E.0141
G1 X137.104 Y66.877 E.03191
G1 X136.656 Y66.608 E.01362
G1 X136.207 Y66.476 E.01219
G1 X135.759 Y66.447 E.0117
G1 X135.311 Y66.508 E.01178
G1 X134.862 Y66.673 E.01246
G1 X134.414 Y66.975 E.01408
G1 X133.518 Y67.811 E.03193
G1 X133.069 Y68.08 E.01364
G1 X132.621 Y68.212 E.01217
G1 X132.173 Y68.241 E.0117
G1 X131.724 Y68.18 E.01181
G1 X131.276 Y68.014 E.01245
G1 X130.828 Y67.712 E.01408
G1 X129.931 Y66.877 E.03193
G1 X129.483 Y66.608 E.01362
G1 X129.035 Y66.476 E.01217
G1 X128.586 Y66.447 E.01172
G1 X128.138 Y66.508 E.01178
G1 X127.69 Y66.673 E.01244
G1 X127.241 Y66.975 E.0141
G1 X126.345 Y67.811 E.03193
G1 X125.897 Y68.08 E.01362
G1 X125.448 Y68.212 E.01219
G1 X125 Y68.241 E.0117
G1 X124.552 Y68.18 E.01178
G1 X124.103 Y68.014 E.01247
G1 X123.655 Y67.712 E.01408
G1 X122.759 Y66.877 E.03191
G1 X122.31 Y66.608 E.01364
G1 X121.862 Y66.476 E.01217
G1 X121.414 Y66.447 E.0117
G1 X120.965 Y66.508 E.01181
G1 X120.517 Y66.673 E.01244
G1 X120.069 Y66.975 E.01408
G1 X119.172 Y67.811 E.03195
G1 X118.724 Y68.08 E.01362
G1 X118.276 Y68.212 E.01217
G1 X117.827 Y68.241 E.01172
G1 X117.379 Y68.18 E.01178
G1 X116.931 Y68.014 E.01245
G1 X116.483 Y67.712 E.01408
G1 X115.586 Y66.877 E.03193
G1 X115.138 Y66.608 E.01362
G1 X114.689 Y66.476 E.01219
G1 X114.241 Y66.447 E.0117
G1 X113.793 Y66.508 E.01178
G1 X113.345 Y66.673 E.01244
G1 X112.896 Y66.975 E.0141
G1 X112 Y67.811 E.03193
G1 X111.551 Y68.08 E.01364
G1 X111.103 Y68.212 E.01217
G1 X110.655 Y68.241 E.0117
G1 X110.207 Y68.18 E.01178
G1 X109.758 Y68.014 E.01247
G1 X109.31 Y67.712 E.01408
G1 X108.413 Y66.877 E.03193
G1 X107.965 Y66.608 E.01362
G1 X107.517 Y66.476 E.01217
G1 X107.069 Y66.447 E.0117
G1 X106.62 Y66.508 E.01181
G1 X106.172 Y66.673 E.01244
G1 X105.724 Y66.975 E.01408
G1 X104.827 Y67.811 E.03195
G1 X104.379 Y68.08 E.01362
G1 X103.93 Y68.212 E.01219
G1 X103.482 Y68.241 E.0117
G1 X103.034 Y68.18 E.01178
G1 X102.586 Y68.014 E.01245
G1 X102.137 Y67.712 E.0141
G1 X101.241 Y66.877 E.03191
G1 X100.792 Y66.608 E.01364
G1 X100.344 Y66.476 E.01217
G1 X99.896 Y66.447 E.0117
G1 X99.448 Y66.508 E.01178
G1 X98.999 Y66.673 E.01246
G1 X98.551 Y66.975 E.01408
G1 X97.654 Y67.811 E.03195
G1 X97.206 Y68.08 E.01362
G1 X96.758 Y68.212 E.01217
G1 X96.31 Y68.241 E.0117
G1 X95.861 Y68.18 E.01181
G1 X95.413 Y68.014 E.01245
G1 X94.965 Y67.712 E.01408
G1 X94.068 Y66.877 E.03193
G1 X93.62 Y66.608 E.01362
G1 X93.172 Y66.476 E.01217
G1 X92.723 Y66.447 E.01172
G1 X92.275 Y66.508 E.01178
G1 X91.827 Y66.673 E.01244
G1 X91.378 Y66.975 E.0141
G1 X90.482 Y67.811 E.03193
G1 X90.034 Y68.08 E.01362
G1 X89.585 Y68.212 E.01219
G1 X89.137 Y68.241 E.0117
G1 X88.689 Y68.18 E.01178
G1 X88.24 Y68.014 E.01247
G1 X87.792 Y67.712 E.01408
G1 X86.896 Y66.877 E.03191
G1 X86.447 Y66.608 E.01364
G1 X85.999 Y66.476 E.01217
G1 X85.551 Y66.447 E.0117
G1 X85.102 Y66.508 E.01181
G1 X84.654 Y66.673 E.01244
G1 X84.206 Y66.975 E.01408
G1 X83.309 Y67.811 E.03195
G1 X82.861 Y68.08 E.01362
G1 X82.413 Y68.212 E.01217
G1 X81.964 Y68.241 E.01172
G1 X81.516 Y68.18 E.01178
G1 X81.068 Y68.014 E.01245
G1 X80.619 Y67.712 E.0141
G1 X79.723 Y66.877 E.03191
G1 X79.275 Y66.608 E.01362
G1 X78.826 Y66.476 E.01219
G1 X78.378 Y66.447 E.0117
G1 X77.93 Y66.508 E.01178
G1 X77.481 Y66.673 E.01246
G1 X77.033 Y66.975 E.01408
G1 X76.137 Y67.811 E.03193
G1 X75.688 Y68.08 E.01364
G1 X75.24 Y68.212 E.01217
G1 X74.792 Y68.241 E.0117
G1 X74.343 Y68.18 E.01181
G1 X73.895 Y68.014 E.01245
G1 X73.447 Y67.712 E.01408
G1 X72.78 Y67.087 E.02382
G1 X72.78 Y63.607 E.09067
G1 X73.447 Y64.224 E.02367
G1 X73.895 Y64.494 E.01363
G1 X74.343 Y64.626 E.01217
G1 X74.792 Y64.655 E.01172
G1 X75.24 Y64.594 E.01178
G1 X75.688 Y64.428 E.01245
G1 X76.137 Y64.126 E.0141
G1 X76.805 Y63.5 E.02385
G1 X79.839 Y63.499 E.07905
G1 X80.619 Y64.224 E.02775
G1 X81.068 Y64.494 E.01365
G1 X81.516 Y64.626 E.01217
G1 X81.964 Y64.655 E.0117
G1 X82.413 Y64.594 E.01181
G1 X82.861 Y64.428 E.01245
G1 X83.309 Y64.126 E.01408
G1 X83.978 Y63.499 E.02389
G1 X87.011 Y63.499 E.07903
G1 X87.792 Y64.224 E.02777
G1 X88.24 Y64.494 E.01363
G1 X88.689 Y64.626 E.01219
G1 X89.137 Y64.655 E.0117
G1 X89.585 Y64.594 E.01178
G1 X90.034 Y64.428 E.01247
G1 X90.482 Y64.126 E.01408
G1 X91.151 Y63.499 E.02389
G1 X94.184 Y63.498 E.07903
G1 X94.965 Y64.224 E.02778
G1 X95.413 Y64.494 E.01363
G1 X95.861 Y64.626 E.01217
G1 X96.31 Y64.655 E.01172
G1 X96.758 Y64.594 E.01178
G1 X97.206 Y64.428 E.01245
G1 X97.654 Y64.126 E.01408
G1 X98.324 Y63.498 E.02393
G1 X101.356 Y63.498 E.079
G1 X102.137 Y64.224 E.02778
G1 X102.586 Y64.494 E.01365
G1 X103.034 Y64.626 E.01217
G1 X110.062 Y64.583 E.18312
G1 X110.655 Y64.655 E.01556
G1 X111.103 Y64.594 E.01178
G1 X111.551 Y64.428 E.01245
G1 X112 Y64.126 E.0141
G1 X112.67 Y63.498 E.02393
G1 X115.701 Y63.498 E.07898
G1 X116.483 Y64.224 E.0278
G1 X116.931 Y64.494 E.01363
G1 X117.379 Y64.626 E.01217
G1 X117.827 Y64.655 E.0117
G1 X118.276 Y64.594 E.01181
G1 X118.724 Y64.428 E.01245
G1 X119.172 Y64.126 E.01408
G1 X119.842 Y63.498 E.02393
G1 X122.873 Y63.498 E.07898
G1 X123.655 Y64.224 E.0278
G1 X124.103 Y64.494 E.01363
G1 X124.552 Y64.626 E.01219
G1 X125 Y64.655 E.0117
G1 X125.448 Y64.594 E.01178
G1 X125.897 Y64.428 E.01247
G1 X126.345 Y64.126 E.01408
G1 X127.015 Y63.498 E.02393
G1 X130.046 Y63.498 E.07898
G1 X130.828 Y64.224 E.0278
G1 X131.276 Y64.494 E.01363
G1 X131.724 Y64.626 E.01217
G1 X132.173 Y64.655 E.01172
G1 X132.621 Y64.594 E.01178
G1 X133.069 Y64.428 E.01245
G1 X133.518 Y64.126 E.0141
G1 X134.187 Y63.498 E.02391
G1 X137.219 Y63.498 E.079
G1 X138 Y64.224 E.02778
G1 X138.449 Y64.494 E.01365
G1 X138.897 Y64.626 E.01217
G1 X139.345 Y64.655 E.0117
G1 X139.859 Y64.57 E.01357
G1 X145.973 Y64.597 E.15931
G1 X146.518 Y64.655 E.01428
G1 X146.966 Y64.594 E.01178
G1 X147.414 Y64.428 E.01245
G1 X147.863 Y64.126 E.0141
G1 X148.533 Y63.498 E.02393
G1 X151.564 Y63.498 E.07898
G1 X152.346 Y64.224 E.0278
G1 X152.794 Y64.494 E.01363
G1 X153.242 Y64.626 E.01217
G1 X153.69 Y64.655 E.0117
G1 X154.139 Y64.594 E.01181
G1 X154.587 Y64.428 E.01245
G1 X155.035 Y64.126 E.01408
G1 X155.705 Y63.498 E.02393
G1 X158.737 Y63.499 E.079
G1 X159.518 Y64.224 E.02777
G1 X159.967 Y64.494 E.01365
G1 X160.415 Y64.626 E.01217
G1 X160.863 Y64.655 E.0117
G1 X161.311 Y64.594 E.01178
G1 X161.76 Y64.428 E.01247
G1 X162.208 Y64.126 E.01408
G1 X162.877 Y63.499 E.02389
G1 X165.91 Y63.499 E.07903
G1 X166.691 Y64.224 E.02777
G1 X167.139 Y64.494 E.01363
G1 X167.587 Y64.626 E.01217
G1 X168.036 Y64.655 E.01172
G1 X168.484 Y64.594 E.01178
G1 X168.932 Y64.428 E.01245
G1 X169.381 Y64.126 E.0141
G1 X170.049 Y63.499 E.02387
G1 X173.083 Y63.5 E.07905
G1 X173.863 Y64.224 E.02773
G1 X174.312 Y64.494 E.01365
G1 X174.76 Y64.626 E.01217
G1 X175.208 Y64.655 E.0117
G1 X175.657 Y64.594 E.01181
G1 X176.105 Y64.428 E.01245
G1 X176.553 Y64.126 E.01408
G1 X177.22 Y63.501 E.02382
G1 X174.721 Y63.5 E.06511
;WIPE_START
G1 F8640
G1 X177.22 Y63.501 E-.57703
G1 X176.553 Y64.126 E-.21106
G1 X176.51 Y64.155 E-.01191
;WIPE_END
G1 Z2.25 F720
G1 X139.725 Y145.416 F10800
G1 Z1.85 F720
G1 E.8 F2100
G1 F4800
G1 X139.432 Y145.637 E.00956
G1 X139.139 Y146.074 E.01371
G1 X139.092 Y146.502 E.01122
G1 X137.92 Y146.502 E.03054
G1 X137.104 Y145.776 E.02846
G1 X136.656 Y145.506 E.01363
G1 X136.207 Y145.374 E.01219
G1 X135.759 Y145.345 E.0117
G1 X135.311 Y145.406 E.01178
G1 X134.862 Y145.572 E.01247
G1 X134.414 Y145.874 E.01408
G1 X133.966 Y146.299 E.01609
G1 X133.631 Y146.502 E.01021
G1 X130.748 Y146.502 E.07512
G1 X129.931 Y145.776 E.02848
G1 X129.483 Y145.506 E.01363
G1 X129.035 Y145.374 E.01217
G1 X128.586 Y145.345 E.01172
G1 X128.138 Y145.406 E.01178
G1 X127.69 Y145.572 E.01245
G1 X127.241 Y145.874 E.0141
G1 X126.793 Y146.299 E.01609
G1 X126.458 Y146.502 E.01021
G1 X123.575 Y146.502 E.07512
G1 X122.759 Y145.776 E.02846
G1 X122.31 Y145.506 E.01365
G1 X121.862 Y145.374 E.01217
G1 X121.414 Y145.345 E.0117
G1 X120.965 Y145.406 E.01181
G1 X120.517 Y145.572 E.01245
G1 X120.069 Y145.874 E.01408
G1 X119.621 Y146.299 E.01609
G1 X119.286 Y146.502 E.01021
G1 X116.403 Y146.502 E.07512
G1 X115.586 Y145.776 E.02848
G1 X115.138 Y145.506 E.01363
G1 X114.689 Y145.374 E.01219
G1 X114.241 Y145.345 E.0117
G1 X113.793 Y145.406 E.01178
G1 X113.345 Y145.572 E.01245
G1 X112.896 Y145.874 E.0141
G1 X112.448 Y146.299 E.01609
G1 X112.113 Y146.502 E.01021
G1 X110.908 Y146.502 E.0314
G1 X110.861 Y146.074 E.01122
G1 X110.571 Y145.642 E.01356
G1 X110.295 Y145.439 E.00893
;WIPE_START
G1 F8640
G1 X110.571 Y145.642 E-.07911
G1 X110.861 Y146.074 E-.12014
G1 X110.908 Y146.502 E-.09942
G1 X112.113 Y146.502 E-.27824
G1 X112.448 Y146.299 E-.09045
G1 X112.865 Y145.904 E-.13264
;WIPE_END
G1 Z2.25 F720
G1 X102.746 Y145.298 F10800
G1 Z1.85 F720
G1 E.8 F2100
G1 F4800
G1 X103.273 Y145.386 E.01392
G1 X102.952 Y145.637 E.01062
G1 X102.659 Y146.074 E.01371
G1 X102.612 Y146.502 E.01122
G1 X102.022 Y146.502 E.01537
G1 X101.241 Y145.776 E.02778
G1 X100.792 Y145.506 E.01365
G1 X100.344 Y145.374 E.01217
G1 X99.896 Y145.345 E.0117
G1 X99.448 Y145.406 E.01178
G1 X98.999 Y145.572 E.01247
G1 X98.551 Y145.874 E.01408
G1 X97.881 Y146.502 E.02393
G1 X94.849 Y146.502 E.079
G1 X94.068 Y145.776 E.02778
G1 X93.62 Y145.506 E.01363
G1 X93.172 Y145.374 E.01217
G1 X92.723 Y145.345 E.01172
G1 X92.275 Y145.406 E.01178
G1 X91.827 Y145.572 E.01245
G1 X91.378 Y145.874 E.0141
G1 X90.709 Y146.501 E.02389
G1 X87.676 Y146.501 E.07903
G1 X86.896 Y145.776 E.02775
G1 X86.447 Y145.506 E.01365
G1 X85.999 Y145.374 E.01217
G1 X85.551 Y145.345 E.0117
G1 X85.102 Y145.406 E.01181
G1 X84.654 Y145.572 E.01245
G1 X84.206 Y145.874 E.01408
G1 X83.537 Y146.501 E.02389
G1 X80.503 Y146.501 E.07905
G1 X79.723 Y145.776 E.02775
G1 X79.275 Y145.506 E.01363
G1 X78.826 Y145.374 E.01219
G1 X78.378 Y145.345 E.0117
G1 X77.93 Y145.406 E.01178
G1 X77.481 Y145.572 E.01247
G1 X77.033 Y145.874 E.01408
G1 X76.365 Y146.5 E.02385
G1 X73.33 Y146.5 E.07908
G1 X72.78 Y145.986 E.01961
G1 X72.78 Y142.505 E.0907
G1 X73.447 Y143.123 E.02369
G1 X73.895 Y143.392 E.01362
G1 X74.343 Y143.524 E.01217
G1 X74.792 Y143.554 E.01173
G1 X75.24 Y143.492 E.01178
G1 X75.688 Y143.327 E.01244
G1 X76.137 Y143.025 E.0141
G1 X76.982 Y142.236 E.03012
G1 X76.982 Y138.75 E.09083
G1 X76.137 Y139.537 E.03009
G1 X75.688 Y139.806 E.01364
G1 X75.24 Y139.938 E.01217
G1 X74.792 Y139.967 E.0117
G1 X74.343 Y139.906 E.01181
G1 X73.895 Y139.74 E.01245
G1 X73.447 Y139.439 E.01406
M73 Q50 S27
G1 X72.779 Y138.813 E.02385
G1 X72.779 Y135.332 E.0907
G1 X73.447 Y135.95 E.02371
G1 X73.895 Y136.22 E.01363
G1 X74.343 Y136.352 E.01217
G1 X74.792 Y136.381 E.01172
G1 X75.24 Y136.32 E.01178
G1 X75.688 Y136.154 E.01245
G1 X76.137 Y135.852 E.0141
G1 X76.982 Y135.064 E.03011
G1 X76.982 Y131.577 E.09086
G1 X76.137 Y132.364 E.03009
G1 X75.688 Y132.633 E.01364
G1 X75.24 Y132.765 E.01217
G1 X74.792 Y132.795 E.0117
G1 X74.343 Y132.733 E.01181
G1 X73.895 Y132.568 E.01244
G1 X73.447 Y132.266 E.01408
G1 X72.779 Y131.64 E.02385
G1 X72.779 Y128.159 E.0907
G1 X73.447 Y128.778 E.02373
G1 X73.895 Y129.047 E.01362
G1 X74.343 Y129.179 E.01217
G1 X74.792 Y129.208 E.01172
G1 X75.24 Y129.147 E.01178
G1 X75.688 Y128.981 E.01245
G1 X76.137 Y128.68 E.01408
G1 X76.982 Y127.891 E.03012
G1 X76.982 Y124.405 E.09083
G1 X76.137 Y125.192 E.03009
G1 X75.688 Y125.461 E.01364
G1 X75.24 Y125.593 E.01217
G1 X74.792 Y125.622 E.0117
G1 X74.343 Y125.561 E.01181
G1 X73.895 Y125.395 E.01245
G1 X73.447 Y125.093 E.01408
G1 X72.779 Y124.467 E.02385
G1 X72.779 Y120.986 E.0907
G1 X73.447 Y121.605 E.02373
G1 X73.895 Y121.875 E.01363
G1 X74.343 Y122.007 E.01217
G1 X74.792 Y122.036 E.01172
G1 X75.24 Y121.975 E.01178
G1 X75.688 Y121.809 E.01245
G1 X76.137 Y121.507 E.0141
G1 X76.982 Y120.718 E.03012
G1 X76.982 Y117.232 E.09083
G1 X76.137 Y118.019 E.03009
G1 X75.688 Y118.288 E.01364
G1 X75.24 Y118.42 E.01217
G1 X74.792 Y118.449 E.0117
G1 X74.343 Y118.388 E.01181
G1 X73.895 Y118.223 E.01244
G1 X73.447 Y117.921 E.01408
G1 X72.778 Y117.294 E.02389
G1 X72.778 Y113.813 E.0907
G1 X73.447 Y114.433 E.02377
G1 X73.895 Y114.702 E.01362
G1 X74.343 Y114.834 E.01217
G1 X74.792 Y114.863 E.01172
G1 X75.24 Y114.802 E.01178
G1 X75.688 Y114.636 E.01245
G1 X76.137 Y114.334 E.0141
G1 X76.982 Y113.546 E.03011
G1 X76.982 Y110.059 E.09086
G1 X76.137 Y110.846 E.03009
G1 X75.688 Y111.116 E.01365
G1 X75.24 Y111.248 E.01217
G1 X74.792 Y111.277 E.0117
G1 X74.343 Y111.216 E.01181
G1 X73.895 Y111.05 E.01245
G1 X73.447 Y110.748 E.01408
G1 X72.778 Y110.121 E.02389
G1 X72.778 Y109.148 E.02535
G1 X73.308 Y109.06 E.014
G1 X73.707 Y108.722 E.01363
G1 X73.833 Y108.464 E.00748
G1 X73.878 Y108.177 E.00757
G1 X73.878 Y107.519 E.01714
G1 X74.343 Y107.661 E.01267
G1 X74.792 Y107.69 E.01172
G1 X75.24 Y107.629 E.01178
G1 X75.688 Y107.464 E.01244
G1 X76.137 Y107.162 E.0141
G1 X76.982 Y106.373 E.03012
G1 X76.982 Y102.887 E.09083
G1 X76.137 Y103.674 E.03009
G1 X75.688 Y103.943 E.01364
G1 X75.24 Y104.075 E.01217
G1 X74.792 Y104.104 E.0117
G1 X74.343 Y104.043 E.01181
G1 X73.878 Y103.866 E.01296
G1 X73.878 Y101.823 E.05323
G1 X73.833 Y101.536 E.00757
G1 X73.707 Y101.278 E.00748
G1 X73.529 Y101.081 E.00692
G1 X73.308 Y100.94 E.00683
G1 X72.778 Y100.852 E.014
G1 X72.778 Y99.468 E.03606
G1 X73.447 Y100.087 E.02375
G1 X73.895 Y100.357 E.01363
G1 X74.343 Y100.489 E.01217
G1 X74.792 Y100.518 E.01172
G1 X75.24 Y100.457 E.01178
G1 X75.688 Y100.291 E.01245
G1 X76.137 Y99.989 E.0141
G1 X76.982 Y99.201 E.03011
G1 X76.982 Y95.714 E.09086
G1 X76.137 Y96.501 E.03009
G1 X75.688 Y96.77 E.01364
G1 X75.24 Y96.902 E.01217
G1 X74.792 Y96.932 E.0117
G1 X74.343 Y96.87 E.01181
G1 X73.895 Y96.705 E.01244
G1 X73.447 Y96.403 E.01408
G1 X72.778 Y95.776 E.02389
G1 X72.778 Y92.296 E.09067
G1 X73.447 Y92.915 E.02375
G1 X73.895 Y93.184 E.01362
G1 X74.343 Y93.316 E.01217
G1 X74.792 Y93.345 E.01172
G1 X75.24 Y93.284 E.01178
G1 X75.688 Y93.118 E.01245
G1 X76.137 Y92.817 E.01408
G1 X76.982 Y92.028 E.03012
G1 X76.982 Y88.542 E.09083
G1 X76.137 Y89.328 E.03007
G1 X75.688 Y89.598 E.01365
G1 X75.24 Y89.73 E.01217
G1 X74.792 Y89.759 E.0117
G1 X74.343 Y89.698 E.01181
G1 X73.895 Y89.532 E.01245
G1 X73.447 Y89.23 E.01408
G1 X72.779 Y88.604 E.02385
G1 X72.779 Y85.124 E.09067
G1 X73.447 Y85.742 E.02371
G1 X73.895 Y86.011 E.01362
G1 X74.343 Y86.143 E.01217
G1 X74.792 Y86.173 E.01173
G1 X75.24 Y86.111 E.01178
G1 X75.688 Y85.946 E.01244
G1 X76.137 Y85.644 E.0141
G1 X76.982 Y84.855 E.03012
G1 X77.011 Y83.442 E.03682
G1 X77.223 Y83.038 E.01189
G1 X77.533 Y82.801 E.01017
G1 X77.754 Y82.731 E.00604
;LAYER_CHANGE
;Z:2
;HEIGHT:0.15
;BEFORE_LAYER_CHANGE
G92 E0.0
;2


;WIPE_START
G1 F8640
G1 X77.533 Y82.801 E-.05353
G1 X77.223 Y83.038 E-.0901
G1 X77.011 Y83.442 E-.10535
G1 X76.982 Y84.855 E-.32633
G1 X76.27 Y85.519 E-.22469
;WIPE_END
G1 Z2 F720
;AFTER_LAYER_CHANGE
;2
G1 Z2.4
G1 X174.476 Y144.754 F10800
G1 Z2 F720
G1 E.8 F2100
M204 S800
;TYPE:Perimeter
;WIDTH:0.449999
G1 F2700
G1 X174.446 Y144.79 E.00122
G1 X174.125 Y144.943 E.00927
G1 X147.095 Y144.943 E.70429
;WIDTH:0.499571
G1 X146.923 Y144.968 E.00507
;WIDTH:0.549142
G1 X146.751 Y144.992 E.0056
;WIDTH:0.598713
G1 X146.578 Y145.017 E.00618
;WIDTH:0.648284
G1 X146.406 Y145.042 E.00668
G1 F2523.218
G1 X140.074 Y145.042 E.24328
G1 F2163.502
G1 X139.902 Y145.017 E.00668
;WIDTH:0.598713
G1 F2230.451
G1 X139.729 Y144.992 E.00618
;WIDTH:0.549142
G1 F2306.868
G1 X139.557 Y144.968 E.0056
;WIDTH:0.499571
G1 F2392.44
G1 X139.385 Y144.943 E.00507
;WIDTH:0.449999
G1 F2700
G1 X110.615 Y144.943 E.74962
;WIDTH:0.499571
G1 X110.443 Y144.968 E.00507
;WIDTH:0.549142
G1 X110.271 Y144.992 E.0056
;WIDTH:0.598713
G1 X110.098 Y145.017 E.00618
;WIDTH:0.648284
G1 X109.926 Y145.042 E.00668
G1 F2523.419
G1 X103.594 Y145.042 E.24328
G1 F2164.112
G1 X103.422 Y145.017 E.00668
;WIDTH:0.598713
G1 F2230.985
G1 X103.249 Y144.992 E.00618
;WIDTH:0.549142
G1 F2307.314
G1 X103.077 Y144.968 E.0056
;WIDTH:0.499571
G1 F2392.79
G1 X102.905 Y144.943 E.00507
;WIDTH:0.449999
G1 F2700
G1 X77.964 Y144.943 E.64986
G1 X77.765 Y144.911 E.00525
G1 X77.595 Y144.823 E.00499
G1 X77.391 Y144.57 E.00847
G1 X77.337 Y144.316 E.00677
G1 X77.337 Y83.684 E1.57981
G1 X77.385 Y83.443 E.0064
G1 X77.51 Y83.252 E.00595
G1 X77.749 Y83.095 E.00745
G1 X77.964 Y83.057 E.00569
G1 X174.036 Y83.057 E2.50323
G1 X174.239 Y83.091 E.00536
G1 X174.468 Y83.23 E.00698
G1 X174.663 Y83.55 E.00976
G1 X174.663 Y144.316 E1.5833
G1 X174.638 Y144.49 E.00458
G1 X174.57 Y144.645 E.00441
G1 X174.515 Y144.709 E.0022
M204 S1000
G1 X174.181 Y144.455 F10800
M204 S800
;TYPE:External perimeter
G1 F1500
G1 X174.173 Y144.474 E.00054
G1 X174.036 Y144.525 E.00381
G1 X140.749 Y144.525 E.86732
G1 X140.074 Y144.525 E.01759
G1 X139.385 Y144.525 E.01795
G1 X138.71 Y144.525 E.01759
G1 X104.269 Y144.525 E.89739
G1 X103.594 Y144.525 E.01759
G1 X102.905 Y144.525 E.01795
G1 X102.23 Y144.525 E.01759
G1 X77.964 Y144.525 E.63227
G1 X77.841 Y144.485 E.00337
G1 X77.755 Y144.347 E.00424
G1 X77.755 Y83.684 E1.58062
G1 X77.813 Y83.54 E.00404
G1 X77.964 Y83.475 E.00428
G1 X174.036 Y83.475 E2.50323
G1 X174.18 Y83.533 E.00404
G1 X174.245 Y83.684 E.00428
G1 X174.245 Y144.316 E1.57981
G1 X174.206 Y144.4 E.00241
M73 P51 R27
M73 Q51 S27
M204 S1000
;WIPE_START
G1 F8640
G1 X174.181 Y144.455 E-.01395
G1 X174.173 Y144.474 E-.00476
G1 X174.036 Y144.525 E-.03375
G1 X170.799 Y144.525 E-.74754
;WIPE_END
G1 Z2.4 F720
G1 X146.837 Y145.954 F10800
G1 Z2 F720
G1 E.8 F2100
M204 S800
;TYPE:Perimeter
G1 F2700
G1 X146.782 Y145.883 E.00234
;WIDTH:0.499571
G1 X146.688 Y145.826 E.0032
;WIDTH:0.549142
G1 X146.594 Y145.77 E.00353
;WIDTH:0.598713
G1 X146.5 Y145.714 E.00387
;WIDTH:0.648284
G1 X146.406 Y145.658 E.0042
G1 F2461.842
G1 X140.074 Y145.658 E.24328
G1 F1963.861
G1 X139.98 Y145.714 E.0042
;WIDTH:0.598713
G1 F1996.726
G1 X139.886 Y145.77 E.00387
;WIDTH:0.549142
G1 F2036.159
G1 X139.792 Y145.826 E.00353
;WIDTH:0.499571
G1 F2083.77
G1 X139.698 Y145.883 E.0032
;WIDTH:0.449999
G1 F2102.154
G1 X139.495 Y146.143 E.00859
G1 F2004.704
G1 X139.447 Y146.384 E.0064
G1 F1200
G1 X139.447 Y147.5 E.02908
G1 F900
G1 X139.447 Y147.7 E.00521
M204 S1000
;TYPE:Overhang perimeter
G1 X139.447 Y148.357 E.01712
G1 X137.69 Y148.357 E.04578
G1 X110.553 Y148.357 E.70707
G1 X110.553 Y147.7 E.01712
M204 S800
;TYPE:Perimeter
G1 X110.553 Y147.5 E.00521
G1 F1200
G1 X110.553 Y146.384 E.02908
G1 F2700
G1 X110.505 Y146.143 E.0064
G1 X110.302 Y145.883 E.00859
;WIDTH:0.499571
G1 X110.208 Y145.826 E.0032
;WIDTH:0.549142
G1 X110.114 Y145.77 E.00353
;WIDTH:0.598713
G1 X110.02 Y145.714 E.00387
;WIDTH:0.648284
G1 X109.926 Y145.658 E.0042
G1 F2462.113
G1 X103.594 Y145.658 E.24328
G1 F1964.697
G1 X103.5 Y145.714 E.0042
;WIDTH:0.598713
G1 F1997.525
G1 X103.406 Y145.77 E.00387
;WIDTH:0.549142
G1 F2036.914
G1 X103.312 Y145.826 E.00353
;WIDTH:0.499571
G1 F2084.471
G1 X103.218 Y145.883 E.0032
;WIDTH:0.449999
G1 F2102.833
G1 X103.015 Y146.143 E.00859
G1 F2005.494
G1 X102.967 Y146.384 E.0064
G1 F1200
G1 X102.967 Y147.5 E.02908
G1 F900
G1 X102.967 Y147.7 E.00521
M204 S1000
;TYPE:Overhang perimeter
G1 X102.967 Y148.357 E.01712
G1 X101.21 Y148.357 E.04578
G1 X72.427 Y148.357 E.74996
G1 X71.235 Y147.783 E.03447
G1 X70.923 Y146.891 E.02462
G1 X70.923 Y108.793 E.99267
G1 X71.58 Y108.793 E.01712
M204 S800
;TYPE:Perimeter
G1 X71.78 Y108.793 E.00521
G1 F1200
G1 X72.896 Y108.793 E.02908
G1 F2700
G1 X73.098 Y108.759 E.00534
G1 X73.327 Y108.621 E.00697
G1 X73.498 Y108.342 E.00853
G1 X73.523 Y108.166 E.00463
G1 F2671.861
G1 X73.523 Y101.834 E.16498
G1 F2179.91
G1 X73.428 Y101.502 E.009
G1 F2122.232
G1 X73.213 Y101.293 E.00781
G1 F2019.651
G1 X72.896 Y101.207 E.00856
G1 F1200
G1 X71.78 Y101.207 E.02908
G1 F900
G1 X71.58 Y101.207 E.00521
M204 S1000
;TYPE:Overhang perimeter
G1 X70.923 Y101.207 E.01712
G1 X70.923 Y99.45 E.04578
G1 X70.923 Y63.147 E.9459
G1 X71.497 Y61.955 E.03447
G1 X72.389 Y61.643 E.02462
G1 X102.967 Y61.643 E.79673
G1 X102.967 Y62.3 E.01712
M204 S800
;TYPE:Perimeter
G1 X102.967 Y62.5 E.00521
G1 F1200
G1 X102.967 Y63.736 E.0322
G1 F2700
G1 X103.12 Y64.026 E.00854
G1 X103.31 Y64.175 E.00629
G1 X103.594 Y64.243 E.00761
G1 F2668.515
G1 X110.006 Y64.243 E.16707
G1 F2174.972
G1 X110.29 Y64.126 E.008
G1 F2109.503
G1 X110.491 Y63.888 E.00812
G1 F2010.489
G1 X110.553 Y63.616 E.00727
G1 F1200
G1 X110.553 Y62.5 E.02908
G1 F900
G1 X110.553 Y62.3 E.00521
M204 S1000
;TYPE:Overhang perimeter
G1 X110.553 Y61.643 E.01712
G1 X112.31 Y61.643 E.04578
G1 X139.447 Y61.643 E.70707
G1 X139.447 Y62.3 E.01712
M204 S800
;TYPE:Perimeter
G1 X139.447 Y62.5 E.00521
G1 F1200
G1 X139.447 Y63.736 E.0322
G1 F2700
G1 X139.6 Y64.026 E.00854
G1 X139.79 Y64.175 E.00629
G1 X140.074 Y64.243 E.00761
G1 F2668.483
G1 X146.486 Y64.243 E.16707
G1 F2174.443
G1 X146.77 Y64.126 E.008
G1 F2108.908
G1 X146.971 Y63.888 E.00812
G1 F2009.794
G1 X147.033 Y63.616 E.00727
G1 F1200
G1 X147.033 Y62.5 E.02908
G1 F900
G1 X147.033 Y62.3 E.00521
M204 S1000
;TYPE:Overhang perimeter
G1 X147.033 Y61.643 E.01712
G1 X148.79 Y61.643 E.04578
G1 X177.573 Y61.643 E.74996
G1 X178.765 Y62.217 E.03447
G1 X179.077 Y63.109 E.02462
G1 X179.077 Y101.207 E.99267
G1 X178.42 Y101.207 E.01712
M204 S800
;TYPE:Perimeter
G1 X178.22 Y101.207 E.00521
G1 F1200
G1 X177.104 Y101.207 E.02908
G1 F2700
G1 X176.882 Y101.248 E.00588
G1 X176.696 Y101.358 E.00563
G1 X176.54 Y101.56 E.00665
G1 X176.477 Y101.834 E.00733
G1 F2671.83
G1 X176.477 Y108.166 E.16498
G1 F2186.065
G1 X176.54 Y108.44 E.00733
G1 F2144.216
G1 X176.696 Y108.642 E.00665
G1 F2081.862
G1 X176.882 Y108.752 E.00563
G1 F2000.496
G1 X177.104 Y108.793 E.00588
G1 F1200
G1 X178.22 Y108.793 E.02908
G1 F900
G1 X178.42 Y108.793 E.00521
M204 S1000
;TYPE:Overhang perimeter
G1 X179.077 Y108.793 E.01712
G1 X179.077 Y110.55 E.04578
G1 X179.077 Y146.853 E.9459
G1 X178.503 Y148.045 E.03447
G1 X177.611 Y148.357 E.02462
G1 X147.033 Y148.357 E.79673
G1 X147.033 Y147.7 E.01712
M73 P51 R26
M204 S800
;TYPE:Perimeter
G1 X147.033 Y147.5 E.00521
G1 F1200
G1 X147.033 Y146.384 E.02908
G1 F2700
G1 X146.985 Y146.143 E.0064
G1 X146.874 Y146.001 E.0047
M204 S1000
G1 X146.547 Y146.248 F10800
M204 S800
;TYPE:External perimeter
G1 F1500
G1 X146.531 Y146.217 E.00091
G1 X146.406 Y146.175 E.00344
G1 X145.732 Y146.175 E.01756
G1 X140.748 Y146.175 E.12986
G1 X140.074 Y146.175 E.01756
G1 X139.949 Y146.217 E.00344
G1 X139.865 Y146.384 E.00487
G1 F1200
G1 X139.865 Y147.5 E.02908
G1 F900
G1 X139.865 Y147.7 E.00521
M204 S1000
;TYPE:Overhang perimeter
G1 X139.865 Y148.775 E.02801
G1 X137.69 Y148.775 E.05667
G1 X110.135 Y148.775 E.71797
G1 X110.135 Y147.7 E.02801
M204 S800
;TYPE:External perimeter
G1 X110.135 Y147.5 E.00521
G1 F1200
G1 X110.135 Y146.384 E.02908
G1 F1500
G1 X110.051 Y146.217 E.00487
G1 X109.926 Y146.175 E.00344
G1 X109.252 Y146.175 E.01756
G1 X104.268 Y146.175 E.12986
G1 X103.594 Y146.175 E.01756
G1 X103.469 Y146.217 E.00344
G1 X103.385 Y146.384 E.00487
G1 F1200
G1 X103.385 Y147.5 E.02908
G1 F900
G1 X103.385 Y147.7 E.00521
M204 S1000
;TYPE:Overhang perimeter
G1 X103.385 Y148.775 E.02801
G1 X101.21 Y148.775 E.05667
G1 X72.331 Y148.775 E.75246
G1 X70.898 Y148.085 E.04144
G1 X70.505 Y146.962 E.031
G1 X70.505 Y108.375 E1.00541
G1 X71.58 Y108.375 E.02801
M73 P52 R26
M73 Q52 S27
M204 S800
;TYPE:External perimeter
G1 X71.78 Y108.375 E.00521
G1 F1200
G1 X72.896 Y108.375 E.02908
G1 F1500
G1 X73.04 Y108.318 E.00404
G1 X73.105 Y108.166 E.00431
G1 X73.105 Y107.492 E.01756
G1 X73.105 Y102.508 E.12986
G1 X73.105 Y101.834 E.01756
G1 X73.04 Y101.682 E.00431
G1 X72.896 Y101.625 E.00404
G1 F1200
G1 X71.78 Y101.625 E.02908
G1 F900
G1 X71.58 Y101.625 E.00521
M204 S1000
;TYPE:Overhang perimeter
G1 X70.505 Y101.625 E.02801
G1 X70.505 Y99.45 E.05667
G1 X70.505 Y63.051 E.9484
M73 Q52 S26
G1 X71.195 Y61.618 E.04144
G1 X72.318 Y61.225 E.031
G1 X103.385 Y61.225 E.80947
G1 X103.385 Y62.3 E.02801
M204 S800
;TYPE:External perimeter
G1 X103.385 Y62.5 E.00521
G1 F1200
G1 X103.385 Y63.616 E.02908
G1 F1500
G1 X103.449 Y63.767 E.00427
G1 X103.594 Y63.825 E.00407
G1 X104.268 Y63.825 E.01756
G1 X109.252 Y63.825 E.12986
G1 X109.926 Y63.825 E.01756
G1 X110.071 Y63.767 E.00407
G1 X110.135 Y63.616 E.00427
G1 F1200
G1 X110.135 Y62.5 E.02908
G1 F900
G1 X110.135 Y62.3 E.00521
M204 S1000
;TYPE:Overhang perimeter
G1 X110.135 Y61.225 E.02801
G1 X112.31 Y61.225 E.05667
G1 X139.865 Y61.225 E.71797
G1 X139.865 Y62.3 E.02801
M204 S800
;TYPE:External perimeter
G1 X139.865 Y62.5 E.00521
G1 F1200
G1 X139.865 Y63.616 E.02908
G1 F1500
G1 X139.929 Y63.767 E.00427
G1 X140.074 Y63.825 E.00407
G1 X140.748 Y63.825 E.01756
G1 X145.732 Y63.825 E.12986
G1 X146.406 Y63.825 E.01756
G1 X146.551 Y63.767 E.00407
G1 X146.615 Y63.616 E.00427
G1 F1200
G1 X146.615 Y62.5 E.02908
G1 F900
G1 X146.615 Y62.3 E.00521
M204 S1000
;TYPE:Overhang perimeter
G1 X146.615 Y61.225 E.02801
G1 X148.79 Y61.225 E.05667
G1 X177.669 Y61.225 E.75246
G1 X179.102 Y61.915 E.04144
G1 X179.495 Y63.038 E.031
G1 X179.495 Y101.625 E1.00541
G1 X178.42 Y101.625 E.02801
M204 S800
;TYPE:External perimeter
G1 X178.22 Y101.625 E.00521
G1 F1200
G1 X177.104 Y101.625 E.02908
G1 F1500
G1 X176.968 Y101.675 E.00378
G1 X176.895 Y101.834 E.00456
G1 X176.895 Y102.508 E.01756
G1 X176.895 Y107.492 E.12986
G1 X176.895 Y108.166 E.01756
G1 X176.968 Y108.325 E.00456
G1 X177.104 Y108.375 E.00378
G1 F1200
G1 X178.22 Y108.375 E.02908
G1 F900
G1 X178.42 Y108.375 E.00521
M204 S1000
;TYPE:Overhang perimeter
G1 X179.495 Y108.375 E.02801
G1 X179.495 Y110.55 E.05667
G1 X179.495 Y146.949 E.9484
G1 X178.805 Y148.382 E.04144
G1 X177.682 Y148.775 E.031
G1 X146.615 Y148.775 E.80947
G1 X146.615 Y147.7 E.02801
M204 S800
;TYPE:External perimeter
G1 X146.615 Y147.5 E.00521
G1 F1200
G1 X146.615 Y146.384 E.02908
G1 F1500
G1 X146.574 Y146.301 E.00241
M204 S1000
;WIPE_START
G1 F8640
G1 X146.547 Y146.248 E-.01373
G1 X146.531 Y146.217 E-.00806
G1 X146.406 Y146.175 E-.03045
G1 X145.732 Y146.175 E-.15563
G1 X143.168 Y146.175 E-.59213
;WIPE_END
G1 Z2.4 F720
G1 X147.015 Y145.327 F10800
G1 Z2 F720
G1 E.8 F2100
;TYPE:Internal infill
;WIDTH:0.45
G1 F4800
G1 X146.734 Y145.408 E.00762
G1 X147.01 Y145.609 E.0089
G1 X147.314 Y146 E.0129
G1 X147.388 Y146.414 E.01096
G1 X148.337 Y146.414 E.02473
G1 X149.208 Y145.651 E.03017
G1 X149.656 Y145.44 E.0129
G1 X150.104 Y145.337 E.01198
G1 X150.552 Y145.323 E.01168
G1 X151.001 Y145.411 E.01192
G1 X151.449 Y145.638 E.01309
G1 X152.317 Y146.414 E.03034
G1 X155.51 Y146.414 E.0832
G1 X156.38 Y145.651 E.03015
G1 X156.828 Y145.44 E.0129
G1 X157.277 Y145.337 E.012
G1 X157.725 Y145.323 E.01168
G1 X158.173 Y145.411 E.0119
G1 X158.622 Y145.638 E.01311
G1 X159.49 Y146.414 E.03034
G1 X162.683 Y146.413 E.0832
G1 X163.553 Y145.651 E.03013
G1 X164.001 Y145.44 E.0129
G1 X164.449 Y145.337 E.01198
G1 X164.898 Y145.323 E.0117
G1 X165.346 Y145.411 E.0119
G1 X165.794 Y145.638 E.01309
G1 X166.662 Y146.413 E.03032
G1 X169.856 Y146.413 E.08322
G1 X170.725 Y145.651 E.03011
G1 X171.174 Y145.44 E.01293
G1 X171.622 Y145.337 E.01198
G1 X172.07 Y145.323 E.01168
G1 X172.519 Y145.411 E.01192
G1 X172.967 Y145.638 E.01309
G1 X173.834 Y146.413 E.0303
G1 X176.334 Y146.413 E.06514
;WIPE_START
G1 F8640
G1 X173.834 Y146.413 E-.57726
G1 X173.115 Y145.77 E-.22274
;WIPE_END
G1 Z2.4 F720
G1 X175.018 Y141.068 F10800
G1 Z2 F720
G1 E.8 F2100
G1 F4800
G1 X175.018 Y143.568 E.06514
G1 X175.208 Y143.562 E.00495
G1 X175.657 Y143.459 E.012
G1 X176.105 Y143.247 E.01291
G1 X176.553 Y142.899 E.01478
G1 X177.133 Y142.331 E.02115
G1 X177.133 Y139.147 E.08296
G1 X176.553 Y139.674 E.02042
G1 X176.105 Y139.902 E.0131
G1 X175.657 Y139.989 E.01189
G1 X175.018 Y139.932 E.01672
G1 X175.018 Y136.395 E.09216
G1 X175.657 Y136.286 E.01689
G1 X176.105 Y136.075 E.0129
G1 X176.553 Y135.726 E.0148
G1 X177.133 Y135.158 E.02115
G1 X177.133 Y131.975 E.08294
G1 X176.553 Y132.502 E.02042
G1 X176.105 Y132.729 E.01309
G1 X175.657 Y132.817 E.0119
G1 X175.018 Y132.759 E.01672
G1 X175.018 Y129.223 E.09213
G1 X175.657 Y129.113 E.01689
G1 X176.105 Y128.902 E.0129
G1 X176.553 Y128.554 E.01478
G1 X177.133 Y127.985 E.02117
G1 X177.134 Y124.802 E.08294
G1 X176.553 Y125.329 E.02044
G1 X176.105 Y125.557 E.0131
G1 X175.657 Y125.644 E.01189
G1 X175.018 Y125.587 E.01672
G1 X175.018 Y122.05 E.09216
G1 X175.657 Y121.941 E.01689
G1 X176.105 Y121.73 E.0129
G1 X176.553 Y121.381 E.0148
G1 X177.134 Y120.812 E.02119
G1 X177.134 Y117.629 E.08294
G1 X176.553 Y118.156 E.02044
G1 X176.105 Y118.384 E.0131
G1 X175.657 Y118.471 E.01189
G1 X175.018 Y118.414 E.01672
G1 X175.018 Y114.877 E.09216
G1 X175.657 Y114.768 E.01689
G1 X176.105 Y114.557 E.0129
G1 X176.553 Y114.209 E.01478
G1 X177.134 Y113.639 E.02121
G1 X177.134 Y110.456 E.08294
G1 X176.553 Y110.984 E.02046
G1 X176.105 Y111.211 E.01309
G1 X175.657 Y111.299 E.0119
G1 X175.018 Y111.242 E.01672
G1 X175.018 Y107.705 E.09216
G1 X175.657 Y107.596 E.01689
G1 X176.122 Y107.371 E.01346
G1 X176.122 Y104.03 E.08705
G1 X175.657 Y104.126 E.01237
G1 X175.018 Y104.069 E.01672
G1 X175.018 Y100.532 E.09216
G1 X175.657 Y100.423 E.01689
G1 X176.105 Y100.212 E.0129
G1 X176.553 Y99.863 E.0148
G1 X177.134 Y99.294 E.02119
G1 X177.134 Y96.111 E.08294
G1 X176.553 Y96.639 E.02046
G1 X176.105 Y96.866 E.01309
G1 X175.657 Y96.953 E.01189
G1 X175.018 Y96.896 E.01672
G1 X175.018 Y93.36 E.09213
G1 X175.657 Y93.25 E.01689
G1 X176.105 Y93.039 E.0129
G1 X176.553 Y92.691 E.01478
G1 X177.134 Y92.121 E.02121
G1 X177.134 Y88.938 E.08294
G1 X176.553 Y89.466 E.02046
G1 X176.105 Y89.693 E.01309
G1 X175.657 Y89.781 E.0119
G1 X175.018 Y89.724 E.01672
G1 X175.018 Y86.187 E.09216
G1 X175.657 Y86.078 E.01689
G1 X176.105 Y85.867 E.0129
G1 X176.553 Y85.518 E.0148
G1 X177.134 Y84.949 E.02119
G1 X177.133 Y81.766 E.08294
G1 X176.553 Y82.293 E.02042
G1 X176.105 Y82.521 E.0131
G1 X175.657 Y82.608 E.01189
G1 X175.208 Y82.595 E.0117
G1 X174.76 Y82.492 E.01198
G1 X174.312 Y82.28 E.01291
G1 X172.967 Y81.085 E.04688
G1 X172.519 Y80.857 E.0131
G1 X172.07 Y80.77 E.01192
G1 X171.622 Y80.783 E.01168
G1 X171.174 Y80.887 E.01198
G1 X170.725 Y81.098 E.01293
G1 X169.381 Y82.293 E.04686
G1 X168.932 Y82.521 E.01312
G1 X168.484 Y82.608 E.01189
G1 X168.036 Y82.595 E.01168
G1 X167.587 Y82.492 E.012
G1 X167.139 Y82.28 E.01291
G1 X165.794 Y81.085 E.04688
G1 X165.346 Y80.857 E.0131
G1 X164.898 Y80.77 E.01189
G1 X164.449 Y80.783 E.0117
G1 X164.001 Y80.887 E.01198
G1 X163.553 Y81.098 E.0129
G1 X162.208 Y82.293 E.04688
G1 X161.76 Y82.521 E.0131
G1 X161.311 Y82.608 E.01192
G1 X160.863 Y82.595 E.01168
G1 X160.415 Y82.492 E.01198
G1 X159.967 Y82.28 E.01291
G1 X158.622 Y81.085 E.04688
G1 X158.173 Y80.857 E.01312
G1 X157.725 Y80.77 E.01189
G1 X157.277 Y80.783 E.01168
G1 X156.828 Y80.887 E.01201
G1 X156.38 Y81.098 E.0129
G1 X155.035 Y82.293 E.04688
G1 X154.587 Y82.521 E.0131
G1 X154.139 Y82.608 E.01189
G1 X153.69 Y82.595 E.0117
G1 X153.242 Y82.492 E.01198
G1 X152.794 Y82.28 E.01291
G1 X151.449 Y81.085 E.04688
G1 X151.001 Y80.857 E.0131
G1 X150.552 Y80.77 E.01192
G1 X150.104 Y80.783 E.01168
G1 X149.656 Y80.887 E.01198
G1 X149.208 Y81.098 E.0129
G1 X147.863 Y82.293 E.04688
G1 X147.414 Y82.521 E.01312
G1 X146.966 Y82.608 E.01189
G1 X146.518 Y82.595 E.01168
G1 X146.07 Y82.492 E.01198
G1 X145.621 Y82.28 E.01294
G1 X144.276 Y81.085 E.04688
G1 X143.828 Y80.857 E.0131
G1 X143.38 Y80.77 E.01189
G1 X142.932 Y80.783 E.01168
G1 X142.483 Y80.887 E.01201
G1 X142.035 Y81.098 E.0129
G1 X140.69 Y82.293 E.04688
G1 X140.242 Y82.521 E.0131
G1 X139.794 Y82.608 E.01189
G1 X139.345 Y82.595 E.0117
G1 X138.897 Y82.492 E.01198
G1 X138.449 Y82.28 E.01291
G1 X137.104 Y81.085 E.04688
G1 X136.656 Y80.857 E.0131
G1 X136.207 Y80.77 E.01192
G1 X135.759 Y80.783 E.01168
G1 X135.311 Y80.887 E.01198
G1 X134.862 Y81.098 E.01293
G1 X133.518 Y82.293 E.04686
G1 X133.069 Y82.521 E.01312
G1 X132.621 Y82.608 E.01189
G1 X132.173 Y82.595 E.01168
G1 X131.724 Y82.492 E.012
G1 X131.276 Y82.28 E.01291
G1 X129.931 Y81.085 E.04688
G1 X129.483 Y80.857 E.0131
G1 X129.035 Y80.77 E.01189
G1 X128.586 Y80.783 E.0117
G1 X128.138 Y80.887 E.01198
G1 X127.69 Y81.098 E.0129
G1 X126.345 Y82.293 E.04688
G1 X125.897 Y82.521 E.0131
G1 X125.448 Y82.608 E.01192
G1 X125 Y82.595 E.01168
G1 X124.552 Y82.492 E.01198
G1 X124.103 Y82.28 E.01294
G1 X122.759 Y81.085 E.04686
G1 X122.31 Y80.857 E.01312
G1 X121.862 Y80.77 E.01189
G1 X121.414 Y80.783 E.01168
G1 X120.965 Y80.887 E.01201
G1 X120.517 Y81.098 E.0129
G1 X119.172 Y82.293 E.04688
G1 X118.724 Y82.521 E.0131
G1 X118.276 Y82.608 E.01189
G1 X117.827 Y82.595 E.0117
G1 X117.379 Y82.492 E.01198
G1 X116.931 Y82.28 E.01291
G1 X115.586 Y81.085 E.04688
G1 X115.138 Y80.857 E.0131
G1 X114.689 Y80.77 E.01192
G1 X114.241 Y80.783 E.01168
G1 X113.793 Y80.887 E.01198
G1 X113.345 Y81.098 E.0129
G1 X112 Y82.293 E.04688
G1 X111.551 Y82.521 E.01312
G1 X111.103 Y82.608 E.01189
G1 X110.655 Y82.595 E.01168
G1 X110.207 Y82.492 E.01198
G1 X109.758 Y82.28 E.01294
G1 X108.413 Y81.085 E.04688
G1 X107.965 Y80.857 E.0131
G1 X107.517 Y80.77 E.01189
G1 X107.069 Y80.783 E.01168
G1 X106.62 Y80.887 E.01201
G1 X106.172 Y81.098 E.0129
G1 X104.827 Y82.293 E.04688
G1 X104.379 Y82.521 E.0131
G1 X103.93 Y82.608 E.01192
G1 X103.482 Y82.595 E.01168
G1 X103.034 Y82.492 E.01198
G1 X102.586 Y82.28 E.01291
G1 X101.241 Y81.085 E.04688
G1 X100.792 Y80.857 E.01312
G1 X100.344 Y80.77 E.01189
G1 X99.896 Y80.783 E.01168
G1 X99.448 Y80.887 E.01198
G1 X98.999 Y81.098 E.01293
G1 X97.654 Y82.293 E.04688
G1 X97.206 Y82.521 E.0131
G1 X96.758 Y82.608 E.01189
G1 X96.31 Y82.595 E.01168
G1 X95.861 Y82.492 E.012
G1 X95.413 Y82.28 E.01291
G1 X94.068 Y81.085 E.04688
G1 X93.62 Y80.857 E.0131
G1 X93.172 Y80.77 E.01189
G1 X92.723 Y80.783 E.0117
G1 X92.275 Y80.887 E.01198
G1 X91.827 Y81.098 E.0129
G1 X90.482 Y82.293 E.04688
G1 X90.034 Y82.521 E.0131
G1 X89.585 Y82.608 E.01192
G1 X89.137 Y82.595 E.01168
G1 X88.689 Y82.492 E.01198
G1 X88.24 Y82.28 E.01294
G1 X86.896 Y81.085 E.04686
G1 X86.447 Y80.857 E.01312
G1 X85.999 Y80.77 E.01189
G1 X85.551 Y80.783 E.01168
G1 X85.102 Y80.887 E.01201
G1 X84.654 Y81.098 E.0129
G1 X83.309 Y82.293 E.04688
G1 X82.861 Y82.521 E.0131
G1 X82.413 Y82.608 E.01189
G1 X81.964 Y82.595 E.0117
G1 X81.516 Y82.492 E.01198
G1 X81.068 Y82.28 E.01291
G1 X79.723 Y81.085 E.04688
G1 X79.275 Y80.857 E.0131
G1 X78.826 Y80.77 E.01192
G1 X78.378 Y80.783 E.01168
G1 X77.93 Y80.887 E.01198
G1 X77.481 Y81.098 E.01293
G1 X76.137 Y82.293 E.04686
G1 X75.688 Y82.521 E.01312
G1 X75.24 Y82.608 E.01189
G1 X74.792 Y82.595 E.01168
G1 X74.343 Y82.492 E.012
G1 X73.895 Y82.28 E.01291
G1 X73.447 Y81.932 E.01478
G1 X72.867 Y81.363 E.02117
G1 X72.867 Y78.18 E.08294
G1 X73.447 Y78.707 E.02042
G1 X73.895 Y78.935 E.0131
G1 X74.343 Y79.022 E.01189
G1 X74.792 Y79.009 E.0117
G1 X75.24 Y78.905 E.01198
G1 X75.688 Y78.694 E.0129
G1 X77.033 Y77.498 E.0469
G1 X77.481 Y77.271 E.01309
G1 X77.93 Y77.184 E.01192
G1 X78.378 Y77.197 E.01168
G1 X78.826 Y77.3 E.01198
G1 X79.275 Y77.512 E.01294
G1 X80.619 Y78.707 E.04686
G1 X81.068 Y78.935 E.01312
G1 X81.516 Y79.022 E.01189
G1 X81.964 Y79.009 E.01168
G1 X82.413 Y78.905 E.01201
G1 X82.861 Y78.694 E.0129
G1 X84.206 Y77.498 E.0469
G1 X84.654 Y77.271 E.01309
G1 X85.102 Y77.184 E.01189
G1 X85.551 Y77.197 E.0117
G1 X85.999 Y77.3 E.01198
G1 X86.447 Y77.512 E.01291
G1 X87.792 Y78.707 E.04688
G1 X88.24 Y78.935 E.0131
G1 X88.689 Y79.022 E.01192
G1 X89.137 Y79.009 E.01168
G1 X89.585 Y78.905 E.01198
G1 X90.034 Y78.694 E.01293
G1 X91.378 Y77.498 E.04688
G1 X91.827 Y77.271 E.01311
G1 X92.275 Y77.184 E.01189
G1 X92.723 Y77.197 E.01168
G1 X93.172 Y77.3 E.012
G1 X93.62 Y77.512 E.01291
G1 X94.965 Y78.707 E.04688
G1 X95.413 Y78.935 E.0131
G1 X95.861 Y79.022 E.01189
G1 X96.31 Y79.009 E.0117
G1 X96.758 Y78.905 E.01198
G1 X97.206 Y78.694 E.0129
G1 X98.551 Y77.498 E.0469
G1 X98.999 Y77.271 E.01309
G1 X99.448 Y77.184 E.01192
G1 X99.896 Y77.197 E.01168
G1 X100.344 Y77.3 E.01198
G1 X100.792 Y77.512 E.01291
G1 X102.137 Y78.707 E.04688
G1 X102.586 Y78.935 E.01312
G1 X103.034 Y79.022 E.01189
G1 X103.482 Y79.009 E.01168
G1 X103.93 Y78.905 E.01198
G1 X104.379 Y78.694 E.01293
G1 X105.724 Y77.498 E.0469
G1 X106.172 Y77.271 E.01309
G1 X106.62 Y77.184 E.01189
G1 X107.069 Y77.197 E.0117
G1 X107.517 Y77.3 E.01198
G1 X107.965 Y77.512 E.01291
G1 X109.31 Y78.707 E.04688
G1 X109.758 Y78.935 E.0131
G1 X110.207 Y79.022 E.01192
G1 X110.655 Y79.009 E.01168
G1 X111.103 Y78.905 E.01198
G1 X111.551 Y78.694 E.0129
G1 X112.896 Y77.498 E.0469
G1 X113.345 Y77.271 E.01311
G1 X113.793 Y77.184 E.01189
G1 X114.241 Y77.197 E.01168
G1 X114.689 Y77.3 E.01198
G1 X115.138 Y77.512 E.01294
G1 X116.483 Y78.707 E.04688
G1 X116.931 Y78.935 E.0131
G1 X117.379 Y79.022 E.01189
G1 X117.827 Y79.009 E.01168
G1 X118.276 Y78.905 E.01201
G1 X118.724 Y78.694 E.0129
G1 X120.069 Y77.498 E.0469
G1 X120.517 Y77.271 E.01309
G1 X120.965 Y77.184 E.01189
G1 X121.414 Y77.197 E.0117
G1 X121.862 Y77.3 E.01198
G1 X122.31 Y77.512 E.01291
G1 X123.655 Y78.707 E.04688
G1 X124.103 Y78.935 E.0131
G1 X124.552 Y79.022 E.01192
G1 X125 Y79.009 E.01168
G1 X125.448 Y78.905 E.01198
G1 X125.897 Y78.694 E.01293
G1 X127.241 Y77.498 E.04688
G1 X127.69 Y77.271 E.01311
G1 X128.138 Y77.184 E.01189
G1 X128.586 Y77.197 E.01168
G1 X129.035 Y77.3 E.012
G1 X129.483 Y77.512 E.01291
G1 X130.828 Y78.707 E.04688
G1 X131.276 Y78.935 E.0131
G1 X131.724 Y79.022 E.01189
G1 X132.173 Y79.009 E.0117
G1 X132.621 Y78.905 E.01198
G1 X133.069 Y78.694 E.0129
G1 X134.414 Y77.498 E.0469
G1 X134.862 Y77.271 E.01309
G1 X135.311 Y77.184 E.01192
G1 X135.759 Y77.197 E.01168
G1 X136.207 Y77.3 E.01198
G1 X136.656 Y77.512 E.01294
G1 X138 Y78.707 E.04686
G1 X138.449 Y78.935 E.01312
G1 X138.897 Y79.022 E.01189
G1 X139.345 Y79.009 E.01168
G1 X139.794 Y78.905 E.01201
G1 X140.242 Y78.694 E.0129
G1 X141.587 Y77.498 E.0469
G1 X142.035 Y77.271 E.01309
G1 X142.483 Y77.184 E.01189
G1 X142.932 Y77.197 E.0117
G1 X143.38 Y77.3 E.01198
G1 X143.828 Y77.512 E.01291
G1 X145.173 Y78.707 E.04688
G1 X145.621 Y78.935 E.0131
G1 X146.07 Y79.022 E.01192
G1 X146.518 Y79.009 E.01168
G1 X146.966 Y78.905 E.01198
G1 X147.414 Y78.694 E.0129
G1 X148.759 Y77.498 E.0469
G1 X149.208 Y77.271 E.01311
G1 X149.656 Y77.184 E.01189
G1 X150.104 Y77.197 E.01168
G1 X150.552 Y77.3 E.01198
G1 X151.001 Y77.512 E.01294
G1 X152.346 Y78.707 E.04688
G1 X152.794 Y78.935 E.0131
G1 X153.242 Y79.022 E.01189
G1 X153.69 Y79.009 E.01168
G1 X154.139 Y78.905 E.01201
G1 X154.587 Y78.694 E.0129
G1 X155.932 Y77.498 E.0469
G1 X156.38 Y77.271 E.01309
G1 X156.828 Y77.184 E.01189
G1 X157.277 Y77.197 E.0117
G1 X157.725 Y77.3 E.01198
G1 X158.173 Y77.512 E.01291
G1 X159.518 Y78.707 E.04688
G1 X159.967 Y78.935 E.01312
G1 X160.415 Y79.022 E.01189
G1 X160.863 Y79.009 E.01168
G1 X161.311 Y78.905 E.01198
G1 X161.76 Y78.694 E.01293
G1 X163.105 Y77.498 E.0469
G1 X163.553 Y77.271 E.01309
G1 X164.001 Y77.184 E.01189
G1 X164.449 Y77.197 E.01168
G1 X164.898 Y77.3 E.012
G1 X165.346 Y77.512 E.01291
G1 X166.691 Y78.707 E.04688
G1 X167.139 Y78.935 E.0131
G1 X167.587 Y79.022 E.01189
G1 X168.036 Y79.009 E.0117
G1 X168.484 Y78.905 E.01198
G1 X168.932 Y78.694 E.0129
G1 X170.277 Y77.498 E.0469
G1 X170.725 Y77.271 E.01309
G1 X171.174 Y77.184 E.01192
G1 X171.622 Y77.197 E.01168
G1 X172.07 Y77.3 E.01198
G1 X172.519 Y77.512 E.01294
G1 X173.863 Y78.707 E.04686
G1 X174.312 Y78.935 E.01312
G1 X174.76 Y79.022 E.01189
G1 X175.208 Y79.009 E.01168
G1 X175.657 Y78.905 E.01201
G1 X176.105 Y78.694 E.0129
G1 X176.553 Y78.345 E.0148
G1 X177.133 Y77.777 E.02115
G1 X177.133 Y74.594 E.08294
G1 X176.553 Y75.121 E.02042
G1 X176.105 Y75.348 E.01309
G1 X175.657 Y75.436 E.0119
G1 X175.208 Y75.422 E.0117
G1 X174.76 Y75.319 E.01198
G1 X174.312 Y75.108 E.0129
G1 X172.967 Y73.912 E.0469
G1 X172.519 Y73.685 E.01309
G1 X172.07 Y73.597 E.01192
G1 X171.622 Y73.61 E.01168
G1 X171.174 Y73.714 E.01198
G1 X170.725 Y73.925 E.01293
G1 X169.381 Y75.121 E.04688
G1 X168.932 Y75.348 E.01311
G1 X168.484 Y75.436 E.0119
G1 X168.036 Y75.422 E.01168
G1 X167.587 Y75.319 E.012
G1 X167.139 Y75.108 E.0129
G1 X165.794 Y73.912 E.0469
G1 X165.346 Y73.685 E.01309
G1 X164.898 Y73.597 E.0119
G1 X164.449 Y73.61 E.0117
G1 X164.001 Y73.714 E.01198
G1 X163.553 Y73.925 E.0129
G1 X162.208 Y75.121 E.0469
G1 X161.76 Y75.348 E.01309
G1 X161.311 Y75.436 E.01192
G1 X160.863 Y75.422 E.01168
G1 X160.415 Y75.319 E.01198
G1 X159.967 Y75.108 E.0129
G1 X158.622 Y73.912 E.0469
G1 X158.173 Y73.685 E.01311
G1 X157.725 Y73.597 E.0119
G1 X157.277 Y73.61 E.01168
G1 X156.828 Y73.714 E.01201
G1 X156.38 Y73.925 E.0129
G1 X155.035 Y75.121 E.0469
G1 X154.587 Y75.348 E.01309
G1 X154.139 Y75.436 E.0119
G1 X153.69 Y75.422 E.0117
G1 X153.242 Y75.319 E.01198
G1 X152.794 Y75.108 E.0129
G1 X151.449 Y73.912 E.0469
G1 X151.001 Y73.685 E.01309
G1 X150.552 Y73.597 E.01192
G1 X150.104 Y73.61 E.01168
G1 X149.656 Y73.714 E.01198
G1 X149.208 Y73.925 E.0129
G1 X147.863 Y75.121 E.0469
G1 X147.414 Y75.348 E.01311
G1 X146.966 Y75.436 E.0119
G1 X146.518 Y75.422 E.01168
G1 X146.07 Y75.319 E.01198
G1 X145.621 Y75.108 E.01293
G1 X144.276 Y73.912 E.0469
G1 X143.828 Y73.685 E.01309
G1 X143.38 Y73.597 E.0119
G1 X142.932 Y73.61 E.01168
G1 X142.483 Y73.714 E.01201
G1 X142.035 Y73.925 E.0129
G1 X140.69 Y75.121 E.0469
G1 X140.242 Y75.348 E.01309
G1 X139.794 Y75.436 E.0119
G1 X139.345 Y75.422 E.0117
G1 X138.897 Y75.319 E.01198
G1 X138.449 Y75.108 E.0129
G1 X137.104 Y73.912 E.0469
G1 X136.656 Y73.685 E.01309
G1 X136.207 Y73.597 E.01192
G1 X135.759 Y73.61 E.01168
G1 X135.311 Y73.714 E.01198
G1 X134.862 Y73.925 E.01293
G1 X133.518 Y75.121 E.04688
G1 X133.069 Y75.348 E.01311
G1 X132.621 Y75.436 E.0119
G1 X132.173 Y75.422 E.01168
G1 X131.724 Y75.319 E.012
G1 X131.276 Y75.108 E.0129
G1 X129.931 Y73.912 E.0469
G1 X129.483 Y73.685 E.01309
G1 X129.035 Y73.597 E.0119
G1 X128.586 Y73.61 E.0117
G1 X128.138 Y73.714 E.01198
G1 X127.69 Y73.925 E.0129
G1 X126.345 Y75.121 E.0469
G1 X125.897 Y75.348 E.01309
M73 Q53 S26
G1 X125.448 Y75.436 E.01192
G1 X125 Y75.422 E.01168
G1 X124.552 Y75.319 E.01198
G1 X124.103 Y75.108 E.01293
G1 X122.759 Y73.912 E.04688
G1 X122.31 Y73.685 E.01311
G1 X121.862 Y73.597 E.0119
G1 X121.414 Y73.61 E.01168
G1 X120.965 Y73.714 E.01201
G1 X120.517 Y73.925 E.0129
G1 X119.172 Y75.121 E.0469
G1 X118.724 Y75.348 E.01309
G1 X118.276 Y75.436 E.0119
G1 X117.827 Y75.422 E.0117
G1 X117.379 Y75.319 E.01198
G1 X116.931 Y75.108 E.0129
G1 X115.586 Y73.912 E.0469
G1 X115.138 Y73.685 E.01309
G1 X114.689 Y73.597 E.01192
G1 X114.241 Y73.61 E.01168
G1 X113.793 Y73.714 E.01198
G1 X113.345 Y73.925 E.0129
G1 X112 Y75.121 E.0469
G1 X111.551 Y75.348 E.01311
G1 X111.103 Y75.436 E.0119
G1 X110.655 Y75.422 E.01168
G1 X110.207 Y75.319 E.01198
G1 X109.758 Y75.108 E.01293
G1 X108.413 Y73.912 E.0469
G1 X107.965 Y73.685 E.01309
G1 X107.517 Y73.597 E.0119
G1 X107.069 Y73.61 E.01168
G1 X106.62 Y73.714 E.01201
G1 X106.172 Y73.925 E.0129
G1 X104.827 Y75.121 E.0469
G1 X104.379 Y75.348 E.01309
G1 X103.93 Y75.436 E.01192
G1 X103.482 Y75.422 E.01168
G1 X103.034 Y75.319 E.01198
G1 X102.586 Y75.108 E.0129
G1 X101.241 Y73.912 E.0469
G1 X100.792 Y73.685 E.01311
G1 X100.344 Y73.597 E.0119
G1 X99.896 Y73.61 E.01168
G1 X99.448 Y73.714 E.01198
G1 X98.999 Y73.925 E.01293
G1 X97.654 Y75.121 E.0469
M73 P53 R26
G1 X97.206 Y75.348 E.01309
G1 X96.758 Y75.436 E.0119
G1 X96.31 Y75.422 E.01168
G1 X95.861 Y75.319 E.012
G1 X95.413 Y75.108 E.0129
G1 X94.068 Y73.912 E.0469
G1 X93.62 Y73.685 E.01309
G1 X93.172 Y73.597 E.0119
G1 X92.723 Y73.61 E.0117
G1 X92.275 Y73.714 E.01198
G1 X91.827 Y73.925 E.0129
G1 X90.482 Y75.121 E.0469
G1 X90.034 Y75.348 E.01309
G1 X89.585 Y75.436 E.01192
G1 X89.137 Y75.422 E.01168
G1 X88.689 Y75.319 E.01198
G1 X88.24 Y75.108 E.01293
G1 X86.896 Y73.912 E.04688
G1 X86.447 Y73.685 E.01311
G1 X85.999 Y73.597 E.0119
G1 X85.551 Y73.61 E.01168
G1 X85.102 Y73.714 E.01201
G1 X84.654 Y73.925 E.0129
G1 X83.309 Y75.121 E.0469
G1 X82.861 Y75.348 E.01309
G1 X82.413 Y75.436 E.0119
G1 X81.964 Y75.422 E.0117
G1 X81.516 Y75.319 E.01198
G1 X81.068 Y75.108 E.0129
G1 X79.723 Y73.912 E.0469
G1 X79.275 Y73.685 E.01309
G1 X78.826 Y73.597 E.01192
G1 X78.378 Y73.61 E.01168
G1 X77.93 Y73.714 E.01198
G1 X77.481 Y73.925 E.01293
G1 X76.137 Y75.121 E.04688
G1 X75.688 Y75.348 E.01311
G1 X75.24 Y75.436 E.0119
G1 X74.792 Y75.422 E.01168
G1 X74.343 Y75.319 E.012
G1 X73.895 Y75.108 E.0129
G1 X73.447 Y74.759 E.0148
G1 X72.867 Y74.19 E.02117
G1 X72.867 Y71.008 E.08291
G1 X73.447 Y71.535 E.02042
G1 X73.895 Y71.762 E.01309
G1 X74.343 Y71.849 E.01189
G1 X74.792 Y71.836 E.0117
G1 X75.24 Y71.733 E.01198
G1 X75.688 Y71.521 E.01291
G1 X77.033 Y70.326 E.04688
G1 X77.481 Y70.098 E.0131
G1 X77.93 Y70.011 E.01192
G1 X78.378 Y70.024 E.01168
G1 X78.826 Y70.128 E.01198
G1 X79.275 Y70.339 E.01293
G1 X80.619 Y71.535 E.04688
G1 X81.068 Y71.762 E.01311
G1 X81.516 Y71.849 E.01189
G1 X81.964 Y71.836 E.01168
G1 X82.413 Y71.733 E.012
G1 X82.861 Y71.521 E.01291
G1 X84.206 Y70.326 E.04688
G1 X84.654 Y70.098 E.0131
G1 X85.102 Y70.011 E.01189
G1 X85.551 Y70.024 E.0117
G1 X85.999 Y70.128 E.01198
G1 X86.447 Y70.339 E.0129
G1 X87.792 Y71.535 E.0469
G1 X88.24 Y71.762 E.01309
G1 X88.689 Y71.849 E.01192
G1 X89.137 Y71.836 E.01168
G1 X89.585 Y71.733 E.01198
G1 X90.034 Y71.521 E.01294
G1 X91.378 Y70.326 E.04686
G1 X91.827 Y70.098 E.01312
G1 X92.275 Y70.011 E.01189
G1 X92.723 Y70.024 E.01168
G1 X93.172 Y70.128 E.01201
G1 X93.62 Y70.339 E.0129
G1 X94.965 Y71.535 E.0469
G1 X95.413 Y71.762 E.01309
G1 X95.861 Y71.849 E.01189
G1 X96.31 Y71.836 E.0117
G1 X96.758 Y71.733 E.01198
G1 X97.206 Y71.521 E.01291
G1 X98.551 Y70.326 E.04688
G1 X98.999 Y70.098 E.0131
G1 X99.448 Y70.011 E.01192
G1 X99.896 Y70.024 E.01168
G1 X100.344 Y70.128 E.01198
G1 X100.792 Y70.339 E.0129
G1 X102.137 Y71.535 E.0469
G1 X102.586 Y71.762 E.01311
G1 X103.034 Y71.849 E.01189
G1 X103.482 Y71.836 E.01168
G1 X103.93 Y71.733 E.01198
G1 X104.379 Y71.521 E.01294
G1 X105.724 Y70.326 E.04688
G1 X106.172 Y70.098 E.0131
G1 X106.62 Y70.011 E.01189
G1 X107.069 Y70.024 E.0117
G1 X107.517 Y70.128 E.01198
G1 X107.965 Y70.339 E.0129
G1 X109.31 Y71.535 E.0469
G1 X109.758 Y71.762 E.01309
G1 X110.207 Y71.849 E.01192
G1 X110.655 Y71.836 E.01168
G1 X111.103 Y71.733 E.01198
G1 X111.551 Y71.521 E.01291
G1 X112.896 Y70.326 E.04688
G1 X113.345 Y70.098 E.01312
G1 X113.793 Y70.011 E.01189
G1 X114.241 Y70.024 E.01168
G1 X114.689 Y70.128 E.01198
G1 X115.138 Y70.339 E.01293
G1 X116.483 Y71.535 E.0469
G1 X116.931 Y71.762 E.01309
G1 X117.379 Y71.849 E.01189
G1 X117.827 Y71.836 E.01168
G1 X118.276 Y71.733 E.012
G1 X118.724 Y71.521 E.01291
G1 X120.069 Y70.326 E.04688
G1 X120.517 Y70.098 E.0131
G1 X120.965 Y70.011 E.01189
G1 X121.414 Y70.024 E.0117
G1 X121.862 Y70.128 E.01198
G1 X122.31 Y70.339 E.0129
G1 X123.655 Y71.535 E.0469
G1 X124.103 Y71.762 E.01309
G1 X124.552 Y71.849 E.01192
G1 X125 Y71.836 E.01168
G1 X125.448 Y71.733 E.01198
G1 X125.897 Y71.521 E.01294
G1 X127.241 Y70.326 E.04686
G1 X127.69 Y70.098 E.01312
G1 X128.138 Y70.011 E.01189
G1 X128.586 Y70.024 E.01168
G1 X129.035 Y70.128 E.01201
G1 X129.483 Y70.339 E.0129
G1 X130.828 Y71.535 E.0469
G1 X131.276 Y71.762 E.01309
G1 X131.724 Y71.849 E.01189
G1 X132.173 Y71.836 E.0117
G1 X132.621 Y71.733 E.01198
G1 X133.069 Y71.521 E.01291
G1 X134.414 Y70.326 E.04688
G1 X134.862 Y70.098 E.0131
G1 X135.311 Y70.011 E.01192
G1 X135.759 Y70.024 E.01168
G1 X136.207 Y70.128 E.01198
G1 X136.656 Y70.339 E.01293
G1 X138 Y71.535 E.04688
G1 X138.449 Y71.762 E.01311
G1 X138.897 Y71.849 E.01189
G1 X139.345 Y71.836 E.01168
G1 X139.794 Y71.733 E.012
G1 X140.242 Y71.521 E.01291
G1 X141.587 Y70.326 E.04688
G1 X142.035 Y70.098 E.0131
G1 X142.483 Y70.011 E.01189
G1 X142.932 Y70.024 E.0117
G1 X143.38 Y70.128 E.01198
G1 X143.828 Y70.339 E.0129
G1 X145.173 Y71.535 E.0469
G1 X145.621 Y71.762 E.01309
G1 X146.07 Y71.849 E.01192
G1 X146.518 Y71.836 E.01168
G1 X146.966 Y71.733 E.01198
G1 X147.414 Y71.521 E.01291
G1 X148.759 Y70.326 E.04688
G1 X149.208 Y70.098 E.01312
G1 X149.656 Y70.011 E.01189
G1 X150.104 Y70.024 E.01168
G1 X150.552 Y70.128 E.01198
G1 X151.001 Y70.339 E.01293
G1 X152.346 Y71.535 E.0469
G1 X152.794 Y71.762 E.01309
G1 X153.242 Y71.849 E.01189
G1 X153.69 Y71.836 E.01168
G1 X154.139 Y71.733 E.012
G1 X154.587 Y71.521 E.01291
G1 X155.932 Y70.326 E.04688
G1 X156.38 Y70.098 E.0131
G1 X156.828 Y70.011 E.01189
G1 X157.277 Y70.024 E.0117
G1 X157.725 Y70.128 E.01198
G1 X158.173 Y70.339 E.0129
G1 X159.518 Y71.535 E.0469
G1 X159.967 Y71.762 E.01311
G1 X160.415 Y71.849 E.01189
G1 X160.863 Y71.836 E.01168
G1 X161.311 Y71.733 E.01198
G1 X161.76 Y71.521 E.01294
G1 X163.105 Y70.326 E.04688
G1 X163.553 Y70.098 E.0131
G1 X164.001 Y70.011 E.01189
G1 X164.449 Y70.024 E.01168
G1 X164.898 Y70.128 E.01201
G1 X165.346 Y70.339 E.0129
G1 X166.691 Y71.535 E.0469
G1 X167.139 Y71.762 E.01309
G1 X167.587 Y71.849 E.01189
G1 X168.036 Y71.836 E.0117
G1 X168.484 Y71.733 E.01198
G1 X168.932 Y71.521 E.01291
G1 X170.277 Y70.326 E.04688
G1 X170.725 Y70.098 E.0131
G1 X171.174 Y70.011 E.01192
G1 X171.622 Y70.024 E.01168
G1 X172.07 Y70.128 E.01198
G1 X172.519 Y70.339 E.01293
G1 X173.863 Y71.535 E.04688
G1 X174.312 Y71.762 E.01311
G1 X174.76 Y71.849 E.01189
G1 X175.208 Y71.836 E.01168
G1 X175.657 Y71.733 E.012
G1 X176.105 Y71.521 E.01291
G1 X176.553 Y71.173 E.01478
G1 X177.133 Y70.604 E.02117
G1 X177.133 Y67.422 E.08291
G1 X176.553 Y67.948 E.0204
G1 X176.105 Y68.176 E.0131
G1 X175.657 Y68.263 E.01189
G1 X175.208 Y68.25 E.0117
G1 X174.76 Y68.146 E.01198
G1 X174.312 Y67.935 E.0129
G1 X172.967 Y66.739 E.0469
G1 X172.519 Y66.512 E.01309
G1 X172.07 Y66.425 E.01192
G1 X171.622 Y66.438 E.01168
G1 X171.174 Y66.541 E.01198
G1 X170.725 Y66.753 E.01294
G1 X169.381 Y67.948 E.04686
G1 X168.932 Y68.176 E.01312
G1 X168.484 Y68.263 E.01189
G1 X168.036 Y68.25 E.01168
G1 X167.587 Y68.146 E.01201
G1 X167.139 Y67.935 E.0129
G1 X165.794 Y66.739 E.0469
G1 X165.346 Y66.512 E.01309
G1 X164.898 Y66.425 E.01189
G1 X164.449 Y66.438 E.0117
G1 X164.001 Y66.541 E.01198
G1 X163.553 Y66.753 E.01291
G1 X162.208 Y67.948 E.04688
G1 X161.76 Y68.176 E.0131
G1 X161.311 Y68.263 E.01192
G1 X160.863 Y68.25 E.01168
G1 X160.415 Y68.146 E.01198
G1 X159.967 Y67.935 E.0129
G1 X158.622 Y66.739 E.0469
G1 X158.173 Y66.512 E.01311
G1 X157.725 Y66.425 E.01189
G1 X157.277 Y66.438 E.01168
G1 X156.828 Y66.541 E.012
G1 X156.38 Y66.753 E.01291
G1 X155.035 Y67.948 E.04688
G1 X154.587 Y68.176 E.0131
G1 X154.139 Y68.263 E.01189
G1 X153.69 Y68.25 E.0117
G1 X153.242 Y68.146 E.01198
G1 X152.794 Y67.935 E.0129
G1 X151.449 Y66.739 E.0469
G1 X151.001 Y66.512 E.01309
G1 X150.552 Y66.425 E.01192
G1 X150.104 Y66.438 E.01168
G1 X149.656 Y66.541 E.01198
G1 X149.208 Y66.753 E.01291
G1 X147.863 Y67.948 E.04688
G1 X147.414 Y68.176 E.01312
G1 X146.966 Y68.263 E.01189
G1 X146.518 Y68.25 E.01168
G1 X146.07 Y68.146 E.01198
G1 X145.621 Y67.935 E.01293
G1 X144.276 Y66.739 E.0469
G1 X143.828 Y66.512 E.01309
G1 X143.38 Y66.425 E.01189
G1 X142.932 Y66.438 E.01168
G1 X142.483 Y66.541 E.012
G1 X142.035 Y66.753 E.01291
G1 X140.69 Y67.948 E.04688
G1 X140.242 Y68.176 E.0131
G1 X139.794 Y68.263 E.01189
G1 X139.345 Y68.25 E.0117
G1 X138.897 Y68.146 E.01198
G1 X138.449 Y67.935 E.0129
G1 X137.104 Y66.739 E.0469
G1 X136.656 Y66.512 E.01309
G1 X136.207 Y66.425 E.01192
G1 X135.759 Y66.438 E.01168
G1 X135.311 Y66.541 E.01198
G1 X134.862 Y66.753 E.01294
G1 X133.518 Y67.948 E.04686
G1 X133.069 Y68.176 E.01312
G1 X132.621 Y68.263 E.01189
G1 X132.173 Y68.25 E.01168
G1 X131.724 Y68.146 E.01201
G1 X131.276 Y67.935 E.0129
G1 X129.931 Y66.739 E.0469
G1 X129.483 Y66.512 E.01309
G1 X129.035 Y66.425 E.01189
G1 X128.586 Y66.438 E.0117
G1 X128.138 Y66.541 E.01198
G1 X127.69 Y66.753 E.01291
G1 X126.345 Y67.948 E.04688
G1 X125.897 Y68.176 E.0131
G1 X125.448 Y68.263 E.01192
G1 X125 Y68.25 E.01168
G1 X124.552 Y68.146 E.01198
G1 X124.103 Y67.935 E.01293
G1 X122.759 Y66.739 E.04688
G1 X122.31 Y66.512 E.01311
G1 X121.862 Y66.425 E.01189
G1 X121.414 Y66.438 E.01168
G1 X120.965 Y66.541 E.012
G1 X120.517 Y66.753 E.01291
G1 X119.172 Y67.948 E.04688
G1 X118.724 Y68.176 E.0131
G1 X118.276 Y68.263 E.01189
G1 X117.827 Y68.25 E.0117
G1 X117.379 Y68.146 E.01198
G1 X116.931 Y67.935 E.0129
G1 X115.586 Y66.739 E.0469
G1 X115.138 Y66.512 E.01309
G1 X114.689 Y66.425 E.01192
G1 X114.241 Y66.438 E.01168
G1 X113.793 Y66.541 E.01198
G1 X113.345 Y66.753 E.01291
G1 X112 Y67.948 E.04688
G1 X111.551 Y68.176 E.01312
G1 X111.103 Y68.263 E.01189
G1 X110.655 Y68.25 E.01168
G1 X110.207 Y68.146 E.01198
G1 X109.758 Y67.935 E.01293
G1 X108.413 Y66.739 E.0469
G1 X107.965 Y66.512 E.01309
G1 X107.517 Y66.425 E.01189
G1 X107.069 Y66.438 E.01168
G1 X106.62 Y66.541 E.012
G1 X106.172 Y66.753 E.01291
G1 X104.827 Y67.948 E.04688
G1 X104.379 Y68.176 E.0131
G1 X103.93 Y68.263 E.01192
G1 X103.482 Y68.25 E.01168
G1 X103.034 Y68.146 E.01198
G1 X102.586 Y67.935 E.0129
G1 X101.241 Y66.739 E.0469
G1 X100.792 Y66.512 E.01311
G1 X100.344 Y66.425 E.01189
G1 X99.896 Y66.438 E.01168
G1 X99.448 Y66.541 E.01198
G1 X98.999 Y66.753 E.01294
G1 X97.654 Y67.948 E.04688
G1 X97.206 Y68.176 E.0131
G1 X96.758 Y68.263 E.01189
G1 X96.31 Y68.25 E.01168
G1 X95.861 Y68.146 E.01201
G1 X95.413 Y67.935 E.0129
G1 X94.068 Y66.739 E.0469
G1 X93.62 Y66.512 E.01309
G1 X93.172 Y66.425 E.01189
G1 X92.723 Y66.438 E.0117
G1 X92.275 Y66.541 E.01198
G1 X91.827 Y66.753 E.01291
G1 X90.482 Y67.948 E.04688
G1 X90.034 Y68.176 E.0131
G1 X89.585 Y68.263 E.01192
G1 X89.137 Y68.25 E.01168
G1 X88.689 Y68.146 E.01198
G1 X88.24 Y67.935 E.01293
G1 X86.896 Y66.739 E.04688
G1 X86.447 Y66.512 E.01311
G1 X85.999 Y66.425 E.01189
G1 X85.551 Y66.438 E.01168
G1 X85.102 Y66.541 E.012
G1 X84.654 Y66.753 E.01291
G1 X83.309 Y67.948 E.04688
G1 X82.861 Y68.176 E.0131
G1 X82.413 Y68.263 E.01189
G1 X81.964 Y68.25 E.0117
G1 X81.516 Y68.146 E.01198
G1 X81.068 Y67.935 E.0129
G1 X79.723 Y66.739 E.0469
G1 X79.275 Y66.512 E.01309
G1 X78.826 Y66.425 E.01192
G1 X78.378 Y66.438 E.01168
G1 X77.93 Y66.541 E.01198
G1 X77.481 Y66.753 E.01294
G1 X76.137 Y67.948 E.04686
G1 X75.688 Y68.176 E.01312
G1 X75.24 Y68.263 E.01189
G1 X74.792 Y68.25 E.01168
G1 X74.343 Y68.146 E.01201
G1 X73.895 Y67.935 E.0129
G1 X73.447 Y67.587 E.01478
G1 X72.867 Y67.018 E.02117
G1 X72.868 Y63.835 E.08294
G1 X73.447 Y64.362 E.0204
G1 X73.895 Y64.589 E.01309
G1 X74.343 Y64.677 E.0119
G1 X74.792 Y64.664 E.0117
G1 X75.24 Y64.56 E.01198
G1 X75.688 Y64.349 E.0129
G1 X76.545 Y63.587 E.02988
G1 X79.794 Y63.587 E.08466
G1 X80.619 Y64.362 E.02949
G1 X81.068 Y64.589 E.01311
G1 X81.516 Y64.677 E.0119
G1 X81.964 Y64.664 E.01168
G1 X82.413 Y64.56 E.01201
G1 X82.861 Y64.349 E.0129
G1 X83.718 Y63.587 E.02988
G1 X86.967 Y63.587 E.08466
G1 X87.792 Y64.362 E.02949
G1 X88.24 Y64.589 E.01309
G1 X88.689 Y64.677 E.01192
G1 X89.137 Y64.664 E.01168
G1 X89.585 Y64.56 E.01198
G1 X90.034 Y64.349 E.01293
G1 X90.891 Y63.586 E.0299
G1 X94.139 Y63.586 E.08463
G1 X94.965 Y64.362 E.02953
G1 X95.413 Y64.589 E.01309
G1 X95.861 Y64.677 E.0119
G1 X96.31 Y64.664 E.0117
G1 X96.758 Y64.56 E.01198
G1 X97.206 Y64.349 E.0129
G1 X98.064 Y63.586 E.02992
G1 X101.311 Y63.586 E.0846
G1 X102.137 Y64.362 E.02953
G1 X102.586 Y64.589 E.01311
G1 X103.034 Y64.677 E.0119
G1 X103.777 Y64.595 E.01948
G1 X109.802 Y64.598 E.15699
G1 X110.207 Y64.677 E.01075
G1 X110.655 Y64.664 E.01168
G1 X111.103 Y64.56 E.01198
G1 X111.551 Y64.349 E.0129
G1 X112.41 Y63.586 E.02994
G1 X115.656 Y63.586 E.08458
G1 X116.483 Y64.362 E.02955
G1 X116.931 Y64.589 E.01309
G1 X117.379 Y64.677 E.0119
G1 X117.827 Y64.664 E.01168
G1 X118.276 Y64.56 E.01201
G1 X118.724 Y64.349 E.0129
G1 X119.582 Y63.586 E.02992
G1 X122.829 Y63.586 E.0846
G1 X123.655 Y64.362 E.02953
G1 X124.103 Y64.589 E.01309
G1 X124.552 Y64.677 E.01192
G1 X125 Y64.664 E.01168
G1 X125.448 Y64.56 E.01198
G1 X125.897 Y64.349 E.01293
G1 X126.755 Y63.586 E.02992
G1 X130.001 Y63.586 E.08458
G1 X130.828 Y64.362 E.02955
G1 X131.276 Y64.589 E.01309
G1 X131.724 Y64.677 E.0119
G1 X132.173 Y64.664 E.0117
G1 X132.621 Y64.56 E.01198
G1 X133.069 Y64.349 E.0129
G1 X133.928 Y63.586 E.02994
G1 X137.174 Y63.586 E.08458
G1 X138 Y64.362 E.02953
G1 X138.449 Y64.589 E.01311
G1 X138.897 Y64.677 E.0119
G1 X139.345 Y64.664 E.01168
G1 X139.801 Y64.556 E.01221
G1 X140.062 Y64.598 E.00689
G1 X145.666 Y64.598 E.14602
G1 X146.07 Y64.677 E.01073
G1 X146.518 Y64.664 E.01168
G1 X146.966 Y64.56 E.01198
G1 X147.414 Y64.349 E.0129
G1 X148.273 Y63.586 E.02994
G1 X151.519 Y63.586 E.08458
G1 X152.346 Y64.362 E.02955
G1 X152.794 Y64.589 E.01309
G1 X153.242 Y64.677 E.0119
G1 X153.69 Y64.664 E.01168
G1 X154.139 Y64.56 E.01201
G1 X154.587 Y64.349 E.0129
G1 X155.445 Y63.586 E.02992
G1 X158.693 Y63.586 E.08463
G1 X159.518 Y64.362 E.02951
G1 X159.967 Y64.589 E.01311
G1 X160.415 Y64.677 E.0119
G1 X160.863 Y64.664 E.01168
G1 X161.311 Y64.56 E.01198
G1 X161.76 Y64.349 E.01293
G1 X162.617 Y63.587 E.02988
G1 X165.866 Y63.587 E.08466
G1 X166.691 Y64.362 E.02949
G1 X167.139 Y64.589 E.01309
G1 X167.587 Y64.677 E.0119
G1 X168.036 Y64.664 E.0117
G1 X168.484 Y64.56 E.01198
G1 X168.932 Y64.349 E.0129
G1 X169.789 Y63.587 E.02988
G1 X173.039 Y63.587 E.08468
G1 X173.863 Y64.362 E.02947
G1 X174.312 Y64.589 E.01311
G1 X174.76 Y64.677 E.0119
G1 X175.208 Y64.664 E.01168
G1 X175.657 Y64.56 E.01201
G1 X176.105 Y64.349 E.0129
G1 X176.962 Y63.588 E.02986
G1 X177.132 Y63.588 E.00443
G1 X177.133 Y65.917 E.06068
;WIPE_START
G1 F8640
G1 X177.132 Y63.588 E-.53777
G1 X176.962 Y63.588 E-.03925
G1 X176.24 Y64.229 E-.22298
;WIPE_END
G1 Z2.4 F720
G1 X178.719 Y101.04 F10800
G1 Z2 F720
G1 E.8 F2100
;TYPE:Bridge infill
;WIDTH:0.455548
G1 F1500
G1 X178.719 Y63.161 E1.00007
G1 X178.478 Y62.473 E.01925
G1 X178.296 Y62.385 E.00534
G1 X178.296 Y100.852 E1.0156
G1 X177.873 Y100.852 E.01117
G1 X177.873 Y62.181 E1.02098
G1 X177.492 Y61.998 E.01116
G1 X177.449 Y61.998 E.00114
G1 X177.449 Y63.294 E.03422
G1 X177.325 Y63.17 E.00463
G1 X177.026 Y63.17 E.00789
G1 X177.026 Y61.998 E.03094
G1 X176.602 Y61.998 E.01119
G1 X176.602 Y63.17 E.03094
G1 X176.179 Y63.17 E.01117
G1 X176.179 Y61.998 E.03094
G1 X175.756 Y61.998 E.01117
G1 X175.756 Y63.17 E.03094
G1 X175.332 Y63.17 E.01119
G1 X175.332 Y61.998 E.03094
G1 X174.909 Y61.998 E.01117
G1 X174.909 Y63.17 E.03094
G1 X174.486 Y63.17 E.01117
G1 X174.486 Y61.998 E.03094
G1 X174.062 Y61.998 E.01119
G1 X174.062 Y63.17 E.03094
G1 X173.639 Y63.169 E.01117
G1 X173.639 Y61.998 E.03092
G1 X173.216 Y61.998 E.01117
G1 X173.216 Y63.169 E.03092
G1 X172.792 Y63.169 E.01119
G1 X172.792 Y61.998 E.03092
G1 X172.369 Y61.998 E.01117
G1 X172.369 Y63.169 E.03092
G1 X171.946 Y63.169 E.01117
G1 X171.946 Y61.998 E.03092
G1 X171.522 Y61.998 E.01119
G1 X171.522 Y63.169 E.03092
G1 X171.099 Y63.169 E.01117
G1 X171.099 Y61.998 E.03092
G1 X170.675 Y61.998 E.01119
G1 X170.675 Y63.169 E.03092
G1 X170.252 Y63.169 E.01117
G1 X170.252 Y61.998 E.03092
G1 X169.829 Y61.998 E.01117
G1 X169.829 Y63.169 E.03092
G1 X169.405 Y63.169 E.01119
G1 X169.405 Y61.998 E.03092
G1 X168.982 Y61.998 E.01117
G1 X168.982 Y63.169 E.03092
G1 X168.559 Y63.169 E.01117
G1 X168.559 Y61.998 E.03092
G1 X168.135 Y61.998 E.01119
G1 X168.135 Y63.169 E.03092
G1 X167.712 Y63.169 E.01117
G1 X167.712 Y61.998 E.03092
G1 X167.289 Y61.998 E.01117
G1 X167.289 Y63.169 E.03092
G1 X166.865 Y63.169 E.01119
G1 X166.865 Y61.998 E.03092
G1 X166.442 Y61.998 E.01117
G1 X166.442 Y63.169 E.03092
G1 X166.018 Y63.169 E.01119
G1 X166.018 Y61.998 E.03092
G1 X165.595 Y61.998 E.01117
G1 X165.595 Y63.169 E.03092
G1 X165.172 Y63.169 E.01117
G1 X165.172 Y61.998 E.03092
G1 X164.748 Y61.998 E.01119
G1 X164.748 Y63.169 E.03092
G1 X164.325 Y63.169 E.01117
G1 X164.325 Y61.998 E.03092
G1 X163.902 Y61.998 E.01117
G1 X163.902 Y63.169 E.03092
G1 X163.478 Y63.169 E.01119
G1 X163.478 Y61.998 E.03092
G1 X163.055 Y61.998 E.01117
G1 X163.055 Y63.169 E.03092
G1 X162.632 Y63.169 E.01117
G1 X162.632 Y61.998 E.03092
G1 X162.208 Y61.998 E.01119
G1 X162.208 Y63.169 E.03092
G1 X161.785 Y63.169 E.01117
G1 X161.785 Y61.998 E.03092
G1 X161.362 Y61.998 E.01117
G1 X161.362 Y63.169 E.03092
G1 X160.938 Y63.169 E.01119
G1 X160.938 Y61.998 E.03092
G1 X160.515 Y61.998 E.01117
G1 X160.515 Y63.169 E.03092
G1 X160.091 Y63.169 E.01119
G1 X160.091 Y61.998 E.03092
G1 X159.668 Y61.998 E.01117
G1 X159.668 Y63.169 E.03092
G1 X159.245 Y63.169 E.01117
G1 X159.245 Y61.998 E.03092
G1 X158.821 Y61.998 E.01119
G1 X158.821 Y63.169 E.03092
G1 X158.398 Y63.169 E.01117
G1 X158.398 Y61.998 E.03092
G1 X157.975 Y61.998 E.01117
G1 X157.975 Y63.169 E.03092
G1 X157.551 Y63.169 E.01119
M73 P53 R25
G1 X157.551 Y61.998 E.03092
G1 X157.128 Y61.998 E.01117
G1 X157.128 Y63.168 E.03089
G1 X156.705 Y63.168 E.01117
G1 X156.705 Y61.998 E.03089
G1 X156.281 Y61.998 E.01119
G1 X156.281 Y63.168 E.03089
G1 X155.858 Y63.168 E.01117
G1 X155.858 Y61.998 E.03089
G1 X155.435 Y61.998 E.01117
G1 X155.435 Y63.168 E.03089
G1 X155.011 Y63.168 E.01119
G1 X155.011 Y61.998 E.03089
G1 X154.588 Y61.998 E.01117
G1 X154.588 Y63.168 E.03089
G1 X154.164 Y63.168 E.01119
G1 X154.164 Y61.998 E.03089
G1 X153.741 Y61.998 E.01117
G1 X153.741 Y63.168 E.03089
G1 X153.318 Y63.168 E.01117
G1 X153.318 Y61.998 E.03089
G1 X152.894 Y61.998 E.01119
G1 X152.894 Y63.168 E.03089
G1 X152.471 Y63.168 E.01117
G1 X152.471 Y61.998 E.03089
G1 X152.048 Y61.998 E.01117
G1 X152.048 Y63.168 E.03089
G1 X151.624 Y63.168 E.01119
G1 X151.624 Y61.998 E.03089
G1 X151.201 Y61.998 E.01117
G1 X151.201 Y63.168 E.03089
G1 X150.778 Y63.168 E.01117
G1 X150.778 Y61.998 E.03089
G1 X150.354 Y61.998 E.01119
G1 X150.354 Y63.168 E.03089
G1 X149.931 Y63.168 E.01117
G1 X149.931 Y61.998 E.03089
G1 X149.508 Y61.998 E.01117
G1 X149.508 Y63.168 E.03089
G1 X149.084 Y63.168 E.01119
G1 X149.084 Y61.998 E.03089
G1 X148.661 Y61.998 E.01117
G1 X148.661 Y63.168 E.03089
G1 X148.237 Y63.168 E.01119
G1 X148.237 Y61.998 E.03089
G1 X147.814 Y61.998 E.01117
G1 X147.814 Y63.168 E.03089
G1 X147.391 Y63.168 E.01117
G1 X147.391 Y61.81 E.03585
;WIPE_START
G1 F8640
G1 X147.391 Y63.168 E-.31357
G1 X147.814 Y63.168 E-.09767
G1 X147.814 Y61.998 E-.27016
G1 X148.237 Y61.998 E-.09767
G1 X148.237 Y62.089 E-.02093
;WIPE_END
G1 Z2.4 F720
G1 X139.28 Y62.04 F10800
G1 Z2 F720
G1 E.8 F2100
;WIDTH:0.533561
G1 F1500
G1 X110.908 Y62.04 E.8871
G1 X110.908 Y62.541 E.01566
G1 X139.092 Y62.541 E.88123
G1 X139.092 Y63.043 E.0157
G1 X110.72 Y63.043 E.8871
;WIPE_START
G1 F8640
G1 X114.185 Y63.043 E-.8
;WIPE_END
G1 Z2.4 F720
G1 X77.892 Y82.709 F10800
G1 Z2 F720
G1 E.8 F2100
;TYPE:Internal infill
;WIDTH:0.45
G1 F4800
G1 X77.499 Y82.817 E.01062
G1 X77.256 Y83.002 E.00796
G1 X77.057 Y83.306 E.00947
G1 X76.982 Y83.677 E.00986
G1 X76.982 Y84.716 E.02707
G1 X76.137 Y85.518 E.03036
G1 X75.688 Y85.867 E.01482
G1 X75.24 Y86.078 E.0129
G1 X74.792 Y86.181 E.01198
G1 X74.343 Y86.195 E.0117
G1 X73.895 Y86.107 E.0119
G1 X73.447 Y85.88 E.01309
G1 X72.866 Y85.352 E.02046
G1 X72.866 Y88.535 E.08294
G1 X73.447 Y89.104 E.02119
G1 X73.895 Y89.453 E.0148
G1 X74.343 Y89.664 E.0129
G1 X74.792 Y89.768 E.01201
G1 X75.24 Y89.781 E.01168
G1 X75.688 Y89.693 E.0119
G1 X76.137 Y89.466 E.01311
G1 X76.982 Y88.671 E.03023
G1 X76.982 Y91.889 E.08385
G1 X76.137 Y92.691 E.03036
G1 X75.688 Y93.039 E.0148
G1 X75.24 Y93.25 E.0129
G1 X74.792 Y93.354 E.01198
G1 X74.343 Y93.367 E.0117
G1 X73.895 Y93.28 E.01189
G1 X73.447 Y93.052 E.0131
G1 X72.866 Y92.524 E.02046
G1 X72.866 Y95.707 E.08294
G1 X73.447 Y96.277 E.02121
G1 X73.895 Y96.625 E.01478
G1 X74.343 Y96.837 E.01291
G1 X74.792 Y96.94 E.012
G1 X75.24 Y96.953 E.01168
G1 X75.688 Y96.866 E.01189
G1 X76.137 Y96.639 E.01311
G1 X76.982 Y95.843 E.03025
G1 X76.982 Y99.061 E.08385
G1 X76.137 Y99.863 E.03036
G1 X75.688 Y100.212 E.01482
G1 X75.24 Y100.423 E.0129
G1 X74.792 Y100.527 E.01198
G1 X74.343 Y100.54 E.0117
G1 X73.895 Y100.452 E.0119
G1 X73.447 Y100.225 E.01309
G1 X72.866 Y99.697 E.02046
G1 X72.866 Y100.688 E.02582
G1 X73.765 Y101.094 E.0257
G1 X73.684 Y101.257 E.00474
G1 X73.84 Y101.558 E.00883
G1 X73.878 Y101.823 E.00698
G1 X73.895 Y103.798 E.05146
G1 X74.343 Y104.009 E.0129
G1 X74.792 Y104.113 E.01201
G1 X75.24 Y104.126 E.01168
G1 X75.688 Y104.039 E.01189
G1 X76.137 Y103.811 E.01312
G1 X76.982 Y103.016 E.03023
G1 X76.982 Y106.234 E.08385
G1 X76.137 Y107.036 E.03036
G1 X75.688 Y107.384 E.0148
M73 Q53 S25
G1 X75.24 Y107.596 E.01291
G1 X74.792 Y107.699 E.01198
G1 X74.343 Y107.712 E.0117
G1 X73.878 Y107.616 E.01237
G1 X73.878 Y108.177 E.01462
G1 X73.73 Y108.686 E.01381
G1 X73.394 Y109.013 E.01222
G1 X72.866 Y109.148 E.0142
G1 X72.866 Y110.052 E.02355
G1 X73.447 Y110.622 E.02121
G1 X73.895 Y110.971 E.0148
G1 X74.343 Y111.182 E.0129
G1 X74.792 Y111.285 E.012
G1 X75.24 Y111.299 E.01168
G1 X75.688 Y111.211 E.0119
G1 X76.137 Y110.984 E.01311
G1 X76.982 Y110.188 E.03025
G1 X76.982 Y113.406 E.08385
G1 X76.137 Y114.209 E.03037
G1 X75.688 Y114.557 E.0148
G1 X75.24 Y114.768 E.0129
G1 X74.792 Y114.872 E.01198
G1 X74.343 Y114.885 E.0117
G1 X73.895 Y114.798 E.01189
G1 X73.447 Y114.57 E.0131
G1 X72.866 Y114.042 E.02046
G1 X72.866 Y117.225 E.08294
G1 X73.447 Y117.795 E.02121
G1 X73.895 Y118.143 E.01478
G1 X74.343 Y118.355 E.01291
G1 X74.792 Y118.458 E.012
G1 X75.24 Y118.471 E.01168
G1 X75.688 Y118.384 E.01189
G1 X76.137 Y118.156 E.01312
G1 X76.982 Y117.361 E.03023
G1 X76.982 Y120.579 E.08385
G1 X76.137 Y121.381 E.03036
G1 X75.688 Y121.73 E.01482
G1 X75.24 Y121.941 E.0129
G1 X74.792 Y122.044 E.01198
G1 X74.343 Y122.058 E.0117
G1 X73.895 Y121.97 E.0119
G1 X73.447 Y121.743 E.01309
G1 X72.866 Y121.215 E.02046
G1 X72.866 Y124.398 E.08294
G1 X73.447 Y124.967 E.02119
G1 X73.895 Y125.316 E.0148
G1 X74.343 Y125.527 E.0129
G1 X74.792 Y125.631 E.01201
G1 X75.24 Y125.644 E.01168
G1 X75.688 Y125.557 E.01189
G1 X76.137 Y125.329 E.01312
G1 X76.982 Y124.534 E.03023
G1 X76.982 Y127.752 E.08385
G1 X76.137 Y128.554 E.03036
G1 X75.688 Y128.902 E.0148
G1 X75.24 Y129.113 E.0129
G1 X74.792 Y129.217 E.01198
G1 X74.343 Y129.23 E.0117
G1 X73.895 Y129.143 E.01189
G1 X73.447 Y128.915 E.0131
G1 X72.867 Y128.388 E.02042
G1 X72.867 Y131.571 E.08294
G1 X73.447 Y132.14 E.02117
G1 X73.895 Y132.489 E.0148
G1 X74.343 Y132.7 E.0129
G1 X74.792 Y132.803 E.012
G1 X75.24 Y132.817 E.01168
G1 X75.688 Y132.729 E.0119
G1 X76.137 Y132.502 E.01311
G1 X76.982 Y131.706 E.03025
G1 X76.982 Y134.924 E.08385
G1 X76.137 Y135.726 E.03036
G1 X75.688 Y136.075 E.01482
G1 X75.24 Y136.286 E.0129
G1 X74.792 Y136.39 E.01198
G1 X74.343 Y136.403 E.0117
G1 X73.895 Y136.315 E.0119
G1 X73.447 Y136.088 E.01309
G1 X72.867 Y135.561 E.02042
G1 X72.867 Y138.744 E.08294
G1 X73.447 Y139.313 E.02117
G1 X73.895 Y139.661 E.01478
G1 X74.343 Y139.872 E.0129
G1 X74.792 Y139.976 E.01201
G1 X75.24 Y139.989 E.01168
G1 X75.688 Y139.902 E.01189
G1 X76.137 Y139.674 E.01312
G1 X76.982 Y138.879 E.03023
G1 X76.982 Y142.097 E.08385
G1 X76.137 Y142.899 E.03036
G1 X75.688 Y143.247 E.0148
G1 X75.24 Y143.459 E.01291
G1 X74.792 Y143.562 E.01198
G1 X74.343 Y143.575 E.0117
G1 X73.895 Y143.488 E.01189
G1 X73.447 Y143.261 E.01309
G1 X72.867 Y142.734 E.02042
G1 X72.868 Y145.917 E.08294
G1 X73.417 Y146.413 E.01928
G1 X76.612 Y146.413 E.08325
G1 X77.481 Y145.651 E.03011
G1 X77.93 Y145.44 E.01293
G1 X78.378 Y145.337 E.01198
G1 X78.826 Y145.323 E.01168
G1 X79.275 Y145.411 E.01192
G1 X79.723 Y145.638 E.01309
G1 X80.59 Y146.413 E.0303
G1 X83.784 Y146.413 E.08322
G1 X84.654 Y145.651 E.03013
G1 X85.102 Y145.44 E.0129
G1 X85.551 Y145.337 E.012
G1 X85.999 Y145.323 E.01168
G1 X86.447 Y145.411 E.0119
G1 X86.896 Y145.638 E.01311
G1 X87.763 Y146.413 E.0303
G1 X90.957 Y146.414 E.08322
G1 X91.827 Y145.651 E.03015
G1 X92.275 Y145.44 E.0129
G1 X92.723 Y145.337 E.01198
G1 X93.172 Y145.323 E.0117
G1 X93.62 Y145.411 E.0119
G1 X94.068 Y145.638 E.01309
G1 X94.936 Y146.414 E.03034
G1 X98.129 Y146.414 E.0832
G1 X98.999 Y145.651 E.03015
G1 X99.448 Y145.44 E.01293
G1 X99.896 Y145.337 E.01198
G1 X100.344 Y145.323 E.01168
G1 X100.792 Y145.411 E.0119
G1 X101.241 Y145.638 E.01311
G1 X102.11 Y146.414 E.03036
G1 X99.61 Y146.414 E.06514
;WIPE_START
G1 F8640
G1 X102.11 Y146.414 E-.57726
G1 X101.39 Y145.772 E-.22274
;WIPE_END
G1 Z2.4 F720
G1 X110.526 Y145.606 F10800
G1 Z2 F720
G1 E.8 F2100
G1 F4800
G1 X110.834 Y146 E.01303
G1 X110.908 Y146.414 E.01096
G1 X112.486 Y146.414 E.04112
G1 X113.345 Y145.651 E.02994
G1 X113.793 Y145.44 E.0129
G1 X114.241 Y145.337 E.01198
G1 X114.689 Y145.323 E.01168
G1 X115.138 Y145.411 E.01192
G1 X115.586 Y145.638 E.01309
G1 X116.412 Y146.414 E.02953
G1 X119.659 Y146.414 E.0846
G1 X120.517 Y145.651 E.02992
G1 X120.965 Y145.44 E.0129
G1 X121.414 Y145.337 E.012
G1 X121.862 Y145.323 E.01168
G1 X122.31 Y145.411 E.0119
G1 X122.759 Y145.638 E.01311
G1 X123.585 Y146.414 E.02953
G1 X126.831 Y146.414 E.08458
G1 X127.69 Y145.651 E.02994
M73 Q54 S25
G1 X128.138 Y145.44 E.0129
G1 X128.586 Y145.337 E.01198
G1 X129.035 Y145.323 E.0117
G1 X129.483 Y145.411 E.0119
G1 X129.931 Y145.638 E.01309
G1 X130.758 Y146.414 E.02955
G1 X134.004 Y146.414 E.08458
G1 X134.862 Y145.651 E.02992
G1 X135.311 Y145.44 E.01293
G1 X135.759 Y145.337 E.01198
G1 X136.207 Y145.323 E.01168
G1 X136.656 Y145.411 E.01192
G1 X137.104 Y145.638 E.01309
G1 X137.93 Y146.414 E.02953
G1 X139.092 Y146.414 E.03028
G1 X139.166 Y146 E.01096
G1 X139.474 Y145.603 E.01309
G1 X139.755 Y145.383 E.0093
G1 X139.707 Y145.362 E.00137
;WIPE_START
G1 F8640
G1 X139.755 Y145.383 E-.0121
G1 X139.474 Y145.603 E-.0824
G1 X139.166 Y146 E-.11602
G1 X139.092 Y146.414 E-.09711
G1 X137.93 Y146.414 E-.26831
G1 X137.223 Y145.75 E-.22406
;WIPE_END
G1 Z2.4 F720
G1 X110.72 Y147.96 F10800
G1 Z2 F720
M73 P54 R25
G1 E.8 F2100
;TYPE:Bridge infill
;WIDTH:0.533561
G1 F1500
G1 X139.092 Y147.96 E.8871
G1 X139.092 Y147.459 E.01566
G1 X110.908 Y147.459 E.88123
G1 X110.908 Y146.957 E.0157
G1 X139.28 Y146.957 E.8871
;WIPE_START
G1 F8640
G1 X135.815 Y146.957 E-.8
;WIPE_END
G1 Z2.4 F720
G1 X178.719 Y108.96 F10800
G1 Z2 F720
G1 E.8 F2100
;WIDTH:0.455548
G1 F1500
G1 X178.719 Y146.778 E.99846
G1 X178.296 Y147.657 E.02575
G1 X178.296 Y109.147 E1.01673
G1 X177.873 Y109.146 E.01117
G1 X177.873 Y147.889 E1.02288
G1 X177.55 Y148.002 E.00903
G1 X177.449 Y148.002 E.00267
G1 X177.449 Y146.706 E.03422
G1 X177.325 Y146.83 E.00463
G1 X177.026 Y146.83 E.00789
G1 X177.026 Y148.002 E.03094
G1 X176.602 Y148.002 E.01119
G1 X176.602 Y146.83 E.03094
G1 X176.179 Y146.83 E.01117
G1 X176.179 Y148.002 E.03094
G1 X175.756 Y148.002 E.01117
G1 X175.756 Y146.83 E.03094
G1 X175.332 Y146.83 E.01119
G1 X175.332 Y148.002 E.03094
G1 X174.909 Y148.002 E.01117
G1 X174.909 Y146.83 E.03094
G1 X174.486 Y146.83 E.01117
G1 X174.486 Y148.002 E.03094
G1 X174.062 Y148.002 E.01119
G1 X174.062 Y146.83 E.03094
G1 X173.639 Y146.831 E.01117
G1 X173.639 Y148.002 E.03092
G1 X173.216 Y148.002 E.01117
G1 X173.216 Y146.831 E.03092
G1 X172.792 Y146.831 E.01119
G1 X172.792 Y148.002 E.03092
G1 X172.369 Y148.002 E.01117
G1 X172.369 Y146.831 E.03092
G1 X171.946 Y146.831 E.01117
G1 X171.946 Y148.002 E.03092
G1 X171.522 Y148.002 E.01119
G1 X171.522 Y146.831 E.03092
G1 X171.099 Y146.831 E.01117
G1 X171.099 Y148.002 E.03092
G1 X170.675 Y148.002 E.01119
G1 X170.675 Y146.831 E.03092
G1 X170.252 Y146.831 E.01117
G1 X170.252 Y148.002 E.03092
G1 X169.829 Y148.002 E.01117
G1 X169.829 Y146.831 E.03092
G1 X169.405 Y146.831 E.01119
G1 X169.405 Y148.002 E.03092
G1 X168.982 Y148.002 E.01117
G1 X168.982 Y146.831 E.03092
G1 X168.559 Y146.831 E.01117
G1 X168.559 Y148.002 E.03092
G1 X168.135 Y148.002 E.01119
G1 X168.135 Y146.831 E.03092
G1 X167.712 Y146.831 E.01117
G1 X167.712 Y148.002 E.03092
G1 X167.289 Y148.002 E.01117
G1 X167.289 Y146.831 E.03092
G1 X166.865 Y146.831 E.01119
G1 X166.865 Y148.002 E.03092
G1 X166.442 Y148.002 E.01117
G1 X166.442 Y146.831 E.03092
G1 X166.018 Y146.831 E.01119
G1 X166.018 Y148.002 E.03092
G1 X165.595 Y148.002 E.01117
G1 X165.595 Y146.831 E.03092
G1 X165.172 Y146.831 E.01117
G1 X165.172 Y148.002 E.03092
G1 X164.748 Y148.002 E.01119
G1 X164.748 Y146.831 E.03092
G1 X164.325 Y146.831 E.01117
G1 X164.325 Y148.002 E.03092
G1 X163.902 Y148.002 E.01117
G1 X163.902 Y146.831 E.03092
G1 X163.478 Y146.831 E.01119
G1 X163.478 Y148.002 E.03092
G1 X163.055 Y148.002 E.01117
G1 X163.055 Y146.831 E.03092
G1 X162.632 Y146.831 E.01117
G1 X162.632 Y148.002 E.03092
G1 X162.208 Y148.002 E.01119
G1 X162.208 Y146.831 E.03092
G1 X161.785 Y146.831 E.01117
G1 X161.785 Y148.002 E.03092
G1 X161.362 Y148.002 E.01117
G1 X161.362 Y146.831 E.03092
G1 X160.938 Y146.831 E.01119
G1 X160.938 Y148.002 E.03092
G1 X160.515 Y148.002 E.01117
G1 X160.515 Y146.831 E.03092
G1 X160.091 Y146.831 E.01119
G1 X160.091 Y148.002 E.03092
G1 X159.668 Y148.002 E.01117
G1 X159.668 Y146.831 E.03092
G1 X159.245 Y146.831 E.01117
G1 X159.245 Y148.002 E.03092
G1 X158.821 Y148.002 E.01119
G1 X158.821 Y146.831 E.03092
G1 X158.398 Y146.831 E.01117
G1 X158.398 Y148.002 E.03092
G1 X157.975 Y148.002 E.01117
G1 X157.975 Y146.831 E.03092
G1 X157.551 Y146.831 E.01119
G1 X157.551 Y148.002 E.03092
G1 X157.128 Y148.002 E.01117
G1 X157.128 Y146.832 E.03089
G1 X156.705 Y146.832 E.01117
G1 X156.705 Y148.002 E.03089
G1 X156.281 Y148.002 E.01119
G1 X156.281 Y146.832 E.03089
G1 X155.858 Y146.832 E.01117
G1 X155.858 Y148.002 E.03089
G1 X155.435 Y148.002 E.01117
G1 X155.435 Y146.832 E.03089
G1 X155.011 Y146.832 E.01119
G1 X155.011 Y148.002 E.03089
G1 X154.588 Y148.002 E.01117
G1 X154.588 Y146.832 E.03089
G1 X154.164 Y146.832 E.01119
G1 X154.164 Y148.002 E.03089
G1 X153.741 Y148.002 E.01117
G1 X153.741 Y146.832 E.03089
G1 X153.318 Y146.832 E.01117
G1 X153.318 Y148.002 E.03089
G1 X152.894 Y148.002 E.01119
G1 X152.894 Y146.832 E.03089
G1 X152.471 Y146.832 E.01117
G1 X152.471 Y148.002 E.03089
G1 X152.048 Y148.002 E.01117
G1 X152.048 Y146.832 E.03089
G1 X151.624 Y146.832 E.01119
G1 X151.624 Y148.002 E.03089
G1 X151.201 Y148.002 E.01117
G1 X151.201 Y146.832 E.03089
G1 X150.778 Y146.832 E.01117
G1 X150.778 Y148.002 E.03089
G1 X150.354 Y148.002 E.01119
G1 X150.354 Y146.832 E.03089
G1 X149.931 Y146.832 E.01117
G1 X149.931 Y148.002 E.03089
G1 X149.508 Y148.002 E.01117
G1 X149.508 Y146.832 E.03089
G1 X149.084 Y146.832 E.01119
G1 X149.084 Y148.002 E.03089
G1 X148.661 Y148.002 E.01117
G1 X148.661 Y146.832 E.03089
G1 X148.237 Y146.832 E.01119
G1 X148.237 Y148.002 E.03089
G1 X147.814 Y148.002 E.01117
G1 X147.814 Y146.832 E.03089
G1 X147.391 Y146.832 E.01117
G1 X147.391 Y148.19 E.03585
;WIPE_START
G1 F8640
G1 X147.391 Y146.832 E-.31357
G1 X147.814 Y146.832 E-.09767
G1 X147.814 Y148.002 E-.27016
G1 X148.237 Y148.002 E-.09767
G1 X148.237 Y147.911 E-.02093
;WIPE_END
G1 Z2.4 F720
G1 X71.281 Y108.96 F10800
G1 Z2 F720
G1 E.8 F2100
;WIDTH:0.455549
G1 F1500
G1 X71.281 Y146.838 E1.00005
G1 X71.522 Y147.527 E.01927
G1 X71.704 Y147.615 E.00534
G1 X71.704 Y109.148 E1.0156
G1 X72.127 Y109.148 E.01117
G1 X72.127 Y147.819 E1.02099
G1 X72.508 Y148.002 E.01116
G1 X72.551 Y148.002 E.00114
G1 X72.551 Y146.706 E.03422
G1 X72.675 Y146.83 E.00463
G1 X72.974 Y146.83 E.00789
G1 X72.974 Y148.002 E.03094
G1 X73.398 Y148.002 E.01119
G1 X73.398 Y146.83 E.03094
G1 X73.821 Y146.83 E.01117
G1 X73.821 Y148.002 E.03094
G1 X74.244 Y148.002 E.01117
G1 X74.244 Y146.83 E.03094
G1 X74.668 Y146.83 E.01119
G1 X74.668 Y148.002 E.03094
G1 X75.091 Y148.002 E.01117
G1 X75.091 Y146.83 E.03094
G1 X75.514 Y146.83 E.01117
G1 X75.514 Y148.002 E.03094
G1 X75.938 Y148.002 E.01119
G1 X75.938 Y146.83 E.03094
G1 X76.361 Y146.831 E.01117
G1 X76.361 Y148.002 E.03092
G1 X76.784 Y148.002 E.01117
G1 X76.784 Y146.831 E.03092
G1 X77.208 Y146.831 E.01119
G1 X77.208 Y148.002 E.03092
G1 X77.631 Y148.002 E.01117
G1 X77.631 Y146.831 E.03092
G1 X78.054 Y146.831 E.01117
G1 X78.054 Y148.002 E.03092
G1 X78.478 Y148.002 E.01119
G1 X78.478 Y146.831 E.03092
G1 X78.901 Y146.831 E.01117
G1 X78.901 Y148.002 E.03092
G1 X79.325 Y148.002 E.01119
G1 X79.325 Y146.831 E.03092
G1 X79.748 Y146.831 E.01117
G1 X79.748 Y148.002 E.03092
G1 X80.171 Y148.002 E.01117
G1 X80.171 Y146.831 E.03092
G1 X80.595 Y146.831 E.01119
G1 X80.595 Y148.002 E.03092
G1 X81.018 Y148.002 E.01117
G1 X81.018 Y146.831 E.03092
G1 X81.441 Y146.831 E.01117
G1 X81.441 Y148.002 E.03092
G1 X81.865 Y148.002 E.01119
G1 X81.865 Y146.831 E.03092
G1 X82.288 Y146.831 E.01117
G1 X82.288 Y148.002 E.03092
G1 X82.711 Y148.002 E.01117
G1 X82.711 Y146.831 E.03092
G1 X83.135 Y146.831 E.01119
G1 X83.135 Y148.002 E.03092
G1 X83.558 Y148.002 E.01117
G1 X83.558 Y146.831 E.03092
G1 X83.982 Y146.831 E.01119
G1 X83.982 Y148.002 E.03092
G1 X84.405 Y148.002 E.01117
G1 X84.405 Y146.831 E.03092
G1 X84.828 Y146.831 E.01117
G1 X84.828 Y148.002 E.03092
G1 X85.252 Y148.002 E.01119
G1 X85.252 Y146.831 E.03092
G1 X85.675 Y146.831 E.01117
G1 X85.675 Y148.002 E.03092
G1 X86.098 Y148.002 E.01117
G1 X86.098 Y146.831 E.03092
G1 X86.522 Y146.831 E.01119
G1 X86.522 Y148.002 E.03092
G1 X86.945 Y148.002 E.01117
G1 X86.945 Y146.831 E.03092
G1 X87.368 Y146.831 E.01117
G1 X87.368 Y148.002 E.03092
G1 X87.792 Y148.002 E.01119
G1 X87.792 Y146.831 E.03092
G1 X88.215 Y146.831 E.01117
G1 X88.215 Y148.002 E.03092
G1 X88.638 Y148.002 E.01117
G1 X88.638 Y146.831 E.03092
G1 X89.062 Y146.831 E.01119
G1 X89.062 Y148.002 E.03092
G1 X89.485 Y148.002 E.01117
G1 X89.485 Y146.831 E.03092
G1 X89.909 Y146.831 E.01119
G1 X89.909 Y148.002 E.03092
G1 X90.332 Y148.002 E.01117
G1 X90.332 Y146.831 E.03092
G1 X90.755 Y146.831 E.01117
G1 X90.755 Y148.002 E.03092
G1 X91.179 Y148.002 E.01119
G1 X91.179 Y146.831 E.03092
G1 X91.602 Y146.831 E.01117
G1 X91.602 Y148.002 E.03092
G1 X92.025 Y148.002 E.01117
G1 X92.025 Y146.831 E.03092
G1 X92.449 Y146.831 E.01119
G1 X92.449 Y148.002 E.03092
G1 X92.872 Y148.002 E.01117
G1 X92.872 Y146.832 E.03089
G1 X93.295 Y146.832 E.01117
G1 X93.295 Y148.002 E.03089
G1 X93.719 Y148.002 E.01119
G1 X93.719 Y146.832 E.03089
G1 X94.142 Y146.832 E.01117
G1 X94.142 Y148.002 E.03089
G1 X94.566 Y148.002 E.01119
G1 X94.566 Y146.832 E.03089
G1 X94.989 Y146.832 E.01117
G1 X94.989 Y148.002 E.03089
G1 X95.412 Y148.002 E.01117
G1 X95.412 Y146.832 E.03089
G1 X95.836 Y146.832 E.01119
G1 X95.836 Y148.002 E.03089
G1 X96.259 Y148.002 E.01117
G1 X96.259 Y146.832 E.03089
G1 X96.682 Y146.832 E.01117
G1 X96.682 Y148.002 E.03089
G1 X97.106 Y148.002 E.01119
G1 X97.106 Y146.832 E.03089
G1 X97.529 Y146.832 E.01117
G1 X97.529 Y148.002 E.03089
G1 X97.952 Y148.002 E.01117
G1 X97.952 Y146.832 E.03089
G1 X98.376 Y146.832 E.01119
G1 X98.376 Y148.002 E.03089
G1 X98.799 Y148.002 E.01117
G1 X98.799 Y146.832 E.03089
G1 X99.222 Y146.832 E.01117
G1 X99.222 Y148.002 E.03089
G1 X99.646 Y148.002 E.01119
G1 X99.646 Y146.832 E.03089
G1 X100.069 Y146.832 E.01117
G1 X100.069 Y148.002 E.03089
G1 X100.493 Y148.002 E.01119
G1 X100.493 Y146.832 E.03089
G1 X100.916 Y146.832 E.01117
G1 X100.916 Y148.002 E.03089
G1 X101.339 Y148.002 E.01117
G1 X101.339 Y146.832 E.03089
G1 X101.763 Y146.832 E.01119
G1 X101.763 Y148.002 E.03089
G1 X102.186 Y148.002 E.01117
G1 X102.186 Y146.832 E.03089
G1 X102.609 Y146.832 E.01117
G1 X102.609 Y148.19 E.03585
;WIPE_START
G1 F8640
G1 X102.609 Y146.832 E-.31357
G1 X102.186 Y146.832 E-.09767
G1 X102.186 Y148.002 E-.27016
G1 X101.763 Y148.002 E-.09767
G1 X101.763 Y147.911 E-.02093
;WIPE_END
G1 Z2.4 F720
G1 X71.281 Y101.04 F10800
G1 Z2 F720
G1 E.8 F2100
G1 F1500
G1 X71.281 Y63.222 E.99846
G1 X71.704 Y62.343 E.02575
G1 X71.704 Y100.852 E1.01671
G1 X72.127 Y100.852 E.01117
G1 X72.127 Y62.111 E1.02283
G1 X72.45 Y61.998 E.00903
M73 Q55 S25
G1 X72.551 Y61.998 E.00267
G1 X72.551 Y63.294 E.03422
G1 X72.675 Y63.17 E.00463
G1 X72.974 Y63.17 E.00789
G1 X72.974 Y61.998 E.03094
G1 X73.398 Y61.998 E.01119
G1 X73.398 Y63.17 E.03094
G1 X73.821 Y63.17 E.01117
G1 X73.821 Y61.998 E.03094
G1 X74.244 Y61.998 E.01117
G1 X74.244 Y63.17 E.03094
G1 X74.668 Y63.17 E.01119
G1 X74.668 Y61.998 E.03094
M73 P55 R25
G1 X75.091 Y61.998 E.01117
G1 X75.091 Y63.17 E.03094
G1 X75.514 Y63.17 E.01117
G1 X75.514 Y61.998 E.03094
G1 X75.938 Y61.998 E.01119
G1 X75.938 Y63.17 E.03094
G1 X76.361 Y63.17 E.01117
G1 X76.361 Y61.998 E.03094
G1 X76.784 Y61.998 E.01117
G1 X76.784 Y63.169 E.03092
G1 X77.208 Y63.169 E.01119
G1 X77.208 Y61.998 E.03092
G1 X77.631 Y61.998 E.01117
G1 X77.631 Y63.169 E.03092
G1 X78.055 Y63.169 E.01119
G1 X78.055 Y61.998 E.03092
G1 X78.478 Y61.998 E.01117
G1 X78.478 Y63.169 E.03092
G1 X78.901 Y63.169 E.01117
G1 X78.901 Y61.998 E.03092
G1 X79.325 Y61.998 E.01119
G1 X79.325 Y63.169 E.03092
G1 X79.748 Y63.169 E.01117
G1 X79.748 Y61.998 E.03092
G1 X80.171 Y61.998 E.01117
G1 X80.171 Y63.169 E.03092
G1 X80.595 Y63.169 E.01119
G1 X80.595 Y61.998 E.03092
G1 X81.018 Y61.998 E.01117
G1 X81.018 Y63.169 E.03092
G1 X81.441 Y63.169 E.01117
G1 X81.441 Y61.998 E.03092
G1 X81.865 Y61.998 E.01119
G1 X81.865 Y63.169 E.03092
G1 X82.288 Y63.169 E.01117
G1 X82.288 Y61.998 E.03092
G1 X82.711 Y61.998 E.01117
G1 X82.711 Y63.169 E.03092
G1 X83.135 Y63.169 E.01119
G1 X83.135 Y61.998 E.03092
G1 X83.558 Y61.998 E.01117
G1 X83.558 Y63.169 E.03092
G1 X83.982 Y63.169 E.01119
G1 X83.982 Y61.998 E.03092
G1 X84.405 Y61.998 E.01117
G1 X84.405 Y63.169 E.03092
G1 X84.828 Y63.169 E.01117
G1 X84.828 Y61.998 E.03092
G1 X85.252 Y61.998 E.01119
G1 X85.252 Y63.169 E.03092
G1 X85.675 Y63.169 E.01117
G1 X85.675 Y61.998 E.03092
G1 X86.098 Y61.998 E.01117
G1 X86.098 Y63.169 E.03092
G1 X86.522 Y63.169 E.01119
G1 X86.522 Y61.998 E.03092
G1 X86.945 Y61.998 E.01117
G1 X86.945 Y63.169 E.03092
G1 X87.368 Y63.169 E.01117
G1 X87.368 Y61.998 E.03092
G1 X87.792 Y61.998 E.01119
G1 X87.792 Y63.169 E.03092
G1 X88.215 Y63.169 E.01117
G1 X88.215 Y61.998 E.03092
G1 X88.638 Y61.998 E.01117
G1 X88.638 Y63.169 E.03092
G1 X89.062 Y63.169 E.01119
G1 X89.062 Y61.998 E.03092
G1 X89.485 Y61.998 E.01117
G1 X89.485 Y63.169 E.03092
G1 X89.909 Y63.169 E.01119
G1 X89.909 Y61.998 E.03092
G1 X90.332 Y61.998 E.01117
G1 X90.332 Y63.169 E.03092
G1 X90.755 Y63.169 E.01117
G1 X90.755 Y61.998 E.03092
G1 X91.179 Y61.998 E.01119
G1 X91.179 Y63.169 E.03092
G1 X91.602 Y63.169 E.01117
G1 X91.602 Y61.998 E.03092
G1 X92.025 Y61.998 E.01117
G1 X92.025 Y63.169 E.03092
G1 X92.449 Y63.169 E.01119
G1 X92.449 Y61.998 E.03092
G1 X92.872 Y61.998 E.01117
G1 X92.872 Y63.168 E.03089
G1 X93.295 Y63.168 E.01117
G1 X93.295 Y61.998 E.03089
G1 X93.719 Y61.998 E.01119
G1 X93.719 Y63.168 E.03089
G1 X94.142 Y63.168 E.01117
G1 X94.142 Y61.998 E.03089
G1 X94.566 Y61.998 E.01119
G1 X94.566 Y63.168 E.03089
G1 X94.989 Y63.168 E.01117
G1 X94.989 Y61.998 E.03089
G1 X95.412 Y61.998 E.01117
G1 X95.412 Y63.168 E.03089
G1 X95.836 Y63.168 E.01119
G1 X95.836 Y61.998 E.03089
G1 X96.259 Y61.998 E.01117
G1 X96.259 Y63.168 E.03089
G1 X96.682 Y63.168 E.01117
G1 X96.682 Y61.998 E.03089
G1 X97.106 Y61.998 E.01119
G1 X97.106 Y63.168 E.03089
G1 X97.529 Y63.168 E.01117
G1 X97.529 Y61.998 E.03089
G1 X97.952 Y61.998 E.01117
G1 X97.952 Y63.168 E.03089
G1 X98.376 Y63.168 E.01119
G1 X98.376 Y61.998 E.03089
G1 X98.799 Y61.998 E.01117
G1 X98.799 Y63.168 E.03089
G1 X99.222 Y63.168 E.01117
G1 X99.222 Y61.998 E.03089
G1 X99.646 Y61.998 E.01119
G1 X99.646 Y63.168 E.03089
G1 X100.069 Y63.168 E.01117
G1 X100.069 Y61.998 E.03089
G1 X100.493 Y61.998 E.01119
G1 X100.493 Y63.168 E.03089
G1 X100.916 Y63.168 E.01117
G1 X100.916 Y61.998 E.03089
G1 X101.339 Y61.998 E.01117
G1 X101.339 Y63.168 E.03089
G1 X101.763 Y63.168 E.01119
G1 X101.763 Y61.998 E.03089
G1 X102.186 Y61.998 E.01117
G1 X102.186 Y63.168 E.03089
G1 X102.609 Y63.168 E.01117
G1 X102.609 Y61.81 E.03585
;LAYER_CHANGE
;Z:2.15
;HEIGHT:0.15
;BEFORE_LAYER_CHANGE
G92 E0.0
;2.15


;WIPE_START
G1 F8640
G1 X102.609 Y63.168 E-.31357
G1 X102.186 Y63.168 E-.09767
G1 X102.186 Y61.998 E-.27016
G1 X101.763 Y61.998 E-.09767
G1 X101.763 Y62.089 E-.02093
;WIPE_END
G1 Z2.15 F720
;AFTER_LAYER_CHANGE
;2.15
G1 Z2.55
G1 X174.476 Y144.754 F10800
G1 Z2.15 F720
G1 E.8 F2100
M204 S800
;TYPE:Perimeter
;WIDTH:0.449999
G1 F2700
G1 X174.446 Y144.79 E.00122
G1 X174.125 Y144.943 E.00927
G1 X147.095 Y144.943 E.70429
;WIDTH:0.499571
G1 X146.923 Y144.968 E.00507
;WIDTH:0.549142
G1 X146.751 Y144.992 E.0056
;WIDTH:0.598713
G1 X146.578 Y145.017 E.00618
;WIDTH:0.648284
G1 X146.406 Y145.042 E.00668
G1 X140.074 Y145.042 E.24328
G1 X139.902 Y145.017 E.00668
;WIDTH:0.598713
G1 X139.729 Y144.992 E.00618
;WIDTH:0.549142
G1 X139.557 Y144.968 E.0056
;WIDTH:0.499571
G1 X139.385 Y144.943 E.00507
;WIDTH:0.449999
G1 X110.615 Y144.943 E.74962
;WIDTH:0.499571
G1 X110.443 Y144.968 E.00507
;WIDTH:0.549142
G1 X110.271 Y144.992 E.0056
;WIDTH:0.598713
G1 X110.098 Y145.017 E.00618
;WIDTH:0.648284
G1 X109.926 Y145.042 E.00668
G1 X103.594 Y145.042 E.24328
G1 X103.422 Y145.017 E.00668
;WIDTH:0.598713
G1 X103.249 Y144.992 E.00618
;WIDTH:0.549142
G1 X103.077 Y144.968 E.0056
;WIDTH:0.499571
G1 X102.905 Y144.943 E.00507
;WIDTH:0.449999
G1 X77.964 Y144.943 E.64986
G1 X77.765 Y144.911 E.00525
G1 X77.595 Y144.823 E.00499
G1 X77.391 Y144.57 E.00847
G1 X77.337 Y144.316 E.00677
G1 X77.337 Y83.684 E1.57981
G1 X77.385 Y83.443 E.0064
G1 X77.51 Y83.252 E.00595
G1 X77.749 Y83.095 E.00745
G1 X77.964 Y83.057 E.00569
G1 X174.036 Y83.057 E2.50323
G1 X174.239 Y83.091 E.00536
M73 P55 R24
G1 X174.468 Y83.23 E.00698
G1 X174.663 Y83.55 E.00976
G1 X174.663 Y144.316 E1.5833
G1 X174.638 Y144.49 E.00458
G1 X174.57 Y144.645 E.00441
G1 X174.515 Y144.709 E.0022
M204 S1000
G1 X174.181 Y144.455 F10800
M204 S800
;TYPE:External perimeter
G1 F1500
G1 X174.173 Y144.474 E.00054
G1 X174.036 Y144.525 E.00381
G1 X77.964 Y144.525 E2.50323
G1 X77.841 Y144.485 E.00337
G1 X77.755 Y144.347 E.00424
G1 X77.755 Y83.684 E1.58062
G1 X77.813 Y83.54 E.00404
M73 Q55 S24
G1 X77.964 Y83.475 E.00428
G1 X174.036 Y83.475 E2.50323
G1 X174.18 Y83.533 E.00404
G1 X174.245 Y83.684 E.00428
G1 X174.245 Y144.316 E1.57981
G1 X174.206 Y144.4 E.00241
M204 S1000
;WIPE_START
G1 F8640
G1 X174.181 Y144.455 E-.01395
G1 X174.173 Y144.474 E-.00476
G1 X174.036 Y144.525 E-.03375
G1 X170.799 Y144.525 E-.74754
;WIPE_END
G1 Z2.55 F720
G1 X146.837 Y145.954 F10800
G1 Z2.15 F720
G1 E.8 F2100
M204 S800
;TYPE:Perimeter
G1 F2700
G1 X146.782 Y145.883 E.00234
;WIDTH:0.499571
G1 X146.688 Y145.826 E.0032
;WIDTH:0.549142
G1 X146.594 Y145.77 E.00353
;WIDTH:0.598713
G1 X146.5 Y145.714 E.00387
;WIDTH:0.648284
G1 X146.406 Y145.658 E.0042
G1 X140.074 Y145.658 E.24328
G1 X139.98 Y145.714 E.0042
;WIDTH:0.598713
G1 X139.886 Y145.77 E.00387
;WIDTH:0.549142
G1 X139.792 Y145.826 E.00353
;WIDTH:0.499571
G1 X139.698 Y145.883 E.0032
;WIDTH:0.449999
G1 X139.495 Y146.143 E.00859
G1 X139.447 Y146.384 E.0064
G1 X139.447 Y148.357 E.05141
G1 X110.553 Y148.357 E.75285
G1 X110.553 Y146.384 E.05141
G1 X110.505 Y146.143 E.0064
G1 X110.302 Y145.883 E.00859
;WIDTH:0.499571
G1 X110.208 Y145.826 E.0032
;WIDTH:0.549142
G1 X110.114 Y145.77 E.00353
;WIDTH:0.598713
G1 X110.02 Y145.714 E.00387
;WIDTH:0.648284
G1 X109.926 Y145.658 E.0042
G1 X103.594 Y145.658 E.24328
G1 X103.5 Y145.714 E.0042
;WIDTH:0.598713
G1 X103.406 Y145.77 E.00387
;WIDTH:0.549142
G1 X103.312 Y145.826 E.00353
;WIDTH:0.499571
G1 X103.218 Y145.883 E.0032
;WIDTH:0.449999
G1 X103.015 Y146.143 E.00859
G1 X102.967 Y146.384 E.0064
G1 X102.967 Y148.357 E.05141
G1 X72.427 Y148.357 E.79574
G1 X71.235 Y147.783 E.03447
G1 X70.923 Y146.891 E.02462
G1 X70.923 Y108.793 E.99267
G1 X72.896 Y108.793 E.05141
G1 X73.098 Y108.759 E.00534
G1 X73.327 Y108.621 E.00697
G1 X73.498 Y108.342 E.00853
G1 X73.523 Y108.166 E.00463
G1 X73.523 Y101.834 E.16498
G1 X73.428 Y101.502 E.009
G1 X73.213 Y101.293 E.00781
G1 X72.896 Y101.207 E.00856
G1 X70.923 Y101.207 E.05141
G1 X70.923 Y63.147 E.99168
G1 X71.497 Y61.955 E.03447
G1 X72.389 Y61.643 E.02462
G1 X102.967 Y61.643 E.79673
G1 X102.967 Y63.736 E.05453
M73 Q56 S24
G1 X103.12 Y64.026 E.00854
G1 X103.31 Y64.175 E.00629
G1 X103.594 Y64.243 E.00761
G1 X110.006 Y64.243 E.16707
G1 X110.29 Y64.126 E.008
G1 X110.491 Y63.888 E.00812
G1 X110.553 Y63.616 E.00727
G1 X110.553 Y61.643 E.05141
G1 X139.447 Y61.643 E.75285
G1 X139.447 Y63.736 E.05453
G1 X139.6 Y64.026 E.00854
G1 X139.79 Y64.175 E.00629
M73 P56 R24
G1 X140.074 Y64.243 E.00761
G1 F2680.043
G1 X146.486 Y64.243 E.16707
G1 F2448.173
G1 X146.77 Y64.126 E.008
G1 F2435.005
G1 X146.971 Y63.888 E.00812
G1 F2427.429
G1 X147.033 Y63.616 E.00727
G1 X147.033 Y61.643 E.05141
G1 F2700
G1 X177.573 Y61.643 E.79574
G1 X178.765 Y62.217 E.03447
G1 X179.077 Y63.109 E.02462
G1 X179.077 Y101.207 E.99267
G1 X177.104 Y101.207 E.05141
G1 X176.882 Y101.248 E.00588
G1 X176.696 Y101.358 E.00563
G1 X176.54 Y101.56 E.00665
G1 X176.477 Y101.834 E.00733
G1 X176.477 Y108.166 E.16498
G1 X176.54 Y108.44 E.00733
G1 X176.696 Y108.642 E.00665
G1 X176.882 Y108.752 E.00563
G1 X177.104 Y108.793 E.00588
G1 X179.077 Y108.793 E.05141
G1 X179.077 Y146.853 E.99168
G1 X178.503 Y148.045 E.03447
G1 X177.611 Y148.357 E.02462
G1 X147.033 Y148.357 E.79673
G1 X147.033 Y146.384 E.05141
G1 X146.985 Y146.143 E.0064
G1 X146.874 Y146.001 E.0047
M204 S1000
G1 X146.547 Y146.248 F10800
M204 S800
;TYPE:External perimeter
G1 F1500
G1 X146.531 Y146.217 E.00091
G1 X146.406 Y146.175 E.00344
G1 X140.074 Y146.175 E.16498
G1 X139.949 Y146.217 E.00344
G1 X139.865 Y146.384 E.00487
G1 X139.865 Y148.775 E.0623
G1 X110.135 Y148.775 E.77464
G1 X110.135 Y146.384 E.0623
G1 X110.051 Y146.217 E.00487
G1 X109.926 Y146.175 E.00344
G1 X103.594 Y146.175 E.16498
G1 X103.469 Y146.217 E.00344
G1 X103.385 Y146.384 E.00487
G1 X103.385 Y148.775 E.0623
G1 X72.331 Y148.775 E.80913
G1 X70.898 Y148.085 E.04144
G1 X70.505 Y146.962 E.031
G1 X70.505 Y108.375 E1.00541
G1 X72.896 Y108.375 E.0623
G1 X73.04 Y108.318 E.00404
G1 X73.105 Y108.166 E.00431
G1 X73.105 Y101.834 E.16498
G1 X73.04 Y101.682 E.00431
G1 X72.896 Y101.625 E.00404
G1 X70.505 Y101.625 E.0623
G1 X70.505 Y63.051 E1.00507
G1 X71.195 Y61.618 E.04144
G1 X72.318 Y61.225 E.031
G1 X103.385 Y61.225 E.80947
G1 X103.385 Y63.616 E.0623
G1 X103.449 Y63.767 E.00427
G1 X103.594 Y63.825 E.00407
G1 X109.926 Y63.825 E.16498
G1 X110.071 Y63.767 E.00407
G1 X110.135 Y63.616 E.00427
G1 X110.135 Y61.225 E.0623
G1 X139.865 Y61.225 E.77464
G1 X139.865 Y63.616 E.0623
G1 X139.929 Y63.767 E.00427
G1 X140.074 Y63.825 E.00407
G1 X140.748 Y63.825 E.01756
G1 X145.732 Y63.825 E.12986
G1 X146.406 Y63.825 E.01756
G1 X146.551 Y63.767 E.00407
G1 X146.615 Y63.616 E.00427
G1 X146.615 Y61.225 E.0623
G1 X147.29 Y61.225 E.01759
G1 X177.669 Y61.225 E.79155
G1 X179.102 Y61.915 E.04144
G1 X179.495 Y63.038 E.031
G1 X179.495 Y101.625 E1.00541
G1 X177.104 Y101.625 E.0623
G1 X176.968 Y101.675 E.00378
G1 X176.895 Y101.834 E.00456
G1 X176.895 Y108.166 E.16498
G1 X176.968 Y108.325 E.00456
G1 X177.104 Y108.375 E.00378
G1 X179.495 Y108.375 E.0623
G1 X179.495 Y146.949 E1.00507
G1 X178.805 Y148.382 E.04144
G1 X177.682 Y148.775 E.031
G1 X146.615 Y148.775 E.80947
G1 X146.615 Y146.384 E.0623
G1 X146.574 Y146.301 E.00241
M204 S1000
;WIPE_START
G1 F8640
G1 X146.547 Y146.248 E-.01373
G1 X146.531 Y146.217 E-.00806
G1 X146.406 Y146.175 E-.03045
G1 X143.168 Y146.175 E-.74776
;WIPE_END
G1 Z2.55 F720
G1 X147.009 Y145.329 F10800
G1 Z2.15 F720
G1 E.8 F2100
;TYPE:Internal infill
;WIDTH:0.45
G1 F4800
G1 X146.734 Y145.408 E.00746
G1 X147.01 Y145.609 E.0089
G1 X147.314 Y146 E.0129
G1 X147.388 Y146.414 E.01096
G1 X148.343 Y146.414 E.02488
G1 X149.208 Y145.724 E.02883
G1 X149.656 Y145.464 E.0135
G1 X150.261 Y145.298 E.01635
G1 X151.001 Y145.302 E.01928
G1 X151.449 Y145.486 E.01262
G1 X151.897 Y145.867 E.01532
G1 X152.754 Y146.414 E.02649
G1 X155.516 Y146.414 E.07197
G1 X156.38 Y145.724 E.02881
G1 X156.828 Y145.464 E.0135
G1 X157.434 Y145.298 E.01637
G1 X158.173 Y145.302 E.01926
G1 X158.622 Y145.486 E.01264
G1 X159.07 Y145.867 E.01532
G1 X159.926 Y146.414 E.02647
G1 X162.689 Y146.413 E.07199
G1 X163.553 Y145.724 E.02879
G1 X164.001 Y145.464 E.0135
G1 X164.606 Y145.298 E.01635
G1 X165.346 Y145.302 E.01928
G1 X165.794 Y145.486 E.01262
G1 X166.243 Y145.867 E.01534
G1 X167.098 Y146.413 E.02643
G1 X169.862 Y146.413 E.07202
G1 X170.892 Y145.627 E.03376
G1 X170.957 Y145.716 E.00287
G1 X173.238 Y145.716 E.05943
G1 X174.27 Y146.413 E.03245
G1 X176.77 Y146.412 E.06514
;WIPE_START
G1 F8640
G1 X174.27 Y146.413 E-.57726
G1 X173.47 Y145.873 E-.22274
;WIPE_END
G1 Z2.55 F720
G1 X174.534 Y145.626 F10800
G1 Z2.15 F720
G1 E.8 F2100
G1 F4800
G1 X174.952 Y145.384 E.01258
G1 X175.23 Y145.058 E.01116
G1 X175.386 Y144.705 E.01006
G1 X175.436 Y143.507 E.03124
G1 X176.105 Y143.175 E.01946
G1 X177.133 Y142.169 E.03748
G1 X177.133 Y139.315 E.07436
G1 X176.553 Y139.827 E.02016
G1 X176.105 Y140.01 E.01261
G1 X175.436 Y140.023 E.01743
G1 X175.436 Y136.334 E.09612
G1 X176.105 Y136.003 E.01945
G1 X177.133 Y134.996 E.0375
G1 X177.133 Y132.142 E.07436
G1 X176.553 Y132.654 E.02016
G1 X176.105 Y132.837 E.01261
G1 X175.436 Y132.851 E.01744
G1 X175.436 Y129.162 E.09612
G1 X176.105 Y128.83 E.01946
G1 X177.133 Y127.823 E.0375
G1 X177.134 Y124.969 E.07436
G1 X176.553 Y125.482 E.02019
G1 X176.105 Y125.665 E.01261
G1 X175.436 Y125.678 E.01743
G1 X175.436 Y121.989 E.09612
G1 X176.105 Y121.657 E.01946
G1 X177.134 Y120.65 E.03751
G1 X177.134 Y117.796 E.07436
G1 X176.553 Y118.309 E.02019
G1 X176.105 Y118.492 E.01261
G1 X175.436 Y118.506 E.01744
G1 X175.436 Y114.816 E.09615
G1 X176.105 Y114.485 E.01945
G1 X177.134 Y113.477 E.03753
G1 X177.134 Y110.623 E.07436
G1 X176.553 Y111.136 E.02019
G1 X176.105 Y111.32 E.01262
G1 X175.436 Y111.333 E.01743
G1 X175.436 Y108.833 E.06514
;WIPE_START
G1 F8640
G1 X175.436 Y111.333 E-.57726
G1 X176.105 Y111.32 E-.1545
G1 X176.378 Y111.208 E-.06824
;WIPE_END
G1 Z2.55 F720
G1 X176.122 Y107.486 F10800
G1 Z2.15 F720
G1 E.8 F2100
;TYPE:Solid infill
;WIDTH:0.45003
G1 F4800
G1 X176.122 Y108.163 E.01764
;WIDTH:0.453144
G1 X176.222 Y108.6 E.01177
G1 X176.496 Y108.933 E.01132
;WIDTH:0.45003
G1 X176.785 Y109.092 E.0086
G1 X177.042 Y109.145 E.00684
G1 X178.722 Y109.148 E.04378
G1 X178.722 Y146.772 E.98039
G1 X178.247 Y147.758 E.02852
G1 X177.55 Y148.002 E.01924
G1 X147.388 Y148.002 E.78595
G1 X147.388 Y146.832 E.03049
G1 X177.284 Y146.83 E.77902
G1 X177.489 Y146.666 E.00684
G1 X177.55 Y146.519 E.00415
G1 X177.552 Y109.355 E.96841
G1 X177.491 Y109.293 E.00227
;WIPE_START
G1 F8640
G1 X177.552 Y109.355 E-.02008
G1 X177.552 Y112.733 E-.77992
;WIPE_END
G1 Z2.55 F720
G1 X177.764 Y147.491 F10800
G1 Z2.15 F720
G1 E.8 F2100
;WIDTH:0.452825
G1 F4800
G1 X177.945 Y147.42 E.0051
G1 X178.077 Y147.178 E.00723
;WIDTH:0.424338
G1 X178.209 Y146.937 E.00672
;WIDTH:0.409189
G1 X178.325 Y146.632 E.00767
G1 X178.325 Y109.732 E.86754
;WIDTH:0.408288
G1 X178.325 Y109.544 E.00441
G1 X177.949 Y109.543 E.00882
;WIDTH:0.409189
G1 X177.948 Y146.519 E.86933
G1 X177.882 Y146.779 E.00631
;WIDTH:0.424338
G1 X177.768 Y146.936 E.00474
;WIDTH:0.452825
G1 X177.654 Y147.092 E.00507
G1 X177.329 Y147.228 E.00924
;WIDTH:0.409186
G1 X147.973 Y147.229 E.69017
;WIDTH:0.408292
G1 X147.785 Y147.229 E.00441
G1 X147.785 Y147.605 E.00882
;WIDTH:0.409186
G1 X177.239 Y147.605 E.69248
;WIDTH:0.421949
G1 X177.57 Y147.568 E.0081
;WIPE_START
G1 F8640
G1 X177.239 Y147.605 E-.0769
G1 X174.107 Y147.605 E-.7231
;WIPE_END
G1 Z2.55 F720
G1 X139.397 Y145.3 F10800
G1 Z2.15 F720
G1 E.8 F2100
;TYPE:Internal infill
;WIDTH:0.45
G1 F4800
G1 X139.755 Y145.383 E.00958
G1 X139.474 Y145.603 E.0093
G1 X139.166 Y146 E.01309
G1 X139.092 Y146.414 E.01096
G1 X138.249 Y146.414 E.02197
G1 X137.104 Y145.486 E.0384
G1 X136.607 Y145.298 E.01385
G1 X135.759 Y145.318 E.0221
G1 X135.311 Y145.464 E.01228
G1 X134.862 Y145.724 E.01352
G1 X134.131 Y146.414 E.02619
G1 X131.077 Y146.414 E.07957
G1 X129.931 Y145.486 E.03842
G1 X129.435 Y145.298 E.01382
G1 X128.586 Y145.318 E.02213
G1 X128.138 Y145.464 E.01228
G1 X127.69 Y145.724 E.0135
G1 X126.959 Y146.414 E.02619
G1 X123.904 Y146.414 E.0796
G1 X122.759 Y145.486 E.0384
G1 X122.262 Y145.298 E.01385
G1 X121.414 Y145.318 E.0221
G1 X120.965 Y145.464 E.0123
G1 X120.517 Y145.724 E.0135
G1 X119.786 Y146.414 E.02619
G1 X116.731 Y146.414 E.0796
G1 X115.586 Y145.486 E.0384
G1 X115.09 Y145.298 E.01382
G1 X114.241 Y145.318 E.02213
G1 X113.793 Y145.464 E.01228
G1 X113.345 Y145.724 E.0135
G1 X112.614 Y146.414 E.02619
G1 X110.908 Y146.414 E.04445
G1 X110.834 Y146 E.01096
G1 X110.605 Y145.706 E.00971
;WIPE_START
G1 F8640
G1 X110.834 Y146 E-.08605
G1 X110.908 Y146.414 E-.09711
G1 X112.614 Y146.414 E-.39392
G1 X113.316 Y145.751 E-.22292
;WIPE_END
G1 Z2.55 F720
G1 X100.046 Y146.414 F10800
G1 Z2.15 F720
M73 Q57 S24
G1 E.8 F2100
G1 F4800
G1 X102.546 Y146.414 E.06514
G1 X101.689 Y145.867 E.02649
G1 X101.241 Y145.486 E.01532
G1 X100.744 Y145.298 E.01385
G1 X99.896 Y145.318 E.0221
G1 X99.448 Y145.464 E.01228
G1 X98.999 Y145.724 E.01352
G1 X98.135 Y146.414 E.02881
G1 X95.373 Y146.414 E.07197
G1 X94.516 Y145.867 E.02649
G1 X94.068 Y145.486 E.01532
G1 X93.571 Y145.298 E.01385
G1 X92.723 Y145.318 E.0221
G1 X92.275 Y145.464 E.01228
G1 X91.827 Y145.724 E.0135
G1 X90.963 Y146.414 E.02881
G1 X88.199 Y146.413 E.07202
G1 X87.344 Y145.867 E.02643
G1 X86.896 Y145.486 E.01532
G1 X86.399 Y145.298 E.01385
G1 X85.551 Y145.318 E.0221
G1 X85.102 Y145.464 E.0123
G1 X84.654 Y145.724 E.0135
G1 X83.791 Y146.413 E.02877
G1 X81.026 Y146.413 E.07204
G1 X80.171 Y145.867 E.02643
G1 X79.723 Y145.486 E.01532
G1 X79.226 Y145.298 E.01385
G1 X79.079 Y145.298 E.00383
G1 X79.38 Y145.716 E.01342
G1 X77.918 Y145.716 E.03809
G1 X77.588 Y145.662 E.00871
G1 X76.619 Y146.413 E.03194
G1 X73.853 Y146.413 E.07207
G1 X72.868 Y145.755 E.03086
M73 P57 R24
G1 X72.867 Y142.901 E.07436
G1 X73.447 Y143.413 E.02016
G1 X73.895 Y143.596 E.01261
G1 X74.343 Y143.637 E.01172
G1 X74.792 Y143.581 E.01179
G1 X75.24 Y143.435 E.01228
G1 X75.688 Y143.175 E.0135
G1 X76.564 Y142.301 E.03224
G1 X76.564 Y139.463 E.07395
G1 X76.137 Y139.827 E.01462
G1 X75.688 Y140.01 E.01263
G1 X75.24 Y140.051 E.01172
G1 X74.792 Y139.995 E.01176
G1 X74.343 Y139.848 E.01231
G1 X73.895 Y139.589 E.01348
G1 X72.867 Y138.582 E.0375
G1 X72.867 Y135.728 E.07436
G1 X73.447 Y136.241 E.02018
G1 X73.895 Y136.424 E.01261
G1 X74.343 Y136.465 E.01172
G1 X74.792 Y136.409 E.01179
G1 X75.24 Y136.262 E.01229
G1 X75.688 Y136.003 E.01348
G1 X76.564 Y135.129 E.03224
G1 X76.564 Y132.291 E.07395
G1 X76.137 Y132.654 E.0146
G1 X75.688 Y132.837 E.01263
G1 X75.24 Y132.878 E.01172
G1 X74.792 Y132.822 E.01176
G1 X74.343 Y132.676 E.0123
G1 X73.895 Y132.416 E.0135
G1 X72.867 Y131.41 E.03748
G1 X72.867 Y128.555 E.07439
G1 X73.447 Y129.068 E.02018
G1 X73.895 Y129.251 E.01261
G1 X74.343 Y129.292 E.01172
G1 X74.792 Y129.236 E.01179
G1 X75.24 Y129.089 E.01229
G1 X75.688 Y128.83 E.01348
G1 X76.564 Y127.956 E.03224
G1 X76.564 Y125.118 E.07395
G1 X76.137 Y125.482 E.01462
G1 X75.688 Y125.665 E.01263
G1 X75.24 Y125.706 E.01172
G1 X74.792 Y125.65 E.01176
G1 X74.343 Y125.503 E.01231
G1 X73.895 Y125.244 E.01348
G1 X72.866 Y124.237 E.03751
G1 X72.866 Y121.382 E.07439
G1 X73.447 Y121.895 E.02019
G1 X73.895 Y122.079 E.01262
G1 X74.343 Y122.12 E.01172
G1 X74.792 Y122.063 E.01179
G1 X75.24 Y121.917 E.01228
G1 X75.688 Y121.657 E.0135
G1 X76.564 Y120.783 E.03224
G1 X76.564 Y117.945 E.07395
G1 X76.137 Y118.309 E.01462
G1 X75.688 Y118.492 E.01263
G1 X75.24 Y118.533 E.01172
G1 X74.792 Y118.477 E.01176
G1 X74.343 Y118.33 E.01231
G1 X73.895 Y118.071 E.01348
G1 X72.866 Y117.064 E.03751
G1 X72.866 Y114.209 E.07439
G1 X73.447 Y114.723 E.02021
G1 X73.895 Y114.906 E.01261
G1 X74.343 Y114.947 E.01172
G1 X74.792 Y114.891 E.01179
G1 X75.24 Y114.744 E.01229
G1 X75.688 Y114.485 E.01348
G1 X76.564 Y113.611 E.03224
G1 X76.564 Y110.773 E.07395
G1 X76.137 Y111.136 E.0146
G1 X75.688 Y111.32 E.01264
G1 X75.24 Y111.361 E.01172
G1 X74.792 Y111.304 E.01177
G1 X74.343 Y111.158 E.0123
G1 X73.895 Y110.898 E.0135
G1 X72.866 Y109.891 E.03751
G1 X72.866 Y109.566 E.00847
G1 X73.331 Y109.501 E.01223
G1 X73.609 Y109.375 E.00795
G1 X73.865 Y109.182 E.00835
G1 X74.089 Y108.908 E.00922
G1 X74.245 Y108.559 E.00996
G1 X74.296 Y107.77 E.0206
G1 X74.792 Y107.718 E.01299
G1 X75.24 Y107.571 E.01229
G1 X75.688 Y107.312 E.01348
G1 X76.564 Y106.438 E.03224
G1 X76.564 Y103.6 E.07395
G1 X76.137 Y103.964 E.01462
G1 X75.688 Y104.147 E.01263
G1 X75.24 Y104.188 E.01172
G1 X74.792 Y104.132 E.01176
G1 X74.296 Y103.958 E.0137
G1 X74.296 Y106.458 E.06514
;WIPE_START
G1 F8640
G1 X74.296 Y103.958 E-.57726
G1 X74.792 Y104.132 E-.12137
G1 X75.228 Y104.186 E-.10137
;WIPE_END
G1 Z2.55 F720
G1 X72.866 Y97.364 F10800
G1 Z2.15 F720
G1 E.8 F2100
G1 F4800
G1 X72.866 Y99.864 E.06514
G1 X73.447 Y100.378 E.02021
G1 X73.895 Y100.561 E.01261
G1 X74.343 Y100.602 E.01172
G1 X74.792 Y100.545 E.01179
G1 X75.24 Y100.399 E.01228
G1 X75.688 Y100.14 E.01348
G1 X76.564 Y99.265 E.03226
G1 X76.564 Y96.428 E.07392
G1 X76.137 Y96.791 E.0146
G1 X75.688 Y96.974 E.01263
G1 X75.24 Y97.015 E.01172
G1 X74.792 Y96.959 E.01176
G1 X74.343 Y96.813 E.0123
G1 X73.895 Y96.553 E.0135
G1 X72.866 Y95.546 E.03751
G1 X72.866 Y92.691 E.07439
G1 X73.447 Y93.205 E.02021
G1 X73.895 Y93.388 E.01261
G1 X74.343 Y93.429 E.01172
G1 X74.792 Y93.373 E.01179
G1 X75.24 Y93.226 E.01229
G1 X75.688 Y92.967 E.01348
G1 X76.564 Y92.093 E.03224
G1 X76.564 Y89.255 E.07395
G1 X76.137 Y89.619 E.01462
G1 X75.688 Y89.802 E.01263
G1 X75.24 Y89.843 E.01172
G1 X74.792 Y89.787 E.01176
G1 X74.343 Y89.64 E.01231
G1 X73.895 Y89.381 E.01348
G1 X72.866 Y88.373 E.03753
G1 X72.866 Y85.519 E.07436
G1 X73.447 Y86.032 E.02019
G1 X73.895 Y86.215 E.01261
G1 X74.343 Y86.257 E.01172
G1 X74.792 Y86.2 E.01179
G1 X75.24 Y86.054 E.01228
G1 X75.688 Y85.794 E.0135
G1 X76.564 Y84.92 E.03224
G1 X76.589 Y83.407 E.03943
G1 X76.793 Y82.913 E.01393
G1 X77.103 Y82.594 E.01159
;WIPE_START
G1 F8640
G1 X76.793 Y82.913 E-.10271
G1 X76.589 Y83.407 E-.12341
G1 X76.564 Y84.92 E-.3494
G1 X75.876 Y85.607 E-.22448
;WIPE_END
G1 Z2.55 F720
G1 X102.612 Y61.998 F10800
G1 Z2.15 F720
G1 E.8 F2100
;TYPE:Solid infill
;WIDTH:0.449999
G1 F4800
G1 X102.612 Y62.583 E.01524
;WIDTH:0.453196
G1 X102.61 Y63.34 E.01988
M73 P57 R23
G1 X102.403 Y63.168 E.00707
;WIDTH:0.449999
G1 X72.716 Y63.17 E.77352
G1 X72.511 Y63.334 E.00684
G1 X72.45 Y63.481 E.00415
G1 X72.448 Y100.643 E.96828
;WIDTH:0.450922
G1 X72.637 Y100.852 E.00736
G1 X72.239 Y100.852 E.01039
;WIDTH:0.449999
G1 X71.278 Y100.852 E.02504
G1 X71.278 Y63.228 E.98032
G1 X71.753 Y62.242 E.02852
G1 X72.45 Y61.998 E.01924
G1 X102.403 Y61.998 E.78045
G1 X102.215 Y62.395 E.01145
;WIDTH:0.408292
G1 X102.215 Y62.771 E.00882
G1 X102.027 Y62.771 E.00441
;WIDTH:0.409187
G1 X72.671 Y62.772 E.69018
;WIDTH:0.452817
G1 X72.346 Y62.908 E.00924
G1 X72.232 Y63.064 E.00507
;WIDTH:0.424332
G1 X72.118 Y63.221 E.00474
;WIDTH:0.409188
G1 X72.052 Y63.481 E.00631
G1 X72.051 Y100.455 E.86928
;WIDTH:0.408287
G1 X71.675 Y100.455 E.00882
G1 X71.675 Y100.267 E.00441
;WIDTH:0.409188
G1 X71.675 Y63.368 E.86752
G1 X71.791 Y63.063 E.00767
;WIDTH:0.424332
G1 X71.923 Y62.822 E.00672
;WIDTH:0.452817
G1 X72.055 Y62.58 E.00723
G1 X72.43 Y62.432 E.01058
;WIDTH:0.421946
G1 X72.761 Y62.395 E.0081
;WIDTH:0.409187
G1 X102.006 Y62.395 E.68757
;WIPE_START
G1 F8640
G1 X98.541 Y62.395 E-.8
;WIPE_END
G1 Z2.55 F720
G1 X102.61 Y63.34 F10800
G1 Z2.15 F720
G1 E.8 F2100
;WIDTH:0.469436
G1 F4800
G1 X102.655 Y63.868 E.01445
G1 X102.733 Y64.08 E.00616
;WIDTH:0.45073
G1 X103.006 Y64.387 E.01072
;WIDTH:0.432458
G1 X103.381 Y64.564 E.01035
;WIDTH:0.450032
G1 X103.532 Y64.595 E.00402
G1 X109.922 Y64.598 E.16651
;WIDTH:0.451852
G1 X110.374 Y64.49 E.01216
;WIDTH:0.451996
G1 X110.741 Y64.164 E.01285
G1 X110.878 Y63.837 E.00928
;WIDTH:0.450502
G1 X110.908 Y63.363 E.01239
;WIPE_START
G1 F8640
G1 X110.878 Y63.837 E-.10967
G1 X110.741 Y64.164 E-.08186
G1 X110.374 Y64.49 E-.11335
G1 X109.922 Y64.598 E-.10731
G1 X108.242 Y64.597 E-.38781
;WIPE_END
G1 Z2.55 F720
G1 X138.883 Y61.998 F10800
G1 Z2.15 F720
G1 E.8 F2100
;WIDTH:0.449999
G1 F4800
G1 X110.908 Y61.998 E.72891
G1 X110.908 Y62.959 E.02504
;WIDTH:0.450502
G1 X110.908 Y63.363 E.01054
G1 X111.117 Y63.168 E.00746
;WIDTH:0.449999
G1 X138.883 Y63.168 E.72346
;WIDTH:0.453196
G1 X139.09 Y63.34 E.00707
G1 X139.092 Y62.583 E.01988
;WIDTH:0.449999
G1 X139.092 Y61.998 E.01524
G1 X138.695 Y62.395 E.01463
;WIDTH:0.408271
G1 X138.695 Y62.771 E.00882
G1 X111.305 Y62.771 E.64239
G1 X111.305 Y62.395 E.00882
G1 X138.486 Y62.395 E.63749
;WIPE_START
G1 F8640
M73 Q57 S23
G1 X135.021 Y62.395 E-.8
;WIPE_END
G1 Z2.55 F720
G1 X139.09 Y63.34 F10800
G1 Z2.15 F720
G1 E.8 F2100
;WIDTH:0.453196
G1 F4800
G1 X139.124 Y63.861 E.01371
;WIDTH:0.451296
G1 X139.297 Y64.208 E.01013
G1 X139.629 Y64.48 E.01122
;WIDTH:0.450026
G1 X140.064 Y64.598 E.01174
G1 X146.401 Y64.598 E.16513
G1 X146.742 Y64.536 E.00903
;WIDTH:0.451866
G1 X147.016 Y64.38 E.00825
G1 X147.298 Y64.023 E.01191
;WIDTH:0.450024
G1 X147.38 Y63.612 E.01092
;WIDTH:0.450484
G1 X147.388 Y63.363 E.0065
;WIPE_START
G1 F8640
G1 X147.38 Y63.612 E-.05752
G1 X147.298 Y64.023 E-.09677
G1 X147.016 Y64.38 E-.10505
G1 X146.742 Y64.536 E-.0728
G1 X146.401 Y64.598 E-.08003
G1 X144.721 Y64.598 E-.38783
;WIPE_END
G1 Z2.55 F720
G1 X147.388 Y62.207 F10800
G1 Z2.15 F720
G1 E.8 F2100
;WIDTH:0.449999
G1 F4800
G1 X147.388 Y62.959 E.01959
;WIDTH:0.450484
G1 X147.388 Y63.363 E.01054
G1 X147.597 Y63.168 E.00746
;WIDTH:0.449999
G1 X177.239 Y63.17 E.77234
G1 X177.386 Y63.231 E.00415
G1 X177.55 Y63.436 E.00684
G1 X177.552 Y100.643 E.96946
G1 X177.343 Y100.852 E.0077
G1 X178.722 Y100.852 E.03593
G1 X178.722 Y63.169 E.98186
G1 X178.478 Y62.473 E.01922
G1 X177.492 Y61.998 E.02852
G1 X147.388 Y61.998 E.78438
G1 X147.785 Y62.395 E.01463
;WIDTH:0.408293
G1 X147.973 Y62.395 E.00441
;WIDTH:0.409185
G1 X177.352 Y62.395 E.69071
G1 X177.656 Y62.511 E.00765
;WIDTH:0.424374
G1 X177.898 Y62.643 E.00674
;WIDTH:0.452878
G1 X178.14 Y62.775 E.00723
G1 X178.288 Y63.151 E.0106
;WIDTH:0.421985
G1 X178.325 Y63.481 E.00807
;WIDTH:0.409187
G1 X178.325 Y100.455 E.86928
;WIDTH:0.408289
G1 X177.949 Y100.455 E.00882
G1 X177.949 Y100.267 E.00441
;WIDTH:0.409187
G1 X177.948 Y63.352 E.86789
;WIDTH:0.452878
G1 X177.813 Y63.066 E.0083
G1 X177.656 Y62.952 E.00509
;WIDTH:0.424374
G1 X177.499 Y62.838 E.00475
;WIDTH:0.409185
G1 X177.239 Y62.772 E.00631
G1 X147.785 Y62.771 E.69248
;WIDTH:0.408293
G1 X147.785 Y62.604 E.00392
;WIPE_START
G1 F8640
G1 X147.785 Y62.771 E-.03856
G1 X151.083 Y62.771 E-.76144
;WIPE_END
G1 Z2.55 F720
G1 X177.343 Y100.852 F10800
G1 Z2.15 F720
G1 E.8 F2100
;WIDTH:0.45003
G1 F4800
G1 X176.792 Y100.907 E.01443
G1 X176.437 Y101.119 E.01077
G1 X176.207 Y101.449 E.01048
G1 X176.122 Y101.841 E.01045
G1 X176.122 Y104.378 E.06611
;WIPE_START
G1 F8640
G1 X176.122 Y101.841 E-.5858
G1 X176.207 Y101.449 E-.09262
G1 X176.437 Y101.119 E-.09288
G1 X176.544 Y101.055 E-.0287
;WIPE_END
G1 Z2.55 F720
G1 X72.637 Y100.852 F10800
G1 Z2.15 F720
G1 E.8 F2100
;WIDTH:0.450922
G1 F4800
G1 X73.18 Y100.899 E.01423
;WIDTH:0.45003
G1 X73.373 Y100.977 E.00542
;WIDTH:0.451398
G1 X73.697 Y101.274 E.01149
G1 X73.828 Y101.531 E.00754
;WIDTH:0.45003
G1 X73.878 Y101.838 E.00811
G1 X73.878 Y108.162 E.16479
G1 X73.844 Y108.413 E.0066
G1 X73.742 Y108.661 E.00699
G1 X73.553 Y108.894 E.00782
G1 X73.18 Y109.101 E.01112
;WIDTH:0.453194
G1 X72.62 Y109.15 E.01476
G1 X72.412 Y109.149 E.00546
;WIDTH:0.452313
G1 X71.863 Y109.148 E.01438
;WIDTH:0.449999
G1 X71.278 Y109.148 E.01524
G1 X71.278 Y146.83 E.98183
G1 X71.522 Y147.527 E.01924
G1 X72.508 Y148.002 E.02852
G1 X102.612 Y148.002 E.78438
G1 X102.612 Y146.832 E.03049
G1 X72.761 Y146.83 E.77779
G1 X72.614 Y146.769 E.00415
G1 X72.45 Y146.564 E.00684
G1 X72.448 Y109.357 E.96946
;WIDTH:0.453194
G1 X72.62 Y109.15 E.00707
;WIDTH:0.449999
G1 X72.051 Y109.545 E.01805
;WIDTH:0.40829
G1 X72.051 Y109.733 E.00441
;WIDTH:0.409188
G1 X72.052 Y146.609 E.86698
;WIDTH:0.45282
G1 X72.188 Y146.934 E.00924
G1 X72.344 Y147.048 E.00507
;WIDTH:0.424334
G1 X72.501 Y147.162 E.00474
;WIDTH:0.409188
G1 X72.761 Y147.228 E.00631
G1 X102.215 Y147.229 E.69248
;WIDTH:0.408293
G1 X102.215 Y147.605 E.00882
G1 X102.027 Y147.605 E.00441
;WIDTH:0.409188
G1 X72.648 Y147.605 E.69072
G1 X72.343 Y147.489 E.00767
;WIDTH:0.424334
G1 X72.102 Y147.357 E.00672
;WIDTH:0.45282
G1 X71.86 Y147.225 E.00723
G1 X71.712 Y146.85 E.01058
;WIDTH:0.421947
G1 X71.675 Y146.519 E.0081
;WIDTH:0.409188
G1 X71.675 Y109.545 E.86928
;WIDTH:0.40829
G1 X71.842 Y109.545 E.00392
;WIPE_START
G1 F8640
G1 X71.675 Y109.545 E-.03856
G1 X71.675 Y112.843 E-.76144
;WIPE_END
G1 Z2.55 F720
G1 X78.564 Y145.298 F10800
G1 Z2.15 F720
G1 E.8 F2100
;WIDTH:0.450028
G1 F4800
G1 X77.969 Y145.298 E.0155
G1 X77.624 Y145.234 E.00914
G1 X77.364 Y145.091 E.00773
G1 X77.176 Y144.899 E.007
;WIDTH:0.451164
G1 X77.053 Y144.672 E.00675
G1 X76.982 Y144.313 E.00956
;WIDTH:0.450032
G1 X76.982 Y83.687 E1.57978
;WIDTH:0.462192
G1 X77.065 Y83.309 E.01038
;WIDTH:0.472264
G1 X77.272 Y83.004 E.01012
G1 X77.551 Y82.799 E.0095
;WIDTH:0.451334
G1 X77.967 Y82.702 E.01117
;WIDTH:0.450026
G1 X174.031 Y82.702 E2.50318
G1 X174.376 Y82.764 E.00913
;WIDTH:0.451712
G1 X174.574 Y82.868 E.00585
G1 X174.882 Y83.19 E.01166
;WIDTH:0.450028
G1 X174.984 Y83.438 E.00699
G1 X175.018 Y83.688 E.00657
G1 X175.018 Y103.582 E.51839
G1 X175.436 Y102.971 F10800
;TYPE:Internal infill
;WIDTH:0.45
G1 F4800
G1 X175.436 Y100.471 E.06514
G1 X176.105 Y100.14 E.01945
G1 X177.134 Y99.132 E.03753
G1 X177.134 Y96.278 E.07436
G1 X176.553 Y96.791 E.02019
G1 X176.105 Y96.974 E.01261
G1 X175.436 Y96.988 E.01744
G1 X175.436 Y93.298 E.09615
G1 X176.105 Y92.967 E.01945
G1 X177.134 Y91.96 E.03751
G1 X177.134 Y89.105 E.07439
G1 X176.553 Y89.619 E.02021
G1 X176.105 Y89.802 E.01261
G1 X175.436 Y89.815 E.01743
G1 X175.436 Y86.126 E.09612
G1 X176.105 Y85.794 E.01946
G1 X177.134 Y84.787 E.03751
G1 X177.133 Y81.933 E.07436
G1 X176.553 Y82.446 E.02018
G1 X176.105 Y82.629 E.01261
G1 X175.657 Y82.67 E.01172
G1 X175.208 Y82.614 E.01179
G1 X174.76 Y82.467 E.01229
G1 X174.312 Y82.208 E.01348
G1 X172.967 Y80.932 E.04831
G1 X172.519 Y80.749 E.01261
G1 X172.07 Y80.708 E.01175
G1 X171.622 Y80.764 E.01176
G1 X171.174 Y80.911 E.01229
G1 X170.725 Y81.17 E.01351
G1 X169.571 Y82.284 E.04179
G1 X167.271 Y82.284 E.05993
G1 X165.794 Y80.932 E.05217
G1 X165.346 Y80.749 E.01261
G1 X164.898 Y80.708 E.01172
G1 X164.449 Y80.764 E.01179
G1 X164.001 Y80.911 E.01229
G1 X163.553 Y81.17 E.01348
G1 X162.398 Y82.284 E.04181
G1 X160.098 Y82.284 E.05993
G1 X158.622 Y80.932 E.05215
G1 X158.173 Y80.749 E.01263
G1 X157.725 Y80.708 E.01172
G1 X157.277 Y80.764 E.01176
G1 X156.828 Y80.911 E.01231
G1 X156.38 Y81.17 E.01348
G1 X155.226 Y82.284 E.04179
G1 X152.926 Y82.284 E.05993
G1 X151.449 Y80.932 E.05217
G1 X151.001 Y80.749 E.01261
G1 X150.552 Y80.708 E.01175
G1 X150.104 Y80.764 E.01176
G1 X149.656 Y80.911 E.01229
G1 X149.208 Y81.17 E.01348
G1 X148.053 Y82.284 E.04181
G1 X145.753 Y82.284 E.05993
G1 X144.276 Y80.932 E.05217
G1 X143.828 Y80.749 E.01261
G1 X143.38 Y80.708 E.01172
G1 X142.932 Y80.764 E.01176
G1 X142.483 Y80.911 E.01231
G1 X142.035 Y81.17 E.01348
G1 X140.88 Y82.284 E.04181
G1 X138.58 Y82.284 E.05993
G1 X137.104 Y80.932 E.05215
G1 X136.656 Y80.749 E.01261
G1 X136.207 Y80.708 E.01175
G1 X135.759 Y80.764 E.01176
G1 X135.311 Y80.911 E.01229
G1 X134.862 Y81.17 E.01351
G1 X133.708 Y82.284 E.04179
G1 X131.408 Y82.284 E.05993
G1 X129.931 Y80.932 E.05217
G1 X129.483 Y80.749 E.01261
G1 X129.035 Y80.708 E.01172
G1 X128.586 Y80.764 E.01179
G1 X128.138 Y80.911 E.01229
G1 X127.69 Y81.17 E.01348
G1 X126.535 Y82.284 E.04181
G1 X124.235 Y82.284 E.05993
G1 X122.759 Y80.932 E.05215
G1 X122.31 Y80.749 E.01263
G1 X121.862 Y80.708 E.01172
G1 X121.414 Y80.764 E.01176
G1 X120.965 Y80.911 E.01231
G1 X120.517 Y81.17 E.01348
G1 X119.362 Y82.284 E.04181
G1 X117.063 Y82.284 E.0599
G1 X115.586 Y80.932 E.05217
G1 X115.138 Y80.749 E.01261
G1 X114.689 Y80.708 E.01175
G1 X114.241 Y80.764 E.01176
G1 X113.793 Y80.911 E.01229
G1 X113.345 Y81.17 E.01348
G1 X112.19 Y82.284 E.04181
G1 X109.89 Y82.284 E.05993
G1 X108.413 Y80.932 E.05217
G1 X107.965 Y80.749 E.01261
G1 X107.517 Y80.708 E.01172
G1 X107.069 Y80.764 E.01176
G1 X106.62 Y80.911 E.01231
G1 X106.172 Y81.17 E.01348
G1 X105.017 Y82.284 E.04181
G1 X102.717 Y82.284 E.05993
G1 X101.241 Y80.932 E.05215
G1 X100.792 Y80.749 E.01263
G1 X100.344 Y80.708 E.01172
G1 X99.896 Y80.764 E.01176
G1 X99.448 Y80.911 E.01229
G1 X98.999 Y81.17 E.01351
G1 X97.845 Y82.284 E.04179
G1 X95.545 Y82.284 E.05993
G1 X94.068 Y80.932 E.05217
G1 X93.62 Y80.749 E.01261
G1 X93.172 Y80.708 E.01172
G1 X92.723 Y80.764 E.01179
G1 X92.275 Y80.911 E.01229
G1 X91.827 Y81.17 E.01348
G1 X90.672 Y82.284 E.04181
G1 X88.372 Y82.284 E.05993
G1 X86.896 Y80.932 E.05215
G1 X86.447 Y80.749 E.01263
G1 X85.999 Y80.708 E.01172
G1 X85.551 Y80.764 E.01176
G1 X85.102 Y80.911 E.01231
G1 X84.654 Y81.17 E.01348
G1 X83.499 Y82.284 E.04181
G1 X81.2 Y82.284 E.0599
G1 X79.723 Y80.932 E.05217
G1 X79.275 Y80.749 E.01261
G1 X78.826 Y80.708 E.01175
G1 X78.378 Y80.764 E.01176
G1 X77.93 Y80.911 E.01229
G1 X77.481 Y81.17 E.01351
G1 X76.137 Y82.446 E.04829
G1 X75.688 Y82.629 E.01263
G1 X75.24 Y82.67 E.01172
G1 X74.792 Y82.614 E.01176
G1 X74.343 Y82.467 E.01231
G1 X73.895 Y82.208 E.01348
G1 X72.867 Y81.201 E.0375
G1 X72.867 Y78.347 E.07436
G1 X73.447 Y78.86 E.02018
M73 Q58 S23
G1 X73.895 Y79.043 E.01261
G1 X74.343 Y79.084 E.01172
G1 X74.792 Y79.028 E.01179
G1 X75.24 Y78.881 E.01229
G1 X75.688 Y78.622 E.01348
G1 X77.033 Y77.346 E.04831
G1 X77.481 Y77.163 E.01261
G1 X77.93 Y77.122 E.01175
G1 X78.378 Y77.178 E.01176
G1 X78.826 Y77.324 E.01228
G1 X79.275 Y77.584 E.01352
G1 X80.619 Y78.86 E.04829
G1 X81.068 Y79.043 E.01263
G1 X81.516 Y79.084 E.01172
G1 X81.964 Y79.028 E.01176
G1 X82.413 Y78.881 E.01231
G1 X82.861 Y78.622 E.01348
G1 X84.206 Y77.346 E.04831
G1 X84.654 Y77.163 E.01261
G1 X85.102 Y77.122 E.01172
G1 X85.551 Y77.178 E.01179
G1 X85.999 Y77.324 E.01228
G1 X86.447 Y77.584 E.0135
G1 X87.792 Y78.86 E.04831
G1 X88.24 Y79.043 E.01261
G1 X88.689 Y79.084 E.01175
G1 X89.137 Y79.028 E.01176
G1 X89.585 Y78.881 E.01229
G1 X90.034 Y78.622 E.01351
G1 X91.378 Y77.346 E.04829
G1 X91.827 Y77.163 E.01263
G1 X92.275 Y77.122 E.01172
G1 X92.723 Y77.178 E.01176
G1 X93.172 Y77.324 E.0123
G1 X93.62 Y77.584 E.0135
G1 X94.965 Y78.86 E.04831
G1 X95.413 Y79.043 E.01261
G1 X95.861 Y79.084 E.01172
G1 X96.31 Y79.028 E.01179
G1 X96.758 Y78.881 E.01229
G1 X97.206 Y78.622 E.01348
G1 X98.551 Y77.346 E.04831
G1 X98.999 Y77.163 E.01261
G1 X99.448 Y77.122 E.01175
G1 X99.896 Y77.178 E.01176
G1 X100.344 Y77.324 E.01228
G1 X100.792 Y77.584 E.0135
G1 X102.137 Y78.86 E.04831
G1 X102.586 Y79.043 E.01263
G1 X103.034 Y79.084 E.01172
G1 X103.482 Y79.028 E.01176
G1 X103.93 Y78.881 E.01229
G1 X104.379 Y78.622 E.01351
G1 X105.724 Y77.346 E.04831
G1 X106.172 Y77.163 E.01261
G1 X106.62 Y77.122 E.01172
G1 X107.069 Y77.178 E.01179
G1 X107.517 Y77.324 E.01228
G1 X107.965 Y77.584 E.0135
G1 X109.31 Y78.86 E.04831
G1 X109.758 Y79.043 E.01261
G1 X110.207 Y79.084 E.01175
G1 X110.655 Y79.028 E.01176
G1 X111.103 Y78.881 E.01229
G1 X111.551 Y78.622 E.01348
G1 X112.896 Y77.346 E.04831
G1 X113.345 Y77.163 E.01263
G1 X113.793 Y77.122 E.01172
G1 X114.241 Y77.178 E.01176
G1 X114.689 Y77.324 E.01228
G1 X115.138 Y77.584 E.01352
G1 X116.483 Y78.86 E.04831
G1 X116.931 Y79.043 E.01261
G1 X117.379 Y79.084 E.01172
G1 X117.827 Y79.028 E.01176
G1 X118.276 Y78.881 E.01231
G1 X118.724 Y78.622 E.01348
G1 X120.069 Y77.346 E.04831
G1 X120.517 Y77.163 E.01261
G1 X120.965 Y77.122 E.01172
G1 X121.414 Y77.178 E.01179
G1 X121.862 Y77.324 E.01228
G1 X122.31 Y77.584 E.0135
G1 X123.655 Y78.86 E.04831
G1 X124.103 Y79.043 E.01261
G1 X124.552 Y79.084 E.01175
G1 X125 Y79.028 E.01176
G1 X125.448 Y78.881 E.01229
G1 X125.897 Y78.622 E.01351
G1 X127.241 Y77.346 E.04829
G1 X127.69 Y77.163 E.01263
G1 X128.138 Y77.122 E.01172
G1 X128.586 Y77.178 E.01176
G1 X129.035 Y77.324 E.0123
G1 X129.483 Y77.584 E.0135
G1 X130.828 Y78.86 E.04831
G1 X131.276 Y79.043 E.01261
G1 X131.724 Y79.084 E.01172
G1 X132.173 Y79.028 E.01179
G1 X132.621 Y78.881 E.01229
G1 X133.069 Y78.622 E.01348
G1 X134.414 Y77.346 E.04831
G1 X134.862 Y77.163 E.01261
M73 P58 R23
G1 X135.311 Y77.122 E.01175
G1 X135.759 Y77.178 E.01176
G1 X136.207 Y77.324 E.01228
G1 X136.656 Y77.584 E.01352
G1 X138 Y78.86 E.04829
G1 X138.449 Y79.043 E.01263
G1 X138.897 Y79.084 E.01172
G1 X139.345 Y79.028 E.01176
G1 X139.794 Y78.881 E.01231
G1 X140.242 Y78.622 E.01348
G1 X141.587 Y77.346 E.04831
G1 X142.035 Y77.163 E.01261
G1 X142.483 Y77.122 E.01172
G1 X142.932 Y77.178 E.01179
G1 X143.38 Y77.324 E.01228
G1 X143.828 Y77.584 E.0135
G1 X145.173 Y78.86 E.04831
G1 X145.621 Y79.043 E.01261
G1 X146.07 Y79.084 E.01175
G1 X146.518 Y79.028 E.01176
G1 X146.966 Y78.881 E.01229
G1 X147.414 Y78.622 E.01348
G1 X148.759 Y77.346 E.04831
G1 X149.208 Y77.163 E.01263
G1 X149.656 Y77.122 E.01172
G1 X150.104 Y77.178 E.01176
G1 X150.552 Y77.324 E.01228
G1 X151.001 Y77.584 E.01352
G1 X152.346 Y78.86 E.04831
G1 X152.794 Y79.043 E.01261
G1 X153.242 Y79.084 E.01172
G1 X153.69 Y79.028 E.01176
G1 X154.139 Y78.881 E.01231
G1 X154.587 Y78.622 E.01348
G1 X155.932 Y77.346 E.04831
G1 X156.38 Y77.163 E.01261
G1 X156.828 Y77.122 E.01172
G1 X157.277 Y77.178 E.01179
G1 X157.725 Y77.324 E.01228
G1 X158.173 Y77.584 E.0135
G1 X159.518 Y78.86 E.04831
G1 X159.967 Y79.043 E.01263
G1 X160.415 Y79.084 E.01172
G1 X160.863 Y79.028 E.01176
G1 X161.311 Y78.881 E.01229
G1 X161.76 Y78.622 E.01351
G1 X163.105 Y77.346 E.04831
G1 X163.553 Y77.163 E.01261
G1 X164.001 Y77.122 E.01172
G1 X164.449 Y77.178 E.01176
G1 X164.898 Y77.324 E.0123
G1 X165.346 Y77.584 E.0135
G1 X166.691 Y78.86 E.04831
G1 X167.139 Y79.043 E.01261
G1 X167.587 Y79.084 E.01172
G1 X168.036 Y79.028 E.01179
G1 X168.484 Y78.881 E.01229
G1 X168.932 Y78.622 E.01348
G1 X170.277 Y77.346 E.04831
G1 X170.725 Y77.163 E.01261
G1 X171.174 Y77.122 E.01175
G1 X171.622 Y77.178 E.01176
G1 X172.07 Y77.324 E.01228
G1 X172.519 Y77.584 E.01352
G1 X173.863 Y78.86 E.04829
G1 X174.312 Y79.043 E.01263
G1 X174.76 Y79.084 E.01172
G1 X175.208 Y79.028 E.01176
G1 X175.657 Y78.881 E.01231
G1 X176.105 Y78.622 E.01348
G1 X177.133 Y77.615 E.0375
G1 X177.133 Y74.761 E.07436
G1 X176.553 Y75.273 E.02016
G1 X176.105 Y75.457 E.01262
G1 X175.657 Y75.498 E.01172
G1 X175.208 Y75.441 E.01179
G1 X174.76 Y75.295 E.01228
G1 X174.312 Y75.035 E.0135
G1 X172.967 Y73.759 E.04831
G1 X172.519 Y73.576 E.01261
G1 X172.07 Y73.535 E.01175
G1 X171.622 Y73.592 E.01177
G1 X171.174 Y73.738 E.01228
G1 X170.725 Y73.997 E.01351
G1 X169.381 Y75.273 E.04829
G1 X168.932 Y75.457 E.01264
G1 X168.484 Y75.498 E.01172
G1 X168.036 Y75.441 E.01177
G1 X167.587 Y75.295 E.0123
G1 X167.139 Y75.035 E.0135
G1 X165.794 Y73.759 E.04831
G1 X165.346 Y73.576 E.01261
G1 X164.898 Y73.535 E.01172
G1 X164.449 Y73.592 E.01179
G1 X164.001 Y73.738 E.01228
G1 X163.553 Y73.997 E.01348
G1 X162.208 Y75.273 E.04831
G1 X161.76 Y75.457 E.01262
G1 X161.311 Y75.498 E.01175
G1 X160.863 Y75.441 E.01177
G1 X160.415 Y75.295 E.01228
G1 X159.967 Y75.035 E.0135
G1 X158.622 Y73.759 E.04831
G1 X158.173 Y73.576 E.01263
G1 X157.725 Y73.535 E.01172
G1 X157.277 Y73.592 E.01177
G1 X156.828 Y73.738 E.0123
G1 X156.38 Y73.997 E.01348
G1 X155.035 Y75.273 E.04831
G1 X154.587 Y75.457 E.01262
G1 X154.139 Y75.498 E.01172
G1 X153.69 Y75.441 E.01179
G1 X153.242 Y75.295 E.01228
G1 X152.794 Y75.035 E.0135
G1 X151.449 Y73.759 E.04831
G1 X151.001 Y73.576 E.01261
G1 X150.552 Y73.535 E.01175
G1 X150.104 Y73.592 E.01177
G1 X149.656 Y73.738 E.01228
G1 X149.208 Y73.997 E.01348
G1 X147.863 Y75.273 E.04831
G1 X147.414 Y75.457 E.01264
G1 X146.966 Y75.498 E.01172
G1 X146.518 Y75.441 E.01177
G1 X146.07 Y75.295 E.01228
G1 X145.621 Y75.035 E.01352
G1 X144.276 Y73.759 E.04831
G1 X143.828 Y73.576 E.01261
G1 X143.38 Y73.535 E.01172
G1 X142.932 Y73.592 E.01177
G1 X142.483 Y73.738 E.0123
G1 X142.035 Y73.997 E.01348
G1 X140.69 Y75.273 E.04831
G1 X140.242 Y75.457 E.01262
G1 X139.794 Y75.498 E.01172
G1 X139.345 Y75.441 E.01179
G1 X138.897 Y75.295 E.01228
G1 X138.449 Y75.035 E.0135
G1 X137.104 Y73.759 E.04831
G1 X136.656 Y73.576 E.01261
G1 X136.207 Y73.535 E.01175
G1 X135.759 Y73.592 E.01177
G1 X135.311 Y73.738 E.01228
G1 X134.862 Y73.997 E.01351
G1 X133.518 Y75.273 E.04829
G1 X133.069 Y75.457 E.01264
G1 X132.621 Y75.498 E.01172
G1 X132.173 Y75.441 E.01177
G1 X131.724 Y75.295 E.0123
G1 X131.276 Y75.035 E.0135
G1 X129.931 Y73.759 E.04831
G1 X129.483 Y73.576 E.01261
G1 X129.035 Y73.535 E.01172
G1 X128.586 Y73.592 E.01179
G1 X128.138 Y73.738 E.01228
G1 X127.69 Y73.997 E.01348
G1 X126.345 Y75.273 E.04831
G1 X125.897 Y75.457 E.01262
G1 X125.448 Y75.498 E.01175
G1 X125 Y75.441 E.01177
G1 X124.552 Y75.295 E.01228
G1 X124.103 Y75.035 E.01352
G1 X122.759 Y73.759 E.04829
G1 X122.31 Y73.576 E.01263
G1 X121.862 Y73.535 E.01172
G1 X121.414 Y73.592 E.01177
G1 X120.965 Y73.738 E.0123
G1 X120.517 Y73.997 E.01348
G1 X119.172 Y75.273 E.04831
G1 X118.724 Y75.457 E.01262
G1 X118.276 Y75.498 E.01172
G1 X117.827 Y75.441 E.01179
G1 X117.379 Y75.295 E.01228
G1 X116.931 Y75.035 E.0135
G1 X115.586 Y73.759 E.04831
G1 X115.138 Y73.576 E.01261
G1 X114.689 Y73.535 E.01175
G1 X114.241 Y73.592 E.01177
G1 X113.793 Y73.738 E.01228
G1 X113.345 Y73.997 E.01348
G1 X112 Y75.273 E.04831
G1 X111.551 Y75.457 E.01264
G1 X111.103 Y75.498 E.01172
G1 X110.655 Y75.441 E.01177
G1 X110.207 Y75.295 E.01228
G1 X109.758 Y75.035 E.01352
G1 X108.413 Y73.759 E.04831
G1 X107.965 Y73.576 E.01261
G1 X107.517 Y73.535 E.01172
G1 X107.069 Y73.592 E.01177
G1 X106.62 Y73.738 E.0123
G1 X106.172 Y73.997 E.01348
G1 X104.827 Y75.273 E.04831
G1 X104.379 Y75.457 E.01262
G1 X103.93 Y75.498 E.01175
G1 X103.482 Y75.441 E.01177
G1 X103.034 Y75.295 E.01228
G1 X102.586 Y75.035 E.0135
G1 X101.241 Y73.759 E.04831
G1 X100.792 Y73.576 E.01263
G1 X100.344 Y73.535 E.01172
G1 X99.896 Y73.592 E.01177
G1 X99.448 Y73.738 E.01228
G1 X98.999 Y73.997 E.01351
G1 X97.654 Y75.273 E.04831
G1 X97.206 Y75.457 E.01262
G1 X96.758 Y75.498 E.01172
G1 X96.31 Y75.441 E.01177
G1 X95.861 Y75.295 E.0123
G1 X95.413 Y75.035 E.0135
G1 X94.068 Y73.759 E.04831
G1 X93.62 Y73.576 E.01261
G1 X93.172 Y73.535 E.01172
G1 X92.723 Y73.592 E.01179
G1 X92.275 Y73.738 E.01228
G1 X91.827 Y73.997 E.01348
G1 X90.482 Y75.273 E.04831
G1 X90.034 Y75.457 E.01262
G1 X89.585 Y75.498 E.01175
G1 X89.137 Y75.441 E.01177
G1 X88.689 Y75.295 E.01228
G1 X88.24 Y75.035 E.01352
G1 X86.896 Y73.759 E.04829
G1 X86.447 Y73.576 E.01263
G1 X85.999 Y73.535 E.01172
G1 X85.551 Y73.592 E.01177
G1 X85.102 Y73.738 E.0123
G1 X84.654 Y73.997 E.01348
G1 X83.309 Y75.273 E.04831
G1 X82.861 Y75.457 E.01262
G1 X82.413 Y75.498 E.01172
G1 X81.964 Y75.441 E.01179
G1 X81.516 Y75.295 E.01228
G1 X81.068 Y75.035 E.0135
G1 X79.723 Y73.759 E.04831
G1 X79.275 Y73.576 E.01261
G1 X78.826 Y73.535 E.01175
G1 X78.378 Y73.592 E.01177
G1 X77.93 Y73.738 E.01228
G1 X77.481 Y73.997 E.01351
G1 X76.137 Y75.273 E.04829
G1 X75.688 Y75.457 E.01264
G1 X75.24 Y75.498 E.01172
G1 X74.792 Y75.441 E.01177
G1 X74.343 Y75.295 E.0123
G1 X73.895 Y75.035 E.0135
G1 X72.867 Y74.029 E.03748
G1 X72.867 Y71.175 E.07436
G1 X73.447 Y71.687 E.02016
G1 X73.895 Y71.87 E.01261
G1 X74.343 Y71.911 E.01172
G1 X74.792 Y71.855 E.01179
G1 X75.24 Y71.708 E.01229
G1 X75.688 Y71.449 E.01348
G1 X77.033 Y70.173 E.04831
G1 X77.481 Y69.99 E.01261
G1 X77.93 Y69.949 E.01175
G1 X78.378 Y70.005 E.01176
G1 X78.826 Y70.152 E.01229
G1 X79.275 Y70.411 E.01351
G1 X80.619 Y71.687 E.04829
G1 X81.068 Y71.87 E.01263
G1 X81.516 Y71.911 E.01172
G1 X81.964 Y71.855 E.01176
G1 X82.413 Y71.708 E.01231
G1 X82.861 Y71.449 E.01348
G1 X84.206 Y70.173 E.04831
G1 X84.654 Y69.99 E.01261
G1 X85.102 Y69.949 E.01172
G1 X85.551 Y70.005 E.01179
G1 X85.999 Y70.152 E.01229
G1 X86.447 Y70.411 E.01348
G1 X87.792 Y71.687 E.04831
G1 X88.24 Y71.87 E.01261
G1 X88.689 Y71.911 E.01175
G1 X89.137 Y71.855 E.01176
G1 X89.585 Y71.708 E.01229
G1 X90.034 Y71.449 E.01351
G1 X91.378 Y70.173 E.04829
G1 X91.827 Y69.99 E.01263
G1 X92.275 Y69.949 E.01172
G1 X92.723 Y70.005 E.01176
G1 X93.172 Y70.152 E.01231
G1 X93.62 Y70.411 E.01348
G1 X94.965 Y71.687 E.04831
G1 X95.413 Y71.87 E.01261
G1 X95.861 Y71.911 E.01172
G1 X96.31 Y71.855 E.01179
G1 X96.758 Y71.708 E.01229
G1 X97.206 Y71.449 E.01348
G1 X98.551 Y70.173 E.04831
G1 X98.999 Y69.99 E.01261
G1 X99.448 Y69.949 E.01175
G1 X99.896 Y70.005 E.01176
G1 X100.344 Y70.152 E.01229
G1 X100.792 Y70.411 E.01348
G1 X102.137 Y71.687 E.04831
G1 X102.586 Y71.87 E.01263
G1 X103.034 Y71.911 E.01172
G1 X103.482 Y71.855 E.01176
G1 X103.93 Y71.708 E.01229
G1 X104.379 Y71.449 E.01351
G1 X105.724 Y70.173 E.04831
G1 X106.172 Y69.99 E.01261
G1 X106.62 Y69.949 E.01172
G1 X107.069 Y70.005 E.01179
G1 X107.517 Y70.152 E.01229
G1 X107.965 Y70.411 E.01348
G1 X109.31 Y71.687 E.04831
G1 X109.758 Y71.87 E.01261
G1 X110.207 Y71.911 E.01175
G1 X110.655 Y71.855 E.01176
G1 X111.103 Y71.708 E.01229
G1 X111.551 Y71.449 E.01348
G1 X112.896 Y70.173 E.04831
G1 X113.345 Y69.99 E.01263
G1 X113.793 Y69.949 E.01172
G1 X114.241 Y70.005 E.01176
G1 X114.689 Y70.152 E.01229
G1 X115.138 Y70.411 E.01351
G1 X116.483 Y71.687 E.04831
G1 X116.931 Y71.87 E.01261
G1 X117.379 Y71.911 E.01172
G1 X117.827 Y71.855 E.01176
G1 X118.276 Y71.708 E.01231
G1 X118.724 Y71.449 E.01348
G1 X120.069 Y70.173 E.04831
G1 X120.517 Y69.99 E.01261
G1 X120.965 Y69.949 E.01172
G1 X121.414 Y70.005 E.01179
G1 X121.862 Y70.152 E.01229
G1 X122.31 Y70.411 E.01348
G1 X123.655 Y71.687 E.04831
G1 X124.103 Y71.87 E.01261
G1 X124.552 Y71.911 E.01175
G1 X125 Y71.855 E.01176
G1 X125.448 Y71.708 E.01229
G1 X125.897 Y71.449 E.01351
G1 X127.241 Y70.173 E.04829
G1 X127.69 Y69.99 E.01263
G1 X128.138 Y69.949 E.01172
G1 X128.586 Y70.005 E.01176
G1 X129.035 Y70.152 E.01231
G1 X129.483 Y70.411 E.01348
G1 X130.828 Y71.687 E.04831
G1 X131.276 Y71.87 E.01261
G1 X131.724 Y71.911 E.01172
G1 X132.173 Y71.855 E.01179
G1 X132.621 Y71.708 E.01229
G1 X133.069 Y71.449 E.01348
G1 X134.414 Y70.173 E.04831
G1 X134.862 Y69.99 E.01261
G1 X135.311 Y69.949 E.01175
G1 X135.759 Y70.005 E.01176
G1 X136.207 Y70.152 E.01229
G1 X136.656 Y70.411 E.01351
G1 X138 Y71.687 E.04829
G1 X138.449 Y71.87 E.01263
G1 X138.897 Y71.911 E.01172
G1 X139.345 Y71.855 E.01176
G1 X139.794 Y71.708 E.01231
G1 X140.242 Y71.449 E.01348
G1 X141.587 Y70.173 E.04831
G1 X142.035 Y69.99 E.01261
G1 X142.483 Y69.949 E.01172
G1 X142.932 Y70.005 E.01179
G1 X143.38 Y70.152 E.01229
G1 X143.828 Y70.411 E.01348
G1 X145.173 Y71.687 E.04831
G1 X145.621 Y71.87 E.01261
G1 X146.07 Y71.911 E.01175
G1 X146.518 Y71.855 E.01176
G1 X146.966 Y71.708 E.01229
G1 X147.414 Y71.449 E.01348
G1 X148.759 Y70.173 E.04831
G1 X149.208 Y69.99 E.01263
G1 X149.656 Y69.949 E.01172
G1 X150.104 Y70.005 E.01176
G1 X150.552 Y70.152 E.01229
G1 X151.001 Y70.411 E.01351
G1 X152.346 Y71.687 E.04831
G1 X152.794 Y71.87 E.01261
G1 X153.242 Y71.911 E.01172
G1 X153.69 Y71.855 E.01176
G1 X154.139 Y71.708 E.01231
G1 X154.587 Y71.449 E.01348
G1 X155.932 Y70.173 E.04831
G1 X156.38 Y69.99 E.01261
G1 X156.828 Y69.949 E.01172
G1 X157.277 Y70.005 E.01179
G1 X157.725 Y70.152 E.01229
G1 X158.173 Y70.411 E.01348
G1 X159.518 Y71.687 E.04831
G1 X159.967 Y71.87 E.01263
G1 X160.415 Y71.911 E.01172
G1 X160.863 Y71.855 E.01176
G1 X161.311 Y71.708 E.01229
G1 X161.76 Y71.449 E.01351
G1 X163.105 Y70.173 E.04831
G1 X163.553 Y69.99 E.01261
G1 X164.001 Y69.949 E.01172
G1 X164.449 Y70.005 E.01176
G1 X164.898 Y70.152 E.01231
G1 X165.346 Y70.411 E.01348
G1 X166.691 Y71.687 E.04831
G1 X167.139 Y71.87 E.01261
G1 X167.587 Y71.911 E.01172
G1 X168.036 Y71.855 E.01179
G1 X168.484 Y71.708 E.01229
G1 X168.932 Y71.449 E.01348
G1 X170.277 Y70.173 E.04831
G1 X170.725 Y69.99 E.01261
G1 X171.174 Y69.949 E.01175
G1 X171.622 Y70.005 E.01176
G1 X172.07 Y70.152 E.01229
G1 X172.519 Y70.411 E.01351
G1 X173.863 Y71.687 E.04829
G1 X174.312 Y71.87 E.01263
G1 X174.76 Y71.911 E.01172
G1 X175.208 Y71.855 E.01176
G1 X175.657 Y71.708 E.01231
G1 X176.105 Y71.449 E.01348
G1 X177.133 Y70.443 E.03748
G1 X177.133 Y67.589 E.07436
G1 X176.553 Y68.101 E.02016
G1 X176.105 Y68.284 E.01261
G1 X175.657 Y68.325 E.01172
G1 X175.208 Y68.269 E.01179
G1 X174.76 Y68.122 E.01229
G1 X174.312 Y67.863 E.01348
G1 X172.967 Y66.587 E.04831
G1 X172.519 Y66.404 E.01261
G1 X172.07 Y66.363 E.01175
G1 X171.622 Y66.419 E.01176
G1 X171.174 Y66.565 E.01228
G1 X170.725 Y66.825 E.01352
G1 X169.381 Y68.101 E.04829
G1 X168.932 Y68.284 E.01263
G1 X168.484 Y68.325 E.01172
G1 X168.036 Y68.269 E.01176
G1 X167.587 Y68.122 E.01231
G1 X167.139 Y67.863 E.01348
G1 X165.794 Y66.587 E.04831
G1 X165.346 Y66.404 E.01261
G1 X164.898 Y66.363 E.01172
G1 X164.449 Y66.419 E.01179
G1 X164.001 Y66.565 E.01228
G1 X163.553 Y66.825 E.0135
G1 X162.208 Y68.101 E.04831
G1 X161.76 Y68.284 E.01261
G1 X161.311 Y68.325 E.01175
G1 X160.863 Y68.269 E.01176
G1 X160.415 Y68.122 E.01229
G1 X159.967 Y67.863 E.01348
G1 X158.622 Y66.587 E.04831
G1 X158.173 Y66.404 E.01263
G1 X157.725 Y66.363 E.01172
G1 X157.277 Y66.419 E.01176
G1 X156.828 Y66.565 E.0123
G1 X156.38 Y66.825 E.0135
G1 X155.035 Y68.101 E.04831
G1 X154.587 Y68.284 E.01261
G1 X154.139 Y68.325 E.01172
G1 X153.69 Y68.269 E.01179
G1 X153.242 Y68.122 E.01229
G1 X152.794 Y67.863 E.01348
G1 X151.449 Y66.587 E.04831
G1 X151.001 Y66.404 E.01261
G1 X150.552 Y66.363 E.01175
G1 X150.104 Y66.419 E.01176
G1 X149.656 Y66.565 E.01228
G1 X149.208 Y66.825 E.0135
G1 X147.863 Y68.101 E.04831
G1 X147.414 Y68.284 E.01263
G1 X146.966 Y68.325 E.01172
G1 X146.518 Y68.269 E.01176
G1 X146.07 Y68.122 E.01229
G1 X145.621 Y67.863 E.01351
G1 X144.276 Y66.587 E.04831
G1 X143.828 Y66.404 E.01261
G1 X143.38 Y66.363 E.01172
G1 X142.932 Y66.419 E.01176
G1 X142.483 Y66.565 E.0123
G1 X142.035 Y66.825 E.0135
G1 X140.69 Y68.101 E.04831
G1 X140.242 Y68.284 E.01261
G1 X139.794 Y68.325 E.01172
G1 X139.345 Y68.269 E.01179
G1 X138.897 Y68.122 E.01229
G1 X138.449 Y67.863 E.01348
G1 X137.104 Y66.587 E.04831
G1 X136.656 Y66.404 E.01261
G1 X136.207 Y66.363 E.01175
G1 X135.759 Y66.419 E.01176
G1 X135.311 Y66.565 E.01228
G1 X134.862 Y66.825 E.01352
G1 X133.518 Y68.101 E.04829
G1 X133.069 Y68.284 E.01263
G1 X132.621 Y68.325 E.01172
G1 X132.173 Y68.269 E.01176
G1 X131.724 Y68.122 E.01231
G1 X131.276 Y67.863 E.01348
G1 X129.931 Y66.587 E.04831
G1 X129.483 Y66.404 E.01261
G1 X129.035 Y66.363 E.01172
G1 X128.586 Y66.419 E.01179
G1 X128.138 Y66.565 E.01228
G1 X127.69 Y66.825 E.0135
G1 X126.345 Y68.101 E.04831
G1 X125.897 Y68.284 E.01261
G1 X125.448 Y68.325 E.01175
G1 X125 Y68.269 E.01176
G1 X124.552 Y68.122 E.01229
G1 X124.103 Y67.863 E.01351
G1 X122.759 Y66.587 E.04829
G1 X122.31 Y66.404 E.01263
G1 X121.862 Y66.363 E.01172
G1 X121.414 Y66.419 E.01176
G1 X120.965 Y66.565 E.0123
G1 X120.517 Y66.825 E.0135
G1 X119.172 Y68.101 E.04831
G1 X118.724 Y68.284 E.01261
G1 X118.276 Y68.325 E.01172
G1 X117.827 Y68.269 E.01179
G1 X117.379 Y68.122 E.01229
G1 X116.931 Y67.863 E.01348
G1 X115.586 Y66.587 E.04831
G1 X115.138 Y66.404 E.01261
G1 X114.689 Y66.363 E.01175
G1 X114.241 Y66.419 E.01176
G1 X113.793 Y66.565 E.01228
G1 X113.345 Y66.825 E.0135
G1 X112 Y68.101 E.04831
G1 X111.551 Y68.284 E.01263
G1 X111.103 Y68.325 E.01172
G1 X110.655 Y68.269 E.01176
G1 X110.207 Y68.122 E.01229
G1 X109.758 Y67.863 E.01351
G1 X108.413 Y66.587 E.04831
G1 X107.965 Y66.404 E.01261
G1 X107.517 Y66.363 E.01172
G1 X107.069 Y66.419 E.01176
G1 X106.62 Y66.565 E.0123
G1 X106.172 Y66.825 E.0135
G1 X104.827 Y68.101 E.04831
G1 X104.379 Y68.284 E.01261
G1 X103.93 Y68.325 E.01175
G1 X103.482 Y68.269 E.01176
G1 X103.034 Y68.122 E.01229
G1 X102.586 Y67.863 E.01348
G1 X101.241 Y66.587 E.04831
G1 X100.792 Y66.404 E.01263
G1 X100.344 Y66.363 E.01172
G1 X99.896 Y66.419 E.01176
G1 X99.448 Y66.565 E.01228
G1 X98.999 Y66.825 E.01352
G1 X97.654 Y68.101 E.04831
G1 X97.206 Y68.284 E.01261
G1 X96.758 Y68.325 E.01172
G1 X96.31 Y68.269 E.01176
G1 X95.861 Y68.122 E.01231
G1 X95.413 Y67.863 E.01348
G1 X94.068 Y66.587 E.04831
G1 X93.62 Y66.404 E.01261
G1 X93.172 Y66.363 E.01172
G1 X92.723 Y66.419 E.01179
G1 X92.275 Y66.565 E.01228
G1 X91.827 Y66.825 E.0135
G1 X90.482 Y68.101 E.04831
G1 X90.034 Y68.284 E.01261
G1 X89.585 Y68.325 E.01175
G1 X89.137 Y68.269 E.01176
G1 X88.689 Y68.122 E.01229
G1 X88.24 Y67.863 E.01351
G1 X86.896 Y66.587 E.04829
G1 X86.447 Y66.404 E.01263
G1 X85.999 Y66.363 E.01172
G1 X85.551 Y66.419 E.01176
G1 X85.102 Y66.565 E.0123
G1 X84.654 Y66.825 E.0135
G1 X83.309 Y68.101 E.04831
G1 X82.861 Y68.284 E.01261
G1 X82.413 Y68.325 E.01172
G1 X81.964 Y68.269 E.01179
G1 X81.516 Y68.122 E.01229
G1 X81.068 Y67.863 E.01348
G1 X79.723 Y66.587 E.04831
G1 X79.275 Y66.404 E.01261
G1 X78.826 Y66.363 E.01175
G1 X78.378 Y66.419 E.01176
G1 X77.93 Y66.565 E.01228
G1 X77.481 Y66.825 E.01352
G1 X76.137 Y68.101 E.04829
G1 X75.688 Y68.284 E.01263
G1 X75.24 Y68.325 E.01172
G1 X74.792 Y68.269 E.01176
G1 X74.343 Y68.122 E.01231
G1 X73.895 Y67.863 E.01348
G1 X72.867 Y66.857 E.03748
G1 X72.868 Y64.002 E.07439
G1 X73.447 Y64.514 E.02014
G1 X73.895 Y64.698 E.01262
G1 X74.343 Y64.739 E.01172
G1 X74.792 Y64.682 E.01179
G1 X75.24 Y64.536 E.01228
G1 X75.688 Y64.276 E.0135
G1 X76.379 Y63.587 E.02543
G1 X79.624 Y63.587 E.08455
G1 X80.619 Y64.514 E.03543
G1 X81.068 Y64.698 E.01264
G1 X81.516 Y64.739 E.01172
G1 X81.964 Y64.682 E.01177
G1 X82.413 Y64.536 E.0123
G1 X82.861 Y64.276 E.0135
G1 X83.552 Y63.587 E.02543
G1 X86.796 Y63.587 E.08452
G1 X87.792 Y64.514 E.03545
G1 X88.24 Y64.698 E.01262
G1 X88.689 Y64.739 E.01175
G1 X89.137 Y64.682 E.01177
G1 X89.585 Y64.536 E.01228
G1 X90.034 Y64.276 E.01352
G1 X90.725 Y63.586 E.02544
G1 X93.968 Y63.586 E.0845
G1 X94.965 Y64.514 E.03549
G1 X95.413 Y64.698 E.01262
G1 X95.861 Y64.739 E.01172
G1 X96.31 Y64.682 E.01179
G1 X96.758 Y64.536 E.01228
G1 X97.206 Y64.276 E.0135
G1 X97.898 Y63.586 E.02546
G1 X101.14 Y63.586 E.08447
G1 X102.137 Y64.514 E.03549
G1 X102.719 Y64.71 E.016
G1 X103.252 Y64.976 E.01552
G1 X109.96 Y65.016 E.17479
G1 X110.571 Y64.864 E.01641
G1 X110.927 Y64.593 E.01166
G1 X111.551 Y64.276 E.01824
G1 X112.244 Y63.586 E.02548
G1 X115.486 Y63.586 E.08447
G1 X116.483 Y64.514 E.03549
G1 X116.931 Y64.698 E.01262
G1 X117.379 Y64.739 E.01172
G1 X117.827 Y64.682 E.01177
G1 X118.276 Y64.536 E.0123
G1 X118.724 Y64.276 E.0135
G1 X119.416 Y63.586 E.02546
G1 X122.658 Y63.586 E.08447
G1 X123.655 Y64.514 E.03549
G1 X124.103 Y64.698 E.01262
G1 X124.552 Y64.739 E.01175
G1 X125 Y64.682 E.01177
G1 X125.448 Y64.536 E.01228
G1 X125.897 Y64.276 E.01352
G1 X126.589 Y63.586 E.02546
G1 X129.831 Y63.586 E.08447
G1 X130.828 Y64.514 E.03549
G1 X131.276 Y64.698 E.01262
G1 X131.724 Y64.739 E.01172
G1 X132.173 Y64.682 E.01179
G1 X132.621 Y64.536 E.01228
G1 X133.069 Y64.276 E.0135
G1 X133.761 Y63.586 E.02546
G1 X137.003 Y63.586 E.08447
G1 X138 Y64.514 E.03549
G1 X138.449 Y64.698 E.01264
G1 X138.897 Y64.739 E.01172
G1 X139.187 Y64.702 E.00762
G1 X139.658 Y64.956 E.01394
G1 X140.029 Y65.016 E.00979
G1 X146.451 Y65.016 E.16733
G1 X146.843 Y64.953 E.01034
G1 X147.214 Y64.765 E.01084
G1 X147.471 Y64.531 E.00906
G1 X147.666 Y64.235 E.00924
G1 X147.771 Y63.921 E.00863
G1 X148.107 Y63.586 E.01236
G1 X151.349 Y63.586 E.08447
G1 X152.346 Y64.514 E.03549
G1 X152.794 Y64.698 E.01262
G1 X153.242 Y64.739 E.01172
G1 X153.69 Y64.682 E.01177
G1 X154.139 Y64.536 E.0123
G1 X154.587 Y64.276 E.0135
G1 X155.279 Y63.586 E.02546
G1 X158.522 Y63.586 E.0845
G1 X159.518 Y64.514 E.03547
G1 X159.967 Y64.698 E.01264
G1 X160.415 Y64.739 E.01172
G1 X160.863 Y64.682 E.01177
G1 X161.311 Y64.536 E.01228
G1 X161.76 Y64.276 E.01352
G1 X162.451 Y63.587 E.02543
G1 X165.695 Y63.587 E.08452
G1 X166.691 Y64.514 E.03545
G1 X167.139 Y64.698 E.01262
G1 X167.587 Y64.739 E.01172
G1 X168.036 Y64.682 E.01179
G1 X168.484 Y64.536 E.01228
G1 X168.932 Y64.276 E.0135
G1 X169.623 Y63.587 E.02543
G1 X172.868 Y63.587 E.08455
G1 X173.863 Y64.514 E.03543
G1 X174.312 Y64.698 E.01264
G1 X174.76 Y64.739 E.01172
G1 X175.208 Y64.682 E.01177
G1 X175.657 Y64.536 E.0123
G1 X176.105 Y64.276 E.0135
G1 X176.795 Y63.588 E.02539
G1 X177.132 Y63.588 E.00878
G1 X177.133 Y65.75 E.05633
;WIPE_START
G1 F8640
G1 X177.132 Y63.588 E-.49921
G1 X176.795 Y63.588 E-.07781
G1 X176.111 Y64.27 E-.22298
;WIPE_END
G1 Z2.55 F720
G1 X175.018 Y106.123 F10800
G1 Z2.15 F720
G1 E.8 F2100
;TYPE:Solid infill
;WIDTH:0.450026
G1 F4800
G1 X175.018 Y144.312 E.99511
G1 X174.969 Y144.615 E.008
G1 X174.853 Y144.856 E.00697
G1 X174.649 Y145.079 E.00788
G1 X174.349 Y145.24 E.00887
G1 X174.032 Y145.298 E.0084
G1 X171.17 Y145.298 E.07458
;WIPE_START
G1 F8640
G1 X174.032 Y145.298 E-.66084
G1 X174.349 Y145.24 E-.07441
G1 X174.596 Y145.107 E-.06475
;WIPE_END
G1 Z2.55 F720
G1 X138.883 Y146.832 F10800
G1 Z2.15 F720
G1 E.8 F2100
;WIDTH:0.449999
G1 F4800
G1 X110.908 Y146.832 E.72891
G1 X110.908 Y148.002 E.03049
G1 X139.092 Y148.002 E.73435
G1 X139.092 Y146.832 E.03049
G1 X138.695 Y147.229 E.01463
;WIDTH:0.408271
G1 X138.695 Y147.605 E.00882
G1 X111.305 Y147.605 E.64239
G1 X111.305 Y147.229 E.00882
G1 X138.486 Y147.229 E.63749
;LAYER_CHANGE
;Z:2.3
;HEIGHT:0.15
;BEFORE_LAYER_CHANGE
G92 E0.0
;2.3


;WIPE_START
G1 F8640
G1 X135.021 Y147.229 E-.8
;WIPE_END
G1 Z2.3 F720
;AFTER_LAYER_CHANGE
;2.3
G1 Z2.7
G1 X174.476 Y144.754 F10800
G1 Z2.3 F720
G1 E.8 F2100
M204 S800
;TYPE:Perimeter
;WIDTH:0.449999
G1 F2700
G1 X174.446 Y144.79 E.00122
G1 X174.125 Y144.943 E.00927
G1 X147.095 Y144.943 E.70429
;WIDTH:0.499571
G1 X146.923 Y144.968 E.00507
;WIDTH:0.549142
G1 X146.751 Y144.992 E.0056
;WIDTH:0.598713
G1 X146.578 Y145.017 E.00618
;WIDTH:0.648284
G1 X146.406 Y145.042 E.00668
G1 X140.074 Y145.042 E.24328
G1 X139.902 Y145.017 E.00668
;WIDTH:0.598713
G1 X139.729 Y144.992 E.00618
;WIDTH:0.549142
G1 X139.557 Y144.968 E.0056
;WIDTH:0.499571
G1 X139.385 Y144.943 E.00507
;WIDTH:0.449999
G1 X110.615 Y144.943 E.74962
;WIDTH:0.499571
G1 X110.443 Y144.968 E.00507
;WIDTH:0.549142
G1 X110.271 Y144.992 E.0056
;WIDTH:0.598713
G1 X110.098 Y145.017 E.00618
;WIDTH:0.648284
G1 X109.926 Y145.042 E.00668
G1 X103.594 Y145.042 E.24328
G1 X103.422 Y145.017 E.00668
;WIDTH:0.598713
G1 X103.249 Y144.992 E.00618
;WIDTH:0.549142
G1 X103.077 Y144.968 E.0056
;WIDTH:0.499571
G1 X102.905 Y144.943 E.00507
;WIDTH:0.449999
G1 X77.964 Y144.943 E.64986
G1 X77.765 Y144.911 E.00525
G1 X77.595 Y144.823 E.00499
G1 X77.391 Y144.57 E.00847
G1 X77.337 Y144.316 E.00677
G1 X77.337 Y83.684 E1.57981
G1 X77.385 Y83.443 E.0064
G1 X77.51 Y83.252 E.00595
G1 X77.749 Y83.095 E.00745
G1 X77.964 Y83.057 E.00569
G1 X174.036 Y83.057 E2.50323
G1 X174.239 Y83.091 E.00536
G1 X174.468 Y83.23 E.00698
G1 X174.663 Y83.55 E.00976
G1 X174.663 Y144.316 E1.5833
G1 X174.638 Y144.49 E.00458
G1 X174.57 Y144.645 E.00441
G1 X174.515 Y144.709 E.0022
M204 S1000
G1 X174.181 Y144.455 F10800
M204 S800
;TYPE:External perimeter
G1 F1500
G1 X174.173 Y144.474 E.00054
G1 X174.036 Y144.525 E.00381
G1 X77.964 Y144.525 E2.50323
G1 X77.841 Y144.485 E.00337
G1 X77.755 Y144.347 E.00424
G1 X77.755 Y83.684 E1.58062
G1 X77.813 Y83.54 E.00404
M73 P58 R22
M73 Q59 S23
G1 X77.964 Y83.475 E.00428
G1 X174.036 Y83.475 E2.50323
G1 X174.18 Y83.533 E.00404
M73 P59 R22
G1 X174.245 Y83.684 E.00428
G1 X174.245 Y144.316 E1.57981
G1 X174.206 Y144.4 E.00241
M73 Q59 S22
M204 S1000
;WIPE_START
G1 F8640
G1 X174.181 Y144.455 E-.01395
G1 X174.173 Y144.474 E-.00476
G1 X174.036 Y144.525 E-.03375
G1 X170.799 Y144.525 E-.74754
;WIPE_END
G1 Z2.7 F720
G1 X146.837 Y145.954 F10800
G1 Z2.3 F720
G1 E.8 F2100
M204 S800
;TYPE:Perimeter
G1 F2700
G1 X146.782 Y145.883 E.00234
;WIDTH:0.499571
G1 X146.688 Y145.826 E.0032
;WIDTH:0.549142
G1 X146.594 Y145.77 E.00353
;WIDTH:0.598713
G1 X146.5 Y145.714 E.00387
;WIDTH:0.648284
G1 X146.406 Y145.658 E.0042
G1 X140.074 Y145.658 E.24328
G1 X139.98 Y145.714 E.0042
;WIDTH:0.598713
G1 X139.886 Y145.77 E.00387
;WIDTH:0.549142
G1 X139.792 Y145.826 E.00353
;WIDTH:0.499571
G1 X139.698 Y145.883 E.0032
;WIDTH:0.449999
G1 X139.495 Y146.143 E.00859
G1 X139.447 Y146.384 E.0064
G1 X139.447 Y148.357 E.05141
G1 X110.553 Y148.357 E.75285
G1 X110.553 Y146.384 E.05141
G1 X110.505 Y146.143 E.0064
G1 X110.302 Y145.883 E.00859
;WIDTH:0.499571
G1 X110.208 Y145.826 E.0032
;WIDTH:0.549142
G1 X110.114 Y145.77 E.00353
;WIDTH:0.598713
G1 X110.02 Y145.714 E.00387
;WIDTH:0.648284
G1 X109.926 Y145.658 E.0042
G1 X103.594 Y145.658 E.24328
G1 X103.5 Y145.714 E.0042
;WIDTH:0.598713
G1 X103.406 Y145.77 E.00387
;WIDTH:0.549142
G1 X103.312 Y145.826 E.00353
;WIDTH:0.499571
G1 X103.218 Y145.883 E.0032
;WIDTH:0.449999
G1 X103.015 Y146.143 E.00859
G1 X102.967 Y146.384 E.0064
G1 X102.967 Y148.357 E.05141
G1 X72.427 Y148.357 E.79574
G1 X71.235 Y147.783 E.03447
G1 X70.923 Y146.891 E.02462
G1 X70.923 Y108.793 E.99267
G1 X72.896 Y108.793 E.05141
G1 X73.098 Y108.759 E.00534
G1 X73.327 Y108.621 E.00697
G1 X73.498 Y108.342 E.00853
G1 X73.523 Y108.166 E.00463
G1 X73.523 Y101.834 E.16498
G1 X73.428 Y101.502 E.009
G1 X73.213 Y101.293 E.00781
G1 X72.896 Y101.207 E.00856
G1 X70.923 Y101.207 E.05141
G1 X70.923 Y63.147 E.99168
G1 X71.497 Y61.955 E.03447
G1 X72.389 Y61.643 E.02462
G1 X102.967 Y61.643 E.79673
G1 X102.967 Y63.736 E.05453
G1 X103.12 Y64.026 E.00854
G1 X103.31 Y64.175 E.00629
G1 X103.594 Y64.243 E.00761
G1 X110.006 Y64.243 E.16707
G1 X110.29 Y64.126 E.008
G1 X110.491 Y63.888 E.00812
G1 X110.553 Y63.616 E.00727
G1 X110.553 Y61.643 E.05141
G1 X139.447 Y61.643 E.75285
G1 X139.447 Y63.736 E.05453
G1 X139.6 Y64.026 E.00854
G1 X139.79 Y64.175 E.00629
G1 X140.074 Y64.243 E.00761
G1 X146.486 Y64.243 E.16707
G1 X146.77 Y64.126 E.008
G1 X146.971 Y63.888 E.00812
G1 X147.033 Y63.616 E.00727
G1 X147.033 Y61.643 E.05141
G1 X177.573 Y61.643 E.79574
G1 X178.765 Y62.217 E.03447
G1 X179.077 Y63.109 E.02462
G1 X179.077 Y101.207 E.99267
G1 X177.104 Y101.207 E.05141
G1 X176.882 Y101.248 E.00588
G1 X176.696 Y101.358 E.00563
G1 X176.54 Y101.56 E.00665
G1 X176.477 Y101.834 E.00733
G1 X176.477 Y108.166 E.16498
G1 X176.54 Y108.44 E.00733
G1 X176.696 Y108.642 E.00665
G1 X176.882 Y108.752 E.00563
G1 X177.104 Y108.793 E.00588
G1 X179.077 Y108.793 E.05141
G1 X179.077 Y146.853 E.99168
G1 X178.503 Y148.045 E.03447
G1 X177.611 Y148.357 E.02462
G1 X147.033 Y148.357 E.79673
G1 X147.033 Y146.384 E.05141
G1 X146.985 Y146.143 E.0064
G1 X146.874 Y146.001 E.0047
M204 S1000
G1 X146.547 Y146.248 F10800
M204 S800
;TYPE:External perimeter
G1 F1500
G1 X146.531 Y146.217 E.00091
G1 X146.406 Y146.175 E.00344
G1 X140.074 Y146.175 E.16498
G1 X139.949 Y146.217 E.00344
G1 X139.865 Y146.384 E.00487
G1 X139.865 Y148.775 E.0623
G1 X110.135 Y148.775 E.77464
G1 X110.135 Y146.384 E.0623
G1 X110.051 Y146.217 E.00487
G1 X109.926 Y146.175 E.00344
G1 X103.594 Y146.175 E.16498
G1 X103.469 Y146.217 E.00344
G1 X103.385 Y146.384 E.00487
G1 X103.385 Y148.775 E.0623
G1 X72.331 Y148.775 E.80913
G1 X70.898 Y148.085 E.04144
G1 X70.505 Y146.962 E.031
G1 X70.505 Y108.375 E1.00541
G1 X72.896 Y108.375 E.0623
G1 X73.04 Y108.318 E.00404
G1 X73.105 Y108.166 E.00431
G1 X73.105 Y101.834 E.16498
G1 X73.04 Y101.682 E.00431
G1 X72.896 Y101.625 E.00404
G1 X70.505 Y101.625 E.0623
G1 X70.505 Y63.051 E1.00507
G1 X71.195 Y61.618 E.04144
G1 X72.318 Y61.225 E.031
G1 X103.385 Y61.225 E.80947
G1 X103.385 Y63.616 E.0623
G1 X103.449 Y63.767 E.00427
G1 X103.594 Y63.825 E.00407
G1 X109.926 Y63.825 E.16498
G1 X110.071 Y63.767 E.00407
G1 X110.135 Y63.616 E.00427
G1 X110.135 Y61.225 E.0623
G1 X139.865 Y61.225 E.77464
G1 X139.865 Y63.616 E.0623
G1 X139.929 Y63.767 E.00427
G1 X140.074 Y63.825 E.00407
G1 X146.406 Y63.825 E.16498
G1 X146.551 Y63.767 E.00407
G1 X146.615 Y63.616 E.00427
G1 X146.615 Y61.225 E.0623
G1 X177.669 Y61.225 E.80913
G1 X179.102 Y61.915 E.04144
G1 X179.495 Y63.038 E.031
G1 X179.495 Y101.625 E1.00541
G1 X177.104 Y101.625 E.0623
G1 X176.968 Y101.675 E.00378
G1 X176.895 Y101.834 E.00456
G1 X176.895 Y108.166 E.16498
G1 X176.968 Y108.325 E.00456
G1 X177.104 Y108.375 E.00378
G1 X179.495 Y108.375 E.0623
G1 X179.495 Y146.949 E1.00507
G1 X178.805 Y148.382 E.04144
G1 X177.682 Y148.775 E.031
G1 X146.615 Y148.775 E.80947
G1 X146.615 Y146.384 E.0623
M73 Q60 S22
G1 X146.574 Y146.301 E.00241
M204 S1000
G1 X146.734 Y145.408 F10800
;TYPE:Solid infill
G1 F4800
G1 X147.116 Y145.298 E.01036
G1 X170.655 Y145.298 E.61333
G1 X172.185 Y147.419 E.06814
;WIDTH:0.489326
G1 X172.354 Y147.525 E.00569
;WIDTH:0.489483
G1 X177.563 Y147.525 E.14855
;WIDTH:0.51745
G1 X177.704 Y147.428 E.00518
;WIDTH:0.545416
G1 X177.846 Y147.331 E.0055
G1 X178.007 Y147.14 E.008
;WIDTH:0.503181
G1 X178.168 Y146.95 E.00731
;WIDTH:0.489483
G1 X178.245 Y146.716 E.00703
G1 X178.246 Y109.359 E1.06535
;WIDTH:0.488572
G1 X178.439 Y109.167 E.00775
M73 P60 R22
G1 X178.703 Y109.167 E.00751
G1 X178.703 Y109.453 E.00814
;WIDTH:0.489483
G1 X178.702 Y146.768 E1.06415
G1 X178.513 Y147.194 E.01329
;WIDTH:0.503181
G1 X178.363 Y147.457 E.00889
;WIDTH:0.545416
G1 X178.213 Y147.72 E.00969
G1 X177.925 Y147.846 E.01006
;WIDTH:0.498087
G1 X177.508 Y147.982 E.01274
;WIDTH:0.489483
G1 X172.354 Y147.982 E.14698
;WIDTH:0.489326
G1 X171.886 Y148.002 E.01335
;WIDTH:0.449999
G1 X147.388 Y148.002 E.63831
G1 X147.388 Y146.39 E.042
G1 X147.324 Y146.048 E.00907
G1 X147.028 Y145.633 E.01328
G1 X146.9 Y145.535 E.0042
G1 X147.619 Y145.716 E.01932
G1 X170.441 Y145.716 E.59464
G1 X171.789 Y147.584 E.06002
G1 X147.806 Y147.584 E.62489
G1 X147.806 Y146.39 E.03111
G1 X147.733 Y145.966 E.01121
G1 X147.706 Y145.906 E.00171
G1 X148.193 Y146.134 E.01401
G1 X170.228 Y146.134 E.57414
G1 X170.972 Y147.166 E.03315
G1 X148.224 Y147.166 E.59272
G1 X148.205 Y146.342 E.02148
G1 X148.74 Y146.65 E.01608
;WIDTH:0.64727
G1 X169.963 Y146.65 E.81407
;WIPE_START
G1 F8640
G1 X166.498 Y146.65 E-.8
;WIPE_END
G1 Z2.7 F720
G1 X172.618 Y147.274 F10800
G1 Z2.3 F720
G1 E.8 F2100
;TYPE:Bridge infill
;WIDTH:0.404879
;HEIGHT:0.4
G1 F1500
G1 X171.205 Y145.314 E.12933
G1 X171.766 Y145.314 E.03003
G1 X173.033 Y147.072 E.11599
G1 X173.594 Y147.072 E.03003
G1 X172.326 Y145.314 E.11602
G1 X172.887 Y145.314 E.03003
G1 X174.154 Y147.072 E.11599
G1 X174.715 Y147.072 E.03003
G1 X173.448 Y145.314 E.11599
G1 X174.009 Y145.314 E.03003
G1 X175.276 Y147.072 E.11599
G1 X175.837 Y147.071 E.03003
G1 X174.485 Y145.196 E.12373
G1 X174.689 Y145.074 E.01272
G1 X174.834 Y144.903 E.012
G1 X176.397 Y147.071 E.14306
G1 X176.958 Y147.071 E.03003
G1 X175.025 Y144.39 E.17692
G1 X175.034 Y143.625 E.04095
G1 X177.48 Y147.017 E.22385
G1 X177.791 Y146.705 E.02358
G1 X177.791 Y146.671 E.00182
G1 X175.034 Y142.847 E.25234
G1 X175.034 Y142.069 E.04164
G1 X177.791 Y145.894 E.25238
G1 X177.791 Y145.116 E.04164
G1 X175.034 Y141.291 E.25238
G1 X175.034 Y140.514 E.04159
G1 X177.792 Y144.338 E.25237
G1 X177.792 Y143.56 E.04164
G1 X175.034 Y139.736 E.25237
G1 X175.034 Y138.958 E.04164
G1 X177.792 Y142.783 E.25241
G1 X177.792 Y142.005 E.04164
G1 X175.034 Y138.18 E.25241
G1 X175.034 Y137.403 E.04159
G1 X177.792 Y141.227 E.25237
G1 X177.792 Y140.45 E.04159
G1 X175.034 Y136.625 E.25241
G1 X175.034 Y135.847 E.04164
G1 X177.792 Y139.672 E.25241
G1 X177.792 Y138.894 E.04164
G1 X175.034 Y135.069 E.25241
G1 X175.034 Y134.291 E.04164
G1 X177.792 Y138.116 E.25241
G1 X177.792 Y137.339 E.04159
G1 X175.034 Y133.514 E.25241
G1 X175.034 Y132.736 E.04164
G1 X177.792 Y136.561 E.25241
G1 X177.792 Y135.783 E.04164
G1 X175.034 Y131.958 E.25241
G1 X175.034 Y131.18 E.04164
G1 X177.792 Y135.005 E.25241
G1 X177.792 Y134.228 E.04159
G1 X175.034 Y130.402 E.25246
G1 X175.034 Y129.625 E.04159
G1 X177.792 Y133.45 E.25241
G1 X177.792 Y132.672 E.04164
G1 X175.034 Y128.847 E.25241
G1 X175.034 Y128.069 E.04164
G1 X177.792 Y131.894 E.25241
G1 X177.792 Y131.117 E.04159
G1 X175.034 Y127.291 E.25246
G1 X175.034 Y126.514 E.04159
G1 X177.792 Y130.339 E.25241
G1 X177.792 Y129.561 E.04164
G1 X175.034 Y125.736 E.25241
G1 X175.034 Y124.958 E.04164
G1 X177.792 Y128.784 E.25246
G1 X177.792 Y128.006 E.04164
G1 X175.034 Y124.18 E.25246
G1 X175.034 Y123.402 E.04164
G1 X177.792 Y127.228 E.25246
G1 X177.792 Y126.45 E.04164
G1 X175.034 Y122.625 E.25241
G1 X175.034 Y121.847 E.04164
G1 X177.792 Y125.673 E.25246
G1 X177.792 Y124.895 E.04164
G1 X175.034 Y121.069 E.25246
G1 X175.034 Y120.291 E.04164
G1 X177.792 Y124.117 E.25246
G1 X177.793 Y123.339 E.04164
G1 X175.034 Y119.513 E.25249
G1 X175.034 Y118.736 E.04159
G1 X177.793 Y122.562 E.25249
G1 X177.793 Y121.784 E.04164
G1 X175.034 Y117.958 E.25249
G1 X175.034 Y117.18 E.04164
G1 X177.793 Y121.006 E.25249
G1 X177.793 Y120.228 E.04164
G1 X175.034 Y116.402 E.25249
G1 X175.034 Y115.625 E.04159
G1 X177.793 Y119.451 E.25249
G1 X177.793 Y118.673 E.04164
G1 X175.034 Y114.847 E.25249
G1 X175.034 Y114.069 E.04164
G1 X177.793 Y117.895 E.25249
G1 X177.793 Y117.118 E.04159
G1 X175.034 Y113.291 E.25253
G1 X175.034 Y112.513 E.04164
G1 X177.793 Y116.34 E.25253
G1 X177.793 Y115.562 E.04164
G1 X175.034 Y111.736 E.25249
G1 X175.034 Y110.958 E.04164
G1 X177.793 Y114.784 E.25249
G1 X177.793 Y114.007 E.04159
G1 X175.034 Y110.18 E.25253
G1 X175.034 Y109.402 E.04164
G1 X177.793 Y113.229 E.25253
G1 X177.793 Y112.451 E.04164
G1 X175.034 Y108.624 E.25253
G1 X175.034 Y107.847 E.04159
G1 X177.793 Y111.673 E.25249
G1 X177.793 Y110.896 E.04159
G1 X175.034 Y107.069 E.25253
G1 X175.034 Y106.291 E.04164
G1 X176.106 Y107.778 E.09812
G1 X176.121 Y108.343 E.03025
G1 X176.207 Y108.608 E.01491
G1 X176.451 Y108.925 E.02141
G1 X176.747 Y109.1 E.01841
G1 X177.017 Y109.161 E.01482
G1 X177.103 Y109.161 E.0046
G1 X177.793 Y110.118 E.06315
G1 X177.793 Y109.34 E.04164
G1 X177.519 Y108.959 E.02512
;WIPE_START
G1 F8640
G1 X177.793 Y109.34 E-.10836
G1 X177.793 Y110.118 E-.17964
G1 X177.103 Y109.161 E-.27242
G1 X177.017 Y109.161 E-.01986
G1 X176.747 Y109.1 E-.06392
G1 X176.451 Y108.925 E-.0794
G1 X176.249 Y108.663 E-.0764
;WIPE_END
G1 Z2.7 F720
G1 X175.018 Y105.684 F10800
G1 Z2.3 F720
G1 E.8 F2100
;TYPE:Solid infill
;WIDTH:0.449999
;HEIGHT:0.15
G1 F4800
G1 X175.018 Y104.021 E.04333
G1 X175.084 Y104.02 E.00172
G1 X176.122 Y104.935 E.03605
G1 X176.122 Y106.769 E.04779
G1 X175.327 Y105.665 E.03545
G1 X175.22 Y105.655 E.0028
G1 X175.398 Y105.012 E.01738
;WIDTH:0.374024
G1 X175.398 Y105.322 E.00661
G1 X175.488 Y105.332 E.00193
G1 X175.742 Y105.592 E.00775
G1 X175.742 Y105.107 E.01034
G1 X175.398 Y104.803 E.00979
;WIPE_START
G1 F8640
G1 X175.742 Y105.107 E-.106
G1 X175.742 Y105.592 E-.11199
G1 X175.488 Y105.332 E-.08393
G1 X175.398 Y105.322 E-.02091
G1 X175.398 Y105.012 E-.07158
G1 X175.22 Y105.655 E-.15405
G1 X175.327 Y105.665 E-.02481
G1 X175.901 Y106.461 E-.22673
;WIPE_END
G1 Z2.7 F720
G1 X147.407 Y62.28 F10800
G1 Z2.3 F720
G1 E.8 F2100
;WIDTH:0.488572
G1 F4800
G1 X147.407 Y62.017 E.00749
G1 X147.695 Y62.017 E.0082
;WIDTH:0.489479
G1 X177.433 Y62.018 E.84806
G1 X177.877 Y62.194 E.01362
;WIDTH:0.4701
G1 X178.478 Y62.473 E.0181
;WIDTH:0.449999
G1 X178.532 Y62.627 E.00425
;WIDTH:0.461652
G1 X178.699 Y63.12 E.01394
;WIDTH:0.489474
G1 X178.703 Y100.833 E1.07548
;WIDTH:0.48857
G1 X178.44 Y100.833 E.00749
G1 X178.246 Y100.64 E.00779
G1 X178.246 Y100.545 E.0027
;WIDTH:0.489474
G1 X178.245 Y63.587 E1.05395
G1 X178.151 Y63.406 E.00582
;WIDTH:0.461652
G1 X177.842 Y62.987 E.01394
;WIDTH:0.482328
G1 X177.511 Y62.521 E.01605
;WIDTH:0.489479
G1 X177.38 Y62.475 E.00396
G1 X147.6 Y62.474 E.84926
;WIDTH:0.488572
G1 X147.555 Y62.428 E.00183
;WIPE_START
G1 F8640
G1 X147.6 Y62.474 E-.01486
G1 X151 Y62.474 E-.78514
;WIPE_END
G1 Z2.7 F720
G1 X110.927 Y62.017 F10800
G1 Z2.3 F720
G1 E.8 F2100
;WIDTH:0.488559
G1 F4800
G1 X139.073 Y62.017 E.80105
G1 X139.073 Y62.28 E.00749
G1 X138.88 Y62.474 E.00779
G1 X111.12 Y62.474 E.79006
G1 X110.927 Y62.28 E.00779
G1 X110.927 Y62.226 E.00154
;WIPE_START
G1 F8640
G1 X110.927 Y62.28 E-.01247
G1 X111.12 Y62.474 E-.06319
G1 X114.257 Y62.474 E-.72434
;WIPE_END
G1 Z2.7 F720
G1 X71.297 Y100.196 F10800
G1 Z2.3 F720
G1 E.8 F2100
;WIDTH:0.489481
G1 F4800
G1 X71.298 Y63.232 E1.05414
G1 X71.487 Y62.806 E.01329
;WIDTH:0.503173
G1 X71.637 Y62.543 E.00889
;WIDTH:0.545407
G1 X71.787 Y62.28 E.00969
G1 X72.075 Y62.154 E.01006
;WIDTH:0.498078
G1 X72.492 Y62.018 E.01274
;WIDTH:0.489484
G1 X102.593 Y62.017 E.85842
;WIDTH:0.488568
G1 X102.593 Y62.28 E.00749
G1 X102.4 Y62.474 E.00779
G1 X102.305 Y62.474 E.0027
;WIDTH:0.489484
G1 X72.437 Y62.475 E.85178
;WIDTH:0.517446
G1 X72.296 Y62.572 E.00518
M73 P60 R21
;WIDTH:0.545407
G1 X72.154 Y62.669 E.0055
G1 X71.993 Y62.86 E.008
;WIDTH:0.503173
G1 X71.832 Y63.05 E.00731
;WIDTH:0.489481
G1 X71.755 Y63.284 E.00703
G1 X71.754 Y100.273 E1.05485
;WIDTH:0.516812
G1 X71.862 Y100.518 E.00809
;WIDTH:0.545045
G1 X71.97 Y100.764 E.00859
G1 X71.906 Y100.805 E.00243
G1 X71.325 Y100.805 E.01858
G1 X71.307 Y100.405 E.01281
;WIPE_START
G1 F8640
G1 X71.325 Y100.805 E-.09245
G1 X71.906 Y100.805 E-.13415
G1 X71.97 Y100.764 E-.01755
G1 X71.862 Y100.518 E-.06204
G1 X71.754 Y100.273 E-.06182
G1 X71.754 Y98.402 E-.43199
;WIPE_END
G1 Z2.7 F720
G1 X71.298 Y146.202 F10800
G1 Z2.3 F720
G1 E.8 F2100
;WIDTH:0.48947
G1 F4800
G1 X71.297 Y109.167 E1.05614
;WIDTH:0.488571
G1 X71.56 Y109.167 E.00749
G1 X71.754 Y109.36 E.00779
G1 X71.754 Y109.455 E.0027
;WIDTH:0.48947
G1 X71.755 Y146.202 E1.04792
G1 X71.806 Y146.33 E.00393
;WIDTH:0.469299
G1 X72.255 Y146.935 E.02054
;WIDTH:0.481019
G1 X72.462 Y147.224 E.00995
;WIDTH:0.512039
G1 X72.669 Y147.513 E.01064
G1 X72.773 Y147.525 E.00313
;WIDTH:0.489476
G1 X80.263 Y147.525 E.2136
;WIDTH:0.489248
G1 X80.465 Y147.348 E.00766
;WIDTH:0.449999
G1 X80.432 Y147.175 E.00459
G1 X79.079 Y145.298 E.06029
G1 X102.392 Y145.298 E.60744
G1 X103.108 Y145.317 E.01866
G1 X103.271 Y145.388 E.00463
G1 X103.029 Y145.583 E.0081
G1 X102.716 Y145.961 E.01279
G1 X102.612 Y146.39 E.0115
G1 X102.612 Y148.002 E.042
G1 X80.973 Y148.002 E.56382
;WIDTH:0.489248
G1 X80.263 Y147.982 E.02025
;WIDTH:0.489476
G1 X72.603 Y147.982 E.21844
G1 X72.233 Y147.856 E.01115
;WIDTH:0.473939
G1 X71.522 Y147.527 E.02158
;WIDTH:0.449999
G1 X71.278 Y146.765 E.02085
;WIDTH:0.47485
G1 X71.29 Y146.411 E.00978
G1 X71.872 Y147.141 F10800
;WIDTH:0.520642
G1 F4800
G1 X71.828 Y147.185 E.0019
G1 X71.844 Y147.244 E.00186
G1 X71.903 Y147.259 E.00185
G1 X71.946 Y147.216 E.00185
G1 X71.931 Y147.157 E.00185
;WIPE_START
G1 F8640
G1 X71.946 Y147.216 E-.01406
G1 X71.903 Y147.259 E-.01404
G1 X71.844 Y147.244 E-.01406
G1 X71.828 Y147.185 E-.01412
G1 X71.872 Y147.141 E-.01437
;WIPE_END
G1 E-.72935 F2100
G1 Z2.7 F720
G1 X79.895 Y145.716 F10800
G1 Z2.3 F720
G1 E.8 F2100
;WIDTH:0.449999
G1 F4800
G1 X102.381 Y145.716 E.58589
G1 X102.267 Y145.966 E.00716
G1 X102.194 Y146.39 E.01121
G1 X102.194 Y147.584 E.03111
G1 X80.727 Y147.584 E.55934
G1 X80.87 Y147.452 E.00507
G1 X80.833 Y147.037 E.01086
G1 X80.017 Y145.885 E.03678
G1 X80.712 Y146.134 E.01924
G1 X101.807 Y146.134 E.54965
G1 X101.776 Y146.39 E.00672
G1 X101.776 Y147.166 E.02022
G1 X81.24 Y147.166 E.53508
G1 X81.213 Y146.864 E.0079
M73 Q60 S21
G1 X81.11 Y146.686 E.00536
G1 X80.834 Y146.303 E.0123
G1 X81.683 Y146.65 F10800
;WIDTH:0.64727
G1 F4800
G1 X101.26 Y146.65 E.75094
;WIPE_START
G1 F8640
G1 X97.795 Y146.65 E-.8
;WIPE_END
G1 Z2.7 F720
G1 X110.254 Y145.408 F10800
G1 Z2.3 F720
G1 E.8 F2100
;WIDTH:0.449999
G1 F4800
G1 X110.636 Y145.298 E.01036
G1 X138.872 Y145.298 E.73571
G1 X139.625 Y145.327 E.01963
M73 Q61 S21
G1 X139.751 Y145.388 E.00365
G1 X139.509 Y145.583 E.0081
G1 X139.196 Y145.961 E.01279
G1 X139.092 Y146.39 E.0115
G1 X139.092 Y148.002 E.042
G1 X110.908 Y148.002 E.73435
G1 X110.908 Y146.39 E.042
G1 X110.844 Y146.048 E.00907
G1 X110.548 Y145.633 E.01328
G1 X110.42 Y145.535 E.0042
G1 X111.139 Y145.716 E.01932
G1 X138.861 Y145.716 E.72232
G1 X138.747 Y145.966 E.00716
G1 X138.674 Y146.39 E.01121
G1 X138.674 Y147.584 E.03111
G1 X111.326 Y147.584 E.71257
G1 X111.326 Y146.39 E.03111
G1 X111.253 Y145.966 E.01121
G1 X111.226 Y145.906 E.00171
G1 X111.713 Y146.134 E.01401
G1 X138.287 Y146.134 E.6924
G1 X138.256 Y146.39 E.00672
M73 P61 R21
G1 X138.256 Y147.166 E.02022
G1 X111.744 Y147.166 E.69079
G1 X111.725 Y146.342 E.02148
G1 X112.26 Y146.65 E.01608
;WIDTH:0.64727
G1 X137.74 Y146.65 E.97736
;WIPE_START
G1 F8640
G1 X134.275 Y146.65 E-.8
;WIPE_END
G1 Z2.7 F720
G1 X73.035 Y147.274 F10800
G1 Z2.3 F720
G1 E.8 F2100
;TYPE:Bridge infill
;WIDTH:0.400755
;HEIGHT:0.4
G1 F1500
G1 X72.209 Y146.128 E.07408
G1 X72.209 Y145.358 E.04038
G1 X73.444 Y147.071 E.11075
G1 X74 Y147.071 E.02916
G1 X72.209 Y144.587 E.1606
G1 X72.208 Y143.816 E.04043
G1 X74.556 Y147.072 E.21052
G1 X75.111 Y147.072 E.02911
G1 X72.208 Y143.045 E.26034
G1 X72.208 Y142.274 E.04043
G1 X75.667 Y147.072 E.31019
G1 X76.223 Y147.072 E.02916
G1 X72.208 Y141.504 E.36
G1 X72.208 Y140.733 E.04043
G1 X76.779 Y147.072 E.40985
G1 X77.334 Y147.072 E.02911
G1 X72.208 Y139.962 E.45967
G1 X72.208 Y139.191 E.04043
G1 X77.89 Y147.072 E.50951
G1 X78.446 Y147.072 E.02916
G1 X72.208 Y138.42 E.55936
G1 X72.208 Y137.65 E.04038
G1 X76.966 Y144.249 E.42664
G1 X76.986 Y144.521 E.0143
G1 X77.051 Y144.723 E.01113
G1 X77.177 Y144.933 E.01284
G1 X77.377 Y145.125 E.01454
G1 X77.648 Y145.265 E.016
G1 X77.705 Y145.274 E.00303
G1 X79.001 Y147.072 E.11623
G1 X79.557 Y147.072 E.02916
G1 X78.144 Y145.112 E.12671
;WIPE_START
G1 F8640
G1 X79.557 Y147.072 E-.55791
G1 X79.001 Y147.072 E-.12838
G1 X78.713 Y146.673 E-.11371
;WIPE_END
G1 Z2.7 F720
G1 X77.168 Y143.759 F10800
G1 Z2.3 F720
G1 E.8 F2100
G1 F1500
G1 X72.208 Y136.879 E.44479
G1 X72.208 Y136.108 E.04043
G1 X76.966 Y142.707 E.42664
G1 X76.966 Y141.936 E.04043
G1 X72.208 Y135.337 E.42664
G1 X72.208 Y134.567 E.04038
G1 X76.966 Y141.166 E.42664
G1 X76.966 Y140.395 E.04043
G1 X72.208 Y133.796 E.42664
G1 X72.208 Y133.025 E.04043
G1 X76.966 Y139.624 E.42664
G1 X76.966 Y138.853 E.04043
G1 X72.208 Y132.254 E.42664
G1 X72.208 Y131.483 E.04043
G1 X76.966 Y138.083 E.42668
G1 X76.966 Y137.312 E.04043
G1 X72.208 Y130.713 E.42664
G1 X72.208 Y129.942 E.04043
G1 X76.966 Y136.541 E.42664
G1 X76.966 Y135.771 E.04038
G1 X72.208 Y129.171 E.42668
G1 X72.208 Y128.4 E.04043
G1 X76.966 Y135 E.42668
G1 X76.966 Y134.229 E.04043
G1 X72.208 Y127.629 E.42668
G1 X72.208 Y126.859 E.04038
G1 X76.966 Y133.458 E.42664
G1 X76.966 Y132.688 E.04038
G1 X72.208 Y126.088 E.42668
G1 X72.208 Y125.317 E.04043
G1 X76.966 Y131.917 E.42668
G1 X76.966 Y131.146 E.04043
G1 X72.208 Y124.546 E.42668
G1 X72.207 Y123.776 E.04038
G1 X76.966 Y130.375 E.42667
G1 X76.966 Y129.605 E.04038
G1 X72.207 Y123.005 E.42671
G1 X72.207 Y122.234 E.04043
G1 X76.966 Y128.834 E.42671
G1 X76.966 Y128.063 E.04043
G1 X72.207 Y121.463 E.42671
G1 X72.207 Y120.692 E.04043
G1 X76.966 Y127.292 E.42671
G1 X76.966 Y126.522 E.04038
G1 X72.207 Y119.922 E.42671
G1 X72.207 Y119.151 E.04043
G1 X76.966 Y125.751 E.42671
G1 X76.966 Y124.98 E.04043
G1 X72.207 Y118.38 E.42671
G1 X72.207 Y117.609 E.04043
G1 X76.966 Y124.21 E.42676
G1 X76.966 Y123.439 E.04043
G1 X72.207 Y116.838 E.42676
G1 X72.207 Y116.068 E.04038
G1 X76.966 Y122.668 E.42671
G1 X76.966 Y121.897 E.04043
G1 X72.207 Y115.297 E.42671
G1 X72.207 Y114.526 E.04043
G1 X76.966 Y121.127 E.42676
G1 X76.966 Y120.356 E.04043
G1 X72.207 Y113.755 E.42676
G1 X72.207 Y112.985 E.04038
G1 X76.966 Y119.585 E.42671
G1 X76.966 Y118.814 E.04043
G1 X72.207 Y112.214 E.42671
G1 X72.207 Y111.443 E.04043
G1 X76.966 Y118.044 E.42676
G1 X76.966 Y117.273 E.04043
G1 X72.207 Y110.672 E.42676
G1 X72.207 Y109.901 E.04043
G1 X76.966 Y116.502 E.42676
G1 X76.966 Y115.731 E.04043
G1 X72.231 Y109.164 E.42457
G1 X72.787 Y109.164 E.02916
G1 X76.966 Y114.961 E.37477
G1 X76.966 Y114.19 E.04043
G1 X73.283 Y109.082 E.33025
G1 X73.402 Y109.027 E.00687
G1 X73.584 Y108.89 E.01195
G1 X73.646 Y108.815 E.0051
G1 X76.966 Y113.419 E.29767
G1 X76.966 Y112.649 E.04038
G1 X73.869 Y108.353 E.27773
G1 X73.894 Y108.178 E.00927
G1 X73.894 Y107.617 E.02942
G1 X76.966 Y111.878 E.27548
G1 X76.966 Y111.107 E.04043
G1 X73.894 Y106.846 E.27548
G1 X73.894 Y106.076 E.04038
G1 X76.966 Y110.336 E.27543
G1 X76.966 Y109.566 E.04038
G1 X73.894 Y105.305 E.27548
G1 X73.894 Y104.534 E.04043
G1 X76.966 Y108.795 E.27548
G1 X76.966 Y108.024 E.04043
G1 X73.894 Y103.763 E.27548
G1 X73.894 Y102.993 E.04038
G1 X76.966 Y107.253 E.27543
G1 X76.966 Y106.483 E.04038
G1 X73.894 Y102.222 E.27548
G1 X73.894 Y101.822 E.02098
G1 X73.856 Y101.554 E.0142
G1 X73.744 Y101.305 E.01432
G1 X73.584 Y101.11 E.01323
G1 X73.402 Y100.973 E.01195
G1 X73.213 Y100.886 E.01091
G1 X72.895 Y100.836 E.01688
G1 X72.207 Y99.882 E.06168
G1 X72.207 Y99.111 E.04043
G1 X76.966 Y105.712 E.42676
G1 X76.966 Y104.941 E.04043
G1 X72.207 Y98.341 E.42671
G1 X72.207 Y97.57 E.04043
G1 X76.966 Y104.17 E.42671
G1 X76.966 Y103.4 E.04038
G1 X72.207 Y96.799 E.42676
G1 X72.207 Y96.028 E.04043
G1 X76.966 Y102.629 E.42676
G1 X76.966 Y101.858 E.04043
G1 X72.207 Y95.258 E.42671
G1 X72.207 Y94.487 E.04043
G1 X76.966 Y101.088 E.42676
G1 X76.966 Y100.317 E.04043
G1 X72.207 Y93.716 E.42676
G1 X72.207 Y92.946 E.04038
G1 X76.966 Y99.546 E.42671
G1 X76.966 Y98.775 E.04043
G1 X72.207 Y92.175 E.42671
G1 X72.207 Y91.404 E.04043
G1 X76.966 Y98.005 E.42676
G1 X76.966 Y97.234 E.04043
G1 X72.207 Y90.634 E.42671
G1 X72.207 Y89.863 E.04043
G1 X76.966 Y96.463 E.42671
G1 X76.966 Y95.692 E.04043
G1 X72.207 Y89.092 E.42671
G1 X72.207 Y88.322 E.04038
G1 X76.966 Y94.922 E.42671
G1 X76.966 Y94.151 E.04043
G1 X72.207 Y87.551 E.42671
G1 X72.207 Y86.78 E.04043
G1 X76.966 Y93.38 E.42671
G1 X76.966 Y92.609 E.04043
G1 X72.208 Y86.01 E.42664
G1 X72.208 Y85.239 E.04043
G1 X76.966 Y91.839 E.42668
G1 X76.966 Y91.068 E.04043
G1 X72.208 Y84.468 E.42668
G1 X72.208 Y83.698 E.04038
G1 X76.966 Y90.297 E.42664
G1 X76.966 Y89.526 E.04043
G1 X72.208 Y82.927 E.42664
G1 X72.208 Y82.156 E.04043
G1 X76.966 Y88.756 E.42668
G1 X76.966 Y87.985 E.04043
M73 Q62 S21
G1 X72.208 Y81.386 E.42664
G1 X72.208 Y80.615 E.04043
G1 X76.966 Y87.214 E.42664
G1 X76.966 Y86.444 E.04038
G1 X72.208 Y79.844 E.42668
G1 X72.208 Y79.073 E.04043
G1 X76.966 Y85.673 E.42668
G1 X76.966 Y84.902 E.04043
G1 X72.208 Y78.303 E.42664
G1 X72.208 Y77.532 E.04043
M73 P62 R21
G1 X76.966 Y84.131 E.42664
G1 X76.966 Y83.676 E.02386
G1 X77.006 Y83.417 E.01374
G1 X72.208 Y76.761 E.43029
G1 X72.208 Y75.991 E.04038
G1 X77.251 Y82.986 E.45223
G1 X77.492 Y82.803 E.01587
G1 X77.636 Y82.749 E.00807
G1 X72.208 Y75.22 E.48675
G1 X72.208 Y74.449 E.04043
G1 X78.147 Y82.686 E.53254
G1 X78.702 Y82.686 E.02911
G1 X72.208 Y73.679 E.58232
G1 X72.208 Y72.908 E.04043
G1 X79.258 Y82.686 E.63217
G1 X79.814 Y82.686 E.02916
G1 X72.208 Y72.137 E.68202
G1 X72.208 Y71.367 E.04038
G1 X80.369 Y82.686 E.73179
G1 X80.925 Y82.686 E.02916
G1 X72.208 Y70.596 E.78164
G1 X72.208 Y69.825 E.04043
G1 X81.481 Y82.686 E.83149
G1 X82.037 Y82.686 E.02916
G1 X72.208 Y69.055 E.8813
G1 X72.208 Y68.284 E.04043
G1 X82.592 Y82.686 E.93112
G1 X83.148 Y82.686 E.02916
G1 X72.208 Y67.513 E.98097
G1 X72.208 Y66.743 E.04038
G1 X83.704 Y82.686 E1.03078
G1 X84.259 Y82.686 E.02911
G1 X72.208 Y65.972 E1.0806
G1 X72.209 Y65.201 E.04043
G1 X84.815 Y82.686 E1.13042
G1 X85.371 Y82.686 E.02916
G1 X72.209 Y64.431 E1.18022
G1 X72.209 Y63.66 E.04043
G1 X85.926 Y82.686 E1.23004
G1 X86.482 Y82.686 E.02916
G1 X72.379 Y63.125 E1.26464
G1 X72.575 Y62.929 E.01454
G1 X72.793 Y62.929 E.01143
G1 X87.038 Y82.686 E1.27733
G1 X87.594 Y82.686 E.02916
G1 X73.348 Y62.929 E1.27736
G1 X73.904 Y62.929 E.02916
G1 X88.149 Y82.686 E1.27733
G1 X88.705 Y82.686 E.02916
G1 X74.46 Y62.929 E1.27733
G1 X75.015 Y62.928 E.02911
M73 P62 R20
G1 X89.261 Y82.686 E1.27741
G1 X89.816 Y82.686 E.02911
G1 X75.571 Y62.928 E1.27738
G1 X76.127 Y62.928 E.02916
G1 X90.372 Y82.686 E1.27738
G1 X90.928 Y82.686 E.02916
G1 X76.682 Y62.928 E1.27741
G1 X77.238 Y62.928 E.02916
G1 X91.483 Y82.686 E1.27738
G1 X92.039 Y82.686 E.02916
G1 X77.794 Y62.928 E1.27738
G1 X78.35 Y62.928 E.02916
M73 Q62 S20
G1 X92.595 Y82.686 E1.27738
G1 X93.151 Y82.686 E.02916
G1 X78.905 Y62.928 E1.27741
G1 X79.461 Y62.928 E.02916
G1 X93.706 Y82.686 E1.27738
G1 X94.262 Y82.686 E.02916
G1 X80.017 Y62.928 E1.27738
G1 X80.572 Y62.928 E.02911
G1 X94.818 Y82.686 E1.27741
G1 X95.373 Y82.686 E.02911
G1 X81.128 Y62.928 E1.27738
G1 X81.684 Y62.928 E.02916
G1 X95.929 Y82.686 E1.27738
G1 X96.485 Y82.686 E.02916
G1 X82.239 Y62.928 E1.27741
G1 X82.795 Y62.928 E.02916
M73 Q63 S20
G1 X97.04 Y82.686 E1.27738
G1 X97.596 Y82.686 E.02916
G1 X83.351 Y62.928 E1.27738
G1 X83.906 Y62.928 E.02911
M73 P63 R20
G1 X98.152 Y82.686 E1.27741
G1 X98.708 Y82.686 E.02916
G1 X84.462 Y62.928 E1.27741
G1 X85.018 Y62.928 E.02916
G1 X99.263 Y82.686 E1.27738
G1 X99.819 Y82.686 E.02916
G1 X85.573 Y62.928 E1.27741
G1 X86.129 Y62.928 E.02916
G1 X100.375 Y82.686 E1.27741
G1 X100.93 Y82.686 E.02911
G1 X86.685 Y62.928 E1.27738
G1 X87.24 Y62.928 E.02911
G1 X101.486 Y82.686 E1.27741
G1 X102.042 Y82.686 E.02916
G1 X87.796 Y62.928 E1.27741
G1 X88.352 Y62.928 E.02916
G1 X102.597 Y82.686 E1.27738
G1 X103.153 Y82.686 E.02916
G1 X88.907 Y62.928 E1.27741
G1 X89.463 Y62.928 E.02916
G1 X103.709 Y82.686 E1.27741
G1 X104.264 Y82.686 E.02911
G1 X90.019 Y62.928 E1.27738
G1 X90.574 Y62.928 E.02911
G1 X104.82 Y82.686 E1.27741
G1 X105.376 Y82.686 E.02916
G1 X91.13 Y62.927 E1.27745
G1 X91.686 Y62.927 E.02916
G1 X105.932 Y82.686 E1.27745
G1 X106.487 Y82.686 E.02911
G1 X92.241 Y62.927 E1.27745
G1 X92.797 Y62.927 E.02916
G1 X107.043 Y82.686 E1.27745
G1 X107.599 Y82.686 E.02916
G1 X93.353 Y62.927 E1.27745
G1 X93.908 Y62.927 E.02911
G1 X108.154 Y82.686 E1.27745
G1 X108.71 Y82.686 E.02916
G1 X94.464 Y62.927 E1.27745
G1 X95.02 Y62.927 E.02916
G1 X109.266 Y82.686 E1.27745
G1 X109.821 Y82.686 E.02911
G1 X95.575 Y62.927 E1.27745
G1 X96.131 Y62.927 E.02916
G1 X110.377 Y82.686 E1.27745
G1 X110.933 Y82.686 E.02916
G1 X96.687 Y62.927 E1.27745
G1 X97.242 Y62.927 E.02911
G1 X111.489 Y82.686 E1.27748
G1 X112.044 Y82.686 E.02911
G1 X97.798 Y62.927 E1.27745
G1 X98.354 Y62.927 E.02916
G1 X112.6 Y82.686 E1.27745
G1 X113.156 Y82.686 E.02916
G1 X98.909 Y62.927 E1.27748
G1 X99.465 Y62.927 E.02916
G1 X113.711 Y82.686 E1.27745
G1 X114.267 Y82.686 E.02916
G1 X100.021 Y62.927 E1.27745
G1 X100.576 Y62.927 E.02911
G1 X114.823 Y82.686 E1.27748
G1 X115.378 Y82.686 E.02911
G1 X101.132 Y62.927 E1.27745
G1 X101.688 Y62.927 E.02916
M73 Q64 S20
G1 X115.934 Y82.686 E1.27745
G1 X116.49 Y82.686 E.02916
M73 P64 R20
G1 X103.451 Y64.601 E1.16922
G1 X103.355 Y64.586 E.0051
G1 X103.141 Y64.507 E.01196
G1 X102.959 Y64.387 E.01143
G1 X102.836 Y64.266 E.00905
G1 X102.695 Y64.053 E.0134
G1 X102.627 Y63.867 E.01039
G1 X102.596 Y63.627 E.01269
G1 X102.596 Y63.416 E.01107
G1 X102.098 Y62.724 E.04471
;WIPE_START
G1 F8640
G1 X102.596 Y63.416 E-.19686
G1 X102.596 Y63.627 E-.04872
G1 X102.627 Y63.867 E-.05588
G1 X102.695 Y64.053 E-.04573
G1 X102.836 Y64.266 E-.05898
G1 X102.959 Y64.387 E-.03984
G1 X103.141 Y64.507 E-.05034
G1 X103.355 Y64.586 E-.05267
G1 X103.451 Y64.601 E-.02244
G1 X104.03 Y65.404 E-.22854
;WIPE_END
G1 Z2.7 F720
G1 X103.868 Y64.409 F10800
G1 Z2.3 F720
G1 E.8 F2100
G1 F1500
G1 X117.046 Y82.686 E1.18165
G1 X117.601 Y82.686 E.02911
G1 X104.57 Y64.612 E1.16851
G1 X105.126 Y64.612 E.02916
G1 X118.157 Y82.686 E1.16851
G1 X118.713 Y82.686 E.02916
G1 X105.682 Y64.612 E1.16851
G1 X106.237 Y64.612 E.02911
G1 X119.268 Y82.686 E1.16851
G1 X119.824 Y82.686 E.02916
G1 X106.793 Y64.613 E1.16846
G1 X107.349 Y64.613 E.02916
G1 X120.38 Y82.686 E1.16846
G1 X120.935 Y82.686 E.02911
G1 X107.905 Y64.613 E1.16843
G1 X108.461 Y64.613 E.02916
G1 X121.491 Y82.686 E1.16843
G1 X122.047 Y82.686 E.02916
G1 X109.017 Y64.614 E1.16839
G1 X109.573 Y64.614 E.02916
M73 P64 R19
G1 X122.603 Y82.686 E1.16839
G1 X123.158 Y82.686 E.02911
G1 X110.113 Y64.593 E1.16974
G1 X110.382 Y64.505 E.01484
G1 X110.53 Y64.4 E.00952
G1 X123.714 Y82.686 E1.18222
G1 X124.27 Y82.686 E.02916
G1 X110.82 Y64.032 E1.20603
G1 X110.892 Y63.873 E.00915
G1 X110.924 Y63.627 E.01301
G1 X110.924 Y63.405 E.01164
G1 X124.825 Y82.686 E1.24653
G1 X125.381 Y82.686 E.02916
M73 Q64 S19
G1 X111.135 Y62.927 E1.27745
G1 X111.69 Y62.927 E.02911
G1 X125.937 Y82.686 E1.27748
G1 X126.492 Y82.686 E.02911
G1 X112.246 Y62.927 E1.27745
G1 X112.802 Y62.927 E.02916
G1 X127.048 Y82.686 E1.27745
G1 X127.604 Y82.686 E.02916
G1 X113.357 Y62.927 E1.27748
G1 X113.913 Y62.927 E.02916
G1 X128.16 Y82.686 E1.27748
G1 X128.715 Y82.686 E.02911
G1 X114.469 Y62.927 E1.27745
G1 X115.025 Y62.927 E.02916
G1 X129.271 Y82.686 E1.27745
G1 X129.827 Y82.686 E.02916
G1 X115.58 Y62.927 E1.27748
G1 X116.136 Y62.927 E.02916
G1 X130.382 Y82.686 E1.27745
G1 X130.938 Y82.686 E.02916
G1 X116.692 Y62.927 E1.27745
G1 X117.247 Y62.927 E.02911
G1 X131.494 Y82.686 E1.27748
G1 X132.049 Y82.686 E.02911
G1 X117.803 Y62.927 E1.27745
G1 X118.359 Y62.927 E.02916
G1 X132.605 Y82.686 E1.27745
G1 X133.161 Y82.686 E.02916
G1 X118.914 Y62.927 E1.27748
G1 X119.47 Y62.927 E.02916
G1 X133.717 Y82.686 E1.27748
G1 X134.272 Y82.686 E.02911
G1 X120.026 Y62.927 E1.27745
G1 X120.582 Y62.927 E.02916
M73 Q65 S19
G1 X134.828 Y82.686 E1.27745
G1 X135.384 Y82.686 E.02916
M73 P65 R19
G1 X121.137 Y62.927 E1.27748
G1 X121.693 Y62.927 E.02916
G1 X135.939 Y82.686 E1.27745
G1 X136.495 Y82.686 E.02916
G1 X122.249 Y62.927 E1.27745
G1 X122.804 Y62.927 E.02911
G1 X137.051 Y82.686 E1.27748
G1 X137.606 Y82.686 E.02911
G1 X123.36 Y62.927 E1.27745
G1 X123.916 Y62.927 E.02916
G1 X138.162 Y82.686 E1.27745
G1 X138.718 Y82.686 E.02916
G1 X124.471 Y62.927 E1.27748
G1 X125.027 Y62.927 E.02916
G1 X139.274 Y82.686 E1.27748
G1 X139.829 Y82.686 E.02911
G1 X125.583 Y62.927 E1.27745
G1 X126.139 Y62.927 E.02916
G1 X140.385 Y82.686 E1.27745
G1 X140.941 Y82.686 E.02916
G1 X126.694 Y62.927 E1.27748
G1 X127.25 Y62.927 E.02916
G1 X141.496 Y82.686 E1.27745
G1 X142.052 Y82.686 E.02916
G1 X127.806 Y62.927 E1.27745
G1 X128.361 Y62.927 E.02911
G1 X142.608 Y82.686 E1.27748
G1 X143.163 Y82.686 E.02911
G1 X128.917 Y62.927 E1.27745
G1 X129.473 Y62.927 E.02916
G1 X143.719 Y82.686 E1.27745
G1 X144.275 Y82.686 E.02916
G1 X130.028 Y62.927 E1.27748
G1 X130.584 Y62.927 E.02916
G1 X144.831 Y82.686 E1.27748
G1 X145.386 Y82.686 E.02911
G1 X131.14 Y62.927 E1.27745
G1 X131.696 Y62.927 E.02916
G1 X145.942 Y82.686 E1.27745
G1 X146.498 Y82.686 E.02916
G1 X132.251 Y62.927 E1.27748
G1 X132.807 Y62.927 E.02916
G1 X147.053 Y82.686 E1.27745
G1 X147.609 Y82.686 E.02916
G1 X133.363 Y62.927 E1.27745
G1 X133.918 Y62.927 E.02911
G1 X148.165 Y82.686 E1.27748
G1 X148.72 Y82.686 E.02911
G1 X134.474 Y62.927 E1.27745
G1 X135.03 Y62.927 E.02916
G1 X149.276 Y82.686 E1.27745
G1 X149.832 Y82.686 E.02916
G1 X135.585 Y62.927 E1.27748
G1 X136.141 Y62.927 E.02916
G1 X150.388 Y82.686 E1.27748
G1 X150.943 Y82.686 E.02911
G1 X136.697 Y62.927 E1.27745
G1 X137.253 Y62.927 E.02916
G1 X151.499 Y82.686 E1.27745
G1 X152.055 Y82.686 E.02916
G1 X137.808 Y62.927 E1.27748
G1 X138.364 Y62.927 E.02916
G1 X152.61 Y82.686 E1.27745
G1 X153.166 Y82.686 E.02916
M73 Q66 S19
G1 X140.136 Y64.614 E1.16839
G1 X140.692 Y64.614 E.02916
M73 P66 R19
G1 X153.722 Y82.686 E1.16839
G1 X154.277 Y82.686 E.02911
G1 X141.248 Y64.614 E1.16836
G1 X141.803 Y64.614 E.02911
G1 X154.833 Y82.686 E1.16839
G1 X155.389 Y82.686 E.02916
M73 P66 R18
G1 X142.359 Y64.614 E1.16839
G1 X142.915 Y64.614 E.02916
G1 X155.945 Y82.686 E1.16839
G1 X156.5 Y82.686 E.02911
G1 X143.47 Y64.614 E1.16839
G1 X144.026 Y64.614 E.02916
G1 X157.056 Y82.686 E1.16839
G1 X157.612 Y82.686 E.02916
G1 X144.582 Y64.614 E1.16839
G1 X145.137 Y64.614 E.02911
G1 X158.167 Y82.686 E1.16839
G1 X158.723 Y82.686 E.02916
M73 Q66 S18
G1 X145.693 Y64.614 E1.16839
G1 X146.249 Y64.614 E.02916
G1 X159.279 Y82.686 E1.16839
G1 X159.834 Y82.686 E.02911
G1 X146.756 Y64.547 E1.17271
G1 X146.984 Y64.431 E.01342
G1 X147.132 Y64.297 E.01047
G1 X160.39 Y82.686 E1.18887
G1 X160.946 Y82.686 E.02916
G1 X147.374 Y63.862 E1.217
G1 X147.404 Y63.627 E.01242
G1 X147.404 Y63.133 E.02591
G1 X161.501 Y82.686 E1.26412
G1 X162.057 Y82.686 E.02916
G1 X147.811 Y62.927 E1.27745
G1 X148.367 Y62.927 E.02916
G1 X162.613 Y82.686 E1.27745
G1 X163.169 Y82.686 E.02916
G1 X148.922 Y62.927 E1.27748
G1 X149.478 Y62.927 E.02916
G1 X163.724 Y82.686 E1.27745
G1 X164.28 Y82.686 E.02916
G1 X150.034 Y62.927 E1.27745
G1 X150.589 Y62.927 E.02911
G1 X164.836 Y82.686 E1.27748
G1 X165.391 Y82.686 E.02911
G1 X151.145 Y62.927 E1.27745
G1 X151.701 Y62.927 E.02916
G1 X165.947 Y82.686 E1.27745
G1 X166.503 Y82.686 E.02916
G1 X152.257 Y62.927 E1.27745
G1 X152.812 Y62.927 E.02911
G1 X167.058 Y82.686 E1.27745
G1 X167.614 Y82.686 E.02916
G1 X153.368 Y62.927 E1.27745
G1 X153.924 Y62.927 E.02916
G1 X168.17 Y82.686 E1.27745
G1 X168.726 Y82.686 E.02916
G1 X154.48 Y62.927 E1.27745
G1 X155.035 Y62.927 E.02911
G1 X169.281 Y82.686 E1.27745
G1 X169.837 Y82.686 E.02916
G1 X155.591 Y62.927 E1.27745
G1 X156.147 Y62.927 E.02916
G1 X170.393 Y82.686 E1.27745
G1 X170.948 Y82.686 E.02911
G1 X156.702 Y62.927 E1.27745
G1 X157.258 Y62.927 E.02916
G1 X171.504 Y82.686 E1.27745
G1 X172.06 Y82.686 E.02916
M73 Q67 S18
G1 X157.814 Y62.927 E1.27745
G1 X158.37 Y62.927 E.02916
M73 P67 R18
G1 X172.615 Y82.686 E1.27742
G1 X173.171 Y82.686 E.02916
G1 X158.925 Y62.927 E1.27745
G1 X159.481 Y62.928 E.02916
G1 X173.873 Y82.888 E1.29048
;WIPE_START
G1 F8640
G1 X171.847 Y80.078 E-.8
;WIPE_END
G1 Z2.7 F720
G1 X174.832 Y102.716 F10800
G1 Z2.3 F720
G1 E.8 F2100
G1 F1500
G1 X175.828 Y104.097 E.08929
G1 X176.106 Y104.343 E.01947
G1 X176.106 Y103.713 E.03304
G1 X175.034 Y102.226 E.09613
G1 X175.034 Y101.455 E.04043
G1 X176.106 Y102.942 E.09613
G1 X176.106 Y102.171 E.04043
G1 X175.034 Y100.684 E.09613
G1 X175.034 Y99.914 E.04038
G1 X176.178 Y101.501 E.1026
G1 X176.202 Y101.398 E.00555
G1 X176.439 Y101.091 E.02034
G1 X175.034 Y99.143 E.12596
G1 X175.034 Y98.372 E.04043
G1 X176.843 Y100.881 E.16221
G1 X177.089 Y100.836 E.01311
G1 X177.366 Y100.836 E.01453
G1 X175.034 Y97.601 E.20914
G1 X175.034 Y96.831 E.04038
G1 X177.793 Y100.658 E.24741
G1 X177.793 Y99.887 E.04043
G1 X175.034 Y96.06 E.24741
G1 X175.034 Y95.289 E.04043
G1 X177.793 Y99.116 E.24741
G1 X177.793 Y98.345 E.04043
G1 X175.034 Y94.518 E.24741
G1 X175.034 Y93.748 E.04038
G1 X177.793 Y97.574 E.24737
G1 X177.793 Y96.804 E.04038
G1 X175.034 Y92.977 E.24741
G1 X175.034 Y92.206 E.04043
G1 X177.793 Y96.033 E.24741
G1 X177.793 Y95.262 E.04043
G1 X175.034 Y91.436 E.24737
G1 X175.034 Y90.665 E.04043
G1 X177.793 Y94.491 E.24737
G1 X177.793 Y93.721 E.04038
G1 X175.034 Y89.894 E.24741
G1 X175.034 Y89.123 E.04043
G1 X177.793 Y92.95 E.24741
G1 X177.793 Y92.179 E.04043
G1 X175.034 Y88.353 E.24737
G1 X175.034 Y87.582 E.04043
G1 X177.793 Y91.408 E.24737
G1 X177.793 Y90.637 E.04043
G1 X175.034 Y86.811 E.24737
G1 X175.034 Y86.04 E.04043
G1 X177.793 Y89.867 E.24741
G1 X177.793 Y89.096 E.04043
G1 X175.034 Y85.27 E.24737
G1 X175.034 Y84.499 E.04043
G1 X177.793 Y88.325 E.24737
G1 X177.793 Y87.554 E.04043
G1 X175.034 Y83.728 E.24737
G1 X174.996 Y83.404 E.01711
G1 X174.885 Y83.157 E.0142
G1 X174.726 Y82.961 E.01324
G1 X174.544 Y82.824 E.01195
G1 X174.314 Y82.73 E.01303
G1 X160.037 Y62.928 E1.28023
G1 X160.592 Y62.928 E.02911
G1 X177.793 Y86.783 E1.54232
G1 X177.792 Y86.013 E.04038
G1 X161.148 Y62.928 E1.49248
G1 X161.704 Y62.928 E.02916
G1 X177.792 Y85.242 E1.44263
G1 X177.792 Y84.471 E.04043
G1 X162.26 Y62.928 E1.39278
G1 X162.815 Y62.928 E.02911
G1 X177.792 Y83.7 E1.34296
G1 X177.792 Y82.929 E.04043
G1 X163.371 Y62.928 E1.29311
G1 X163.927 Y62.928 E.02916
G1 X177.792 Y82.159 E1.2433
G1 X177.792 Y81.388 E.04043
G1 X164.483 Y62.928 E1.19345
G1 X165.038 Y62.928 E.02911
G1 X177.792 Y80.617 E1.14363
G1 X177.792 Y79.846 E.04043
G1 X165.594 Y62.928 E1.09378
G1 X166.15 Y62.928 E.02916
G1 X177.792 Y79.076 E1.04398
G1 X177.792 Y78.305 E.04043
G1 X166.705 Y62.928 E.99416
G1 X167.261 Y62.928 E.02916
G1 X177.792 Y77.534 E.94431
G1 X177.792 Y76.763 E.04043
G1 X167.817 Y62.928 E.89446
G1 X168.373 Y62.928 E.02916
G1 X177.792 Y75.992 E.84461
G1 X177.792 Y75.222 E.04038
G1 X168.928 Y62.928 E.79483
G1 X169.484 Y62.928 E.02916
G1 X177.792 Y74.451 E.74498
G1 X177.792 Y73.68 E.04043
G1 X170.04 Y62.928 E.69513
G1 X170.595 Y62.928 E.02911
G1 X177.792 Y72.909 E.64531
G1 X177.792 Y72.138 E.04043
G1 X171.151 Y62.928 E.59546
G1 X171.707 Y62.928 E.02916
G1 X177.792 Y71.368 E.54565
G1 X177.792 Y70.597 E.04043
G1 X172.263 Y62.928 E.4958
G1 X172.818 Y62.928 E.02911
G1 X177.792 Y69.826 E.44599
G1 X177.792 Y69.055 E.04043
G1 X173.374 Y62.928 E.39614
G1 X173.93 Y62.928 E.02916
G1 X177.792 Y68.285 E.34633
G1 X177.792 Y67.514 E.04043
M73 P67 R17
G1 X174.486 Y62.928 E.29648
G1 X175.041 Y62.928 E.02911
G1 X177.792 Y66.743 E.24666
G1 X177.792 Y65.972 E.04043
G1 X175.597 Y62.929 E.19677
G1 X176.153 Y62.929 E.02916
G1 X177.791 Y65.201 E.14689
G1 X177.791 Y64.431 E.04038
G1 X176.708 Y62.929 E.09711
G1 X177.264 Y62.929 E.02916
G1 X177.994 Y63.941 E.06544
;WIPE_START
G1 F8640
G1 X177.264 Y62.929 E-.28812
G1 X176.708 Y62.929 E-.12838
G1 X177.68 Y64.276 E-.3835
;WIPE_END
G1 Z2.7 F720
G1 X139.278 Y63.424 F10800
G1 Z2.3 F720
G1 E.8 F2100
G1 F1500
G1 X138.774 Y62.724 E.04523
;LAYER_CHANGE
;Z:2.45
;HEIGHT:0.15
;BEFORE_LAYER_CHANGE
G92 E0.0
;2.45


;WIPE_START
G1 F8640
G1 X139.278 Y63.424 E-.19917
;WIPE_END
G1 E-.60083 F2100
G1 Z2.45 F720
;AFTER_LAYER_CHANGE
;2.45
G1 Z2.85
G1 X174.476 Y144.754 F10800
G1 Z2.45 F720
G1 E.8 F2100
M204 S800
;TYPE:Perimeter
;WIDTH:0.449999
G1 F2700
G1 X174.446 Y144.79 E.00122
G1 X174.125 Y144.943 E.00927
G1 X147.095 Y144.943 E.70429
;WIDTH:0.499571
G1 X146.923 Y144.968 E.00507
M73 Q68 S18
;WIDTH:0.549142
G1 X146.751 Y144.992 E.0056
;WIDTH:0.598713
G1 X146.578 Y145.017 E.00618
;WIDTH:0.648284
G1 X146.406 Y145.042 E.00668
G1 X140.074 Y145.042 E.24328
G1 X139.902 Y145.017 E.00668
;WIDTH:0.598713
G1 X139.729 Y144.992 E.00618
;WIDTH:0.549142
G1 X139.557 Y144.968 E.0056
;WIDTH:0.499571
G1 X139.385 Y144.943 E.00507
;WIDTH:0.449999
G1 X110.615 Y144.943 E.74962
;WIDTH:0.499571
G1 X110.443 Y144.968 E.00507
;WIDTH:0.549142
G1 X110.271 Y144.992 E.0056
;WIDTH:0.598713
G1 X110.098 Y145.017 E.00618
;WIDTH:0.648284
G1 X109.926 Y145.042 E.00668
G1 X103.594 Y145.042 E.24328
G1 X103.422 Y145.017 E.00668
M73 P68 R17
;WIDTH:0.598713
G1 X103.249 Y144.992 E.00618
;WIDTH:0.549142
G1 X103.077 Y144.968 E.0056
;WIDTH:0.499571
G1 X102.905 Y144.943 E.00507
;WIDTH:0.449999
G1 X77.964 Y144.943 E.64986
G1 X77.765 Y144.911 E.00525
G1 X77.595 Y144.823 E.00499
G1 X77.391 Y144.57 E.00847
G1 X77.337 Y144.316 E.00677
G1 X77.337 Y83.684 E1.57981
G1 X77.385 Y83.443 E.0064
M73 Q68 S17
G1 X77.51 Y83.252 E.00595
G1 X77.749 Y83.095 E.00745
G1 X77.964 Y83.057 E.00569
G1 X174.036 Y83.057 E2.50323
G1 X174.239 Y83.091 E.00536
G1 X174.468 Y83.23 E.00698
G1 X174.663 Y83.55 E.00976
G1 X174.663 Y144.316 E1.5833
G1 X174.638 Y144.49 E.00458
G1 X174.57 Y144.645 E.00441
G1 X174.515 Y144.709 E.0022
M204 S1000
G1 X174.181 Y144.455 F10800
M204 S800
;TYPE:External perimeter
G1 F1500
G1 X174.173 Y144.474 E.00054
G1 X174.036 Y144.525 E.00381
G1 X77.964 Y144.525 E2.50323
G1 X77.841 Y144.485 E.00337
G1 X77.755 Y144.347 E.00424
G1 X77.755 Y83.684 E1.58062
G1 X77.813 Y83.54 E.00404
G1 X77.964 Y83.475 E.00428
G1 X174.036 Y83.475 E2.50323
G1 X174.18 Y83.533 E.00404
G1 X174.245 Y83.684 E.00428
G1 X174.245 Y144.316 E1.57981
G1 X174.206 Y144.4 E.00241
M204 S1000
;WIPE_START
G1 F8640
G1 X174.181 Y144.455 E-.01395
G1 X174.173 Y144.474 E-.00476
G1 X174.036 Y144.525 E-.03375
G1 X170.799 Y144.525 E-.74754
;WIPE_END
G1 Z2.85 F720
G1 X146.837 Y145.954 F10800
G1 Z2.45 F720
G1 E.8 F2100
M204 S800
;TYPE:Perimeter
G1 F2700
G1 X146.782 Y145.883 E.00234
;WIDTH:0.499571
G1 X146.688 Y145.826 E.0032
;WIDTH:0.549142
G1 X146.594 Y145.77 E.00353
;WIDTH:0.598713
G1 X146.5 Y145.714 E.00387
;WIDTH:0.648284
G1 X146.406 Y145.658 E.0042
G1 X140.074 Y145.658 E.24328
G1 X139.98 Y145.714 E.0042
;WIDTH:0.598713
G1 X139.886 Y145.77 E.00387
;WIDTH:0.549142
G1 X139.792 Y145.826 E.00353
;WIDTH:0.499571
G1 X139.698 Y145.883 E.0032
;WIDTH:0.449999
G1 X139.495 Y146.143 E.00859
G1 X139.447 Y146.384 E.0064
G1 X139.447 Y148.357 E.05141
G1 X110.553 Y148.357 E.75285
G1 X110.553 Y146.384 E.05141
G1 X110.505 Y146.143 E.0064
G1 X110.302 Y145.883 E.00859
;WIDTH:0.499571
G1 X110.208 Y145.826 E.0032
;WIDTH:0.549142
G1 X110.114 Y145.77 E.00353
;WIDTH:0.598713
G1 X110.02 Y145.714 E.00387
;WIDTH:0.648284
G1 X109.926 Y145.658 E.0042
G1 X103.594 Y145.658 E.24328
G1 X103.5 Y145.714 E.0042
;WIDTH:0.598713
G1 X103.406 Y145.77 E.00387
;WIDTH:0.549142
G1 X103.312 Y145.826 E.00353
;WIDTH:0.499571
G1 X103.218 Y145.883 E.0032
;WIDTH:0.449999
G1 X103.015 Y146.143 E.00859
G1 X102.967 Y146.384 E.0064
G1 X102.967 Y148.357 E.05141
G1 X72.427 Y148.357 E.79574
G1 X71.235 Y147.783 E.03447
G1 X70.923 Y146.891 E.02462
G1 X70.923 Y108.793 E.99267
G1 X72.896 Y108.793 E.05141
G1 X73.098 Y108.759 E.00534
G1 X73.327 Y108.621 E.00697
G1 X73.498 Y108.342 E.00853
G1 X73.523 Y108.166 E.00463
G1 X73.523 Y101.834 E.16498
G1 X73.428 Y101.502 E.009
G1 X73.213 Y101.293 E.00781
G1 X72.896 Y101.207 E.00856
G1 X70.923 Y101.207 E.05141
G1 X70.923 Y63.147 E.99168
G1 X71.497 Y61.955 E.03447
G1 X72.389 Y61.643 E.02462
G1 X102.967 Y61.643 E.79673
G1 X102.967 Y63.736 E.05453
G1 X103.12 Y64.026 E.00854
G1 X103.31 Y64.175 E.00629
G1 X103.594 Y64.243 E.00761
G1 X110.006 Y64.243 E.16707
G1 X110.29 Y64.126 E.008
G1 X110.491 Y63.888 E.00812
G1 X110.553 Y63.616 E.00727
G1 X110.553 Y61.643 E.05141
G1 X139.447 Y61.643 E.75285
G1 X139.447 Y63.736 E.05453
G1 X139.6 Y64.026 E.00854
G1 X139.79 Y64.175 E.00629
G1 X140.074 Y64.243 E.00761
G1 X146.486 Y64.243 E.16707
G1 X146.77 Y64.126 E.008
G1 X146.971 Y63.888 E.00812
G1 X147.033 Y63.616 E.00727
G1 X147.033 Y61.643 E.05141
G1 X177.573 Y61.643 E.79574
G1 X178.765 Y62.217 E.03447
G1 X179.077 Y63.109 E.02462
G1 X179.077 Y101.207 E.99267
G1 X177.104 Y101.207 E.05141
G1 X176.882 Y101.248 E.00588
G1 X176.696 Y101.358 E.00563
G1 X176.54 Y101.56 E.00665
G1 X176.477 Y101.834 E.00733
G1 X176.477 Y108.166 E.16498
G1 X176.54 Y108.44 E.00733
G1 X176.696 Y108.642 E.00665
G1 X176.882 Y108.752 E.00563
G1 X177.104 Y108.793 E.00588
G1 X179.077 Y108.793 E.05141
G1 X179.077 Y146.853 E.99168
G1 X178.503 Y148.045 E.03447
G1 X177.611 Y148.357 E.02462
G1 X147.033 Y148.357 E.79673
G1 X147.033 Y146.384 E.05141
G1 X146.985 Y146.143 E.0064
G1 X146.874 Y146.001 E.0047
M204 S1000
G1 X146.547 Y146.248 F10800
M204 S800
;TYPE:External perimeter
G1 F1500
G1 X146.531 Y146.217 E.00091
G1 X146.406 Y146.175 E.00344
G1 X140.074 Y146.175 E.16498
G1 X139.949 Y146.217 E.00344
G1 X139.865 Y146.384 E.00487
G1 X139.865 Y148.775 E.0623
G1 X110.135 Y148.775 E.77464
G1 X110.135 Y146.384 E.0623
G1 X110.051 Y146.217 E.00487
G1 X109.926 Y146.175 E.00344
G1 X103.594 Y146.175 E.16498
G1 X103.469 Y146.217 E.00344
G1 X103.385 Y146.384 E.00487
G1 X103.385 Y148.775 E.0623
G1 X72.331 Y148.775 E.80913
G1 X70.898 Y148.085 E.04144
M73 Q69 S17
G1 X70.505 Y146.962 E.031
G1 X70.505 Y108.375 E1.00541
G1 X72.896 Y108.375 E.0623
M73 P69 R17
G1 X73.04 Y108.318 E.00404
G1 X73.105 Y108.166 E.00431
G1 X73.105 Y101.834 E.16498
G1 X73.04 Y101.682 E.00431
G1 X72.896 Y101.625 E.00404
G1 X70.505 Y101.625 E.0623
G1 X70.505 Y63.051 E1.00507
G1 X71.195 Y61.618 E.04144
G1 X72.318 Y61.225 E.031
G1 X103.385 Y61.225 E.80947
G1 X103.385 Y63.616 E.0623
G1 X103.449 Y63.767 E.00427
G1 X103.594 Y63.825 E.00407
G1 X109.926 Y63.825 E.16498
G1 X110.071 Y63.767 E.00407
G1 X110.135 Y63.616 E.00427
G1 X110.135 Y61.225 E.0623
G1 X139.865 Y61.225 E.77464
G1 X139.865 Y63.616 E.0623
G1 X139.929 Y63.767 E.00427
G1 X140.074 Y63.825 E.00407
G1 X146.406 Y63.825 E.16498
G1 X146.551 Y63.767 E.00407
G1 X146.615 Y63.616 E.00427
G1 X146.615 Y61.225 E.0623
G1 X177.669 Y61.225 E.80913
G1 X179.102 Y61.915 E.04144
G1 X179.495 Y63.038 E.031
G1 X179.495 Y101.625 E1.00541
G1 X177.104 Y101.625 E.0623
G1 X176.968 Y101.675 E.00378
G1 X176.895 Y101.834 E.00456
G1 X176.895 Y108.166 E.16498
G1 X176.968 Y108.325 E.00456
G1 X177.104 Y108.375 E.00378
G1 X179.495 Y108.375 E.0623
G1 X179.495 Y146.949 E1.00507
G1 X178.805 Y148.382 E.04144
G1 X177.682 Y148.775 E.031
G1 X146.615 Y148.775 E.80947
G1 X146.615 Y146.384 E.0623
G1 X146.574 Y146.301 E.00241
M204 S1000
;WIPE_START
G1 F8640
G1 X146.547 Y146.248 E-.01373
G1 X146.531 Y146.217 E-.00806
G1 X146.406 Y146.175 E-.03045
G1 X143.168 Y146.175 E-.74776
;WIPE_END
G1 Z2.85 F720
G1 X138.663 Y145.298 F10800
G1 Z2.45 F720
G1 E.8 F2100
;TYPE:Solid infill
G1 F4800
G1 X110.636 Y145.298 E.73026
G1 X110.254 Y145.408 E.01036
G1 X110.548 Y145.633 E.00965
G1 X110.844 Y146.048 E.01328
G1 X110.908 Y146.39 E.00907
G1 X110.908 Y148.002 E.042
G1 X139.092 Y148.002 E.73435
G1 X139.096 Y146.349 E.04307
G1 X139.196 Y145.961 E.01044
G1 X139.509 Y145.583 E.01279
G1 X139.662 Y145.483 E.00476
G1 X139.749 Y145.381 E.00349
G1 X139.584 Y145.316 E.00462
G1 X138.872 Y145.298 E.01856
;WIPE_START
G1 F8640
G1 X139.584 Y145.316 E-.16446
G1 X139.749 Y145.381 E-.04095
G1 X139.662 Y145.483 E-.03096
G1 X139.509 Y145.583 E-.0422
G1 X139.196 Y145.961 E-.11332
G1 X139.096 Y146.349 E-.09252
G1 X139.093 Y147.716 E-.31559
;WIPE_END
G1 Z2.85 F720
G1 X111.226 Y145.906 F10800
G1 Z2.45 F720
G1 E.8 F2100
G1 F4800
G1 X111.253 Y145.966 E.00171
G1 X111.326 Y146.39 E.01121
G1 X111.326 Y147.584 E.03111
G1 X138.674 Y147.584 E.71257
G1 X138.686 Y146.267 E.03432
G1 X138.747 Y145.966 E.008
G1 X138.861 Y145.716 E.00716
G1 X111.139 Y145.716 E.72232
G1 X111.713 Y146.134 E.0185
G1 X138.287 Y146.134 E.6924
G1 X138.256 Y146.65 E.01347
G1 X138.256 Y147.166 E.01344
G1 X111.744 Y147.166 E.69079
G1 X111.725 Y146.342 E.02148
G1 X112.26 Y146.65 E.01608
;WIDTH:0.64727
G1 X137.74 Y146.65 E.97736
;WIPE_START
G1 F8640
G1 X134.275 Y146.65 E-.8
;WIPE_END
G1 Z2.85 F720
G1 X110.881 Y61.919 F10800
G1 Z2.45 F720
G1 E.8 F2100
;WIDTH:0.37219
G1 F4800
G1 X110.81 Y61.9 E.00156
G1 X110.829 Y61.971 E.00156
G1 X110.87 Y61.96 E.0009
;WIDTH:0.411095
G1 X111.068 Y61.979 E.0047
;WIDTH:0.449999
G1 X111.266 Y61.998 E.00518
G1 X110.834 Y62.451 E.01631
;WIDTH:0.411095
G1 X110.76 Y62.546 E.00285
;WIDTH:0.37219
G1 X110.719 Y62.557 E.0009
G1 X110.7 Y62.486 E.00156
G1 X110.771 Y62.505 E.00156
;WIDTH:0.449999
G1 X110.908 Y62.947 E.01206
G1 X111.857 Y61.998 E.03497
G1 X112.447 Y61.998 E.01537
G1 X110.908 Y63.537 E.05671
;WIPE_START
G1 F8640
G1 X112.447 Y61.998 E-.50255
G1 X111.857 Y61.998 E-.13623
G1 X111.363 Y62.491 E-.16122
;WIPE_END
G1 Z2.85 F720
G1 X147.388 Y62.51 F10800
G1 Z2.45 F720
G1 E.8 F2100
G1 F4800
G1 X147.9 Y61.998 E.01887
G1 X147.995 Y61.924 E.00314
;WIDTH:0.411095
G1 X148.09 Y61.85 E.00285
;WIDTH:0.37219
G1 X148.049 Y61.861 E.0009
G1 X148.03 Y61.79 E.00156
G1 X148.101 Y61.809 E.00156
;WIDTH:0.449999
G1 X148.491 Y61.998 E.01129
G1 X147.388 Y63.101 E.04064
;WIPE_START
G1 F8640
G1 X148.491 Y61.998 E-.36018
G1 X148.101 Y61.809 E-.10007
G1 X148.03 Y61.79 E-.01697
G1 X148.049 Y61.861 E-.01697
G1 X148.09 Y61.85 E-.0098
G1 X147.995 Y61.924 E-.02781
G1 X147.9 Y61.998 E-.02781
G1 X147.388 Y62.51 E-.16719
;WIPE_END
G1 E-.0732 F2100
G1 Z2.85 F720
G1 X72.171 Y62.096 F10800
G1 Z2.45 F720
G1 E.8 F2100
G1 F4800
G1 X71.5 Y62.766 E.02471
G1 X71.411 Y62.928 E.00482
;WIDTH:0.411095
G1 X71.321 Y63.091 E.0044
;WIDTH:0.37219
G1 X71.28 Y63.102 E.0009
G1 X71.261 Y63.031 E.00156
G1 X71.332 Y63.05 E.00156
;WIDTH:0.449999
G1 X71.278 Y63.579 E.01386
G1 X72.859 Y61.998 E.05826
G1 X73.45 Y61.998 E.0154
G1 X71.278 Y64.17 E.08003
G1 X71.278 Y64.761 E.0154
G1 X74.041 Y61.998 E.10181
G1 X74.632 Y61.998 E.0154
G1 X71.278 Y65.352 E.12359
G1 X71.278 Y65.943 E.0154
G1 X75.223 Y61.998 E.14537
G1 X75.813 Y61.998 E.01537
G1 X71.278 Y66.533 E.16711
G1 X71.278 Y67.124 E.0154
G1 X76.404 Y61.998 E.18888
G1 X76.995 Y61.998 E.0154
G1 X71.278 Y67.715 E.21066
G1 X71.278 Y68.306 E.0154
G1 X77.586 Y61.998 E.23244
G1 X78.177 Y61.998 E.0154
G1 X71.278 Y68.897 E.25422
G1 X71.278 Y69.488 E.0154
G1 X78.768 Y61.998 E.27599
G1 X79.359 Y61.998 E.0154
M73 P69 R16
G1 X71.278 Y70.079 E.29777
G1 X71.278 Y70.67 E.0154
G1 X79.95 Y61.998 E.31955
G1 X80.54 Y61.998 E.01537
G1 X71.278 Y71.26 E.34129
G1 X71.278 Y71.851 E.0154
G1 X81.131 Y61.998 E.36307
G1 X81.722 Y61.998 E.0154
G1 X71.278 Y72.442 E.38484
G1 X71.278 Y73.033 E.0154
G1 X82.313 Y61.998 E.40662
G1 X82.904 Y61.998 E.0154
G1 X71.278 Y73.624 E.4284
G1 X71.278 Y74.215 E.0154
G1 X83.495 Y61.998 E.45018
G1 X84.086 Y61.998 E.0154
G1 X71.278 Y74.806 E.47195
G1 X71.278 Y75.396 E.01537
G1 X84.676 Y61.998 E.49369
G1 X85.267 Y61.998 E.0154
G1 X71.278 Y75.987 E.51547
G1 X71.278 Y76.578 E.0154
G1 X85.858 Y61.998 E.53725
G1 X86.449 Y61.998 E.0154
G1 X71.278 Y77.169 E.55903
G1 X71.278 Y77.76 E.0154
G1 X87.04 Y61.998 E.5808
G1 X87.631 Y61.998 E.0154
G1 X71.278 Y78.351 E.60258
M73 Q69 S16
G1 X71.278 Y78.942 E.0154
G1 X88.222 Y61.998 E.62436
G1 X88.813 Y61.998 E.0154
G1 X71.278 Y79.533 E.64614
G1 X71.278 Y80.123 E.01537
G1 X89.403 Y61.998 E.66788
G1 X89.994 Y61.998 E.0154
G1 X71.278 Y80.714 E.68965
G1 X71.278 Y81.305 E.0154
G1 X90.585 Y61.998 E.71143
G1 X91.176 Y61.998 E.0154
G1 X71.278 Y81.896 E.73321
G1 X71.278 Y82.487 E.0154
G1 X91.767 Y61.998 E.75499
G1 X92.358 Y61.998 E.0154
G1 X71.278 Y83.078 E.77676
G1 X71.278 Y83.669 E.0154
G1 X92.949 Y61.998 E.79854
G1 X93.54 Y61.998 E.0154
G1 X71.278 Y84.26 E.82032
G1 X71.278 Y84.85 E.01537
G1 X94.13 Y61.998 E.84206
G1 X94.721 Y61.998 E.0154
G1 X71.278 Y85.441 E.86384
G1 X71.278 Y86.032 E.0154
M73 Q70 S16
G1 X95.312 Y61.998 E.88561
G1 X95.903 Y61.998 E.0154
G1 X71.278 Y86.623 E.90739
G1 X71.278 Y87.214 E.0154
G1 X96.494 Y61.998 E.92917
G1 X97.085 Y61.998 E.0154
M73 P70 R16
G1 X71.278 Y87.805 E.95095
G1 X71.186 Y88.721 F10800
;WIDTH:0.37219
G1 F4800
G1 X71.145 Y88.732 E.0009
G1 X71.126 Y88.661 E.00156
G1 X71.197 Y88.68 E.00156
;WIDTH:0.411095
G1 X71.237 Y88.538 E.00349
;WIDTH:0.449999
G1 X71.278 Y88.396 E.00385
G1 X97.676 Y61.998 E.97272
G1 X98.267 Y61.998 E.0154
G1 X71.278 Y88.987 E.9945
G1 X71.278 Y89.577 E.01537
G1 X76.982 Y83.873 E.21018
G1 X77.062 Y83.742 E.004
;WIDTH:0.411095
G1 X77.142 Y83.611 E.00363
;WIDTH:0.37219
G1 X77.101 Y83.622 E.0009
G1 X77.082 Y83.551 E.00156
G1 X77.153 Y83.57 E.00156
G1 X76.982 Y84.464 F10800
;WIDTH:0.449999
G1 F4800
G1 X71.278 Y90.168 E.21018
G1 X71.278 Y90.759 E.0154
G1 X76.982 Y85.055 E.21018
G1 X76.982 Y85.646 E.0154
G1 X71.278 Y91.35 E.21018
G1 X71.278 Y91.941 E.0154
G1 X76.982 Y86.237 E.21018
G1 X76.982 Y86.828 E.0154
G1 X71.278 Y92.532 E.21018
G1 X71.278 Y93.123 E.0154
G1 X76.982 Y87.418 E.2102
G1 X76.982 Y88.009 E.0154
G1 X71.278 Y93.713 E.21018
G1 X71.278 Y94.304 E.0154
G1 X76.982 Y88.6 E.21018
G1 X76.982 Y89.191 E.0154
G1 X71.278 Y94.895 E.21018
G1 X71.278 Y95.486 E.0154
G1 X76.982 Y89.782 E.21018
G1 X76.982 Y90.373 E.0154
G1 X71.278 Y96.077 E.21018
G1 X71.278 Y96.668 E.0154
G1 X76.982 Y90.964 E.21018
G1 X76.982 Y91.555 E.0154
G1 X71.278 Y97.259 E.21018
G1 X71.278 Y97.85 E.0154
G1 X76.982 Y92.145 E.2102
G1 X76.982 Y92.736 E.0154
G1 X71.278 Y98.44 E.21018
G1 X71.278 Y99.031 E.0154
G1 X76.982 Y93.327 E.21018
G1 X76.982 Y93.918 E.0154
G1 X71.278 Y99.622 E.21018
G1 X71.278 Y100.213 E.0154
G1 X76.982 Y94.509 E.21018
G1 X76.982 Y95.1 E.0154
G1 X71.278 Y100.804 E.21018
G1 X71.201 Y100.905 E.00331
;WIDTH:0.411095
G1 X71.124 Y101.006 E.003
;WIDTH:0.37219
G1 X71.225 Y101.011 E.00214
;WIDTH:0.449999
G1 X71.821 Y100.852 E.01607
G1 X76.982 Y95.691 E.19017
G1 X76.982 Y96.282 E.0154
G1 X72.412 Y100.852 E.1684
G1 X72.989 Y100.865 E.01504
G1 X76.982 Y96.872 E.14714
G1 X76.982 Y97.463 E.0154
G1 X73.431 Y101.014 E.13085
G1 X73.727 Y101.309 E.01089
G1 X76.982 Y98.054 E.11994
G1 X76.982 Y98.645 E.0154
G1 X73.869 Y101.758 E.11471
G1 X73.878 Y102.34 E.01517
G1 X76.982 Y99.236 E.11438
G1 X76.982 Y99.827 E.0154
G1 X73.878 Y102.931 E.11438
G1 X73.878 Y103.522 E.0154
G1 X76.982 Y100.418 E.11438
G1 X76.982 Y101.009 E.0154
G1 X73.878 Y104.113 E.11438
G1 X73.878 Y104.704 E.0154
G1 X76.982 Y101.599 E.1144
G1 X76.982 Y102.19 E.0154
G1 X73.878 Y105.294 E.11438
G1 X73.878 Y105.885 E.0154
G1 X76.982 Y102.781 E.11438
G1 X76.982 Y103.372 E.0154
G1 X73.878 Y106.476 E.11438
G1 X73.878 Y107.067 E.0154
G1 X76.982 Y103.963 E.11438
G1 X76.982 Y104.554 E.0154
G1 X73.878 Y107.658 E.11438
;WIPE_START
G1 F8640
G1 X76.328 Y105.208 E-.8
;WIPE_END
G1 Z2.85 F720
G1 X71.797 Y109.148 F10800
G1 Z2.45 F720
G1 E.8 F2100
G1 F4800
G1 X71.278 Y109.667 E.01912
G1 X71.278 Y110.258 E.0154
G1 X72.388 Y109.148 E.0409
G1 X72.993 Y109.134 E.01577
G1 X71.278 Y110.849 E.06319
G1 X71.232 Y111.011 E.00439
;WIDTH:0.411095
G1 X71.186 Y111.174 E.004
;WIDTH:0.37219
G1 X71.145 Y111.185 E.0009
G1 X71.126 Y111.114 E.00156
G1 X71.197 Y111.133 E.00156
;WIPE_START
G1 F8640
G1 X71.126 Y111.114 E-.01697
G1 X71.145 Y111.185 E-.01697
G1 X71.186 Y111.174 E-.0098
G1 X71.232 Y111.011 E-.03911
G1 X71.278 Y110.849 E-.03889
G1 X72.993 Y109.134 E-.56003
G1 X72.481 Y109.146 E-.11823
;WIPE_END
G1 Z2.85 F720
G1 X73.288 Y108.957 F10800
G1 Z2.45 F720
G1 E.8 F2100
G1 F4800
G1 X73.65 Y108.62 E.01049
G1 X73.693 Y108.556 E.00163
;WIDTH:0.411095
G1 X73.78 Y108.409 E.00404
;WIDTH:0.449999
G1 X73.866 Y108.261 E.00446
G1 X76.982 Y105.145 E.11482
G1 X76.982 Y105.735 E.01537
G1 X71.278 Y111.44 E.2102
G1 X71.278 Y112.03 E.01537
G1 X76.982 Y106.326 E.21018
G1 X76.982 Y106.917 E.0154
G1 X71.278 Y112.621 E.21018
G1 X71.278 Y113.212 E.0154
G1 X76.982 Y107.508 E.21018
G1 X76.982 Y108.099 E.0154
G1 X71.278 Y113.803 E.21018
G1 X71.278 Y114.394 E.0154
G1 X76.982 Y108.69 E.21018
G1 X76.982 Y109.281 E.0154
G1 X71.278 Y114.985 E.21018
G1 X71.278 Y115.576 E.0154
G1 X76.982 Y109.872 E.21018
G1 X76.982 Y110.462 E.01537
G1 X71.278 Y116.167 E.2102
G1 X71.278 Y116.757 E.01537
G1 X76.982 Y111.053 E.21018
G1 X76.982 Y111.644 E.0154
G1 X71.278 Y117.348 E.21018
G1 X71.278 Y117.939 E.0154
G1 X76.982 Y112.235 E.21018
G1 X76.982 Y112.826 E.0154
G1 X71.278 Y118.53 E.21018
G1 X71.278 Y119.121 E.0154
G1 X76.982 Y113.417 E.21018
G1 X76.982 Y114.008 E.0154
G1 X71.278 Y119.712 E.21018
G1 X71.278 Y120.303 E.0154
G1 X76.982 Y114.599 E.21018
G1 X76.982 Y115.189 E.01537
G1 X71.278 Y120.894 E.2102
G1 X71.278 Y121.484 E.01537
G1 X76.982 Y115.78 E.21018
G1 X76.982 Y116.371 E.0154
G1 X71.278 Y122.075 E.21018
G1 X71.278 Y122.666 E.0154
G1 X76.982 Y116.962 E.21018
G1 X76.982 Y117.553 E.0154
G1 X71.278 Y123.257 E.21018
G1 X71.278 Y123.848 E.0154
G1 X76.982 Y118.144 E.21018
G1 X76.982 Y118.735 E.0154
G1 X71.278 Y124.439 E.21018
G1 X71.278 Y125.03 E.0154
G1 X76.982 Y119.326 E.21018
G1 X76.982 Y119.916 E.01537
G1 X71.278 Y125.621 E.2102
G1 X71.278 Y126.211 E.01537
G1 X76.982 Y120.507 E.21018
G1 X76.982 Y121.098 E.0154
G1 X71.278 Y126.802 E.21018
G1 X71.278 Y127.393 E.0154
G1 X76.982 Y121.689 E.21018
G1 X76.982 Y122.28 E.0154
G1 X71.278 Y127.984 E.21018
G1 X71.278 Y128.575 E.0154
G1 X76.982 Y122.871 E.21018
G1 X76.982 Y123.462 E.0154
G1 X71.278 Y129.166 E.21018
G1 X71.278 Y129.757 E.0154
G1 X76.982 Y124.052 E.2102
G1 X76.982 Y124.643 E.0154
G1 X71.278 Y130.347 E.21018
G1 X71.278 Y130.938 E.0154
G1 X76.982 Y125.234 E.21018
G1 X76.982 Y125.825 E.0154
G1 X71.278 Y131.529 E.21018
G1 X71.278 Y132.12 E.0154
G1 X76.982 Y126.416 E.21018
G1 X76.982 Y127.007 E.0154
G1 X71.278 Y132.711 E.21018
G1 X71.278 Y133.302 E.0154
G1 X76.982 Y127.598 E.21018
G1 X76.982 Y128.189 E.0154
G1 X71.278 Y133.893 E.21018
G1 X71.278 Y134.484 E.0154
G1 X76.982 Y128.779 E.2102
G1 X76.982 Y129.37 E.0154
G1 X71.278 Y135.074 E.21018
G1 X71.278 Y135.665 E.0154
G1 X76.982 Y129.961 E.21018
G1 X76.982 Y130.552 E.0154
G1 X71.278 Y136.256 E.21018
G1 X71.278 Y136.847 E.0154
G1 X76.982 Y131.143 E.21018
G1 X76.982 Y131.734 E.0154
G1 X71.278 Y137.438 E.21018
G1 X71.278 Y138.029 E.0154
G1 X76.982 Y132.325 E.21018
G1 X76.982 Y132.916 E.0154
G1 X71.278 Y138.62 E.21018
G1 X71.278 Y139.211 E.0154
G1 X76.982 Y133.506 E.2102
G1 X76.982 Y134.097 E.0154
G1 X71.278 Y139.801 E.21018
G1 X71.278 Y140.392 E.0154
G1 X76.982 Y134.688 E.21018
G1 X76.982 Y135.279 E.0154
G1 X71.278 Y140.983 E.21018
G1 X71.278 Y141.574 E.0154
G1 X76.982 Y135.87 E.21018
G1 X76.982 Y136.461 E.0154
G1 X71.278 Y142.165 E.21018
G1 X71.278 Y142.756 E.0154
G1 X76.982 Y137.052 E.21018
G1 X76.982 Y137.643 E.0154
G1 X71.278 Y143.347 E.21018
G1 X71.278 Y143.938 E.0154
G1 X76.982 Y138.233 E.2102
G1 X76.982 Y138.824 E.0154
G1 X71.278 Y144.528 E.21018
G1 X71.278 Y145.119 E.0154
G1 X76.982 Y139.415 E.21018
G1 X76.982 Y140.006 E.0154
G1 X71.278 Y145.71 E.21018
G1 X71.278 Y146.301 E.0154
G1 X76.982 Y140.597 E.21018
G1 X76.982 Y141.188 E.0154
G1 X71.294 Y146.876 E.20959
G1 X71.447 Y147.314 E.01209
G1 X76.982 Y141.779 E.20396
G1 X76.982 Y142.369 E.01537
G1 X71.726 Y147.626 E.19369
G1 X72.125 Y147.818 E.01154
G1 X76.982 Y142.96 E.17899
G1 X76.982 Y143.551 E.0154
G1 X72.531 Y148.002 E.16401
G1 X73.122 Y148.002 E.0154
G1 X76.982 Y144.142 E.14223
G1 X77.086 Y144.082 E.00313
;WIDTH:0.411095
G1 X77.19 Y144.021 E.00285
;WIDTH:0.37219
G1 X77.149 Y144.032 E.0009
G1 X77.13 Y143.961 E.00156
G1 X77.201 Y143.98 E.00156
;WIDTH:0.449999
G1 X77.05 Y144.665 E.01828
G1 X73.713 Y148.002 E.12296
G1 X74.304 Y148.002 E.0154
G1 X77.288 Y145.017 E.10997
G1 X77.649 Y145.247 E.01115
G1 X74.895 Y148.002 E.1015
G1 X75.486 Y148.002 E.0154
G1 X78.19 Y145.298 E.09964
;WIPE_START
G1 F8640
G1 X75.74 Y147.748 E-.8
;WIPE_END
G1 Z2.85 F720
G1 X102.183 Y145.298 F10800
G1 Z2.45 F720
G1 E.8 F2100
G1 F4800
G1 X78.633 Y145.298 E.61361
G1 X78.633 Y145.446 E.00386
G1 X76.076 Y148.002 E.0942
G1 X102.612 Y148.002 E.69141
G1 X102.616 Y146.349 E.04307
G1 X102.716 Y145.961 E.01044
G1 X103.029 Y145.583 E.01279
G1 X103.182 Y145.483 E.00476
G1 X103.269 Y145.381 E.00349
G1 X103.104 Y145.316 E.00462
G1 X102.392 Y145.298 E.01856
;WIPE_START
G1 F8640
G1 X103.104 Y145.316 E-.16446
G1 X103.269 Y145.381 E-.04095
G1 X103.182 Y145.483 E-.03096
G1 X103.029 Y145.583 E-.0422
G1 X102.716 Y145.961 E-.11332
G1 X102.616 Y146.349 E-.09252
G1 X102.613 Y147.716 E-.31559
;WIPE_END
G1 Z2.85 F720
G1 X78.954 Y145.716 F10800
G1 Z2.45 F720
G1 E.8 F2100
G1 F4800
G1 X102.381 Y145.716 E.61041
G1 X102.267 Y145.966 E.00716
G1 X102.206 Y146.267 E.008
G1 X102.194 Y147.584 E.03432
G1 X77.085 Y147.584 E.65423
G1 X78.806 Y145.863 E.06342
;WIPE_START
G1 F8640
G1 X77.085 Y147.584 E-.56199
G1 X78.116 Y147.584 E-.23801
;WIPE_END
G1 Z2.85 F720
G1 X101.598 Y146.134 F10800
G1 Z2.45 F720
G1 E.8 F2100
G1 F4800
G1 X79.127 Y146.134 E.5855
G1 X78.094 Y147.166 E.03805
G1 X101.776 Y147.166 E.61705
G1 X101.776 Y146.65 E.01344
G1 X101.807 Y146.134 E.01347
G1 X101.26 Y146.65 E.01959
;WIDTH:0.64727
G1 X79.341 Y146.65 E.84077
;WIPE_START
G1 F8640
G1 X82.806 Y146.65 E-.8
;WIPE_END
G1 Z2.85 F720
G1 X77.888 Y82.869 F10800
G1 Z2.45 F720
G1 E.8 F2100
;WIDTH:0.37219
G1 F4800
G1 X77.847 Y82.88 E.0009
G1 X77.828 Y82.809 E.00156
G1 X77.899 Y82.828 E.00156
;WIDTH:0.411095
G1 X78.026 Y82.765 E.00335
;WIDTH:0.449999
G1 X78.153 Y82.702 E.00369
G1 X98.857 Y61.998 E.76291
G1 X99.448 Y61.998 E.0154
G1 X78.744 Y82.702 E.76291
G1 X79.335 Y82.702 E.0154
G1 X100.039 Y61.998 E.76291
G1 X100.63 Y61.998 E.0154
G1 X79.926 Y82.702 E.76291
G1 X80.517 Y82.702 E.0154
G1 X101.221 Y61.998 E.76291
G1 X101.812 Y61.998 E.0154
G1 X81.108 Y82.702 E.76291
G1 X81.698 Y82.702 E.01537
G1 X102.403 Y61.998 E.76293
G1 X102.612 Y62.379 E.01132
M73 Q71 S16
G1 X82.289 Y82.702 E.74887
G1 X82.88 Y82.702 E.0154
G1 X102.612 Y62.97 E.72709
G1 X102.612 Y63.561 E.0154
G1 X83.471 Y82.702 E.70531
G1 X84.062 Y82.702 E.0154
G1 X102.713 Y64.051 E.68726
G1 X102.976 Y64.379 E.01095
M73 P71 R16
G1 X84.653 Y82.702 E.67517
G1 X85.244 Y82.702 E.0154
G1 X103.373 Y64.572 E.66804
G1 X103.941 Y64.595 E.01481
G1 X85.835 Y82.702 E.66719
G1 X86.425 Y82.702 E.01537
G1 X104.532 Y64.596 E.66719
G1 X105.122 Y64.596 E.01537
G1 X87.016 Y82.702 E.66718
G1 X87.607 Y82.702 E.0154
G1 X105.713 Y64.596 E.66718
G1 X106.304 Y64.596 E.0154
G1 X88.198 Y82.702 E.66718
G1 X88.789 Y82.702 E.0154
G1 X106.894 Y64.597 E.66714
G1 X107.485 Y64.597 E.0154
G1 X89.38 Y82.702 E.66714
G1 X89.971 Y82.702 E.0154
G1 X108.076 Y64.597 E.66714
G1 X108.666 Y64.597 E.01537
G1 X90.562 Y82.702 E.66712
G1 X91.152 Y82.702 E.01537
G1 X109.257 Y64.598 E.66712
;WIPE_START
G1 F8640
G1 X106.807 Y67.048 E-.8
;WIPE_END
G1 Z2.85 F720
G1 X110.313 Y64.347 F10800
G1 Z2.45 F720
G1 E.8 F2100
;WIDTH:0.37219
G1 F4800
G1 X110.143 Y64.447 E.00418
;WIDTH:0.411095
G1 X109.995 Y64.522 E.00392
;WIDTH:0.449999
G1 X109.847 Y64.598 E.00433
G1 X91.743 Y82.702 E.6671
G1 X92.334 Y82.702 E.0154
G1 X113.038 Y61.998 E.76291
G1 X113.629 Y61.998 E.0154
G1 X92.925 Y82.702 E.76291
G1 X93.516 Y82.702 E.0154
G1 X114.22 Y61.998 E.76291
G1 X114.811 Y61.998 E.0154
G1 X94.107 Y82.702 E.76291
G1 X94.698 Y82.702 E.0154
G1 X115.402 Y61.998 E.76291
G1 X115.993 Y61.998 E.0154
G1 X95.289 Y82.702 E.76291
G1 X95.879 Y82.702 E.01537
G1 X116.584 Y61.998 E.76293
G1 X117.174 Y61.998 E.01537
G1 X96.47 Y82.702 E.76291
G1 X97.061 Y82.702 E.0154
G1 X117.765 Y61.998 E.76291
G1 X118.356 Y61.998 E.0154
G1 X97.652 Y82.702 E.76291
G1 X98.243 Y82.702 E.0154
G1 X118.947 Y61.998 E.76291
G1 X119.538 Y61.998 E.0154
G1 X98.834 Y82.702 E.76291
G1 X99.425 Y82.702 E.0154
G1 X120.129 Y61.998 E.76291
G1 X120.72 Y61.998 E.0154
G1 X100.016 Y82.702 E.76291
G1 X100.606 Y82.702 E.01537
G1 X121.311 Y61.998 E.76293
G1 X121.901 Y61.998 E.01537
G1 X101.197 Y82.702 E.76291
G1 X101.788 Y82.702 E.0154
G1 X122.492 Y61.998 E.76291
G1 X123.083 Y61.998 E.0154
G1 X102.379 Y82.702 E.76291
G1 X102.97 Y82.702 E.0154
G1 X123.674 Y61.998 E.76291
G1 X124.265 Y61.998 E.0154
G1 X103.561 Y82.702 E.76291
G1 X104.152 Y82.702 E.0154
M73 P71 R15
G1 X124.856 Y61.998 E.76291
G1 X125.447 Y61.998 E.0154
G1 X104.742 Y82.702 E.76293
G1 X105.333 Y82.702 E.0154
G1 X126.037 Y61.998 E.76291
G1 X126.628 Y61.998 E.0154
G1 X105.924 Y82.702 E.76291
G1 X106.515 Y82.702 E.0154
G1 X127.219 Y61.998 E.76291
G1 X127.81 Y61.998 E.0154
G1 X107.106 Y82.702 E.76291
G1 X107.697 Y82.702 E.0154
G1 X128.401 Y61.998 E.76291
G1 X128.992 Y61.998 E.0154
G1 X108.288 Y82.702 E.76291
G1 X108.879 Y82.702 E.0154
G1 X129.583 Y61.998 E.76291
M73 Q71 S15
G1 X130.174 Y61.998 E.0154
G1 X109.469 Y82.702 E.76293
G1 X110.06 Y82.702 E.0154
G1 X130.764 Y61.998 E.76291
G1 X131.355 Y61.998 E.0154
G1 X110.651 Y82.702 E.76291
G1 X111.242 Y82.702 E.0154
G1 X131.946 Y61.998 E.76291
G1 X132.537 Y61.998 E.0154
G1 X111.833 Y82.702 E.76291
G1 X112.424 Y82.702 E.0154
G1 X133.128 Y61.998 E.76291
G1 X133.719 Y61.998 E.0154
G1 X113.015 Y82.702 E.76291
G1 X113.606 Y82.702 E.0154
G1 X134.31 Y61.998 E.76291
G1 X134.901 Y61.998 E.0154
G1 X114.196 Y82.702 E.76293
G1 X114.787 Y82.702 E.0154
G1 X135.491 Y61.998 E.76291
G1 X136.082 Y61.998 E.0154
G1 X115.378 Y82.702 E.76291
G1 X115.969 Y82.702 E.0154
G1 X136.673 Y61.998 E.76291
G1 X137.264 Y61.998 E.0154
G1 X116.56 Y82.702 E.76291
G1 X117.151 Y82.702 E.0154
G1 X137.855 Y61.998 E.76291
G1 X138.446 Y61.998 E.0154
G1 X117.742 Y82.702 E.76291
G1 X118.333 Y82.702 E.0154
G1 X139.037 Y61.998 E.76291
G1 X139.092 Y62.533 E.01401
G1 X118.923 Y82.702 E.74319
G1 X119.514 Y82.702 E.0154
G1 X139.092 Y63.124 E.72142
G1 X139.102 Y63.705 E.01514
G1 X120.105 Y82.702 E.70001
G1 X120.696 Y82.702 E.0154
G1 X139.25 Y64.148 E.68368
G1 X139.549 Y64.44 E.01089
G1 X121.287 Y82.702 E.67292
G1 X121.878 Y82.702 E.0154
G1 X139.993 Y64.587 E.66751
G1 X140.573 Y64.598 E.01512
G1 X122.469 Y82.702 E.6671
G1 X123.059 Y82.702 E.01537
G1 X141.164 Y64.598 E.66712
G1 X141.754 Y64.598 E.01537
G1 X123.65 Y82.702 E.6671
G1 X124.241 Y82.702 E.0154
G1 X142.345 Y64.598 E.6671
G1 X142.936 Y64.598 E.0154
G1 X124.832 Y82.702 E.6671
G1 X125.423 Y82.702 E.0154
G1 X143.527 Y64.598 E.6671
G1 X144.118 Y64.598 E.0154
G1 X126.014 Y82.702 E.6671
G1 X126.605 Y82.702 E.0154
M73 Q72 S15
G1 X144.709 Y64.598 E.6671
G1 X145.3 Y64.598 E.0154
G1 X127.196 Y82.702 E.6671
G1 X127.786 Y82.702 E.01537
G1 X145.891 Y64.598 E.66712
G1 X146.494 Y64.586 E.01571
G1 X128.377 Y82.702 E.66756
;WIPE_START
G1 F8640
M73 P72 R15
G1 X130.827 Y80.252 E-.8
;WIPE_END
G1 Z2.85 F720
G1 X146.789 Y64.414 F10800
G1 Z2.45 F720
G1 E.8 F2100
;WIDTH:0.37219
G1 F4800
G1 X147.211 Y63.997 E.01258
;WIDTH:0.411095
G1 X147.295 Y63.849 E.00402
;WIDTH:0.449999
G1 X147.378 Y63.701 E.00442
G1 X149.081 Y61.998 E.06275
G1 X149.244 Y61.952 E.00441
;WIDTH:0.411095
G1 X149.407 Y61.906 E.004
;WIDTH:0.37219
G1 X149.366 Y61.917 E.0009
G1 X149.347 Y61.846 E.00156
G1 X149.418 Y61.865 E.00156
;WIDTH:0.449999
G1 X149.672 Y61.998 E.00747
G1 X128.968 Y82.702 E.76291
G1 X129.559 Y82.702 E.0154
G1 X150.263 Y61.998 E.76291
G1 X150.854 Y61.998 E.0154
G1 X130.15 Y82.702 E.76291
G1 X130.741 Y82.702 E.0154
G1 X151.445 Y61.998 E.76291
G1 X152.036 Y61.998 E.0154
G1 X131.332 Y82.702 E.76291
G1 X131.923 Y82.702 E.0154
G1 X152.627 Y61.998 E.76291
G1 X153.218 Y61.998 E.0154
G1 X132.513 Y82.702 E.76293
G1 X133.104 Y82.702 E.0154
G1 X153.808 Y61.998 E.76291
G1 X154.399 Y61.998 E.0154
G1 X133.695 Y82.702 E.76291
G1 X134.286 Y82.702 E.0154
G1 X154.99 Y61.998 E.76291
G1 X155.581 Y61.998 E.0154
G1 X134.877 Y82.702 E.76291
G1 X135.468 Y82.702 E.0154
G1 X156.172 Y61.998 E.76291
G1 X156.763 Y61.998 E.0154
G1 X136.059 Y82.702 E.76291
G1 X136.65 Y82.702 E.0154
G1 X157.354 Y61.998 E.76291
G1 X157.945 Y61.998 E.0154
G1 X137.24 Y82.702 E.76293
G1 X137.831 Y82.702 E.0154
G1 X158.535 Y61.998 E.76291
G1 X159.126 Y61.998 E.0154
G1 X138.422 Y82.702 E.76291
G1 X139.013 Y82.702 E.0154
G1 X159.717 Y61.998 E.76291
G1 X160.308 Y61.998 E.0154
G1 X139.604 Y82.702 E.76291
G1 X140.195 Y82.702 E.0154
G1 X160.899 Y61.998 E.76291
G1 X161.49 Y61.998 E.0154
G1 X140.786 Y82.702 E.76291
G1 X141.376 Y82.702 E.01537
G1 X162.081 Y61.998 E.76293
G1 X162.671 Y61.998 E.01537
G1 X141.967 Y82.702 E.76291
G1 X142.558 Y82.702 E.0154
G1 X163.262 Y61.998 E.76291
G1 X163.853 Y61.998 E.0154
G1 X143.149 Y82.702 E.76291
G1 X143.74 Y82.702 E.0154
G1 X164.444 Y61.998 E.76291
G1 X165.035 Y61.998 E.0154
G1 X144.331 Y82.702 E.76291
G1 X144.922 Y82.702 E.0154
G1 X165.626 Y61.998 E.76291
G1 X166.217 Y61.998 E.0154
G1 X145.513 Y82.702 E.76291
G1 X146.103 Y82.702 E.01537
G1 X166.808 Y61.998 E.76293
G1 X167.398 Y61.998 E.01537
G1 X146.694 Y82.702 E.76291
G1 X147.285 Y82.702 E.0154
G1 X167.989 Y61.998 E.76291
G1 X168.58 Y61.998 E.0154
G1 X147.876 Y82.702 E.76291
G1 X148.467 Y82.702 E.0154
G1 X169.171 Y61.998 E.76291
G1 X169.762 Y61.998 E.0154
G1 X149.058 Y82.702 E.76291
G1 X149.649 Y82.702 E.0154
G1 X170.353 Y61.998 E.76291
G1 X170.944 Y61.998 E.0154
G1 X150.24 Y82.702 E.76291
G1 X150.83 Y82.702 E.01537
G1 X171.535 Y61.998 E.76293
G1 X172.125 Y61.998 E.01537
G1 X151.421 Y82.702 E.76291
G1 X152.012 Y82.702 E.0154
G1 X172.716 Y61.998 E.76291
G1 X173.307 Y61.998 E.0154
G1 X152.603 Y82.702 E.76291
G1 X153.194 Y82.702 E.0154
G1 X173.898 Y61.998 E.76291
G1 X174.489 Y61.998 E.0154
G1 X153.785 Y82.702 E.76291
G1 X154.376 Y82.702 E.0154
G1 X175.08 Y61.998 E.76291
G1 X175.671 Y61.998 E.0154
G1 X154.967 Y82.702 E.76291
G1 X155.557 Y82.702 E.01537
G1 X176.262 Y61.998 E.76293
G1 X176.852 Y61.998 E.01537
G1 X156.148 Y82.702 E.76291
G1 X156.739 Y82.702 E.0154
G1 X177.443 Y61.998 E.76291
G1 X177.858 Y62.174 E.01175
G1 X157.33 Y82.702 E.75642
G1 X157.921 Y82.702 E.0154
G1 X178.257 Y62.366 E.74935
G1 X178.547 Y62.667 E.01089
G1 X158.512 Y82.702 E.73826
G1 X159.103 Y82.702 E.0154
G1 X178.7 Y63.105 E.72212
G1 X178.722 Y63.674 E.01484
G1 X159.693 Y82.702 E.70117
G1 X160.284 Y82.702 E.0154
G1 X178.722 Y64.264 E.67941
G1 X178.722 Y64.855 E.0154
G1 X160.875 Y82.702 E.65763
G1 X161.466 Y82.702 E.0154
G1 X178.722 Y65.446 E.63586
G1 X178.722 Y66.037 E.0154
G1 X162.057 Y82.702 E.61408
G1 X162.648 Y82.702 E.0154
G1 X178.722 Y66.628 E.5923
G1 X178.722 Y67.219 E.0154
G1 X163.239 Y82.702 E.57052
G1 X163.83 Y82.702 E.0154
G1 X178.722 Y67.81 E.54875
G1 X178.722 Y68.4 E.01537
G1 X164.42 Y82.702 E.52701
G1 X165.011 Y82.702 E.0154
G1 X178.722 Y68.991 E.50523
G1 X178.722 Y69.582 E.0154
G1 X165.602 Y82.702 E.48345
G1 X166.193 Y82.702 E.0154
G1 X178.722 Y70.173 E.46167
G1 X178.722 Y70.764 E.0154
G1 X166.784 Y82.702 E.4399
G1 X167.375 Y82.702 E.0154
G1 X178.722 Y71.355 E.41812
G1 X178.722 Y71.946 E.0154
G1 X167.966 Y82.702 E.39634
G1 X168.557 Y82.702 E.0154
G1 X178.722 Y72.537 E.37456
G1 X178.722 Y73.127 E.01537
G1 X169.147 Y82.702 E.35282
G1 X169.738 Y82.702 E.0154
G1 X178.722 Y73.718 E.33105
G1 X178.722 Y74.309 E.0154
G1 X170.329 Y82.702 E.30927
G1 X170.92 Y82.702 E.0154
G1 X178.722 Y74.9 E.28749
G1 X178.722 Y75.491 E.0154
G1 X171.511 Y82.702 E.26571
G1 X172.102 Y82.702 E.0154
G1 X178.722 Y76.082 E.24394
G1 X178.722 Y76.673 E.0154
G1 X172.693 Y82.702 E.22216
G1 X173.284 Y82.702 E.0154
M73 Q73 S15
G1 X178.722 Y77.264 E.20038
G1 X178.722 Y77.854 E.01537
G1 X173.874 Y82.702 E.17864
G1 X173.819 Y82.786 E.00262
;WIDTH:0.411095
G1 X173.764 Y82.869 E.00235
;WIDTH:0.37219
G1 X173.693 Y82.85 E.00156
G1 X173.712 Y82.921 E.00156
G1 X173.753 Y82.91 E.0009
;WIDTH:0.449999
G1 X174.395 Y82.773 E.0171
G1 X178.722 Y78.445 E.15946
G1 X178.722 Y79.036 E.0154
G1 X174.746 Y83.012 E.14651
G1 X174.968 Y83.381 E.01122
G1 X178.722 Y79.627 E.13833
G1 X178.722 Y80.218 E.0154
G1 X175.018 Y83.922 E.13649
G1 X175.018 Y84.513 E.0154
G1 X178.722 Y80.809 E.13649
G1 X178.722 Y81.4 E.0154
G1 X175.018 Y85.104 E.13649
G1 X175.018 Y85.695 E.0154
G1 X178.722 Y81.991 E.13649
G1 X178.722 Y82.581 E.01537
G1 X175.018 Y86.286 E.1365
G1 X175.018 Y86.876 E.01537
M73 P73 R15
G1 X178.722 Y83.172 E.13649
G1 X178.722 Y83.763 E.0154
G1 X175.018 Y87.467 E.13649
G1 X175.018 Y88.058 E.0154
G1 X178.722 Y84.354 E.13649
G1 X178.722 Y84.945 E.0154
G1 X175.018 Y88.649 E.13649
G1 X175.018 Y89.24 E.0154
G1 X178.722 Y85.536 E.13649
G1 X178.722 Y86.127 E.0154
G1 X175.018 Y89.831 E.13649
G1 X175.018 Y90.422 E.0154
G1 X178.722 Y86.717 E.1365
G1 X178.722 Y87.308 E.0154
G1 X175.018 Y91.012 E.13649
G1 X175.018 Y91.603 E.0154
G1 X178.722 Y87.899 E.13649
G1 X178.722 Y88.49 E.0154
G1 X175.018 Y92.194 E.13649
G1 X175.018 Y92.785 E.0154
G1 X178.722 Y89.081 E.13649
G1 X178.722 Y89.672 E.0154
G1 X175.018 Y93.376 E.13649
G1 X175.018 Y93.967 E.0154
G1 X178.722 Y90.263 E.13649
G1 X178.722 Y90.854 E.0154
G1 X175.018 Y94.558 E.13649
G1 X175.018 Y95.149 E.0154
G1 X178.722 Y91.444 E.1365
G1 X178.722 Y92.035 E.0154
G1 X175.018 Y95.739 E.13649
G1 X175.018 Y96.33 E.0154
G1 X178.722 Y92.626 E.13649
G1 X178.722 Y93.217 E.0154
G1 X175.018 Y96.921 E.13649
G1 X175.018 Y97.512 E.0154
G1 X178.722 Y93.808 E.13649
G1 X178.722 Y94.399 E.0154
G1 X175.018 Y98.103 E.13649
G1 X175.018 Y98.694 E.0154
G1 X178.722 Y94.99 E.13649
G1 X178.722 Y95.581 E.0154
G1 X175.018 Y99.285 E.13649
G1 X175.018 Y99.876 E.0154
G1 X178.722 Y96.171 E.1365
G1 X178.722 Y96.762 E.0154
G1 X175.018 Y100.466 E.13649
G1 X175.018 Y101.057 E.0154
G1 X178.722 Y97.353 E.13649
G1 X178.722 Y97.944 E.0154
G1 X175.018 Y101.648 E.13649
G1 X175.189 Y102.068 E.01182
G1 X178.722 Y98.535 E.13019
G1 X178.722 Y99.126 E.0154
G1 X176.975 Y100.873 E.06437
G1 X176.827 Y100.963 E.00451
;WIDTH:0.411095
G1 X176.679 Y101.054 E.00411
;WIDTH:0.37219
G1 X176.307 Y101.424 E.01112
;WIDTH:0.411095
G1 X176.228 Y101.561 E.00374
;WIDTH:0.449999
G1 X176.149 Y101.698 E.00412
G1 X176.122 Y101.841 E.00379
G1 X176.122 Y108.163 E.16472
G1 X176.205 Y108.548 E.01026
G1 X176.437 Y108.881 E.01057
G1 X176.725 Y109.068 E.00895
G1 X177.042 Y109.145 E.0085
G1 X177.565 Y109.146 E.01363
G1 X175.018 Y111.693 E.09385
G1 X175.018 Y102.521 E.23898
G1 X175.293 Y102.545 E.00719
G1 X176.002 Y101.846 E.02594
G1 X175.742 Y102.644 F10800
;WIDTH:0.37535
G1 F4800
G1 X175.742 Y108.163 E.11811
;WIDTH:0.411771
G1 X175.77 Y108.403 E.00572
;WIDTH:0.448192
G1 X175.799 Y108.642 E.00625
;WIDTH:0.449999
G1 X175.913 Y108.885 E.00699
G1 X176.194 Y109.228 E.01155
G1 X176.641 Y109.479 E.01336
G1 X175.436 Y110.684 E.0444
G1 X175.435 Y108.683 E.05214
;WIDTH:0.448192
G1 X175.417 Y108.423 E.00676
;WIDTH:0.411771
G1 X175.398 Y108.163 E.00617
;WIDTH:0.37535
G1 X175.398 Y102.863 E.11342
G1 X175.484 Y102.874 E.00186
G1 X175.586 Y102.783 E.00293
;WIPE_START
G1 F8640
G1 X175.484 Y102.874 E-.03156
G1 X175.398 Y102.863 E-.02002
G1 X175.398 Y106.105 E-.74842
;WIPE_END
G1 Z2.85 F720
G1 X177.587 Y100.852 F10800
G1 Z2.45 F720
G1 E.8 F2100
;WIDTH:0.449999
G1 F4800
G1 X178.722 Y99.717 E.04182
G1 X178.747 Y100.248 E.01385
;WIDTH:0.400588
G1 X178.747 Y100.877 E.01445
G1 X178.118 Y100.877 E.01445
G1 X178.599 Y100.396 E.01563
;WIPE_START
G1 F8640
G1 X178.118 Y100.877 E-.15707
G1 X178.747 Y100.877 E-.14524
G1 X178.747 Y100.248 E-.14524
G1 X178.722 Y99.717 E-.12275
G1 X178.018 Y100.42 E-.2297
;WIPE_END
G1 Z2.85 F720
G1 X178.155 Y109.147 F10800
G1 Z2.45 F720
G1 E.8 F2100
;WIDTH:0.449999
G1 F4800
G1 X174.949 Y112.359 E.11825
;WIDTH:0.411095
G1 X174.881 Y112.433 E.00237
;WIDTH:0.37219
G1 X174.81 Y112.414 E.00156
G1 X174.829 Y112.485 E.00156
G1 X174.87 Y112.474 E.0009
;WIDTH:0.449999
G1 X175.018 Y112.875 E.01114
G1 X178.722 Y109.171 E.13649
G1 X178.722 Y109.761 E.01537
G1 X175.018 Y113.466 E.1365
G1 X175.018 Y114.056 E.01537
G1 X178.722 Y110.352 E.13649
G1 X178.722 Y110.943 E.0154
G1 X175.018 Y114.647 E.13649
G1 X175.018 Y115.238 E.0154
G1 X178.722 Y111.534 E.13649
G1 X178.722 Y112.125 E.0154
M73 P73 R14
G1 X175.018 Y115.829 E.13649
G1 X175.018 Y116.42 E.0154
G1 X178.722 Y112.716 E.13649
G1 X178.722 Y113.307 E.0154
G1 X175.018 Y117.011 E.13649
G1 X175.018 Y117.602 E.0154
G1 X178.722 Y113.898 E.13649
G1 X178.722 Y114.488 E.01537
G1 X175.018 Y118.193 E.1365
G1 X175.018 Y118.783 E.01537
G1 X178.722 Y115.079 E.13649
G1 X178.722 Y115.67 E.0154
G1 X175.018 Y119.374 E.13649
G1 X175.018 Y119.965 E.0154
G1 X178.722 Y116.261 E.13649
G1 X178.722 Y116.852 E.0154
G1 X175.018 Y120.556 E.13649
G1 X175.018 Y121.147 E.0154
G1 X178.722 Y117.443 E.13649
G1 X178.722 Y118.034 E.0154
G1 X175.018 Y121.738 E.13649
G1 X175.018 Y122.329 E.0154
G1 X178.722 Y118.625 E.13649
G1 X178.722 Y119.215 E.01537
G1 X175.018 Y122.92 E.1365
G1 X175.018 Y123.51 E.01537
G1 X178.722 Y119.806 E.13649
G1 X178.722 Y120.397 E.0154
G1 X175.018 Y124.101 E.13649
G1 X175.018 Y124.692 E.0154
G1 X178.722 Y120.988 E.13649
G1 X178.722 Y121.579 E.0154
G1 X175.018 Y125.283 E.13649
G1 X175.018 Y125.874 E.0154
G1 X178.722 Y122.17 E.13649
G1 X178.722 Y122.761 E.0154
G1 X175.018 Y126.465 E.13649
G1 X175.018 Y127.056 E.0154
G1 X178.722 Y123.351 E.1365
G1 X178.722 Y123.942 E.0154
G1 X175.018 Y127.646 E.13649
G1 X175.018 Y128.237 E.0154
G1 X178.722 Y124.533 E.13649
G1 X178.722 Y125.124 E.0154
G1 X175.018 Y128.828 E.13649
G1 X175.018 Y129.419 E.0154
G1 X178.722 Y125.715 E.13649
G1 X178.722 Y126.306 E.0154
G1 X175.018 Y130.01 E.13649
M73 Q73 S14
G1 X175.018 Y130.601 E.0154
G1 X178.722 Y126.897 E.13649
G1 X178.722 Y127.488 E.0154
G1 X175.018 Y131.192 E.13649
G1 X175.018 Y131.783 E.0154
G1 X178.722 Y128.078 E.1365
G1 X178.722 Y128.669 E.0154
G1 X175.018 Y132.373 E.13649
G1 X175.018 Y132.964 E.0154
G1 X178.722 Y129.26 E.13649
G1 X178.722 Y129.851 E.0154
G1 X175.018 Y133.555 E.13649
G1 X175.018 Y134.146 E.0154
G1 X178.722 Y130.442 E.13649
G1 X178.722 Y131.033 E.0154
G1 X175.018 Y134.737 E.13649
G1 X175.018 Y135.328 E.0154
G1 X178.722 Y131.624 E.13649
G1 X178.722 Y132.215 E.0154
G1 X175.018 Y135.919 E.13649
G1 X175.018 Y136.51 E.0154
G1 X178.722 Y132.805 E.1365
G1 X178.722 Y133.396 E.0154
G1 X175.018 Y137.1 E.13649
G1 X175.018 Y137.691 E.0154
G1 X178.722 Y133.987 E.13649
G1 X178.722 Y134.578 E.0154
G1 X175.018 Y138.282 E.13649
G1 X175.018 Y138.873 E.0154
G1 X178.722 Y135.169 E.13649
G1 X178.722 Y135.76 E.0154
G1 X175.018 Y139.464 E.13649
G1 X175.018 Y140.055 E.0154
G1 X178.722 Y136.351 E.13649
G1 X178.722 Y136.942 E.0154
G1 X175.018 Y140.646 E.13649
G1 X175.018 Y141.237 E.0154
G1 X178.722 Y137.532 E.1365
G1 X178.722 Y138.123 E.0154
G1 X175.018 Y141.827 E.13649
G1 X175.018 Y142.418 E.0154
G1 X178.722 Y138.714 E.13649
G1 X178.722 Y139.305 E.0154
G1 X175.018 Y143.009 E.13649
G1 X175.018 Y143.6 E.0154
G1 X178.722 Y139.896 E.13649
G1 X178.722 Y140.487 E.0154
G1 X175.018 Y144.191 E.13649
G1 X174.97 Y144.333 E.00391
;WIDTH:0.411095
G1 X174.923 Y144.475 E.00353
;WIDTH:0.37219
G1 X174.852 Y144.456 E.00156
G1 X174.871 Y144.527 E.00156
G1 X174.912 Y144.516 E.0009
;WIPE_START
G1 F8640
G1 X174.871 Y144.527 E-.0098
G1 X174.852 Y144.456 E-.01697
G1 X174.923 Y144.475 E-.01697
G1 X174.97 Y144.333 E-.03454
G1 X175.018 Y144.191 E-.03461
G1 X177.122 Y142.087 E-.68711
;WIPE_END
G1 Z2.85 F720
G1 X173.911 Y145.298 F10800
G1 Z2.45 F720
G1 E.8 F2100
;WIDTH:0.449999
G1 F4800
G1 X171.354 Y147.854 E.0942
G1 X171.354 Y148.002 E.00386
G1 X147.388 Y148.002 E.62445
G1 X147.388 Y146.39 E.042
G1 X147.324 Y146.048 E.00907
G1 X147.028 Y145.633 E.01328
G1 X146.734 Y145.408 E.00965
G1 X147.116 Y145.298 E.01036
G1 X173.702 Y145.298 E.69272
;WIPE_START
G1 F8640
G1 X170.237 Y145.298 E-.8
;WIPE_END
G1 Z2.85 F720
G1 X171.798 Y148.002 F10800
G1 Z2.45 F720
G1 E.8 F2100
G1 F4800
G1 X178.722 Y141.078 E.25514
G1 X178.722 Y141.668 E.01537
G1 X172.388 Y148.002 E.2334
G1 X172.979 Y148.002 E.0154
G1 X178.722 Y142.259 E.21162
G1 X178.722 Y142.85 E.0154
G1 X173.57 Y148.002 E.18984
G1 X174.161 Y148.002 E.0154
G1 X178.722 Y143.441 E.16807
G1 X178.722 Y144.032 E.0154
G1 X174.752 Y148.002 E.14629
G1 X175.343 Y148.002 E.0154
G1 X178.722 Y144.623 E.12451
G1 X178.722 Y145.214 E.0154
G1 X175.934 Y148.002 E.10273
G1 X176.419 Y148.235 E.01402
;WIDTH:0.647266
G1 X176.344 Y148.255 E.00298
G1 X176.29 Y148.2 E.00296
G1 X176.31 Y148.126 E.00294
G1 X176.384 Y148.106 E.00294
G1 X176.438 Y148.16 E.00293
G1 X176.46 Y148.121 E.00172
;WIDTH:0.59795
G1 X176.482 Y148.081 E.00161
;WIDTH:0.548633
G1 X176.503 Y148.042 E.00143
;WIDTH:0.499316
G1 X176.525 Y148.002 E.00133
;WIDTH:0.449999
G1 X178.722 Y145.805 E.08096
G1 X178.676 Y146.508 E.01836
;WIDTH:0.542866
G1 X178.676 Y146.762 E.00809
G1 X178.214 Y147.721 E.0339
G1 X177.562 Y147.949 E.022
G1 X177.228 Y147.956 E.01064
G1 X178.528 Y146.655 E.05857
;WIPE_START
G1 F8640
G1 X177.228 Y147.956 E-.42467
G1 X177.562 Y147.949 E-.07714
G1 X178.214 Y147.721 E-.15949
G1 X178.475 Y147.18 E-.1387
;WIPE_END
G1 Z2.85 F720
G1 X172.902 Y145.716 F10800
G1 Z2.45 F720
G1 E.8 F2100
;WIDTH:0.449999
G1 F4800
G1 X171.034 Y147.584 E.06883
G1 X147.806 Y147.584 E.60522
G1 X147.806 Y146.39 E.03111
G1 X147.733 Y145.966 E.01121
G1 X147.619 Y145.716 E.00716
G1 X172.693 Y145.716 E.65332
G1 X171.893 Y146.134 F10800
G1 F4800
G1 X170.861 Y147.166 E.03803
G1 X148.224 Y147.166 E.58982
G1 X148.224 Y146.65 E.01344
G1 X148.193 Y146.134 E.01347
G1 X171.685 Y146.134 E.6121
;WIPE_START
G1 F8640
G1 X168.22 Y146.134 E-.8
;WIPE_END
G1 Z2.85 F720
G1 X170.647 Y146.65 F10800
G1 Z2.45 F720
G1 E.8 F2100
;WIDTH:0.647268
G1 F4800
G1 X148.74 Y146.65 E.84031
;WIPE_START
G1 F8640
G1 X152.205 Y146.65 E-.8
;WIPE_END
G1 Z2.85 F720
G1 X175.939 Y109.62 F10800
G1 Z2.45 F720
G1 E.8 F2100
;WIDTH:0.53237
G1 F4800
G1 X175.879 Y109.637 E.00195
G1 X175.834 Y109.592 E.00199
G1 X175.851 Y109.532 E.00195
G1 X175.911 Y109.516 E.00194
G1 X175.955 Y109.56 E.00194
;LAYER_CHANGE
;Z:2.6
;HEIGHT:0.15
;BEFORE_LAYER_CHANGE
G92 E0.0
;2.6


;WIPE_START
G1 F8640
G1 X175.911 Y109.516 E-.01437
G1 X175.851 Y109.532 E-.01434
G1 X175.834 Y109.592 E-.0144
G1 X175.879 Y109.637 E-.01469
G1 X175.939 Y109.62 E-.0144
;WIPE_END
G1 E-.7278 F2100
G1 Z2.6 F720
;AFTER_LAYER_CHANGE
;2.6
G1 Z3
G1 X174.476 Y144.754 F10800
G1 Z2.6 F720
G1 E.8 F2100
M204 S800
;TYPE:Perimeter
;WIDTH:0.449999
G1 F2700
G1 X174.446 Y144.79 E.00122
G1 X174.125 Y144.943 E.00927
G1 X147.095 Y144.943 E.70429
;WIDTH:0.499571
G1 X146.923 Y144.968 E.00507
;WIDTH:0.549142
G1 X146.751 Y144.992 E.0056
;WIDTH:0.598713
G1 X146.578 Y145.017 E.00618
;WIDTH:0.648284
G1 X146.406 Y145.042 E.00668
G1 X140.074 Y145.042 E.24328
G1 X139.902 Y145.017 E.00668
;WIDTH:0.598713
G1 X139.729 Y144.992 E.00618
;WIDTH:0.549142
G1 X139.557 Y144.968 E.0056
;WIDTH:0.499571
G1 X139.385 Y144.943 E.00507
;WIDTH:0.449999
G1 X110.615 Y144.943 E.74962
;WIDTH:0.499571
G1 X110.443 Y144.968 E.00507
;WIDTH:0.549142
G1 X110.271 Y144.992 E.0056
;WIDTH:0.598713
G1 X110.098 Y145.017 E.00618
;WIDTH:0.648284
G1 X109.926 Y145.042 E.00668
G1 X103.594 Y145.042 E.24328
G1 X103.422 Y145.017 E.00668
;WIDTH:0.598713
G1 X103.249 Y144.992 E.00618
;WIDTH:0.549142
G1 X103.077 Y144.968 E.0056
;WIDTH:0.499571
G1 X102.905 Y144.943 E.00507
;WIDTH:0.449999
G1 X77.964 Y144.943 E.64986
G1 X77.765 Y144.911 E.00525
G1 X77.595 Y144.823 E.00499
G1 X77.391 Y144.57 E.00847
G1 X77.337 Y144.316 E.00677
G1 X77.337 Y83.684 E1.57981
G1 X77.385 Y83.443 E.0064
G1 X77.51 Y83.252 E.00595
G1 X77.749 Y83.095 E.00745
G1 X77.964 Y83.057 E.00569
G1 X174.036 Y83.057 E2.50323
G1 X174.239 Y83.091 E.00536
G1 X174.468 Y83.23 E.00698
G1 X174.663 Y83.55 E.00976
G1 X174.663 Y144.316 E1.5833
G1 X174.638 Y144.49 E.00458
G1 X174.57 Y144.645 E.00441
G1 X174.515 Y144.709 E.0022
M204 S1000
G1 X174.181 Y144.455 F10800
M204 S800
;TYPE:External perimeter
G1 F1500
G1 X174.173 Y144.474 E.00054
G1 X174.036 Y144.525 E.00381
G1 X77.964 Y144.525 E2.50323
G1 X77.841 Y144.485 E.00337
M73 P74 R14
M73 Q74 S14
G1 X77.755 Y144.347 E.00424
G1 X77.755 Y83.684 E1.58062
G1 X77.813 Y83.54 E.00404
G1 X77.964 Y83.475 E.00428
G1 X174.036 Y83.475 E2.50323
G1 X174.18 Y83.533 E.00404
G1 X174.245 Y83.684 E.00428
G1 X174.245 Y144.316 E1.57981
G1 X174.206 Y144.4 E.00241
M204 S1000
;WIPE_START
G1 F8640
G1 X174.181 Y144.455 E-.01395
G1 X174.173 Y144.474 E-.00476
G1 X174.036 Y144.525 E-.03375
G1 X170.799 Y144.525 E-.74754
;WIPE_END
G1 Z3 F720
G1 X146.837 Y145.954 F10800
G1 Z2.6 F720
G1 E.8 F2100
M204 S800
;TYPE:Perimeter
G1 F2700
G1 X146.782 Y145.883 E.00234
;WIDTH:0.499571
G1 X146.688 Y145.826 E.0032
;WIDTH:0.549142
G1 X146.594 Y145.77 E.00353
;WIDTH:0.598713
G1 X146.5 Y145.714 E.00387
;WIDTH:0.648284
G1 X146.406 Y145.658 E.0042
G1 X140.074 Y145.658 E.24328
G1 X139.98 Y145.714 E.0042
;WIDTH:0.598713
G1 X139.886 Y145.77 E.00387
;WIDTH:0.549142
G1 X139.792 Y145.826 E.00353
;WIDTH:0.499571
G1 X139.698 Y145.883 E.0032
;WIDTH:0.449999
G1 X139.495 Y146.143 E.00859
G1 X139.447 Y146.384 E.0064
G1 X139.447 Y148.357 E.05141
G1 X110.553 Y148.357 E.75285
G1 X110.553 Y146.384 E.05141
G1 X110.505 Y146.143 E.0064
G1 X110.302 Y145.883 E.00859
;WIDTH:0.499571
G1 X110.208 Y145.826 E.0032
;WIDTH:0.549142
G1 X110.114 Y145.77 E.00353
;WIDTH:0.598713
G1 X110.02 Y145.714 E.00387
;WIDTH:0.648284
G1 X109.926 Y145.658 E.0042
G1 X103.594 Y145.658 E.24328
G1 X103.5 Y145.714 E.0042
;WIDTH:0.598713
G1 X103.406 Y145.77 E.00387
;WIDTH:0.549142
G1 X103.312 Y145.826 E.00353
;WIDTH:0.499571
G1 X103.218 Y145.883 E.0032
;WIDTH:0.449999
G1 X103.015 Y146.143 E.00859
G1 X102.967 Y146.384 E.0064
G1 X102.967 Y148.357 E.05141
G1 X72.427 Y148.357 E.79574
G1 X71.235 Y147.783 E.03447
G1 X70.923 Y146.891 E.02462
G1 X70.923 Y108.793 E.99267
G1 X72.896 Y108.793 E.05141
G1 X73.098 Y108.759 E.00534
G1 X73.327 Y108.621 E.00697
G1 X73.498 Y108.342 E.00853
G1 X73.523 Y108.166 E.00463
G1 X73.523 Y101.834 E.16498
G1 X73.428 Y101.502 E.009
G1 X73.213 Y101.293 E.00781
G1 X72.896 Y101.207 E.00856
G1 X70.923 Y101.207 E.05141
G1 X70.923 Y63.147 E.99168
G1 X71.497 Y61.955 E.03447
G1 X72.389 Y61.643 E.02462
G1 X102.967 Y61.643 E.79673
G1 X102.967 Y63.736 E.05453
G1 X103.12 Y64.026 E.00854
G1 X103.31 Y64.175 E.00629
G1 X103.594 Y64.243 E.00761
G1 X110.006 Y64.243 E.16707
G1 X110.29 Y64.126 E.008
G1 X110.491 Y63.888 E.00812
G1 X110.553 Y63.616 E.00727
G1 X110.553 Y61.643 E.05141
G1 X139.447 Y61.643 E.75285
G1 X139.447 Y63.736 E.05453
G1 X139.6 Y64.026 E.00854
G1 X139.79 Y64.175 E.00629
G1 X140.074 Y64.243 E.00761
G1 X146.486 Y64.243 E.16707
G1 X146.77 Y64.126 E.008
G1 X146.971 Y63.888 E.00812
G1 X147.033 Y63.616 E.00727
G1 X147.033 Y61.643 E.05141
G1 X177.573 Y61.643 E.79574
G1 X178.765 Y62.217 E.03447
G1 X179.077 Y63.109 E.02462
G1 X179.077 Y101.207 E.99267
G1 X177.104 Y101.207 E.05141
G1 X176.882 Y101.248 E.00588
G1 X176.696 Y101.358 E.00563
G1 X176.54 Y101.56 E.00665
G1 X176.477 Y101.834 E.00733
G1 X176.477 Y108.166 E.16498
G1 X176.54 Y108.44 E.00733
G1 X176.696 Y108.642 E.00665
G1 X176.882 Y108.752 E.00563
G1 X177.104 Y108.793 E.00588
G1 X179.077 Y108.793 E.05141
G1 X179.077 Y146.853 E.99168
G1 X178.503 Y148.045 E.03447
G1 X177.611 Y148.357 E.02462
G1 X147.033 Y148.357 E.79673
G1 X147.033 Y146.384 E.05141
G1 X146.985 Y146.143 E.0064
G1 X146.874 Y146.001 E.0047
M204 S1000
G1 X146.547 Y146.248 F10800
M204 S800
;TYPE:External perimeter
G1 F1500
G1 X146.531 Y146.217 E.00091
G1 X146.406 Y146.175 E.00344
G1 X140.074 Y146.175 E.16498
G1 X139.949 Y146.217 E.00344
G1 X139.865 Y146.384 E.00487
G1 X139.865 Y148.775 E.0623
G1 X110.135 Y148.775 E.77464
G1 X110.135 Y146.384 E.0623
G1 X110.051 Y146.217 E.00487
G1 X109.926 Y146.175 E.00344
G1 X103.594 Y146.175 E.16498
G1 X103.469 Y146.217 E.00344
G1 X103.385 Y146.384 E.00487
G1 X103.385 Y148.775 E.0623
G1 X72.331 Y148.775 E.80913
G1 X70.898 Y148.085 E.04144
G1 X70.505 Y146.962 E.031
G1 X70.505 Y108.375 E1.00541
G1 X72.896 Y108.375 E.0623
G1 X73.04 Y108.318 E.00404
G1 X73.105 Y108.166 E.00431
G1 X73.105 Y101.834 E.16498
G1 X73.04 Y101.682 E.00431
G1 X72.896 Y101.625 E.00404
G1 X70.505 Y101.625 E.0623
G1 X70.505 Y63.051 E1.00507
G1 X71.195 Y61.618 E.04144
G1 X72.318 Y61.225 E.031
G1 X103.385 Y61.225 E.80947
G1 X103.385 Y63.616 E.0623
G1 X103.449 Y63.767 E.00427
G1 X103.594 Y63.825 E.00407
G1 X109.926 Y63.825 E.16498
G1 X110.071 Y63.767 E.00407
G1 X110.135 Y63.616 E.00427
G1 X110.135 Y61.225 E.0623
G1 X139.865 Y61.225 E.77464
G1 X139.865 Y63.616 E.0623
G1 X139.929 Y63.767 E.00427
G1 X140.074 Y63.825 E.00407
G1 X146.406 Y63.825 E.16498
G1 X146.551 Y63.767 E.00407
G1 X146.615 Y63.616 E.00427
G1 X146.615 Y61.225 E.0623
G1 X177.669 Y61.225 E.80913
G1 X179.102 Y61.915 E.04144
M73 Q75 S14
G1 X179.495 Y63.038 E.031
G1 X179.495 Y101.625 E1.00541
G1 X177.104 Y101.625 E.0623
M73 P75 R13
G1 X176.968 Y101.675 E.00378
G1 X176.895 Y101.834 E.00456
G1 X176.895 Y108.166 E.16498
G1 X176.968 Y108.325 E.00456
G1 X177.104 Y108.375 E.00378
G1 X179.495 Y108.375 E.0623
G1 X179.495 Y146.949 E1.00507
G1 X178.805 Y148.382 E.04144
G1 X177.682 Y148.775 E.031
G1 X146.615 Y148.775 E.80947
G1 X146.615 Y146.384 E.0623
G1 X146.574 Y146.301 E.00241
M204 S1000
;WIPE_START
G1 F8640
G1 X146.547 Y146.248 E-.01373
G1 X146.531 Y146.217 E-.00806
G1 X146.406 Y146.175 E-.03045
G1 X143.168 Y146.175 E-.74776
;WIPE_END
G1 Z3 F720
M73 Q75 S13
G1 X110.254 Y145.408 F10800
G1 Z2.6 F720
G1 E.8 F2100
;TYPE:Solid infill
G1 F4800
G1 X110.636 Y145.298 E.01036
G1 X138.872 Y145.298 E.73571
G1 X139.625 Y145.327 E.01963
G1 X139.751 Y145.388 E.00365
G1 X139.509 Y145.583 E.0081
G1 X139.196 Y145.961 E.01279
G1 X139.092 Y146.39 E.0115
G1 X139.092 Y148.002 E.042
G1 X110.908 Y148.002 E.73435
G1 X110.908 Y146.39 E.042
G1 X110.844 Y146.048 E.00907
G1 X110.548 Y145.633 E.01328
G1 X110.42 Y145.535 E.0042
G1 X111.139 Y145.716 E.01932
G1 X138.861 Y145.716 E.72232
G1 X138.747 Y145.966 E.00716
G1 X138.674 Y146.39 E.01121
G1 X138.674 Y147.584 E.03111
G1 X111.326 Y147.584 E.71257
G1 X111.326 Y146.39 E.03111
G1 X111.253 Y145.966 E.01121
G1 X111.226 Y145.906 E.00171
G1 X111.713 Y146.134 E.01401
G1 X138.287 Y146.134 E.6924
G1 X138.256 Y146.39 E.00672
G1 X138.256 Y147.166 E.02022
G1 X111.744 Y147.166 E.69079
G1 X111.725 Y146.342 E.02148
G1 X112.26 Y146.65 E.01608
;WIDTH:0.64727
G1 X137.74 Y146.65 E.97736
;WIPE_START
G1 F8640
G1 X134.275 Y146.65 E-.8
;WIPE_END
G1 Z3 F720
G1 X71.278 Y100.333 F10800
G1 Z2.6 F720
G1 E.8 F2100
;WIDTH:0.449999
G1 F4800
G1 X71.797 Y100.852 E.01912
G1 X72.388 Y100.852 E.0154
G1 X71.278 Y99.742 E.0409
;WIPE_START
G1 F8640
G1 X72.388 Y100.852 E-.36247
G1 X71.797 Y100.852 E-.13646
G1 X71.278 Y100.333 E-.16948
;WIPE_END
G1 E-.13159 F2100
G1 Z3 F720
G1 X71.376 Y147.109 F10800
G1 Z2.6 F720
G1 E.8 F2100
G1 F4800
G1 X72.046 Y147.78 E.02471
G1 X72.208 Y147.869 E.00482
;WIDTH:0.411095
G1 X72.371 Y147.959 E.0044
;WIDTH:0.37219
G1 X72.382 Y148 E.0009
G1 X72.311 Y148.019 E.00156
G1 X72.33 Y147.948 E.00156
;WIDTH:0.449999
G1 X73.049 Y148.15 E.01946
;WIDTH:0.37219
G1 X73.06 Y148.191 E.0009
G1 X72.989 Y148.21 E.00156
G1 X73.008 Y148.139 E.00156
;WIDTH:0.411095
G1 X72.934 Y148.071 E.00237
;WIDTH:0.449999
G1 X71.278 Y146.421 E.06091
G1 X71.278 Y145.83 E.0154
G1 X73.45 Y148.002 E.08003
G1 X74.041 Y148.002 E.0154
G1 X71.278 Y145.239 E.10181
G1 X71.278 Y144.648 E.0154
G1 X74.632 Y148.002 E.12359
G1 X75.223 Y148.002 E.0154
G1 X71.278 Y144.057 E.14537
G1 X71.278 Y143.467 E.01537
G1 X75.813 Y148.002 E.16711
G1 X76.404 Y148.002 E.0154
G1 X71.278 Y142.876 E.18888
G1 X71.278 Y142.285 E.0154
G1 X76.995 Y148.002 E.21066
G1 X77.586 Y148.002 E.0154
G1 X71.278 Y141.694 E.23244
G1 X71.278 Y141.103 E.0154
G1 X78.177 Y148.002 E.25422
G1 X78.768 Y148.002 E.0154
G1 X71.278 Y140.512 E.27599
G1 X71.278 Y139.921 E.0154
G1 X79.359 Y148.002 E.29777
G1 X80.275 Y148.094 F10800
;WIDTH:0.37219
G1 F4800
G1 X80.286 Y148.135 E.0009
G1 X80.215 Y148.154 E.00156
G1 X80.234 Y148.083 E.00156
;WIDTH:0.411095
G1 X80.092 Y148.043 E.00349
;WIDTH:0.449999
G1 X79.95 Y148.002 E.00385
G1 X71.278 Y139.331 E.31953
G1 X71.278 Y138.74 E.0154
G1 X76.996 Y144.458 E.2107
G1 X76.982 Y143.853 E.01577
G1 X71.278 Y138.149 E.21018
G1 X71.278 Y137.558 E.0154
G1 X76.982 Y143.262 E.21018
G1 X76.982 Y142.671 E.0154
G1 X71.278 Y136.967 E.21018
G1 X71.278 Y136.376 E.0154
G1 X76.982 Y142.08 E.21018
G1 X76.982 Y141.489 E.0154
G1 X71.278 Y135.785 E.21018
G1 X71.278 Y135.194 E.0154
G1 X76.982 Y140.899 E.2102
G1 X76.982 Y140.308 E.0154
G1 X71.278 Y134.604 E.21018
G1 X71.278 Y134.013 E.0154
G1 X76.982 Y139.717 E.21018
G1 X76.982 Y139.126 E.0154
G1 X71.278 Y133.422 E.21018
G1 X71.278 Y132.831 E.0154
G1 X76.982 Y138.535 E.21018
G1 X76.982 Y137.944 E.0154
G1 X71.278 Y132.24 E.21018
G1 X71.278 Y131.649 E.0154
G1 X76.982 Y137.353 E.21018
G1 X76.982 Y136.762 E.0154
G1 X71.278 Y131.058 E.21018
G1 X71.278 Y130.467 E.0154
G1 X76.982 Y136.172 E.2102
G1 X76.982 Y135.581 E.0154
G1 X71.278 Y129.877 E.21018
G1 X71.278 Y129.286 E.0154
G1 X76.982 Y134.99 E.21018
G1 X76.982 Y134.399 E.0154
G1 X71.278 Y128.695 E.21018
G1 X71.278 Y128.104 E.0154
G1 X76.982 Y133.808 E.21018
G1 X76.982 Y133.217 E.0154
G1 X71.278 Y127.513 E.21018
G1 X71.278 Y126.922 E.0154
G1 X76.982 Y132.626 E.21018
G1 X76.982 Y132.035 E.0154
G1 X71.278 Y126.331 E.21018
G1 X71.278 Y125.74 E.0154
G1 X76.982 Y131.445 E.2102
G1 X76.982 Y130.854 E.0154
G1 X71.278 Y125.15 E.21018
G1 X71.278 Y124.559 E.0154
G1 X76.982 Y130.263 E.21018
G1 X76.982 Y129.672 E.0154
G1 X71.278 Y123.968 E.21018
G1 X71.278 Y123.377 E.0154
G1 X76.982 Y129.081 E.21018
G1 X76.982 Y128.49 E.0154
G1 X71.278 Y122.786 E.21018
G1 X71.278 Y122.195 E.0154
G1 X76.982 Y127.899 E.21018
G1 X76.982 Y127.308 E.0154
G1 X71.278 Y121.604 E.21018
G1 X71.278 Y121.013 E.0154
G1 X76.982 Y126.718 E.2102
G1 X76.982 Y126.127 E.0154
G1 X71.278 Y120.423 E.21018
G1 X71.278 Y119.832 E.0154
G1 X76.982 Y125.536 E.21018
G1 X76.982 Y124.945 E.0154
G1 X71.278 Y119.241 E.21018
G1 X71.278 Y118.65 E.0154
G1 X76.982 Y124.354 E.21018
G1 X76.982 Y123.763 E.0154
G1 X71.278 Y118.059 E.21018
G1 X71.278 Y117.468 E.0154
G1 X76.982 Y123.172 E.21018
G1 X76.982 Y122.582 E.01537
G1 X71.278 Y116.877 E.2102
G1 X71.278 Y116.287 E.01537
G1 X76.982 Y121.991 E.21018
G1 X76.982 Y121.4 E.0154
G1 X71.278 Y115.696 E.21018
G1 X71.278 Y115.105 E.0154
G1 X76.982 Y120.809 E.21018
G1 X76.982 Y120.218 E.0154
G1 X71.278 Y114.514 E.21018
G1 X71.278 Y113.923 E.0154
G1 X76.982 Y119.627 E.21018
G1 X76.982 Y119.036 E.0154
G1 X71.278 Y113.332 E.21018
G1 X71.278 Y112.741 E.0154
G1 X76.982 Y118.445 E.21018
G1 X76.982 Y117.855 E.01537
G1 X71.278 Y112.15 E.2102
G1 X71.278 Y111.56 E.01537
G1 X76.982 Y117.264 E.21018
G1 X76.982 Y116.673 E.0154
G1 X71.278 Y110.969 E.21018
G1 X71.278 Y110.378 E.0154
G1 X76.982 Y116.082 E.21018
G1 X76.982 Y115.491 E.0154
G1 X71.278 Y109.787 E.21018
G1 X71.278 Y109.196 E.0154
G1 X76.982 Y114.9 E.21018
G1 X76.982 Y114.309 E.0154
G1 X71.821 Y109.148 E.19017
G1 X72.412 Y109.148 E.0154
G1 X76.982 Y113.718 E.1684
G1 X76.982 Y113.128 E.01537
G1 X72.989 Y109.135 E.14714
G1 X73.431 Y108.986 E.01215
G1 X76.982 Y112.537 E.13085
G1 X76.982 Y111.946 E.0154
G1 X73.727 Y108.691 E.11994
G1 X73.869 Y108.242 E.01227
G1 X76.982 Y111.355 E.11471
G1 X76.982 Y110.764 E.0154
G1 X73.878 Y107.66 E.11438
G1 X73.878 Y107.069 E.0154
G1 X76.982 Y110.173 E.11438
G1 X76.982 Y109.582 E.0154
G1 X73.878 Y106.478 E.11438
G1 X73.878 Y105.887 E.0154
G1 X76.982 Y108.991 E.11438
G1 X76.982 Y108.401 E.01537
G1 X73.878 Y105.296 E.1144
G1 X73.878 Y104.706 E.01537
G1 X76.982 Y107.81 E.11438
G1 X76.982 Y107.219 E.0154
G1 X73.878 Y104.115 E.11438
G1 X73.878 Y103.524 E.0154
G1 X76.982 Y106.628 E.11438
G1 X76.982 Y106.037 E.0154
G1 X73.878 Y102.933 E.11438
G1 X73.878 Y102.342 E.0154
G1 X76.982 Y105.446 E.11438
G1 X76.982 Y104.855 E.0154
G1 X73.866 Y101.739 E.11482
G1 X73.693 Y101.444 E.00891
;WIDTH:0.37219
G1 X73.288 Y101.036 E.01219
;WIDTH:0.411095
G1 X73.14 Y100.951 E.00403
;WIDTH:0.449999
G1 X72.993 Y100.866 E.00442
G1 X71.278 Y99.151 E.06319
G1 X71.232 Y98.989 E.00439
;WIDTH:0.411095
G1 X71.186 Y98.826 E.004
;WIDTH:0.37219
G1 X71.197 Y98.867 E.0009
G1 X71.126 Y98.886 E.00156
G1 X71.145 Y98.815 E.00156
;WIDTH:0.449999
G1 X71.278 Y98.56 E.00749
G1 X76.982 Y104.265 E.2102
G1 X76.982 Y103.674 E.0154
G1 X71.278 Y97.97 E.21018
G1 X71.278 Y97.379 E.0154
G1 X76.982 Y103.083 E.21018
G1 X76.982 Y102.492 E.0154
G1 X71.278 Y96.788 E.21018
G1 X71.278 Y96.197 E.0154
G1 X76.982 Y101.901 E.21018
G1 X76.982 Y101.31 E.0154
G1 X71.278 Y95.606 E.21018
G1 X71.278 Y95.015 E.0154
G1 X76.982 Y100.719 E.21018
G1 X76.982 Y100.128 E.0154
G1 X71.278 Y94.424 E.21018
G1 X71.278 Y93.833 E.0154
G1 X76.982 Y99.538 E.2102
G1 X76.982 Y98.947 E.0154
G1 X71.278 Y93.243 E.21018
G1 X71.278 Y92.652 E.0154
G1 X76.982 Y98.356 E.21018
G1 X76.982 Y97.765 E.0154
G1 X71.278 Y92.061 E.21018
G1 X71.278 Y91.47 E.0154
G1 X76.982 Y97.174 E.21018
G1 X76.982 Y96.583 E.0154
G1 X71.278 Y90.879 E.21018
G1 X71.278 Y90.288 E.0154
G1 X76.982 Y95.992 E.21018
G1 X76.982 Y95.401 E.0154
G1 X71.278 Y89.697 E.21018
G1 X71.278 Y89.106 E.0154
G1 X76.982 Y94.811 E.2102
G1 X76.982 Y94.22 E.0154
G1 X71.278 Y88.516 E.21018
G1 X71.278 Y87.925 E.0154
G1 X76.982 Y93.629 E.21018
G1 X76.982 Y93.038 E.0154
G1 X71.278 Y87.334 E.21018
G1 X71.278 Y86.743 E.0154
G1 X76.982 Y92.447 E.21018
G1 X76.982 Y91.856 E.0154
G1 X71.278 Y86.152 E.21018
G1 X71.278 Y85.561 E.0154
G1 X76.982 Y91.265 E.21018
G1 X76.982 Y90.674 E.0154
G1 X71.278 Y84.97 E.21018
G1 X71.278 Y84.379 E.0154
G1 X76.982 Y90.084 E.2102
G1 X76.982 Y89.493 E.0154
G1 X71.278 Y83.789 E.21018
G1 X71.278 Y83.198 E.0154
G1 X76.982 Y88.902 E.21018
G1 X76.982 Y88.311 E.0154
G1 X71.278 Y82.607 E.21018
G1 X71.278 Y82.016 E.0154
G1 X76.982 Y87.72 E.21018
G1 X76.982 Y87.129 E.0154
G1 X71.278 Y81.425 E.21018
G1 X71.278 Y80.834 E.0154
G1 X76.982 Y86.538 E.21018
G1 X76.982 Y85.948 E.01537
G1 X71.278 Y80.243 E.2102
G1 X71.278 Y79.653 E.01537
G1 X76.982 Y85.357 E.21018
G1 X76.982 Y84.766 E.0154
G1 X71.278 Y79.062 E.21018
G1 X71.278 Y78.471 E.0154
G1 X76.982 Y84.175 E.21018
G1 X76.99 Y83.592 E.01519
G1 X71.278 Y77.88 E.21048
G1 X71.278 Y77.289 E.0154
M73 Q76 S13
G1 X77.14 Y83.151 E.21601
G1 X77.441 Y82.861 E.01089
G1 X71.278 Y76.698 E.2271
G1 X71.278 Y76.107 E.0154
G1 X77.881 Y82.71 E.24331
G1 X78.464 Y82.702 E.01519
G1 X71.278 Y75.516 E.26479
G1 X71.278 Y74.926 E.01537
G1 X79.054 Y82.702 E.28653
G1 X79.645 Y82.702 E.0154
G1 X71.278 Y74.335 E.30831
G1 X71.278 Y73.744 E.0154
G1 X80.236 Y82.702 E.33009
G1 X80.827 Y82.702 E.0154
G1 X71.278 Y73.153 E.35186
M73 P76 R13
G1 X71.278 Y72.562 E.0154
G1 X81.418 Y82.702 E.37364
G1 X82.009 Y82.702 E.0154
G1 X71.278 Y71.971 E.39542
G1 X71.278 Y71.38 E.0154
G1 X82.6 Y82.702 E.4172
G1 X83.191 Y82.702 E.0154
G1 X71.278 Y70.789 E.43897
G1 X71.278 Y70.199 E.01537
G1 X83.781 Y82.702 E.46071
G1 X84.372 Y82.702 E.0154
G1 X71.278 Y69.608 E.48249
G1 X71.278 Y69.017 E.0154
G1 X84.963 Y82.702 E.50427
G1 X85.554 Y82.702 E.0154
G1 X71.278 Y68.426 E.52605
G1 X71.278 Y67.835 E.0154
G1 X86.145 Y82.702 E.54782
G1 X86.736 Y82.702 E.0154
G1 X71.278 Y67.244 E.5696
G1 X71.278 Y66.653 E.0154
G1 X87.327 Y82.702 E.59138
G1 X87.918 Y82.702 E.0154
G1 X71.278 Y66.062 E.61316
G1 X71.278 Y65.472 E.01537
G1 X88.508 Y82.702 E.6349
G1 X89.099 Y82.702 E.0154
G1 X71.278 Y64.881 E.65667
G1 X71.278 Y64.29 E.0154
G1 X89.69 Y82.702 E.67845
G1 X90.281 Y82.702 E.0154
G1 X71.278 Y63.699 E.70023
G1 X71.317 Y63.147 E.01442
G1 X90.872 Y82.702 E.72057
G1 X91.463 Y82.702 E.0154
G1 X71.509 Y62.748 E.73527
G1 X71.701 Y62.349 E.01154
G1 X92.054 Y82.702 E.74997
G1 X92.644 Y82.702 E.01537
G1 X72.072 Y62.13 E.75804
G1 X72.531 Y61.998 E.01244
G1 X93.235 Y82.702 E.76291
G1 X93.826 Y82.702 E.0154
G1 X73.122 Y61.998 E.76291
G1 X73.713 Y61.998 E.0154
G1 X94.417 Y82.702 E.76291
G1 X95.008 Y82.702 E.0154
G1 X74.304 Y61.998 E.76291
G1 X74.895 Y61.998 E.0154
G1 X95.599 Y82.702 E.76291
G1 X96.19 Y82.702 E.0154
G1 X75.486 Y61.998 E.76291
G1 X76.076 Y61.998 E.01537
G1 X96.781 Y82.702 E.76293
G1 X97.371 Y82.702 E.01537
G1 X76.667 Y61.998 E.76291
G1 X77.258 Y61.998 E.0154
G1 X97.962 Y82.702 E.76291
G1 X98.553 Y82.702 E.0154
G1 X77.849 Y61.998 E.76291
G1 X78.44 Y61.998 E.0154
G1 X99.144 Y82.702 E.76291
G1 X99.735 Y82.702 E.0154
G1 X79.031 Y61.998 E.76291
G1 X79.622 Y61.998 E.0154
G1 X100.326 Y82.702 E.76291
G1 X100.917 Y82.702 E.0154
G1 X80.213 Y61.998 E.76291
G1 X80.803 Y61.998 E.01537
G1 X101.508 Y82.702 E.76293
G1 X102.098 Y82.702 E.01537
G1 X81.394 Y61.998 E.76291
G1 X81.985 Y61.998 E.0154
G1 X102.689 Y82.702 E.76291
G1 X103.28 Y82.702 E.0154
G1 X82.576 Y61.998 E.76291
G1 X83.167 Y61.998 E.0154
G1 X103.871 Y82.702 E.76291
G1 X104.462 Y82.702 E.0154
G1 X83.758 Y61.998 E.76291
G1 X84.349 Y61.998 E.0154
G1 X105.053 Y82.702 E.76291
G1 X105.644 Y82.702 E.0154
G1 X84.94 Y61.998 E.76291
G1 X85.53 Y61.998 E.01537
G1 X106.235 Y82.702 E.76293
G1 X106.825 Y82.702 E.01537
G1 X86.121 Y61.998 E.76291
G1 X86.712 Y61.998 E.0154
G1 X107.416 Y82.702 E.76291
G1 X108.007 Y82.702 E.0154
G1 X87.303 Y61.998 E.76291
G1 X87.894 Y61.998 E.0154
G1 X108.598 Y82.702 E.76291
G1 X109.189 Y82.702 E.0154
G1 X88.485 Y61.998 E.76291
G1 X89.076 Y61.998 E.0154
G1 X109.78 Y82.702 E.76291
G1 X110.371 Y82.702 E.0154
G1 X89.667 Y61.998 E.76291
G1 X90.257 Y61.998 E.01537
G1 X110.962 Y82.702 E.76293
G1 X111.552 Y82.702 E.01537
G1 X90.848 Y61.998 E.76291
G1 X91.439 Y61.998 E.0154
G1 X112.143 Y82.702 E.76291
G1 X112.734 Y82.702 E.0154
G1 X92.03 Y61.998 E.76291
G1 X92.621 Y61.998 E.0154
G1 X113.325 Y82.702 E.76291
G1 X113.916 Y82.702 E.0154
G1 X93.212 Y61.998 E.76291
G1 X93.803 Y61.998 E.0154
G1 X114.507 Y82.702 E.76291
G1 X115.098 Y82.702 E.0154
G1 X94.393 Y61.998 E.76293
G1 X94.984 Y61.998 E.0154
G1 X115.688 Y82.702 E.76291
G1 X116.279 Y82.702 E.0154
G1 X95.575 Y61.998 E.76291
G1 X96.166 Y61.998 E.0154
G1 X116.87 Y82.702 E.76291
G1 X117.461 Y82.702 E.0154
G1 X96.757 Y61.998 E.76291
G1 X97.348 Y61.998 E.0154
M73 P76 R12
G1 X118.052 Y82.702 E.76291
G1 X118.643 Y82.702 E.0154
G1 X97.939 Y61.998 E.76291
G1 X98.53 Y61.998 E.0154
G1 X119.234 Y82.702 E.76291
G1 X119.825 Y82.702 E.0154
G1 X99.12 Y61.998 E.76293
G1 X99.711 Y61.998 E.0154
G1 X120.415 Y82.702 E.76291
G1 X121.332 Y82.794 F10800
;WIDTH:0.37219
G1 F4800
G1 X121.343 Y82.835 E.0009
G1 X121.272 Y82.855 E.00156
G1 X121.291 Y82.783 E.00158
;WIDTH:0.411095
G1 X121.149 Y82.743 E.00349
;WIDTH:0.449999
G1 X121.006 Y82.702 E.00388
G1 X100.302 Y61.998 E.76291
G1 X100.893 Y61.998 E.0154
G1 X102.626 Y63.731 E.06386
G1 X102.718 Y63.878 E.00452
;WIDTH:0.411095
G1 X102.811 Y64.026 E.00413
;WIDTH:0.37219
G1 X102.947 Y64.203 E.00473
G1 X103.19 Y64.416 E.00685
;WIDTH:0.449999
G1 X103.486 Y64.59 E.00895
G1 X121.597 Y82.702 E.66738
G1 X122.188 Y82.702 E.0154
M73 Q76 S12
G1 X104.081 Y64.595 E.66721
G1 X104.673 Y64.596 E.01543
G1 X122.779 Y82.702 E.66718
G1 X123.37 Y82.702 E.0154
G1 X105.264 Y64.596 E.66718
G1 X105.855 Y64.596 E.0154
G1 X123.961 Y82.702 E.66718
G1 X124.552 Y82.702 E.0154
G1 X106.446 Y64.596 E.66718
G1 X107.037 Y64.597 E.0154
M73 Q77 S12
G1 X125.142 Y82.702 E.66714
G1 X125.733 Y82.702 E.0154
G1 X107.628 Y64.597 E.66714
G1 X108.219 Y64.597 E.0154
G1 X126.324 Y82.702 E.66714
G1 X126.915 Y82.702 E.0154
M73 P77 R12
G1 X108.81 Y64.597 E.66714
G1 X109.402 Y64.598 E.01543
G1 X127.506 Y82.702 E.6671
G1 X128.097 Y82.702 E.0154
G1 X109.986 Y64.592 E.66734
G1 X110.434 Y64.449 E.01225
G1 X128.688 Y82.702 E.67261
G1 X129.279 Y82.702 E.0154
G1 X110.742 Y64.165 E.68306
G1 X110.895 Y63.727 E.01209
G1 X129.869 Y82.702 E.69918
G1 X130.46 Y82.702 E.0154
G1 X110.908 Y63.15 E.72046
G1 X110.908 Y62.559 E.0154
G1 X131.051 Y82.702 E.74224
G1 X131.642 Y82.702 E.0154
G1 X110.938 Y61.998 E.76291
G1 X111.529 Y61.998 E.0154
G1 X132.233 Y82.702 E.76291
G1 X132.824 Y82.702 E.0154
G1 X112.12 Y61.998 E.76291
G1 X112.71 Y61.998 E.01537
G1 X133.415 Y82.702 E.76293
G1 X134.005 Y82.702 E.01537
G1 X113.301 Y61.998 E.76291
G1 X113.892 Y61.998 E.0154
G1 X134.596 Y82.702 E.76291
G1 X135.187 Y82.702 E.0154
G1 X114.483 Y61.998 E.76291
G1 X115.074 Y61.998 E.0154
G1 X135.778 Y82.702 E.76291
G1 X136.369 Y82.702 E.0154
G1 X115.665 Y61.998 E.76291
G1 X116.256 Y61.998 E.0154
G1 X136.96 Y82.702 E.76291
G1 X137.551 Y82.702 E.0154
G1 X116.847 Y61.998 E.76291
G1 X117.437 Y61.998 E.01537
G1 X138.142 Y82.702 E.76293
G1 X138.732 Y82.702 E.01537
G1 X118.028 Y61.998 E.76291
G1 X118.619 Y61.998 E.0154
G1 X139.323 Y82.702 E.76291
G1 X139.914 Y82.702 E.0154
G1 X119.21 Y61.998 E.76291
G1 X119.801 Y61.998 E.0154
G1 X140.505 Y82.702 E.76291
G1 X141.096 Y82.702 E.0154
G1 X120.392 Y61.998 E.76291
G1 X120.983 Y61.998 E.0154
G1 X141.687 Y82.702 E.76291
G1 X142.278 Y82.702 E.0154
G1 X121.574 Y61.998 E.76291
G1 X122.164 Y61.998 E.01537
G1 X142.869 Y82.702 E.76293
G1 X143.459 Y82.702 E.01537
G1 X122.755 Y61.998 E.76291
G1 X123.346 Y61.998 E.0154
G1 X144.05 Y82.702 E.76291
G1 X144.641 Y82.702 E.0154
G1 X123.937 Y61.998 E.76291
G1 X124.528 Y61.998 E.0154
G1 X145.232 Y82.702 E.76291
G1 X145.823 Y82.702 E.0154
G1 X125.119 Y61.998 E.76291
G1 X125.71 Y61.998 E.0154
G1 X146.414 Y82.702 E.76291
G1 X147.005 Y82.702 E.0154
G1 X126.301 Y61.998 E.76291
G1 X126.891 Y61.998 E.01537
G1 X147.596 Y82.702 E.76293
G1 X148.186 Y82.702 E.01537
G1 X127.482 Y61.998 E.76291
G1 X128.073 Y61.998 E.0154
G1 X148.777 Y82.702 E.76291
G1 X149.368 Y82.702 E.0154
G1 X128.664 Y61.998 E.76291
G1 X129.255 Y61.998 E.0154
G1 X149.959 Y82.702 E.76291
G1 X150.55 Y82.702 E.0154
G1 X129.846 Y61.998 E.76291
G1 X130.437 Y61.998 E.0154
G1 X151.141 Y82.702 E.76291
G1 X151.732 Y82.702 E.0154
G1 X131.027 Y61.998 E.76293
G1 X131.618 Y61.998 E.0154
G1 X152.322 Y82.702 E.76291
G1 X152.913 Y82.702 E.0154
G1 X132.209 Y61.998 E.76291
G1 X132.8 Y61.998 E.0154
G1 X153.504 Y82.702 E.76291
G1 X154.095 Y82.702 E.0154
G1 X133.391 Y61.998 E.76291
G1 X133.982 Y61.998 E.0154
G1 X154.686 Y82.702 E.76291
G1 X155.277 Y82.702 E.0154
G1 X134.573 Y61.998 E.76291
G1 X135.164 Y61.998 E.0154
G1 X155.868 Y82.702 E.76291
G1 X156.459 Y82.702 E.0154
G1 X135.754 Y61.998 E.76293
G1 X136.345 Y61.998 E.0154
G1 X157.049 Y82.702 E.76291
G1 X157.925 Y82.783 F10800
;WIDTH:0.37219
G1 F4800
G1 X157.906 Y82.854 E.00156
G1 X157.977 Y82.835 E.00156
G1 X157.966 Y82.794 E.0009
;WIDTH:0.411095
G1 X157.803 Y82.748 E.004
;WIDTH:0.449999
G1 X157.64 Y82.702 E.00441
G1 X136.936 Y61.998 E.76291
G1 X137.527 Y61.998 E.0154
G1 X139.092 Y63.563 E.05767
G1 X139.164 Y63.711 E.00429
;WIDTH:0.411095
G1 X139.236 Y63.858 E.00387
;WIDTH:0.37219
G1 X139.4 Y64.091 E.00604
G1 X139.708 Y64.374 E.00887
G1 X139.832 Y64.443 E.00301
;WIDTH:0.449999
G1 X140.127 Y64.598 E.00868
G1 X158.231 Y82.702 E.6671
G1 X158.822 Y82.702 E.0154
G1 X140.718 Y64.598 E.6671
G1 X141.309 Y64.598 E.0154
G1 X159.413 Y82.702 E.6671
G1 X160.004 Y82.702 E.0154
G1 X141.9 Y64.598 E.6671
G1 X142.491 Y64.598 E.0154
G1 X160.595 Y82.702 E.6671
G1 X161.186 Y82.702 E.0154
G1 X143.081 Y64.598 E.66712
G1 X143.672 Y64.598 E.0154
G1 X161.776 Y82.702 E.6671
G1 X162.367 Y82.702 E.0154
G1 X144.263 Y64.598 E.6671
G1 X144.854 Y64.598 E.0154
G1 X162.958 Y82.702 E.6671
G1 X163.549 Y82.702 E.0154
G1 X145.445 Y64.598 E.6671
G1 X146.036 Y64.598 E.0154
G1 X164.14 Y82.702 E.6671
G1 X164.731 Y82.702 E.0154
G1 X146.598 Y64.569 E.66817
G1 X147.008 Y64.388 E.01168
G1 X165.322 Y82.702 E.67484
G1 X165.913 Y82.702 E.0154
G1 X147.277 Y64.066 E.68671
G1 X147.199 Y63.392 E.01768
;WIDTH:0.37219
G1 X147.18 Y63.463 E.00156
G1 X147.251 Y63.444 E.00156
G1 X147.24 Y63.403 E.0009
;WIDTH:0.411095
G1 X147.314 Y63.495 E.00279
;WIDTH:0.449999
G1 X166.503 Y82.702 E.70741
G1 X167.094 Y82.702 E.0154
G1 X147.388 Y62.996 E.72613
G1 X147.388 Y62.405 E.0154
G1 X167.685 Y82.702 E.74791
G1 X168.276 Y82.702 E.0154
G1 X147.572 Y61.998 E.76291
G1 X147.444 Y61.932 E.00375
;WIDTH:0.411095
G1 X147.316 Y61.866 E.0034
;WIDTH:0.37219
G1 X147.327 Y61.907 E.0009
G1 X147.256 Y61.926 E.00156
G1 X147.275 Y61.855 E.00156
G1 X148.163 Y61.998 F10800
;WIDTH:0.449999
G1 F4800
G1 X168.867 Y82.702 E.76291
G1 X169.458 Y82.702 E.0154
M73 Q78 S12
G1 X148.754 Y61.998 E.76291
G1 X149.344 Y61.998 E.01537
G1 X170.049 Y82.702 E.76293
G1 X170.639 Y82.702 E.01537
G1 X149.935 Y61.998 E.76291
G1 X150.526 Y61.998 E.0154
M73 P78 R12
G1 X171.23 Y82.702 E.76291
G1 X171.821 Y82.702 E.0154
G1 X151.117 Y61.998 E.76291
G1 X151.708 Y61.998 E.0154
G1 X172.412 Y82.702 E.76291
G1 X173.003 Y82.702 E.0154
G1 X152.299 Y61.998 E.76291
G1 X152.89 Y61.998 E.0154
G1 X173.594 Y82.702 E.76291
;WIPE_START
G1 F8640
G1 X171.144 Y80.252 E-.8
;WIPE_END
G1 Z3 F720
G1 X174.809 Y83.217 F10800
G1 Z2.6 F720
G1 E.8 F2100
;WIDTH:0.37219
G1 F4800
G1 X174.507 Y82.914 E.00907
;WIDTH:0.411095
G1 X174.36 Y82.822 E.0041
;WIDTH:0.449999
G1 X174.212 Y82.729 E.00455
G1 X153.481 Y61.998 E.7639
;WIPE_START
G1 F8640
G1 X155.931 Y64.448 E-.8
;WIPE_END
G1 Z3 F720
G1 X139.092 Y62.972 F10800
G1 Z2.6 F720
G1 E.8 F2100
G1 F4800
G1 X138.118 Y61.998 E.03589
G1 X138.592 Y61.95 E.01241
;WIDTH:0.353344
G1 X139.14 Y61.95 E.01098
G1 X139.14 Y62.498 E.01098
G1 X138.74 Y62.097 E.01134
;WIPE_START
G1 F8640
G1 X139.14 Y62.498 E-.13078
G1 X139.14 Y61.95 E-.12653
G1 X138.592 Y61.95 E-.12653
G1 X138.118 Y61.998 E-.11001
G1 X139.056 Y62.936 E-.30615
;WIPE_END
G1 Z3 F720
G1 X102.612 Y63.126 F10800
G1 Z2.6 F720
G1 E.8 F2100
;WIDTH:0.449999
G1 F4800
G1 X101.484 Y61.998 E.04156
G1 X102.013 Y61.972 E.0138
;WIDTH:0.398454
G1 X102.638 Y61.972 E.01428
G1 X102.638 Y62.597 E.01428
G1 X102.16 Y62.12 E.01542
;WIPE_START
G1 F8640
G1 X102.638 Y62.597 E-.15593
G1 X102.638 Y61.972 E-.14431
G1 X102.013 Y61.972 E-.14431
G1 X101.484 Y61.998 E-.1223
G1 X102.198 Y62.712 E-.23315
;WIPE_END
G1 Z3 F720
G1 X101.26 Y146.65 F10800
G1 Z2.6 F720
G1 E.8 F2100
;WIDTH:0.64727
G1 F4800
G1 X82.282 Y146.65 E.72796
;WIPE_START
G1 F8640
G1 X85.747 Y146.65 E-.8
;WIPE_END
G1 Z3 F720
G1 X80.755 Y148.126 F10800
G1 Z2.6 F720
G1 E.8 F2100
G1 F4800
G1 X80.775 Y148.2 E.00294
G1 X80.721 Y148.255 E.00296
G1 X80.646 Y148.235 E.00298
G1 X80.627 Y148.16 E.00297
G1 X80.681 Y148.106 E.00293
;WIDTH:0.449999
G1 X80.54 Y148.002 E.00457
G1 X77.814 Y145.275 E.10047
G1 X77.666 Y145.183 E.00454
;WIDTH:0.411095
G1 X77.518 Y145.091 E.00412
;WIDTH:0.37219
G1 X77.18 Y144.753 E.01014
;WIPE_START
G1 F8640
G1 X77.518 Y145.091 E-.11037
G1 X77.666 Y145.183 E-.04024
G1 X77.814 Y145.275 E-.04024
G1 X79.679 Y147.141 E-.60915
;WIPE_END
G1 Z3 F720
G1 X78.427 Y145.298 F10800
G1 Z2.6 F720
G1 E.8 F2100
;WIDTH:0.449999
G1 F4800
G1 X81.131 Y148.002 E.09964
;WIPE_START
G1 F8640
G1 X78.681 Y145.552 E-.8
;WIPE_END
G1 Z3 F720
G1 X79.166 Y145.446 F10800
G1 Z2.6 F720
G1 E.8 F2100
G1 F4800
G1 X81.574 Y147.854 E.08873
G1 X81.574 Y148.002 E.00386
G1 X102.612 Y148.002 E.54816
G1 X102.612 Y146.39 E.042
G1 X102.716 Y145.961 E.0115
G1 X103.029 Y145.583 E.01279
G1 X103.271 Y145.388 E.0081
G1 X103.145 Y145.327 E.00365
G1 X102.392 Y145.298 E.01963
G1 X79.018 Y145.298 E.60903
;WIPE_START
G1 F8640
G1 X82.483 Y145.298 E-.8
;WIPE_END
G1 Z3 F720
G1 X80.027 Y145.716 F10800
G1 Z2.6 F720
G1 E.8 F2100
G1 F4800
G1 X102.381 Y145.716 E.58245
G1 X102.267 Y145.966 E.00716
G1 X102.194 Y146.39 E.01121
G1 X102.194 Y147.584 E.03111
G1 X81.931 Y147.584 E.52797
G1 X81.87 Y147.559 E.00172
G1 X80.174 Y145.863 E.06249
G1 X81.035 Y146.134 F10800
G1 F4800
G1 X101.807 Y146.134 E.54123
G1 X101.776 Y146.39 E.00672
G1 X101.776 Y147.166 E.02022
G1 X82.068 Y147.166 E.51351
G1 X81.183 Y146.281 E.03261
;WIPE_START
G1 F8640
G1 X82.068 Y147.166 E-.28899
G1 X84.281 Y147.166 E-.51101
;WIPE_END
G1 Z3 F720
G1 X146.734 Y145.408 F10800
G1 Z2.6 F720
G1 E.8 F2100
G1 F4800
G1 X147.116 Y145.298 E.01036
G1 X173.588 Y145.298 E.68975
G1 X174.133 Y145.283 E.01421
G1 X176.852 Y148.002 E.10019
G1 X147.388 Y148.002 E.76771
G1 X147.388 Y146.39 E.042
G1 X147.324 Y146.048 E.00907
G1 X147.028 Y145.633 E.01328
G1 X146.9 Y145.535 E.0042
G1 X147.619 Y145.716 E.01932
G1 X173.975 Y145.716 E.68672
G1 X175.844 Y147.584 E.06885
G1 X147.806 Y147.584 E.73055
G1 X147.806 Y146.39 E.03111
G1 X147.733 Y145.966 E.01121
G1 X147.706 Y145.906 E.00171
G1 X148.193 Y146.134 E.01401
G1 X173.802 Y146.134 E.66726
G1 X174.835 Y147.166 E.03805
G1 X148.224 Y147.166 E.69337
G1 X148.205 Y146.342 E.02148
G1 X148.74 Y146.65 E.01608
;WIDTH:0.64727
G1 X173.588 Y146.65 E.95312
;WIPE_START
G1 F8640
G1 X170.123 Y146.65 E-.8
;WIPE_END
G1 Z3 F720
G1 X174.568 Y145.127 F10800
G1 Z2.6 F720
G1 E.8 F2100
;WIDTH:0.449999
G1 F4800
G1 X177.443 Y148.002 E.10594
G1 X177.909 Y147.877 E.01257
G1 X174.869 Y144.837 E.11202
G1 X175.009 Y144.387 E.01228
G1 X178.291 Y147.668 E.12092
G1 X178.483 Y147.269 E.01154
G1 X175.018 Y143.804 E.12768
G1 X175.018 Y143.213 E.0154
G1 X178.675 Y146.87 E.13475
G1 X178.722 Y146.327 E.0142
G1 X175.018 Y142.622 E.1365
G1 X175.018 Y142.032 E.01537
G1 X178.722 Y145.736 E.13649
G1 X178.722 Y145.145 E.0154
G1 X175.018 Y141.441 E.13649
G1 X175.018 Y140.85 E.0154
G1 X178.722 Y144.554 E.13649
G1 X178.722 Y143.963 E.0154
G1 X175.018 Y140.259 E.13649
G1 X175.018 Y139.668 E.0154
G1 X178.722 Y143.372 E.13649
G1 X178.722 Y142.781 E.0154
G1 X175.018 Y139.077 E.13649
G1 X175.018 Y138.486 E.0154
G1 X178.722 Y142.19 E.13649
G1 X178.722 Y141.6 E.01537
G1 X175.018 Y137.895 E.1365
G1 X175.018 Y137.305 E.01537
G1 X178.722 Y141.009 E.13649
G1 X178.722 Y140.418 E.0154
G1 X175.018 Y136.714 E.13649
G1 X175.018 Y136.123 E.0154
G1 X178.722 Y139.827 E.13649
G1 X178.722 Y139.236 E.0154
G1 X175.018 Y135.532 E.13649
G1 X175.018 Y134.941 E.0154
G1 X178.722 Y138.645 E.13649
G1 X178.722 Y138.054 E.0154
G1 X175.018 Y134.35 E.13649
G1 X175.018 Y133.759 E.0154
G1 X178.722 Y137.463 E.13649
G1 X178.722 Y136.873 E.01537
G1 X175.018 Y133.168 E.1365
G1 X175.018 Y132.578 E.01537
G1 X178.722 Y136.282 E.13649
G1 X178.722 Y135.691 E.0154
G1 X175.018 Y131.987 E.13649
G1 X175.018 Y131.396 E.0154
G1 X178.722 Y135.1 E.13649
G1 X178.722 Y134.509 E.0154
G1 X175.018 Y130.805 E.13649
G1 X175.018 Y130.214 E.0154
G1 X178.722 Y133.918 E.13649
G1 X178.722 Y133.327 E.0154
G1 X175.018 Y129.623 E.13649
G1 X175.018 Y129.032 E.0154
G1 X178.722 Y132.736 E.13649
G1 X178.722 Y132.146 E.01537
M73 P78 R11
G1 X175.018 Y128.441 E.1365
G1 X175.018 Y127.851 E.01537
G1 X178.722 Y131.555 E.13649
G1 X178.722 Y130.964 E.0154
G1 X175.018 Y127.26 E.13649
G1 X175.018 Y126.669 E.0154
G1 X178.722 Y130.373 E.13649
G1 X178.722 Y129.782 E.0154
G1 X175.018 Y126.078 E.13649
G1 X175.018 Y125.487 E.0154
G1 X178.722 Y129.191 E.13649
G1 X178.722 Y128.6 E.0154
G1 X175.018 Y124.896 E.13649
G1 X175.018 Y124.305 E.0154
G1 X178.722 Y128.01 E.1365
G1 X178.722 Y127.419 E.0154
G1 X175.018 Y123.715 E.13649
G1 X175.018 Y123.124 E.0154
G1 X178.722 Y126.828 E.13649
G1 X178.722 Y126.237 E.0154
G1 X175.018 Y122.533 E.13649
G1 X175.018 Y121.942 E.0154
G1 X178.722 Y125.646 E.13649
G1 X178.722 Y125.055 E.0154
G1 X175.018 Y121.351 E.13649
G1 X175.018 Y120.76 E.0154
G1 X178.722 Y124.464 E.13649
G1 X178.722 Y123.873 E.0154
G1 X175.018 Y120.169 E.13649
G1 X175.018 Y119.578 E.0154
G1 X178.722 Y123.283 E.1365
M73 Q78 S11
G1 X178.722 Y122.692 E.0154
G1 X175.018 Y118.988 E.13649
G1 X175.018 Y118.397 E.0154
G1 X178.722 Y122.101 E.13649
G1 X178.722 Y121.51 E.0154
G1 X175.018 Y117.806 E.13649
G1 X175.018 Y117.215 E.0154
G1 X178.722 Y120.919 E.13649
G1 X178.722 Y120.328 E.0154
G1 X175.018 Y116.624 E.13649
G1 X175.018 Y116.033 E.0154
G1 X178.722 Y119.737 E.13649
G1 X178.722 Y119.146 E.0154
G1 X175.018 Y115.442 E.13649
G1 X175.018 Y114.851 E.0154
G1 X178.722 Y118.556 E.1365
G1 X178.722 Y117.965 E.0154
G1 X175.018 Y114.261 E.13649
G1 X175.018 Y113.67 E.0154
G1 X178.722 Y117.374 E.13649
G1 X178.722 Y116.783 E.0154
G1 X175.018 Y113.079 E.13649
G1 X175.018 Y112.488 E.0154
G1 X178.722 Y116.192 E.13649
G1 X178.722 Y115.601 E.0154
G1 X175.018 Y111.897 E.13649
G1 X175.018 Y111.306 E.0154
G1 X178.722 Y115.01 E.13649
G1 X178.722 Y114.419 E.0154
G1 X175.018 Y110.715 E.13649
G1 X175.018 Y110.124 E.0154
G1 X178.722 Y113.829 E.1365
G1 X178.722 Y113.238 E.0154
G1 X175.018 Y109.534 E.13649
G1 X175.018 Y108.943 E.0154
G1 X178.722 Y112.647 E.13649
G1 X178.722 Y112.056 E.0154
G1 X175.018 Y108.352 E.13649
G1 X175.135 Y107.878 E.01272
G1 X178.722 Y111.465 E.13218
G1 X178.722 Y110.874 E.0154
G1 X176.985 Y109.138 E.06399
G1 X176.838 Y109.046 E.00452
;WIDTH:0.411095
G1 X176.69 Y108.955 E.00411
;WIDTH:0.37219
G1 X176.309 Y108.579 E.01135
;WIPE_START
G1 F8640
G1 X176.69 Y108.955 E-.1236
G1 X176.838 Y109.046 E-.04012
G1 X176.985 Y109.138 E-.04004
G1 X178.722 Y110.874 E-.56705
G1 X178.722 Y111 E-.02919
;WIPE_END
G1 Z3 F720
G1 X175.569 Y107.191 F10800
G1 Z2.6 F720
G1 E.8 F2100
;WIDTH:0.375833
G1 F4800
G1 X175.741 Y107.355 E.00509
G1 X175.741 Y101.841 E.11817
;WIDTH:0.409247
G1 X175.772 Y101.599 E.00574
;WIDTH:0.442931
G1 X175.803 Y101.356 E.00627
;WIDTH:0.449999
G1 X175.914 Y101.113 E.00696
G1 X176.194 Y100.772 E.0115
G1 X176.511 Y100.573 E.00975
G1 X176.643 Y100.523 E.00368
G1 X175.436 Y99.316 E.04448
G1 X175.435 Y100.95 E.04258
G1 X175.417 Y101.363 E.01077
;WIDTH:0.412781
G1 X175.398 Y101.777 E.00984
;WIDTH:0.375833
G1 X175.398 Y107.105 E.11418
;WIDTH:0.412916
G1 X175.312 Y107.27 E.00442
;WIDTH:0.449999
G1 X175.226 Y107.434 E.00483
G1 X175.283 Y107.435 E.00149
G1 X176.122 Y108.274 E.03092
G1 X176.122 Y101.841 E.16762
G1 X176.245 Y101.368 E.01273
G1 X176.496 Y101.067 E.01021
G1 X176.792 Y100.907 E.00877
G1 X177.11 Y100.852 E.00841
G1 X177.563 Y100.852 E.0118
G1 X175.018 Y98.307 E.09378
G1 X175.017 Y107.432 E.23776
;WIPE_START
G1 F8640
G1 X175.017 Y103.967 E-.8
;WIPE_END
G1 Z3 F720
G1 X177.585 Y109.146 F10800
G1 Z2.6 F720
G1 E.8 F2100
G1 F4800
G1 X178.722 Y110.283 E.0419
;WIPE_START
G1 F8640
G1 X177.585 Y109.146 E-.37128
;WIPE_END
G1 E-.42872 F2100
G1 Z3 F720
G1 X178.265 Y109.27 F10800
G1 Z2.6 F720
G1 E.8 F2100
;WIDTH:0.400734
G1 F4800
G1 X178.747 Y109.752 E.01567
G1 X178.747 Y109.123 E.01446
G1 X178.117 Y109.122 E.01448
;WIPE_START
G1 F8640
G1 X178.747 Y109.123 E-.14547
G1 X178.747 Y109.752 E-.14524
G1 X178.265 Y109.27 E-.1574
;WIPE_END
G1 E-.35189 F2100
G1 Z3 F720
G1 X178.154 Y100.852 F10800
G1 Z2.6 F720
G1 E.8 F2100
;WIDTH:0.449999
G1 F4800
G1 X175.018 Y97.716 E.11556
G1 X175.018 Y97.125 E.0154
G1 X178.722 Y100.829 E.13649
G1 X178.722 Y100.239 E.01537
G1 X175.018 Y96.534 E.1365
G1 X175.018 Y95.944 E.01537
G1 X178.722 Y99.648 E.13649
G1 X178.722 Y99.057 E.0154
G1 X175.018 Y95.353 E.13649
G1 X175.018 Y94.762 E.0154
G1 X178.722 Y98.466 E.13649
G1 X178.722 Y97.875 E.0154
G1 X175.018 Y94.171 E.13649
G1 X175.018 Y93.58 E.0154
G1 X178.722 Y97.284 E.13649
G1 X178.722 Y96.693 E.0154
G1 X175.018 Y92.989 E.13649
G1 X175.018 Y92.398 E.0154
G1 X178.722 Y96.102 E.13649
G1 X178.722 Y95.512 E.01537
G1 X175.018 Y91.807 E.1365
G1 X175.018 Y91.217 E.01537
G1 X178.722 Y94.921 E.13649
G1 X178.722 Y94.33 E.0154
G1 X175.018 Y90.626 E.13649
G1 X175.018 Y90.035 E.0154
G1 X178.722 Y93.739 E.13649
G1 X178.722 Y93.148 E.0154
G1 X175.018 Y89.444 E.13649
G1 X175.018 Y88.853 E.0154
G1 X178.722 Y92.557 E.13649
G1 X178.722 Y91.966 E.0154
G1 X175.018 Y88.262 E.13649
G1 X175.018 Y87.671 E.0154
G1 X178.722 Y91.376 E.1365
G1 X178.722 Y90.785 E.0154
G1 X175.018 Y87.081 E.13649
G1 X175.018 Y86.49 E.0154
G1 X178.722 Y90.194 E.13649
G1 X178.722 Y89.603 E.0154
G1 X175.018 Y85.899 E.13649
G1 X175.018 Y85.308 E.0154
G1 X178.722 Y89.012 E.13649
M73 Q79 S11
G1 X178.722 Y88.421 E.0154
G1 X175.018 Y84.717 E.13649
G1 X175.018 Y84.126 E.0154
G1 X178.722 Y87.83 E.13649
G1 X178.833 Y86.903 F10800
;WIDTH:0.37219
G1 F4800
G1 X178.814 Y86.974 E.00156
G1 X178.885 Y86.955 E.00156
G1 X178.874 Y86.914 E.0009
;WIDTH:0.411095
G1 X178.798 Y87.077 E.00425
;WIDTH:0.449999
G1 X178.722 Y87.239 E.00466
G1 X174.995 Y83.512 E.13733
;WIPE_START
G1 F8640
G1 X177.445 Y85.962 E-.8
;WIPE_END
G1 Z3 F720
G1 X178.722 Y86.649 F10800
G1 Z2.6 F720
G1 E.8 F2100
G1 F4800
G1 X154.071 Y61.998 E.90835
G1 X154.662 Y61.998 E.0154
G1 X178.722 Y86.058 E.88657
G1 X178.722 Y85.467 E.0154
M73 P79 R11
G1 X155.253 Y61.998 E.86479
G1 X155.844 Y61.998 E.0154
G1 X178.722 Y84.876 E.84302
G1 X178.722 Y84.285 E.0154
G1 X156.435 Y61.998 E.82124
G1 X157.026 Y61.998 E.0154
G1 X178.722 Y83.694 E.79946
G1 X178.722 Y83.103 E.0154
G1 X157.617 Y61.998 E.77768
G1 X158.208 Y61.998 E.0154
G1 X178.722 Y82.512 E.75591
G1 X178.722 Y81.922 E.01537
G1 X158.798 Y61.998 E.73417
G1 X159.389 Y61.998 E.0154
G1 X178.722 Y81.331 E.71239
G1 X178.722 Y80.74 E.0154
G1 X159.98 Y61.998 E.69061
G1 X160.571 Y61.998 E.0154
G1 X178.722 Y80.149 E.66883
G1 X178.722 Y79.558 E.0154
G1 X161.162 Y61.998 E.64706
G1 X161.753 Y61.998 E.0154
G1 X178.722 Y78.967 E.62528
G1 X178.722 Y78.376 E.0154
G1 X162.344 Y61.998 E.6035
G1 X162.935 Y61.998 E.0154
G1 X178.722 Y77.785 E.58172
G1 X178.722 Y77.195 E.01537
G1 X163.525 Y61.998 E.55998
G1 X164.116 Y61.998 E.0154
G1 X178.722 Y76.604 E.53821
G1 X178.722 Y76.013 E.0154
G1 X164.707 Y61.998 E.51643
G1 X165.298 Y61.998 E.0154
G1 X178.722 Y75.422 E.49465
G1 X178.722 Y74.831 E.0154
G1 X165.889 Y61.998 E.47287
G1 X166.48 Y61.998 E.0154
G1 X178.722 Y74.24 E.4511
G1 X178.722 Y73.649 E.0154
G1 X167.071 Y61.998 E.42932
G1 X167.661 Y61.998 E.01537
G1 X178.722 Y73.059 E.40758
G1 X178.722 Y72.468 E.0154
G1 X168.252 Y61.998 E.3858
G1 X168.843 Y61.998 E.0154
G1 X178.722 Y71.877 E.36402
G1 X178.722 Y71.286 E.0154
G1 X169.434 Y61.998 E.34225
G1 X170.025 Y61.998 E.0154
G1 X178.722 Y70.695 E.32047
G1 X178.722 Y70.104 E.0154
G1 X170.616 Y61.998 E.29869
G1 X171.207 Y61.998 E.0154
G1 X178.722 Y69.513 E.27692
G1 X178.722 Y68.922 E.0154
G1 X171.798 Y61.998 E.25514
G1 X172.388 Y61.998 E.01537
G1 X178.722 Y68.332 E.2334
G1 X178.722 Y67.741 E.0154
G1 X172.979 Y61.998 E.21162
G1 X173.57 Y61.998 E.0154
G1 X178.722 Y67.15 E.18984
G1 X178.722 Y66.559 E.0154
G1 X174.161 Y61.998 E.16807
G1 X174.752 Y61.998 E.0154
G1 X178.722 Y65.968 E.14629
G1 X178.722 Y65.377 E.0154
G1 X175.343 Y61.998 E.12451
G1 X175.934 Y61.998 E.0154
G1 X178.722 Y64.786 E.10273
G1 X178.722 Y64.195 E.0154
G1 X176.525 Y61.998 E.08096
G1 X177.228 Y62.044 E.01836
;WIDTH:0.542933
G1 X177.482 Y62.044 E.00809
G1 X178.441 Y62.506 E.03391
G1 X178.669 Y63.158 E.022
G1 X178.676 Y63.492 E.01064
G1 X177.375 Y62.192 E.05858
;WIPE_START
G1 F8640
G1 X178.676 Y63.492 E-.42467
G1 X178.669 Y63.158 E-.07714
G1 X178.441 Y62.506 E-.15949
G1 X177.9 Y62.246 E-.1387
;WIPE_END
G1 Z3 F720
G1 X175.878 Y100.363 F10800
G1 Z2.6 F720
G1 E.8 F2100
;WIDTH:0.532582
G1 F4800
G1 X175.834 Y100.408 E.00196
G1 X175.85 Y100.468 E.00194
G1 X175.911 Y100.484 E.00197
G1 X175.955 Y100.44 E.00194
G1 X175.939 Y100.38 E.00194
;LAYER_CHANGE
;Z:2.75
;HEIGHT:0.15
;BEFORE_LAYER_CHANGE
G92 E0.0
;2.75


;WIPE_START
G1 F8640
G1 X175.955 Y100.44 E-.01434
G1 X175.911 Y100.484 E-.01437
G1 X175.85 Y100.468 E-.01456
G1 X175.834 Y100.408 E-.01434
G1 X175.878 Y100.363 E-.01453
;WIPE_END
G1 E-.72786 F2100
G1 Z2.75 F720
;AFTER_LAYER_CHANGE
;2.75
G1 Z3.15
G1 X174.476 Y144.754 F10800
G1 Z2.75 F720
G1 E.8 F2100
M204 S800
;TYPE:Perimeter
;WIDTH:0.449999
G1 F2700
G1 X174.446 Y144.79 E.00122
G1 X174.125 Y144.943 E.00927
G1 X147.095 Y144.943 E.70429
;WIDTH:0.499571
G1 X146.923 Y144.968 E.00507
;WIDTH:0.549142
G1 X146.751 Y144.992 E.0056
;WIDTH:0.598713
G1 X146.578 Y145.017 E.00618
;WIDTH:0.648284
G1 X146.406 Y145.042 E.00668
G1 X140.074 Y145.042 E.24328
G1 X139.902 Y145.017 E.00668
;WIDTH:0.598713
G1 X139.729 Y144.992 E.00618
;WIDTH:0.549142
G1 X139.557 Y144.968 E.0056
;WIDTH:0.499571
G1 X139.385 Y144.943 E.00507
;WIDTH:0.449999
G1 X110.615 Y144.943 E.74962
;WIDTH:0.499571
G1 X110.443 Y144.968 E.00507
;WIDTH:0.549142
G1 X110.271 Y144.992 E.0056
;WIDTH:0.598713
G1 X110.098 Y145.017 E.00618
;WIDTH:0.648284
G1 X109.926 Y145.042 E.00668
G1 X103.594 Y145.042 E.24328
G1 X103.422 Y145.017 E.00668
;WIDTH:0.598713
G1 X103.249 Y144.992 E.00618
;WIDTH:0.549142
G1 X103.077 Y144.968 E.0056
;WIDTH:0.499571
G1 X102.905 Y144.943 E.00507
;WIDTH:0.449999
G1 X77.964 Y144.943 E.64986
G1 X77.765 Y144.911 E.00525
G1 X77.595 Y144.823 E.00499
G1 X77.391 Y144.57 E.00847
G1 X77.337 Y144.316 E.00677
G1 X77.337 Y83.684 E1.57981
G1 X77.385 Y83.443 E.0064
G1 X77.51 Y83.252 E.00595
G1 X77.749 Y83.095 E.00745
G1 X77.964 Y83.057 E.00569
G1 X174.036 Y83.057 E2.50323
G1 X174.239 Y83.091 E.00536
G1 X174.468 Y83.23 E.00698
G1 X174.663 Y83.55 E.00976
G1 X174.663 Y144.316 E1.5833
G1 X174.638 Y144.49 E.00458
G1 X174.57 Y144.645 E.00441
G1 X174.515 Y144.709 E.0022
M204 S1000
G1 X174.181 Y144.455 F10800
M204 S800
;TYPE:External perimeter
G1 F1500
G1 X174.173 Y144.474 E.00054
G1 X174.036 Y144.525 E.00381
G1 X77.964 Y144.525 E2.50323
G1 X77.841 Y144.485 E.00337
G1 X77.755 Y144.347 E.00424
G1 X77.755 Y83.684 E1.58062
G1 X77.813 Y83.54 E.00404
G1 X77.964 Y83.475 E.00428
G1 X174.036 Y83.475 E2.50323
G1 X174.18 Y83.533 E.00404
G1 X174.245 Y83.684 E.00428
G1 X174.245 Y144.316 E1.57981
G1 X174.206 Y144.4 E.00241
M73 P80 R11
M73 Q80 S11
M204 S1000
;WIPE_START
G1 F8640
G1 X174.181 Y144.455 E-.01395
G1 X174.173 Y144.474 E-.00476
G1 X174.036 Y144.525 E-.03375
G1 X170.799 Y144.525 E-.74754
;WIPE_END
G1 Z3.15 F720
G1 X146.837 Y145.954 F10800
G1 Z2.75 F720
G1 E.8 F2100
M204 S800
;TYPE:Perimeter
G1 F2700
G1 X146.782 Y145.883 E.00234
;WIDTH:0.499571
G1 X146.688 Y145.826 E.0032
;WIDTH:0.549142
G1 X146.594 Y145.77 E.00353
;WIDTH:0.598713
G1 X146.5 Y145.714 E.00387
;WIDTH:0.648284
G1 X146.406 Y145.658 E.0042
G1 X140.074 Y145.658 E.24328
G1 X139.98 Y145.714 E.0042
;WIDTH:0.598713
G1 X139.886 Y145.77 E.00387
;WIDTH:0.549142
G1 X139.792 Y145.826 E.00353
;WIDTH:0.499571
G1 X139.698 Y145.883 E.0032
;WIDTH:0.449999
G1 X139.495 Y146.143 E.00859
G1 X139.447 Y146.384 E.0064
G1 X139.447 Y148.357 E.05141
G1 X110.553 Y148.357 E.75285
G1 X110.553 Y146.384 E.05141
G1 X110.505 Y146.143 E.0064
G1 X110.302 Y145.883 E.00859
;WIDTH:0.499571
G1 X110.208 Y145.826 E.0032
;WIDTH:0.549142
G1 X110.114 Y145.77 E.00353
;WIDTH:0.598713
G1 X110.02 Y145.714 E.00387
;WIDTH:0.648284
G1 X109.926 Y145.658 E.0042
G1 X103.594 Y145.658 E.24328
G1 X103.5 Y145.714 E.0042
;WIDTH:0.598713
G1 X103.406 Y145.77 E.00387
;WIDTH:0.549142
G1 X103.312 Y145.826 E.00353
;WIDTH:0.499571
G1 X103.218 Y145.883 E.0032
;WIDTH:0.449999
G1 X103.015 Y146.143 E.00859
G1 X102.967 Y146.384 E.0064
G1 X102.967 Y148.357 E.05141
G1 X72.427 Y148.357 E.79574
G1 X71.235 Y147.783 E.03447
G1 X70.923 Y146.891 E.02462
G1 X70.923 Y108.793 E.99267
G1 X72.896 Y108.793 E.05141
G1 X73.098 Y108.759 E.00534
G1 X73.327 Y108.621 E.00697
G1 X73.498 Y108.342 E.00853
G1 X73.523 Y108.166 E.00463
G1 X73.523 Y101.834 E.16498
G1 X73.428 Y101.502 E.009
G1 X73.213 Y101.293 E.00781
G1 X72.896 Y101.207 E.00856
G1 X70.923 Y101.207 E.05141
G1 X70.923 Y63.147 E.99168
G1 X71.497 Y61.955 E.03447
G1 X72.389 Y61.643 E.02462
G1 X102.967 Y61.643 E.79673
G1 X102.967 Y63.736 E.05453
G1 X103.12 Y64.026 E.00854
G1 X103.31 Y64.175 E.00629
G1 X103.594 Y64.243 E.00761
G1 X110.006 Y64.243 E.16707
G1 X110.29 Y64.126 E.008
G1 X110.491 Y63.888 E.00812
G1 X110.553 Y63.616 E.00727
G1 X110.553 Y61.643 E.05141
G1 X139.447 Y61.643 E.75285
G1 X139.447 Y63.736 E.05453
G1 X139.6 Y64.026 E.00854
G1 X139.79 Y64.175 E.00629
G1 X140.074 Y64.243 E.00761
G1 X146.486 Y64.243 E.16707
G1 X146.77 Y64.126 E.008
G1 X146.971 Y63.888 E.00812
G1 X147.033 Y63.616 E.00727
G1 X147.033 Y61.643 E.05141
G1 X177.573 Y61.643 E.79574
G1 X178.765 Y62.217 E.03447
G1 X179.077 Y63.109 E.02462
G1 X179.077 Y101.207 E.99267
G1 X177.104 Y101.207 E.05141
G1 X176.882 Y101.248 E.00588
G1 X176.696 Y101.358 E.00563
G1 X176.54 Y101.56 E.00665
G1 X176.477 Y101.834 E.00733
G1 X176.477 Y108.166 E.16498
G1 X176.54 Y108.44 E.00733
G1 X176.696 Y108.642 E.00665
G1 X176.882 Y108.752 E.00563
G1 X177.104 Y108.793 E.00588
G1 X179.077 Y108.793 E.05141
G1 X179.077 Y146.853 E.99168
G1 X178.503 Y148.045 E.03447
G1 X177.611 Y148.357 E.02462
G1 X147.033 Y148.357 E.79673
G1 X147.033 Y146.384 E.05141
G1 X146.985 Y146.143 E.0064
G1 X146.874 Y146.001 E.0047
M204 S1000
G1 X146.547 Y146.248 F10800
M204 S800
;TYPE:External perimeter
G1 F1500
G1 X146.531 Y146.217 E.00091
G1 X146.406 Y146.175 E.00344
G1 X140.074 Y146.175 E.16498
G1 X139.949 Y146.217 E.00344
G1 X139.865 Y146.384 E.00487
G1 X139.865 Y148.775 E.0623
G1 X110.135 Y148.775 E.77464
G1 X110.135 Y146.384 E.0623
M73 P80 R10
G1 X110.051 Y146.217 E.00487
G1 X109.926 Y146.175 E.00344
G1 X103.594 Y146.175 E.16498
G1 X103.469 Y146.217 E.00344
G1 X103.385 Y146.384 E.00487
G1 X103.385 Y148.775 E.0623
G1 X72.331 Y148.775 E.80913
G1 X70.898 Y148.085 E.04144
G1 X70.505 Y146.962 E.031
G1 X70.505 Y108.375 E1.00541
G1 X72.896 Y108.375 E.0623
M73 Q80 S10
G1 X73.04 Y108.318 E.00404
G1 X73.105 Y108.166 E.00431
G1 X73.105 Y101.834 E.16498
G1 X73.04 Y101.682 E.00431
G1 X72.896 Y101.625 E.00404
G1 X70.505 Y101.625 E.0623
G1 X70.505 Y63.051 E1.00507
G1 X71.195 Y61.618 E.04144
G1 X72.318 Y61.225 E.031
G1 X103.385 Y61.225 E.80947
G1 X103.385 Y63.616 E.0623
G1 X103.449 Y63.767 E.00427
G1 X103.594 Y63.825 E.00407
G1 X109.926 Y63.825 E.16498
G1 X110.071 Y63.767 E.00407
G1 X110.135 Y63.616 E.00427
G1 X110.135 Y61.225 E.0623
G1 X139.865 Y61.225 E.77464
G1 X139.865 Y63.616 E.0623
G1 X139.929 Y63.767 E.00427
G1 X140.074 Y63.825 E.00407
G1 X146.406 Y63.825 E.16498
G1 X146.551 Y63.767 E.00407
G1 X146.615 Y63.616 E.00427
G1 X146.615 Y61.225 E.0623
G1 X177.669 Y61.225 E.80913
G1 X179.102 Y61.915 E.04144
G1 X179.495 Y63.038 E.031
G1 X179.495 Y101.625 E1.00541
G1 X177.104 Y101.625 E.0623
G1 X176.968 Y101.675 E.00378
G1 X176.895 Y101.834 E.00456
G1 X176.895 Y108.166 E.16498
G1 X176.968 Y108.325 E.00456
G1 X177.104 Y108.375 E.00378
G1 X179.495 Y108.375 E.0623
G1 X179.495 Y146.949 E1.00507
G1 X178.805 Y148.382 E.04144
G1 X177.682 Y148.775 E.031
G1 X146.615 Y148.775 E.80947
G1 X146.615 Y146.384 E.0623
G1 X146.574 Y146.301 E.00241
M204 S1000
;WIPE_START
G1 F8640
G1 X146.547 Y146.248 E-.01373
G1 X146.531 Y146.217 E-.00806
G1 X146.406 Y146.175 E-.03045
G1 X143.168 Y146.175 E-.74776
;WIPE_END
G1 Z3.15 F720
G1 X138.663 Y145.298 F10800
G1 Z2.75 F720
G1 E.8 F2100
;TYPE:Solid infill
G1 F4800
G1 X110.636 Y145.298 E.73026
G1 X110.254 Y145.408 E.01036
G1 X110.548 Y145.633 E.00965
G1 X110.844 Y146.048 E.01328
G1 X110.908 Y146.39 E.00907
G1 X110.908 Y148.002 E.042
G1 X139.092 Y148.002 E.73435
G1 X139.096 Y146.349 E.04307
G1 X139.196 Y145.961 E.01044
G1 X139.509 Y145.583 E.01279
G1 X139.662 Y145.483 E.00476
G1 X139.749 Y145.381 E.00349
G1 X139.584 Y145.316 E.00462
G1 X138.872 Y145.298 E.01856
;WIPE_START
G1 F8640
G1 X139.584 Y145.316 E-.16446
G1 X139.749 Y145.381 E-.04095
G1 X139.662 Y145.483 E-.03096
G1 X139.509 Y145.583 E-.0422
G1 X139.196 Y145.961 E-.11332
G1 X139.096 Y146.349 E-.09252
G1 X139.093 Y147.716 E-.31559
;WIPE_END
G1 Z3.15 F720
G1 X111.226 Y145.906 F10800
G1 Z2.75 F720
G1 E.8 F2100
G1 F4800
G1 X111.253 Y145.966 E.00171
G1 X111.326 Y146.39 E.01121
G1 X111.326 Y147.584 E.03111
G1 X138.674 Y147.584 E.71257
G1 X138.686 Y146.267 E.03432
G1 X138.747 Y145.966 E.008
G1 X138.861 Y145.716 E.00716
G1 X111.139 Y145.716 E.72232
G1 X111.713 Y146.134 E.0185
G1 X138.287 Y146.134 E.6924
G1 X138.256 Y146.65 E.01347
G1 X138.256 Y147.166 E.01344
G1 X111.744 Y147.166 E.69079
G1 X111.725 Y146.342 E.02148
M73 Q81 S10
G1 X112.26 Y146.65 E.01608
;WIDTH:0.64727
G1 X137.74 Y146.65 E.97736
;WIPE_START
G1 F8640
G1 X134.275 Y146.65 E-.8
;WIPE_END
G1 Z3.15 F720
G1 X110.881 Y61.919 F10800
G1 Z2.75 F720
G1 E.8 F2100
;WIDTH:0.37219
G1 F4800
G1 X110.81 Y61.9 E.00156
G1 X110.829 Y61.971 E.00156
G1 X110.87 Y61.96 E.0009
;WIDTH:0.411095
G1 X111.068 Y61.979 E.0047
;WIDTH:0.449999
G1 X111.266 Y61.998 E.00518
G1 X110.834 Y62.451 E.01631
;WIDTH:0.411095
G1 X110.76 Y62.546 E.00285
;WIDTH:0.37219
G1 X110.719 Y62.557 E.0009
G1 X110.7 Y62.486 E.00156
G1 X110.771 Y62.505 E.00156
;WIDTH:0.449999
G1 X110.908 Y62.947 E.01206
G1 X111.857 Y61.998 E.03497
G1 X112.447 Y61.998 E.01537
M73 P81 R10
G1 X110.908 Y63.537 E.05671
;WIPE_START
G1 F8640
G1 X112.447 Y61.998 E-.50255
G1 X111.857 Y61.998 E-.13623
G1 X111.363 Y62.491 E-.16122
;WIPE_END
G1 Z3.15 F720
G1 X147.388 Y62.51 F10800
G1 Z2.75 F720
G1 E.8 F2100
G1 F4800
G1 X147.9 Y61.998 E.01887
G1 X147.995 Y61.924 E.00314
;WIDTH:0.411095
G1 X148.09 Y61.85 E.00285
;WIDTH:0.37219
G1 X148.049 Y61.861 E.0009
G1 X148.03 Y61.79 E.00156
G1 X148.101 Y61.809 E.00156
;WIDTH:0.449999
G1 X148.491 Y61.998 E.01129
G1 X147.388 Y63.101 E.04064
;WIPE_START
G1 F8640
G1 X148.491 Y61.998 E-.36018
G1 X148.101 Y61.809 E-.10007
G1 X148.03 Y61.79 E-.01697
G1 X148.049 Y61.861 E-.01697
G1 X148.09 Y61.85 E-.0098
G1 X147.995 Y61.924 E-.02781
G1 X147.9 Y61.998 E-.02781
G1 X147.388 Y62.51 E-.16719
;WIPE_END
G1 E-.0732 F2100
G1 Z3.15 F720
G1 X72.171 Y62.096 F10800
G1 Z2.75 F720
G1 E.8 F2100
G1 F4800
G1 X71.5 Y62.766 E.02471
G1 X71.411 Y62.928 E.00482
;WIDTH:0.411095
G1 X71.321 Y63.091 E.0044
;WIDTH:0.37219
G1 X71.28 Y63.102 E.0009
G1 X71.261 Y63.031 E.00156
G1 X71.332 Y63.05 E.00156
;WIDTH:0.449999
G1 X71.278 Y63.579 E.01386
G1 X72.859 Y61.998 E.05826
G1 X73.45 Y61.998 E.0154
G1 X71.278 Y64.17 E.08003
G1 X71.278 Y64.761 E.0154
G1 X74.041 Y61.998 E.10181
G1 X74.632 Y61.998 E.0154
G1 X71.278 Y65.352 E.12359
G1 X71.278 Y65.943 E.0154
G1 X75.223 Y61.998 E.14537
G1 X75.813 Y61.998 E.01537
G1 X71.278 Y66.533 E.16711
G1 X71.278 Y67.124 E.0154
G1 X76.404 Y61.998 E.18888
G1 X76.995 Y61.998 E.0154
G1 X71.278 Y67.715 E.21066
G1 X71.278 Y68.306 E.0154
G1 X77.586 Y61.998 E.23244
G1 X78.177 Y61.998 E.0154
G1 X71.278 Y68.897 E.25422
G1 X71.278 Y69.488 E.0154
G1 X78.768 Y61.998 E.27599
G1 X79.359 Y61.998 E.0154
G1 X71.278 Y70.079 E.29777
G1 X71.278 Y70.67 E.0154
G1 X79.95 Y61.998 E.31955
G1 X80.54 Y61.998 E.01537
G1 X71.278 Y71.26 E.34129
G1 X71.278 Y71.851 E.0154
G1 X81.131 Y61.998 E.36307
G1 X81.722 Y61.998 E.0154
G1 X71.278 Y72.442 E.38484
G1 X71.278 Y73.033 E.0154
G1 X82.313 Y61.998 E.40662
G1 X82.904 Y61.998 E.0154
G1 X71.278 Y73.624 E.4284
G1 X71.278 Y74.215 E.0154
G1 X83.495 Y61.998 E.45018
G1 X84.086 Y61.998 E.0154
G1 X71.278 Y74.806 E.47195
G1 X71.278 Y75.396 E.01537
G1 X84.676 Y61.998 E.49369
G1 X85.267 Y61.998 E.0154
G1 X71.278 Y75.987 E.51547
G1 X71.278 Y76.578 E.0154
G1 X85.858 Y61.998 E.53725
G1 X86.449 Y61.998 E.0154
G1 X71.278 Y77.169 E.55903
G1 X71.278 Y77.76 E.0154
G1 X87.04 Y61.998 E.5808
G1 X87.631 Y61.998 E.0154
G1 X71.278 Y78.351 E.60258
G1 X71.278 Y78.942 E.0154
G1 X88.222 Y61.998 E.62436
G1 X88.813 Y61.998 E.0154
G1 X71.278 Y79.533 E.64614
G1 X71.278 Y80.123 E.01537
G1 X89.403 Y61.998 E.66788
G1 X89.994 Y61.998 E.0154
G1 X71.278 Y80.714 E.68965
G1 X71.278 Y81.305 E.0154
G1 X90.585 Y61.998 E.71143
G1 X91.176 Y61.998 E.0154
G1 X71.278 Y81.896 E.73321
G1 X71.278 Y82.487 E.0154
G1 X91.767 Y61.998 E.75499
G1 X92.358 Y61.998 E.0154
G1 X71.278 Y83.078 E.77676
G1 X71.278 Y83.669 E.0154
G1 X92.949 Y61.998 E.79854
G1 X93.54 Y61.998 E.0154
G1 X71.278 Y84.26 E.82032
G1 X71.278 Y84.85 E.01537
G1 X94.13 Y61.998 E.84206
G1 X94.721 Y61.998 E.0154
G1 X71.278 Y85.441 E.86384
G1 X71.278 Y86.032 E.0154
G1 X95.312 Y61.998 E.88561
G1 X95.903 Y61.998 E.0154
G1 X71.278 Y86.623 E.90739
G1 X71.278 Y87.214 E.0154
G1 X96.494 Y61.998 E.92917
G1 X97.085 Y61.998 E.0154
G1 X71.278 Y87.805 E.95095
G1 X71.186 Y88.721 F10800
;WIDTH:0.37219
G1 F4800
G1 X71.145 Y88.732 E.0009
G1 X71.126 Y88.661 E.00156
G1 X71.197 Y88.68 E.00156
;WIDTH:0.411095
G1 X71.237 Y88.538 E.00349
;WIDTH:0.449999
G1 X71.278 Y88.396 E.00385
G1 X97.676 Y61.998 E.97272
G1 X98.267 Y61.998 E.0154
G1 X71.278 Y88.987 E.9945
G1 X71.278 Y89.577 E.01537
G1 X76.982 Y83.873 E.21018
G1 X77.062 Y83.742 E.004
;WIDTH:0.411095
G1 X77.142 Y83.611 E.00363
;WIDTH:0.37219
G1 X77.101 Y83.622 E.0009
G1 X77.082 Y83.551 E.00156
G1 X77.153 Y83.57 E.00156
G1 X76.982 Y84.464 F10800
;WIDTH:0.449999
G1 F4800
G1 X71.278 Y90.168 E.21018
G1 X71.278 Y90.759 E.0154
G1 X76.982 Y85.055 E.21018
G1 X76.982 Y85.646 E.0154
G1 X71.278 Y91.35 E.21018
G1 X71.278 Y91.941 E.0154
G1 X76.982 Y86.237 E.21018
G1 X76.982 Y86.828 E.0154
G1 X71.278 Y92.532 E.21018
G1 X71.278 Y93.123 E.0154
G1 X76.982 Y87.418 E.2102
G1 X76.982 Y88.009 E.0154
G1 X71.278 Y93.713 E.21018
G1 X71.278 Y94.304 E.0154
G1 X76.982 Y88.6 E.21018
G1 X76.982 Y89.191 E.0154
G1 X71.278 Y94.895 E.21018
G1 X71.278 Y95.486 E.0154
G1 X76.982 Y89.782 E.21018
G1 X76.982 Y90.373 E.0154
G1 X71.278 Y96.077 E.21018
G1 X71.278 Y96.668 E.0154
G1 X76.982 Y90.964 E.21018
G1 X76.982 Y91.555 E.0154
G1 X71.278 Y97.259 E.21018
G1 X71.278 Y97.85 E.0154
G1 X76.982 Y92.145 E.2102
G1 X76.982 Y92.736 E.0154
G1 X71.278 Y98.44 E.21018
G1 X71.278 Y99.031 E.0154
G1 X76.982 Y93.327 E.21018
G1 X76.982 Y93.918 E.0154
G1 X71.278 Y99.622 E.21018
G1 X71.278 Y100.213 E.0154
G1 X76.982 Y94.509 E.21018
G1 X76.982 Y95.1 E.0154
G1 X71.278 Y100.804 E.21018
G1 X71.201 Y100.905 E.00331
;WIDTH:0.411095
G1 X71.124 Y101.006 E.003
;WIDTH:0.37219
G1 X71.225 Y101.011 E.00214
;WIDTH:0.449999
G1 X71.821 Y100.852 E.01607
G1 X76.982 Y95.691 E.19017
G1 X76.982 Y96.282 E.0154
G1 X72.412 Y100.852 E.1684
G1 X72.989 Y100.865 E.01504
G1 X76.982 Y96.872 E.14714
G1 X76.982 Y97.463 E.0154
G1 X73.431 Y101.014 E.13085
G1 X73.727 Y101.309 E.01089
G1 X76.982 Y98.054 E.11994
G1 X76.982 Y98.645 E.0154
G1 X73.869 Y101.758 E.11471
G1 X73.878 Y102.34 E.01517
G1 X76.982 Y99.236 E.11438
G1 X76.982 Y99.827 E.0154
G1 X73.878 Y102.931 E.11438
G1 X73.878 Y103.522 E.0154
G1 X76.982 Y100.418 E.11438
G1 X76.982 Y101.009 E.0154
G1 X73.878 Y104.113 E.11438
G1 X73.878 Y104.704 E.0154
G1 X76.982 Y101.599 E.1144
G1 X76.982 Y102.19 E.0154
G1 X73.878 Y105.294 E.11438
G1 X73.878 Y105.885 E.0154
G1 X76.982 Y102.781 E.11438
G1 X76.982 Y103.372 E.0154
G1 X73.878 Y106.476 E.11438
G1 X73.878 Y107.067 E.0154
G1 X76.982 Y103.963 E.11438
G1 X76.982 Y104.554 E.0154
G1 X73.878 Y107.658 E.11438
;WIPE_START
G1 F8640
G1 X76.328 Y105.208 E-.8
;WIPE_END
G1 Z3.15 F720
G1 X71.797 Y109.148 F10800
G1 Z2.75 F720
G1 E.8 F2100
G1 F4800
G1 X71.278 Y109.667 E.01912
G1 X71.278 Y110.258 E.0154
G1 X72.388 Y109.148 E.0409
G1 X72.993 Y109.134 E.01577
G1 X71.278 Y110.849 E.06319
G1 X71.232 Y111.011 E.00439
;WIDTH:0.411095
G1 X71.186 Y111.174 E.004
;WIDTH:0.37219
G1 X71.145 Y111.185 E.0009
G1 X71.126 Y111.114 E.00156
G1 X71.197 Y111.133 E.00156
;WIPE_START
G1 F8640
G1 X71.126 Y111.114 E-.01697
G1 X71.145 Y111.185 E-.01697
G1 X71.186 Y111.174 E-.0098
G1 X71.232 Y111.011 E-.03911
G1 X71.278 Y110.849 E-.03889
G1 X72.993 Y109.134 E-.56003
G1 X72.481 Y109.146 E-.11823
;WIPE_END
G1 Z3.15 F720
G1 X73.288 Y108.957 F10800
G1 Z2.75 F720
G1 E.8 F2100
G1 F4800
G1 X73.65 Y108.62 E.01049
G1 X73.693 Y108.556 E.00163
;WIDTH:0.411095
G1 X73.78 Y108.409 E.00404
;WIDTH:0.449999
G1 X73.866 Y108.261 E.00446
G1 X76.982 Y105.145 E.11482
G1 X76.982 Y105.735 E.01537
G1 X71.278 Y111.44 E.2102
G1 X71.278 Y112.03 E.01537
G1 X76.982 Y106.326 E.21018
G1 X76.982 Y106.917 E.0154
G1 X71.278 Y112.621 E.21018
G1 X71.278 Y113.212 E.0154
G1 X76.982 Y107.508 E.21018
G1 X76.982 Y108.099 E.0154
G1 X71.278 Y113.803 E.21018
G1 X71.278 Y114.394 E.0154
G1 X76.982 Y108.69 E.21018
G1 X76.982 Y109.281 E.0154
G1 X71.278 Y114.985 E.21018
G1 X71.278 Y115.576 E.0154
G1 X76.982 Y109.872 E.21018
G1 X76.982 Y110.462 E.01537
G1 X71.278 Y116.167 E.2102
G1 X71.278 Y116.757 E.01537
G1 X76.982 Y111.053 E.21018
G1 X76.982 Y111.644 E.0154
G1 X71.278 Y117.348 E.21018
G1 X71.278 Y117.939 E.0154
G1 X76.982 Y112.235 E.21018
G1 X76.982 Y112.826 E.0154
G1 X71.278 Y118.53 E.21018
G1 X71.278 Y119.121 E.0154
G1 X76.982 Y113.417 E.21018
G1 X76.982 Y114.008 E.0154
G1 X71.278 Y119.712 E.21018
G1 X71.278 Y120.303 E.0154
G1 X76.982 Y114.599 E.21018
G1 X76.982 Y115.189 E.01537
G1 X71.278 Y120.894 E.2102
G1 X71.278 Y121.484 E.01537
G1 X76.982 Y115.78 E.21018
G1 X76.982 Y116.371 E.0154
G1 X71.278 Y122.075 E.21018
G1 X71.278 Y122.666 E.0154
G1 X76.982 Y116.962 E.21018
G1 X76.982 Y117.553 E.0154
G1 X71.278 Y123.257 E.21018
G1 X71.278 Y123.848 E.0154
G1 X76.982 Y118.144 E.21018
G1 X76.982 Y118.735 E.0154
G1 X71.278 Y124.439 E.21018
G1 X71.278 Y125.03 E.0154
G1 X76.982 Y119.326 E.21018
G1 X76.982 Y119.916 E.01537
G1 X71.278 Y125.621 E.2102
G1 X71.278 Y126.211 E.01537
G1 X76.982 Y120.507 E.21018
G1 X76.982 Y121.098 E.0154
G1 X71.278 Y126.802 E.21018
G1 X71.278 Y127.393 E.0154
G1 X76.982 Y121.689 E.21018
G1 X76.982 Y122.28 E.0154
G1 X71.278 Y127.984 E.21018
G1 X71.278 Y128.575 E.0154
G1 X76.982 Y122.871 E.21018
G1 X76.982 Y123.462 E.0154
G1 X71.278 Y129.166 E.21018
G1 X71.278 Y129.757 E.0154
G1 X76.982 Y124.052 E.2102
G1 X76.982 Y124.643 E.0154
G1 X71.278 Y130.347 E.21018
G1 X71.278 Y130.938 E.0154
G1 X76.982 Y125.234 E.21018
M73 Q82 S10
G1 X76.982 Y125.825 E.0154
G1 X71.278 Y131.529 E.21018
G1 X71.278 Y132.12 E.0154
G1 X76.982 Y126.416 E.21018
G1 X76.982 Y127.007 E.0154
G1 X71.278 Y132.711 E.21018
G1 X71.278 Y133.302 E.0154
G1 X76.982 Y127.598 E.21018
G1 X76.982 Y128.189 E.0154
G1 X71.278 Y133.893 E.21018
G1 X71.278 Y134.484 E.0154
G1 X76.982 Y128.779 E.2102
G1 X76.982 Y129.37 E.0154
G1 X71.278 Y135.074 E.21018
G1 X71.278 Y135.665 E.0154
G1 X76.982 Y129.961 E.21018
G1 X76.982 Y130.552 E.0154
G1 X71.278 Y136.256 E.21018
G1 X71.278 Y136.847 E.0154
G1 X76.982 Y131.143 E.21018
G1 X76.982 Y131.734 E.0154
G1 X71.278 Y137.438 E.21018
G1 X71.278 Y138.029 E.0154
M73 P82 R10
G1 X76.982 Y132.325 E.21018
G1 X76.982 Y132.916 E.0154
G1 X71.278 Y138.62 E.21018
G1 X71.278 Y139.211 E.0154
G1 X76.982 Y133.506 E.2102
G1 X76.982 Y134.097 E.0154
G1 X71.278 Y139.801 E.21018
G1 X71.278 Y140.392 E.0154
G1 X76.982 Y134.688 E.21018
G1 X76.982 Y135.279 E.0154
G1 X71.278 Y140.983 E.21018
G1 X71.278 Y141.574 E.0154
G1 X76.982 Y135.87 E.21018
G1 X76.982 Y136.461 E.0154
G1 X71.278 Y142.165 E.21018
G1 X71.278 Y142.756 E.0154
G1 X76.982 Y137.052 E.21018
G1 X76.982 Y137.643 E.0154
G1 X71.278 Y143.347 E.21018
G1 X71.278 Y143.938 E.0154
G1 X76.982 Y138.233 E.2102
G1 X76.982 Y138.824 E.0154
G1 X71.278 Y144.528 E.21018
G1 X71.278 Y145.119 E.0154
G1 X76.982 Y139.415 E.21018
G1 X76.982 Y140.006 E.0154
G1 X71.278 Y145.71 E.21018
G1 X71.278 Y146.301 E.0154
G1 X76.982 Y140.597 E.21018
G1 X76.982 Y141.188 E.0154
G1 X71.294 Y146.876 E.20959
G1 X71.447 Y147.314 E.01209
G1 X76.982 Y141.779 E.20396
G1 X76.982 Y142.369 E.01537
G1 X71.726 Y147.626 E.19369
G1 X72.125 Y147.818 E.01154
G1 X76.982 Y142.96 E.17899
G1 X76.982 Y143.551 E.0154
G1 X72.531 Y148.002 E.16401
G1 X73.122 Y148.002 E.0154
G1 X76.982 Y144.142 E.14223
G1 X77.086 Y144.082 E.00313
;WIDTH:0.411095
G1 X77.19 Y144.021 E.00285
;WIDTH:0.37219
G1 X77.149 Y144.032 E.0009
G1 X77.13 Y143.961 E.00156
G1 X77.201 Y143.98 E.00156
;WIDTH:0.449999
G1 X77.05 Y144.665 E.01828
G1 X73.713 Y148.002 E.12296
G1 X74.304 Y148.002 E.0154
G1 X77.288 Y145.017 E.10997
G1 X77.649 Y145.247 E.01115
G1 X74.895 Y148.002 E.1015
G1 X75.486 Y148.002 E.0154
G1 X78.19 Y145.298 E.09964
;WIPE_START
G1 F8640
G1 X75.74 Y147.748 E-.8
;WIPE_END
G1 Z3.15 F720
G1 X102.183 Y145.298 F10800
G1 Z2.75 F720
M73 P82 R9
G1 E.8 F2100
G1 F4800
G1 X78.633 Y145.298 E.61361
G1 X78.633 Y145.446 E.00386
G1 X76.076 Y148.002 E.0942
G1 X102.612 Y148.002 E.69141
G1 X102.616 Y146.349 E.04307
G1 X102.716 Y145.961 E.01044
G1 X103.029 Y145.583 E.01279
G1 X103.182 Y145.483 E.00476
G1 X103.269 Y145.381 E.00349
G1 X103.104 Y145.316 E.00462
G1 X102.392 Y145.298 E.01856
;WIPE_START
G1 F8640
G1 X103.104 Y145.316 E-.16446
G1 X103.269 Y145.381 E-.04095
G1 X103.182 Y145.483 E-.03096
G1 X103.029 Y145.583 E-.0422
G1 X102.716 Y145.961 E-.11332
G1 X102.616 Y146.349 E-.09252
G1 X102.613 Y147.716 E-.31559
;WIPE_END
G1 Z3.15 F720
G1 X78.954 Y145.716 F10800
G1 Z2.75 F720
M73 Q82 S9
G1 E.8 F2100
G1 F4800
G1 X102.381 Y145.716 E.61041
G1 X102.267 Y145.966 E.00716
G1 X102.206 Y146.267 E.008
G1 X102.194 Y147.584 E.03432
G1 X77.085 Y147.584 E.65423
G1 X78.806 Y145.863 E.06342
;WIPE_START
G1 F8640
G1 X77.085 Y147.584 E-.56199
G1 X78.116 Y147.584 E-.23801
;WIPE_END
G1 Z3.15 F720
G1 X101.598 Y146.134 F10800
G1 Z2.75 F720
G1 E.8 F2100
G1 F4800
G1 X79.127 Y146.134 E.5855
G1 X78.094 Y147.166 E.03805
G1 X101.776 Y147.166 E.61705
G1 X101.776 Y146.65 E.01344
G1 X101.807 Y146.134 E.01347
G1 X101.26 Y146.65 E.01959
;WIDTH:0.64727
G1 X79.341 Y146.65 E.84077
;WIPE_START
G1 F8640
G1 X82.806 Y146.65 E-.8
;WIPE_END
G1 Z3.15 F720
G1 X77.888 Y82.869 F10800
G1 Z2.75 F720
G1 E.8 F2100
;WIDTH:0.37219
G1 F4800
G1 X77.847 Y82.88 E.0009
G1 X77.828 Y82.809 E.00156
G1 X77.899 Y82.828 E.00156
;WIDTH:0.411095
G1 X78.026 Y82.765 E.00335
;WIDTH:0.449999
G1 X78.153 Y82.702 E.00369
G1 X98.857 Y61.998 E.76291
G1 X99.448 Y61.998 E.0154
G1 X78.744 Y82.702 E.76291
G1 X79.335 Y82.702 E.0154
G1 X100.039 Y61.998 E.76291
G1 X100.63 Y61.998 E.0154
G1 X79.926 Y82.702 E.76291
G1 X80.517 Y82.702 E.0154
G1 X101.221 Y61.998 E.76291
G1 X101.812 Y61.998 E.0154
G1 X81.108 Y82.702 E.76291
G1 X81.698 Y82.702 E.01537
G1 X102.403 Y61.998 E.76293
G1 X102.612 Y62.379 E.01132
G1 X82.289 Y82.702 E.74887
G1 X82.88 Y82.702 E.0154
G1 X102.612 Y62.97 E.72709
G1 X102.612 Y63.561 E.0154
G1 X83.471 Y82.702 E.70531
G1 X84.062 Y82.702 E.0154
G1 X102.713 Y64.051 E.68726
G1 X102.976 Y64.379 E.01095
G1 X84.653 Y82.702 E.67517
G1 X85.244 Y82.702 E.0154
G1 X103.373 Y64.572 E.66804
G1 X103.941 Y64.595 E.01481
G1 X85.835 Y82.702 E.66719
G1 X86.425 Y82.702 E.01537
G1 X104.532 Y64.596 E.66719
G1 X105.122 Y64.596 E.01537
G1 X87.016 Y82.702 E.66718
G1 X87.607 Y82.702 E.0154
G1 X105.713 Y64.596 E.66718
G1 X106.304 Y64.596 E.0154
G1 X88.198 Y82.702 E.66718
G1 X88.789 Y82.702 E.0154
G1 X106.894 Y64.597 E.66714
G1 X107.485 Y64.597 E.0154
G1 X89.38 Y82.702 E.66714
G1 X89.971 Y82.702 E.0154
G1 X108.076 Y64.597 E.66714
G1 X108.666 Y64.597 E.01537
G1 X90.562 Y82.702 E.66712
G1 X91.152 Y82.702 E.01537
G1 X109.257 Y64.598 E.66712
;WIPE_START
G1 F8640
G1 X106.807 Y67.048 E-.8
;WIPE_END
G1 Z3.15 F720
G1 X110.313 Y64.347 F10800
G1 Z2.75 F720
G1 E.8 F2100
;WIDTH:0.37219
G1 F4800
G1 X110.143 Y64.447 E.00418
;WIDTH:0.411095
G1 X109.995 Y64.522 E.00392
;WIDTH:0.449999
G1 X109.847 Y64.598 E.00433
G1 X91.743 Y82.702 E.6671
G1 X92.334 Y82.702 E.0154
G1 X113.038 Y61.998 E.76291
G1 X113.629 Y61.998 E.0154
G1 X92.925 Y82.702 E.76291
G1 X93.516 Y82.702 E.0154
G1 X114.22 Y61.998 E.76291
G1 X114.811 Y61.998 E.0154
G1 X94.107 Y82.702 E.76291
G1 X94.698 Y82.702 E.0154
G1 X115.402 Y61.998 E.76291
G1 X115.993 Y61.998 E.0154
G1 X95.289 Y82.702 E.76291
G1 X95.879 Y82.702 E.01537
G1 X116.584 Y61.998 E.76293
G1 X117.174 Y61.998 E.01537
G1 X96.47 Y82.702 E.76291
G1 X97.061 Y82.702 E.0154
G1 X117.765 Y61.998 E.76291
G1 X118.356 Y61.998 E.0154
G1 X97.652 Y82.702 E.76291
G1 X98.243 Y82.702 E.0154
G1 X118.947 Y61.998 E.76291
G1 X119.538 Y61.998 E.0154
G1 X98.834 Y82.702 E.76291
G1 X99.425 Y82.702 E.0154
G1 X120.129 Y61.998 E.76291
G1 X120.72 Y61.998 E.0154
G1 X100.016 Y82.702 E.76291
G1 X100.606 Y82.702 E.01537
G1 X121.311 Y61.998 E.76293
G1 X121.901 Y61.998 E.01537
G1 X101.197 Y82.702 E.76291
G1 X101.788 Y82.702 E.0154
G1 X122.492 Y61.998 E.76291
G1 X123.083 Y61.998 E.0154
G1 X102.379 Y82.702 E.76291
G1 X102.97 Y82.702 E.0154
G1 X123.674 Y61.998 E.76291
G1 X124.265 Y61.998 E.0154
G1 X103.561 Y82.702 E.76291
G1 X104.152 Y82.702 E.0154
G1 X124.856 Y61.998 E.76291
G1 X125.447 Y61.998 E.0154
G1 X104.742 Y82.702 E.76293
G1 X105.333 Y82.702 E.0154
M73 Q83 S9
G1 X126.037 Y61.998 E.76291
G1 X126.628 Y61.998 E.0154
G1 X105.924 Y82.702 E.76291
G1 X106.515 Y82.702 E.0154
G1 X127.219 Y61.998 E.76291
G1 X127.81 Y61.998 E.0154
G1 X107.106 Y82.702 E.76291
G1 X107.697 Y82.702 E.0154
G1 X128.401 Y61.998 E.76291
G1 X128.992 Y61.998 E.0154
M73 P83 R9
G1 X108.288 Y82.702 E.76291
G1 X108.879 Y82.702 E.0154
G1 X129.583 Y61.998 E.76291
G1 X130.174 Y61.998 E.0154
G1 X109.469 Y82.702 E.76293
G1 X110.06 Y82.702 E.0154
G1 X130.764 Y61.998 E.76291
G1 X131.355 Y61.998 E.0154
G1 X110.651 Y82.702 E.76291
G1 X111.242 Y82.702 E.0154
G1 X131.946 Y61.998 E.76291
G1 X132.537 Y61.998 E.0154
G1 X111.833 Y82.702 E.76291
G1 X112.424 Y82.702 E.0154
G1 X133.128 Y61.998 E.76291
G1 X133.719 Y61.998 E.0154
G1 X113.015 Y82.702 E.76291
G1 X113.606 Y82.702 E.0154
G1 X134.31 Y61.998 E.76291
G1 X134.901 Y61.998 E.0154
G1 X114.196 Y82.702 E.76293
G1 X114.787 Y82.702 E.0154
G1 X135.491 Y61.998 E.76291
G1 X136.082 Y61.998 E.0154
G1 X115.378 Y82.702 E.76291
G1 X115.969 Y82.702 E.0154
G1 X136.673 Y61.998 E.76291
G1 X137.264 Y61.998 E.0154
G1 X116.56 Y82.702 E.76291
G1 X117.151 Y82.702 E.0154
G1 X137.855 Y61.998 E.76291
G1 X138.446 Y61.998 E.0154
G1 X117.742 Y82.702 E.76291
G1 X118.333 Y82.702 E.0154
G1 X139.037 Y61.998 E.76291
G1 X139.092 Y62.533 E.01401
G1 X118.923 Y82.702 E.74319
G1 X119.514 Y82.702 E.0154
G1 X139.092 Y63.124 E.72142
G1 X139.102 Y63.705 E.01514
G1 X120.105 Y82.702 E.70001
G1 X120.696 Y82.702 E.0154
G1 X139.25 Y64.148 E.68368
G1 X139.549 Y64.44 E.01089
G1 X121.287 Y82.702 E.67292
G1 X121.878 Y82.702 E.0154
G1 X139.993 Y64.587 E.66751
G1 X140.573 Y64.598 E.01512
G1 X122.469 Y82.702 E.6671
G1 X123.059 Y82.702 E.01537
G1 X141.164 Y64.598 E.66712
G1 X141.754 Y64.598 E.01537
G1 X123.65 Y82.702 E.6671
G1 X124.241 Y82.702 E.0154
G1 X142.345 Y64.598 E.6671
G1 X142.936 Y64.598 E.0154
G1 X124.832 Y82.702 E.6671
G1 X125.423 Y82.702 E.0154
G1 X143.527 Y64.598 E.6671
G1 X144.118 Y64.598 E.0154
G1 X126.014 Y82.702 E.6671
G1 X126.605 Y82.702 E.0154
G1 X144.709 Y64.598 E.6671
G1 X145.3 Y64.598 E.0154
G1 X127.196 Y82.702 E.6671
G1 X127.786 Y82.702 E.01537
G1 X145.891 Y64.598 E.66712
G1 X146.494 Y64.586 E.01571
G1 X128.377 Y82.702 E.66756
;WIPE_START
G1 F8640
G1 X130.827 Y80.252 E-.8
;WIPE_END
G1 Z3.15 F720
G1 X146.789 Y64.414 F10800
G1 Z2.75 F720
G1 E.8 F2100
;WIDTH:0.37219
G1 F4800
G1 X147.211 Y63.997 E.01258
;WIDTH:0.411095
G1 X147.295 Y63.849 E.00402
;WIDTH:0.449999
G1 X147.378 Y63.701 E.00442
G1 X149.081 Y61.998 E.06275
G1 X149.244 Y61.952 E.00441
;WIDTH:0.411095
G1 X149.407 Y61.906 E.004
;WIDTH:0.37219
G1 X149.366 Y61.917 E.0009
G1 X149.347 Y61.846 E.00156
G1 X149.418 Y61.865 E.00156
;WIDTH:0.449999
G1 X149.672 Y61.998 E.00747
G1 X128.968 Y82.702 E.76291
G1 X129.559 Y82.702 E.0154
G1 X150.263 Y61.998 E.76291
G1 X150.854 Y61.998 E.0154
G1 X130.15 Y82.702 E.76291
G1 X130.741 Y82.702 E.0154
G1 X151.445 Y61.998 E.76291
G1 X152.036 Y61.998 E.0154
G1 X131.332 Y82.702 E.76291
G1 X131.923 Y82.702 E.0154
G1 X152.627 Y61.998 E.76291
G1 X153.218 Y61.998 E.0154
G1 X132.513 Y82.702 E.76293
G1 X133.104 Y82.702 E.0154
G1 X153.808 Y61.998 E.76291
G1 X154.399 Y61.998 E.0154
G1 X133.695 Y82.702 E.76291
G1 X134.286 Y82.702 E.0154
G1 X154.99 Y61.998 E.76291
G1 X155.581 Y61.998 E.0154
G1 X134.877 Y82.702 E.76291
G1 X135.468 Y82.702 E.0154
G1 X156.172 Y61.998 E.76291
G1 X156.763 Y61.998 E.0154
G1 X136.059 Y82.702 E.76291
G1 X136.65 Y82.702 E.0154
G1 X157.354 Y61.998 E.76291
G1 X157.945 Y61.998 E.0154
G1 X137.24 Y82.702 E.76293
G1 X137.831 Y82.702 E.0154
G1 X158.535 Y61.998 E.76291
G1 X159.126 Y61.998 E.0154
G1 X138.422 Y82.702 E.76291
G1 X139.013 Y82.702 E.0154
G1 X159.717 Y61.998 E.76291
G1 X160.308 Y61.998 E.0154
G1 X139.604 Y82.702 E.76291
G1 X140.195 Y82.702 E.0154
G1 X160.899 Y61.998 E.76291
G1 X161.49 Y61.998 E.0154
G1 X140.786 Y82.702 E.76291
G1 X141.376 Y82.702 E.01537
G1 X162.081 Y61.998 E.76293
G1 X162.671 Y61.998 E.01537
G1 X141.967 Y82.702 E.76291
G1 X142.558 Y82.702 E.0154
G1 X163.262 Y61.998 E.76291
G1 X163.853 Y61.998 E.0154
G1 X143.149 Y82.702 E.76291
G1 X143.74 Y82.702 E.0154
G1 X164.444 Y61.998 E.76291
G1 X165.035 Y61.998 E.0154
G1 X144.331 Y82.702 E.76291
G1 X144.922 Y82.702 E.0154
G1 X165.626 Y61.998 E.76291
G1 X166.217 Y61.998 E.0154
G1 X145.513 Y82.702 E.76291
G1 X146.103 Y82.702 E.01537
G1 X166.808 Y61.998 E.76293
G1 X167.398 Y61.998 E.01537
G1 X146.694 Y82.702 E.76291
G1 X147.285 Y82.702 E.0154
G1 X167.989 Y61.998 E.76291
G1 X168.58 Y61.998 E.0154
G1 X147.876 Y82.702 E.76291
G1 X148.467 Y82.702 E.0154
M73 Q84 S9
G1 X169.171 Y61.998 E.76291
G1 X169.762 Y61.998 E.0154
M73 P83 R8
G1 X149.058 Y82.702 E.76291
G1 X149.649 Y82.702 E.0154
G1 X170.353 Y61.998 E.76291
G1 X170.944 Y61.998 E.0154
M73 Q84 S8
G1 X150.24 Y82.702 E.76291
G1 X150.83 Y82.702 E.01537
G1 X171.535 Y61.998 E.76293
G1 X172.125 Y61.998 E.01537
M73 P84 R8
G1 X151.421 Y82.702 E.76291
G1 X152.012 Y82.702 E.0154
G1 X172.716 Y61.998 E.76291
G1 X173.307 Y61.998 E.0154
G1 X152.603 Y82.702 E.76291
G1 X153.194 Y82.702 E.0154
G1 X173.898 Y61.998 E.76291
G1 X174.489 Y61.998 E.0154
G1 X153.785 Y82.702 E.76291
G1 X154.376 Y82.702 E.0154
G1 X175.08 Y61.998 E.76291
G1 X175.671 Y61.998 E.0154
G1 X154.967 Y82.702 E.76291
G1 X155.557 Y82.702 E.01537
G1 X176.262 Y61.998 E.76293
G1 X176.852 Y61.998 E.01537
G1 X156.148 Y82.702 E.76291
G1 X156.739 Y82.702 E.0154
G1 X177.443 Y61.998 E.76291
G1 X177.858 Y62.174 E.01175
G1 X157.33 Y82.702 E.75642
G1 X157.921 Y82.702 E.0154
G1 X178.257 Y62.366 E.74935
G1 X178.547 Y62.667 E.01089
G1 X158.512 Y82.702 E.73826
G1 X159.103 Y82.702 E.0154
G1 X178.7 Y63.105 E.72212
G1 X178.722 Y63.674 E.01484
G1 X159.693 Y82.702 E.70117
G1 X160.284 Y82.702 E.0154
G1 X178.722 Y64.264 E.67941
G1 X178.722 Y64.855 E.0154
G1 X160.875 Y82.702 E.65763
G1 X161.466 Y82.702 E.0154
G1 X178.722 Y65.446 E.63586
G1 X178.722 Y66.037 E.0154
G1 X162.057 Y82.702 E.61408
G1 X162.648 Y82.702 E.0154
G1 X178.722 Y66.628 E.5923
G1 X178.722 Y67.219 E.0154
G1 X163.239 Y82.702 E.57052
G1 X163.83 Y82.702 E.0154
G1 X178.722 Y67.81 E.54875
G1 X178.722 Y68.4 E.01537
G1 X164.42 Y82.702 E.52701
G1 X165.011 Y82.702 E.0154
G1 X178.722 Y68.991 E.50523
G1 X178.722 Y69.582 E.0154
G1 X165.602 Y82.702 E.48345
G1 X166.193 Y82.702 E.0154
G1 X178.722 Y70.173 E.46167
G1 X178.722 Y70.764 E.0154
G1 X166.784 Y82.702 E.4399
G1 X167.375 Y82.702 E.0154
G1 X178.722 Y71.355 E.41812
G1 X178.722 Y71.946 E.0154
G1 X167.966 Y82.702 E.39634
G1 X168.557 Y82.702 E.0154
G1 X178.722 Y72.537 E.37456
G1 X178.722 Y73.127 E.01537
G1 X169.147 Y82.702 E.35282
G1 X169.738 Y82.702 E.0154
G1 X178.722 Y73.718 E.33105
G1 X178.722 Y74.309 E.0154
G1 X170.329 Y82.702 E.30927
G1 X170.92 Y82.702 E.0154
G1 X178.722 Y74.9 E.28749
G1 X178.722 Y75.491 E.0154
G1 X171.511 Y82.702 E.26571
G1 X172.102 Y82.702 E.0154
G1 X178.722 Y76.082 E.24394
G1 X178.722 Y76.673 E.0154
G1 X172.693 Y82.702 E.22216
G1 X173.284 Y82.702 E.0154
G1 X178.722 Y77.264 E.20038
G1 X178.722 Y77.854 E.01537
G1 X173.874 Y82.702 E.17864
G1 X173.819 Y82.786 E.00262
;WIDTH:0.411095
G1 X173.764 Y82.869 E.00235
;WIDTH:0.37219
G1 X173.693 Y82.85 E.00156
G1 X173.712 Y82.921 E.00156
G1 X173.753 Y82.91 E.0009
;WIDTH:0.449999
G1 X174.395 Y82.773 E.0171
G1 X178.722 Y78.445 E.15946
G1 X178.722 Y79.036 E.0154
G1 X174.746 Y83.012 E.14651
G1 X174.968 Y83.381 E.01122
G1 X178.722 Y79.627 E.13833
G1 X178.722 Y80.218 E.0154
G1 X175.018 Y83.922 E.13649
G1 X175.018 Y84.513 E.0154
G1 X178.722 Y80.809 E.13649
G1 X178.722 Y81.4 E.0154
G1 X175.018 Y85.104 E.13649
G1 X175.018 Y85.695 E.0154
G1 X178.722 Y81.991 E.13649
G1 X178.722 Y82.581 E.01537
G1 X175.018 Y86.286 E.1365
G1 X175.018 Y86.876 E.01537
G1 X178.722 Y83.172 E.13649
G1 X178.722 Y83.763 E.0154
G1 X175.018 Y87.467 E.13649
G1 X175.018 Y88.058 E.0154
G1 X178.722 Y84.354 E.13649
G1 X178.722 Y84.945 E.0154
G1 X175.018 Y88.649 E.13649
G1 X175.018 Y89.24 E.0154
G1 X178.722 Y85.536 E.13649
G1 X178.722 Y86.127 E.0154
G1 X175.018 Y89.831 E.13649
G1 X175.018 Y90.422 E.0154
G1 X178.722 Y86.717 E.1365
G1 X178.722 Y87.308 E.0154
G1 X175.018 Y91.012 E.13649
G1 X175.018 Y91.603 E.0154
G1 X178.722 Y87.899 E.13649
G1 X178.722 Y88.49 E.0154
G1 X175.018 Y92.194 E.13649
G1 X175.018 Y92.785 E.0154
G1 X178.722 Y89.081 E.13649
G1 X178.722 Y89.672 E.0154
G1 X175.018 Y93.376 E.13649
G1 X175.018 Y93.967 E.0154
G1 X178.722 Y90.263 E.13649
G1 X178.722 Y90.854 E.0154
G1 X175.018 Y94.558 E.13649
G1 X175.018 Y95.149 E.0154
G1 X178.722 Y91.444 E.1365
G1 X178.722 Y92.035 E.0154
G1 X175.018 Y95.739 E.13649
G1 X175.018 Y96.33 E.0154
G1 X178.722 Y92.626 E.13649
G1 X178.722 Y93.217 E.0154
G1 X175.018 Y96.921 E.13649
G1 X175.018 Y97.512 E.0154
G1 X178.722 Y93.808 E.13649
G1 X178.722 Y94.399 E.0154
G1 X175.018 Y98.103 E.13649
G1 X175.018 Y98.694 E.0154
G1 X178.722 Y94.99 E.13649
G1 X178.722 Y95.581 E.0154
G1 X175.018 Y99.285 E.13649
G1 X175.018 Y99.876 E.0154
G1 X178.722 Y96.171 E.1365
G1 X178.722 Y96.762 E.0154
G1 X175.018 Y100.466 E.13649
G1 X175.018 Y101.057 E.0154
G1 X178.722 Y97.353 E.13649
G1 X178.722 Y97.944 E.0154
G1 X175.018 Y101.648 E.13649
G1 X175.189 Y102.068 E.01182
G1 X178.722 Y98.535 E.13019
G1 X178.722 Y99.126 E.0154
G1 X176.975 Y100.873 E.06437
G1 X176.827 Y100.963 E.00451
;WIDTH:0.411095
G1 X176.679 Y101.054 E.00411
;WIDTH:0.37219
G1 X176.307 Y101.424 E.01112
;WIDTH:0.411095
G1 X176.228 Y101.561 E.00374
;WIDTH:0.449999
G1 X176.149 Y101.698 E.00412
G1 X176.122 Y101.841 E.00379
G1 X176.122 Y108.163 E.16472
G1 X176.205 Y108.548 E.01026
G1 X176.437 Y108.881 E.01057
G1 X176.725 Y109.068 E.00895
G1 X177.042 Y109.145 E.0085
G1 X177.565 Y109.146 E.01363
G1 X175.018 Y111.693 E.09385
G1 X175.018 Y102.521 E.23898
G1 X175.293 Y102.545 E.00719
G1 X176.002 Y101.846 E.02594
G1 X175.742 Y102.644 F10800
;WIDTH:0.37535
G1 F4800
G1 X175.742 Y108.163 E.11811
;WIDTH:0.411771
G1 X175.77 Y108.403 E.00572
;WIDTH:0.448192
G1 X175.799 Y108.642 E.00625
;WIDTH:0.449999
G1 X175.913 Y108.885 E.00699
G1 X176.194 Y109.228 E.01155
G1 X176.641 Y109.479 E.01336
G1 X175.436 Y110.684 E.0444
G1 X175.435 Y108.683 E.05214
;WIDTH:0.448192
G1 X175.417 Y108.423 E.00676
;WIDTH:0.411771
G1 X175.398 Y108.163 E.00617
;WIDTH:0.37535
G1 X175.398 Y102.863 E.11342
G1 X175.484 Y102.874 E.00186
G1 X175.586 Y102.783 E.00293
;WIPE_START
G1 F8640
G1 X175.484 Y102.874 E-.03156
G1 X175.398 Y102.863 E-.02002
G1 X175.398 Y106.105 E-.74842
;WIPE_END
G1 Z3.15 F720
G1 X177.587 Y100.852 F10800
G1 Z2.75 F720
G1 E.8 F2100
;WIDTH:0.449999
G1 F4800
G1 X178.722 Y99.717 E.04182
G1 X178.747 Y100.248 E.01385
;WIDTH:0.400587
G1 X178.747 Y100.877 E.01445
G1 X178.118 Y100.877 E.01445
G1 X178.599 Y100.396 E.01563
;WIPE_START
G1 F8640
G1 X178.118 Y100.877 E-.15707
G1 X178.747 Y100.877 E-.14524
G1 X178.747 Y100.248 E-.14524
G1 X178.722 Y99.717 E-.12275
G1 X178.018 Y100.42 E-.2297
;WIPE_END
G1 Z3.15 F720
G1 X178.155 Y109.147 F10800
G1 Z2.75 F720
G1 E.8 F2100
;WIDTH:0.449999
G1 F4800
G1 X174.949 Y112.359 E.11825
;WIDTH:0.411095
G1 X174.881 Y112.433 E.00237
;WIDTH:0.37219
G1 X174.81 Y112.414 E.00156
G1 X174.829 Y112.485 E.00156
G1 X174.87 Y112.474 E.0009
;WIDTH:0.449999
G1 X175.018 Y112.875 E.01114
G1 X178.722 Y109.171 E.13649
G1 X178.722 Y109.761 E.01537
G1 X175.018 Y113.466 E.1365
G1 X175.018 Y114.056 E.01537
G1 X178.722 Y110.352 E.13649
G1 X178.722 Y110.943 E.0154
G1 X175.018 Y114.647 E.13649
G1 X175.018 Y115.238 E.0154
G1 X178.722 Y111.534 E.13649
G1 X178.722 Y112.125 E.0154
G1 X175.018 Y115.829 E.13649
G1 X175.018 Y116.42 E.0154
G1 X178.722 Y112.716 E.13649
G1 X178.722 Y113.307 E.0154
G1 X175.018 Y117.011 E.13649
G1 X175.018 Y117.602 E.0154
G1 X178.722 Y113.898 E.13649
G1 X178.722 Y114.488 E.01537
G1 X175.018 Y118.193 E.1365
G1 X175.018 Y118.783 E.01537
G1 X178.722 Y115.079 E.13649
G1 X178.722 Y115.67 E.0154
G1 X175.018 Y119.374 E.13649
G1 X175.018 Y119.965 E.0154
G1 X178.722 Y116.261 E.13649
G1 X178.722 Y116.852 E.0154
G1 X175.018 Y120.556 E.13649
G1 X175.018 Y121.147 E.0154
G1 X178.722 Y117.443 E.13649
G1 X178.722 Y118.034 E.0154
G1 X175.018 Y121.738 E.13649
G1 X175.018 Y122.329 E.0154
G1 X178.722 Y118.625 E.13649
G1 X178.722 Y119.215 E.01537
G1 X175.018 Y122.92 E.1365
G1 X175.018 Y123.51 E.01537
G1 X178.722 Y119.806 E.13649
G1 X178.722 Y120.397 E.0154
G1 X175.018 Y124.101 E.13649
G1 X175.018 Y124.692 E.0154
G1 X178.722 Y120.988 E.13649
G1 X178.722 Y121.579 E.0154
G1 X175.018 Y125.283 E.13649
G1 X175.018 Y125.874 E.0154
G1 X178.722 Y122.17 E.13649
G1 X178.722 Y122.761 E.0154
G1 X175.018 Y126.465 E.13649
G1 X175.018 Y127.056 E.0154
G1 X178.722 Y123.351 E.1365
G1 X178.722 Y123.942 E.0154
G1 X175.018 Y127.646 E.13649
G1 X175.018 Y128.237 E.0154
G1 X178.722 Y124.533 E.13649
G1 X178.722 Y125.124 E.0154
G1 X175.018 Y128.828 E.13649
G1 X175.018 Y129.419 E.0154
G1 X178.722 Y125.715 E.13649
G1 X178.722 Y126.306 E.0154
G1 X175.018 Y130.01 E.13649
G1 X175.018 Y130.601 E.0154
G1 X178.722 Y126.897 E.13649
G1 X178.722 Y127.488 E.0154
G1 X175.018 Y131.192 E.13649
G1 X175.018 Y131.783 E.0154
G1 X178.722 Y128.078 E.1365
G1 X178.722 Y128.669 E.0154
G1 X175.018 Y132.373 E.13649
G1 X175.018 Y132.964 E.0154
G1 X178.722 Y129.26 E.13649
G1 X178.722 Y129.851 E.0154
G1 X175.018 Y133.555 E.13649
G1 X175.018 Y134.146 E.0154
G1 X178.722 Y130.442 E.13649
G1 X178.722 Y131.033 E.0154
G1 X175.018 Y134.737 E.13649
G1 X175.018 Y135.328 E.0154
G1 X178.722 Y131.624 E.13649
G1 X178.722 Y132.215 E.0154
G1 X175.018 Y135.919 E.13649
G1 X175.018 Y136.51 E.0154
G1 X178.722 Y132.805 E.1365
G1 X178.722 Y133.396 E.0154
G1 X175.018 Y137.1 E.13649
G1 X175.018 Y137.691 E.0154
G1 X178.722 Y133.987 E.13649
G1 X178.722 Y134.578 E.0154
G1 X175.018 Y138.282 E.13649
G1 X175.018 Y138.873 E.0154
G1 X178.722 Y135.169 E.13649
G1 X178.722 Y135.76 E.0154
G1 X175.018 Y139.464 E.13649
G1 X175.018 Y140.055 E.0154
G1 X178.722 Y136.351 E.13649
G1 X178.722 Y136.942 E.0154
G1 X175.018 Y140.646 E.13649
G1 X175.018 Y141.237 E.0154
G1 X178.722 Y137.532 E.1365
G1 X178.722 Y138.123 E.0154
G1 X175.018 Y141.827 E.13649
G1 X175.018 Y142.418 E.0154
G1 X178.722 Y138.714 E.13649
G1 X178.722 Y139.305 E.0154
G1 X175.018 Y143.009 E.13649
G1 X175.018 Y143.6 E.0154
G1 X178.722 Y139.896 E.13649
G1 X178.722 Y140.487 E.0154
G1 X175.018 Y144.191 E.13649
G1 X174.97 Y144.333 E.00391
;WIDTH:0.411095
G1 X174.923 Y144.475 E.00353
;WIDTH:0.37219
G1 X174.852 Y144.456 E.00156
G1 X174.871 Y144.527 E.00156
G1 X174.912 Y144.516 E.0009
;WIPE_START
G1 F8640
G1 X174.871 Y144.527 E-.0098
G1 X174.852 Y144.456 E-.01697
G1 X174.923 Y144.475 E-.01697
G1 X174.97 Y144.333 E-.03454
G1 X175.018 Y144.191 E-.03461
G1 X177.122 Y142.087 E-.68711
;WIPE_END
G1 Z3.15 F720
G1 X173.911 Y145.298 F10800
G1 Z2.75 F720
G1 E.8 F2100
;WIDTH:0.449999
G1 F4800
G1 X171.354 Y147.854 E.0942
G1 X171.354 Y148.002 E.00386
G1 X147.388 Y148.002 E.62445
G1 X147.388 Y146.39 E.042
M73 Q85 S8
G1 X147.324 Y146.048 E.00907
G1 X147.028 Y145.633 E.01328
G1 X146.734 Y145.408 E.00965
G1 X147.116 Y145.298 E.01036
G1 X173.702 Y145.298 E.69272
;WIPE_START
G1 F8640
G1 X170.237 Y145.298 E-.8
;WIPE_END
G1 Z3.15 F720
G1 X171.798 Y148.002 F10800
G1 Z2.75 F720
G1 E.8 F2100
G1 F4800
G1 X178.722 Y141.078 E.25514
G1 X178.722 Y141.668 E.01537
G1 X172.388 Y148.002 E.2334
G1 X172.979 Y148.002 E.0154
G1 X178.722 Y142.259 E.21162
G1 X178.722 Y142.85 E.0154
G1 X173.57 Y148.002 E.18984
G1 X174.161 Y148.002 E.0154
G1 X178.722 Y143.441 E.16807
G1 X178.722 Y144.032 E.0154
M73 P85 R8
G1 X174.752 Y148.002 E.14629
G1 X175.343 Y148.002 E.0154
G1 X178.722 Y144.623 E.12451
G1 X178.722 Y145.214 E.0154
G1 X175.934 Y148.002 E.10273
G1 X176.419 Y148.235 E.01402
;WIDTH:0.647266
G1 X176.344 Y148.255 E.00298
G1 X176.29 Y148.2 E.00296
G1 X176.31 Y148.126 E.00294
G1 X176.384 Y148.106 E.00294
G1 X176.438 Y148.16 E.00293
G1 X176.46 Y148.121 E.00172
;WIDTH:0.59795
G1 X176.482 Y148.081 E.00161
;WIDTH:0.548633
G1 X176.503 Y148.042 E.00143
;WIDTH:0.499316
G1 X176.525 Y148.002 E.00133
;WIDTH:0.449999
G1 X178.722 Y145.805 E.08096
G1 X178.676 Y146.508 E.01836
;WIDTH:0.542864
G1 X178.676 Y146.762 E.00809
G1 X178.214 Y147.721 E.0339
G1 X177.562 Y147.949 E.022
G1 X177.228 Y147.956 E.01064
G1 X178.528 Y146.655 E.05857
;WIPE_START
G1 F8640
G1 X177.228 Y147.956 E-.42467
G1 X177.562 Y147.949 E-.07714
G1 X178.214 Y147.721 E-.15949
G1 X178.475 Y147.18 E-.1387
;WIPE_END
G1 Z3.15 F720
G1 X172.902 Y145.716 F10800
G1 Z2.75 F720
G1 E.8 F2100
;WIDTH:0.449999
G1 F4800
G1 X171.034 Y147.584 E.06883
G1 X147.806 Y147.584 E.60522
G1 X147.806 Y146.39 E.03111
G1 X147.733 Y145.966 E.01121
G1 X147.619 Y145.716 E.00716
G1 X172.693 Y145.716 E.65332
G1 X171.893 Y146.134 F10800
G1 F4800
G1 X170.861 Y147.166 E.03803
G1 X148.224 Y147.166 E.58982
G1 X148.224 Y146.65 E.01344
G1 X148.193 Y146.134 E.01347
G1 X171.685 Y146.134 E.6121
;WIPE_START
G1 F8640
G1 X168.22 Y146.134 E-.8
;WIPE_END
G1 Z3.15 F720
G1 X170.647 Y146.65 F10800
G1 Z2.75 F720
G1 E.8 F2100
;WIDTH:0.647268
G1 F4800
G1 X148.74 Y146.65 E.84031
;WIPE_START
G1 F8640
G1 X152.205 Y146.65 E-.8
;WIPE_END
G1 Z3.15 F720
G1 X175.939 Y109.62 F10800
G1 Z2.75 F720
G1 E.8 F2100
;WIDTH:0.53237
G1 F4800
G1 X175.879 Y109.637 E.00195
G1 X175.834 Y109.592 E.00199
G1 X175.851 Y109.532 E.00195
G1 X175.911 Y109.516 E.00194
G1 X175.955 Y109.56 E.00194
;LAYER_CHANGE
;Z:2.9
;HEIGHT:0.15
;BEFORE_LAYER_CHANGE
G92 E0.0
;2.9


;WIPE_START
G1 F8640
G1 X175.911 Y109.516 E-.01437
G1 X175.851 Y109.532 E-.01434
G1 X175.834 Y109.592 E-.0144
G1 X175.879 Y109.637 E-.01469
G1 X175.939 Y109.62 E-.0144
;WIPE_END
G1 E-.7278 F2100
G1 Z2.9 F720
;AFTER_LAYER_CHANGE
;2.9
G1 Z3.3
G1 X174.476 Y144.754 F10800
G1 Z2.9 F720
G1 E.8 F2100
M204 S800
;TYPE:Perimeter
;WIDTH:0.449999
G1 F2700
G1 X174.446 Y144.79 E.00122
G1 X174.125 Y144.943 E.00927
G1 X147.095 Y144.943 E.70429
;WIDTH:0.499571
G1 X146.923 Y144.968 E.00507
;WIDTH:0.549142
G1 X146.751 Y144.992 E.0056
;WIDTH:0.598713
G1 X146.578 Y145.017 E.00618
;WIDTH:0.648284
G1 X146.406 Y145.042 E.00668
G1 X140.074 Y145.042 E.24328
G1 X139.902 Y145.017 E.00668
;WIDTH:0.598713
G1 X139.729 Y144.992 E.00618
;WIDTH:0.549142
G1 X139.557 Y144.968 E.0056
;WIDTH:0.499571
G1 X139.385 Y144.943 E.00507
;WIDTH:0.449999
G1 X110.615 Y144.943 E.74962
;WIDTH:0.499571
G1 X110.443 Y144.968 E.00507
;WIDTH:0.549142
G1 X110.271 Y144.992 E.0056
;WIDTH:0.598713
G1 X110.098 Y145.017 E.00618
;WIDTH:0.648284
G1 X109.926 Y145.042 E.00668
G1 X103.594 Y145.042 E.24328
G1 X103.422 Y145.017 E.00668
;WIDTH:0.598713
G1 X103.249 Y144.992 E.00618
;WIDTH:0.549142
G1 X103.077 Y144.968 E.0056
;WIDTH:0.499571
G1 X102.905 Y144.943 E.00507
;WIDTH:0.449999
G1 X77.964 Y144.943 E.64986
G1 X77.765 Y144.911 E.00525
G1 X77.595 Y144.823 E.00499
G1 X77.391 Y144.57 E.00847
G1 X77.337 Y144.316 E.00677
G1 X77.337 Y83.684 E1.57981
G1 X77.385 Y83.443 E.0064
G1 X77.51 Y83.252 E.00595
G1 X77.749 Y83.095 E.00745
G1 X77.964 Y83.057 E.00569
G1 X174.036 Y83.057 E2.50323
G1 X174.239 Y83.091 E.00536
G1 X174.468 Y83.23 E.00698
G1 X174.663 Y83.55 E.00976
G1 X174.663 Y144.316 E1.5833
G1 X174.638 Y144.49 E.00458
G1 X174.57 Y144.645 E.00441
G1 X174.515 Y144.709 E.0022
M204 S1000
G1 X174.181 Y144.455 F10800
M204 S800
;TYPE:External perimeter
G1 F1500
G1 X174.173 Y144.474 E.00054
G1 X174.036 Y144.525 E.00381
G1 X77.964 Y144.525 E2.50323
G1 X77.841 Y144.485 E.00337
G1 X77.755 Y144.347 E.00424
G1 X77.755 Y83.684 E1.58062
G1 X77.813 Y83.54 E.00404
G1 X77.964 Y83.475 E.00428
G1 X174.036 Y83.475 E2.50323
G1 X174.18 Y83.533 E.00404
G1 X174.245 Y83.684 E.00428
G1 X174.245 Y144.316 E1.57981
G1 X174.206 Y144.4 E.00241
M73 P85 R7
M204 S1000
;WIPE_START
G1 F8640
G1 X174.181 Y144.455 E-.01395
G1 X174.173 Y144.474 E-.00476
G1 X174.036 Y144.525 E-.03375
G1 X170.799 Y144.525 E-.74754
;WIPE_END
G1 Z3.3 F720
G1 X146.837 Y145.954 F10800
G1 Z2.9 F720
M73 Q85 S7
G1 E.8 F2100
M204 S800
;TYPE:Perimeter
G1 F2700
G1 X146.782 Y145.883 E.00234
;WIDTH:0.499571
G1 X146.688 Y145.826 E.0032
;WIDTH:0.549142
G1 X146.594 Y145.77 E.00353
;WIDTH:0.598713
G1 X146.5 Y145.714 E.00387
;WIDTH:0.648284
G1 X146.406 Y145.658 E.0042
G1 X140.074 Y145.658 E.24328
G1 X139.98 Y145.714 E.0042
;WIDTH:0.598713
G1 X139.886 Y145.77 E.00387
;WIDTH:0.549142
G1 X139.792 Y145.826 E.00353
;WIDTH:0.499571
G1 X139.698 Y145.883 E.0032
;WIDTH:0.449999
G1 X139.495 Y146.143 E.00859
G1 X139.447 Y146.384 E.0064
G1 X139.447 Y148.357 E.05141
G1 X110.553 Y148.357 E.75285
G1 X110.553 Y146.384 E.05141
G1 X110.505 Y146.143 E.0064
G1 X110.302 Y145.883 E.00859
;WIDTH:0.499571
G1 X110.208 Y145.826 E.0032
;WIDTH:0.549142
G1 X110.114 Y145.77 E.00353
;WIDTH:0.598713
G1 X110.02 Y145.714 E.00387
;WIDTH:0.648284
G1 X109.926 Y145.658 E.0042
G1 X103.594 Y145.658 E.24328
G1 X103.5 Y145.714 E.0042
;WIDTH:0.598713
G1 X103.406 Y145.77 E.00387
;WIDTH:0.549142
G1 X103.312 Y145.826 E.00353
;WIDTH:0.499571
G1 X103.218 Y145.883 E.0032
;WIDTH:0.449999
G1 X103.015 Y146.143 E.00859
G1 X102.967 Y146.384 E.0064
G1 X102.967 Y148.357 E.05141
G1 X72.427 Y148.357 E.79574
G1 X71.235 Y147.783 E.03447
G1 X70.923 Y146.891 E.02462
G1 X70.923 Y108.793 E.99267
G1 X72.896 Y108.793 E.05141
G1 X73.098 Y108.759 E.00534
G1 X73.327 Y108.621 E.00697
G1 X73.498 Y108.342 E.00853
G1 X73.523 Y108.166 E.00463
G1 X73.523 Y101.834 E.16498
G1 X73.428 Y101.502 E.009
G1 X73.213 Y101.293 E.00781
G1 X72.896 Y101.207 E.00856
G1 X70.923 Y101.207 E.05141
G1 X70.923 Y63.147 E.99168
G1 X71.497 Y61.955 E.03447
G1 X72.389 Y61.643 E.02462
G1 X102.967 Y61.643 E.79673
G1 X102.967 Y63.736 E.05453
G1 X103.12 Y64.026 E.00854
G1 X103.31 Y64.175 E.00629
G1 X103.594 Y64.243 E.00761
G1 X110.006 Y64.243 E.16707
G1 X110.29 Y64.126 E.008
G1 X110.491 Y63.888 E.00812
G1 X110.553 Y63.616 E.00727
G1 X110.553 Y61.643 E.05141
G1 X139.447 Y61.643 E.75285
G1 X139.447 Y63.736 E.05453
M73 Q86 S7
G1 X139.6 Y64.026 E.00854
G1 X139.79 Y64.175 E.00629
G1 X140.074 Y64.243 E.00761
G1 X146.486 Y64.243 E.16707
G1 X146.77 Y64.126 E.008
G1 X146.971 Y63.888 E.00812
G1 X147.033 Y63.616 E.00727
G1 X147.033 Y61.643 E.05141
G1 X177.573 Y61.643 E.79574
G1 X178.765 Y62.217 E.03447
G1 X179.077 Y63.109 E.02462
G1 X179.077 Y101.207 E.99267
G1 X177.104 Y101.207 E.05141
M73 P86 R7
G1 X176.882 Y101.248 E.00588
G1 X176.696 Y101.358 E.00563
G1 X176.54 Y101.56 E.00665
G1 X176.477 Y101.834 E.00733
G1 X176.477 Y108.166 E.16498
G1 X176.54 Y108.44 E.00733
G1 X176.696 Y108.642 E.00665
G1 X176.882 Y108.752 E.00563
G1 X177.104 Y108.793 E.00588
G1 X179.077 Y108.793 E.05141
G1 X179.077 Y146.853 E.99168
G1 X178.503 Y148.045 E.03447
G1 X177.611 Y148.357 E.02462
G1 X147.033 Y148.357 E.79673
G1 X147.033 Y146.384 E.05141
G1 X146.985 Y146.143 E.0064
G1 X146.874 Y146.001 E.0047
M204 S1000
G1 X146.547 Y146.248 F10800
M204 S800
;TYPE:External perimeter
G1 F1500
G1 X146.531 Y146.217 E.00091
G1 X146.406 Y146.175 E.00344
G1 X140.074 Y146.175 E.16498
G1 X139.949 Y146.217 E.00344
G1 X139.865 Y146.384 E.00487
G1 X139.865 Y148.775 E.0623
G1 X110.135 Y148.775 E.77464
G1 X110.135 Y146.384 E.0623
G1 X110.051 Y146.217 E.00487
G1 X109.926 Y146.175 E.00344
G1 X103.594 Y146.175 E.16498
G1 X103.469 Y146.217 E.00344
G1 X103.385 Y146.384 E.00487
G1 X103.385 Y148.775 E.0623
G1 X72.331 Y148.775 E.80913
G1 X70.898 Y148.085 E.04144
G1 X70.505 Y146.962 E.031
G1 X70.505 Y108.375 E1.00541
G1 X72.896 Y108.375 E.0623
G1 X73.04 Y108.318 E.00404
G1 X73.105 Y108.166 E.00431
G1 X73.105 Y101.834 E.16498
G1 X73.04 Y101.682 E.00431
G1 X72.896 Y101.625 E.00404
G1 X70.505 Y101.625 E.0623
G1 X70.505 Y63.051 E1.00507
G1 X71.195 Y61.618 E.04144
G1 X72.318 Y61.225 E.031
G1 X103.385 Y61.225 E.80947
G1 X103.385 Y63.616 E.0623
G1 X103.449 Y63.767 E.00427
G1 X103.594 Y63.825 E.00407
G1 X109.926 Y63.825 E.16498
G1 X110.071 Y63.767 E.00407
G1 X110.135 Y63.616 E.00427
G1 X110.135 Y61.225 E.0623
G1 X139.865 Y61.225 E.77464
G1 X139.865 Y63.616 E.0623
G1 X139.929 Y63.767 E.00427
G1 X140.074 Y63.825 E.00407
G1 X146.406 Y63.825 E.16498
G1 X146.551 Y63.767 E.00407
G1 X146.615 Y63.616 E.00427
G1 X146.615 Y61.225 E.0623
G1 X177.669 Y61.225 E.80913
G1 X179.102 Y61.915 E.04144
G1 X179.495 Y63.038 E.031
G1 X179.495 Y101.625 E1.00541
G1 X177.104 Y101.625 E.0623
G1 X176.968 Y101.675 E.00378
G1 X176.895 Y101.834 E.00456
G1 X176.895 Y108.166 E.16498
G1 X176.968 Y108.325 E.00456
G1 X177.104 Y108.375 E.00378
G1 X179.495 Y108.375 E.0623
G1 X179.495 Y146.949 E1.00507
G1 X178.805 Y148.382 E.04144
G1 X177.682 Y148.775 E.031
G1 X146.615 Y148.775 E.80947
G1 X146.615 Y146.384 E.0623
G1 X146.574 Y146.301 E.00241
M204 S1000
;WIPE_START
G1 F8640
G1 X146.547 Y146.248 E-.01373
G1 X146.531 Y146.217 E-.00806
G1 X146.406 Y146.175 E-.03045
G1 X143.168 Y146.175 E-.74776
;WIPE_END
G1 Z3.3 F720
G1 X110.254 Y145.408 F10800
G1 Z2.9 F720
G1 E.8 F2100
;TYPE:Solid infill
G1 F4800
G1 X110.636 Y145.298 E.01036
G1 X138.872 Y145.298 E.73571
G1 X139.625 Y145.327 E.01963
G1 X139.751 Y145.388 E.00365
G1 X139.509 Y145.583 E.0081
G1 X139.196 Y145.961 E.01279
G1 X139.092 Y146.39 E.0115
G1 X139.092 Y148.002 E.042
G1 X110.908 Y148.002 E.73435
G1 X110.908 Y146.39 E.042
G1 X110.844 Y146.048 E.00907
G1 X110.548 Y145.633 E.01328
G1 X110.42 Y145.535 E.0042
G1 X111.139 Y145.716 E.01932
G1 X138.861 Y145.716 E.72232
G1 X138.747 Y145.966 E.00716
G1 X138.674 Y146.39 E.01121
G1 X138.674 Y147.584 E.03111
G1 X111.326 Y147.584 E.71257
G1 X111.326 Y146.39 E.03111
G1 X111.253 Y145.966 E.01121
G1 X111.226 Y145.906 E.00171
G1 X111.713 Y146.134 E.01401
G1 X138.287 Y146.134 E.6924
G1 X138.256 Y146.39 E.00672
G1 X138.256 Y147.166 E.02022
G1 X111.744 Y147.166 E.69079
G1 X111.725 Y146.342 E.02148
G1 X112.26 Y146.65 E.01608
;WIDTH:0.64727
G1 X137.74 Y146.65 E.97736
;WIPE_START
G1 F8640
G1 X134.275 Y146.65 E-.8
;WIPE_END
G1 Z3.3 F720
G1 X71.278 Y100.333 F10800
G1 Z2.9 F720
G1 E.8 F2100
;WIDTH:0.449999
G1 F4800
G1 X71.797 Y100.852 E.01912
G1 X72.388 Y100.852 E.0154
G1 X71.278 Y99.742 E.0409
;WIPE_START
G1 F8640
G1 X72.388 Y100.852 E-.36247
G1 X71.797 Y100.852 E-.13646
G1 X71.278 Y100.333 E-.16948
;WIPE_END
G1 E-.13159 F2100
G1 Z3.3 F720
G1 X71.376 Y147.109 F10800
G1 Z2.9 F720
G1 E.8 F2100
G1 F4800
G1 X72.046 Y147.78 E.02471
G1 X72.208 Y147.869 E.00482
;WIDTH:0.411095
G1 X72.371 Y147.959 E.0044
;WIDTH:0.37219
G1 X72.382 Y148 E.0009
G1 X72.311 Y148.019 E.00156
G1 X72.33 Y147.948 E.00156
;WIDTH:0.449999
G1 X73.049 Y148.15 E.01946
;WIDTH:0.37219
G1 X73.06 Y148.191 E.0009
G1 X72.989 Y148.21 E.00156
G1 X73.008 Y148.139 E.00156
;WIDTH:0.411095
G1 X72.934 Y148.071 E.00237
;WIDTH:0.449999
G1 X71.278 Y146.421 E.06091
G1 X71.278 Y145.83 E.0154
G1 X73.45 Y148.002 E.08003
G1 X74.041 Y148.002 E.0154
G1 X71.278 Y145.239 E.10181
G1 X71.278 Y144.648 E.0154
G1 X74.632 Y148.002 E.12359
G1 X75.223 Y148.002 E.0154
G1 X71.278 Y144.057 E.14537
G1 X71.278 Y143.467 E.01537
G1 X75.813 Y148.002 E.16711
G1 X76.404 Y148.002 E.0154
G1 X71.278 Y142.876 E.18888
G1 X71.278 Y142.285 E.0154
G1 X76.995 Y148.002 E.21066
G1 X77.586 Y148.002 E.0154
G1 X71.278 Y141.694 E.23244
G1 X71.278 Y141.103 E.0154
G1 X78.177 Y148.002 E.25422
G1 X78.768 Y148.002 E.0154
G1 X71.278 Y140.512 E.27599
G1 X71.278 Y139.921 E.0154
G1 X79.359 Y148.002 E.29777
G1 X80.275 Y148.094 F10800
;WIDTH:0.37219
G1 F4800
G1 X80.286 Y148.135 E.0009
G1 X80.215 Y148.154 E.00156
G1 X80.234 Y148.083 E.00156
;WIDTH:0.411095
G1 X80.092 Y148.043 E.00349
;WIDTH:0.449999
G1 X79.95 Y148.002 E.00385
G1 X71.278 Y139.331 E.31953
G1 X71.278 Y138.74 E.0154
G1 X76.996 Y144.458 E.2107
G1 X76.982 Y143.853 E.01577
G1 X71.278 Y138.149 E.21018
G1 X71.278 Y137.558 E.0154
G1 X76.982 Y143.262 E.21018
G1 X76.982 Y142.671 E.0154
G1 X71.278 Y136.967 E.21018
G1 X71.278 Y136.376 E.0154
G1 X76.982 Y142.08 E.21018
G1 X76.982 Y141.489 E.0154
G1 X71.278 Y135.785 E.21018
G1 X71.278 Y135.194 E.0154
G1 X76.982 Y140.899 E.2102
G1 X76.982 Y140.308 E.0154
G1 X71.278 Y134.604 E.21018
G1 X71.278 Y134.013 E.0154
G1 X76.982 Y139.717 E.21018
G1 X76.982 Y139.126 E.0154
G1 X71.278 Y133.422 E.21018
G1 X71.278 Y132.831 E.0154
G1 X76.982 Y138.535 E.21018
G1 X76.982 Y137.944 E.0154
G1 X71.278 Y132.24 E.21018
G1 X71.278 Y131.649 E.0154
G1 X76.982 Y137.353 E.21018
G1 X76.982 Y136.762 E.0154
G1 X71.278 Y131.058 E.21018
G1 X71.278 Y130.467 E.0154
G1 X76.982 Y136.172 E.2102
G1 X76.982 Y135.581 E.0154
G1 X71.278 Y129.877 E.21018
G1 X71.278 Y129.286 E.0154
G1 X76.982 Y134.99 E.21018
G1 X76.982 Y134.399 E.0154
G1 X71.278 Y128.695 E.21018
G1 X71.278 Y128.104 E.0154
G1 X76.982 Y133.808 E.21018
G1 X76.982 Y133.217 E.0154
M73 Q87 S7
G1 X71.278 Y127.513 E.21018
G1 X71.278 Y126.922 E.0154
G1 X76.982 Y132.626 E.21018
G1 X76.982 Y132.035 E.0154
G1 X71.278 Y126.331 E.21018
G1 X71.278 Y125.74 E.0154
G1 X76.982 Y131.445 E.2102
G1 X76.982 Y130.854 E.0154
G1 X71.278 Y125.15 E.21018
G1 X71.278 Y124.559 E.0154
G1 X76.982 Y130.263 E.21018
G1 X76.982 Y129.672 E.0154
G1 X71.278 Y123.968 E.21018
G1 X71.278 Y123.377 E.0154
G1 X76.982 Y129.081 E.21018
G1 X76.982 Y128.49 E.0154
G1 X71.278 Y122.786 E.21018
G1 X71.278 Y122.195 E.0154
G1 X76.982 Y127.899 E.21018
G1 X76.982 Y127.308 E.0154
G1 X71.278 Y121.604 E.21018
G1 X71.278 Y121.013 E.0154
M73 P87 R7
G1 X76.982 Y126.718 E.2102
G1 X76.982 Y126.127 E.0154
G1 X71.278 Y120.423 E.21018
G1 X71.278 Y119.832 E.0154
G1 X76.982 Y125.536 E.21018
G1 X76.982 Y124.945 E.0154
G1 X71.278 Y119.241 E.21018
G1 X71.278 Y118.65 E.0154
G1 X76.982 Y124.354 E.21018
G1 X76.982 Y123.763 E.0154
G1 X71.278 Y118.059 E.21018
G1 X71.278 Y117.468 E.0154
G1 X76.982 Y123.172 E.21018
G1 X76.982 Y122.582 E.01537
G1 X71.278 Y116.877 E.2102
G1 X71.278 Y116.287 E.01537
G1 X76.982 Y121.991 E.21018
G1 X76.982 Y121.4 E.0154
G1 X71.278 Y115.696 E.21018
G1 X71.278 Y115.105 E.0154
G1 X76.982 Y120.809 E.21018
G1 X76.982 Y120.218 E.0154
G1 X71.278 Y114.514 E.21018
G1 X71.278 Y113.923 E.0154
G1 X76.982 Y119.627 E.21018
G1 X76.982 Y119.036 E.0154
G1 X71.278 Y113.332 E.21018
G1 X71.278 Y112.741 E.0154
G1 X76.982 Y118.445 E.21018
G1 X76.982 Y117.855 E.01537
G1 X71.278 Y112.15 E.2102
G1 X71.278 Y111.56 E.01537
G1 X76.982 Y117.264 E.21018
G1 X76.982 Y116.673 E.0154
G1 X71.278 Y110.969 E.21018
G1 X71.278 Y110.378 E.0154
G1 X76.982 Y116.082 E.21018
G1 X76.982 Y115.491 E.0154
G1 X71.278 Y109.787 E.21018
G1 X71.278 Y109.196 E.0154
G1 X76.982 Y114.9 E.21018
G1 X76.982 Y114.309 E.0154
G1 X71.821 Y109.148 E.19017
G1 X72.412 Y109.148 E.0154
G1 X76.982 Y113.718 E.1684
G1 X76.982 Y113.128 E.01537
G1 X72.989 Y109.135 E.14714
G1 X73.431 Y108.986 E.01215
G1 X76.982 Y112.537 E.13085
G1 X76.982 Y111.946 E.0154
G1 X73.727 Y108.691 E.11994
G1 X73.869 Y108.242 E.01227
G1 X76.982 Y111.355 E.11471
G1 X76.982 Y110.764 E.0154
G1 X73.878 Y107.66 E.11438
G1 X73.878 Y107.069 E.0154
G1 X76.982 Y110.173 E.11438
G1 X76.982 Y109.582 E.0154
G1 X73.878 Y106.478 E.11438
G1 X73.878 Y105.887 E.0154
G1 X76.982 Y108.991 E.11438
G1 X76.982 Y108.401 E.01537
G1 X73.878 Y105.296 E.1144
G1 X73.878 Y104.706 E.01537
G1 X76.982 Y107.81 E.11438
G1 X76.982 Y107.219 E.0154
G1 X73.878 Y104.115 E.11438
G1 X73.878 Y103.524 E.0154
G1 X76.982 Y106.628 E.11438
G1 X76.982 Y106.037 E.0154
G1 X73.878 Y102.933 E.11438
G1 X73.878 Y102.342 E.0154
G1 X76.982 Y105.446 E.11438
G1 X76.982 Y104.855 E.0154
G1 X73.866 Y101.739 E.11482
G1 X73.693 Y101.444 E.00891
;WIDTH:0.37219
G1 X73.288 Y101.036 E.01219
;WIDTH:0.411095
G1 X73.14 Y100.951 E.00403
;WIDTH:0.449999
G1 X72.993 Y100.866 E.00442
G1 X71.278 Y99.151 E.06319
G1 X71.232 Y98.989 E.00439
;WIDTH:0.411095
G1 X71.186 Y98.826 E.004
;WIDTH:0.37219
G1 X71.197 Y98.867 E.0009
G1 X71.126 Y98.886 E.00156
G1 X71.145 Y98.815 E.00156
;WIDTH:0.449999
G1 X71.278 Y98.56 E.00749
G1 X76.982 Y104.265 E.2102
G1 X76.982 Y103.674 E.0154
G1 X71.278 Y97.97 E.21018
G1 X71.278 Y97.379 E.0154
G1 X76.982 Y103.083 E.21018
G1 X76.982 Y102.492 E.0154
G1 X71.278 Y96.788 E.21018
G1 X71.278 Y96.197 E.0154
G1 X76.982 Y101.901 E.21018
G1 X76.982 Y101.31 E.0154
G1 X71.278 Y95.606 E.21018
G1 X71.278 Y95.015 E.0154
G1 X76.982 Y100.719 E.21018
G1 X76.982 Y100.128 E.0154
G1 X71.278 Y94.424 E.21018
G1 X71.278 Y93.833 E.0154
G1 X76.982 Y99.538 E.2102
G1 X76.982 Y98.947 E.0154
G1 X71.278 Y93.243 E.21018
G1 X71.278 Y92.652 E.0154
G1 X76.982 Y98.356 E.21018
G1 X76.982 Y97.765 E.0154
G1 X71.278 Y92.061 E.21018
G1 X71.278 Y91.47 E.0154
G1 X76.982 Y97.174 E.21018
G1 X76.982 Y96.583 E.0154
G1 X71.278 Y90.879 E.21018
G1 X71.278 Y90.288 E.0154
G1 X76.982 Y95.992 E.21018
G1 X76.982 Y95.401 E.0154
G1 X71.278 Y89.697 E.21018
G1 X71.278 Y89.106 E.0154
G1 X76.982 Y94.811 E.2102
G1 X76.982 Y94.22 E.0154
G1 X71.278 Y88.516 E.21018
G1 X71.278 Y87.925 E.0154
G1 X76.982 Y93.629 E.21018
G1 X76.982 Y93.038 E.0154
G1 X71.278 Y87.334 E.21018
G1 X71.278 Y86.743 E.0154
G1 X76.982 Y92.447 E.21018
G1 X76.982 Y91.856 E.0154
G1 X71.278 Y86.152 E.21018
G1 X71.278 Y85.561 E.0154
G1 X76.982 Y91.265 E.21018
G1 X76.982 Y90.674 E.0154
G1 X71.278 Y84.97 E.21018
G1 X71.278 Y84.379 E.0154
G1 X76.982 Y90.084 E.2102
G1 X76.982 Y89.493 E.0154
G1 X71.278 Y83.789 E.21018
G1 X71.278 Y83.198 E.0154
G1 X76.982 Y88.902 E.21018
G1 X76.982 Y88.311 E.0154
G1 X71.278 Y82.607 E.21018
G1 X71.278 Y82.016 E.0154
G1 X76.982 Y87.72 E.21018
G1 X76.982 Y87.129 E.0154
G1 X71.278 Y81.425 E.21018
G1 X71.278 Y80.834 E.0154
G1 X76.982 Y86.538 E.21018
G1 X76.982 Y85.948 E.01537
G1 X71.278 Y80.243 E.2102
G1 X71.278 Y79.653 E.01537
G1 X76.982 Y85.357 E.21018
G1 X76.982 Y84.766 E.0154
G1 X71.278 Y79.062 E.21018
G1 X71.278 Y78.471 E.0154
G1 X76.982 Y84.175 E.21018
G1 X76.99 Y83.592 E.01519
G1 X71.278 Y77.88 E.21048
G1 X71.278 Y77.289 E.0154
G1 X77.14 Y83.151 E.21601
G1 X77.441 Y82.861 E.01089
G1 X71.278 Y76.698 E.2271
G1 X71.278 Y76.107 E.0154
G1 X77.881 Y82.71 E.24331
G1 X78.464 Y82.702 E.01519
G1 X71.278 Y75.516 E.26479
G1 X71.278 Y74.926 E.01537
G1 X79.054 Y82.702 E.28653
G1 X79.645 Y82.702 E.0154
G1 X71.278 Y74.335 E.30831
G1 X71.278 Y73.744 E.0154
G1 X80.236 Y82.702 E.33009
G1 X80.827 Y82.702 E.0154
G1 X71.278 Y73.153 E.35186
G1 X71.278 Y72.562 E.0154
G1 X81.418 Y82.702 E.37364
G1 X82.009 Y82.702 E.0154
G1 X71.278 Y71.971 E.39542
G1 X71.278 Y71.38 E.0154
G1 X82.6 Y82.702 E.4172
G1 X83.191 Y82.702 E.0154
G1 X71.278 Y70.789 E.43897
G1 X71.278 Y70.199 E.01537
G1 X83.781 Y82.702 E.46071
G1 X84.372 Y82.702 E.0154
G1 X71.278 Y69.608 E.48249
G1 X71.278 Y69.017 E.0154
M73 P87 R6
G1 X84.963 Y82.702 E.50427
G1 X85.554 Y82.702 E.0154
M73 Q87 S6
G1 X71.278 Y68.426 E.52605
G1 X71.278 Y67.835 E.0154
G1 X86.145 Y82.702 E.54782
G1 X86.736 Y82.702 E.0154
G1 X71.278 Y67.244 E.5696
G1 X71.278 Y66.653 E.0154
G1 X87.327 Y82.702 E.59138
G1 X87.918 Y82.702 E.0154
G1 X71.278 Y66.062 E.61316
G1 X71.278 Y65.472 E.01537
G1 X88.508 Y82.702 E.6349
G1 X89.099 Y82.702 E.0154
G1 X71.278 Y64.881 E.65667
G1 X71.278 Y64.29 E.0154
G1 X89.69 Y82.702 E.67845
G1 X90.281 Y82.702 E.0154
G1 X71.278 Y63.699 E.70023
G1 X71.317 Y63.147 E.01442
G1 X90.872 Y82.702 E.72057
G1 X91.463 Y82.702 E.0154
G1 X71.509 Y62.748 E.73527
G1 X71.701 Y62.349 E.01154
G1 X92.054 Y82.702 E.74997
G1 X92.644 Y82.702 E.01537
G1 X72.072 Y62.13 E.75804
G1 X72.531 Y61.998 E.01244
G1 X93.235 Y82.702 E.76291
G1 X93.826 Y82.702 E.0154
G1 X73.122 Y61.998 E.76291
G1 X73.713 Y61.998 E.0154
G1 X94.417 Y82.702 E.76291
G1 X95.008 Y82.702 E.0154
G1 X74.304 Y61.998 E.76291
G1 X74.895 Y61.998 E.0154
G1 X95.599 Y82.702 E.76291
G1 X96.19 Y82.702 E.0154
G1 X75.486 Y61.998 E.76291
G1 X76.076 Y61.998 E.01537
G1 X96.781 Y82.702 E.76293
G1 X97.371 Y82.702 E.01537
G1 X76.667 Y61.998 E.76291
G1 X77.258 Y61.998 E.0154
G1 X97.962 Y82.702 E.76291
G1 X98.553 Y82.702 E.0154
G1 X77.849 Y61.998 E.76291
G1 X78.44 Y61.998 E.0154
G1 X99.144 Y82.702 E.76291
G1 X99.735 Y82.702 E.0154
G1 X79.031 Y61.998 E.76291
G1 X79.622 Y61.998 E.0154
G1 X100.326 Y82.702 E.76291
G1 X100.917 Y82.702 E.0154
G1 X80.213 Y61.998 E.76291
G1 X80.803 Y61.998 E.01537
G1 X101.508 Y82.702 E.76293
G1 X102.098 Y82.702 E.01537
G1 X81.394 Y61.998 E.76291
G1 X81.985 Y61.998 E.0154
G1 X102.689 Y82.702 E.76291
G1 X103.28 Y82.702 E.0154
G1 X82.576 Y61.998 E.76291
G1 X83.167 Y61.998 E.0154
G1 X103.871 Y82.702 E.76291
G1 X104.462 Y82.702 E.0154
M73 Q88 S6
G1 X83.758 Y61.998 E.76291
G1 X84.349 Y61.998 E.0154
G1 X105.053 Y82.702 E.76291
G1 X105.644 Y82.702 E.0154
G1 X84.94 Y61.998 E.76291
G1 X85.53 Y61.998 E.01537
G1 X106.235 Y82.702 E.76293
G1 X106.825 Y82.702 E.01537
M73 P88 R6
G1 X86.121 Y61.998 E.76291
G1 X86.712 Y61.998 E.0154
G1 X107.416 Y82.702 E.76291
G1 X108.007 Y82.702 E.0154
G1 X87.303 Y61.998 E.76291
G1 X87.894 Y61.998 E.0154
G1 X108.598 Y82.702 E.76291
G1 X109.189 Y82.702 E.0154
G1 X88.485 Y61.998 E.76291
G1 X89.076 Y61.998 E.0154
G1 X109.78 Y82.702 E.76291
G1 X110.371 Y82.702 E.0154
G1 X89.667 Y61.998 E.76291
G1 X90.257 Y61.998 E.01537
G1 X110.962 Y82.702 E.76293
G1 X111.552 Y82.702 E.01537
G1 X90.848 Y61.998 E.76291
G1 X91.439 Y61.998 E.0154
G1 X112.143 Y82.702 E.76291
G1 X112.734 Y82.702 E.0154
G1 X92.03 Y61.998 E.76291
G1 X92.621 Y61.998 E.0154
G1 X113.325 Y82.702 E.76291
G1 X113.916 Y82.702 E.0154
G1 X93.212 Y61.998 E.76291
G1 X93.803 Y61.998 E.0154
G1 X114.507 Y82.702 E.76291
G1 X115.098 Y82.702 E.0154
G1 X94.393 Y61.998 E.76293
G1 X94.984 Y61.998 E.0154
G1 X115.688 Y82.702 E.76291
G1 X116.279 Y82.702 E.0154
G1 X95.575 Y61.998 E.76291
G1 X96.166 Y61.998 E.0154
G1 X116.87 Y82.702 E.76291
G1 X117.461 Y82.702 E.0154
G1 X96.757 Y61.998 E.76291
G1 X97.348 Y61.998 E.0154
G1 X118.052 Y82.702 E.76291
G1 X118.643 Y82.702 E.0154
G1 X97.939 Y61.998 E.76291
G1 X98.53 Y61.998 E.0154
G1 X119.234 Y82.702 E.76291
G1 X119.825 Y82.702 E.0154
G1 X99.12 Y61.998 E.76293
G1 X99.711 Y61.998 E.0154
G1 X120.415 Y82.702 E.76291
G1 X121.332 Y82.794 F10800
;WIDTH:0.37219
G1 F4800
G1 X121.343 Y82.835 E.0009
G1 X121.272 Y82.855 E.00156
G1 X121.291 Y82.783 E.00158
;WIDTH:0.411095
G1 X121.149 Y82.743 E.00349
;WIDTH:0.449999
G1 X121.006 Y82.702 E.00388
G1 X100.302 Y61.998 E.76291
G1 X100.893 Y61.998 E.0154
G1 X102.626 Y63.731 E.06386
G1 X102.718 Y63.878 E.00452
;WIDTH:0.411095
G1 X102.811 Y64.026 E.00413
;WIDTH:0.37219
G1 X102.947 Y64.203 E.00473
G1 X103.19 Y64.416 E.00685
;WIDTH:0.449999
G1 X103.486 Y64.59 E.00895
G1 X121.597 Y82.702 E.66738
G1 X122.188 Y82.702 E.0154
G1 X104.081 Y64.595 E.66721
G1 X104.673 Y64.596 E.01543
G1 X122.779 Y82.702 E.66718
G1 X123.37 Y82.702 E.0154
G1 X105.264 Y64.596 E.66718
G1 X105.855 Y64.596 E.0154
G1 X123.961 Y82.702 E.66718
G1 X124.552 Y82.702 E.0154
G1 X106.446 Y64.596 E.66718
G1 X107.037 Y64.597 E.0154
G1 X125.142 Y82.702 E.66714
G1 X125.733 Y82.702 E.0154
G1 X107.628 Y64.597 E.66714
G1 X108.219 Y64.597 E.0154
G1 X126.324 Y82.702 E.66714
G1 X126.915 Y82.702 E.0154
G1 X108.81 Y64.597 E.66714
G1 X109.402 Y64.598 E.01543
G1 X127.506 Y82.702 E.6671
G1 X128.097 Y82.702 E.0154
G1 X109.986 Y64.592 E.66734
G1 X110.434 Y64.449 E.01225
G1 X128.688 Y82.702 E.67261
G1 X129.279 Y82.702 E.0154
G1 X110.742 Y64.165 E.68306
G1 X110.895 Y63.727 E.01209
G1 X129.869 Y82.702 E.69918
G1 X130.46 Y82.702 E.0154
G1 X110.908 Y63.15 E.72046
G1 X110.908 Y62.559 E.0154
G1 X131.051 Y82.702 E.74224
G1 X131.642 Y82.702 E.0154
G1 X110.938 Y61.998 E.76291
G1 X111.529 Y61.998 E.0154
G1 X132.233 Y82.702 E.76291
G1 X132.824 Y82.702 E.0154
G1 X112.12 Y61.998 E.76291
G1 X112.71 Y61.998 E.01537
G1 X133.415 Y82.702 E.76293
G1 X134.005 Y82.702 E.01537
G1 X113.301 Y61.998 E.76291
G1 X113.892 Y61.998 E.0154
G1 X134.596 Y82.702 E.76291
G1 X135.187 Y82.702 E.0154
G1 X114.483 Y61.998 E.76291
G1 X115.074 Y61.998 E.0154
G1 X135.778 Y82.702 E.76291
G1 X136.369 Y82.702 E.0154
G1 X115.665 Y61.998 E.76291
G1 X116.256 Y61.998 E.0154
G1 X136.96 Y82.702 E.76291
G1 X137.551 Y82.702 E.0154
G1 X116.847 Y61.998 E.76291
G1 X117.437 Y61.998 E.01537
G1 X138.142 Y82.702 E.76293
G1 X138.732 Y82.702 E.01537
G1 X118.028 Y61.998 E.76291
G1 X118.619 Y61.998 E.0154
G1 X139.323 Y82.702 E.76291
G1 X139.914 Y82.702 E.0154
G1 X119.21 Y61.998 E.76291
G1 X119.801 Y61.998 E.0154
G1 X140.505 Y82.702 E.76291
G1 X141.096 Y82.702 E.0154
G1 X120.392 Y61.998 E.76291
G1 X120.983 Y61.998 E.0154
G1 X141.687 Y82.702 E.76291
G1 X142.278 Y82.702 E.0154
G1 X121.574 Y61.998 E.76291
G1 X122.164 Y61.998 E.01537
G1 X142.869 Y82.702 E.76293
G1 X143.459 Y82.702 E.01537
G1 X122.755 Y61.998 E.76291
G1 X123.346 Y61.998 E.0154
G1 X144.05 Y82.702 E.76291
G1 X144.641 Y82.702 E.0154
G1 X123.937 Y61.998 E.76291
G1 X124.528 Y61.998 E.0154
G1 X145.232 Y82.702 E.76291
G1 X145.823 Y82.702 E.0154
G1 X125.119 Y61.998 E.76291
G1 X125.71 Y61.998 E.0154
G1 X146.414 Y82.702 E.76291
G1 X147.005 Y82.702 E.0154
G1 X126.301 Y61.998 E.76291
G1 X126.891 Y61.998 E.01537
G1 X147.596 Y82.702 E.76293
G1 X148.186 Y82.702 E.01537
M73 Q89 S6
G1 X127.482 Y61.998 E.76291
G1 X128.073 Y61.998 E.0154
G1 X148.777 Y82.702 E.76291
G1 X149.368 Y82.702 E.0154
G1 X128.664 Y61.998 E.76291
G1 X129.255 Y61.998 E.0154
G1 X149.959 Y82.702 E.76291
G1 X150.55 Y82.702 E.0154
M73 P89 R6
G1 X129.846 Y61.998 E.76291
G1 X130.437 Y61.998 E.0154
G1 X151.141 Y82.702 E.76291
G1 X151.732 Y82.702 E.0154
G1 X131.027 Y61.998 E.76293
G1 X131.618 Y61.998 E.0154
G1 X152.322 Y82.702 E.76291
G1 X152.913 Y82.702 E.0154
G1 X132.209 Y61.998 E.76291
G1 X132.8 Y61.998 E.0154
G1 X153.504 Y82.702 E.76291
G1 X154.095 Y82.702 E.0154
G1 X133.391 Y61.998 E.76291
G1 X133.982 Y61.998 E.0154
G1 X154.686 Y82.702 E.76291
G1 X155.277 Y82.702 E.0154
G1 X134.573 Y61.998 E.76291
G1 X135.164 Y61.998 E.0154
G1 X155.868 Y82.702 E.76291
G1 X156.459 Y82.702 E.0154
G1 X135.754 Y61.998 E.76293
G1 X136.345 Y61.998 E.0154
G1 X157.049 Y82.702 E.76291
G1 X157.925 Y82.783 F10800
;WIDTH:0.37219
G1 F4800
G1 X157.906 Y82.854 E.00156
G1 X157.977 Y82.835 E.00156
G1 X157.966 Y82.794 E.0009
;WIDTH:0.411095
G1 X157.803 Y82.748 E.004
;WIDTH:0.449999
G1 X157.64 Y82.702 E.00441
G1 X136.936 Y61.998 E.76291
G1 X137.527 Y61.998 E.0154
G1 X139.092 Y63.563 E.05767
G1 X139.164 Y63.711 E.00429
;WIDTH:0.411095
G1 X139.236 Y63.858 E.00387
;WIDTH:0.37219
G1 X139.4 Y64.091 E.00604
G1 X139.708 Y64.374 E.00887
G1 X139.832 Y64.443 E.00301
;WIDTH:0.449999
G1 X140.127 Y64.598 E.00868
G1 X158.231 Y82.702 E.6671
G1 X158.822 Y82.702 E.0154
G1 X140.718 Y64.598 E.6671
G1 X141.309 Y64.598 E.0154
G1 X159.413 Y82.702 E.6671
G1 X160.004 Y82.702 E.0154
G1 X141.9 Y64.598 E.6671
G1 X142.491 Y64.598 E.0154
G1 X160.595 Y82.702 E.6671
G1 X161.186 Y82.702 E.0154
G1 X143.081 Y64.598 E.66712
G1 X143.672 Y64.598 E.0154
G1 X161.776 Y82.702 E.6671
G1 X162.367 Y82.702 E.0154
G1 X144.263 Y64.598 E.6671
G1 X144.854 Y64.598 E.0154
G1 X162.958 Y82.702 E.6671
G1 X163.549 Y82.702 E.0154
G1 X145.445 Y64.598 E.6671
G1 X146.036 Y64.598 E.0154
M73 P89 R5
G1 X164.14 Y82.702 E.6671
G1 X164.731 Y82.702 E.0154
M73 Q89 S5
G1 X146.598 Y64.569 E.66817
G1 X147.008 Y64.388 E.01168
G1 X165.322 Y82.702 E.67484
G1 X165.913 Y82.702 E.0154
G1 X147.277 Y64.066 E.68671
G1 X147.199 Y63.392 E.01768
;WIDTH:0.37219
G1 X147.18 Y63.463 E.00156
G1 X147.251 Y63.444 E.00156
G1 X147.24 Y63.403 E.0009
;WIDTH:0.411095
G1 X147.314 Y63.495 E.00279
;WIDTH:0.449999
G1 X166.503 Y82.702 E.70741
G1 X167.094 Y82.702 E.0154
G1 X147.388 Y62.996 E.72613
G1 X147.388 Y62.405 E.0154
G1 X167.685 Y82.702 E.74791
G1 X168.276 Y82.702 E.0154
G1 X147.572 Y61.998 E.76291
G1 X147.444 Y61.932 E.00375
;WIDTH:0.411095
G1 X147.316 Y61.866 E.0034
;WIDTH:0.37219
G1 X147.327 Y61.907 E.0009
G1 X147.256 Y61.926 E.00156
G1 X147.275 Y61.855 E.00156
G1 X148.163 Y61.998 F10800
;WIDTH:0.449999
G1 F4800
G1 X168.867 Y82.702 E.76291
G1 X169.458 Y82.702 E.0154
G1 X148.754 Y61.998 E.76291
G1 X149.344 Y61.998 E.01537
G1 X170.049 Y82.702 E.76293
G1 X170.639 Y82.702 E.01537
G1 X149.935 Y61.998 E.76291
G1 X150.526 Y61.998 E.0154
G1 X171.23 Y82.702 E.76291
G1 X171.821 Y82.702 E.0154
G1 X151.117 Y61.998 E.76291
G1 X151.708 Y61.998 E.0154
G1 X172.412 Y82.702 E.76291
G1 X173.003 Y82.702 E.0154
G1 X152.299 Y61.998 E.76291
G1 X152.89 Y61.998 E.0154
G1 X173.594 Y82.702 E.76291
;WIPE_START
G1 F8640
G1 X171.144 Y80.252 E-.8
;WIPE_END
G1 Z3.3 F720
G1 X174.809 Y83.217 F10800
G1 Z2.9 F720
G1 E.8 F2100
;WIDTH:0.37219
G1 F4800
G1 X174.507 Y82.914 E.00907
;WIDTH:0.411095
G1 X174.36 Y82.822 E.0041
;WIDTH:0.449999
G1 X174.212 Y82.729 E.00455
G1 X153.481 Y61.998 E.7639
;WIPE_START
G1 F8640
G1 X155.931 Y64.448 E-.8
;WIPE_END
G1 Z3.3 F720
G1 X139.092 Y62.972 F10800
G1 Z2.9 F720
G1 E.8 F2100
G1 F4800
G1 X138.118 Y61.998 E.03589
G1 X138.592 Y61.95 E.01241
;WIDTH:0.353344
G1 X139.14 Y61.95 E.01098
G1 X139.14 Y62.498 E.01098
G1 X138.74 Y62.097 E.01134
;WIPE_START
G1 F8640
G1 X139.14 Y62.498 E-.13078
G1 X139.14 Y61.95 E-.12653
G1 X138.592 Y61.95 E-.12653
G1 X138.118 Y61.998 E-.11001
G1 X139.056 Y62.936 E-.30615
;WIPE_END
G1 Z3.3 F720
G1 X102.612 Y63.126 F10800
G1 Z2.9 F720
G1 E.8 F2100
;WIDTH:0.449999
G1 F4800
G1 X101.484 Y61.998 E.04156
G1 X102.013 Y61.972 E.0138
;WIDTH:0.398454
G1 X102.638 Y61.972 E.01428
G1 X102.638 Y62.597 E.01428
G1 X102.16 Y62.12 E.01542
;WIPE_START
G1 F8640
G1 X102.638 Y62.597 E-.15593
G1 X102.638 Y61.972 E-.14431
G1 X102.013 Y61.972 E-.14431
G1 X101.484 Y61.998 E-.1223
G1 X102.198 Y62.712 E-.23315
;WIPE_END
G1 Z3.3 F720
G1 X101.26 Y146.65 F10800
G1 Z2.9 F720
G1 E.8 F2100
;WIDTH:0.64727
G1 F4800
G1 X82.282 Y146.65 E.72796
;WIPE_START
G1 F8640
G1 X85.747 Y146.65 E-.8
;WIPE_END
G1 Z3.3 F720
G1 X80.755 Y148.126 F10800
G1 Z2.9 F720
G1 E.8 F2100
G1 F4800
G1 X80.775 Y148.2 E.00294
G1 X80.721 Y148.255 E.00296
G1 X80.646 Y148.235 E.00298
G1 X80.627 Y148.16 E.00297
G1 X80.681 Y148.106 E.00293
;WIDTH:0.449999
G1 X80.54 Y148.002 E.00457
G1 X77.814 Y145.275 E.10047
G1 X77.666 Y145.183 E.00454
;WIDTH:0.411095
G1 X77.518 Y145.091 E.00412
;WIDTH:0.37219
G1 X77.18 Y144.753 E.01014
;WIPE_START
G1 F8640
G1 X77.518 Y145.091 E-.11037
G1 X77.666 Y145.183 E-.04024
G1 X77.814 Y145.275 E-.04024
G1 X79.679 Y147.141 E-.60915
;WIPE_END
G1 Z3.3 F720
G1 X78.427 Y145.298 F10800
G1 Z2.9 F720
G1 E.8 F2100
;WIDTH:0.449999
G1 F4800
G1 X81.131 Y148.002 E.09964
;WIPE_START
G1 F8640
G1 X78.681 Y145.552 E-.8
;WIPE_END
G1 Z3.3 F720
G1 X79.166 Y145.446 F10800
G1 Z2.9 F720
G1 E.8 F2100
G1 F4800
G1 X81.574 Y147.854 E.08873
G1 X81.574 Y148.002 E.00386
G1 X102.612 Y148.002 E.54816
G1 X102.612 Y146.39 E.042
G1 X102.716 Y145.961 E.0115
G1 X103.029 Y145.583 E.01279
G1 X103.271 Y145.388 E.0081
G1 X103.145 Y145.327 E.00365
G1 X102.392 Y145.298 E.01963
G1 X79.018 Y145.298 E.60903
;WIPE_START
G1 F8640
G1 X82.483 Y145.298 E-.8
;WIPE_END
G1 Z3.3 F720
G1 X80.027 Y145.716 F10800
G1 Z2.9 F720
G1 E.8 F2100
G1 F4800
G1 X102.381 Y145.716 E.58245
G1 X102.267 Y145.966 E.00716
G1 X102.194 Y146.39 E.01121
G1 X102.194 Y147.584 E.03111
G1 X81.931 Y147.584 E.52797
G1 X81.87 Y147.559 E.00172
G1 X80.174 Y145.863 E.06249
G1 X81.035 Y146.134 F10800
G1 F4800
G1 X101.807 Y146.134 E.54123
G1 X101.776 Y146.39 E.00672
G1 X101.776 Y147.166 E.02022
G1 X82.068 Y147.166 E.51351
G1 X81.183 Y146.281 E.03261
;WIPE_START
G1 F8640
G1 X82.068 Y147.166 E-.28899
G1 X84.281 Y147.166 E-.51101
;WIPE_END
G1 Z3.3 F720
G1 X146.734 Y145.408 F10800
G1 Z2.9 F720
G1 E.8 F2100
G1 F4800
G1 X147.116 Y145.298 E.01036
G1 X173.588 Y145.298 E.68975
G1 X174.133 Y145.283 E.01421
G1 X176.852 Y148.002 E.10019
G1 X147.388 Y148.002 E.76771
G1 X147.388 Y146.39 E.042
G1 X147.324 Y146.048 E.00907
G1 X147.028 Y145.633 E.01328
G1 X146.9 Y145.535 E.0042
G1 X147.619 Y145.716 E.01932
G1 X173.975 Y145.716 E.68672
G1 X175.844 Y147.584 E.06885
G1 X147.806 Y147.584 E.73055
G1 X147.806 Y146.39 E.03111
G1 X147.733 Y145.966 E.01121
G1 X147.706 Y145.906 E.00171
G1 X148.193 Y146.134 E.01401
G1 X173.802 Y146.134 E.66726
G1 X174.835 Y147.166 E.03805
G1 X148.224 Y147.166 E.69337
G1 X148.205 Y146.342 E.02148
G1 X148.74 Y146.65 E.01608
;WIDTH:0.64727
G1 X173.588 Y146.65 E.95312
;WIPE_START
G1 F8640
G1 X170.123 Y146.65 E-.8
;WIPE_END
G1 Z3.3 F720
G1 X174.568 Y145.127 F10800
G1 Z2.9 F720
G1 E.8 F2100
;WIDTH:0.449999
G1 F4800
G1 X177.443 Y148.002 E.10594
G1 X177.909 Y147.877 E.01257
G1 X174.869 Y144.837 E.11202
G1 X175.009 Y144.387 E.01228
G1 X178.291 Y147.668 E.12092
G1 X178.483 Y147.269 E.01154
G1 X175.018 Y143.804 E.12768
G1 X175.018 Y143.213 E.0154
G1 X178.675 Y146.87 E.13475
G1 X178.722 Y146.327 E.0142
M73 Q90 S5
G1 X175.018 Y142.622 E.1365
G1 X175.018 Y142.032 E.01537
G1 X178.722 Y145.736 E.13649
G1 X178.722 Y145.145 E.0154
G1 X175.018 Y141.441 E.13649
G1 X175.018 Y140.85 E.0154
G1 X178.722 Y144.554 E.13649
G1 X178.722 Y143.963 E.0154
G1 X175.018 Y140.259 E.13649
G1 X175.018 Y139.668 E.0154
G1 X178.722 Y143.372 E.13649
G1 X178.722 Y142.781 E.0154
G1 X175.018 Y139.077 E.13649
G1 X175.018 Y138.486 E.0154
G1 X178.722 Y142.19 E.13649
G1 X178.722 Y141.6 E.01537
G1 X175.018 Y137.895 E.1365
G1 X175.018 Y137.305 E.01537
G1 X178.722 Y141.009 E.13649
G1 X178.722 Y140.418 E.0154
G1 X175.018 Y136.714 E.13649
G1 X175.018 Y136.123 E.0154
G1 X178.722 Y139.827 E.13649
G1 X178.722 Y139.236 E.0154
G1 X175.018 Y135.532 E.13649
G1 X175.018 Y134.941 E.0154
G1 X178.722 Y138.645 E.13649
G1 X178.722 Y138.054 E.0154
G1 X175.018 Y134.35 E.13649
M73 P90 R5
G1 X175.018 Y133.759 E.0154
G1 X178.722 Y137.463 E.13649
G1 X178.722 Y136.873 E.01537
G1 X175.018 Y133.168 E.1365
G1 X175.018 Y132.578 E.01537
G1 X178.722 Y136.282 E.13649
G1 X178.722 Y135.691 E.0154
G1 X175.018 Y131.987 E.13649
G1 X175.018 Y131.396 E.0154
G1 X178.722 Y135.1 E.13649
G1 X178.722 Y134.509 E.0154
G1 X175.018 Y130.805 E.13649
G1 X175.018 Y130.214 E.0154
G1 X178.722 Y133.918 E.13649
G1 X178.722 Y133.327 E.0154
G1 X175.018 Y129.623 E.13649
G1 X175.018 Y129.032 E.0154
G1 X178.722 Y132.736 E.13649
G1 X178.722 Y132.146 E.01537
G1 X175.018 Y128.441 E.1365
G1 X175.018 Y127.851 E.01537
G1 X178.722 Y131.555 E.13649
G1 X178.722 Y130.964 E.0154
G1 X175.018 Y127.26 E.13649
G1 X175.018 Y126.669 E.0154
G1 X178.722 Y130.373 E.13649
G1 X178.722 Y129.782 E.0154
G1 X175.018 Y126.078 E.13649
G1 X175.018 Y125.487 E.0154
G1 X178.722 Y129.191 E.13649
G1 X178.722 Y128.6 E.0154
G1 X175.018 Y124.896 E.13649
G1 X175.018 Y124.305 E.0154
G1 X178.722 Y128.01 E.1365
G1 X178.722 Y127.419 E.0154
G1 X175.018 Y123.715 E.13649
G1 X175.018 Y123.124 E.0154
G1 X178.722 Y126.828 E.13649
G1 X178.722 Y126.237 E.0154
G1 X175.018 Y122.533 E.13649
G1 X175.018 Y121.942 E.0154
G1 X178.722 Y125.646 E.13649
G1 X178.722 Y125.055 E.0154
G1 X175.018 Y121.351 E.13649
G1 X175.018 Y120.76 E.0154
G1 X178.722 Y124.464 E.13649
G1 X178.722 Y123.873 E.0154
G1 X175.018 Y120.169 E.13649
G1 X175.018 Y119.578 E.0154
G1 X178.722 Y123.283 E.1365
G1 X178.722 Y122.692 E.0154
G1 X175.018 Y118.988 E.13649
G1 X175.018 Y118.397 E.0154
G1 X178.722 Y122.101 E.13649
G1 X178.722 Y121.51 E.0154
G1 X175.018 Y117.806 E.13649
G1 X175.018 Y117.215 E.0154
G1 X178.722 Y120.919 E.13649
G1 X178.722 Y120.328 E.0154
G1 X175.018 Y116.624 E.13649
G1 X175.018 Y116.033 E.0154
G1 X178.722 Y119.737 E.13649
G1 X178.722 Y119.146 E.0154
G1 X175.018 Y115.442 E.13649
G1 X175.018 Y114.851 E.0154
G1 X178.722 Y118.556 E.1365
G1 X178.722 Y117.965 E.0154
G1 X175.018 Y114.261 E.13649
G1 X175.018 Y113.67 E.0154
G1 X178.722 Y117.374 E.13649
G1 X178.722 Y116.783 E.0154
G1 X175.018 Y113.079 E.13649
G1 X175.018 Y112.488 E.0154
G1 X178.722 Y116.192 E.13649
G1 X178.722 Y115.601 E.0154
G1 X175.018 Y111.897 E.13649
G1 X175.018 Y111.306 E.0154
G1 X178.722 Y115.01 E.13649
G1 X178.722 Y114.419 E.0154
G1 X175.018 Y110.715 E.13649
G1 X175.018 Y110.124 E.0154
G1 X178.722 Y113.829 E.1365
G1 X178.722 Y113.238 E.0154
G1 X175.018 Y109.534 E.13649
G1 X175.018 Y108.943 E.0154
G1 X178.722 Y112.647 E.13649
G1 X178.722 Y112.056 E.0154
G1 X175.018 Y108.352 E.13649
G1 X175.135 Y107.878 E.01272
G1 X178.722 Y111.465 E.13218
G1 X178.722 Y110.874 E.0154
G1 X176.985 Y109.138 E.06399
G1 X176.838 Y109.046 E.00452
;WIDTH:0.411095
G1 X176.69 Y108.955 E.00411
;WIDTH:0.37219
G1 X176.309 Y108.579 E.01135
;WIPE_START
G1 F8640
G1 X176.69 Y108.955 E-.1236
G1 X176.838 Y109.046 E-.04012
G1 X176.985 Y109.138 E-.04004
G1 X178.722 Y110.874 E-.56705
G1 X178.722 Y111 E-.02919
;WIPE_END
G1 Z3.3 F720
G1 X175.569 Y107.191 F10800
G1 Z2.9 F720
G1 E.8 F2100
;WIDTH:0.375833
G1 F4800
G1 X175.741 Y107.355 E.00509
G1 X175.741 Y101.841 E.11817
;WIDTH:0.409247
G1 X175.772 Y101.599 E.00574
;WIDTH:0.442931
G1 X175.803 Y101.356 E.00627
;WIDTH:0.449999
G1 X175.914 Y101.113 E.00696
G1 X176.194 Y100.772 E.0115
G1 X176.511 Y100.573 E.00975
G1 X176.643 Y100.523 E.00368
G1 X175.436 Y99.316 E.04448
G1 X175.435 Y100.95 E.04258
G1 X175.417 Y101.363 E.01077
;WIDTH:0.412781
G1 X175.398 Y101.777 E.00984
;WIDTH:0.375833
G1 X175.398 Y107.105 E.11418
;WIDTH:0.412916
G1 X175.312 Y107.27 E.00442
;WIDTH:0.449999
G1 X175.226 Y107.434 E.00483
G1 X175.283 Y107.435 E.00149
G1 X176.122 Y108.274 E.03092
G1 X176.122 Y101.841 E.16762
G1 X176.245 Y101.368 E.01273
G1 X176.496 Y101.067 E.01021
G1 X176.792 Y100.907 E.00877
G1 X177.11 Y100.852 E.00841
G1 X177.563 Y100.852 E.0118
G1 X175.018 Y98.307 E.09378
G1 X175.017 Y107.432 E.23776
;WIPE_START
G1 F8640
G1 X175.017 Y103.967 E-.8
;WIPE_END
G1 Z3.3 F720
G1 X177.585 Y109.146 F10800
G1 Z2.9 F720
G1 E.8 F2100
G1 F4800
G1 X178.722 Y110.283 E.0419
;WIPE_START
G1 F8640
G1 X177.585 Y109.146 E-.37128
;WIPE_END
G1 E-.42872 F2100
G1 Z3.3 F720
G1 X178.265 Y109.27 F10800
G1 Z2.9 F720
G1 E.8 F2100
;WIDTH:0.400734
G1 F4800
G1 X178.747 Y109.752 E.01567
G1 X178.747 Y109.123 E.01446
G1 X178.117 Y109.122 E.01448
;WIPE_START
G1 F8640
G1 X178.747 Y109.123 E-.14547
G1 X178.747 Y109.752 E-.14524
G1 X178.265 Y109.27 E-.1574
;WIPE_END
G1 E-.35189 F2100
G1 Z3.3 F720
G1 X178.154 Y100.852 F10800
G1 Z2.9 F720
G1 E.8 F2100
;WIDTH:0.449999
G1 F4800
G1 X175.018 Y97.716 E.11556
G1 X175.018 Y97.125 E.0154
G1 X178.722 Y100.829 E.13649
G1 X178.722 Y100.239 E.01537
G1 X175.018 Y96.534 E.1365
G1 X175.018 Y95.944 E.01537
G1 X178.722 Y99.648 E.13649
G1 X178.722 Y99.057 E.0154
G1 X175.018 Y95.353 E.13649
G1 X175.018 Y94.762 E.0154
G1 X178.722 Y98.466 E.13649
G1 X178.722 Y97.875 E.0154
G1 X175.018 Y94.171 E.13649
G1 X175.018 Y93.58 E.0154
G1 X178.722 Y97.284 E.13649
G1 X178.722 Y96.693 E.0154
G1 X175.018 Y92.989 E.13649
G1 X175.018 Y92.398 E.0154
G1 X178.722 Y96.102 E.13649
G1 X178.722 Y95.512 E.01537
G1 X175.018 Y91.807 E.1365
G1 X175.018 Y91.217 E.01537
G1 X178.722 Y94.921 E.13649
G1 X178.722 Y94.33 E.0154
G1 X175.018 Y90.626 E.13649
G1 X175.018 Y90.035 E.0154
G1 X178.722 Y93.739 E.13649
G1 X178.722 Y93.148 E.0154
G1 X175.018 Y89.444 E.13649
G1 X175.018 Y88.853 E.0154
G1 X178.722 Y92.557 E.13649
G1 X178.722 Y91.966 E.0154
G1 X175.018 Y88.262 E.13649
G1 X175.018 Y87.671 E.0154
G1 X178.722 Y91.376 E.1365
G1 X178.722 Y90.785 E.0154
G1 X175.018 Y87.081 E.13649
G1 X175.018 Y86.49 E.0154
G1 X178.722 Y90.194 E.13649
G1 X178.722 Y89.603 E.0154
G1 X175.018 Y85.899 E.13649
G1 X175.018 Y85.308 E.0154
G1 X178.722 Y89.012 E.13649
G1 X178.722 Y88.421 E.0154
G1 X175.018 Y84.717 E.13649
G1 X175.018 Y84.126 E.0154
G1 X178.722 Y87.83 E.13649
G1 X178.833 Y86.903 F10800
;WIDTH:0.37219
G1 F4800
G1 X178.814 Y86.974 E.00156
G1 X178.885 Y86.955 E.00156
G1 X178.874 Y86.914 E.0009
;WIDTH:0.411095
G1 X178.798 Y87.077 E.00425
;WIDTH:0.449999
G1 X178.722 Y87.239 E.00466
G1 X174.995 Y83.512 E.13733
;WIPE_START
G1 F8640
G1 X177.445 Y85.962 E-.8
;WIPE_END
G1 Z3.3 F720
G1 X178.722 Y86.649 F10800
G1 Z2.9 F720
G1 E.8 F2100
G1 F4800
G1 X154.071 Y61.998 E.90835
G1 X154.662 Y61.998 E.0154
G1 X178.722 Y86.058 E.88657
G1 X178.722 Y85.467 E.0154
G1 X155.253 Y61.998 E.86479
G1 X155.844 Y61.998 E.0154
G1 X178.722 Y84.876 E.84302
G1 X178.722 Y84.285 E.0154
G1 X156.435 Y61.998 E.82124
G1 X157.026 Y61.998 E.0154
G1 X178.722 Y83.694 E.79946
G1 X178.722 Y83.103 E.0154
G1 X157.617 Y61.998 E.77768
G1 X158.208 Y61.998 E.0154
G1 X178.722 Y82.512 E.75591
G1 X178.722 Y81.922 E.01537
G1 X158.798 Y61.998 E.73417
G1 X159.389 Y61.998 E.0154
G1 X178.722 Y81.331 E.71239
G1 X178.722 Y80.74 E.0154
G1 X159.98 Y61.998 E.69061
G1 X160.571 Y61.998 E.0154
G1 X178.722 Y80.149 E.66883
G1 X178.722 Y79.558 E.0154
G1 X161.162 Y61.998 E.64706
G1 X161.753 Y61.998 E.0154
G1 X178.722 Y78.967 E.62528
G1 X178.722 Y78.376 E.0154
G1 X162.344 Y61.998 E.6035
G1 X162.935 Y61.998 E.0154
G1 X178.722 Y77.785 E.58172
G1 X178.722 Y77.195 E.01537
G1 X163.525 Y61.998 E.55998
G1 X164.116 Y61.998 E.0154
G1 X178.722 Y76.604 E.53821
G1 X178.722 Y76.013 E.0154
G1 X164.707 Y61.998 E.51643
G1 X165.298 Y61.998 E.0154
G1 X178.722 Y75.422 E.49465
G1 X178.722 Y74.831 E.0154
G1 X165.889 Y61.998 E.47287
G1 X166.48 Y61.998 E.0154
G1 X178.722 Y74.24 E.4511
G1 X178.722 Y73.649 E.0154
G1 X167.071 Y61.998 E.42932
G1 X167.661 Y61.998 E.01537
G1 X178.722 Y73.059 E.40758
G1 X178.722 Y72.468 E.0154
G1 X168.252 Y61.998 E.3858
G1 X168.843 Y61.998 E.0154
G1 X178.722 Y71.877 E.36402
G1 X178.722 Y71.286 E.0154
G1 X169.434 Y61.998 E.34225
G1 X170.025 Y61.998 E.0154
G1 X178.722 Y70.695 E.32047
G1 X178.722 Y70.104 E.0154
G1 X170.616 Y61.998 E.29869
G1 X171.207 Y61.998 E.0154
G1 X178.722 Y69.513 E.27692
G1 X178.722 Y68.922 E.0154
G1 X171.798 Y61.998 E.25514
G1 X172.388 Y61.998 E.01537
G1 X178.722 Y68.332 E.2334
G1 X178.722 Y67.741 E.0154
G1 X172.979 Y61.998 E.21162
G1 X173.57 Y61.998 E.0154
G1 X178.722 Y67.15 E.18984
G1 X178.722 Y66.559 E.0154
G1 X174.161 Y61.998 E.16807
G1 X174.752 Y61.998 E.0154
G1 X178.722 Y65.968 E.14629
G1 X178.722 Y65.377 E.0154
G1 X175.343 Y61.998 E.12451
G1 X175.934 Y61.998 E.0154
G1 X178.722 Y64.786 E.10273
G1 X178.722 Y64.195 E.0154
G1 X176.525 Y61.998 E.08096
G1 X177.228 Y62.044 E.01836
;WIDTH:0.542934
G1 X177.482 Y62.044 E.00809
G1 X178.441 Y62.506 E.03391
G1 X178.669 Y63.158 E.022
G1 X178.676 Y63.492 E.01064
G1 X177.375 Y62.192 E.05858
;WIPE_START
G1 F8640
G1 X178.676 Y63.492 E-.42467
G1 X178.669 Y63.158 E-.07714
G1 X178.441 Y62.506 E-.15949
G1 X177.9 Y62.246 E-.1387
;WIPE_END
G1 Z3.3 F720
G1 X175.878 Y100.363 F10800
G1 Z2.9 F720
G1 E.8 F2100
;WIDTH:0.532582
G1 F4800
G1 X175.834 Y100.408 E.00196
G1 X175.85 Y100.468 E.00194
G1 X175.911 Y100.484 E.00197
G1 X175.955 Y100.44 E.00194
G1 X175.939 Y100.38 E.00194
;LAYER_CHANGE
;Z:3.05
;HEIGHT:0.15
;BEFORE_LAYER_CHANGE
G92 E0.0
;3.05


;WIPE_START
G1 F8640
G1 X175.955 Y100.44 E-.01434
G1 X175.911 Y100.484 E-.01437
G1 X175.85 Y100.468 E-.01456
G1 X175.834 Y100.408 E-.01434
G1 X175.878 Y100.363 E-.01453
;WIPE_END
G1 E-.72786 F2100
G1 Z3.05 F720
;AFTER_LAYER_CHANGE
;3.05
G1 Z3.45
G1 X174.476 Y144.754 F10800
G1 Z3.05 F720
G1 E.8 F2100
M204 S800
;TYPE:Perimeter
;WIDTH:0.449999
G1 F2700
G1 X174.446 Y144.79 E.00122
G1 X174.125 Y144.943 E.00927
G1 X147.095 Y144.943 E.70429
;WIDTH:0.499571
G1 X146.923 Y144.968 E.00507
;WIDTH:0.549142
G1 X146.751 Y144.992 E.0056
;WIDTH:0.598713
G1 X146.578 Y145.017 E.00618
;WIDTH:0.648284
G1 X146.406 Y145.042 E.00668
G1 X140.074 Y145.042 E.24328
G1 X139.902 Y145.017 E.00668
;WIDTH:0.598713
G1 X139.729 Y144.992 E.00618
;WIDTH:0.549142
G1 X139.557 Y144.968 E.0056
;WIDTH:0.499571
G1 X139.385 Y144.943 E.00507
;WIDTH:0.449999
G1 X110.615 Y144.943 E.74962
;WIDTH:0.499571
G1 X110.443 Y144.968 E.00507
;WIDTH:0.549142
G1 X110.271 Y144.992 E.0056
;WIDTH:0.598713
G1 X110.098 Y145.017 E.00618
;WIDTH:0.648284
G1 X109.926 Y145.042 E.00668
G1 X103.594 Y145.042 E.24328
G1 X103.422 Y145.017 E.00668
;WIDTH:0.598713
G1 X103.249 Y144.992 E.00618
;WIDTH:0.549142
G1 X103.077 Y144.968 E.0056
;WIDTH:0.499571
G1 X102.905 Y144.943 E.00507
;WIDTH:0.449999
G1 X77.964 Y144.943 E.64986
G1 X77.765 Y144.911 E.00525
M73 Q91 S5
G1 X77.595 Y144.823 E.00499
G1 X77.391 Y144.57 E.00847
G1 X77.337 Y144.316 E.00677
G1 X77.337 Y83.684 E1.57981
G1 X77.385 Y83.443 E.0064
G1 X77.51 Y83.252 E.00595
G1 X77.749 Y83.095 E.00745
G1 X77.964 Y83.057 E.00569
G1 X174.036 Y83.057 E2.50323
G1 X174.239 Y83.091 E.00536
M73 P91 R5
G1 X174.468 Y83.23 E.00698
G1 X174.663 Y83.55 E.00976
G1 X174.663 Y144.316 E1.5833
G1 X174.638 Y144.49 E.00458
M73 Q91 S4
G1 X174.57 Y144.645 E.00441
G1 X174.515 Y144.709 E.0022
M204 S1000
G1 X174.181 Y144.455 F10800
M204 S800
;TYPE:External perimeter
G1 F1500
G1 X174.173 Y144.474 E.00054
G1 X174.036 Y144.525 E.00381
G1 X77.964 Y144.525 E2.50323
G1 X77.841 Y144.485 E.00337
M73 P91 R4
G1 X77.755 Y144.347 E.00424
G1 X77.755 Y83.684 E1.58062
G1 X77.813 Y83.54 E.00404
G1 X77.964 Y83.475 E.00428
G1 X174.036 Y83.475 E2.50323
G1 X174.18 Y83.533 E.00404
G1 X174.245 Y83.684 E.00428
G1 X174.245 Y144.316 E1.57981
G1 X174.206 Y144.4 E.00241
M204 S1000
;WIPE_START
G1 F8640
G1 X174.181 Y144.455 E-.01395
G1 X174.173 Y144.474 E-.00476
G1 X174.036 Y144.525 E-.03375
G1 X170.799 Y144.525 E-.74754
;WIPE_END
G1 Z3.45 F720
G1 X146.837 Y145.954 F10800
G1 Z3.05 F720
G1 E.8 F2100
M204 S800
;TYPE:Perimeter
G1 F2700
G1 X146.782 Y145.883 E.00234
;WIDTH:0.499571
G1 X146.688 Y145.826 E.0032
;WIDTH:0.549142
G1 X146.594 Y145.77 E.00353
;WIDTH:0.598713
G1 X146.5 Y145.714 E.00387
;WIDTH:0.648284
G1 X146.406 Y145.658 E.0042
G1 X140.074 Y145.658 E.24328
G1 X139.98 Y145.714 E.0042
;WIDTH:0.598713
G1 X139.886 Y145.77 E.00387
;WIDTH:0.549142
G1 X139.792 Y145.826 E.00353
;WIDTH:0.499571
G1 X139.698 Y145.883 E.0032
;WIDTH:0.449999
G1 X139.495 Y146.143 E.00859
G1 X139.447 Y146.384 E.0064
G1 X139.447 Y148.357 E.05141
G1 X110.553 Y148.357 E.75285
G1 X110.553 Y146.384 E.05141
G1 X110.505 Y146.143 E.0064
G1 X110.302 Y145.883 E.00859
;WIDTH:0.499571
G1 X110.208 Y145.826 E.0032
;WIDTH:0.549142
G1 X110.114 Y145.77 E.00353
;WIDTH:0.598713
G1 X110.02 Y145.714 E.00387
;WIDTH:0.648284
G1 X109.926 Y145.658 E.0042
G1 X103.594 Y145.658 E.24328
G1 X103.5 Y145.714 E.0042
;WIDTH:0.598713
G1 X103.406 Y145.77 E.00387
;WIDTH:0.549142
G1 X103.312 Y145.826 E.00353
;WIDTH:0.499571
G1 X103.218 Y145.883 E.0032
;WIDTH:0.449999
G1 X103.015 Y146.143 E.00859
G1 X102.967 Y146.384 E.0064
G1 X102.967 Y148.357 E.05141
G1 X72.427 Y148.357 E.79574
G1 X71.235 Y147.783 E.03447
G1 X70.923 Y146.891 E.02462
G1 X70.923 Y108.793 E.99267
G1 X72.896 Y108.793 E.05141
G1 X73.098 Y108.759 E.00534
G1 X73.327 Y108.621 E.00697
G1 X73.498 Y108.342 E.00853
G1 X73.523 Y108.166 E.00463
G1 X73.523 Y101.834 E.16498
G1 X73.428 Y101.502 E.009
G1 X73.213 Y101.293 E.00781
G1 X72.896 Y101.207 E.00856
G1 X70.923 Y101.207 E.05141
G1 X70.923 Y63.147 E.99168
G1 X71.497 Y61.955 E.03447
G1 X72.389 Y61.643 E.02462
G1 X102.967 Y61.643 E.79673
G1 X102.967 Y63.736 E.05453
G1 X103.12 Y64.026 E.00854
G1 X103.31 Y64.175 E.00629
G1 X103.594 Y64.243 E.00761
G1 X110.006 Y64.243 E.16707
G1 X110.29 Y64.126 E.008
G1 X110.491 Y63.888 E.00812
G1 X110.553 Y63.616 E.00727
G1 X110.553 Y61.643 E.05141
G1 X139.447 Y61.643 E.75285
G1 X139.447 Y63.736 E.05453
G1 X139.6 Y64.026 E.00854
G1 X139.79 Y64.175 E.00629
G1 X140.074 Y64.243 E.00761
G1 X146.486 Y64.243 E.16707
G1 X146.77 Y64.126 E.008
G1 X146.971 Y63.888 E.00812
G1 X147.033 Y63.616 E.00727
G1 X147.033 Y61.643 E.05141
G1 X177.573 Y61.643 E.79574
G1 X178.765 Y62.217 E.03447
G1 X179.077 Y63.109 E.02462
G1 X179.077 Y101.207 E.99267
G1 X177.104 Y101.207 E.05141
G1 X176.882 Y101.248 E.00588
G1 X176.696 Y101.358 E.00563
G1 X176.54 Y101.56 E.00665
G1 X176.477 Y101.834 E.00733
G1 X176.477 Y108.166 E.16498
G1 X176.54 Y108.44 E.00733
G1 X176.696 Y108.642 E.00665
G1 X176.882 Y108.752 E.00563
G1 X177.104 Y108.793 E.00588
G1 X179.077 Y108.793 E.05141
G1 X179.077 Y146.853 E.99168
G1 X178.503 Y148.045 E.03447
G1 X177.611 Y148.357 E.02462
G1 X147.033 Y148.357 E.79673
G1 X147.033 Y146.384 E.05141
G1 X146.985 Y146.143 E.0064
G1 X146.874 Y146.001 E.0047
M204 S1000
G1 X146.547 Y146.248 F10800
M204 S800
;TYPE:External perimeter
G1 F1500
G1 X146.531 Y146.217 E.00091
G1 X146.406 Y146.175 E.00344
G1 X140.074 Y146.175 E.16498
G1 X139.949 Y146.217 E.00344
G1 X139.865 Y146.384 E.00487
G1 X139.865 Y148.775 E.0623
G1 X110.135 Y148.775 E.77464
G1 X110.135 Y146.384 E.0623
G1 X110.051 Y146.217 E.00487
G1 X109.926 Y146.175 E.00344
G1 X103.594 Y146.175 E.16498
G1 X103.469 Y146.217 E.00344
G1 X103.385 Y146.384 E.00487
G1 X103.385 Y148.775 E.0623
G1 X72.331 Y148.775 E.80913
G1 X70.898 Y148.085 E.04144
G1 X70.505 Y146.962 E.031
G1 X70.505 Y108.375 E1.00541
G1 X72.896 Y108.375 E.0623
M73 Q92 S4
G1 X73.04 Y108.318 E.00404
G1 X73.105 Y108.166 E.00431
G1 X73.105 Y101.834 E.16498
G1 X73.04 Y101.682 E.00431
G1 X72.896 Y101.625 E.00404
G1 X70.505 Y101.625 E.0623
G1 X70.505 Y63.051 E1.00507
G1 X71.195 Y61.618 E.04144
G1 X72.318 Y61.225 E.031
G1 X103.385 Y61.225 E.80947
G1 X103.385 Y63.616 E.0623
M73 P92 R4
G1 X103.449 Y63.767 E.00427
G1 X103.594 Y63.825 E.00407
G1 X109.926 Y63.825 E.16498
G1 X110.071 Y63.767 E.00407
G1 X110.135 Y63.616 E.00427
G1 X110.135 Y61.225 E.0623
G1 X139.865 Y61.225 E.77464
G1 X139.865 Y63.616 E.0623
G1 X139.929 Y63.767 E.00427
G1 X140.074 Y63.825 E.00407
G1 X146.406 Y63.825 E.16498
G1 X146.551 Y63.767 E.00407
G1 X146.615 Y63.616 E.00427
G1 X146.615 Y61.225 E.0623
G1 X177.669 Y61.225 E.80913
G1 X179.102 Y61.915 E.04144
G1 X179.495 Y63.038 E.031
G1 X179.495 Y101.625 E1.00541
G1 X177.104 Y101.625 E.0623
G1 X176.968 Y101.675 E.00378
G1 X176.895 Y101.834 E.00456
G1 X176.895 Y108.166 E.16498
G1 X176.968 Y108.325 E.00456
G1 X177.104 Y108.375 E.00378
G1 X179.495 Y108.375 E.0623
G1 X179.495 Y146.949 E1.00507
G1 X178.805 Y148.382 E.04144
G1 X177.682 Y148.775 E.031
G1 X146.615 Y148.775 E.80947
G1 X146.615 Y146.384 E.0623
G1 X146.574 Y146.301 E.00241
M204 S1000
;WIPE_START
G1 F8640
G1 X146.547 Y146.248 E-.01373
G1 X146.531 Y146.217 E-.00806
G1 X146.406 Y146.175 E-.03045
G1 X143.168 Y146.175 E-.74776
;WIPE_END
G1 Z3.45 F720
G1 X139.283 Y147.445 F10800
G1 Z3.05 F720
G1 E.8 F2100
;TYPE:Top solid infill
;WIDTH:0.401723
G1 F2400
G1 X138.535 Y148.193 E.02438
G1 X138.013 Y148.193 F10800
G1 F2400
G1 X139.283 Y146.923 E.04139
G1 X139.283 Y146.4 F10800
G1 F2400
G1 X137.49 Y148.193 E.05844
G1 X136.968 Y148.193 F10800
G1 F2400
G1 X139.914 Y145.246 E.09603
G1 X139.518 Y145.119 F10800
G1 F2400
G1 X136.445 Y148.193 E.10017
G1 X135.922 Y148.193 F10800
G1 F2400
G1 X139.008 Y145.107 E.10057
G1 X138.485 Y145.107 F10800
G1 F2400
G1 X135.4 Y148.193 E.10056
G1 X134.877 Y148.193 F10800
G1 F2400
G1 X137.962 Y145.107 E.10056
G1 X137.44 Y145.107 F10800
G1 F2400
G1 X134.355 Y148.193 E.10056
G1 X133.832 Y148.193 F10800
G1 F2400
G1 X136.917 Y145.107 E.10056
G1 X136.395 Y145.107 F10800
G1 F2400
G1 X133.309 Y148.193 E.10057
G1 X132.787 Y148.193 F10800
G1 F2400
G1 X135.872 Y145.107 E.10056
G1 X135.349 Y145.107 F10800
G1 F2400
G1 X132.264 Y148.193 E.10056
G1 X131.742 Y148.193 F10800
G1 F2400
G1 X134.827 Y145.107 E.10056
G1 X134.304 Y145.107 F10800
G1 F2400
G1 X131.219 Y148.193 E.10056
G1 X130.696 Y148.193 F10800
G1 F2400
G1 X133.782 Y145.107 E.10057
G1 X133.259 Y145.107 F10800
G1 F2400
G1 X130.174 Y148.193 E.10056
G1 X129.651 Y148.193 F10800
G1 F2400
G1 X132.736 Y145.107 E.10056
G1 X132.214 Y145.107 F10800
G1 F2400
G1 X129.129 Y148.193 E.10056
G1 X128.606 Y148.193 F10800
G1 F2400
G1 X131.691 Y145.107 E.10056
G1 X131.169 Y145.107 F10800
G1 F2400
G1 X128.083 Y148.193 E.10057
G1 X127.561 Y148.193 F10800
G1 F2400
G1 X130.646 Y145.107 E.10056
G1 X130.123 Y145.107 F10800
G1 F2400
G1 X127.038 Y148.193 E.10056
G1 X126.516 Y148.193 F10800
G1 F2400
G1 X129.601 Y145.107 E.10056
G1 X129.078 Y145.107 F10800
G1 F2400
G1 X125.993 Y148.193 E.10056
G1 X125.47 Y148.193 F10800
G1 F2400
G1 X128.556 Y145.107 E.10057
G1 X128.033 Y145.107 F10800
G1 F2400
G1 X124.948 Y148.193 E.10056
G1 X124.425 Y148.193 F10800
G1 F2400
G1 X127.51 Y145.107 E.10056
G1 X126.988 Y145.107 F10800
G1 F2400
G1 X123.903 Y148.193 E.10056
G1 X123.38 Y148.193 F10800
G1 F2400
G1 X126.465 Y145.107 E.10056
G1 X125.943 Y145.107 F10800
G1 F2400
G1 X122.857 Y148.193 E.10057
G1 X122.335 Y148.193 F10800
G1 F2400
G1 X125.42 Y145.107 E.10056
G1 X124.897 Y145.107 F10800
G1 F2400
G1 X121.812 Y148.193 E.10056
G1 X121.29 Y148.193 F10800
G1 F2400
G1 X124.375 Y145.107 E.10056
G1 X123.852 Y145.107 F10800
G1 F2400
G1 X120.767 Y148.193 E.10056
G1 X120.244 Y148.193 F10800
G1 F2400
G1 X123.33 Y145.107 E.10057
G1 X122.807 Y145.107 F10800
G1 F2400
G1 X119.722 Y148.193 E.10056
G1 X119.199 Y148.193 F10800
G1 F2400
G1 X122.284 Y145.107 E.10056
G1 X121.762 Y145.107 F10800
G1 F2400
G1 X118.677 Y148.193 E.10056
G1 X118.154 Y148.193 F10800
G1 F2400
G1 X121.239 Y145.107 E.10056
G1 X120.717 Y145.107 F10800
G1 F2400
G1 X117.631 Y148.193 E.10057
G1 X117.109 Y148.193 F10800
G1 F2400
G1 X120.194 Y145.107 E.10056
G1 X119.671 Y145.107 F10800
G1 F2400
G1 X116.586 Y148.193 E.10056
G1 X116.064 Y148.193 F10800
G1 F2400
G1 X119.149 Y145.107 E.10056
G1 X118.626 Y145.107 F10800
G1 F2400
G1 X115.541 Y148.193 E.10056
G1 X115.018 Y148.193 F10800
G1 F2400
G1 X118.104 Y145.107 E.10057
G1 X117.581 Y145.107 F10800
G1 F2400
G1 X114.496 Y148.193 E.10056
G1 X113.973 Y148.193 F10800
G1 F2400
G1 X117.058 Y145.107 E.10056
G1 X116.536 Y145.107 F10800
G1 F2400
G1 X113.451 Y148.193 E.10056
G1 X112.928 Y148.193 F10800
G1 F2400
G1 X116.013 Y145.107 E.10056
G1 X115.491 Y145.107 F10800
G1 F2400
G1 X112.405 Y148.193 E.10057
G1 X111.883 Y148.193 F10800
G1 F2400
G1 X114.968 Y145.107 E.10056
G1 X114.445 Y145.107 F10800
G1 F2400
G1 X111.36 Y148.193 E.10056
G1 X110.838 Y148.193 F10800
G1 F2400
G1 X113.923 Y145.107 E.10056
G1 X113.4 Y145.107 F10800
G1 F2400
G1 X110.717 Y147.79 E.08744
G1 X110.717 Y147.268 F10800
G1 F2400
G1 X112.878 Y145.107 E.07043
G1 X112.355 Y145.107 F10800
G1 F2400
G1 X110.717 Y146.745 E.05338
G1 X110.69 Y146.25 F10800
G1 F2400
G1 X111.832 Y145.107 E.03723
G1 X111.31 Y145.107 F10800
G1 F2400
G1 X110.516 Y145.901 E.02588
G1 X110.252 Y145.642 F10800
G1 F2400
G1 X110.787 Y145.107 E.01744
;WIPE_START
G1 F8640
G1 X110.252 Y145.642 E-.1747
;WIPE_END
G1 E-.6253 F2100
G1 Z3.45 F720
G1 X177.351 Y148.193 F10800
G1 Z3.05 F720
G1 E.8 F2100
;WIDTH:0.400362
G1 F2400
G1 X178.913 Y146.631 E.05072
G1 X178.913 Y146.11 F10800
G1 F2400
G1 X176.83 Y148.193 E.06764
G1 X176.31 Y148.193 F10800
G1 F2400
G1 X178.913 Y145.59 E.08452
G1 X178.913 Y145.069 F10800
G1 F2400
G1 X175.789 Y148.193 E.10144
G1 X175.268 Y148.193 F10800
G1 F2400
G1 X178.913 Y144.548 E.11836
G1 X178.913 Y144.028 F10800
G1 F2400
G1 X174.748 Y148.193 E.13524
G1 X174.227 Y148.193 F10800
G1 F2400
G1 X178.913 Y143.507 E.15216
G1 X178.913 Y142.986 F10800
G1 F2400
G1 X173.706 Y148.193 E.16907
G1 X173.186 Y148.193 F10800
G1 F2400
G1 X178.913 Y142.466 E.18596
G1 X178.913 Y141.945 F10800
G1 F2400
G1 X172.665 Y148.193 E.20288
G1 X172.144 Y148.193 F10800
G1 F2400
G1 X178.913 Y141.424 E.21979
G1 X178.913 Y140.904 F10800
G1 F2400
G1 X171.624 Y148.193 E.23668
G1 X171.103 Y148.193 F10800
G1 F2400
G1 X174.211 Y145.085 E.10092
G1 X173.668 Y145.107 F10800
G1 F2400
G1 X170.582 Y148.193 E.1002
G1 X170.062 Y148.193 F10800
G1 F2400
G1 X173.147 Y145.107 E.10019
G1 X172.626 Y145.107 F10800
G1 F2400
G1 X169.541 Y148.193 E.10019
G1 X169.02 Y148.193 F10800
G1 F2400
G1 X172.105 Y145.107 E.10019
G1 X171.585 Y145.107 F10800
G1 F2400
G1 X168.5 Y148.193 E.10019
G1 X167.979 Y148.193 F10800
G1 F2400
G1 X171.064 Y145.107 E.10019
G1 X170.543 Y145.107 F10800
G1 F2400
G1 X167.458 Y148.193 E.10019
G1 X166.938 Y148.193 F10800
G1 F2400
G1 X170.023 Y145.107 E.10019
G1 X169.502 Y145.107 F10800
G1 F2400
G1 X166.417 Y148.193 E.10019
G1 X165.896 Y148.193 F10800
G1 F2400
G1 X168.981 Y145.107 E.10019
G1 X168.461 Y145.107 F10800
G1 F2400
G1 X165.376 Y148.193 E.10019
G1 X164.855 Y148.193 F10800
G1 F2400
G1 X167.94 Y145.107 E.10019
G1 X167.419 Y145.107 F10800
G1 F2400
G1 X164.334 Y148.193 E.10019
G1 X163.814 Y148.193 F10800
G1 F2400
G1 X166.899 Y145.107 E.10019
G1 X166.378 Y145.107 F10800
G1 F2400
G1 X163.293 Y148.193 E.10019
G1 X162.772 Y148.193 F10800
G1 F2400
G1 X165.857 Y145.107 E.10019
G1 X165.337 Y145.107 F10800
G1 F2400
G1 X162.252 Y148.193 E.10019
G1 X161.731 Y148.193 F10800
G1 F2400
G1 X164.816 Y145.107 E.10019
G1 X164.295 Y145.107 F10800
G1 F2400
G1 X161.21 Y148.193 E.10019
G1 X160.69 Y148.193 F10800
G1 F2400
G1 X163.775 Y145.107 E.10019
G1 X163.254 Y145.107 F10800
G1 F2400
G1 X160.169 Y148.193 E.10019
G1 X159.648 Y148.193 F10800
G1 F2400
G1 X162.733 Y145.107 E.10019
G1 X162.213 Y145.107 F10800
G1 F2400
G1 X159.128 Y148.193 E.10019
G1 X158.607 Y148.193 F10800
G1 F2400
G1 X161.692 Y145.107 E.10019
G1 X161.171 Y145.107 F10800
G1 F2400
G1 X158.086 Y148.193 E.10019
G1 X157.566 Y148.193 F10800
G1 F2400
G1 X160.651 Y145.107 E.10019
G1 X160.13 Y145.107 F10800
G1 F2400
G1 X157.045 Y148.193 E.10019
G1 X156.524 Y148.193 F10800
G1 F2400
G1 X159.609 Y145.107 E.10019
G1 X159.089 Y145.107 F10800
G1 F2400
G1 X156.003 Y148.193 E.1002
G1 X155.483 Y148.193 F10800
G1 F2400
G1 X158.568 Y145.107 E.10019
G1 X158.047 Y145.107 F10800
G1 F2400
G1 X154.962 Y148.193 E.10019
G1 X154.441 Y148.193 F10800
G1 F2400
G1 X157.527 Y145.107 E.1002
G1 X157.006 Y145.107 F10800
G1 F2400
G1 X153.921 Y148.193 E.10019
G1 X153.4 Y148.193 F10800
G1 F2400
G1 X156.485 Y145.107 E.10019
G1 X155.965 Y145.107 F10800
M73 Q92 S3
G1 F2400
G1 X152.879 Y148.193 E.1002
G1 X152.359 Y148.193 F10800
G1 F2400
G1 X155.444 Y145.107 E.10019
G1 X154.923 Y145.107 F10800
G1 F2400
G1 X151.838 Y148.193 E.10019
G1 X151.317 Y148.193 F10800
G1 F2400
G1 X154.403 Y145.107 E.1002
G1 X153.882 Y145.107 F10800
M73 P92 R3
G1 F2400
G1 X150.797 Y148.193 E.10019
G1 X150.276 Y148.193 F10800
G1 F2400
G1 X153.361 Y145.107 E.10019
G1 X152.841 Y145.107 F10800
G1 F2400
G1 X149.755 Y148.193 E.1002
G1 X149.235 Y148.193 F10800
G1 F2400
G1 X152.32 Y145.107 E.10019
G1 X151.799 Y145.107 F10800
G1 F2400
G1 X148.714 Y148.193 E.10019
G1 X148.193 Y148.193 F10800
G1 F2400
G1 X151.279 Y145.107 E.1002
G1 X150.758 Y145.107 F10800
G1 F2400
G1 X147.673 Y148.193 E.10019
G1 X147.197 Y148.147 F10800
G1 F2400
G1 X150.237 Y145.107 E.09871
G1 X149.717 Y145.107 F10800
G1 F2400
G1 X147.197 Y147.627 E.08183
G1 X147.197 Y147.106 F10800
G1 F2400
G1 X149.196 Y145.107 E.06491
G1 X148.675 Y145.107 F10800
G1 F2400
G1 X147.197 Y146.585 E.04799
G1 X147.143 Y146.118 F10800
G1 F2400
G1 X148.154 Y145.107 E.03283
G1 X147.634 Y145.107 F10800
G1 F2400
G1 X146.928 Y145.814 E.02294
G1 X146.643 Y145.578 F10800
G1 F2400
G1 X147.113 Y145.107 E.01528
;WIPE_START
G1 F8640
G1 X146.643 Y145.578 E-.15364
;WIPE_END
G1 E-.64636 F2100
G1 Z3.45 F720
G1 X174.802 Y144.494 F10800
G1 Z3.05 F720
M73 Q93 S3
G1 E.8 F2100
G1 F2400
G1 X178.913 Y140.383 E.13349
G1 X178.913 Y139.862 F10800
G1 F2400
G1 X174.827 Y143.948 E.13268
G1 X174.827 Y143.427 F10800
G1 F2400
G1 X178.913 Y139.342 E.13266
G1 X178.913 Y138.821 F10800
G1 F2400
G1 X174.827 Y142.906 E.13266
G1 X174.827 Y142.386 F10800
G1 F2400
G1 X178.913 Y138.3 E.13268
G1 X178.913 Y137.78 F10800
G1 F2400
G1 X174.827 Y141.865 E.13266
G1 X174.827 Y141.344 F10800
G1 F2400
G1 X178.913 Y137.259 E.13266
G1 X178.913 Y136.738 F10800
G1 F2400
G1 X174.827 Y140.823 E.13266
G1 X174.827 Y140.303 F10800
G1 F2400
G1 X178.913 Y136.218 E.13266
G1 X178.913 Y135.697 F10800
M73 P93 R3
G1 F2400
G1 X174.827 Y139.782 E.13266
G1 X174.827 Y139.261 F10800
G1 F2400
G1 X178.913 Y135.176 E.13266
G1 X178.913 Y134.656 F10800
G1 F2400
G1 X174.827 Y138.741 E.13266
G1 X174.827 Y138.22 F10800
G1 F2400
G1 X178.913 Y134.135 E.13266
G1 X178.913 Y133.614 F10800
G1 F2400
G1 X174.827 Y137.699 E.13266
G1 X174.827 Y137.179 F10800
G1 F2400
G1 X178.913 Y133.094 E.13266
G1 X178.913 Y132.573 F10800
G1 F2400
G1 X174.827 Y136.658 E.13266
G1 X174.827 Y136.137 F10800
G1 F2400
G1 X178.913 Y132.052 E.13266
G1 X178.913 Y131.532 F10800
G1 F2400
G1 X174.827 Y135.617 E.13266
G1 X174.827 Y135.096 F10800
G1 F2400
G1 X178.913 Y131.011 E.13266
G1 X178.913 Y130.49 F10800
G1 F2400
G1 X174.827 Y134.575 E.13266
G1 X174.827 Y134.055 F10800
G1 F2400
G1 X178.913 Y129.97 E.13266
G1 X178.913 Y129.449 F10800
G1 F2400
G1 X174.827 Y133.534 E.13266
G1 X174.827 Y133.013 F10800
G1 F2400
G1 X178.913 Y128.928 E.13266
G1 X178.913 Y128.408 F10800
G1 F2400
G1 X174.827 Y132.493 E.13266
G1 X174.827 Y131.972 F10800
G1 F2400
G1 X178.913 Y127.887 E.13266
G1 X178.913 Y127.366 F10800
G1 F2400
G1 X174.827 Y131.451 E.13266
G1 X174.827 Y130.931 F10800
G1 F2400
G1 X178.913 Y126.846 E.13266
G1 X178.913 Y126.325 F10800
G1 F2400
G1 X174.827 Y130.41 E.13266
G1 X174.827 Y129.889 F10800
G1 F2400
G1 X178.913 Y125.804 E.13266
G1 X178.913 Y125.284 F10800
G1 F2400
G1 X174.827 Y129.369 E.13266
G1 X174.827 Y128.848 F10800
G1 F2400
G1 X178.913 Y124.763 E.13266
G1 X178.913 Y124.242 F10800
G1 F2400
G1 X174.827 Y128.327 E.13266
G1 X174.827 Y127.807 F10800
G1 F2400
G1 X178.913 Y123.721 E.13268
G1 X178.913 Y123.201 F10800
G1 F2400
G1 X174.827 Y127.286 E.13266
G1 X174.827 Y126.765 F10800
G1 F2400
G1 X178.913 Y122.68 E.13266
G1 X178.913 Y122.159 F10800
G1 F2400
G1 X174.827 Y126.245 E.13268
G1 X174.827 Y125.724 F10800
G1 F2400
G1 X178.913 Y121.639 E.13266
G1 X178.913 Y121.118 F10800
G1 F2400
G1 X174.827 Y125.203 E.13266
G1 X174.827 Y124.683 F10800
G1 F2400
G1 X178.913 Y120.597 E.13268
G1 X178.913 Y120.077 F10800
G1 F2400
G1 X174.827 Y124.162 E.13266
G1 X174.827 Y123.641 F10800
G1 F2400
G1 X178.913 Y119.556 E.13266
G1 X178.913 Y119.035 F10800
G1 F2400
G1 X174.827 Y123.121 E.13268
G1 X174.827 Y122.6 F10800
G1 F2400
G1 X178.913 Y118.515 E.13266
G1 X178.913 Y117.994 F10800
G1 F2400
G1 X174.827 Y122.079 E.13266
G1 X174.827 Y121.559 F10800
G1 F2400
G1 X178.913 Y117.473 E.13268
G1 X178.913 Y116.953 F10800
G1 F2400
G1 X174.827 Y121.038 E.13266
G1 X174.827 Y120.517 F10800
G1 F2400
G1 X178.913 Y116.432 E.13266
G1 X178.913 Y115.911 F10800
G1 F2400
G1 X174.827 Y119.997 E.13268
G1 X174.827 Y119.476 F10800
G1 F2400
G1 X178.913 Y115.391 E.13266
G1 X178.913 Y114.87 F10800
G1 F2400
G1 X174.827 Y118.955 E.13266
G1 X174.827 Y118.435 F10800
G1 F2400
G1 X178.913 Y114.349 E.13268
G1 X178.913 Y113.829 F10800
G1 F2400
G1 X174.827 Y117.914 E.13266
G1 X174.827 Y117.393 F10800
G1 F2400
G1 X178.913 Y113.308 E.13266
G1 X178.913 Y112.787 F10800
G1 F2400
G1 X174.827 Y116.872 E.13266
G1 X174.827 Y116.352 F10800
G1 F2400
G1 X178.913 Y112.267 E.13266
G1 X178.913 Y111.746 F10800
G1 F2400
G1 X174.827 Y115.831 E.13266
G1 X174.827 Y115.31 F10800
G1 F2400
G1 X178.913 Y111.225 E.13266
G1 X178.913 Y110.705 F10800
G1 F2400
G1 X174.827 Y114.79 E.13266
G1 X174.827 Y114.269 F10800
G1 F2400
G1 X178.913 Y110.184 E.13266
G1 X178.913 Y109.663 F10800
G1 F2400
G1 X174.827 Y113.748 E.13266
G1 X174.827 Y113.228 F10800
G1 F2400
G1 X178.913 Y109.143 E.13266
G1 X178.578 Y108.957 F10800
G1 F2400
G1 X174.827 Y112.707 E.12178
G1 X174.827 Y112.186 F10800
G1 F2400
G1 X178.058 Y108.956 E.1049
G1 X177.538 Y108.955 F10800
G1 F2400
G1 X174.827 Y111.666 E.08803
G1 X174.827 Y111.145 F10800
G1 F2400
G1 X177.022 Y108.951 E.07126
G1 X176.65 Y108.802 F10800
G1 F2400
G1 X174.827 Y110.624 E.05918
G1 X174.827 Y110.104 F10800
G1 F2400
G1 X176.405 Y108.527 E.05122
G1 X176.313 Y108.098 F10800
G1 F2400
G1 X174.827 Y109.583 E.04824
G1 X174.827 Y109.062 F10800
G1 F2400
G1 X176.313 Y107.577 E.04824
G1 X176.313 Y107.057 F10800
G1 F2400
G1 X174.827 Y108.542 E.04824
G1 X174.827 Y108.021 F10800
G1 F2400
G1 X176.313 Y106.536 E.04824
G1 X176.313 Y106.015 F10800
G1 F2400
G1 X174.827 Y107.5 E.04824
G1 X174.827 Y106.98 F10800
G1 F2400
G1 X176.313 Y105.495 E.04824
G1 X176.313 Y104.974 F10800
G1 F2400
G1 X174.827 Y106.459 E.04824
G1 X174.827 Y105.938 F10800
G1 F2400
G1 X176.313 Y104.453 E.04824
G1 X176.313 Y103.933 F10800
G1 F2400
G1 X174.827 Y105.418 E.04824
G1 X174.827 Y104.897 F10800
G1 F2400
G1 X176.313 Y103.412 E.04824
G1 X176.313 Y102.891 F10800
G1 F2400
G1 X174.827 Y104.376 E.04824
G1 X174.827 Y103.856 F10800
G1 F2400
G1 X176.313 Y102.37 E.04825
G1 X176.313 Y101.85 F10800
G1 F2400
G1 X174.827 Y103.335 E.04824
;WIPE_START
G1 F8640
G1 X176.313 Y101.85 E-.48508
;WIPE_END
G1 E-.31492 F2100
G1 Z3.45 F720
G1 X178.161 Y101.043 F10800
G1 Z3.05 F720
G1 E.8 F2100
G1 F2400
G1 X178.913 Y100.291 E.02442
G1 X178.913 Y99.77 F10800
G1 F2400
G1 X177.64 Y101.043 E.04134
G1 X177.12 Y101.043 F10800
G1 F2400
G1 X178.913 Y99.25 E.05822
G1 X178.913 Y98.729 F10800
G1 F2400
G1 X174.827 Y102.814 E.13266
G1 X174.827 Y102.294 F10800
G1 F2400
G1 X178.913 Y98.208 E.13268
G1 X178.913 Y97.688 F10800
G1 F2400
G1 X174.827 Y101.773 E.13266
G1 X174.827 Y101.252 F10800
G1 F2400
G1 X178.913 Y97.167 E.13266
G1 X178.913 Y96.646 F10800
G1 F2400
G1 X174.827 Y100.732 E.13268
G1 X174.827 Y100.211 F10800
G1 F2400
G1 X178.913 Y96.126 E.13266
G1 X178.913 Y95.605 F10800
G1 F2400
G1 X174.827 Y99.69 E.13266
G1 X174.827 Y99.17 F10800
G1 F2400
G1 X178.913 Y95.084 E.13268
G1 X178.913 Y94.564 F10800
G1 F2400
G1 X174.827 Y98.649 E.13266
G1 X174.827 Y98.128 F10800
G1 F2400
G1 X178.913 Y94.043 E.13266
G1 X178.913 Y93.522 F10800
G1 F2400
G1 X174.827 Y97.608 E.13268
G1 X174.827 Y97.087 F10800
G1 F2400
G1 X178.913 Y93.002 E.13266
G1 X178.913 Y92.481 F10800
G1 F2400
G1 X174.827 Y96.566 E.13266
G1 X174.827 Y96.046 F10800
G1 F2400
G1 X178.913 Y91.96 E.13268
G1 X178.913 Y91.44 F10800
G1 F2400
G1 X174.827 Y95.525 E.13266
G1 X174.827 Y95.004 F10800
G1 F2400
G1 X178.913 Y90.919 E.13266
G1 X178.913 Y90.398 F10800
G1 F2400
G1 X174.827 Y94.484 E.13268
G1 X174.827 Y93.963 F10800
G1 F2400
G1 X178.913 Y89.878 E.13266
G1 X178.913 Y89.357 F10800
G1 F2400
G1 X174.827 Y93.442 E.13266
G1 X174.827 Y92.921 F10800
G1 F2400
G1 X178.913 Y88.836 E.13266
G1 X178.913 Y88.316 F10800
G1 F2400
G1 X174.827 Y92.401 E.13266
G1 X174.827 Y91.88 F10800
G1 F2400
G1 X178.913 Y87.795 E.13266
G1 X178.913 Y87.274 F10800
G1 F2400
G1 X174.827 Y91.359 E.13266
G1 X174.827 Y90.839 F10800
G1 F2400
G1 X178.913 Y86.754 E.13266
G1 X178.913 Y86.233 F10800
G1 F2400
G1 X174.827 Y90.318 E.13266
G1 X174.827 Y89.797 F10800
G1 F2400
G1 X178.913 Y85.712 E.13266
G1 X178.913 Y85.192 F10800
G1 F2400
G1 X174.827 Y89.277 E.13266
G1 X174.827 Y88.756 F10800
G1 F2400
G1 X178.913 Y84.671 E.13266
G1 X178.913 Y84.15 F10800
G1 F2400
G1 X174.827 Y88.235 E.13266
G1 X174.827 Y87.715 F10800
G1 F2400
G1 X178.913 Y83.63 E.13266
G1 X178.913 Y83.109 F10800
G1 F2400
G1 X174.827 Y87.194 E.13266
G1 X174.827 Y86.673 F10800
G1 F2400
G1 X178.913 Y82.588 E.13266
G1 X178.913 Y82.068 F10800
G1 F2400
G1 X174.827 Y86.153 E.13266
G1 X174.827 Y85.632 F10800
G1 F2400
G1 X178.913 Y81.547 E.13266
G1 X178.913 Y81.026 F10800
G1 F2400
G1 X174.827 Y85.111 E.13266
G1 X174.827 Y84.591 F10800
G1 F2400
G1 X178.913 Y80.506 E.13266
G1 X178.913 Y79.985 F10800
G1 F2400
G1 X174.827 Y84.07 E.13266
G1 X174.81 Y83.567 F10800
G1 F2400
G1 X178.913 Y79.464 E.13323
G1 X178.913 Y78.944 F10800
G1 F2400
G1 X174.655 Y83.201 E.13824
G1 X174.366 Y82.969 F10800
G1 F2400
G1 X178.913 Y78.423 E.14763
G1 X178.913 Y77.902 F10800
G1 F2400
G1 X173.922 Y82.893 E.16206
G1 X173.402 Y82.893 F10800
G1 F2400
G1 X178.913 Y77.382 E.17895
G1 X178.913 Y76.861 F10800
G1 F2400
G1 X172.881 Y82.893 E.19586
G1 X172.36 Y82.893 F10800
G1 F2400
G1 X178.913 Y76.34 E.21278
G1 X178.913 Y75.819 F10800
G1 F2400
G1 X171.839 Y82.893 E.2297
G1 X171.319 Y82.893 F10800
G1 F2400
G1 X178.913 Y75.299 E.24658
G1 X178.913 Y74.778 F10800
G1 F2400
G1 X170.798 Y82.893 E.2635
G1 X170.277 Y82.893 F10800
G1 F2400
G1 X178.913 Y74.257 E.28042
G1 X178.913 Y73.737 F10800
G1 F2400
G1 X169.757 Y82.893 E.2973
G1 X169.236 Y82.893 F10800
G1 F2400
G1 X178.913 Y73.216 E.31422
G1 X178.913 Y72.695 F10800
G1 F2400
G1 X168.715 Y82.893 E.33114
G1 X168.195 Y82.893 F10800
G1 F2400
G1 X178.913 Y72.175 E.34802
G1 X178.913 Y71.654 F10800
G1 F2400
G1 X167.674 Y82.893 E.36494
G1 X167.153 Y82.893 F10800
G1 F2400
G1 X178.913 Y71.133 E.38185
G1 X178.913 Y70.613 F10800
G1 F2400
G1 X166.633 Y82.893 E.39874
G1 X166.112 Y82.893 F10800
G1 F2400
G1 X178.913 Y70.092 E.41566
G1 X178.913 Y69.571 F10800
G1 F2400
G1 X165.591 Y82.893 E.43257
G1 X165.071 Y82.893 F10800
G1 F2400
G1 X178.913 Y69.051 E.44946
G1 X178.913 Y68.53 F10800
G1 F2400
G1 X164.55 Y82.893 E.46638
G1 X164.029 Y82.893 F10800
G1 F2400
G1 X178.913 Y68.009 E.48329
G1 X178.913 Y67.489 F10800
G1 F2400
G1 X163.509 Y82.893 E.50018
G1 X162.988 Y82.893 F10800
G1 F2400
G1 X178.913 Y66.968 E.5171
G1 X178.913 Y66.447 F10800
G1 F2400
G1 X162.467 Y82.893 E.53401
G1 X161.947 Y82.893 F10800
G1 F2400
G1 X178.913 Y65.927 E.5509
G1 X178.913 Y65.406 F10800
M73 Q94 S3
G1 F2400
G1 X161.426 Y82.893 E.56781
G1 X160.905 Y82.893 F10800
G1 F2400
G1 X178.913 Y64.885 E.58473
G1 X178.913 Y64.365 F10800
G1 F2400
G1 X160.385 Y82.893 E.60162
G1 X159.864 Y82.893 F10800
M73 P94 R3
G1 F2400
G1 X178.913 Y63.844 E.61853
G1 X178.913 Y63.323 F10800
G1 F2400
G1 X159.343 Y82.893 E.63545
G1 X158.823 Y82.893 F10800
G1 F2400
G1 X178.826 Y62.889 E.64953
G1 X178.691 Y62.504 F10800
G1 F2400
G1 X158.302 Y82.893 E.66204
G1 X157.781 Y82.893 F10800
G1 F2400
G1 X178.434 Y62.24 E.67062
G1 X178.083 Y62.071 F10800
G1 F2400
G1 X157.261 Y82.893 E.6761
G1 X156.74 Y82.893 F10800
G1 F2400
G1 X177.731 Y61.901 E.68161
G1 X177.304 Y61.807 F10800
G1 F2400
G1 X156.219 Y82.893 E.68466
G1 X155.699 Y82.893 F10800
G1 F2400
G1 X176.784 Y61.807 E.68466
G1 X176.263 Y61.807 F10800
G1 F2400
G1 X155.178 Y82.893 E.68466
G1 X154.657 Y82.893 F10800
G1 F2400
G1 X175.742 Y61.807 E.68466
G1 X175.222 Y61.807 F10800
G1 F2400
G1 X154.137 Y82.893 E.68466
G1 X153.616 Y82.893 F10800
G1 F2400
G1 X174.701 Y61.807 E.68466
G1 X174.18 Y61.807 F10800
G1 F2400
G1 X153.095 Y82.893 E.68466
G1 X152.575 Y82.893 F10800
G1 F2400
G1 X173.66 Y61.807 E.68466
G1 X173.139 Y61.807 F10800
G1 F2400
G1 X152.054 Y82.893 E.68466
G1 X151.533 Y82.893 F10800
G1 F2400
G1 X172.618 Y61.807 E.68466
G1 X172.098 Y61.807 F10800
G1 F2400
G1 X151.013 Y82.893 E.68466
G1 X150.492 Y82.893 F10800
G1 F2400
G1 X171.577 Y61.807 E.68466
G1 X171.056 Y61.807 F10800
G1 F2400
G1 X149.971 Y82.893 E.68466
G1 X149.451 Y82.893 F10800
G1 F2400
G1 X170.536 Y61.807 E.68466
G1 X170.015 Y61.807 F10800
G1 F2400
G1 X148.93 Y82.893 E.68466
G1 X148.409 Y82.893 F10800
G1 F2400
G1 X169.494 Y61.807 E.68466
G1 X168.974 Y61.807 F10800
G1 F2400
G1 X147.888 Y82.893 E.68468
G1 X147.368 Y82.893 F10800
G1 F2400
G1 X168.453 Y61.807 E.68466
G1 X167.932 Y61.807 F10800
G1 F2400
G1 X146.847 Y82.893 E.68466
G1 X146.326 Y82.893 F10800
G1 F2400
G1 X167.412 Y61.807 E.68468
G1 X166.891 Y61.807 F10800
M73 Q94 S2
G1 F2400
G1 X145.806 Y82.893 E.68466
G1 X145.285 Y82.893 F10800
M73 P94 R2
G1 F2400
G1 X166.37 Y61.807 E.68466
G1 X165.85 Y61.807 F10800
G1 F2400
G1 X144.764 Y82.893 E.68468
G1 X144.244 Y82.893 F10800
G1 F2400
G1 X165.329 Y61.807 E.68466
G1 X164.808 Y61.807 F10800
G1 F2400
G1 X143.723 Y82.893 E.68466
G1 X143.202 Y82.893 F10800
G1 F2400
G1 X164.288 Y61.807 E.68468
G1 X163.767 Y61.807 F10800
G1 F2400
G1 X142.682 Y82.893 E.68466
G1 X142.161 Y82.893 F10800
G1 F2400
G1 X163.246 Y61.807 E.68466
G1 X162.726 Y61.807 F10800
G1 F2400
G1 X141.64 Y82.893 E.68468
G1 X141.12 Y82.893 F10800
G1 F2400
G1 X162.205 Y61.807 E.68466
G1 X161.684 Y61.807 F10800
G1 F2400
G1 X140.599 Y82.893 E.68466
G1 X140.078 Y82.893 F10800
G1 F2400
G1 X161.164 Y61.807 E.68468
G1 X160.643 Y61.807 F10800
G1 F2400
G1 X139.558 Y82.893 E.68466
G1 X139.037 Y82.893 F10800
M73 Q95 S2
G1 F2400
G1 X160.122 Y61.807 E.68466
G1 X159.602 Y61.807 F10800
G1 F2400
G1 X138.516 Y82.893 E.68468
G1 X137.996 Y82.893 F10800
M73 P95 R2
G1 F2400
G1 X159.081 Y61.807 E.68466
G1 X158.56 Y61.807 F10800
G1 F2400
G1 X137.475 Y82.893 E.68466
G1 X136.954 Y82.893 F10800
G1 F2400
G1 X158.04 Y61.807 E.68468
G1 X157.519 Y61.807 F10800
G1 F2400
G1 X136.434 Y82.893 E.68466
G1 X135.913 Y82.893 F10800
G1 F2400
G1 X156.998 Y61.807 E.68466
G1 X156.477 Y61.807 F10800
G1 F2400
G1 X135.392 Y82.893 E.68466
G1 X134.872 Y82.893 F10800
G1 F2400
G1 X155.957 Y61.807 E.68466
G1 X155.436 Y61.807 F10800
G1 F2400
G1 X134.351 Y82.893 E.68466
G1 X133.83 Y82.893 F10800
G1 F2400
G1 X154.915 Y61.807 E.68466
G1 X154.395 Y61.807 F10800
G1 F2400
G1 X133.31 Y82.893 E.68466
G1 X132.789 Y82.893 F10800
G1 F2400
G1 X153.874 Y61.807 E.68466
G1 X153.353 Y61.807 F10800
G1 F2400
G1 X132.268 Y82.893 E.68466
G1 X131.748 Y82.893 F10800
G1 F2400
G1 X152.833 Y61.807 E.68466
G1 X152.312 Y61.807 F10800
G1 F2400
G1 X131.227 Y82.893 E.68466
G1 X130.706 Y82.893 F10800
G1 F2400
G1 X151.791 Y61.807 E.68466
G1 X151.271 Y61.807 F10800
G1 F2400
G1 X130.186 Y82.893 E.68466
G1 X129.665 Y82.893 F10800
G1 F2400
G1 X150.75 Y61.807 E.68466
G1 X150.229 Y61.807 F10800
G1 F2400
G1 X129.144 Y82.893 E.68466
G1 X128.624 Y82.893 F10800
G1 F2400
G1 X149.709 Y61.807 E.68466
G1 X149.188 Y61.807 F10800
G1 F2400
G1 X147.167 Y63.828 E.06562
G1 X147.197 Y63.277 F10800
G1 F2400
G1 X148.667 Y61.807 E.04773
G1 X148.147 Y61.807 F10800
G1 F2400
G1 X147.197 Y62.757 E.03085
G1 X147.197 Y62.236 F10800
G1 F2400
G1 X147.626 Y61.807 E.01393
;WIPE_START
G1 F8640
G1 X147.197 Y62.236 E-.14009
;WIPE_END
G1 E-.65991 F2100
G1 Z3.45 F720
G1 X146.623 Y64.372 F10800
G1 Z3.05 F720
G1 E.8 F2100
G1 F2400
G1 X128.103 Y82.893 E.60137
G1 X127.582 Y82.893 F10800
G1 F2400
G1 X146.067 Y64.407 E.60024
G1 X145.547 Y64.407 F10800
G1 F2400
G1 X127.062 Y82.893 E.60024
G1 X126.541 Y82.893 F10800
G1 F2400
G1 X145.026 Y64.407 E.60024
G1 X144.505 Y64.407 F10800
G1 F2400
G1 X126.02 Y82.893 E.60024
G1 X125.5 Y82.893 F10800
G1 F2400
G1 X143.985 Y64.407 E.60024
G1 X143.464 Y64.407 F10800
G1 F2400
G1 X124.979 Y82.893 E.60024
G1 X124.458 Y82.893 F10800
G1 F2400
G1 X142.943 Y64.407 E.60024
G1 X142.423 Y64.407 F10800
G1 F2400
G1 X123.937 Y82.893 E.60025
G1 X123.417 Y82.893 F10800
G1 F2400
G1 X141.902 Y64.407 E.60024
G1 X141.381 Y64.407 F10800
G1 F2400
G1 X122.896 Y82.893 E.60024
G1 X122.375 Y82.893 F10800
G1 F2400
G1 X140.861 Y64.407 E.60025
G1 X140.34 Y64.407 F10800
G1 F2400
G1 X121.855 Y82.893 E.60024
G1 X121.334 Y82.893 F10800
G1 F2400
G1 X139.855 Y64.372 E.60139
G1 X139.527 Y64.179 F10800
G1 F2400
G1 X120.813 Y82.893 E.60766
G1 X120.293 Y82.893 F10800
G1 F2400
G1 X139.328 Y63.858 E.61808
G1 X139.283 Y63.382 F10800
G1 F2400
G1 X119.772 Y82.893 E.63353
G1 X119.251 Y82.893 F10800
G1 F2400
G1 X139.283 Y62.861 E.65045
G1 X139.283 Y62.341 F10800
G1 F2400
G1 X118.731 Y82.893 E.66734
G1 X118.21 Y82.893 F10800
G1 F2400
G1 X139.283 Y61.82 E.68425
G1 X138.775 Y61.807 F10800
G1 F2400
G1 X117.689 Y82.893 E.68468
G1 X117.169 Y82.893 F10800
G1 F2400
G1 X138.254 Y61.807 E.68466
G1 X137.733 Y61.807 F10800
G1 F2400
G1 X116.648 Y82.893 E.68466
G1 X116.127 Y82.893 F10800
M73 Q96 S2
G1 F2400
G1 X137.213 Y61.807 E.68468
G1 X136.692 Y61.807 F10800
M73 P96 R2
G1 F2400
G1 X115.607 Y82.893 E.68466
G1 X115.086 Y82.893 F10800
G1 F2400
G1 X136.171 Y61.807 E.68466
G1 X135.651 Y61.807 F10800
G1 F2400
G1 X114.565 Y82.893 E.68468
G1 X114.045 Y82.893 F10800
G1 F2400
G1 X135.13 Y61.807 E.68466
G1 X134.609 Y61.807 F10800
G1 F2400
G1 X113.524 Y82.893 E.68466
G1 X113.003 Y82.893 F10800
G1 F2400
G1 X134.089 Y61.807 E.68468
G1 X133.568 Y61.807 F10800
G1 F2400
G1 X112.483 Y82.893 E.68466
G1 X111.962 Y82.893 F10800
G1 F2400
G1 X133.047 Y61.807 E.68466
G1 X132.526 Y61.807 F10800
G1 F2400
G1 X111.441 Y82.893 E.68466
G1 X110.921 Y82.893 F10800
G1 F2400
G1 X132.006 Y61.807 E.68466
G1 X131.485 Y61.807 F10800
G1 F2400
G1 X110.4 Y82.893 E.68466
G1 X109.879 Y82.893 F10800
G1 F2400
G1 X130.964 Y61.807 E.68466
G1 X130.444 Y61.807 F10800
G1 F2400
G1 X109.359 Y82.893 E.68466
G1 X108.838 Y82.893 F10800
G1 F2400
G1 X129.923 Y61.807 E.68466
G1 X129.402 Y61.807 F10800
G1 F2400
G1 X108.317 Y82.893 E.68466
G1 X107.797 Y82.893 F10800
G1 F2400
G1 X128.882 Y61.807 E.68466
G1 X128.361 Y61.807 F10800
G1 F2400
G1 X107.276 Y82.893 E.68466
G1 X106.755 Y82.893 F10800
G1 F2400
G1 X127.84 Y61.807 E.68466
G1 X127.32 Y61.807 F10800
M73 Q96 S1
G1 F2400
G1 X106.235 Y82.893 E.68466
G1 X105.714 Y82.893 F10800
M73 P96 R1
G1 F2400
G1 X126.799 Y61.807 E.68466
G1 X126.278 Y61.807 F10800
G1 F2400
G1 X105.193 Y82.893 E.68466
G1 X104.673 Y82.893 F10800
G1 F2400
G1 X125.758 Y61.807 E.68466
G1 X125.237 Y61.807 F10800
G1 F2400
G1 X104.152 Y82.893 E.68466
G1 X103.631 Y82.893 F10800
G1 F2400
G1 X124.716 Y61.807 E.68466
G1 X124.196 Y61.807 F10800
G1 F2400
G1 X103.111 Y82.893 E.68466
G1 X102.59 Y82.893 F10800
G1 F2400
G1 X123.675 Y61.807 E.68466
G1 X123.154 Y61.807 F10800
G1 F2400
G1 X102.069 Y82.893 E.68466
G1 X101.549 Y82.893 F10800
G1 F2400
G1 X122.634 Y61.807 E.68466
G1 X122.113 Y61.807 F10800
G1 F2400
G1 X101.028 Y82.893 E.68466
G1 X100.507 Y82.893 F10800
G1 F2400
G1 X121.592 Y61.807 E.68466
G1 X121.072 Y61.807 F10800
G1 F2400
G1 X99.986 Y82.893 E.68468
G1 X99.466 Y82.893 F10800
G1 F2400
G1 X120.551 Y61.807 E.68466
G1 X120.03 Y61.807 F10800
G1 F2400
G1 X98.945 Y82.893 E.68466
G1 X98.424 Y82.893 F10800
G1 F2400
G1 X119.51 Y61.807 E.68468
G1 X118.989 Y61.807 F10800
G1 F2400
G1 X97.904 Y82.893 E.68466
G1 X97.383 Y82.893 F10800
G1 F2400
G1 X118.468 Y61.807 E.68466
G1 X117.948 Y61.807 F10800
G1 F2400
G1 X96.862 Y82.893 E.68468
G1 X96.342 Y82.893 F10800
G1 F2400
G1 X117.427 Y61.807 E.68466
G1 X116.906 Y61.807 F10800
G1 F2400
G1 X95.821 Y82.893 E.68466
G1 X95.3 Y82.893 F10800
G1 F2400
G1 X116.386 Y61.807 E.68468
G1 X115.865 Y61.807 F10800
G1 F2400
G1 X94.78 Y82.893 E.68466
G1 X94.259 Y82.893 F10800
M73 Q97 S1
G1 F2400
G1 X115.344 Y61.807 E.68466
G1 X114.824 Y61.807 F10800
M73 P97 R1
G1 F2400
G1 X93.738 Y82.893 E.68468
G1 X93.218 Y82.893 F10800
G1 F2400
G1 X114.303 Y61.807 E.68466
G1 X113.782 Y61.807 F10800
G1 F2400
G1 X92.697 Y82.893 E.68466
G1 X92.176 Y82.893 F10800
G1 F2400
G1 X113.262 Y61.807 E.68468
G1 X112.741 Y61.807 F10800
G1 F2400
G1 X110.657 Y63.891 E.06767
G1 X110.717 Y63.31 F10800
G1 F2400
G1 X112.22 Y61.807 E.0488
G1 X111.7 Y61.807 F10800
G1 F2400
G1 X110.717 Y62.79 E.03192
G1 X110.717 Y62.269 F10800
G1 F2400
G1 X111.179 Y61.807 E.015
;WIPE_START
G1 F8640
G1 X110.717 Y62.269 E-.15086
;WIPE_END
G1 E-.64914 F2100
G1 Z3.45 F720
G1 X110.193 Y64.355 F10800
G1 Z3.05 F720
G1 E.8 F2100
G1 F2400
G1 X91.656 Y82.893 E.60192
G1 X91.135 Y82.893 F10800
G1 F2400
G1 X109.62 Y64.407 E.60024
G1 X109.1 Y64.407 F10800
G1 F2400
G1 X90.614 Y82.893 E.60025
G1 X90.094 Y82.893 F10800
G1 F2400
G1 X108.579 Y64.407 E.60024
G1 X108.059 Y64.407 F10800
G1 F2400
G1 X89.573 Y82.893 E.60025
G1 X89.052 Y82.893 F10800
G1 F2400
G1 X107.538 Y64.406 E.60027
G1 X107.018 Y64.406 F10800
G1 F2400
G1 X88.532 Y82.893 E.60027
G1 X88.011 Y82.893 F10800
G1 F2400
G1 X106.498 Y64.406 E.60028
G1 X105.977 Y64.406 F10800
G1 F2400
G1 X87.49 Y82.893 E.60028
G1 X86.97 Y82.893 F10800
G1 F2400
G1 X105.457 Y64.406 E.60028
G1 X104.936 Y64.405 F10800
G1 F2400
G1 X86.449 Y82.893 E.6003
G1 X85.928 Y82.893 F10800
G1 F2400
G1 X104.416 Y64.405 E.60032
G1 X103.895 Y64.405 F10800
G1 F2400
G1 X85.408 Y82.893 E.6003
G1 X84.887 Y82.893 F10800
G1 F2400
G1 X103.398 Y64.381 E.60108
G1 X103.061 Y64.198 F10800
G1 F2400
G1 X84.366 Y82.893 E.60704
G1 X83.846 Y82.893 F10800
G1 F2400
G1 X102.854 Y63.885 E.6172
G1 X102.803 Y63.415 F10800
G1 F2400
G1 X83.325 Y82.893 E.63246
G1 X82.804 Y82.893 F10800
G1 F2400
G1 X102.803 Y62.894 E.64938
G1 X102.803 Y62.374 F10800
G1 F2400
G1 X82.284 Y82.893 E.66627
G1 X81.763 Y82.893 F10800
G1 F2400
G1 X102.803 Y61.853 E.68318
G1 X102.327 Y61.807 F10800
G1 F2400
G1 X81.242 Y82.893 E.68466
G1 X80.722 Y82.893 F10800
G1 F2400
G1 X101.807 Y61.807 E.68466
G1 X101.286 Y61.807 F10800
G1 F2400
G1 X80.201 Y82.893 E.68466
G1 X79.68 Y82.893 F10800
G1 F2400
G1 X100.765 Y61.807 E.68466
G1 X100.245 Y61.807 F10800
G1 F2400
G1 X79.16 Y82.893 E.68466
G1 X78.639 Y82.893 F10800
G1 F2400
G1 X99.724 Y61.807 E.68466
G1 X99.203 Y61.807 F10800
G1 F2400
G1 X78.118 Y82.893 E.68466
;WIPE_START
G1 F8640
G1 X80.568 Y80.443 E-.8
;WIPE_END
G1 Z3.45 F720
G1 X102.803 Y147.764 F10800
G1 Z3.05 F720
G1 E.8 F2100
G1 F2400
G1 X102.374 Y148.193 E.01393
G1 X101.853 Y148.193 F10800
G1 F2400
G1 X102.803 Y147.243 E.03085
G1 X102.803 Y146.723 F10800
G1 F2400
G1 X101.333 Y148.193 E.04773
G1 X100.812 Y148.193 F10800
G1 F2400
G1 X102.849 Y146.156 E.06614
;WIPE_START
G1 F8640
G1 X100.812 Y148.193 E-.66517
;WIPE_END
G1 E-.13483 F2100
G1 Z3.45 F720
G1 X103.299 Y145.185 F10800
G1 Z3.05 F720
G1 E.8 F2100
G1 F2400
G1 X100.291 Y148.193 E.09767
G1 X99.771 Y148.193 F10800
G1 F2400
G1 X102.856 Y145.107 E.10019
G1 X102.335 Y145.107 F10800
G1 F2400
G1 X99.25 Y148.193 E.10019
G1 X98.729 Y148.193 F10800
G1 F2400
G1 X101.815 Y145.107 E.1002
G1 X101.294 Y145.107 F10800
G1 F2400
G1 X98.209 Y148.193 E.10019
G1 X97.688 Y148.193 F10800
G1 F2400
G1 X100.773 Y145.107 E.10019
G1 X100.252 Y145.107 F10800
G1 F2400
G1 X97.167 Y148.193 E.10019
G1 X96.647 Y148.193 F10800
G1 F2400
G1 X99.732 Y145.107 E.10019
G1 X99.211 Y145.107 F10800
G1 F2400
G1 X96.126 Y148.193 E.10019
G1 X95.605 Y148.193 F10800
G1 F2400
G1 X98.69 Y145.107 E.10019
G1 X98.17 Y145.107 F10800
G1 F2400
G1 X95.085 Y148.193 E.10019
G1 X94.564 Y148.193 F10800
G1 F2400
G1 X97.649 Y145.107 E.10019
G1 X97.128 Y145.107 F10800
G1 F2400
G1 X94.043 Y148.193 E.10019
G1 X93.523 Y148.193 F10800
G1 F2400
G1 X96.608 Y145.107 E.10019
G1 X96.087 Y145.107 F10800
G1 F2400
G1 X93.002 Y148.193 E.10019
G1 X92.481 Y148.193 F10800
G1 F2400
G1 X95.566 Y145.107 E.10019
G1 X95.046 Y145.107 F10800
G1 F2400
G1 X91.961 Y148.193 E.10019
G1 X91.44 Y148.193 F10800
G1 F2400
G1 X94.525 Y145.107 E.10019
G1 X94.004 Y145.107 F10800
G1 F2400
G1 X90.919 Y148.193 E.10019
G1 X90.399 Y148.193 F10800
G1 F2400
G1 X93.484 Y145.107 E.10019
G1 X92.963 Y145.107 F10800
G1 F2400
G1 X89.878 Y148.193 E.10019
G1 X89.357 Y148.193 F10800
G1 F2400
G1 X92.442 Y145.107 E.10019
G1 X91.922 Y145.107 F10800
G1 F2400
G1 X88.837 Y148.193 E.10019
G1 X88.316 Y148.193 F10800
G1 F2400
G1 X91.401 Y145.107 E.10019
G1 X90.88 Y145.107 F10800
G1 F2400
G1 X87.795 Y148.193 E.10019
G1 X87.275 Y148.193 F10800
G1 F2400
G1 X90.36 Y145.107 E.10019
G1 X89.839 Y145.107 F10800
G1 F2400
G1 X86.754 Y148.193 E.10019
G1 X86.233 Y148.193 F10800
G1 F2400
G1 X89.318 Y145.107 E.10019
G1 X88.798 Y145.107 F10800
G1 F2400
G1 X85.713 Y148.193 E.10019
G1 X85.192 Y148.193 F10800
G1 F2400
G1 X88.277 Y145.107 E.10019
G1 X87.756 Y145.107 F10800
G1 F2400
G1 X84.671 Y148.193 E.10019
G1 X84.15 Y148.193 F10800
G1 F2400
G1 X87.236 Y145.107 E.1002
G1 X86.715 Y145.107 F10800
G1 F2400
G1 X83.63 Y148.193 E.10019
G1 X83.109 Y148.193 F10800
G1 F2400
G1 X86.194 Y145.107 E.10019
G1 X85.674 Y145.107 F10800
G1 F2400
G1 X82.588 Y148.193 E.1002
G1 X82.068 Y148.193 F10800
G1 F2400
G1 X85.153 Y145.107 E.10019
G1 X84.632 Y145.107 F10800
G1 F2400
G1 X81.547 Y148.193 E.10019
G1 X81.026 Y148.193 F10800
G1 F2400
G1 X84.112 Y145.107 E.1002
G1 X83.591 Y145.107 F10800
G1 F2400
G1 X80.506 Y148.193 E.10019
G1 X79.985 Y148.193 F10800
G1 F2400
G1 X83.07 Y145.107 E.10019
G1 X82.55 Y145.107 F10800
G1 F2400
G1 X79.464 Y148.193 E.1002
G1 X78.944 Y148.193 F10800
G1 F2400
G1 X82.029 Y145.107 E.10019
G1 X81.508 Y145.107 F10800
G1 F2400
G1 X78.423 Y148.193 E.10019
G1 X77.902 Y148.193 F10800
M73 Q98 S1
G1 F2400
G1 X80.988 Y145.107 E.1002
G1 X80.467 Y145.107 F10800
G1 F2400
G1 X77.382 Y148.193 E.10019
G1 X76.861 Y148.193 F10800
G1 F2400
G1 X79.946 Y145.107 E.10019
G1 X79.426 Y145.107 F10800
M73 P98 R1
G1 F2400
G1 X76.34 Y148.193 E.1002
G1 X75.82 Y148.193 F10800
G1 F2400
G1 X78.905 Y145.107 E.10019
G1 X78.384 Y145.107 F10800
G1 F2400
G1 X75.299 Y148.193 E.10019
G1 X74.778 Y148.193 F10800
G1 F2400
G1 X77.878 Y145.093 E.10066
G1 X77.497 Y144.954 F10800
G1 F2400
G1 X74.258 Y148.193 E.10517
G1 X73.737 Y148.193 F10800
G1 F2400
G1 X77.26 Y144.669 E.11441
G1 X77.173 Y144.236 F10800
G1 F2400
G1 X73.216 Y148.193 E.12849
G1 X72.696 Y148.193 F10800
G1 F2400
G1 X77.173 Y143.716 E.14537
G1 X77.173 Y143.195 F10800
G1 F2400
G1 X72.269 Y148.099 E.15924
G1 X71.918 Y147.929 F10800
G1 F2400
G1 X77.173 Y142.674 E.17063
G1 X77.173 Y142.154 F10800
G1 F2400
G1 X71.566 Y147.76 E.18205
G1 X71.309 Y147.496 F10800
G1 F2400
G1 X77.173 Y141.633 E.19039
G1 X77.173 Y141.112 F10800
G1 F2400
G1 X71.174 Y147.111 E.19479
G1 X71.087 Y146.677 F10800
G1 F2400
G1 X77.173 Y140.592 E.1976
G1 X77.173 Y140.071 F10800
G1 F2400
G1 X71.087 Y146.156 E.1976
G1 X71.087 Y145.635 F10800
G1 F2400
G1 X77.173 Y139.55 E.1976
G1 X77.173 Y139.03 F10800
G1 F2400
G1 X71.087 Y145.115 E.1976
G1 X71.087 Y144.594 F10800
G1 F2400
G1 X77.173 Y138.509 E.1976
G1 X77.173 Y137.988 F10800
G1 F2400
G1 X71.087 Y144.073 E.1976
G1 X71.087 Y143.553 F10800
G1 F2400
G1 X77.173 Y137.468 E.1976
G1 X77.173 Y136.947 F10800
G1 F2400
G1 X71.087 Y143.032 E.1976
G1 X71.087 Y142.511 F10800
G1 F2400
G1 X77.173 Y136.426 E.1976
G1 X77.173 Y135.906 F10800
G1 F2400
G1 X71.087 Y141.991 E.1976
G1 X71.087 Y141.47 F10800
G1 F2400
G1 X77.173 Y135.385 E.1976
G1 X77.173 Y134.864 F10800
G1 F2400
G1 X71.087 Y140.949 E.1976
G1 X71.087 Y140.429 F10800
G1 F2400
G1 X77.173 Y134.344 E.1976
G1 X77.173 Y133.823 F10800
G1 F2400
G1 X71.087 Y139.908 E.1976
G1 X71.087 Y139.387 F10800
G1 F2400
G1 X77.173 Y133.302 E.1976
G1 X77.173 Y132.782 F10800
G1 F2400
G1 X71.087 Y138.867 E.1976
G1 X71.087 Y138.346 F10800
G1 F2400
G1 X77.173 Y132.261 E.1976
G1 X77.173 Y131.74 F10800
G1 F2400
G1 X71.087 Y137.825 E.1976
G1 X71.087 Y137.305 F10800
G1 F2400
G1 X77.173 Y131.219 E.19762
G1 X77.173 Y130.699 F10800
M73 P98 R0
M73 Q98 S0
G1 F2400
G1 X71.087 Y136.784 E.1976
G1 X71.087 Y136.263 F10800
G1 F2400
G1 X77.173 Y130.178 E.1976
G1 X77.173 Y129.657 F10800
G1 F2400
G1 X71.087 Y135.743 E.19762
G1 X71.087 Y135.222 F10800
G1 F2400
G1 X77.173 Y129.137 E.1976
G1 X77.173 Y128.616 F10800
G1 F2400
G1 X71.087 Y134.701 E.1976
G1 X71.087 Y134.181 F10800
G1 F2400
G1 X77.173 Y128.095 E.19762
G1 X77.173 Y127.575 F10800
G1 F2400
G1 X71.087 Y133.66 E.1976
G1 X71.087 Y133.139 F10800
G1 F2400
G1 X77.173 Y127.054 E.1976
G1 X77.173 Y126.533 F10800
G1 F2400
G1 X71.087 Y132.619 E.19762
G1 X71.087 Y132.098 F10800
G1 F2400
G1 X77.173 Y126.013 E.1976
G1 X77.173 Y125.492 F10800
G1 F2400
G1 X71.087 Y131.577 E.1976
G1 X71.087 Y131.057 F10800
G1 F2400
G1 X77.173 Y124.971 E.19762
G1 X77.173 Y124.451 F10800
G1 F2400
G1 X71.087 Y130.536 E.1976
G1 X71.087 Y130.015 F10800
G1 F2400
G1 X77.173 Y123.93 E.1976
G1 X77.173 Y123.409 F10800
G1 F2400
G1 X71.087 Y129.495 E.19762
G1 X71.087 Y128.974 F10800
G1 F2400
G1 X77.173 Y122.889 E.1976
G1 X77.173 Y122.368 F10800
G1 F2400
G1 X71.087 Y128.453 E.1976
G1 X71.087 Y127.933 F10800
G1 F2400
G1 X77.173 Y121.847 E.19762
G1 X77.173 Y121.327 F10800
G1 F2400
G1 X71.087 Y127.412 E.1976
G1 X71.087 Y126.891 F10800
G1 F2400
G1 X77.173 Y120.806 E.1976
G1 X77.173 Y120.285 F10800
G1 F2400
G1 X71.087 Y126.371 E.19762
G1 X71.087 Y125.85 F10800
G1 F2400
G1 X77.173 Y119.765 E.1976
G1 X77.173 Y119.244 F10800
G1 F2400
G1 X71.087 Y125.329 E.1976
G1 X71.087 Y124.808 F10800
G1 F2400
G1 X77.173 Y118.723 E.1976
G1 X77.173 Y118.203 F10800
G1 F2400
G1 X71.087 Y124.288 E.1976
G1 X71.087 Y123.767 F10800
G1 F2400
G1 X77.173 Y117.682 E.1976
G1 X77.173 Y117.161 F10800
G1 F2400
G1 X71.087 Y123.246 E.1976
G1 X71.087 Y122.726 F10800
G1 F2400
G1 X77.173 Y116.641 E.1976
G1 X77.173 Y116.12 F10800
G1 F2400
G1 X71.087 Y122.205 E.1976
G1 X71.087 Y121.684 F10800
G1 F2400
G1 X77.173 Y115.599 E.1976
G1 X77.173 Y115.079 F10800
G1 F2400
G1 X71.087 Y121.164 E.1976
G1 X71.087 Y120.643 F10800
G1 F2400
G1 X77.173 Y114.558 E.1976
G1 X77.173 Y114.037 F10800
G1 F2400
G1 X71.087 Y120.122 E.1976
G1 X71.087 Y119.602 F10800
G1 F2400
G1 X77.173 Y113.517 E.1976
G1 X77.173 Y112.996 F10800
G1 F2400
G1 X71.087 Y119.081 E.1976
G1 X71.087 Y118.56 F10800
G1 F2400
G1 X77.173 Y112.475 E.1976
G1 X77.173 Y111.955 F10800
G1 F2400
G1 X71.087 Y118.04 E.1976
G1 X71.087 Y117.519 F10800
G1 F2400
G1 X77.173 Y111.434 E.1976
G1 X77.173 Y110.913 F10800
G1 F2400
G1 X71.087 Y116.998 E.1976
G1 X71.087 Y116.478 F10800
G1 F2400
G1 X77.173 Y110.393 E.1976
G1 X77.173 Y109.872 F10800
G1 F2400
G1 X71.087 Y115.957 E.1976
G1 X71.087 Y115.436 F10800
G1 F2400
G1 X77.173 Y109.351 E.1976
G1 X77.173 Y108.831 F10800
G1 F2400
G1 X71.087 Y114.916 E.1976
G1 X71.087 Y114.395 F10800
G1 F2400
G1 X77.173 Y108.31 E.1976
G1 X77.173 Y107.789 F10800
G1 F2400
G1 X71.087 Y113.874 E.1976
G1 X71.087 Y113.354 F10800
G1 F2400
G1 X77.173 Y107.269 E.1976
G1 X77.173 Y106.748 F10800
G1 F2400
G1 X71.087 Y112.833 E.1976
G1 X71.087 Y112.312 F10800
G1 F2400
G1 X77.173 Y106.227 E.1976
G1 X77.173 Y105.706 F10800
G1 F2400
G1 X71.087 Y111.792 E.19762
G1 X71.087 Y111.271 F10800
G1 F2400
G1 X77.173 Y105.186 E.1976
G1 X77.173 Y104.665 F10800
G1 F2400
G1 X73.687 Y108.15 E.11318
G1 X73.687 Y107.63 F10800
G1 F2400
G1 X77.173 Y104.144 E.11319
G1 X77.173 Y103.624 F10800
G1 F2400
G1 X73.687 Y107.109 E.11318
G1 X73.687 Y106.588 F10800
G1 F2400
G1 X77.173 Y103.103 E.11318
G1 X77.173 Y102.582 F10800
G1 F2400
G1 X73.687 Y106.068 E.11319
G1 X73.687 Y105.547 F10800
G1 F2400
G1 X77.173 Y102.062 E.11318
G1 X77.173 Y101.541 F10800
G1 F2400
G1 X73.687 Y105.026 E.11318
G1 X73.687 Y104.506 F10800
G1 F2400
G1 X77.173 Y101.02 E.11319
G1 X77.173 Y100.5 F10800
G1 F2400
G1 X73.687 Y103.985 E.11318
G1 X73.687 Y103.464 F10800
G1 F2400
G1 X77.173 Y99.979 E.11318
G1 X77.173 Y99.458 F10800
G1 F2400
G1 X73.687 Y102.944 E.11319
G1 X73.687 Y102.423 F10800
G1 F2400
G1 X77.173 Y98.938 E.11318
G1 X77.173 Y98.417 F10800
G1 F2400
G1 X73.687 Y101.902 E.11318
G1 X73.594 Y101.475 F10800
G1 F2400
G1 X77.173 Y97.896 E.11621
G1 X77.173 Y97.376 F10800
G1 F2400
G1 X73.354 Y101.195 E.12401
G1 X72.972 Y101.056 F10800
G1 F2400
G1 X77.173 Y96.855 E.13641
G1 X77.173 Y96.334 F10800
G1 F2400
G1 X72.464 Y101.043 E.1529
G1 X71.944 Y101.043 F10800
G1 F2400
G1 X77.173 Y95.814 E.16979
G1 X77.173 Y95.293 F10800
G1 F2400
G1 X71.423 Y101.043 E.18671
G1 X71.087 Y100.857 F10800
G1 F2400
G1 X77.173 Y94.772 E.1976
G1 X77.173 Y94.252 F10800
G1 F2400
G1 X71.087 Y100.337 E.1976
G1 X71.087 Y99.816 F10800
G1 F2400
G1 X77.173 Y93.731 E.1976
G1 X77.173 Y93.21 F10800
G1 F2400
G1 X71.087 Y99.295 E.1976
G1 X71.087 Y98.775 F10800
G1 F2400
G1 X77.173 Y92.69 E.1976
G1 X77.173 Y92.169 F10800
G1 F2400
G1 X71.087 Y98.254 E.1976
G1 X71.087 Y97.733 F10800
G1 F2400
G1 X77.173 Y91.648 E.1976
G1 X77.173 Y91.128 F10800
G1 F2400
G1 X71.087 Y97.213 E.1976
G1 X71.087 Y96.692 F10800
G1 F2400
G1 X77.173 Y90.607 E.1976
G1 X77.173 Y90.086 F10800
G1 F2400
G1 X71.087 Y96.171 E.1976
G1 X71.087 Y95.651 F10800
G1 F2400
G1 X77.173 Y89.566 E.1976
G1 X77.173 Y89.045 F10800
G1 F2400
G1 X71.087 Y95.13 E.1976
G1 X71.087 Y94.609 F10800
G1 F2400
G1 X77.173 Y88.524 E.1976
G1 X77.173 Y88.004 F10800
G1 F2400
G1 X71.087 Y94.089 E.1976
G1 X71.087 Y93.568 F10800
G1 F2400
G1 X77.173 Y87.483 E.1976
G1 X77.173 Y86.962 F10800
G1 F2400
G1 X71.087 Y93.047 E.1976
G1 X71.087 Y92.527 F10800
G1 F2400
G1 X77.173 Y86.442 E.1976
G1 X77.173 Y85.921 F10800
G1 F2400
G1 X71.087 Y92.006 E.1976
G1 X71.087 Y91.485 F10800
G1 F2400
G1 X77.173 Y85.4 E.1976
G1 X77.173 Y84.88 F10800
G1 F2400
G1 X71.087 Y90.965 E.1976
G1 X71.087 Y90.444 F10800
G1 F2400
G1 X77.173 Y84.359 E.1976
G1 X77.173 Y83.838 F10800
G1 F2400
G1 X71.087 Y89.923 E.1976
G1 X71.087 Y89.403 F10800
G1 F2400
G1 X98.683 Y61.807 E.89606
G1 X98.162 Y61.807 F10800
G1 F2400
G1 X71.087 Y88.882 E.87914
G1 X71.087 Y88.361 F10800
G1 F2400
G1 X97.641 Y61.807 E.86223
G1 X97.121 Y61.807 F10800
M73 P99 R0
M73 Q99 S0
G1 F2400
G1 X71.087 Y87.841 E.84534
G1 X71.087 Y87.32 F10800
G1 F2400
G1 X96.6 Y61.807 E.82842
G1 X96.079 Y61.807 F10800
G1 F2400
G1 X71.087 Y86.799 E.81151
G1 X71.087 Y86.279 F10800
G1 F2400
G1 X95.559 Y61.807 E.79462
G1 X95.038 Y61.807 F10800
G1 F2400
G1 X71.087 Y85.758 E.7777
G1 X71.087 Y85.237 F10800
G1 F2400
G1 X94.517 Y61.807 E.76079
G1 X93.997 Y61.807 F10800
G1 F2400
G1 X71.087 Y84.717 E.7439
G1 X71.087 Y84.196 F10800
G1 F2400
G1 X93.476 Y61.807 E.72699
G1 X92.955 Y61.807 F10800
G1 F2400
G1 X71.087 Y83.675 E.71007
G1 X71.087 Y83.155 F10800
G1 F2400
G1 X92.435 Y61.807 E.69318
G1 X91.914 Y61.807 F10800
G1 F2400
G1 X71.087 Y82.634 E.67627
G1 X71.087 Y82.113 F10800
G1 F2400
G1 X91.393 Y61.807 E.65935
G1 X90.873 Y61.807 F10800
G1 F2400
G1 X71.087 Y81.593 E.64246
G1 X71.087 Y81.072 F10800
G1 F2400
G1 X90.352 Y61.807 E.62555
G1 X89.831 Y61.807 F10800
G1 F2400
G1 X71.087 Y80.551 E.60863
G1 X71.087 Y80.031 F10800
G1 F2400
G1 X89.311 Y61.807 E.59175
G1 X88.79 Y61.807 F10800
G1 F2400
G1 X71.087 Y79.51 E.57483
G1 X71.087 Y78.989 F10800
G1 F2400
G1 X88.269 Y61.807 E.55791
G1 X87.749 Y61.807 F10800
G1 F2400
G1 X71.087 Y78.469 E.54103
G1 X71.087 Y77.948 F10800
G1 F2400
G1 X87.228 Y61.807 E.52411
G1 X86.707 Y61.807 F10800
G1 F2400
G1 X71.087 Y77.427 E.50719
G1 X71.087 Y76.906 F10800
G1 F2400
G1 X86.187 Y61.807 E.49029
G1 X85.666 Y61.807 F10800
G1 F2400
G1 X71.087 Y76.386 E.47339
G1 X71.087 Y75.865 F10800
G1 F2400
G1 X85.145 Y61.807 E.45647
G1 X84.624 Y61.807 F10800
G1 F2400
G1 X71.087 Y75.344 E.43956
G1 X71.087 Y74.824 F10800
G1 F2400
G1 X84.104 Y61.807 E.42267
G1 X83.583 Y61.807 F10800
G1 F2400
G1 X71.087 Y74.303 E.40575
G1 X71.087 Y73.782 F10800
G1 F2400
G1 X83.062 Y61.807 E.38884
G1 X82.542 Y61.807 F10800
G1 F2400
G1 X71.087 Y73.262 E.37195
G1 X71.087 Y72.741 F10800
G1 F2400
G1 X82.021 Y61.807 E.35503
G1 X81.5 Y61.807 F10800
G1 F2400
G1 X71.087 Y72.22 E.33812
G1 X71.087 Y71.7 F10800
G1 F2400
G1 X80.98 Y61.807 E.32123
G1 X80.459 Y61.807 F10800
G1 F2400
G1 X71.087 Y71.179 E.30431
G1 X71.087 Y70.658 F10800
G1 F2400
G1 X79.938 Y61.807 E.2874
G1 X79.418 Y61.807 F10800
G1 F2400
G1 X71.087 Y70.138 E.27051
G1 X71.087 Y69.617 F10800
G1 F2400
G1 X78.897 Y61.807 E.2536
G1 X78.376 Y61.807 F10800
G1 F2400
G1 X71.087 Y69.096 E.23668
G1 X71.087 Y68.576 F10800
G1 F2400
G1 X77.856 Y61.807 E.21979
G1 X77.335 Y61.807 F10800
G1 F2400
G1 X71.087 Y68.055 E.20288
G1 X71.087 Y67.534 F10800
G1 F2400
G1 X76.814 Y61.807 E.18596
G1 X76.294 Y61.807 F10800
G1 F2400
G1 X71.087 Y67.014 E.16907
G1 X71.087 Y66.493 F10800
G1 F2400
G1 X75.773 Y61.807 E.15216
G1 X75.252 Y61.807 F10800
G1 F2400
G1 X71.087 Y65.972 E.13524
G1 X71.087 Y65.452 F10800
G1 F2400
G1 X74.732 Y61.807 E.11836
G1 X74.211 Y61.807 F10800
G1 F2400
G1 X71.087 Y64.931 E.10144
G1 X71.087 Y64.41 F10800
G1 F2400
G1 X73.69 Y61.807 E.08452
G1 X73.17 Y61.807 F10800
G1 F2400
G1 X71.087 Y63.89 E.06764
G1 X71.087 Y63.369 F10800
G1 F2400
G1 X72.649 Y61.807 E.05072
;WIPE_START
G1 F8640
G1 X71.087 Y63.369 E-.51006
;WIPE_END
G1 E-.28994 F2100
G1 Z3.45 F720
G1 X72.88 Y108.957 F10800
G1 Z3.05 F720
G1 E.8 F2100
G1 F2400
G1 X71.087 Y110.75 E.05822
G1 X71.087 Y110.23 F10800
G1 F2400
G1 X72.36 Y108.957 E.04134
G1 X71.839 Y108.957 F10800
G1 F2400
G1 X71.087 Y109.709 E.02442
; stop printing object ../stl/front_shell.stl id:0 copy 0
;WIPE_START
G1 F8640;_WIPE
G1 X71.839 Y108.957 E-.24556
;WIPE_END
G1 E-.55444 F2100
M107
;TYPE:Custom
; Filament-specific end gcode
G1 Z4.05 F720 ; Move print head up
G1 X0 Y200 F3600 ; park
G1 Z52.05 F720 ; Move print head further up
G4 ; wait
M221 S100 ; reset flow
M900 K0 ; reset LA
M907 E538 ; reset extruder motor current
M104 S0 ; turn off temperature
M140 S0 ; turn off heatbed
M107 ; turn off fan
M84 ; disable motors
; max_layer_z = 3.05
M73 P100 R0
M73 Q100 S0
; objects_info = {"objects":[{"name":"../stl/front_shell.stl id:0 copy 0","polygon":[[103.610,63.600],[109.910,63.600],[109.910,61.000],[140.090,61.000],[140.090,63.600],[146.390,63.600],[146.390,61.000],[177.720,61.000],[179.284,61.753],[179.720,63.000],[179.720,101.850],[177.120,101.850],[177.120,108.150],[179.720,108.150],[179.720,147.000],[178.967,148.564],[177.720,149.000],[146.390,149.000],[146.390,146.400],[140.090,146.400],[140.090,149.000],[109.910,149.000],[109.910,146.400],[103.610,146.400],[103.610,149.000],[72.280,149.000],[70.716,148.247],[70.280,147.000],[70.280,108.150],[72.880,108.150],[72.880,101.850],[70.280,101.850],[70.280,63.000],[71.033,61.436],[72.280,61.000],[103.610,61.000]]}]}
; filament used [mm] = 3316.47
; filament used [cm3] = 7.98
; filament used [g] = 9.89
; filament cost = 0.25
; total filament used [g] = 9.89
; total filament cost = 0.25
; total filament used for wipe tower [g] = 0.00
; estimated printing time (normal mode) = 55m 59s
; estimated printing time (silent mode) = 56m 20s
; estimated first layer printing time (normal mode) = 7m 27s
; estimated first layer printing time (silent mode) = 7m 28s

; prusaslicer_config = begin
; arc_fitting = disabled
; autoemit_temperature_commands = 1
; automatic_extrusion_widths = 0
; automatic_infill_combination = 0
; automatic_infill_combination_max_layer_height = 100%
; avoid_crossing_curled_overhangs = 0
; avoid_crossing_perimeters = 0
; avoid_crossing_perimeters_max_detour = 0
; bed_custom_model = 
; bed_custom_texture = 
; bed_shape = 0x0,250x0,250x210,0x210
; bed_temperature = 60
; bed_temperature_extruder = 0
; before_layer_gcode = ;BEFORE_LAYER_CHANGE\nG92 E0.0\n;[layer_z]\n\n
; between_objects_gcode = 
; binary_gcode = 0
; bottom_fill_pattern = monotonic
; bottom_solid_layers = 5
; bottom_solid_min_thickness = 0.5
; bridge_acceleration = 1000
; bridge_angle = 0
; bridge_fan_speed = 100
; bridge_flow_ratio = 1
; bridge_speed = 25
; brim_separation = 0.1
; brim_type = outer_only
; brim_width = 0
; chamber_minimal_temperature = 0
; chamber_temperature = 0
; color_change_gcode = M600\nG1 E0.3 F1500 ; prime after color change
; colorprint_heights = 
; compatible_printers_condition_cummulative = "printer_notes=~/.*PRINTER_VENDOR_PRUSA3D.*/ and printer_notes=~/.*PRINTER_MODEL_MK3.*/ and nozzle_diameter[0]==0.4 and printer_model!=\"MK3.5MMU3\"";"nozzle_diameter[0]!=0.8 and printer_notes!~/.*PG.*/ and printer_notes!~/.*MINIIS.*/ and printer_model!=\"MK3.5\" and ! (printer_notes=~/.*PRINTER_VENDOR_PRUSA3D.*/ and printer_notes=~/.*PRINTER_MODEL_MK(2.5|3).*/ and single_extruder_multi_material)"
; complete_objects = 0
; cooling = 1
; cooling_perimeter_transition_distance = 0
; cooling_slowdown_logic = uniform_cooling
; cooling_tube_length = 5
; cooling_tube_retraction = 91.5
; custom_parameters_filament = ""
; custom_parameters_print = 
; custom_parameters_printer = 
; default_acceleration = 1000
; default_filament_profile = "Prusament PLA"
; default_print_profile = 0.15mm QUALITY @MK3
; deretract_speed = 0
; disable_fan_first_layers = 1
; dont_support_bridges = 0
; draft_shield = disabled
; duplicate_distance = 6
; elefant_foot_compensation = 0.2
; enable_dynamic_fan_speeds = 0
; enable_dynamic_overhang_speeds = 1
; end_filament_gcode = "; Filament-specific end gcode"
; end_gcode = {if layer_z < max_print_height}G1 Z{z_offset+min(max_layer_z+1, max_print_height)} F720 ; Move print head up{endif}\nG1 X0 Y200 F3600 ; park\n{if layer_z < max_print_height}G1 Z{z_offset+min(max_layer_z+49, max_print_height)} F720 ; Move print head further up{endif}\nG4 ; wait\nM221 S100 ; reset flow\nM900 K0 ; reset LA\n{if print_settings_id=~/.*(DETAIL @MK3|QUALITY @MK3|@0.25 nozzle MK3).*/}M907 E538 ; reset extruder motor current{endif}\nM104 S0 ; turn off temperature\nM140 S0 ; turn off heatbed\nM107 ; turn off fan\nM84 ; disable motors\n; max_layer_z = [max_layer_z]
; ensure_vertical_shell_thickness = enabled
; external_perimeter_acceleration = 0
; external_perimeter_extrusion_width = 0.45
; external_perimeter_speed = 25
; external_perimeters_first = 0
; extra_loading_move = -2
; extra_perimeters = 0
; extra_perimeters_on_overhangs = 0
; extruder_clearance_height = 20
; extruder_clearance_radius = 45
; extruder_colour = ""
; extruder_offset = 0x0
; extrusion_axis = E
; extrusion_multiplier = 1
; extrusion_width = 0.45
; fan_always_on = 1
; fan_below_layer_time = 100
; filament_abrasive = 0
; filament_colour = #FF8000
; filament_cooling_final_speed = 3.4
; filament_cooling_initial_speed = 2.2
; filament_cooling_moves = 4
; filament_cost = 25.4
; filament_density = 1.24
; filament_deretract_speed = nil
; filament_diameter = 1.75
; filament_flush_speed = 0
; filament_flush_volume = 0
; filament_infill_max_crossing_speed = 0
; filament_infill_max_speed = 0
; filament_load_time = 0
; filament_loading_speed = 28
; filament_loading_speed_start = 3
; filament_max_volumetric_speed = 15
; filament_minimal_purge_on_wipe_tower = 15
; filament_multitool_ramming = 0
; filament_multitool_ramming_flow = 10
; filament_multitool_ramming_volume = 10
; filament_notes = ""
; filament_purge_multiplier = 100%
; filament_ramming_parameters = "120 100 6.6 6.8 7.2 7.6 7.9 8.2 8.7 9.4 9.9 10.0| 0.05 6.6 0.45 6.8 0.95 7.8 1.45 8.3 1.95 9.7 2.45 10 2.95 7.6 3.45 7.6 3.95 7.6 4.45 7.6 4.95 7.6"
; filament_retract_before_travel = nil
; filament_retract_before_wipe = nil
; filament_retract_layer_change = nil
; filament_retract_length = nil
; filament_retract_length_toolchange = nil
; filament_retract_lift = nil
; filament_retract_lift_above = nil
; filament_retract_lift_below = nil
; filament_retract_restart_extra = nil
; filament_retract_restart_extra_toolchange = nil
; filament_retract_speed = nil
; filament_seam_gap_distance = nil
; filament_settings_id = "Generic PLA"
; filament_shrinkage_compensation_xy = 0%
; filament_shrinkage_compensation_z = 0%
; filament_soluble = 0
; filament_spool_weight = 0
; filament_stamping_distance = 0
; filament_stamping_loading_speed = 20
; filament_toolchange_delay = 0
; filament_travel_lift_before_obstacle = nil
; filament_travel_max_lift = nil
; filament_travel_ramping_lift = nil
; filament_travel_slope = nil
; filament_type = PLA
; filament_unload_time = 0
; filament_unloading_speed = 90
; filament_unloading_speed_start = 100
; filament_vendor = Generic
; filament_wipe = nil
; fill_angle = 45
; fill_density = 15%
; fill_pattern = gyroid
; first_layer_acceleration = 800
; first_layer_acceleration_over_raft = 0
; first_layer_bed_temperature = 60
; first_layer_extrusion_width = 0.42
; first_layer_height = 0.2
; first_layer_infill_speed = 0
; first_layer_speed = 20
; first_layer_speed_over_raft = 30
; first_layer_temperature = 215
; full_fan_speed_layer = 4
; fuzzy_skin = none
; fuzzy_skin_point_dist = 0.8
; fuzzy_skin_thickness = 0.3
; gap_fill_enabled = 1
; gap_fill_speed = 40
; gcode_comments = 0
; gcode_flavor = marlin
; gcode_label_objects = octoprint
; gcode_resolution = 0.0125
; gcode_substitutions = 
; high_current_on_filament_swap = 0
; host_type = prusalink
; idle_temperature = nil
; infill_acceleration = 1000
; infill_anchor = 2.5
; infill_anchor_max = 12
; infill_every_layers = 1
; infill_extruder = 1
; infill_extrusion_width = 0.45
; infill_first = 0
; infill_overlap = 15%
; infill_speed = 80
; interface_shells = 0
; interlocking_beam = 0
; interlocking_beam_layer_count = 2
; interlocking_beam_width = 0.8
; interlocking_boundary_avoidance = 2
; interlocking_depth = 2
; interlocking_orientation = 22.5
; ironing = 0
; ironing_flowrate = 15%
; ironing_spacing = 0.1
; ironing_speed = 15
; ironing_type = top
; layer_gcode = ;AFTER_LAYER_CHANGE\n;[layer_z]
; layer_height = 0.15
; machine_limits_usage = emit_to_gcode
; machine_max_acceleration_e = 5000,5000
; machine_max_acceleration_extruding = 1250,1250
; machine_max_acceleration_retracting = 1250,1250
; machine_max_acceleration_travel = 1500,1250
; machine_max_acceleration_x = 1000,960
; machine_max_acceleration_y = 1000,960
; machine_max_acceleration_z = 200,200
; machine_max_feedrate_e = 120,120
; machine_max_feedrate_x = 200,100
; machine_max_feedrate_y = 200,100
; machine_max_feedrate_z = 12,12
; machine_max_jerk_e = 4.5,4.5
; machine_max_jerk_x = 8,8
; machine_max_jerk_y = 8,8
; machine_max_jerk_z = 0.4,0.4
; machine_max_junction_deviation = 0,0
; machine_min_extruding_rate = 0,0
; machine_min_travel_rate = 0,0
; max_fan_speed = 100
; max_layer_height = 0.25
; max_print_height = 210
; max_print_speed = 200
; max_volumetric_extrusion_rate_slope_negative = 0
; max_volumetric_extrusion_rate_slope_positive = 0
; max_volumetric_speed = 0
; min_bead_width = 85%
; min_fan_speed = 100
; min_feature_size = 25%
; min_layer_height = 0.07
; min_print_speed = 15
; min_skirt_length = 4
; mmu_segmented_region_interlocking_depth = 0
; mmu_segmented_region_max_width = 0
; multimaterial_purging = 140
; notes = 
; nozzle_diameter = 0.4
; nozzle_high_flow = 0
; only_one_perimeter_first_layer = 0
; only_retract_when_crossing_perimeters = 0
; ooze_prevention = 0
; output_filename_format = {input_filename_base}_{layer_height}mm_{printing_filament_types}_{printer_model}_{print_time}.gcode
; over_bridge_speed = 0
; overhang_fan_speed_0 = 0
; overhang_fan_speed_1 = 0
; overhang_fan_speed_2 = 0
; overhang_fan_speed_3 = 0
; overhang_speed_0 = 15
; overhang_speed_1 = 15
; overhang_speed_2 = 20
; overhang_speed_3 = 25
; overhangs = 1
; parking_pos_retraction = 92
; pause_print_gcode = M601
; perimeter_acceleration = 800
; perimeter_extruder = 1
; perimeter_extrusion_width = 0.45
; perimeter_generator = arachne
; perimeter_speed = 45
; perimeters = 2
; physical_printer_settings_id = 
; post_process = 
; prefer_clockwise_movements = 0
; print_settings_id = 0.15mm QUALITY @MK3
; printer_model = MK3S
; printer_notes = Don't remove the following keywords! These keywords are used in the "compatible printer" condition of the print and filament profiles to link the particular print and filament profiles to this printer profile.\nPRINTER_VENDOR_PRUSA3D\nPRINTER_MODEL_MK3\n
; printer_settings_id = Original Prusa i3 MK3S & MK3S+
; printer_technology = FFF
; printer_variant = 0.4
; printer_vendor = 
; raft_contact_distance = 0.2
; raft_expansion = 1.5
; raft_first_layer_density = 90%
; raft_first_layer_expansion = 3
; raft_layers = 0
; remaining_times = 1
; resolution = 0
; retract_before_travel = 1
; retract_before_wipe = 0%
; retract_layer_change = 1
; retract_length = 0.8
; retract_length_toolchange = 4
; retract_lift = 0.4
; retract_lift_above = 0
; retract_lift_below = 209
; retract_restart_extra = 0
; retract_restart_extra_toolchange = 0
; retract_speed = 35
; scarf_seam_entire_loop = 0
; scarf_seam_length = 20
; scarf_seam_max_segment_length = 1
; scarf_seam_on_inner_perimeters = 0
; scarf_seam_only_on_smooth = 1
; scarf_seam_placement = nowhere
; scarf_seam_start_height = 0%
; seam_gap_distance = 15%
; seam_position = aligned
; silent_mode = 1
; single_extruder_multi_material = 0
; single_extruder_multi_material_priming = 0
; skirt_distance = 2
; skirt_height = 3
; skirts = 1
; slice_closing_radius = 0.049
; slicing_mode = regular
; slowdown_below_layer_time = 12
; small_perimeter_speed = 25
; solid_infill_acceleration = 0
; solid_infill_below_area = 0
; solid_infill_every_layers = 0
; solid_infill_extruder = 1
; solid_infill_extrusion_width = 0.45
; solid_infill_speed = 80
; spiral_vase = 0
; staggered_inner_seams = 0
; standby_temperature_delta = -5
; start_filament_gcode = "{if printer_notes!~/.*(MK3.5|MINIIS).*/}\nM900 K{if printer_notes=~/.*PRINTER_MODEL_MINI.*/ and nozzle_diameter[0]==0.6}0.12{elsif printer_notes=~/.*PRINTER_MODEL_MINI.*/ and nozzle_diameter[0]==0.8}0.06{elsif printer_notes=~/.*PRINTER_MODEL_MINI.*/}0.2{elsif nozzle_diameter[0]==0.8}0.01{elsif nozzle_diameter[0]==0.6}0.04{else}0.05{endif} ; Filament gcode LA 1.5\n{if printer_notes=~/.*PRINTER_MODEL_MINI.*/};{elsif printer_notes=~/.*PRINTER_HAS_BOWDEN.*/}M900 K200{elsif nozzle_diameter[0]==0.6}M900 K18{elsif nozzle_diameter[0]==0.8};{else}M900 K30{endif} ; Filament gcode LA 1.0\n{endif}\n\n{if printer_notes=~/.*MINIIS.*/}\nM572 S{if nozzle_diameter[0]==0.6}0.17{elsif nozzle_diameter[0]==0.8}0.12{elsif nozzle_diameter[0]==0.4}0.27{elsif nozzle_diameter[0]==0.25}0.85{else}0{endif}\n{endif}\n\n{if printer_notes=~/.*MK3.5.*/}\nM572 S{if nozzle_diameter[0]==0.4}0.035{elsif nozzle_diameter[0]==0.5}0.025{elsif nozzle_diameter[0]==0.6}0.02{elsif nozzle_diameter[0]==0.8}0.014{elsif nozzle_diameter[0]==0.25}0.12{elsif nozzle_diameter[0]==0.3}0.08{else}0{endif} ; Filament gcode\n{endif}"
; start_gcode = M862.3 P "[printer_model]" ; printer model check\nM862.1 P[nozzle_diameter] ; nozzle diameter check\nM115 U3.14.1 ; tell printer latest fw version\nG90 ; use absolute coordinates\nM83 ; extruder relative mode\nM104 S[first_layer_temperature] ; set extruder temp\nM140 S[first_layer_bed_temperature] ; set bed temp\nM190 S[first_layer_bed_temperature] ; wait for bed temp\nM109 S[first_layer_temperature] ; wait for extruder temp\nG28 W ; home all without mesh bed level\nG80 X{first_layer_print_min[0]} Y{first_layer_print_min[1]} W{(first_layer_print_max[0]) - (first_layer_print_min[0])} H{(first_layer_print_max[1]) - (first_layer_print_min[1])} ; mesh bed levelling\n{if filament_settings_id[initial_tool]=~/.*Prusament PA11.*/}\nG1 Z0.3 F720\nG1 Y-3 F1000 ; go outside print area\nG92 E0\nG1 X60 E9 F1000 ; intro line\nG1 X100 E9 F1000 ; intro line\n{else}\nG1 Z0.2 F720\nG1 Y-3 F1000 ; go outside print area\nG92 E0\nG1 X60 E9 F1000 ; intro line\nG1 X100 E12.5 F1000 ; intro line\n{endif}\nG92 E0\nM221 S{if layer_height<0.075}100{else}95{endif}\n\n; Don't change E values below. Excessive value can damage the printer.\n{if print_settings_id=~/.*(DETAIL @MK3|QUALITY @MK3).*/}M907 E430 ; set extruder motor current{endif}\n{if print_settings_id=~/.*(SPEED @MK3|DRAFT @MK3).*/}M907 E538 ; set extruder motor current{endif}
; support_material = 1
; support_material_angle = 0
; support_material_auto = 0
; support_material_bottom_contact_distance = 0
; support_material_bottom_interface_layers = 0
; support_material_buildplate_only = 0
; support_material_closing_radius = 2
; support_material_contact_distance = 0.2
; support_material_enforce_layers = 0
; support_material_extruder = 0
; support_material_extrusion_width = 0.35
; support_material_interface_contact_loops = 0
; support_material_interface_extruder = 0
; support_material_interface_layers = 2
; support_material_interface_pattern = rectilinear
; support_material_interface_spacing = 0.2
; support_material_interface_speed = 80%
; support_material_pattern = rectilinear
; support_material_spacing = 2
; support_material_speed = 50
; support_material_style = grid
; support_material_synchronize_layers = 0
; support_material_threshold = 50
; support_material_with_sheath = 0
; support_material_xy_spacing = 60%
; support_tree_angle = 40
; support_tree_angle_slow = 30
; support_tree_branch_diameter = 2
; support_tree_branch_diameter_angle = 3
; support_tree_branch_diameter_double_wall = 3
; support_tree_branch_distance = 1
; support_tree_tip_diameter = 0.8
; support_tree_top_rate = 30%
; temperature = 210
; template_custom_gcode = 
; thick_bridges = 0
; thin_walls = 0
; thumbnails = 160x120/PNG
; thumbnails_format = PNG
; toolchange_gcode = 
; toolchange_ordering = optimized
; top_fill_pattern = monotoniclines
; top_infill_extrusion_width = 0.4
; top_one_perimeter_type = none
; top_solid_infill_acceleration = 0
; top_solid_infill_speed = 40
; top_solid_layers = 6
; top_solid_min_thickness = 0.7
; travel_acceleration = 0
; travel_lift_before_obstacle = 0
; travel_max_lift = 0
; travel_ramping_lift = 0
; travel_short_distance_acceleration = 0
; travel_slope = 0
; travel_speed = 180
; travel_speed_z = 12
; use_firmware_retraction = 0
; use_relative_e_distances = 1
; use_volumetric_e = 0
; variable_layer_height = 1
; wall_distribution_count = 1
; wall_transition_angle = 10
; wall_transition_filter_deviation = 25%
; wall_transition_length = 100%
; wipe = 1
; wipe_into_infill = 0
; wipe_into_objects = 0
; wipe_tower = 1
; wipe_tower_acceleration = 0
; wipe_tower_bridging = 10
; wipe_tower_brim_width = 2
; wipe_tower_cone_angle = 0
; wipe_tower_extra_flow = 100%
; wipe_tower_extra_spacing = 100%
; wipe_tower_extruder = 0
; wipe_tower_no_sparse_layers = 0
; wipe_tower_width = 60
; wiping_volumes_matrix = 0
; wiping_volumes_use_custom_matrix = 0
; xy_size_compensation = 0
; z_offset = 0
; prusaslicer_config = end
M84 ; disable motors
