solid OpenSCAD_Model
  facet normal -0.980784 -0.195094 0
    outer loop
      vertex -9.93185 1.48236 0
      vertex -9.98289 1.73895 5
      vertex -9.98289 1.73895 0
    endloop
  endfacet
  facet normal -0.980784 -0.195094 0
    outer loop
      vertex -9.98289 1.73895 5
      vertex -9.93185 1.48236 0
      vertex -9.93185 1.48236 5
    endloop
  endfacet
  facet normal -0.946934 -0.321429 0
    outer loop
      vertex -9.84776 1.23463 0
      vertex -9.93185 1.48236 5
      vertex -9.93185 1.48236 0
    endloop
  endfacet
  facet normal -0.946934 -0.321429 0
    outer loop
      vertex -9.93185 1.48236 5
      vertex -9.84776 1.23463 0
      vertex -9.84776 1.23463 5
    endloop
  endfacet
  facet normal -0.997859 -0.0654027 0
    outer loop
      vertex -9.98289 1.73895 0
      vertex -10 2 5
      vertex -10 2 0
    endloop
  endfacet
  facet normal -0.997859 -0.0654027 0
    outer loop
      vertex -10 2 5
      vertex -9.98289 1.73895 0
      vertex -9.98289 1.73895 5
    endloop
  endfacet
  facet normal -0.896868 -0.442299 0
    outer loop
      vertex -9.73205 1 0
      vertex -9.84776 1.23463 5
      vertex -9.84776 1.23463 0
    endloop
  endfacet
  facet normal -0.896868 -0.442299 0
    outer loop
      vertex -9.84776 1.23463 5
      vertex -9.73205 1 0
      vertex -9.73205 1 5
    endloop
  endfacet
  facet normal -0.997859 0.0654027 0
    outer loop
      vertex -10 8 0
      vertex -9.98289 8.26105 5
      vertex -9.98289 8.26105 0
    endloop
  endfacet
  facet normal -0.997859 0.0654027 0
    outer loop
      vertex -9.98289 8.26105 5
      vertex -10 8 0
      vertex -10 8 5
    endloop
  endfacet
  facet normal -0.831474 0.555564 0
    outer loop
      vertex -9.73205 9 0
      vertex -9.58671 9.21752 5
      vertex -9.58671 9.21752 0
    endloop
  endfacet
  facet normal -0.831474 0.555564 0
    outer loop
      vertex -9.58671 9.21752 5
      vertex -9.73205 9 0
      vertex -9.73205 9 5
    endloop
  endfacet
  facet normal 0.0654023 -0.997859 0
    outer loop
      vertex 1 0 0
      vertex 1.26105 0.0171099 5
      vertex 1 0 5
    endloop
  endfacet
  facet normal 0.0654023 -0.997859 0
    outer loop
      vertex 1.26105 0.0171099 5
      vertex 1 0 0
      vertex 1.26105 0.0171099 0
    endloop
  endfacet
  facet normal -0.195086 -0.980786 0
    outer loop
      vertex -8.51764 0.0681477 0
      vertex -8.26105 0.0171099 5
      vertex -8.51764 0.0681477 5
    endloop
  endfacet
  facet normal -0.195086 -0.980786 -0
    outer loop
      vertex -8.26105 0.0171099 5
      vertex -8.51764 0.0681477 0
      vertex -8.26105 0.0171099 0
    endloop
  endfacet
  facet normal -0.751826 -0.659362 0
    outer loop
      vertex -9.41421 0.585786 0
      vertex -9.58671 0.782476 5
      vertex -9.58671 0.782476 0
    endloop
  endfacet
  facet normal -0.751826 -0.659362 0
    outer loop
      vertex -9.58671 0.782476 5
      vertex -9.41421 0.585786 0
      vertex -9.41421 0.585786 5
    endloop
  endfacet
  facet normal -1 0 0
    outer loop
      vertex -10 2 0
      vertex -10 8 5
      vertex -10 8 0
    endloop
  endfacet
  facet normal -1 -0 0
    outer loop
      vertex -10 8 5
      vertex -10 2 0
      vertex -10 2 5
    endloop
  endfacet
  facet normal 0 0 -1
    outer loop
      vertex 47.4 0 0
      vertex 49.4 2 0
      vertex 49.3829 1.73895 0
    endloop
  endfacet
  facet normal 0 0 -1
    outer loop
      vertex 49.4 2 0
      vertex 46.1 5 0
      vertex 49.4 8 0
    endloop
  endfacet
  facet normal 0 0 -1
    outer loop
      vertex 47.4 0 0
      vertex 49.3829 1.73895 0
      vertex 49.3319 1.48236 0
    endloop
  endfacet
  facet normal 0 0 -1
    outer loop
      vertex 46.0855 5.22189 0
      vertex 49.4 8 0
      vertex 46.1 5 0
    endloop
  endfacet
  facet normal 0 0 -1
    outer loop
      vertex 47.4 0 0
      vertex 49.3319 1.48236 0
      vertex 49.2478 1.23463 0
    endloop
  endfacet
  facet normal 0 0 -1
    outer loop
      vertex 46.0421 5.43999 0
      vertex 49.4 8 0
      vertex 46.0855 5.22189 0
    endloop
  endfacet
  facet normal 0 0 -1
    outer loop
      vertex 47.4 0 0
      vertex 49.2478 1.23463 0
      vertex 49.132 1 0
    endloop
  endfacet
  facet normal 0 0 -1
    outer loop
      vertex 45.9706 5.65056 0
      vertex 49.4 8 0
      vertex 46.0421 5.43999 0
    endloop
  endfacet
  facet normal 0 0 -1
    outer loop
      vertex 47.4 0 0
      vertex 49.132 1 0
      vertex 48.9867 0.782476 0
    endloop
  endfacet
  facet normal 0 0 -1
    outer loop
      vertex 45.8722 5.85 0
      vertex 49.4 8 0
      vertex 45.9706 5.65056 0
    endloop
  endfacet
  facet normal 0 0 -1
    outer loop
      vertex 47.4 0 0
      vertex 48.9867 0.782476 0
      vertex 48.8142 0.585786 0
    endloop
  endfacet
  facet normal 0 0 -1
    outer loop
      vertex 45.7487 6.03489 0
      vertex 49.4 8 0
      vertex 45.8722 5.85 0
    endloop
  endfacet
  facet normal 0 0 -1
    outer loop
      vertex 47.4 0 0
      vertex 48.8142 0.585786 0
      vertex 48.6175 0.413293 0
    endloop
  endfacet
  facet normal 0 0 -1
    outer loop
      vertex 45.6021 6.20208 0
      vertex 49.4 8 0
      vertex 45.7487 6.03489 0
    endloop
  endfacet
  facet normal 0 0 -1
    outer loop
      vertex 47.4 0 0
      vertex 48.6175 0.413293 0
      vertex 48.4 0.267949 0
    endloop
  endfacet
  facet normal 0 -0 -1
    outer loop
      vertex 47.4 10 0
      vertex 49.4 8 0
      vertex 45.6021 6.20208 0
    endloop
  endfacet
  facet normal 0 0 -1
    outer loop
      vertex 47.4 0 0
      vertex 48.4 0.267949 0
      vertex 48.1654 0.152241 0
    endloop
  endfacet
  facet normal 0 0 -1
    outer loop
      vertex 49.4 8 0
      vertex 47.4 10 0
      vertex 49.3829 8.26105 0
    endloop
  endfacet
  facet normal 0 0 -1
    outer loop
      vertex 47.4 0 0
      vertex 48.1654 0.152241 0
      vertex 47.9176 0.0681477 0
    endloop
  endfacet
  facet normal 0 0 -1
    outer loop
      vertex 49.3829 8.26105 0
      vertex 47.4 10 0
      vertex 49.3319 8.51764 0
    endloop
  endfacet
  facet normal 0 0 -1
    outer loop
      vertex 47.4 0 0
      vertex 47.9176 0.0681477 0
      vertex 47.6611 0.0171099 0
    endloop
  endfacet
  facet normal 0 0 -1
    outer loop
      vertex 49.3319 8.51764 0
      vertex 47.4 10 0
      vertex 49.2478 8.76537 0
    endloop
  endfacet
  facet normal -0 0 -1
    outer loop
      vertex 49.4 2 0
      vertex 47.4 0 0
      vertex 45.6021 3.79792 0
    endloop
  endfacet
  facet normal 0 0 -1
    outer loop
      vertex 49.2478 8.76537 0
      vertex 47.4 10 0
      vertex 49.132 9 0
    endloop
  endfacet
  facet normal 0 0 -1
    outer loop
      vertex 49.132 9 0
      vertex 47.4 10 0
      vertex 48.9867 9.21752 0
    endloop
  endfacet
  facet normal 0 0 -1
    outer loop
      vertex 49.4 2 0
      vertex 46.0855 4.77811 0
      vertex 46.1 5 0
    endloop
  endfacet
  facet normal 0 0 -1
    outer loop
      vertex 49.4 2 0
      vertex 46.0421 4.56001 0
      vertex 46.0855 4.77811 0
    endloop
  endfacet
  facet normal 0 0 -1
    outer loop
      vertex 49.4 2 0
      vertex 45.9706 4.34944 0
      vertex 46.0421 4.56001 0
    endloop
  endfacet
  facet normal 0 0 -1
    outer loop
      vertex 49.4 2 0
      vertex 45.8722 4.15 0
      vertex 45.9706 4.34944 0
    endloop
  endfacet
  facet normal 0 0 -1
    outer loop
      vertex 49.4 2 0
      vertex 45.7487 3.96511 0
      vertex 45.8722 4.15 0
    endloop
  endfacet
  facet normal 0 0 -1
    outer loop
      vertex 49.4 2 0
      vertex 45.6021 3.79792 0
      vertex 45.7487 3.96511 0
    endloop
  endfacet
  facet normal 0 0 -1
    outer loop
      vertex 47.4 0 0
      vertex 45.4349 3.6513 0
      vertex 45.6021 3.79792 0
    endloop
  endfacet
  facet normal 0 0 -1
    outer loop
      vertex 47.4 0 0
      vertex 45.25 3.52776 0
      vertex 45.4349 3.6513 0
    endloop
  endfacet
  facet normal 0 0 -1
    outer loop
      vertex 47.4 0 0
      vertex 45.0506 3.42941 0
      vertex 45.25 3.52776 0
    endloop
  endfacet
  facet normal 0 0 -1
    outer loop
      vertex 47.4 0 0
      vertex 44.84 3.35793 0
      vertex 45.0506 3.42941 0
    endloop
  endfacet
  facet normal 0 0 -1
    outer loop
      vertex 47.4 0 0
      vertex 44.6219 3.31454 0
      vertex 44.84 3.35793 0
    endloop
  endfacet
  facet normal 0 0 -1
    outer loop
      vertex 47.4 0 0
      vertex 44.4 3.3 0
      vertex 44.6219 3.31454 0
    endloop
  endfacet
  facet normal 0 0 -1
    outer loop
      vertex 47.4 0 0
      vertex 44.1781 3.31454 0
      vertex 44.4 3.3 0
    endloop
  endfacet
  facet normal 0 0 -1
    outer loop
      vertex 47.4 0 0
      vertex 43.96 3.35793 0
      vertex 44.1781 3.31454 0
    endloop
  endfacet
  facet normal 0 0 -1
    outer loop
      vertex 38.4 0 0
      vertex 43.96 3.35793 0
      vertex 47.4 0 0
    endloop
  endfacet
  facet normal -0 0 -1
    outer loop
      vertex 43.96 3.35793 0
      vertex 38.4 0 0
      vertex 43.7494 3.42941 0
    endloop
  endfacet
  facet normal -0 0 -1
    outer loop
      vertex 43.7494 3.42941 0
      vertex 38.4 0 0
      vertex 43.55 3.52776 0
    endloop
  endfacet
  facet normal -0 0 -1
    outer loop
      vertex 43.55 3.52776 0
      vertex 38.4 0 0
      vertex 43.3651 3.6513 0
    endloop
  endfacet
  facet normal 0 0 -1
    outer loop
      vertex 37.9 0.0646392 0
      vertex 42.7 5 0
      vertex 42.7145 4.77811 0
    endloop
  endfacet
  facet normal 0 0 -1
    outer loop
      vertex 38.4 0 0
      vertex 42.7145 4.77811 0
      vertex 42.7579 4.56001 0
    endloop
  endfacet
  facet normal 0 0 -1
    outer loop
      vertex 38.4 0 0
      vertex 42.7579 4.56001 0
      vertex 42.8294 4.34944 0
    endloop
  endfacet
  facet normal 0 0 -1
    outer loop
      vertex 38.4 0 0
      vertex 42.8294 4.34944 0
      vertex 42.9278 4.15 0
    endloop
  endfacet
  facet normal -0 0 -1
    outer loop
      vertex 42.7 5 0
      vertex 37.9 0.0646392 0
      vertex 39.4 10 0
    endloop
  endfacet
  facet normal 0 0 -1
    outer loop
      vertex 42.7145 4.77811 0
      vertex 38.4 0 0
      vertex 37.9 0.0646392 0
    endloop
  endfacet
  facet normal -0 0 -1
    outer loop
      vertex 43.0513 3.96511 0
      vertex 38.4 0 0
      vertex 42.9278 4.15 0
    endloop
  endfacet
  facet normal -0 0 -1
    outer loop
      vertex 43.1979 3.79792 0
      vertex 38.4 0 0
      vertex 43.0513 3.96511 0
    endloop
  endfacet
  facet normal -0 0 -1
    outer loop
      vertex 43.3651 3.6513 0
      vertex 38.4 0 0
      vertex 43.1979 3.79792 0
    endloop
  endfacet
  facet normal 0 0 -1
    outer loop
      vertex 48.9867 9.21752 0
      vertex 47.4 10 0
      vertex 48.8142 9.41421 0
    endloop
  endfacet
  facet normal 0 0 -1
    outer loop
      vertex 48.8142 9.41421 0
      vertex 47.4 10 0
      vertex 48.6175 9.58671 0
    endloop
  endfacet
  facet normal 0 0 -1
    outer loop
      vertex 48.6175 9.58671 0
      vertex 47.4 10 0
      vertex 48.4 9.73205 0
    endloop
  endfacet
  facet normal 0 0 -1
    outer loop
      vertex 48.4 9.73205 0
      vertex 47.4 10 0
      vertex 48.1654 9.84776 0
    endloop
  endfacet
  facet normal 0 0 -1
    outer loop
      vertex 48.1654 9.84776 0
      vertex 47.4 10 0
      vertex 47.9176 9.93185 0
    endloop
  endfacet
  facet normal 0 0 -1
    outer loop
      vertex 47.9176 9.93185 0
      vertex 47.4 10 0
      vertex 47.6611 9.98289 0
    endloop
  endfacet
  facet normal 0 0 -1
    outer loop
      vertex 45.4349 6.3487 0
      vertex 47.4 10 0
      vertex 45.6021 6.20208 0
    endloop
  endfacet
  facet normal 0 0 -1
    outer loop
      vertex 45.25 6.47224 0
      vertex 47.4 10 0
      vertex 45.4349 6.3487 0
    endloop
  endfacet
  facet normal 0 0 -1
    outer loop
      vertex 45.0506 6.57059 0
      vertex 47.4 10 0
      vertex 45.25 6.47224 0
    endloop
  endfacet
  facet normal 0 0 -1
    outer loop
      vertex 44.84 6.64207 0
      vertex 47.4 10 0
      vertex 45.0506 6.57059 0
    endloop
  endfacet
  facet normal 0 0 -1
    outer loop
      vertex 44.6219 6.68546 0
      vertex 47.4 10 0
      vertex 44.84 6.64207 0
    endloop
  endfacet
  facet normal 0 0 -1
    outer loop
      vertex 44.4 6.7 0
      vertex 47.4 10 0
      vertex 44.6219 6.68546 0
    endloop
  endfacet
  facet normal 0 0 -1
    outer loop
      vertex 44.1781 6.68546 0
      vertex 47.4 10 0
      vertex 44.4 6.7 0
    endloop
  endfacet
  facet normal 0 0 -1
    outer loop
      vertex 39.4 10 0
      vertex 44.1781 6.68546 0
      vertex 43.96 6.64207 0
    endloop
  endfacet
  facet normal 0 0 -1
    outer loop
      vertex 39.4 10 0
      vertex 43.96 6.64207 0
      vertex 43.7494 6.57059 0
    endloop
  endfacet
  facet normal 0 0 -1
    outer loop
      vertex 39.4 10 0
      vertex 43.7494 6.57059 0
      vertex 43.55 6.47224 0
    endloop
  endfacet
  facet normal 0 0 -1
    outer loop
      vertex 39.4 10 0
      vertex 43.55 6.47224 0
      vertex 43.3651 6.3487 0
    endloop
  endfacet
  facet normal 0 0 -1
    outer loop
      vertex 39.4 10 0
      vertex 43.3651 6.3487 0
      vertex 43.1979 6.20208 0
    endloop
  endfacet
  facet normal 0 0 -1
    outer loop
      vertex 44.1781 6.68546 0
      vertex 39.4 10 0
      vertex 47.4 10 0
    endloop
  endfacet
  facet normal 0 0 -1
    outer loop
      vertex 43.0513 6.03489 0
      vertex 39.4 10 0
      vertex 43.1979 6.20208 0
    endloop
  endfacet
  facet normal 0 0 -1
    outer loop
      vertex 42.9278 5.85 0
      vertex 39.4 10 0
      vertex 43.0513 6.03489 0
    endloop
  endfacet
  facet normal 0 0 -1
    outer loop
      vertex 42.8294 5.65056 0
      vertex 39.4 10 0
      vertex 42.9278 5.85 0
    endloop
  endfacet
  facet normal 0 0 -1
    outer loop
      vertex 42.7579 5.43999 0
      vertex 39.4 10 0
      vertex 42.8294 5.65056 0
    endloop
  endfacet
  facet normal 0 0 -1
    outer loop
      vertex 42.7145 5.22189 0
      vertex 39.4 10 0
      vertex 42.7579 5.43999 0
    endloop
  endfacet
  facet normal 0 0 -1
    outer loop
      vertex 39.4 10 0
      vertex 42.7145 5.22189 0
      vertex 42.7 5 0
    endloop
  endfacet
  facet normal 0 0 -1
    outer loop
      vertex 0 21.78 0
      vertex -3.31454 26.5581 0
      vertex -3.3 26.78 0
    endloop
  endfacet
  facet normal 0 0 -1
    outer loop
      vertex 0 21.78 0
      vertex -3.35793 26.34 0
      vertex -3.31454 26.5581 0
    endloop
  endfacet
  facet normal 0 0 -1
    outer loop
      vertex 0 21.78 0
      vertex -3.42941 26.1294 0
      vertex -3.35793 26.34 0
    endloop
  endfacet
  facet normal 0 0 -1
    outer loop
      vertex 0 21.78 0
      vertex -3.52776 25.93 0
      vertex -3.42941 26.1294 0
    endloop
  endfacet
  facet normal 0 0 -1
    outer loop
      vertex 0 21.78 0
      vertex -3.6513 25.7451 0
      vertex -3.52776 25.93 0
    endloop
  endfacet
  facet normal 0 0 -1
    outer loop
      vertex 0 21.78 0
      vertex -3.79792 25.5779 0
      vertex -3.6513 25.7451 0
    endloop
  endfacet
  facet normal 0 0 -1
    outer loop
      vertex 0 21.78 0
      vertex -3.96511 25.4313 0
      vertex -3.79792 25.5779 0
    endloop
  endfacet
  facet normal 0 0 -1
    outer loop
      vertex 0 21.78 0
      vertex -4.15 25.3078 0
      vertex -3.96511 25.4313 0
    endloop
  endfacet
  facet normal 0 0 -1
    outer loop
      vertex 0 21.78 0
      vertex -4.34944 25.2094 0
      vertex -4.15 25.3078 0
    endloop
  endfacet
  facet normal 0 0 -1
    outer loop
      vertex 0 21.78 0
      vertex -4.56001 25.1379 0
      vertex -4.34944 25.2094 0
    endloop
  endfacet
  facet normal 0 0 -1
    outer loop
      vertex 0 21.78 0
      vertex -4.77811 25.0945 0
      vertex -4.56001 25.1379 0
    endloop
  endfacet
  facet normal 0 0 -1
    outer loop
      vertex -8 21.78 0
      vertex -4.77811 25.0945 0
      vertex 0 21.78 0
    endloop
  endfacet
  facet normal 0 0 -1
    outer loop
      vertex -4.77811 25.0945 0
      vertex -8 21.78 0
      vertex -5 25.08 0
    endloop
  endfacet
  facet normal -0 0 -1
    outer loop
      vertex -5 25.08 0
      vertex -8 21.78 0
      vertex -5.22189 25.0945 0
    endloop
  endfacet
  facet normal -0 0 -1
    outer loop
      vertex -5.22189 25.0945 0
      vertex -8 21.78 0
      vertex -5.43999 25.1379 0
    endloop
  endfacet
  facet normal -0 0 -1
    outer loop
      vertex -5.43999 25.1379 0
      vertex -8 21.78 0
      vertex -5.65056 25.2094 0
    endloop
  endfacet
  facet normal -0 0 -1
    outer loop
      vertex -6.64207 26.34 0
      vertex -10 23.78 0
      vertex -6.68546 26.5581 0
    endloop
  endfacet
  facet normal -0 0 -1
    outer loop
      vertex -6.57059 26.1294 0
      vertex -10 23.78 0
      vertex -6.64207 26.34 0
    endloop
  endfacet
  facet normal -0 0 -1
    outer loop
      vertex -6.47224 25.93 0
      vertex -10 23.78 0
      vertex -6.57059 26.1294 0
    endloop
  endfacet
  facet normal -0 0 -1
    outer loop
      vertex -6.3487 25.7451 0
      vertex -10 23.78 0
      vertex -6.47224 25.93 0
    endloop
  endfacet
  facet normal -0 0 -1
    outer loop
      vertex -6.20208 25.5779 0
      vertex -10 23.78 0
      vertex -6.3487 25.7451 0
    endloop
  endfacet
  facet normal 0 0 -1
    outer loop
      vertex -10 23.78 0
      vertex -6.20208 25.5779 0
      vertex -8 21.78 0
    endloop
  endfacet
  facet normal -0 0 -1
    outer loop
      vertex -6.03489 25.4313 0
      vertex -8 21.78 0
      vertex -6.20208 25.5779 0
    endloop
  endfacet
  facet normal -0 0 -1
    outer loop
      vertex -5.85 25.3078 0
      vertex -8 21.78 0
      vertex -6.03489 25.4313 0
    endloop
  endfacet
  facet normal -0 0 -1
    outer loop
      vertex -5.65056 25.2094 0
      vertex -8 21.78 0
      vertex -5.85 25.3078 0
    endloop
  endfacet
  facet normal 0 0 -1
    outer loop
      vertex -3.3 26.78 0
      vertex 1.5 31.7154 0
      vertex 0 21.78 0
    endloop
  endfacet
  facet normal 0 0 -1
    outer loop
      vertex -3.31454 27.0019 0
      vertex 1.5 31.7154 0
      vertex -3.3 26.78 0
    endloop
  endfacet
  facet normal -0 0 -1
    outer loop
      vertex 1.5 31.7154 0
      vertex -3.31454 27.0019 0
      vertex 1 31.78 0
    endloop
  endfacet
  facet normal 0 0 -1
    outer loop
      vertex -3.35793 27.22 0
      vertex 1 31.78 0
      vertex -3.31454 27.0019 0
    endloop
  endfacet
  facet normal 0 0 -1
    outer loop
      vertex -3.42941 27.4306 0
      vertex 1 31.78 0
      vertex -3.35793 27.22 0
    endloop
  endfacet
  facet normal 0 0 -1
    outer loop
      vertex -3.52776 27.63 0
      vertex 1 31.78 0
      vertex -3.42941 27.4306 0
    endloop
  endfacet
  facet normal 0 0 -1
    outer loop
      vertex -3.6513 27.8149 0
      vertex 1 31.78 0
      vertex -3.52776 27.63 0
    endloop
  endfacet
  facet normal 0 0 -1
    outer loop
      vertex -3.79792 27.9821 0
      vertex 1 31.78 0
      vertex -3.6513 27.8149 0
    endloop
  endfacet
  facet normal 0 0 -1
    outer loop
      vertex -3.96511 28.1287 0
      vertex 1 31.78 0
      vertex -3.79792 27.9821 0
    endloop
  endfacet
  facet normal 0 0 -1
    outer loop
      vertex -4.15 28.2522 0
      vertex 1 31.78 0
      vertex -3.96511 28.1287 0
    endloop
  endfacet
  facet normal 0 0 -1
    outer loop
      vertex -4.34944 28.3506 0
      vertex 1 31.78 0
      vertex -4.15 28.2522 0
    endloop
  endfacet
  facet normal 0 0 -1
    outer loop
      vertex -4.56001 28.4221 0
      vertex 1 31.78 0
      vertex -4.34944 28.3506 0
    endloop
  endfacet
  facet normal 0 0 -1
    outer loop
      vertex -8 31.78 0
      vertex -4.56001 28.4221 0
      vertex -4.77811 28.4655 0
    endloop
  endfacet
  facet normal 0 0 -1
    outer loop
      vertex -8 31.78 0
      vertex -4.77811 28.4655 0
      vertex -5 28.48 0
    endloop
  endfacet
  facet normal 0 0 -1
    outer loop
      vertex -8 31.78 0
      vertex -5 28.48 0
      vertex -5.22189 28.4655 0
    endloop
  endfacet
  facet normal 0 0 -1
    outer loop
      vertex -8 31.78 0
      vertex -5.22189 28.4655 0
      vertex -5.43999 28.4221 0
    endloop
  endfacet
  facet normal 0 0 -1
    outer loop
      vertex -8 31.78 0
      vertex -5.43999 28.4221 0
      vertex -5.65056 28.3506 0
    endloop
  endfacet
  facet normal 0 0 -1
    outer loop
      vertex -8 31.78 0
      vertex -5.65056 28.3506 0
      vertex -5.85 28.2522 0
    endloop
  endfacet
  facet normal -0 0 -1
    outer loop
      vertex -6.68546 26.5581 0
      vertex -10 23.78 0
      vertex -6.7 26.78 0
    endloop
  endfacet
  facet normal 0 0 -1
    outer loop
      vertex -10 29.78 0
      vertex -6.7 26.78 0
      vertex -10 23.78 0
    endloop
  endfacet
  facet normal 0 0 -1
    outer loop
      vertex -4.56001 28.4221 0
      vertex -8 31.78 0
      vertex 1 31.78 0
    endloop
  endfacet
  facet normal 0 0 -1
    outer loop
      vertex -6.03489 28.1287 0
      vertex -8 31.78 0
      vertex -5.85 28.2522 0
    endloop
  endfacet
  facet normal 0 0 -1
    outer loop
      vertex -6.20208 27.9821 0
      vertex -8 31.78 0
      vertex -6.03489 28.1287 0
    endloop
  endfacet
  facet normal 0 0 -1
    outer loop
      vertex -10 29.78 0
      vertex -6.20208 27.9821 0
      vertex -6.3487 27.8149 0
    endloop
  endfacet
  facet normal 0 0 -1
    outer loop
      vertex -10 29.78 0
      vertex -6.3487 27.8149 0
      vertex -6.47224 27.63 0
    endloop
  endfacet
  facet normal 0 0 -1
    outer loop
      vertex -10 29.78 0
      vertex -6.47224 27.63 0
      vertex -6.57059 27.4306 0
    endloop
  endfacet
  facet normal 0 0 -1
    outer loop
      vertex -10 29.78 0
      vertex -6.57059 27.4306 0
      vertex -6.64207 27.22 0
    endloop
  endfacet
  facet normal 0 0 -1
    outer loop
      vertex -6.7 26.78 0
      vertex -10 29.78 0
      vertex -6.68546 27.0019 0
    endloop
  endfacet
  facet normal 0 0 -1
    outer loop
      vertex -10 23.78 0
      vertex -8 21.78 0
      vertex -8.26105 21.7971 0
    endloop
  endfacet
  facet normal 0 0 -1
    outer loop
      vertex -6.68546 27.0019 0
      vertex -10 29.78 0
      vertex -6.64207 27.22 0
    endloop
  endfacet
  facet normal 0 0 -1
    outer loop
      vertex -10 23.78 0
      vertex -8.26105 21.7971 0
      vertex -8.51764 21.8481 0
    endloop
  endfacet
  facet normal 0 0 -1
    outer loop
      vertex -6.20208 27.9821 0
      vertex -10 29.78 0
      vertex -8 31.78 0
    endloop
  endfacet
  facet normal 0 0 -1
    outer loop
      vertex -10 23.78 0
      vertex -8.51764 21.8481 0
      vertex -8.76537 21.9322 0
    endloop
  endfacet
  facet normal 0 0 -1
    outer loop
      vertex -8 31.78 0
      vertex -10 29.78 0
      vertex -8.26105 31.7629 0
    endloop
  endfacet
  facet normal 0 0 -1
    outer loop
      vertex -10 23.78 0
      vertex -8.76537 21.9322 0
      vertex -9 22.0479 0
    endloop
  endfacet
  facet normal 0 0 -1
    outer loop
      vertex -8.26105 31.7629 0
      vertex -10 29.78 0
      vertex -8.51764 31.7119 0
    endloop
  endfacet
  facet normal 0 0 -1
    outer loop
      vertex -10 23.78 0
      vertex -9 22.0479 0
      vertex -9.21752 22.1933 0
    endloop
  endfacet
  facet normal 0 0 -1
    outer loop
      vertex -8.51764 31.7119 0
      vertex -10 29.78 0
      vertex -8.76537 31.6278 0
    endloop
  endfacet
  facet normal 0 0 -1
    outer loop
      vertex -10 23.78 0
      vertex -9.21752 22.1933 0
      vertex -9.41421 22.3658 0
    endloop
  endfacet
  facet normal 0 0 -1
    outer loop
      vertex -8.76537 31.6278 0
      vertex -10 29.78 0
      vertex -9 31.5121 0
    endloop
  endfacet
  facet normal 0 0 -1
    outer loop
      vertex -10 23.78 0
      vertex -9.41421 22.3658 0
      vertex -9.58671 22.5625 0
    endloop
  endfacet
  facet normal 0 0 -1
    outer loop
      vertex -9 31.5121 0
      vertex -10 29.78 0
      vertex -9.21752 31.3667 0
    endloop
  endfacet
  facet normal 0 0 -1
    outer loop
      vertex -10 23.78 0
      vertex -9.58671 22.5625 0
      vertex -9.73205 22.78 0
    endloop
  endfacet
  facet normal 0 0 -1
    outer loop
      vertex -9.21752 31.3667 0
      vertex -10 29.78 0
      vertex -9.41421 31.1942 0
    endloop
  endfacet
  facet normal 0 0 -1
    outer loop
      vertex -10 23.78 0
      vertex -9.73205 22.78 0
      vertex -9.84776 23.0146 0
    endloop
  endfacet
  facet normal 0 0 -1
    outer loop
      vertex -9.41421 31.1942 0
      vertex -10 29.78 0
      vertex -9.58671 30.9975 0
    endloop
  endfacet
  facet normal 0 0 -1
    outer loop
      vertex -10 23.78 0
      vertex -9.84776 23.0146 0
      vertex -9.93185 23.2624 0
    endloop
  endfacet
  facet normal 0 0 -1
    outer loop
      vertex -9.58671 30.9975 0
      vertex -10 29.78 0
      vertex -9.73205 30.78 0
    endloop
  endfacet
  facet normal 0 0 -1
    outer loop
      vertex -10 23.78 0
      vertex -9.93185 23.2624 0
      vertex -9.98289 23.5189 0
    endloop
  endfacet
  facet normal 0 0 -1
    outer loop
      vertex -9.73205 30.78 0
      vertex -10 29.78 0
      vertex -9.84776 30.5454 0
    endloop
  endfacet
  facet normal 0 0 -1
    outer loop
      vertex -9.84776 30.5454 0
      vertex -10 29.78 0
      vertex -9.93185 30.2976 0
    endloop
  endfacet
  facet normal 0 0 -1
    outer loop
      vertex -9.93185 30.2976 0
      vertex -10 29.78 0
      vertex -9.98289 30.0411 0
    endloop
  endfacet
  facet normal 0 0 -1
    outer loop
      vertex -3.31454 5.22189 0
      vertex 0 10 0
      vertex -3.3 5 0
    endloop
  endfacet
  facet normal 0 0 -1
    outer loop
      vertex -3.35793 5.43999 0
      vertex 0 10 0
      vertex -3.31454 5.22189 0
    endloop
  endfacet
  facet normal 0 0 -1
    outer loop
      vertex -3.42941 5.65056 0
      vertex 0 10 0
      vertex -3.35793 5.43999 0
    endloop
  endfacet
  facet normal 0 0 -1
    outer loop
      vertex -3.52776 5.85 0
      vertex 0 10 0
      vertex -3.42941 5.65056 0
    endloop
  endfacet
  facet normal 0 0 -1
    outer loop
      vertex -3.6513 6.03489 0
      vertex 0 10 0
      vertex -3.52776 5.85 0
    endloop
  endfacet
  facet normal 0 0 -1
    outer loop
      vertex -3.79792 6.20208 0
      vertex 0 10 0
      vertex -3.6513 6.03489 0
    endloop
  endfacet
  facet normal 0 0 -1
    outer loop
      vertex -3.96511 6.3487 0
      vertex 0 10 0
      vertex -3.79792 6.20208 0
    endloop
  endfacet
  facet normal 0 0 -1
    outer loop
      vertex -4.15 6.47224 0
      vertex 0 10 0
      vertex -3.96511 6.3487 0
    endloop
  endfacet
  facet normal 0 0 -1
    outer loop
      vertex -4.34944 6.57059 0
      vertex 0 10 0
      vertex -4.15 6.47224 0
    endloop
  endfacet
  facet normal 0 0 -1
    outer loop
      vertex -4.56001 6.64207 0
      vertex 0 10 0
      vertex -4.34944 6.57059 0
    endloop
  endfacet
  facet normal 0 0 -1
    outer loop
      vertex -4.77811 6.68546 0
      vertex 0 10 0
      vertex -4.56001 6.64207 0
    endloop
  endfacet
  facet normal 0 0 -1
    outer loop
      vertex -8 10 0
      vertex -4.77811 6.68546 0
      vertex -5 6.7 0
    endloop
  endfacet
  facet normal 0 0 -1
    outer loop
      vertex -8 10 0
      vertex -5 6.7 0
      vertex -5.22189 6.68546 0
    endloop
  endfacet
  facet normal 0 0 -1
    outer loop
      vertex -8 10 0
      vertex -5.22189 6.68546 0
      vertex -5.43999 6.64207 0
    endloop
  endfacet
  facet normal 0 0 -1
    outer loop
      vertex -8 10 0
      vertex -5.43999 6.64207 0
      vertex -5.65056 6.57059 0
    endloop
  endfacet
  facet normal 0 0 -1
    outer loop
      vertex -8 10 0
      vertex -5.65056 6.57059 0
      vertex -5.85 6.47224 0
    endloop
  endfacet
  facet normal -0 0 -1
    outer loop
      vertex -6.68546 4.77811 0
      vertex -10 2 0
      vertex -6.7 5 0
    endloop
  endfacet
  facet normal 0 0 -1
    outer loop
      vertex -10 8 0
      vertex -6.7 5 0
      vertex -10 2 0
    endloop
  endfacet
  facet normal 0 0 -1
    outer loop
      vertex -4.77811 6.68546 0
      vertex -8 10 0
      vertex 0 10 0
    endloop
  endfacet
  facet normal 0 0 -1
    outer loop
      vertex -6.03489 6.3487 0
      vertex -8 10 0
      vertex -5.85 6.47224 0
    endloop
  endfacet
  facet normal 0 0 -1
    outer loop
      vertex -6.20208 6.20208 0
      vertex -8 10 0
      vertex -6.03489 6.3487 0
    endloop
  endfacet
  facet normal 0 0 -1
    outer loop
      vertex -10 8 0
      vertex -6.20208 6.20208 0
      vertex -6.3487 6.03489 0
    endloop
  endfacet
  facet normal 0 0 -1
    outer loop
      vertex -10 8 0
      vertex -6.3487 6.03489 0
      vertex -6.47224 5.85 0
    endloop
  endfacet
  facet normal 0 0 -1
    outer loop
      vertex -10 8 0
      vertex -6.47224 5.85 0
      vertex -6.57059 5.65056 0
    endloop
  endfacet
  facet normal 0 0 -1
    outer loop
      vertex -10 8 0
      vertex -6.57059 5.65056 0
      vertex -6.64207 5.43999 0
    endloop
  endfacet
  facet normal 0 0 -1
    outer loop
      vertex -6.7 5 0
      vertex -10 8 0
      vertex -6.68546 5.22189 0
    endloop
  endfacet
  facet normal 0 0 -1
    outer loop
      vertex -10 2 0
      vertex -8 0 0
      vertex -8.26105 0.0171099 0
    endloop
  endfacet
  facet normal 0 0 -1
    outer loop
      vertex -6.68546 5.22189 0
      vertex -10 8 0
      vertex -6.64207 5.43999 0
    endloop
  endfacet
  facet normal 0 0 -1
    outer loop
      vertex -10 2 0
      vertex -8.26105 0.0171099 0
      vertex -8.51764 0.0681477 0
    endloop
  endfacet
  facet normal 0 0 -1
    outer loop
      vertex -6.20208 6.20208 0
      vertex -10 8 0
      vertex -8 10 0
    endloop
  endfacet
  facet normal 0 0 -1
    outer loop
      vertex -10 2 0
      vertex -8.51764 0.0681477 0
      vertex -8.76537 0.152241 0
    endloop
  endfacet
  facet normal 0 0 -1
    outer loop
      vertex -8 10 0
      vertex -10 8 0
      vertex -8.26105 9.98289 0
    endloop
  endfacet
  facet normal 0 0 -1
    outer loop
      vertex -10 2 0
      vertex -8.76537 0.152241 0
      vertex -9 0.267949 0
    endloop
  endfacet
  facet normal 0 0 -1
    outer loop
      vertex -8.26105 9.98289 0
      vertex -10 8 0
      vertex -8.51764 9.93185 0
    endloop
  endfacet
  facet normal 0 0 -1
    outer loop
      vertex -10 2 0
      vertex -9 0.267949 0
      vertex -9.21752 0.413293 0
    endloop
  endfacet
  facet normal 0 0 -1
    outer loop
      vertex -8.51764 9.93185 0
      vertex -10 8 0
      vertex -8.76537 9.84776 0
    endloop
  endfacet
  facet normal 0 0 -1
    outer loop
      vertex -10 2 0
      vertex -9.21752 0.413293 0
      vertex -9.41421 0.585786 0
    endloop
  endfacet
  facet normal 0 0 -1
    outer loop
      vertex -8.76537 9.84776 0
      vertex -10 8 0
      vertex -9 9.73205 0
    endloop
  endfacet
  facet normal 0 0 -1
    outer loop
      vertex -10 2 0
      vertex -9.41421 0.585786 0
      vertex -9.58671 0.782476 0
    endloop
  endfacet
  facet normal 0 0 -1
    outer loop
      vertex -9 9.73205 0
      vertex -10 8 0
      vertex -9.21752 9.58671 0
    endloop
  endfacet
  facet normal 0 0 -1
    outer loop
      vertex -10 2 0
      vertex -9.58671 0.782476 0
      vertex -9.73205 1 0
    endloop
  endfacet
  facet normal 0 0 -1
    outer loop
      vertex -9.21752 9.58671 0
      vertex -10 8 0
      vertex -9.41421 9.41421 0
    endloop
  endfacet
  facet normal 0 0 -1
    outer loop
      vertex -10 2 0
      vertex -9.73205 1 0
      vertex -9.84776 1.23463 0
    endloop
  endfacet
  facet normal 0 0 -1
    outer loop
      vertex -9.41421 9.41421 0
      vertex -10 8 0
      vertex -9.58671 9.21752 0
    endloop
  endfacet
  facet normal 0 0 -1
    outer loop
      vertex -10 2 0
      vertex -9.84776 1.23463 0
      vertex -9.93185 1.48236 0
    endloop
  endfacet
  facet normal 0 0 -1
    outer loop
      vertex -9.58671 9.21752 0
      vertex -10 8 0
      vertex -9.73205 9 0
    endloop
  endfacet
  facet normal 0 0 -1
    outer loop
      vertex -10 2 0
      vertex -9.93185 1.48236 0
      vertex -9.98289 1.73895 0
    endloop
  endfacet
  facet normal 0 0 -1
    outer loop
      vertex -9.73205 9 0
      vertex -10 8 0
      vertex -9.84776 8.76537 0
    endloop
  endfacet
  facet normal 0 0 -1
    outer loop
      vertex -9.84776 8.76537 0
      vertex -10 8 0
      vertex -9.93185 8.51764 0
    endloop
  endfacet
  facet normal 0 0 -1
    outer loop
      vertex -9.93185 8.51764 0
      vertex -10 8 0
      vertex -9.98289 8.26105 0
    endloop
  endfacet
  facet normal 0 0 -1
    outer loop
      vertex 47.4 21.78 0
      vertex 49.4 23.78 0
      vertex 49.3829 23.5189 0
    endloop
  endfacet
  facet normal 0 0 -1
    outer loop
      vertex 49.4 23.78 0
      vertex 46.1 26.78 0
      vertex 49.4 29.78 0
    endloop
  endfacet
  facet normal 0 0 -1
    outer loop
      vertex 47.4 21.78 0
      vertex 49.3829 23.5189 0
      vertex 49.3319 23.2624 0
    endloop
  endfacet
  facet normal 0 0 -1
    outer loop
      vertex 46.0855 27.0019 0
      vertex 49.4 29.78 0
      vertex 46.1 26.78 0
    endloop
  endfacet
  facet normal 0 0 -1
    outer loop
      vertex 47.4 21.78 0
      vertex 49.3319 23.2624 0
      vertex 49.2478 23.0146 0
    endloop
  endfacet
  facet normal 0 0 -1
    outer loop
      vertex 46.0421 27.22 0
      vertex 49.4 29.78 0
      vertex 46.0855 27.0019 0
    endloop
  endfacet
  facet normal 0 0 -1
    outer loop
      vertex 47.4 21.78 0
      vertex 49.2478 23.0146 0
      vertex 49.132 22.78 0
    endloop
  endfacet
  facet normal 0 0 -1
    outer loop
      vertex 45.9706 27.4306 0
      vertex 49.4 29.78 0
      vertex 46.0421 27.22 0
    endloop
  endfacet
  facet normal 0 0 -1
    outer loop
      vertex 47.4 21.78 0
      vertex 49.132 22.78 0
      vertex 48.9867 22.5625 0
    endloop
  endfacet
  facet normal 0 0 -1
    outer loop
      vertex 45.8722 27.63 0
      vertex 49.4 29.78 0
      vertex 45.9706 27.4306 0
    endloop
  endfacet
  facet normal 0 0 -1
    outer loop
      vertex 47.4 21.78 0
      vertex 48.9867 22.5625 0
      vertex 48.8142 22.3658 0
    endloop
  endfacet
  facet normal 0 0 -1
    outer loop
      vertex 45.7487 27.8149 0
      vertex 49.4 29.78 0
      vertex 45.8722 27.63 0
    endloop
  endfacet
  facet normal 0 0 -1
    outer loop
      vertex 47.4 21.78 0
      vertex 48.8142 22.3658 0
      vertex 48.6175 22.1933 0
    endloop
  endfacet
  facet normal 0 0 -1
    outer loop
      vertex 45.6021 27.9821 0
      vertex 49.4 29.78 0
      vertex 45.7487 27.8149 0
    endloop
  endfacet
  facet normal 0 0 -1
    outer loop
      vertex 47.4 21.78 0
      vertex 48.6175 22.1933 0
      vertex 48.4 22.0479 0
    endloop
  endfacet
  facet normal 0 -0 -1
    outer loop
      vertex 47.4 31.78 0
      vertex 49.4 29.78 0
      vertex 45.6021 27.9821 0
    endloop
  endfacet
  facet normal 0 0 -1
    outer loop
      vertex 47.4 21.78 0
      vertex 48.4 22.0479 0
      vertex 48.1654 21.9322 0
    endloop
  endfacet
  facet normal 0 0 -1
    outer loop
      vertex 49.4 29.78 0
      vertex 47.4 31.78 0
      vertex 49.3829 30.0411 0
    endloop
  endfacet
  facet normal 0 0 -1
    outer loop
      vertex 47.4 21.78 0
      vertex 48.1654 21.9322 0
      vertex 47.9176 21.8481 0
    endloop
  endfacet
  facet normal 0 0 -1
    outer loop
      vertex 49.3829 30.0411 0
      vertex 47.4 31.78 0
      vertex 49.3319 30.2976 0
    endloop
  endfacet
  facet normal 0 0 -1
    outer loop
      vertex 47.4 21.78 0
      vertex 47.9176 21.8481 0
      vertex 47.6611 21.7971 0
    endloop
  endfacet
  facet normal 0 0 -1
    outer loop
      vertex 49.3319 30.2976 0
      vertex 47.4 31.78 0
      vertex 49.2478 30.5454 0
    endloop
  endfacet
  facet normal -0 0 -1
    outer loop
      vertex 49.4 23.78 0
      vertex 47.4 21.78 0
      vertex 45.6021 25.5779 0
    endloop
  endfacet
  facet normal 0 0 -1
    outer loop
      vertex 49.2478 30.5454 0
      vertex 47.4 31.78 0
      vertex 49.132 30.78 0
    endloop
  endfacet
  facet normal 0 0 -1
    outer loop
      vertex 49.132 30.78 0
      vertex 47.4 31.78 0
      vertex 48.9867 30.9975 0
    endloop
  endfacet
  facet normal 0 0 -1
    outer loop
      vertex 49.4 23.78 0
      vertex 46.0855 26.5581 0
      vertex 46.1 26.78 0
    endloop
  endfacet
  facet normal 0 0 -1
    outer loop
      vertex 49.4 23.78 0
      vertex 46.0421 26.34 0
      vertex 46.0855 26.5581 0
    endloop
  endfacet
  facet normal 0 0 -1
    outer loop
      vertex 49.4 23.78 0
      vertex 45.9706 26.1294 0
      vertex 46.0421 26.34 0
    endloop
  endfacet
  facet normal 0 0 -1
    outer loop
      vertex 49.4 23.78 0
      vertex 45.8722 25.93 0
      vertex 45.9706 26.1294 0
    endloop
  endfacet
  facet normal 0 0 -1
    outer loop
      vertex 49.4 23.78 0
      vertex 45.7487 25.7451 0
      vertex 45.8722 25.93 0
    endloop
  endfacet
  facet normal 0 0 -1
    outer loop
      vertex 49.4 23.78 0
      vertex 45.6021 25.5779 0
      vertex 45.7487 25.7451 0
    endloop
  endfacet
  facet normal 0 0 -1
    outer loop
      vertex 47.4 21.78 0
      vertex 45.4349 25.4313 0
      vertex 45.6021 25.5779 0
    endloop
  endfacet
  facet normal 0 0 -1
    outer loop
      vertex 47.4 21.78 0
      vertex 45.25 25.3078 0
      vertex 45.4349 25.4313 0
    endloop
  endfacet
  facet normal 0 0 -1
    outer loop
      vertex 47.4 21.78 0
      vertex 45.0506 25.2094 0
      vertex 45.25 25.3078 0
    endloop
  endfacet
  facet normal 0 0 -1
    outer loop
      vertex 47.4 21.78 0
      vertex 44.84 25.1379 0
      vertex 45.0506 25.2094 0
    endloop
  endfacet
  facet normal 0 0 -1
    outer loop
      vertex 47.4 21.78 0
      vertex 44.6219 25.0945 0
      vertex 44.84 25.1379 0
    endloop
  endfacet
  facet normal 0 0 -1
    outer loop
      vertex 47.4 21.78 0
      vertex 44.4 25.08 0
      vertex 44.6219 25.0945 0
    endloop
  endfacet
  facet normal 0 0 -1
    outer loop
      vertex 47.4 21.78 0
      vertex 44.1781 25.0945 0
      vertex 44.4 25.08 0
    endloop
  endfacet
  facet normal 0 0 -1
    outer loop
      vertex 39.4 21.78 0
      vertex 44.1781 25.0945 0
      vertex 47.4 21.78 0
    endloop
  endfacet
  facet normal -0 0 -1
    outer loop
      vertex 44.1781 25.0945 0
      vertex 39.4 21.78 0
      vertex 43.96 25.1379 0
    endloop
  endfacet
  facet normal -0 0 -1
    outer loop
      vertex 43.96 25.1379 0
      vertex 39.4 21.78 0
      vertex 43.7494 25.2094 0
    endloop
  endfacet
  facet normal -0 0 -1
    outer loop
      vertex 43.7494 25.2094 0
      vertex 39.4 21.78 0
      vertex 43.55 25.3078 0
    endloop
  endfacet
  facet normal -0 0 -1
    outer loop
      vertex 43.55 25.3078 0
      vertex 39.4 21.78 0
      vertex 43.3651 25.4313 0
    endloop
  endfacet
  facet normal -0 0 -1
    outer loop
      vertex 42.7145 26.5581 0
      vertex 39.4 21.78 0
      vertex 42.7 26.78 0
    endloop
  endfacet
  facet normal -0 0 -1
    outer loop
      vertex 42.7579 26.34 0
      vertex 39.4 21.78 0
      vertex 42.7145 26.5581 0
    endloop
  endfacet
  facet normal -0 0 -1
    outer loop
      vertex 42.8294 26.1294 0
      vertex 39.4 21.78 0
      vertex 42.7579 26.34 0
    endloop
  endfacet
  facet normal -0 0 -1
    outer loop
      vertex 42.9278 25.93 0
      vertex 39.4 21.78 0
      vertex 42.8294 26.1294 0
    endloop
  endfacet
  facet normal -0 0 -1
    outer loop
      vertex 43.0513 25.7451 0
      vertex 39.4 21.78 0
      vertex 42.9278 25.93 0
    endloop
  endfacet
  facet normal -0 0 -1
    outer loop
      vertex 43.1979 25.5779 0
      vertex 39.4 21.78 0
      vertex 43.0513 25.7451 0
    endloop
  endfacet
  facet normal -0 0 -1
    outer loop
      vertex 43.3651 25.4313 0
      vertex 39.4 21.78 0
      vertex 43.1979 25.5779 0
    endloop
  endfacet
  facet normal 0 0 -1
    outer loop
      vertex 48.9867 30.9975 0
      vertex 47.4 31.78 0
      vertex 48.8142 31.1942 0
    endloop
  endfacet
  facet normal 0 0 -1
    outer loop
      vertex 48.8142 31.1942 0
      vertex 47.4 31.78 0
      vertex 48.6175 31.3667 0
    endloop
  endfacet
  facet normal 0 0 -1
    outer loop
      vertex 48.6175 31.3667 0
      vertex 47.4 31.78 0
      vertex 48.4 31.5121 0
    endloop
  endfacet
  facet normal 0 0 -1
    outer loop
      vertex 48.4 31.5121 0
      vertex 47.4 31.78 0
      vertex 48.1654 31.6278 0
    endloop
  endfacet
  facet normal 0 0 -1
    outer loop
      vertex 48.1654 31.6278 0
      vertex 47.4 31.78 0
      vertex 47.9176 31.7119 0
    endloop
  endfacet
  facet normal 0 0 -1
    outer loop
      vertex 47.9176 31.7119 0
      vertex 47.4 31.78 0
      vertex 47.6611 31.7629 0
    endloop
  endfacet
  facet normal 0 0 -1
    outer loop
      vertex 45.4349 28.1287 0
      vertex 47.4 31.78 0
      vertex 45.6021 27.9821 0
    endloop
  endfacet
  facet normal 0 0 -1
    outer loop
      vertex 45.25 28.2522 0
      vertex 47.4 31.78 0
      vertex 45.4349 28.1287 0
    endloop
  endfacet
  facet normal 0 0 -1
    outer loop
      vertex 45.0506 28.3506 0
      vertex 47.4 31.78 0
      vertex 45.25 28.2522 0
    endloop
  endfacet
  facet normal 0 0 -1
    outer loop
      vertex 44.84 28.4221 0
      vertex 47.4 31.78 0
      vertex 45.0506 28.3506 0
    endloop
  endfacet
  facet normal 0 0 -1
    outer loop
      vertex 44.6219 28.4655 0
      vertex 47.4 31.78 0
      vertex 44.84 28.4221 0
    endloop
  endfacet
  facet normal 0 0 -1
    outer loop
      vertex 44.4 28.48 0
      vertex 47.4 31.78 0
      vertex 44.6219 28.4655 0
    endloop
  endfacet
  facet normal 0 0 -1
    outer loop
      vertex 44.1781 28.4655 0
      vertex 47.4 31.78 0
      vertex 44.4 28.48 0
    endloop
  endfacet
  facet normal 0 0 -1
    outer loop
      vertex 43.96 28.4221 0
      vertex 47.4 31.78 0
      vertex 44.1781 28.4655 0
    endloop
  endfacet
  facet normal 0 0 -1
    outer loop
      vertex 38.4 31.78 0
      vertex 43.96 28.4221 0
      vertex 43.7494 28.3506 0
    endloop
  endfacet
  facet normal 0 0 -1
    outer loop
      vertex 38.4 31.78 0
      vertex 43.7494 28.3506 0
      vertex 43.55 28.2522 0
    endloop
  endfacet
  facet normal 0 0 -1
    outer loop
      vertex 38.4 31.78 0
      vertex 43.55 28.2522 0
      vertex 43.3651 28.1287 0
    endloop
  endfacet
  facet normal 0 0 -1
    outer loop
      vertex 38.4 31.78 0
      vertex 43.3651 28.1287 0
      vertex 43.1979 27.9821 0
    endloop
  endfacet
  facet normal 0 0 -1
    outer loop
      vertex 37.9 31.7154 0
      vertex 42.7 26.78 0
      vertex 39.4 21.78 0
    endloop
  endfacet
  facet normal 0 0 -1
    outer loop
      vertex 42.7 26.78 0
      vertex 37.9 31.7154 0
      vertex 42.7145 27.0019 0
    endloop
  endfacet
  facet normal 0 -0 -1
    outer loop
      vertex 38.4 31.78 0
      vertex 42.7145 27.0019 0
      vertex 37.9 31.7154 0
    endloop
  endfacet
  facet normal 0 0 -1
    outer loop
      vertex 42.7145 27.0019 0
      vertex 38.4 31.78 0
      vertex 42.7579 27.22 0
    endloop
  endfacet
  facet normal 0 0 -1
    outer loop
      vertex 43.96 28.4221 0
      vertex 38.4 31.78 0
      vertex 47.4 31.78 0
    endloop
  endfacet
  facet normal 0 0 -1
    outer loop
      vertex 43.0513 27.8149 0
      vertex 38.4 31.78 0
      vertex 43.1979 27.9821 0
    endloop
  endfacet
  facet normal 0 0 -1
    outer loop
      vertex 42.9278 27.63 0
      vertex 38.4 31.78 0
      vertex 43.0513 27.8149 0
    endloop
  endfacet
  facet normal 0 0 -1
    outer loop
      vertex 42.7579 27.22 0
      vertex 38.4 31.78 0
      vertex 42.8294 27.4306 0
    endloop
  endfacet
  facet normal 0 0 -1
    outer loop
      vertex 37.4 0 0
      vertex 39.4 10 0
      vertex 37.9 0.0646392 0
    endloop
  endfacet
  facet normal 0 0 -1
    outer loop
      vertex 37.9 0.0646392 0
      vertex 38.4 0 0
      vertex 38.1389 0.0171099 0
    endloop
  endfacet
  facet normal 0 0 -1
    outer loop
      vertex 0 10 0
      vertex 39.4 10 0
      vertex 37.4 0 0
    endloop
  endfacet
  facet normal 0 0 -1
    outer loop
      vertex 42.8294 27.4306 0
      vertex 38.4 31.78 0
      vertex 42.9278 27.63 0
    endloop
  endfacet
  facet normal 0 0 -1
    outer loop
      vertex 38.4 31.78 0
      vertex 37.9 31.7154 0
      vertex 38.1389 31.7629 0
    endloop
  endfacet
  facet normal 0 0 -1
    outer loop
      vertex 37.4 0 0
      vertex 37.9 0.0646392 0
      vertex 37.6611 0.0171099 0
    endloop
  endfacet
  facet normal 0 0 -1
    outer loop
      vertex 39.4 10 0
      vertex 0 10 0
      vertex 39.4 21.78 0
    endloop
  endfacet
  facet normal 0 0 -1
    outer loop
      vertex 39.4 21.78 0
      vertex 37.4 31.78 0
      vertex 37.9 31.7154 0
    endloop
  endfacet
  facet normal 0 0 -1
    outer loop
      vertex 37.9 31.7154 0
      vertex 37.4 31.78 0
      vertex 37.6611 31.7629 0
    endloop
  endfacet
  facet normal 0 0 -1
    outer loop
      vertex 0 10 0
      vertex 37.4 0 0
      vertex 2 0 0
    endloop
  endfacet
  facet normal 0 0 -1
    outer loop
      vertex 0 21.78 0
      vertex 39.4 21.78 0
      vertex 0 10 0
    endloop
  endfacet
  facet normal 0 0 -1
    outer loop
      vertex 1.5 0.0646393 0
      vertex 2 0 0
      vertex 1.73895 0.0171099 0
    endloop
  endfacet
  facet normal 0 0 -1
    outer loop
      vertex 39.4 21.78 0
      vertex 2 31.78 0
      vertex 37.4 31.78 0
    endloop
  endfacet
  facet normal 0 0 -1
    outer loop
      vertex 2 0 0
      vertex 1.5 0.0646393 0
      vertex 0 10 0
    endloop
  endfacet
  facet normal 0 0 -1
    outer loop
      vertex 39.4 21.78 0
      vertex 0 21.78 0
      vertex 2 31.78 0
    endloop
  endfacet
  facet normal 0 0 -1
    outer loop
      vertex 1 0 0
      vertex 1.5 0.0646393 0
      vertex 1.26105 0.0171099 0
    endloop
  endfacet
  facet normal 0 0 -1
    outer loop
      vertex 2 31.78 0
      vertex 1.5 31.7154 0
      vertex 1.73895 31.7629 0
    endloop
  endfacet
  facet normal -0 0 -1
    outer loop
      vertex 1.5 0.0646393 0
      vertex 1 0 0
      vertex -3.31454 4.77811 0
    endloop
  endfacet
  facet normal 0 0 -1
    outer loop
      vertex 2 31.78 0
      vertex 0 21.78 0
      vertex 1.5 31.7154 0
    endloop
  endfacet
  facet normal 0 0 -1
    outer loop
      vertex 1.5 31.7154 0
      vertex 1 31.78 0
      vertex 1.26105 31.7629 0
    endloop
  endfacet
  facet normal 0 0 -1
    outer loop
      vertex 1.5 0.0646393 0
      vertex -3.3 5 0
      vertex 0 10 0
    endloop
  endfacet
  facet normal 0 0 -1
    outer loop
      vertex 1.5 0.0646393 0
      vertex -3.31454 4.77811 0
      vertex -3.3 5 0
    endloop
  endfacet
  facet normal 0 0 -1
    outer loop
      vertex 1 0 0
      vertex -3.35793 4.56001 0
      vertex -3.31454 4.77811 0
    endloop
  endfacet
  facet normal 0 0 -1
    outer loop
      vertex 1 0 0
      vertex -3.42941 4.34944 0
      vertex -3.35793 4.56001 0
    endloop
  endfacet
  facet normal 0 0 -1
    outer loop
      vertex 1 0 0
      vertex -3.52776 4.15 0
      vertex -3.42941 4.34944 0
    endloop
  endfacet
  facet normal 0 0 -1
    outer loop
      vertex 1 0 0
      vertex -3.6513 3.96511 0
      vertex -3.52776 4.15 0
    endloop
  endfacet
  facet normal 0 0 -1
    outer loop
      vertex 1 0 0
      vertex -3.79792 3.79792 0
      vertex -3.6513 3.96511 0
    endloop
  endfacet
  facet normal 0 0 -1
    outer loop
      vertex 1 0 0
      vertex -3.96511 3.6513 0
      vertex -3.79792 3.79792 0
    endloop
  endfacet
  facet normal 0 0 -1
    outer loop
      vertex 1 0 0
      vertex -4.15 3.52776 0
      vertex -3.96511 3.6513 0
    endloop
  endfacet
  facet normal 0 0 -1
    outer loop
      vertex 1 0 0
      vertex -4.34944 3.42941 0
      vertex -4.15 3.52776 0
    endloop
  endfacet
  facet normal 0 0 -1
    outer loop
      vertex 1 0 0
      vertex -4.56001 3.35793 0
      vertex -4.34944 3.42941 0
    endloop
  endfacet
  facet normal 0 0 -1
    outer loop
      vertex -8 0 0
      vertex -4.56001 3.35793 0
      vertex 1 0 0
    endloop
  endfacet
  facet normal 0 0 -1
    outer loop
      vertex -4.56001 3.35793 0
      vertex -8 0 0
      vertex -4.77811 3.31454 0
    endloop
  endfacet
  facet normal 0 0 -1
    outer loop
      vertex -4.77811 3.31454 0
      vertex -8 0 0
      vertex -5 3.3 0
    endloop
  endfacet
  facet normal -0 0 -1
    outer loop
      vertex -5 3.3 0
      vertex -8 0 0
      vertex -5.22189 3.31454 0
    endloop
  endfacet
  facet normal -0 0 -1
    outer loop
      vertex -5.22189 3.31454 0
      vertex -8 0 0
      vertex -5.43999 3.35793 0
    endloop
  endfacet
  facet normal -0 0 -1
    outer loop
      vertex -5.43999 3.35793 0
      vertex -8 0 0
      vertex -5.65056 3.42941 0
    endloop
  endfacet
  facet normal -0 0 -1
    outer loop
      vertex -6.64207 4.56001 0
      vertex -10 2 0
      vertex -6.68546 4.77811 0
    endloop
  endfacet
  facet normal -0 0 -1
    outer loop
      vertex -6.57059 4.34944 0
      vertex -10 2 0
      vertex -6.64207 4.56001 0
    endloop
  endfacet
  facet normal -0 0 -1
    outer loop
      vertex -6.47224 4.15 0
      vertex -10 2 0
      vertex -6.57059 4.34944 0
    endloop
  endfacet
  facet normal -0 0 -1
    outer loop
      vertex -6.3487 3.96511 0
      vertex -10 2 0
      vertex -6.47224 4.15 0
    endloop
  endfacet
  facet normal -0 0 -1
    outer loop
      vertex -6.20208 3.79792 0
      vertex -10 2 0
      vertex -6.3487 3.96511 0
    endloop
  endfacet
  facet normal 0 0 -1
    outer loop
      vertex -10 2 0
      vertex -6.20208 3.79792 0
      vertex -8 0 0
    endloop
  endfacet
  facet normal -0 0 -1
    outer loop
      vertex -6.03489 3.6513 0
      vertex -8 0 0
      vertex -6.20208 3.79792 0
    endloop
  endfacet
  facet normal -0 0 -1
    outer loop
      vertex -5.85 3.52776 0
      vertex -8 0 0
      vertex -6.03489 3.6513 0
    endloop
  endfacet
  facet normal -0 0 -1
    outer loop
      vertex -5.65056 3.42941 0
      vertex -8 0 0
      vertex -5.85 3.52776 0
    endloop
  endfacet
  facet normal -0 0 1
    outer loop
      vertex -1.52994 5.45684 5
      vertex 0 2 5
      vertex 0 10 5
    endloop
  endfacet
  facet normal 0 0 1
    outer loop
      vertex 0 2 5
      vertex -1.52994 5.45684 5
      vertex -1.5 5 5
    endloop
  endfacet
  facet normal 0 0 1
    outer loop
      vertex 0 10 5
      vertex -1.61926 5.90587 5
      vertex -1.52994 5.45684 5
    endloop
  endfacet
  facet normal 0 0 1
    outer loop
      vertex 0 10 5
      vertex -1.76642 6.33939 5
      vertex -1.61926 5.90587 5
    endloop
  endfacet
  facet normal 0 0 1
    outer loop
      vertex 0 10 5
      vertex -1.96891 6.75 5
      vertex -1.76642 6.33939 5
    endloop
  endfacet
  facet normal 0 0 1
    outer loop
      vertex 0 10 5
      vertex -2.22326 7.13066 5
      vertex -1.96891 6.75 5
    endloop
  endfacet
  facet normal 0 0 1
    outer loop
      vertex 0 10 5
      vertex -2.52513 7.47487 5
      vertex -2.22326 7.13066 5
    endloop
  endfacet
  facet normal 0 0 1
    outer loop
      vertex 0 10 5
      vertex -2.86934 7.77674 5
      vertex -2.52513 7.47487 5
    endloop
  endfacet
  facet normal 0 0 1
    outer loop
      vertex 0 10 5
      vertex -3.25 8.03109 5
      vertex -2.86934 7.77674 5
    endloop
  endfacet
  facet normal 0 0 1
    outer loop
      vertex 0 10 5
      vertex -3.66061 8.23358 5
      vertex -3.25 8.03109 5
    endloop
  endfacet
  facet normal 0 0 1
    outer loop
      vertex 0 10 5
      vertex -4.09413 8.38074 5
      vertex -3.66061 8.23358 5
    endloop
  endfacet
  facet normal 0 0 1
    outer loop
      vertex 0 10 5
      vertex -4.54316 8.47006 5
      vertex -4.09413 8.38074 5
    endloop
  endfacet
  facet normal -0 0 1
    outer loop
      vertex -8 10 5
      vertex -4.54316 8.47006 5
      vertex 0 10 5
    endloop
  endfacet
  facet normal 0 0 1
    outer loop
      vertex -4.54316 8.47006 5
      vertex -8 10 5
      vertex -5 8.5 5
    endloop
  endfacet
  facet normal 0 0 1
    outer loop
      vertex -5 8.5 5
      vertex -8 10 5
      vertex -5.45684 8.47006 5
    endloop
  endfacet
  facet normal 0 0 1
    outer loop
      vertex -5.45684 8.47006 5
      vertex -8 10 5
      vertex -5.90587 8.38074 5
    endloop
  endfacet
  facet normal 0 0 1
    outer loop
      vertex -8 10 5
      vertex -6.33939 8.23358 5
      vertex -5.90587 8.38074 5
    endloop
  endfacet
  facet normal 0 0 1
    outer loop
      vertex -8 10 5
      vertex -6.75 8.03109 5
      vertex -6.33939 8.23358 5
    endloop
  endfacet
  facet normal 0 0 1
    outer loop
      vertex -8 10 5
      vertex -7.13066 7.77674 5
      vertex -6.75 8.03109 5
    endloop
  endfacet
  facet normal -0 0 1
    outer loop
      vertex -8.26105 9.98289 5
      vertex -7.13066 7.77674 5
      vertex -8 10 5
    endloop
  endfacet
  facet normal -0 0 1
    outer loop
      vertex -8.51764 9.93185 5
      vertex -7.13066 7.77674 5
      vertex -8.26105 9.98289 5
    endloop
  endfacet
  facet normal 0 0 1
    outer loop
      vertex -7.13066 7.77674 5
      vertex -8.51764 9.93185 5
      vertex -7.47487 7.47487 5
    endloop
  endfacet
  facet normal -0 0 1
    outer loop
      vertex -8.76537 9.84776 5
      vertex -7.47487 7.47487 5
      vertex -8.51764 9.93185 5
    endloop
  endfacet
  facet normal -0 0 1
    outer loop
      vertex -9 9.73205 5
      vertex -7.47487 7.47487 5
      vertex -8.76537 9.84776 5
    endloop
  endfacet
  facet normal -0 0 1
    outer loop
      vertex -9.21752 9.58671 5
      vertex -7.47487 7.47487 5
      vertex -9 9.73205 5
    endloop
  endfacet
  facet normal 0 0 1
    outer loop
      vertex -8.23358 6.33939 5
      vertex -10 8 5
      vertex -8.38074 5.90587 5
    endloop
  endfacet
  facet normal 0 0 1
    outer loop
      vertex -8.38074 5.90587 5
      vertex -10 8 5
      vertex -8.47006 5.45684 5
    endloop
  endfacet
  facet normal -0 0 1
    outer loop
      vertex -9.41421 9.41421 5
      vertex -7.47487 7.47487 5
      vertex -9.21752 9.58671 5
    endloop
  endfacet
  facet normal 0 0 1
    outer loop
      vertex 1.48236 0.0681477 5
      vertex 1.26105 0.0171099 5
      vertex 1.5 0.0646393 5
    endloop
  endfacet
  facet normal 0 0 1
    outer loop
      vertex 1.23463 0.152241 5
      vertex 1.26105 0.0171099 5
      vertex 1.48236 0.0681477 5
    endloop
  endfacet
  facet normal 0 0 1
    outer loop
      vertex 1 0 5
      vertex 1.23463 0.152241 5
      vertex 1 0.267949 5
    endloop
  endfacet
  facet normal 0 0 1
    outer loop
      vertex 1.23463 0.152241 5
      vertex 1 0 5
      vertex 1.26105 0.0171099 5
    endloop
  endfacet
  facet normal 0 0 1
    outer loop
      vertex 0.782476 0.413293 5
      vertex 1 0 5
      vertex 1 0.267949 5
    endloop
  endfacet
  facet normal 0 0 1
    outer loop
      vertex 0.585786 0.585786 5
      vertex 1 0 5
      vertex 0.782476 0.413293 5
    endloop
  endfacet
  facet normal 0 0 1
    outer loop
      vertex -3.66061 1.76642 5
      vertex 0.585786 0.585786 5
      vertex 0.413293 0.782476 5
    endloop
  endfacet
  facet normal -0 0 1
    outer loop
      vertex -1.52994 4.54316 5
      vertex 0 2 5
      vertex -1.5 5 5
    endloop
  endfacet
  facet normal -0 0 1
    outer loop
      vertex -1.61926 4.09413 5
      vertex 0 2 5
      vertex -1.52994 4.54316 5
    endloop
  endfacet
  facet normal -0 0 1
    outer loop
      vertex -1.76642 3.66061 5
      vertex 0 2 5
      vertex -1.61926 4.09413 5
    endloop
  endfacet
  facet normal -0 0 1
    outer loop
      vertex -1.96891 3.25 5
      vertex 0 2 5
      vertex -1.76642 3.66061 5
    endloop
  endfacet
  facet normal -0 0 1
    outer loop
      vertex -2.22326 2.86934 5
      vertex 0 2 5
      vertex -1.96891 3.25 5
    endloop
  endfacet
  facet normal -0 0 1
    outer loop
      vertex -2.52513 2.52513 5
      vertex 0 2 5
      vertex -2.22326 2.86934 5
    endloop
  endfacet
  facet normal 0 0 1
    outer loop
      vertex 0 2 5
      vertex -2.52513 2.52513 5
      vertex 0.0171099 1.73895 5
    endloop
  endfacet
  facet normal 0 0 1
    outer loop
      vertex 0.0171099 1.73895 5
      vertex -2.52513 2.52513 5
      vertex 0.0681477 1.48236 5
    endloop
  endfacet
  facet normal -0 0 1
    outer loop
      vertex -2.86934 2.22326 5
      vertex 0.0681477 1.48236 5
      vertex -2.52513 2.52513 5
    endloop
  endfacet
  facet normal 0 0 1
    outer loop
      vertex 0.0681477 1.48236 5
      vertex -2.86934 2.22326 5
      vertex 0.152241 1.23463 5
    endloop
  endfacet
  facet normal -0 0 1
    outer loop
      vertex -3.25 1.96891 5
      vertex 0.152241 1.23463 5
      vertex -2.86934 2.22326 5
    endloop
  endfacet
  facet normal 0 0 1
    outer loop
      vertex 0.152241 1.23463 5
      vertex -3.25 1.96891 5
      vertex 0.267949 1 5
    endloop
  endfacet
  facet normal 0 0 1
    outer loop
      vertex 0.267949 1 5
      vertex -3.25 1.96891 5
      vertex 0.413293 0.782476 5
    endloop
  endfacet
  facet normal -0 0 1
    outer loop
      vertex -3.66061 1.76642 5
      vertex 0.413293 0.782476 5
      vertex -3.25 1.96891 5
    endloop
  endfacet
  facet normal 0 0 1
    outer loop
      vertex 0.585786 0.585786 5
      vertex -3.66061 1.76642 5
      vertex 1 0 5
    endloop
  endfacet
  facet normal -0 0 1
    outer loop
      vertex -4.09413 1.61926 5
      vertex 1 0 5
      vertex -3.66061 1.76642 5
    endloop
  endfacet
  facet normal -0 0 1
    outer loop
      vertex -4.54316 1.52994 5
      vertex 1 0 5
      vertex -4.09413 1.61926 5
    endloop
  endfacet
  facet normal 0 0 1
    outer loop
      vertex -8 0 5
      vertex -4.54316 1.52994 5
      vertex -5 1.5 5
    endloop
  endfacet
  facet normal 0 0 1
    outer loop
      vertex -8 0 5
      vertex -5 1.5 5
      vertex -5.45684 1.52994 5
    endloop
  endfacet
  facet normal 0 0 1
    outer loop
      vertex -8 0 5
      vertex -5.45684 1.52994 5
      vertex -5.90587 1.61926 5
    endloop
  endfacet
  facet normal 0 0 1
    outer loop
      vertex -4.54316 1.52994 5
      vertex -8 0 5
      vertex 1 0 5
    endloop
  endfacet
  facet normal 0 0 1
    outer loop
      vertex -6.33939 1.76642 5
      vertex -8 0 5
      vertex -5.90587 1.61926 5
    endloop
  endfacet
  facet normal 0 0 1
    outer loop
      vertex -6.75 1.96891 5
      vertex -8 0 5
      vertex -6.33939 1.76642 5
    endloop
  endfacet
  facet normal 0 0 1
    outer loop
      vertex -7.13066 2.22326 5
      vertex -8 0 5
      vertex -6.75 1.96891 5
    endloop
  endfacet
  facet normal 0 0 1
    outer loop
      vertex -8.51764 0.0681477 5
      vertex -7.13066 2.22326 5
      vertex -7.47487 2.52513 5
    endloop
  endfacet
  facet normal 0 0 1
    outer loop
      vertex -9.93185 1.48236 5
      vertex -7.47487 2.52513 5
      vertex -7.77674 2.86934 5
    endloop
  endfacet
  facet normal 0 0 1
    outer loop
      vertex -10 2 5
      vertex -7.77674 2.86934 5
      vertex -8.03109 3.25 5
    endloop
  endfacet
  facet normal 0 0 1
    outer loop
      vertex -10 2 5
      vertex -8.03109 3.25 5
      vertex -8.23358 3.66061 5
    endloop
  endfacet
  facet normal 0 0 1
    outer loop
      vertex -7.13066 2.22326 5
      vertex -8.26105 0.0171099 5
      vertex -8 0 5
    endloop
  endfacet
  facet normal 0 0 1
    outer loop
      vertex -10 2 5
      vertex -8.23358 3.66061 5
      vertex -8.38074 4.09413 5
    endloop
  endfacet
  facet normal 0 0 1
    outer loop
      vertex -10 2 5
      vertex -8.38074 4.09413 5
      vertex -8.47006 4.54316 5
    endloop
  endfacet
  facet normal 0 0 1
    outer loop
      vertex -10 2 5
      vertex -8.47006 4.54316 5
      vertex -8.5 5 5
    endloop
  endfacet
  facet normal 0 0 1
    outer loop
      vertex -7.77674 2.86934 5
      vertex -10 2 5
      vertex -9.98289 1.73895 5
    endloop
  endfacet
  facet normal 0 0 1
    outer loop
      vertex -8.47006 5.45684 5
      vertex -10 8 5
      vertex -8.5 5 5
    endloop
  endfacet
  facet normal -0 0 1
    outer loop
      vertex -9.58671 9.21752 5
      vertex -7.47487 7.47487 5
      vertex -9.41421 9.41421 5
    endloop
  endfacet
  facet normal 0 0 1
    outer loop
      vertex -10 2 5
      vertex -8.5 5 5
      vertex -10 8 5
    endloop
  endfacet
  facet normal -0 0 1
    outer loop
      vertex -9.73205 9 5
      vertex -7.47487 7.47487 5
      vertex -9.58671 9.21752 5
    endloop
  endfacet
  facet normal 0 0 1
    outer loop
      vertex -7.13066 2.22326 5
      vertex -8.51764 0.0681477 5
      vertex -8.26105 0.0171099 5
    endloop
  endfacet
  facet normal -0 0 1
    outer loop
      vertex -9.84776 8.76537 5
      vertex -7.47487 7.47487 5
      vertex -9.73205 9 5
    endloop
  endfacet
  facet normal 0 0 1
    outer loop
      vertex -7.47487 2.52513 5
      vertex -8.76537 0.152241 5
      vertex -8.51764 0.0681477 5
    endloop
  endfacet
  facet normal -0 0 1
    outer loop
      vertex -9.93185 8.51764 5
      vertex -7.47487 7.47487 5
      vertex -9.84776 8.76537 5
    endloop
  endfacet
  facet normal 0 0 1
    outer loop
      vertex -7.47487 2.52513 5
      vertex -9 0.267949 5
      vertex -8.76537 0.152241 5
    endloop
  endfacet
  facet normal 0 0 1
    outer loop
      vertex -7.47487 7.47487 5
      vertex -9.93185 8.51764 5
      vertex -7.77674 7.13066 5
    endloop
  endfacet
  facet normal 0 0 1
    outer loop
      vertex -7.47487 2.52513 5
      vertex -9.21752 0.413293 5
      vertex -9 0.267949 5
    endloop
  endfacet
  facet normal -0 0 1
    outer loop
      vertex -9.98289 8.26105 5
      vertex -7.77674 7.13066 5
      vertex -9.93185 8.51764 5
    endloop
  endfacet
  facet normal 0 0 1
    outer loop
      vertex -7.47487 2.52513 5
      vertex -9.41421 0.585786 5
      vertex -9.21752 0.413293 5
    endloop
  endfacet
  facet normal -0 0 1
    outer loop
      vertex -10 8 5
      vertex -7.77674 7.13066 5
      vertex -9.98289 8.26105 5
    endloop
  endfacet
  facet normal 0 0 1
    outer loop
      vertex -7.47487 2.52513 5
      vertex -9.58671 0.782476 5
      vertex -9.41421 0.585786 5
    endloop
  endfacet
  facet normal 0 0 1
    outer loop
      vertex -7.77674 7.13066 5
      vertex -10 8 5
      vertex -8.03109 6.75 5
    endloop
  endfacet
  facet normal 0 0 1
    outer loop
      vertex -7.47487 2.52513 5
      vertex -9.73205 1 5
      vertex -9.58671 0.782476 5
    endloop
  endfacet
  facet normal 0 0 1
    outer loop
      vertex -8.03109 6.75 5
      vertex -10 8 5
      vertex -8.23358 6.33939 5
    endloop
  endfacet
  facet normal 0 0 1
    outer loop
      vertex -7.47487 2.52513 5
      vertex -9.84776 1.23463 5
      vertex -9.73205 1 5
    endloop
  endfacet
  facet normal 0 0 1
    outer loop
      vertex -7.47487 2.52513 5
      vertex -9.93185 1.48236 5
      vertex -9.84776 1.23463 5
    endloop
  endfacet
  facet normal 0 0 1
    outer loop
      vertex -7.77674 2.86934 5
      vertex -9.98289 1.73895 5
      vertex -9.93185 1.48236 5
    endloop
  endfacet
  facet normal -0.659362 0.751826 0
    outer loop
      vertex -9.21752 9.58671 0
      vertex -9.41421 9.41421 5
      vertex -9.21752 9.58671 5
    endloop
  endfacet
  facet normal -0.659362 0.751826 0
    outer loop
      vertex -9.41421 9.41421 5
      vertex -9.21752 9.58671 0
      vertex -9.41421 9.41421 0
    endloop
  endfacet
  facet normal -0.751826 0.659362 0
    outer loop
      vertex -9.58671 9.21752 0
      vertex -9.41421 9.41421 5
      vertex -9.41421 9.41421 0
    endloop
  endfacet
  facet normal -0.751826 0.659362 0
    outer loop
      vertex -9.41421 9.41421 5
      vertex -9.58671 9.21752 0
      vertex -9.58671 9.21752 5
    endloop
  endfacet
  facet normal -0.555564 0.831474 0
    outer loop
      vertex -9 9.73205 0
      vertex -9.21752 9.58671 5
      vertex -9 9.73205 5
    endloop
  endfacet
  facet normal -0.555564 0.831474 0
    outer loop
      vertex -9.21752 9.58671 5
      vertex -9 9.73205 0
      vertex -9.21752 9.58671 0
    endloop
  endfacet
  facet normal -0.896868 0.442299 0
    outer loop
      vertex -9.84776 8.76537 0
      vertex -9.73205 9 5
      vertex -9.73205 9 0
    endloop
  endfacet
  facet normal -0.896868 0.442299 0
    outer loop
      vertex -9.73205 9 5
      vertex -9.84776 8.76537 0
      vertex -9.84776 8.76537 5
    endloop
  endfacet
  facet normal 0 1 -0
    outer loop
      vertex 0 10 0
      vertex -8 10 5
      vertex 0 10 5
    endloop
  endfacet
  facet normal 0 1 0
    outer loop
      vertex -8 10 5
      vertex 0 10 0
      vertex -8 10 0
    endloop
  endfacet
  facet normal -0.195094 0.980784 0
    outer loop
      vertex -8.26105 9.98289 0
      vertex -8.51764 9.93185 5
      vertex -8.26105 9.98289 5
    endloop
  endfacet
  facet normal -0.195094 0.980784 0
    outer loop
      vertex -8.51764 9.93185 5
      vertex -8.26105 9.98289 0
      vertex -8.51764 9.93185 0
    endloop
  endfacet
  facet normal -0.0654027 0.997859 0
    outer loop
      vertex -8 10 0
      vertex -8.26105 9.98289 5
      vertex -8 10 5
    endloop
  endfacet
  facet normal -0.0654027 0.997859 0
    outer loop
      vertex -8.26105 9.98289 5
      vertex -8 10 0
      vertex -8.26105 9.98289 0
    endloop
  endfacet
  facet normal -0.442299 0.896868 0
    outer loop
      vertex -8.76537 9.84776 0
      vertex -9 9.73205 5
      vertex -8.76537 9.84776 5
    endloop
  endfacet
  facet normal -0.442299 0.896868 0
    outer loop
      vertex -9 9.73205 5
      vertex -8.76537 9.84776 0
      vertex -9 9.73205 0
    endloop
  endfacet
  facet normal 0 -1 0
    outer loop
      vertex -8 0 0
      vertex 1 0 5
      vertex -8 0 5
    endloop
  endfacet
  facet normal 0 -1 -0
    outer loop
      vertex 1 0 5
      vertex -8 0 0
      vertex 1 0 0
    endloop
  endfacet
  facet normal -0.32144 -0.94693 0
    outer loop
      vertex -8.76537 0.152241 0
      vertex -8.51764 0.0681477 5
      vertex -8.76537 0.152241 5
    endloop
  endfacet
  facet normal -0.32144 -0.94693 -0
    outer loop
      vertex -8.51764 0.0681477 5
      vertex -8.76537 0.152241 0
      vertex -8.51764 0.0681477 0
    endloop
  endfacet
  facet normal -0.555575 -0.831466 0
    outer loop
      vertex -9.21752 0.413293 0
      vertex -9 0.267949 5
      vertex -9.21752 0.413293 5
    endloop
  endfacet
  facet normal -0.555575 -0.831466 -0
    outer loop
      vertex -9 0.267949 5
      vertex -9.21752 0.413293 0
      vertex -9 0.267949 0
    endloop
  endfacet
  facet normal -0.980784 0.195094 0
    outer loop
      vertex -9.98289 8.26105 0
      vertex -9.93185 8.51764 5
      vertex -9.93185 8.51764 0
    endloop
  endfacet
  facet normal -0.980784 0.195094 0
    outer loop
      vertex -9.93185 8.51764 5
      vertex -9.98289 8.26105 0
      vertex -9.98289 8.26105 5
    endloop
  endfacet
  facet normal -0.946934 0.321429 0
    outer loop
      vertex -9.93185 8.51764 0
      vertex -9.84776 8.76537 5
      vertex -9.84776 8.76537 0
    endloop
  endfacet
  facet normal -0.946934 0.321429 0
    outer loop
      vertex -9.84776 8.76537 5
      vertex -9.93185 8.51764 0
      vertex -9.93185 8.51764 5
    endloop
  endfacet
  facet normal -0.321429 0.946934 0
    outer loop
      vertex -8.51764 9.93185 0
      vertex -8.76537 9.84776 5
      vertex -8.51764 9.93185 5
    endloop
  endfacet
  facet normal -0.321429 0.946934 0
    outer loop
      vertex -8.76537 9.84776 5
      vertex -8.51764 9.93185 0
      vertex -8.76537 9.84776 0
    endloop
  endfacet
  facet normal -0.0654023 -0.997859 0
    outer loop
      vertex -8.26105 0.0171099 0
      vertex -8 0 5
      vertex -8.26105 0.0171099 5
    endloop
  endfacet
  facet normal -0.0654023 -0.997859 -0
    outer loop
      vertex -8 0 5
      vertex -8.26105 0.0171099 0
      vertex -8 0 0
    endloop
  endfacet
  facet normal -0.659347 -0.751839 0
    outer loop
      vertex -9.41421 0.585786 0
      vertex -9.21752 0.413293 5
      vertex -9.41421 0.585786 5
    endloop
  endfacet
  facet normal -0.659347 -0.751839 -0
    outer loop
      vertex -9.21752 0.413293 5
      vertex -9.41421 0.585786 0
      vertex -9.21752 0.413293 0
    endloop
  endfacet
  facet normal -0.442293 -0.896871 0
    outer loop
      vertex -9 0.267949 0
      vertex -8.76537 0.152241 5
      vertex -9 0.267949 5
    endloop
  endfacet
  facet normal -0.442293 -0.896871 -0
    outer loop
      vertex -8.76537 0.152241 5
      vertex -9 0.267949 0
      vertex -8.76537 0.152241 0
    endloop
  endfacet
  facet normal 0.195088 -0.980786 0
    outer loop
      vertex 1.26105 0.0171099 0
      vertex 1.5 0.0646393 5
      vertex 1.26105 0.0171099 5
    endloop
  endfacet
  facet normal 0.195088 -0.980786 0
    outer loop
      vertex 1.5 0.0646393 5
      vertex 1.26105 0.0171099 0
      vertex 1.5 0.0646393 0
    endloop
  endfacet
  facet normal -0.831478 -0.555557 0
    outer loop
      vertex -9.58671 0.782476 0
      vertex -9.73205 1 5
      vertex -9.73205 1 0
    endloop
  endfacet
  facet normal -0.831478 -0.555557 0
    outer loop
      vertex -9.73205 1 5
      vertex -9.58671 0.782476 0
      vertex -9.58671 0.782476 5
    endloop
  endfacet
  facet normal -0.980771 -0.19516 0
    outer loop
      vertex -9.93185 23.2624 0
      vertex -9.98289 23.5189 5
      vertex -9.98289 23.5189 0
    endloop
  endfacet
  facet normal -0.980771 -0.19516 0
    outer loop
      vertex -9.98289 23.5189 5
      vertex -9.93185 23.2624 0
      vertex -9.93185 23.2624 5
    endloop
  endfacet
  facet normal -0.946961 -0.321348 0
    outer loop
      vertex -9.84776 23.0146 0
      vertex -9.93185 23.2624 5
      vertex -9.93185 23.2624 0
    endloop
  endfacet
  facet normal -0.946961 -0.321348 0
    outer loop
      vertex -9.93185 23.2624 5
      vertex -9.84776 23.0146 0
      vertex -9.84776 23.0146 5
    endloop
  endfacet
  facet normal -0.99786 -0.0653902 0
    outer loop
      vertex -9.98289 23.5189 0
      vertex -10 23.78 5
      vertex -10 23.78 0
    endloop
  endfacet
  facet normal -0.99786 -0.0653902 0
    outer loop
      vertex -10 23.78 5
      vertex -9.98289 23.5189 0
      vertex -9.98289 23.5189 5
    endloop
  endfacet
  facet normal -0.896845 -0.442344 0
    outer loop
      vertex -9.73205 22.78 0
      vertex -9.84776 23.0146 5
      vertex -9.84776 23.0146 0
    endloop
  endfacet
  facet normal -0.896845 -0.442344 0
    outer loop
      vertex -9.84776 23.0146 5
      vertex -9.73205 22.78 0
      vertex -9.73205 22.78 5
    endloop
  endfacet
  facet normal -0.99786 0.0653902 0
    outer loop
      vertex -10 29.78 0
      vertex -9.98289 30.0411 5
      vertex -9.98289 30.0411 0
    endloop
  endfacet
  facet normal -0.99786 0.0653902 0
    outer loop
      vertex -9.98289 30.0411 5
      vertex -10 29.78 0
      vertex -10 29.78 5
    endloop
  endfacet
  facet normal -0.83145 0.5556 0
    outer loop
      vertex -9.73205 30.78 0
      vertex -9.58671 30.9975 5
      vertex -9.58671 30.9975 0
    endloop
  endfacet
  facet normal -0.83145 0.5556 0
    outer loop
      vertex -9.58671 30.9975 5
      vertex -9.73205 30.78 0
      vertex -9.73205 30.78 5
    endloop
  endfacet
  facet normal -0.194947 -0.980814 0
    outer loop
      vertex -8.51764 21.8481 0
      vertex -8.26105 21.7971 5
      vertex -8.51764 21.8481 5
    endloop
  endfacet
  facet normal -0.194947 -0.980814 -0
    outer loop
      vertex -8.26105 21.7971 5
      vertex -8.51764 21.8481 0
      vertex -8.26105 21.7971 0
    endloop
  endfacet
  facet normal -1 0 0
    outer loop
      vertex -10 23.78 0
      vertex -10 29.78 5
      vertex -10 29.78 0
    endloop
  endfacet
  facet normal -1 -0 0
    outer loop
      vertex -10 29.78 5
      vertex -10 23.78 0
      vertex -10 23.78 5
    endloop
  endfacet
  facet normal 0 0 1
    outer loop
      vertex 1.26105 31.7629 5
      vertex 1.48236 31.7119 5
      vertex 1.5 31.7154 5
    endloop
  endfacet
  facet normal 0 0 1
    outer loop
      vertex 1.26105 31.7629 5
      vertex 1.23463 31.6278 5
      vertex 1.48236 31.7119 5
    endloop
  endfacet
  facet normal 0 0 1
    outer loop
      vertex 1 31.78 5
      vertex 1.23463 31.6278 5
      vertex 1.26105 31.7629 5
    endloop
  endfacet
  facet normal 0 0 1
    outer loop
      vertex 1 31.78 5
      vertex 1 31.5121 5
      vertex 1.23463 31.6278 5
    endloop
  endfacet
  facet normal 0 0 1
    outer loop
      vertex 1 31.78 5
      vertex 0.782476 31.3667 5
      vertex 1 31.5121 5
    endloop
  endfacet
  facet normal 0 0 1
    outer loop
      vertex 1 31.78 5
      vertex 0.585786 31.1942 5
      vertex 0.782476 31.3667 5
    endloop
  endfacet
  facet normal 0 0 1
    outer loop
      vertex -3.66061 30.0136 5
      vertex 0.585786 31.1942 5
      vertex 1 31.78 5
    endloop
  endfacet
  facet normal 0 0 1
    outer loop
      vertex -1.52994 26.3232 5
      vertex 0 29.78 5
      vertex -1.5 26.78 5
    endloop
  endfacet
  facet normal 0 0 1
    outer loop
      vertex -2.52513 29.2549 5
      vertex 0 29.78 5
      vertex 0.0171099 30.0411 5
    endloop
  endfacet
  facet normal 0 0 1
    outer loop
      vertex -2.52513 29.2549 5
      vertex 0.0171099 30.0411 5
      vertex 0.0681477 30.2976 5
    endloop
  endfacet
  facet normal 0 0 1
    outer loop
      vertex -2.86934 29.5567 5
      vertex 0.0681477 30.2976 5
      vertex 0.152241 30.5454 5
    endloop
  endfacet
  facet normal 0 0 1
    outer loop
      vertex 0 29.78 5
      vertex -1.52994 27.2368 5
      vertex -1.5 26.78 5
    endloop
  endfacet
  facet normal 0 0 1
    outer loop
      vertex -3.25 29.8111 5
      vertex 0.152241 30.5454 5
      vertex 0.267949 30.78 5
    endloop
  endfacet
  facet normal 0 0 1
    outer loop
      vertex 0 29.78 5
      vertex -1.61926 27.6859 5
      vertex -1.52994 27.2368 5
    endloop
  endfacet
  facet normal 0 0 1
    outer loop
      vertex 0 29.78 5
      vertex -1.76642 28.1194 5
      vertex -1.61926 27.6859 5
    endloop
  endfacet
  facet normal 0 0 1
    outer loop
      vertex -3.25 29.8111 5
      vertex 0.267949 30.78 5
      vertex 0.413293 30.9975 5
    endloop
  endfacet
  facet normal 0 0 1
    outer loop
      vertex 0.585786 31.1942 5
      vertex -3.66061 30.0136 5
      vertex 0.413293 30.9975 5
    endloop
  endfacet
  facet normal 0 0 1
    outer loop
      vertex 0 29.78 5
      vertex -1.96891 28.53 5
      vertex -1.76642 28.1194 5
    endloop
  endfacet
  facet normal 0 0 1
    outer loop
      vertex 0 29.78 5
      vertex -2.22326 28.9107 5
      vertex -1.96891 28.53 5
    endloop
  endfacet
  facet normal 0 0 1
    outer loop
      vertex 0 29.78 5
      vertex -2.52513 29.2549 5
      vertex -2.22326 28.9107 5
    endloop
  endfacet
  facet normal 0 0 1
    outer loop
      vertex 0.0681477 30.2976 5
      vertex -2.86934 29.5567 5
      vertex -2.52513 29.2549 5
    endloop
  endfacet
  facet normal 0 0 1
    outer loop
      vertex 0.152241 30.5454 5
      vertex -3.25 29.8111 5
      vertex -2.86934 29.5567 5
    endloop
  endfacet
  facet normal 0 0 1
    outer loop
      vertex 0.413293 30.9975 5
      vertex -3.66061 30.0136 5
      vertex -3.25 29.8111 5
    endloop
  endfacet
  facet normal 0 0 1
    outer loop
      vertex 1 31.78 5
      vertex -4.09413 30.1607 5
      vertex -3.66061 30.0136 5
    endloop
  endfacet
  facet normal 0 0 1
    outer loop
      vertex 1 31.78 5
      vertex -4.54316 30.2501 5
      vertex -4.09413 30.1607 5
    endloop
  endfacet
  facet normal -0 0 1
    outer loop
      vertex -8 31.78 5
      vertex -4.54316 30.2501 5
      vertex 1 31.78 5
    endloop
  endfacet
  facet normal 0 0 1
    outer loop
      vertex -4.54316 30.2501 5
      vertex -8 31.78 5
      vertex -5 30.28 5
    endloop
  endfacet
  facet normal 0 0 1
    outer loop
      vertex -5 30.28 5
      vertex -8 31.78 5
      vertex -5.45684 30.2501 5
    endloop
  endfacet
  facet normal 0 0 1
    outer loop
      vertex -5.45684 30.2501 5
      vertex -8 31.78 5
      vertex -5.90587 30.1607 5
    endloop
  endfacet
  facet normal 0 0 1
    outer loop
      vertex -8 31.78 5
      vertex -6.33939 30.0136 5
      vertex -5.90587 30.1607 5
    endloop
  endfacet
  facet normal 0 0 1
    outer loop
      vertex -8 31.78 5
      vertex -6.75 29.8111 5
      vertex -6.33939 30.0136 5
    endloop
  endfacet
  facet normal 0 0 1
    outer loop
      vertex -8 31.78 5
      vertex -7.13066 29.5567 5
      vertex -6.75 29.8111 5
    endloop
  endfacet
  facet normal -0 0 1
    outer loop
      vertex -8.26105 31.7629 5
      vertex -7.13066 29.5567 5
      vertex -8 31.78 5
    endloop
  endfacet
  facet normal -0 0 1
    outer loop
      vertex -8.51764 31.7119 5
      vertex -7.13066 29.5567 5
      vertex -8.26105 31.7629 5
    endloop
  endfacet
  facet normal 0 0 1
    outer loop
      vertex -7.13066 29.5567 5
      vertex -8.51764 31.7119 5
      vertex -7.47487 29.2549 5
    endloop
  endfacet
  facet normal -0 0 1
    outer loop
      vertex -8.76537 31.6278 5
      vertex -7.47487 29.2549 5
      vertex -8.51764 31.7119 5
    endloop
  endfacet
  facet normal -0 0 1
    outer loop
      vertex -9 31.5121 5
      vertex -7.47487 29.2549 5
      vertex -8.76537 31.6278 5
    endloop
  endfacet
  facet normal -0 0 1
    outer loop
      vertex -9.21752 31.3667 5
      vertex -7.47487 29.2549 5
      vertex -9 31.5121 5
    endloop
  endfacet
  facet normal 0 0 1
    outer loop
      vertex -8.23358 28.1194 5
      vertex -10 29.78 5
      vertex -8.38074 27.6859 5
    endloop
  endfacet
  facet normal 0 0 1
    outer loop
      vertex -8.38074 27.6859 5
      vertex -10 29.78 5
      vertex -8.47006 27.2368 5
    endloop
  endfacet
  facet normal -0 0 1
    outer loop
      vertex -9.41421 31.1942 5
      vertex -7.47487 29.2549 5
      vertex -9.21752 31.3667 5
    endloop
  endfacet
  facet normal 0 0 1
    outer loop
      vertex 0 29.78 5
      vertex -1.52994 26.3232 5
      vertex 0 21.78 5
    endloop
  endfacet
  facet normal -0 0 1
    outer loop
      vertex -1.61926 25.8741 5
      vertex 0 21.78 5
      vertex -1.52994 26.3232 5
    endloop
  endfacet
  facet normal -0 0 1
    outer loop
      vertex -1.76642 25.4406 5
      vertex 0 21.78 5
      vertex -1.61926 25.8741 5
    endloop
  endfacet
  facet normal -0 0 1
    outer loop
      vertex -1.96891 25.03 5
      vertex 0 21.78 5
      vertex -1.76642 25.4406 5
    endloop
  endfacet
  facet normal -0 0 1
    outer loop
      vertex -2.22326 24.6493 5
      vertex 0 21.78 5
      vertex -1.96891 25.03 5
    endloop
  endfacet
  facet normal -0 0 1
    outer loop
      vertex -2.52513 24.3051 5
      vertex 0 21.78 5
      vertex -2.22326 24.6493 5
    endloop
  endfacet
  facet normal -0 0 1
    outer loop
      vertex -2.86934 24.0033 5
      vertex 0 21.78 5
      vertex -2.52513 24.3051 5
    endloop
  endfacet
  facet normal -0 0 1
    outer loop
      vertex -3.25 23.7489 5
      vertex 0 21.78 5
      vertex -2.86934 24.0033 5
    endloop
  endfacet
  facet normal -0 0 1
    outer loop
      vertex -3.66061 23.5464 5
      vertex 0 21.78 5
      vertex -3.25 23.7489 5
    endloop
  endfacet
  facet normal -0 0 1
    outer loop
      vertex -4.09413 23.3993 5
      vertex 0 21.78 5
      vertex -3.66061 23.5464 5
    endloop
  endfacet
  facet normal -0 0 1
    outer loop
      vertex -4.54316 23.3099 5
      vertex 0 21.78 5
      vertex -4.09413 23.3993 5
    endloop
  endfacet
  facet normal 0 0 1
    outer loop
      vertex -8 21.78 5
      vertex -4.54316 23.3099 5
      vertex -5 23.28 5
    endloop
  endfacet
  facet normal 0 0 1
    outer loop
      vertex -8 21.78 5
      vertex -5 23.28 5
      vertex -5.45684 23.3099 5
    endloop
  endfacet
  facet normal 0 0 1
    outer loop
      vertex -8 21.78 5
      vertex -5.45684 23.3099 5
      vertex -5.90587 23.3993 5
    endloop
  endfacet
  facet normal 0 0 1
    outer loop
      vertex -4.54316 23.3099 5
      vertex -8 21.78 5
      vertex 0 21.78 5
    endloop
  endfacet
  facet normal 0 0 1
    outer loop
      vertex -6.33939 23.5464 5
      vertex -8 21.78 5
      vertex -5.90587 23.3993 5
    endloop
  endfacet
  facet normal 0 0 1
    outer loop
      vertex -6.75 23.7489 5
      vertex -8 21.78 5
      vertex -6.33939 23.5464 5
    endloop
  endfacet
  facet normal 0 0 1
    outer loop
      vertex -7.13066 24.0033 5
      vertex -8 21.78 5
      vertex -6.75 23.7489 5
    endloop
  endfacet
  facet normal 0 0 1
    outer loop
      vertex -8.51764 21.8481 5
      vertex -7.13066 24.0033 5
      vertex -7.47487 24.3051 5
    endloop
  endfacet
  facet normal 0 0 1
    outer loop
      vertex -9.93185 23.2624 5
      vertex -7.47487 24.3051 5
      vertex -7.77674 24.6493 5
    endloop
  endfacet
  facet normal 0 0 1
    outer loop
      vertex -10 23.78 5
      vertex -7.77674 24.6493 5
      vertex -8.03109 25.03 5
    endloop
  endfacet
  facet normal 0 0 1
    outer loop
      vertex -10 23.78 5
      vertex -8.03109 25.03 5
      vertex -8.23358 25.4406 5
    endloop
  endfacet
  facet normal 0 0 1
    outer loop
      vertex -7.13066 24.0033 5
      vertex -8.26105 21.7971 5
      vertex -8 21.78 5
    endloop
  endfacet
  facet normal 0 0 1
    outer loop
      vertex -10 23.78 5
      vertex -8.23358 25.4406 5
      vertex -8.38074 25.8741 5
    endloop
  endfacet
  facet normal 0 0 1
    outer loop
      vertex -10 23.78 5
      vertex -8.38074 25.8741 5
      vertex -8.47006 26.3232 5
    endloop
  endfacet
  facet normal 0 0 1
    outer loop
      vertex -10 23.78 5
      vertex -8.47006 26.3232 5
      vertex -8.5 26.78 5
    endloop
  endfacet
  facet normal 0 0 1
    outer loop
      vertex -7.77674 24.6493 5
      vertex -10 23.78 5
      vertex -9.98289 23.5189 5
    endloop
  endfacet
  facet normal 0 0 1
    outer loop
      vertex -8.47006 27.2368 5
      vertex -10 29.78 5
      vertex -8.5 26.78 5
    endloop
  endfacet
  facet normal -0 0 1
    outer loop
      vertex -9.58671 30.9975 5
      vertex -7.47487 29.2549 5
      vertex -9.41421 31.1942 5
    endloop
  endfacet
  facet normal 0 0 1
    outer loop
      vertex -10 23.78 5
      vertex -8.5 26.78 5
      vertex -10 29.78 5
    endloop
  endfacet
  facet normal -0 0 1
    outer loop
      vertex -9.73205 30.78 5
      vertex -7.47487 29.2549 5
      vertex -9.58671 30.9975 5
    endloop
  endfacet
  facet normal 0 0 1
    outer loop
      vertex -7.13066 24.0033 5
      vertex -8.51764 21.8481 5
      vertex -8.26105 21.7971 5
    endloop
  endfacet
  facet normal -0 0 1
    outer loop
      vertex -9.84776 30.5454 5
      vertex -7.47487 29.2549 5
      vertex -9.73205 30.78 5
    endloop
  endfacet
  facet normal 0 0 1
    outer loop
      vertex -7.47487 24.3051 5
      vertex -8.76537 21.9322 5
      vertex -8.51764 21.8481 5
    endloop
  endfacet
  facet normal -0 0 1
    outer loop
      vertex -9.93185 30.2976 5
      vertex -7.47487 29.2549 5
      vertex -9.84776 30.5454 5
    endloop
  endfacet
  facet normal 0 0 1
    outer loop
      vertex -7.47487 24.3051 5
      vertex -9 22.0479 5
      vertex -8.76537 21.9322 5
    endloop
  endfacet
  facet normal 0 0 1
    outer loop
      vertex -7.47487 29.2549 5
      vertex -9.93185 30.2976 5
      vertex -7.77674 28.9107 5
    endloop
  endfacet
  facet normal 0 0 1
    outer loop
      vertex -7.47487 24.3051 5
      vertex -9.21752 22.1933 5
      vertex -9 22.0479 5
    endloop
  endfacet
  facet normal -0 0 1
    outer loop
      vertex -9.98289 30.0411 5
      vertex -7.77674 28.9107 5
      vertex -9.93185 30.2976 5
    endloop
  endfacet
  facet normal 0 0 1
    outer loop
      vertex -7.47487 24.3051 5
      vertex -9.41421 22.3658 5
      vertex -9.21752 22.1933 5
    endloop
  endfacet
  facet normal -0 0 1
    outer loop
      vertex -10 29.78 5
      vertex -7.77674 28.9107 5
      vertex -9.98289 30.0411 5
    endloop
  endfacet
  facet normal 0 0 1
    outer loop
      vertex -7.47487 24.3051 5
      vertex -9.58671 22.5625 5
      vertex -9.41421 22.3658 5
    endloop
  endfacet
  facet normal 0 0 1
    outer loop
      vertex -7.77674 28.9107 5
      vertex -10 29.78 5
      vertex -8.03109 28.53 5
    endloop
  endfacet
  facet normal 0 0 1
    outer loop
      vertex -7.47487 24.3051 5
      vertex -9.73205 22.78 5
      vertex -9.58671 22.5625 5
    endloop
  endfacet
  facet normal 0 0 1
    outer loop
      vertex -8.03109 28.53 5
      vertex -10 29.78 5
      vertex -8.23358 28.1194 5
    endloop
  endfacet
  facet normal 0 0 1
    outer loop
      vertex -7.47487 24.3051 5
      vertex -9.84776 23.0146 5
      vertex -9.73205 22.78 5
    endloop
  endfacet
  facet normal 0 0 1
    outer loop
      vertex -7.47487 24.3051 5
      vertex -9.93185 23.2624 5
      vertex -9.84776 23.0146 5
    endloop
  endfacet
  facet normal 0 0 1
    outer loop
      vertex -7.77674 24.6493 5
      vertex -9.98289 23.5189 5
      vertex -9.93185 23.2624 5
    endloop
  endfacet
  facet normal -0.751842 0.659343 0
    outer loop
      vertex -9.58671 30.9975 0
      vertex -9.41421 31.1942 5
      vertex -9.41421 31.1942 0
    endloop
  endfacet
  facet normal -0.751842 0.659343 0
    outer loop
      vertex -9.41421 31.1942 5
      vertex -9.58671 30.9975 0
      vertex -9.58671 30.9975 5
    endloop
  endfacet
  facet normal 0 1 -0
    outer loop
      vertex 1 31.78 0
      vertex -8 31.78 5
      vertex 1 31.78 5
    endloop
  endfacet
  facet normal 0 1 0
    outer loop
      vertex -8 31.78 5
      vertex 1 31.78 0
      vertex -8 31.78 0
    endloop
  endfacet
  facet normal 0.0653646 0.997861 -0
    outer loop
      vertex 1.26105 31.7629 0
      vertex 1 31.78 5
      vertex 1.26105 31.7629 5
    endloop
  endfacet
  facet normal 0.0653646 0.997861 0
    outer loop
      vertex 1 31.78 5
      vertex 1.26105 31.7629 0
      vertex 1 31.78 0
    endloop
  endfacet
  facet normal -0.194947 0.980814 0
    outer loop
      vertex -8.26105 31.7629 0
      vertex -8.51764 31.7119 5
      vertex -8.26105 31.7629 5
    endloop
  endfacet
  facet normal -0.194947 0.980814 0
    outer loop
      vertex -8.51764 31.7119 5
      vertex -8.26105 31.7629 0
      vertex -8.51764 31.7119 0
    endloop
  endfacet
  facet normal -0.0653646 0.997861 0
    outer loop
      vertex -8 31.78 0
      vertex -8.26105 31.7629 5
      vertex -8 31.78 5
    endloop
  endfacet
  facet normal -0.0653646 0.997861 0
    outer loop
      vertex -8.26105 31.7629 5
      vertex -8 31.78 0
      vertex -8.26105 31.7629 0
    endloop
  endfacet
  facet normal -0.442268 0.896883 0
    outer loop
      vertex -8.76537 31.6278 0
      vertex -9 31.5121 5
      vertex -8.76537 31.6278 5
    endloop
  endfacet
  facet normal -0.442268 0.896883 0
    outer loop
      vertex -9 31.5121 5
      vertex -8.76537 31.6278 0
      vertex -9 31.5121 0
    endloop
  endfacet
  facet normal 0 -1 0
    outer loop
      vertex -8 21.78 0
      vertex 0 21.78 5
      vertex -8 21.78 5
    endloop
  endfacet
  facet normal 0 -1 -0
    outer loop
      vertex 0 21.78 5
      vertex -8 21.78 0
      vertex 0 21.78 0
    endloop
  endfacet
  facet normal -0.442268 -0.896883 0
    outer loop
      vertex -9 22.0479 0
      vertex -8.76537 21.9322 5
      vertex -9 22.0479 5
    endloop
  endfacet
  facet normal -0.442268 -0.896883 -0
    outer loop
      vertex -8.76537 21.9322 5
      vertex -9 22.0479 0
      vertex -8.76537 21.9322 0
    endloop
  endfacet
  facet normal -0.555723 -0.831368 0
    outer loop
      vertex -9.21752 22.1933 0
      vertex -9 22.0479 5
      vertex -9.21752 22.1933 5
    endloop
  endfacet
  facet normal -0.555723 -0.831368 -0
    outer loop
      vertex -9 22.0479 5
      vertex -9.21752 22.1933 0
      vertex -9 22.0479 0
    endloop
  endfacet
  facet normal -0.659362 0.751826 0
    outer loop
      vertex -9.21752 31.3667 0
      vertex -9.41421 31.1942 5
      vertex -9.21752 31.3667 5
    endloop
  endfacet
  facet normal -0.659362 0.751826 0
    outer loop
      vertex -9.41421 31.1942 5
      vertex -9.21752 31.3667 0
      vertex -9.41421 31.1942 0
    endloop
  endfacet
  facet normal -0.555723 0.831368 0
    outer loop
      vertex -9 31.5121 0
      vertex -9.21752 31.3667 5
      vertex -9 31.5121 5
    endloop
  endfacet
  facet normal -0.555723 0.831368 0
    outer loop
      vertex -9.21752 31.3667 5
      vertex -9 31.5121 0
      vertex -9.21752 31.3667 0
    endloop
  endfacet
  facet normal -0.896845 0.442344 0
    outer loop
      vertex -9.84776 30.5454 0
      vertex -9.73205 30.78 5
      vertex -9.73205 30.78 0
    endloop
  endfacet
  facet normal -0.896845 0.442344 0
    outer loop
      vertex -9.73205 30.78 5
      vertex -9.84776 30.5454 0
      vertex -9.84776 30.5454 5
    endloop
  endfacet
  facet normal -0.980771 0.19516 0
    outer loop
      vertex -9.98289 30.0411 0
      vertex -9.93185 30.2976 5
      vertex -9.93185 30.2976 0
    endloop
  endfacet
  facet normal -0.980771 0.19516 0
    outer loop
      vertex -9.93185 30.2976 5
      vertex -9.98289 30.0411 0
      vertex -9.98289 30.0411 5
    endloop
  endfacet
  facet normal -0.946961 0.321348 0
    outer loop
      vertex -9.93185 30.2976 0
      vertex -9.84776 30.5454 5
      vertex -9.84776 30.5454 0
    endloop
  endfacet
  facet normal -0.946961 0.321348 0
    outer loop
      vertex -9.84776 30.5454 5
      vertex -9.93185 30.2976 0
      vertex -9.93185 30.2976 5
    endloop
  endfacet
  facet normal 0.194971 0.980809 -0
    outer loop
      vertex 1.5 31.7154 0
      vertex 1.26105 31.7629 5
      vertex 1.5 31.7154 5
    endloop
  endfacet
  facet normal 0.194971 0.980809 0
    outer loop
      vertex 1.26105 31.7629 5
      vertex 1.5 31.7154 0
      vertex 1.26105 31.7629 0
    endloop
  endfacet
  facet normal -0.321463 0.946922 0
    outer loop
      vertex -8.51764 31.7119 0
      vertex -8.76537 31.6278 5
      vertex -8.51764 31.7119 5
    endloop
  endfacet
  facet normal -0.321463 0.946922 0
    outer loop
      vertex -8.76537 31.6278 5
      vertex -8.51764 31.7119 0
      vertex -8.76537 31.6278 0
    endloop
  endfacet
  facet normal -0.0653646 -0.997861 0
    outer loop
      vertex -8.26105 21.7971 0
      vertex -8 21.78 5
      vertex -8.26105 21.7971 5
    endloop
  endfacet
  facet normal -0.0653646 -0.997861 -0
    outer loop
      vertex -8 21.78 5
      vertex -8.26105 21.7971 0
      vertex -8 21.78 0
    endloop
  endfacet
  facet normal -0.321463 -0.946922 0
    outer loop
      vertex -8.76537 21.9322 0
      vertex -8.51764 21.8481 5
      vertex -8.76537 21.9322 5
    endloop
  endfacet
  facet normal -0.321463 -0.946922 -0
    outer loop
      vertex -8.51764 21.8481 5
      vertex -8.76537 21.9322 0
      vertex -8.51764 21.8481 0
    endloop
  endfacet
  facet normal -0.659362 -0.751826 0
    outer loop
      vertex -9.41421 22.3658 0
      vertex -9.21752 22.1933 5
      vertex -9.41421 22.3658 5
    endloop
  endfacet
  facet normal -0.659362 -0.751826 -0
    outer loop
      vertex -9.21752 22.1933 5
      vertex -9.41421 22.3658 0
      vertex -9.21752 22.1933 0
    endloop
  endfacet
  facet normal -0.751842 -0.659343 0
    outer loop
      vertex -9.41421 22.3658 0
      vertex -9.58671 22.5625 5
      vertex -9.58671 22.5625 0
    endloop
  endfacet
  facet normal -0.751842 -0.659343 0
    outer loop
      vertex -9.58671 22.5625 5
      vertex -9.41421 22.3658 0
      vertex -9.41421 22.3658 5
    endloop
  endfacet
  facet normal -0.83145 -0.5556 0
    outer loop
      vertex -9.58671 22.5625 0
      vertex -9.73205 22.78 5
      vertex -9.73205 22.78 0
    endloop
  endfacet
  facet normal -0.83145 -0.5556 0
    outer loop
      vertex -9.73205 22.78 5
      vertex -9.58671 22.5625 0
      vertex -9.58671 22.5625 5
    endloop
  endfacet
  facet normal 0.0653898 -0.99786 0
    outer loop
      vertex 47.4 0 0
      vertex 47.6611 0.0171099 5
      vertex 47.4 0 5
    endloop
  endfacet
  facet normal 0.0653898 -0.99786 0
    outer loop
      vertex 47.6611 0.0171099 5
      vertex 47.4 0 0
      vertex 47.6611 0.0171099 0
    endloop
  endfacet
  facet normal 0.19516 0.980771 -0
    outer loop
      vertex 47.9176 9.93185 0
      vertex 47.6611 9.98289 5
      vertex 47.9176 9.93185 5
    endloop
  endfacet
  facet normal 0.19516 0.980771 0
    outer loop
      vertex 47.6611 9.98289 5
      vertex 47.9176 9.93185 0
      vertex 47.6611 9.98289 0
    endloop
  endfacet
  facet normal 0.980814 0.194947 0
    outer loop
      vertex 49.3829 8.26105 5
      vertex 49.3319 8.51764 0
      vertex 49.3319 8.51764 5
    endloop
  endfacet
  facet normal 0.980814 0.194947 0
    outer loop
      vertex 49.3319 8.51764 0
      vertex 49.3829 8.26105 5
      vertex 49.3829 8.26105 0
    endloop
  endfacet
  facet normal 0.997861 -0.0653646 0
    outer loop
      vertex 49.3829 1.73895 5
      vertex 49.4 2 0
      vertex 49.4 2 5
    endloop
  endfacet
  facet normal 0.997861 -0.0653646 0
    outer loop
      vertex 49.4 2 0
      vertex 49.3829 1.73895 5
      vertex 49.3829 1.73895 0
    endloop
  endfacet
  facet normal 0.997861 0.0653646 0
    outer loop
      vertex 49.4 8 5
      vertex 49.3829 8.26105 0
      vertex 49.3829 8.26105 5
    endloop
  endfacet
  facet normal 0.997861 0.0653646 0
    outer loop
      vertex 49.3829 8.26105 0
      vertex 49.4 8 5
      vertex 49.4 8 0
    endloop
  endfacet
  facet normal 0.980814 -0.194947 0
    outer loop
      vertex 49.3319 1.48236 5
      vertex 49.3829 1.73895 0
      vertex 49.3829 1.73895 5
    endloop
  endfacet
  facet normal 0.980814 -0.194947 0
    outer loop
      vertex 49.3829 1.73895 0
      vertex 49.3319 1.48236 5
      vertex 49.3319 1.48236 0
    endloop
  endfacet
  facet normal -0.195126 -0.980778 0
    outer loop
      vertex 37.9 0.0646392 0
      vertex 38.1389 0.0171099 5
      vertex 37.9 0.0646392 5
    endloop
  endfacet
  facet normal -0.195126 -0.980778 -0
    outer loop
      vertex 38.1389 0.0171099 5
      vertex 37.9 0.0646392 0
      vertex 38.1389 0.0171099 0
    endloop
  endfacet
  facet normal 0 0 1
    outer loop
      vertex 47.1767 7.13066 5
      vertex 49.4 8 5
      vertex 49.3829 8.26105 5
    endloop
  endfacet
  facet normal 0 0 1
    outer loop
      vertex 49.4 8 5
      vertex 47.9 5 5
      vertex 49.4 2 5
    endloop
  endfacet
  facet normal 0 0 1
    outer loop
      vertex 47.1767 7.13066 5
      vertex 49.3829 8.26105 5
      vertex 49.3319 8.51764 5
    endloop
  endfacet
  facet normal -0 0 1
    outer loop
      vertex 47.8701 4.54316 5
      vertex 49.4 2 5
      vertex 47.9 5 5
    endloop
  endfacet
  facet normal 0 0 1
    outer loop
      vertex 46.8749 7.47487 5
      vertex 49.3319 8.51764 5
      vertex 49.2478 8.76537 5
    endloop
  endfacet
  facet normal -0 0 1
    outer loop
      vertex 47.7807 4.09413 5
      vertex 49.4 2 5
      vertex 47.8701 4.54316 5
    endloop
  endfacet
  facet normal 0 0 1
    outer loop
      vertex 46.8749 7.47487 5
      vertex 49.2478 8.76537 5
      vertex 49.132 9 5
    endloop
  endfacet
  facet normal -0 0 1
    outer loop
      vertex 47.6336 3.66061 5
      vertex 49.4 2 5
      vertex 47.7807 4.09413 5
    endloop
  endfacet
  facet normal 0 0 1
    outer loop
      vertex 46.8749 7.47487 5
      vertex 49.132 9 5
      vertex 48.9867 9.21752 5
    endloop
  endfacet
  facet normal -0 0 1
    outer loop
      vertex 47.4311 3.25 5
      vertex 49.4 2 5
      vertex 47.6336 3.66061 5
    endloop
  endfacet
  facet normal 0 0 1
    outer loop
      vertex 46.8749 7.47487 5
      vertex 48.9867 9.21752 5
      vertex 48.8142 9.41421 5
    endloop
  endfacet
  facet normal -0 0 1
    outer loop
      vertex 47.1767 2.86934 5
      vertex 49.4 2 5
      vertex 47.4311 3.25 5
    endloop
  endfacet
  facet normal 0 0 1
    outer loop
      vertex 46.8749 7.47487 5
      vertex 48.8142 9.41421 5
      vertex 48.6175 9.58671 5
    endloop
  endfacet
  facet normal 0 0 1
    outer loop
      vertex 49.4 2 5
      vertex 47.1767 2.86934 5
      vertex 49.3829 1.73895 5
    endloop
  endfacet
  facet normal 0 0 1
    outer loop
      vertex 46.8749 7.47487 5
      vertex 48.6175 9.58671 5
      vertex 48.4 9.73205 5
    endloop
  endfacet
  facet normal 0 0 1
    outer loop
      vertex 49.3829 1.73895 5
      vertex 47.1767 2.86934 5
      vertex 49.3319 1.48236 5
    endloop
  endfacet
  facet normal 0 0 1
    outer loop
      vertex 46.8749 7.47487 5
      vertex 48.4 9.73205 5
      vertex 48.1654 9.84776 5
    endloop
  endfacet
  facet normal -0 0 1
    outer loop
      vertex 46.8749 2.52513 5
      vertex 49.3319 1.48236 5
      vertex 47.1767 2.86934 5
    endloop
  endfacet
  facet normal 0 0 1
    outer loop
      vertex 46.8749 7.47487 5
      vertex 48.1654 9.84776 5
      vertex 47.9176 9.93185 5
    endloop
  endfacet
  facet normal 0 0 1
    outer loop
      vertex 49.3319 1.48236 5
      vertex 46.8749 2.52513 5
      vertex 49.2478 1.23463 5
    endloop
  endfacet
  facet normal 0 0 1
    outer loop
      vertex 49.2478 1.23463 5
      vertex 46.8749 2.52513 5
      vertex 49.132 1 5
    endloop
  endfacet
  facet normal 0 0 1
    outer loop
      vertex 49.4 8 5
      vertex 47.8701 5.45684 5
      vertex 47.9 5 5
    endloop
  endfacet
  facet normal 0 0 1
    outer loop
      vertex 49.4 8 5
      vertex 47.7807 5.90587 5
      vertex 47.8701 5.45684 5
    endloop
  endfacet
  facet normal 0 0 1
    outer loop
      vertex 46.5307 7.77674 5
      vertex 47.9176 9.93185 5
      vertex 47.6611 9.98289 5
    endloop
  endfacet
  facet normal 0 0 1
    outer loop
      vertex 49.4 8 5
      vertex 47.6336 6.33939 5
      vertex 47.7807 5.90587 5
    endloop
  endfacet
  facet normal 0 0 1
    outer loop
      vertex 49.4 8 5
      vertex 47.4311 6.75 5
      vertex 47.6336 6.33939 5
    endloop
  endfacet
  facet normal 0 0 1
    outer loop
      vertex 46.5307 7.77674 5
      vertex 47.6611 9.98289 5
      vertex 47.4 10 5
    endloop
  endfacet
  facet normal 0 0 1
    outer loop
      vertex 49.4 8 5
      vertex 47.1767 7.13066 5
      vertex 47.4311 6.75 5
    endloop
  endfacet
  facet normal 0 0 1
    outer loop
      vertex 49.3319 8.51764 5
      vertex 46.8749 7.47487 5
      vertex 47.1767 7.13066 5
    endloop
  endfacet
  facet normal 0 0 1
    outer loop
      vertex 47.9176 9.93185 5
      vertex 46.5307 7.77674 5
      vertex 46.8749 7.47487 5
    endloop
  endfacet
  facet normal 0 0 1
    outer loop
      vertex 47.4 10 5
      vertex 46.15 8.03109 5
      vertex 46.5307 7.77674 5
    endloop
  endfacet
  facet normal 0 0 1
    outer loop
      vertex 47.4 10 5
      vertex 45.7394 8.23358 5
      vertex 46.15 8.03109 5
    endloop
  endfacet
  facet normal 0 0 1
    outer loop
      vertex 47.4 10 5
      vertex 45.3059 8.38074 5
      vertex 45.7394 8.23358 5
    endloop
  endfacet
  facet normal 0 0 1
    outer loop
      vertex 47.4 10 5
      vertex 44.8568 8.47006 5
      vertex 45.3059 8.38074 5
    endloop
  endfacet
  facet normal 0 0 1
    outer loop
      vertex 47.4 10 5
      vertex 44.4 8.5 5
      vertex 44.8568 8.47006 5
    endloop
  endfacet
  facet normal 0 0 1
    outer loop
      vertex 47.4 10 5
      vertex 43.9432 8.47006 5
      vertex 44.4 8.5 5
    endloop
  endfacet
  facet normal -0 0 1
    outer loop
      vertex 39.4 10 5
      vertex 43.9432 8.47006 5
      vertex 47.4 10 5
    endloop
  endfacet
  facet normal 0 0 1
    outer loop
      vertex 43.9432 8.47006 5
      vertex 39.4 10 5
      vertex 43.4941 8.38074 5
    endloop
  endfacet
  facet normal 0 0 1
    outer loop
      vertex 39.4 2 5
      vertex 40.9299 5.45684 5
      vertex 39.4 10 5
    endloop
  endfacet
  facet normal 0 0 1
    outer loop
      vertex 41.0193 5.90587 5
      vertex 39.4 10 5
      vertex 40.9299 5.45684 5
    endloop
  endfacet
  facet normal 0 0 1
    outer loop
      vertex 41.1664 6.33939 5
      vertex 39.4 10 5
      vertex 41.0193 5.90587 5
    endloop
  endfacet
  facet normal 0 0 1
    outer loop
      vertex 41.3689 6.75 5
      vertex 39.4 10 5
      vertex 41.1664 6.33939 5
    endloop
  endfacet
  facet normal 0 0 1
    outer loop
      vertex 41.6233 7.13066 5
      vertex 39.4 10 5
      vertex 41.3689 6.75 5
    endloop
  endfacet
  facet normal 0 0 1
    outer loop
      vertex 41.9251 7.47487 5
      vertex 39.4 10 5
      vertex 41.6233 7.13066 5
    endloop
  endfacet
  facet normal 0 0 1
    outer loop
      vertex 42.2693 7.77674 5
      vertex 39.4 10 5
      vertex 41.9251 7.47487 5
    endloop
  endfacet
  facet normal 0 0 1
    outer loop
      vertex 42.65 8.03109 5
      vertex 39.4 10 5
      vertex 42.2693 7.77674 5
    endloop
  endfacet
  facet normal 0 0 1
    outer loop
      vertex 43.0606 8.23358 5
      vertex 39.4 10 5
      vertex 42.65 8.03109 5
    endloop
  endfacet
  facet normal 0 0 1
    outer loop
      vertex 43.4941 8.38074 5
      vertex 39.4 10 5
      vertex 43.0606 8.23358 5
    endloop
  endfacet
  facet normal 0 0 1
    outer loop
      vertex 49.132 1 5
      vertex 46.8749 2.52513 5
      vertex 48.9867 0.782476 5
    endloop
  endfacet
  facet normal 0 0 1
    outer loop
      vertex 48.9867 0.782476 5
      vertex 46.8749 2.52513 5
      vertex 48.8142 0.585786 5
    endloop
  endfacet
  facet normal 0 0 1
    outer loop
      vertex 48.8142 0.585786 5
      vertex 46.8749 2.52513 5
      vertex 48.6175 0.413293 5
    endloop
  endfacet
  facet normal 0 0 1
    outer loop
      vertex 48.6175 0.413293 5
      vertex 46.8749 2.52513 5
      vertex 48.4 0.267949 5
    endloop
  endfacet
  facet normal 0 0 1
    outer loop
      vertex 48.4 0.267949 5
      vertex 46.8749 2.52513 5
      vertex 48.1654 0.152241 5
    endloop
  endfacet
  facet normal 0 0 1
    outer loop
      vertex 48.1654 0.152241 5
      vertex 46.8749 2.52513 5
      vertex 47.9176 0.0681477 5
    endloop
  endfacet
  facet normal -0 0 1
    outer loop
      vertex 46.5307 2.22326 5
      vertex 47.9176 0.0681477 5
      vertex 46.8749 2.52513 5
    endloop
  endfacet
  facet normal 0 0 1
    outer loop
      vertex 47.9176 0.0681477 5
      vertex 46.5307 2.22326 5
      vertex 47.6611 0.0171099 5
    endloop
  endfacet
  facet normal 0 0 1
    outer loop
      vertex 47.6611 0.0171099 5
      vertex 46.5307 2.22326 5
      vertex 47.4 0 5
    endloop
  endfacet
  facet normal -0 0 1
    outer loop
      vertex 46.15 1.96891 5
      vertex 47.4 0 5
      vertex 46.5307 2.22326 5
    endloop
  endfacet
  facet normal -0 0 1
    outer loop
      vertex 45.7394 1.76642 5
      vertex 47.4 0 5
      vertex 46.15 1.96891 5
    endloop
  endfacet
  facet normal -0 0 1
    outer loop
      vertex 45.3059 1.61926 5
      vertex 47.4 0 5
      vertex 45.7394 1.76642 5
    endloop
  endfacet
  facet normal -0 0 1
    outer loop
      vertex 44.8568 1.52994 5
      vertex 47.4 0 5
      vertex 45.3059 1.61926 5
    endloop
  endfacet
  facet normal -0 0 1
    outer loop
      vertex 44.4 1.5 5
      vertex 47.4 0 5
      vertex 44.8568 1.52994 5
    endloop
  endfacet
  facet normal 0 0 1
    outer loop
      vertex 43.9432 1.52994 5
      vertex 47.4 0 5
      vertex 44.4 1.5 5
    endloop
  endfacet
  facet normal 0 0 1
    outer loop
      vertex 38.4 0 5
      vertex 43.9432 1.52994 5
      vertex 43.4941 1.61926 5
    endloop
  endfacet
  facet normal 0 0 1
    outer loop
      vertex 38.4 0 5
      vertex 43.4941 1.61926 5
      vertex 43.0606 1.76642 5
    endloop
  endfacet
  facet normal 0 0 1
    outer loop
      vertex 40.9299 5.45684 5
      vertex 39.4 2 5
      vertex 40.9 5 5
    endloop
  endfacet
  facet normal 0 0 1
    outer loop
      vertex 40.9 5 5
      vertex 39.4 2 5
      vertex 40.9299 4.54316 5
    endloop
  endfacet
  facet normal 0 0 1
    outer loop
      vertex 40.9299 4.54316 5
      vertex 39.4 2 5
      vertex 41.0193 4.09413 5
    endloop
  endfacet
  facet normal 0 0 1
    outer loop
      vertex 39.4 2 5
      vertex 41.1664 3.66061 5
      vertex 41.0193 4.09413 5
    endloop
  endfacet
  facet normal 0 0 1
    outer loop
      vertex 39.4 2 5
      vertex 41.3689 3.25 5
      vertex 41.1664 3.66061 5
    endloop
  endfacet
  facet normal 0 0 1
    outer loop
      vertex 39.4 2 5
      vertex 41.6233 2.86934 5
      vertex 41.3689 3.25 5
    endloop
  endfacet
  facet normal 0 0 1
    outer loop
      vertex 39.4 2 5
      vertex 41.9251 2.52513 5
      vertex 41.6233 2.86934 5
    endloop
  endfacet
  facet normal 0 0 1
    outer loop
      vertex 39.3829 1.73895 5
      vertex 41.9251 2.52513 5
      vertex 39.4 2 5
    endloop
  endfacet
  facet normal 0 0 1
    outer loop
      vertex 39.3319 1.48236 5
      vertex 41.9251 2.52513 5
      vertex 39.3829 1.73895 5
    endloop
  endfacet
  facet normal 0 0 1
    outer loop
      vertex 41.9251 2.52513 5
      vertex 39.3319 1.48236 5
      vertex 42.2693 2.22326 5
    endloop
  endfacet
  facet normal 0 0 1
    outer loop
      vertex 39.2478 1.23463 5
      vertex 42.2693 2.22326 5
      vertex 39.3319 1.48236 5
    endloop
  endfacet
  facet normal 0 0 1
    outer loop
      vertex 42.2693 2.22326 5
      vertex 39.2478 1.23463 5
      vertex 42.65 1.96891 5
    endloop
  endfacet
  facet normal 0 0 1
    outer loop
      vertex 39.132 1 5
      vertex 42.65 1.96891 5
      vertex 39.2478 1.23463 5
    endloop
  endfacet
  facet normal 0 0 1
    outer loop
      vertex 38.9867 0.782476 5
      vertex 42.65 1.96891 5
      vertex 39.132 1 5
    endloop
  endfacet
  facet normal 0 0 1
    outer loop
      vertex 42.65 1.96891 5
      vertex 38.9867 0.782476 5
      vertex 43.0606 1.76642 5
    endloop
  endfacet
  facet normal 0 0 1
    outer loop
      vertex 38.8142 0.585786 5
      vertex 43.0606 1.76642 5
      vertex 38.9867 0.782476 5
    endloop
  endfacet
  facet normal 0 0 1
    outer loop
      vertex 43.0606 1.76642 5
      vertex 38.8142 0.585786 5
      vertex 38.4 0 5
    endloop
  endfacet
  facet normal 0 0 1
    outer loop
      vertex 38.4 0 5
      vertex 38.8142 0.585786 5
      vertex 38.6175 0.413293 5
    endloop
  endfacet
  facet normal 0 0 1
    outer loop
      vertex 38.4 0 5
      vertex 38.6175 0.413293 5
      vertex 38.4 0.267949 5
    endloop
  endfacet
  facet normal 0 0 1
    outer loop
      vertex 43.9432 1.52994 5
      vertex 38.4 0 5
      vertex 47.4 0 5
    endloop
  endfacet
  facet normal -0 0 1
    outer loop
      vertex 38.1654 0.152241 5
      vertex 38.4 0 5
      vertex 38.4 0.267949 5
    endloop
  endfacet
  facet normal 0 0 1
    outer loop
      vertex 38.1654 0.152241 5
      vertex 38.1389 0.0171099 5
      vertex 38.4 0 5
    endloop
  endfacet
  facet normal -0 0 1
    outer loop
      vertex 37.9176 0.0681477 5
      vertex 38.1389 0.0171099 5
      vertex 38.1654 0.152241 5
    endloop
  endfacet
  facet normal 0 0 1
    outer loop
      vertex 38.1389 0.0171099 5
      vertex 37.9176 0.0681477 5
      vertex 37.9 0.0646392 5
    endloop
  endfacet
  facet normal 0.751826 0.659362 0
    outer loop
      vertex 48.9867 9.21752 5
      vertex 48.8142 9.41421 0
      vertex 48.8142 9.41421 5
    endloop
  endfacet
  facet normal 0.751826 0.659362 0
    outer loop
      vertex 48.8142 9.41421 0
      vertex 48.9867 9.21752 5
      vertex 48.9867 9.21752 0
    endloop
  endfacet
  facet normal 0 1 -0
    outer loop
      vertex 47.4 10 0
      vertex 39.4 10 5
      vertex 47.4 10 5
    endloop
  endfacet
  facet normal 0 1 0
    outer loop
      vertex 39.4 10 5
      vertex 47.4 10 0
      vertex 39.4 10 0
    endloop
  endfacet
  facet normal 0.0653902 0.99786 -0
    outer loop
      vertex 47.6611 9.98289 0
      vertex 47.4 10 5
      vertex 47.6611 9.98289 5
    endloop
  endfacet
  facet normal 0.0653902 0.99786 0
    outer loop
      vertex 47.4 10 5
      vertex 47.6611 9.98289 0
      vertex 47.4 10 0
    endloop
  endfacet
  facet normal 0.896731 -0.442575 0
    outer loop
      vertex 49.132 1 5
      vertex 49.2478 1.23463 0
      vertex 49.2478 1.23463 5
    endloop
  endfacet
  facet normal 0.896731 -0.442575 0
    outer loop
      vertex 49.2478 1.23463 0
      vertex 49.132 1 5
      vertex 49.132 1 0
    endloop
  endfacet
  facet normal 1 -0 0
    outer loop
      vertex 49.4 2 5
      vertex 49.4 8 0
      vertex 49.4 8 5
    endloop
  endfacet
  facet normal 1 0 0
    outer loop
      vertex 49.4 8 0
      vertex 49.4 2 5
      vertex 49.4 2 0
    endloop
  endfacet
  facet normal 0.321359 -0.946957 0
    outer loop
      vertex 47.9176 0.0681477 0
      vertex 48.1654 0.152241 5
      vertex 47.9176 0.0681477 5
    endloop
  endfacet
  facet normal 0.321359 -0.946957 0
    outer loop
      vertex 48.1654 0.152241 5
      vertex 47.9176 0.0681477 0
      vertex 48.1654 0.152241 0
    endloop
  endfacet
  facet normal 0 -1 0
    outer loop
      vertex 38.4 0 0
      vertex 47.4 0 5
      vertex 38.4 0 5
    endloop
  endfacet
  facet normal 0 -1 -0
    outer loop
      vertex 47.4 0 5
      vertex 38.4 0 0
      vertex 47.4 0 0
    endloop
  endfacet
  facet normal 0.5556 0.83145 -0
    outer loop
      vertex 48.6175 9.58671 0
      vertex 48.4 9.73205 5
      vertex 48.6175 9.58671 5
    endloop
  endfacet
  facet normal 0.5556 0.83145 0
    outer loop
      vertex 48.4 9.73205 5
      vertex 48.6175 9.58671 0
      vertex 48.4 9.73205 0
    endloop
  endfacet
  facet normal 0.659343 0.751842 -0
    outer loop
      vertex 48.8142 9.41421 0
      vertex 48.6175 9.58671 5
      vertex 48.8142 9.41421 5
    endloop
  endfacet
  facet normal 0.659343 0.751842 0
    outer loop
      vertex 48.6175 9.58671 5
      vertex 48.8142 9.41421 0
      vertex 48.6175 9.58671 0
    endloop
  endfacet
  facet normal 0.831544 0.555459 0
    outer loop
      vertex 49.132 9 5
      vertex 48.9867 9.21752 0
      vertex 48.9867 9.21752 5
    endloop
  endfacet
  facet normal 0.831544 0.555459 0
    outer loop
      vertex 48.9867 9.21752 0
      vertex 49.132 9 5
      vertex 49.132 9 0
    endloop
  endfacet
  facet normal 0.896731 0.442575 0
    outer loop
      vertex 49.2478 8.76537 5
      vertex 49.132 9 0
      vertex 49.132 9 5
    endloop
  endfacet
  facet normal 0.896731 0.442575 0
    outer loop
      vertex 49.132 9 0
      vertex 49.2478 8.76537 5
      vertex 49.2478 8.76537 0
    endloop
  endfacet
  facet normal 0.946922 0.321463 0
    outer loop
      vertex 49.3319 8.51764 5
      vertex 49.2478 8.76537 0
      vertex 49.2478 8.76537 5
    endloop
  endfacet
  facet normal 0.946922 0.321463 0
    outer loop
      vertex 49.2478 8.76537 0
      vertex 49.3319 8.51764 5
      vertex 49.3319 8.51764 0
    endloop
  endfacet
  facet normal 0.946922 -0.321463 0
    outer loop
      vertex 49.2478 1.23463 5
      vertex 49.3319 1.48236 0
      vertex 49.3319 1.48236 5
    endloop
  endfacet
  facet normal 0.946922 -0.321463 0
    outer loop
      vertex 49.3319 1.48236 0
      vertex 49.2478 1.23463 5
      vertex 49.2478 1.23463 0
    endloop
  endfacet
  facet normal 0.659328 -0.751855 0
    outer loop
      vertex 48.6175 0.413293 0
      vertex 48.8142 0.585786 5
      vertex 48.6175 0.413293 5
    endloop
  endfacet
  facet normal 0.659328 -0.751855 0
    outer loop
      vertex 48.8142 0.585786 5
      vertex 48.6175 0.413293 0
      vertex 48.8142 0.585786 0
    endloop
  endfacet
  facet normal 0.831549 -0.555452 0
    outer loop
      vertex 48.9867 0.782476 5
      vertex 49.132 1 0
      vertex 49.132 1 5
    endloop
  endfacet
  facet normal 0.831549 -0.555452 0
    outer loop
      vertex 49.132 1 0
      vertex 48.9867 0.782476 5
      vertex 48.9867 0.782476 0
    endloop
  endfacet
  facet normal 0.195152 -0.980773 0
    outer loop
      vertex 47.6611 0.0171099 0
      vertex 47.9176 0.0681477 5
      vertex 47.6611 0.0171099 5
    endloop
  endfacet
  facet normal 0.195152 -0.980773 0
    outer loop
      vertex 47.9176 0.0681477 5
      vertex 47.6611 0.0171099 0
      vertex 47.9176 0.0681477 0
    endloop
  endfacet
  facet normal -0.0653898 -0.99786 0
    outer loop
      vertex 38.1389 0.0171099 0
      vertex 38.4 0 5
      vertex 38.1389 0.0171099 5
    endloop
  endfacet
  facet normal -0.0653898 -0.99786 -0
    outer loop
      vertex 38.4 0 5
      vertex 38.1389 0.0171099 0
      vertex 38.4 0 0
    endloop
  endfacet
  facet normal 0.321348 0.946961 -0
    outer loop
      vertex 48.1654 9.84776 0
      vertex 47.9176 9.93185 5
      vertex 48.1654 9.84776 5
    endloop
  endfacet
  facet normal 0.321348 0.946961 0
    outer loop
      vertex 47.9176 9.93185 5
      vertex 48.1654 9.84776 0
      vertex 47.9176 9.93185 0
    endloop
  endfacet
  facet normal 0.442344 0.896845 -0
    outer loop
      vertex 48.4 9.73205 0
      vertex 48.1654 9.84776 5
      vertex 48.4 9.73205 5
    endloop
  endfacet
  facet normal 0.442344 0.896845 0
    outer loop
      vertex 48.1654 9.84776 5
      vertex 48.4 9.73205 0
      vertex 48.1654 9.84776 0
    endloop
  endfacet
  facet normal 0.751826 -0.659362 0
    outer loop
      vertex 48.8142 0.585786 5
      vertex 48.9867 0.782476 0
      vertex 48.9867 0.782476 5
    endloop
  endfacet
  facet normal 0.751826 -0.659362 0
    outer loop
      vertex 48.9867 0.782476 0
      vertex 48.8142 0.585786 5
      vertex 48.8142 0.585786 0
    endloop
  endfacet
  facet normal 0.442338 -0.896848 0
    outer loop
      vertex 48.1654 0.152241 0
      vertex 48.4 0.267949 5
      vertex 48.1654 0.152241 5
    endloop
  endfacet
  facet normal 0.442338 -0.896848 0
    outer loop
      vertex 48.4 0.267949 5
      vertex 48.1654 0.152241 0
      vertex 48.4 0.267949 0
    endloop
  endfacet
  facet normal 0.55561 -0.831443 0
    outer loop
      vertex 48.4 0.267949 0
      vertex 48.6175 0.413293 5
      vertex 48.4 0.267949 5
    endloop
  endfacet
  facet normal 0.55561 -0.831443 0
    outer loop
      vertex 48.6175 0.413293 5
      vertex 48.4 0.267949 0
      vertex 48.6175 0.413293 0
    endloop
  endfacet
  facet normal 0.195013 0.980801 -0
    outer loop
      vertex 47.9176 31.7119 0
      vertex 47.6611 31.7629 5
      vertex 47.9176 31.7119 5
    endloop
  endfacet
  facet normal 0.195013 0.980801 0
    outer loop
      vertex 47.6611 31.7629 5
      vertex 47.9176 31.7119 0
      vertex 47.6611 31.7629 0
    endloop
  endfacet
  facet normal 0.980801 0.195013 0
    outer loop
      vertex 49.3829 30.0411 5
      vertex 49.3319 30.2976 0
      vertex 49.3319 30.2976 5
    endloop
  endfacet
  facet normal 0.980801 0.195013 0
    outer loop
      vertex 49.3319 30.2976 0
      vertex 49.3829 30.0411 5
      vertex 49.3829 30.0411 0
    endloop
  endfacet
  facet normal 0.997862 -0.0653521 0
    outer loop
      vertex 49.3829 23.5189 5
      vertex 49.4 23.78 0
      vertex 49.4 23.78 5
    endloop
  endfacet
  facet normal 0.997862 -0.0653521 0
    outer loop
      vertex 49.4 23.78 0
      vertex 49.3829 23.5189 5
      vertex 49.3829 23.5189 0
    endloop
  endfacet
  facet normal 0.997862 0.0653521 0
    outer loop
      vertex 49.4 29.78 5
      vertex 49.3829 30.0411 0
      vertex 49.3829 30.0411 5
    endloop
  endfacet
  facet normal 0.997862 0.0653521 0
    outer loop
      vertex 49.3829 30.0411 0
      vertex 49.4 29.78 5
      vertex 49.4 29.78 0
    endloop
  endfacet
  facet normal 0.0653521 -0.997862 0
    outer loop
      vertex 47.4 21.78 0
      vertex 47.6611 21.7971 5
      vertex 47.4 21.78 5
    endloop
  endfacet
  facet normal 0.0653521 -0.997862 0
    outer loop
      vertex 47.6611 21.7971 5
      vertex 47.4 21.78 0
      vertex 47.6611 21.7971 0
    endloop
  endfacet
  facet normal 0 0 1
    outer loop
      vertex 47.1767 28.9107 5
      vertex 49.4 29.78 5
      vertex 49.3829 30.0411 5
    endloop
  endfacet
  facet normal 0 0 1
    outer loop
      vertex 49.4 29.78 5
      vertex 47.9 26.78 5
      vertex 49.4 23.78 5
    endloop
  endfacet
  facet normal 0 0 1
    outer loop
      vertex 47.1767 28.9107 5
      vertex 49.3829 30.0411 5
      vertex 49.3319 30.2976 5
    endloop
  endfacet
  facet normal -0 0 1
    outer loop
      vertex 47.8701 26.3232 5
      vertex 49.4 23.78 5
      vertex 47.9 26.78 5
    endloop
  endfacet
  facet normal 0 0 1
    outer loop
      vertex 46.8749 29.2549 5
      vertex 49.3319 30.2976 5
      vertex 49.2478 30.5454 5
    endloop
  endfacet
  facet normal -0 0 1
    outer loop
      vertex 47.7807 25.8741 5
      vertex 49.4 23.78 5
      vertex 47.8701 26.3232 5
    endloop
  endfacet
  facet normal 0 0 1
    outer loop
      vertex 46.8749 29.2549 5
      vertex 49.2478 30.5454 5
      vertex 49.132 30.78 5
    endloop
  endfacet
  facet normal -0 0 1
    outer loop
      vertex 47.6336 25.4406 5
      vertex 49.4 23.78 5
      vertex 47.7807 25.8741 5
    endloop
  endfacet
  facet normal 0 0 1
    outer loop
      vertex 46.8749 29.2549 5
      vertex 49.132 30.78 5
      vertex 48.9867 30.9975 5
    endloop
  endfacet
  facet normal -0 0 1
    outer loop
      vertex 47.4311 25.03 5
      vertex 49.4 23.78 5
      vertex 47.6336 25.4406 5
    endloop
  endfacet
  facet normal 0 0 1
    outer loop
      vertex 46.8749 29.2549 5
      vertex 48.9867 30.9975 5
      vertex 48.8142 31.1942 5
    endloop
  endfacet
  facet normal -0 0 1
    outer loop
      vertex 47.1767 24.6493 5
      vertex 49.4 23.78 5
      vertex 47.4311 25.03 5
    endloop
  endfacet
  facet normal 0 0 1
    outer loop
      vertex 46.8749 29.2549 5
      vertex 48.8142 31.1942 5
      vertex 48.6175 31.3667 5
    endloop
  endfacet
  facet normal 0 0 1
    outer loop
      vertex 49.4 23.78 5
      vertex 47.1767 24.6493 5
      vertex 49.3829 23.5189 5
    endloop
  endfacet
  facet normal 0 0 1
    outer loop
      vertex 46.8749 29.2549 5
      vertex 48.6175 31.3667 5
      vertex 48.4 31.5121 5
    endloop
  endfacet
  facet normal 0 0 1
    outer loop
      vertex 49.3829 23.5189 5
      vertex 47.1767 24.6493 5
      vertex 49.3319 23.2624 5
    endloop
  endfacet
  facet normal 0 0 1
    outer loop
      vertex 46.8749 29.2549 5
      vertex 48.4 31.5121 5
      vertex 48.1654 31.6278 5
    endloop
  endfacet
  facet normal -0 0 1
    outer loop
      vertex 46.8749 24.3051 5
      vertex 49.3319 23.2624 5
      vertex 47.1767 24.6493 5
    endloop
  endfacet
  facet normal 0 0 1
    outer loop
      vertex 46.8749 29.2549 5
      vertex 48.1654 31.6278 5
      vertex 47.9176 31.7119 5
    endloop
  endfacet
  facet normal 0 0 1
    outer loop
      vertex 49.3319 23.2624 5
      vertex 46.8749 24.3051 5
      vertex 49.2478 23.0146 5
    endloop
  endfacet
  facet normal 0 0 1
    outer loop
      vertex 49.2478 23.0146 5
      vertex 46.8749 24.3051 5
      vertex 49.132 22.78 5
    endloop
  endfacet
  facet normal 0 0 1
    outer loop
      vertex 49.4 29.78 5
      vertex 47.8701 27.2368 5
      vertex 47.9 26.78 5
    endloop
  endfacet
  facet normal 0 0 1
    outer loop
      vertex 49.4 29.78 5
      vertex 47.7807 27.6859 5
      vertex 47.8701 27.2368 5
    endloop
  endfacet
  facet normal 0 0 1
    outer loop
      vertex 46.5307 29.5567 5
      vertex 47.9176 31.7119 5
      vertex 47.6611 31.7629 5
    endloop
  endfacet
  facet normal 0 0 1
    outer loop
      vertex 49.4 29.78 5
      vertex 47.6336 28.1194 5
      vertex 47.7807 27.6859 5
    endloop
  endfacet
  facet normal 0 0 1
    outer loop
      vertex 49.4 29.78 5
      vertex 47.4311 28.53 5
      vertex 47.6336 28.1194 5
    endloop
  endfacet
  facet normal 0 0 1
    outer loop
      vertex 46.5307 29.5567 5
      vertex 47.6611 31.7629 5
      vertex 47.4 31.78 5
    endloop
  endfacet
  facet normal 0 0 1
    outer loop
      vertex 49.4 29.78 5
      vertex 47.1767 28.9107 5
      vertex 47.4311 28.53 5
    endloop
  endfacet
  facet normal 0 0 1
    outer loop
      vertex 49.3319 30.2976 5
      vertex 46.8749 29.2549 5
      vertex 47.1767 28.9107 5
    endloop
  endfacet
  facet normal 0 0 1
    outer loop
      vertex 47.9176 31.7119 5
      vertex 46.5307 29.5567 5
      vertex 46.8749 29.2549 5
    endloop
  endfacet
  facet normal 0 0 1
    outer loop
      vertex 47.4 31.78 5
      vertex 46.15 29.8111 5
      vertex 46.5307 29.5567 5
    endloop
  endfacet
  facet normal 0 0 1
    outer loop
      vertex 47.4 31.78 5
      vertex 45.7394 30.0136 5
      vertex 46.15 29.8111 5
    endloop
  endfacet
  facet normal 0 0 1
    outer loop
      vertex 47.4 31.78 5
      vertex 45.3059 30.1607 5
      vertex 45.7394 30.0136 5
    endloop
  endfacet
  facet normal 0 0 1
    outer loop
      vertex 47.4 31.78 5
      vertex 44.8568 30.2501 5
      vertex 45.3059 30.1607 5
    endloop
  endfacet
  facet normal 0 0 1
    outer loop
      vertex 47.4 31.78 5
      vertex 44.4 30.28 5
      vertex 44.8568 30.2501 5
    endloop
  endfacet
  facet normal 0 0 1
    outer loop
      vertex 47.4 31.78 5
      vertex 43.9432 30.2501 5
      vertex 44.4 30.28 5
    endloop
  endfacet
  facet normal -0 0 1
    outer loop
      vertex 38.4 31.78 5
      vertex 43.9432 30.2501 5
      vertex 47.4 31.78 5
    endloop
  endfacet
  facet normal 0 0 1
    outer loop
      vertex 43.9432 30.2501 5
      vertex 38.4 31.78 5
      vertex 43.4941 30.1607 5
    endloop
  endfacet
  facet normal 0 0 1
    outer loop
      vertex 40.9299 27.2368 5
      vertex 39.4 29.78 5
      vertex 40.9 26.78 5
    endloop
  endfacet
  facet normal 0 0 1
    outer loop
      vertex 41.0193 27.6859 5
      vertex 39.4 29.78 5
      vertex 40.9299 27.2368 5
    endloop
  endfacet
  facet normal 0 0 1
    outer loop
      vertex 41.1664 28.1194 5
      vertex 39.4 29.78 5
      vertex 41.0193 27.6859 5
    endloop
  endfacet
  facet normal 0 0 1
    outer loop
      vertex 41.3689 28.53 5
      vertex 39.4 29.78 5
      vertex 41.1664 28.1194 5
    endloop
  endfacet
  facet normal 0 0 1
    outer loop
      vertex 41.6233 28.9107 5
      vertex 39.4 29.78 5
      vertex 41.3689 28.53 5
    endloop
  endfacet
  facet normal 0 0 1
    outer loop
      vertex 41.9251 29.2549 5
      vertex 39.4 29.78 5
      vertex 41.6233 28.9107 5
    endloop
  endfacet
  facet normal 0 0 1
    outer loop
      vertex 39.3319 30.2976 5
      vertex 41.9251 29.2549 5
      vertex 42.2693 29.5567 5
    endloop
  endfacet
  facet normal 0 0 1
    outer loop
      vertex 39.2478 30.5454 5
      vertex 42.2693 29.5567 5
      vertex 42.65 29.8111 5
    endloop
  endfacet
  facet normal 0 0 1
    outer loop
      vertex 38.9867 30.9975 5
      vertex 42.65 29.8111 5
      vertex 43.0606 30.0136 5
    endloop
  endfacet
  facet normal 0 0 1
    outer loop
      vertex 43.4941 30.1607 5
      vertex 38.4 31.78 5
      vertex 43.0606 30.0136 5
    endloop
  endfacet
  facet normal 0 0 1
    outer loop
      vertex 41.9251 29.2549 5
      vertex 39.3829 30.0411 5
      vertex 39.4 29.78 5
    endloop
  endfacet
  facet normal 0 0 1
    outer loop
      vertex 41.9251 29.2549 5
      vertex 39.3319 30.2976 5
      vertex 39.3829 30.0411 5
    endloop
  endfacet
  facet normal 0 0 1
    outer loop
      vertex 42.2693 29.5567 5
      vertex 39.2478 30.5454 5
      vertex 39.3319 30.2976 5
    endloop
  endfacet
  facet normal 0 0 1
    outer loop
      vertex 42.65 29.8111 5
      vertex 39.132 30.78 5
      vertex 39.2478 30.5454 5
    endloop
  endfacet
  facet normal 0 0 1
    outer loop
      vertex 42.65 29.8111 5
      vertex 38.9867 30.9975 5
      vertex 39.132 30.78 5
    endloop
  endfacet
  facet normal -0 -0 1
    outer loop
      vertex 38.8142 31.1942 5
      vertex 43.0606 30.0136 5
      vertex 38.4 31.78 5
    endloop
  endfacet
  facet normal 0 0 1
    outer loop
      vertex 43.0606 30.0136 5
      vertex 38.8142 31.1942 5
      vertex 38.9867 30.9975 5
    endloop
  endfacet
  facet normal 0 0 1
    outer loop
      vertex 38.8142 31.1942 5
      vertex 38.4 31.78 5
      vertex 38.6175 31.3667 5
    endloop
  endfacet
  facet normal 0 0 1
    outer loop
      vertex 38.4 31.78 5
      vertex 38.4 31.5121 5
      vertex 38.6175 31.3667 5
    endloop
  endfacet
  facet normal 0 0 1
    outer loop
      vertex 38.4 31.78 5
      vertex 38.1654 31.6278 5
      vertex 38.4 31.5121 5
    endloop
  endfacet
  facet normal -0 0 1
    outer loop
      vertex 38.1389 31.7629 5
      vertex 38.1654 31.6278 5
      vertex 38.4 31.78 5
    endloop
  endfacet
  facet normal 0 0 1
    outer loop
      vertex 38.1389 31.7629 5
      vertex 37.9176 31.7119 5
      vertex 38.1654 31.6278 5
    endloop
  endfacet
  facet normal 0 -0 1
    outer loop
      vertex 37.9176 31.7119 5
      vertex 38.1389 31.7629 5
      vertex 37.9 31.7154 5
    endloop
  endfacet
  facet normal 0 0 1
    outer loop
      vertex 49.132 22.78 5
      vertex 46.8749 24.3051 5
      vertex 48.9867 22.5625 5
    endloop
  endfacet
  facet normal 0 0 1
    outer loop
      vertex 48.9867 22.5625 5
      vertex 46.8749 24.3051 5
      vertex 48.8142 22.3658 5
    endloop
  endfacet
  facet normal 0 0 1
    outer loop
      vertex 48.8142 22.3658 5
      vertex 46.8749 24.3051 5
      vertex 48.6175 22.1933 5
    endloop
  endfacet
  facet normal 0 0 1
    outer loop
      vertex 48.6175 22.1933 5
      vertex 46.8749 24.3051 5
      vertex 48.4 22.0479 5
    endloop
  endfacet
  facet normal 0 0 1
    outer loop
      vertex 48.4 22.0479 5
      vertex 46.8749 24.3051 5
      vertex 48.1654 21.9322 5
    endloop
  endfacet
  facet normal 0 0 1
    outer loop
      vertex 48.1654 21.9322 5
      vertex 46.8749 24.3051 5
      vertex 47.9176 21.8481 5
    endloop
  endfacet
  facet normal -0 0 1
    outer loop
      vertex 46.5307 24.0033 5
      vertex 47.9176 21.8481 5
      vertex 46.8749 24.3051 5
    endloop
  endfacet
  facet normal 0 0 1
    outer loop
      vertex 47.9176 21.8481 5
      vertex 46.5307 24.0033 5
      vertex 47.6611 21.7971 5
    endloop
  endfacet
  facet normal 0 0 1
    outer loop
      vertex 47.6611 21.7971 5
      vertex 46.5307 24.0033 5
      vertex 47.4 21.78 5
    endloop
  endfacet
  facet normal -0 0 1
    outer loop
      vertex 46.15 23.7489 5
      vertex 47.4 21.78 5
      vertex 46.5307 24.0033 5
    endloop
  endfacet
  facet normal -0 0 1
    outer loop
      vertex 45.7394 23.5464 5
      vertex 47.4 21.78 5
      vertex 46.15 23.7489 5
    endloop
  endfacet
  facet normal -0 0 1
    outer loop
      vertex 45.3059 23.3993 5
      vertex 47.4 21.78 5
      vertex 45.7394 23.5464 5
    endloop
  endfacet
  facet normal -0 0 1
    outer loop
      vertex 44.8568 23.3099 5
      vertex 47.4 21.78 5
      vertex 45.3059 23.3993 5
    endloop
  endfacet
  facet normal -0 0 1
    outer loop
      vertex 44.4 23.28 5
      vertex 47.4 21.78 5
      vertex 44.8568 23.3099 5
    endloop
  endfacet
  facet normal 0 0 1
    outer loop
      vertex 43.9432 23.3099 5
      vertex 47.4 21.78 5
      vertex 44.4 23.28 5
    endloop
  endfacet
  facet normal 0 0 1
    outer loop
      vertex 39.4 21.78 5
      vertex 43.9432 23.3099 5
      vertex 43.4941 23.3993 5
    endloop
  endfacet
  facet normal 0 0 1
    outer loop
      vertex 39.4 21.78 5
      vertex 43.4941 23.3993 5
      vertex 43.0606 23.5464 5
    endloop
  endfacet
  facet normal 0 0 1
    outer loop
      vertex 39.4 29.78 5
      vertex 40.9299 26.3232 5
      vertex 40.9 26.78 5
    endloop
  endfacet
  facet normal 0 0 1
    outer loop
      vertex 39.4 21.78 5
      vertex 40.9299 26.3232 5
      vertex 39.4 29.78 5
    endloop
  endfacet
  facet normal 0 0 1
    outer loop
      vertex 40.9299 26.3232 5
      vertex 39.4 21.78 5
      vertex 41.0193 25.8741 5
    endloop
  endfacet
  facet normal 0 0 1
    outer loop
      vertex 43.9432 23.3099 5
      vertex 39.4 21.78 5
      vertex 47.4 21.78 5
    endloop
  endfacet
  facet normal 0 0 1
    outer loop
      vertex 42.65 23.7489 5
      vertex 39.4 21.78 5
      vertex 43.0606 23.5464 5
    endloop
  endfacet
  facet normal 0 0 1
    outer loop
      vertex 42.2693 24.0033 5
      vertex 39.4 21.78 5
      vertex 42.65 23.7489 5
    endloop
  endfacet
  facet normal 0 0 1
    outer loop
      vertex 41.9251 24.3051 5
      vertex 39.4 21.78 5
      vertex 42.2693 24.0033 5
    endloop
  endfacet
  facet normal 0 0 1
    outer loop
      vertex 41.6233 24.6493 5
      vertex 39.4 21.78 5
      vertex 41.9251 24.3051 5
    endloop
  endfacet
  facet normal 0 0 1
    outer loop
      vertex 41.3689 25.03 5
      vertex 39.4 21.78 5
      vertex 41.6233 24.6493 5
    endloop
  endfacet
  facet normal 0 0 1
    outer loop
      vertex 41.1664 25.4406 5
      vertex 39.4 21.78 5
      vertex 41.3689 25.03 5
    endloop
  endfacet
  facet normal 0 0 1
    outer loop
      vertex 41.0193 25.8741 5
      vertex 39.4 21.78 5
      vertex 41.1664 25.4406 5
    endloop
  endfacet
  facet normal 0.659343 0.751842 -0
    outer loop
      vertex 48.8142 31.1942 0
      vertex 48.6175 31.3667 5
      vertex 48.8142 31.1942 5
    endloop
  endfacet
  facet normal 0.659343 0.751842 0
    outer loop
      vertex 48.6175 31.3667 5
      vertex 48.8142 31.1942 0
      vertex 48.6175 31.3667 0
    endloop
  endfacet
  facet normal 0 1 -0
    outer loop
      vertex 47.4 31.78 0
      vertex 38.4 31.78 5
      vertex 47.4 31.78 5
    endloop
  endfacet
  facet normal 0 1 0
    outer loop
      vertex 38.4 31.78 5
      vertex 47.4 31.78 0
      vertex 38.4 31.78 0
    endloop
  endfacet
  facet normal 0.0653521 0.997862 -0
    outer loop
      vertex 47.6611 31.7629 0
      vertex 47.4 31.78 5
      vertex 47.6611 31.7629 5
    endloop
  endfacet
  facet normal 0.0653521 0.997862 0
    outer loop
      vertex 47.4 31.78 5
      vertex 47.6611 31.7629 0
      vertex 47.4 31.78 0
    endloop
  endfacet
  facet normal 0.896709 -0.442621 0
    outer loop
      vertex 49.132 22.78 5
      vertex 49.2478 23.0146 0
      vertex 49.2478 23.0146 5
    endloop
  endfacet
  facet normal 0.896709 -0.442621 0
    outer loop
      vertex 49.2478 23.0146 0
      vertex 49.132 22.78 5
      vertex 49.132 22.78 0
    endloop
  endfacet
  facet normal 1 -0 0
    outer loop
      vertex 49.4 23.78 5
      vertex 49.4 29.78 0
      vertex 49.4 29.78 5
    endloop
  endfacet
  facet normal 1 0 0
    outer loop
      vertex 49.4 29.78 0
      vertex 49.4 23.78 5
      vertex 49.4 23.78 0
    endloop
  endfacet
  facet normal 0 -1 0
    outer loop
      vertex 39.4 21.78 0
      vertex 47.4 21.78 5
      vertex 39.4 21.78 5
    endloop
  endfacet
  facet normal 0 -1 -0
    outer loop
      vertex 47.4 21.78 5
      vertex 39.4 21.78 0
      vertex 47.4 21.78 0
    endloop
  endfacet
  facet normal 0.321382 0.94695 -0
    outer loop
      vertex 48.1654 31.6278 0
      vertex 47.9176 31.7119 5
      vertex 48.1654 31.6278 5
    endloop
  endfacet
  facet normal 0.321382 0.94695 0
    outer loop
      vertex 47.9176 31.7119 5
      vertex 48.1654 31.6278 0
      vertex 47.9176 31.7119 0
    endloop
  endfacet
  facet normal 0.442314 0.89686 -0
    outer loop
      vertex 48.4 31.5121 0
      vertex 48.1654 31.6278 5
      vertex 48.4 31.5121 5
    endloop
  endfacet
  facet normal 0.442314 0.89686 0
    outer loop
      vertex 48.1654 31.6278 5
      vertex 48.4 31.5121 0
      vertex 48.1654 31.6278 0
    endloop
  endfacet
  facet normal 0.555758 0.831344 -0
    outer loop
      vertex 48.6175 31.3667 0
      vertex 48.4 31.5121 5
      vertex 48.6175 31.3667 5
    endloop
  endfacet
  facet normal 0.555758 0.831344 0
    outer loop
      vertex 48.4 31.5121 5
      vertex 48.6175 31.3667 0
      vertex 48.4 31.5121 0
    endloop
  endfacet
  facet normal 0.896709 0.442621 0
    outer loop
      vertex 49.2478 30.5454 5
      vertex 49.132 30.78 0
      vertex 49.132 30.78 5
    endloop
  endfacet
  facet normal 0.896709 0.442621 0
    outer loop
      vertex 49.132 30.78 0
      vertex 49.2478 30.5454 5
      vertex 49.2478 30.5454 0
    endloop
  endfacet
  facet normal 0.94695 0.321382 0
    outer loop
      vertex 49.3319 30.2976 5
      vertex 49.2478 30.5454 0
      vertex 49.2478 30.5454 5
    endloop
  endfacet
  facet normal 0.94695 0.321382 0
    outer loop
      vertex 49.2478 30.5454 0
      vertex 49.3319 30.2976 5
      vertex 49.3319 30.2976 0
    endloop
  endfacet
  facet normal -0.195011 0.980801 0
    outer loop
      vertex 38.1389 31.7629 0
      vertex 37.9 31.7154 5
      vertex 38.1389 31.7629 5
    endloop
  endfacet
  facet normal -0.195011 0.980801 0
    outer loop
      vertex 37.9 31.7154 5
      vertex 38.1389 31.7629 0
      vertex 37.9 31.7154 0
    endloop
  endfacet
  facet normal -0.0653521 0.997862 0
    outer loop
      vertex 38.4 31.78 0
      vertex 38.1389 31.7629 5
      vertex 38.4 31.78 5
    endloop
  endfacet
  facet normal -0.0653521 0.997862 0
    outer loop
      vertex 38.1389 31.7629 5
      vertex 38.4 31.78 0
      vertex 38.1389 31.7629 0
    endloop
  endfacet
  facet normal 0.980801 -0.195013 0
    outer loop
      vertex 49.3319 23.2624 5
      vertex 49.3829 23.5189 0
      vertex 49.3829 23.5189 5
    endloop
  endfacet
  facet normal 0.980801 -0.195013 0
    outer loop
      vertex 49.3829 23.5189 0
      vertex 49.3319 23.2624 5
      vertex 49.3319 23.2624 0
    endloop
  endfacet
  facet normal 0.751842 -0.659343 0
    outer loop
      vertex 48.8142 22.3658 5
      vertex 48.9867 22.5625 0
      vertex 48.9867 22.5625 5
    endloop
  endfacet
  facet normal 0.751842 -0.659343 0
    outer loop
      vertex 48.9867 22.5625 0
      vertex 48.8142 22.3658 5
      vertex 48.8142 22.3658 0
    endloop
  endfacet
  facet normal 0.442314 -0.89686 0
    outer loop
      vertex 48.1654 21.9322 0
      vertex 48.4 22.0479 5
      vertex 48.1654 21.9322 5
    endloop
  endfacet
  facet normal 0.442314 -0.89686 0
    outer loop
      vertex 48.4 22.0479 5
      vertex 48.1654 21.9322 0
      vertex 48.4 22.0479 0
    endloop
  endfacet
  facet normal 0.195013 -0.980801 0
    outer loop
      vertex 47.6611 21.7971 0
      vertex 47.9176 21.8481 5
      vertex 47.6611 21.7971 5
    endloop
  endfacet
  facet normal 0.195013 -0.980801 0
    outer loop
      vertex 47.9176 21.8481 5
      vertex 47.6611 21.7971 0
      vertex 47.9176 21.8481 0
    endloop
  endfacet
  facet normal 0.751842 0.659343 0
    outer loop
      vertex 48.9867 30.9975 5
      vertex 48.8142 31.1942 0
      vertex 48.8142 31.1942 5
    endloop
  endfacet
  facet normal 0.751842 0.659343 0
    outer loop
      vertex 48.8142 31.1942 0
      vertex 48.9867 30.9975 5
      vertex 48.9867 30.9975 0
    endloop
  endfacet
  facet normal 0.831521 0.555494 0
    outer loop
      vertex 49.132 30.78 5
      vertex 48.9867 30.9975 0
      vertex 48.9867 30.9975 5
    endloop
  endfacet
  facet normal 0.831521 0.555494 0
    outer loop
      vertex 48.9867 30.9975 0
      vertex 49.132 30.78 5
      vertex 49.132 30.78 0
    endloop
  endfacet
  facet normal 0.94695 -0.321382 0
    outer loop
      vertex 49.2478 23.0146 5
      vertex 49.3319 23.2624 0
      vertex 49.3319 23.2624 5
    endloop
  endfacet
  facet normal 0.94695 -0.321382 0
    outer loop
      vertex 49.3319 23.2624 0
      vertex 49.2478 23.0146 5
      vertex 49.2478 23.0146 0
    endloop
  endfacet
  facet normal 0.555758 -0.831344 0
    outer loop
      vertex 48.4 22.0479 0
      vertex 48.6175 22.1933 5
      vertex 48.4 22.0479 5
    endloop
  endfacet
  facet normal 0.555758 -0.831344 0
    outer loop
      vertex 48.6175 22.1933 5
      vertex 48.4 22.0479 0
      vertex 48.6175 22.1933 0
    endloop
  endfacet
  facet normal 0.659343 -0.751842 0
    outer loop
      vertex 48.6175 22.1933 0
      vertex 48.8142 22.3658 5
      vertex 48.6175 22.1933 5
    endloop
  endfacet
  facet normal 0.659343 -0.751842 0
    outer loop
      vertex 48.8142 22.3658 5
      vertex 48.6175 22.1933 0
      vertex 48.8142 22.3658 0
    endloop
  endfacet
  facet normal 0.831521 -0.555494 0
    outer loop
      vertex 48.9867 22.5625 5
      vertex 49.132 22.78 0
      vertex 49.132 22.78 5
    endloop
  endfacet
  facet normal 0.831521 -0.555494 0
    outer loop
      vertex 49.132 22.78 0
      vertex 48.9867 22.5625 5
      vertex 48.9867 22.5625 0
    endloop
  endfacet
  facet normal 0.321382 -0.94695 0
    outer loop
      vertex 47.9176 21.8481 0
      vertex 48.1654 21.9322 5
      vertex 47.9176 21.8481 5
    endloop
  endfacet
  facet normal 0.321382 -0.94695 0
    outer loop
      vertex 48.1654 21.9322 5
      vertex 47.9176 21.8481 0
      vertex 48.1654 21.9322 0
    endloop
  endfacet
  facet normal -0.980786 -0.195086 0
    outer loop
      vertex 0.0681477 1.48236 5
      vertex 0.0171099 1.73895 15.6
      vertex 0.0171099 1.73895 5
    endloop
  endfacet
  facet normal -0.980786 -0.195086 0
    outer loop
      vertex 0.0171099 1.73895 15.6
      vertex 0.0681477 1.48236 5
      vertex 0.0681477 1.48236 15.6
    endloop
  endfacet
  facet normal -0.94693 -0.32144 0
    outer loop
      vertex 0.152241 1.23463 5
      vertex 0.0681477 1.48236 15.6
      vertex 0.0681477 1.48236 5
    endloop
  endfacet
  facet normal -0.94693 -0.32144 0
    outer loop
      vertex 0.0681477 1.48236 15.6
      vertex 0.152241 1.23463 5
      vertex 0.152241 1.23463 15.6
    endloop
  endfacet
  facet normal -0.997859 -0.0654023 0
    outer loop
      vertex 0.0171099 1.73895 5
      vertex 0 2 15.6
      vertex 0 2 5
    endloop
  endfacet
  facet normal -0.997859 -0.0654023 0
    outer loop
      vertex 0 2 15.6
      vertex 0.0171099 1.73895 5
      vertex 0.0171099 1.73895 15.6
    endloop
  endfacet
  facet normal 0 -1 0
    outer loop
      vertex 2 0 15.6
      vertex 16.7 0 7.5
      vertex 37.4 0 15.6
    endloop
  endfacet
  facet normal 0 -1 0
    outer loop
      vertex 2 0 15.6
      vertex 16.3737 0 7.47861
      vertex 16.7 0 7.5
    endloop
  endfacet
  facet normal 0 -1 0
    outer loop
      vertex 2 0 15.6
      vertex 16.053 0 7.41481
      vertex 16.3737 0 7.47861
    endloop
  endfacet
  facet normal 0 -1 0
    outer loop
      vertex 2 0 15.6
      vertex 15.7433 0 7.3097
      vertex 16.053 0 7.41481
    endloop
  endfacet
  facet normal 0 -1 0
    outer loop
      vertex 2 0 15.6
      vertex 15.45 0 7.16506
      vertex 15.7433 0 7.3097
    endloop
  endfacet
  facet normal 0 -1 0
    outer loop
      vertex 2 0 15.6
      vertex 15.1781 0 6.98338
      vertex 15.45 0 7.16506
    endloop
  endfacet
  facet normal 0 -1 0
    outer loop
      vertex 2 0 15.6
      vertex 14.9322 0 6.76777
      vertex 15.1781 0 6.98338
    endloop
  endfacet
  facet normal 0 -1 0
    outer loop
      vertex 2 0 15.6
      vertex 14.7166 0 6.5219
      vertex 14.9322 0 6.76777
    endloop
  endfacet
  facet normal 0 -1 0
    outer loop
      vertex 2 0 15.6
      vertex 14.5349 0 6.25
      vertex 14.7166 0 6.5219
    endloop
  endfacet
  facet normal 0 -1 0
    outer loop
      vertex 2 0 15.6
      vertex 14.3903 0 5.95671
      vertex 14.5349 0 6.25
    endloop
  endfacet
  facet normal 0 -1 0
    outer loop
      vertex 2 0 15.6
      vertex 14.2852 0 5.64705
      vertex 14.3903 0 5.95671
    endloop
  endfacet
  facet normal 0 -1 0
    outer loop
      vertex 2 0 0
      vertex 14.2852 0 5.64705
      vertex 2 0 15.6
    endloop
  endfacet
  facet normal 0 -1 0
    outer loop
      vertex 14.2852 0 5.64705
      vertex 2 0 0
      vertex 14.2214 0 5.32631
    endloop
  endfacet
  facet normal 0 -1 0
    outer loop
      vertex 14.2214 0 5.32631
      vertex 2 0 0
      vertex 14.2 0 5
    endloop
  endfacet
  facet normal 0 -1 -0
    outer loop
      vertex 14.2 0 5
      vertex 2 0 0
      vertex 14.2214 0 4.67369
    endloop
  endfacet
  facet normal 0 -1 -0
    outer loop
      vertex 14.2214 0 4.67369
      vertex 2 0 0
      vertex 14.2852 0 4.35295
    endloop
  endfacet
  facet normal 0 -1 -0
    outer loop
      vertex 14.2852 0 4.35295
      vertex 2 0 0
      vertex 14.3903 0 4.04329
    endloop
  endfacet
  facet normal 0 -1 -0
    outer loop
      vertex 14.3903 0 4.04329
      vertex 2 0 0
      vertex 14.5349 0 3.75
    endloop
  endfacet
  facet normal 0 -1 -0
    outer loop
      vertex 14.5349 0 3.75
      vertex 2 0 0
      vertex 14.7166 0 3.4781
    endloop
  endfacet
  facet normal 0 -1 -0
    outer loop
      vertex 16.7 0 2.5
      vertex 2 0 0
      vertex 22.7 0 2.5
    endloop
  endfacet
  facet normal 0 -1 -0
    outer loop
      vertex 16.3737 0 2.52139
      vertex 2 0 0
      vertex 16.7 0 2.5
    endloop
  endfacet
  facet normal 0 -1 -0
    outer loop
      vertex 16.053 0 2.58519
      vertex 2 0 0
      vertex 16.3737 0 2.52139
    endloop
  endfacet
  facet normal 0 -1 -0
    outer loop
      vertex 15.7433 0 2.6903
      vertex 2 0 0
      vertex 16.053 0 2.58519
    endloop
  endfacet
  facet normal 0 -1 -0
    outer loop
      vertex 15.45 0 2.83494
      vertex 2 0 0
      vertex 15.7433 0 2.6903
    endloop
  endfacet
  facet normal 0 -1 -0
    outer loop
      vertex 15.1781 0 3.01662
      vertex 2 0 0
      vertex 15.45 0 2.83494
    endloop
  endfacet
  facet normal 0 -1 -0
    outer loop
      vertex 14.9322 0 3.23223
      vertex 2 0 0
      vertex 15.1781 0 3.01662
    endloop
  endfacet
  facet normal 0 -1 -0
    outer loop
      vertex 14.7166 0 3.4781
      vertex 2 0 0
      vertex 14.9322 0 3.23223
    endloop
  endfacet
  facet normal 0 -1 0
    outer loop
      vertex 22.7 0 7.5
      vertex 37.4 0 15.6
      vertex 16.7 0 7.5
    endloop
  endfacet
  facet normal 0 -1 0
    outer loop
      vertex 23.0263 0 7.47861
      vertex 37.4 0 15.6
      vertex 22.7 0 7.5
    endloop
  endfacet
  facet normal 0 -1 0
    outer loop
      vertex 23.347 0 7.41481
      vertex 37.4 0 15.6
      vertex 23.0263 0 7.47861
    endloop
  endfacet
  facet normal 0 -1 0
    outer loop
      vertex 23.6567 0 7.3097
      vertex 37.4 0 15.6
      vertex 23.347 0 7.41481
    endloop
  endfacet
  facet normal 0 -1 0
    outer loop
      vertex 23.95 0 7.16506
      vertex 37.4 0 15.6
      vertex 23.6567 0 7.3097
    endloop
  endfacet
  facet normal 0 -1 0
    outer loop
      vertex 24.2219 0 6.98338
      vertex 37.4 0 15.6
      vertex 23.95 0 7.16506
    endloop
  endfacet
  facet normal 0 -1 0
    outer loop
      vertex 24.4678 0 6.76777
      vertex 37.4 0 15.6
      vertex 24.2219 0 6.98338
    endloop
  endfacet
  facet normal 0 -1 0
    outer loop
      vertex 24.6834 0 6.5219
      vertex 37.4 0 15.6
      vertex 24.4678 0 6.76777
    endloop
  endfacet
  facet normal 0 -1 0
    outer loop
      vertex 24.8651 0 6.25
      vertex 37.4 0 15.6
      vertex 24.6834 0 6.5219
    endloop
  endfacet
  facet normal 0 -1 0
    outer loop
      vertex 25.0097 0 5.95671
      vertex 37.4 0 15.6
      vertex 24.8651 0 6.25
    endloop
  endfacet
  facet normal 0 -1 0
    outer loop
      vertex 25.1148 0 5.64705
      vertex 37.4 0 15.6
      vertex 25.0097 0 5.95671
    endloop
  endfacet
  facet normal 0 -1 0
    outer loop
      vertex 37.4 0 0
      vertex 25.1148 0 5.64705
      vertex 25.1786 0 5.32631
    endloop
  endfacet
  facet normal 0 -1 0
    outer loop
      vertex 37.4 0 0
      vertex 25.1786 0 5.32631
      vertex 25.2 0 5
    endloop
  endfacet
  facet normal 0 -1 0
    outer loop
      vertex 37.4 0 0
      vertex 25.2 0 5
      vertex 25.1786 0 4.67369
    endloop
  endfacet
  facet normal 0 -1 0
    outer loop
      vertex 37.4 0 0
      vertex 25.1786 0 4.67369
      vertex 25.1148 0 4.35295
    endloop
  endfacet
  facet normal 0 -1 0
    outer loop
      vertex 37.4 0 0
      vertex 25.1148 0 4.35295
      vertex 25.0097 0 4.04329
    endloop
  endfacet
  facet normal 0 -1 0
    outer loop
      vertex 37.4 0 0
      vertex 25.0097 0 4.04329
      vertex 24.8651 0 3.75
    endloop
  endfacet
  facet normal 0 -1 0
    outer loop
      vertex 37.4 0 0
      vertex 24.8651 0 3.75
      vertex 24.6834 0 3.4781
    endloop
  endfacet
  facet normal 0 -1 0
    outer loop
      vertex 37.4 0 0
      vertex 24.6834 0 3.4781
      vertex 24.4678 0 3.23223
    endloop
  endfacet
  facet normal 0 -1 0
    outer loop
      vertex 37.4 0 0
      vertex 22.7 0 2.5
      vertex 2 0 0
    endloop
  endfacet
  facet normal 0 -1 0
    outer loop
      vertex 25.1148 0 5.64705
      vertex 37.4 0 0
      vertex 37.4 0 15.6
    endloop
  endfacet
  facet normal 0 -1 0
    outer loop
      vertex 24.2219 0 3.01662
      vertex 37.4 0 0
      vertex 24.4678 0 3.23223
    endloop
  endfacet
  facet normal 0 -1 0
    outer loop
      vertex 23.95 0 2.83494
      vertex 37.4 0 0
      vertex 24.2219 0 3.01662
    endloop
  endfacet
  facet normal 0 -1 0
    outer loop
      vertex 23.6567 0 2.6903
      vertex 37.4 0 0
      vertex 23.95 0 2.83494
    endloop
  endfacet
  facet normal 0 -1 0
    outer loop
      vertex 23.347 0 2.58519
      vertex 37.4 0 0
      vertex 23.6567 0 2.6903
    endloop
  endfacet
  facet normal 0 -1 0
    outer loop
      vertex 23.0263 0 2.52139
      vertex 37.4 0 0
      vertex 23.347 0 2.58519
    endloop
  endfacet
  facet normal 0 -1 0
    outer loop
      vertex 22.7 0 2.5
      vertex 37.4 0 0
      vertex 23.0263 0 2.52139
    endloop
  endfacet
  facet normal 0.0653898 -0.99786 0
    outer loop
      vertex 37.4 0 0
      vertex 37.6611 0.0171099 15.6
      vertex 37.4 0 15.6
    endloop
  endfacet
  facet normal 0.0653898 -0.99786 0
    outer loop
      vertex 37.6611 0.0171099 15.6
      vertex 37.4 0 0
      vertex 37.6611 0.0171099 0
    endloop
  endfacet
  facet normal 0 0 1
    outer loop
      vertex 5.25 4.2 15.6
      vertex 7.2 4.2 15.6
      vertex 7.17433 4.59158 15.6
    endloop
  endfacet
  facet normal 0 0 1
    outer loop
      vertex 5.24102 4.33705 15.6
      vertex 7.17433 4.59158 15.6
      vertex 7.09778 4.97646 15.6
    endloop
  endfacet
  facet normal 0 0 1
    outer loop
      vertex 7.2 4.2 15.6
      vertex 5.25 4.2 15.6
      vertex 7.17433 3.80842 15.6
    endloop
  endfacet
  facet normal 0 0 1
    outer loop
      vertex 5.21422 4.47176 15.6
      vertex 7.09778 4.97646 15.6
      vertex 6.97164 5.34805 15.6
    endloop
  endfacet
  facet normal -0 0 1
    outer loop
      vertex 5.24102 4.06295 15.6
      vertex 7.17433 3.80842 15.6
      vertex 5.25 4.2 15.6
    endloop
  endfacet
  facet normal 0 0 1
    outer loop
      vertex 5.17007 4.60182 15.6
      vertex 6.97164 5.34805 15.6
      vertex 6.79808 5.7 15.6
    endloop
  endfacet
  facet normal 0 0 1
    outer loop
      vertex 7.17433 3.80842 15.6
      vertex 5.24102 4.06295 15.6
      vertex 7.09778 3.42354 15.6
    endloop
  endfacet
  facet normal 0 0 1
    outer loop
      vertex 5.10933 4.725 15.6
      vertex 6.79808 5.7 15.6
      vertex 6.58006 6.02628 15.6
    endloop
  endfacet
  facet normal -0 0 1
    outer loop
      vertex 5.21422 3.92824 15.6
      vertex 7.09778 3.42354 15.6
      vertex 5.24102 4.06295 15.6
    endloop
  endfacet
  facet normal 0 0 1
    outer loop
      vertex 5.03302 4.8392 15.6
      vertex 6.58006 6.02628 15.6
      vertex 6.32132 6.32132 15.6
    endloop
  endfacet
  facet normal 0 0 1
    outer loop
      vertex 7.09778 3.42354 15.6
      vertex 5.21422 3.92824 15.6
      vertex 6.97164 3.05195 15.6
    endloop
  endfacet
  facet normal -0 0 1
    outer loop
      vertex 5.17007 3.79818 15.6
      vertex 6.97164 3.05195 15.6
      vertex 5.21422 3.92824 15.6
    endloop
  endfacet
  facet normal 0 0 1
    outer loop
      vertex 4.94246 4.94246 15.6
      vertex 6.32132 6.32132 15.6
      vertex 6.02628 6.58006 15.6
    endloop
  endfacet
  facet normal 0 -0 1
    outer loop
      vertex 36.25 27.58 15.6
      vertex 39.4 29.78 15.6
      vertex 36.241 27.7171 15.6
    endloop
  endfacet
  facet normal 0 0 1
    outer loop
      vertex 39.4 29.78 15.6
      vertex 36.25 27.58 15.6
      vertex 37.4 25.5484 15.6
    endloop
  endfacet
  facet normal -0 0 1
    outer loop
      vertex 36.241 27.4429 15.6
      vertex 37.4 25.5484 15.6
      vertex 36.25 27.58 15.6
    endloop
  endfacet
  facet normal -0 0 1
    outer loop
      vertex 36.1701 27.1782 15.6
      vertex 37.4 25.5484 15.6
      vertex 36.2142 27.3082 15.6
    endloop
  endfacet
  facet normal -0 0 1
    outer loop
      vertex 36.1093 27.055 15.6
      vertex 37.4 25.5484 15.6
      vertex 36.1701 27.1782 15.6
    endloop
  endfacet
  facet normal -0 0 1
    outer loop
      vertex 36.2142 27.3082 15.6
      vertex 37.4 25.5484 15.6
      vertex 36.241 27.4429 15.6
    endloop
  endfacet
  facet normal 0 0 1
    outer loop
      vertex 37.4 31.78 15.6
      vertex 36.2142 27.8518 15.6
      vertex 36.241 27.7171 15.6
    endloop
  endfacet
  facet normal 0 0 1
    outer loop
      vertex 37.4 31.78 15.6
      vertex 36.1701 27.9818 15.6
      vertex 36.2142 27.8518 15.6
    endloop
  endfacet
  facet normal 0 0 1
    outer loop
      vertex 37.4 31.78 15.6
      vertex 36.1093 28.105 15.6
      vertex 36.1701 27.9818 15.6
    endloop
  endfacet
  facet normal 0 0 1
    outer loop
      vertex 37.4 31.78 15.6
      vertex 36.033 28.2192 15.6
      vertex 36.1093 28.105 15.6
    endloop
  endfacet
  facet normal 0 0 1
    outer loop
      vertex 37.4 31.78 15.6
      vertex 35.9425 28.3225 15.6
      vertex 36.033 28.2192 15.6
    endloop
  endfacet
  facet normal 0 0 1
    outer loop
      vertex 37.4 31.78 15.6
      vertex 35.8392 28.413 15.6
      vertex 35.9425 28.3225 15.6
    endloop
  endfacet
  facet normal 0 0 1
    outer loop
      vertex 37.4 31.78 15.6
      vertex 35.725 28.4893 15.6
      vertex 35.8392 28.413 15.6
    endloop
  endfacet
  facet normal 0 0 1
    outer loop
      vertex 37.4 31.78 15.6
      vertex 35.6018 28.5501 15.6
      vertex 35.725 28.4893 15.6
    endloop
  endfacet
  facet normal 0 0 1
    outer loop
      vertex 37.4 31.78 15.6
      vertex 35.4718 28.5942 15.6
      vertex 35.6018 28.5501 15.6
    endloop
  endfacet
  facet normal 0 0 1
    outer loop
      vertex 37.4 31.78 15.6
      vertex 35.3371 28.621 15.6
      vertex 35.4718 28.5942 15.6
    endloop
  endfacet
  facet normal 0 0 1
    outer loop
      vertex 37.4 31.78 15.6
      vertex 35.2 28.63 15.6
      vertex 35.3371 28.621 15.6
    endloop
  endfacet
  facet normal -0 0 1
    outer loop
      vertex 33.1684 29.78 15.6
      vertex 35.2 28.63 15.6
      vertex 37.4 31.78 15.6
    endloop
  endfacet
  facet normal 0 0 1
    outer loop
      vertex 35.2 28.63 15.6
      vertex 33.1684 29.78 15.6
      vertex 35.0629 28.621 15.6
    endloop
  endfacet
  facet normal 0 0 1
    outer loop
      vertex 35.0629 28.621 15.6
      vertex 33.1684 29.78 15.6
      vertex 34.9282 28.5942 15.6
    endloop
  endfacet
  facet normal 0 0 1
    outer loop
      vertex 34.9282 28.5942 15.6
      vertex 33.1684 29.78 15.6
      vertex 34.7982 28.5501 15.6
    endloop
  endfacet
  facet normal 0 0 1
    outer loop
      vertex 34.7982 28.5501 15.6
      vertex 33.1684 29.78 15.6
      vertex 34.675 28.4893 15.6
    endloop
  endfacet
  facet normal 0 0 1
    outer loop
      vertex 34.675 28.4893 15.6
      vertex 33.1684 29.78 15.6
      vertex 34.5608 28.413 15.6
    endloop
  endfacet
  facet normal 0 0 1
    outer loop
      vertex 34.5608 28.413 15.6
      vertex 33.1684 29.78 15.6
      vertex 34.4575 28.3225 15.6
    endloop
  endfacet
  facet normal 0 0 1
    outer loop
      vertex 34.675 26.6707 15.6
      vertex 33.7 24.9819 15.6
      vertex 34.0519 24.8084 15.6
    endloop
  endfacet
  facet normal 0 0 1
    outer loop
      vertex 32.2 27.58 15.6
      vertex 34.15 27.58 15.6
      vertex 34.159 27.7171 15.6
    endloop
  endfacet
  facet normal 0 0 1
    outer loop
      vertex 34.159 27.4429 15.6
      vertex 33.3737 25.1999 15.6
      vertex 33.7 24.9819 15.6
    endloop
  endfacet
  facet normal 0 0 1
    outer loop
      vertex 32.2257 27.9716 15.6
      vertex 34.159 27.7171 15.6
      vertex 34.1858 27.8518 15.6
    endloop
  endfacet
  facet normal -0 0 1
    outer loop
      vertex 32.6019 29.08 15.6
      vertex 34.2907 28.105 15.6
      vertex 32.8199 29.4063 15.6
    endloop
  endfacet
  facet normal 0 0 1
    outer loop
      vertex 34.367 28.2192 15.6
      vertex 32.8199 29.4063 15.6
      vertex 34.2907 28.105 15.6
    endloop
  endfacet
  facet normal -0 0 1
    outer loop
      vertex 32.8199 29.4063 15.6
      vertex 34.367 28.2192 15.6
      vertex 33.0787 29.7013 15.6
    endloop
  endfacet
  facet normal 0 0 1
    outer loop
      vertex 34.4575 28.3225 15.6
      vertex 33.0787 29.7013 15.6
      vertex 34.367 28.2192 15.6
    endloop
  endfacet
  facet normal -0 0 1
    outer loop
      vertex 33.0787 29.7013 15.6
      vertex 34.4575 28.3225 15.6
      vertex 33.1684 29.78 15.6
    endloop
  endfacet
  facet normal -0 0 1
    outer loop
      vertex 2 31.78 15.6
      vertex 33.1684 29.78 15.6
      vertex 37.4 31.78 15.6
    endloop
  endfacet
  facet normal 0 0 1
    outer loop
      vertex 33.1684 29.78 15.6
      vertex 2 31.78 15.6
      vertex 2.6 29.78 15.6
    endloop
  endfacet
  facet normal 0 0 1
    outer loop
      vertex 2 31.78 15.6
      vertex 2.52168 29.7749 15.6
      vertex 2.6 29.78 15.6
    endloop
  endfacet
  facet normal 0 0 1
    outer loop
      vertex 2 31.78 15.6
      vertex 2.44471 29.7596 15.6
      vertex 2.52168 29.7749 15.6
    endloop
  endfacet
  facet normal 0 0 1
    outer loop
      vertex 2 31.78 15.6
      vertex 2.37039 29.7343 15.6
      vertex 2.44471 29.7596 15.6
    endloop
  endfacet
  facet normal -0 0 1
    outer loop
      vertex 1.73895 31.7629 15.6
      vertex 2.37039 29.7343 15.6
      vertex 2 31.78 15.6
    endloop
  endfacet
  facet normal 0 0 1
    outer loop
      vertex 2.37039 29.7343 15.6
      vertex 1.73895 31.7629 15.6
      vertex 2.3 29.6996 15.6
    endloop
  endfacet
  facet normal -0 0 1
    outer loop
      vertex 1.48236 31.7119 15.6
      vertex 2.3 29.6996 15.6
      vertex 1.73895 31.7629 15.6
    endloop
  endfacet
  facet normal -0 0 1
    outer loop
      vertex 1.23463 31.6278 15.6
      vertex 2.3 29.6996 15.6
      vertex 1.48236 31.7119 15.6
    endloop
  endfacet
  facet normal 0 0 1
    outer loop
      vertex 2.3 29.6996 15.6
      vertex 1.23463 31.6278 15.6
      vertex 2.23474 29.656 15.6
    endloop
  endfacet
  facet normal -0 0 1
    outer loop
      vertex 1 31.5121 15.6
      vertex 2.23474 29.656 15.6
      vertex 1.23463 31.6278 15.6
    endloop
  endfacet
  facet normal -0 0 1
    outer loop
      vertex 0.782476 31.3667 15.6
      vertex 2.23474 29.656 15.6
      vertex 1 31.5121 15.6
    endloop
  endfacet
  facet normal 0 0 1
    outer loop
      vertex 2.23474 29.656 15.6
      vertex 0.782476 31.3667 15.6
      vertex 2.17574 29.6043 15.6
    endloop
  endfacet
  facet normal -0 0 1
    outer loop
      vertex 0.585786 31.1942 15.6
      vertex 2.17574 29.6043 15.6
      vertex 0.782476 31.3667 15.6
    endloop
  endfacet
  facet normal -0 0 1
    outer loop
      vertex 0.413293 30.9975 15.6
      vertex 2.17574 29.6043 15.6
      vertex 0.585786 31.1942 15.6
    endloop
  endfacet
  facet normal 0 0 1
    outer loop
      vertex 2 29.18 15.6
      vertex 0 29.78 15.6
      vertex 2 6.2316 15.6
    endloop
  endfacet
  facet normal 0 0 1
    outer loop
      vertex 2.17574 29.6043 15.6
      vertex 0.413293 30.9975 15.6
      vertex 2.12399 29.5453 15.6
    endloop
  endfacet
  facet normal 0 0 1
    outer loop
      vertex 0 2 15.6
      vertex 2 6.2316 15.6
      vertex 0 29.78 15.6
    endloop
  endfacet
  facet normal -0 0 1
    outer loop
      vertex 0.267949 30.78 15.6
      vertex 2.12399 29.5453 15.6
      vertex 0.413293 30.9975 15.6
    endloop
  endfacet
  facet normal 0 0 1
    outer loop
      vertex 2 6.2316 15.6
      vertex 0 2 15.6
      vertex 2 0 15.6
    endloop
  endfacet
  facet normal -0 0 1
    outer loop
      vertex 0.152241 30.5454 15.6
      vertex 2.12399 29.5453 15.6
      vertex 0.267949 30.78 15.6
    endloop
  endfacet
  facet normal 0 0 1
    outer loop
      vertex 2 0 15.6
      vertex 0 2 15.6
      vertex 1.73895 0.0171099 15.6
    endloop
  endfacet
  facet normal 0 0 1
    outer loop
      vertex 2.12399 29.5453 15.6
      vertex 0.152241 30.5454 15.6
      vertex 2.08038 29.48 15.6
    endloop
  endfacet
  facet normal 0 0 1
    outer loop
      vertex 1.73895 0.0171099 15.6
      vertex 0 2 15.6
      vertex 1.48236 0.0681477 15.6
    endloop
  endfacet
  facet normal -0 0 1
    outer loop
      vertex 0.0681477 30.2976 15.6
      vertex 2.08038 29.48 15.6
      vertex 0.152241 30.5454 15.6
    endloop
  endfacet
  facet normal 0 0 1
    outer loop
      vertex 1.48236 0.0681477 15.6
      vertex 0 2 15.6
      vertex 1.23463 0.152241 15.6
    endloop
  endfacet
  facet normal -0 0 1
    outer loop
      vertex 0.0171099 30.0411 15.6
      vertex 2.08038 29.48 15.6
      vertex 0.0681477 30.2976 15.6
    endloop
  endfacet
  facet normal 0 0 1
    outer loop
      vertex 1.23463 0.152241 15.6
      vertex 0 2 15.6
      vertex 1 0.267949 15.6
    endloop
  endfacet
  facet normal 0 0 1
    outer loop
      vertex 2.08038 29.48 15.6
      vertex 0.0171099 30.0411 15.6
      vertex 2.04567 29.4096 15.6
    endloop
  endfacet
  facet normal 0 0 1
    outer loop
      vertex 1 0.267949 15.6
      vertex 0 2 15.6
      vertex 0.782476 0.413293 15.6
    endloop
  endfacet
  facet normal -0 0 1
    outer loop
      vertex 0 29.78 15.6
      vertex 2.04567 29.4096 15.6
      vertex 0.0171099 30.0411 15.6
    endloop
  endfacet
  facet normal 0 0 1
    outer loop
      vertex 0.782476 0.413293 15.6
      vertex 0 2 15.6
      vertex 0.585786 0.585786 15.6
    endloop
  endfacet
  facet normal 0 0 1
    outer loop
      vertex 2.04567 29.4096 15.6
      vertex 0 29.78 15.6
      vertex 2.02044 29.3353 15.6
    endloop
  endfacet
  facet normal 0 0 1
    outer loop
      vertex 0.585786 0.585786 15.6
      vertex 0 2 15.6
      vertex 0.413293 0.782476 15.6
    endloop
  endfacet
  facet normal 0 0 1
    outer loop
      vertex 2.02044 29.3353 15.6
      vertex 0 29.78 15.6
      vertex 2.00513 29.2583 15.6
    endloop
  endfacet
  facet normal 0 0 1
    outer loop
      vertex 0.413293 0.782476 15.6
      vertex 0 2 15.6
      vertex 0.267949 1 15.6
    endloop
  endfacet
  facet normal 0 0 1
    outer loop
      vertex 2.00513 29.2583 15.6
      vertex 0 29.78 15.6
      vertex 2 29.18 15.6
    endloop
  endfacet
  facet normal 0 0 1
    outer loop
      vertex 0.267949 1 15.6
      vertex 0 2 15.6
      vertex 0.152241 1.23463 15.6
    endloop
  endfacet
  facet normal 0 0 1
    outer loop
      vertex 0.152241 1.23463 15.6
      vertex 0 2 15.6
      vertex 0.0681477 1.48236 15.6
    endloop
  endfacet
  facet normal 0 0 1
    outer loop
      vertex 0.0681477 1.48236 15.6
      vertex 0 2 15.6
      vertex 0.0171099 1.73895 15.6
    endloop
  endfacet
  facet normal 0 0 1
    outer loop
      vertex 37.4 31.78 15.6
      vertex 39.4 29.78 15.6
      vertex 39.3829 30.0411 15.6
    endloop
  endfacet
  facet normal 0 0 1
    outer loop
      vertex 39.4 29.78 15.6
      vertex 37.4 25.5484 15.6
      vertex 39.4 2 15.6
    endloop
  endfacet
  facet normal 0 0 1
    outer loop
      vertex 37.4 31.78 15.6
      vertex 39.3829 30.0411 15.6
      vertex 39.3319 30.2976 15.6
    endloop
  endfacet
  facet normal -0 0 1
    outer loop
      vertex 37.4 2.6 15.6
      vertex 39.4 2 15.6
      vertex 37.4 25.5484 15.6
    endloop
  endfacet
  facet normal 0 0 1
    outer loop
      vertex 37.4 31.78 15.6
      vertex 39.3319 30.2976 15.6
      vertex 39.2478 30.5454 15.6
    endloop
  endfacet
  facet normal -0 0 1
    outer loop
      vertex 37.3949 2.52168 15.6
      vertex 39.4 2 15.6
      vertex 37.4 2.6 15.6
    endloop
  endfacet
  facet normal 0 0 1
    outer loop
      vertex 37.4 31.78 15.6
      vertex 39.2478 30.5454 15.6
      vertex 39.132 30.78 15.6
    endloop
  endfacet
  facet normal -0 0 1
    outer loop
      vertex 37.3796 2.44471 15.6
      vertex 39.4 2 15.6
      vertex 37.3949 2.52168 15.6
    endloop
  endfacet
  facet normal 0 0 1
    outer loop
      vertex 37.4 31.78 15.6
      vertex 39.132 30.78 15.6
      vertex 38.9867 30.9975 15.6
    endloop
  endfacet
  facet normal -0 0 1
    outer loop
      vertex 37.3543 2.37039 15.6
      vertex 39.4 2 15.6
      vertex 37.3796 2.44471 15.6
    endloop
  endfacet
  facet normal 0 0 1
    outer loop
      vertex 37.4 31.78 15.6
      vertex 38.9867 30.9975 15.6
      vertex 38.8142 31.1942 15.6
    endloop
  endfacet
  facet normal 0 0 1
    outer loop
      vertex 39.4 2 15.6
      vertex 37.3543 2.37039 15.6
      vertex 39.3829 1.73895 15.6
    endloop
  endfacet
  facet normal 0 0 1
    outer loop
      vertex 37.4 31.78 15.6
      vertex 38.8142 31.1942 15.6
      vertex 38.6175 31.3667 15.6
    endloop
  endfacet
  facet normal -0 0 1
    outer loop
      vertex 37.3196 2.3 15.6
      vertex 39.3829 1.73895 15.6
      vertex 37.3543 2.37039 15.6
    endloop
  endfacet
  facet normal 0 0 1
    outer loop
      vertex 37.4 31.78 15.6
      vertex 38.6175 31.3667 15.6
      vertex 38.4 31.5121 15.6
    endloop
  endfacet
  facet normal 0 0 1
    outer loop
      vertex 39.3829 1.73895 15.6
      vertex 37.3196 2.3 15.6
      vertex 39.3319 1.48236 15.6
    endloop
  endfacet
  facet normal 0 0 1
    outer loop
      vertex 37.4 31.78 15.6
      vertex 38.4 31.5121 15.6
      vertex 38.1654 31.6278 15.6
    endloop
  endfacet
  facet normal 0 0 1
    outer loop
      vertex 39.3319 1.48236 15.6
      vertex 37.3196 2.3 15.6
      vertex 39.2478 1.23463 15.6
    endloop
  endfacet
  facet normal 0 0 1
    outer loop
      vertex 37.4 31.78 15.6
      vertex 38.1654 31.6278 15.6
      vertex 37.9176 31.7119 15.6
    endloop
  endfacet
  facet normal -0 0 1
    outer loop
      vertex 37.276 2.23474 15.6
      vertex 39.2478 1.23463 15.6
      vertex 37.3196 2.3 15.6
    endloop
  endfacet
  facet normal 0 0 1
    outer loop
      vertex 37.4 31.78 15.6
      vertex 37.9176 31.7119 15.6
      vertex 37.6611 31.7629 15.6
    endloop
  endfacet
  facet normal 0 0 1
    outer loop
      vertex 39.2478 1.23463 15.6
      vertex 37.276 2.23474 15.6
      vertex 39.132 1 15.6
    endloop
  endfacet
  facet normal 0 0 1
    outer loop
      vertex 36.241 27.7171 15.6
      vertex 39.4 29.78 15.6
      vertex 37.4 31.78 15.6
    endloop
  endfacet
  facet normal 0 0 1
    outer loop
      vertex 39.132 1 15.6
      vertex 37.276 2.23474 15.6
      vertex 38.9867 0.782476 15.6
    endloop
  endfacet
  facet normal -0 0 1
    outer loop
      vertex 37.2243 2.17574 15.6
      vertex 38.9867 0.782476 15.6
      vertex 37.276 2.23474 15.6
    endloop
  endfacet
  facet normal 0 0 1
    outer loop
      vertex 38.9867 0.782476 15.6
      vertex 37.2243 2.17574 15.6
      vertex 38.8142 0.585786 15.6
    endloop
  endfacet
  facet normal 0 0 1
    outer loop
      vertex 38.8142 0.585786 15.6
      vertex 37.2243 2.17574 15.6
      vertex 38.6175 0.413293 15.6
    endloop
  endfacet
  facet normal -0 0 1
    outer loop
      vertex 37.1653 2.12399 15.6
      vertex 38.6175 0.413293 15.6
      vertex 37.2243 2.17574 15.6
    endloop
  endfacet
  facet normal 0 0 1
    outer loop
      vertex 38.6175 0.413293 15.6
      vertex 37.1653 2.12399 15.6
      vertex 38.4 0.267949 15.6
    endloop
  endfacet
  facet normal 0 0 1
    outer loop
      vertex 38.4 0.267949 15.6
      vertex 37.1653 2.12399 15.6
      vertex 38.1654 0.152241 15.6
    endloop
  endfacet
  facet normal -0 0 1
    outer loop
      vertex 37.1 2.08038 15.6
      vertex 38.1654 0.152241 15.6
      vertex 37.1653 2.12399 15.6
    endloop
  endfacet
  facet normal 0 0 1
    outer loop
      vertex 38.1654 0.152241 15.6
      vertex 37.1 2.08038 15.6
      vertex 37.9176 0.0681477 15.6
    endloop
  endfacet
  facet normal 0 0 1
    outer loop
      vertex 37.9176 0.0681477 15.6
      vertex 37.1 2.08038 15.6
      vertex 37.6611 0.0171099 15.6
    endloop
  endfacet
  facet normal -0 0 1
    outer loop
      vertex 37.0296 2.04567 15.6
      vertex 37.6611 0.0171099 15.6
      vertex 37.1 2.08038 15.6
    endloop
  endfacet
  facet normal 0 0 1
    outer loop
      vertex 37.6611 0.0171099 15.6
      vertex 37.0296 2.04567 15.6
      vertex 37.4 0 15.6
    endloop
  endfacet
  facet normal -0 0 1
    outer loop
      vertex 36.9553 2.02044 15.6
      vertex 37.4 0 15.6
      vertex 37.0296 2.04567 15.6
    endloop
  endfacet
  facet normal -0 0 1
    outer loop
      vertex 36.8783 2.00513 15.6
      vertex 37.4 0 15.6
      vertex 36.9553 2.02044 15.6
    endloop
  endfacet
  facet normal -0 0 1
    outer loop
      vertex 36.8 2 15.6
      vertex 37.4 0 15.6
      vertex 36.8783 2.00513 15.6
    endloop
  endfacet
  facet normal -0 0 1
    outer loop
      vertex 6.2316 2 15.6
      vertex 37.4 0 15.6
      vertex 36.8 2 15.6
    endloop
  endfacet
  facet normal 0 0 1
    outer loop
      vertex 4.8392 5.03302 15.6
      vertex 6.02628 6.58006 15.6
      vertex 5.7 6.79808 15.6
    endloop
  endfacet
  facet normal 0 0 1
    outer loop
      vertex 4.725 5.10933 15.6
      vertex 5.7 6.79808 15.6
      vertex 5.34805 6.97164 15.6
    endloop
  endfacet
  facet normal 0 0 1
    outer loop
      vertex 7.17433 4.59158 15.6
      vertex 5.24102 4.33705 15.6
      vertex 5.25 4.2 15.6
    endloop
  endfacet
  facet normal -0 0 1
    outer loop
      vertex 5.10933 3.675 15.6
      vertex 6.79808 2.7 15.6
      vertex 5.17007 3.79818 15.6
    endloop
  endfacet
  facet normal 0 0 1
    outer loop
      vertex 6.79808 2.7 15.6
      vertex 5.10933 3.675 15.6
      vertex 6.58006 2.37372 15.6
    endloop
  endfacet
  facet normal -0 0 1
    outer loop
      vertex 5.03302 3.5608 15.6
      vertex 6.58006 2.37372 15.6
      vertex 5.10933 3.675 15.6
    endloop
  endfacet
  facet normal 0 0 1
    outer loop
      vertex 6.58006 2.37372 15.6
      vertex 5.03302 3.5608 15.6
      vertex 6.32132 2.07868 15.6
    endloop
  endfacet
  facet normal -0 0 1
    outer loop
      vertex 4.94246 3.45754 15.6
      vertex 6.32132 2.07868 15.6
      vertex 5.03302 3.5608 15.6
    endloop
  endfacet
  facet normal 0 0 1
    outer loop
      vertex 6.32132 2.07868 15.6
      vertex 4.94246 3.45754 15.6
      vertex 6.2316 2 15.6
    endloop
  endfacet
  facet normal -0 0 1
    outer loop
      vertex 4.8392 3.36698 15.6
      vertex 6.2316 2 15.6
      vertex 4.94246 3.45754 15.6
    endloop
  endfacet
  facet normal -0 0 1
    outer loop
      vertex 4.725 3.29067 15.6
      vertex 6.2316 2 15.6
      vertex 4.8392 3.36698 15.6
    endloop
  endfacet
  facet normal -0 0 1
    outer loop
      vertex 4.60182 3.22993 15.6
      vertex 6.2316 2 15.6
      vertex 4.725 3.29067 15.6
    endloop
  endfacet
  facet normal -0 0 1
    outer loop
      vertex 4.47176 3.18578 15.6
      vertex 6.2316 2 15.6
      vertex 4.60182 3.22993 15.6
    endloop
  endfacet
  facet normal -0 0 1
    outer loop
      vertex 4.33705 3.15898 15.6
      vertex 6.2316 2 15.6
      vertex 4.47176 3.18578 15.6
    endloop
  endfacet
  facet normal -0 0 1
    outer loop
      vertex 4.2 3.15 15.6
      vertex 6.2316 2 15.6
      vertex 4.33705 3.15898 15.6
    endloop
  endfacet
  facet normal 0 0 1
    outer loop
      vertex 2 0 15.6
      vertex 4.2 3.15 15.6
      vertex 4.06295 3.15898 15.6
    endloop
  endfacet
  facet normal 0 0 1
    outer loop
      vertex 2 0 15.6
      vertex 4.06295 3.15898 15.6
      vertex 3.92824 3.18578 15.6
    endloop
  endfacet
  facet normal 0 0 1
    outer loop
      vertex 2 0 15.6
      vertex 3.92824 3.18578 15.6
      vertex 3.79818 3.22993 15.6
    endloop
  endfacet
  facet normal 0 0 1
    outer loop
      vertex 2 0 15.6
      vertex 3.79818 3.22993 15.6
      vertex 3.675 3.29067 15.6
    endloop
  endfacet
  facet normal 0 0 1
    outer loop
      vertex 3.29067 4.725 15.6
      vertex 2 6.2316 15.6
      vertex 3.22993 4.60182 15.6
    endloop
  endfacet
  facet normal 0 0 1
    outer loop
      vertex 3.22993 4.60182 15.6
      vertex 2 6.2316 15.6
      vertex 3.18578 4.47176 15.6
    endloop
  endfacet
  facet normal 0 0 1
    outer loop
      vertex 3.18578 4.47176 15.6
      vertex 2 6.2316 15.6
      vertex 3.15898 4.33705 15.6
    endloop
  endfacet
  facet normal 0 0 1
    outer loop
      vertex 3.15898 4.33705 15.6
      vertex 2 6.2316 15.6
      vertex 3.15 4.2 15.6
    endloop
  endfacet
  facet normal 0 0 1
    outer loop
      vertex 3.15 4.2 15.6
      vertex 2 6.2316 15.6
      vertex 3.15898 4.06295 15.6
    endloop
  endfacet
  facet normal 0 0 1
    outer loop
      vertex 3.15898 4.06295 15.6
      vertex 2 6.2316 15.6
      vertex 3.18578 3.92824 15.6
    endloop
  endfacet
  facet normal 0 0 1
    outer loop
      vertex 2 0 15.6
      vertex 3.18578 3.92824 15.6
      vertex 2 6.2316 15.6
    endloop
  endfacet
  facet normal 0 0 1
    outer loop
      vertex 3.18578 3.92824 15.6
      vertex 2 0 15.6
      vertex 3.22993 3.79818 15.6
    endloop
  endfacet
  facet normal 0 0 1
    outer loop
      vertex 6.2316 2 15.6
      vertex 2 0 15.6
      vertex 37.4 0 15.6
    endloop
  endfacet
  facet normal 0 0 1
    outer loop
      vertex 4.2 3.15 15.6
      vertex 2 0 15.6
      vertex 6.2316 2 15.6
    endloop
  endfacet
  facet normal 0 0 1
    outer loop
      vertex 3.5608 3.36698 15.6
      vertex 2 0 15.6
      vertex 3.675 3.29067 15.6
    endloop
  endfacet
  facet normal 0 0 1
    outer loop
      vertex 3.45754 3.45754 15.6
      vertex 2 0 15.6
      vertex 3.5608 3.36698 15.6
    endloop
  endfacet
  facet normal 0 0 1
    outer loop
      vertex 3.36698 3.5608 15.6
      vertex 2 0 15.6
      vertex 3.45754 3.45754 15.6
    endloop
  endfacet
  facet normal 0 0 1
    outer loop
      vertex 3.29067 3.675 15.6
      vertex 2 0 15.6
      vertex 3.36698 3.5608 15.6
    endloop
  endfacet
  facet normal 0 0 1
    outer loop
      vertex 3.22993 3.79818 15.6
      vertex 2 0 15.6
      vertex 3.29067 3.675 15.6
    endloop
  endfacet
  facet normal -0 0 1
    outer loop
      vertex 36.033 26.9408 15.6
      vertex 37.4 25.5484 15.6
      vertex 36.1093 27.055 15.6
    endloop
  endfacet
  facet normal -0 0 1
    outer loop
      vertex 35.9425 26.8375 15.6
      vertex 37.4 25.5484 15.6
      vertex 36.033 26.9408 15.6
    endloop
  endfacet
  facet normal 0 0 1
    outer loop
      vertex 37.4 25.5484 15.6
      vertex 35.9425 26.8375 15.6
      vertex 37.3213 25.4587 15.6
    endloop
  endfacet
  facet normal 0 0 1
    outer loop
      vertex 37.3213 25.4587 15.6
      vertex 35.9425 26.8375 15.6
      vertex 37.0263 25.1999 15.6
    endloop
  endfacet
  facet normal -0 0 1
    outer loop
      vertex 35.8392 26.747 15.6
      vertex 37.0263 25.1999 15.6
      vertex 35.9425 26.8375 15.6
    endloop
  endfacet
  facet normal 0 0 1
    outer loop
      vertex 37.0263 25.1999 15.6
      vertex 35.8392 26.747 15.6
      vertex 36.7 24.9819 15.6
    endloop
  endfacet
  facet normal -0 0 1
    outer loop
      vertex 35.725 26.6707 15.6
      vertex 36.7 24.9819 15.6
      vertex 35.8392 26.747 15.6
    endloop
  endfacet
  facet normal 0 0 1
    outer loop
      vertex 36.7 24.9819 15.6
      vertex 35.725 26.6707 15.6
      vertex 36.348 24.8084 15.6
    endloop
  endfacet
  facet normal -0 0 1
    outer loop
      vertex 35.6018 26.6099 15.6
      vertex 36.348 24.8084 15.6
      vertex 35.725 26.6707 15.6
    endloop
  endfacet
  facet normal 0 0 1
    outer loop
      vertex 36.348 24.8084 15.6
      vertex 35.6018 26.6099 15.6
      vertex 35.9765 24.6822 15.6
    endloop
  endfacet
  facet normal -0 0 1
    outer loop
      vertex 35.4718 26.5658 15.6
      vertex 35.9765 24.6822 15.6
      vertex 35.6018 26.6099 15.6
    endloop
  endfacet
  facet normal 0 0 1
    outer loop
      vertex 35.9765 24.6822 15.6
      vertex 35.4718 26.5658 15.6
      vertex 35.5916 24.6057 15.6
    endloop
  endfacet
  facet normal -0 0 1
    outer loop
      vertex 35.3371 26.539 15.6
      vertex 35.5916 24.6057 15.6
      vertex 35.4718 26.5658 15.6
    endloop
  endfacet
  facet normal -0 0 1
    outer loop
      vertex 35.2 26.53 15.6
      vertex 35.5916 24.6057 15.6
      vertex 35.3371 26.539 15.6
    endloop
  endfacet
  facet normal 0 0 1
    outer loop
      vertex 35.2 26.53 15.6
      vertex 35.2 24.58 15.6
      vertex 35.5916 24.6057 15.6
    endloop
  endfacet
  facet normal 0 0 1
    outer loop
      vertex 35.0629 26.539 15.6
      vertex 35.2 24.58 15.6
      vertex 35.2 26.53 15.6
    endloop
  endfacet
  facet normal 0 0 1
    outer loop
      vertex 34.8084 24.6057 15.6
      vertex 35.0629 26.539 15.6
      vertex 34.9282 26.5658 15.6
    endloop
  endfacet
  facet normal 0 0 1
    outer loop
      vertex 35.0629 26.539 15.6
      vertex 34.8084 24.6057 15.6
      vertex 35.2 24.58 15.6
    endloop
  endfacet
  facet normal 0 0 1
    outer loop
      vertex 34.4235 24.6822 15.6
      vertex 34.9282 26.5658 15.6
      vertex 34.7982 26.6099 15.6
    endloop
  endfacet
  facet normal 0 0 1
    outer loop
      vertex 34.0519 24.8084 15.6
      vertex 34.7982 26.6099 15.6
      vertex 34.675 26.6707 15.6
    endloop
  endfacet
  facet normal 0 0 1
    outer loop
      vertex 33.7 24.9819 15.6
      vertex 34.675 26.6707 15.6
      vertex 34.5608 26.747 15.6
    endloop
  endfacet
  facet normal 0 0 1
    outer loop
      vertex 33.7 24.9819 15.6
      vertex 34.5608 26.747 15.6
      vertex 34.4575 26.8375 15.6
    endloop
  endfacet
  facet normal 0 0 1
    outer loop
      vertex 34.9282 26.5658 15.6
      vertex 34.4235 24.6822 15.6
      vertex 34.8084 24.6057 15.6
    endloop
  endfacet
  facet normal 0 0 1
    outer loop
      vertex 33.7 24.9819 15.6
      vertex 34.4575 26.8375 15.6
      vertex 34.367 26.9408 15.6
    endloop
  endfacet
  facet normal 0 0 1
    outer loop
      vertex 33.7 24.9819 15.6
      vertex 34.367 26.9408 15.6
      vertex 34.2907 27.055 15.6
    endloop
  endfacet
  facet normal 0 0 1
    outer loop
      vertex 33.7 24.9819 15.6
      vertex 34.2907 27.055 15.6
      vertex 34.2299 27.1782 15.6
    endloop
  endfacet
  facet normal 0 0 1
    outer loop
      vertex 33.7 24.9819 15.6
      vertex 34.2299 27.1782 15.6
      vertex 34.1858 27.3082 15.6
    endloop
  endfacet
  facet normal 0 0 1
    outer loop
      vertex 33.7 24.9819 15.6
      vertex 34.1858 27.3082 15.6
      vertex 34.159 27.4429 15.6
    endloop
  endfacet
  facet normal 0 0 1
    outer loop
      vertex 34.7982 26.6099 15.6
      vertex 34.0519 24.8084 15.6
      vertex 34.4235 24.6822 15.6
    endloop
  endfacet
  facet normal 0 0 1
    outer loop
      vertex 32.2257 27.1884 15.6
      vertex 34.159 27.4429 15.6
      vertex 34.15 27.58 15.6
    endloop
  endfacet
  facet normal 0 0 1
    outer loop
      vertex 34.2907 28.105 15.6
      vertex 32.6019 29.08 15.6
      vertex 34.2299 27.9818 15.6
    endloop
  endfacet
  facet normal 0 0 1
    outer loop
      vertex 34.159 27.4429 15.6
      vertex 33.0787 25.4587 15.6
      vertex 33.3737 25.1999 15.6
    endloop
  endfacet
  facet normal -0 0 1
    outer loop
      vertex 32.4284 28.7281 15.6
      vertex 34.2299 27.9818 15.6
      vertex 32.6019 29.08 15.6
    endloop
  endfacet
  facet normal 0 0 1
    outer loop
      vertex 34.159 27.4429 15.6
      vertex 32.8199 25.7537 15.6
      vertex 33.0787 25.4587 15.6
    endloop
  endfacet
  facet normal 0 0 1
    outer loop
      vertex 34.2299 27.9818 15.6
      vertex 32.4284 28.7281 15.6
      vertex 34.1858 27.8518 15.6
    endloop
  endfacet
  facet normal 0 0 1
    outer loop
      vertex 34.159 27.4429 15.6
      vertex 32.6019 26.08 15.6
      vertex 32.8199 25.7537 15.6
    endloop
  endfacet
  facet normal -0 0 1
    outer loop
      vertex 32.3022 28.3565 15.6
      vertex 34.1858 27.8518 15.6
      vertex 32.4284 28.7281 15.6
    endloop
  endfacet
  facet normal 0 0 1
    outer loop
      vertex 34.159 27.4429 15.6
      vertex 32.4284 26.4319 15.6
      vertex 32.6019 26.08 15.6
    endloop
  endfacet
  facet normal -0 0 1
    outer loop
      vertex 32.2257 27.9716 15.6
      vertex 34.1858 27.8518 15.6
      vertex 32.3022 28.3565 15.6
    endloop
  endfacet
  facet normal 0 0 1
    outer loop
      vertex 34.159 27.4429 15.6
      vertex 32.3022 26.8035 15.6
      vertex 32.4284 26.4319 15.6
    endloop
  endfacet
  facet normal 0 0 1
    outer loop
      vertex 34.159 27.7171 15.6
      vertex 32.2257 27.9716 15.6
      vertex 32.2 27.58 15.6
    endloop
  endfacet
  facet normal 0 0 1
    outer loop
      vertex 34.159 27.4429 15.6
      vertex 32.2257 27.1884 15.6
      vertex 32.3022 26.8035 15.6
    endloop
  endfacet
  facet normal 0 0 1
    outer loop
      vertex 34.15 27.58 15.6
      vertex 32.2 27.58 15.6
      vertex 32.2257 27.1884 15.6
    endloop
  endfacet
  facet normal 0 0 1
    outer loop
      vertex 6.97164 3.05195 15.6
      vertex 5.17007 3.79818 15.6
      vertex 6.79808 2.7 15.6
    endloop
  endfacet
  facet normal 0 0 1
    outer loop
      vertex 7.09778 4.97646 15.6
      vertex 5.21422 4.47176 15.6
      vertex 5.24102 4.33705 15.6
    endloop
  endfacet
  facet normal 0 0 1
    outer loop
      vertex 6.97164 5.34805 15.6
      vertex 5.17007 4.60182 15.6
      vertex 5.21422 4.47176 15.6
    endloop
  endfacet
  facet normal 0 0 1
    outer loop
      vertex 6.79808 5.7 15.6
      vertex 5.10933 4.725 15.6
      vertex 5.17007 4.60182 15.6
    endloop
  endfacet
  facet normal 0 0 1
    outer loop
      vertex 6.58006 6.02628 15.6
      vertex 5.03302 4.8392 15.6
      vertex 5.10933 4.725 15.6
    endloop
  endfacet
  facet normal 0 0 1
    outer loop
      vertex 4.60182 5.17007 15.6
      vertex 5.34805 6.97164 15.6
      vertex 4.97646 7.09778 15.6
    endloop
  endfacet
  facet normal 0 0 1
    outer loop
      vertex 6.32132 6.32132 15.6
      vertex 4.94246 4.94246 15.6
      vertex 5.03302 4.8392 15.6
    endloop
  endfacet
  facet normal 0 0 1
    outer loop
      vertex 6.02628 6.58006 15.6
      vertex 4.8392 5.03302 15.6
      vertex 4.94246 4.94246 15.6
    endloop
  endfacet
  facet normal 0 0 1
    outer loop
      vertex 5.7 6.79808 15.6
      vertex 4.725 5.10933 15.6
      vertex 4.8392 5.03302 15.6
    endloop
  endfacet
  facet normal 0 0 1
    outer loop
      vertex 5.34805 6.97164 15.6
      vertex 4.60182 5.17007 15.6
      vertex 4.725 5.10933 15.6
    endloop
  endfacet
  facet normal 0 0 1
    outer loop
      vertex 4.47176 5.21422 15.6
      vertex 4.97646 7.09778 15.6
      vertex 4.59158 7.17433 15.6
    endloop
  endfacet
  facet normal 0 0 1
    outer loop
      vertex 4.97646 7.09778 15.6
      vertex 4.47176 5.21422 15.6
      vertex 4.60182 5.17007 15.6
    endloop
  endfacet
  facet normal 0 0 1
    outer loop
      vertex 4.59158 7.17433 15.6
      vertex 4.33705 5.24102 15.6
      vertex 4.47176 5.21422 15.6
    endloop
  endfacet
  facet normal 0 0 1
    outer loop
      vertex 4.2 7.2 15.6
      vertex 4.33705 5.24102 15.6
      vertex 4.59158 7.17433 15.6
    endloop
  endfacet
  facet normal 0 0 1
    outer loop
      vertex 4.2 7.2 15.6
      vertex 4.2 5.25 15.6
      vertex 4.33705 5.24102 15.6
    endloop
  endfacet
  facet normal 0 0 1
    outer loop
      vertex 4.2 7.2 15.6
      vertex 4.06295 5.24102 15.6
      vertex 4.2 5.25 15.6
    endloop
  endfacet
  facet normal -0 0 1
    outer loop
      vertex 3.80842 7.17433 15.6
      vertex 4.06295 5.24102 15.6
      vertex 4.2 7.2 15.6
    endloop
  endfacet
  facet normal 0 0 1
    outer loop
      vertex 4.06295 5.24102 15.6
      vertex 3.80842 7.17433 15.6
      vertex 3.92824 5.21422 15.6
    endloop
  endfacet
  facet normal -0 0 1
    outer loop
      vertex 3.42354 7.09778 15.6
      vertex 3.92824 5.21422 15.6
      vertex 3.80842 7.17433 15.6
    endloop
  endfacet
  facet normal 0 0 1
    outer loop
      vertex 3.92824 5.21422 15.6
      vertex 3.42354 7.09778 15.6
      vertex 3.79818 5.17007 15.6
    endloop
  endfacet
  facet normal -0 0 1
    outer loop
      vertex 3.05195 6.97164 15.6
      vertex 3.79818 5.17007 15.6
      vertex 3.42354 7.09778 15.6
    endloop
  endfacet
  facet normal 0 0 1
    outer loop
      vertex 3.79818 5.17007 15.6
      vertex 3.05195 6.97164 15.6
      vertex 3.675 5.10933 15.6
    endloop
  endfacet
  facet normal -0 0 1
    outer loop
      vertex 2.7 6.79808 15.6
      vertex 3.675 5.10933 15.6
      vertex 3.05195 6.97164 15.6
    endloop
  endfacet
  facet normal 0 0 1
    outer loop
      vertex 3.675 5.10933 15.6
      vertex 2.7 6.79808 15.6
      vertex 3.5608 5.03302 15.6
    endloop
  endfacet
  facet normal -0 0 1
    outer loop
      vertex 2.37372 6.58006 15.6
      vertex 3.5608 5.03302 15.6
      vertex 2.7 6.79808 15.6
    endloop
  endfacet
  facet normal 0 0 1
    outer loop
      vertex 3.5608 5.03302 15.6
      vertex 2.37372 6.58006 15.6
      vertex 3.45754 4.94246 15.6
    endloop
  endfacet
  facet normal -0 0 1
    outer loop
      vertex 2.07868 6.32132 15.6
      vertex 3.45754 4.94246 15.6
      vertex 2.37372 6.58006 15.6
    endloop
  endfacet
  facet normal -0 0 1
    outer loop
      vertex 2 6.2316 15.6
      vertex 3.45754 4.94246 15.6
      vertex 2.07868 6.32132 15.6
    endloop
  endfacet
  facet normal 0 0 1
    outer loop
      vertex 3.36698 4.8392 15.6
      vertex 2 6.2316 15.6
      vertex 3.29067 4.725 15.6
    endloop
  endfacet
  facet normal 0 0 1
    outer loop
      vertex 3.45754 4.94246 15.6
      vertex 2 6.2316 15.6
      vertex 3.36698 4.8392 15.6
    endloop
  endfacet
  facet normal -0.32144 -0.94693 0
    outer loop
      vertex 1.23463 0.152241 5
      vertex 1.48236 0.0681477 15.6
      vertex 1.23463 0.152241 15.6
    endloop
  endfacet
  facet normal -0.32144 -0.94693 -0
    outer loop
      vertex 1.48236 0.0681477 15.6
      vertex 1.23463 0.152241 5
      vertex 1.48236 0.0681477 5
    endloop
  endfacet
  facet normal 1 -0 0
    outer loop
      vertex 39.4 19.6959 8.26823
      vertex 39.4 29.78 5
      vertex 39.4 29.78 15.6
    endloop
  endfacet
  facet normal 1 0 0
    outer loop
      vertex 39.4 19.718 4.9
      vertex 39.4 21.78 5
      vertex 39.4 19.718 8.1
    endloop
  endfacet
  facet normal 1 0 0
    outer loop
      vertex 39.4 29.78 5
      vertex 39.4 19.6959 8.26823
      vertex 39.4 21.78 5
    endloop
  endfacet
  facet normal 1 0 0
    outer loop
      vertex 39.4 21.78 5
      vertex 39.4 19.7124 8.18484
      vertex 39.4 19.718 8.1
    endloop
  endfacet
  facet normal 1 0 0
    outer loop
      vertex 39.4 21.78 5
      vertex 39.4 19.6959 8.26823
      vertex 39.4 19.7124 8.18484
    endloop
  endfacet
  facet normal 1 0 0
    outer loop
      vertex 39.4 29.78 15.6
      vertex 39.4 19.6685 8.34874
      vertex 39.4 19.6959 8.26823
    endloop
  endfacet
  facet normal 1 0 0
    outer loop
      vertex 39.4 29.78 15.6
      vertex 39.4 19.6309 8.425
      vertex 39.4 19.6685 8.34874
    endloop
  endfacet
  facet normal 1 0 0
    outer loop
      vertex 39.4 29.78 15.6
      vertex 39.4 19.5837 8.49569
      vertex 39.4 19.6309 8.425
    endloop
  endfacet
  facet normal 1 0 0
    outer loop
      vertex 39.4 29.78 15.6
      vertex 39.4 19.5276 8.55962
      vertex 39.4 19.5837 8.49569
    endloop
  endfacet
  facet normal 1 0 0
    outer loop
      vertex 39.4 29.78 15.6
      vertex 39.4 19.4637 8.61568
      vertex 39.4 19.5276 8.55962
    endloop
  endfacet
  facet normal 1 0 0
    outer loop
      vertex 39.4 29.78 15.6
      vertex 39.4 19.393 8.66292
      vertex 39.4 19.4637 8.61568
    endloop
  endfacet
  facet normal 1 0 0
    outer loop
      vertex 39.4 29.78 15.6
      vertex 39.4 19.3167 8.70052
      vertex 39.4 19.393 8.66292
    endloop
  endfacet
  facet normal 1 0 0
    outer loop
      vertex 39.4 29.78 15.6
      vertex 39.4 19.2362 8.72785
      vertex 39.4 19.3167 8.70052
    endloop
  endfacet
  facet normal 1 0 0
    outer loop
      vertex 39.4 29.78 15.6
      vertex 39.4 19.1528 8.74444
      vertex 39.4 19.2362 8.72785
    endloop
  endfacet
  facet normal 1 0 0
    outer loop
      vertex 39.4 29.78 15.6
      vertex 39.4 19.068 8.75
      vertex 39.4 19.1528 8.74444
    endloop
  endfacet
  facet normal 1 0 0
    outer loop
      vertex 39.4 29.78 15.6
      vertex 39.4 18.9832 8.74444
      vertex 39.4 19.068 8.75
    endloop
  endfacet
  facet normal 1 0 0
    outer loop
      vertex 39.4 12.7968 8.74444
      vertex 39.4 18.9832 8.74444
      vertex 39.4 29.78 15.6
    endloop
  endfacet
  facet normal 1 0 0
    outer loop
      vertex 39.4 18.9832 8.74444
      vertex 39.4 12.7968 8.74444
      vertex 39.4 18.8998 8.72785
    endloop
  endfacet
  facet normal 1 0 -0
    outer loop
      vertex 39.4 12.8802 8.72785
      vertex 39.4 18.8998 8.72785
      vertex 39.4 12.7968 8.74444
    endloop
  endfacet
  facet normal 1 0 0
    outer loop
      vertex 39.4 18.418 8.1
      vertex 39.4 13.362 8.1
      vertex 39.4 18.418 4.9
    endloop
  endfacet
  facet normal 1 0 0
    outer loop
      vertex 39.4 18.4236 8.18484
      vertex 39.4 13.362 8.1
      vertex 39.4 18.418 8.1
    endloop
  endfacet
  facet normal 1 0 0
    outer loop
      vertex 39.4 13.3564 8.18484
      vertex 39.4 18.4236 8.18484
      vertex 39.4 18.4401 8.26823
    endloop
  endfacet
  facet normal 1 0 0
    outer loop
      vertex 39.4 13.3399 8.26823
      vertex 39.4 18.4401 8.26823
      vertex 39.4 18.4675 8.34874
    endloop
  endfacet
  facet normal 1 0 0
    outer loop
      vertex 39.4 13.3125 8.34874
      vertex 39.4 18.4675 8.34874
      vertex 39.4 18.5051 8.425
    endloop
  endfacet
  facet normal 1 0 0
    outer loop
      vertex 39.4 13.2749 8.425
      vertex 39.4 18.5051 8.425
      vertex 39.4 18.5523 8.49569
    endloop
  endfacet
  facet normal 1 0 0
    outer loop
      vertex 39.4 13.2277 8.49569
      vertex 39.4 18.5523 8.49569
      vertex 39.4 18.6084 8.55962
    endloop
  endfacet
  facet normal 1 0 0
    outer loop
      vertex 39.4 13.1716 8.55962
      vertex 39.4 18.6084 8.55962
      vertex 39.4 18.6723 8.61568
    endloop
  endfacet
  facet normal 1 0 0
    outer loop
      vertex 39.4 13.1077 8.61568
      vertex 39.4 18.6723 8.61568
      vertex 39.4 18.743 8.66292
    endloop
  endfacet
  facet normal 1 0 -0
    outer loop
      vertex 39.4 12.9607 8.70052
      vertex 39.4 18.8193 8.70052
      vertex 39.4 12.8802 8.72785
    endloop
  endfacet
  facet normal 1 0 0
    outer loop
      vertex 39.4 18.4236 8.18484
      vertex 39.4 13.3564 8.18484
      vertex 39.4 13.362 8.1
    endloop
  endfacet
  facet normal 1 0 0
    outer loop
      vertex 39.4 18.4401 8.26823
      vertex 39.4 13.3399 8.26823
      vertex 39.4 13.3564 8.18484
    endloop
  endfacet
  facet normal 1 0 0
    outer loop
      vertex 39.4 18.4675 8.34874
      vertex 39.4 13.3125 8.34874
      vertex 39.4 13.3399 8.26823
    endloop
  endfacet
  facet normal 1 0 0
    outer loop
      vertex 39.4 18.5051 8.425
      vertex 39.4 13.2749 8.425
      vertex 39.4 13.3125 8.34874
    endloop
  endfacet
  facet normal 1 0 0
    outer loop
      vertex 39.4 18.5523 8.49569
      vertex 39.4 13.2277 8.49569
      vertex 39.4 13.2749 8.425
    endloop
  endfacet
  facet normal 1 0 0
    outer loop
      vertex 39.4 18.6084 8.55962
      vertex 39.4 13.1716 8.55962
      vertex 39.4 13.2277 8.49569
    endloop
  endfacet
  facet normal 1 0 0
    outer loop
      vertex 39.4 18.6723 8.61568
      vertex 39.4 13.1077 8.61568
      vertex 39.4 13.1716 8.55962
    endloop
  endfacet
  facet normal 1 0 0
    outer loop
      vertex 39.4 18.743 8.66292
      vertex 39.4 13.037 8.66292
      vertex 39.4 13.1077 8.61568
    endloop
  endfacet
  facet normal 1 0 0
    outer loop
      vertex 39.4 18.743 8.66292
      vertex 39.4 12.9607 8.70052
      vertex 39.4 13.037 8.66292
    endloop
  endfacet
  facet normal 1 0 0
    outer loop
      vertex 39.4 18.8193 8.70052
      vertex 39.4 12.9607 8.70052
      vertex 39.4 18.743 8.66292
    endloop
  endfacet
  facet normal 1 0 0
    outer loop
      vertex 39.4 18.8998 8.72785
      vertex 39.4 12.8802 8.72785
      vertex 39.4 18.8193 8.70052
    endloop
  endfacet
  facet normal 1 -0 0
    outer loop
      vertex 39.4 2 15.6
      vertex 39.4 12.7968 8.74444
      vertex 39.4 29.78 15.6
    endloop
  endfacet
  facet normal 1 0 0
    outer loop
      vertex 39.4 12.7968 8.74444
      vertex 39.4 2 15.6
      vertex 39.4 12.712 8.75
    endloop
  endfacet
  facet normal 1 0 0
    outer loop
      vertex 39.4 12.712 8.75
      vertex 39.4 2 15.6
      vertex 39.4 12.6272 8.74444
    endloop
  endfacet
  facet normal 1 0 0
    outer loop
      vertex 39.4 12.6272 8.74444
      vertex 39.4 2 15.6
      vertex 39.4 12.5438 8.72785
    endloop
  endfacet
  facet normal 1 0 0
    outer loop
      vertex 39.4 12.062 8.1
      vertex 39.4 10 5
      vertex 39.4 12.062 4.9
    endloop
  endfacet
  facet normal 1 0 0
    outer loop
      vertex 39.4 12.0676 8.18484
      vertex 39.4 10 5
      vertex 39.4 12.062 8.1
    endloop
  endfacet
  facet normal 1 0 0
    outer loop
      vertex 39.4 12.0841 8.26823
      vertex 39.4 10 5
      vertex 39.4 12.0676 8.18484
    endloop
  endfacet
  facet normal 1 0 0
    outer loop
      vertex 39.4 2 15.6
      vertex 39.4 12.0841 8.26823
      vertex 39.4 12.1115 8.34874
    endloop
  endfacet
  facet normal 1 0 0
    outer loop
      vertex 39.4 2 15.6
      vertex 39.4 12.1115 8.34874
      vertex 39.4 12.1491 8.425
    endloop
  endfacet
  facet normal 1 0 0
    outer loop
      vertex 39.4 12.5438 8.72785
      vertex 39.4 2 15.6
      vertex 39.4 12.4633 8.70052
    endloop
  endfacet
  facet normal 1 0 0
    outer loop
      vertex 39.4 2 15.6
      vertex 39.4 12.387 8.66292
      vertex 39.4 12.4633 8.70052
    endloop
  endfacet
  facet normal 1 0 0
    outer loop
      vertex 39.4 2 15.6
      vertex 39.4 12.3163 8.61568
      vertex 39.4 12.387 8.66292
    endloop
  endfacet
  facet normal 1 0 0
    outer loop
      vertex 39.4 2 15.6
      vertex 39.4 12.2524 8.55962
      vertex 39.4 12.3163 8.61568
    endloop
  endfacet
  facet normal 1 0 0
    outer loop
      vertex 39.4 2 15.6
      vertex 39.4 12.1963 8.49569
      vertex 39.4 12.2524 8.55962
    endloop
  endfacet
  facet normal 1 0 0
    outer loop
      vertex 39.4 2 15.6
      vertex 39.4 12.1491 8.425
      vertex 39.4 12.1963 8.49569
    endloop
  endfacet
  facet normal 1 0 0
    outer loop
      vertex 39.4 12.0841 8.26823
      vertex 39.4 2 15.6
      vertex 39.4 2 5
    endloop
  endfacet
  facet normal 1 0 0
    outer loop
      vertex 39.4 12.0841 8.26823
      vertex 39.4 2 5
      vertex 39.4 10 5
    endloop
  endfacet
  facet normal 1 0 0
    outer loop
      vertex 39.4 19.7124 4.81516
      vertex 39.4 21.78 5
      vertex 39.4 19.718 4.9
    endloop
  endfacet
  facet normal 1 0 0
    outer loop
      vertex 39.4 19.6959 4.73177
      vertex 39.4 21.78 5
      vertex 39.4 19.7124 4.81516
    endloop
  endfacet
  facet normal 1 0 0
    outer loop
      vertex 39.4 19.6685 4.65126
      vertex 39.4 21.78 5
      vertex 39.4 19.6959 4.73177
    endloop
  endfacet
  facet normal 1 0 0
    outer loop
      vertex 39.4 19.6309 4.575
      vertex 39.4 21.78 5
      vertex 39.4 19.6685 4.65126
    endloop
  endfacet
  facet normal 1 0 0
    outer loop
      vertex 39.4 19.5837 4.50431
      vertex 39.4 21.78 5
      vertex 39.4 19.6309 4.575
    endloop
  endfacet
  facet normal 1 0 0
    outer loop
      vertex 39.4 19.5276 4.44038
      vertex 39.4 21.78 5
      vertex 39.4 19.5837 4.50431
    endloop
  endfacet
  facet normal 1 0 0
    outer loop
      vertex 39.4 21.78 5
      vertex 39.4 19.5276 4.44038
      vertex 39.4 21.78 0
    endloop
  endfacet
  facet normal 1 -0 0
    outer loop
      vertex 39.4 19.4637 4.38432
      vertex 39.4 21.78 0
      vertex 39.4 19.5276 4.44038
    endloop
  endfacet
  facet normal 1 -0 0
    outer loop
      vertex 39.4 19.393 4.33708
      vertex 39.4 21.78 0
      vertex 39.4 19.4637 4.38432
    endloop
  endfacet
  facet normal 1 -0 0
    outer loop
      vertex 39.4 19.3167 4.29948
      vertex 39.4 21.78 0
      vertex 39.4 19.393 4.33708
    endloop
  endfacet
  facet normal 1 -0 0
    outer loop
      vertex 39.4 19.2362 4.27215
      vertex 39.4 21.78 0
      vertex 39.4 19.3167 4.29948
    endloop
  endfacet
  facet normal 1 -0 0
    outer loop
      vertex 39.4 19.1528 4.25556
      vertex 39.4 21.78 0
      vertex 39.4 19.2362 4.27215
    endloop
  endfacet
  facet normal 1 -0 0
    outer loop
      vertex 39.4 19.068 4.25
      vertex 39.4 21.78 0
      vertex 39.4 19.1528 4.25556
    endloop
  endfacet
  facet normal 1 0 0
    outer loop
      vertex 39.4 18.9832 4.25556
      vertex 39.4 21.78 0
      vertex 39.4 19.068 4.25
    endloop
  endfacet
  facet normal 1 0 0
    outer loop
      vertex 39.4 18.8998 4.27215
      vertex 39.4 21.78 0
      vertex 39.4 18.9832 4.25556
    endloop
  endfacet
  facet normal 1 0 0
    outer loop
      vertex 39.4 18.8193 4.29948
      vertex 39.4 21.78 0
      vertex 39.4 18.8998 4.27215
    endloop
  endfacet
  facet normal 1 0 0
    outer loop
      vertex 39.4 18.743 4.33708
      vertex 39.4 21.78 0
      vertex 39.4 18.8193 4.29948
    endloop
  endfacet
  facet normal 1 0 0
    outer loop
      vertex 39.4 13.037 4.33708
      vertex 39.4 18.743 4.33708
      vertex 39.4 18.6723 4.38432
    endloop
  endfacet
  facet normal 1 0 0
    outer loop
      vertex 39.4 13.1077 4.38432
      vertex 39.4 18.6723 4.38432
      vertex 39.4 18.6084 4.44038
    endloop
  endfacet
  facet normal 1 0 0
    outer loop
      vertex 39.4 13.1716 4.44038
      vertex 39.4 18.6084 4.44038
      vertex 39.4 18.5523 4.50431
    endloop
  endfacet
  facet normal 1 0 0
    outer loop
      vertex 39.4 13.362 4.9
      vertex 39.4 18.418 4.9
      vertex 39.4 13.362 8.1
    endloop
  endfacet
  facet normal 1 0 0
    outer loop
      vertex 39.4 18.418 4.9
      vertex 39.4 13.362 4.9
      vertex 39.4 18.4236 4.81516
    endloop
  endfacet
  facet normal 1 0 0
    outer loop
      vertex 39.4 13.3564 4.81516
      vertex 39.4 18.4236 4.81516
      vertex 39.4 13.362 4.9
    endloop
  endfacet
  facet normal 1 0 0
    outer loop
      vertex 39.4 18.4236 4.81516
      vertex 39.4 13.3564 4.81516
      vertex 39.4 18.4401 4.73177
    endloop
  endfacet
  facet normal 1 0 0
    outer loop
      vertex 39.4 13.3399 4.73177
      vertex 39.4 18.4401 4.73177
      vertex 39.4 13.3564 4.81516
    endloop
  endfacet
  facet normal 1 0 0
    outer loop
      vertex 39.4 18.4401 4.73177
      vertex 39.4 13.3399 4.73177
      vertex 39.4 18.4675 4.65126
    endloop
  endfacet
  facet normal 1 0 0
    outer loop
      vertex 39.4 13.3125 4.65126
      vertex 39.4 18.4675 4.65126
      vertex 39.4 13.3399 4.73177
    endloop
  endfacet
  facet normal 1 0 0
    outer loop
      vertex 39.4 18.4675 4.65126
      vertex 39.4 13.3125 4.65126
      vertex 39.4 18.5051 4.575
    endloop
  endfacet
  facet normal 1 0 0
    outer loop
      vertex 39.4 13.2749 4.575
      vertex 39.4 18.5051 4.575
      vertex 39.4 13.3125 4.65126
    endloop
  endfacet
  facet normal 1 0 0
    outer loop
      vertex 39.4 18.5051 4.575
      vertex 39.4 13.2749 4.575
      vertex 39.4 18.5523 4.50431
    endloop
  endfacet
  facet normal 1 0 0
    outer loop
      vertex 39.4 13.2277 4.50431
      vertex 39.4 18.5523 4.50431
      vertex 39.4 13.2749 4.575
    endloop
  endfacet
  facet normal 1 0 0
    outer loop
      vertex 39.4 13.1716 4.44038
      vertex 39.4 18.5523 4.50431
      vertex 39.4 13.2277 4.50431
    endloop
  endfacet
  facet normal 1 0 0
    outer loop
      vertex 39.4 18.6084 4.44038
      vertex 39.4 13.1716 4.44038
      vertex 39.4 13.1077 4.38432
    endloop
  endfacet
  facet normal 1 0 0
    outer loop
      vertex 39.4 18.6723 4.38432
      vertex 39.4 13.1077 4.38432
      vertex 39.4 13.037 4.33708
    endloop
  endfacet
  facet normal 1 0 0
    outer loop
      vertex 39.4 18.743 4.33708
      vertex 39.4 13.037 4.33708
      vertex 39.4 21.78 0
    endloop
  endfacet
  facet normal 1 0 0
    outer loop
      vertex 39.4 10 0
      vertex 39.4 13.037 4.33708
      vertex 39.4 12.9607 4.29948
    endloop
  endfacet
  facet normal 1 0 0
    outer loop
      vertex 39.4 10 0
      vertex 39.4 12.9607 4.29948
      vertex 39.4 12.8802 4.27215
    endloop
  endfacet
  facet normal 1 0 0
    outer loop
      vertex 39.4 10 0
      vertex 39.4 12.8802 4.27215
      vertex 39.4 12.7968 4.25556
    endloop
  endfacet
  facet normal 1 0 0
    outer loop
      vertex 39.4 10 0
      vertex 39.4 12.7968 4.25556
      vertex 39.4 12.712 4.25
    endloop
  endfacet
  facet normal 1 0 0
    outer loop
      vertex 39.4 10 0
      vertex 39.4 12.712 4.25
      vertex 39.4 12.6272 4.25556
    endloop
  endfacet
  facet normal 1 0 0
    outer loop
      vertex 39.4 10 0
      vertex 39.4 12.6272 4.25556
      vertex 39.4 12.5438 4.27215
    endloop
  endfacet
  facet normal 1 0 0
    outer loop
      vertex 39.4 10 0
      vertex 39.4 12.5438 4.27215
      vertex 39.4 12.4633 4.29948
    endloop
  endfacet
  facet normal 1 0 0
    outer loop
      vertex 39.4 10 5
      vertex 39.4 12.0676 4.81516
      vertex 39.4 12.062 4.9
    endloop
  endfacet
  facet normal 1 0 0
    outer loop
      vertex 39.4 10 5
      vertex 39.4 12.0841 4.73177
      vertex 39.4 12.0676 4.81516
    endloop
  endfacet
  facet normal 1 0 0
    outer loop
      vertex 39.4 10 5
      vertex 39.4 12.1115 4.65126
      vertex 39.4 12.0841 4.73177
    endloop
  endfacet
  facet normal 1 0 0
    outer loop
      vertex 39.4 10 5
      vertex 39.4 12.1491 4.575
      vertex 39.4 12.1115 4.65126
    endloop
  endfacet
  facet normal 1 0 0
    outer loop
      vertex 39.4 10 5
      vertex 39.4 12.1963 4.50431
      vertex 39.4 12.1491 4.575
    endloop
  endfacet
  facet normal 1 0 0
    outer loop
      vertex 39.4 10 5
      vertex 39.4 12.2524 4.44038
      vertex 39.4 12.1963 4.50431
    endloop
  endfacet
  facet normal 1 0 0
    outer loop
      vertex 39.4 10 5
      vertex 39.4 12.3163 4.38432
      vertex 39.4 12.2524 4.44038
    endloop
  endfacet
  facet normal 1 0 0
    outer loop
      vertex 39.4 10 0
      vertex 39.4 12.3163 4.38432
      vertex 39.4 10 5
    endloop
  endfacet
  facet normal 1 0 0
    outer loop
      vertex 39.4 12.3163 4.38432
      vertex 39.4 10 0
      vertex 39.4 12.387 4.33708
    endloop
  endfacet
  facet normal 1 0 0
    outer loop
      vertex 39.4 12.387 4.33708
      vertex 39.4 10 0
      vertex 39.4 12.4633 4.29948
    endloop
  endfacet
  facet normal 1 0 0
    outer loop
      vertex 39.4 13.037 4.33708
      vertex 39.4 10 0
      vertex 39.4 21.78 0
    endloop
  endfacet
  facet normal -0.751839 -0.659347 0
    outer loop
      vertex 0.585786 0.585786 5
      vertex 0.413293 0.782476 15.6
      vertex 0.413293 0.782476 5
    endloop
  endfacet
  facet normal -0.751839 -0.659347 0
    outer loop
      vertex 0.413293 0.782476 15.6
      vertex 0.585786 0.585786 5
      vertex 0.585786 0.585786 15.6
    endloop
  endfacet
  facet normal -1 0 0
    outer loop
      vertex 0 19.5276 4.44038
      vertex 0 21.78 5
      vertex 0 21.78 0
    endloop
  endfacet
  facet normal -1 0 0
    outer loop
      vertex 0 21.78 5
      vertex 0 19.7124 4.81516
      vertex 0 19.718 4.9
    endloop
  endfacet
  facet normal -1 0 0
    outer loop
      vertex 0 21.78 5
      vertex 0 19.6959 4.73177
      vertex 0 19.7124 4.81516
    endloop
  endfacet
  facet normal -1 0 0
    outer loop
      vertex 0 21.78 5
      vertex 0 19.6685 4.65126
      vertex 0 19.6959 4.73177
    endloop
  endfacet
  facet normal -1 0 0
    outer loop
      vertex 0 21.78 5
      vertex 0 19.6309 4.575
      vertex 0 19.6685 4.65126
    endloop
  endfacet
  facet normal -1 0 0
    outer loop
      vertex 0 21.78 5
      vertex 0 19.5837 4.50431
      vertex 0 19.6309 4.575
    endloop
  endfacet
  facet normal -1 0 0
    outer loop
      vertex 0 21.78 5
      vertex 0 19.5276 4.44038
      vertex 0 19.5837 4.50431
    endloop
  endfacet
  facet normal -1 0 0
    outer loop
      vertex 0 21.78 0
      vertex 0 19.4637 4.38432
      vertex 0 19.5276 4.44038
    endloop
  endfacet
  facet normal -1 0 0
    outer loop
      vertex 0 21.78 0
      vertex 0 19.393 4.33708
      vertex 0 19.4637 4.38432
    endloop
  endfacet
  facet normal -1 0 0
    outer loop
      vertex 0 21.78 0
      vertex 0 19.3167 4.29948
      vertex 0 19.393 4.33708
    endloop
  endfacet
  facet normal -1 0 0
    outer loop
      vertex 0 21.78 0
      vertex 0 19.2362 4.27215
      vertex 0 19.3167 4.29948
    endloop
  endfacet
  facet normal -1 0 0
    outer loop
      vertex 0 21.78 0
      vertex 0 19.1528 4.25556
      vertex 0 19.2362 4.27215
    endloop
  endfacet
  facet normal -1 0 0
    outer loop
      vertex 0 21.78 0
      vertex 0 19.068 4.25
      vertex 0 19.1528 4.25556
    endloop
  endfacet
  facet normal -1 0 0
    outer loop
      vertex 0 21.78 0
      vertex 0 18.9832 4.25556
      vertex 0 19.068 4.25
    endloop
  endfacet
  facet normal -1 0 0
    outer loop
      vertex 0 21.78 0
      vertex 0 18.8998 4.27215
      vertex 0 18.9832 4.25556
    endloop
  endfacet
  facet normal -1 0 0
    outer loop
      vertex 0 21.78 0
      vertex 0 18.8193 4.29948
      vertex 0 18.8998 4.27215
    endloop
  endfacet
  facet normal -1 0 0
    outer loop
      vertex 0 21.78 0
      vertex 0 18.743 4.33708
      vertex 0 18.8193 4.29948
    endloop
  endfacet
  facet normal -1 0 0
    outer loop
      vertex 0 13.037 4.33708
      vertex 0 18.743 4.33708
      vertex 0 21.78 0
    endloop
  endfacet
  facet normal -1 0 0
    outer loop
      vertex 0 18.743 4.33708
      vertex 0 13.037 4.33708
      vertex 0 18.6723 4.38432
    endloop
  endfacet
  facet normal -1 0 -0
    outer loop
      vertex 0 13.1077 4.38432
      vertex 0 18.6723 4.38432
      vertex 0 13.037 4.33708
    endloop
  endfacet
  facet normal -1 0 0
    outer loop
      vertex 0 18.418 4.9
      vertex 0 13.362 4.9
      vertex 0 18.418 8.1
    endloop
  endfacet
  facet normal -1 0 0
    outer loop
      vertex 0 18.4236 4.81516
      vertex 0 13.362 4.9
      vertex 0 18.418 4.9
    endloop
  endfacet
  facet normal -1 0 0
    outer loop
      vertex 0 13.3564 4.81516
      vertex 0 18.4236 4.81516
      vertex 0 18.4401 4.73177
    endloop
  endfacet
  facet normal -1 0 0
    outer loop
      vertex 0 13.3399 4.73177
      vertex 0 18.4401 4.73177
      vertex 0 18.4675 4.65126
    endloop
  endfacet
  facet normal -1 0 0
    outer loop
      vertex 0 13.3125 4.65126
      vertex 0 18.4675 4.65126
      vertex 0 18.5051 4.575
    endloop
  endfacet
  facet normal -1 0 0
    outer loop
      vertex 0 13.2749 4.575
      vertex 0 18.5051 4.575
      vertex 0 18.5523 4.50431
    endloop
  endfacet
  facet normal -1 0 0
    outer loop
      vertex 0 18.6723 4.38432
      vertex 0 13.1077 4.38432
      vertex 0 18.6084 4.44038
    endloop
  endfacet
  facet normal -1 0 0
    outer loop
      vertex 0 18.4236 4.81516
      vertex 0 13.3564 4.81516
      vertex 0 13.362 4.9
    endloop
  endfacet
  facet normal -1 0 0
    outer loop
      vertex 0 18.4401 4.73177
      vertex 0 13.3399 4.73177
      vertex 0 13.3564 4.81516
    endloop
  endfacet
  facet normal -1 0 0
    outer loop
      vertex 0 18.4675 4.65126
      vertex 0 13.3125 4.65126
      vertex 0 13.3399 4.73177
    endloop
  endfacet
  facet normal -1 0 0
    outer loop
      vertex 0 18.5051 4.575
      vertex 0 13.2749 4.575
      vertex 0 13.3125 4.65126
    endloop
  endfacet
  facet normal -1 0 0
    outer loop
      vertex 0 18.5523 4.50431
      vertex 0 13.2277 4.50431
      vertex 0 13.2749 4.575
    endloop
  endfacet
  facet normal -1 -0 0
    outer loop
      vertex 0 18.5523 4.50431
      vertex 0 13.1716 4.44038
      vertex 0 13.2277 4.50431
    endloop
  endfacet
  facet normal -1 0 0
    outer loop
      vertex 0 18.6084 4.44038
      vertex 0 13.1716 4.44038
      vertex 0 18.5523 4.50431
    endloop
  endfacet
  facet normal -1 0 -0
    outer loop
      vertex 0 13.1716 4.44038
      vertex 0 18.6084 4.44038
      vertex 0 13.1077 4.38432
    endloop
  endfacet
  facet normal -1 0 0
    outer loop
      vertex 0 10 0
      vertex 0 13.037 4.33708
      vertex 0 21.78 0
    endloop
  endfacet
  facet normal -1 0 0
    outer loop
      vertex 0 13.037 4.33708
      vertex 0 10 0
      vertex 0 12.9607 4.29948
    endloop
  endfacet
  facet normal -1 0 0
    outer loop
      vertex 0 12.9607 4.29948
      vertex 0 10 0
      vertex 0 12.8802 4.27215
    endloop
  endfacet
  facet normal -1 0 0
    outer loop
      vertex 0 12.8802 4.27215
      vertex 0 10 0
      vertex 0 12.7968 4.25556
    endloop
  endfacet
  facet normal -1 0 0
    outer loop
      vertex 0 12.7968 4.25556
      vertex 0 10 0
      vertex 0 12.712 4.25
    endloop
  endfacet
  facet normal -1 -0 0
    outer loop
      vertex 0 12.712 4.25
      vertex 0 10 0
      vertex 0 12.6272 4.25556
    endloop
  endfacet
  facet normal -1 -0 0
    outer loop
      vertex 0 12.6272 4.25556
      vertex 0 10 0
      vertex 0 12.5438 4.27215
    endloop
  endfacet
  facet normal -1 0 0
    outer loop
      vertex 0 12.0676 4.81516
      vertex 0 10 5
      vertex 0 12.062 4.9
    endloop
  endfacet
  facet normal -1 0 0
    outer loop
      vertex 0 12.0841 4.73177
      vertex 0 10 5
      vertex 0 12.0676 4.81516
    endloop
  endfacet
  facet normal -1 0 0
    outer loop
      vertex 0 12.1115 4.65126
      vertex 0 10 5
      vertex 0 12.0841 4.73177
    endloop
  endfacet
  facet normal -1 0 0
    outer loop
      vertex 0 12.1491 4.575
      vertex 0 10 5
      vertex 0 12.1115 4.65126
    endloop
  endfacet
  facet normal -1 0 0
    outer loop
      vertex 0 12.1963 4.50431
      vertex 0 10 5
      vertex 0 12.1491 4.575
    endloop
  endfacet
  facet normal -1 0 0
    outer loop
      vertex 0 12.2524 4.44038
      vertex 0 10 5
      vertex 0 12.1963 4.50431
    endloop
  endfacet
  facet normal -1 0 0
    outer loop
      vertex 0 10 5
      vertex 0 12.2524 4.44038
      vertex 0 10 0
    endloop
  endfacet
  facet normal -1 -0 0
    outer loop
      vertex 0 12.3163 4.38432
      vertex 0 10 0
      vertex 0 12.2524 4.44038
    endloop
  endfacet
  facet normal -1 -0 0
    outer loop
      vertex 0 12.387 4.33708
      vertex 0 10 0
      vertex 0 12.3163 4.38432
    endloop
  endfacet
  facet normal -1 -0 0
    outer loop
      vertex 0 12.4633 4.29948
      vertex 0 10 0
      vertex 0 12.387 4.33708
    endloop
  endfacet
  facet normal -1 -0 0
    outer loop
      vertex 0 12.5438 4.27215
      vertex 0 10 0
      vertex 0 12.4633 4.29948
    endloop
  endfacet
  facet normal -1 0 0
    outer loop
      vertex 0 19.6959 8.26823
      vertex 0 29.78 5
      vertex 0 21.78 5
    endloop
  endfacet
  facet normal -1 0 0
    outer loop
      vertex 0 19.718 8.1
      vertex 0 21.78 5
      vertex 0 19.718 4.9
    endloop
  endfacet
  facet normal -1 0 0
    outer loop
      vertex 0 19.7124 8.18484
      vertex 0 21.78 5
      vertex 0 19.718 8.1
    endloop
  endfacet
  facet normal -1 0 0
    outer loop
      vertex 0 19.6959 8.26823
      vertex 0 21.78 5
      vertex 0 19.7124 8.18484
    endloop
  endfacet
  facet normal -1 0 0
    outer loop
      vertex 0 29.78 5
      vertex 0 19.6959 8.26823
      vertex 0 29.78 15.6
    endloop
  endfacet
  facet normal -1 0 0
    outer loop
      vertex 0 19.6685 8.34874
      vertex 0 29.78 15.6
      vertex 0 19.6959 8.26823
    endloop
  endfacet
  facet normal -1 0 0
    outer loop
      vertex 0 19.6309 8.425
      vertex 0 29.78 15.6
      vertex 0 19.6685 8.34874
    endloop
  endfacet
  facet normal -1 0 0
    outer loop
      vertex 0 19.5837 8.49569
      vertex 0 29.78 15.6
      vertex 0 19.6309 8.425
    endloop
  endfacet
  facet normal -1 0 0
    outer loop
      vertex 0 19.5276 8.55962
      vertex 0 29.78 15.6
      vertex 0 19.5837 8.49569
    endloop
  endfacet
  facet normal -1 0 0
    outer loop
      vertex 0 19.4637 8.61568
      vertex 0 29.78 15.6
      vertex 0 19.5276 8.55962
    endloop
  endfacet
  facet normal -1 0 0
    outer loop
      vertex 0 19.393 8.66292
      vertex 0 29.78 15.6
      vertex 0 19.4637 8.61568
    endloop
  endfacet
  facet normal -1 0 0
    outer loop
      vertex 0 19.3167 8.70052
      vertex 0 29.78 15.6
      vertex 0 19.393 8.66292
    endloop
  endfacet
  facet normal -1 0 0
    outer loop
      vertex 0 19.2362 8.72785
      vertex 0 29.78 15.6
      vertex 0 19.3167 8.70052
    endloop
  endfacet
  facet normal -1 0 0
    outer loop
      vertex 0 19.1528 8.74444
      vertex 0 29.78 15.6
      vertex 0 19.2362 8.72785
    endloop
  endfacet
  facet normal -1 0 0
    outer loop
      vertex 0 19.068 8.75
      vertex 0 29.78 15.6
      vertex 0 19.1528 8.74444
    endloop
  endfacet
  facet normal -1 0 0
    outer loop
      vertex 0 18.9832 8.74444
      vertex 0 29.78 15.6
      vertex 0 19.068 8.75
    endloop
  endfacet
  facet normal -1 0 0
    outer loop
      vertex 0 12.7968 8.74444
      vertex 0 18.9832 8.74444
      vertex 0 18.8998 8.72785
    endloop
  endfacet
  facet normal -1 0 0
    outer loop
      vertex 0 12.8802 8.72785
      vertex 0 18.8998 8.72785
      vertex 0 18.8193 8.70052
    endloop
  endfacet
  facet normal -1 0 0
    outer loop
      vertex 0 12.9607 8.70052
      vertex 0 18.8193 8.70052
      vertex 0 18.743 8.66292
    endloop
  endfacet
  facet normal -1 0 0
    outer loop
      vertex 0 13.362 8.1
      vertex 0 18.418 8.1
      vertex 0 13.362 4.9
    endloop
  endfacet
  facet normal -1 0 0
    outer loop
      vertex 0 18.418 8.1
      vertex 0 13.362 8.1
      vertex 0 18.4236 8.18484
    endloop
  endfacet
  facet normal -1 0 0
    outer loop
      vertex 0 13.3564 8.18484
      vertex 0 18.4236 8.18484
      vertex 0 13.362 8.1
    endloop
  endfacet
  facet normal -1 0 0
    outer loop
      vertex 0 18.4236 8.18484
      vertex 0 13.3564 8.18484
      vertex 0 18.4401 8.26823
    endloop
  endfacet
  facet normal -1 0 0
    outer loop
      vertex 0 13.3399 8.26823
      vertex 0 18.4401 8.26823
      vertex 0 13.3564 8.18484
    endloop
  endfacet
  facet normal -1 0 0
    outer loop
      vertex 0 18.4401 8.26823
      vertex 0 13.3399 8.26823
      vertex 0 18.4675 8.34874
    endloop
  endfacet
  facet normal -1 0 0
    outer loop
      vertex 0 13.3125 8.34874
      vertex 0 18.4675 8.34874
      vertex 0 13.3399 8.26823
    endloop
  endfacet
  facet normal -1 0 0
    outer loop
      vertex 0 18.4675 8.34874
      vertex 0 13.3125 8.34874
      vertex 0 18.5051 8.425
    endloop
  endfacet
  facet normal -1 0 0
    outer loop
      vertex 0 13.2749 8.425
      vertex 0 18.5051 8.425
      vertex 0 13.3125 8.34874
    endloop
  endfacet
  facet normal -1 0 0
    outer loop
      vertex 0 18.5051 8.425
      vertex 0 13.2749 8.425
      vertex 0 18.5523 8.49569
    endloop
  endfacet
  facet normal -1 0 0
    outer loop
      vertex 0 13.2277 8.49569
      vertex 0 18.5523 8.49569
      vertex 0 13.2749 8.425
    endloop
  endfacet
  facet normal -1 0 0
    outer loop
      vertex 0 18.5523 8.49569
      vertex 0 13.2277 8.49569
      vertex 0 18.6084 8.55962
    endloop
  endfacet
  facet normal -1 0 0
    outer loop
      vertex 0 13.1716 8.55962
      vertex 0 18.6084 8.55962
      vertex 0 13.2277 8.49569
    endloop
  endfacet
  facet normal -1 0 0
    outer loop
      vertex 0 18.6084 8.55962
      vertex 0 13.1716 8.55962
      vertex 0 18.6723 8.61568
    endloop
  endfacet
  facet normal -1 0 0
    outer loop
      vertex 0 13.1077 8.61568
      vertex 0 18.6723 8.61568
      vertex 0 13.1716 8.55962
    endloop
  endfacet
  facet normal -1 0 0
    outer loop
      vertex 0 18.6723 8.61568
      vertex 0 13.1077 8.61568
      vertex 0 18.743 8.66292
    endloop
  endfacet
  facet normal -1 0 0
    outer loop
      vertex 0 13.037 8.66292
      vertex 0 18.743 8.66292
      vertex 0 13.1077 8.61568
    endloop
  endfacet
  facet normal -1 0 0
    outer loop
      vertex 0 12.9607 8.70052
      vertex 0 18.743 8.66292
      vertex 0 13.037 8.66292
    endloop
  endfacet
  facet normal -1 0 0
    outer loop
      vertex 0 18.8193 8.70052
      vertex 0 12.9607 8.70052
      vertex 0 12.8802 8.72785
    endloop
  endfacet
  facet normal -1 0 0
    outer loop
      vertex 0 18.8998 8.72785
      vertex 0 12.8802 8.72785
      vertex 0 12.7968 8.74444
    endloop
  endfacet
  facet normal -1 0 0
    outer loop
      vertex 0 18.9832 8.74444
      vertex 0 12.7968 8.74444
      vertex 0 29.78 15.6
    endloop
  endfacet
  facet normal -1 0 0
    outer loop
      vertex 0 2 15.6
      vertex 0 12.7968 8.74444
      vertex 0 12.712 8.75
    endloop
  endfacet
  facet normal -1 0 0
    outer loop
      vertex 0 2 15.6
      vertex 0 12.712 8.75
      vertex 0 12.6272 8.74444
    endloop
  endfacet
  facet normal -1 0 0
    outer loop
      vertex 0 2 15.6
      vertex 0 12.6272 8.74444
      vertex 0 12.5438 8.72785
    endloop
  endfacet
  facet normal -1 0 0
    outer loop
      vertex 0 2 15.6
      vertex 0 12.5438 8.72785
      vertex 0 12.4633 8.70052
    endloop
  endfacet
  facet normal -1 0 0
    outer loop
      vertex 0 12.062 4.9
      vertex 0 10 5
      vertex 0 12.062 8.1
    endloop
  endfacet
  facet normal -1 -0 0
    outer loop
      vertex 0 12.062 8.1
      vertex 0 10 5
      vertex 0 12.0676 8.18484
    endloop
  endfacet
  facet normal -1 -0 0
    outer loop
      vertex 0 12.0676 8.18484
      vertex 0 10 5
      vertex 0 12.0841 8.26823
    endloop
  endfacet
  facet normal -1 0 0
    outer loop
      vertex 0 2 5
      vertex 0 12.0841 8.26823
      vertex 0 10 5
    endloop
  endfacet
  facet normal -1 0 0
    outer loop
      vertex 0 2 15.6
      vertex 0 12.0841 8.26823
      vertex 0 2 5
    endloop
  endfacet
  facet normal -1 0 0
    outer loop
      vertex 0 12.0841 8.26823
      vertex 0 2 15.6
      vertex 0 12.1115 8.34874
    endloop
  endfacet
  facet normal -1 0 0
    outer loop
      vertex 0 12.1115 8.34874
      vertex 0 2 15.6
      vertex 0 12.1491 8.425
    endloop
  endfacet
  facet normal -1 0 0
    outer loop
      vertex 0 12.1491 8.425
      vertex 0 2 15.6
      vertex 0 12.1963 8.49569
    endloop
  endfacet
  facet normal -1 0 0
    outer loop
      vertex 0 12.1963 8.49569
      vertex 0 2 15.6
      vertex 0 12.2524 8.55962
    endloop
  endfacet
  facet normal -1 0 0
    outer loop
      vertex 0 12.2524 8.55962
      vertex 0 2 15.6
      vertex 0 12.3163 8.61568
    endloop
  endfacet
  facet normal -1 0 0
    outer loop
      vertex 0 12.3163 8.61568
      vertex 0 2 15.6
      vertex 0 12.387 8.66292
    endloop
  endfacet
  facet normal -1 0 0
    outer loop
      vertex 0 12.387 8.66292
      vertex 0 2 15.6
      vertex 0 12.4633 8.70052
    endloop
  endfacet
  facet normal -1 0 0
    outer loop
      vertex 0 12.7968 8.74444
      vertex 0 2 15.6
      vertex 0 29.78 15.6
    endloop
  endfacet
  facet normal 0 1 -0
    outer loop
      vertex 19.5318 31.78 8.72785
      vertex 2 31.78 15.6
      vertex 19.6152 31.78 8.74444
    endloop
  endfacet
  facet normal 0 1 0
    outer loop
      vertex 2 31.78 15.6
      vertex 9.93484 31.78 8.74444
      vertex 9.85 31.78 8.75
    endloop
  endfacet
  facet normal 0 1 -0
    outer loop
      vertex 10.0182 31.78 8.72785
      vertex 2 31.78 15.6
      vertex 19.5318 31.78 8.72785
    endloop
  endfacet
  facet normal 0 1 0
    outer loop
      vertex 2 31.78 15.6
      vertex 10.0182 31.78 8.72785
      vertex 9.93484 31.78 8.74444
    endloop
  endfacet
  facet normal 0 1 -0
    outer loop
      vertex 19.4513 31.78 8.70052
      vertex 10.0182 31.78 8.72785
      vertex 19.5318 31.78 8.72785
    endloop
  endfacet
  facet normal 0 1 0
    outer loop
      vertex 19.4513 31.78 8.70052
      vertex 10.0987 31.78 8.70052
      vertex 10.0182 31.78 8.72785
    endloop
  endfacet
  facet normal 0 1 -0
    outer loop
      vertex 19.375 31.78 8.66292
      vertex 10.0987 31.78 8.70052
      vertex 19.4513 31.78 8.70052
    endloop
  endfacet
  facet normal 0 1 0
    outer loop
      vertex 19.375 31.78 8.66292
      vertex 10.175 31.78 8.66292
      vertex 10.0987 31.78 8.70052
    endloop
  endfacet
  facet normal 0 1 -0
    outer loop
      vertex 19.3043 31.78 8.61568
      vertex 10.175 31.78 8.66292
      vertex 19.375 31.78 8.66292
    endloop
  endfacet
  facet normal 0 1 0
    outer loop
      vertex 19.3043 31.78 8.61568
      vertex 10.2457 31.78 8.61568
      vertex 10.175 31.78 8.66292
    endloop
  endfacet
  facet normal 0 1 -0
    outer loop
      vertex 19.2404 31.78 8.55962
      vertex 10.2457 31.78 8.61568
      vertex 19.3043 31.78 8.61568
    endloop
  endfacet
  facet normal 0 1 0
    outer loop
      vertex 19.2404 31.78 8.55962
      vertex 10.3096 31.78 8.55962
      vertex 10.2457 31.78 8.61568
    endloop
  endfacet
  facet normal 0 1 -0
    outer loop
      vertex 19.1843 31.78 8.49569
      vertex 10.3096 31.78 8.55962
      vertex 19.2404 31.78 8.55962
    endloop
  endfacet
  facet normal 0 1 0
    outer loop
      vertex 19.1843 31.78 8.49569
      vertex 10.3657 31.78 8.49569
      vertex 10.3096 31.78 8.55962
    endloop
  endfacet
  facet normal 0 1 -0
    outer loop
      vertex 19.1371 31.78 8.425
      vertex 10.3657 31.78 8.49569
      vertex 19.1843 31.78 8.49569
    endloop
  endfacet
  facet normal 0 1 0
    outer loop
      vertex 19.1371 31.78 8.425
      vertex 10.4129 31.78 8.425
      vertex 10.3657 31.78 8.49569
    endloop
  endfacet
  facet normal 0 1 -0
    outer loop
      vertex 19.0995 31.78 8.34874
      vertex 10.4129 31.78 8.425
      vertex 19.1371 31.78 8.425
    endloop
  endfacet
  facet normal 0 1 0
    outer loop
      vertex 19.0995 31.78 8.34874
      vertex 10.4505 31.78 8.34874
      vertex 10.4129 31.78 8.425
    endloop
  endfacet
  facet normal 0 1 -0
    outer loop
      vertex 19.0721 31.78 8.26823
      vertex 10.4505 31.78 8.34874
      vertex 19.0995 31.78 8.34874
    endloop
  endfacet
  facet normal 0 1 0
    outer loop
      vertex 19.0721 31.78 8.26823
      vertex 10.4779 31.78 8.26823
      vertex 10.4505 31.78 8.34874
    endloop
  endfacet
  facet normal 0 1 -0
    outer loop
      vertex 19.0556 31.78 8.18484
      vertex 10.4779 31.78 8.26823
      vertex 19.0721 31.78 8.26823
    endloop
  endfacet
  facet normal 0 1 0
    outer loop
      vertex 19.0556 31.78 8.18484
      vertex 10.4944 31.78 8.18484
      vertex 10.4779 31.78 8.26823
    endloop
  endfacet
  facet normal 0 1 -0
    outer loop
      vertex 19.05 31.78 8.1
      vertex 10.4944 31.78 8.18484
      vertex 19.0556 31.78 8.18484
    endloop
  endfacet
  facet normal 0 1 0
    outer loop
      vertex 19.05 31.78 8.1
      vertex 10.5 31.78 8.1
      vertex 10.4944 31.78 8.18484
    endloop
  endfacet
  facet normal 0 1 -0
    outer loop
      vertex 19.05 31.78 4.9
      vertex 10.5 31.78 8.1
      vertex 19.05 31.78 8.1
    endloop
  endfacet
  facet normal 0 1 0
    outer loop
      vertex 19.05 31.78 4.9
      vertex 10.5 31.78 4.9
      vertex 10.5 31.78 8.1
    endloop
  endfacet
  facet normal 0 1 0
    outer loop
      vertex 19.0556 31.78 4.81516
      vertex 10.5 31.78 4.9
      vertex 19.05 31.78 4.9
    endloop
  endfacet
  facet normal 0 1 0
    outer loop
      vertex 19.0556 31.78 4.81516
      vertex 10.4944 31.78 4.81516
      vertex 10.5 31.78 4.9
    endloop
  endfacet
  facet normal 0 1 0
    outer loop
      vertex 19.0721 31.78 4.73177
      vertex 10.4944 31.78 4.81516
      vertex 19.0556 31.78 4.81516
    endloop
  endfacet
  facet normal 0 1 0
    outer loop
      vertex 19.0721 31.78 4.73177
      vertex 10.4779 31.78 4.73177
      vertex 10.4944 31.78 4.81516
    endloop
  endfacet
  facet normal 0 1 0
    outer loop
      vertex 19.0995 31.78 4.65126
      vertex 10.4779 31.78 4.73177
      vertex 19.0721 31.78 4.73177
    endloop
  endfacet
  facet normal 0 1 0
    outer loop
      vertex 19.0995 31.78 4.65126
      vertex 10.4505 31.78 4.65126
      vertex 10.4779 31.78 4.73177
    endloop
  endfacet
  facet normal 0 1 0
    outer loop
      vertex 19.1371 31.78 4.575
      vertex 10.4505 31.78 4.65126
      vertex 19.0995 31.78 4.65126
    endloop
  endfacet
  facet normal 0 1 0
    outer loop
      vertex 19.1371 31.78 4.575
      vertex 10.4129 31.78 4.575
      vertex 10.4505 31.78 4.65126
    endloop
  endfacet
  facet normal 0 1 0
    outer loop
      vertex 19.1843 31.78 4.50431
      vertex 10.4129 31.78 4.575
      vertex 19.1371 31.78 4.575
    endloop
  endfacet
  facet normal 0 1 0
    outer loop
      vertex 19.1843 31.78 4.50431
      vertex 10.3657 31.78 4.50431
      vertex 10.4129 31.78 4.575
    endloop
  endfacet
  facet normal 0 1 0
    outer loop
      vertex 19.2404 31.78 4.44038
      vertex 10.3657 31.78 4.50431
      vertex 19.1843 31.78 4.50431
    endloop
  endfacet
  facet normal 0 1 0
    outer loop
      vertex 19.2404 31.78 4.44038
      vertex 10.3096 31.78 4.44038
      vertex 10.3657 31.78 4.50431
    endloop
  endfacet
  facet normal 0 1 0
    outer loop
      vertex 19.3043 31.78 4.38432
      vertex 10.3096 31.78 4.44038
      vertex 19.2404 31.78 4.44038
    endloop
  endfacet
  facet normal 0 1 0
    outer loop
      vertex 19.3043 31.78 4.38432
      vertex 10.2457 31.78 4.38432
      vertex 10.3096 31.78 4.44038
    endloop
  endfacet
  facet normal 0 1 0
    outer loop
      vertex 19.375 31.78 4.33708
      vertex 10.2457 31.78 4.38432
      vertex 19.3043 31.78 4.38432
    endloop
  endfacet
  facet normal 0 1 0
    outer loop
      vertex 19.375 31.78 4.33708
      vertex 10.175 31.78 4.33708
      vertex 10.2457 31.78 4.38432
    endloop
  endfacet
  facet normal 0 1 0
    outer loop
      vertex 19.4513 31.78 4.29948
      vertex 10.175 31.78 4.33708
      vertex 19.375 31.78 4.33708
    endloop
  endfacet
  facet normal 0 1 0
    outer loop
      vertex 19.4513 31.78 4.29948
      vertex 10.0987 31.78 4.29948
      vertex 10.175 31.78 4.33708
    endloop
  endfacet
  facet normal 0 1 0
    outer loop
      vertex 19.5318 31.78 4.27215
      vertex 10.0987 31.78 4.29948
      vertex 19.4513 31.78 4.29948
    endloop
  endfacet
  facet normal 0 1 0
    outer loop
      vertex 19.5318 31.78 4.27215
      vertex 10.0182 31.78 4.27215
      vertex 10.0987 31.78 4.29948
    endloop
  endfacet
  facet normal 0 1 0
    outer loop
      vertex 2 31.78 0
      vertex 19.5318 31.78 4.27215
      vertex 19.6152 31.78 4.25556
    endloop
  endfacet
  facet normal 0 1 0
    outer loop
      vertex 19.5318 31.78 4.27215
      vertex 2 31.78 0
      vertex 10.0182 31.78 4.27215
    endloop
  endfacet
  facet normal 0 1 0
    outer loop
      vertex 2 31.78 0
      vertex 19.6152 31.78 4.25556
      vertex 19.7 31.78 4.25
    endloop
  endfacet
  facet normal 0 1 0
    outer loop
      vertex 10.0182 31.78 4.27215
      vertex 2 31.78 0
      vertex 9.93484 31.78 4.25556
    endloop
  endfacet
  facet normal 0 1 0
    outer loop
      vertex 29.3818 31.78 8.72785
      vertex 37.4 31.78 15.6
      vertex 29.4652 31.78 8.74444
    endloop
  endfacet
  facet normal 0 1 0
    outer loop
      vertex 37.4 31.78 15.6
      vertex 19.7848 31.78 8.74444
      vertex 19.7 31.78 8.75
    endloop
  endfacet
  facet normal 0 1 0
    outer loop
      vertex 19.8682 31.78 8.72785
      vertex 37.4 31.78 15.6
      vertex 29.3818 31.78 8.72785
    endloop
  endfacet
  facet normal 0 1 0
    outer loop
      vertex 37.4 31.78 15.6
      vertex 19.8682 31.78 8.72785
      vertex 19.7848 31.78 8.74444
    endloop
  endfacet
  facet normal 0 1 -0
    outer loop
      vertex 29.3013 31.78 8.70052
      vertex 19.8682 31.78 8.72785
      vertex 29.3818 31.78 8.72785
    endloop
  endfacet
  facet normal 0 1 0
    outer loop
      vertex 29.3013 31.78 8.70052
      vertex 19.9487 31.78 8.70052
      vertex 19.8682 31.78 8.72785
    endloop
  endfacet
  facet normal 0 1 -0
    outer loop
      vertex 29.225 31.78 8.66292
      vertex 19.9487 31.78 8.70052
      vertex 29.3013 31.78 8.70052
    endloop
  endfacet
  facet normal 0 1 0
    outer loop
      vertex 29.225 31.78 8.66292
      vertex 20.025 31.78 8.66292
      vertex 19.9487 31.78 8.70052
    endloop
  endfacet
  facet normal 0 1 -0
    outer loop
      vertex 29.1543 31.78 8.61568
      vertex 20.025 31.78 8.66292
      vertex 29.225 31.78 8.66292
    endloop
  endfacet
  facet normal 0 1 0
    outer loop
      vertex 29.1543 31.78 8.61568
      vertex 20.0957 31.78 8.61568
      vertex 20.025 31.78 8.66292
    endloop
  endfacet
  facet normal 0 1 -0
    outer loop
      vertex 29.0904 31.78 8.55962
      vertex 20.0957 31.78 8.61568
      vertex 29.1543 31.78 8.61568
    endloop
  endfacet
  facet normal 0 1 0
    outer loop
      vertex 29.0904 31.78 8.55962
      vertex 20.1596 31.78 8.55962
      vertex 20.0957 31.78 8.61568
    endloop
  endfacet
  facet normal 0 1 -0
    outer loop
      vertex 29.0343 31.78 8.49569
      vertex 20.1596 31.78 8.55962
      vertex 29.0904 31.78 8.55962
    endloop
  endfacet
  facet normal 0 1 0
    outer loop
      vertex 29.0343 31.78 8.49569
      vertex 20.2157 31.78 8.49569
      vertex 20.1596 31.78 8.55962
    endloop
  endfacet
  facet normal 0 1 -0
    outer loop
      vertex 28.9871 31.78 8.425
      vertex 20.2157 31.78 8.49569
      vertex 29.0343 31.78 8.49569
    endloop
  endfacet
  facet normal 0 1 0
    outer loop
      vertex 28.9871 31.78 8.425
      vertex 20.2629 31.78 8.425
      vertex 20.2157 31.78 8.49569
    endloop
  endfacet
  facet normal 0 1 -0
    outer loop
      vertex 28.9495 31.78 8.34874
      vertex 20.2629 31.78 8.425
      vertex 28.9871 31.78 8.425
    endloop
  endfacet
  facet normal 0 1 0
    outer loop
      vertex 28.9495 31.78 8.34874
      vertex 20.3005 31.78 8.34874
      vertex 20.2629 31.78 8.425
    endloop
  endfacet
  facet normal 0 1 -0
    outer loop
      vertex 28.9221 31.78 8.26823
      vertex 20.3005 31.78 8.34874
      vertex 28.9495 31.78 8.34874
    endloop
  endfacet
  facet normal 0 1 0
    outer loop
      vertex 28.9221 31.78 8.26823
      vertex 20.3279 31.78 8.26823
      vertex 20.3005 31.78 8.34874
    endloop
  endfacet
  facet normal 0 1 -0
    outer loop
      vertex 28.9056 31.78 8.18484
      vertex 20.3279 31.78 8.26823
      vertex 28.9221 31.78 8.26823
    endloop
  endfacet
  facet normal 0 1 0
    outer loop
      vertex 28.9056 31.78 8.18484
      vertex 20.3444 31.78 8.18484
      vertex 20.3279 31.78 8.26823
    endloop
  endfacet
  facet normal 0 1 -0
    outer loop
      vertex 28.9 31.78 8.1
      vertex 20.3444 31.78 8.18484
      vertex 28.9056 31.78 8.18484
    endloop
  endfacet
  facet normal 0 1 0
    outer loop
      vertex 28.9 31.78 8.1
      vertex 20.35 31.78 8.1
      vertex 20.3444 31.78 8.18484
    endloop
  endfacet
  facet normal 0 1 -0
    outer loop
      vertex 28.9 31.78 4.9
      vertex 20.35 31.78 8.1
      vertex 28.9 31.78 8.1
    endloop
  endfacet
  facet normal 0 1 0
    outer loop
      vertex 28.9 31.78 4.9
      vertex 20.35 31.78 4.9
      vertex 20.35 31.78 8.1
    endloop
  endfacet
  facet normal 0 1 0
    outer loop
      vertex 28.9056 31.78 4.81516
      vertex 20.35 31.78 4.9
      vertex 28.9 31.78 4.9
    endloop
  endfacet
  facet normal 0 1 0
    outer loop
      vertex 28.9056 31.78 4.81516
      vertex 20.3444 31.78 4.81516
      vertex 20.35 31.78 4.9
    endloop
  endfacet
  facet normal 0 1 0
    outer loop
      vertex 28.9221 31.78 4.73177
      vertex 20.3444 31.78 4.81516
      vertex 28.9056 31.78 4.81516
    endloop
  endfacet
  facet normal 0 1 0
    outer loop
      vertex 28.9221 31.78 4.73177
      vertex 20.3279 31.78 4.73177
      vertex 20.3444 31.78 4.81516
    endloop
  endfacet
  facet normal 0 1 0
    outer loop
      vertex 28.9495 31.78 4.65126
      vertex 20.3279 31.78 4.73177
      vertex 28.9221 31.78 4.73177
    endloop
  endfacet
  facet normal 0 1 0
    outer loop
      vertex 28.9495 31.78 4.65126
      vertex 20.3005 31.78 4.65126
      vertex 20.3279 31.78 4.73177
    endloop
  endfacet
  facet normal 0 1 0
    outer loop
      vertex 28.9871 31.78 4.575
      vertex 20.3005 31.78 4.65126
      vertex 28.9495 31.78 4.65126
    endloop
  endfacet
  facet normal 0 1 0
    outer loop
      vertex 28.9871 31.78 4.575
      vertex 20.2629 31.78 4.575
      vertex 20.3005 31.78 4.65126
    endloop
  endfacet
  facet normal 0 1 0
    outer loop
      vertex 29.0343 31.78 4.50431
      vertex 20.2629 31.78 4.575
      vertex 28.9871 31.78 4.575
    endloop
  endfacet
  facet normal 0 1 0
    outer loop
      vertex 29.0343 31.78 4.50431
      vertex 20.2157 31.78 4.50431
      vertex 20.2629 31.78 4.575
    endloop
  endfacet
  facet normal 0 1 0
    outer loop
      vertex 29.0904 31.78 4.44038
      vertex 20.2157 31.78 4.50431
      vertex 29.0343 31.78 4.50431
    endloop
  endfacet
  facet normal 0 1 0
    outer loop
      vertex 29.0904 31.78 4.44038
      vertex 20.1596 31.78 4.44038
      vertex 20.2157 31.78 4.50431
    endloop
  endfacet
  facet normal 0 1 0
    outer loop
      vertex 29.1543 31.78 4.38432
      vertex 20.1596 31.78 4.44038
      vertex 29.0904 31.78 4.44038
    endloop
  endfacet
  facet normal 0 1 0
    outer loop
      vertex 29.1543 31.78 4.38432
      vertex 20.0957 31.78 4.38432
      vertex 20.1596 31.78 4.44038
    endloop
  endfacet
  facet normal 0 1 0
    outer loop
      vertex 29.225 31.78 4.33708
      vertex 20.0957 31.78 4.38432
      vertex 29.1543 31.78 4.38432
    endloop
  endfacet
  facet normal 0 1 0
    outer loop
      vertex 29.225 31.78 4.33708
      vertex 20.025 31.78 4.33708
      vertex 20.0957 31.78 4.38432
    endloop
  endfacet
  facet normal 0 1 0
    outer loop
      vertex 29.3013 31.78 4.29948
      vertex 20.025 31.78 4.33708
      vertex 29.225 31.78 4.33708
    endloop
  endfacet
  facet normal 0 1 0
    outer loop
      vertex 29.3013 31.78 4.29948
      vertex 19.9487 31.78 4.29948
      vertex 20.025 31.78 4.33708
    endloop
  endfacet
  facet normal 0 1 0
    outer loop
      vertex 29.3818 31.78 4.27215
      vertex 19.9487 31.78 4.29948
      vertex 29.3013 31.78 4.29948
    endloop
  endfacet
  facet normal 0 1 0
    outer loop
      vertex 29.3818 31.78 4.27215
      vertex 19.8682 31.78 4.27215
      vertex 19.9487 31.78 4.29948
    endloop
  endfacet
  facet normal 0 1 0
    outer loop
      vertex 37.4 31.78 0
      vertex 29.3818 31.78 4.27215
      vertex 29.4652 31.78 4.25556
    endloop
  endfacet
  facet normal 0 1 0
    outer loop
      vertex 29.3818 31.78 4.27215
      vertex 37.4 31.78 0
      vertex 19.8682 31.78 4.27215
    endloop
  endfacet
  facet normal 0 1 0
    outer loop
      vertex 37.4 31.78 0
      vertex 29.4652 31.78 4.25556
      vertex 29.55 31.78 4.25
    endloop
  endfacet
  facet normal 0 1 0
    outer loop
      vertex 19.8682 31.78 4.27215
      vertex 37.4 31.78 0
      vertex 19.7848 31.78 4.25556
    endloop
  endfacet
  facet normal 0 1 0
    outer loop
      vertex 29.4652 31.78 8.74444
      vertex 37.4 31.78 15.6
      vertex 29.55 31.78 8.75
    endloop
  endfacet
  facet normal 0 1 0
    outer loop
      vertex 37.4 31.78 15.6
      vertex 29.6348 31.78 8.74444
      vertex 29.55 31.78 8.75
    endloop
  endfacet
  facet normal 0 1 0
    outer loop
      vertex 37.4 31.78 15.6
      vertex 29.7182 31.78 8.72785
      vertex 29.6348 31.78 8.74444
    endloop
  endfacet
  facet normal 0 1 0
    outer loop
      vertex 37.4 31.78 15.6
      vertex 29.7987 31.78 8.70052
      vertex 29.7182 31.78 8.72785
    endloop
  endfacet
  facet normal 0 1 0
    outer loop
      vertex 37.4 31.78 15.6
      vertex 29.875 31.78 8.66292
      vertex 29.7987 31.78 8.70052
    endloop
  endfacet
  facet normal 0 1 0
    outer loop
      vertex 37.4 31.78 15.6
      vertex 29.9457 31.78 8.61568
      vertex 29.875 31.78 8.66292
    endloop
  endfacet
  facet normal 0 1 0
    outer loop
      vertex 37.4 31.78 15.6
      vertex 30.0096 31.78 8.55962
      vertex 29.9457 31.78 8.61568
    endloop
  endfacet
  facet normal 0 1 0
    outer loop
      vertex 37.4 31.78 15.6
      vertex 30.0657 31.78 8.49569
      vertex 30.0096 31.78 8.55962
    endloop
  endfacet
  facet normal 0 1 0
    outer loop
      vertex 37.4 31.78 15.6
      vertex 30.1129 31.78 8.425
      vertex 30.0657 31.78 8.49569
    endloop
  endfacet
  facet normal 0 1 0
    outer loop
      vertex 37.4 31.78 15.6
      vertex 30.1505 31.78 8.34874
      vertex 30.1129 31.78 8.425
    endloop
  endfacet
  facet normal 0 1 0
    outer loop
      vertex 37.4 31.78 15.6
      vertex 30.1779 31.78 8.26823
      vertex 30.1505 31.78 8.34874
    endloop
  endfacet
  facet normal 0 1 0
    outer loop
      vertex 37.4 31.78 15.6
      vertex 30.1944 31.78 8.18484
      vertex 30.1779 31.78 8.26823
    endloop
  endfacet
  facet normal 0 1 0
    outer loop
      vertex 37.4 31.78 15.6
      vertex 30.2 31.78 8.1
      vertex 30.1944 31.78 8.18484
    endloop
  endfacet
  facet normal 0 1 -0
    outer loop
      vertex 37.4 31.78 0
      vertex 30.2 31.78 8.1
      vertex 37.4 31.78 15.6
    endloop
  endfacet
  facet normal 0 1 0
    outer loop
      vertex 30.2 31.78 8.1
      vertex 37.4 31.78 0
      vertex 30.2 31.78 4.9
    endloop
  endfacet
  facet normal 0 1 0
    outer loop
      vertex 30.2 31.78 4.9
      vertex 37.4 31.78 0
      vertex 30.1944 31.78 4.81516
    endloop
  endfacet
  facet normal 0 1 0
    outer loop
      vertex 30.1944 31.78 4.81516
      vertex 37.4 31.78 0
      vertex 30.1779 31.78 4.73177
    endloop
  endfacet
  facet normal 0 1 0
    outer loop
      vertex 30.1779 31.78 4.73177
      vertex 37.4 31.78 0
      vertex 30.1505 31.78 4.65126
    endloop
  endfacet
  facet normal 0 1 0
    outer loop
      vertex 19.7848 31.78 4.25556
      vertex 37.4 31.78 0
      vertex 19.7 31.78 4.25
    endloop
  endfacet
  facet normal 0 1 0
    outer loop
      vertex 2 31.78 0
      vertex 19.7 31.78 4.25
      vertex 37.4 31.78 0
    endloop
  endfacet
  facet normal 0 1 0
    outer loop
      vertex 29.6348 31.78 4.25556
      vertex 37.4 31.78 0
      vertex 29.55 31.78 4.25
    endloop
  endfacet
  facet normal 0 1 0
    outer loop
      vertex 29.7182 31.78 4.27215
      vertex 37.4 31.78 0
      vertex 29.6348 31.78 4.25556
    endloop
  endfacet
  facet normal 0 1 0
    outer loop
      vertex 29.7987 31.78 4.29948
      vertex 37.4 31.78 0
      vertex 29.7182 31.78 4.27215
    endloop
  endfacet
  facet normal 0 1 0
    outer loop
      vertex 29.875 31.78 4.33708
      vertex 37.4 31.78 0
      vertex 29.7987 31.78 4.29948
    endloop
  endfacet
  facet normal 0 1 0
    outer loop
      vertex 29.9457 31.78 4.38432
      vertex 37.4 31.78 0
      vertex 29.875 31.78 4.33708
    endloop
  endfacet
  facet normal 0 1 0
    outer loop
      vertex 30.0096 31.78 4.44038
      vertex 37.4 31.78 0
      vertex 29.9457 31.78 4.38432
    endloop
  endfacet
  facet normal 0 1 0
    outer loop
      vertex 30.0657 31.78 4.50431
      vertex 37.4 31.78 0
      vertex 30.0096 31.78 4.44038
    endloop
  endfacet
  facet normal 0 1 0
    outer loop
      vertex 30.1129 31.78 4.575
      vertex 37.4 31.78 0
      vertex 30.0657 31.78 4.50431
    endloop
  endfacet
  facet normal 0 1 0
    outer loop
      vertex 30.1505 31.78 4.65126
      vertex 37.4 31.78 0
      vertex 30.1129 31.78 4.575
    endloop
  endfacet
  facet normal 0 1 0
    outer loop
      vertex 37.4 31.78 15.6
      vertex 19.7 31.78 8.75
      vertex 2 31.78 15.6
    endloop
  endfacet
  facet normal 0 1 -0
    outer loop
      vertex 19.6152 31.78 8.74444
      vertex 2 31.78 15.6
      vertex 19.7 31.78 8.75
    endloop
  endfacet
  facet normal 0 1 -0
    outer loop
      vertex 9.76516 31.78 8.74444
      vertex 2 31.78 15.6
      vertex 9.85 31.78 8.75
    endloop
  endfacet
  facet normal 0 1 -0
    outer loop
      vertex 9.68177 31.78 8.72785
      vertex 2 31.78 15.6
      vertex 9.76516 31.78 8.74444
    endloop
  endfacet
  facet normal 0 1 -0
    outer loop
      vertex 9.60126 31.78 8.70052
      vertex 2 31.78 15.6
      vertex 9.68177 31.78 8.72785
    endloop
  endfacet
  facet normal 0 1 -0
    outer loop
      vertex 9.525 31.78 8.66292
      vertex 2 31.78 15.6
      vertex 9.60126 31.78 8.70052
    endloop
  endfacet
  facet normal 0 1 -0
    outer loop
      vertex 9.4543 31.78 8.61568
      vertex 2 31.78 15.6
      vertex 9.525 31.78 8.66292
    endloop
  endfacet
  facet normal 0 1 -0
    outer loop
      vertex 9.39038 31.78 8.55962
      vertex 2 31.78 15.6
      vertex 9.4543 31.78 8.61568
    endloop
  endfacet
  facet normal 0 1 -0
    outer loop
      vertex 9.33432 31.78 8.49569
      vertex 2 31.78 15.6
      vertex 9.39038 31.78 8.55962
    endloop
  endfacet
  facet normal 0 1 -0
    outer loop
      vertex 9.28708 31.78 8.425
      vertex 2 31.78 15.6
      vertex 9.33432 31.78 8.49569
    endloop
  endfacet
  facet normal 0 1 -0
    outer loop
      vertex 9.24948 31.78 8.34874
      vertex 2 31.78 15.6
      vertex 9.28708 31.78 8.425
    endloop
  endfacet
  facet normal 0 1 -0
    outer loop
      vertex 9.22215 31.78 8.26823
      vertex 2 31.78 15.6
      vertex 9.24948 31.78 8.34874
    endloop
  endfacet
  facet normal 0 1 -0
    outer loop
      vertex 9.20556 31.78 8.18484
      vertex 2 31.78 15.6
      vertex 9.22215 31.78 8.26823
    endloop
  endfacet
  facet normal 0 1 -0
    outer loop
      vertex 9.2 31.78 8.1
      vertex 2 31.78 15.6
      vertex 9.20556 31.78 8.18484
    endloop
  endfacet
  facet normal 0 1 0
    outer loop
      vertex 2 31.78 0
      vertex 9.2 31.78 8.1
      vertex 9.2 31.78 4.9
    endloop
  endfacet
  facet normal 0 1 0
    outer loop
      vertex 2 31.78 0
      vertex 9.2 31.78 4.9
      vertex 9.20556 31.78 4.81516
    endloop
  endfacet
  facet normal 0 1 0
    outer loop
      vertex 2 31.78 0
      vertex 9.20556 31.78 4.81516
      vertex 9.22215 31.78 4.73177
    endloop
  endfacet
  facet normal 0 1 0
    outer loop
      vertex 2 31.78 0
      vertex 9.22215 31.78 4.73177
      vertex 9.24948 31.78 4.65126
    endloop
  endfacet
  facet normal 0 1 0
    outer loop
      vertex 2 31.78 0
      vertex 9.24948 31.78 4.65126
      vertex 9.28708 31.78 4.575
    endloop
  endfacet
  facet normal 0 1 0
    outer loop
      vertex 9.93484 31.78 4.25556
      vertex 2 31.78 0
      vertex 9.85 31.78 4.25
    endloop
  endfacet
  facet normal 0 1 0
    outer loop
      vertex 9.2 31.78 8.1
      vertex 2 31.78 0
      vertex 2 31.78 15.6
    endloop
  endfacet
  facet normal 0 1 0
    outer loop
      vertex 9.33432 31.78 4.50431
      vertex 2 31.78 0
      vertex 9.28708 31.78 4.575
    endloop
  endfacet
  facet normal 0 1 0
    outer loop
      vertex 9.39038 31.78 4.44038
      vertex 2 31.78 0
      vertex 9.33432 31.78 4.50431
    endloop
  endfacet
  facet normal 0 1 0
    outer loop
      vertex 9.4543 31.78 4.38432
      vertex 2 31.78 0
      vertex 9.39038 31.78 4.44038
    endloop
  endfacet
  facet normal 0 1 0
    outer loop
      vertex 9.525 31.78 4.33708
      vertex 2 31.78 0
      vertex 9.4543 31.78 4.38432
    endloop
  endfacet
  facet normal 0 1 0
    outer loop
      vertex 9.60126 31.78 4.29948
      vertex 2 31.78 0
      vertex 9.525 31.78 4.33708
    endloop
  endfacet
  facet normal 0 1 0
    outer loop
      vertex 9.68177 31.78 4.27215
      vertex 2 31.78 0
      vertex 9.60126 31.78 4.29948
    endloop
  endfacet
  facet normal 0 1 0
    outer loop
      vertex 9.76516 31.78 4.25556
      vertex 2 31.78 0
      vertex 9.68177 31.78 4.27215
    endloop
  endfacet
  facet normal 0 1 0
    outer loop
      vertex 9.85 31.78 4.25
      vertex 2 31.78 0
      vertex 9.76516 31.78 4.25556
    endloop
  endfacet
  facet normal 0.980801 0.195013 0
    outer loop
      vertex 39.3829 30.0411 15.6
      vertex 39.3319 30.2976 5
      vertex 39.3319 30.2976 15.6
    endloop
  endfacet
  facet normal 0.980801 0.195013 0
    outer loop
      vertex 39.3319 30.2976 5
      vertex 39.3829 30.0411 15.6
      vertex 39.3829 30.0411 5
    endloop
  endfacet
  facet normal 0.997862 0.0653521 0
    outer loop
      vertex 39.4 29.78 15.6
      vertex 39.3829 30.0411 5
      vertex 39.3829 30.0411 15.6
    endloop
  endfacet
  facet normal 0.997862 0.0653521 0
    outer loop
      vertex 39.3829 30.0411 5
      vertex 39.4 29.78 15.6
      vertex 39.4 29.78 5
    endloop
  endfacet
  facet normal 0.997861 -0.0653646 0
    outer loop
      vertex 39.3829 1.73895 15.6
      vertex 39.4 2 5
      vertex 39.4 2 15.6
    endloop
  endfacet
  facet normal 0.997861 -0.0653646 0
    outer loop
      vertex 39.4 2 5
      vertex 39.3829 1.73895 15.6
      vertex 39.3829 1.73895 5
    endloop
  endfacet
  facet normal -0.831443 0.55561 0
    outer loop
      vertex 0.267949 30.78 5
      vertex 0.413293 30.9975 15.6
      vertex 0.413293 30.9975 5
    endloop
  endfacet
  facet normal -0.831443 0.55561 0
    outer loop
      vertex 0.413293 30.9975 15.6
      vertex 0.267949 30.78 5
      vertex 0.267949 30.78 15.6
    endloop
  endfacet
  facet normal -0.896848 0.442338 0
    outer loop
      vertex 0.152241 30.5454 5
      vertex 0.267949 30.78 15.6
      vertex 0.267949 30.78 5
    endloop
  endfacet
  facet normal -0.896848 0.442338 0
    outer loop
      vertex 0.267949 30.78 15.6
      vertex 0.152241 30.5454 5
      vertex 0.152241 30.5454 15.6
    endloop
  endfacet
  facet normal -0.946957 0.321359 0
    outer loop
      vertex 0.0681477 30.2976 5
      vertex 0.152241 30.5454 15.6
      vertex 0.152241 30.5454 5
    endloop
  endfacet
  facet normal -0.946957 0.321359 0
    outer loop
      vertex 0.152241 30.5454 15.6
      vertex 0.0681477 30.2976 5
      vertex 0.0681477 30.2976 15.6
    endloop
  endfacet
  facet normal 0.321382 0.94695 -0
    outer loop
      vertex 38.1654 31.6278 5
      vertex 37.9176 31.7119 15.6
      vertex 38.1654 31.6278 15.6
    endloop
  endfacet
  facet normal 0.321382 0.94695 0
    outer loop
      vertex 37.9176 31.7119 15.6
      vertex 38.1654 31.6278 5
      vertex 37.9176 31.7119 5
    endloop
  endfacet
  facet normal 0.442314 0.89686 -0
    outer loop
      vertex 38.4 31.5121 5
      vertex 38.1654 31.6278 15.6
      vertex 38.4 31.5121 15.6
    endloop
  endfacet
  facet normal 0.442314 0.89686 0
    outer loop
      vertex 38.1654 31.6278 15.6
      vertex 38.4 31.5121 5
      vertex 38.1654 31.6278 5
    endloop
  endfacet
  facet normal -0.194947 0.980814 -5.67965e-07
    outer loop
      vertex 1.73895 31.7629 15.6
      vertex 1.5 31.7154 5
      vertex 1.48236 31.7119 15.6
    endloop
  endfacet
  facet normal -0.194971 0.980809 0
    outer loop
      vertex 1.73895 31.7629 0
      vertex 1.5 31.7154 5
      vertex 1.73895 31.7629 15.6
    endloop
  endfacet
  facet normal -0.194971 0.980809 0
    outer loop
      vertex 1.5 31.7154 5
      vertex 1.73895 31.7629 0
      vertex 1.5 31.7154 0
    endloop
  endfacet
  facet normal -0.194619 0.980879 0
    outer loop
      vertex 1.48236 31.7119 15.6
      vertex 1.5 31.7154 5
      vertex 1.48236 31.7119 5
    endloop
  endfacet
  facet normal -0.555716 0.831372 0
    outer loop
      vertex 1 31.5121 5
      vertex 0.782476 31.3667 15.6
      vertex 1 31.5121 15.6
    endloop
  endfacet
  facet normal -0.555716 0.831372 0
    outer loop
      vertex 0.782476 31.3667 15.6
      vertex 1 31.5121 5
      vertex 0.782476 31.3667 5
    endloop
  endfacet
  facet normal 0.946922 -0.321463 0
    outer loop
      vertex 39.2478 1.23463 15.6
      vertex 39.3319 1.48236 5
      vertex 39.3319 1.48236 15.6
    endloop
  endfacet
  facet normal 0.946922 -0.321463 0
    outer loop
      vertex 39.3319 1.48236 5
      vertex 39.2478 1.23463 15.6
      vertex 39.2478 1.23463 5
    endloop
  endfacet
  facet normal -0.195068 -0.98079 0
    outer loop
      vertex 1.5 0.0646393 5
      vertex 1.48236 0.0681477 15.6
      vertex 1.48236 0.0681477 5
    endloop
  endfacet
  facet normal -0.195086 -0.980786 -3.1169e-08
    outer loop
      vertex 1.48236 0.0681477 15.6
      vertex 1.5 0.0646393 5
      vertex 1.73895 0.0171099 15.6
    endloop
  endfacet
  facet normal -0.195088 -0.980786 0
    outer loop
      vertex 1.73895 0.0171099 0
      vertex 1.5 0.0646393 5
      vertex 1.5 0.0646393 0
    endloop
  endfacet
  facet normal -0.195088 -0.980786 0
    outer loop
      vertex 1.5 0.0646393 5
      vertex 1.73895 0.0171099 0
      vertex 1.73895 0.0171099 15.6
    endloop
  endfacet
  facet normal -0.896871 -0.442293 0
    outer loop
      vertex 0.267949 1 5
      vertex 0.152241 1.23463 15.6
      vertex 0.152241 1.23463 5
    endloop
  endfacet
  facet normal -0.896871 -0.442293 0
    outer loop
      vertex 0.152241 1.23463 15.6
      vertex 0.267949 1 5
      vertex 0.267949 1 15.6
    endloop
  endfacet
  facet normal -0.751855 0.659328 0
    outer loop
      vertex 0.413293 30.9975 5
      vertex 0.585786 31.1942 15.6
      vertex 0.585786 31.1942 5
    endloop
  endfacet
  facet normal -0.751855 0.659328 0
    outer loop
      vertex 0.585786 31.1942 15.6
      vertex 0.413293 30.9975 5
      vertex 0.413293 30.9975 15.6
    endloop
  endfacet
  facet normal -0.659362 0.751826 0
    outer loop
      vertex 0.782476 31.3667 5
      vertex 0.585786 31.1942 15.6
      vertex 0.782476 31.3667 15.6
    endloop
  endfacet
  facet normal -0.659362 0.751826 0
    outer loop
      vertex 0.585786 31.1942 15.6
      vertex 0.782476 31.3667 5
      vertex 0.585786 31.1942 5
    endloop
  endfacet
  facet normal -0.99786 0.0653898 0
    outer loop
      vertex 0 29.78 5
      vertex 0.0171099 30.0411 15.6
      vertex 0.0171099 30.0411 5
    endloop
  endfacet
  facet normal -0.99786 0.0653898 0
    outer loop
      vertex 0.0171099 30.0411 15.6
      vertex 0 29.78 5
      vertex 0 29.78 15.6
    endloop
  endfacet
  facet normal -0.980773 0.195152 0
    outer loop
      vertex 0.0171099 30.0411 5
      vertex 0.0681477 30.2976 15.6
      vertex 0.0681477 30.2976 5
    endloop
  endfacet
  facet normal -0.980773 0.195152 0
    outer loop
      vertex 0.0681477 30.2976 15.6
      vertex 0.0171099 30.0411 5
      vertex 0.0171099 30.0411 15.6
    endloop
  endfacet
  facet normal 0.195044 0.980794 0
    outer loop
      vertex 37.9 31.7154 5
      vertex 37.9176 31.7119 15.6
      vertex 37.9176 31.7119 5
    endloop
  endfacet
  facet normal 0.195013 0.980801 5.41102e-08
    outer loop
      vertex 37.9176 31.7119 15.6
      vertex 37.9 31.7154 5
      vertex 37.6611 31.7629 15.6
    endloop
  endfacet
  facet normal 0.195011 0.980801 0
    outer loop
      vertex 37.6611 31.7629 0
      vertex 37.9 31.7154 5
      vertex 37.9 31.7154 0
    endloop
  endfacet
  facet normal 0.195011 0.980801 0
    outer loop
      vertex 37.9 31.7154 5
      vertex 37.6611 31.7629 0
      vertex 37.6611 31.7629 15.6
    endloop
  endfacet
  facet normal 0.555758 0.831344 -0
    outer loop
      vertex 38.6175 31.3667 5
      vertex 38.4 31.5121 15.6
      vertex 38.6175 31.3667 15.6
    endloop
  endfacet
  facet normal 0.555758 0.831344 0
    outer loop
      vertex 38.4 31.5121 15.6
      vertex 38.6175 31.3667 5
      vertex 38.4 31.5121 5
    endloop
  endfacet
  facet normal 0.659343 0.751842 -0
    outer loop
      vertex 38.8142 31.1942 5
      vertex 38.6175 31.3667 15.6
      vertex 38.8142 31.1942 15.6
    endloop
  endfacet
  facet normal 0.659343 0.751842 0
    outer loop
      vertex 38.6175 31.3667 15.6
      vertex 38.8142 31.1942 5
      vertex 38.6175 31.3667 5
    endloop
  endfacet
  facet normal 0.896709 0.442621 0
    outer loop
      vertex 39.2478 30.5454 15.6
      vertex 39.132 30.78 5
      vertex 39.132 30.78 15.6
    endloop
  endfacet
  facet normal 0.896709 0.442621 0
    outer loop
      vertex 39.132 30.78 5
      vertex 39.2478 30.5454 15.6
      vertex 39.2478 30.5454 5
    endloop
  endfacet
  facet normal 0.94695 0.321382 0
    outer loop
      vertex 39.3319 30.2976 15.6
      vertex 39.2478 30.5454 5
      vertex 39.2478 30.5454 15.6
    endloop
  endfacet
  facet normal 0.94695 0.321382 0
    outer loop
      vertex 39.2478 30.5454 5
      vertex 39.3319 30.2976 15.6
      vertex 39.3319 30.2976 5
    endloop
  endfacet
  facet normal -0.0653646 0.997861 0
    outer loop
      vertex 2 31.78 0
      vertex 1.73895 31.7629 15.6
      vertex 2 31.78 15.6
    endloop
  endfacet
  facet normal -0.0653646 0.997861 0
    outer loop
      vertex 1.73895 31.7629 15.6
      vertex 2 31.78 0
      vertex 1.73895 31.7629 0
    endloop
  endfacet
  facet normal -0.321463 0.946922 0
    outer loop
      vertex 1.48236 31.7119 5
      vertex 1.23463 31.6278 15.6
      vertex 1.48236 31.7119 15.6
    endloop
  endfacet
  facet normal -0.321463 0.946922 0
    outer loop
      vertex 1.23463 31.6278 15.6
      vertex 1.48236 31.7119 5
      vertex 1.23463 31.6278 5
    endloop
  endfacet
  facet normal -0.442268 0.896883 0
    outer loop
      vertex 1.23463 31.6278 5
      vertex 1 31.5121 15.6
      vertex 1.23463 31.6278 15.6
    endloop
  endfacet
  facet normal -0.442268 0.896883 0
    outer loop
      vertex 1 31.5121 15.6
      vertex 1.23463 31.6278 5
      vertex 1 31.5121 5
    endloop
  endfacet
  facet normal 0.980814 -0.194947 0
    outer loop
      vertex 39.3319 1.48236 15.6
      vertex 39.3829 1.73895 5
      vertex 39.3829 1.73895 15.6
    endloop
  endfacet
  facet normal 0.980814 -0.194947 0
    outer loop
      vertex 39.3829 1.73895 5
      vertex 39.3319 1.48236 15.6
      vertex 39.3319 1.48236 5
    endloop
  endfacet
  facet normal 0.751826 -0.659362 0
    outer loop
      vertex 38.8142 0.585786 15.6
      vertex 38.9867 0.782476 5
      vertex 38.9867 0.782476 15.6
    endloop
  endfacet
  facet normal 0.751826 -0.659362 0
    outer loop
      vertex 38.9867 0.782476 5
      vertex 38.8142 0.585786 15.6
      vertex 38.8142 0.585786 5
    endloop
  endfacet
  facet normal 0.831549 -0.555452 0
    outer loop
      vertex 38.9867 0.782476 15.6
      vertex 39.132 1 5
      vertex 39.132 1 15.6
    endloop
  endfacet
  facet normal 0.831549 -0.555452 0
    outer loop
      vertex 39.132 1 5
      vertex 38.9867 0.782476 15.6
      vertex 38.9867 0.782476 5
    endloop
  endfacet
  facet normal 0.896731 -0.442575 0
    outer loop
      vertex 39.132 1 15.6
      vertex 39.2478 1.23463 5
      vertex 39.2478 1.23463 15.6
    endloop
  endfacet
  facet normal 0.896731 -0.442575 0
    outer loop
      vertex 39.2478 1.23463 5
      vertex 39.132 1 15.6
      vertex 39.132 1 5
    endloop
  endfacet
  facet normal 0.321359 -0.946957 0
    outer loop
      vertex 37.9176 0.0681477 5
      vertex 38.1654 0.152241 15.6
      vertex 37.9176 0.0681477 15.6
    endloop
  endfacet
  facet normal 0.321359 -0.946957 0
    outer loop
      vertex 38.1654 0.152241 15.6
      vertex 37.9176 0.0681477 5
      vertex 38.1654 0.152241 5
    endloop
  endfacet
  facet normal 0.195152 -0.980773 6.00595e-07
    outer loop
      vertex 37.6611 0.0171099 15.6
      vertex 37.9 0.0646392 5
      vertex 37.9176 0.0681477 15.6
    endloop
  endfacet
  facet normal 0.195126 -0.980778 0
    outer loop
      vertex 37.6611 0.0171099 0
      vertex 37.9 0.0646392 5
      vertex 37.6611 0.0171099 15.6
    endloop
  endfacet
  facet normal 0.195126 -0.980778 0
    outer loop
      vertex 37.9 0.0646392 5
      vertex 37.6611 0.0171099 0
      vertex 37.9 0.0646392 0
    endloop
  endfacet
  facet normal 0.1955 -0.980704 0
    outer loop
      vertex 37.9176 0.0681477 15.6
      vertex 37.9 0.0646392 5
      vertex 37.9176 0.0681477 5
    endloop
  endfacet
  facet normal 0.659328 -0.751855 0
    outer loop
      vertex 38.6175 0.413293 5
      vertex 38.8142 0.585786 15.6
      vertex 38.6175 0.413293 15.6
    endloop
  endfacet
  facet normal 0.659328 -0.751855 0
    outer loop
      vertex 38.8142 0.585786 15.6
      vertex 38.6175 0.413293 5
      vertex 38.8142 0.585786 5
    endloop
  endfacet
  facet normal -0.0654023 -0.997859 0
    outer loop
      vertex 1.73895 0.0171099 0
      vertex 2 0 15.6
      vertex 1.73895 0.0171099 15.6
    endloop
  endfacet
  facet normal -0.0654023 -0.997859 -0
    outer loop
      vertex 2 0 15.6
      vertex 1.73895 0.0171099 0
      vertex 2 0 0
    endloop
  endfacet
  facet normal 0.0653521 0.997862 -0
    outer loop
      vertex 37.6611 31.7629 0
      vertex 37.4 31.78 15.6
      vertex 37.6611 31.7629 15.6
    endloop
  endfacet
  facet normal 0.0653521 0.997862 0
    outer loop
      vertex 37.4 31.78 15.6
      vertex 37.6611 31.7629 0
      vertex 37.4 31.78 0
    endloop
  endfacet
  facet normal 0.751842 0.659343 0
    outer loop
      vertex 38.9867 30.9975 15.6
      vertex 38.8142 31.1942 5
      vertex 38.8142 31.1942 15.6
    endloop
  endfacet
  facet normal 0.751842 0.659343 0
    outer loop
      vertex 38.8142 31.1942 5
      vertex 38.9867 30.9975 15.6
      vertex 38.9867 30.9975 5
    endloop
  endfacet
  facet normal 0.831521 0.555494 0
    outer loop
      vertex 39.132 30.78 15.6
      vertex 38.9867 30.9975 5
      vertex 38.9867 30.9975 15.6
    endloop
  endfacet
  facet normal 0.831521 0.555494 0
    outer loop
      vertex 38.9867 30.9975 5
      vertex 39.132 30.78 15.6
      vertex 39.132 30.78 5
    endloop
  endfacet
  facet normal 0.55561 -0.831443 0
    outer loop
      vertex 38.4 0.267949 5
      vertex 38.6175 0.413293 15.6
      vertex 38.4 0.267949 15.6
    endloop
  endfacet
  facet normal 0.55561 -0.831443 0
    outer loop
      vertex 38.6175 0.413293 15.6
      vertex 38.4 0.267949 5
      vertex 38.6175 0.413293 5
    endloop
  endfacet
  facet normal 0.442338 -0.896848 0
    outer loop
      vertex 38.1654 0.152241 5
      vertex 38.4 0.267949 15.6
      vertex 38.1654 0.152241 15.6
    endloop
  endfacet
  facet normal 0.442338 -0.896848 0
    outer loop
      vertex 38.4 0.267949 15.6
      vertex 38.1654 0.152241 5
      vertex 38.4 0.267949 5
    endloop
  endfacet
  facet normal -0.659347 -0.751839 0
    outer loop
      vertex 0.585786 0.585786 5
      vertex 0.782476 0.413293 15.6
      vertex 0.585786 0.585786 15.6
    endloop
  endfacet
  facet normal -0.659347 -0.751839 -0
    outer loop
      vertex 0.782476 0.413293 15.6
      vertex 0.585786 0.585786 5
      vertex 0.782476 0.413293 5
    endloop
  endfacet
  facet normal -0.555568 -0.831471 0
    outer loop
      vertex 0.782476 0.413293 5
      vertex 1 0.267949 15.6
      vertex 0.782476 0.413293 15.6
    endloop
  endfacet
  facet normal -0.555568 -0.831471 -0
    outer loop
      vertex 1 0.267949 15.6
      vertex 0.782476 0.413293 5
      vertex 1 0.267949 5
    endloop
  endfacet
  facet normal -0.442293 -0.896871 0
    outer loop
      vertex 1 0.267949 5
      vertex 1.23463 0.152241 15.6
      vertex 1 0.267949 15.6
    endloop
  endfacet
  facet normal -0.442293 -0.896871 -0
    outer loop
      vertex 1.23463 0.152241 15.6
      vertex 1 0.267949 5
      vertex 1.23463 0.152241 5
    endloop
  endfacet
  facet normal -0.831471 -0.555568 0
    outer loop
      vertex 0.413293 0.782476 5
      vertex 0.267949 1 15.6
      vertex 0.267949 1 5
    endloop
  endfacet
  facet normal -0.831471 -0.555568 0
    outer loop
      vertex 0.267949 1 15.6
      vertex 0.413293 0.782476 5
      vertex 0.413293 0.782476 15.6
    endloop
  endfacet
  facet normal -0.555572 -0.831469 0
    outer loop
      vertex -4.15 6.47224 0
      vertex -3.96511 6.3487 3.2
      vertex -4.15 6.47224 3.2
    endloop
  endfacet
  facet normal -0.555572 -0.831469 -0
    outer loop
      vertex -3.96511 6.3487 3.2
      vertex -4.15 6.47224 0
      vertex -3.96511 6.3487 0
    endloop
  endfacet
  facet normal 0.321444 0.946929 -0
    outer loop
      vertex -5.43999 3.35793 0
      vertex -5.65056 3.42941 3.2
      vertex -5.43999 3.35793 3.2
    endloop
  endfacet
  facet normal 0.321444 0.946929 0
    outer loop
      vertex -5.65056 3.42941 3.2
      vertex -5.43999 3.35793 0
      vertex -5.65056 3.42941 0
    endloop
  endfacet
  facet normal 0.321444 -0.946929 0
    outer loop
      vertex -5.65056 6.57059 0
      vertex -5.43999 6.64207 3.2
      vertex -5.65056 6.57059 3.2
    endloop
  endfacet
  facet normal 0.321444 -0.946929 0
    outer loop
      vertex -5.43999 6.64207 3.2
      vertex -5.65056 6.57059 0
      vertex -5.43999 6.64207 0
    endloop
  endfacet
  facet normal 0.896878 -0.442278 0
    outer loop
      vertex -6.57059 5.65056 3.2
      vertex -6.47224 5.85 0
      vertex -6.47224 5.85 3.2
    endloop
  endfacet
  facet normal 0.896878 -0.442278 0
    outer loop
      vertex -6.47224 5.85 0
      vertex -6.57059 5.65056 3.2
      vertex -6.57059 5.65056 0
    endloop
  endfacet
  facet normal -0.896878 -0.442278 0
    outer loop
      vertex -3.42941 5.65056 0
      vertex -3.52776 5.85 3.2
      vertex -3.52776 5.85 0
    endloop
  endfacet
  facet normal -0.896878 -0.442278 0
    outer loop
      vertex -3.52776 5.85 3.2
      vertex -3.42941 5.65056 0
      vertex -3.42941 5.65056 3.2
    endloop
  endfacet
  facet normal -0.980779 -0.195122 0
    outer loop
      vertex -3.31454 5.22189 0
      vertex -3.35793 5.43999 3.2
      vertex -3.35793 5.43999 0
    endloop
  endfacet
  facet normal -0.980779 -0.195122 0
    outer loop
      vertex -3.35793 5.43999 3.2
      vertex -3.31454 5.22189 0
      vertex -3.31454 5.22189 3.2
    endloop
  endfacet
  facet normal -0.831469 -0.555572 0
    outer loop
      vertex -3.52776 5.85 0
      vertex -3.6513 6.03489 3.2
      vertex -3.6513 6.03489 0
    endloop
  endfacet
  facet normal -0.831469 -0.555572 0
    outer loop
      vertex -3.6513 6.03489 3.2
      vertex -3.52776 5.85 0
      vertex -3.52776 5.85 3.2
    endloop
  endfacet
  facet normal -0.321444 -0.946929 0
    outer loop
      vertex -4.56001 6.64207 0
      vertex -4.34944 6.57059 3.2
      vertex -4.56001 6.64207 3.2
    endloop
  endfacet
  facet normal -0.321444 -0.946929 -0
    outer loop
      vertex -4.34944 6.57059 3.2
      vertex -4.56001 6.64207 0
      vertex -4.34944 6.57059 0
    endloop
  endfacet
  facet normal -0.0653877 -0.99786 0
    outer loop
      vertex -5 6.7 0
      vertex -4.77811 6.68546 3.2
      vertex -5 6.7 3.2
    endloop
  endfacet
  facet normal -0.0653877 -0.99786 -0
    outer loop
      vertex -4.77811 6.68546 3.2
      vertex -5 6.7 0
      vertex -4.77811 6.68546 0
    endloop
  endfacet
  facet normal -0.195122 -0.980779 0
    outer loop
      vertex -4.77811 6.68546 0
      vertex -4.56001 6.64207 3.2
      vertex -4.77811 6.68546 3.2
    endloop
  endfacet
  facet normal -0.195122 -0.980779 -0
    outer loop
      vertex -4.56001 6.64207 3.2
      vertex -4.77811 6.68546 0
      vertex -4.56001 6.64207 0
    endloop
  endfacet
  facet normal 0.980779 -0.195122 0
    outer loop
      vertex -6.68546 5.22189 3.2
      vertex -6.64207 5.43999 0
      vertex -6.64207 5.43999 3.2
    endloop
  endfacet
  facet normal 0.980779 -0.195122 0
    outer loop
      vertex -6.64207 5.43999 0
      vertex -6.68546 5.22189 3.2
      vertex -6.68546 5.22189 0
    endloop
  endfacet
  facet normal 0.751844 -0.659342 0
    outer loop
      vertex -6.3487 6.03489 3.2
      vertex -6.20208 6.20208 0
      vertex -6.20208 6.20208 3.2
    endloop
  endfacet
  facet normal 0.751844 -0.659342 0
    outer loop
      vertex -6.20208 6.20208 0
      vertex -6.3487 6.03489 3.2
      vertex -6.3487 6.03489 0
    endloop
  endfacet
  facet normal 0.195122 -0.980779 0
    outer loop
      vertex -5.43999 6.64207 0
      vertex -5.22189 6.68546 3.2
      vertex -5.43999 6.64207 3.2
    endloop
  endfacet
  facet normal 0.195122 -0.980779 0
    outer loop
      vertex -5.22189 6.68546 3.2
      vertex -5.43999 6.64207 0
      vertex -5.22189 6.68546 0
    endloop
  endfacet
  facet normal 0.659342 -0.751844 0
    outer loop
      vertex -6.20208 6.20208 0
      vertex -6.03489 6.3487 3.2
      vertex -6.20208 6.20208 3.2
    endloop
  endfacet
  facet normal 0.659342 -0.751844 0
    outer loop
      vertex -6.03489 6.3487 3.2
      vertex -6.20208 6.20208 0
      vertex -6.03489 6.3487 0
    endloop
  endfacet
  facet normal -0.99786 -0.0653877 0
    outer loop
      vertex -3.3 5 0
      vertex -3.31454 5.22189 3.2
      vertex -3.31454 5.22189 0
    endloop
  endfacet
  facet normal -0.99786 -0.0653877 0
    outer loop
      vertex -3.31454 5.22189 3.2
      vertex -3.3 5 0
      vertex -3.3 5 3.2
    endloop
  endfacet
  facet normal -0.321444 0.946929 0
    outer loop
      vertex -4.34944 3.42941 0
      vertex -4.56001 3.35793 3.2
      vertex -4.34944 3.42941 3.2
    endloop
  endfacet
  facet normal -0.321444 0.946929 0
    outer loop
      vertex -4.56001 3.35793 3.2
      vertex -4.34944 3.42941 0
      vertex -4.56001 3.35793 0
    endloop
  endfacet
  facet normal -0.831469 0.555572 0
    outer loop
      vertex -3.6513 3.96511 0
      vertex -3.52776 4.15 3.2
      vertex -3.52776 4.15 0
    endloop
  endfacet
  facet normal -0.831469 0.555572 0
    outer loop
      vertex -3.52776 4.15 3.2
      vertex -3.6513 3.96511 0
      vertex -3.6513 3.96511 3.2
    endloop
  endfacet
  facet normal 0.195122 0.980779 -0
    outer loop
      vertex -5.22189 3.31454 0
      vertex -5.43999 3.35793 3.2
      vertex -5.22189 3.31454 3.2
    endloop
  endfacet
  facet normal 0.195122 0.980779 0
    outer loop
      vertex -5.43999 3.35793 3.2
      vertex -5.22189 3.31454 0
      vertex -5.43999 3.35793 0
    endloop
  endfacet
  facet normal 0.659342 0.751844 -0
    outer loop
      vertex -6.03489 3.6513 0
      vertex -6.20208 3.79792 3.2
      vertex -6.03489 3.6513 3.2
    endloop
  endfacet
  facet normal 0.659342 0.751844 0
    outer loop
      vertex -6.20208 3.79792 3.2
      vertex -6.03489 3.6513 0
      vertex -6.20208 3.79792 0
    endloop
  endfacet
  facet normal 0.751844 0.659342 0
    outer loop
      vertex -6.20208 3.79792 3.2
      vertex -6.3487 3.96511 0
      vertex -6.3487 3.96511 3.2
    endloop
  endfacet
  facet normal 0.751844 0.659342 0
    outer loop
      vertex -6.3487 3.96511 0
      vertex -6.20208 3.79792 3.2
      vertex -6.20208 3.79792 0
    endloop
  endfacet
  facet normal -0.946929 -0.321444 0
    outer loop
      vertex -3.35793 5.43999 0
      vertex -3.42941 5.65056 3.2
      vertex -3.42941 5.65056 0
    endloop
  endfacet
  facet normal -0.946929 -0.321444 0
    outer loop
      vertex -3.42941 5.65056 3.2
      vertex -3.35793 5.43999 0
      vertex -3.35793 5.43999 3.2
    endloop
  endfacet
  facet normal -0.751844 -0.659342 0
    outer loop
      vertex -3.6513 6.03489 0
      vertex -3.79792 6.20208 3.2
      vertex -3.79792 6.20208 0
    endloop
  endfacet
  facet normal -0.751844 -0.659342 0
    outer loop
      vertex -3.79792 6.20208 3.2
      vertex -3.6513 6.03489 0
      vertex -3.6513 6.03489 3.2
    endloop
  endfacet
  facet normal -0.659342 -0.751844 0
    outer loop
      vertex -3.96511 6.3487 0
      vertex -3.79792 6.20208 3.2
      vertex -3.96511 6.3487 3.2
    endloop
  endfacet
  facet normal -0.659342 -0.751844 -0
    outer loop
      vertex -3.79792 6.20208 3.2
      vertex -3.96511 6.3487 0
      vertex -3.79792 6.20208 0
    endloop
  endfacet
  facet normal -0.442278 -0.896878 0
    outer loop
      vertex -4.34944 6.57059 0
      vertex -4.15 6.47224 3.2
      vertex -4.34944 6.57059 3.2
    endloop
  endfacet
  facet normal -0.442278 -0.896878 -0
    outer loop
      vertex -4.15 6.47224 3.2
      vertex -4.34944 6.57059 0
      vertex -4.15 6.47224 0
    endloop
  endfacet
  facet normal 0.99786 -0.0653877 0
    outer loop
      vertex -6.7 5 3.2
      vertex -6.68546 5.22189 0
      vertex -6.68546 5.22189 3.2
    endloop
  endfacet
  facet normal 0.99786 -0.0653877 0
    outer loop
      vertex -6.68546 5.22189 0
      vertex -6.7 5 3.2
      vertex -6.7 5 0
    endloop
  endfacet
  facet normal 0.946929 -0.321444 0
    outer loop
      vertex -6.64207 5.43999 3.2
      vertex -6.57059 5.65056 0
      vertex -6.57059 5.65056 3.2
    endloop
  endfacet
  facet normal 0.946929 -0.321444 0
    outer loop
      vertex -6.57059 5.65056 0
      vertex -6.64207 5.43999 3.2
      vertex -6.64207 5.43999 0
    endloop
  endfacet
  facet normal 0.831469 -0.555572 0
    outer loop
      vertex -6.47224 5.85 3.2
      vertex -6.3487 6.03489 0
      vertex -6.3487 6.03489 3.2
    endloop
  endfacet
  facet normal 0.831469 -0.555572 0
    outer loop
      vertex -6.3487 6.03489 0
      vertex -6.47224 5.85 3.2
      vertex -6.47224 5.85 0
    endloop
  endfacet
  facet normal 0.0653877 -0.99786 0
    outer loop
      vertex -5.22189 6.68546 0
      vertex -5 6.7 3.2
      vertex -5.22189 6.68546 3.2
    endloop
  endfacet
  facet normal 0.0653877 -0.99786 0
    outer loop
      vertex -5 6.7 3.2
      vertex -5.22189 6.68546 0
      vertex -5 6.7 0
    endloop
  endfacet
  facet normal 0.555572 -0.831469 0
    outer loop
      vertex -6.03489 6.3487 0
      vertex -5.85 6.47224 3.2
      vertex -6.03489 6.3487 3.2
    endloop
  endfacet
  facet normal 0.555572 -0.831469 0
    outer loop
      vertex -5.85 6.47224 3.2
      vertex -6.03489 6.3487 0
      vertex -5.85 6.47224 0
    endloop
  endfacet
  facet normal 0.442278 -0.896878 0
    outer loop
      vertex -5.85 6.47224 0
      vertex -5.65056 6.57059 3.2
      vertex -5.85 6.47224 3.2
    endloop
  endfacet
  facet normal 0.442278 -0.896878 0
    outer loop
      vertex -5.65056 6.57059 3.2
      vertex -5.85 6.47224 0
      vertex -5.65056 6.57059 0
    endloop
  endfacet
  facet normal -0.980779 0.195122 0
    outer loop
      vertex -3.35793 4.56001 0
      vertex -3.31454 4.77811 3.2
      vertex -3.31454 4.77811 0
    endloop
  endfacet
  facet normal -0.980779 0.195122 0
    outer loop
      vertex -3.31454 4.77811 3.2
      vertex -3.35793 4.56001 0
      vertex -3.35793 4.56001 3.2
    endloop
  endfacet
  facet normal -0.0653877 0.99786 0
    outer loop
      vertex -4.77811 3.31454 0
      vertex -5 3.3 3.2
      vertex -4.77811 3.31454 3.2
    endloop
  endfacet
  facet normal -0.0653877 0.99786 0
    outer loop
      vertex -5 3.3 3.2
      vertex -4.77811 3.31454 0
      vertex -5 3.3 0
    endloop
  endfacet
  facet normal -0.659342 0.751844 0
    outer loop
      vertex -3.79792 3.79792 0
      vertex -3.96511 3.6513 3.2
      vertex -3.79792 3.79792 3.2
    endloop
  endfacet
  facet normal -0.659342 0.751844 0
    outer loop
      vertex -3.96511 3.6513 3.2
      vertex -3.79792 3.79792 0
      vertex -3.96511 3.6513 0
    endloop
  endfacet
  facet normal -0.442278 0.896878 0
    outer loop
      vertex -4.15 3.52776 0
      vertex -4.34944 3.42941 3.2
      vertex -4.15 3.52776 3.2
    endloop
  endfacet
  facet normal -0.442278 0.896878 0
    outer loop
      vertex -4.34944 3.42941 3.2
      vertex -4.15 3.52776 0
      vertex -4.34944 3.42941 0
    endloop
  endfacet
  facet normal -0.946929 0.321444 0
    outer loop
      vertex -3.42941 4.34944 0
      vertex -3.35793 4.56001 3.2
      vertex -3.35793 4.56001 0
    endloop
  endfacet
  facet normal -0.946929 0.321444 0
    outer loop
      vertex -3.35793 4.56001 3.2
      vertex -3.42941 4.34944 0
      vertex -3.42941 4.34944 3.2
    endloop
  endfacet
  facet normal 0.0653877 0.99786 -0
    outer loop
      vertex -5 3.3 0
      vertex -5.22189 3.31454 3.2
      vertex -5 3.3 3.2
    endloop
  endfacet
  facet normal 0.0653877 0.99786 0
    outer loop
      vertex -5.22189 3.31454 3.2
      vertex -5 3.3 0
      vertex -5.22189 3.31454 0
    endloop
  endfacet
  facet normal 0.555572 0.831469 -0
    outer loop
      vertex -5.85 3.52776 0
      vertex -6.03489 3.6513 3.2
      vertex -5.85 3.52776 3.2
    endloop
  endfacet
  facet normal 0.555572 0.831469 0
    outer loop
      vertex -6.03489 3.6513 3.2
      vertex -5.85 3.52776 0
      vertex -6.03489 3.6513 0
    endloop
  endfacet
  facet normal 0.946929 0.321444 0
    outer loop
      vertex -6.57059 4.34944 3.2
      vertex -6.64207 4.56001 0
      vertex -6.64207 4.56001 3.2
    endloop
  endfacet
  facet normal 0.946929 0.321444 0
    outer loop
      vertex -6.64207 4.56001 0
      vertex -6.57059 4.34944 3.2
      vertex -6.57059 4.34944 0
    endloop
  endfacet
  facet normal 0.99786 0.0653877 0
    outer loop
      vertex -6.68546 4.77811 3.2
      vertex -6.7 5 0
      vertex -6.7 5 3.2
    endloop
  endfacet
  facet normal 0.99786 0.0653877 0
    outer loop
      vertex -6.7 5 0
      vertex -6.68546 4.77811 3.2
      vertex -6.68546 4.77811 0
    endloop
  endfacet
  facet normal 0.896878 0.442278 0
    outer loop
      vertex -6.47224 4.15 3.2
      vertex -6.57059 4.34944 0
      vertex -6.57059 4.34944 3.2
    endloop
  endfacet
  facet normal 0.896878 0.442278 0
    outer loop
      vertex -6.57059 4.34944 0
      vertex -6.47224 4.15 3.2
      vertex -6.47224 4.15 0
    endloop
  endfacet
  facet normal -0.99786 0.0653877 0
    outer loop
      vertex -3.31454 4.77811 0
      vertex -3.3 5 3.2
      vertex -3.3 5 0
    endloop
  endfacet
  facet normal -0.99786 0.0653877 0
    outer loop
      vertex -3.3 5 3.2
      vertex -3.31454 4.77811 0
      vertex -3.31454 4.77811 3.2
    endloop
  endfacet
  facet normal -0.195122 0.980779 0
    outer loop
      vertex -4.56001 3.35793 0
      vertex -4.77811 3.31454 3.2
      vertex -4.56001 3.35793 3.2
    endloop
  endfacet
  facet normal -0.195122 0.980779 0
    outer loop
      vertex -4.77811 3.31454 3.2
      vertex -4.56001 3.35793 0
      vertex -4.77811 3.31454 0
    endloop
  endfacet
  facet normal -0.751844 0.659342 0
    outer loop
      vertex -3.79792 3.79792 0
      vertex -3.6513 3.96511 3.2
      vertex -3.6513 3.96511 0
    endloop
  endfacet
  facet normal -0.751844 0.659342 0
    outer loop
      vertex -3.6513 3.96511 3.2
      vertex -3.79792 3.79792 0
      vertex -3.79792 3.79792 3.2
    endloop
  endfacet
  facet normal -0.555572 0.831469 0
    outer loop
      vertex -3.96511 3.6513 0
      vertex -4.15 3.52776 3.2
      vertex -3.96511 3.6513 3.2
    endloop
  endfacet
  facet normal -0.555572 0.831469 0
    outer loop
      vertex -4.15 3.52776 3.2
      vertex -3.96511 3.6513 0
      vertex -4.15 3.52776 0
    endloop
  endfacet
  facet normal -0.896878 0.442278 0
    outer loop
      vertex -3.52776 4.15 0
      vertex -3.42941 4.34944 3.2
      vertex -3.42941 4.34944 0
    endloop
  endfacet
  facet normal -0.896878 0.442278 0
    outer loop
      vertex -3.42941 4.34944 3.2
      vertex -3.52776 4.15 0
      vertex -3.52776 4.15 3.2
    endloop
  endfacet
  facet normal 0.442278 0.896878 -0
    outer loop
      vertex -5.65056 3.42941 0
      vertex -5.85 3.52776 3.2
      vertex -5.65056 3.42941 3.2
    endloop
  endfacet
  facet normal 0.442278 0.896878 0
    outer loop
      vertex -5.85 3.52776 3.2
      vertex -5.65056 3.42941 0
      vertex -5.85 3.52776 0
    endloop
  endfacet
  facet normal 0.980779 0.195122 0
    outer loop
      vertex -6.64207 4.56001 3.2
      vertex -6.68546 4.77811 0
      vertex -6.68546 4.77811 3.2
    endloop
  endfacet
  facet normal 0.980779 0.195122 0
    outer loop
      vertex -6.68546 4.77811 0
      vertex -6.64207 4.56001 3.2
      vertex -6.64207 4.56001 0
    endloop
  endfacet
  facet normal 0.831469 0.555572 0
    outer loop
      vertex -6.3487 3.96511 3.2
      vertex -6.47224 4.15 0
      vertex -6.47224 4.15 3.2
    endloop
  endfacet
  facet normal 0.831469 0.555572 0
    outer loop
      vertex -6.47224 4.15 0
      vertex -6.3487 3.96511 3.2
      vertex -6.3487 3.96511 0
    endloop
  endfacet
  facet normal -0.706349 -0.0462921 0.706349
    outer loop
      vertex -1.5 5 5
      vertex -1.52994 5.45684 5
      vertex -3.3 5 3.2
    endloop
  endfacet
  facet normal -0.70635 -0.0462857 0.706348
    outer loop
      vertex -3.3 5 3.2
      vertex -1.52994 5.45684 5
      vertex -3.31454 5.22189 3.2
    endloop
  endfacet
  facet normal -0.670297 0.227535 0.70635
    outer loop
      vertex -1.76642 3.66061 5
      vertex -1.61926 4.09413 5
      vertex -3.42941 4.34944 3.2
    endloop
  endfacet
  facet normal 0.694259 0.13812 0.706348
    outer loop
      vertex -6.64207 4.56001 3.2
      vertex -6.68546 4.77811 3.2
      vertex -8.47006 4.54316 5
    endloop
  endfacet
  facet normal 0.588566 -0.393269 0.706349
    outer loop
      vertex -6.3487 6.03489 3.2
      vertex -7.77674 7.13066 5
      vertex -8.03109 6.75 5
    endloop
  endfacet
  facet normal -0.634863 0.313079 0.70635
    outer loop
      vertex -1.96891 3.25 5
      vertex -1.76642 3.66061 5
      vertex -3.42941 4.34944 3.2
    endloop
  endfacet
  facet normal -0.138101 0.694261 0.70635
    outer loop
      vertex -4.54316 1.52994 5
      vertex -4.09413 1.61926 5
      vertex -4.56001 3.35793 3.2
    endloop
  endfacet
  facet normal 0.0462857 -0.70635 0.706348
    outer loop
      vertex -5.22189 6.68546 3.2
      vertex -5 6.7 3.2
      vertex -5.45684 8.47006 5
    endloop
  endfacet
  facet normal -0.670296 0.227538 0.706349
    outer loop
      vertex -1.61926 4.09413 5
      vertex -3.35793 4.56001 3.2
      vertex -3.42941 4.34944 3.2
    endloop
  endfacet
  facet normal -0.466725 0.532204 0.706348
    outer loop
      vertex -2.52513 2.52513 5
      vertex -3.79792 3.79792 3.2
      vertex -3.96511 3.6513 3.2
    endloop
  endfacet
  facet normal -0.0462857 0.70635 0.706348
    outer loop
      vertex -4.54316 1.52994 5
      vertex -4.77811 3.31454 3.2
      vertex -5 3.3 3.2
    endloop
  endfacet
  facet normal 0.138101 0.694261 0.70635
    outer loop
      vertex -5.45684 1.52994 5
      vertex -5.43999 3.35793 3.2
      vertex -5.90587 1.61926 5
    endloop
  endfacet
  facet normal 0.694261 0.138101 0.70635
    outer loop
      vertex -8.38074 4.09413 5
      vertex -6.64207 4.56001 3.2
      vertex -8.47006 4.54316 5
    endloop
  endfacet
  facet normal -0.706349 0.0462921 0.706349
    outer loop
      vertex -1.52994 4.54316 5
      vertex -1.5 5 5
      vertex -3.3 5 3.2
    endloop
  endfacet
  facet normal -0.532196 0.466732 0.706349
    outer loop
      vertex -2.52513 2.52513 5
      vertex -2.22326 2.86934 5
      vertex -3.6513 3.96511 3.2
    endloop
  endfacet
  facet normal -0.694259 0.13812 0.706348
    outer loop
      vertex -1.52994 4.54316 5
      vertex -3.31454 4.77811 3.2
      vertex -3.35793 4.56001 3.2
    endloop
  endfacet
  facet normal -0.694261 0.138101 0.70635
    outer loop
      vertex -1.61926 4.09413 5
      vertex -1.52994 4.54316 5
      vertex -3.35793 4.56001 3.2
    endloop
  endfacet
  facet normal -0.0462921 0.706349 0.706349
    outer loop
      vertex -4.54316 1.52994 5
      vertex -5 3.3 3.2
      vertex -5 1.5 5
    endloop
  endfacet
  facet normal -0.227538 0.670296 0.706349
    outer loop
      vertex -4.09413 1.61926 5
      vertex -4.34944 3.42941 3.2
      vertex -4.56001 3.35793 3.2
    endloop
  endfacet
  facet normal -0.393269 0.588566 0.706349
    outer loop
      vertex -3.25 1.96891 5
      vertex -3.96511 3.6513 3.2
      vertex -4.15 3.52776 3.2
    endloop
  endfacet
  facet normal 0.588566 0.393269 0.706349
    outer loop
      vertex -6.3487 3.96511 3.2
      vertex -6.47224 4.15 3.2
      vertex -8.03109 3.25 5
    endloop
  endfacet
  facet normal 0.0462921 -0.706349 0.706349
    outer loop
      vertex -5 6.7 3.2
      vertex -5 8.5 5
      vertex -5.45684 8.47006 5
    endloop
  endfacet
  facet normal 0.694261 -0.138101 0.70635
    outer loop
      vertex -6.64207 5.43999 3.2
      vertex -8.38074 5.90587 5
      vertex -8.47006 5.45684 5
    endloop
  endfacet
  facet normal -0.634867 0.313073 0.706349
    outer loop
      vertex -1.96891 3.25 5
      vertex -3.42941 4.34944 3.2
      vertex -3.52776 4.15 3.2
    endloop
  endfacet
  facet normal -0.588566 0.393269 0.706349
    outer loop
      vertex -2.22326 2.86934 5
      vertex -1.96891 3.25 5
      vertex -3.6513 3.96511 3.2
    endloop
  endfacet
  facet normal -0.70635 0.0462857 0.706348
    outer loop
      vertex -1.52994 4.54316 5
      vertex -3.3 5 3.2
      vertex -3.31454 4.77811 3.2
    endloop
  endfacet
  facet normal -0.13812 0.694259 0.706348
    outer loop
      vertex -4.54316 1.52994 5
      vertex -4.56001 3.35793 3.2
      vertex -4.77811 3.31454 3.2
    endloop
  endfacet
  facet normal -0.227535 0.670297 0.70635
    outer loop
      vertex -4.09413 1.61926 5
      vertex -3.66061 1.76642 5
      vertex -4.34944 3.42941 3.2
    endloop
  endfacet
  facet normal -0.466732 0.532196 0.706349
    outer loop
      vertex -2.86934 2.22326 5
      vertex -2.52513 2.52513 5
      vertex -3.96511 3.6513 3.2
    endloop
  endfacet
  facet normal -0.393269 0.588566 0.706349
    outer loop
      vertex -3.25 1.96891 5
      vertex -2.86934 2.22326 5
      vertex -3.96511 3.6513 3.2
    endloop
  endfacet
  facet normal -0.313079 0.634863 0.70635
    outer loop
      vertex -3.66061 1.76642 5
      vertex -3.25 1.96891 5
      vertex -4.34944 3.42941 3.2
    endloop
  endfacet
  facet normal -0.313073 0.634867 0.706349
    outer loop
      vertex -3.25 1.96891 5
      vertex -4.15 3.52776 3.2
      vertex -4.34944 3.42941 3.2
    endloop
  endfacet
  facet normal 0.634863 0.313079 0.70635
    outer loop
      vertex -8.03109 3.25 5
      vertex -6.57059 4.34944 3.2
      vertex -8.23358 3.66061 5
    endloop
  endfacet
  facet normal 0.466725 0.532204 0.706348
    outer loop
      vertex -6.03489 3.6513 3.2
      vertex -6.20208 3.79792 3.2
      vertex -7.47487 2.52513 5
    endloop
  endfacet
  facet normal 0.588566 0.393269 0.706349
    outer loop
      vertex -7.77674 2.86934 5
      vertex -6.3487 3.96511 3.2
      vertex -8.03109 3.25 5
    endloop
  endfacet
  facet normal 0.0462857 0.70635 0.706348
    outer loop
      vertex -5 3.3 3.2
      vertex -5.22189 3.31454 3.2
      vertex -5.45684 1.52994 5
    endloop
  endfacet
  facet normal 0.227538 0.670296 0.706349
    outer loop
      vertex -5.43999 3.35793 3.2
      vertex -5.65056 3.42941 3.2
      vertex -5.90587 1.61926 5
    endloop
  endfacet
  facet normal 0.0462921 0.706349 0.706349
    outer loop
      vertex -5 1.5 5
      vertex -5 3.3 3.2
      vertex -5.45684 1.52994 5
    endloop
  endfacet
  facet normal 0.393269 0.588566 0.706349
    outer loop
      vertex -6.75 1.96891 5
      vertex -6.03489 3.6513 3.2
      vertex -7.13066 2.22326 5
    endloop
  endfacet
  facet normal -0.694259 -0.13812 0.706348
    outer loop
      vertex -3.31454 5.22189 3.2
      vertex -1.52994 5.45684 5
      vertex -3.35793 5.43999 3.2
    endloop
  endfacet
  facet normal -0.694261 -0.138101 0.70635
    outer loop
      vertex -1.52994 5.45684 5
      vertex -1.61926 5.90587 5
      vertex -3.35793 5.43999 3.2
    endloop
  endfacet
  facet normal 0.706349 -0.0462921 0.706349
    outer loop
      vertex -6.7 5 3.2
      vertex -8.47006 5.45684 5
      vertex -8.5 5 5
    endloop
  endfacet
  facet normal 0.532204 -0.466725 0.706348
    outer loop
      vertex -6.3487 6.03489 3.2
      vertex -6.20208 6.20208 3.2
      vertex -7.47487 7.47487 5
    endloop
  endfacet
  facet normal 0.532196 -0.466732 0.706349
    outer loop
      vertex -6.3487 6.03489 3.2
      vertex -7.47487 7.47487 5
      vertex -7.77674 7.13066 5
    endloop
  endfacet
  facet normal 0.313079 -0.634863 0.70635
    outer loop
      vertex -5.65056 6.57059 3.2
      vertex -6.33939 8.23358 5
      vertex -6.75 8.03109 5
    endloop
  endfacet
  facet normal -0.532204 0.466725 0.706348
    outer loop
      vertex -2.52513 2.52513 5
      vertex -3.6513 3.96511 3.2
      vertex -3.79792 3.79792 3.2
    endloop
  endfacet
  facet normal 0.670297 0.227535 0.70635
    outer loop
      vertex -8.23358 3.66061 5
      vertex -6.57059 4.34944 3.2
      vertex -8.38074 4.09413 5
    endloop
  endfacet
  facet normal 0.670296 0.227538 0.706349
    outer loop
      vertex -6.57059 4.34944 3.2
      vertex -6.64207 4.56001 3.2
      vertex -8.38074 4.09413 5
    endloop
  endfacet
  facet normal 0.532204 0.466725 0.706348
    outer loop
      vertex -6.20208 3.79792 3.2
      vertex -6.3487 3.96511 3.2
      vertex -7.47487 2.52513 5
    endloop
  endfacet
  facet normal 0.532196 0.466732 0.706349
    outer loop
      vertex -7.47487 2.52513 5
      vertex -6.3487 3.96511 3.2
      vertex -7.77674 2.86934 5
    endloop
  endfacet
  facet normal 0.13812 0.694259 0.706348
    outer loop
      vertex -5.22189 3.31454 3.2
      vertex -5.43999 3.35793 3.2
      vertex -5.45684 1.52994 5
    endloop
  endfacet
  facet normal 0.466732 0.532196 0.706349
    outer loop
      vertex -7.13066 2.22326 5
      vertex -6.03489 3.6513 3.2
      vertex -7.47487 2.52513 5
    endloop
  endfacet
  facet normal -0.227538 -0.670296 0.706349
    outer loop
      vertex -4.34944 6.57059 3.2
      vertex -4.09413 8.38074 5
      vertex -4.56001 6.64207 3.2
    endloop
  endfacet
  facet normal -0.466732 -0.532196 0.706349
    outer loop
      vertex -2.52513 7.47487 5
      vertex -2.86934 7.77674 5
      vertex -3.96511 6.3487 3.2
    endloop
  endfacet
  facet normal -0.670296 -0.227538 0.706349
    outer loop
      vertex -3.35793 5.43999 3.2
      vertex -1.61926 5.90587 5
      vertex -3.42941 5.65056 3.2
    endloop
  endfacet
  facet normal 0.70635 -0.0462857 0.706348
    outer loop
      vertex -6.7 5 3.2
      vertex -6.68546 5.22189 3.2
      vertex -8.47006 5.45684 5
    endloop
  endfacet
  facet normal 0.670297 -0.227535 0.70635
    outer loop
      vertex -6.57059 5.65056 3.2
      vertex -8.23358 6.33939 5
      vertex -8.38074 5.90587 5
    endloop
  endfacet
  facet normal 0.634867 -0.313073 0.706349
    outer loop
      vertex -6.57059 5.65056 3.2
      vertex -6.47224 5.85 3.2
      vertex -8.03109 6.75 5
    endloop
  endfacet
  facet normal 0.634863 -0.313079 0.70635
    outer loop
      vertex -6.57059 5.65056 3.2
      vertex -8.03109 6.75 5
      vertex -8.23358 6.33939 5
    endloop
  endfacet
  facet normal 0.588566 -0.393269 0.706349
    outer loop
      vertex -6.47224 5.85 3.2
      vertex -6.3487 6.03489 3.2
      vertex -8.03109 6.75 5
    endloop
  endfacet
  facet normal 0.393269 -0.588566 0.706349
    outer loop
      vertex -6.03489 6.3487 3.2
      vertex -6.75 8.03109 5
      vertex -7.13066 7.77674 5
    endloop
  endfacet
  facet normal 0.466732 -0.532196 0.706349
    outer loop
      vertex -6.03489 6.3487 3.2
      vertex -7.13066 7.77674 5
      vertex -7.47487 7.47487 5
    endloop
  endfacet
  facet normal 0.138101 -0.694261 0.70635
    outer loop
      vertex -5.43999 6.64207 3.2
      vertex -5.45684 8.47006 5
      vertex -5.90587 8.38074 5
    endloop
  endfacet
  facet normal 0.13812 -0.694259 0.706348
    outer loop
      vertex -5.43999 6.64207 3.2
      vertex -5.22189 6.68546 3.2
      vertex -5.45684 8.47006 5
    endloop
  endfacet
  facet normal -0.588566 0.393269 0.706349
    outer loop
      vertex -1.96891 3.25 5
      vertex -3.52776 4.15 3.2
      vertex -3.6513 3.96511 3.2
    endloop
  endfacet
  facet normal 0.634867 0.313073 0.706349
    outer loop
      vertex -6.47224 4.15 3.2
      vertex -6.57059 4.34944 3.2
      vertex -8.03109 3.25 5
    endloop
  endfacet
  facet normal 0.313079 0.634863 0.70635
    outer loop
      vertex -6.33939 1.76642 5
      vertex -5.65056 3.42941 3.2
      vertex -6.75 1.96891 5
    endloop
  endfacet
  facet normal 0.227535 0.670297 0.70635
    outer loop
      vertex -5.90587 1.61926 5
      vertex -5.65056 3.42941 3.2
      vertex -6.33939 1.76642 5
    endloop
  endfacet
  facet normal 0.313073 0.634867 0.706349
    outer loop
      vertex -5.65056 3.42941 3.2
      vertex -5.85 3.52776 3.2
      vertex -6.75 1.96891 5
    endloop
  endfacet
  facet normal 0.393269 0.588566 0.706349
    outer loop
      vertex -5.85 3.52776 3.2
      vertex -6.03489 3.6513 3.2
      vertex -6.75 1.96891 5
    endloop
  endfacet
  facet normal -0.0462921 -0.706349 0.706349
    outer loop
      vertex -4.54316 8.47006 5
      vertex -5 8.5 5
      vertex -5 6.7 3.2
    endloop
  endfacet
  facet normal -0.0462857 -0.70635 0.706348
    outer loop
      vertex -4.77811 6.68546 3.2
      vertex -4.54316 8.47006 5
      vertex -5 6.7 3.2
    endloop
  endfacet
  facet normal -0.138101 -0.694261 0.70635
    outer loop
      vertex -4.09413 8.38074 5
      vertex -4.54316 8.47006 5
      vertex -4.56001 6.64207 3.2
    endloop
  endfacet
  facet normal -0.313079 -0.634863 0.70635
    outer loop
      vertex -3.25 8.03109 5
      vertex -3.66061 8.23358 5
      vertex -4.34944 6.57059 3.2
    endloop
  endfacet
  facet normal -0.227535 -0.670297 0.70635
    outer loop
      vertex -3.66061 8.23358 5
      vertex -4.09413 8.38074 5
      vertex -4.34944 6.57059 3.2
    endloop
  endfacet
  facet normal -0.588566 -0.393269 0.706349
    outer loop
      vertex -1.96891 6.75 5
      vertex -2.22326 7.13066 5
      vertex -3.6513 6.03489 3.2
    endloop
  endfacet
  facet normal -0.313073 -0.634867 0.706349
    outer loop
      vertex -4.15 6.47224 3.2
      vertex -3.25 8.03109 5
      vertex -4.34944 6.57059 3.2
    endloop
  endfacet
  facet normal -0.393269 -0.588566 0.706349
    outer loop
      vertex -2.86934 7.77674 5
      vertex -3.25 8.03109 5
      vertex -3.96511 6.3487 3.2
    endloop
  endfacet
  facet normal -0.634863 -0.313079 0.70635
    outer loop
      vertex -1.76642 6.33939 5
      vertex -1.96891 6.75 5
      vertex -3.42941 5.65056 3.2
    endloop
  endfacet
  facet normal -0.670297 -0.227535 0.70635
    outer loop
      vertex -1.61926 5.90587 5
      vertex -1.76642 6.33939 5
      vertex -3.42941 5.65056 3.2
    endloop
  endfacet
  facet normal -0.588566 -0.393269 0.706349
    outer loop
      vertex -3.52776 5.85 3.2
      vertex -1.96891 6.75 5
      vertex -3.6513 6.03489 3.2
    endloop
  endfacet
  facet normal 0.706349 0.0462921 0.706349
    outer loop
      vertex -8.47006 4.54316 5
      vertex -6.7 5 3.2
      vertex -8.5 5 5
    endloop
  endfacet
  facet normal 0.670296 -0.227538 0.706349
    outer loop
      vertex -6.64207 5.43999 3.2
      vertex -6.57059 5.65056 3.2
      vertex -8.38074 5.90587 5
    endloop
  endfacet
  facet normal 0.393269 -0.588566 0.706349
    outer loop
      vertex -6.03489 6.3487 3.2
      vertex -5.85 6.47224 3.2
      vertex -6.75 8.03109 5
    endloop
  endfacet
  facet normal 0.227535 -0.670297 0.70635
    outer loop
      vertex -5.65056 6.57059 3.2
      vertex -5.90587 8.38074 5
      vertex -6.33939 8.23358 5
    endloop
  endfacet
  facet normal 0.227538 -0.670296 0.706349
    outer loop
      vertex -5.65056 6.57059 3.2
      vertex -5.43999 6.64207 3.2
      vertex -5.90587 8.38074 5
    endloop
  endfacet
  facet normal -0.13812 -0.694259 0.706348
    outer loop
      vertex -4.56001 6.64207 3.2
      vertex -4.54316 8.47006 5
      vertex -4.77811 6.68546 3.2
    endloop
  endfacet
  facet normal -0.532196 -0.466732 0.706349
    outer loop
      vertex -2.22326 7.13066 5
      vertex -2.52513 7.47487 5
      vertex -3.6513 6.03489 3.2
    endloop
  endfacet
  facet normal -0.466725 -0.532204 0.706348
    outer loop
      vertex -3.79792 6.20208 3.2
      vertex -2.52513 7.47487 5
      vertex -3.96511 6.3487 3.2
    endloop
  endfacet
  facet normal -0.532204 -0.466725 0.706348
    outer loop
      vertex -3.6513 6.03489 3.2
      vertex -2.52513 7.47487 5
      vertex -3.79792 6.20208 3.2
    endloop
  endfacet
  facet normal -0.393269 -0.588566 0.706349
    outer loop
      vertex -3.96511 6.3487 3.2
      vertex -3.25 8.03109 5
      vertex -4.15 6.47224 3.2
    endloop
  endfacet
  facet normal -0.634867 -0.313073 0.706349
    outer loop
      vertex -3.42941 5.65056 3.2
      vertex -1.96891 6.75 5
      vertex -3.52776 5.85 3.2
    endloop
  endfacet
  facet normal 0.70635 0.0462857 0.706348
    outer loop
      vertex -6.68546 4.77811 3.2
      vertex -6.7 5 3.2
      vertex -8.47006 4.54316 5
    endloop
  endfacet
  facet normal 0.466725 -0.532204 0.706348
    outer loop
      vertex -6.20208 6.20208 3.2
      vertex -6.03489 6.3487 3.2
      vertex -7.47487 7.47487 5
    endloop
  endfacet
  facet normal 0.313073 -0.634867 0.706349
    outer loop
      vertex -5.85 6.47224 3.2
      vertex -5.65056 6.57059 3.2
      vertex -6.75 8.03109 5
    endloop
  endfacet
  facet normal 0.694259 -0.13812 0.706348
    outer loop
      vertex -6.68546 5.22189 3.2
      vertex -6.64207 5.43999 3.2
      vertex -8.47006 5.45684 5
    endloop
  endfacet
  facet normal -0.555447 -0.831552 0
    outer loop
      vertex -4.15 28.2522 0
      vertex -3.96511 28.1287 3.2
      vertex -4.15 28.2522 3.2
    endloop
  endfacet
  facet normal -0.555447 -0.831552 -0
    outer loop
      vertex -3.96511 28.1287 3.2
      vertex -4.15 28.2522 0
      vertex -3.96511 28.1287 0
    endloop
  endfacet
  facet normal 0.321525 0.946901 -0
    outer loop
      vertex -5.43999 25.1379 0
      vertex -5.65056 25.2094 3.2
      vertex -5.43999 25.1379 3.2
    endloop
  endfacet
  facet normal 0.321525 0.946901 0
    outer loop
      vertex -5.65056 25.2094 3.2
      vertex -5.43999 25.1379 0
      vertex -5.65056 25.2094 0
    endloop
  endfacet
  facet normal 0.321525 -0.946901 0
    outer loop
      vertex -5.65056 28.3506 0
      vertex -5.43999 28.4221 3.2
      vertex -5.65056 28.3506 3.2
    endloop
  endfacet
  facet normal 0.321525 -0.946901 0
    outer loop
      vertex -5.43999 28.4221 3.2
      vertex -5.65056 28.3506 0
      vertex -5.43999 28.4221 0
    endloop
  endfacet
  facet normal 0.896843 -0.442349 0
    outer loop
      vertex -6.57059 27.4306 3.2
      vertex -6.47224 27.63 0
      vertex -6.47224 27.63 3.2
    endloop
  endfacet
  facet normal 0.896843 -0.442349 0
    outer loop
      vertex -6.47224 27.63 0
      vertex -6.57059 27.4306 3.2
      vertex -6.57059 27.4306 0
    endloop
  endfacet
  facet normal -0.896843 -0.442349 0
    outer loop
      vertex -3.42941 27.4306 0
      vertex -3.52776 27.63 3.2
      vertex -3.52776 27.63 0
    endloop
  endfacet
  facet normal -0.896843 -0.442349 0
    outer loop
      vertex -3.52776 27.63 3.2
      vertex -3.42941 27.4306 0
      vertex -3.42941 27.4306 3.2
    endloop
  endfacet
  facet normal -0.980779 -0.195122 0
    outer loop
      vertex -3.31454 27.0019 0
      vertex -3.35793 27.22 3.2
      vertex -3.35793 27.22 0
    endloop
  endfacet
  facet normal -0.980779 -0.195122 0
    outer loop
      vertex -3.35793 27.22 3.2
      vertex -3.31454 27.0019 0
      vertex -3.31454 27.0019 3.2
    endloop
  endfacet
  facet normal -0.831483 -0.555551 0
    outer loop
      vertex -3.52776 27.63 0
      vertex -3.6513 27.8149 3.2
      vertex -3.6513 27.8149 0
    endloop
  endfacet
  facet normal -0.831483 -0.555551 0
    outer loop
      vertex -3.6513 27.8149 3.2
      vertex -3.52776 27.63 0
      vertex -3.52776 27.63 3.2
    endloop
  endfacet
  facet normal -0.321525 -0.946901 0
    outer loop
      vertex -4.56001 28.4221 0
      vertex -4.34944 28.3506 3.2
      vertex -4.56001 28.4221 3.2
    endloop
  endfacet
  facet normal -0.321525 -0.946901 -0
    outer loop
      vertex -4.34944 28.3506 3.2
      vertex -4.56001 28.4221 0
      vertex -4.34944 28.3506 0
    endloop
  endfacet
  facet normal -0.0652086 -0.997872 0
    outer loop
      vertex -5 28.48 0
      vertex -4.77811 28.4655 3.2
      vertex -5 28.48 3.2
    endloop
  endfacet
  facet normal -0.0652086 -0.997872 -0
    outer loop
      vertex -4.77811 28.4655 3.2
      vertex -5 28.48 0
      vertex -4.77811 28.4655 0
    endloop
  endfacet
  facet normal 0.980779 -0.195122 0
    outer loop
      vertex -6.68546 27.0019 3.2
      vertex -6.64207 27.22 0
      vertex -6.64207 27.22 3.2
    endloop
  endfacet
  facet normal 0.980779 -0.195122 0
    outer loop
      vertex -6.64207 27.22 0
      vertex -6.68546 27.0019 3.2
      vertex -6.68546 27.0019 0
    endloop
  endfacet
  facet normal 0.751863 -0.659319 0
    outer loop
      vertex -6.3487 27.8149 3.2
      vertex -6.20208 27.9821 0
      vertex -6.20208 27.9821 3.2
    endloop
  endfacet
  facet normal 0.751863 -0.659319 0
    outer loop
      vertex -6.20208 27.9821 0
      vertex -6.3487 27.8149 3.2
      vertex -6.3487 27.8149 0
    endloop
  endfacet
  facet normal 0.195165 -0.98077 0
    outer loop
      vertex -5.43999 28.4221 0
      vertex -5.22189 28.4655 3.2
      vertex -5.43999 28.4221 3.2
    endloop
  endfacet
  facet normal 0.195165 -0.98077 0
    outer loop
      vertex -5.22189 28.4655 3.2
      vertex -5.43999 28.4221 0
      vertex -5.22189 28.4655 0
    endloop
  endfacet
  facet normal 0.659291 -0.751888 0
    outer loop
      vertex -6.20208 27.9821 0
      vertex -6.03489 28.1287 3.2
      vertex -6.20208 27.9821 3.2
    endloop
  endfacet
  facet normal 0.659291 -0.751888 0
    outer loop
      vertex -6.03489 28.1287 3.2
      vertex -6.20208 27.9821 0
      vertex -6.03489 28.1287 0
    endloop
  endfacet
  facet normal -0.99786 -0.0653848 0
    outer loop
      vertex -3.3 26.78 0
      vertex -3.31454 27.0019 3.2
      vertex -3.31454 27.0019 0
    endloop
  endfacet
  facet normal -0.99786 -0.0653848 0
    outer loop
      vertex -3.31454 27.0019 3.2
      vertex -3.3 26.78 0
      vertex -3.3 26.78 3.2
    endloop
  endfacet
  facet normal -0.321525 0.946901 0
    outer loop
      vertex -4.34944 25.2094 0
      vertex -4.56001 25.1379 3.2
      vertex -4.34944 25.2094 3.2
    endloop
  endfacet
  facet normal -0.321525 0.946901 0
    outer loop
      vertex -4.56001 25.1379 3.2
      vertex -4.34944 25.2094 0
      vertex -4.56001 25.1379 0
    endloop
  endfacet
  facet normal -0.831483 0.555551 0
    outer loop
      vertex -3.6513 25.7451 0
      vertex -3.52776 25.93 3.2
      vertex -3.52776 25.93 0
    endloop
  endfacet
  facet normal -0.831483 0.555551 0
    outer loop
      vertex -3.52776 25.93 3.2
      vertex -3.6513 25.7451 0
      vertex -3.6513 25.7451 3.2
    endloop
  endfacet
  facet normal 0.195165 0.98077 -0
    outer loop
      vertex -5.22189 25.0945 0
      vertex -5.43999 25.1379 3.2
      vertex -5.22189 25.0945 3.2
    endloop
  endfacet
  facet normal 0.195165 0.98077 0
    outer loop
      vertex -5.43999 25.1379 3.2
      vertex -5.22189 25.0945 0
      vertex -5.43999 25.1379 0
    endloop
  endfacet
  facet normal 0.659291 0.751888 -0
    outer loop
      vertex -6.03489 25.4313 0
      vertex -6.20208 25.5779 3.2
      vertex -6.03489 25.4313 3.2
    endloop
  endfacet
  facet normal 0.659291 0.751888 0
    outer loop
      vertex -6.20208 25.5779 3.2
      vertex -6.03489 25.4313 0
      vertex -6.20208 25.5779 0
    endloop
  endfacet
  facet normal 0.751863 0.659319 0
    outer loop
      vertex -6.20208 25.5779 3.2
      vertex -6.3487 25.7451 0
      vertex -6.3487 25.7451 3.2
    endloop
  endfacet
  facet normal 0.751863 0.659319 0
    outer loop
      vertex -6.3487 25.7451 0
      vertex -6.20208 25.5779 3.2
      vertex -6.20208 25.5779 0
    endloop
  endfacet
  facet normal -0.946943 -0.321403 0
    outer loop
      vertex -3.35793 27.22 0
      vertex -3.42941 27.4306 3.2
      vertex -3.42941 27.4306 0
    endloop
  endfacet
  facet normal -0.946943 -0.321403 0
    outer loop
      vertex -3.42941 27.4306 3.2
      vertex -3.35793 27.22 0
      vertex -3.35793 27.22 3.2
    endloop
  endfacet
  facet normal -0.751863 -0.659319 0
    outer loop
      vertex -3.6513 27.8149 0
      vertex -3.79792 27.9821 3.2
      vertex -3.79792 27.9821 0
    endloop
  endfacet
  facet normal -0.751863 -0.659319 0
    outer loop
      vertex -3.79792 27.9821 3.2
      vertex -3.6513 27.8149 0
      vertex -3.6513 27.8149 3.2
    endloop
  endfacet
  facet normal -0.659291 -0.751888 0
    outer loop
      vertex -3.96511 28.1287 0
      vertex -3.79792 27.9821 3.2
      vertex -3.96511 28.1287 3.2
    endloop
  endfacet
  facet normal -0.659291 -0.751888 -0
    outer loop
      vertex -3.79792 27.9821 3.2
      vertex -3.96511 28.1287 0
      vertex -3.79792 27.9821 0
    endloop
  endfacet
  facet normal -0.442459 -0.896789 0
    outer loop
      vertex -4.34944 28.3506 0
      vertex -4.15 28.2522 3.2
      vertex -4.34944 28.3506 3.2
    endloop
  endfacet
  facet normal -0.442459 -0.896789 -0
    outer loop
      vertex -4.15 28.2522 3.2
      vertex -4.34944 28.3506 0
      vertex -4.15 28.2522 0
    endloop
  endfacet
  facet normal -0.195165 -0.98077 0
    outer loop
      vertex -4.77811 28.4655 0
      vertex -4.56001 28.4221 3.2
      vertex -4.77811 28.4655 3.2
    endloop
  endfacet
  facet normal -0.195165 -0.98077 -0
    outer loop
      vertex -4.56001 28.4221 3.2
      vertex -4.77811 28.4655 0
      vertex -4.56001 28.4221 0
    endloop
  endfacet
  facet normal 0.99786 -0.0653848 0
    outer loop
      vertex -6.7 26.78 3.2
      vertex -6.68546 27.0019 0
      vertex -6.68546 27.0019 3.2
    endloop
  endfacet
  facet normal 0.99786 -0.0653848 0
    outer loop
      vertex -6.68546 27.0019 0
      vertex -6.7 26.78 3.2
      vertex -6.7 26.78 0
    endloop
  endfacet
  facet normal 0.946943 -0.321403 0
    outer loop
      vertex -6.64207 27.22 3.2
      vertex -6.57059 27.4306 0
      vertex -6.57059 27.4306 3.2
    endloop
  endfacet
  facet normal 0.946943 -0.321403 0
    outer loop
      vertex -6.57059 27.4306 0
      vertex -6.64207 27.22 3.2
      vertex -6.64207 27.22 0
    endloop
  endfacet
  facet normal 0.831483 -0.555551 0
    outer loop
      vertex -6.47224 27.63 3.2
      vertex -6.3487 27.8149 0
      vertex -6.3487 27.8149 3.2
    endloop
  endfacet
  facet normal 0.831483 -0.555551 0
    outer loop
      vertex -6.3487 27.8149 0
      vertex -6.47224 27.63 3.2
      vertex -6.47224 27.63 0
    endloop
  endfacet
  facet normal 0.0652086 -0.997872 0
    outer loop
      vertex -5.22189 28.4655 0
      vertex -5 28.48 3.2
      vertex -5.22189 28.4655 3.2
    endloop
  endfacet
  facet normal 0.0652086 -0.997872 0
    outer loop
      vertex -5 28.48 3.2
      vertex -5.22189 28.4655 0
      vertex -5 28.48 0
    endloop
  endfacet
  facet normal 0.555447 -0.831552 0
    outer loop
      vertex -6.03489 28.1287 0
      vertex -5.85 28.2522 3.2
      vertex -6.03489 28.1287 3.2
    endloop
  endfacet
  facet normal 0.555447 -0.831552 0
    outer loop
      vertex -5.85 28.2522 3.2
      vertex -6.03489 28.1287 0
      vertex -5.85 28.2522 0
    endloop
  endfacet
  facet normal 0.442459 -0.896789 0
    outer loop
      vertex -5.85 28.2522 0
      vertex -5.65056 28.3506 3.2
      vertex -5.85 28.2522 3.2
    endloop
  endfacet
  facet normal 0.442459 -0.896789 0
    outer loop
      vertex -5.65056 28.3506 3.2
      vertex -5.85 28.2522 0
      vertex -5.65056 28.3506 0
    endloop
  endfacet
  facet normal -0.980779 0.195122 0
    outer loop
      vertex -3.35793 26.34 0
      vertex -3.31454 26.5581 3.2
      vertex -3.31454 26.5581 0
    endloop
  endfacet
  facet normal -0.980779 0.195122 0
    outer loop
      vertex -3.31454 26.5581 3.2
      vertex -3.35793 26.34 0
      vertex -3.35793 26.34 3.2
    endloop
  endfacet
  facet normal -0.0652086 0.997872 0
    outer loop
      vertex -4.77811 25.0945 0
      vertex -5 25.08 3.2
      vertex -4.77811 25.0945 3.2
    endloop
  endfacet
  facet normal -0.0652086 0.997872 0
    outer loop
      vertex -5 25.08 3.2
      vertex -4.77811 25.0945 0
      vertex -5 25.08 0
    endloop
  endfacet
  facet normal -0.195165 0.98077 0
    outer loop
      vertex -4.56001 25.1379 0
      vertex -4.77811 25.0945 3.2
      vertex -4.56001 25.1379 3.2
    endloop
  endfacet
  facet normal -0.195165 0.98077 0
    outer loop
      vertex -4.77811 25.0945 3.2
      vertex -4.56001 25.1379 0
      vertex -4.77811 25.0945 0
    endloop
  endfacet
  facet normal -0.659291 0.751888 0
    outer loop
      vertex -3.79792 25.5779 0
      vertex -3.96511 25.4313 3.2
      vertex -3.79792 25.5779 3.2
    endloop
  endfacet
  facet normal -0.659291 0.751888 0
    outer loop
      vertex -3.96511 25.4313 3.2
      vertex -3.79792 25.5779 0
      vertex -3.96511 25.4313 0
    endloop
  endfacet
  facet normal -0.442459 0.896789 0
    outer loop
      vertex -4.15 25.3078 0
      vertex -4.34944 25.2094 3.2
      vertex -4.15 25.3078 3.2
    endloop
  endfacet
  facet normal -0.442459 0.896789 0
    outer loop
      vertex -4.34944 25.2094 3.2
      vertex -4.15 25.3078 0
      vertex -4.34944 25.2094 0
    endloop
  endfacet
  facet normal -0.946943 0.321403 0
    outer loop
      vertex -3.42941 26.1294 0
      vertex -3.35793 26.34 3.2
      vertex -3.35793 26.34 0
    endloop
  endfacet
  facet normal -0.946943 0.321403 0
    outer loop
      vertex -3.35793 26.34 3.2
      vertex -3.42941 26.1294 0
      vertex -3.42941 26.1294 3.2
    endloop
  endfacet
  facet normal 0.0652086 0.997872 -0
    outer loop
      vertex -5 25.08 0
      vertex -5.22189 25.0945 3.2
      vertex -5 25.08 3.2
    endloop
  endfacet
  facet normal 0.0652086 0.997872 0
    outer loop
      vertex -5.22189 25.0945 3.2
      vertex -5 25.08 0
      vertex -5.22189 25.0945 0
    endloop
  endfacet
  facet normal 0.555447 0.831552 -0
    outer loop
      vertex -5.85 25.3078 0
      vertex -6.03489 25.4313 3.2
      vertex -5.85 25.3078 3.2
    endloop
  endfacet
  facet normal 0.555447 0.831552 0
    outer loop
      vertex -6.03489 25.4313 3.2
      vertex -5.85 25.3078 0
      vertex -6.03489 25.4313 0
    endloop
  endfacet
  facet normal 0.946943 0.321403 0
    outer loop
      vertex -6.57059 26.1294 3.2
      vertex -6.64207 26.34 0
      vertex -6.64207 26.34 3.2
    endloop
  endfacet
  facet normal 0.946943 0.321403 0
    outer loop
      vertex -6.64207 26.34 0
      vertex -6.57059 26.1294 3.2
      vertex -6.57059 26.1294 0
    endloop
  endfacet
  facet normal 0.99786 0.0653848 0
    outer loop
      vertex -6.68546 26.5581 3.2
      vertex -6.7 26.78 0
      vertex -6.7 26.78 3.2
    endloop
  endfacet
  facet normal 0.99786 0.0653848 0
    outer loop
      vertex -6.7 26.78 0
      vertex -6.68546 26.5581 3.2
      vertex -6.68546 26.5581 0
    endloop
  endfacet
  facet normal 0.896843 0.442349 0
    outer loop
      vertex -6.47224 25.93 3.2
      vertex -6.57059 26.1294 0
      vertex -6.57059 26.1294 3.2
    endloop
  endfacet
  facet normal 0.896843 0.442349 0
    outer loop
      vertex -6.57059 26.1294 0
      vertex -6.47224 25.93 3.2
      vertex -6.47224 25.93 0
    endloop
  endfacet
  facet normal -0.99786 0.0653848 0
    outer loop
      vertex -3.31454 26.5581 0
      vertex -3.3 26.78 3.2
      vertex -3.3 26.78 0
    endloop
  endfacet
  facet normal -0.99786 0.0653848 0
    outer loop
      vertex -3.3 26.78 3.2
      vertex -3.31454 26.5581 0
      vertex -3.31454 26.5581 3.2
    endloop
  endfacet
  facet normal -0.751863 0.659319 0
    outer loop
      vertex -3.79792 25.5779 0
      vertex -3.6513 25.7451 3.2
      vertex -3.6513 25.7451 0
    endloop
  endfacet
  facet normal -0.751863 0.659319 0
    outer loop
      vertex -3.6513 25.7451 3.2
      vertex -3.79792 25.5779 0
      vertex -3.79792 25.5779 3.2
    endloop
  endfacet
  facet normal -0.555447 0.831552 0
    outer loop
      vertex -3.96511 25.4313 0
      vertex -4.15 25.3078 3.2
      vertex -3.96511 25.4313 3.2
    endloop
  endfacet
  facet normal -0.555447 0.831552 0
    outer loop
      vertex -4.15 25.3078 3.2
      vertex -3.96511 25.4313 0
      vertex -4.15 25.3078 0
    endloop
  endfacet
  facet normal -0.896843 0.442349 0
    outer loop
      vertex -3.52776 25.93 0
      vertex -3.42941 26.1294 3.2
      vertex -3.42941 26.1294 0
    endloop
  endfacet
  facet normal -0.896843 0.442349 0
    outer loop
      vertex -3.42941 26.1294 3.2
      vertex -3.52776 25.93 0
      vertex -3.52776 25.93 3.2
    endloop
  endfacet
  facet normal 0.442459 0.896789 -0
    outer loop
      vertex -5.65056 25.2094 0
      vertex -5.85 25.3078 3.2
      vertex -5.65056 25.2094 3.2
    endloop
  endfacet
  facet normal 0.442459 0.896789 0
    outer loop
      vertex -5.85 25.3078 3.2
      vertex -5.65056 25.2094 0
      vertex -5.85 25.3078 0
    endloop
  endfacet
  facet normal 0.980779 0.195122 0
    outer loop
      vertex -6.64207 26.34 3.2
      vertex -6.68546 26.5581 0
      vertex -6.68546 26.5581 3.2
    endloop
  endfacet
  facet normal 0.980779 0.195122 0
    outer loop
      vertex -6.68546 26.5581 0
      vertex -6.64207 26.34 3.2
      vertex -6.64207 26.34 0
    endloop
  endfacet
  facet normal 0.831483 0.555551 0
    outer loop
      vertex -6.3487 25.7451 3.2
      vertex -6.47224 25.93 0
      vertex -6.47224 25.93 3.2
    endloop
  endfacet
  facet normal 0.831483 0.555551 0
    outer loop
      vertex -6.47224 25.93 0
      vertex -6.3487 25.7451 3.2
      vertex -6.3487 25.7451 0
    endloop
  endfacet
  facet normal -0.706349 -0.0462961 0.706349
    outer loop
      vertex -1.5 26.78 5
      vertex -1.52994 27.2368 5
      vertex -3.3 26.78 3.2
    endloop
  endfacet
  facet normal -0.706351 -0.0462836 0.706347
    outer loop
      vertex -3.3 26.78 3.2
      vertex -1.52994 27.2368 5
      vertex -3.31454 27.0019 3.2
    endloop
  endfacet
  facet normal -0.670295 0.227545 0.706348
    outer loop
      vertex -1.76642 25.4406 5
      vertex -1.61926 25.8741 5
      vertex -3.42941 26.1294 3.2
    endloop
  endfacet
  facet normal 0.694261 0.13812 0.706346
    outer loop
      vertex -6.64207 26.34 3.2
      vertex -6.68546 26.5581 3.2
      vertex -8.47006 26.3232 5
    endloop
  endfacet
  facet normal 0.588584 -0.393239 0.706351
    outer loop
      vertex -6.3487 27.8149 3.2
      vertex -7.77674 28.9107 5
      vertex -8.03109 28.53 5
    endloop
  endfacet
  facet normal -0.634863 0.313087 0.706347
    outer loop
      vertex -1.96891 25.03 5
      vertex -1.76642 25.4406 5
      vertex -3.42941 26.1294 3.2
    endloop
  endfacet
  facet normal -0.138222 0.694247 0.70634
    outer loop
      vertex -4.54316 23.3099 5
      vertex -4.09413 23.3993 5
      vertex -4.56001 25.1379 3.2
    endloop
  endfacet
  facet normal 0.0461591 -0.706362 0.706344
    outer loop
      vertex -5.22189 28.4655 3.2
      vertex -5 28.48 3.2
      vertex -5.45684 30.2501 5
    endloop
  endfacet
  facet normal -0.670304 0.227509 0.706352
    outer loop
      vertex -1.61926 25.8741 5
      vertex -3.35793 26.34 3.2
      vertex -3.42941 26.1294 3.2
    endloop
  endfacet
  facet normal -0.466689 0.532235 0.706348
    outer loop
      vertex -2.52513 24.3051 5
      vertex -3.79792 25.5779 3.2
      vertex -3.96511 25.4313 3.2
    endloop
  endfacet
  facet normal -0.0461591 0.706362 0.706344
    outer loop
      vertex -4.54316 23.3099 5
      vertex -4.77811 25.0945 3.2
      vertex -5 25.08 3.2
    endloop
  endfacet
  facet normal 0.138222 0.694247 0.70634
    outer loop
      vertex -5.45684 23.3099 5
      vertex -5.43999 25.1379 3.2
      vertex -5.90587 23.3993 5
    endloop
  endfacet
  facet normal 0.694265 0.13808 0.70635
    outer loop
      vertex -8.38074 25.8741 5
      vertex -6.64207 26.34 3.2
      vertex -8.47006 26.3232 5
    endloop
  endfacet
  facet normal -0.706349 0.0462961 0.706349
    outer loop
      vertex -1.52994 26.3232 5
      vertex -1.5 26.78 5
      vertex -3.3 26.78 3.2
    endloop
  endfacet
  facet normal -0.532186 0.466738 0.706352
    outer loop
      vertex -2.52513 24.3051 5
      vertex -2.22326 24.6493 5
      vertex -3.6513 25.7451 3.2
    endloop
  endfacet
  facet normal -0.694261 0.13812 0.706346
    outer loop
      vertex -1.52994 26.3232 5
      vertex -3.31454 26.5581 3.2
      vertex -3.35793 26.34 3.2
    endloop
  endfacet
  facet normal -0.694265 0.13808 0.70635
    outer loop
      vertex -1.61926 25.8741 5
      vertex -1.52994 26.3232 5
      vertex -3.35793 26.34 3.2
    endloop
  endfacet
  facet normal -0.0462304 0.706351 0.706351
    outer loop
      vertex -4.54316 23.3099 5
      vertex -5 25.08 3.2
      vertex -5 23.28 5
    endloop
  endfacet
  facet normal -0.2276 0.670291 0.706334
    outer loop
      vertex -4.09413 23.3993 5
      vertex -4.34944 25.2094 3.2
      vertex -4.56001 25.1379 3.2
    endloop
  endfacet
  facet normal -0.393174 0.588615 0.706361
    outer loop
      vertex -3.25 23.7489 5
      vertex -3.96511 25.4313 3.2
      vertex -4.15 25.3078 3.2
    endloop
  endfacet
  facet normal 0.588576 0.393254 0.70635
    outer loop
      vertex -6.3487 25.7451 3.2
      vertex -6.47224 25.93 3.2
      vertex -8.03109 25.03 5
    endloop
  endfacet
  facet normal 0.0462304 -0.706351 0.706351
    outer loop
      vertex -5 28.48 3.2
      vertex -5 30.28 5
      vertex -5.45684 30.2501 5
    endloop
  endfacet
  facet normal 0.694265 -0.13808 0.70635
    outer loop
      vertex -6.64207 27.22 3.2
      vertex -8.38074 27.6859 5
      vertex -8.47006 27.2368 5
    endloop
  endfacet
  facet normal -0.634841 0.313122 0.706351
    outer loop
      vertex -1.96891 25.03 5
      vertex -3.42941 26.1294 3.2
      vertex -3.52776 25.93 3.2
    endloop
  endfacet
  facet normal -0.588584 0.393239 0.706351
    outer loop
      vertex -2.22326 24.6493 5
      vertex -1.96891 25.03 5
      vertex -3.6513 25.7451 3.2
    endloop
  endfacet
  facet normal -0.706351 0.0462836 0.706347
    outer loop
      vertex -1.52994 26.3232 5
      vertex -3.3 26.78 3.2
      vertex -3.31454 26.5581 3.2
    endloop
  endfacet
  facet normal -0.138151 0.694254 0.706347
    outer loop
      vertex -4.54316 23.3099 5
      vertex -4.56001 25.1379 3.2
      vertex -4.77811 25.0945 3.2
    endloop
  endfacet
  facet normal -0.227452 0.670326 0.706349
    outer loop
      vertex -4.09413 23.3993 5
      vertex -3.66061 23.5464 5
      vertex -4.34944 25.2094 3.2
    endloop
  endfacet
  facet normal -0.466673 0.532252 0.706346
    outer loop
      vertex -2.86934 24.0033 5
      vertex -2.52513 24.3051 5
      vertex -3.96511 25.4313 3.2
    endloop
  endfacet
  facet normal -0.393325 0.588534 0.706345
    outer loop
      vertex -3.25 23.7489 5
      vertex -2.86934 24.0033 5
      vertex -3.96511 25.4313 3.2
    endloop
  endfacet
  facet normal -0.313091 0.634856 0.706351
    outer loop
      vertex -3.66061 23.5464 5
      vertex -3.25 23.7489 5
      vertex -4.34944 25.2094 3.2
    endloop
  endfacet
  facet normal -0.313195 0.634792 0.706363
    outer loop
      vertex -3.25 23.7489 5
      vertex -4.15 25.3078 3.2
      vertex -4.34944 25.2094 3.2
    endloop
  endfacet
  facet normal 0.634863 0.313087 0.706347
    outer loop
      vertex -8.03109 25.03 5
      vertex -6.57059 26.1294 3.2
      vertex -8.23358 25.4406 5
    endloop
  endfacet
  facet normal 0.466689 0.532235 0.706348
    outer loop
      vertex -6.03489 25.4313 3.2
      vertex -6.20208 25.5779 3.2
      vertex -7.47487 24.3051 5
    endloop
  endfacet
  facet normal 0.588584 0.393239 0.706351
    outer loop
      vertex -7.77674 24.6493 5
      vertex -6.3487 25.7451 3.2
      vertex -8.03109 25.03 5
    endloop
  endfacet
  facet normal 0.2276 0.670291 0.706334
    outer loop
      vertex -5.43999 25.1379 3.2
      vertex -5.65056 25.2094 3.2
      vertex -5.90587 23.3993 5
    endloop
  endfacet
  facet normal 0.0462304 0.706351 0.706351
    outer loop
      vertex -5 23.28 5
      vertex -5 25.08 3.2
      vertex -5.45684 23.3099 5
    endloop
  endfacet
  facet normal 0.393325 0.588534 0.706345
    outer loop
      vertex -6.75 23.7489 5
      vertex -6.03489 25.4313 3.2
      vertex -7.13066 24.0033 5
    endloop
  endfacet
  facet normal -0.694261 -0.13812 0.706346
    outer loop
      vertex -3.31454 27.0019 3.2
      vertex -1.52994 27.2368 5
      vertex -3.35793 27.22 3.2
    endloop
  endfacet
  facet normal -0.694265 -0.13808 0.70635
    outer loop
      vertex -1.52994 27.2368 5
      vertex -1.61926 27.6859 5
      vertex -3.35793 27.22 3.2
    endloop
  endfacet
  facet normal 0.706351 0.0462836 0.706347
    outer loop
      vertex -6.68546 26.5581 3.2
      vertex -6.7 26.78 3.2
      vertex -8.47006 26.3232 5
    endloop
  endfacet
  facet normal 0.532217 -0.466709 0.706348
    outer loop
      vertex -6.3487 27.8149 3.2
      vertex -6.20208 27.9821 3.2
      vertex -7.47487 29.2549 5
    endloop
  endfacet
  facet normal 0.532186 -0.466738 0.706352
    outer loop
      vertex -6.3487 27.8149 3.2
      vertex -7.47487 29.2549 5
      vertex -7.77674 28.9107 5
    endloop
  endfacet
  facet normal 0.313091 -0.634856 0.706351
    outer loop
      vertex -5.65056 28.3506 3.2
      vertex -6.33939 30.0136 5
      vertex -6.75 29.8111 5
    endloop
  endfacet
  facet normal -0.532217 0.466709 0.706348
    outer loop
      vertex -2.52513 24.3051 5
      vertex -3.6513 25.7451 3.2
      vertex -3.79792 25.5779 3.2
    endloop
  endfacet
  facet normal 0.670295 0.227545 0.706348
    outer loop
      vertex -8.23358 25.4406 5
      vertex -6.57059 26.1294 3.2
      vertex -8.38074 25.8741 5
    endloop
  endfacet
  facet normal 0.670304 0.227509 0.706352
    outer loop
      vertex -6.57059 26.1294 3.2
      vertex -6.64207 26.34 3.2
      vertex -8.38074 25.8741 5
    endloop
  endfacet
  facet normal 0.532217 0.466709 0.706348
    outer loop
      vertex -6.20208 25.5779 3.2
      vertex -6.3487 25.7451 3.2
      vertex -7.47487 24.3051 5
    endloop
  endfacet
  facet normal 0.532186 0.466738 0.706352
    outer loop
      vertex -7.47487 24.3051 5
      vertex -6.3487 25.7451 3.2
      vertex -7.77674 24.6493 5
    endloop
  endfacet
  facet normal 0.0461591 0.706362 0.706344
    outer loop
      vertex -5 25.08 3.2
      vertex -5.22189 25.0945 3.2
      vertex -5.45684 23.3099 5
    endloop
  endfacet
  facet normal 0.138151 0.694254 0.706347
    outer loop
      vertex -5.22189 25.0945 3.2
      vertex -5.43999 25.1379 3.2
      vertex -5.45684 23.3099 5
    endloop
  endfacet
  facet normal 0.466673 0.532252 0.706346
    outer loop
      vertex -7.13066 24.0033 5
      vertex -6.03489 25.4313 3.2
      vertex -7.47487 24.3051 5
    endloop
  endfacet
  facet normal -0.2276 -0.670291 0.706334
    outer loop
      vertex -4.34944 28.3506 3.2
      vertex -4.09413 30.1607 5
      vertex -4.56001 28.4221 3.2
    endloop
  endfacet
  facet normal -0.466673 -0.532252 0.706346
    outer loop
      vertex -2.52513 29.2549 5
      vertex -2.86934 29.5567 5
      vertex -3.96511 28.1287 3.2
    endloop
  endfacet
  facet normal -0.670304 -0.227509 0.706352
    outer loop
      vertex -3.35793 27.22 3.2
      vertex -1.61926 27.6859 5
      vertex -3.42941 27.4306 3.2
    endloop
  endfacet
  facet normal 0.706349 0.0462961 0.706349
    outer loop
      vertex -8.47006 26.3232 5
      vertex -6.7 26.78 3.2
      vertex -8.5 26.78 5
    endloop
  endfacet
  facet normal 0.670295 -0.227545 0.706348
    outer loop
      vertex -6.57059 27.4306 3.2
      vertex -8.23358 28.1194 5
      vertex -8.38074 27.6859 5
    endloop
  endfacet
  facet normal 0.634841 -0.313122 0.706351
    outer loop
      vertex -6.57059 27.4306 3.2
      vertex -6.47224 27.63 3.2
      vertex -8.03109 28.53 5
    endloop
  endfacet
  facet normal 0.634863 -0.313087 0.706347
    outer loop
      vertex -6.57059 27.4306 3.2
      vertex -8.03109 28.53 5
      vertex -8.23358 28.1194 5
    endloop
  endfacet
  facet normal 0.588576 -0.393254 0.70635
    outer loop
      vertex -6.47224 27.63 3.2
      vertex -6.3487 27.8149 3.2
      vertex -8.03109 28.53 5
    endloop
  endfacet
  facet normal 0.393325 -0.588534 0.706345
    outer loop
      vertex -6.03489 28.1287 3.2
      vertex -6.75 29.8111 5
      vertex -7.13066 29.5567 5
    endloop
  endfacet
  facet normal 0.466673 -0.532252 0.706346
    outer loop
      vertex -6.03489 28.1287 3.2
      vertex -7.13066 29.5567 5
      vertex -7.47487 29.2549 5
    endloop
  endfacet
  facet normal 0.138222 -0.694247 0.70634
    outer loop
      vertex -5.43999 28.4221 3.2
      vertex -5.45684 30.2501 5
      vertex -5.90587 30.1607 5
    endloop
  endfacet
  facet normal 0.138151 -0.694254 0.706347
    outer loop
      vertex -5.43999 28.4221 3.2
      vertex -5.22189 28.4655 3.2
      vertex -5.45684 30.2501 5
    endloop
  endfacet
  facet normal -0.588576 0.393254 0.70635
    outer loop
      vertex -1.96891 25.03 5
      vertex -3.52776 25.93 3.2
      vertex -3.6513 25.7451 3.2
    endloop
  endfacet
  facet normal 0.634841 0.313122 0.706351
    outer loop
      vertex -6.47224 25.93 3.2
      vertex -6.57059 26.1294 3.2
      vertex -8.03109 25.03 5
    endloop
  endfacet
  facet normal 0.313091 0.634856 0.706351
    outer loop
      vertex -6.33939 23.5464 5
      vertex -5.65056 25.2094 3.2
      vertex -6.75 23.7489 5
    endloop
  endfacet
  facet normal 0.227452 0.670326 0.706349
    outer loop
      vertex -5.90587 23.3993 5
      vertex -5.65056 25.2094 3.2
      vertex -6.33939 23.5464 5
    endloop
  endfacet
  facet normal 0.313195 0.634792 0.706363
    outer loop
      vertex -5.65056 25.2094 3.2
      vertex -5.85 25.3078 3.2
      vertex -6.75 23.7489 5
    endloop
  endfacet
  facet normal 0.393174 0.588615 0.706361
    outer loop
      vertex -5.85 25.3078 3.2
      vertex -6.03489 25.4313 3.2
      vertex -6.75 23.7489 5
    endloop
  endfacet
  facet normal -0.0462304 -0.706351 0.706351
    outer loop
      vertex -4.54316 30.2501 5
      vertex -5 30.28 5
      vertex -5 28.48 3.2
    endloop
  endfacet
  facet normal -0.0461591 -0.706362 0.706344
    outer loop
      vertex -4.77811 28.4655 3.2
      vertex -4.54316 30.2501 5
      vertex -5 28.48 3.2
    endloop
  endfacet
  facet normal -0.138222 -0.694247 0.70634
    outer loop
      vertex -4.09413 30.1607 5
      vertex -4.54316 30.2501 5
      vertex -4.56001 28.4221 3.2
    endloop
  endfacet
  facet normal -0.313091 -0.634856 0.706351
    outer loop
      vertex -3.25 29.8111 5
      vertex -3.66061 30.0136 5
      vertex -4.34944 28.3506 3.2
    endloop
  endfacet
  facet normal -0.227452 -0.670326 0.706349
    outer loop
      vertex -3.66061 30.0136 5
      vertex -4.09413 30.1607 5
      vertex -4.34944 28.3506 3.2
    endloop
  endfacet
  facet normal -0.588584 -0.393239 0.706351
    outer loop
      vertex -1.96891 28.53 5
      vertex -2.22326 28.9107 5
      vertex -3.6513 27.8149 3.2
    endloop
  endfacet
  facet normal -0.313195 -0.634792 0.706363
    outer loop
      vertex -4.15 28.2522 3.2
      vertex -3.25 29.8111 5
      vertex -4.34944 28.3506 3.2
    endloop
  endfacet
  facet normal -0.393325 -0.588534 0.706345
    outer loop
      vertex -2.86934 29.5567 5
      vertex -3.25 29.8111 5
      vertex -3.96511 28.1287 3.2
    endloop
  endfacet
  facet normal -0.634863 -0.313087 0.706347
    outer loop
      vertex -1.76642 28.1194 5
      vertex -1.96891 28.53 5
      vertex -3.42941 27.4306 3.2
    endloop
  endfacet
  facet normal -0.670295 -0.227545 0.706348
    outer loop
      vertex -1.61926 27.6859 5
      vertex -1.76642 28.1194 5
      vertex -3.42941 27.4306 3.2
    endloop
  endfacet
  facet normal -0.588576 -0.393254 0.70635
    outer loop
      vertex -3.52776 27.63 3.2
      vertex -1.96891 28.53 5
      vertex -3.6513 27.8149 3.2
    endloop
  endfacet
  facet normal 0.670304 -0.227509 0.706352
    outer loop
      vertex -6.64207 27.22 3.2
      vertex -6.57059 27.4306 3.2
      vertex -8.38074 27.6859 5
    endloop
  endfacet
  facet normal 0.393174 -0.588615 0.706361
    outer loop
      vertex -6.03489 28.1287 3.2
      vertex -5.85 28.2522 3.2
      vertex -6.75 29.8111 5
    endloop
  endfacet
  facet normal 0.227452 -0.670326 0.706349
    outer loop
      vertex -5.65056 28.3506 3.2
      vertex -5.90587 30.1607 5
      vertex -6.33939 30.0136 5
    endloop
  endfacet
  facet normal 0.2276 -0.670291 0.706334
    outer loop
      vertex -5.65056 28.3506 3.2
      vertex -5.43999 28.4221 3.2
      vertex -5.90587 30.1607 5
    endloop
  endfacet
  facet normal -0.138151 -0.694254 0.706347
    outer loop
      vertex -4.56001 28.4221 3.2
      vertex -4.54316 30.2501 5
      vertex -4.77811 28.4655 3.2
    endloop
  endfacet
  facet normal -0.532186 -0.466738 0.706352
    outer loop
      vertex -2.22326 28.9107 5
      vertex -2.52513 29.2549 5
      vertex -3.6513 27.8149 3.2
    endloop
  endfacet
  facet normal -0.466689 -0.532235 0.706348
    outer loop
      vertex -3.79792 27.9821 3.2
      vertex -2.52513 29.2549 5
      vertex -3.96511 28.1287 3.2
    endloop
  endfacet
  facet normal -0.532217 -0.466709 0.706348
    outer loop
      vertex -3.6513 27.8149 3.2
      vertex -2.52513 29.2549 5
      vertex -3.79792 27.9821 3.2
    endloop
  endfacet
  facet normal -0.393174 -0.588615 0.706361
    outer loop
      vertex -3.96511 28.1287 3.2
      vertex -3.25 29.8111 5
      vertex -4.15 28.2522 3.2
    endloop
  endfacet
  facet normal -0.634841 -0.313122 0.706351
    outer loop
      vertex -3.42941 27.4306 3.2
      vertex -1.96891 28.53 5
      vertex -3.52776 27.63 3.2
    endloop
  endfacet
  facet normal 0.706349 -0.0462961 0.706349
    outer loop
      vertex -6.7 26.78 3.2
      vertex -8.47006 27.2368 5
      vertex -8.5 26.78 5
    endloop
  endfacet
  facet normal 0.466689 -0.532235 0.706348
    outer loop
      vertex -6.20208 27.9821 3.2
      vertex -6.03489 28.1287 3.2
      vertex -7.47487 29.2549 5
    endloop
  endfacet
  facet normal 0.313195 -0.634792 0.706363
    outer loop
      vertex -5.85 28.2522 3.2
      vertex -5.65056 28.3506 3.2
      vertex -6.75 29.8111 5
    endloop
  endfacet
  facet normal 0.706351 -0.0462836 0.706347
    outer loop
      vertex -6.7 26.78 3.2
      vertex -6.68546 27.0019 3.2
      vertex -8.47006 27.2368 5
    endloop
  endfacet
  facet normal 0.694261 -0.13812 0.706346
    outer loop
      vertex -6.68546 27.0019 3.2
      vertex -6.64207 27.22 3.2
      vertex -8.47006 27.2368 5
    endloop
  endfacet
  facet normal -0.555551 -0.831483 0
    outer loop
      vertex 45.25 6.47224 0
      vertex 45.4349 6.3487 3.2
      vertex 45.25 6.47224 3.2
    endloop
  endfacet
  facet normal -0.555551 -0.831483 -0
    outer loop
      vertex 45.4349 6.3487 3.2
      vertex 45.25 6.47224 0
      vertex 45.4349 6.3487 0
    endloop
  endfacet
  facet normal 0.946901 -0.321525 0
    outer loop
      vertex 42.7579 5.43999 3.2
      vertex 42.8294 5.65056 0
      vertex 42.8294 5.65056 3.2
    endloop
  endfacet
  facet normal 0.946901 -0.321525 0
    outer loop
      vertex 42.8294 5.65056 0
      vertex 42.7579 5.43999 3.2
      vertex 42.7579 5.43999 0
    endloop
  endfacet
  facet normal 0.321403 0.946943 -0
    outer loop
      vertex 43.96 3.35793 0
      vertex 43.7494 3.42941 3.2
      vertex 43.96 3.35793 3.2
    endloop
  endfacet
  facet normal 0.321403 0.946943 0
    outer loop
      vertex 43.7494 3.42941 3.2
      vertex 43.96 3.35793 0
      vertex 43.7494 3.42941 0
    endloop
  endfacet
  facet normal -0.442349 -0.896843 0
    outer loop
      vertex 45.0506 6.57059 0
      vertex 45.25 6.47224 3.2
      vertex 45.0506 6.57059 3.2
    endloop
  endfacet
  facet normal -0.442349 -0.896843 -0
    outer loop
      vertex 45.25 6.47224 3.2
      vertex 45.0506 6.57059 0
      vertex 45.25 6.47224 0
    endloop
  endfacet
  facet normal 0.321403 -0.946943 0
    outer loop
      vertex 43.7494 6.57059 0
      vertex 43.96 6.64207 3.2
      vertex 43.7494 6.57059 3.2
    endloop
  endfacet
  facet normal 0.321403 -0.946943 0
    outer loop
      vertex 43.96 6.64207 3.2
      vertex 43.7494 6.57059 0
      vertex 43.96 6.64207 0
    endloop
  endfacet
  facet normal 0.896789 -0.442459 0
    outer loop
      vertex 42.8294 5.65056 3.2
      vertex 42.9278 5.85 0
      vertex 42.9278 5.85 3.2
    endloop
  endfacet
  facet normal 0.896789 -0.442459 0
    outer loop
      vertex 42.9278 5.85 0
      vertex 42.8294 5.65056 3.2
      vertex 42.8294 5.65056 0
    endloop
  endfacet
  facet normal 0.896789 0.442459 0
    outer loop
      vertex 42.9278 4.15 3.2
      vertex 42.8294 4.34944 0
      vertex 42.8294 4.34944 3.2
    endloop
  endfacet
  facet normal 0.896789 0.442459 0
    outer loop
      vertex 42.8294 4.34944 0
      vertex 42.9278 4.15 3.2
      vertex 42.9278 4.15 0
    endloop
  endfacet
  facet normal -0.946901 -0.321525 0
    outer loop
      vertex 46.0421 5.43999 0
      vertex 45.9706 5.65056 3.2
      vertex 45.9706 5.65056 0
    endloop
  endfacet
  facet normal -0.946901 -0.321525 0
    outer loop
      vertex 45.9706 5.65056 3.2
      vertex 46.0421 5.43999 0
      vertex 46.0421 5.43999 3.2
    endloop
  endfacet
  facet normal -0.831552 -0.555447 0
    outer loop
      vertex 45.8722 5.85 0
      vertex 45.7487 6.03489 3.2
      vertex 45.7487 6.03489 0
    endloop
  endfacet
  facet normal -0.831552 -0.555447 0
    outer loop
      vertex 45.7487 6.03489 3.2
      vertex 45.8722 5.85 0
      vertex 45.8722 5.85 3.2
    endloop
  endfacet
  facet normal -0.751888 -0.659291 0
    outer loop
      vertex 45.7487 6.03489 0
      vertex 45.6021 6.20208 3.2
      vertex 45.6021 6.20208 0
    endloop
  endfacet
  facet normal -0.751888 -0.659291 0
    outer loop
      vertex 45.6021 6.20208 3.2
      vertex 45.7487 6.03489 0
      vertex 45.7487 6.03489 3.2
    endloop
  endfacet
  facet normal -0.321403 -0.946943 0
    outer loop
      vertex 44.84 6.64207 0
      vertex 45.0506 6.57059 3.2
      vertex 44.84 6.64207 3.2
    endloop
  endfacet
  facet normal -0.321403 -0.946943 -0
    outer loop
      vertex 45.0506 6.57059 3.2
      vertex 44.84 6.64207 0
      vertex 45.0506 6.57059 0
    endloop
  endfacet
  facet normal -0.0653848 -0.99786 0
    outer loop
      vertex 44.4 6.7 0
      vertex 44.6219 6.68546 3.2
      vertex 44.4 6.7 3.2
    endloop
  endfacet
  facet normal -0.0653848 -0.99786 -0
    outer loop
      vertex 44.6219 6.68546 3.2
      vertex 44.4 6.7 0
      vertex 44.6219 6.68546 0
    endloop
  endfacet
  facet normal 0.751888 -0.659291 0
    outer loop
      vertex 43.0513 6.03489 3.2
      vertex 43.1979 6.20208 0
      vertex 43.1979 6.20208 3.2
    endloop
  endfacet
  facet normal 0.751888 -0.659291 0
    outer loop
      vertex 43.1979 6.20208 0
      vertex 43.0513 6.03489 3.2
      vertex 43.0513 6.03489 0
    endloop
  endfacet
  facet normal 0.659319 -0.751863 0
    outer loop
      vertex 43.1979 6.20208 0
      vertex 43.3651 6.3487 3.2
      vertex 43.1979 6.20208 3.2
    endloop
  endfacet
  facet normal 0.659319 -0.751863 0
    outer loop
      vertex 43.3651 6.3487 3.2
      vertex 43.1979 6.20208 0
      vertex 43.3651 6.3487 0
    endloop
  endfacet
  facet normal -0.997872 -0.0652086 0
    outer loop
      vertex 46.1 5 0
      vertex 46.0855 5.22189 3.2
      vertex 46.0855 5.22189 0
    endloop
  endfacet
  facet normal -0.997872 -0.0652086 0
    outer loop
      vertex 46.0855 5.22189 3.2
      vertex 46.1 5 0
      vertex 46.1 5 3.2
    endloop
  endfacet
  facet normal -0.321403 0.946943 0
    outer loop
      vertex 45.0506 3.42941 0
      vertex 44.84 3.35793 3.2
      vertex 45.0506 3.42941 3.2
    endloop
  endfacet
  facet normal -0.321403 0.946943 0
    outer loop
      vertex 44.84 3.35793 3.2
      vertex 45.0506 3.42941 0
      vertex 44.84 3.35793 0
    endloop
  endfacet
  facet normal -0.831552 0.555447 0
    outer loop
      vertex 45.7487 3.96511 0
      vertex 45.8722 4.15 3.2
      vertex 45.8722 4.15 0
    endloop
  endfacet
  facet normal -0.831552 0.555447 0
    outer loop
      vertex 45.8722 4.15 3.2
      vertex 45.7487 3.96511 0
      vertex 45.7487 3.96511 3.2
    endloop
  endfacet
  facet normal -0.751888 0.659291 0
    outer loop
      vertex 45.6021 3.79792 0
      vertex 45.7487 3.96511 3.2
      vertex 45.7487 3.96511 0
    endloop
  endfacet
  facet normal -0.751888 0.659291 0
    outer loop
      vertex 45.7487 3.96511 3.2
      vertex 45.6021 3.79792 0
      vertex 45.6021 3.79792 3.2
    endloop
  endfacet
  facet normal 0.659319 0.751863 -0
    outer loop
      vertex 43.3651 3.6513 0
      vertex 43.1979 3.79792 3.2
      vertex 43.3651 3.6513 3.2
    endloop
  endfacet
  facet normal 0.659319 0.751863 0
    outer loop
      vertex 43.1979 3.79792 3.2
      vertex 43.3651 3.6513 0
      vertex 43.1979 3.79792 0
    endloop
  endfacet
  facet normal -0.98077 -0.195165 0
    outer loop
      vertex 46.0855 5.22189 0
      vertex 46.0421 5.43999 3.2
      vertex 46.0421 5.43999 0
    endloop
  endfacet
  facet normal -0.98077 -0.195165 0
    outer loop
      vertex 46.0421 5.43999 3.2
      vertex 46.0855 5.22189 0
      vertex 46.0855 5.22189 3.2
    endloop
  endfacet
  facet normal -0.896789 -0.442459 0
    outer loop
      vertex 45.9706 5.65056 0
      vertex 45.8722 5.85 3.2
      vertex 45.8722 5.85 0
    endloop
  endfacet
  facet normal -0.896789 -0.442459 0
    outer loop
      vertex 45.8722 5.85 3.2
      vertex 45.9706 5.65056 0
      vertex 45.9706 5.65056 3.2
    endloop
  endfacet
  facet normal -0.659319 -0.751863 0
    outer loop
      vertex 45.4349 6.3487 0
      vertex 45.6021 6.20208 3.2
      vertex 45.4349 6.3487 3.2
    endloop
  endfacet
  facet normal -0.659319 -0.751863 -0
    outer loop
      vertex 45.6021 6.20208 3.2
      vertex 45.4349 6.3487 0
      vertex 45.6021 6.20208 0
    endloop
  endfacet
  facet normal -0.195122 -0.980779 0
    outer loop
      vertex 44.6219 6.68546 0
      vertex 44.84 6.64207 3.2
      vertex 44.6219 6.68546 3.2
    endloop
  endfacet
  facet normal -0.195122 -0.980779 -0
    outer loop
      vertex 44.84 6.64207 3.2
      vertex 44.6219 6.68546 0
      vertex 44.84 6.64207 0
    endloop
  endfacet
  facet normal 0.997872 -0.0652086 0
    outer loop
      vertex 42.7 5 3.2
      vertex 42.7145 5.22189 0
      vertex 42.7145 5.22189 3.2
    endloop
  endfacet
  facet normal 0.997872 -0.0652086 0
    outer loop
      vertex 42.7145 5.22189 0
      vertex 42.7 5 3.2
      vertex 42.7 5 0
    endloop
  endfacet
  facet normal 0.0653848 -0.99786 0
    outer loop
      vertex 44.1781 6.68546 0
      vertex 44.4 6.7 3.2
      vertex 44.1781 6.68546 3.2
    endloop
  endfacet
  facet normal 0.0653848 -0.99786 0
    outer loop
      vertex 44.4 6.7 3.2
      vertex 44.1781 6.68546 0
      vertex 44.4 6.7 0
    endloop
  endfacet
  facet normal 0.195122 -0.980779 0
    outer loop
      vertex 43.96 6.64207 0
      vertex 44.1781 6.68546 3.2
      vertex 43.96 6.64207 3.2
    endloop
  endfacet
  facet normal 0.195122 -0.980779 0
    outer loop
      vertex 44.1781 6.68546 3.2
      vertex 43.96 6.64207 0
      vertex 44.1781 6.68546 0
    endloop
  endfacet
  facet normal 0.442349 -0.896843 0
    outer loop
      vertex 43.55 6.47224 0
      vertex 43.7494 6.57059 3.2
      vertex 43.55 6.47224 3.2
    endloop
  endfacet
  facet normal 0.442349 -0.896843 0
    outer loop
      vertex 43.7494 6.57059 3.2
      vertex 43.55 6.47224 0
      vertex 43.7494 6.57059 0
    endloop
  endfacet
  facet normal 0.555551 -0.831483 0
    outer loop
      vertex 43.3651 6.3487 0
      vertex 43.55 6.47224 3.2
      vertex 43.3651 6.3487 3.2
    endloop
  endfacet
  facet normal 0.555551 -0.831483 0
    outer loop
      vertex 43.55 6.47224 3.2
      vertex 43.3651 6.3487 0
      vertex 43.55 6.47224 0
    endloop
  endfacet
  facet normal -0.997872 0.0652086 0
    outer loop
      vertex 46.0855 4.77811 0
      vertex 46.1 5 3.2
      vertex 46.1 5 0
    endloop
  endfacet
  facet normal -0.997872 0.0652086 0
    outer loop
      vertex 46.1 5 3.2
      vertex 46.0855 4.77811 0
      vertex 46.0855 4.77811 3.2
    endloop
  endfacet
  facet normal -0.98077 0.195165 0
    outer loop
      vertex 46.0421 4.56001 0
      vertex 46.0855 4.77811 3.2
      vertex 46.0855 4.77811 0
    endloop
  endfacet
  facet normal -0.98077 0.195165 0
    outer loop
      vertex 46.0855 4.77811 3.2
      vertex 46.0421 4.56001 0
      vertex 46.0421 4.56001 3.2
    endloop
  endfacet
  facet normal -0.0653848 0.99786 0
    outer loop
      vertex 44.6219 3.31454 0
      vertex 44.4 3.3 3.2
      vertex 44.6219 3.31454 3.2
    endloop
  endfacet
  facet normal -0.0653848 0.99786 0
    outer loop
      vertex 44.4 3.3 3.2
      vertex 44.6219 3.31454 0
      vertex 44.4 3.3 0
    endloop
  endfacet
  facet normal -0.195122 0.980779 0
    outer loop
      vertex 44.84 3.35793 0
      vertex 44.6219 3.31454 3.2
      vertex 44.84 3.35793 3.2
    endloop
  endfacet
  facet normal -0.195122 0.980779 0
    outer loop
      vertex 44.6219 3.31454 3.2
      vertex 44.84 3.35793 0
      vertex 44.6219 3.31454 0
    endloop
  endfacet
  facet normal -0.442349 0.896843 0
    outer loop
      vertex 45.25 3.52776 0
      vertex 45.0506 3.42941 3.2
      vertex 45.25 3.52776 3.2
    endloop
  endfacet
  facet normal -0.442349 0.896843 0
    outer loop
      vertex 45.0506 3.42941 3.2
      vertex 45.25 3.52776 0
      vertex 45.0506 3.42941 0
    endloop
  endfacet
  facet normal -0.659319 0.751863 0
    outer loop
      vertex 45.6021 3.79792 0
      vertex 45.4349 3.6513 3.2
      vertex 45.6021 3.79792 3.2
    endloop
  endfacet
  facet normal -0.659319 0.751863 0
    outer loop
      vertex 45.4349 3.6513 3.2
      vertex 45.6021 3.79792 0
      vertex 45.4349 3.6513 0
    endloop
  endfacet
  facet normal -0.555551 0.831483 0
    outer loop
      vertex 45.4349 3.6513 0
      vertex 45.25 3.52776 3.2
      vertex 45.4349 3.6513 3.2
    endloop
  endfacet
  facet normal -0.555551 0.831483 0
    outer loop
      vertex 45.25 3.52776 3.2
      vertex 45.4349 3.6513 0
      vertex 45.25 3.52776 0
    endloop
  endfacet
  facet normal -0.946901 0.321525 0
    outer loop
      vertex 45.9706 4.34944 0
      vertex 46.0421 4.56001 3.2
      vertex 46.0421 4.56001 0
    endloop
  endfacet
  facet normal -0.946901 0.321525 0
    outer loop
      vertex 46.0421 4.56001 3.2
      vertex 45.9706 4.34944 0
      vertex 45.9706 4.34944 3.2
    endloop
  endfacet
  facet normal -0.896789 0.442459 0
    outer loop
      vertex 45.8722 4.15 0
      vertex 45.9706 4.34944 3.2
      vertex 45.9706 4.34944 0
    endloop
  endfacet
  facet normal -0.896789 0.442459 0
    outer loop
      vertex 45.9706 4.34944 3.2
      vertex 45.8722 4.15 0
      vertex 45.8722 4.15 3.2
    endloop
  endfacet
  facet normal 0.195122 0.980779 -0
    outer loop
      vertex 44.1781 3.31454 0
      vertex 43.96 3.35793 3.2
      vertex 44.1781 3.31454 3.2
    endloop
  endfacet
  facet normal 0.195122 0.980779 0
    outer loop
      vertex 43.96 3.35793 3.2
      vertex 44.1781 3.31454 0
      vertex 43.96 3.35793 0
    endloop
  endfacet
  facet normal 0.0653848 0.99786 -0
    outer loop
      vertex 44.4 3.3 0
      vertex 44.1781 3.31454 3.2
      vertex 44.4 3.3 3.2
    endloop
  endfacet
  facet normal 0.0653848 0.99786 0
    outer loop
      vertex 44.1781 3.31454 3.2
      vertex 44.4 3.3 0
      vertex 44.1781 3.31454 0
    endloop
  endfacet
  facet normal 0.555551 0.831483 -0
    outer loop
      vertex 43.55 3.52776 0
      vertex 43.3651 3.6513 3.2
      vertex 43.55 3.52776 3.2
    endloop
  endfacet
  facet normal 0.555551 0.831483 0
    outer loop
      vertex 43.3651 3.6513 3.2
      vertex 43.55 3.52776 0
      vertex 43.3651 3.6513 0
    endloop
  endfacet
  facet normal 0.946901 0.321525 0
    outer loop
      vertex 42.8294 4.34944 3.2
      vertex 42.7579 4.56001 0
      vertex 42.7579 4.56001 3.2
    endloop
  endfacet
  facet normal 0.946901 0.321525 0
    outer loop
      vertex 42.7579 4.56001 0
      vertex 42.8294 4.34944 3.2
      vertex 42.8294 4.34944 0
    endloop
  endfacet
  facet normal 0.997872 0.0652086 0
    outer loop
      vertex 42.7145 4.77811 3.2
      vertex 42.7 5 0
      vertex 42.7 5 3.2
    endloop
  endfacet
  facet normal 0.997872 0.0652086 0
    outer loop
      vertex 42.7 5 0
      vertex 42.7145 4.77811 3.2
      vertex 42.7145 4.77811 0
    endloop
  endfacet
  facet normal 0.751888 0.659291 0
    outer loop
      vertex 43.1979 3.79792 3.2
      vertex 43.0513 3.96511 0
      vertex 43.0513 3.96511 3.2
    endloop
  endfacet
  facet normal 0.751888 0.659291 0
    outer loop
      vertex 43.0513 3.96511 0
      vertex 43.1979 3.79792 3.2
      vertex 43.1979 3.79792 0
    endloop
  endfacet
  facet normal 0.98077 -0.195165 0
    outer loop
      vertex 42.7145 5.22189 3.2
      vertex 42.7579 5.43999 0
      vertex 42.7579 5.43999 3.2
    endloop
  endfacet
  facet normal 0.98077 -0.195165 0
    outer loop
      vertex 42.7579 5.43999 0
      vertex 42.7145 5.22189 3.2
      vertex 42.7145 5.22189 0
    endloop
  endfacet
  facet normal 0.831552 -0.555447 0
    outer loop
      vertex 42.9278 5.85 3.2
      vertex 43.0513 6.03489 0
      vertex 43.0513 6.03489 3.2
    endloop
  endfacet
  facet normal 0.831552 -0.555447 0
    outer loop
      vertex 43.0513 6.03489 0
      vertex 42.9278 5.85 3.2
      vertex 42.9278 5.85 0
    endloop
  endfacet
  facet normal 0.442349 0.896843 -0
    outer loop
      vertex 43.7494 3.42941 0
      vertex 43.55 3.52776 3.2
      vertex 43.7494 3.42941 3.2
    endloop
  endfacet
  facet normal 0.442349 0.896843 0
    outer loop
      vertex 43.55 3.52776 3.2
      vertex 43.7494 3.42941 0
      vertex 43.55 3.52776 0
    endloop
  endfacet
  facet normal 0.98077 0.195165 0
    outer loop
      vertex 42.7579 4.56001 3.2
      vertex 42.7145 4.77811 0
      vertex 42.7145 4.77811 3.2
    endloop
  endfacet
  facet normal 0.98077 0.195165 0
    outer loop
      vertex 42.7145 4.77811 0
      vertex 42.7579 4.56001 3.2
      vertex 42.7579 4.56001 0
    endloop
  endfacet
  facet normal 0.831552 0.555447 0
    outer loop
      vertex 43.0513 3.96511 3.2
      vertex 42.9278 4.15 0
      vertex 42.9278 4.15 3.2
    endloop
  endfacet
  facet normal 0.831552 0.555447 0
    outer loop
      vertex 42.9278 4.15 0
      vertex 43.0513 3.96511 3.2
      vertex 43.0513 3.96511 0
    endloop
  endfacet
  facet normal -0.706351 -0.0462304 0.706351
    outer loop
      vertex 47.9 5 5
      vertex 47.8701 5.45684 5
      vertex 46.1 5 3.2
    endloop
  endfacet
  facet normal -0.706362 -0.0461591 0.706344
    outer loop
      vertex 46.1 5 3.2
      vertex 47.8701 5.45684 5
      vertex 46.0855 5.22189 3.2
    endloop
  endfacet
  facet normal -0.670326 0.227452 0.706349
    outer loop
      vertex 47.6336 3.66061 5
      vertex 47.7807 4.09413 5
      vertex 45.9706 4.34944 3.2
    endloop
  endfacet
  facet normal 0.694254 0.138151 0.706347
    outer loop
      vertex 42.7579 4.56001 3.2
      vertex 42.7145 4.77811 3.2
      vertex 40.9299 4.54316 5
    endloop
  endfacet
  facet normal 0.588534 -0.393325 0.706345
    outer loop
      vertex 43.0513 6.03489 3.2
      vertex 41.6233 7.13066 5
      vertex 41.3689 6.75 5
    endloop
  endfacet
  facet normal -0.634856 0.313091 0.706351
    outer loop
      vertex 47.4311 3.25 5
      vertex 47.6336 3.66061 5
      vertex 45.9706 4.34944 3.2
    endloop
  endfacet
  facet normal -0.13808 0.694265 0.70635
    outer loop
      vertex 44.8568 1.52994 5
      vertex 45.3059 1.61926 5
      vertex 44.84 3.35793 3.2
    endloop
  endfacet
  facet normal 0.0462836 -0.706351 0.706347
    outer loop
      vertex 44.1781 6.68546 3.2
      vertex 44.4 6.7 3.2
      vertex 43.9432 8.47006 5
    endloop
  endfacet
  facet normal -0.670291 0.2276 0.706334
    outer loop
      vertex 47.7807 4.09413 5
      vertex 46.0421 4.56001 3.2
      vertex 45.9706 4.34944 3.2
    endloop
  endfacet
  facet normal -0.466709 0.532217 0.706348
    outer loop
      vertex 46.8749 2.52513 5
      vertex 45.6021 3.79792 3.2
      vertex 45.4349 3.6513 3.2
    endloop
  endfacet
  facet normal -0.0462836 0.706351 0.706347
    outer loop
      vertex 44.8568 1.52994 5
      vertex 44.6219 3.31454 3.2
      vertex 44.4 3.3 3.2
    endloop
  endfacet
  facet normal 0.13808 0.694265 0.70635
    outer loop
      vertex 43.9432 1.52994 5
      vertex 43.96 3.35793 3.2
      vertex 43.4941 1.61926 5
    endloop
  endfacet
  facet normal 0.694247 0.138222 0.70634
    outer loop
      vertex 41.0193 4.09413 5
      vertex 42.7579 4.56001 3.2
      vertex 40.9299 4.54316 5
    endloop
  endfacet
  facet normal -0.706351 0.0462304 0.706351
    outer loop
      vertex 47.8701 4.54316 5
      vertex 47.9 5 5
      vertex 46.1 5 3.2
    endloop
  endfacet
  facet normal -0.532252 0.466673 0.706346
    outer loop
      vertex 46.8749 2.52513 5
      vertex 47.1767 2.86934 5
      vertex 45.7487 3.96511 3.2
    endloop
  endfacet
  facet normal -0.694254 0.138151 0.706347
    outer loop
      vertex 47.8701 4.54316 5
      vertex 46.0855 4.77811 3.2
      vertex 46.0421 4.56001 3.2
    endloop
  endfacet
  facet normal -0.694247 0.138222 0.70634
    outer loop
      vertex 47.7807 4.09413 5
      vertex 47.8701 4.54316 5
      vertex 46.0421 4.56001 3.2
    endloop
  endfacet
  facet normal -0.0462961 0.706349 0.706349
    outer loop
      vertex 44.8568 1.52994 5
      vertex 44.4 3.3 3.2
      vertex 44.4 1.5 5
    endloop
  endfacet
  facet normal -0.227509 0.670304 0.706352
    outer loop
      vertex 45.3059 1.61926 5
      vertex 45.0506 3.42941 3.2
      vertex 44.84 3.35793 3.2
    endloop
  endfacet
  facet normal -0.393254 0.588576 0.70635
    outer loop
      vertex 46.15 1.96891 5
      vertex 45.4349 3.6513 3.2
      vertex 45.25 3.52776 3.2
    endloop
  endfacet
  facet normal 0.588615 0.393174 0.706361
    outer loop
      vertex 43.0513 3.96511 3.2
      vertex 42.9278 4.15 3.2
      vertex 41.3689 3.25 5
    endloop
  endfacet
  facet normal 0.0462961 -0.706349 0.706349
    outer loop
      vertex 44.4 6.7 3.2
      vertex 44.4 8.5 5
      vertex 43.9432 8.47006 5
    endloop
  endfacet
  facet normal 0.694247 -0.138222 0.70634
    outer loop
      vertex 42.7579 5.43999 3.2
      vertex 41.0193 5.90587 5
      vertex 40.9299 5.45684 5
    endloop
  endfacet
  facet normal -0.634792 0.313195 0.706363
    outer loop
      vertex 47.4311 3.25 5
      vertex 45.9706 4.34944 3.2
      vertex 45.8722 4.15 3.2
    endloop
  endfacet
  facet normal -0.588534 0.393325 0.706345
    outer loop
      vertex 47.1767 2.86934 5
      vertex 47.4311 3.25 5
      vertex 45.7487 3.96511 3.2
    endloop
  endfacet
  facet normal -0.706362 0.0461591 0.706344
    outer loop
      vertex 47.8701 4.54316 5
      vertex 46.1 5 3.2
      vertex 46.0855 4.77811 3.2
    endloop
  endfacet
  facet normal -0.13812 0.694261 0.706346
    outer loop
      vertex 44.8568 1.52994 5
      vertex 44.84 3.35793 3.2
      vertex 44.6219 3.31454 3.2
    endloop
  endfacet
  facet normal -0.227545 0.670295 0.706348
    outer loop
      vertex 45.3059 1.61926 5
      vertex 45.7394 1.76642 5
      vertex 45.0506 3.42941 3.2
    endloop
  endfacet
  facet normal -0.466738 0.532186 0.706352
    outer loop
      vertex 46.5307 2.22326 5
      vertex 46.8749 2.52513 5
      vertex 45.4349 3.6513 3.2
    endloop
  endfacet
  facet normal -0.393239 0.588584 0.706351
    outer loop
      vertex 46.15 1.96891 5
      vertex 46.5307 2.22326 5
      vertex 45.4349 3.6513 3.2
    endloop
  endfacet
  facet normal -0.313087 0.634863 0.706347
    outer loop
      vertex 45.7394 1.76642 5
      vertex 46.15 1.96891 5
      vertex 45.0506 3.42941 3.2
    endloop
  endfacet
  facet normal -0.313122 0.634841 0.706351
    outer loop
      vertex 46.15 1.96891 5
      vertex 45.25 3.52776 3.2
      vertex 45.0506 3.42941 3.2
    endloop
  endfacet
  facet normal 0.634856 0.313091 0.706351
    outer loop
      vertex 41.3689 3.25 5
      vertex 42.8294 4.34944 3.2
      vertex 41.1664 3.66061 5
    endloop
  endfacet
  facet normal 0.466709 0.532217 0.706348
    outer loop
      vertex 43.3651 3.6513 3.2
      vertex 43.1979 3.79792 3.2
      vertex 41.9251 2.52513 5
    endloop
  endfacet
  facet normal 0.588534 0.393325 0.706345
    outer loop
      vertex 41.6233 2.86934 5
      vertex 43.0513 3.96511 3.2
      vertex 41.3689 3.25 5
    endloop
  endfacet
  facet normal 0.227509 0.670304 0.706352
    outer loop
      vertex 43.96 3.35793 3.2
      vertex 43.7494 3.42941 3.2
      vertex 43.4941 1.61926 5
    endloop
  endfacet
  facet normal 0.0462961 0.706349 0.706349
    outer loop
      vertex 44.4 1.5 5
      vertex 44.4 3.3 3.2
      vertex 43.9432 1.52994 5
    endloop
  endfacet
  facet normal 0.393239 0.588584 0.706351
    outer loop
      vertex 42.65 1.96891 5
      vertex 43.3651 3.6513 3.2
      vertex 42.2693 2.22326 5
    endloop
  endfacet
  facet normal -0.694254 -0.138151 0.706347
    outer loop
      vertex 46.0855 5.22189 3.2
      vertex 47.8701 5.45684 5
      vertex 46.0421 5.43999 3.2
    endloop
  endfacet
  facet normal -0.694247 -0.138222 0.70634
    outer loop
      vertex 47.8701 5.45684 5
      vertex 47.7807 5.90587 5
      vertex 46.0421 5.43999 3.2
    endloop
  endfacet
  facet normal 0.706362 0.0461591 0.706344
    outer loop
      vertex 42.7145 4.77811 3.2
      vertex 42.7 5 3.2
      vertex 40.9299 4.54316 5
    endloop
  endfacet
  facet normal 0.532235 -0.466689 0.706348
    outer loop
      vertex 43.0513 6.03489 3.2
      vertex 43.1979 6.20208 3.2
      vertex 41.9251 7.47487 5
    endloop
  endfacet
  facet normal 0.532252 -0.466673 0.706346
    outer loop
      vertex 43.0513 6.03489 3.2
      vertex 41.9251 7.47487 5
      vertex 41.6233 7.13066 5
    endloop
  endfacet
  facet normal 0.313087 -0.634863 0.706347
    outer loop
      vertex 43.7494 6.57059 3.2
      vertex 43.0606 8.23358 5
      vertex 42.65 8.03109 5
    endloop
  endfacet
  facet normal -0.532235 0.466689 0.706348
    outer loop
      vertex 46.8749 2.52513 5
      vertex 45.7487 3.96511 3.2
      vertex 45.6021 3.79792 3.2
    endloop
  endfacet
  facet normal 0.670326 0.227452 0.706349
    outer loop
      vertex 41.1664 3.66061 5
      vertex 42.8294 4.34944 3.2
      vertex 41.0193 4.09413 5
    endloop
  endfacet
  facet normal 0.670291 0.2276 0.706334
    outer loop
      vertex 42.8294 4.34944 3.2
      vertex 42.7579 4.56001 3.2
      vertex 41.0193 4.09413 5
    endloop
  endfacet
  facet normal 0.532235 0.466689 0.706348
    outer loop
      vertex 43.1979 3.79792 3.2
      vertex 43.0513 3.96511 3.2
      vertex 41.9251 2.52513 5
    endloop
  endfacet
  facet normal 0.532252 0.466673 0.706346
    outer loop
      vertex 41.9251 2.52513 5
      vertex 43.0513 3.96511 3.2
      vertex 41.6233 2.86934 5
    endloop
  endfacet
  facet normal 0.0462836 0.706351 0.706347
    outer loop
      vertex 44.4 3.3 3.2
      vertex 44.1781 3.31454 3.2
      vertex 43.9432 1.52994 5
    endloop
  endfacet
  facet normal 0.13812 0.694261 0.706346
    outer loop
      vertex 44.1781 3.31454 3.2
      vertex 43.96 3.35793 3.2
      vertex 43.9432 1.52994 5
    endloop
  endfacet
  facet normal 0.466738 0.532186 0.706352
    outer loop
      vertex 42.2693 2.22326 5
      vertex 43.3651 3.6513 3.2
      vertex 41.9251 2.52513 5
    endloop
  endfacet
  facet normal -0.227509 -0.670304 0.706352
    outer loop
      vertex 45.0506 6.57059 3.2
      vertex 45.3059 8.38074 5
      vertex 44.84 6.64207 3.2
    endloop
  endfacet
  facet normal -0.466738 -0.532186 0.706352
    outer loop
      vertex 46.8749 7.47487 5
      vertex 46.5307 7.77674 5
      vertex 45.4349 6.3487 3.2
    endloop
  endfacet
  facet normal -0.670291 -0.2276 0.706334
    outer loop
      vertex 46.0421 5.43999 3.2
      vertex 47.7807 5.90587 5
      vertex 45.9706 5.65056 3.2
    endloop
  endfacet
  facet normal 0.706351 0.0462304 0.706351
    outer loop
      vertex 40.9299 4.54316 5
      vertex 42.7 5 3.2
      vertex 40.9 5 5
    endloop
  endfacet
  facet normal 0.670326 -0.227452 0.706349
    outer loop
      vertex 42.8294 5.65056 3.2
      vertex 41.1664 6.33939 5
      vertex 41.0193 5.90587 5
    endloop
  endfacet
  facet normal 0.634792 -0.313195 0.706363
    outer loop
      vertex 42.8294 5.65056 3.2
      vertex 42.9278 5.85 3.2
      vertex 41.3689 6.75 5
    endloop
  endfacet
  facet normal 0.634856 -0.313091 0.706351
    outer loop
      vertex 42.8294 5.65056 3.2
      vertex 41.3689 6.75 5
      vertex 41.1664 6.33939 5
    endloop
  endfacet
  facet normal 0.588615 -0.393174 0.706361
    outer loop
      vertex 42.9278 5.85 3.2
      vertex 43.0513 6.03489 3.2
      vertex 41.3689 6.75 5
    endloop
  endfacet
  facet normal 0.393239 -0.588584 0.706351
    outer loop
      vertex 43.3651 6.3487 3.2
      vertex 42.65 8.03109 5
      vertex 42.2693 7.77674 5
    endloop
  endfacet
  facet normal 0.466738 -0.532186 0.706352
    outer loop
      vertex 43.3651 6.3487 3.2
      vertex 42.2693 7.77674 5
      vertex 41.9251 7.47487 5
    endloop
  endfacet
  facet normal 0.13808 -0.694265 0.70635
    outer loop
      vertex 43.96 6.64207 3.2
      vertex 43.9432 8.47006 5
      vertex 43.4941 8.38074 5
    endloop
  endfacet
  facet normal 0.13812 -0.694261 0.706346
    outer loop
      vertex 43.96 6.64207 3.2
      vertex 44.1781 6.68546 3.2
      vertex 43.9432 8.47006 5
    endloop
  endfacet
  facet normal -0.588615 0.393174 0.706361
    outer loop
      vertex 47.4311 3.25 5
      vertex 45.8722 4.15 3.2
      vertex 45.7487 3.96511 3.2
    endloop
  endfacet
  facet normal 0.634792 0.313195 0.706363
    outer loop
      vertex 42.9278 4.15 3.2
      vertex 42.8294 4.34944 3.2
      vertex 41.3689 3.25 5
    endloop
  endfacet
  facet normal 0.313087 0.634863 0.706347
    outer loop
      vertex 43.0606 1.76642 5
      vertex 43.7494 3.42941 3.2
      vertex 42.65 1.96891 5
    endloop
  endfacet
  facet normal 0.227545 0.670295 0.706348
    outer loop
      vertex 43.4941 1.61926 5
      vertex 43.7494 3.42941 3.2
      vertex 43.0606 1.76642 5
    endloop
  endfacet
  facet normal 0.313122 0.634841 0.706351
    outer loop
      vertex 43.7494 3.42941 3.2
      vertex 43.55 3.52776 3.2
      vertex 42.65 1.96891 5
    endloop
  endfacet
  facet normal 0.393254 0.588576 0.70635
    outer loop
      vertex 43.55 3.52776 3.2
      vertex 43.3651 3.6513 3.2
      vertex 42.65 1.96891 5
    endloop
  endfacet
  facet normal -0.0462961 -0.706349 0.706349
    outer loop
      vertex 44.8568 8.47006 5
      vertex 44.4 8.5 5
      vertex 44.4 6.7 3.2
    endloop
  endfacet
  facet normal -0.0462836 -0.706351 0.706347
    outer loop
      vertex 44.6219 6.68546 3.2
      vertex 44.8568 8.47006 5
      vertex 44.4 6.7 3.2
    endloop
  endfacet
  facet normal -0.13808 -0.694265 0.70635
    outer loop
      vertex 45.3059 8.38074 5
      vertex 44.8568 8.47006 5
      vertex 44.84 6.64207 3.2
    endloop
  endfacet
  facet normal -0.313087 -0.634863 0.706347
    outer loop
      vertex 46.15 8.03109 5
      vertex 45.7394 8.23358 5
      vertex 45.0506 6.57059 3.2
    endloop
  endfacet
  facet normal -0.227545 -0.670295 0.706348
    outer loop
      vertex 45.7394 8.23358 5
      vertex 45.3059 8.38074 5
      vertex 45.0506 6.57059 3.2
    endloop
  endfacet
  facet normal -0.588534 -0.393325 0.706345
    outer loop
      vertex 47.4311 6.75 5
      vertex 47.1767 7.13066 5
      vertex 45.7487 6.03489 3.2
    endloop
  endfacet
  facet normal -0.313122 -0.634841 0.706351
    outer loop
      vertex 45.25 6.47224 3.2
      vertex 46.15 8.03109 5
      vertex 45.0506 6.57059 3.2
    endloop
  endfacet
  facet normal -0.393239 -0.588584 0.706351
    outer loop
      vertex 46.5307 7.77674 5
      vertex 46.15 8.03109 5
      vertex 45.4349 6.3487 3.2
    endloop
  endfacet
  facet normal -0.634856 -0.313091 0.706351
    outer loop
      vertex 47.6336 6.33939 5
      vertex 47.4311 6.75 5
      vertex 45.9706 5.65056 3.2
    endloop
  endfacet
  facet normal -0.670326 -0.227452 0.706349
    outer loop
      vertex 47.7807 5.90587 5
      vertex 47.6336 6.33939 5
      vertex 45.9706 5.65056 3.2
    endloop
  endfacet
  facet normal -0.588615 -0.393174 0.706361
    outer loop
      vertex 45.8722 5.85 3.2
      vertex 47.4311 6.75 5
      vertex 45.7487 6.03489 3.2
    endloop
  endfacet
  facet normal 0.670291 -0.2276 0.706334
    outer loop
      vertex 42.7579 5.43999 3.2
      vertex 42.8294 5.65056 3.2
      vertex 41.0193 5.90587 5
    endloop
  endfacet
  facet normal 0.393254 -0.588576 0.70635
    outer loop
      vertex 43.3651 6.3487 3.2
      vertex 43.55 6.47224 3.2
      vertex 42.65 8.03109 5
    endloop
  endfacet
  facet normal 0.227545 -0.670295 0.706348
    outer loop
      vertex 43.7494 6.57059 3.2
      vertex 43.4941 8.38074 5
      vertex 43.0606 8.23358 5
    endloop
  endfacet
  facet normal 0.227509 -0.670304 0.706352
    outer loop
      vertex 43.7494 6.57059 3.2
      vertex 43.96 6.64207 3.2
      vertex 43.4941 8.38074 5
    endloop
  endfacet
  facet normal -0.13812 -0.694261 0.706346
    outer loop
      vertex 44.84 6.64207 3.2
      vertex 44.8568 8.47006 5
      vertex 44.6219 6.68546 3.2
    endloop
  endfacet
  facet normal -0.532252 -0.466673 0.706346
    outer loop
      vertex 47.1767 7.13066 5
      vertex 46.8749 7.47487 5
      vertex 45.7487 6.03489 3.2
    endloop
  endfacet
  facet normal -0.466709 -0.532217 0.706348
    outer loop
      vertex 45.6021 6.20208 3.2
      vertex 46.8749 7.47487 5
      vertex 45.4349 6.3487 3.2
    endloop
  endfacet
  facet normal -0.532235 -0.466689 0.706348
    outer loop
      vertex 45.7487 6.03489 3.2
      vertex 46.8749 7.47487 5
      vertex 45.6021 6.20208 3.2
    endloop
  endfacet
  facet normal -0.393254 -0.588576 0.70635
    outer loop
      vertex 45.4349 6.3487 3.2
      vertex 46.15 8.03109 5
      vertex 45.25 6.47224 3.2
    endloop
  endfacet
  facet normal -0.634792 -0.313195 0.706363
    outer loop
      vertex 45.9706 5.65056 3.2
      vertex 47.4311 6.75 5
      vertex 45.8722 5.85 3.2
    endloop
  endfacet
  facet normal 0.706351 -0.0462304 0.706351
    outer loop
      vertex 42.7 5 3.2
      vertex 40.9299 5.45684 5
      vertex 40.9 5 5
    endloop
  endfacet
  facet normal 0.466709 -0.532217 0.706348
    outer loop
      vertex 43.1979 6.20208 3.2
      vertex 43.3651 6.3487 3.2
      vertex 41.9251 7.47487 5
    endloop
  endfacet
  facet normal 0.313122 -0.634841 0.706351
    outer loop
      vertex 43.55 6.47224 3.2
      vertex 43.7494 6.57059 3.2
      vertex 42.65 8.03109 5
    endloop
  endfacet
  facet normal 0.706362 -0.0461591 0.706344
    outer loop
      vertex 42.7 5 3.2
      vertex 42.7145 5.22189 3.2
      vertex 40.9299 5.45684 5
    endloop
  endfacet
  facet normal 0.694254 -0.138151 0.706347
    outer loop
      vertex 42.7145 5.22189 3.2
      vertex 42.7579 5.43999 3.2
      vertex 40.9299 5.45684 5
    endloop
  endfacet
  facet normal -0.555426 -0.831566 0
    outer loop
      vertex 45.25 28.2522 0
      vertex 45.4349 28.1287 3.2
      vertex 45.25 28.2522 3.2
    endloop
  endfacet
  facet normal -0.555426 -0.831566 -0
    outer loop
      vertex 45.4349 28.1287 3.2
      vertex 45.25 28.2522 0
      vertex 45.4349 28.1287 0
    endloop
  endfacet
  facet normal 0.321484 0.946915 -0
    outer loop
      vertex 43.96 25.1379 0
      vertex 43.7494 25.2094 3.2
      vertex 43.96 25.1379 3.2
    endloop
  endfacet
  facet normal 0.321484 0.946915 0
    outer loop
      vertex 43.7494 25.2094 3.2
      vertex 43.96 25.1379 0
      vertex 43.7494 25.2094 0
    endloop
  endfacet
  facet normal 0.321484 -0.946915 0
    outer loop
      vertex 43.7494 28.3506 0
      vertex 43.96 28.4221 3.2
      vertex 43.7494 28.3506 3.2
    endloop
  endfacet
  facet normal 0.321484 -0.946915 0
    outer loop
      vertex 43.96 28.4221 3.2
      vertex 43.7494 28.3506 0
      vertex 43.96 28.4221 0
    endloop
  endfacet
  facet normal 0.896754 -0.44253 0
    outer loop
      vertex 42.8294 27.4306 3.2
      vertex 42.9278 27.63 0
      vertex 42.9278 27.63 3.2
    endloop
  endfacet
  facet normal 0.896754 -0.44253 0
    outer loop
      vertex 42.9278 27.63 0
      vertex 42.8294 27.4306 3.2
      vertex 42.8294 27.4306 0
    endloop
  endfacet
  facet normal -0.896754 -0.44253 0
    outer loop
      vertex 45.9706 27.4306 0
      vertex 45.8722 27.63 3.2
      vertex 45.8722 27.63 0
    endloop
  endfacet
  facet normal -0.896754 -0.44253 0
    outer loop
      vertex 45.8722 27.63 3.2
      vertex 45.9706 27.4306 0
      vertex 45.9706 27.4306 3.2
    endloop
  endfacet
  facet normal -0.98077 -0.195165 0
    outer loop
      vertex 46.0855 27.0019 0
      vertex 46.0421 27.22 3.2
      vertex 46.0421 27.22 0
    endloop
  endfacet
  facet normal -0.98077 -0.195165 0
    outer loop
      vertex 46.0421 27.22 3.2
      vertex 46.0855 27.0019 0
      vertex 46.0855 27.0019 3.2
    endloop
  endfacet
  facet normal -0.831566 -0.555426 0
    outer loop
      vertex 45.8722 27.63 0
      vertex 45.7487 27.8149 3.2
      vertex 45.7487 27.8149 0
    endloop
  endfacet
  facet normal -0.831566 -0.555426 0
    outer loop
      vertex 45.7487 27.8149 3.2
      vertex 45.8722 27.63 0
      vertex 45.8722 27.63 3.2
    endloop
  endfacet
  facet normal -0.321484 -0.946915 0
    outer loop
      vertex 44.84 28.4221 0
      vertex 45.0506 28.3506 3.2
      vertex 44.84 28.4221 3.2
    endloop
  endfacet
  facet normal -0.321484 -0.946915 -0
    outer loop
      vertex 45.0506 28.3506 3.2
      vertex 44.84 28.4221 0
      vertex 45.0506 28.3506 0
    endloop
  endfacet
  facet normal -0.0652057 -0.997872 0
    outer loop
      vertex 44.4 28.48 0
      vertex 44.6219 28.4655 3.2
      vertex 44.4 28.48 3.2
    endloop
  endfacet
  facet normal -0.0652057 -0.997872 -0
    outer loop
      vertex 44.6219 28.4655 3.2
      vertex 44.4 28.48 0
      vertex 44.6219 28.4655 0
    endloop
  endfacet
  facet normal -0.195165 -0.98077 0
    outer loop
      vertex 44.6219 28.4655 0
      vertex 44.84 28.4221 3.2
      vertex 44.6219 28.4655 3.2
    endloop
  endfacet
  facet normal -0.195165 -0.98077 -0
    outer loop
      vertex 44.84 28.4221 3.2
      vertex 44.6219 28.4655 0
      vertex 44.84 28.4221 0
    endloop
  endfacet
  facet normal 0.98077 -0.195165 0
    outer loop
      vertex 42.7145 27.0019 3.2
      vertex 42.7579 27.22 0
      vertex 42.7579 27.22 3.2
    endloop
  endfacet
  facet normal 0.98077 -0.195165 0
    outer loop
      vertex 42.7579 27.22 0
      vertex 42.7145 27.0019 3.2
      vertex 42.7145 27.0019 0
    endloop
  endfacet
  facet normal 0.751908 -0.659268 0
    outer loop
      vertex 43.0513 27.8149 3.2
      vertex 43.1979 27.9821 0
      vertex 43.1979 27.9821 3.2
    endloop
  endfacet
  facet normal 0.751908 -0.659268 0
    outer loop
      vertex 43.1979 27.9821 0
      vertex 43.0513 27.8149 3.2
      vertex 43.0513 27.8149 0
    endloop
  endfacet
  facet normal 0.195165 -0.98077 0
    outer loop
      vertex 43.96 28.4221 0
      vertex 44.1781 28.4655 3.2
      vertex 43.96 28.4221 3.2
    endloop
  endfacet
  facet normal 0.195165 -0.98077 0
    outer loop
      vertex 44.1781 28.4655 3.2
      vertex 43.96 28.4221 0
      vertex 44.1781 28.4655 0
    endloop
  endfacet
  facet normal 0.659268 -0.751908 0
    outer loop
      vertex 43.1979 27.9821 0
      vertex 43.3651 28.1287 3.2
      vertex 43.1979 27.9821 3.2
    endloop
  endfacet
  facet normal 0.659268 -0.751908 0
    outer loop
      vertex 43.3651 28.1287 3.2
      vertex 43.1979 27.9821 0
      vertex 43.3651 28.1287 0
    endloop
  endfacet
  facet normal -0.997872 -0.0652057 0
    outer loop
      vertex 46.1 26.78 0
      vertex 46.0855 27.0019 3.2
      vertex 46.0855 27.0019 0
    endloop
  endfacet
  facet normal -0.997872 -0.0652057 0
    outer loop
      vertex 46.0855 27.0019 3.2
      vertex 46.1 26.78 0
      vertex 46.1 26.78 3.2
    endloop
  endfacet
  facet normal -0.321484 0.946915 0
    outer loop
      vertex 45.0506 25.2094 0
      vertex 44.84 25.1379 3.2
      vertex 45.0506 25.2094 3.2
    endloop
  endfacet
  facet normal -0.321484 0.946915 0
    outer loop
      vertex 44.84 25.1379 3.2
      vertex 45.0506 25.2094 0
      vertex 44.84 25.1379 0
    endloop
  endfacet
  facet normal -0.831566 0.555426 0
    outer loop
      vertex 45.7487 25.7451 0
      vertex 45.8722 25.93 3.2
      vertex 45.8722 25.93 0
    endloop
  endfacet
  facet normal -0.831566 0.555426 0
    outer loop
      vertex 45.8722 25.93 3.2
      vertex 45.7487 25.7451 0
      vertex 45.7487 25.7451 3.2
    endloop
  endfacet
  facet normal 0.195165 0.98077 -0
    outer loop
      vertex 44.1781 25.0945 0
      vertex 43.96 25.1379 3.2
      vertex 44.1781 25.0945 3.2
    endloop
  endfacet
  facet normal 0.195165 0.98077 0
    outer loop
      vertex 43.96 25.1379 3.2
      vertex 44.1781 25.0945 0
      vertex 43.96 25.1379 0
    endloop
  endfacet
  facet normal 0.659268 0.751908 -0
    outer loop
      vertex 43.3651 25.4313 0
      vertex 43.1979 25.5779 3.2
      vertex 43.3651 25.4313 3.2
    endloop
  endfacet
  facet normal 0.659268 0.751908 0
    outer loop
      vertex 43.1979 25.5779 3.2
      vertex 43.3651 25.4313 0
      vertex 43.1979 25.5779 0
    endloop
  endfacet
  facet normal 0.751908 0.659268 0
    outer loop
      vertex 43.1979 25.5779 3.2
      vertex 43.0513 25.7451 0
      vertex 43.0513 25.7451 3.2
    endloop
  endfacet
  facet normal 0.751908 0.659268 0
    outer loop
      vertex 43.0513 25.7451 0
      vertex 43.1979 25.5779 3.2
      vertex 43.1979 25.5779 0
    endloop
  endfacet
  facet normal -0.946915 -0.321484 0
    outer loop
      vertex 46.0421 27.22 0
      vertex 45.9706 27.4306 3.2
      vertex 45.9706 27.4306 0
    endloop
  endfacet
  facet normal -0.946915 -0.321484 0
    outer loop
      vertex 45.9706 27.4306 3.2
      vertex 46.0421 27.22 0
      vertex 46.0421 27.22 3.2
    endloop
  endfacet
  facet normal -0.751908 -0.659268 0
    outer loop
      vertex 45.7487 27.8149 0
      vertex 45.6021 27.9821 3.2
      vertex 45.6021 27.9821 0
    endloop
  endfacet
  facet normal -0.751908 -0.659268 0
    outer loop
      vertex 45.6021 27.9821 3.2
      vertex 45.7487 27.8149 0
      vertex 45.7487 27.8149 3.2
    endloop
  endfacet
  facet normal -0.659268 -0.751908 0
    outer loop
      vertex 45.4349 28.1287 0
      vertex 45.6021 27.9821 3.2
      vertex 45.4349 28.1287 3.2
    endloop
  endfacet
  facet normal -0.659268 -0.751908 -0
    outer loop
      vertex 45.6021 27.9821 3.2
      vertex 45.4349 28.1287 0
      vertex 45.6021 27.9821 0
    endloop
  endfacet
  facet normal -0.44253 -0.896754 0
    outer loop
      vertex 45.0506 28.3506 0
      vertex 45.25 28.2522 3.2
      vertex 45.0506 28.3506 3.2
    endloop
  endfacet
  facet normal -0.44253 -0.896754 -0
    outer loop
      vertex 45.25 28.2522 3.2
      vertex 45.0506 28.3506 0
      vertex 45.25 28.2522 0
    endloop
  endfacet
  facet normal 0.997872 -0.0652057 0
    outer loop
      vertex 42.7 26.78 3.2
      vertex 42.7145 27.0019 0
      vertex 42.7145 27.0019 3.2
    endloop
  endfacet
  facet normal 0.997872 -0.0652057 0
    outer loop
      vertex 42.7145 27.0019 0
      vertex 42.7 26.78 3.2
      vertex 42.7 26.78 0
    endloop
  endfacet
  facet normal 0.946915 -0.321484 0
    outer loop
      vertex 42.7579 27.22 3.2
      vertex 42.8294 27.4306 0
      vertex 42.8294 27.4306 3.2
    endloop
  endfacet
  facet normal 0.946915 -0.321484 0
    outer loop
      vertex 42.8294 27.4306 0
      vertex 42.7579 27.22 3.2
      vertex 42.7579 27.22 0
    endloop
  endfacet
  facet normal 0.831566 -0.555426 0
    outer loop
      vertex 42.9278 27.63 3.2
      vertex 43.0513 27.8149 0
      vertex 43.0513 27.8149 3.2
    endloop
  endfacet
  facet normal 0.831566 -0.555426 0
    outer loop
      vertex 43.0513 27.8149 0
      vertex 42.9278 27.63 3.2
      vertex 42.9278 27.63 0
    endloop
  endfacet
  facet normal 0.0652057 -0.997872 0
    outer loop
      vertex 44.1781 28.4655 0
      vertex 44.4 28.48 3.2
      vertex 44.1781 28.4655 3.2
    endloop
  endfacet
  facet normal 0.0652057 -0.997872 0
    outer loop
      vertex 44.4 28.48 3.2
      vertex 44.1781 28.4655 0
      vertex 44.4 28.48 0
    endloop
  endfacet
  facet normal 0.555426 -0.831566 0
    outer loop
      vertex 43.3651 28.1287 0
      vertex 43.55 28.2522 3.2
      vertex 43.3651 28.1287 3.2
    endloop
  endfacet
  facet normal 0.555426 -0.831566 0
    outer loop
      vertex 43.55 28.2522 3.2
      vertex 43.3651 28.1287 0
      vertex 43.55 28.2522 0
    endloop
  endfacet
  facet normal 0.44253 -0.896754 0
    outer loop
      vertex 43.55 28.2522 0
      vertex 43.7494 28.3506 3.2
      vertex 43.55 28.2522 3.2
    endloop
  endfacet
  facet normal 0.44253 -0.896754 0
    outer loop
      vertex 43.7494 28.3506 3.2
      vertex 43.55 28.2522 0
      vertex 43.7494 28.3506 0
    endloop
  endfacet
  facet normal -0.98077 0.195165 0
    outer loop
      vertex 46.0421 26.34 0
      vertex 46.0855 26.5581 3.2
      vertex 46.0855 26.5581 0
    endloop
  endfacet
  facet normal -0.98077 0.195165 0
    outer loop
      vertex 46.0855 26.5581 3.2
      vertex 46.0421 26.34 0
      vertex 46.0421 26.34 3.2
    endloop
  endfacet
  facet normal -0.0652057 0.997872 0
    outer loop
      vertex 44.6219 25.0945 0
      vertex 44.4 25.08 3.2
      vertex 44.6219 25.0945 3.2
    endloop
  endfacet
  facet normal -0.0652057 0.997872 0
    outer loop
      vertex 44.4 25.08 3.2
      vertex 44.6219 25.0945 0
      vertex 44.4 25.08 0
    endloop
  endfacet
  facet normal -0.195165 0.98077 0
    outer loop
      vertex 44.84 25.1379 0
      vertex 44.6219 25.0945 3.2
      vertex 44.84 25.1379 3.2
    endloop
  endfacet
  facet normal -0.195165 0.98077 0
    outer loop
      vertex 44.6219 25.0945 3.2
      vertex 44.84 25.1379 0
      vertex 44.6219 25.0945 0
    endloop
  endfacet
  facet normal -0.659268 0.751908 0
    outer loop
      vertex 45.6021 25.5779 0
      vertex 45.4349 25.4313 3.2
      vertex 45.6021 25.5779 3.2
    endloop
  endfacet
  facet normal -0.659268 0.751908 0
    outer loop
      vertex 45.4349 25.4313 3.2
      vertex 45.6021 25.5779 0
      vertex 45.4349 25.4313 0
    endloop
  endfacet
  facet normal -0.44253 0.896754 0
    outer loop
      vertex 45.25 25.3078 0
      vertex 45.0506 25.2094 3.2
      vertex 45.25 25.3078 3.2
    endloop
  endfacet
  facet normal -0.44253 0.896754 0
    outer loop
      vertex 45.0506 25.2094 3.2
      vertex 45.25 25.3078 0
      vertex 45.0506 25.2094 0
    endloop
  endfacet
  facet normal -0.946915 0.321484 0
    outer loop
      vertex 45.9706 26.1294 0
      vertex 46.0421 26.34 3.2
      vertex 46.0421 26.34 0
    endloop
  endfacet
  facet normal -0.946915 0.321484 0
    outer loop
      vertex 46.0421 26.34 3.2
      vertex 45.9706 26.1294 0
      vertex 45.9706 26.1294 3.2
    endloop
  endfacet
  facet normal 0.0652057 0.997872 -0
    outer loop
      vertex 44.4 25.08 0
      vertex 44.1781 25.0945 3.2
      vertex 44.4 25.08 3.2
    endloop
  endfacet
  facet normal 0.0652057 0.997872 0
    outer loop
      vertex 44.1781 25.0945 3.2
      vertex 44.4 25.08 0
      vertex 44.1781 25.0945 0
    endloop
  endfacet
  facet normal 0.555426 0.831566 -0
    outer loop
      vertex 43.55 25.3078 0
      vertex 43.3651 25.4313 3.2
      vertex 43.55 25.3078 3.2
    endloop
  endfacet
  facet normal 0.555426 0.831566 0
    outer loop
      vertex 43.3651 25.4313 3.2
      vertex 43.55 25.3078 0
      vertex 43.3651 25.4313 0
    endloop
  endfacet
  facet normal 0.946915 0.321484 0
    outer loop
      vertex 42.8294 26.1294 3.2
      vertex 42.7579 26.34 0
      vertex 42.7579 26.34 3.2
    endloop
  endfacet
  facet normal 0.946915 0.321484 0
    outer loop
      vertex 42.7579 26.34 0
      vertex 42.8294 26.1294 3.2
      vertex 42.8294 26.1294 0
    endloop
  endfacet
  facet normal 0.997872 0.0652057 0
    outer loop
      vertex 42.7145 26.5581 3.2
      vertex 42.7 26.78 0
      vertex 42.7 26.78 3.2
    endloop
  endfacet
  facet normal 0.997872 0.0652057 0
    outer loop
      vertex 42.7 26.78 0
      vertex 42.7145 26.5581 3.2
      vertex 42.7145 26.5581 0
    endloop
  endfacet
  facet normal 0.896754 0.44253 0
    outer loop
      vertex 42.9278 25.93 3.2
      vertex 42.8294 26.1294 0
      vertex 42.8294 26.1294 3.2
    endloop
  endfacet
  facet normal 0.896754 0.44253 0
    outer loop
      vertex 42.8294 26.1294 0
      vertex 42.9278 25.93 3.2
      vertex 42.9278 25.93 0
    endloop
  endfacet
  facet normal -0.997872 0.0652057 0
    outer loop
      vertex 46.0855 26.5581 0
      vertex 46.1 26.78 3.2
      vertex 46.1 26.78 0
    endloop
  endfacet
  facet normal -0.997872 0.0652057 0
    outer loop
      vertex 46.1 26.78 3.2
      vertex 46.0855 26.5581 0
      vertex 46.0855 26.5581 3.2
    endloop
  endfacet
  facet normal -0.751908 0.659268 0
    outer loop
      vertex 45.6021 25.5779 0
      vertex 45.7487 25.7451 3.2
      vertex 45.7487 25.7451 0
    endloop
  endfacet
  facet normal -0.751908 0.659268 0
    outer loop
      vertex 45.7487 25.7451 3.2
      vertex 45.6021 25.5779 0
      vertex 45.6021 25.5779 3.2
    endloop
  endfacet
  facet normal -0.555426 0.831566 0
    outer loop
      vertex 45.4349 25.4313 0
      vertex 45.25 25.3078 3.2
      vertex 45.4349 25.4313 3.2
    endloop
  endfacet
  facet normal -0.555426 0.831566 0
    outer loop
      vertex 45.25 25.3078 3.2
      vertex 45.4349 25.4313 0
      vertex 45.25 25.3078 0
    endloop
  endfacet
  facet normal -0.896754 0.44253 0
    outer loop
      vertex 45.8722 25.93 0
      vertex 45.9706 26.1294 3.2
      vertex 45.9706 26.1294 0
    endloop
  endfacet
  facet normal -0.896754 0.44253 0
    outer loop
      vertex 45.9706 26.1294 3.2
      vertex 45.8722 25.93 0
      vertex 45.8722 25.93 3.2
    endloop
  endfacet
  facet normal 0.44253 0.896754 -0
    outer loop
      vertex 43.7494 25.2094 0
      vertex 43.55 25.3078 3.2
      vertex 43.7494 25.2094 3.2
    endloop
  endfacet
  facet normal 0.44253 0.896754 0
    outer loop
      vertex 43.55 25.3078 3.2
      vertex 43.7494 25.2094 0
      vertex 43.55 25.3078 0
    endloop
  endfacet
  facet normal 0.98077 0.195165 0
    outer loop
      vertex 42.7579 26.34 3.2
      vertex 42.7145 26.5581 0
      vertex 42.7145 26.5581 3.2
    endloop
  endfacet
  facet normal 0.98077 0.195165 0
    outer loop
      vertex 42.7145 26.5581 0
      vertex 42.7579 26.34 3.2
      vertex 42.7579 26.34 0
    endloop
  endfacet
  facet normal 0.831566 0.555426 0
    outer loop
      vertex 43.0513 25.7451 3.2
      vertex 42.9278 25.93 0
      vertex 42.9278 25.93 3.2
    endloop
  endfacet
  facet normal 0.831566 0.555426 0
    outer loop
      vertex 42.9278 25.93 0
      vertex 43.0513 25.7451 3.2
      vertex 43.0513 25.7451 0
    endloop
  endfacet
  facet normal -0.706351 -0.0462344 0.706351
    outer loop
      vertex 47.9 26.78 5
      vertex 47.8701 27.2368 5
      vertex 46.1 26.78 3.2
    endloop
  endfacet
  facet normal -0.706363 -0.0461571 0.706343
    outer loop
      vertex 46.1 26.78 3.2
      vertex 47.8701 27.2368 5
      vertex 46.0855 27.0019 3.2
    endloop
  endfacet
  facet normal -0.670324 0.227462 0.706347
    outer loop
      vertex 47.6336 25.4406 5
      vertex 47.7807 25.8741 5
      vertex 45.9706 26.1294 3.2
    endloop
  endfacet
  facet normal 0.694256 0.138151 0.706345
    outer loop
      vertex 42.7579 26.34 3.2
      vertex 42.7145 26.5581 3.2
      vertex 40.9299 26.3232 5
    endloop
  endfacet
  facet normal 0.588551 -0.393295 0.706347
    outer loop
      vertex 43.0513 27.8149 3.2
      vertex 41.6233 28.9107 5
      vertex 41.3689 28.53 5
    endloop
  endfacet
  facet normal -0.634855 0.313098 0.706348
    outer loop
      vertex 47.4311 25.03 5
      vertex 47.6336 25.4406 5
      vertex 45.9706 26.1294 3.2
    endloop
  endfacet
  facet normal -0.138201 0.694251 0.70634
    outer loop
      vertex 44.8568 23.3099 5
      vertex 45.3059 23.3993 5
      vertex 44.84 25.1379 3.2
    endloop
  endfacet
  facet normal 0.588625 -0.393159 0.706361
    outer loop
      vertex 42.9278 27.63 3.2
      vertex 43.0513 27.8149 3.2
      vertex 41.3689 28.53 5
    endloop
  endfacet
  facet normal -0.670299 0.22757 0.706337
    outer loop
      vertex 47.7807 25.8741 5
      vertex 46.0421 26.34 3.2
      vertex 45.9706 26.1294 3.2
    endloop
  endfacet
  facet normal -0.466673 0.532249 0.706348
    outer loop
      vertex 46.8749 24.3051 5
      vertex 45.6021 25.5779 3.2
      vertex 45.4349 25.4313 3.2
    endloop
  endfacet
  facet normal -0.0461571 0.706363 0.706343
    outer loop
      vertex 44.8568 23.3099 5
      vertex 44.6219 25.0945 3.2
      vertex 44.4 25.08 3.2
    endloop
  endfacet
  facet normal 0.694251 0.138201 0.70634
    outer loop
      vertex 41.0193 25.8741 5
      vertex 42.7579 26.34 3.2
      vertex 40.9299 26.3232 5
    endloop
  endfacet
  facet normal -0.313244 -0.634766 0.706364
    outer loop
      vertex 45.25 28.2522 3.2
      vertex 46.15 29.8111 5
      vertex 45.0506 28.3506 3.2
    endloop
  endfacet
  facet normal -0.706351 0.0462344 0.706351
    outer loop
      vertex 47.8701 26.3232 5
      vertex 47.9 26.78 5
      vertex 46.1 26.78 3.2
    endloop
  endfacet
  facet normal -0.532242 0.466679 0.706349
    outer loop
      vertex 46.8749 24.3051 5
      vertex 47.1767 24.6493 5
      vertex 45.7487 25.7451 3.2
    endloop
  endfacet
  facet normal -0.694256 0.138151 0.706345
    outer loop
      vertex 47.8701 26.3232 5
      vertex 46.0855 26.5581 3.2
      vertex 46.0421 26.34 3.2
    endloop
  endfacet
  facet normal -0.694251 0.138201 0.70634
    outer loop
      vertex 47.7807 25.8741 5
      vertex 47.8701 26.3232 5
      vertex 46.0421 26.34 3.2
    endloop
  endfacet
  facet normal -0.0462344 0.706351 0.706351
    outer loop
      vertex 44.8568 23.3099 5
      vertex 44.4 25.08 3.2
      vertex 44.4 23.28 5
    endloop
  endfacet
  facet normal -0.22757 0.670299 0.706337
    outer loop
      vertex 45.3059 23.3993 5
      vertex 45.0506 25.2094 3.2
      vertex 44.84 25.1379 3.2
    endloop
  endfacet
  facet normal -0.393159 0.588625 0.706361
    outer loop
      vertex 46.15 23.7489 5
      vertex 45.4349 25.4313 3.2
      vertex 45.25 25.3078 3.2
    endloop
  endfacet
  facet normal 0.588625 0.393159 0.706361
    outer loop
      vertex 43.0513 25.7451 3.2
      vertex 42.9278 25.93 3.2
      vertex 41.3689 25.03 5
    endloop
  endfacet
  facet normal 0.22757 0.670299 0.706337
    outer loop
      vertex 43.96 25.1379 3.2
      vertex 43.7494 25.2094 3.2
      vertex 43.4941 23.3993 5
    endloop
  endfacet
  facet normal 0.313244 -0.634766 0.706364
    outer loop
      vertex 43.55 28.2522 3.2
      vertex 43.7494 28.3506 3.2
      vertex 42.65 29.8111 5
    endloop
  endfacet
  facet normal -0.588551 0.393295 0.706347
    outer loop
      vertex 47.1767 24.6493 5
      vertex 47.4311 25.03 5
      vertex 45.7487 25.7451 3.2
    endloop
  endfacet
  facet normal -0.706363 0.0461571 0.706343
    outer loop
      vertex 47.8701 26.3232 5
      vertex 46.1 26.78 3.2
      vertex 46.0855 26.5581 3.2
    endloop
  endfacet
  facet normal -0.138151 0.694256 0.706345
    outer loop
      vertex 44.8568 23.3099 5
      vertex 44.84 25.1379 3.2
      vertex 44.6219 25.0945 3.2
    endloop
  endfacet
  facet normal -0.227462 0.670324 0.706347
    outer loop
      vertex 45.3059 23.3993 5
      vertex 45.7394 23.5464 5
      vertex 45.0506 25.2094 3.2
    endloop
  endfacet
  facet normal -0.466679 0.532242 0.706349
    outer loop
      vertex 46.5307 24.0033 5
      vertex 46.8749 24.3051 5
      vertex 45.4349 25.4313 3.2
    endloop
  endfacet
  facet normal -0.393295 0.588551 0.706347
    outer loop
      vertex 46.15 23.7489 5
      vertex 46.5307 24.0033 5
      vertex 45.4349 25.4313 3.2
    endloop
  endfacet
  facet normal -0.313098 0.634855 0.706348
    outer loop
      vertex 45.7394 23.5464 5
      vertex 46.15 23.7489 5
      vertex 45.0506 25.2094 3.2
    endloop
  endfacet
  facet normal -0.313244 0.634766 0.706364
    outer loop
      vertex 46.15 23.7489 5
      vertex 45.25 25.3078 3.2
      vertex 45.0506 25.2094 3.2
    endloop
  endfacet
  facet normal 0.670324 0.227462 0.706347
    outer loop
      vertex 41.1664 25.4406 5
      vertex 42.8294 26.1294 3.2
      vertex 41.0193 25.8741 5
    endloop
  endfacet
  facet normal 0.532242 0.466679 0.706349
    outer loop
      vertex 41.9251 24.3051 5
      vertex 43.0513 25.7451 3.2
      vertex 41.6233 24.6493 5
    endloop
  endfacet
  facet normal 0.0462344 0.706351 0.706351
    outer loop
      vertex 44.4 23.28 5
      vertex 44.4 25.08 3.2
      vertex 43.9432 23.3099 5
    endloop
  endfacet
  facet normal 0.138201 0.694251 0.70634
    outer loop
      vertex 43.9432 23.3099 5
      vertex 43.96 25.1379 3.2
      vertex 43.4941 23.3993 5
    endloop
  endfacet
  facet normal 0.227462 0.670324 0.706347
    outer loop
      vertex 43.4941 23.3993 5
      vertex 43.7494 25.2094 3.2
      vertex 43.0606 23.5464 5
    endloop
  endfacet
  facet normal -0.227462 -0.670324 0.706347
    outer loop
      vertex 45.7394 30.0136 5
      vertex 45.3059 30.1607 5
      vertex 45.0506 28.3506 3.2
    endloop
  endfacet
  facet normal -0.694251 -0.138201 0.70634
    outer loop
      vertex 47.8701 27.2368 5
      vertex 47.7807 27.6859 5
      vertex 46.0421 27.22 3.2
    endloop
  endfacet
  facet normal 0.706363 0.0461571 0.706343
    outer loop
      vertex 42.7145 26.5581 3.2
      vertex 42.7 26.78 3.2
      vertex 40.9299 26.3232 5
    endloop
  endfacet
  facet normal 0.532242 -0.466679 0.706349
    outer loop
      vertex 43.0513 27.8149 3.2
      vertex 41.9251 29.2549 5
      vertex 41.6233 28.9107 5
    endloop
  endfacet
  facet normal 0.466673 -0.532249 0.706348
    outer loop
      vertex 43.1979 27.9821 3.2
      vertex 43.3651 28.1287 3.2
      vertex 41.9251 29.2549 5
    endloop
  endfacet
  facet normal 0.138151 -0.694256 0.706345
    outer loop
      vertex 43.96 28.4221 3.2
      vertex 44.1781 28.4655 3.2
      vertex 43.9432 30.2501 5
    endloop
  endfacet
  facet normal 0.227462 -0.670324 0.706347
    outer loop
      vertex 43.7494 28.3506 3.2
      vertex 43.4941 30.1607 5
      vertex 43.0606 30.0136 5
    endloop
  endfacet
  facet normal -0.532249 0.466673 0.706348
    outer loop
      vertex 46.8749 24.3051 5
      vertex 45.7487 25.7451 3.2
      vertex 45.6021 25.5779 3.2
    endloop
  endfacet
  facet normal 0.670299 0.22757 0.706337
    outer loop
      vertex 42.8294 26.1294 3.2
      vertex 42.7579 26.34 3.2
      vertex 41.0193 25.8741 5
    endloop
  endfacet
  facet normal 0.466673 0.532249 0.706348
    outer loop
      vertex 43.3651 25.4313 3.2
      vertex 43.1979 25.5779 3.2
      vertex 41.9251 24.3051 5
    endloop
  endfacet
  facet normal 0.532249 0.466673 0.706348
    outer loop
      vertex 43.1979 25.5779 3.2
      vertex 43.0513 25.7451 3.2
      vertex 41.9251 24.3051 5
    endloop
  endfacet
  facet normal 0.588551 0.393295 0.706347
    outer loop
      vertex 41.6233 24.6493 5
      vertex 43.0513 25.7451 3.2
      vertex 41.3689 25.03 5
    endloop
  endfacet
  facet normal 0.0461571 0.706363 0.706343
    outer loop
      vertex 44.4 25.08 3.2
      vertex 44.1781 25.0945 3.2
      vertex 43.9432 23.3099 5
    endloop
  endfacet
  facet normal 0.138151 0.694256 0.706345
    outer loop
      vertex 44.1781 25.0945 3.2
      vertex 43.96 25.1379 3.2
      vertex 43.9432 23.3099 5
    endloop
  endfacet
  facet normal 0.313098 0.634855 0.706348
    outer loop
      vertex 43.0606 23.5464 5
      vertex 43.7494 25.2094 3.2
      vertex 42.65 23.7489 5
    endloop
  endfacet
  facet normal 0.466679 0.532242 0.706349
    outer loop
      vertex 42.2693 24.0033 5
      vertex 43.3651 25.4313 3.2
      vertex 41.9251 24.3051 5
    endloop
  endfacet
  facet normal 0.393295 0.588551 0.706347
    outer loop
      vertex 42.65 23.7489 5
      vertex 43.3651 25.4313 3.2
      vertex 42.2693 24.0033 5
    endloop
  endfacet
  facet normal 0.393159 0.588625 0.706361
    outer loop
      vertex 43.55 25.3078 3.2
      vertex 43.3651 25.4313 3.2
      vertex 42.65 23.7489 5
    endloop
  endfacet
  facet normal 0.0461571 -0.706363 0.706343
    outer loop
      vertex 44.1781 28.4655 3.2
      vertex 44.4 28.48 3.2
      vertex 43.9432 30.2501 5
    endloop
  endfacet
  facet normal 0.0462344 -0.706351 0.706351
    outer loop
      vertex 44.4 28.48 3.2
      vertex 44.4 30.28 5
      vertex 43.9432 30.2501 5
    endloop
  endfacet
  facet normal -0.393295 -0.588551 0.706347
    outer loop
      vertex 46.5307 29.5567 5
      vertex 46.15 29.8111 5
      vertex 45.4349 28.1287 3.2
    endloop
  endfacet
  facet normal -0.694256 -0.138151 0.706345
    outer loop
      vertex 46.0855 27.0019 3.2
      vertex 47.8701 27.2368 5
      vertex 46.0421 27.22 3.2
    endloop
  endfacet
  facet normal -0.670299 -0.22757 0.706337
    outer loop
      vertex 46.0421 27.22 3.2
      vertex 47.7807 27.6859 5
      vertex 45.9706 27.4306 3.2
    endloop
  endfacet
  facet normal 0.670299 -0.22757 0.706337
    outer loop
      vertex 42.7579 27.22 3.2
      vertex 42.8294 27.4306 3.2
      vertex 41.0193 27.6859 5
    endloop
  endfacet
  facet normal 0.634855 -0.313098 0.706348
    outer loop
      vertex 42.8294 27.4306 3.2
      vertex 41.3689 28.53 5
      vertex 41.1664 28.1194 5
    endloop
  endfacet
  facet normal 0.706351 0.0462344 0.706351
    outer loop
      vertex 40.9299 26.3232 5
      vertex 42.7 26.78 3.2
      vertex 40.9 26.78 5
    endloop
  endfacet
  facet normal 0.393159 -0.588625 0.706361
    outer loop
      vertex 43.3651 28.1287 3.2
      vertex 43.55 28.2522 3.2
      vertex 42.65 29.8111 5
    endloop
  endfacet
  facet normal 0.313098 -0.634855 0.706348
    outer loop
      vertex 43.7494 28.3506 3.2
      vertex 43.0606 30.0136 5
      vertex 42.65 29.8111 5
    endloop
  endfacet
  facet normal -0.634766 0.313244 0.706364
    outer loop
      vertex 47.4311 25.03 5
      vertex 45.9706 26.1294 3.2
      vertex 45.8722 25.93 3.2
    endloop
  endfacet
  facet normal -0.588625 0.393159 0.706361
    outer loop
      vertex 47.4311 25.03 5
      vertex 45.8722 25.93 3.2
      vertex 45.7487 25.7451 3.2
    endloop
  endfacet
  facet normal 0.634766 0.313244 0.706364
    outer loop
      vertex 42.9278 25.93 3.2
      vertex 42.8294 26.1294 3.2
      vertex 41.3689 25.03 5
    endloop
  endfacet
  facet normal 0.634855 0.313098 0.706348
    outer loop
      vertex 41.3689 25.03 5
      vertex 42.8294 26.1294 3.2
      vertex 41.1664 25.4406 5
    endloop
  endfacet
  facet normal 0.313244 0.634766 0.706364
    outer loop
      vertex 43.7494 25.2094 3.2
      vertex 43.55 25.3078 3.2
      vertex 42.65 23.7489 5
    endloop
  endfacet
  facet normal -0.0461571 -0.706363 0.706343
    outer loop
      vertex 44.6219 28.4655 3.2
      vertex 44.8568 30.2501 5
      vertex 44.4 28.48 3.2
    endloop
  endfacet
  facet normal -0.0462344 -0.706351 0.706351
    outer loop
      vertex 44.8568 30.2501 5
      vertex 44.4 30.28 5
      vertex 44.4 28.48 3.2
    endloop
  endfacet
  facet normal -0.138201 -0.694251 0.70634
    outer loop
      vertex 45.3059 30.1607 5
      vertex 44.8568 30.2501 5
      vertex 44.84 28.4221 3.2
    endloop
  endfacet
  facet normal -0.22757 -0.670299 0.706337
    outer loop
      vertex 45.0506 28.3506 3.2
      vertex 45.3059 30.1607 5
      vertex 44.84 28.4221 3.2
    endloop
  endfacet
  facet normal -0.313098 -0.634855 0.706348
    outer loop
      vertex 46.15 29.8111 5
      vertex 45.7394 30.0136 5
      vertex 45.0506 28.3506 3.2
    endloop
  endfacet
  facet normal -0.466679 -0.532242 0.706349
    outer loop
      vertex 46.8749 29.2549 5
      vertex 46.5307 29.5567 5
      vertex 45.4349 28.1287 3.2
    endloop
  endfacet
  facet normal -0.532242 -0.466679 0.706349
    outer loop
      vertex 47.1767 28.9107 5
      vertex 46.8749 29.2549 5
      vertex 45.7487 27.8149 3.2
    endloop
  endfacet
  facet normal -0.588625 -0.393159 0.706361
    outer loop
      vertex 45.8722 27.63 3.2
      vertex 47.4311 28.53 5
      vertex 45.7487 27.8149 3.2
    endloop
  endfacet
  facet normal -0.670324 -0.227462 0.706347
    outer loop
      vertex 47.7807 27.6859 5
      vertex 47.6336 28.1194 5
      vertex 45.9706 27.4306 3.2
    endloop
  endfacet
  facet normal 0.634766 -0.313244 0.706364
    outer loop
      vertex 42.8294 27.4306 3.2
      vertex 42.9278 27.63 3.2
      vertex 41.3689 28.53 5
    endloop
  endfacet
  facet normal 0.670324 -0.227462 0.706347
    outer loop
      vertex 42.8294 27.4306 3.2
      vertex 41.1664 28.1194 5
      vertex 41.0193 27.6859 5
    endloop
  endfacet
  facet normal 0.706351 -0.0462344 0.706351
    outer loop
      vertex 42.7 26.78 3.2
      vertex 40.9299 27.2368 5
      vertex 40.9 26.78 5
    endloop
  endfacet
  facet normal 0.532249 -0.466673 0.706348
    outer loop
      vertex 43.0513 27.8149 3.2
      vertex 43.1979 27.9821 3.2
      vertex 41.9251 29.2549 5
    endloop
  endfacet
  facet normal 0.393295 -0.588551 0.706347
    outer loop
      vertex 43.3651 28.1287 3.2
      vertex 42.65 29.8111 5
      vertex 42.2693 29.5567 5
    endloop
  endfacet
  facet normal 0.466679 -0.532242 0.706349
    outer loop
      vertex 43.3651 28.1287 3.2
      vertex 42.2693 29.5567 5
      vertex 41.9251 29.2549 5
    endloop
  endfacet
  facet normal 0.138201 -0.694251 0.70634
    outer loop
      vertex 43.96 28.4221 3.2
      vertex 43.9432 30.2501 5
      vertex 43.4941 30.1607 5
    endloop
  endfacet
  facet normal -0.138151 -0.694256 0.706345
    outer loop
      vertex 44.84 28.4221 3.2
      vertex 44.8568 30.2501 5
      vertex 44.6219 28.4655 3.2
    endloop
  endfacet
  facet normal -0.393159 -0.588625 0.706361
    outer loop
      vertex 45.4349 28.1287 3.2
      vertex 46.15 29.8111 5
      vertex 45.25 28.2522 3.2
    endloop
  endfacet
  facet normal -0.466673 -0.532249 0.706348
    outer loop
      vertex 45.6021 27.9821 3.2
      vertex 46.8749 29.2549 5
      vertex 45.4349 28.1287 3.2
    endloop
  endfacet
  facet normal -0.532249 -0.466673 0.706348
    outer loop
      vertex 45.7487 27.8149 3.2
      vertex 46.8749 29.2549 5
      vertex 45.6021 27.9821 3.2
    endloop
  endfacet
  facet normal -0.588551 -0.393295 0.706347
    outer loop
      vertex 47.4311 28.53 5
      vertex 47.1767 28.9107 5
      vertex 45.7487 27.8149 3.2
    endloop
  endfacet
  facet normal -0.634766 -0.313244 0.706364
    outer loop
      vertex 45.9706 27.4306 3.2
      vertex 47.4311 28.53 5
      vertex 45.8722 27.63 3.2
    endloop
  endfacet
  facet normal -0.634855 -0.313098 0.706348
    outer loop
      vertex 47.6336 28.1194 5
      vertex 47.4311 28.53 5
      vertex 45.9706 27.4306 3.2
    endloop
  endfacet
  facet normal 0.694251 -0.138201 0.70634
    outer loop
      vertex 42.7579 27.22 3.2
      vertex 41.0193 27.6859 5
      vertex 40.9299 27.2368 5
    endloop
  endfacet
  facet normal 0.22757 -0.670299 0.706337
    outer loop
      vertex 43.7494 28.3506 3.2
      vertex 43.96 28.4221 3.2
      vertex 43.4941 30.1607 5
    endloop
  endfacet
  facet normal 0.706363 -0.0461571 0.706343
    outer loop
      vertex 42.7 26.78 3.2
      vertex 42.7145 27.0019 3.2
      vertex 40.9299 27.2368 5
    endloop
  endfacet
  facet normal 0.694256 -0.138151 0.706345
    outer loop
      vertex 42.7145 27.0019 3.2
      vertex 42.7579 27.22 3.2
      vertex 40.9299 27.2368 5
    endloop
  endfacet
  facet normal 0.896907 -0 0.44222
    outer loop
      vertex 9.24948 29.78 4.65126
      vertex 9.28708 31.78 4.575
      vertex 9.24948 31.78 4.65126
    endloop
  endfacet
  facet normal 0.896907 0 0.44222
    outer loop
      vertex 9.28708 31.78 4.575
      vertex 9.24948 29.78 4.65126
      vertex 9.28708 29.78 4.575
    endloop
  endfacet
  facet normal 0.997859 -0 0.0653948
    outer loop
      vertex 9.2 29.78 4.9
      vertex 9.20556 31.78 4.81516
      vertex 9.2 31.78 4.9
    endloop
  endfacet
  facet normal 0.997859 0 0.0653948
    outer loop
      vertex 9.20556 31.78 4.81516
      vertex 9.2 29.78 4.9
      vertex 9.20556 29.78 4.81516
    endloop
  endfacet
  facet normal -0.980981 0 0.194102
    outer loop
      vertex 10.4779 29.78 4.73177
      vertex 10.4944 31.78 4.81516
      vertex 10.4779 31.78 4.73177
    endloop
  endfacet
  facet normal -0.980981 0 0.194102
    outer loop
      vertex 10.4944 31.78 4.81516
      vertex 10.4779 29.78 4.73177
      vertex 10.4944 29.78 4.81516
    endloop
  endfacet
  facet normal 0.980779 -0 0.195121
    outer loop
      vertex 9.20556 29.78 4.81516
      vertex 9.22215 31.78 4.73177
      vertex 9.20556 31.78 4.81516
    endloop
  endfacet
  facet normal 0.980779 0 0.195121
    outer loop
      vertex 9.22215 31.78 4.73177
      vertex 9.20556 29.78 4.81516
      vertex 9.22215 29.78 4.73177
    endloop
  endfacet
  facet normal -0.896907 0 0.44222
    outer loop
      vertex 10.4129 29.78 4.575
      vertex 10.4505 31.78 4.65126
      vertex 10.4129 31.78 4.575
    endloop
  endfacet
  facet normal -0.896907 0 0.44222
    outer loop
      vertex 10.4505 31.78 4.65126
      vertex 10.4129 29.78 4.575
      vertex 10.4505 29.78 4.65126
    endloop
  endfacet
  facet normal -0.980981 0 -0.194102
    outer loop
      vertex 10.4944 29.78 8.18484
      vertex 10.4779 31.78 8.26823
      vertex 10.4944 31.78 8.18484
    endloop
  endfacet
  facet normal -0.980981 -0 -0.194102
    outer loop
      vertex 10.4779 31.78 8.26823
      vertex 10.4944 29.78 8.18484
      vertex 10.4779 29.78 8.26823
    endloop
  endfacet
  facet normal 0.946928 -0 0.321445
    outer loop
      vertex 9.22215 29.78 4.73177
      vertex 9.24948 31.78 4.65126
      vertex 9.22215 31.78 4.73177
    endloop
  endfacet
  facet normal 0.946928 0 0.321445
    outer loop
      vertex 9.24948 31.78 4.65126
      vertex 9.22215 29.78 4.73177
      vertex 9.24948 29.78 4.65126
    endloop
  endfacet
  facet normal -0.946677 0 0.322183
    outer loop
      vertex 10.4505 29.78 4.65126
      vertex 10.4779 31.78 4.73177
      vertex 10.4505 31.78 4.65126
    endloop
  endfacet
  facet normal -0.946677 0 0.322183
    outer loop
      vertex 10.4779 31.78 4.73177
      vertex 10.4505 29.78 4.65126
      vertex 10.4779 29.78 4.73177
    endloop
  endfacet
  facet normal -1 0 0
    outer loop
      vertex 10.5 29.78 4.9
      vertex 10.5 31.78 8.1
      vertex 10.5 31.78 4.9
    endloop
  endfacet
  facet normal -1 -0 0
    outer loop
      vertex 10.5 31.78 8.1
      vertex 10.5 29.78 4.9
      vertex 10.5 29.78 8.1
    endloop
  endfacet
  facet normal 0.831435 -0 0.555623
    outer loop
      vertex 9.28708 29.78 4.575
      vertex 9.33432 31.78 4.50431
      vertex 9.28708 31.78 4.575
    endloop
  endfacet
  facet normal 0.831435 0 0.555623
    outer loop
      vertex 9.33432 31.78 4.50431
      vertex 9.28708 29.78 4.575
      vertex 9.33432 29.78 4.50431
    endloop
  endfacet
  facet normal 0.0653948 0 0.997859
    outer loop
      vertex 9.76516 31.78 4.25556
      vertex 9.85 29.78 4.25
      vertex 9.85 31.78 4.25
    endloop
  endfacet
  facet normal 0.0653948 0 0.997859
    outer loop
      vertex 9.85 29.78 4.25
      vertex 9.76516 31.78 4.25556
      vertex 9.76516 29.78 4.25556
    endloop
  endfacet
  facet normal -0.997829 0 0.0658633
    outer loop
      vertex 10.4944 29.78 4.81516
      vertex 10.5 31.78 4.9
      vertex 10.4944 31.78 4.81516
    endloop
  endfacet
  facet normal -0.997829 0 0.0658633
    outer loop
      vertex 10.5 31.78 4.9
      vertex 10.4944 29.78 4.81516
      vertex 10.5 29.78 4.9
    endloop
  endfacet
  facet normal 0.195121 0 -0.980779
    outer loop
      vertex 9.68177 29.78 8.72785
      vertex 9.76516 31.78 8.74444
      vertex 9.76516 29.78 8.74444
    endloop
  endfacet
  facet normal 0.195121 0 -0.980779
    outer loop
      vertex 9.76516 31.78 8.74444
      vertex 9.68177 29.78 8.72785
      vertex 9.68177 31.78 8.72785
    endloop
  endfacet
  facet normal -0.997829 0 -0.0658633
    outer loop
      vertex 10.5 29.78 8.1
      vertex 10.4944 31.78 8.18484
      vertex 10.5 31.78 8.1
    endloop
  endfacet
  facet normal -0.997829 -0 -0.0658633
    outer loop
      vertex 10.4944 31.78 8.18484
      vertex 10.5 29.78 8.1
      vertex 10.4944 29.78 8.18484
    endloop
  endfacet
  facet normal 0.75187 -0 0.659312
    outer loop
      vertex 9.33432 29.78 4.50431
      vertex 9.39038 31.78 4.44038
      vertex 9.33432 31.78 4.50431
    endloop
  endfacet
  facet normal 0.75187 0 0.659312
    outer loop
      vertex 9.39038 31.78 4.44038
      vertex 9.33432 29.78 4.50431
      vertex 9.39038 29.78 4.44038
    endloop
  endfacet
  facet normal 0.44222 0 0.896907
    outer loop
      vertex 9.525 31.78 4.33708
      vertex 9.60126 29.78 4.29948
      vertex 9.60126 31.78 4.29948
    endloop
  endfacet
  facet normal 0.44222 0 0.896907
    outer loop
      vertex 9.60126 29.78 4.29948
      vertex 9.525 31.78 4.33708
      vertex 9.525 29.78 4.33708
    endloop
  endfacet
  facet normal -0.831652 0 0.555297
    outer loop
      vertex 10.3657 29.78 4.50431
      vertex 10.4129 31.78 4.575
      vertex 10.3657 31.78 4.50431
    endloop
  endfacet
  facet normal -0.831652 0 0.555297
    outer loop
      vertex 10.4129 31.78 4.575
      vertex 10.3657 29.78 4.50431
      vertex 10.4129 29.78 4.575
    endloop
  endfacet
  facet normal -0.0653948 0 0.997859
    outer loop
      vertex 9.85 31.78 4.25
      vertex 9.93484 29.78 4.25556
      vertex 9.93484 31.78 4.25556
    endloop
  endfacet
  facet normal -0.0653948 0 0.997859
    outer loop
      vertex 9.93484 29.78 4.25556
      vertex 9.85 31.78 4.25
      vertex 9.85 29.78 4.25
    endloop
  endfacet
  facet normal 0.0653948 0 -0.997859
    outer loop
      vertex 9.76516 29.78 8.74444
      vertex 9.85 31.78 8.75
      vertex 9.85 29.78 8.75
    endloop
  endfacet
  facet normal 0.0653948 0 -0.997859
    outer loop
      vertex 9.85 31.78 8.75
      vertex 9.76516 29.78 8.74444
      vertex 9.76516 31.78 8.74444
    endloop
  endfacet
  facet normal 0.997859 0 -0.0653948
    outer loop
      vertex 9.20556 29.78 8.18484
      vertex 9.2 31.78 8.1
      vertex 9.20556 31.78 8.18484
    endloop
  endfacet
  facet normal 0.997859 0 -0.0653948
    outer loop
      vertex 9.2 31.78 8.1
      vertex 9.20556 29.78 8.18484
      vertex 9.2 29.78 8.1
    endloop
  endfacet
  facet normal 1 -0 0
    outer loop
      vertex 9.2 29.78 8.1
      vertex 9.2 31.78 4.9
      vertex 9.2 31.78 8.1
    endloop
  endfacet
  facet normal 1 0 0
    outer loop
      vertex 9.2 31.78 4.9
      vertex 9.2 29.78 8.1
      vertex 9.2 29.78 4.9
    endloop
  endfacet
  facet normal -0.0653948 0 -0.997859
    outer loop
      vertex 9.85 29.78 8.75
      vertex 9.93484 31.78 8.74444
      vertex 9.93484 29.78 8.74444
    endloop
  endfacet
  facet normal -0.0653948 0 -0.997859
    outer loop
      vertex 9.93484 31.78 8.74444
      vertex 9.85 29.78 8.75
      vertex 9.85 31.78 8.75
    endloop
  endfacet
  facet normal -0.442033 0 -0.896999
    outer loop
      vertex 10.0987 29.78 8.70052
      vertex 10.175 31.78 8.66292
      vertex 10.175 29.78 8.66292
    endloop
  endfacet
  facet normal -0.442033 0 -0.896999
    outer loop
      vertex 10.175 31.78 8.66292
      vertex 10.0987 29.78 8.70052
      vertex 10.0987 31.78 8.70052
    endloop
  endfacet
  facet normal -0.195188 0 -0.980766
    outer loop
      vertex 9.93484 29.78 8.74444
      vertex 10.0182 31.78 8.72785
      vertex 10.0182 29.78 8.72785
    endloop
  endfacet
  facet normal -0.195188 0 -0.980766
    outer loop
      vertex 10.0182 31.78 8.72785
      vertex 9.93484 29.78 8.74444
      vertex 9.93484 31.78 8.74444
    endloop
  endfacet
  facet normal 0.65937 0 0.751818
    outer loop
      vertex 9.39038 31.78 4.44038
      vertex 9.4543 29.78 4.38432
      vertex 9.4543 31.78 4.38432
    endloop
  endfacet
  facet normal 0.65937 0 0.751818
    outer loop
      vertex 9.4543 29.78 4.38432
      vertex 9.39038 31.78 4.44038
      vertex 9.39038 29.78 4.44038
    endloop
  endfacet
  facet normal 0.555568 0 0.831471
    outer loop
      vertex 9.4543 31.78 4.38432
      vertex 9.525 29.78 4.33708
      vertex 9.525 31.78 4.33708
    endloop
  endfacet
  facet normal 0.555568 0 0.831471
    outer loop
      vertex 9.525 29.78 4.33708
      vertex 9.4543 31.78 4.38432
      vertex 9.4543 29.78 4.38432
    endloop
  endfacet
  facet normal 0.321445 0 0.946928
    outer loop
      vertex 9.60126 31.78 4.29948
      vertex 9.68177 29.78 4.27215
      vertex 9.68177 31.78 4.27215
    endloop
  endfacet
  facet normal 0.321445 0 0.946928
    outer loop
      vertex 9.68177 29.78 4.27215
      vertex 9.60126 31.78 4.29948
      vertex 9.60126 29.78 4.29948
    endloop
  endfacet
  facet normal -0.751636 0 0.659578
    outer loop
      vertex 10.3096 29.78 4.44038
      vertex 10.3657 31.78 4.50431
      vertex 10.3096 31.78 4.44038
    endloop
  endfacet
  facet normal -0.751636 0 0.659578
    outer loop
      vertex 10.3657 31.78 4.50431
      vertex 10.3096 29.78 4.44038
      vertex 10.3657 29.78 4.50431
    endloop
  endfacet
  facet normal -0.195188 0 0.980766
    outer loop
      vertex 9.93484 31.78 4.25556
      vertex 10.0182 29.78 4.27215
      vertex 10.0182 31.78 4.27215
    endloop
  endfacet
  facet normal -0.195188 0 0.980766
    outer loop
      vertex 10.0182 29.78 4.27215
      vertex 9.93484 31.78 4.25556
      vertex 9.93484 29.78 4.25556
    endloop
  endfacet
  facet normal -0.442033 0 0.896999
    outer loop
      vertex 10.0987 31.78 4.29948
      vertex 10.175 29.78 4.33708
      vertex 10.175 31.78 4.33708
    endloop
  endfacet
  facet normal -0.442033 0 0.896999
    outer loop
      vertex 10.175 29.78 4.33708
      vertex 10.0987 31.78 4.29948
      vertex 10.0987 29.78 4.29948
    endloop
  endfacet
  facet normal 0.321445 0 -0.946928
    outer loop
      vertex 9.60126 29.78 8.70052
      vertex 9.68177 31.78 8.72785
      vertex 9.68177 29.78 8.72785
    endloop
  endfacet
  facet normal 0.321445 0 -0.946928
    outer loop
      vertex 9.68177 31.78 8.72785
      vertex 9.60126 29.78 8.70052
      vertex 9.60126 31.78 8.70052
    endloop
  endfacet
  facet normal 0.946928 0 -0.321445
    outer loop
      vertex 9.24948 29.78 8.34874
      vertex 9.22215 31.78 8.26823
      vertex 9.24948 31.78 8.34874
    endloop
  endfacet
  facet normal 0.946928 0 -0.321445
    outer loop
      vertex 9.22215 31.78 8.26823
      vertex 9.24948 29.78 8.34874
      vertex 9.22215 29.78 8.26823
    endloop
  endfacet
  facet normal 0.980779 0 -0.195121
    outer loop
      vertex 9.22215 29.78 8.26823
      vertex 9.20556 31.78 8.18484
      vertex 9.22215 31.78 8.26823
    endloop
  endfacet
  facet normal 0.980779 0 -0.195121
    outer loop
      vertex 9.20556 31.78 8.18484
      vertex 9.22215 29.78 8.26823
      vertex 9.20556 29.78 8.18484
    endloop
  endfacet
  facet normal -0.321481 0 -0.946916
    outer loop
      vertex 10.0182 29.78 8.72785
      vertex 10.0987 31.78 8.70052
      vertex 10.0987 29.78 8.70052
    endloop
  endfacet
  facet normal -0.321481 0 -0.946916
    outer loop
      vertex 10.0987 31.78 8.70052
      vertex 10.0182 29.78 8.72785
      vertex 10.0182 31.78 8.72785
    endloop
  endfacet
  facet normal -0.555568 0 -0.831471
    outer loop
      vertex 10.175 29.78 8.66292
      vertex 10.2457 31.78 8.61568
      vertex 10.2457 29.78 8.61568
    endloop
  endfacet
  facet normal -0.555568 0 -0.831471
    outer loop
      vertex 10.2457 31.78 8.61568
      vertex 10.175 29.78 8.66292
      vertex 10.175 31.78 8.66292
    endloop
  endfacet
  facet normal -0.659487 0 -0.751716
    outer loop
      vertex 10.2457 29.78 8.61568
      vertex 10.3096 31.78 8.55962
      vertex 10.3096 29.78 8.55962
    endloop
  endfacet
  facet normal -0.659487 0 -0.751716
    outer loop
      vertex 10.3096 31.78 8.55962
      vertex 10.2457 29.78 8.61568
      vertex 10.2457 31.78 8.61568
    endloop
  endfacet
  facet normal 0.195121 0 0.980779
    outer loop
      vertex 9.68177 31.78 4.27215
      vertex 9.76516 29.78 4.25556
      vertex 9.76516 31.78 4.25556
    endloop
  endfacet
  facet normal 0.195121 0 0.980779
    outer loop
      vertex 9.76516 29.78 4.25556
      vertex 9.68177 31.78 4.27215
      vertex 9.68177 29.78 4.27215
    endloop
  endfacet
  facet normal -0.555568 0 0.831471
    outer loop
      vertex 10.175 31.78 4.33708
      vertex 10.2457 29.78 4.38432
      vertex 10.2457 31.78 4.38432
    endloop
  endfacet
  facet normal -0.555568 0 0.831471
    outer loop
      vertex 10.2457 29.78 4.38432
      vertex 10.175 31.78 4.33708
      vertex 10.175 29.78 4.33708
    endloop
  endfacet
  facet normal -0.659487 0 0.751716
    outer loop
      vertex 10.2457 31.78 4.38432
      vertex 10.3096 29.78 4.44038
      vertex 10.3096 31.78 4.44038
    endloop
  endfacet
  facet normal -0.659487 0 0.751716
    outer loop
      vertex 10.3096 29.78 4.44038
      vertex 10.2457 31.78 4.38432
      vertex 10.2457 29.78 4.38432
    endloop
  endfacet
  facet normal 0.44222 0 -0.896907
    outer loop
      vertex 9.525 29.78 8.66292
      vertex 9.60126 31.78 8.70052
      vertex 9.60126 29.78 8.70052
    endloop
  endfacet
  facet normal 0.44222 0 -0.896907
    outer loop
      vertex 9.60126 31.78 8.70052
      vertex 9.525 29.78 8.66292
      vertex 9.525 31.78 8.66292
    endloop
  endfacet
  facet normal 0.75187 0 -0.659312
    outer loop
      vertex 9.39038 29.78 8.55962
      vertex 9.33432 31.78 8.49569
      vertex 9.39038 31.78 8.55962
    endloop
  endfacet
  facet normal 0.75187 0 -0.659312
    outer loop
      vertex 9.33432 31.78 8.49569
      vertex 9.39038 29.78 8.55962
      vertex 9.33432 29.78 8.49569
    endloop
  endfacet
  facet normal 0.896907 0 -0.44222
    outer loop
      vertex 9.28708 29.78 8.425
      vertex 9.24948 31.78 8.34874
      vertex 9.28708 31.78 8.425
    endloop
  endfacet
  facet normal 0.896907 0 -0.44222
    outer loop
      vertex 9.24948 31.78 8.34874
      vertex 9.28708 29.78 8.425
      vertex 9.24948 29.78 8.34874
    endloop
  endfacet
  facet normal -0.751636 0 -0.659578
    outer loop
      vertex 10.3657 29.78 8.49569
      vertex 10.3096 31.78 8.55962
      vertex 10.3657 31.78 8.49569
    endloop
  endfacet
  facet normal -0.751636 -0 -0.659578
    outer loop
      vertex 10.3096 31.78 8.55962
      vertex 10.3657 29.78 8.49569
      vertex 10.3096 29.78 8.55962
    endloop
  endfacet
  facet normal -0.831652 0 -0.555297
    outer loop
      vertex 10.4129 29.78 8.425
      vertex 10.3657 31.78 8.49569
      vertex 10.4129 31.78 8.425
    endloop
  endfacet
  facet normal -0.831652 -0 -0.555297
    outer loop
      vertex 10.3657 31.78 8.49569
      vertex 10.4129 29.78 8.425
      vertex 10.3657 29.78 8.49569
    endloop
  endfacet
  facet normal -0.321481 0 0.946916
    outer loop
      vertex 10.0182 31.78 4.27215
      vertex 10.0987 29.78 4.29948
      vertex 10.0987 31.78 4.29948
    endloop
  endfacet
  facet normal -0.321481 0 0.946916
    outer loop
      vertex 10.0987 29.78 4.29948
      vertex 10.0182 31.78 4.27215
      vertex 10.0182 29.78 4.27215
    endloop
  endfacet
  facet normal 0.831435 0 -0.555623
    outer loop
      vertex 9.33432 29.78 8.49569
      vertex 9.28708 31.78 8.425
      vertex 9.33432 31.78 8.49569
    endloop
  endfacet
  facet normal 0.831435 0 -0.555623
    outer loop
      vertex 9.28708 31.78 8.425
      vertex 9.33432 29.78 8.49569
      vertex 9.28708 29.78 8.425
    endloop
  endfacet
  facet normal -0.946677 0 -0.322183
    outer loop
      vertex 10.4779 29.78 8.26823
      vertex 10.4505 31.78 8.34874
      vertex 10.4779 31.78 8.26823
    endloop
  endfacet
  facet normal -0.946677 -0 -0.322183
    outer loop
      vertex 10.4505 31.78 8.34874
      vertex 10.4779 29.78 8.26823
      vertex 10.4505 29.78 8.34874
    endloop
  endfacet
  facet normal -0.896907 0 -0.44222
    outer loop
      vertex 10.4505 29.78 8.34874
      vertex 10.4129 31.78 8.425
      vertex 10.4505 31.78 8.34874
    endloop
  endfacet
  facet normal -0.896907 -0 -0.44222
    outer loop
      vertex 10.4129 31.78 8.425
      vertex 10.4505 29.78 8.34874
      vertex 10.4129 29.78 8.425
    endloop
  endfacet
  facet normal 0.555568 0 -0.831471
    outer loop
      vertex 9.4543 29.78 8.61568
      vertex 9.525 31.78 8.66292
      vertex 9.525 29.78 8.66292
    endloop
  endfacet
  facet normal 0.555568 0 -0.831471
    outer loop
      vertex 9.525 31.78 8.66292
      vertex 9.4543 29.78 8.61568
      vertex 9.4543 31.78 8.61568
    endloop
  endfacet
  facet normal 0.65937 0 -0.751818
    outer loop
      vertex 9.39038 29.78 8.55962
      vertex 9.4543 31.78 8.61568
      vertex 9.4543 29.78 8.61568
    endloop
  endfacet
  facet normal 0.65937 0 -0.751818
    outer loop
      vertex 9.4543 31.78 8.61568
      vertex 9.39038 29.78 8.55962
      vertex 9.39038 31.78 8.55962
    endloop
  endfacet
  facet normal 0.997829 -0 0.0658633
    outer loop
      vertex 19.05 29.78 4.9
      vertex 19.0556 31.78 4.81516
      vertex 19.05 31.78 4.9
    endloop
  endfacet
  facet normal 0.997829 0 0.0658633
    outer loop
      vertex 19.0556 31.78 4.81516
      vertex 19.05 29.78 4.9
      vertex 19.0556 29.78 4.81516
    endloop
  endfacet
  facet normal -0.980981 0 0.194102
    outer loop
      vertex 20.3279 29.78 4.73177
      vertex 20.3444 31.78 4.81516
      vertex 20.3279 31.78 4.73177
    endloop
  endfacet
  facet normal -0.980981 0 0.194102
    outer loop
      vertex 20.3444 31.78 4.81516
      vertex 20.3279 29.78 4.73177
      vertex 20.3444 29.78 4.81516
    endloop
  endfacet
  facet normal 0.980981 -0 0.194102
    outer loop
      vertex 19.0556 29.78 4.81516
      vertex 19.0721 31.78 4.73177
      vertex 19.0556 31.78 4.81516
    endloop
  endfacet
  facet normal 0.980981 0 0.194102
    outer loop
      vertex 19.0721 31.78 4.73177
      vertex 19.0556 29.78 4.81516
      vertex 19.0721 29.78 4.73177
    endloop
  endfacet
  facet normal -0.896907 0 0.44222
    outer loop
      vertex 20.2629 29.78 4.575
      vertex 20.3005 31.78 4.65126
      vertex 20.2629 31.78 4.575
    endloop
  endfacet
  facet normal -0.896907 0 0.44222
    outer loop
      vertex 20.3005 31.78 4.65126
      vertex 20.2629 29.78 4.575
      vertex 20.3005 29.78 4.65126
    endloop
  endfacet
  facet normal 0.946677 -0 0.322183
    outer loop
      vertex 19.0721 29.78 4.73177
      vertex 19.0995 31.78 4.65126
      vertex 19.0721 31.78 4.73177
    endloop
  endfacet
  facet normal 0.946677 0 0.322183
    outer loop
      vertex 19.0995 31.78 4.65126
      vertex 19.0721 29.78 4.73177
      vertex 19.0995 29.78 4.65126
    endloop
  endfacet
  facet normal -0.946677 0 0.322183
    outer loop
      vertex 20.3005 29.78 4.65126
      vertex 20.3279 31.78 4.73177
      vertex 20.3005 31.78 4.65126
    endloop
  endfacet
  facet normal -0.946677 0 0.322183
    outer loop
      vertex 20.3279 31.78 4.73177
      vertex 20.3005 29.78 4.65126
      vertex 20.3279 29.78 4.73177
    endloop
  endfacet
  facet normal -1 0 0
    outer loop
      vertex 20.35 29.78 4.9
      vertex 20.35 31.78 8.1
      vertex 20.35 31.78 4.9
    endloop
  endfacet
  facet normal -1 -0 0
    outer loop
      vertex 20.35 31.78 8.1
      vertex 20.35 29.78 4.9
      vertex 20.35 29.78 8.1
    endloop
  endfacet
  facet normal 0.831652 -0 0.555297
    outer loop
      vertex 19.1371 29.78 4.575
      vertex 19.1843 31.78 4.50431
      vertex 19.1371 31.78 4.575
    endloop
  endfacet
  facet normal 0.831652 0 0.555297
    outer loop
      vertex 19.1843 31.78 4.50431
      vertex 19.1371 29.78 4.575
      vertex 19.1843 29.78 4.50431
    endloop
  endfacet
  facet normal 0.0654256 0 0.997857
    outer loop
      vertex 19.6152 31.78 4.25556
      vertex 19.7 29.78 4.25
      vertex 19.7 31.78 4.25
    endloop
  endfacet
  facet normal 0.0654256 0 0.997857
    outer loop
      vertex 19.7 29.78 4.25
      vertex 19.6152 31.78 4.25556
      vertex 19.6152 29.78 4.25556
    endloop
  endfacet
  facet normal -0.997829 0 0.0658633
    outer loop
      vertex 20.3444 29.78 4.81516
      vertex 20.35 31.78 4.9
      vertex 20.3444 31.78 4.81516
    endloop
  endfacet
  facet normal -0.997829 0 0.0658633
    outer loop
      vertex 20.35 31.78 4.9
      vertex 20.3444 29.78 4.81516
      vertex 20.35 29.78 4.9
    endloop
  endfacet
  facet normal 0.195098 0 -0.980784
    outer loop
      vertex 19.5318 29.78 8.72785
      vertex 19.6152 31.78 8.74444
      vertex 19.6152 29.78 8.74444
    endloop
  endfacet
  facet normal 0.195098 0 -0.980784
    outer loop
      vertex 19.6152 31.78 8.74444
      vertex 19.5318 29.78 8.72785
      vertex 19.5318 31.78 8.72785
    endloop
  endfacet
  facet normal -0.997829 0 -0.0658633
    outer loop
      vertex 20.35 29.78 8.1
      vertex 20.3444 31.78 8.18484
      vertex 20.35 31.78 8.1
    endloop
  endfacet
  facet normal -0.997829 -0 -0.0658633
    outer loop
      vertex 20.3444 31.78 8.18484
      vertex 20.35 29.78 8.1
      vertex 20.3444 29.78 8.18484
    endloop
  endfacet
  facet normal 0.751636 -0 0.659578
    outer loop
      vertex 19.1843 29.78 4.50431
      vertex 19.2404 31.78 4.44038
      vertex 19.1843 31.78 4.50431
    endloop
  endfacet
  facet normal 0.751636 0 0.659578
    outer loop
      vertex 19.2404 31.78 4.44038
      vertex 19.1843 29.78 4.50431
      vertex 19.2404 29.78 4.44038
    endloop
  endfacet
  facet normal 0.896907 -0 0.44222
    outer loop
      vertex 19.0995 29.78 4.65126
      vertex 19.1371 31.78 4.575
      vertex 19.0995 31.78 4.65126
    endloop
  endfacet
  facet normal 0.896907 0 0.44222
    outer loop
      vertex 19.1371 31.78 4.575
      vertex 19.0995 29.78 4.65126
      vertex 19.1371 29.78 4.575
    endloop
  endfacet
  facet normal 0.442033 0 0.896999
    outer loop
      vertex 19.375 31.78 4.33708
      vertex 19.4513 29.78 4.29948
      vertex 19.4513 31.78 4.29948
    endloop
  endfacet
  facet normal 0.442033 0 0.896999
    outer loop
      vertex 19.4513 29.78 4.29948
      vertex 19.375 31.78 4.33708
      vertex 19.375 29.78 4.33708
    endloop
  endfacet
  facet normal -0.831652 0 0.555297
    outer loop
      vertex 20.2157 29.78 4.50431
      vertex 20.2629 31.78 4.575
      vertex 20.2157 31.78 4.50431
    endloop
  endfacet
  facet normal -0.831652 0 0.555297
    outer loop
      vertex 20.2629 31.78 4.575
      vertex 20.2157 29.78 4.50431
      vertex 20.2629 29.78 4.575
    endloop
  endfacet
  facet normal -0.0654256 0 0.997857
    outer loop
      vertex 19.7 31.78 4.25
      vertex 19.7848 29.78 4.25556
      vertex 19.7848 31.78 4.25556
    endloop
  endfacet
  facet normal -0.0654256 0 0.997857
    outer loop
      vertex 19.7848 29.78 4.25556
      vertex 19.7 31.78 4.25
      vertex 19.7 29.78 4.25
    endloop
  endfacet
  facet normal 0.0654256 0 -0.997857
    outer loop
      vertex 19.6152 29.78 8.74444
      vertex 19.7 31.78 8.75
      vertex 19.7 29.78 8.75
    endloop
  endfacet
  facet normal 0.0654256 0 -0.997857
    outer loop
      vertex 19.7 31.78 8.75
      vertex 19.6152 29.78 8.74444
      vertex 19.6152 31.78 8.74444
    endloop
  endfacet
  facet normal 0.997829 0 -0.0658633
    outer loop
      vertex 19.0556 29.78 8.18484
      vertex 19.05 31.78 8.1
      vertex 19.0556 31.78 8.18484
    endloop
  endfacet
  facet normal 0.997829 0 -0.0658633
    outer loop
      vertex 19.05 31.78 8.1
      vertex 19.0556 29.78 8.18484
      vertex 19.05 29.78 8.1
    endloop
  endfacet
  facet normal 1 -0 0
    outer loop
      vertex 19.05 29.78 8.1
      vertex 19.05 31.78 4.9
      vertex 19.05 31.78 8.1
    endloop
  endfacet
  facet normal 1 0 0
    outer loop
      vertex 19.05 31.78 4.9
      vertex 19.05 29.78 8.1
      vertex 19.05 29.78 4.9
    endloop
  endfacet
  facet normal -0.0654256 0 -0.997857
    outer loop
      vertex 19.7 29.78 8.75
      vertex 19.7848 31.78 8.74444
      vertex 19.7848 29.78 8.74444
    endloop
  endfacet
  facet normal -0.0654256 0 -0.997857
    outer loop
      vertex 19.7848 31.78 8.74444
      vertex 19.7 29.78 8.75
      vertex 19.7 31.78 8.75
    endloop
  endfacet
  facet normal -0.442033 0 -0.896999
    outer loop
      vertex 19.9487 29.78 8.70052
      vertex 20.025 31.78 8.66292
      vertex 20.025 29.78 8.66292
    endloop
  endfacet
  facet normal -0.442033 0 -0.896999
    outer loop
      vertex 20.025 31.78 8.66292
      vertex 19.9487 29.78 8.70052
      vertex 19.9487 31.78 8.70052
    endloop
  endfacet
  facet normal -0.195098 0 -0.980784
    outer loop
      vertex 19.7848 29.78 8.74444
      vertex 19.8682 31.78 8.72785
      vertex 19.8682 29.78 8.72785
    endloop
  endfacet
  facet normal -0.195098 0 -0.980784
    outer loop
      vertex 19.8682 31.78 8.72785
      vertex 19.7848 29.78 8.74444
      vertex 19.7848 31.78 8.74444
    endloop
  endfacet
  facet normal -0.980981 0 -0.194102
    outer loop
      vertex 20.3444 29.78 8.18484
      vertex 20.3279 31.78 8.26823
      vertex 20.3444 31.78 8.18484
    endloop
  endfacet
  facet normal -0.980981 -0 -0.194102
    outer loop
      vertex 20.3279 31.78 8.26823
      vertex 20.3444 29.78 8.18484
      vertex 20.3279 29.78 8.26823
    endloop
  endfacet
  facet normal 0.659487 0 0.751716
    outer loop
      vertex 19.2404 31.78 4.44038
      vertex 19.3043 29.78 4.38432
      vertex 19.3043 31.78 4.38432
    endloop
  endfacet
  facet normal 0.659487 0 0.751716
    outer loop
      vertex 19.3043 29.78 4.38432
      vertex 19.2404 31.78 4.44038
      vertex 19.2404 29.78 4.44038
    endloop
  endfacet
  facet normal 0.555568 0 0.831471
    outer loop
      vertex 19.3043 31.78 4.38432
      vertex 19.375 29.78 4.33708
      vertex 19.375 31.78 4.33708
    endloop
  endfacet
  facet normal 0.555568 0 0.831471
    outer loop
      vertex 19.375 29.78 4.33708
      vertex 19.3043 31.78 4.38432
      vertex 19.3043 29.78 4.38432
    endloop
  endfacet
  facet normal 0.321481 0 0.946916
    outer loop
      vertex 19.4513 31.78 4.29948
      vertex 19.5318 29.78 4.27215
      vertex 19.5318 31.78 4.27215
    endloop
  endfacet
  facet normal 0.321481 0 0.946916
    outer loop
      vertex 19.5318 29.78 4.27215
      vertex 19.4513 31.78 4.29948
      vertex 19.4513 29.78 4.29948
    endloop
  endfacet
  facet normal -0.751636 0 0.659578
    outer loop
      vertex 20.1596 29.78 4.44038
      vertex 20.2157 31.78 4.50431
      vertex 20.1596 31.78 4.44038
    endloop
  endfacet
  facet normal -0.751636 0 0.659578
    outer loop
      vertex 20.2157 31.78 4.50431
      vertex 20.1596 29.78 4.44038
      vertex 20.2157 29.78 4.50431
    endloop
  endfacet
  facet normal -0.195098 0 0.980784
    outer loop
      vertex 19.7848 31.78 4.25556
      vertex 19.8682 29.78 4.27215
      vertex 19.8682 31.78 4.27215
    endloop
  endfacet
  facet normal -0.195098 0 0.980784
    outer loop
      vertex 19.8682 29.78 4.27215
      vertex 19.7848 31.78 4.25556
      vertex 19.7848 29.78 4.25556
    endloop
  endfacet
  facet normal -0.442033 0 0.896999
    outer loop
      vertex 19.9487 31.78 4.29948
      vertex 20.025 29.78 4.33708
      vertex 20.025 31.78 4.33708
    endloop
  endfacet
  facet normal -0.442033 0 0.896999
    outer loop
      vertex 20.025 29.78 4.33708
      vertex 19.9487 31.78 4.29948
      vertex 19.9487 29.78 4.29948
    endloop
  endfacet
  facet normal 0.321481 0 -0.946916
    outer loop
      vertex 19.4513 29.78 8.70052
      vertex 19.5318 31.78 8.72785
      vertex 19.5318 29.78 8.72785
    endloop
  endfacet
  facet normal 0.321481 0 -0.946916
    outer loop
      vertex 19.5318 31.78 8.72785
      vertex 19.4513 29.78 8.70052
      vertex 19.4513 31.78 8.70052
    endloop
  endfacet
  facet normal 0.946677 0 -0.322183
    outer loop
      vertex 19.0995 29.78 8.34874
      vertex 19.0721 31.78 8.26823
      vertex 19.0995 31.78 8.34874
    endloop
  endfacet
  facet normal 0.946677 0 -0.322183
    outer loop
      vertex 19.0721 31.78 8.26823
      vertex 19.0995 29.78 8.34874
      vertex 19.0721 29.78 8.26823
    endloop
  endfacet
  facet normal 0.980981 0 -0.194102
    outer loop
      vertex 19.0721 29.78 8.26823
      vertex 19.0556 31.78 8.18484
      vertex 19.0721 31.78 8.26823
    endloop
  endfacet
  facet normal 0.980981 0 -0.194102
    outer loop
      vertex 19.0556 31.78 8.18484
      vertex 19.0721 29.78 8.26823
      vertex 19.0556 29.78 8.18484
    endloop
  endfacet
  facet normal -0.321481 0 -0.946916
    outer loop
      vertex 19.8682 29.78 8.72785
      vertex 19.9487 31.78 8.70052
      vertex 19.9487 29.78 8.70052
    endloop
  endfacet
  facet normal -0.321481 0 -0.946916
    outer loop
      vertex 19.9487 31.78 8.70052
      vertex 19.8682 29.78 8.72785
      vertex 19.8682 31.78 8.72785
    endloop
  endfacet
  facet normal -0.555568 0 -0.831471
    outer loop
      vertex 20.025 29.78 8.66292
      vertex 20.0957 31.78 8.61568
      vertex 20.0957 29.78 8.61568
    endloop
  endfacet
  facet normal -0.555568 0 -0.831471
    outer loop
      vertex 20.0957 31.78 8.61568
      vertex 20.025 29.78 8.66292
      vertex 20.025 31.78 8.66292
    endloop
  endfacet
  facet normal -0.659487 0 -0.751716
    outer loop
      vertex 20.0957 29.78 8.61568
      vertex 20.1596 31.78 8.55962
      vertex 20.1596 29.78 8.55962
    endloop
  endfacet
  facet normal -0.659487 0 -0.751716
    outer loop
      vertex 20.1596 31.78 8.55962
      vertex 20.0957 29.78 8.61568
      vertex 20.0957 31.78 8.61568
    endloop
  endfacet
  facet normal 0.195098 0 0.980784
    outer loop
      vertex 19.5318 31.78 4.27215
      vertex 19.6152 29.78 4.25556
      vertex 19.6152 31.78 4.25556
    endloop
  endfacet
  facet normal 0.195098 0 0.980784
    outer loop
      vertex 19.6152 29.78 4.25556
      vertex 19.5318 31.78 4.27215
      vertex 19.5318 29.78 4.27215
    endloop
  endfacet
  facet normal -0.555568 0 0.831471
    outer loop
      vertex 20.025 31.78 4.33708
      vertex 20.0957 29.78 4.38432
      vertex 20.0957 31.78 4.38432
    endloop
  endfacet
  facet normal -0.555568 0 0.831471
    outer loop
      vertex 20.0957 29.78 4.38432
      vertex 20.025 31.78 4.33708
      vertex 20.025 29.78 4.33708
    endloop
  endfacet
  facet normal -0.659487 0 0.751716
    outer loop
      vertex 20.0957 31.78 4.38432
      vertex 20.1596 29.78 4.44038
      vertex 20.1596 31.78 4.44038
    endloop
  endfacet
  facet normal -0.659487 0 0.751716
    outer loop
      vertex 20.1596 29.78 4.44038
      vertex 20.0957 31.78 4.38432
      vertex 20.0957 29.78 4.38432
    endloop
  endfacet
  facet normal 0.442033 0 -0.896999
    outer loop
      vertex 19.375 29.78 8.66292
      vertex 19.4513 31.78 8.70052
      vertex 19.4513 29.78 8.70052
    endloop
  endfacet
  facet normal 0.442033 0 -0.896999
    outer loop
      vertex 19.4513 31.78 8.70052
      vertex 19.375 29.78 8.66292
      vertex 19.375 31.78 8.66292
    endloop
  endfacet
  facet normal 0.751636 0 -0.659578
    outer loop
      vertex 19.2404 29.78 8.55962
      vertex 19.1843 31.78 8.49569
      vertex 19.2404 31.78 8.55962
    endloop
  endfacet
  facet normal 0.751636 0 -0.659578
    outer loop
      vertex 19.1843 31.78 8.49569
      vertex 19.2404 29.78 8.55962
      vertex 19.1843 29.78 8.49569
    endloop
  endfacet
  facet normal 0.896907 0 -0.44222
    outer loop
      vertex 19.1371 29.78 8.425
      vertex 19.0995 31.78 8.34874
      vertex 19.1371 31.78 8.425
    endloop
  endfacet
  facet normal 0.896907 0 -0.44222
    outer loop
      vertex 19.0995 31.78 8.34874
      vertex 19.1371 29.78 8.425
      vertex 19.0995 29.78 8.34874
    endloop
  endfacet
  facet normal -0.751636 0 -0.659578
    outer loop
      vertex 20.2157 29.78 8.49569
      vertex 20.1596 31.78 8.55962
      vertex 20.2157 31.78 8.49569
    endloop
  endfacet
  facet normal -0.751636 -0 -0.659578
    outer loop
      vertex 20.1596 31.78 8.55962
      vertex 20.2157 29.78 8.49569
      vertex 20.1596 29.78 8.55962
    endloop
  endfacet
  facet normal -0.831652 0 -0.555297
    outer loop
      vertex 20.2629 29.78 8.425
      vertex 20.2157 31.78 8.49569
      vertex 20.2629 31.78 8.425
    endloop
  endfacet
  facet normal -0.831652 -0 -0.555297
    outer loop
      vertex 20.2157 31.78 8.49569
      vertex 20.2629 29.78 8.425
      vertex 20.2157 29.78 8.49569
    endloop
  endfacet
  facet normal -0.321481 0 0.946916
    outer loop
      vertex 19.8682 31.78 4.27215
      vertex 19.9487 29.78 4.29948
      vertex 19.9487 31.78 4.29948
    endloop
  endfacet
  facet normal -0.321481 0 0.946916
    outer loop
      vertex 19.9487 29.78 4.29948
      vertex 19.8682 31.78 4.27215
      vertex 19.8682 29.78 4.27215
    endloop
  endfacet
  facet normal 0.831652 0 -0.555297
    outer loop
      vertex 19.1843 29.78 8.49569
      vertex 19.1371 31.78 8.425
      vertex 19.1843 31.78 8.49569
    endloop
  endfacet
  facet normal 0.831652 0 -0.555297
    outer loop
      vertex 19.1371 31.78 8.425
      vertex 19.1843 29.78 8.49569
      vertex 19.1371 29.78 8.425
    endloop
  endfacet
  facet normal -0.946677 0 -0.322183
    outer loop
      vertex 20.3279 29.78 8.26823
      vertex 20.3005 31.78 8.34874
      vertex 20.3279 31.78 8.26823
    endloop
  endfacet
  facet normal -0.946677 -0 -0.322183
    outer loop
      vertex 20.3005 31.78 8.34874
      vertex 20.3279 29.78 8.26823
      vertex 20.3005 29.78 8.34874
    endloop
  endfacet
  facet normal -0.896907 0 -0.44222
    outer loop
      vertex 20.3005 29.78 8.34874
      vertex 20.2629 31.78 8.425
      vertex 20.3005 31.78 8.34874
    endloop
  endfacet
  facet normal -0.896907 -0 -0.44222
    outer loop
      vertex 20.2629 31.78 8.425
      vertex 20.3005 29.78 8.34874
      vertex 20.2629 29.78 8.425
    endloop
  endfacet
  facet normal 0.555568 0 -0.831471
    outer loop
      vertex 19.3043 29.78 8.61568
      vertex 19.375 31.78 8.66292
      vertex 19.375 29.78 8.66292
    endloop
  endfacet
  facet normal 0.555568 0 -0.831471
    outer loop
      vertex 19.375 31.78 8.66292
      vertex 19.3043 29.78 8.61568
      vertex 19.3043 31.78 8.61568
    endloop
  endfacet
  facet normal 0.659487 0 -0.751716
    outer loop
      vertex 19.2404 29.78 8.55962
      vertex 19.3043 31.78 8.61568
      vertex 19.3043 29.78 8.61568
    endloop
  endfacet
  facet normal 0.659487 0 -0.751716
    outer loop
      vertex 19.3043 31.78 8.61568
      vertex 19.2404 29.78 8.55962
      vertex 19.2404 31.78 8.55962
    endloop
  endfacet
  facet normal 0.896907 -0 0.44222
    outer loop
      vertex 28.9495 29.78 4.65126
      vertex 28.9871 31.78 4.575
      vertex 28.9495 31.78 4.65126
    endloop
  endfacet
  facet normal 0.896907 0 0.44222
    outer loop
      vertex 28.9871 31.78 4.575
      vertex 28.9495 29.78 4.65126
      vertex 28.9871 29.78 4.575
    endloop
  endfacet
  facet normal 0.997829 -0 0.0658633
    outer loop
      vertex 28.9 29.78 4.9
      vertex 28.9056 31.78 4.81516
      vertex 28.9 31.78 4.9
    endloop
  endfacet
  facet normal 0.997829 0 0.0658633
    outer loop
      vertex 28.9056 31.78 4.81516
      vertex 28.9 29.78 4.9
      vertex 28.9056 29.78 4.81516
    endloop
  endfacet
  facet normal -0.980981 0 0.194102
    outer loop
      vertex 30.1779 29.78 4.73177
      vertex 30.1944 31.78 4.81516
      vertex 30.1779 31.78 4.73177
    endloop
  endfacet
  facet normal -0.980981 0 0.194102
    outer loop
      vertex 30.1944 31.78 4.81516
      vertex 30.1779 29.78 4.73177
      vertex 30.1944 29.78 4.81516
    endloop
  endfacet
  facet normal 0.980981 -0 0.194102
    outer loop
      vertex 28.9056 29.78 4.81516
      vertex 28.9221 31.78 4.73177
      vertex 28.9056 31.78 4.81516
    endloop
  endfacet
  facet normal 0.980981 0 0.194102
    outer loop
      vertex 28.9221 31.78 4.73177
      vertex 28.9056 29.78 4.81516
      vertex 28.9221 29.78 4.73177
    endloop
  endfacet
  facet normal 0.0654256 0 -0.997857
    outer loop
      vertex 29.4652 29.78 8.74444
      vertex 29.55 31.78 8.75
      vertex 29.55 29.78 8.75
    endloop
  endfacet
  facet normal 0.0654256 0 -0.997857
    outer loop
      vertex 29.55 31.78 8.75
      vertex 29.4652 29.78 8.74444
      vertex 29.4652 31.78 8.74444
    endloop
  endfacet
  facet normal 0.946677 -0 0.322183
    outer loop
      vertex 28.9221 29.78 4.73177
      vertex 28.9495 31.78 4.65126
      vertex 28.9221 31.78 4.73177
    endloop
  endfacet
  facet normal 0.946677 0 0.322183
    outer loop
      vertex 28.9495 31.78 4.65126
      vertex 28.9221 29.78 4.73177
      vertex 28.9495 29.78 4.65126
    endloop
  endfacet
  facet normal -0.946677 0 0.322183
    outer loop
      vertex 30.1505 29.78 4.65126
      vertex 30.1779 31.78 4.73177
      vertex 30.1505 31.78 4.65126
    endloop
  endfacet
  facet normal -0.946677 0 0.322183
    outer loop
      vertex 30.1779 31.78 4.73177
      vertex 30.1505 29.78 4.65126
      vertex 30.1779 29.78 4.73177
    endloop
  endfacet
  facet normal -1 0 0
    outer loop
      vertex 30.2 29.78 4.9
      vertex 30.2 31.78 8.1
      vertex 30.2 31.78 4.9
    endloop
  endfacet
  facet normal -1 -0 0
    outer loop
      vertex 30.2 31.78 8.1
      vertex 30.2 29.78 4.9
      vertex 30.2 29.78 8.1
    endloop
  endfacet
  facet normal 0.831652 -0 0.555297
    outer loop
      vertex 28.9871 29.78 4.575
      vertex 29.0343 31.78 4.50431
      vertex 28.9871 31.78 4.575
    endloop
  endfacet
  facet normal 0.831652 0 0.555297
    outer loop
      vertex 29.0343 31.78 4.50431
      vertex 28.9871 29.78 4.575
      vertex 29.0343 29.78 4.50431
    endloop
  endfacet
  facet normal 0.442033 0 0.896999
    outer loop
      vertex 29.225 31.78 4.33708
      vertex 29.3013 29.78 4.29948
      vertex 29.3013 31.78 4.29948
    endloop
  endfacet
  facet normal 0.442033 0 0.896999
    outer loop
      vertex 29.3013 29.78 4.29948
      vertex 29.225 31.78 4.33708
      vertex 29.225 29.78 4.33708
    endloop
  endfacet
  facet normal -0.997829 0 0.0658633
    outer loop
      vertex 30.1944 29.78 4.81516
      vertex 30.2 31.78 4.9
      vertex 30.1944 31.78 4.81516
    endloop
  endfacet
  facet normal -0.997829 0 0.0658633
    outer loop
      vertex 30.2 31.78 4.9
      vertex 30.1944 29.78 4.81516
      vertex 30.2 29.78 4.9
    endloop
  endfacet
  facet normal -0.442033 0 -0.896999
    outer loop
      vertex 29.7987 29.78 8.70052
      vertex 29.875 31.78 8.66292
      vertex 29.875 29.78 8.66292
    endloop
  endfacet
  facet normal -0.442033 0 -0.896999
    outer loop
      vertex 29.875 31.78 8.66292
      vertex 29.7987 29.78 8.70052
      vertex 29.7987 31.78 8.70052
    endloop
  endfacet
  facet normal -0.997829 0 -0.0658633
    outer loop
      vertex 30.2 29.78 8.1
      vertex 30.1944 31.78 8.18484
      vertex 30.2 31.78 8.1
    endloop
  endfacet
  facet normal -0.997829 -0 -0.0658633
    outer loop
      vertex 30.1944 31.78 8.18484
      vertex 30.2 29.78 8.1
      vertex 30.1944 29.78 8.18484
    endloop
  endfacet
  facet normal 0.751636 -0 0.659578
    outer loop
      vertex 29.0343 29.78 4.50431
      vertex 29.0904 31.78 4.44038
      vertex 29.0343 31.78 4.50431
    endloop
  endfacet
  facet normal 0.751636 0 0.659578
    outer loop
      vertex 29.0904 31.78 4.44038
      vertex 29.0343 29.78 4.50431
      vertex 29.0904 29.78 4.44038
    endloop
  endfacet
  facet normal 0.555568 0 -0.831471
    outer loop
      vertex 29.1543 29.78 8.61568
      vertex 29.225 31.78 8.66292
      vertex 29.225 29.78 8.66292
    endloop
  endfacet
  facet normal 0.555568 0 -0.831471
    outer loop
      vertex 29.225 31.78 8.66292
      vertex 29.1543 29.78 8.61568
      vertex 29.1543 31.78 8.61568
    endloop
  endfacet
  facet normal 1 -0 0
    outer loop
      vertex 28.9 29.78 8.1
      vertex 28.9 31.78 4.9
      vertex 28.9 31.78 8.1
    endloop
  endfacet
  facet normal 1 0 0
    outer loop
      vertex 28.9 31.78 4.9
      vertex 28.9 29.78 8.1
      vertex 28.9 29.78 4.9
    endloop
  endfacet
  facet normal -0.0654256 0 -0.997857
    outer loop
      vertex 29.55 29.78 8.75
      vertex 29.6348 31.78 8.74444
      vertex 29.6348 29.78 8.74444
    endloop
  endfacet
  facet normal -0.0654256 0 -0.997857
    outer loop
      vertex 29.6348 31.78 8.74444
      vertex 29.55 29.78 8.75
      vertex 29.55 31.78 8.75
    endloop
  endfacet
  facet normal -0.555568 0 -0.831471
    outer loop
      vertex 29.875 29.78 8.66292
      vertex 29.9457 31.78 8.61568
      vertex 29.9457 29.78 8.61568
    endloop
  endfacet
  facet normal -0.555568 0 -0.831471
    outer loop
      vertex 29.9457 31.78 8.61568
      vertex 29.875 29.78 8.66292
      vertex 29.875 31.78 8.66292
    endloop
  endfacet
  facet normal -0.980981 0 -0.194102
    outer loop
      vertex 30.1944 29.78 8.18484
      vertex 30.1779 31.78 8.26823
      vertex 30.1944 31.78 8.18484
    endloop
  endfacet
  facet normal -0.980981 -0 -0.194102
    outer loop
      vertex 30.1779 31.78 8.26823
      vertex 30.1944 29.78 8.18484
      vertex 30.1779 29.78 8.26823
    endloop
  endfacet
  facet normal 0.659487 0 0.751716
    outer loop
      vertex 29.0904 31.78 4.44038
      vertex 29.1543 29.78 4.38432
      vertex 29.1543 31.78 4.38432
    endloop
  endfacet
  facet normal 0.659487 0 0.751716
    outer loop
      vertex 29.1543 29.78 4.38432
      vertex 29.0904 31.78 4.44038
      vertex 29.0904 29.78 4.44038
    endloop
  endfacet
  facet normal 0.555568 0 0.831471
    outer loop
      vertex 29.1543 31.78 4.38432
      vertex 29.225 29.78 4.33708
      vertex 29.225 31.78 4.33708
    endloop
  endfacet
  facet normal 0.555568 0 0.831471
    outer loop
      vertex 29.225 29.78 4.33708
      vertex 29.1543 31.78 4.38432
      vertex 29.1543 29.78 4.38432
    endloop
  endfacet
  facet normal 0.321481 0 0.946916
    outer loop
      vertex 29.3013 31.78 4.29948
      vertex 29.3818 29.78 4.27215
      vertex 29.3818 31.78 4.27215
    endloop
  endfacet
  facet normal 0.321481 0 0.946916
    outer loop
      vertex 29.3818 29.78 4.27215
      vertex 29.3013 31.78 4.29948
      vertex 29.3013 29.78 4.29948
    endloop
  endfacet
  facet normal -0.751636 0 0.659578
    outer loop
      vertex 30.0096 29.78 4.44038
      vertex 30.0657 31.78 4.50431
      vertex 30.0096 31.78 4.44038
    endloop
  endfacet
  facet normal -0.751636 0 0.659578
    outer loop
      vertex 30.0657 31.78 4.50431
      vertex 30.0096 29.78 4.44038
      vertex 30.0657 29.78 4.50431
    endloop
  endfacet
  facet normal -0.831652 0 0.555297
    outer loop
      vertex 30.0657 29.78 4.50431
      vertex 30.1129 31.78 4.575
      vertex 30.0657 31.78 4.50431
    endloop
  endfacet
  facet normal -0.831652 0 0.555297
    outer loop
      vertex 30.1129 31.78 4.575
      vertex 30.0657 29.78 4.50431
      vertex 30.1129 29.78 4.575
    endloop
  endfacet
  facet normal -0.896907 0 0.44222
    outer loop
      vertex 30.1129 29.78 4.575
      vertex 30.1505 31.78 4.65126
      vertex 30.1129 31.78 4.575
    endloop
  endfacet
  facet normal -0.896907 0 0.44222
    outer loop
      vertex 30.1505 31.78 4.65126
      vertex 30.1129 29.78 4.575
      vertex 30.1505 29.78 4.65126
    endloop
  endfacet
  facet normal -0.0654256 0 0.997857
    outer loop
      vertex 29.55 31.78 4.25
      vertex 29.6348 29.78 4.25556
      vertex 29.6348 31.78 4.25556
    endloop
  endfacet
  facet normal -0.0654256 0 0.997857
    outer loop
      vertex 29.6348 29.78 4.25556
      vertex 29.55 31.78 4.25
      vertex 29.55 29.78 4.25
    endloop
  endfacet
  facet normal -0.195098 0 0.980784
    outer loop
      vertex 29.6348 31.78 4.25556
      vertex 29.7182 29.78 4.27215
      vertex 29.7182 31.78 4.27215
    endloop
  endfacet
  facet normal -0.195098 0 0.980784
    outer loop
      vertex 29.7182 29.78 4.27215
      vertex 29.6348 31.78 4.25556
      vertex 29.6348 29.78 4.25556
    endloop
  endfacet
  facet normal -0.321481 0 0.946916
    outer loop
      vertex 29.7182 31.78 4.27215
      vertex 29.7987 29.78 4.29948
      vertex 29.7987 31.78 4.29948
    endloop
  endfacet
  facet normal -0.321481 0 0.946916
    outer loop
      vertex 29.7987 29.78 4.29948
      vertex 29.7182 31.78 4.27215
      vertex 29.7182 29.78 4.27215
    endloop
  endfacet
  facet normal -0.442033 0 0.896999
    outer loop
      vertex 29.7987 31.78 4.29948
      vertex 29.875 29.78 4.33708
      vertex 29.875 31.78 4.33708
    endloop
  endfacet
  facet normal -0.442033 0 0.896999
    outer loop
      vertex 29.875 29.78 4.33708
      vertex 29.7987 31.78 4.29948
      vertex 29.7987 29.78 4.29948
    endloop
  endfacet
  facet normal -0.555568 0 0.831471
    outer loop
      vertex 29.875 31.78 4.33708
      vertex 29.9457 29.78 4.38432
      vertex 29.9457 31.78 4.38432
    endloop
  endfacet
  facet normal -0.555568 0 0.831471
    outer loop
      vertex 29.9457 29.78 4.38432
      vertex 29.875 31.78 4.33708
      vertex 29.875 29.78 4.33708
    endloop
  endfacet
  facet normal 0.442033 0 -0.896999
    outer loop
      vertex 29.225 29.78 8.66292
      vertex 29.3013 31.78 8.70052
      vertex 29.3013 29.78 8.70052
    endloop
  endfacet
  facet normal 0.442033 0 -0.896999
    outer loop
      vertex 29.3013 31.78 8.70052
      vertex 29.225 29.78 8.66292
      vertex 29.225 31.78 8.66292
    endloop
  endfacet
  facet normal 0.980981 0 -0.194102
    outer loop
      vertex 28.9221 29.78 8.26823
      vertex 28.9056 31.78 8.18484
      vertex 28.9221 31.78 8.26823
    endloop
  endfacet
  facet normal 0.980981 0 -0.194102
    outer loop
      vertex 28.9056 31.78 8.18484
      vertex 28.9221 29.78 8.26823
      vertex 28.9056 29.78 8.18484
    endloop
  endfacet
  facet normal 0.997829 0 -0.0658633
    outer loop
      vertex 28.9056 29.78 8.18484
      vertex 28.9 31.78 8.1
      vertex 28.9056 31.78 8.18484
    endloop
  endfacet
  facet normal 0.997829 0 -0.0658633
    outer loop
      vertex 28.9 31.78 8.1
      vertex 28.9056 29.78 8.18484
      vertex 28.9 29.78 8.1
    endloop
  endfacet
  facet normal -0.831652 0 -0.555297
    outer loop
      vertex 30.1129 29.78 8.425
      vertex 30.0657 31.78 8.49569
      vertex 30.1129 31.78 8.425
    endloop
  endfacet
  facet normal -0.831652 -0 -0.555297
    outer loop
      vertex 30.0657 31.78 8.49569
      vertex 30.1129 29.78 8.425
      vertex 30.0657 29.78 8.49569
    endloop
  endfacet
  facet normal 0.195098 0 0.980784
    outer loop
      vertex 29.3818 31.78 4.27215
      vertex 29.4652 29.78 4.25556
      vertex 29.4652 31.78 4.25556
    endloop
  endfacet
  facet normal 0.195098 0 0.980784
    outer loop
      vertex 29.4652 29.78 4.25556
      vertex 29.3818 31.78 4.27215
      vertex 29.3818 29.78 4.27215
    endloop
  endfacet
  facet normal 0.0654256 0 0.997857
    outer loop
      vertex 29.4652 31.78 4.25556
      vertex 29.55 29.78 4.25
      vertex 29.55 31.78 4.25
    endloop
  endfacet
  facet normal 0.0654256 0 0.997857
    outer loop
      vertex 29.55 29.78 4.25
      vertex 29.4652 31.78 4.25556
      vertex 29.4652 29.78 4.25556
    endloop
  endfacet
  facet normal -0.659487 0 0.751716
    outer loop
      vertex 29.9457 31.78 4.38432
      vertex 30.0096 29.78 4.44038
      vertex 30.0096 31.78 4.44038
    endloop
  endfacet
  facet normal -0.659487 0 0.751716
    outer loop
      vertex 30.0096 29.78 4.44038
      vertex 29.9457 31.78 4.38432
      vertex 29.9457 29.78 4.38432
    endloop
  endfacet
  facet normal 0.896907 0 -0.44222
    outer loop
      vertex 28.9871 29.78 8.425
      vertex 28.9495 31.78 8.34874
      vertex 28.9871 31.78 8.425
    endloop
  endfacet
  facet normal 0.896907 0 -0.44222
    outer loop
      vertex 28.9495 31.78 8.34874
      vertex 28.9871 29.78 8.425
      vertex 28.9495 29.78 8.34874
    endloop
  endfacet
  facet normal 0.321481 0 -0.946916
    outer loop
      vertex 29.3013 29.78 8.70052
      vertex 29.3818 31.78 8.72785
      vertex 29.3818 29.78 8.72785
    endloop
  endfacet
  facet normal 0.321481 0 -0.946916
    outer loop
      vertex 29.3818 31.78 8.72785
      vertex 29.3013 29.78 8.70052
      vertex 29.3013 31.78 8.70052
    endloop
  endfacet
  facet normal 0.195098 0 -0.980784
    outer loop
      vertex 29.3818 29.78 8.72785
      vertex 29.4652 31.78 8.74444
      vertex 29.4652 29.78 8.74444
    endloop
  endfacet
  facet normal 0.195098 0 -0.980784
    outer loop
      vertex 29.4652 31.78 8.74444
      vertex 29.3818 29.78 8.72785
      vertex 29.3818 31.78 8.72785
    endloop
  endfacet
  facet normal -0.321481 0 -0.946916
    outer loop
      vertex 29.7182 29.78 8.72785
      vertex 29.7987 31.78 8.70052
      vertex 29.7987 29.78 8.70052
    endloop
  endfacet
  facet normal -0.321481 0 -0.946916
    outer loop
      vertex 29.7987 31.78 8.70052
      vertex 29.7182 29.78 8.72785
      vertex 29.7182 31.78 8.72785
    endloop
  endfacet
  facet normal -0.195098 0 -0.980784
    outer loop
      vertex 29.6348 29.78 8.74444
      vertex 29.7182 31.78 8.72785
      vertex 29.7182 29.78 8.72785
    endloop
  endfacet
  facet normal -0.195098 0 -0.980784
    outer loop
      vertex 29.7182 31.78 8.72785
      vertex 29.6348 29.78 8.74444
      vertex 29.6348 31.78 8.74444
    endloop
  endfacet
  facet normal -0.946677 0 -0.322183
    outer loop
      vertex 30.1779 29.78 8.26823
      vertex 30.1505 31.78 8.34874
      vertex 30.1779 31.78 8.26823
    endloop
  endfacet
  facet normal -0.946677 -0 -0.322183
    outer loop
      vertex 30.1505 31.78 8.34874
      vertex 30.1779 29.78 8.26823
      vertex 30.1505 29.78 8.34874
    endloop
  endfacet
  facet normal -0.896907 0 -0.44222
    outer loop
      vertex 30.1505 29.78 8.34874
      vertex 30.1129 31.78 8.425
      vertex 30.1505 31.78 8.34874
    endloop
  endfacet
  facet normal -0.896907 -0 -0.44222
    outer loop
      vertex 30.1129 31.78 8.425
      vertex 30.1505 29.78 8.34874
      vertex 30.1129 29.78 8.425
    endloop
  endfacet
  facet normal -0.751636 0 -0.659578
    outer loop
      vertex 30.0657 29.78 8.49569
      vertex 30.0096 31.78 8.55962
      vertex 30.0657 31.78 8.49569
    endloop
  endfacet
  facet normal -0.751636 -0 -0.659578
    outer loop
      vertex 30.0096 31.78 8.55962
      vertex 30.0657 29.78 8.49569
      vertex 30.0096 29.78 8.55962
    endloop
  endfacet
  facet normal -0.659487 0 -0.751716
    outer loop
      vertex 29.9457 29.78 8.61568
      vertex 30.0096 31.78 8.55962
      vertex 30.0096 29.78 8.55962
    endloop
  endfacet
  facet normal -0.659487 0 -0.751716
    outer loop
      vertex 30.0096 31.78 8.55962
      vertex 29.9457 29.78 8.61568
      vertex 29.9457 31.78 8.61568
    endloop
  endfacet
  facet normal 0.659487 0 -0.751716
    outer loop
      vertex 29.0904 29.78 8.55962
      vertex 29.1543 31.78 8.61568
      vertex 29.1543 29.78 8.61568
    endloop
  endfacet
  facet normal 0.659487 0 -0.751716
    outer loop
      vertex 29.1543 31.78 8.61568
      vertex 29.0904 29.78 8.55962
      vertex 29.0904 31.78 8.55962
    endloop
  endfacet
  facet normal 0.831652 0 -0.555297
    outer loop
      vertex 29.0343 29.78 8.49569
      vertex 28.9871 31.78 8.425
      vertex 29.0343 31.78 8.49569
    endloop
  endfacet
  facet normal 0.831652 0 -0.555297
    outer loop
      vertex 28.9871 31.78 8.425
      vertex 29.0343 29.78 8.49569
      vertex 28.9871 29.78 8.425
    endloop
  endfacet
  facet normal 0.946677 0 -0.322183
    outer loop
      vertex 28.9495 29.78 8.34874
      vertex 28.9221 31.78 8.26823
      vertex 28.9495 31.78 8.34874
    endloop
  endfacet
  facet normal 0.946677 0 -0.322183
    outer loop
      vertex 28.9221 31.78 8.26823
      vertex 28.9495 29.78 8.34874
      vertex 28.9221 29.78 8.26823
    endloop
  endfacet
  facet normal 0.751636 0 -0.659578
    outer loop
      vertex 29.0904 29.78 8.55962
      vertex 29.0343 31.78 8.49569
      vertex 29.0904 31.78 8.55962
    endloop
  endfacet
  facet normal 0.751636 0 -0.659578
    outer loop
      vertex 29.0343 31.78 8.49569
      vertex 29.0904 29.78 8.55962
      vertex 29.0343 29.78 8.49569
    endloop
  endfacet
  facet normal 0 -0.195098 0.980784
    outer loop
      vertex 0 12.8802 4.27215
      vertex 2 12.7968 4.25556
      vertex 2 12.8802 4.27215
    endloop
  endfacet
  facet normal 0 -0.195098 0.980784
    outer loop
      vertex 2 12.7968 4.25556
      vertex 0 12.8802 4.27215
      vertex 0 12.7968 4.25556
    endloop
  endfacet
  facet normal 0 -0.442033 0.896999
    outer loop
      vertex 0 13.037 4.33708
      vertex 2 12.9607 4.29948
      vertex 2 13.037 4.33708
    endloop
  endfacet
  facet normal 0 -0.442033 0.896999
    outer loop
      vertex 2 12.9607 4.29948
      vertex 0 13.037 4.33708
      vertex 0 12.9607 4.29948
    endloop
  endfacet
  facet normal 0 -0.321481 0.946916
    outer loop
      vertex 0 12.9607 4.29948
      vertex 2 12.8802 4.27215
      vertex 2 12.9607 4.29948
    endloop
  endfacet
  facet normal 0 -0.321481 0.946916
    outer loop
      vertex 2 12.8802 4.27215
      vertex 0 12.9607 4.29948
      vertex 0 12.8802 4.27215
    endloop
  endfacet
  facet normal -0 0.195098 0.980784
    outer loop
      vertex 0 12.6272 4.25556
      vertex 2 12.5438 4.27215
      vertex 2 12.6272 4.25556
    endloop
  endfacet
  facet normal 0 0.195098 0.980784
    outer loop
      vertex 2 12.5438 4.27215
      vertex 0 12.6272 4.25556
      vertex 0 12.5438 4.27215
    endloop
  endfacet
  facet normal 0 0.980981 0.194102
    outer loop
      vertex 2 12.0841 4.73177
      vertex 0 12.0676 4.81516
      vertex 2 12.0676 4.81516
    endloop
  endfacet
  facet normal 0 0.980981 0.194102
    outer loop
      vertex 0 12.0676 4.81516
      vertex 2 12.0841 4.73177
      vertex 0 12.0841 4.73177
    endloop
  endfacet
  facet normal 0 -0.997829 0.0658633
    outer loop
      vertex 0 13.3564 4.81516
      vertex 2 13.362 4.9
      vertex 0 13.362 4.9
    endloop
  endfacet
  facet normal 0 -0.997829 0.0658633
    outer loop
      vertex 2 13.362 4.9
      vertex 0 13.3564 4.81516
      vertex 2 13.3564 4.81516
    endloop
  endfacet
  facet normal 0 -0.751636 0.659578
    outer loop
      vertex 0 13.1716 4.44038
      vertex 2 13.2277 4.50431
      vertex 0 13.2277 4.50431
    endloop
  endfacet
  facet normal 0 -0.751636 0.659578
    outer loop
      vertex 2 13.2277 4.50431
      vertex 0 13.1716 4.44038
      vertex 2 13.1716 4.44038
    endloop
  endfacet
  facet normal 0 -0.555568 0.831471
    outer loop
      vertex 0 13.1077 4.38432
      vertex 2 13.037 4.33708
      vertex 2 13.1077 4.38432
    endloop
  endfacet
  facet normal 0 -0.555568 0.831471
    outer loop
      vertex 2 13.037 4.33708
      vertex 0 13.1077 4.38432
      vertex 0 13.037 4.33708
    endloop
  endfacet
  facet normal -0 0.0654256 0.997857
    outer loop
      vertex 0 12.712 4.25
      vertex 2 12.6272 4.25556
      vertex 2 12.712 4.25
    endloop
  endfacet
  facet normal 0 0.0654256 0.997857
    outer loop
      vertex 2 12.6272 4.25556
      vertex 0 12.712 4.25
      vertex 0 12.6272 4.25556
    endloop
  endfacet
  facet normal -0 0.321481 0.946916
    outer loop
      vertex 0 12.5438 4.27215
      vertex 2 12.4633 4.29948
      vertex 2 12.5438 4.27215
    endloop
  endfacet
  facet normal 0 0.321481 0.946916
    outer loop
      vertex 2 12.4633 4.29948
      vertex 0 12.5438 4.27215
      vertex 0 12.4633 4.29948
    endloop
  endfacet
  facet normal 0 1 -0
    outer loop
      vertex 2 12.062 4.9
      vertex 0 12.062 8.1
      vertex 2 12.062 8.1
    endloop
  endfacet
  facet normal 0 1 0
    outer loop
      vertex 0 12.062 8.1
      vertex 2 12.062 4.9
      vertex 0 12.062 4.9
    endloop
  endfacet
  facet normal 0 -0.831652 0.555297
    outer loop
      vertex 0 13.2277 4.50431
      vertex 2 13.2749 4.575
      vertex 0 13.2749 4.575
    endloop
  endfacet
  facet normal 0 -0.831652 0.555297
    outer loop
      vertex 2 13.2749 4.575
      vertex 0 13.2277 4.50431
      vertex 2 13.2277 4.50431
    endloop
  endfacet
  facet normal 0 -0.659487 0.751716
    outer loop
      vertex 0 13.1716 4.44038
      vertex 2 13.1077 4.38432
      vertex 2 13.1716 4.44038
    endloop
  endfacet
  facet normal 0 -0.659487 0.751716
    outer loop
      vertex 2 13.1077 4.38432
      vertex 0 13.1716 4.44038
      vertex 0 13.1077 4.38432
    endloop
  endfacet
  facet normal 0 -0.0654256 0.997857
    outer loop
      vertex 0 12.7968 4.25556
      vertex 2 12.712 4.25
      vertex 2 12.7968 4.25556
    endloop
  endfacet
  facet normal 0 -0.0654256 0.997857
    outer loop
      vertex 2 12.712 4.25
      vertex 0 12.7968 4.25556
      vertex 0 12.712 4.25
    endloop
  endfacet
  facet normal 0 0.946677 -0.322183
    outer loop
      vertex 2 12.0841 8.26823
      vertex 0 12.1115 8.34874
      vertex 2 12.1115 8.34874
    endloop
  endfacet
  facet normal 0 0.946677 -0.322183
    outer loop
      vertex 0 12.1115 8.34874
      vertex 2 12.0841 8.26823
      vertex 0 12.0841 8.26823
    endloop
  endfacet
  facet normal 0 0.980981 -0.194102
    outer loop
      vertex 2 12.0676 8.18484
      vertex 0 12.0841 8.26823
      vertex 2 12.0841 8.26823
    endloop
  endfacet
  facet normal 0 0.980981 -0.194102
    outer loop
      vertex 0 12.0841 8.26823
      vertex 2 12.0676 8.18484
      vertex 0 12.0676 8.18484
    endloop
  endfacet
  facet normal 0 0.946677 0.322183
    outer loop
      vertex 2 12.1115 4.65126
      vertex 0 12.0841 4.73177
      vertex 2 12.0841 4.73177
    endloop
  endfacet
  facet normal 0 0.946677 0.322183
    outer loop
      vertex 0 12.0841 4.73177
      vertex 2 12.1115 4.65126
      vertex 0 12.1115 4.65126
    endloop
  endfacet
  facet normal 0 0.997829 0.0658633
    outer loop
      vertex 2 12.0676 4.81516
      vertex 0 12.062 4.9
      vertex 2 12.062 4.9
    endloop
  endfacet
  facet normal 0 0.997829 0.0658633
    outer loop
      vertex 0 12.062 4.9
      vertex 2 12.0676 4.81516
      vertex 0 12.0676 4.81516
    endloop
  endfacet
  facet normal 0 -0.946677 -0.322183
    outer loop
      vertex 0 13.3399 8.26823
      vertex 2 13.3125 8.34874
      vertex 0 13.3125 8.34874
    endloop
  endfacet
  facet normal 0 -0.946677 -0.322183
    outer loop
      vertex 2 13.3125 8.34874
      vertex 0 13.3399 8.26823
      vertex 2 13.3399 8.26823
    endloop
  endfacet
  facet normal 0 -0.980981 -0.194102
    outer loop
      vertex 0 13.3564 8.18484
      vertex 2 13.3399 8.26823
      vertex 0 13.3399 8.26823
    endloop
  endfacet
  facet normal 0 -0.980981 -0.194102
    outer loop
      vertex 2 13.3399 8.26823
      vertex 0 13.3564 8.18484
      vertex 2 13.3564 8.18484
    endloop
  endfacet
  facet normal 0 0.751636 0.659578
    outer loop
      vertex 2 12.2524 4.44038
      vertex 0 12.1963 4.50431
      vertex 2 12.1963 4.50431
    endloop
  endfacet
  facet normal 0 0.751636 0.659578
    outer loop
      vertex 0 12.1963 4.50431
      vertex 2 12.2524 4.44038
      vertex 0 12.2524 4.44038
    endloop
  endfacet
  facet normal 0 0.997829 -0.0658633
    outer loop
      vertex 2 12.062 8.1
      vertex 0 12.0676 8.18484
      vertex 2 12.0676 8.18484
    endloop
  endfacet
  facet normal 0 0.997829 -0.0658633
    outer loop
      vertex 0 12.0676 8.18484
      vertex 2 12.062 8.1
      vertex 0 12.062 8.1
    endloop
  endfacet
  facet normal 0 0.442033 -0.896999
    outer loop
      vertex 0 12.387 8.66292
      vertex 2 12.4633 8.70052
      vertex 2 12.387 8.66292
    endloop
  endfacet
  facet normal 0 0.442033 -0.896999
    outer loop
      vertex 2 12.4633 8.70052
      vertex 0 12.387 8.66292
      vertex 0 12.4633 8.70052
    endloop
  endfacet
  facet normal 0 0.751636 -0.659578
    outer loop
      vertex 2 12.1963 8.49569
      vertex 0 12.2524 8.55962
      vertex 2 12.2524 8.55962
    endloop
  endfacet
  facet normal 0 0.751636 -0.659578
    outer loop
      vertex 0 12.2524 8.55962
      vertex 2 12.1963 8.49569
      vertex 0 12.1963 8.49569
    endloop
  endfacet
  facet normal 0 -0.831652 -0.555297
    outer loop
      vertex 0 13.2749 8.425
      vertex 2 13.2277 8.49569
      vertex 0 13.2277 8.49569
    endloop
  endfacet
  facet normal 0 -0.831652 -0.555297
    outer loop
      vertex 2 13.2277 8.49569
      vertex 0 13.2749 8.425
      vertex 2 13.2749 8.425
    endloop
  endfacet
  facet normal 0 -0.321481 -0.946916
    outer loop
      vertex 0 12.8802 8.72785
      vertex 2 12.9607 8.70052
      vertex 2 12.8802 8.72785
    endloop
  endfacet
  facet normal -0 -0.321481 -0.946916
    outer loop
      vertex 2 12.9607 8.70052
      vertex 0 12.8802 8.72785
      vertex 0 12.9607 8.70052
    endloop
  endfacet
  facet normal 0 -1 0
    outer loop
      vertex 0 13.362 4.9
      vertex 2 13.362 8.1
      vertex 0 13.362 8.1
    endloop
  endfacet
  facet normal 0 -1 -0
    outer loop
      vertex 2 13.362 8.1
      vertex 0 13.362 4.9
      vertex 2 13.362 4.9
    endloop
  endfacet
  facet normal 0 -0.997829 -0.0658633
    outer loop
      vertex 0 13.362 8.1
      vertex 2 13.3564 8.18484
      vertex 0 13.3564 8.18484
    endloop
  endfacet
  facet normal 0 -0.997829 -0.0658633
    outer loop
      vertex 2 13.3564 8.18484
      vertex 0 13.362 8.1
      vertex 2 13.362 8.1
    endloop
  endfacet
  facet normal 0 -0.896907 0.44222
    outer loop
      vertex 0 13.2749 4.575
      vertex 2 13.3125 4.65126
      vertex 0 13.3125 4.65126
    endloop
  endfacet
  facet normal 0 -0.896907 0.44222
    outer loop
      vertex 2 13.3125 4.65126
      vertex 0 13.2749 4.575
      vertex 2 13.2749 4.575
    endloop
  endfacet
  facet normal 0 -0.980981 0.194102
    outer loop
      vertex 0 13.3399 4.73177
      vertex 2 13.3564 4.81516
      vertex 0 13.3564 4.81516
    endloop
  endfacet
  facet normal 0 -0.980981 0.194102
    outer loop
      vertex 2 13.3564 4.81516
      vertex 0 13.3399 4.73177
      vertex 2 13.3399 4.73177
    endloop
  endfacet
  facet normal 0 0.896907 0.44222
    outer loop
      vertex 2 12.1491 4.575
      vertex 0 12.1115 4.65126
      vertex 2 12.1115 4.65126
    endloop
  endfacet
  facet normal 0 0.896907 0.44222
    outer loop
      vertex 0 12.1115 4.65126
      vertex 2 12.1491 4.575
      vertex 0 12.1491 4.575
    endloop
  endfacet
  facet normal -0 0.659487 0.751716
    outer loop
      vertex 0 12.3163 4.38432
      vertex 2 12.2524 4.44038
      vertex 2 12.3163 4.38432
    endloop
  endfacet
  facet normal 0 0.659487 0.751716
    outer loop
      vertex 2 12.2524 4.44038
      vertex 0 12.3163 4.38432
      vertex 0 12.2524 4.44038
    endloop
  endfacet
  facet normal 0 0.831652 0.555297
    outer loop
      vertex 2 12.1963 4.50431
      vertex 0 12.1491 4.575
      vertex 2 12.1491 4.575
    endloop
  endfacet
  facet normal 0 0.831652 0.555297
    outer loop
      vertex 0 12.1491 4.575
      vertex 2 12.1963 4.50431
      vertex 0 12.1963 4.50431
    endloop
  endfacet
  facet normal -0 0.555568 0.831471
    outer loop
      vertex 0 12.387 4.33708
      vertex 2 12.3163 4.38432
      vertex 2 12.387 4.33708
    endloop
  endfacet
  facet normal 0 0.555568 0.831471
    outer loop
      vertex 2 12.3163 4.38432
      vertex 0 12.387 4.33708
      vertex 0 12.3163 4.38432
    endloop
  endfacet
  facet normal -0 0.442033 0.896999
    outer loop
      vertex 0 12.4633 4.29948
      vertex 2 12.387 4.33708
      vertex 2 12.4633 4.29948
    endloop
  endfacet
  facet normal 0 0.442033 0.896999
    outer loop
      vertex 2 12.387 4.33708
      vertex 0 12.4633 4.29948
      vertex 0 12.387 4.33708
    endloop
  endfacet
  facet normal 0 0.896907 -0.44222
    outer loop
      vertex 2 12.1115 8.34874
      vertex 0 12.1491 8.425
      vertex 2 12.1491 8.425
    endloop
  endfacet
  facet normal 0 0.896907 -0.44222
    outer loop
      vertex 0 12.1491 8.425
      vertex 2 12.1115 8.34874
      vertex 0 12.1115 8.34874
    endloop
  endfacet
  facet normal 0 0.195098 -0.980784
    outer loop
      vertex 0 12.5438 8.72785
      vertex 2 12.6272 8.74444
      vertex 2 12.5438 8.72785
    endloop
  endfacet
  facet normal 0 0.195098 -0.980784
    outer loop
      vertex 2 12.6272 8.74444
      vertex 0 12.5438 8.72785
      vertex 0 12.6272 8.74444
    endloop
  endfacet
  facet normal 0 0.321481 -0.946916
    outer loop
      vertex 0 12.4633 8.70052
      vertex 2 12.5438 8.72785
      vertex 2 12.4633 8.70052
    endloop
  endfacet
  facet normal 0 0.321481 -0.946916
    outer loop
      vertex 2 12.5438 8.72785
      vertex 0 12.4633 8.70052
      vertex 0 12.5438 8.72785
    endloop
  endfacet
  facet normal 0 0.555568 -0.831471
    outer loop
      vertex 0 12.3163 8.61568
      vertex 2 12.387 8.66292
      vertex 2 12.3163 8.61568
    endloop
  endfacet
  facet normal 0 0.555568 -0.831471
    outer loop
      vertex 2 12.387 8.66292
      vertex 0 12.3163 8.61568
      vertex 0 12.387 8.66292
    endloop
  endfacet
  facet normal 0 -0.0654256 -0.997857
    outer loop
      vertex 0 12.712 8.75
      vertex 2 12.7968 8.74444
      vertex 2 12.712 8.75
    endloop
  endfacet
  facet normal -0 -0.0654256 -0.997857
    outer loop
      vertex 2 12.7968 8.74444
      vertex 0 12.712 8.75
      vertex 0 12.7968 8.74444
    endloop
  endfacet
  facet normal 0 -0.442033 -0.896999
    outer loop
      vertex 0 12.9607 8.70052
      vertex 2 13.037 8.66292
      vertex 2 12.9607 8.70052
    endloop
  endfacet
  facet normal -0 -0.442033 -0.896999
    outer loop
      vertex 2 13.037 8.66292
      vertex 0 12.9607 8.70052
      vertex 0 13.037 8.66292
    endloop
  endfacet
  facet normal 0 -0.751636 -0.659578
    outer loop
      vertex 0 13.2277 8.49569
      vertex 2 13.1716 8.55962
      vertex 0 13.1716 8.55962
    endloop
  endfacet
  facet normal 0 -0.751636 -0.659578
    outer loop
      vertex 2 13.1716 8.55962
      vertex 0 13.2277 8.49569
      vertex 2 13.2277 8.49569
    endloop
  endfacet
  facet normal 0 -0.896907 -0.44222
    outer loop
      vertex 0 13.3125 8.34874
      vertex 2 13.2749 8.425
      vertex 0 13.2749 8.425
    endloop
  endfacet
  facet normal 0 -0.896907 -0.44222
    outer loop
      vertex 2 13.2749 8.425
      vertex 0 13.3125 8.34874
      vertex 2 13.3125 8.34874
    endloop
  endfacet
  facet normal 0 0.831652 -0.555297
    outer loop
      vertex 2 12.1491 8.425
      vertex 0 12.1963 8.49569
      vertex 2 12.1963 8.49569
    endloop
  endfacet
  facet normal 0 0.831652 -0.555297
    outer loop
      vertex 0 12.1963 8.49569
      vertex 2 12.1491 8.425
      vertex 0 12.1491 8.425
    endloop
  endfacet
  facet normal 0 0.0654256 -0.997857
    outer loop
      vertex 0 12.6272 8.74444
      vertex 2 12.712 8.75
      vertex 2 12.6272 8.74444
    endloop
  endfacet
  facet normal 0 0.0654256 -0.997857
    outer loop
      vertex 2 12.712 8.75
      vertex 0 12.6272 8.74444
      vertex 0 12.712 8.75
    endloop
  endfacet
  facet normal 0 0.659487 -0.751716
    outer loop
      vertex 0 12.2524 8.55962
      vertex 2 12.3163 8.61568
      vertex 2 12.2524 8.55962
    endloop
  endfacet
  facet normal 0 0.659487 -0.751716
    outer loop
      vertex 2 12.3163 8.61568
      vertex 0 12.2524 8.55962
      vertex 0 12.3163 8.61568
    endloop
  endfacet
  facet normal 0 -0.195098 -0.980784
    outer loop
      vertex 0 12.7968 8.74444
      vertex 2 12.8802 8.72785
      vertex 2 12.7968 8.74444
    endloop
  endfacet
  facet normal -0 -0.195098 -0.980784
    outer loop
      vertex 2 12.8802 8.72785
      vertex 0 12.7968 8.74444
      vertex 0 12.8802 8.72785
    endloop
  endfacet
  facet normal 0 -0.659487 -0.751716
    outer loop
      vertex 0 13.1077 8.61568
      vertex 2 13.1716 8.55962
      vertex 2 13.1077 8.61568
    endloop
  endfacet
  facet normal -0 -0.659487 -0.751716
    outer loop
      vertex 2 13.1716 8.55962
      vertex 0 13.1077 8.61568
      vertex 0 13.1716 8.55962
    endloop
  endfacet
  facet normal 0 -0.555568 -0.831471
    outer loop
      vertex 0 13.037 8.66292
      vertex 2 13.1077 8.61568
      vertex 2 13.037 8.66292
    endloop
  endfacet
  facet normal -0 -0.555568 -0.831471
    outer loop
      vertex 2 13.1077 8.61568
      vertex 0 13.037 8.66292
      vertex 0 13.1077 8.61568
    endloop
  endfacet
  facet normal 0 -0.946677 0.322183
    outer loop
      vertex 0 13.3125 4.65126
      vertex 2 13.3399 4.73177
      vertex 0 13.3399 4.73177
    endloop
  endfacet
  facet normal 0 -0.946677 0.322183
    outer loop
      vertex 2 13.3399 4.73177
      vertex 0 13.3125 4.65126
      vertex 2 13.3125 4.65126
    endloop
  endfacet
  facet normal 0 -0.195098 0.980784
    outer loop
      vertex 37.4 12.8802 4.27215
      vertex 39.4 12.7968 4.25556
      vertex 39.4 12.8802 4.27215
    endloop
  endfacet
  facet normal 0 -0.195098 0.980784
    outer loop
      vertex 39.4 12.7968 4.25556
      vertex 37.4 12.8802 4.27215
      vertex 37.4 12.7968 4.25556
    endloop
  endfacet
  facet normal 0 -0.442033 0.896999
    outer loop
      vertex 37.4 13.037 4.33708
      vertex 39.4 12.9607 4.29948
      vertex 39.4 13.037 4.33708
    endloop
  endfacet
  facet normal 0 -0.442033 0.896999
    outer loop
      vertex 39.4 12.9607 4.29948
      vertex 37.4 13.037 4.33708
      vertex 37.4 12.9607 4.29948
    endloop
  endfacet
  facet normal 0 -0.321481 0.946916
    outer loop
      vertex 37.4 12.9607 4.29948
      vertex 39.4 12.8802 4.27215
      vertex 39.4 12.9607 4.29948
    endloop
  endfacet
  facet normal 0 -0.321481 0.946916
    outer loop
      vertex 39.4 12.8802 4.27215
      vertex 37.4 12.9607 4.29948
      vertex 37.4 12.8802 4.27215
    endloop
  endfacet
  facet normal -0 0.195098 0.980784
    outer loop
      vertex 37.4 12.6272 4.25556
      vertex 39.4 12.5438 4.27215
      vertex 39.4 12.6272 4.25556
    endloop
  endfacet
  facet normal 0 0.195098 0.980784
    outer loop
      vertex 39.4 12.5438 4.27215
      vertex 37.4 12.6272 4.25556
      vertex 37.4 12.5438 4.27215
    endloop
  endfacet
  facet normal 0 0.980981 0.194102
    outer loop
      vertex 39.4 12.0841 4.73177
      vertex 37.4 12.0676 4.81516
      vertex 39.4 12.0676 4.81516
    endloop
  endfacet
  facet normal 0 0.980981 0.194102
    outer loop
      vertex 37.4 12.0676 4.81516
      vertex 39.4 12.0841 4.73177
      vertex 37.4 12.0841 4.73177
    endloop
  endfacet
  facet normal 0 -0.997829 0.0658633
    outer loop
      vertex 37.4 13.3564 4.81516
      vertex 39.4 13.362 4.9
      vertex 37.4 13.362 4.9
    endloop
  endfacet
  facet normal 0 -0.997829 0.0658633
    outer loop
      vertex 39.4 13.362 4.9
      vertex 37.4 13.3564 4.81516
      vertex 39.4 13.3564 4.81516
    endloop
  endfacet
  facet normal 0 -0.751636 0.659578
    outer loop
      vertex 37.4 13.1716 4.44038
      vertex 39.4 13.2277 4.50431
      vertex 37.4 13.2277 4.50431
    endloop
  endfacet
  facet normal 0 -0.751636 0.659578
    outer loop
      vertex 39.4 13.2277 4.50431
      vertex 37.4 13.1716 4.44038
      vertex 39.4 13.1716 4.44038
    endloop
  endfacet
  facet normal 0 -0.555568 0.831471
    outer loop
      vertex 37.4 13.1077 4.38432
      vertex 39.4 13.037 4.33708
      vertex 39.4 13.1077 4.38432
    endloop
  endfacet
  facet normal 0 -0.555568 0.831471
    outer loop
      vertex 39.4 13.037 4.33708
      vertex 37.4 13.1077 4.38432
      vertex 37.4 13.037 4.33708
    endloop
  endfacet
  facet normal -0 0.0654256 0.997857
    outer loop
      vertex 37.4 12.712 4.25
      vertex 39.4 12.6272 4.25556
      vertex 39.4 12.712 4.25
    endloop
  endfacet
  facet normal 0 0.0654256 0.997857
    outer loop
      vertex 39.4 12.6272 4.25556
      vertex 37.4 12.712 4.25
      vertex 37.4 12.6272 4.25556
    endloop
  endfacet
  facet normal -0 0.321481 0.946916
    outer loop
      vertex 37.4 12.5438 4.27215
      vertex 39.4 12.4633 4.29948
      vertex 39.4 12.5438 4.27215
    endloop
  endfacet
  facet normal 0 0.321481 0.946916
    outer loop
      vertex 39.4 12.4633 4.29948
      vertex 37.4 12.5438 4.27215
      vertex 37.4 12.4633 4.29948
    endloop
  endfacet
  facet normal 0 1 -0
    outer loop
      vertex 39.4 12.062 4.9
      vertex 37.4 12.062 8.1
      vertex 39.4 12.062 8.1
    endloop
  endfacet
  facet normal 0 1 0
    outer loop
      vertex 37.4 12.062 8.1
      vertex 39.4 12.062 4.9
      vertex 37.4 12.062 4.9
    endloop
  endfacet
  facet normal 0 -0.831652 0.555297
    outer loop
      vertex 37.4 13.2277 4.50431
      vertex 39.4 13.2749 4.575
      vertex 37.4 13.2749 4.575
    endloop
  endfacet
  facet normal 0 -0.831652 0.555297
    outer loop
      vertex 39.4 13.2749 4.575
      vertex 37.4 13.2277 4.50431
      vertex 39.4 13.2277 4.50431
    endloop
  endfacet
  facet normal 0 -0.659487 0.751716
    outer loop
      vertex 37.4 13.1716 4.44038
      vertex 39.4 13.1077 4.38432
      vertex 39.4 13.1716 4.44038
    endloop
  endfacet
  facet normal 0 -0.659487 0.751716
    outer loop
      vertex 39.4 13.1077 4.38432
      vertex 37.4 13.1716 4.44038
      vertex 37.4 13.1077 4.38432
    endloop
  endfacet
  facet normal 0 -0.0654256 0.997857
    outer loop
      vertex 37.4 12.7968 4.25556
      vertex 39.4 12.712 4.25
      vertex 39.4 12.7968 4.25556
    endloop
  endfacet
  facet normal 0 -0.0654256 0.997857
    outer loop
      vertex 39.4 12.712 4.25
      vertex 37.4 12.7968 4.25556
      vertex 37.4 12.712 4.25
    endloop
  endfacet
  facet normal 0 0.946677 -0.322183
    outer loop
      vertex 39.4 12.0841 8.26823
      vertex 37.4 12.1115 8.34874
      vertex 39.4 12.1115 8.34874
    endloop
  endfacet
  facet normal 0 0.946677 -0.322183
    outer loop
      vertex 37.4 12.1115 8.34874
      vertex 39.4 12.0841 8.26823
      vertex 37.4 12.0841 8.26823
    endloop
  endfacet
  facet normal 0 0.980981 -0.194102
    outer loop
      vertex 39.4 12.0676 8.18484
      vertex 37.4 12.0841 8.26823
      vertex 39.4 12.0841 8.26823
    endloop
  endfacet
  facet normal 0 0.980981 -0.194102
    outer loop
      vertex 37.4 12.0841 8.26823
      vertex 39.4 12.0676 8.18484
      vertex 37.4 12.0676 8.18484
    endloop
  endfacet
  facet normal 0 0.946677 0.322183
    outer loop
      vertex 39.4 12.1115 4.65126
      vertex 37.4 12.0841 4.73177
      vertex 39.4 12.0841 4.73177
    endloop
  endfacet
  facet normal 0 0.946677 0.322183
    outer loop
      vertex 37.4 12.0841 4.73177
      vertex 39.4 12.1115 4.65126
      vertex 37.4 12.1115 4.65126
    endloop
  endfacet
  facet normal 0 0.997829 0.0658633
    outer loop
      vertex 39.4 12.0676 4.81516
      vertex 37.4 12.062 4.9
      vertex 39.4 12.062 4.9
    endloop
  endfacet
  facet normal 0 0.997829 0.0658633
    outer loop
      vertex 37.4 12.062 4.9
      vertex 39.4 12.0676 4.81516
      vertex 37.4 12.0676 4.81516
    endloop
  endfacet
  facet normal 0 -0.946677 -0.322183
    outer loop
      vertex 37.4 13.3399 8.26823
      vertex 39.4 13.3125 8.34874
      vertex 37.4 13.3125 8.34874
    endloop
  endfacet
  facet normal 0 -0.946677 -0.322183
    outer loop
      vertex 39.4 13.3125 8.34874
      vertex 37.4 13.3399 8.26823
      vertex 39.4 13.3399 8.26823
    endloop
  endfacet
  facet normal 0 -0.980981 -0.194102
    outer loop
      vertex 37.4 13.3564 8.18484
      vertex 39.4 13.3399 8.26823
      vertex 37.4 13.3399 8.26823
    endloop
  endfacet
  facet normal 0 -0.980981 -0.194102
    outer loop
      vertex 39.4 13.3399 8.26823
      vertex 37.4 13.3564 8.18484
      vertex 39.4 13.3564 8.18484
    endloop
  endfacet
  facet normal 0 0.751636 0.659578
    outer loop
      vertex 39.4 12.2524 4.44038
      vertex 37.4 12.1963 4.50431
      vertex 39.4 12.1963 4.50431
    endloop
  endfacet
  facet normal 0 0.751636 0.659578
    outer loop
      vertex 37.4 12.1963 4.50431
      vertex 39.4 12.2524 4.44038
      vertex 37.4 12.2524 4.44038
    endloop
  endfacet
  facet normal 0 0.997829 -0.0658633
    outer loop
      vertex 39.4 12.062 8.1
      vertex 37.4 12.0676 8.18484
      vertex 39.4 12.0676 8.18484
    endloop
  endfacet
  facet normal 0 0.997829 -0.0658633
    outer loop
      vertex 37.4 12.0676 8.18484
      vertex 39.4 12.062 8.1
      vertex 37.4 12.062 8.1
    endloop
  endfacet
  facet normal 0 0.442033 -0.896999
    outer loop
      vertex 37.4 12.387 8.66292
      vertex 39.4 12.4633 8.70052
      vertex 39.4 12.387 8.66292
    endloop
  endfacet
  facet normal 0 0.442033 -0.896999
    outer loop
      vertex 39.4 12.4633 8.70052
      vertex 37.4 12.387 8.66292
      vertex 37.4 12.4633 8.70052
    endloop
  endfacet
  facet normal 0 0.751636 -0.659578
    outer loop
      vertex 39.4 12.1963 8.49569
      vertex 37.4 12.2524 8.55962
      vertex 39.4 12.2524 8.55962
    endloop
  endfacet
  facet normal 0 0.751636 -0.659578
    outer loop
      vertex 37.4 12.2524 8.55962
      vertex 39.4 12.1963 8.49569
      vertex 37.4 12.1963 8.49569
    endloop
  endfacet
  facet normal 0 -0.831652 -0.555297
    outer loop
      vertex 37.4 13.2749 8.425
      vertex 39.4 13.2277 8.49569
      vertex 37.4 13.2277 8.49569
    endloop
  endfacet
  facet normal 0 -0.831652 -0.555297
    outer loop
      vertex 39.4 13.2277 8.49569
      vertex 37.4 13.2749 8.425
      vertex 39.4 13.2749 8.425
    endloop
  endfacet
  facet normal 0 -0.321481 -0.946916
    outer loop
      vertex 37.4 12.8802 8.72785
      vertex 39.4 12.9607 8.70052
      vertex 39.4 12.8802 8.72785
    endloop
  endfacet
  facet normal -0 -0.321481 -0.946916
    outer loop
      vertex 39.4 12.9607 8.70052
      vertex 37.4 12.8802 8.72785
      vertex 37.4 12.9607 8.70052
    endloop
  endfacet
  facet normal 0 -1 0
    outer loop
      vertex 37.4 13.362 4.9
      vertex 39.4 13.362 8.1
      vertex 37.4 13.362 8.1
    endloop
  endfacet
  facet normal 0 -1 -0
    outer loop
      vertex 39.4 13.362 8.1
      vertex 37.4 13.362 4.9
      vertex 39.4 13.362 4.9
    endloop
  endfacet
  facet normal 0 -0.997829 -0.0658633
    outer loop
      vertex 37.4 13.362 8.1
      vertex 39.4 13.3564 8.18484
      vertex 37.4 13.3564 8.18484
    endloop
  endfacet
  facet normal 0 -0.997829 -0.0658633
    outer loop
      vertex 39.4 13.3564 8.18484
      vertex 37.4 13.362 8.1
      vertex 39.4 13.362 8.1
    endloop
  endfacet
  facet normal 0 -0.896907 0.44222
    outer loop
      vertex 37.4 13.2749 4.575
      vertex 39.4 13.3125 4.65126
      vertex 37.4 13.3125 4.65126
    endloop
  endfacet
  facet normal 0 -0.896907 0.44222
    outer loop
      vertex 39.4 13.3125 4.65126
      vertex 37.4 13.2749 4.575
      vertex 39.4 13.2749 4.575
    endloop
  endfacet
  facet normal 0 -0.980981 0.194102
    outer loop
      vertex 37.4 13.3399 4.73177
      vertex 39.4 13.3564 4.81516
      vertex 37.4 13.3564 4.81516
    endloop
  endfacet
  facet normal 0 -0.980981 0.194102
    outer loop
      vertex 39.4 13.3564 4.81516
      vertex 37.4 13.3399 4.73177
      vertex 39.4 13.3399 4.73177
    endloop
  endfacet
  facet normal 0 0.896907 0.44222
    outer loop
      vertex 39.4 12.1491 4.575
      vertex 37.4 12.1115 4.65126
      vertex 39.4 12.1115 4.65126
    endloop
  endfacet
  facet normal 0 0.896907 0.44222
    outer loop
      vertex 37.4 12.1115 4.65126
      vertex 39.4 12.1491 4.575
      vertex 37.4 12.1491 4.575
    endloop
  endfacet
  facet normal -0 0.659487 0.751716
    outer loop
      vertex 37.4 12.3163 4.38432
      vertex 39.4 12.2524 4.44038
      vertex 39.4 12.3163 4.38432
    endloop
  endfacet
  facet normal 0 0.659487 0.751716
    outer loop
      vertex 39.4 12.2524 4.44038
      vertex 37.4 12.3163 4.38432
      vertex 37.4 12.2524 4.44038
    endloop
  endfacet
  facet normal 0 0.831652 0.555297
    outer loop
      vertex 39.4 12.1963 4.50431
      vertex 37.4 12.1491 4.575
      vertex 39.4 12.1491 4.575
    endloop
  endfacet
  facet normal 0 0.831652 0.555297
    outer loop
      vertex 37.4 12.1491 4.575
      vertex 39.4 12.1963 4.50431
      vertex 37.4 12.1963 4.50431
    endloop
  endfacet
  facet normal -0 0.555568 0.831471
    outer loop
      vertex 37.4 12.387 4.33708
      vertex 39.4 12.3163 4.38432
      vertex 39.4 12.387 4.33708
    endloop
  endfacet
  facet normal 0 0.555568 0.831471
    outer loop
      vertex 39.4 12.3163 4.38432
      vertex 37.4 12.387 4.33708
      vertex 37.4 12.3163 4.38432
    endloop
  endfacet
  facet normal -0 0.442033 0.896999
    outer loop
      vertex 37.4 12.4633 4.29948
      vertex 39.4 12.387 4.33708
      vertex 39.4 12.4633 4.29948
    endloop
  endfacet
  facet normal 0 0.442033 0.896999
    outer loop
      vertex 39.4 12.387 4.33708
      vertex 37.4 12.4633 4.29948
      vertex 37.4 12.387 4.33708
    endloop
  endfacet
  facet normal 0 0.896907 -0.44222
    outer loop
      vertex 39.4 12.1115 8.34874
      vertex 37.4 12.1491 8.425
      vertex 39.4 12.1491 8.425
    endloop
  endfacet
  facet normal 0 0.896907 -0.44222
    outer loop
      vertex 37.4 12.1491 8.425
      vertex 39.4 12.1115 8.34874
      vertex 37.4 12.1115 8.34874
    endloop
  endfacet
  facet normal 0 0.195098 -0.980784
    outer loop
      vertex 37.4 12.5438 8.72785
      vertex 39.4 12.6272 8.74444
      vertex 39.4 12.5438 8.72785
    endloop
  endfacet
  facet normal 0 0.195098 -0.980784
    outer loop
      vertex 39.4 12.6272 8.74444
      vertex 37.4 12.5438 8.72785
      vertex 37.4 12.6272 8.74444
    endloop
  endfacet
  facet normal 0 0.321481 -0.946916
    outer loop
      vertex 37.4 12.4633 8.70052
      vertex 39.4 12.5438 8.72785
      vertex 39.4 12.4633 8.70052
    endloop
  endfacet
  facet normal 0 0.321481 -0.946916
    outer loop
      vertex 39.4 12.5438 8.72785
      vertex 37.4 12.4633 8.70052
      vertex 37.4 12.5438 8.72785
    endloop
  endfacet
  facet normal 0 0.555568 -0.831471
    outer loop
      vertex 37.4 12.3163 8.61568
      vertex 39.4 12.387 8.66292
      vertex 39.4 12.3163 8.61568
    endloop
  endfacet
  facet normal 0 0.555568 -0.831471
    outer loop
      vertex 39.4 12.387 8.66292
      vertex 37.4 12.3163 8.61568
      vertex 37.4 12.387 8.66292
    endloop
  endfacet
  facet normal 0 -0.0654256 -0.997857
    outer loop
      vertex 37.4 12.712 8.75
      vertex 39.4 12.7968 8.74444
      vertex 39.4 12.712 8.75
    endloop
  endfacet
  facet normal -0 -0.0654256 -0.997857
    outer loop
      vertex 39.4 12.7968 8.74444
      vertex 37.4 12.712 8.75
      vertex 37.4 12.7968 8.74444
    endloop
  endfacet
  facet normal 0 -0.442033 -0.896999
    outer loop
      vertex 37.4 12.9607 8.70052
      vertex 39.4 13.037 8.66292
      vertex 39.4 12.9607 8.70052
    endloop
  endfacet
  facet normal -0 -0.442033 -0.896999
    outer loop
      vertex 39.4 13.037 8.66292
      vertex 37.4 12.9607 8.70052
      vertex 37.4 13.037 8.66292
    endloop
  endfacet
  facet normal 0 -0.751636 -0.659578
    outer loop
      vertex 37.4 13.2277 8.49569
      vertex 39.4 13.1716 8.55962
      vertex 37.4 13.1716 8.55962
    endloop
  endfacet
  facet normal 0 -0.751636 -0.659578
    outer loop
      vertex 39.4 13.1716 8.55962
      vertex 37.4 13.2277 8.49569
      vertex 39.4 13.2277 8.49569
    endloop
  endfacet
  facet normal 0 -0.896907 -0.44222
    outer loop
      vertex 37.4 13.3125 8.34874
      vertex 39.4 13.2749 8.425
      vertex 37.4 13.2749 8.425
    endloop
  endfacet
  facet normal 0 -0.896907 -0.44222
    outer loop
      vertex 39.4 13.2749 8.425
      vertex 37.4 13.3125 8.34874
      vertex 39.4 13.3125 8.34874
    endloop
  endfacet
  facet normal 0 0.831652 -0.555297
    outer loop
      vertex 39.4 12.1491 8.425
      vertex 37.4 12.1963 8.49569
      vertex 39.4 12.1963 8.49569
    endloop
  endfacet
  facet normal 0 0.831652 -0.555297
    outer loop
      vertex 37.4 12.1963 8.49569
      vertex 39.4 12.1491 8.425
      vertex 37.4 12.1491 8.425
    endloop
  endfacet
  facet normal 0 0.0654256 -0.997857
    outer loop
      vertex 37.4 12.6272 8.74444
      vertex 39.4 12.712 8.75
      vertex 39.4 12.6272 8.74444
    endloop
  endfacet
  facet normal 0 0.0654256 -0.997857
    outer loop
      vertex 39.4 12.712 8.75
      vertex 37.4 12.6272 8.74444
      vertex 37.4 12.712 8.75
    endloop
  endfacet
  facet normal 0 0.659487 -0.751716
    outer loop
      vertex 37.4 12.2524 8.55962
      vertex 39.4 12.3163 8.61568
      vertex 39.4 12.2524 8.55962
    endloop
  endfacet
  facet normal 0 0.659487 -0.751716
    outer loop
      vertex 39.4 12.3163 8.61568
      vertex 37.4 12.2524 8.55962
      vertex 37.4 12.3163 8.61568
    endloop
  endfacet
  facet normal 0 -0.195098 -0.980784
    outer loop
      vertex 37.4 12.7968 8.74444
      vertex 39.4 12.8802 8.72785
      vertex 39.4 12.7968 8.74444
    endloop
  endfacet
  facet normal -0 -0.195098 -0.980784
    outer loop
      vertex 39.4 12.8802 8.72785
      vertex 37.4 12.7968 8.74444
      vertex 37.4 12.8802 8.72785
    endloop
  endfacet
  facet normal 0 -0.659487 -0.751716
    outer loop
      vertex 37.4 13.1077 8.61568
      vertex 39.4 13.1716 8.55962
      vertex 39.4 13.1077 8.61568
    endloop
  endfacet
  facet normal -0 -0.659487 -0.751716
    outer loop
      vertex 39.4 13.1716 8.55962
      vertex 37.4 13.1077 8.61568
      vertex 37.4 13.1716 8.55962
    endloop
  endfacet
  facet normal 0 -0.555568 -0.831471
    outer loop
      vertex 37.4 13.037 8.66292
      vertex 39.4 13.1077 8.61568
      vertex 39.4 13.037 8.66292
    endloop
  endfacet
  facet normal -0 -0.555568 -0.831471
    outer loop
      vertex 39.4 13.1077 8.61568
      vertex 37.4 13.037 8.66292
      vertex 37.4 13.1077 8.61568
    endloop
  endfacet
  facet normal 0 -0.946677 0.322183
    outer loop
      vertex 37.4 13.3125 4.65126
      vertex 39.4 13.3399 4.73177
      vertex 37.4 13.3399 4.73177
    endloop
  endfacet
  facet normal 0 -0.946677 0.322183
    outer loop
      vertex 39.4 13.3399 4.73177
      vertex 37.4 13.3125 4.65126
      vertex 39.4 13.3125 4.65126
    endloop
  endfacet
  facet normal 0 -0.0654256 0.997857
    outer loop
      vertex 0 19.1528 4.25556
      vertex 2 19.068 4.25
      vertex 2 19.1528 4.25556
    endloop
  endfacet
  facet normal 0 -0.0654256 0.997857
    outer loop
      vertex 2 19.068 4.25
      vertex 0 19.1528 4.25556
      vertex 0 19.068 4.25
    endloop
  endfacet
  facet normal 0 -0.195098 0.980784
    outer loop
      vertex 0 19.2362 4.27215
      vertex 2 19.1528 4.25556
      vertex 2 19.2362 4.27215
    endloop
  endfacet
  facet normal 0 -0.195098 0.980784
    outer loop
      vertex 2 19.1528 4.25556
      vertex 0 19.2362 4.27215
      vertex 0 19.1528 4.25556
    endloop
  endfacet
  facet normal 0 1 -0
    outer loop
      vertex 2 18.418 4.9
      vertex 0 18.418 8.1
      vertex 2 18.418 8.1
    endloop
  endfacet
  facet normal 0 1 0
    outer loop
      vertex 0 18.418 8.1
      vertex 2 18.418 4.9
      vertex 0 18.418 4.9
    endloop
  endfacet
  facet normal 0 -0.555568 0.831471
    outer loop
      vertex 0 19.4637 4.38432
      vertex 2 19.393 4.33708
      vertex 2 19.4637 4.38432
    endloop
  endfacet
  facet normal 0 -0.555568 0.831471
    outer loop
      vertex 2 19.393 4.33708
      vertex 0 19.4637 4.38432
      vertex 0 19.393 4.33708
    endloop
  endfacet
  facet normal 0 -0.442033 0.896999
    outer loop
      vertex 0 19.393 4.33708
      vertex 2 19.3167 4.29948
      vertex 2 19.393 4.33708
    endloop
  endfacet
  facet normal 0 -0.442033 0.896999
    outer loop
      vertex 2 19.3167 4.29948
      vertex 0 19.393 4.33708
      vertex 0 19.3167 4.29948
    endloop
  endfacet
  facet normal 0 -0.321481 0.946916
    outer loop
      vertex 0 19.3167 4.29948
      vertex 2 19.2362 4.27215
      vertex 2 19.3167 4.29948
    endloop
  endfacet
  facet normal 0 -0.321481 0.946916
    outer loop
      vertex 2 19.2362 4.27215
      vertex 0 19.3167 4.29948
      vertex 0 19.2362 4.27215
    endloop
  endfacet
  facet normal -0 0.555568 0.831471
    outer loop
      vertex 0 18.743 4.33708
      vertex 2 18.6723 4.38432
      vertex 2 18.743 4.33708
    endloop
  endfacet
  facet normal 0 0.555568 0.831471
    outer loop
      vertex 2 18.6723 4.38432
      vertex 0 18.743 4.33708
      vertex 0 18.6723 4.38432
    endloop
  endfacet
  facet normal 0 -0.997829 -0.0658633
    outer loop
      vertex 0 19.718 8.1
      vertex 2 19.7124 8.18484
      vertex 0 19.7124 8.18484
    endloop
  endfacet
  facet normal 0 -0.997829 -0.0658633
    outer loop
      vertex 2 19.7124 8.18484
      vertex 0 19.718 8.1
      vertex 2 19.718 8.1
    endloop
  endfacet
  facet normal 0 -0.751636 0.659578
    outer loop
      vertex 0 19.5276 4.44038
      vertex 2 19.5837 4.50431
      vertex 0 19.5837 4.50431
    endloop
  endfacet
  facet normal 0 -0.751636 0.659578
    outer loop
      vertex 2 19.5837 4.50431
      vertex 0 19.5276 4.44038
      vertex 2 19.5276 4.44038
    endloop
  endfacet
  facet normal -0 0.0654256 0.997857
    outer loop
      vertex 0 19.068 4.25
      vertex 2 18.9832 4.25556
      vertex 2 19.068 4.25
    endloop
  endfacet
  facet normal 0 0.0654256 0.997857
    outer loop
      vertex 2 18.9832 4.25556
      vertex 0 19.068 4.25
      vertex 0 18.9832 4.25556
    endloop
  endfacet
  facet normal 0 0.751636 0.659578
    outer loop
      vertex 2 18.6084 4.44038
      vertex 0 18.5523 4.50431
      vertex 2 18.5523 4.50431
    endloop
  endfacet
  facet normal 0 0.751636 0.659578
    outer loop
      vertex 0 18.5523 4.50431
      vertex 2 18.6084 4.44038
      vertex 0 18.6084 4.44038
    endloop
  endfacet
  facet normal -0 0.321481 0.946916
    outer loop
      vertex 0 18.8998 4.27215
      vertex 2 18.8193 4.29948
      vertex 2 18.8998 4.27215
    endloop
  endfacet
  facet normal 0 0.321481 0.946916
    outer loop
      vertex 2 18.8193 4.29948
      vertex 0 18.8998 4.27215
      vertex 0 18.8193 4.29948
    endloop
  endfacet
  facet normal -0 0.195098 0.980784
    outer loop
      vertex 0 18.9832 4.25556
      vertex 2 18.8998 4.27215
      vertex 2 18.9832 4.25556
    endloop
  endfacet
  facet normal 0 0.195098 0.980784
    outer loop
      vertex 2 18.8998 4.27215
      vertex 0 18.9832 4.25556
      vertex 0 18.8998 4.27215
    endloop
  endfacet
  facet normal 0 0.946677 -0.322183
    outer loop
      vertex 2 18.4401 8.26823
      vertex 0 18.4675 8.34874
      vertex 2 18.4675 8.34874
    endloop
  endfacet
  facet normal 0 0.946677 -0.322183
    outer loop
      vertex 0 18.4675 8.34874
      vertex 2 18.4401 8.26823
      vertex 0 18.4401 8.26823
    endloop
  endfacet
  facet normal 0 0.980981 -0.194102
    outer loop
      vertex 2 18.4236 8.18484
      vertex 0 18.4401 8.26823
      vertex 2 18.4401 8.26823
    endloop
  endfacet
  facet normal 0 0.980981 -0.194102
    outer loop
      vertex 0 18.4401 8.26823
      vertex 2 18.4236 8.18484
      vertex 0 18.4236 8.18484
    endloop
  endfacet
  facet normal 0 -0.442033 -0.896999
    outer loop
      vertex 0 19.3167 8.70052
      vertex 2 19.393 8.66292
      vertex 2 19.3167 8.70052
    endloop
  endfacet
  facet normal -0 -0.442033 -0.896999
    outer loop
      vertex 2 19.393 8.66292
      vertex 0 19.3167 8.70052
      vertex 0 19.393 8.66292
    endloop
  endfacet
  facet normal 0 0.946677 0.322183
    outer loop
      vertex 2 18.4675 4.65126
      vertex 0 18.4401 4.73177
      vertex 2 18.4401 4.73177
    endloop
  endfacet
  facet normal 0 0.946677 0.322183
    outer loop
      vertex 0 18.4401 4.73177
      vertex 2 18.4675 4.65126
      vertex 0 18.4675 4.65126
    endloop
  endfacet
  facet normal 0 0.997829 0.0658633
    outer loop
      vertex 2 18.4236 4.81516
      vertex 0 18.418 4.9
      vertex 2 18.418 4.9
    endloop
  endfacet
  facet normal 0 0.997829 0.0658633
    outer loop
      vertex 0 18.418 4.9
      vertex 2 18.4236 4.81516
      vertex 0 18.4236 4.81516
    endloop
  endfacet
  facet normal 0 -0.946677 -0.322183
    outer loop
      vertex 0 19.6959 8.26823
      vertex 2 19.6685 8.34874
      vertex 0 19.6685 8.34874
    endloop
  endfacet
  facet normal 0 -0.946677 -0.322183
    outer loop
      vertex 2 19.6685 8.34874
      vertex 0 19.6959 8.26823
      vertex 2 19.6959 8.26823
    endloop
  endfacet
  facet normal 0 -0.997829 0.0658633
    outer loop
      vertex 0 19.7124 4.81516
      vertex 2 19.718 4.9
      vertex 0 19.718 4.9
    endloop
  endfacet
  facet normal 0 -0.997829 0.0658633
    outer loop
      vertex 2 19.718 4.9
      vertex 0 19.7124 4.81516
      vertex 2 19.7124 4.81516
    endloop
  endfacet
  facet normal 0 -0.831652 0.555297
    outer loop
      vertex 0 19.5837 4.50431
      vertex 2 19.6309 4.575
      vertex 0 19.6309 4.575
    endloop
  endfacet
  facet normal 0 -0.831652 0.555297
    outer loop
      vertex 2 19.6309 4.575
      vertex 0 19.5837 4.50431
      vertex 2 19.5837 4.50431
    endloop
  endfacet
  facet normal 0 -0.659487 0.751716
    outer loop
      vertex 0 19.5276 4.44038
      vertex 2 19.4637 4.38432
      vertex 2 19.5276 4.44038
    endloop
  endfacet
  facet normal 0 -0.659487 0.751716
    outer loop
      vertex 2 19.4637 4.38432
      vertex 0 19.5276 4.44038
      vertex 0 19.4637 4.38432
    endloop
  endfacet
  facet normal 0 0.831652 0.555297
    outer loop
      vertex 2 18.5523 4.50431
      vertex 0 18.5051 4.575
      vertex 2 18.5051 4.575
    endloop
  endfacet
  facet normal 0 0.831652 0.555297
    outer loop
      vertex 0 18.5051 4.575
      vertex 2 18.5523 4.50431
      vertex 0 18.5523 4.50431
    endloop
  endfacet
  facet normal 0 0.997829 -0.0658633
    outer loop
      vertex 2 18.418 8.1
      vertex 0 18.4236 8.18484
      vertex 2 18.4236 8.18484
    endloop
  endfacet
  facet normal 0 0.997829 -0.0658633
    outer loop
      vertex 0 18.4236 8.18484
      vertex 2 18.418 8.1
      vertex 0 18.418 8.1
    endloop
  endfacet
  facet normal 0 0.442033 -0.896999
    outer loop
      vertex 0 18.743 8.66292
      vertex 2 18.8193 8.70052
      vertex 2 18.743 8.66292
    endloop
  endfacet
  facet normal 0 0.442033 -0.896999
    outer loop
      vertex 2 18.8193 8.70052
      vertex 0 18.743 8.66292
      vertex 0 18.8193 8.70052
    endloop
  endfacet
  facet normal 0 -0.751636 -0.659578
    outer loop
      vertex 0 19.5837 8.49569
      vertex 2 19.5276 8.55962
      vertex 0 19.5276 8.55962
    endloop
  endfacet
  facet normal 0 -0.751636 -0.659578
    outer loop
      vertex 2 19.5276 8.55962
      vertex 0 19.5837 8.49569
      vertex 2 19.5837 8.49569
    endloop
  endfacet
  facet normal 0 0.751636 -0.659578
    outer loop
      vertex 2 18.5523 8.49569
      vertex 0 18.6084 8.55962
      vertex 2 18.6084 8.55962
    endloop
  endfacet
  facet normal 0 0.751636 -0.659578
    outer loop
      vertex 0 18.6084 8.55962
      vertex 2 18.5523 8.49569
      vertex 0 18.5523 8.49569
    endloop
  endfacet
  facet normal 0 0.980981 0.194102
    outer loop
      vertex 2 18.4401 4.73177
      vertex 0 18.4236 4.81516
      vertex 2 18.4236 4.81516
    endloop
  endfacet
  facet normal 0 0.980981 0.194102
    outer loop
      vertex 0 18.4236 4.81516
      vertex 2 18.4401 4.73177
      vertex 0 18.4401 4.73177
    endloop
  endfacet
  facet normal 0 -1 0
    outer loop
      vertex 0 19.718 4.9
      vertex 2 19.718 8.1
      vertex 0 19.718 8.1
    endloop
  endfacet
  facet normal 0 -1 -0
    outer loop
      vertex 2 19.718 8.1
      vertex 0 19.718 4.9
      vertex 2 19.718 4.9
    endloop
  endfacet
  facet normal 0 -0.980981 -0.194102
    outer loop
      vertex 0 19.7124 8.18484
      vertex 2 19.6959 8.26823
      vertex 0 19.6959 8.26823
    endloop
  endfacet
  facet normal 0 -0.980981 -0.194102
    outer loop
      vertex 2 19.6959 8.26823
      vertex 0 19.7124 8.18484
      vertex 2 19.7124 8.18484
    endloop
  endfacet
  facet normal 0 -0.980981 0.194102
    outer loop
      vertex 0 19.6959 4.73177
      vertex 2 19.7124 4.81516
      vertex 0 19.7124 4.81516
    endloop
  endfacet
  facet normal 0 -0.980981 0.194102
    outer loop
      vertex 2 19.7124 4.81516
      vertex 0 19.6959 4.73177
      vertex 2 19.6959 4.73177
    endloop
  endfacet
  facet normal -0 0.442033 0.896999
    outer loop
      vertex 0 18.8193 4.29948
      vertex 2 18.743 4.33708
      vertex 2 18.8193 4.29948
    endloop
  endfacet
  facet normal 0 0.442033 0.896999
    outer loop
      vertex 2 18.743 4.33708
      vertex 0 18.8193 4.29948
      vertex 0 18.743 4.33708
    endloop
  endfacet
  facet normal -0 0.659487 0.751716
    outer loop
      vertex 0 18.6723 4.38432
      vertex 2 18.6084 4.44038
      vertex 2 18.6723 4.38432
    endloop
  endfacet
  facet normal 0 0.659487 0.751716
    outer loop
      vertex 2 18.6084 4.44038
      vertex 0 18.6723 4.38432
      vertex 0 18.6084 4.44038
    endloop
  endfacet
  facet normal 0 0.896907 0.44222
    outer loop
      vertex 2 18.5051 4.575
      vertex 0 18.4675 4.65126
      vertex 2 18.4675 4.65126
    endloop
  endfacet
  facet normal 0 0.896907 0.44222
    outer loop
      vertex 0 18.4675 4.65126
      vertex 2 18.5051 4.575
      vertex 0 18.5051 4.575
    endloop
  endfacet
  facet normal 0 -0.896907 -0.44222
    outer loop
      vertex 0 19.6685 8.34874
      vertex 2 19.6309 8.425
      vertex 0 19.6309 8.425
    endloop
  endfacet
  facet normal 0 -0.896907 -0.44222
    outer loop
      vertex 2 19.6309 8.425
      vertex 0 19.6685 8.34874
      vertex 2 19.6685 8.34874
    endloop
  endfacet
  facet normal 0 0.896907 -0.44222
    outer loop
      vertex 2 18.4675 8.34874
      vertex 0 18.5051 8.425
      vertex 2 18.5051 8.425
    endloop
  endfacet
  facet normal 0 0.896907 -0.44222
    outer loop
      vertex 0 18.5051 8.425
      vertex 2 18.4675 8.34874
      vertex 0 18.4675 8.34874
    endloop
  endfacet
  facet normal 0 -0.831652 -0.555297
    outer loop
      vertex 0 19.6309 8.425
      vertex 2 19.5837 8.49569
      vertex 0 19.5837 8.49569
    endloop
  endfacet
  facet normal 0 -0.831652 -0.555297
    outer loop
      vertex 2 19.5837 8.49569
      vertex 0 19.6309 8.425
      vertex 2 19.6309 8.425
    endloop
  endfacet
  facet normal 0 -0.321481 -0.946916
    outer loop
      vertex 0 19.2362 8.72785
      vertex 2 19.3167 8.70052
      vertex 2 19.2362 8.72785
    endloop
  endfacet
  facet normal -0 -0.321481 -0.946916
    outer loop
      vertex 2 19.3167 8.70052
      vertex 0 19.2362 8.72785
      vertex 0 19.3167 8.70052
    endloop
  endfacet
  facet normal 0 -0.0654256 -0.997857
    outer loop
      vertex 0 19.068 8.75
      vertex 2 19.1528 8.74444
      vertex 2 19.068 8.75
    endloop
  endfacet
  facet normal -0 -0.0654256 -0.997857
    outer loop
      vertex 2 19.1528 8.74444
      vertex 0 19.068 8.75
      vertex 0 19.1528 8.74444
    endloop
  endfacet
  facet normal 0 0.0654256 -0.997857
    outer loop
      vertex 0 18.9832 8.74444
      vertex 2 19.068 8.75
      vertex 2 18.9832 8.74444
    endloop
  endfacet
  facet normal 0 0.0654256 -0.997857
    outer loop
      vertex 2 19.068 8.75
      vertex 0 18.9832 8.74444
      vertex 0 19.068 8.75
    endloop
  endfacet
  facet normal 0 0.195098 -0.980784
    outer loop
      vertex 0 18.8998 8.72785
      vertex 2 18.9832 8.74444
      vertex 2 18.8998 8.72785
    endloop
  endfacet
  facet normal 0 0.195098 -0.980784
    outer loop
      vertex 2 18.9832 8.74444
      vertex 0 18.8998 8.72785
      vertex 0 18.9832 8.74444
    endloop
  endfacet
  facet normal 0 0.321481 -0.946916
    outer loop
      vertex 0 18.8193 8.70052
      vertex 2 18.8998 8.72785
      vertex 2 18.8193 8.70052
    endloop
  endfacet
  facet normal 0 0.321481 -0.946916
    outer loop
      vertex 2 18.8998 8.72785
      vertex 0 18.8193 8.70052
      vertex 0 18.8998 8.72785
    endloop
  endfacet
  facet normal 0 0.555568 -0.831471
    outer loop
      vertex 0 18.6723 8.61568
      vertex 2 18.743 8.66292
      vertex 2 18.6723 8.61568
    endloop
  endfacet
  facet normal 0 0.555568 -0.831471
    outer loop
      vertex 2 18.743 8.66292
      vertex 0 18.6723 8.61568
      vertex 0 18.743 8.66292
    endloop
  endfacet
  facet normal 0 -0.896907 0.44222
    outer loop
      vertex 0 19.6309 4.575
      vertex 2 19.6685 4.65126
      vertex 0 19.6685 4.65126
    endloop
  endfacet
  facet normal 0 -0.896907 0.44222
    outer loop
      vertex 2 19.6685 4.65126
      vertex 0 19.6309 4.575
      vertex 2 19.6309 4.575
    endloop
  endfacet
  facet normal 0 -0.946677 0.322183
    outer loop
      vertex 0 19.6685 4.65126
      vertex 2 19.6959 4.73177
      vertex 0 19.6959 4.73177
    endloop
  endfacet
  facet normal 0 -0.946677 0.322183
    outer loop
      vertex 2 19.6959 4.73177
      vertex 0 19.6685 4.65126
      vertex 2 19.6685 4.65126
    endloop
  endfacet
  facet normal 0 -0.555568 -0.831471
    outer loop
      vertex 0 19.393 8.66292
      vertex 2 19.4637 8.61568
      vertex 2 19.393 8.66292
    endloop
  endfacet
  facet normal -0 -0.555568 -0.831471
    outer loop
      vertex 2 19.4637 8.61568
      vertex 0 19.393 8.66292
      vertex 0 19.4637 8.61568
    endloop
  endfacet
  facet normal 0 -0.659487 -0.751716
    outer loop
      vertex 0 19.4637 8.61568
      vertex 2 19.5276 8.55962
      vertex 2 19.4637 8.61568
    endloop
  endfacet
  facet normal -0 -0.659487 -0.751716
    outer loop
      vertex 2 19.5276 8.55962
      vertex 0 19.4637 8.61568
      vertex 0 19.5276 8.55962
    endloop
  endfacet
  facet normal 0 -0.195098 -0.980784
    outer loop
      vertex 0 19.1528 8.74444
      vertex 2 19.2362 8.72785
      vertex 2 19.1528 8.74444
    endloop
  endfacet
  facet normal -0 -0.195098 -0.980784
    outer loop
      vertex 2 19.2362 8.72785
      vertex 0 19.1528 8.74444
      vertex 0 19.2362 8.72785
    endloop
  endfacet
  facet normal 0 0.831652 -0.555297
    outer loop
      vertex 2 18.5051 8.425
      vertex 0 18.5523 8.49569
      vertex 2 18.5523 8.49569
    endloop
  endfacet
  facet normal 0 0.831652 -0.555297
    outer loop
      vertex 0 18.5523 8.49569
      vertex 2 18.5051 8.425
      vertex 0 18.5051 8.425
    endloop
  endfacet
  facet normal 0 0.659487 -0.751716
    outer loop
      vertex 0 18.6084 8.55962
      vertex 2 18.6723 8.61568
      vertex 2 18.6084 8.55962
    endloop
  endfacet
  facet normal 0 0.659487 -0.751716
    outer loop
      vertex 2 18.6723 8.61568
      vertex 0 18.6084 8.55962
      vertex 0 18.6723 8.61568
    endloop
  endfacet
  facet normal 0 -0.0654256 0.997857
    outer loop
      vertex 37.4 19.1528 4.25556
      vertex 39.4 19.068 4.25
      vertex 39.4 19.1528 4.25556
    endloop
  endfacet
  facet normal 0 -0.0654256 0.997857
    outer loop
      vertex 39.4 19.068 4.25
      vertex 37.4 19.1528 4.25556
      vertex 37.4 19.068 4.25
    endloop
  endfacet
  facet normal 0 -0.195098 0.980784
    outer loop
      vertex 37.4 19.2362 4.27215
      vertex 39.4 19.1528 4.25556
      vertex 39.4 19.2362 4.27215
    endloop
  endfacet
  facet normal 0 -0.195098 0.980784
    outer loop
      vertex 39.4 19.1528 4.25556
      vertex 37.4 19.2362 4.27215
      vertex 37.4 19.1528 4.25556
    endloop
  endfacet
  facet normal 0 1 -0
    outer loop
      vertex 39.4 18.418 4.9
      vertex 37.4 18.418 8.1
      vertex 39.4 18.418 8.1
    endloop
  endfacet
  facet normal 0 1 0
    outer loop
      vertex 37.4 18.418 8.1
      vertex 39.4 18.418 4.9
      vertex 37.4 18.418 4.9
    endloop
  endfacet
  facet normal 0 -0.555568 0.831471
    outer loop
      vertex 37.4 19.4637 4.38432
      vertex 39.4 19.393 4.33708
      vertex 39.4 19.4637 4.38432
    endloop
  endfacet
  facet normal 0 -0.555568 0.831471
    outer loop
      vertex 39.4 19.393 4.33708
      vertex 37.4 19.4637 4.38432
      vertex 37.4 19.393 4.33708
    endloop
  endfacet
  facet normal 0 -0.442033 0.896999
    outer loop
      vertex 37.4 19.393 4.33708
      vertex 39.4 19.3167 4.29948
      vertex 39.4 19.393 4.33708
    endloop
  endfacet
  facet normal 0 -0.442033 0.896999
    outer loop
      vertex 39.4 19.3167 4.29948
      vertex 37.4 19.393 4.33708
      vertex 37.4 19.3167 4.29948
    endloop
  endfacet
  facet normal 0 -0.321481 0.946916
    outer loop
      vertex 37.4 19.3167 4.29948
      vertex 39.4 19.2362 4.27215
      vertex 39.4 19.3167 4.29948
    endloop
  endfacet
  facet normal 0 -0.321481 0.946916
    outer loop
      vertex 39.4 19.2362 4.27215
      vertex 37.4 19.3167 4.29948
      vertex 37.4 19.2362 4.27215
    endloop
  endfacet
  facet normal -0 0.555568 0.831471
    outer loop
      vertex 37.4 18.743 4.33708
      vertex 39.4 18.6723 4.38432
      vertex 39.4 18.743 4.33708
    endloop
  endfacet
  facet normal 0 0.555568 0.831471
    outer loop
      vertex 39.4 18.6723 4.38432
      vertex 37.4 18.743 4.33708
      vertex 37.4 18.6723 4.38432
    endloop
  endfacet
  facet normal 0 -0.997829 -0.0658633
    outer loop
      vertex 37.4 19.718 8.1
      vertex 39.4 19.7124 8.18484
      vertex 37.4 19.7124 8.18484
    endloop
  endfacet
  facet normal 0 -0.997829 -0.0658633
    outer loop
      vertex 39.4 19.7124 8.18484
      vertex 37.4 19.718 8.1
      vertex 39.4 19.718 8.1
    endloop
  endfacet
  facet normal 0 -0.751636 0.659578
    outer loop
      vertex 37.4 19.5276 4.44038
      vertex 39.4 19.5837 4.50431
      vertex 37.4 19.5837 4.50431
    endloop
  endfacet
  facet normal 0 -0.751636 0.659578
    outer loop
      vertex 39.4 19.5837 4.50431
      vertex 37.4 19.5276 4.44038
      vertex 39.4 19.5276 4.44038
    endloop
  endfacet
  facet normal -0 0.0654256 0.997857
    outer loop
      vertex 37.4 19.068 4.25
      vertex 39.4 18.9832 4.25556
      vertex 39.4 19.068 4.25
    endloop
  endfacet
  facet normal 0 0.0654256 0.997857
    outer loop
      vertex 39.4 18.9832 4.25556
      vertex 37.4 19.068 4.25
      vertex 37.4 18.9832 4.25556
    endloop
  endfacet
  facet normal 0 0.751636 0.659578
    outer loop
      vertex 39.4 18.6084 4.44038
      vertex 37.4 18.5523 4.50431
      vertex 39.4 18.5523 4.50431
    endloop
  endfacet
  facet normal 0 0.751636 0.659578
    outer loop
      vertex 37.4 18.5523 4.50431
      vertex 39.4 18.6084 4.44038
      vertex 37.4 18.6084 4.44038
    endloop
  endfacet
  facet normal -0 0.321481 0.946916
    outer loop
      vertex 37.4 18.8998 4.27215
      vertex 39.4 18.8193 4.29948
      vertex 39.4 18.8998 4.27215
    endloop
  endfacet
  facet normal 0 0.321481 0.946916
    outer loop
      vertex 39.4 18.8193 4.29948
      vertex 37.4 18.8998 4.27215
      vertex 37.4 18.8193 4.29948
    endloop
  endfacet
  facet normal -0 0.195098 0.980784
    outer loop
      vertex 37.4 18.9832 4.25556
      vertex 39.4 18.8998 4.27215
      vertex 39.4 18.9832 4.25556
    endloop
  endfacet
  facet normal 0 0.195098 0.980784
    outer loop
      vertex 39.4 18.8998 4.27215
      vertex 37.4 18.9832 4.25556
      vertex 37.4 18.8998 4.27215
    endloop
  endfacet
  facet normal 0 0.946677 -0.322183
    outer loop
      vertex 39.4 18.4401 8.26823
      vertex 37.4 18.4675 8.34874
      vertex 39.4 18.4675 8.34874
    endloop
  endfacet
  facet normal 0 0.946677 -0.322183
    outer loop
      vertex 37.4 18.4675 8.34874
      vertex 39.4 18.4401 8.26823
      vertex 37.4 18.4401 8.26823
    endloop
  endfacet
  facet normal 0 0.980981 -0.194102
    outer loop
      vertex 39.4 18.4236 8.18484
      vertex 37.4 18.4401 8.26823
      vertex 39.4 18.4401 8.26823
    endloop
  endfacet
  facet normal 0 0.980981 -0.194102
    outer loop
      vertex 37.4 18.4401 8.26823
      vertex 39.4 18.4236 8.18484
      vertex 37.4 18.4236 8.18484
    endloop
  endfacet
  facet normal 0 -0.442033 -0.896999
    outer loop
      vertex 37.4 19.3167 8.70052
      vertex 39.4 19.393 8.66292
      vertex 39.4 19.3167 8.70052
    endloop
  endfacet
  facet normal -0 -0.442033 -0.896999
    outer loop
      vertex 39.4 19.393 8.66292
      vertex 37.4 19.3167 8.70052
      vertex 37.4 19.393 8.66292
    endloop
  endfacet
  facet normal 0 0.946677 0.322183
    outer loop
      vertex 39.4 18.4675 4.65126
      vertex 37.4 18.4401 4.73177
      vertex 39.4 18.4401 4.73177
    endloop
  endfacet
  facet normal 0 0.946677 0.322183
    outer loop
      vertex 37.4 18.4401 4.73177
      vertex 39.4 18.4675 4.65126
      vertex 37.4 18.4675 4.65126
    endloop
  endfacet
  facet normal 0 0.997829 0.0658633
    outer loop
      vertex 39.4 18.4236 4.81516
      vertex 37.4 18.418 4.9
      vertex 39.4 18.418 4.9
    endloop
  endfacet
  facet normal 0 0.997829 0.0658633
    outer loop
      vertex 37.4 18.418 4.9
      vertex 39.4 18.4236 4.81516
      vertex 37.4 18.4236 4.81516
    endloop
  endfacet
  facet normal 0 -0.946677 -0.322183
    outer loop
      vertex 37.4 19.6959 8.26823
      vertex 39.4 19.6685 8.34874
      vertex 37.4 19.6685 8.34874
    endloop
  endfacet
  facet normal 0 -0.946677 -0.322183
    outer loop
      vertex 39.4 19.6685 8.34874
      vertex 37.4 19.6959 8.26823
      vertex 39.4 19.6959 8.26823
    endloop
  endfacet
  facet normal 0 -0.997829 0.0658633
    outer loop
      vertex 37.4 19.7124 4.81516
      vertex 39.4 19.718 4.9
      vertex 37.4 19.718 4.9
    endloop
  endfacet
  facet normal 0 -0.997829 0.0658633
    outer loop
      vertex 39.4 19.718 4.9
      vertex 37.4 19.7124 4.81516
      vertex 39.4 19.7124 4.81516
    endloop
  endfacet
  facet normal 0 -0.831652 0.555297
    outer loop
      vertex 37.4 19.5837 4.50431
      vertex 39.4 19.6309 4.575
      vertex 37.4 19.6309 4.575
    endloop
  endfacet
  facet normal 0 -0.831652 0.555297
    outer loop
      vertex 39.4 19.6309 4.575
      vertex 37.4 19.5837 4.50431
      vertex 39.4 19.5837 4.50431
    endloop
  endfacet
  facet normal 0 -0.659487 0.751716
    outer loop
      vertex 37.4 19.5276 4.44038
      vertex 39.4 19.4637 4.38432
      vertex 39.4 19.5276 4.44038
    endloop
  endfacet
  facet normal 0 -0.659487 0.751716
    outer loop
      vertex 39.4 19.4637 4.38432
      vertex 37.4 19.5276 4.44038
      vertex 37.4 19.4637 4.38432
    endloop
  endfacet
  facet normal 0 0.997829 -0.0658633
    outer loop
      vertex 39.4 18.418 8.1
      vertex 37.4 18.4236 8.18484
      vertex 39.4 18.4236 8.18484
    endloop
  endfacet
  facet normal 0 0.997829 -0.0658633
    outer loop
      vertex 37.4 18.4236 8.18484
      vertex 39.4 18.418 8.1
      vertex 37.4 18.418 8.1
    endloop
  endfacet
  facet normal 0 0.442033 -0.896999
    outer loop
      vertex 37.4 18.743 8.66292
      vertex 39.4 18.8193 8.70052
      vertex 39.4 18.743 8.66292
    endloop
  endfacet
  facet normal 0 0.442033 -0.896999
    outer loop
      vertex 39.4 18.8193 8.70052
      vertex 37.4 18.743 8.66292
      vertex 37.4 18.8193 8.70052
    endloop
  endfacet
  facet normal 0 -0.751636 -0.659578
    outer loop
      vertex 37.4 19.5837 8.49569
      vertex 39.4 19.5276 8.55962
      vertex 37.4 19.5276 8.55962
    endloop
  endfacet
  facet normal 0 -0.751636 -0.659578
    outer loop
      vertex 39.4 19.5276 8.55962
      vertex 37.4 19.5837 8.49569
      vertex 39.4 19.5837 8.49569
    endloop
  endfacet
  facet normal 0 0.751636 -0.659578
    outer loop
      vertex 39.4 18.5523 8.49569
      vertex 37.4 18.6084 8.55962
      vertex 39.4 18.6084 8.55962
    endloop
  endfacet
  facet normal 0 0.751636 -0.659578
    outer loop
      vertex 37.4 18.6084 8.55962
      vertex 39.4 18.5523 8.49569
      vertex 37.4 18.5523 8.49569
    endloop
  endfacet
  facet normal 0 0.980981 0.194102
    outer loop
      vertex 39.4 18.4401 4.73177
      vertex 37.4 18.4236 4.81516
      vertex 39.4 18.4236 4.81516
    endloop
  endfacet
  facet normal 0 0.980981 0.194102
    outer loop
      vertex 37.4 18.4236 4.81516
      vertex 39.4 18.4401 4.73177
      vertex 37.4 18.4401 4.73177
    endloop
  endfacet
  facet normal 0 -1 0
    outer loop
      vertex 37.4 19.718 4.9
      vertex 39.4 19.718 8.1
      vertex 37.4 19.718 8.1
    endloop
  endfacet
  facet normal 0 -1 -0
    outer loop
      vertex 39.4 19.718 8.1
      vertex 37.4 19.718 4.9
      vertex 39.4 19.718 4.9
    endloop
  endfacet
  facet normal 0 -0.980981 -0.194102
    outer loop
      vertex 37.4 19.7124 8.18484
      vertex 39.4 19.6959 8.26823
      vertex 37.4 19.6959 8.26823
    endloop
  endfacet
  facet normal 0 -0.980981 -0.194102
    outer loop
      vertex 39.4 19.6959 8.26823
      vertex 37.4 19.7124 8.18484
      vertex 39.4 19.7124 8.18484
    endloop
  endfacet
  facet normal 0 -0.980981 0.194102
    outer loop
      vertex 37.4 19.6959 4.73177
      vertex 39.4 19.7124 4.81516
      vertex 37.4 19.7124 4.81516
    endloop
  endfacet
  facet normal 0 -0.980981 0.194102
    outer loop
      vertex 39.4 19.7124 4.81516
      vertex 37.4 19.6959 4.73177
      vertex 39.4 19.6959 4.73177
    endloop
  endfacet
  facet normal -0 0.442033 0.896999
    outer loop
      vertex 37.4 18.8193 4.29948
      vertex 39.4 18.743 4.33708
      vertex 39.4 18.8193 4.29948
    endloop
  endfacet
  facet normal 0 0.442033 0.896999
    outer loop
      vertex 39.4 18.743 4.33708
      vertex 37.4 18.8193 4.29948
      vertex 37.4 18.743 4.33708
    endloop
  endfacet
  facet normal -0 0.659487 0.751716
    outer loop
      vertex 37.4 18.6723 4.38432
      vertex 39.4 18.6084 4.44038
      vertex 39.4 18.6723 4.38432
    endloop
  endfacet
  facet normal 0 0.659487 0.751716
    outer loop
      vertex 39.4 18.6084 4.44038
      vertex 37.4 18.6723 4.38432
      vertex 37.4 18.6084 4.44038
    endloop
  endfacet
  facet normal 0 0.896907 0.44222
    outer loop
      vertex 39.4 18.5051 4.575
      vertex 37.4 18.4675 4.65126
      vertex 39.4 18.4675 4.65126
    endloop
  endfacet
  facet normal 0 0.896907 0.44222
    outer loop
      vertex 37.4 18.4675 4.65126
      vertex 39.4 18.5051 4.575
      vertex 37.4 18.5051 4.575
    endloop
  endfacet
  facet normal 0 -0.896907 -0.44222
    outer loop
      vertex 37.4 19.6685 8.34874
      vertex 39.4 19.6309 8.425
      vertex 37.4 19.6309 8.425
    endloop
  endfacet
  facet normal 0 -0.896907 -0.44222
    outer loop
      vertex 39.4 19.6309 8.425
      vertex 37.4 19.6685 8.34874
      vertex 39.4 19.6685 8.34874
    endloop
  endfacet
  facet normal 0 0.896907 -0.44222
    outer loop
      vertex 39.4 18.4675 8.34874
      vertex 37.4 18.5051 8.425
      vertex 39.4 18.5051 8.425
    endloop
  endfacet
  facet normal 0 0.896907 -0.44222
    outer loop
      vertex 37.4 18.5051 8.425
      vertex 39.4 18.4675 8.34874
      vertex 37.4 18.4675 8.34874
    endloop
  endfacet
  facet normal 0 -0.831652 -0.555297
    outer loop
      vertex 37.4 19.6309 8.425
      vertex 39.4 19.5837 8.49569
      vertex 37.4 19.5837 8.49569
    endloop
  endfacet
  facet normal 0 -0.831652 -0.555297
    outer loop
      vertex 39.4 19.5837 8.49569
      vertex 37.4 19.6309 8.425
      vertex 39.4 19.6309 8.425
    endloop
  endfacet
  facet normal 0 -0.321481 -0.946916
    outer loop
      vertex 37.4 19.2362 8.72785
      vertex 39.4 19.3167 8.70052
      vertex 39.4 19.2362 8.72785
    endloop
  endfacet
  facet normal -0 -0.321481 -0.946916
    outer loop
      vertex 39.4 19.3167 8.70052
      vertex 37.4 19.2362 8.72785
      vertex 37.4 19.3167 8.70052
    endloop
  endfacet
  facet normal 0 -0.0654256 -0.997857
    outer loop
      vertex 37.4 19.068 8.75
      vertex 39.4 19.1528 8.74444
      vertex 39.4 19.068 8.75
    endloop
  endfacet
  facet normal -0 -0.0654256 -0.997857
    outer loop
      vertex 39.4 19.1528 8.74444
      vertex 37.4 19.068 8.75
      vertex 37.4 19.1528 8.74444
    endloop
  endfacet
  facet normal 0 -0.195098 -0.980784
    outer loop
      vertex 37.4 19.1528 8.74444
      vertex 39.4 19.2362 8.72785
      vertex 39.4 19.1528 8.74444
    endloop
  endfacet
  facet normal -0 -0.195098 -0.980784
    outer loop
      vertex 39.4 19.2362 8.72785
      vertex 37.4 19.1528 8.74444
      vertex 37.4 19.2362 8.72785
    endloop
  endfacet
  facet normal 0 0.0654256 -0.997857
    outer loop
      vertex 37.4 18.9832 8.74444
      vertex 39.4 19.068 8.75
      vertex 39.4 18.9832 8.74444
    endloop
  endfacet
  facet normal 0 0.0654256 -0.997857
    outer loop
      vertex 39.4 19.068 8.75
      vertex 37.4 18.9832 8.74444
      vertex 37.4 19.068 8.75
    endloop
  endfacet
  facet normal 0 0.195098 -0.980784
    outer loop
      vertex 37.4 18.8998 8.72785
      vertex 39.4 18.9832 8.74444
      vertex 39.4 18.8998 8.72785
    endloop
  endfacet
  facet normal 0 0.195098 -0.980784
    outer loop
      vertex 39.4 18.9832 8.74444
      vertex 37.4 18.8998 8.72785
      vertex 37.4 18.9832 8.74444
    endloop
  endfacet
  facet normal 0 0.321481 -0.946916
    outer loop
      vertex 37.4 18.8193 8.70052
      vertex 39.4 18.8998 8.72785
      vertex 39.4 18.8193 8.70052
    endloop
  endfacet
  facet normal 0 0.321481 -0.946916
    outer loop
      vertex 39.4 18.8998 8.72785
      vertex 37.4 18.8193 8.70052
      vertex 37.4 18.8998 8.72785
    endloop
  endfacet
  facet normal 0 0.555568 -0.831471
    outer loop
      vertex 37.4 18.6723 8.61568
      vertex 39.4 18.743 8.66292
      vertex 39.4 18.6723 8.61568
    endloop
  endfacet
  facet normal 0 0.555568 -0.831471
    outer loop
      vertex 39.4 18.743 8.66292
      vertex 37.4 18.6723 8.61568
      vertex 37.4 18.743 8.66292
    endloop
  endfacet
  facet normal 0 -0.896907 0.44222
    outer loop
      vertex 37.4 19.6309 4.575
      vertex 39.4 19.6685 4.65126
      vertex 37.4 19.6685 4.65126
    endloop
  endfacet
  facet normal 0 -0.896907 0.44222
    outer loop
      vertex 39.4 19.6685 4.65126
      vertex 37.4 19.6309 4.575
      vertex 39.4 19.6309 4.575
    endloop
  endfacet
  facet normal 0 -0.946677 0.322183
    outer loop
      vertex 37.4 19.6685 4.65126
      vertex 39.4 19.6959 4.73177
      vertex 37.4 19.6959 4.73177
    endloop
  endfacet
  facet normal 0 -0.946677 0.322183
    outer loop
      vertex 39.4 19.6959 4.73177
      vertex 37.4 19.6685 4.65126
      vertex 39.4 19.6685 4.65126
    endloop
  endfacet
  facet normal 0 0.831652 0.555297
    outer loop
      vertex 39.4 18.5523 4.50431
      vertex 37.4 18.5051 4.575
      vertex 39.4 18.5051 4.575
    endloop
  endfacet
  facet normal 0 0.831652 0.555297
    outer loop
      vertex 37.4 18.5051 4.575
      vertex 39.4 18.5523 4.50431
      vertex 37.4 18.5523 4.50431
    endloop
  endfacet
  facet normal 0 -0.555568 -0.831471
    outer loop
      vertex 37.4 19.393 8.66292
      vertex 39.4 19.4637 8.61568
      vertex 39.4 19.393 8.66292
    endloop
  endfacet
  facet normal -0 -0.555568 -0.831471
    outer loop
      vertex 39.4 19.4637 8.61568
      vertex 37.4 19.393 8.66292
      vertex 37.4 19.4637 8.61568
    endloop
  endfacet
  facet normal 0 -0.659487 -0.751716
    outer loop
      vertex 37.4 19.4637 8.61568
      vertex 39.4 19.5276 8.55962
      vertex 39.4 19.4637 8.61568
    endloop
  endfacet
  facet normal -0 -0.659487 -0.751716
    outer loop
      vertex 39.4 19.5276 8.55962
      vertex 37.4 19.4637 8.61568
      vertex 37.4 19.5276 8.55962
    endloop
  endfacet
  facet normal 0 0.831652 -0.555297
    outer loop
      vertex 39.4 18.5051 8.425
      vertex 37.4 18.5523 8.49569
      vertex 39.4 18.5523 8.49569
    endloop
  endfacet
  facet normal 0 0.831652 -0.555297
    outer loop
      vertex 37.4 18.5523 8.49569
      vertex 39.4 18.5051 8.425
      vertex 37.4 18.5051 8.425
    endloop
  endfacet
  facet normal 0 0.659487 -0.751716
    outer loop
      vertex 37.4 18.6084 8.55962
      vertex 39.4 18.6723 8.61568
      vertex 39.4 18.6084 8.55962
    endloop
  endfacet
  facet normal 0 0.659487 -0.751716
    outer loop
      vertex 39.4 18.6723 8.61568
      vertex 37.4 18.6084 8.55962
      vertex 37.4 18.6723 8.61568
    endloop
  endfacet
  facet normal 0 1 0
    outer loop
      vertex 36.8 2 15.6
      vertex 22.7 2 7.5
      vertex 6.2316 2 15.6
    endloop
  endfacet
  facet normal 0 1 0
    outer loop
      vertex 36.8 2 15.6
      vertex 23.0263 2 7.47861
      vertex 22.7 2 7.5
    endloop
  endfacet
  facet normal 0 1 0
    outer loop
      vertex 36.8 2 15.6
      vertex 23.347 2 7.41481
      vertex 23.0263 2 7.47861
    endloop
  endfacet
  facet normal 0 1 0
    outer loop
      vertex 36.8 2 15.6
      vertex 23.6567 2 7.3097
      vertex 23.347 2 7.41481
    endloop
  endfacet
  facet normal 0 1 0
    outer loop
      vertex 36.8 2 15.6
      vertex 23.95 2 7.16506
      vertex 23.6567 2 7.3097
    endloop
  endfacet
  facet normal 0 1 0
    outer loop
      vertex 36.8 2 15.6
      vertex 24.2219 2 6.98338
      vertex 23.95 2 7.16506
    endloop
  endfacet
  facet normal 0 1 0
    outer loop
      vertex 36.8 2 15.6
      vertex 24.4678 2 6.76777
      vertex 24.2219 2 6.98338
    endloop
  endfacet
  facet normal 0 1 0
    outer loop
      vertex 36.8 2 15.6
      vertex 24.6834 2 6.5219
      vertex 24.4678 2 6.76777
    endloop
  endfacet
  facet normal 0 1 0
    outer loop
      vertex 36.8 2 15.6
      vertex 24.8651 2 6.25
      vertex 24.6834 2 6.5219
    endloop
  endfacet
  facet normal 0 1 0
    outer loop
      vertex 36.8 2 15.6
      vertex 25.0097 2 5.95671
      vertex 24.8651 2 6.25
    endloop
  endfacet
  facet normal 0 1 -0
    outer loop
      vertex 36.8 2 2
      vertex 25.0097 2 5.95671
      vertex 36.8 2 15.6
    endloop
  endfacet
  facet normal 0 1 0
    outer loop
      vertex 25.0097 2 5.95671
      vertex 36.8 2 2
      vertex 25.1148 2 5.64705
    endloop
  endfacet
  facet normal 0 1 0
    outer loop
      vertex 25.1148 2 5.64705
      vertex 36.8 2 2
      vertex 25.1786 2 5.32631
    endloop
  endfacet
  facet normal 0 1 0
    outer loop
      vertex 25.1786 2 5.32631
      vertex 36.8 2 2
      vertex 25.2 2 5
    endloop
  endfacet
  facet normal 0 1 0
    outer loop
      vertex 25.2 2 5
      vertex 36.8 2 2
      vertex 25.1786 2 4.67369
    endloop
  endfacet
  facet normal 0 1 0
    outer loop
      vertex 25.1786 2 4.67369
      vertex 36.8 2 2
      vertex 25.1148 2 4.35295
    endloop
  endfacet
  facet normal 0 1 0
    outer loop
      vertex 25.1148 2 4.35295
      vertex 36.8 2 2
      vertex 25.0097 2 4.04329
    endloop
  endfacet
  facet normal 0 1 0
    outer loop
      vertex 25.0097 2 4.04329
      vertex 36.8 2 2
      vertex 24.8651 2 3.75
    endloop
  endfacet
  facet normal 0 1 0
    outer loop
      vertex 24.8651 2 3.75
      vertex 36.8 2 2
      vertex 24.6834 2 3.4781
    endloop
  endfacet
  facet normal 0 1 0
    outer loop
      vertex 6.2316 2 2
      vertex 22.7 2 2.5
      vertex 36.8 2 2
    endloop
  endfacet
  facet normal 0 1 0
    outer loop
      vertex 23.0263 2 2.52139
      vertex 36.8 2 2
      vertex 22.7 2 2.5
    endloop
  endfacet
  facet normal 0 1 0
    outer loop
      vertex 23.347 2 2.58519
      vertex 36.8 2 2
      vertex 23.0263 2 2.52139
    endloop
  endfacet
  facet normal 0 1 0
    outer loop
      vertex 23.6567 2 2.6903
      vertex 36.8 2 2
      vertex 23.347 2 2.58519
    endloop
  endfacet
  facet normal 0 1 0
    outer loop
      vertex 23.95 2 2.83494
      vertex 36.8 2 2
      vertex 23.6567 2 2.6903
    endloop
  endfacet
  facet normal 0 1 0
    outer loop
      vertex 24.2219 2 3.01662
      vertex 36.8 2 2
      vertex 23.95 2 2.83494
    endloop
  endfacet
  facet normal 0 1 0
    outer loop
      vertex 24.4678 2 3.23223
      vertex 36.8 2 2
      vertex 24.2219 2 3.01662
    endloop
  endfacet
  facet normal 0 1 0
    outer loop
      vertex 24.6834 2 3.4781
      vertex 36.8 2 2
      vertex 24.4678 2 3.23223
    endloop
  endfacet
  facet normal 0 1 -0
    outer loop
      vertex 16.7 2 7.5
      vertex 6.2316 2 15.6
      vertex 22.7 2 7.5
    endloop
  endfacet
  facet normal 0 1 -0
    outer loop
      vertex 16.3737 2 7.47861
      vertex 6.2316 2 15.6
      vertex 16.7 2 7.5
    endloop
  endfacet
  facet normal 0 1 -0
    outer loop
      vertex 16.053 2 7.41481
      vertex 6.2316 2 15.6
      vertex 16.3737 2 7.47861
    endloop
  endfacet
  facet normal 0 1 -0
    outer loop
      vertex 15.7433 2 7.3097
      vertex 6.2316 2 15.6
      vertex 16.053 2 7.41481
    endloop
  endfacet
  facet normal 0 1 -0
    outer loop
      vertex 15.45 2 7.16506
      vertex 6.2316 2 15.6
      vertex 15.7433 2 7.3097
    endloop
  endfacet
  facet normal 0 1 -0
    outer loop
      vertex 15.1781 2 6.98338
      vertex 6.2316 2 15.6
      vertex 15.45 2 7.16506
    endloop
  endfacet
  facet normal 0 1 -0
    outer loop
      vertex 14.9322 2 6.76777
      vertex 6.2316 2 15.6
      vertex 15.1781 2 6.98338
    endloop
  endfacet
  facet normal 0 1 -0
    outer loop
      vertex 14.7166 2 6.5219
      vertex 6.2316 2 15.6
      vertex 14.9322 2 6.76777
    endloop
  endfacet
  facet normal 0 1 -0
    outer loop
      vertex 14.5349 2 6.25
      vertex 6.2316 2 15.6
      vertex 14.7166 2 6.5219
    endloop
  endfacet
  facet normal 0 1 -0
    outer loop
      vertex 14.3903 2 5.95671
      vertex 6.2316 2 15.6
      vertex 14.5349 2 6.25
    endloop
  endfacet
  facet normal 0 1 0
    outer loop
      vertex 6.2316 2 2
      vertex 14.3903 2 5.95671
      vertex 14.2852 2 5.64705
    endloop
  endfacet
  facet normal 0 1 0
    outer loop
      vertex 6.2316 2 2
      vertex 14.2852 2 5.64705
      vertex 14.2214 2 5.32631
    endloop
  endfacet
  facet normal 0 1 0
    outer loop
      vertex 6.2316 2 2
      vertex 14.2214 2 5.32631
      vertex 14.2 2 5
    endloop
  endfacet
  facet normal 0 1 0
    outer loop
      vertex 6.2316 2 2
      vertex 14.2 2 5
      vertex 14.2214 2 4.67369
    endloop
  endfacet
  facet normal 0 1 0
    outer loop
      vertex 6.2316 2 2
      vertex 14.2214 2 4.67369
      vertex 14.2852 2 4.35295
    endloop
  endfacet
  facet normal 0 1 0
    outer loop
      vertex 6.2316 2 2
      vertex 14.2852 2 4.35295
      vertex 14.3903 2 4.04329
    endloop
  endfacet
  facet normal 0 1 0
    outer loop
      vertex 6.2316 2 2
      vertex 14.3903 2 4.04329
      vertex 14.5349 2 3.75
    endloop
  endfacet
  facet normal 0 1 0
    outer loop
      vertex 6.2316 2 2
      vertex 14.5349 2 3.75
      vertex 14.7166 2 3.4781
    endloop
  endfacet
  facet normal 0 1 0
    outer loop
      vertex 14.3903 2 5.95671
      vertex 6.2316 2 2
      vertex 6.2316 2 15.6
    endloop
  endfacet
  facet normal 0 1 0
    outer loop
      vertex 14.9322 2 3.23223
      vertex 6.2316 2 2
      vertex 14.7166 2 3.4781
    endloop
  endfacet
  facet normal 0 1 0
    outer loop
      vertex 15.1781 2 3.01662
      vertex 6.2316 2 2
      vertex 14.9322 2 3.23223
    endloop
  endfacet
  facet normal 0 1 0
    outer loop
      vertex 15.45 2 2.83494
      vertex 6.2316 2 2
      vertex 15.1781 2 3.01662
    endloop
  endfacet
  facet normal 0 1 0
    outer loop
      vertex 15.7433 2 2.6903
      vertex 6.2316 2 2
      vertex 15.45 2 2.83494
    endloop
  endfacet
  facet normal 0 1 0
    outer loop
      vertex 16.053 2 2.58519
      vertex 6.2316 2 2
      vertex 15.7433 2 2.6903
    endloop
  endfacet
  facet normal 0 1 0
    outer loop
      vertex 16.3737 2 2.52139
      vertex 6.2316 2 2
      vertex 16.053 2 2.58519
    endloop
  endfacet
  facet normal 0 1 0
    outer loop
      vertex 16.7 2 2.5
      vertex 6.2316 2 2
      vertex 16.3737 2 2.52139
    endloop
  endfacet
  facet normal 0 1 0
    outer loop
      vertex 22.7 2 2.5
      vertex 6.2316 2 2
      vertex 16.7 2 2.5
    endloop
  endfacet
  facet normal -0.0653771 0.997861 0
    outer loop
      vertex 36.8783 2.00513 2
      vertex 36.8 2 15.6
      vertex 36.8783 2.00513 15.6
    endloop
  endfacet
  facet normal -0.0653771 0.997861 0
    outer loop
      vertex 36.8 2 15.6
      vertex 36.8783 2.00513 2
      vertex 36.8 2 2
    endloop
  endfacet
  facet normal -1 0 0
    outer loop
      vertex 37.4 19.718 8.1
      vertex 37.4 25.5484 2
      vertex 37.4 19.718 4.9
    endloop
  endfacet
  facet normal -1 0 0
    outer loop
      vertex 37.4 25.5484 2
      vertex 37.4 19.7124 4.81516
      vertex 37.4 19.718 4.9
    endloop
  endfacet
  facet normal -1 0 0
    outer loop
      vertex 37.4 25.5484 2
      vertex 37.4 19.6959 4.73177
      vertex 37.4 19.7124 4.81516
    endloop
  endfacet
  facet normal -1 0 0
    outer loop
      vertex 37.4 25.5484 2
      vertex 37.4 19.6685 4.65126
      vertex 37.4 19.6959 4.73177
    endloop
  endfacet
  facet normal -1 0 0
    outer loop
      vertex 37.4 25.5484 2
      vertex 37.4 19.6309 4.575
      vertex 37.4 19.6685 4.65126
    endloop
  endfacet
  facet normal -1 0 0
    outer loop
      vertex 37.4 25.5484 2
      vertex 37.4 19.5837 4.50431
      vertex 37.4 19.6309 4.575
    endloop
  endfacet
  facet normal -1 0 0
    outer loop
      vertex 37.4 25.5484 2
      vertex 37.4 19.5276 4.44038
      vertex 37.4 19.5837 4.50431
    endloop
  endfacet
  facet normal -1 0 0
    outer loop
      vertex 37.4 25.5484 2
      vertex 37.4 19.4637 4.38432
      vertex 37.4 19.5276 4.44038
    endloop
  endfacet
  facet normal -1 0 0
    outer loop
      vertex 37.4 25.5484 2
      vertex 37.4 19.393 4.33708
      vertex 37.4 19.4637 4.38432
    endloop
  endfacet
  facet normal -1 0 0
    outer loop
      vertex 37.4 25.5484 2
      vertex 37.4 19.3167 4.29948
      vertex 37.4 19.393 4.33708
    endloop
  endfacet
  facet normal -1 0 0
    outer loop
      vertex 37.4 25.5484 2
      vertex 37.4 19.2362 4.27215
      vertex 37.4 19.3167 4.29948
    endloop
  endfacet
  facet normal -1 0 0
    outer loop
      vertex 37.4 25.5484 2
      vertex 37.4 19.1528 4.25556
      vertex 37.4 19.2362 4.27215
    endloop
  endfacet
  facet normal -1 0 0
    outer loop
      vertex 37.4 25.5484 2
      vertex 37.4 19.068 4.25
      vertex 37.4 19.1528 4.25556
    endloop
  endfacet
  facet normal -1 0 0
    outer loop
      vertex 37.4 25.5484 2
      vertex 37.4 18.9832 4.25556
      vertex 37.4 19.068 4.25
    endloop
  endfacet
  facet normal -1 0 0
    outer loop
      vertex 37.4 12.7968 4.25556
      vertex 37.4 18.9832 4.25556
      vertex 37.4 25.5484 2
    endloop
  endfacet
  facet normal -1 0 0
    outer loop
      vertex 37.4 18.9832 4.25556
      vertex 37.4 12.7968 4.25556
      vertex 37.4 18.8998 4.27215
    endloop
  endfacet
  facet normal -1 0 0
    outer loop
      vertex 37.4 18.418 4.9
      vertex 37.4 13.362 4.9
      vertex 37.4 18.418 8.1
    endloop
  endfacet
  facet normal -1 0 0
    outer loop
      vertex 37.4 18.4236 4.81516
      vertex 37.4 13.362 4.9
      vertex 37.4 18.418 4.9
    endloop
  endfacet
  facet normal -1 0 0
    outer loop
      vertex 37.4 13.3564 4.81516
      vertex 37.4 18.4236 4.81516
      vertex 37.4 18.4401 4.73177
    endloop
  endfacet
  facet normal -1 0 0
    outer loop
      vertex 37.4 13.3399 4.73177
      vertex 37.4 18.4401 4.73177
      vertex 37.4 18.4675 4.65126
    endloop
  endfacet
  facet normal -1 0 0
    outer loop
      vertex 37.4 13.3125 4.65126
      vertex 37.4 18.4675 4.65126
      vertex 37.4 18.5051 4.575
    endloop
  endfacet
  facet normal -1 0 0
    outer loop
      vertex 37.4 13.2749 4.575
      vertex 37.4 18.5051 4.575
      vertex 37.4 18.5523 4.50431
    endloop
  endfacet
  facet normal -1 0 0
    outer loop
      vertex 37.4 13.2277 4.50431
      vertex 37.4 18.5523 4.50431
      vertex 37.4 18.6084 4.44038
    endloop
  endfacet
  facet normal -1 0 0
    outer loop
      vertex 37.4 13.1716 4.44038
      vertex 37.4 18.6084 4.44038
      vertex 37.4 18.6723 4.38432
    endloop
  endfacet
  facet normal -1 0 0
    outer loop
      vertex 37.4 13.1077 4.38432
      vertex 37.4 18.6723 4.38432
      vertex 37.4 18.743 4.33708
    endloop
  endfacet
  facet normal -1 0 0
    outer loop
      vertex 37.4 13.037 4.33708
      vertex 37.4 18.743 4.33708
      vertex 37.4 18.8193 4.29948
    endloop
  endfacet
  facet normal -1 0 -0
    outer loop
      vertex 37.4 12.8802 4.27215
      vertex 37.4 18.8998 4.27215
      vertex 37.4 12.7968 4.25556
    endloop
  endfacet
  facet normal -1 0 0
    outer loop
      vertex 37.4 18.4236 4.81516
      vertex 37.4 13.3564 4.81516
      vertex 37.4 13.362 4.9
    endloop
  endfacet
  facet normal -1 0 0
    outer loop
      vertex 37.4 18.4401 4.73177
      vertex 37.4 13.3399 4.73177
      vertex 37.4 13.3564 4.81516
    endloop
  endfacet
  facet normal -1 0 0
    outer loop
      vertex 37.4 18.4675 4.65126
      vertex 37.4 13.3125 4.65126
      vertex 37.4 13.3399 4.73177
    endloop
  endfacet
  facet normal -1 0 0
    outer loop
      vertex 37.4 18.5051 4.575
      vertex 37.4 13.2749 4.575
      vertex 37.4 13.3125 4.65126
    endloop
  endfacet
  facet normal -1 0 0
    outer loop
      vertex 37.4 18.5523 4.50431
      vertex 37.4 13.2277 4.50431
      vertex 37.4 13.2749 4.575
    endloop
  endfacet
  facet normal -1 0 0
    outer loop
      vertex 37.4 18.6084 4.44038
      vertex 37.4 13.1716 4.44038
      vertex 37.4 13.2277 4.50431
    endloop
  endfacet
  facet normal -1 0 0
    outer loop
      vertex 37.4 18.6723 4.38432
      vertex 37.4 13.1077 4.38432
      vertex 37.4 13.1716 4.44038
    endloop
  endfacet
  facet normal -1 0 0
    outer loop
      vertex 37.4 18.743 4.33708
      vertex 37.4 13.037 4.33708
      vertex 37.4 13.1077 4.38432
    endloop
  endfacet
  facet normal -1 0 0
    outer loop
      vertex 37.4 18.8193 4.29948
      vertex 37.4 12.9607 4.29948
      vertex 37.4 13.037 4.33708
    endloop
  endfacet
  facet normal -1 -0 0
    outer loop
      vertex 37.4 18.8193 4.29948
      vertex 37.4 12.8802 4.27215
      vertex 37.4 12.9607 4.29948
    endloop
  endfacet
  facet normal -1 0 0
    outer loop
      vertex 37.4 18.8998 4.27215
      vertex 37.4 12.8802 4.27215
      vertex 37.4 18.8193 4.29948
    endloop
  endfacet
  facet normal -1 0 0
    outer loop
      vertex 37.4 25.5484 2
      vertex 37.4 12.712 4.25
      vertex 37.4 12.7968 4.25556
    endloop
  endfacet
  facet normal -1 0 0
    outer loop
      vertex 37.4 2.6 2
      vertex 37.4 12.712 4.25
      vertex 37.4 25.5484 2
    endloop
  endfacet
  facet normal -1 -0 0
    outer loop
      vertex 37.4 12.062 4.9
      vertex 37.4 2.6 2
      vertex 37.4 12.062 8.1
    endloop
  endfacet
  facet normal -1 -0 0
    outer loop
      vertex 37.4 12.0676 4.81516
      vertex 37.4 2.6 2
      vertex 37.4 12.062 4.9
    endloop
  endfacet
  facet normal -1 -0 0
    outer loop
      vertex 37.4 12.0841 4.73177
      vertex 37.4 2.6 2
      vertex 37.4 12.0676 4.81516
    endloop
  endfacet
  facet normal -1 -0 0
    outer loop
      vertex 37.4 12.1115 4.65126
      vertex 37.4 2.6 2
      vertex 37.4 12.0841 4.73177
    endloop
  endfacet
  facet normal -1 -0 0
    outer loop
      vertex 37.4 12.1491 4.575
      vertex 37.4 2.6 2
      vertex 37.4 12.1115 4.65126
    endloop
  endfacet
  facet normal -1 -0 0
    outer loop
      vertex 37.4 12.1963 4.50431
      vertex 37.4 2.6 2
      vertex 37.4 12.1491 4.575
    endloop
  endfacet
  facet normal -1 -0 0
    outer loop
      vertex 37.4 12.2524 4.44038
      vertex 37.4 2.6 2
      vertex 37.4 12.1963 4.50431
    endloop
  endfacet
  facet normal -1 -0 0
    outer loop
      vertex 37.4 12.3163 4.38432
      vertex 37.4 2.6 2
      vertex 37.4 12.2524 4.44038
    endloop
  endfacet
  facet normal -1 -0 0
    outer loop
      vertex 37.4 12.387 4.33708
      vertex 37.4 2.6 2
      vertex 37.4 12.3163 4.38432
    endloop
  endfacet
  facet normal -1 -0 0
    outer loop
      vertex 37.4 12.4633 4.29948
      vertex 37.4 2.6 2
      vertex 37.4 12.387 4.33708
    endloop
  endfacet
  facet normal -1 -0 0
    outer loop
      vertex 37.4 12.5438 4.27215
      vertex 37.4 2.6 2
      vertex 37.4 12.4633 4.29948
    endloop
  endfacet
  facet normal -1 -0 0
    outer loop
      vertex 37.4 12.6272 4.25556
      vertex 37.4 2.6 2
      vertex 37.4 12.5438 4.27215
    endloop
  endfacet
  facet normal -1 -0 0
    outer loop
      vertex 37.4 12.712 4.25
      vertex 37.4 2.6 2
      vertex 37.4 12.6272 4.25556
    endloop
  endfacet
  facet normal -1 0 0
    outer loop
      vertex 37.4 19.7124 8.18484
      vertex 37.4 25.5484 2
      vertex 37.4 19.718 8.1
    endloop
  endfacet
  facet normal -1 0 0
    outer loop
      vertex 37.4 25.5484 2
      vertex 37.4 19.7124 8.18484
      vertex 37.4 25.5484 15.6
    endloop
  endfacet
  facet normal -1 0 0
    outer loop
      vertex 37.4 19.6959 8.26823
      vertex 37.4 25.5484 15.6
      vertex 37.4 19.7124 8.18484
    endloop
  endfacet
  facet normal -1 0 0
    outer loop
      vertex 37.4 19.6685 8.34874
      vertex 37.4 25.5484 15.6
      vertex 37.4 19.6959 8.26823
    endloop
  endfacet
  facet normal -1 0 0
    outer loop
      vertex 37.4 19.6309 8.425
      vertex 37.4 25.5484 15.6
      vertex 37.4 19.6685 8.34874
    endloop
  endfacet
  facet normal -1 0 0
    outer loop
      vertex 37.4 19.5837 8.49569
      vertex 37.4 25.5484 15.6
      vertex 37.4 19.6309 8.425
    endloop
  endfacet
  facet normal -1 0 0
    outer loop
      vertex 37.4 19.5276 8.55962
      vertex 37.4 25.5484 15.6
      vertex 37.4 19.5837 8.49569
    endloop
  endfacet
  facet normal -1 0 0
    outer loop
      vertex 37.4 19.4637 8.61568
      vertex 37.4 25.5484 15.6
      vertex 37.4 19.5276 8.55962
    endloop
  endfacet
  facet normal -1 0 0
    outer loop
      vertex 37.4 19.393 8.66292
      vertex 37.4 25.5484 15.6
      vertex 37.4 19.4637 8.61568
    endloop
  endfacet
  facet normal -1 0 0
    outer loop
      vertex 37.4 19.3167 8.70052
      vertex 37.4 25.5484 15.6
      vertex 37.4 19.393 8.66292
    endloop
  endfacet
  facet normal -1 0 0
    outer loop
      vertex 37.4 19.2362 8.72785
      vertex 37.4 25.5484 15.6
      vertex 37.4 19.3167 8.70052
    endloop
  endfacet
  facet normal -1 0 0
    outer loop
      vertex 37.4 19.1528 8.74444
      vertex 37.4 25.5484 15.6
      vertex 37.4 19.2362 8.72785
    endloop
  endfacet
  facet normal -1 0 0
    outer loop
      vertex 37.4 19.068 8.75
      vertex 37.4 25.5484 15.6
      vertex 37.4 19.1528 8.74444
    endloop
  endfacet
  facet normal -1 0 0
    outer loop
      vertex 37.4 18.9832 8.74444
      vertex 37.4 25.5484 15.6
      vertex 37.4 19.068 8.75
    endloop
  endfacet
  facet normal -1 0 0
    outer loop
      vertex 37.4 18.8998 8.72785
      vertex 37.4 25.5484 15.6
      vertex 37.4 18.9832 8.74444
    endloop
  endfacet
  facet normal -1 0 0
    outer loop
      vertex 37.4 12.8802 8.72785
      vertex 37.4 18.8998 8.72785
      vertex 37.4 18.8193 8.70052
    endloop
  endfacet
  facet normal -1 0 0
    outer loop
      vertex 37.4 12.9607 8.70052
      vertex 37.4 18.8193 8.70052
      vertex 37.4 18.743 8.66292
    endloop
  endfacet
  facet normal -1 0 0
    outer loop
      vertex 37.4 13.037 8.66292
      vertex 37.4 18.743 8.66292
      vertex 37.4 18.6723 8.61568
    endloop
  endfacet
  facet normal -1 0 0
    outer loop
      vertex 37.4 13.1077 8.61568
      vertex 37.4 18.6723 8.61568
      vertex 37.4 18.6084 8.55962
    endloop
  endfacet
  facet normal -1 0 0
    outer loop
      vertex 37.4 13.362 8.1
      vertex 37.4 18.418 8.1
      vertex 37.4 13.362 4.9
    endloop
  endfacet
  facet normal -1 0 0
    outer loop
      vertex 37.4 18.418 8.1
      vertex 37.4 13.362 8.1
      vertex 37.4 18.4236 8.18484
    endloop
  endfacet
  facet normal -1 0 0
    outer loop
      vertex 37.4 13.3564 8.18484
      vertex 37.4 18.4236 8.18484
      vertex 37.4 13.362 8.1
    endloop
  endfacet
  facet normal -1 0 0
    outer loop
      vertex 37.4 18.4236 8.18484
      vertex 37.4 13.3564 8.18484
      vertex 37.4 18.4401 8.26823
    endloop
  endfacet
  facet normal -1 0 0
    outer loop
      vertex 37.4 13.3399 8.26823
      vertex 37.4 18.4401 8.26823
      vertex 37.4 13.3564 8.18484
    endloop
  endfacet
  facet normal -1 0 0
    outer loop
      vertex 37.4 18.4401 8.26823
      vertex 37.4 13.3399 8.26823
      vertex 37.4 18.4675 8.34874
    endloop
  endfacet
  facet normal -1 0 0
    outer loop
      vertex 37.4 13.3125 8.34874
      vertex 37.4 18.4675 8.34874
      vertex 37.4 13.3399 8.26823
    endloop
  endfacet
  facet normal -1 0 0
    outer loop
      vertex 37.4 18.4675 8.34874
      vertex 37.4 13.3125 8.34874
      vertex 37.4 18.5051 8.425
    endloop
  endfacet
  facet normal -1 0 0
    outer loop
      vertex 37.4 13.2749 8.425
      vertex 37.4 18.5051 8.425
      vertex 37.4 13.3125 8.34874
    endloop
  endfacet
  facet normal -1 0 0
    outer loop
      vertex 37.4 18.5051 8.425
      vertex 37.4 13.2749 8.425
      vertex 37.4 18.5523 8.49569
    endloop
  endfacet
  facet normal -1 0 0
    outer loop
      vertex 37.4 13.2277 8.49569
      vertex 37.4 18.5523 8.49569
      vertex 37.4 13.2749 8.425
    endloop
  endfacet
  facet normal -1 0 0
    outer loop
      vertex 37.4 18.5523 8.49569
      vertex 37.4 13.2277 8.49569
      vertex 37.4 18.6084 8.55962
    endloop
  endfacet
  facet normal -1 0 0
    outer loop
      vertex 37.4 13.1716 8.55962
      vertex 37.4 18.6084 8.55962
      vertex 37.4 13.2277 8.49569
    endloop
  endfacet
  facet normal -1 0 0
    outer loop
      vertex 37.4 13.1077 8.61568
      vertex 37.4 18.6084 8.55962
      vertex 37.4 13.1716 8.55962
    endloop
  endfacet
  facet normal -1 0 0
    outer loop
      vertex 37.4 18.6723 8.61568
      vertex 37.4 13.1077 8.61568
      vertex 37.4 13.037 8.66292
    endloop
  endfacet
  facet normal -1 0 0
    outer loop
      vertex 37.4 18.743 8.66292
      vertex 37.4 13.037 8.66292
      vertex 37.4 12.9607 8.70052
    endloop
  endfacet
  facet normal -1 0 0
    outer loop
      vertex 37.4 18.8193 8.70052
      vertex 37.4 12.9607 8.70052
      vertex 37.4 12.8802 8.72785
    endloop
  endfacet
  facet normal -1 0 0
    outer loop
      vertex 37.4 18.8998 8.72785
      vertex 37.4 12.8802 8.72785
      vertex 37.4 25.5484 15.6
    endloop
  endfacet
  facet normal -1 0 0
    outer loop
      vertex 37.4 12.7968 8.74444
      vertex 37.4 25.5484 15.6
      vertex 37.4 12.8802 8.72785
    endloop
  endfacet
  facet normal -1 0 0
    outer loop
      vertex 37.4 2.6 15.6
      vertex 37.4 12.7968 8.74444
      vertex 37.4 12.712 8.75
    endloop
  endfacet
  facet normal -1 0 0
    outer loop
      vertex 37.4 2.6 15.6
      vertex 37.4 12.712 8.75
      vertex 37.4 12.6272 8.74444
    endloop
  endfacet
  facet normal -1 0 0
    outer loop
      vertex 37.4 2.6 15.6
      vertex 37.4 12.6272 8.74444
      vertex 37.4 12.5438 8.72785
    endloop
  endfacet
  facet normal -1 0 0
    outer loop
      vertex 37.4 2.6 15.6
      vertex 37.4 12.5438 8.72785
      vertex 37.4 12.4633 8.70052
    endloop
  endfacet
  facet normal -1 0 0
    outer loop
      vertex 37.4 2.6 15.6
      vertex 37.4 12.4633 8.70052
      vertex 37.4 12.387 8.66292
    endloop
  endfacet
  facet normal -1 0 0
    outer loop
      vertex 37.4 2.6 2
      vertex 37.4 12.0676 8.18484
      vertex 37.4 12.062 8.1
    endloop
  endfacet
  facet normal -1 0 0
    outer loop
      vertex 37.4 2.6 15.6
      vertex 37.4 12.0676 8.18484
      vertex 37.4 2.6 2
    endloop
  endfacet
  facet normal -1 0 0
    outer loop
      vertex 37.4 12.0676 8.18484
      vertex 37.4 2.6 15.6
      vertex 37.4 12.0841 8.26823
    endloop
  endfacet
  facet normal -1 0 0
    outer loop
      vertex 37.4 12.0841 8.26823
      vertex 37.4 2.6 15.6
      vertex 37.4 12.1115 8.34874
    endloop
  endfacet
  facet normal -1 0 0
    outer loop
      vertex 37.4 12.1115 8.34874
      vertex 37.4 2.6 15.6
      vertex 37.4 12.1491 8.425
    endloop
  endfacet
  facet normal -1 0 0
    outer loop
      vertex 37.4 12.1491 8.425
      vertex 37.4 2.6 15.6
      vertex 37.4 12.1963 8.49569
    endloop
  endfacet
  facet normal -1 0 0
    outer loop
      vertex 37.4 12.1963 8.49569
      vertex 37.4 2.6 15.6
      vertex 37.4 12.2524 8.55962
    endloop
  endfacet
  facet normal -1 0 0
    outer loop
      vertex 37.4 12.7968 8.74444
      vertex 37.4 2.6 15.6
      vertex 37.4 25.5484 15.6
    endloop
  endfacet
  facet normal -1 0 0
    outer loop
      vertex 37.4 12.3163 8.61568
      vertex 37.4 2.6 15.6
      vertex 37.4 12.387 8.66292
    endloop
  endfacet
  facet normal -1 0 0
    outer loop
      vertex 37.4 12.2524 8.55962
      vertex 37.4 2.6 15.6
      vertex 37.4 12.3163 8.61568
    endloop
  endfacet
  facet normal 1 -0 0
    outer loop
      vertex 2 19.7124 8.18484
      vertex 2 29.18 2
      vertex 2 29.18 15.6
    endloop
  endfacet
  facet normal 1 0 0
    outer loop
      vertex 2 29.18 2
      vertex 2 19.7124 8.18484
      vertex 2 19.718 8.1
    endloop
  endfacet
  facet normal 1 0 0
    outer loop
      vertex 2 29.18 15.6
      vertex 2 19.6959 8.26823
      vertex 2 19.7124 8.18484
    endloop
  endfacet
  facet normal 1 0 0
    outer loop
      vertex 2 29.18 15.6
      vertex 2 19.6685 8.34874
      vertex 2 19.6959 8.26823
    endloop
  endfacet
  facet normal 1 0 0
    outer loop
      vertex 2 29.18 15.6
      vertex 2 19.6309 8.425
      vertex 2 19.6685 8.34874
    endloop
  endfacet
  facet normal 1 0 0
    outer loop
      vertex 2 29.18 15.6
      vertex 2 19.5837 8.49569
      vertex 2 19.6309 8.425
    endloop
  endfacet
  facet normal 1 0 0
    outer loop
      vertex 2 29.18 15.6
      vertex 2 19.5276 8.55962
      vertex 2 19.5837 8.49569
    endloop
  endfacet
  facet normal 1 0 0
    outer loop
      vertex 2 29.18 15.6
      vertex 2 19.4637 8.61568
      vertex 2 19.5276 8.55962
    endloop
  endfacet
  facet normal 1 0 0
    outer loop
      vertex 2 29.18 15.6
      vertex 2 19.393 8.66292
      vertex 2 19.4637 8.61568
    endloop
  endfacet
  facet normal 1 0 0
    outer loop
      vertex 2 29.18 15.6
      vertex 2 19.3167 8.70052
      vertex 2 19.393 8.66292
    endloop
  endfacet
  facet normal 1 0 0
    outer loop
      vertex 2 29.18 15.6
      vertex 2 19.2362 8.72785
      vertex 2 19.3167 8.70052
    endloop
  endfacet
  facet normal 1 0 0
    outer loop
      vertex 2 29.18 15.6
      vertex 2 19.1528 8.74444
      vertex 2 19.2362 8.72785
    endloop
  endfacet
  facet normal 1 0 0
    outer loop
      vertex 2 29.18 15.6
      vertex 2 19.068 8.75
      vertex 2 19.1528 8.74444
    endloop
  endfacet
  facet normal 1 0 0
    outer loop
      vertex 2 29.18 15.6
      vertex 2 18.9832 8.74444
      vertex 2 19.068 8.75
    endloop
  endfacet
  facet normal 1 -0 0
    outer loop
      vertex 2 6.2316 15.6
      vertex 2 18.9832 8.74444
      vertex 2 29.18 15.6
    endloop
  endfacet
  facet normal 1 0 0
    outer loop
      vertex 2 18.9832 8.74444
      vertex 2 6.2316 15.6
      vertex 2 18.8998 8.72785
    endloop
  endfacet
  facet normal 1 0 -0
    outer loop
      vertex 2 12.8802 8.72785
      vertex 2 18.8998 8.72785
      vertex 2 6.2316 15.6
    endloop
  endfacet
  facet normal 1 0 0
    outer loop
      vertex 2 18.418 8.1
      vertex 2 13.362 8.1
      vertex 2 18.418 4.9
    endloop
  endfacet
  facet normal 1 0 0
    outer loop
      vertex 2 18.4236 8.18484
      vertex 2 13.362 8.1
      vertex 2 18.418 8.1
    endloop
  endfacet
  facet normal 1 0 0
    outer loop
      vertex 2 13.3564 8.18484
      vertex 2 18.4236 8.18484
      vertex 2 18.4401 8.26823
    endloop
  endfacet
  facet normal 1 0 0
    outer loop
      vertex 2 13.3399 8.26823
      vertex 2 18.4401 8.26823
      vertex 2 18.4675 8.34874
    endloop
  endfacet
  facet normal 1 0 0
    outer loop
      vertex 2 13.3125 8.34874
      vertex 2 18.4675 8.34874
      vertex 2 18.5051 8.425
    endloop
  endfacet
  facet normal 1 0 0
    outer loop
      vertex 2 13.2749 8.425
      vertex 2 18.5051 8.425
      vertex 2 18.5523 8.49569
    endloop
  endfacet
  facet normal 1 0 0
    outer loop
      vertex 2 13.2277 8.49569
      vertex 2 18.5523 8.49569
      vertex 2 18.6084 8.55962
    endloop
  endfacet
  facet normal 1 0 0
    outer loop
      vertex 2 13.1716 8.55962
      vertex 2 18.6084 8.55962
      vertex 2 18.6723 8.61568
    endloop
  endfacet
  facet normal 1 0 0
    outer loop
      vertex 2 13.1077 8.61568
      vertex 2 18.6723 8.61568
      vertex 2 18.743 8.66292
    endloop
  endfacet
  facet normal 1 0 0
    outer loop
      vertex 2 18.8998 8.72785
      vertex 2 12.8802 8.72785
      vertex 2 18.8193 8.70052
    endloop
  endfacet
  facet normal 1 0 0
    outer loop
      vertex 2 18.4236 8.18484
      vertex 2 13.3564 8.18484
      vertex 2 13.362 8.1
    endloop
  endfacet
  facet normal 1 0 0
    outer loop
      vertex 2 18.4401 8.26823
      vertex 2 13.3399 8.26823
      vertex 2 13.3564 8.18484
    endloop
  endfacet
  facet normal 1 0 0
    outer loop
      vertex 2 18.4675 8.34874
      vertex 2 13.3125 8.34874
      vertex 2 13.3399 8.26823
    endloop
  endfacet
  facet normal 1 0 0
    outer loop
      vertex 2 18.5051 8.425
      vertex 2 13.2749 8.425
      vertex 2 13.3125 8.34874
    endloop
  endfacet
  facet normal 1 0 0
    outer loop
      vertex 2 18.5523 8.49569
      vertex 2 13.2277 8.49569
      vertex 2 13.2749 8.425
    endloop
  endfacet
  facet normal 1 0 0
    outer loop
      vertex 2 18.6084 8.55962
      vertex 2 13.1716 8.55962
      vertex 2 13.2277 8.49569
    endloop
  endfacet
  facet normal 1 0 0
    outer loop
      vertex 2 18.6723 8.61568
      vertex 2 13.1077 8.61568
      vertex 2 13.1716 8.55962
    endloop
  endfacet
  facet normal 1 0 0
    outer loop
      vertex 2 18.743 8.66292
      vertex 2 13.037 8.66292
      vertex 2 13.1077 8.61568
    endloop
  endfacet
  facet normal 1 0 0
    outer loop
      vertex 2 18.743 8.66292
      vertex 2 12.9607 8.70052
      vertex 2 13.037 8.66292
    endloop
  endfacet
  facet normal 1 0 -0
    outer loop
      vertex 2 12.9607 8.70052
      vertex 2 18.8193 8.70052
      vertex 2 12.8802 8.72785
    endloop
  endfacet
  facet normal 1 0 0
    outer loop
      vertex 2 18.8193 8.70052
      vertex 2 12.9607 8.70052
      vertex 2 18.743 8.66292
    endloop
  endfacet
  facet normal 1 0 0
    outer loop
      vertex 2 12.8802 8.72785
      vertex 2 6.2316 15.6
      vertex 2 12.7968 8.74444
    endloop
  endfacet
  facet normal 1 0 0
    outer loop
      vertex 2 12.7968 8.74444
      vertex 2 6.2316 15.6
      vertex 2 12.712 8.75
    endloop
  endfacet
  facet normal 1 0 0
    outer loop
      vertex 2 12.712 8.75
      vertex 2 6.2316 15.6
      vertex 2 12.6272 8.74444
    endloop
  endfacet
  facet normal 1 0 0
    outer loop
      vertex 2 12.6272 8.74444
      vertex 2 6.2316 15.6
      vertex 2 12.5438 8.72785
    endloop
  endfacet
  facet normal 1 0 0
    outer loop
      vertex 2 12.0676 8.18484
      vertex 2 6.2316 2
      vertex 2 12.062 8.1
    endloop
  endfacet
  facet normal 1 0 0
    outer loop
      vertex 2 6.2316 2
      vertex 2 12.0676 8.18484
      vertex 2 6.2316 15.6
    endloop
  endfacet
  facet normal 1 0 0
    outer loop
      vertex 2 12.0841 8.26823
      vertex 2 6.2316 15.6
      vertex 2 12.0676 8.18484
    endloop
  endfacet
  facet normal 1 0 0
    outer loop
      vertex 2 12.1115 8.34874
      vertex 2 6.2316 15.6
      vertex 2 12.0841 8.26823
    endloop
  endfacet
  facet normal 1 0 0
    outer loop
      vertex 2 12.1491 8.425
      vertex 2 6.2316 15.6
      vertex 2 12.1115 8.34874
    endloop
  endfacet
  facet normal 1 0 0
    outer loop
      vertex 2 12.1963 8.49569
      vertex 2 6.2316 15.6
      vertex 2 12.1491 8.425
    endloop
  endfacet
  facet normal 1 0 0
    outer loop
      vertex 2 12.2524 8.55962
      vertex 2 6.2316 15.6
      vertex 2 12.1963 8.49569
    endloop
  endfacet
  facet normal 1 0 0
    outer loop
      vertex 2 12.3163 8.61568
      vertex 2 6.2316 15.6
      vertex 2 12.2524 8.55962
    endloop
  endfacet
  facet normal 1 0 0
    outer loop
      vertex 2 12.387 8.66292
      vertex 2 6.2316 15.6
      vertex 2 12.3163 8.61568
    endloop
  endfacet
  facet normal 1 0 0
    outer loop
      vertex 2 12.4633 8.70052
      vertex 2 6.2316 15.6
      vertex 2 12.387 8.66292
    endloop
  endfacet
  facet normal 1 0 0
    outer loop
      vertex 2 12.5438 8.72785
      vertex 2 6.2316 15.6
      vertex 2 12.4633 8.70052
    endloop
  endfacet
  facet normal 1 -0 0
    outer loop
      vertex 2 19.718 4.9
      vertex 2 29.18 2
      vertex 2 19.718 8.1
    endloop
  endfacet
  facet normal 1 -0 0
    outer loop
      vertex 2 19.7124 4.81516
      vertex 2 29.18 2
      vertex 2 19.718 4.9
    endloop
  endfacet
  facet normal 1 -0 0
    outer loop
      vertex 2 19.6959 4.73177
      vertex 2 29.18 2
      vertex 2 19.7124 4.81516
    endloop
  endfacet
  facet normal 1 -0 0
    outer loop
      vertex 2 19.6685 4.65126
      vertex 2 29.18 2
      vertex 2 19.6959 4.73177
    endloop
  endfacet
  facet normal 1 -0 0
    outer loop
      vertex 2 19.6309 4.575
      vertex 2 29.18 2
      vertex 2 19.6685 4.65126
    endloop
  endfacet
  facet normal 1 -0 0
    outer loop
      vertex 2 19.5837 4.50431
      vertex 2 29.18 2
      vertex 2 19.6309 4.575
    endloop
  endfacet
  facet normal 1 -0 0
    outer loop
      vertex 2 19.5276 4.44038
      vertex 2 29.18 2
      vertex 2 19.5837 4.50431
    endloop
  endfacet
  facet normal 1 -0 0
    outer loop
      vertex 2 19.4637 4.38432
      vertex 2 29.18 2
      vertex 2 19.5276 4.44038
    endloop
  endfacet
  facet normal 1 -0 0
    outer loop
      vertex 2 19.393 4.33708
      vertex 2 29.18 2
      vertex 2 19.4637 4.38432
    endloop
  endfacet
  facet normal 1 -0 0
    outer loop
      vertex 2 19.3167 4.29948
      vertex 2 29.18 2
      vertex 2 19.393 4.33708
    endloop
  endfacet
  facet normal 1 -0 0
    outer loop
      vertex 2 19.2362 4.27215
      vertex 2 29.18 2
      vertex 2 19.3167 4.29948
    endloop
  endfacet
  facet normal 1 -0 0
    outer loop
      vertex 2 19.1528 4.25556
      vertex 2 29.18 2
      vertex 2 19.2362 4.27215
    endloop
  endfacet
  facet normal 1 -0 0
    outer loop
      vertex 2 19.068 4.25
      vertex 2 29.18 2
      vertex 2 19.1528 4.25556
    endloop
  endfacet
  facet normal 1 0 0
    outer loop
      vertex 2 6.2316 2
      vertex 2 19.068 4.25
      vertex 2 18.9832 4.25556
    endloop
  endfacet
  facet normal 1 0 0
    outer loop
      vertex 2 12.7968 4.25556
      vertex 2 18.9832 4.25556
      vertex 2 18.8998 4.27215
    endloop
  endfacet
  facet normal 1 0 0
    outer loop
      vertex 2 13.362 4.9
      vertex 2 18.418 4.9
      vertex 2 13.362 8.1
    endloop
  endfacet
  facet normal 1 0 0
    outer loop
      vertex 2 18.418 4.9
      vertex 2 13.362 4.9
      vertex 2 18.4236 4.81516
    endloop
  endfacet
  facet normal 1 0 0
    outer loop
      vertex 2 13.3564 4.81516
      vertex 2 18.4236 4.81516
      vertex 2 13.362 4.9
    endloop
  endfacet
  facet normal 1 0 0
    outer loop
      vertex 2 18.4236 4.81516
      vertex 2 13.3564 4.81516
      vertex 2 18.4401 4.73177
    endloop
  endfacet
  facet normal 1 0 0
    outer loop
      vertex 2 13.3399 4.73177
      vertex 2 18.4401 4.73177
      vertex 2 13.3564 4.81516
    endloop
  endfacet
  facet normal 1 0 0
    outer loop
      vertex 2 18.4401 4.73177
      vertex 2 13.3399 4.73177
      vertex 2 18.4675 4.65126
    endloop
  endfacet
  facet normal 1 0 0
    outer loop
      vertex 2 13.3125 4.65126
      vertex 2 18.4675 4.65126
      vertex 2 13.3399 4.73177
    endloop
  endfacet
  facet normal 1 0 0
    outer loop
      vertex 2 18.4675 4.65126
      vertex 2 13.3125 4.65126
      vertex 2 18.5051 4.575
    endloop
  endfacet
  facet normal 1 0 0
    outer loop
      vertex 2 13.2749 4.575
      vertex 2 18.5051 4.575
      vertex 2 13.3125 4.65126
    endloop
  endfacet
  facet normal 1 0 0
    outer loop
      vertex 2 18.5051 4.575
      vertex 2 13.2749 4.575
      vertex 2 18.5523 4.50431
    endloop
  endfacet
  facet normal 1 0 0
    outer loop
      vertex 2 13.2277 4.50431
      vertex 2 18.5523 4.50431
      vertex 2 13.2749 4.575
    endloop
  endfacet
  facet normal 1 0 0
    outer loop
      vertex 2 18.5523 4.50431
      vertex 2 13.2277 4.50431
      vertex 2 18.6084 4.44038
    endloop
  endfacet
  facet normal 1 0 0
    outer loop
      vertex 2 13.1716 4.44038
      vertex 2 18.6084 4.44038
      vertex 2 13.2277 4.50431
    endloop
  endfacet
  facet normal 1 0 0
    outer loop
      vertex 2 18.6084 4.44038
      vertex 2 13.1716 4.44038
      vertex 2 18.6723 4.38432
    endloop
  endfacet
  facet normal 1 0 0
    outer loop
      vertex 2 13.1077 4.38432
      vertex 2 18.6723 4.38432
      vertex 2 13.1716 4.44038
    endloop
  endfacet
  facet normal 1 0 0
    outer loop
      vertex 2 18.6723 4.38432
      vertex 2 13.1077 4.38432
      vertex 2 18.743 4.33708
    endloop
  endfacet
  facet normal 1 0 0
    outer loop
      vertex 2 13.037 4.33708
      vertex 2 18.743 4.33708
      vertex 2 13.1077 4.38432
    endloop
  endfacet
  facet normal 1 0 0
    outer loop
      vertex 2 18.743 4.33708
      vertex 2 13.037 4.33708
      vertex 2 18.8193 4.29948
    endloop
  endfacet
  facet normal 1 0 0
    outer loop
      vertex 2 12.9607 4.29948
      vertex 2 18.8193 4.29948
      vertex 2 13.037 4.33708
    endloop
  endfacet
  facet normal 1 0 0
    outer loop
      vertex 2 18.8193 4.29948
      vertex 2 12.9607 4.29948
      vertex 2 18.8998 4.27215
    endloop
  endfacet
  facet normal 1 0 0
    outer loop
      vertex 2 12.8802 4.27215
      vertex 2 18.8998 4.27215
      vertex 2 12.9607 4.29948
    endloop
  endfacet
  facet normal 1 0 0
    outer loop
      vertex 2 12.7968 4.25556
      vertex 2 18.8998 4.27215
      vertex 2 12.8802 4.27215
    endloop
  endfacet
  facet normal 1 0 0
    outer loop
      vertex 2 18.9832 4.25556
      vertex 2 12.7968 4.25556
      vertex 2 6.2316 2
    endloop
  endfacet
  facet normal 1 0 0
    outer loop
      vertex 2 6.2316 2
      vertex 2 12.7968 4.25556
      vertex 2 12.712 4.25
    endloop
  endfacet
  facet normal 1 0 0
    outer loop
      vertex 2 6.2316 2
      vertex 2 12.712 4.25
      vertex 2 12.6272 4.25556
    endloop
  endfacet
  facet normal 1 0 0
    outer loop
      vertex 2 12.062 8.1
      vertex 2 6.2316 2
      vertex 2 12.062 4.9
    endloop
  endfacet
  facet normal 1 0 0
    outer loop
      vertex 2 12.062 4.9
      vertex 2 6.2316 2
      vertex 2 12.0676 4.81516
    endloop
  endfacet
  facet normal 1 0 0
    outer loop
      vertex 2 12.0676 4.81516
      vertex 2 6.2316 2
      vertex 2 12.0841 4.73177
    endloop
  endfacet
  facet normal 1 0 0
    outer loop
      vertex 2 12.0841 4.73177
      vertex 2 6.2316 2
      vertex 2 12.1115 4.65126
    endloop
  endfacet
  facet normal 1 0 0
    outer loop
      vertex 2 19.068 4.25
      vertex 2 6.2316 2
      vertex 2 29.18 2
    endloop
  endfacet
  facet normal 1 0 0
    outer loop
      vertex 2 12.5438 4.27215
      vertex 2 6.2316 2
      vertex 2 12.6272 4.25556
    endloop
  endfacet
  facet normal 1 0 0
    outer loop
      vertex 2 12.4633 4.29948
      vertex 2 6.2316 2
      vertex 2 12.5438 4.27215
    endloop
  endfacet
  facet normal 1 0 0
    outer loop
      vertex 2 12.387 4.33708
      vertex 2 6.2316 2
      vertex 2 12.4633 4.29948
    endloop
  endfacet
  facet normal 1 0 0
    outer loop
      vertex 2 12.3163 4.38432
      vertex 2 6.2316 2
      vertex 2 12.387 4.33708
    endloop
  endfacet
  facet normal 1 0 0
    outer loop
      vertex 2 12.2524 4.44038
      vertex 2 6.2316 2
      vertex 2 12.3163 4.38432
    endloop
  endfacet
  facet normal 1 0 0
    outer loop
      vertex 2 12.1963 4.50431
      vertex 2 6.2316 2
      vertex 2 12.2524 4.44038
    endloop
  endfacet
  facet normal 1 0 0
    outer loop
      vertex 2 12.1491 4.575
      vertex 2 6.2316 2
      vertex 2 12.1963 4.50431
    endloop
  endfacet
  facet normal 1 0 0
    outer loop
      vertex 2 12.1115 4.65126
      vertex 2 6.2316 2
      vertex 2 12.1491 4.575
    endloop
  endfacet
  facet normal 0 0 1
    outer loop
      vertex 9.54 6.94 2
      vertex 7.17433 4.59158 2
      vertex 7.2 4.2 2
    endloop
  endfacet
  facet normal 0 0 1
    outer loop
      vertex 5.7 6.79808 2
      vertex 7.28833 8.24 2
      vertex 7.13791 8.54502 2
    endloop
  endfacet
  facet normal 0 0 1
    outer loop
      vertex 7.47728 7.95722 2
      vertex 7.09778 4.97646 2
      vertex 7.17433 4.59158 2
    endloop
  endfacet
  facet normal 0 0 1
    outer loop
      vertex 5.34805 6.97164 2
      vertex 7.13791 8.54502 2
      vertex 7.02859 8.86707 2
    endloop
  endfacet
  facet normal 0 0 1
    outer loop
      vertex 7.47728 7.95722 2
      vertex 6.97164 5.34805 2
      vertex 7.09778 4.97646 2
    endloop
  endfacet
  facet normal 0 0 1
    outer loop
      vertex 4.97646 7.09778 2
      vertex 7.02859 8.86707 2
      vertex 6.96224 9.20063 2
    endloop
  endfacet
  facet normal 0 0 1
    outer loop
      vertex 4.59158 7.17433 2
      vertex 6.96224 9.20063 2
      vertex 6.94 9.54 2
    endloop
  endfacet
  facet normal 0 0 1
    outer loop
      vertex 7.47728 7.95722 2
      vertex 6.79808 5.7 2
      vertex 6.97164 5.34805 2
    endloop
  endfacet
  facet normal 0 0 1
    outer loop
      vertex 27.4579 21.245 2
      vertex 11.9421 21.245 2
      vertex 27.6083 20.94 2
    endloop
  endfacet
  facet normal 0 0 1
    outer loop
      vertex 27.6083 10.84 2
      vertex 12.1178 9.87937 2
      vertex 12.14 9.54 2
    endloop
  endfacet
  facet normal 0 0 1
    outer loop
      vertex 11.7917 20.94 2
      vertex 27.6083 20.94 2
      vertex 11.9421 21.245 2
    endloop
  endfacet
  facet normal 0 0 1
    outer loop
      vertex 27.6083 10.84 2
      vertex 12.0514 10.2129 2
      vertex 12.1178 9.87937 2
    endloop
  endfacet
  facet normal 0 0 1
    outer loop
      vertex 27.6083 20.94 2
      vertex 11.7917 20.94 2
      vertex 27.6083 10.84 2
    endloop
  endfacet
  facet normal 0 0 1
    outer loop
      vertex 27.6083 10.84 2
      vertex 11.9421 10.535 2
      vertex 12.0514 10.2129 2
    endloop
  endfacet
  facet normal 0 0 1
    outer loop
      vertex 11.7917 10.84 2
      vertex 27.6083 10.84 2
      vertex 11.7917 20.94 2
    endloop
  endfacet
  facet normal 0 0 1
    outer loop
      vertex 27.6083 10.84 2
      vertex 11.7917 10.84 2
      vertex 11.9421 10.535 2
    endloop
  endfacet
  facet normal -0 0 1
    outer loop
      vertex 11.6027 20.6572 2
      vertex 11.7917 10.84 2
      vertex 11.7917 20.94 2
    endloop
  endfacet
  facet normal 0 0 1
    outer loop
      vertex 11.6027 20.6572 2
      vertex 11.6027 11.1228 2
      vertex 11.7917 10.84 2
    endloop
  endfacet
  facet normal -0 0 1
    outer loop
      vertex 11.3785 20.4015 2
      vertex 11.6027 11.1228 2
      vertex 11.6027 20.6572 2
    endloop
  endfacet
  facet normal 0 0 1
    outer loop
      vertex 11.3785 20.4015 2
      vertex 11.3785 11.3785 2
      vertex 11.6027 11.1228 2
    endloop
  endfacet
  facet normal -0 0 1
    outer loop
      vertex 11.1228 20.1773 2
      vertex 11.3785 11.3785 2
      vertex 11.3785 20.4015 2
    endloop
  endfacet
  facet normal 0 0 1
    outer loop
      vertex 11.1228 20.1773 2
      vertex 11.1228 11.6027 2
      vertex 11.3785 11.3785 2
    endloop
  endfacet
  facet normal -0 0 1
    outer loop
      vertex 10.84 19.9883 2
      vertex 11.1228 11.6027 2
      vertex 11.1228 20.1773 2
    endloop
  endfacet
  facet normal 0 0 1
    outer loop
      vertex 10.84 19.9883 2
      vertex 10.84 11.7917 2
      vertex 11.1228 11.6027 2
    endloop
  endfacet
  facet normal -0 0 1
    outer loop
      vertex 10.535 19.8379 2
      vertex 10.84 11.7917 2
      vertex 10.84 19.9883 2
    endloop
  endfacet
  facet normal 0 0 1
    outer loop
      vertex 10.535 19.8379 2
      vertex 10.535 11.9421 2
      vertex 10.84 11.7917 2
    endloop
  endfacet
  facet normal -0 0 1
    outer loop
      vertex 10.2129 19.7286 2
      vertex 10.535 11.9421 2
      vertex 10.535 19.8379 2
    endloop
  endfacet
  facet normal 0 0 1
    outer loop
      vertex 10.2129 19.7286 2
      vertex 10.2129 12.0514 2
      vertex 10.535 11.9421 2
    endloop
  endfacet
  facet normal -0 0 1
    outer loop
      vertex 9.87937 19.6622 2
      vertex 10.2129 12.0514 2
      vertex 10.2129 19.7286 2
    endloop
  endfacet
  facet normal 0 0 1
    outer loop
      vertex 9.87937 19.6622 2
      vertex 9.87937 12.1178 2
      vertex 10.2129 12.0514 2
    endloop
  endfacet
  facet normal -0 0 1
    outer loop
      vertex 9.54 19.64 2
      vertex 9.87937 12.1178 2
      vertex 9.87937 19.6622 2
    endloop
  endfacet
  facet normal 0 0 1
    outer loop
      vertex 9.54 19.64 2
      vertex 9.54 12.14 2
      vertex 9.87937 12.1178 2
    endloop
  endfacet
  facet normal 0 0 1
    outer loop
      vertex 9.20063 19.6622 2
      vertex 9.54 12.14 2
      vertex 9.54 19.64 2
    endloop
  endfacet
  facet normal 0 0 1
    outer loop
      vertex 9.20063 19.6622 2
      vertex 9.20063 12.1178 2
      vertex 9.54 12.14 2
    endloop
  endfacet
  facet normal 0 0 1
    outer loop
      vertex 8.86707 19.7286 2
      vertex 9.20063 12.1178 2
      vertex 9.20063 19.6622 2
    endloop
  endfacet
  facet normal 0 0 1
    outer loop
      vertex 8.86707 19.7286 2
      vertex 8.86707 12.0514 2
      vertex 9.20063 12.1178 2
    endloop
  endfacet
  facet normal 0 0 1
    outer loop
      vertex 8.54502 19.8379 2
      vertex 8.86707 12.0514 2
      vertex 8.86707 19.7286 2
    endloop
  endfacet
  facet normal 0 0 1
    outer loop
      vertex 8.54502 19.8379 2
      vertex 8.54502 11.9421 2
      vertex 8.86707 12.0514 2
    endloop
  endfacet
  facet normal 0 0 1
    outer loop
      vertex 8.24 19.9883 2
      vertex 8.54502 11.9421 2
      vertex 8.54502 19.8379 2
    endloop
  endfacet
  facet normal 0 0 1
    outer loop
      vertex 8.24 19.9883 2
      vertex 8.24 11.7917 2
      vertex 8.54502 11.9421 2
    endloop
  endfacet
  facet normal 0 0 1
    outer loop
      vertex 7.95722 20.1773 2
      vertex 8.24 11.7917 2
      vertex 8.24 19.9883 2
    endloop
  endfacet
  facet normal 0 0 1
    outer loop
      vertex 7.95722 20.1773 2
      vertex 7.95722 11.6027 2
      vertex 8.24 11.7917 2
    endloop
  endfacet
  facet normal 0 0 1
    outer loop
      vertex 7.70152 20.4015 2
      vertex 7.95722 11.6027 2
      vertex 7.95722 20.1773 2
    endloop
  endfacet
  facet normal 0 0 1
    outer loop
      vertex 7.70152 20.4015 2
      vertex 7.70152 11.3785 2
      vertex 7.95722 11.6027 2
    endloop
  endfacet
  facet normal 0 0 1
    outer loop
      vertex 7.47728 20.6572 2
      vertex 7.70152 11.3785 2
      vertex 7.70152 20.4015 2
    endloop
  endfacet
  facet normal 0 0 1
    outer loop
      vertex 7.47728 20.6572 2
      vertex 7.47728 11.1228 2
      vertex 7.70152 11.3785 2
    endloop
  endfacet
  facet normal 0 0 1
    outer loop
      vertex 7.28833 20.94 2
      vertex 7.47728 11.1228 2
      vertex 7.47728 20.6572 2
    endloop
  endfacet
  facet normal 0 0 1
    outer loop
      vertex 7.28833 20.94 2
      vertex 7.28833 10.84 2
      vertex 7.47728 11.1228 2
    endloop
  endfacet
  facet normal 0 0 1
    outer loop
      vertex 2.7 6.79808 2
      vertex 7.28833 20.94 2
      vertex 7.13791 21.245 2
    endloop
  endfacet
  facet normal 0 0 1
    outer loop
      vertex 7.28833 20.94 2
      vertex 3.05195 6.97164 2
      vertex 7.28833 10.84 2
    endloop
  endfacet
  facet normal 0 0 1
    outer loop
      vertex 2.37372 6.58006 2
      vertex 7.13791 21.245 2
      vertex 7.02859 21.5671 2
    endloop
  endfacet
  facet normal 0 0 1
    outer loop
      vertex 7.28833 10.84 2
      vertex 3.05195 6.97164 2
      vertex 7.13791 10.535 2
    endloop
  endfacet
  facet normal 0 0 1
    outer loop
      vertex 2 29.18 2
      vertex 7.02859 21.5671 2
      vertex 6.96224 21.9006 2
    endloop
  endfacet
  facet normal 0 -0 1
    outer loop
      vertex 3.42354 7.09778 2
      vertex 7.13791 10.535 2
      vertex 3.05195 6.97164 2
    endloop
  endfacet
  facet normal 0 0 1
    outer loop
      vertex 2 29.18 2
      vertex 6.96224 21.9006 2
      vertex 6.94 22.24 2
    endloop
  endfacet
  facet normal 0 0 1
    outer loop
      vertex 7.13791 10.535 2
      vertex 3.42354 7.09778 2
      vertex 7.02859 10.2129 2
    endloop
  endfacet
  facet normal 0 0 1
    outer loop
      vertex 32.8199 25.7537 2
      vertex 31.9227 23.8228 2
      vertex 32.1117 23.54 2
    endloop
  endfacet
  facet normal 0 0 1
    outer loop
      vertex 29.5206 24.8178 2
      vertex 32.2 27.58 2
      vertex 32.2257 27.9716 2
    endloop
  endfacet
  facet normal 0 0 1
    outer loop
      vertex 32.2257 27.1884 2
      vertex 31.6985 24.0785 2
      vertex 31.9227 23.8228 2
    endloop
  endfacet
  facet normal 0 0 1
    outer loop
      vertex 32.2257 27.1884 2
      vertex 31.4428 24.3027 2
      vertex 31.6985 24.0785 2
    endloop
  endfacet
  facet normal 0 0 1
    outer loop
      vertex 29.1871 24.7514 2
      vertex 32.2257 27.9716 2
      vertex 32.3022 28.3565 2
    endloop
  endfacet
  facet normal 0 0 1
    outer loop
      vertex 32.2257 27.1884 2
      vertex 31.16 24.4917 2
      vertex 31.4428 24.3027 2
    endloop
  endfacet
  facet normal 0 0 1
    outer loop
      vertex 32.2257 27.1884 2
      vertex 30.855 24.6421 2
      vertex 31.16 24.4917 2
    endloop
  endfacet
  facet normal 0 0 1
    outer loop
      vertex 28.865 24.6421 2
      vertex 32.3022 28.3565 2
      vertex 32.4284 28.7281 2
    endloop
  endfacet
  facet normal 0 0 1
    outer loop
      vertex 32.2257 27.1884 2
      vertex 30.5329 24.7514 2
      vertex 30.855 24.6421 2
    endloop
  endfacet
  facet normal 0 0 1
    outer loop
      vertex 32.2257 27.1884 2
      vertex 30.1994 24.8178 2
      vertex 30.5329 24.7514 2
    endloop
  endfacet
  facet normal 0 0 1
    outer loop
      vertex 28.56 24.4917 2
      vertex 32.4284 28.7281 2
      vertex 32.6019 29.08 2
    endloop
  endfacet
  facet normal 0 0 1
    outer loop
      vertex 32.2257 27.1884 2
      vertex 29.86 24.84 2
      vertex 30.1994 24.8178 2
    endloop
  endfacet
  facet normal 0 0 1
    outer loop
      vertex 32.2 27.58 2
      vertex 29.5206 24.8178 2
      vertex 29.86 24.84 2
    endloop
  endfacet
  facet normal 0 0 1
    outer loop
      vertex 10.84 24.4917 2
      vertex 32.6019 29.08 2
      vertex 32.8199 29.4063 2
    endloop
  endfacet
  facet normal 0 0 1
    outer loop
      vertex 32.2257 27.9716 2
      vertex 29.1871 24.7514 2
      vertex 29.5206 24.8178 2
    endloop
  endfacet
  facet normal 0 0 1
    outer loop
      vertex 32.3022 28.3565 2
      vertex 28.865 24.6421 2
      vertex 29.1871 24.7514 2
    endloop
  endfacet
  facet normal 0 0 1
    outer loop
      vertex 32.4284 28.7281 2
      vertex 28.56 24.4917 2
      vertex 28.865 24.6421 2
    endloop
  endfacet
  facet normal 0 0 1
    outer loop
      vertex 32.6019 29.08 2
      vertex 28.2772 24.3027 2
      vertex 28.56 24.4917 2
    endloop
  endfacet
  facet normal 0 0 1
    outer loop
      vertex 10.535 24.6421 2
      vertex 32.8199 29.4063 2
      vertex 33.0787 29.7013 2
    endloop
  endfacet
  facet normal 0 0 1
    outer loop
      vertex 32.6019 29.08 2
      vertex 11.1228 24.3027 2
      vertex 28.2772 24.3027 2
    endloop
  endfacet
  facet normal 0 0 1
    outer loop
      vertex 27.3486 10.2129 2
      vertex 12.14 9.54 2
      vertex 27.2822 9.87937 2
    endloop
  endfacet
  facet normal 0 0 1
    outer loop
      vertex 27.2822 22.5794 2
      vertex 12.14 22.24 2
      vertex 27.26 22.24 2
    endloop
  endfacet
  facet normal 0 0 1
    outer loop
      vertex 12.1178 22.5794 2
      vertex 27.2822 22.5794 2
      vertex 27.3486 22.9129 2
    endloop
  endfacet
  facet normal 0 0 1
    outer loop
      vertex 12.0514 22.9129 2
      vertex 27.3486 22.9129 2
      vertex 27.4579 23.235 2
    endloop
  endfacet
  facet normal 0 0 1
    outer loop
      vertex 11.9421 23.235 2
      vertex 27.4579 23.235 2
      vertex 27.6083 23.54 2
    endloop
  endfacet
  facet normal 0 0 1
    outer loop
      vertex 11.7917 23.54 2
      vertex 27.6083 23.54 2
      vertex 27.7973 23.8228 2
    endloop
  endfacet
  facet normal 0 0 1
    outer loop
      vertex 11.6027 23.8228 2
      vertex 27.7973 23.8228 2
      vertex 28.0215 24.0785 2
    endloop
  endfacet
  facet normal 0 0 1
    outer loop
      vertex 28.2772 24.3027 2
      vertex 11.1228 24.3027 2
      vertex 28.0215 24.0785 2
    endloop
  endfacet
  facet normal -0 0 1
    outer loop
      vertex 2.6 29.78 2
      vertex 33.0787 29.7013 2
      vertex 33.1684 29.78 2
    endloop
  endfacet
  facet normal 0 0 1
    outer loop
      vertex 27.2822 22.5794 2
      vertex 12.1178 22.5794 2
      vertex 12.14 22.24 2
    endloop
  endfacet
  facet normal 0 0 1
    outer loop
      vertex 27.3486 22.9129 2
      vertex 12.0514 22.9129 2
      vertex 12.1178 22.5794 2
    endloop
  endfacet
  facet normal 0 0 1
    outer loop
      vertex 27.4579 23.235 2
      vertex 11.9421 23.235 2
      vertex 12.0514 22.9129 2
    endloop
  endfacet
  facet normal 0 0 1
    outer loop
      vertex 27.6083 23.54 2
      vertex 11.7917 23.54 2
      vertex 11.9421 23.235 2
    endloop
  endfacet
  facet normal 0 0 1
    outer loop
      vertex 27.7973 23.8228 2
      vertex 11.6027 23.8228 2
      vertex 11.7917 23.54 2
    endloop
  endfacet
  facet normal 0 0 1
    outer loop
      vertex 28.0215 24.0785 2
      vertex 11.3785 24.0785 2
      vertex 11.6027 23.8228 2
    endloop
  endfacet
  facet normal 0 0 1
    outer loop
      vertex 28.0215 24.0785 2
      vertex 11.1228 24.3027 2
      vertex 11.3785 24.0785 2
    endloop
  endfacet
  facet normal 0 0 1
    outer loop
      vertex 32.6019 29.08 2
      vertex 10.84 24.4917 2
      vertex 11.1228 24.3027 2
    endloop
  endfacet
  facet normal 0 0 1
    outer loop
      vertex 32.8199 29.4063 2
      vertex 10.535 24.6421 2
      vertex 10.84 24.4917 2
    endloop
  endfacet
  facet normal 0 0 1
    outer loop
      vertex 33.0787 29.7013 2
      vertex 2.6 29.78 2
      vertex 10.535 24.6421 2
    endloop
  endfacet
  facet normal 0 0 1
    outer loop
      vertex 10.535 24.6421 2
      vertex 2.6 29.78 2
      vertex 10.2129 24.7514 2
    endloop
  endfacet
  facet normal 0 0 1
    outer loop
      vertex 10.2129 24.7514 2
      vertex 2.6 29.78 2
      vertex 9.87937 24.8178 2
    endloop
  endfacet
  facet normal 0 0 1
    outer loop
      vertex 9.87937 24.8178 2
      vertex 2.6 29.78 2
      vertex 9.54 24.84 2
    endloop
  endfacet
  facet normal 0 0 1
    outer loop
      vertex 9.54 24.84 2
      vertex 2.6 29.78 2
      vertex 9.20063 24.8178 2
    endloop
  endfacet
  facet normal 0 -0 1
    outer loop
      vertex 3.80842 7.17433 2
      vertex 7.02859 10.2129 2
      vertex 3.42354 7.09778 2
    endloop
  endfacet
  facet normal 0 0 1
    outer loop
      vertex 7.47728 7.95722 2
      vertex 6.58006 6.02628 2
      vertex 6.79808 5.7 2
    endloop
  endfacet
  facet normal 0 0 1
    outer loop
      vertex 7.47728 7.95722 2
      vertex 6.32132 6.32132 2
      vertex 6.58006 6.02628 2
    endloop
  endfacet
  facet normal 0 0 1
    outer loop
      vertex 7.47728 7.95722 2
      vertex 6.02628 6.58006 2
      vertex 6.32132 6.32132 2
    endloop
  endfacet
  facet normal 0 0 1
    outer loop
      vertex 7.28833 8.24 2
      vertex 5.7 6.79808 2
      vertex 6.02628 6.58006 2
    endloop
  endfacet
  facet normal 0 0 1
    outer loop
      vertex 2 29.18 2
      vertex 6.94 22.24 2
      vertex 6.96224 22.5794 2
    endloop
  endfacet
  facet normal 0 0 1
    outer loop
      vertex 7.13791 8.54502 2
      vertex 5.34805 6.97164 2
      vertex 5.7 6.79808 2
    endloop
  endfacet
  facet normal 0 0 1
    outer loop
      vertex 7.02859 8.86707 2
      vertex 4.97646 7.09778 2
      vertex 5.34805 6.97164 2
    endloop
  endfacet
  facet normal 0 0 1
    outer loop
      vertex 6.96224 9.20063 2
      vertex 4.59158 7.17433 2
      vertex 4.97646 7.09778 2
    endloop
  endfacet
  facet normal 0 0 1
    outer loop
      vertex 6.94 9.54 2
      vertex 4.2 7.2 2
      vertex 4.59158 7.17433 2
    endloop
  endfacet
  facet normal 0 0 1
    outer loop
      vertex 6.96224 9.87937 2
      vertex 4.2 7.2 2
      vertex 6.94 9.54 2
    endloop
  endfacet
  facet normal 0 0 1
    outer loop
      vertex 2 29.18 2
      vertex 6.96224 22.5794 2
      vertex 7.02859 22.9129 2
    endloop
  endfacet
  facet normal 0 -0 1
    outer loop
      vertex 4.2 7.2 2
      vertex 6.96224 9.87937 2
      vertex 3.80842 7.17433 2
    endloop
  endfacet
  facet normal 0 0 1
    outer loop
      vertex 7.02859 10.2129 2
      vertex 3.80842 7.17433 2
      vertex 6.96224 9.87937 2
    endloop
  endfacet
  facet normal 0 0 1
    outer loop
      vertex 7.28833 20.94 2
      vertex 2.7 6.79808 2
      vertex 3.05195 6.97164 2
    endloop
  endfacet
  facet normal 0 0 1
    outer loop
      vertex 9.20063 24.8178 2
      vertex 2.6 29.78 2
      vertex 8.86707 24.7514 2
    endloop
  endfacet
  facet normal 0 0 1
    outer loop
      vertex 2.6 29.78 2
      vertex 8.54502 24.6421 2
      vertex 8.86707 24.7514 2
    endloop
  endfacet
  facet normal 0 0 1
    outer loop
      vertex 2.6 29.78 2
      vertex 8.24 24.4917 2
      vertex 8.54502 24.6421 2
    endloop
  endfacet
  facet normal 0 0 1
    outer loop
      vertex 2.6 29.78 2
      vertex 7.95722 24.3027 2
      vertex 8.24 24.4917 2
    endloop
  endfacet
  facet normal 0 0 1
    outer loop
      vertex 2.6 29.78 2
      vertex 7.70152 24.0785 2
      vertex 7.95722 24.3027 2
    endloop
  endfacet
  facet normal -0 0 1
    outer loop
      vertex 2 29.18 2
      vertex 7.70152 24.0785 2
      vertex 2.6 29.78 2
    endloop
  endfacet
  facet normal 0 0 1
    outer loop
      vertex 7.70152 24.0785 2
      vertex 2 29.18 2
      vertex 7.47728 23.8228 2
    endloop
  endfacet
  facet normal 0 0 1
    outer loop
      vertex 7.47728 23.8228 2
      vertex 2 29.18 2
      vertex 7.28833 23.54 2
    endloop
  endfacet
  facet normal 0 0 1
    outer loop
      vertex 7.28833 23.54 2
      vertex 2 29.18 2
      vertex 7.13791 23.235 2
    endloop
  endfacet
  facet normal 0 0 1
    outer loop
      vertex 7.13791 23.235 2
      vertex 2 29.18 2
      vertex 7.02859 22.9129 2
    endloop
  endfacet
  facet normal 0 0 1
    outer loop
      vertex 2 29.18 2
      vertex 2.6 29.78 2
      vertex 2.52168 29.7749 2
    endloop
  endfacet
  facet normal 0 0 1
    outer loop
      vertex 2 29.18 2
      vertex 2.52168 29.7749 2
      vertex 2.44471 29.7596 2
    endloop
  endfacet
  facet normal 0 0 1
    outer loop
      vertex 7.02859 21.5671 2
      vertex 2 29.18 2
      vertex 2.37372 6.58006 2
    endloop
  endfacet
  facet normal 0 0 1
    outer loop
      vertex 2 29.18 2
      vertex 2.44471 29.7596 2
      vertex 2.37039 29.7343 2
    endloop
  endfacet
  facet normal 0 0 1
    outer loop
      vertex 2 29.18 2
      vertex 2.37039 29.7343 2
      vertex 2.3 29.6996 2
    endloop
  endfacet
  facet normal 0 0 1
    outer loop
      vertex 2 29.18 2
      vertex 2.3 29.6996 2
      vertex 2.23474 29.656 2
    endloop
  endfacet
  facet normal 0 0 1
    outer loop
      vertex 2 29.18 2
      vertex 2.23474 29.656 2
      vertex 2.17574 29.6043 2
    endloop
  endfacet
  facet normal 0 0 1
    outer loop
      vertex 2 29.18 2
      vertex 2.17574 29.6043 2
      vertex 2.12399 29.5453 2
    endloop
  endfacet
  facet normal 0 0 1
    outer loop
      vertex 2 29.18 2
      vertex 2.12399 29.5453 2
      vertex 2.08038 29.48 2
    endloop
  endfacet
  facet normal 0 0 1
    outer loop
      vertex 7.13791 21.245 2
      vertex 2.37372 6.58006 2
      vertex 2.7 6.79808 2
    endloop
  endfacet
  facet normal 0 0 1
    outer loop
      vertex 2 29.18 2
      vertex 2.08038 29.48 2
      vertex 2.04567 29.4096 2
    endloop
  endfacet
  facet normal 0 0 1
    outer loop
      vertex 2 29.18 2
      vertex 2.04567 29.4096 2
      vertex 2.02044 29.3353 2
    endloop
  endfacet
  facet normal 0 0 1
    outer loop
      vertex 2 29.18 2
      vertex 2.02044 29.3353 2
      vertex 2.00513 29.2583 2
    endloop
  endfacet
  facet normal 0 0 1
    outer loop
      vertex 2.37372 6.58006 2
      vertex 2 29.18 2
      vertex 2.07868 6.32132 2
    endloop
  endfacet
  facet normal 0 0 1
    outer loop
      vertex 2.07868 6.32132 2
      vertex 2 29.18 2
      vertex 2 6.2316 2
    endloop
  endfacet
  facet normal 0 0 1
    outer loop
      vertex 32.2621 21.245 2
      vertex 35.9765 24.6822 2
      vertex 32.3714 21.5671 2
    endloop
  endfacet
  facet normal 0 0 1
    outer loop
      vertex 36.348 24.8084 2
      vertex 32.4378 9.87937 2
      vertex 32.46 9.54 2
    endloop
  endfacet
  facet normal -0 0 1
    outer loop
      vertex 35.9765 24.6822 2
      vertex 32.2621 21.245 2
      vertex 36.348 24.8084 2
    endloop
  endfacet
  facet normal 0 0 1
    outer loop
      vertex 36.348 24.8084 2
      vertex 32.3714 10.2129 2
      vertex 32.4378 9.87937 2
    endloop
  endfacet
  facet normal 0 0 1
    outer loop
      vertex 32.1117 20.94 2
      vertex 36.348 24.8084 2
      vertex 32.2621 21.245 2
    endloop
  endfacet
  facet normal 0 0 1
    outer loop
      vertex 36.348 24.8084 2
      vertex 32.2621 10.535 2
      vertex 32.3714 10.2129 2
    endloop
  endfacet
  facet normal 0 0 1
    outer loop
      vertex 32.1117 10.84 2
      vertex 36.348 24.8084 2
      vertex 32.1117 20.94 2
    endloop
  endfacet
  facet normal 0 0 1
    outer loop
      vertex 36.348 24.8084 2
      vertex 32.1117 10.84 2
      vertex 32.2621 10.535 2
    endloop
  endfacet
  facet normal -0 0 1
    outer loop
      vertex 31.9227 20.6572 2
      vertex 32.1117 10.84 2
      vertex 32.1117 20.94 2
    endloop
  endfacet
  facet normal 0 0 1
    outer loop
      vertex 31.9227 20.6572 2
      vertex 31.9227 11.1228 2
      vertex 32.1117 10.84 2
    endloop
  endfacet
  facet normal -0 0 1
    outer loop
      vertex 31.6985 20.4015 2
      vertex 31.9227 11.1228 2
      vertex 31.9227 20.6572 2
    endloop
  endfacet
  facet normal 0 0 1
    outer loop
      vertex 31.6985 20.4015 2
      vertex 31.6985 11.3785 2
      vertex 31.9227 11.1228 2
    endloop
  endfacet
  facet normal -0 0 1
    outer loop
      vertex 31.4428 20.1773 2
      vertex 31.6985 11.3785 2
      vertex 31.6985 20.4015 2
    endloop
  endfacet
  facet normal 0 0 1
    outer loop
      vertex 31.4428 20.1773 2
      vertex 31.4428 11.6027 2
      vertex 31.6985 11.3785 2
    endloop
  endfacet
  facet normal -0 0 1
    outer loop
      vertex 31.16 19.9883 2
      vertex 31.4428 11.6027 2
      vertex 31.4428 20.1773 2
    endloop
  endfacet
  facet normal 0 0 1
    outer loop
      vertex 31.16 19.9883 2
      vertex 31.16 11.7917 2
      vertex 31.4428 11.6027 2
    endloop
  endfacet
  facet normal -0 0 1
    outer loop
      vertex 30.855 19.8379 2
      vertex 31.16 11.7917 2
      vertex 31.16 19.9883 2
    endloop
  endfacet
  facet normal 0 0 1
    outer loop
      vertex 30.855 19.8379 2
      vertex 30.855 11.9421 2
      vertex 31.16 11.7917 2
    endloop
  endfacet
  facet normal -0 0 1
    outer loop
      vertex 30.5329 19.7286 2
      vertex 30.855 11.9421 2
      vertex 30.855 19.8379 2
    endloop
  endfacet
  facet normal 0 0 1
    outer loop
      vertex 30.5329 19.7286 2
      vertex 30.5329 12.0514 2
      vertex 30.855 11.9421 2
    endloop
  endfacet
  facet normal -0 0 1
    outer loop
      vertex 30.1994 19.6622 2
      vertex 30.5329 12.0514 2
      vertex 30.5329 19.7286 2
    endloop
  endfacet
  facet normal 0 0 1
    outer loop
      vertex 30.1994 19.6622 2
      vertex 30.1994 12.1178 2
      vertex 30.5329 12.0514 2
    endloop
  endfacet
  facet normal -0 0 1
    outer loop
      vertex 29.86 19.64 2
      vertex 30.1994 12.1178 2
      vertex 30.1994 19.6622 2
    endloop
  endfacet
  facet normal 0 0 1
    outer loop
      vertex 29.86 19.64 2
      vertex 29.86 12.14 2
      vertex 30.1994 12.1178 2
    endloop
  endfacet
  facet normal 0 0 1
    outer loop
      vertex 29.5206 19.6622 2
      vertex 29.86 12.14 2
      vertex 29.86 19.64 2
    endloop
  endfacet
  facet normal 0 0 1
    outer loop
      vertex 29.5206 19.6622 2
      vertex 29.5206 12.1178 2
      vertex 29.86 12.14 2
    endloop
  endfacet
  facet normal 0 0 1
    outer loop
      vertex 29.1871 19.7286 2
      vertex 29.5206 12.1178 2
      vertex 29.5206 19.6622 2
    endloop
  endfacet
  facet normal 0 0 1
    outer loop
      vertex 29.1871 19.7286 2
      vertex 29.1871 12.0514 2
      vertex 29.5206 12.1178 2
    endloop
  endfacet
  facet normal 0 0 1
    outer loop
      vertex 28.865 19.8379 2
      vertex 29.1871 12.0514 2
      vertex 29.1871 19.7286 2
    endloop
  endfacet
  facet normal 0 0 1
    outer loop
      vertex 28.865 19.8379 2
      vertex 28.865 11.9421 2
      vertex 29.1871 12.0514 2
    endloop
  endfacet
  facet normal 0 0 1
    outer loop
      vertex 28.56 19.9883 2
      vertex 28.865 11.9421 2
      vertex 28.865 19.8379 2
    endloop
  endfacet
  facet normal 0 0 1
    outer loop
      vertex 28.56 19.9883 2
      vertex 28.56 11.7917 2
      vertex 28.865 11.9421 2
    endloop
  endfacet
  facet normal 0 0 1
    outer loop
      vertex 28.2772 20.1773 2
      vertex 28.56 11.7917 2
      vertex 28.56 19.9883 2
    endloop
  endfacet
  facet normal 0 0 1
    outer loop
      vertex 28.2772 20.1773 2
      vertex 28.2772 11.6027 2
      vertex 28.56 11.7917 2
    endloop
  endfacet
  facet normal 0 0 1
    outer loop
      vertex 28.0215 20.4015 2
      vertex 28.2772 11.6027 2
      vertex 28.2772 20.1773 2
    endloop
  endfacet
  facet normal 0 0 1
    outer loop
      vertex 28.0215 20.4015 2
      vertex 28.0215 11.3785 2
      vertex 28.2772 11.6027 2
    endloop
  endfacet
  facet normal 0 0 1
    outer loop
      vertex 27.7973 20.6572 2
      vertex 28.0215 11.3785 2
      vertex 28.0215 20.4015 2
    endloop
  endfacet
  facet normal 0 0 1
    outer loop
      vertex 27.7973 20.6572 2
      vertex 27.7973 11.1228 2
      vertex 28.0215 11.3785 2
    endloop
  endfacet
  facet normal 0 0 1
    outer loop
      vertex 27.6083 20.94 2
      vertex 27.7973 11.1228 2
      vertex 27.7973 20.6572 2
    endloop
  endfacet
  facet normal 0 0 1
    outer loop
      vertex 27.6083 20.94 2
      vertex 27.6083 10.84 2
      vertex 27.7973 11.1228 2
    endloop
  endfacet
  facet normal 0 0 1
    outer loop
      vertex 12.0514 21.5671 2
      vertex 27.3486 21.5671 2
      vertex 12.1178 21.9006 2
    endloop
  endfacet
  facet normal 0 0 1
    outer loop
      vertex 27.3486 21.5671 2
      vertex 12.0514 21.5671 2
      vertex 27.4579 21.245 2
    endloop
  endfacet
  facet normal 0 0 1
    outer loop
      vertex 27.2822 21.9006 2
      vertex 12.1178 21.9006 2
      vertex 27.3486 21.5671 2
    endloop
  endfacet
  facet normal 0 0 1
    outer loop
      vertex 11.9421 21.245 2
      vertex 27.4579 21.245 2
      vertex 12.0514 21.5671 2
    endloop
  endfacet
  facet normal 0 0 1
    outer loop
      vertex 12.1178 21.9006 2
      vertex 27.2822 21.9006 2
      vertex 12.14 22.24 2
    endloop
  endfacet
  facet normal 0 0 1
    outer loop
      vertex 27.6083 10.84 2
      vertex 12.14 9.54 2
      vertex 27.4579 10.535 2
    endloop
  endfacet
  facet normal -0 0 1
    outer loop
      vertex 12.14 22.24 2
      vertex 27.2822 21.9006 2
      vertex 27.26 22.24 2
    endloop
  endfacet
  facet normal 0 0 1
    outer loop
      vertex 27.4579 10.535 2
      vertex 12.14 9.54 2
      vertex 27.3486 10.2129 2
    endloop
  endfacet
  facet normal 0 0 1
    outer loop
      vertex 34.8084 24.6057 2
      vertex 32.4378 22.5794 2
      vertex 32.46 22.24 2
    endloop
  endfacet
  facet normal 0 0 1
    outer loop
      vertex 31.9227 23.8228 2
      vertex 32.6019 26.08 2
      vertex 32.4284 26.4319 2
    endloop
  endfacet
  facet normal 0 0 1
    outer loop
      vertex 32.8199 25.7537 2
      vertex 32.3714 22.9129 2
      vertex 32.4378 22.5794 2
    endloop
  endfacet
  facet normal 0 0 1
    outer loop
      vertex 31.9227 23.8228 2
      vertex 32.4284 26.4319 2
      vertex 32.3022 26.8035 2
    endloop
  endfacet
  facet normal 0 0 1
    outer loop
      vertex 32.8199 25.7537 2
      vertex 32.2621 23.235 2
      vertex 32.3714 22.9129 2
    endloop
  endfacet
  facet normal 0 0 1
    outer loop
      vertex 31.9227 23.8228 2
      vertex 32.3022 26.8035 2
      vertex 32.2257 27.1884 2
    endloop
  endfacet
  facet normal 0 0 1
    outer loop
      vertex 29.86 24.84 2
      vertex 32.2257 27.1884 2
      vertex 32.2 27.58 2
    endloop
  endfacet
  facet normal 0 0 1
    outer loop
      vertex 32.8199 25.7537 2
      vertex 32.1117 23.54 2
      vertex 32.2621 23.235 2
    endloop
  endfacet
  facet normal -0 0 1
    outer loop
      vertex 37.3213 25.4587 2
      vertex 37.4 2.6 2
      vertex 37.4 25.5484 2
    endloop
  endfacet
  facet normal -0 0 1
    outer loop
      vertex 37.0263 25.1999 2
      vertex 37.4 2.6 2
      vertex 37.3213 25.4587 2
    endloop
  endfacet
  facet normal -0 0 1
    outer loop
      vertex 32.46 9.54 2
      vertex 37.4 2.6 2
      vertex 37.0263 25.1999 2
    endloop
  endfacet
  facet normal -0 0 1
    outer loop
      vertex 32.4378 9.20063 2
      vertex 37.4 2.6 2
      vertex 32.46 9.54 2
    endloop
  endfacet
  facet normal -0 0 1
    outer loop
      vertex 32.3714 8.86707 2
      vertex 37.4 2.6 2
      vertex 32.4378 9.20063 2
    endloop
  endfacet
  facet normal -0 0 1
    outer loop
      vertex 32.2621 8.54502 2
      vertex 37.4 2.6 2
      vertex 32.3714 8.86707 2
    endloop
  endfacet
  facet normal -0 0 1
    outer loop
      vertex 32.1117 8.24 2
      vertex 37.4 2.6 2
      vertex 32.2621 8.54502 2
    endloop
  endfacet
  facet normal -0 0 1
    outer loop
      vertex 31.9227 7.95722 2
      vertex 37.4 2.6 2
      vertex 32.1117 8.24 2
    endloop
  endfacet
  facet normal -0 0 1
    outer loop
      vertex 31.6985 7.70152 2
      vertex 37.4 2.6 2
      vertex 31.9227 7.95722 2
    endloop
  endfacet
  facet normal 0 -0 1
    outer loop
      vertex 36.8 2 2
      vertex 37.4 2.6 2
      vertex 31.6985 7.70152 2
    endloop
  endfacet
  facet normal 0 0 1
    outer loop
      vertex 37.3949 2.52168 2
      vertex 36.8 2 2
      vertex 37.3796 2.44471 2
    endloop
  endfacet
  facet normal 0 0 1
    outer loop
      vertex 37.3796 2.44471 2
      vertex 36.8 2 2
      vertex 37.3543 2.37039 2
    endloop
  endfacet
  facet normal 0 0 1
    outer loop
      vertex 37.3543 2.37039 2
      vertex 36.8 2 2
      vertex 37.3196 2.3 2
    endloop
  endfacet
  facet normal 0 0 1
    outer loop
      vertex 37.276 2.23474 2
      vertex 36.8 2 2
      vertex 37.2243 2.17574 2
    endloop
  endfacet
  facet normal 0 0 1
    outer loop
      vertex 32.46 9.54 2
      vertex 37.0263 25.1999 2
      vertex 36.7 24.9819 2
    endloop
  endfacet
  facet normal 0 0 1
    outer loop
      vertex 32.46 9.54 2
      vertex 36.7 24.9819 2
      vertex 36.348 24.8084 2
    endloop
  endfacet
  facet normal 0 0 1
    outer loop
      vertex 32.3714 21.5671 2
      vertex 35.5916 24.6057 2
      vertex 32.4378 21.9006 2
    endloop
  endfacet
  facet normal -0 0 1
    outer loop
      vertex 35.2 24.58 2
      vertex 32.4378 21.9006 2
      vertex 35.5916 24.6057 2
    endloop
  endfacet
  facet normal 0 0 1
    outer loop
      vertex 32.4378 21.9006 2
      vertex 35.2 24.58 2
      vertex 32.46 22.24 2
    endloop
  endfacet
  facet normal 0 0 1
    outer loop
      vertex 32.46 22.24 2
      vertex 35.2 24.58 2
      vertex 34.8084 24.6057 2
    endloop
  endfacet
  facet normal 0 0 1
    outer loop
      vertex 32.4378 22.5794 2
      vertex 34.8084 24.6057 2
      vertex 34.4235 24.6822 2
    endloop
  endfacet
  facet normal 0 0 1
    outer loop
      vertex 32.4378 22.5794 2
      vertex 34.4235 24.6822 2
      vertex 34.0519 24.8084 2
    endloop
  endfacet
  facet normal 0 0 1
    outer loop
      vertex 32.4378 22.5794 2
      vertex 34.0519 24.8084 2
      vertex 33.7 24.9819 2
    endloop
  endfacet
  facet normal 0 0 1
    outer loop
      vertex 32.4378 22.5794 2
      vertex 33.7 24.9819 2
      vertex 33.3737 25.1999 2
    endloop
  endfacet
  facet normal 0 0 1
    outer loop
      vertex 32.4378 22.5794 2
      vertex 33.3737 25.1999 2
      vertex 33.0787 25.4587 2
    endloop
  endfacet
  facet normal 0 0 1
    outer loop
      vertex 32.4378 22.5794 2
      vertex 33.0787 25.4587 2
      vertex 32.8199 25.7537 2
    endloop
  endfacet
  facet normal 0 0 1
    outer loop
      vertex 31.9227 23.8228 2
      vertex 32.8199 25.7537 2
      vertex 32.6019 26.08 2
    endloop
  endfacet
  facet normal -0 0 1
    outer loop
      vertex 35.5916 24.6057 2
      vertex 32.3714 21.5671 2
      vertex 35.9765 24.6822 2
    endloop
  endfacet
  facet normal 0 0 1
    outer loop
      vertex 37.2243 2.17574 2
      vertex 36.8 2 2
      vertex 37.1653 2.12399 2
    endloop
  endfacet
  facet normal 0 0 1
    outer loop
      vertex 37.1653 2.12399 2
      vertex 36.8 2 2
      vertex 37.1 2.08038 2
    endloop
  endfacet
  facet normal 0 0 1
    outer loop
      vertex 37.0296 2.04567 2
      vertex 36.8 2 2
      vertex 36.9553 2.02044 2
    endloop
  endfacet
  facet normal 0 0 1
    outer loop
      vertex 36.9553 2.02044 2
      vertex 36.8 2 2
      vertex 36.8783 2.00513 2
    endloop
  endfacet
  facet normal 0 0 1
    outer loop
      vertex 37.1 2.08038 2
      vertex 36.8 2 2
      vertex 37.0296 2.04567 2
    endloop
  endfacet
  facet normal 0 0 1
    outer loop
      vertex 37.3196 2.3 2
      vertex 36.8 2 2
      vertex 37.276 2.23474 2
    endloop
  endfacet
  facet normal 0 0 1
    outer loop
      vertex 37.4 2.6 2
      vertex 36.8 2 2
      vertex 37.3949 2.52168 2
    endloop
  endfacet
  facet normal -0 0 1
    outer loop
      vertex 31.4428 7.47728 2
      vertex 36.8 2 2
      vertex 31.6985 7.70152 2
    endloop
  endfacet
  facet normal -0 0 1
    outer loop
      vertex 31.16 7.28833 2
      vertex 36.8 2 2
      vertex 31.4428 7.47728 2
    endloop
  endfacet
  facet normal -0 0 1
    outer loop
      vertex 30.855 7.13791 2
      vertex 36.8 2 2
      vertex 31.16 7.28833 2
    endloop
  endfacet
  facet normal -0 0 1
    outer loop
      vertex 30.5329 7.02859 2
      vertex 36.8 2 2
      vertex 30.855 7.13791 2
    endloop
  endfacet
  facet normal -0 0 1
    outer loop
      vertex 30.1994 6.96224 2
      vertex 36.8 2 2
      vertex 30.5329 7.02859 2
    endloop
  endfacet
  facet normal -0 0 1
    outer loop
      vertex 29.86 6.94 2
      vertex 36.8 2 2
      vertex 30.1994 6.96224 2
    endloop
  endfacet
  facet normal 0 0 1
    outer loop
      vertex 29.5206 6.96224 2
      vertex 36.8 2 2
      vertex 29.86 6.94 2
    endloop
  endfacet
  facet normal 0 0 1
    outer loop
      vertex 29.1871 7.02859 2
      vertex 36.8 2 2
      vertex 29.5206 6.96224 2
    endloop
  endfacet
  facet normal 0 0 1
    outer loop
      vertex 28.865 7.13791 2
      vertex 36.8 2 2
      vertex 29.1871 7.02859 2
    endloop
  endfacet
  facet normal 0 0 1
    outer loop
      vertex 6.58006 2.37372 2
      vertex 28.865 7.13791 2
      vertex 28.56 7.28833 2
    endloop
  endfacet
  facet normal 0 0 1
    outer loop
      vertex 27.2822 9.87937 2
      vertex 12.14 9.54 2
      vertex 27.26 9.54 2
    endloop
  endfacet
  facet normal 0 0 1
    outer loop
      vertex 27.26 9.54 2
      vertex 12.14 9.54 2
      vertex 27.2822 9.20063 2
    endloop
  endfacet
  facet normal 0 0 1
    outer loop
      vertex 12.1178 9.20063 2
      vertex 27.2822 9.20063 2
      vertex 12.14 9.54 2
    endloop
  endfacet
  facet normal 0 0 1
    outer loop
      vertex 27.2822 9.20063 2
      vertex 12.1178 9.20063 2
      vertex 27.3486 8.86707 2
    endloop
  endfacet
  facet normal 0 0 1
    outer loop
      vertex 12.0514 8.86707 2
      vertex 27.3486 8.86707 2
      vertex 12.1178 9.20063 2
    endloop
  endfacet
  facet normal 0 0 1
    outer loop
      vertex 27.3486 8.86707 2
      vertex 12.0514 8.86707 2
      vertex 27.4579 8.54502 2
    endloop
  endfacet
  facet normal 0 0 1
    outer loop
      vertex 11.9421 8.54502 2
      vertex 27.4579 8.54502 2
      vertex 12.0514 8.86707 2
    endloop
  endfacet
  facet normal 0 0 1
    outer loop
      vertex 27.4579 8.54502 2
      vertex 11.9421 8.54502 2
      vertex 27.6083 8.24 2
    endloop
  endfacet
  facet normal 0 0 1
    outer loop
      vertex 11.7917 8.24 2
      vertex 27.6083 8.24 2
      vertex 11.9421 8.54502 2
    endloop
  endfacet
  facet normal 0 0 1
    outer loop
      vertex 27.6083 8.24 2
      vertex 11.7917 8.24 2
      vertex 27.7973 7.95722 2
    endloop
  endfacet
  facet normal 0 0 1
    outer loop
      vertex 11.6027 7.95722 2
      vertex 27.7973 7.95722 2
      vertex 11.7917 8.24 2
    endloop
  endfacet
  facet normal 0 0 1
    outer loop
      vertex 27.7973 7.95722 2
      vertex 11.6027 7.95722 2
      vertex 28.0215 7.70152 2
    endloop
  endfacet
  facet normal 0 0 1
    outer loop
      vertex 11.3785 7.70152 2
      vertex 28.0215 7.70152 2
      vertex 11.6027 7.95722 2
    endloop
  endfacet
  facet normal 0 0 1
    outer loop
      vertex 28.0215 7.70152 2
      vertex 11.3785 7.70152 2
      vertex 28.2772 7.47728 2
    endloop
  endfacet
  facet normal 0 0 1
    outer loop
      vertex 11.1228 7.47728 2
      vertex 28.2772 7.47728 2
      vertex 11.3785 7.70152 2
    endloop
  endfacet
  facet normal 0 0 1
    outer loop
      vertex 6.79808 2.7 2
      vertex 28.2772 7.47728 2
      vertex 11.1228 7.47728 2
    endloop
  endfacet
  facet normal 0 0 1
    outer loop
      vertex 28.2772 7.47728 2
      vertex 6.79808 2.7 2
      vertex 28.56 7.28833 2
    endloop
  endfacet
  facet normal 0 0 1
    outer loop
      vertex 6.79808 2.7 2
      vertex 11.1228 7.47728 2
      vertex 10.84 7.28833 2
    endloop
  endfacet
  facet normal 0 0 1
    outer loop
      vertex 6.97164 3.05195 2
      vertex 10.84 7.28833 2
      vertex 10.535 7.13791 2
    endloop
  endfacet
  facet normal 0 0 1
    outer loop
      vertex 7.09778 3.42354 2
      vertex 10.535 7.13791 2
      vertex 10.2129 7.02859 2
    endloop
  endfacet
  facet normal 0 0 1
    outer loop
      vertex 7.17433 3.80842 2
      vertex 10.2129 7.02859 2
      vertex 9.87937 6.96224 2
    endloop
  endfacet
  facet normal 0 0 1
    outer loop
      vertex 7.2 4.2 2
      vertex 9.87937 6.96224 2
      vertex 9.54 6.94 2
    endloop
  endfacet
  facet normal 0 0 1
    outer loop
      vertex 7.17433 4.59158 2
      vertex 9.54 6.94 2
      vertex 9.20063 6.96224 2
    endloop
  endfacet
  facet normal 0 0 1
    outer loop
      vertex 6.02628 6.58006 2
      vertex 7.47728 7.95722 2
      vertex 7.28833 8.24 2
    endloop
  endfacet
  facet normal 0 0 1
    outer loop
      vertex 7.17433 4.59158 2
      vertex 7.70152 7.70152 2
      vertex 7.47728 7.95722 2
    endloop
  endfacet
  facet normal 0 0 1
    outer loop
      vertex 7.17433 4.59158 2
      vertex 7.95722 7.47728 2
      vertex 7.70152 7.70152 2
    endloop
  endfacet
  facet normal 0 0 1
    outer loop
      vertex 7.17433 4.59158 2
      vertex 8.24 7.28833 2
      vertex 7.95722 7.47728 2
    endloop
  endfacet
  facet normal 0 0 1
    outer loop
      vertex 7.17433 4.59158 2
      vertex 8.54502 7.13791 2
      vertex 8.24 7.28833 2
    endloop
  endfacet
  facet normal 0 0 1
    outer loop
      vertex 7.17433 4.59158 2
      vertex 8.86707 7.02859 2
      vertex 8.54502 7.13791 2
    endloop
  endfacet
  facet normal 0 0 1
    outer loop
      vertex 7.17433 4.59158 2
      vertex 9.20063 6.96224 2
      vertex 8.86707 7.02859 2
    endloop
  endfacet
  facet normal 0 0 1
    outer loop
      vertex 9.87937 6.96224 2
      vertex 7.2 4.2 2
      vertex 7.17433 3.80842 2
    endloop
  endfacet
  facet normal 0 0 1
    outer loop
      vertex 10.2129 7.02859 2
      vertex 7.17433 3.80842 2
      vertex 7.09778 3.42354 2
    endloop
  endfacet
  facet normal 0 0 1
    outer loop
      vertex 10.535 7.13791 2
      vertex 7.09778 3.42354 2
      vertex 6.97164 3.05195 2
    endloop
  endfacet
  facet normal 0 0 1
    outer loop
      vertex 10.84 7.28833 2
      vertex 6.97164 3.05195 2
      vertex 6.79808 2.7 2
    endloop
  endfacet
  facet normal 0 0 1
    outer loop
      vertex 6.58006 2.37372 2
      vertex 28.56 7.28833 2
      vertex 6.79808 2.7 2
    endloop
  endfacet
  facet normal 0 0 1
    outer loop
      vertex 28.865 7.13791 2
      vertex 6.58006 2.37372 2
      vertex 6.32132 2.07868 2
    endloop
  endfacet
  facet normal 0 0 1
    outer loop
      vertex 28.865 7.13791 2
      vertex 6.32132 2.07868 2
      vertex 36.8 2 2
    endloop
  endfacet
  facet normal 0 0 1
    outer loop
      vertex 36.8 2 2
      vertex 6.32132 2.07868 2
      vertex 6.2316 2 2
    endloop
  endfacet
  facet normal 0.946897 -0.321537 0
    outer loop
      vertex 2.02044 29.3353 15.6
      vertex 2.04567 29.4096 2
      vertex 2.04567 29.4096 15.6
    endloop
  endfacet
  facet normal 0.946897 -0.321537 0
    outer loop
      vertex 2.04567 29.4096 2
      vertex 2.02044 29.3353 15.6
      vertex 2.02044 29.3353 2
    endloop
  endfacet
  facet normal 0 -1 0
    outer loop
      vertex 19.8682 29.78 8.72785
      vertex 33.1684 29.78 15.6
      vertex 19.7848 29.78 8.74444
    endloop
  endfacet
  facet normal 0 -1 0
    outer loop
      vertex 33.1684 29.78 15.6
      vertex 29.4652 29.78 8.74444
      vertex 29.55 29.78 8.75
    endloop
  endfacet
  facet normal 0 -1 0
    outer loop
      vertex 19.9487 29.78 8.70052
      vertex 33.1684 29.78 15.6
      vertex 19.8682 29.78 8.72785
    endloop
  endfacet
  facet normal 0 -1 0
    outer loop
      vertex 33.1684 29.78 15.6
      vertex 29.3818 29.78 8.72785
      vertex 29.4652 29.78 8.74444
    endloop
  endfacet
  facet normal 0 -1 0
    outer loop
      vertex 20.025 29.78 8.66292
      vertex 33.1684 29.78 15.6
      vertex 19.9487 29.78 8.70052
    endloop
  endfacet
  facet normal 0 -1 0
    outer loop
      vertex 33.1684 29.78 15.6
      vertex 29.3013 29.78 8.70052
      vertex 29.3818 29.78 8.72785
    endloop
  endfacet
  facet normal 0 -1 0
    outer loop
      vertex 29.225 29.78 8.66292
      vertex 33.1684 29.78 15.6
      vertex 20.025 29.78 8.66292
    endloop
  endfacet
  facet normal 0 -1 0
    outer loop
      vertex 33.1684 29.78 15.6
      vertex 29.225 29.78 8.66292
      vertex 29.3013 29.78 8.70052
    endloop
  endfacet
  facet normal 0 -1 0
    outer loop
      vertex 20.0957 29.78 8.61568
      vertex 29.225 29.78 8.66292
      vertex 20.025 29.78 8.66292
    endloop
  endfacet
  facet normal 0 -1 0
    outer loop
      vertex 20.0957 29.78 8.61568
      vertex 29.1543 29.78 8.61568
      vertex 29.225 29.78 8.66292
    endloop
  endfacet
  facet normal 0 -1 0
    outer loop
      vertex 20.1596 29.78 8.55962
      vertex 29.1543 29.78 8.61568
      vertex 20.0957 29.78 8.61568
    endloop
  endfacet
  facet normal 0 -1 0
    outer loop
      vertex 20.1596 29.78 8.55962
      vertex 29.0904 29.78 8.55962
      vertex 29.1543 29.78 8.61568
    endloop
  endfacet
  facet normal 0 -1 0
    outer loop
      vertex 20.2157 29.78 8.49569
      vertex 29.0904 29.78 8.55962
      vertex 20.1596 29.78 8.55962
    endloop
  endfacet
  facet normal 0 -1 0
    outer loop
      vertex 20.2157 29.78 8.49569
      vertex 29.0343 29.78 8.49569
      vertex 29.0904 29.78 8.55962
    endloop
  endfacet
  facet normal 0 -1 0
    outer loop
      vertex 20.2629 29.78 8.425
      vertex 29.0343 29.78 8.49569
      vertex 20.2157 29.78 8.49569
    endloop
  endfacet
  facet normal 0 -1 0
    outer loop
      vertex 20.2629 29.78 8.425
      vertex 28.9871 29.78 8.425
      vertex 29.0343 29.78 8.49569
    endloop
  endfacet
  facet normal 0 -1 0
    outer loop
      vertex 20.3005 29.78 8.34874
      vertex 28.9871 29.78 8.425
      vertex 20.2629 29.78 8.425
    endloop
  endfacet
  facet normal 0 -1 0
    outer loop
      vertex 20.3005 29.78 8.34874
      vertex 28.9495 29.78 8.34874
      vertex 28.9871 29.78 8.425
    endloop
  endfacet
  facet normal 0 -1 0
    outer loop
      vertex 20.3279 29.78 8.26823
      vertex 28.9495 29.78 8.34874
      vertex 20.3005 29.78 8.34874
    endloop
  endfacet
  facet normal 0 -1 0
    outer loop
      vertex 20.3279 29.78 8.26823
      vertex 28.9221 29.78 8.26823
      vertex 28.9495 29.78 8.34874
    endloop
  endfacet
  facet normal 0 -1 0
    outer loop
      vertex 20.3444 29.78 8.18484
      vertex 28.9221 29.78 8.26823
      vertex 20.3279 29.78 8.26823
    endloop
  endfacet
  facet normal 0 -1 0
    outer loop
      vertex 20.3444 29.78 8.18484
      vertex 28.9056 29.78 8.18484
      vertex 28.9221 29.78 8.26823
    endloop
  endfacet
  facet normal 0 -1 0
    outer loop
      vertex 20.35 29.78 8.1
      vertex 28.9056 29.78 8.18484
      vertex 20.3444 29.78 8.18484
    endloop
  endfacet
  facet normal 0 -1 0
    outer loop
      vertex 20.35 29.78 8.1
      vertex 28.9 29.78 8.1
      vertex 28.9056 29.78 8.18484
    endloop
  endfacet
  facet normal 0 -1 0
    outer loop
      vertex 20.35 29.78 4.9
      vertex 28.9 29.78 8.1
      vertex 20.35 29.78 8.1
    endloop
  endfacet
  facet normal 0 -1 0
    outer loop
      vertex 20.35 29.78 4.9
      vertex 28.9 29.78 4.9
      vertex 28.9 29.78 8.1
    endloop
  endfacet
  facet normal 0 -1 0
    outer loop
      vertex 20.3444 29.78 4.81516
      vertex 28.9 29.78 4.9
      vertex 20.35 29.78 4.9
    endloop
  endfacet
  facet normal 0 -1 0
    outer loop
      vertex 20.3444 29.78 4.81516
      vertex 28.9056 29.78 4.81516
      vertex 28.9 29.78 4.9
    endloop
  endfacet
  facet normal 0 -1 0
    outer loop
      vertex 20.3279 29.78 4.73177
      vertex 28.9056 29.78 4.81516
      vertex 20.3444 29.78 4.81516
    endloop
  endfacet
  facet normal 0 -1 0
    outer loop
      vertex 20.3279 29.78 4.73177
      vertex 28.9221 29.78 4.73177
      vertex 28.9056 29.78 4.81516
    endloop
  endfacet
  facet normal 0 -1 0
    outer loop
      vertex 20.3005 29.78 4.65126
      vertex 28.9221 29.78 4.73177
      vertex 20.3279 29.78 4.73177
    endloop
  endfacet
  facet normal 0 -1 0
    outer loop
      vertex 20.3005 29.78 4.65126
      vertex 28.9495 29.78 4.65126
      vertex 28.9221 29.78 4.73177
    endloop
  endfacet
  facet normal 0 -1 0
    outer loop
      vertex 20.2629 29.78 4.575
      vertex 28.9495 29.78 4.65126
      vertex 20.3005 29.78 4.65126
    endloop
  endfacet
  facet normal 0 -1 0
    outer loop
      vertex 20.2629 29.78 4.575
      vertex 28.9871 29.78 4.575
      vertex 28.9495 29.78 4.65126
    endloop
  endfacet
  facet normal 0 -1 0
    outer loop
      vertex 20.2157 29.78 4.50431
      vertex 28.9871 29.78 4.575
      vertex 20.2629 29.78 4.575
    endloop
  endfacet
  facet normal 0 -1 0
    outer loop
      vertex 20.2157 29.78 4.50431
      vertex 29.0343 29.78 4.50431
      vertex 28.9871 29.78 4.575
    endloop
  endfacet
  facet normal 0 -1 0
    outer loop
      vertex 20.1596 29.78 4.44038
      vertex 29.0343 29.78 4.50431
      vertex 20.2157 29.78 4.50431
    endloop
  endfacet
  facet normal 0 -1 0
    outer loop
      vertex 20.1596 29.78 4.44038
      vertex 29.0904 29.78 4.44038
      vertex 29.0343 29.78 4.50431
    endloop
  endfacet
  facet normal 0 -1 0
    outer loop
      vertex 20.0957 29.78 4.38432
      vertex 29.0904 29.78 4.44038
      vertex 20.1596 29.78 4.44038
    endloop
  endfacet
  facet normal 0 -1 0
    outer loop
      vertex 20.0957 29.78 4.38432
      vertex 29.1543 29.78 4.38432
      vertex 29.0904 29.78 4.44038
    endloop
  endfacet
  facet normal 0 -1 0
    outer loop
      vertex 20.025 29.78 4.33708
      vertex 29.1543 29.78 4.38432
      vertex 20.0957 29.78 4.38432
    endloop
  endfacet
  facet normal 0 -1 0
    outer loop
      vertex 20.025 29.78 4.33708
      vertex 29.225 29.78 4.33708
      vertex 29.1543 29.78 4.38432
    endloop
  endfacet
  facet normal 0 -1 0
    outer loop
      vertex 19.9487 29.78 4.29948
      vertex 29.225 29.78 4.33708
      vertex 20.025 29.78 4.33708
    endloop
  endfacet
  facet normal 0 -1 0
    outer loop
      vertex 19.9487 29.78 4.29948
      vertex 29.3013 29.78 4.29948
      vertex 29.225 29.78 4.33708
    endloop
  endfacet
  facet normal 0 -1 0
    outer loop
      vertex 33.1684 29.78 2
      vertex 19.9487 29.78 4.29948
      vertex 19.8682 29.78 4.27215
    endloop
  endfacet
  facet normal 0 -1 0
    outer loop
      vertex 19.9487 29.78 4.29948
      vertex 33.1684 29.78 2
      vertex 29.3013 29.78 4.29948
    endloop
  endfacet
  facet normal 0 -1 0
    outer loop
      vertex 33.1684 29.78 2
      vertex 19.8682 29.78 4.27215
      vertex 19.7848 29.78 4.25556
    endloop
  endfacet
  facet normal 0 -1 0
    outer loop
      vertex 29.3013 29.78 4.29948
      vertex 33.1684 29.78 2
      vertex 29.3818 29.78 4.27215
    endloop
  endfacet
  facet normal 0 -1 0
    outer loop
      vertex 33.1684 29.78 2
      vertex 19.7848 29.78 4.25556
      vertex 19.7 29.78 4.25
    endloop
  endfacet
  facet normal 0 -1 0
    outer loop
      vertex 29.3818 29.78 4.27215
      vertex 33.1684 29.78 2
      vertex 29.4652 29.78 4.25556
    endloop
  endfacet
  facet normal 0 -1 0
    outer loop
      vertex 10.0182 29.78 8.72785
      vertex 2.6 29.78 15.6
      vertex 9.93484 29.78 8.74444
    endloop
  endfacet
  facet normal 0 -1 0
    outer loop
      vertex 2.6 29.78 15.6
      vertex 19.6152 29.78 8.74444
      vertex 19.7 29.78 8.75
    endloop
  endfacet
  facet normal 0 -1 0
    outer loop
      vertex 10.0987 29.78 8.70052
      vertex 2.6 29.78 15.6
      vertex 10.0182 29.78 8.72785
    endloop
  endfacet
  facet normal 0 -1 0
    outer loop
      vertex 2.6 29.78 15.6
      vertex 19.5318 29.78 8.72785
      vertex 19.6152 29.78 8.74444
    endloop
  endfacet
  facet normal 0 -1 0
    outer loop
      vertex 19.4513 29.78 8.70052
      vertex 2.6 29.78 15.6
      vertex 10.0987 29.78 8.70052
    endloop
  endfacet
  facet normal 0 -1 0
    outer loop
      vertex 2.6 29.78 15.6
      vertex 19.4513 29.78 8.70052
      vertex 19.5318 29.78 8.72785
    endloop
  endfacet
  facet normal 0 -1 0
    outer loop
      vertex 10.175 29.78 8.66292
      vertex 19.4513 29.78 8.70052
      vertex 10.0987 29.78 8.70052
    endloop
  endfacet
  facet normal 0 -1 0
    outer loop
      vertex 10.175 29.78 8.66292
      vertex 19.375 29.78 8.66292
      vertex 19.4513 29.78 8.70052
    endloop
  endfacet
  facet normal 0 -1 0
    outer loop
      vertex 10.2457 29.78 8.61568
      vertex 19.375 29.78 8.66292
      vertex 10.175 29.78 8.66292
    endloop
  endfacet
  facet normal 0 -1 0
    outer loop
      vertex 10.2457 29.78 8.61568
      vertex 19.3043 29.78 8.61568
      vertex 19.375 29.78 8.66292
    endloop
  endfacet
  facet normal 0 -1 0
    outer loop
      vertex 10.3096 29.78 8.55962
      vertex 19.3043 29.78 8.61568
      vertex 10.2457 29.78 8.61568
    endloop
  endfacet
  facet normal 0 -1 0
    outer loop
      vertex 10.3096 29.78 8.55962
      vertex 19.2404 29.78 8.55962
      vertex 19.3043 29.78 8.61568
    endloop
  endfacet
  facet normal 0 -1 0
    outer loop
      vertex 10.3657 29.78 8.49569
      vertex 19.2404 29.78 8.55962
      vertex 10.3096 29.78 8.55962
    endloop
  endfacet
  facet normal 0 -1 0
    outer loop
      vertex 10.3657 29.78 8.49569
      vertex 19.1843 29.78 8.49569
      vertex 19.2404 29.78 8.55962
    endloop
  endfacet
  facet normal 0 -1 0
    outer loop
      vertex 10.4129 29.78 8.425
      vertex 19.1843 29.78 8.49569
      vertex 10.3657 29.78 8.49569
    endloop
  endfacet
  facet normal 0 -1 0
    outer loop
      vertex 10.4129 29.78 8.425
      vertex 19.1371 29.78 8.425
      vertex 19.1843 29.78 8.49569
    endloop
  endfacet
  facet normal 0 -1 0
    outer loop
      vertex 10.4505 29.78 8.34874
      vertex 19.1371 29.78 8.425
      vertex 10.4129 29.78 8.425
    endloop
  endfacet
  facet normal 0 -1 0
    outer loop
      vertex 10.4505 29.78 8.34874
      vertex 19.0995 29.78 8.34874
      vertex 19.1371 29.78 8.425
    endloop
  endfacet
  facet normal 0 -1 0
    outer loop
      vertex 10.4779 29.78 8.26823
      vertex 19.0995 29.78 8.34874
      vertex 10.4505 29.78 8.34874
    endloop
  endfacet
  facet normal 0 -1 0
    outer loop
      vertex 10.4779 29.78 8.26823
      vertex 19.0721 29.78 8.26823
      vertex 19.0995 29.78 8.34874
    endloop
  endfacet
  facet normal 0 -1 0
    outer loop
      vertex 10.4944 29.78 8.18484
      vertex 19.0721 29.78 8.26823
      vertex 10.4779 29.78 8.26823
    endloop
  endfacet
  facet normal 0 -1 0
    outer loop
      vertex 10.4944 29.78 8.18484
      vertex 19.0556 29.78 8.18484
      vertex 19.0721 29.78 8.26823
    endloop
  endfacet
  facet normal 0 -1 0
    outer loop
      vertex 10.5 29.78 8.1
      vertex 19.0556 29.78 8.18484
      vertex 10.4944 29.78 8.18484
    endloop
  endfacet
  facet normal 0 -1 0
    outer loop
      vertex 10.5 29.78 8.1
      vertex 19.05 29.78 8.1
      vertex 19.0556 29.78 8.18484
    endloop
  endfacet
  facet normal 0 -1 0
    outer loop
      vertex 10.5 29.78 4.9
      vertex 19.05 29.78 8.1
      vertex 10.5 29.78 8.1
    endloop
  endfacet
  facet normal 0 -1 0
    outer loop
      vertex 10.5 29.78 4.9
      vertex 19.05 29.78 4.9
      vertex 19.05 29.78 8.1
    endloop
  endfacet
  facet normal 0 -1 0
    outer loop
      vertex 10.4944 29.78 4.81516
      vertex 19.05 29.78 4.9
      vertex 10.5 29.78 4.9
    endloop
  endfacet
  facet normal 0 -1 0
    outer loop
      vertex 10.4944 29.78 4.81516
      vertex 19.0556 29.78 4.81516
      vertex 19.05 29.78 4.9
    endloop
  endfacet
  facet normal 0 -1 0
    outer loop
      vertex 10.4779 29.78 4.73177
      vertex 19.0556 29.78 4.81516
      vertex 10.4944 29.78 4.81516
    endloop
  endfacet
  facet normal 0 -1 0
    outer loop
      vertex 10.4779 29.78 4.73177
      vertex 19.0721 29.78 4.73177
      vertex 19.0556 29.78 4.81516
    endloop
  endfacet
  facet normal 0 -1 0
    outer loop
      vertex 10.4505 29.78 4.65126
      vertex 19.0721 29.78 4.73177
      vertex 10.4779 29.78 4.73177
    endloop
  endfacet
  facet normal 0 -1 0
    outer loop
      vertex 10.4505 29.78 4.65126
      vertex 19.0995 29.78 4.65126
      vertex 19.0721 29.78 4.73177
    endloop
  endfacet
  facet normal 0 -1 0
    outer loop
      vertex 10.4129 29.78 4.575
      vertex 19.0995 29.78 4.65126
      vertex 10.4505 29.78 4.65126
    endloop
  endfacet
  facet normal 0 -1 0
    outer loop
      vertex 10.4129 29.78 4.575
      vertex 19.1371 29.78 4.575
      vertex 19.0995 29.78 4.65126
    endloop
  endfacet
  facet normal 0 -1 0
    outer loop
      vertex 10.3657 29.78 4.50431
      vertex 19.1371 29.78 4.575
      vertex 10.4129 29.78 4.575
    endloop
  endfacet
  facet normal 0 -1 0
    outer loop
      vertex 10.3657 29.78 4.50431
      vertex 19.1843 29.78 4.50431
      vertex 19.1371 29.78 4.575
    endloop
  endfacet
  facet normal 0 -1 0
    outer loop
      vertex 10.3096 29.78 4.44038
      vertex 19.1843 29.78 4.50431
      vertex 10.3657 29.78 4.50431
    endloop
  endfacet
  facet normal 0 -1 0
    outer loop
      vertex 10.3096 29.78 4.44038
      vertex 19.2404 29.78 4.44038
      vertex 19.1843 29.78 4.50431
    endloop
  endfacet
  facet normal 0 -1 0
    outer loop
      vertex 10.2457 29.78 4.38432
      vertex 19.2404 29.78 4.44038
      vertex 10.3096 29.78 4.44038
    endloop
  endfacet
  facet normal 0 -1 0
    outer loop
      vertex 10.2457 29.78 4.38432
      vertex 19.3043 29.78 4.38432
      vertex 19.2404 29.78 4.44038
    endloop
  endfacet
  facet normal 0 -1 0
    outer loop
      vertex 10.175 29.78 4.33708
      vertex 19.3043 29.78 4.38432
      vertex 10.2457 29.78 4.38432
    endloop
  endfacet
  facet normal 0 -1 0
    outer loop
      vertex 10.175 29.78 4.33708
      vertex 19.375 29.78 4.33708
      vertex 19.3043 29.78 4.38432
    endloop
  endfacet
  facet normal 0 -1 0
    outer loop
      vertex 10.0987 29.78 4.29948
      vertex 19.375 29.78 4.33708
      vertex 10.175 29.78 4.33708
    endloop
  endfacet
  facet normal 0 -1 0
    outer loop
      vertex 10.0987 29.78 4.29948
      vertex 19.4513 29.78 4.29948
      vertex 19.375 29.78 4.33708
    endloop
  endfacet
  facet normal 0 -1 0
    outer loop
      vertex 10.0182 29.78 4.27215
      vertex 19.4513 29.78 4.29948
      vertex 10.0987 29.78 4.29948
    endloop
  endfacet
  facet normal 0 -1 0
    outer loop
      vertex 10.0182 29.78 4.27215
      vertex 19.5318 29.78 4.27215
      vertex 19.4513 29.78 4.29948
    endloop
  endfacet
  facet normal 0 -1 0
    outer loop
      vertex 9.93484 29.78 4.25556
      vertex 19.5318 29.78 4.27215
      vertex 10.0182 29.78 4.27215
    endloop
  endfacet
  facet normal 0 -1 0
    outer loop
      vertex 9.93484 29.78 4.25556
      vertex 19.6152 29.78 4.25556
      vertex 19.5318 29.78 4.27215
    endloop
  endfacet
  facet normal 0 -1 0
    outer loop
      vertex 2.6 29.78 2
      vertex 9.93484 29.78 4.25556
      vertex 9.85 29.78 4.25
    endloop
  endfacet
  facet normal 0 -1 -0
    outer loop
      vertex 9.93484 29.78 4.25556
      vertex 2.6 29.78 2
      vertex 19.6152 29.78 4.25556
    endloop
  endfacet
  facet normal 0 -1 0
    outer loop
      vertex 9.93484 29.78 8.74444
      vertex 2.6 29.78 15.6
      vertex 9.85 29.78 8.75
    endloop
  endfacet
  facet normal 0 -1 0
    outer loop
      vertex 2.6 29.78 15.6
      vertex 9.76516 29.78 8.74444
      vertex 9.85 29.78 8.75
    endloop
  endfacet
  facet normal 0 -1 0
    outer loop
      vertex 2.6 29.78 15.6
      vertex 9.68177 29.78 8.72785
      vertex 9.76516 29.78 8.74444
    endloop
  endfacet
  facet normal 0 -1 0
    outer loop
      vertex 2.6 29.78 15.6
      vertex 9.60126 29.78 8.70052
      vertex 9.68177 29.78 8.72785
    endloop
  endfacet
  facet normal 0 -1 0
    outer loop
      vertex 2.6 29.78 15.6
      vertex 9.525 29.78 8.66292
      vertex 9.60126 29.78 8.70052
    endloop
  endfacet
  facet normal 0 -1 0
    outer loop
      vertex 2.6 29.78 15.6
      vertex 9.4543 29.78 8.61568
      vertex 9.525 29.78 8.66292
    endloop
  endfacet
  facet normal 0 -1 0
    outer loop
      vertex 2.6 29.78 15.6
      vertex 9.39038 29.78 8.55962
      vertex 9.4543 29.78 8.61568
    endloop
  endfacet
  facet normal 0 -1 0
    outer loop
      vertex 2.6 29.78 15.6
      vertex 9.33432 29.78 8.49569
      vertex 9.39038 29.78 8.55962
    endloop
  endfacet
  facet normal 0 -1 0
    outer loop
      vertex 2.6 29.78 15.6
      vertex 9.28708 29.78 8.425
      vertex 9.33432 29.78 8.49569
    endloop
  endfacet
  facet normal 0 -1 0
    outer loop
      vertex 2.6 29.78 15.6
      vertex 9.24948 29.78 8.34874
      vertex 9.28708 29.78 8.425
    endloop
  endfacet
  facet normal 0 -1 0
    outer loop
      vertex 2.6 29.78 15.6
      vertex 9.22215 29.78 8.26823
      vertex 9.24948 29.78 8.34874
    endloop
  endfacet
  facet normal 0 -1 0
    outer loop
      vertex 2.6 29.78 15.6
      vertex 9.20556 29.78 8.18484
      vertex 9.22215 29.78 8.26823
    endloop
  endfacet
  facet normal 0 -1 0
    outer loop
      vertex 2.6 29.78 2
      vertex 9.20556 29.78 8.18484
      vertex 2.6 29.78 15.6
    endloop
  endfacet
  facet normal 0 -1 0
    outer loop
      vertex 9.20556 29.78 8.18484
      vertex 2.6 29.78 2
      vertex 9.2 29.78 8.1
    endloop
  endfacet
  facet normal 0 -1 -0
    outer loop
      vertex 9.2 29.78 8.1
      vertex 2.6 29.78 2
      vertex 9.2 29.78 4.9
    endloop
  endfacet
  facet normal 0 -1 -0
    outer loop
      vertex 9.2 29.78 4.9
      vertex 2.6 29.78 2
      vertex 9.20556 29.78 4.81516
    endloop
  endfacet
  facet normal 0 -1 -0
    outer loop
      vertex 9.20556 29.78 4.81516
      vertex 2.6 29.78 2
      vertex 9.22215 29.78 4.73177
    endloop
  endfacet
  facet normal 0 -1 -0
    outer loop
      vertex 9.22215 29.78 4.73177
      vertex 2.6 29.78 2
      vertex 9.24948 29.78 4.65126
    endloop
  endfacet
  facet normal 0 -1 -0
    outer loop
      vertex 19.6152 29.78 4.25556
      vertex 2.6 29.78 2
      vertex 19.7 29.78 4.25
    endloop
  endfacet
  facet normal 0 -1 -0
    outer loop
      vertex 19.7 29.78 4.25
      vertex 2.6 29.78 2
      vertex 33.1684 29.78 2
    endloop
  endfacet
  facet normal 0 -1 -0
    outer loop
      vertex 9.76516 29.78 4.25556
      vertex 2.6 29.78 2
      vertex 9.85 29.78 4.25
    endloop
  endfacet
  facet normal 0 -1 -0
    outer loop
      vertex 9.68177 29.78 4.27215
      vertex 2.6 29.78 2
      vertex 9.76516 29.78 4.25556
    endloop
  endfacet
  facet normal 0 -1 -0
    outer loop
      vertex 9.60126 29.78 4.29948
      vertex 2.6 29.78 2
      vertex 9.68177 29.78 4.27215
    endloop
  endfacet
  facet normal 0 -1 -0
    outer loop
      vertex 9.525 29.78 4.33708
      vertex 2.6 29.78 2
      vertex 9.60126 29.78 4.29948
    endloop
  endfacet
  facet normal 0 -1 -0
    outer loop
      vertex 9.4543 29.78 4.38432
      vertex 2.6 29.78 2
      vertex 9.525 29.78 4.33708
    endloop
  endfacet
  facet normal 0 -1 -0
    outer loop
      vertex 9.39038 29.78 4.44038
      vertex 2.6 29.78 2
      vertex 9.4543 29.78 4.38432
    endloop
  endfacet
  facet normal 0 -1 -0
    outer loop
      vertex 9.33432 29.78 4.50431
      vertex 2.6 29.78 2
      vertex 9.39038 29.78 4.44038
    endloop
  endfacet
  facet normal 0 -1 -0
    outer loop
      vertex 9.28708 29.78 4.575
      vertex 2.6 29.78 2
      vertex 9.33432 29.78 4.50431
    endloop
  endfacet
  facet normal 0 -1 -0
    outer loop
      vertex 9.24948 29.78 4.65126
      vertex 2.6 29.78 2
      vertex 9.28708 29.78 4.575
    endloop
  endfacet
  facet normal 0 -1 0
    outer loop
      vertex 2.6 29.78 15.6
      vertex 19.7 29.78 8.75
      vertex 33.1684 29.78 15.6
    endloop
  endfacet
  facet normal 0 -1 0
    outer loop
      vertex 19.7848 29.78 8.74444
      vertex 33.1684 29.78 15.6
      vertex 19.7 29.78 8.75
    endloop
  endfacet
  facet normal 0 -1 0
    outer loop
      vertex 29.6348 29.78 8.74444
      vertex 33.1684 29.78 15.6
      vertex 29.55 29.78 8.75
    endloop
  endfacet
  facet normal 0 -1 0
    outer loop
      vertex 29.7182 29.78 8.72785
      vertex 33.1684 29.78 15.6
      vertex 29.6348 29.78 8.74444
    endloop
  endfacet
  facet normal 0 -1 0
    outer loop
      vertex 29.7987 29.78 8.70052
      vertex 33.1684 29.78 15.6
      vertex 29.7182 29.78 8.72785
    endloop
  endfacet
  facet normal 0 -1 0
    outer loop
      vertex 29.875 29.78 8.66292
      vertex 33.1684 29.78 15.6
      vertex 29.7987 29.78 8.70052
    endloop
  endfacet
  facet normal 0 -1 0
    outer loop
      vertex 29.9457 29.78 8.61568
      vertex 33.1684 29.78 15.6
      vertex 29.875 29.78 8.66292
    endloop
  endfacet
  facet normal 0 -1 0
    outer loop
      vertex 30.0096 29.78 8.55962
      vertex 33.1684 29.78 15.6
      vertex 29.9457 29.78 8.61568
    endloop
  endfacet
  facet normal 0 -1 0
    outer loop
      vertex 30.0657 29.78 8.49569
      vertex 33.1684 29.78 15.6
      vertex 30.0096 29.78 8.55962
    endloop
  endfacet
  facet normal 0 -1 0
    outer loop
      vertex 30.1129 29.78 8.425
      vertex 33.1684 29.78 15.6
      vertex 30.0657 29.78 8.49569
    endloop
  endfacet
  facet normal 0 -1 0
    outer loop
      vertex 30.1505 29.78 8.34874
      vertex 33.1684 29.78 15.6
      vertex 30.1129 29.78 8.425
    endloop
  endfacet
  facet normal 0 -1 0
    outer loop
      vertex 30.1779 29.78 8.26823
      vertex 33.1684 29.78 15.6
      vertex 30.1505 29.78 8.34874
    endloop
  endfacet
  facet normal 0 -1 0
    outer loop
      vertex 30.1944 29.78 8.18484
      vertex 33.1684 29.78 15.6
      vertex 30.1779 29.78 8.26823
    endloop
  endfacet
  facet normal 0 -1 0
    outer loop
      vertex 30.2 29.78 8.1
      vertex 33.1684 29.78 15.6
      vertex 30.1944 29.78 8.18484
    endloop
  endfacet
  facet normal 0 -1 0
    outer loop
      vertex 33.1684 29.78 2
      vertex 30.2 29.78 8.1
      vertex 30.2 29.78 4.9
    endloop
  endfacet
  facet normal 0 -1 0
    outer loop
      vertex 33.1684 29.78 2
      vertex 30.2 29.78 4.9
      vertex 30.1944 29.78 4.81516
    endloop
  endfacet
  facet normal 0 -1 0
    outer loop
      vertex 33.1684 29.78 2
      vertex 30.1944 29.78 4.81516
      vertex 30.1779 29.78 4.73177
    endloop
  endfacet
  facet normal 0 -1 0
    outer loop
      vertex 29.4652 29.78 4.25556
      vertex 33.1684 29.78 2
      vertex 29.55 29.78 4.25
    endloop
  endfacet
  facet normal 0 -1 0
    outer loop
      vertex 30.2 29.78 8.1
      vertex 33.1684 29.78 2
      vertex 33.1684 29.78 15.6
    endloop
  endfacet
  facet normal 0 -1 0
    outer loop
      vertex 30.1505 29.78 4.65126
      vertex 33.1684 29.78 2
      vertex 30.1779 29.78 4.73177
    endloop
  endfacet
  facet normal 0 -1 0
    outer loop
      vertex 30.1129 29.78 4.575
      vertex 33.1684 29.78 2
      vertex 30.1505 29.78 4.65126
    endloop
  endfacet
  facet normal 0 -1 0
    outer loop
      vertex 30.0657 29.78 4.50431
      vertex 33.1684 29.78 2
      vertex 30.1129 29.78 4.575
    endloop
  endfacet
  facet normal 0 -1 0
    outer loop
      vertex 30.0096 29.78 4.44038
      vertex 33.1684 29.78 2
      vertex 30.0657 29.78 4.50431
    endloop
  endfacet
  facet normal 0 -1 0
    outer loop
      vertex 29.9457 29.78 4.38432
      vertex 33.1684 29.78 2
      vertex 30.0096 29.78 4.44038
    endloop
  endfacet
  facet normal 0 -1 0
    outer loop
      vertex 29.875 29.78 4.33708
      vertex 33.1684 29.78 2
      vertex 29.9457 29.78 4.38432
    endloop
  endfacet
  facet normal 0 -1 0
    outer loop
      vertex 29.7987 29.78 4.29948
      vertex 33.1684 29.78 2
      vertex 29.875 29.78 4.33708
    endloop
  endfacet
  facet normal 0 -1 0
    outer loop
      vertex 29.7182 29.78 4.27215
      vertex 33.1684 29.78 2
      vertex 29.7987 29.78 4.29948
    endloop
  endfacet
  facet normal 0 -1 0
    outer loop
      vertex 29.6348 29.78 4.25556
      vertex 33.1684 29.78 2
      vertex 29.7182 29.78 4.27215
    endloop
  endfacet
  facet normal 0 -1 0
    outer loop
      vertex 29.55 29.78 4.25
      vertex 33.1684 29.78 2
      vertex 29.6348 29.78 4.25556
    endloop
  endfacet
  facet normal -0.997887 0.0649798 0
    outer loop
      vertex 37.3949 2.52168 2
      vertex 37.4 2.6 15.6
      vertex 37.4 2.6 2
    endloop
  endfacet
  facet normal -0.997887 0.0649798 0
    outer loop
      vertex 37.4 2.6 15.6
      vertex 37.3949 2.52168 2
      vertex 37.3949 2.52168 15.6
    endloop
  endfacet
  facet normal 0.831599 -0.555376 0
    outer loop
      vertex 2.08038 29.48 15.6
      vertex 2.12399 29.5453 2
      vertex 2.12399 29.5453 15.6
    endloop
  endfacet
  facet normal 0.831599 -0.555376 0
    outer loop
      vertex 2.12399 29.5453 2
      vertex 2.08038 29.48 15.6
      vertex 2.08038 29.48 2
    endloop
  endfacet
  facet normal 0.89691 -0.442212 0
    outer loop
      vertex 2.04567 29.4096 15.6
      vertex 2.08038 29.48 2
      vertex 2.08038 29.48 15.6
    endloop
  endfacet
  facet normal 0.89691 -0.442212 0
    outer loop
      vertex 2.08038 29.48 2
      vertex 2.04567 29.4096 15.6
      vertex 2.04567 29.4096 2
    endloop
  endfacet
  facet normal 0.997861 -0.0653771 0
    outer loop
      vertex 2 29.18 15.6
      vertex 2.00513 29.2583 2
      vertex 2.00513 29.2583 15.6
    endloop
  endfacet
  facet normal 0.997861 -0.0653771 0
    outer loop
      vertex 2.00513 29.2583 2
      vertex 2 29.18 15.6
      vertex 2 29.18 2
    endloop
  endfacet
  facet normal 0.980801 -0.195014 0
    outer loop
      vertex 2.00513 29.2583 15.6
      vertex 2.02044 29.3353 2
      vertex 2.02044 29.3353 15.6
    endloop
  endfacet
  facet normal 0.980801 -0.195014 0
    outer loop
      vertex 2.02044 29.3353 2
      vertex 2.00513 29.2583 15.6
      vertex 2.00513 29.2583 2
    endloop
  endfacet
  facet normal 0.555523 -0.831501 0
    outer loop
      vertex 2.23474 29.656 2
      vertex 2.3 29.6996 15.6
      vertex 2.23474 29.656 15.6
    endloop
  endfacet
  facet normal 0.555523 -0.831501 0
    outer loop
      vertex 2.3 29.6996 15.6
      vertex 2.23474 29.656 2
      vertex 2.3 29.6996 2
    endloop
  endfacet
  facet normal -0.896936 0.44216 0
    outer loop
      vertex 37.3196 2.3 2
      vertex 37.3543 2.37039 15.6
      vertex 37.3543 2.37039 2
    endloop
  endfacet
  facet normal -0.896936 0.44216 0
    outer loop
      vertex 37.3543 2.37039 15.6
      vertex 37.3196 2.3 2
      vertex 37.3196 2.3 15.6
    endloop
  endfacet
  facet normal -0.442212 0.89691 0
    outer loop
      vertex 37.1 2.08038 2
      vertex 37.0296 2.04567 15.6
      vertex 37.1 2.08038 15.6
    endloop
  endfacet
  facet normal -0.442212 0.89691 0
    outer loop
      vertex 37.0296 2.04567 15.6
      vertex 37.1 2.08038 2
      vertex 37.0296 2.04567 2
    endloop
  endfacet
  facet normal 0.751787 -0.659406 0
    outer loop
      vertex 2.12399 29.5453 15.6
      vertex 2.17574 29.6043 2
      vertex 2.17574 29.6043 15.6
    endloop
  endfacet
  facet normal 0.751787 -0.659406 0
    outer loop
      vertex 2.17574 29.6043 2
      vertex 2.12399 29.5453 15.6
      vertex 2.12399 29.5453 2
    endloop
  endfacet
  facet normal 0.659046 -0.752103 0
    outer loop
      vertex 2.17574 29.6043 2
      vertex 2.23474 29.656 15.6
      vertex 2.17574 29.6043 15.6
    endloop
  endfacet
  facet normal 0.659046 -0.752103 0
    outer loop
      vertex 2.23474 29.656 15.6
      vertex 2.17574 29.6043 2
      vertex 2.23474 29.656 2
    endloop
  endfacet
  facet normal 0.0649798 -0.997887 0
    outer loop
      vertex 2.52168 29.7749 2
      vertex 2.6 29.78 15.6
      vertex 2.52168 29.7749 15.6
    endloop
  endfacet
  facet normal 0.0649798 -0.997887 0
    outer loop
      vertex 2.6 29.78 15.6
      vertex 2.52168 29.7749 2
      vertex 2.6 29.78 2
    endloop
  endfacet
  facet normal 0.322259 -0.946652 0
    outer loop
      vertex 2.37039 29.7343 2
      vertex 2.44471 29.7596 15.6
      vertex 2.37039 29.7343 15.6
    endloop
  endfacet
  facet normal 0.322259 -0.946652 0
    outer loop
      vertex 2.44471 29.7596 15.6
      vertex 2.37039 29.7343 2
      vertex 2.44471 29.7596 2
    endloop
  endfacet
  facet normal 0.44216 -0.896936 0
    outer loop
      vertex 2.3 29.6996 2
      vertex 2.37039 29.7343 15.6
      vertex 2.3 29.6996 15.6
    endloop
  endfacet
  facet normal 0.44216 -0.896936 0
    outer loop
      vertex 2.37039 29.7343 15.6
      vertex 2.3 29.6996 2
      vertex 2.37039 29.7343 2
    endloop
  endfacet
  facet normal -0.98081 0.194964 0
    outer loop
      vertex 37.3796 2.44471 2
      vertex 37.3949 2.52168 15.6
      vertex 37.3949 2.52168 2
    endloop
  endfacet
  facet normal -0.98081 0.194964 0
    outer loop
      vertex 37.3949 2.52168 15.6
      vertex 37.3796 2.44471 2
      vertex 37.3796 2.44471 15.6
    endloop
  endfacet
  facet normal -0.946652 0.322259 0
    outer loop
      vertex 37.3543 2.37039 2
      vertex 37.3796 2.44471 15.6
      vertex 37.3796 2.44471 2
    endloop
  endfacet
  facet normal -0.946652 0.322259 0
    outer loop
      vertex 37.3796 2.44471 15.6
      vertex 37.3543 2.37039 2
      vertex 37.3543 2.37039 15.6
    endloop
  endfacet
  facet normal -0.752103 0.659046 0
    outer loop
      vertex 37.2243 2.17574 2
      vertex 37.276 2.23474 15.6
      vertex 37.276 2.23474 2
    endloop
  endfacet
  facet normal -0.752103 0.659046 0
    outer loop
      vertex 37.276 2.23474 15.6
      vertex 37.2243 2.17574 2
      vertex 37.2243 2.17574 15.6
    endloop
  endfacet
  facet normal -0.321537 0.946897 0
    outer loop
      vertex 37.0296 2.04567 2
      vertex 36.9553 2.02044 15.6
      vertex 37.0296 2.04567 15.6
    endloop
  endfacet
  facet normal -0.321537 0.946897 0
    outer loop
      vertex 36.9553 2.02044 15.6
      vertex 37.0296 2.04567 2
      vertex 36.9553 2.02044 2
    endloop
  endfacet
  facet normal -0.195014 0.980801 0
    outer loop
      vertex 36.9553 2.02044 2
      vertex 36.8783 2.00513 15.6
      vertex 36.9553 2.02044 15.6
    endloop
  endfacet
  facet normal -0.195014 0.980801 0
    outer loop
      vertex 36.8783 2.00513 15.6
      vertex 36.9553 2.02044 2
      vertex 36.8783 2.00513 2
    endloop
  endfacet
  facet normal 0.194964 -0.98081 0
    outer loop
      vertex 2.44471 29.7596 2
      vertex 2.52168 29.7749 15.6
      vertex 2.44471 29.7596 15.6
    endloop
  endfacet
  facet normal 0.194964 -0.98081 0
    outer loop
      vertex 2.52168 29.7749 15.6
      vertex 2.44471 29.7596 2
      vertex 2.52168 29.7749 2
    endloop
  endfacet
  facet normal -0.831501 0.555523 0
    outer loop
      vertex 37.276 2.23474 2
      vertex 37.3196 2.3 15.6
      vertex 37.3196 2.3 2
    endloop
  endfacet
  facet normal -0.831501 0.555523 0
    outer loop
      vertex 37.3196 2.3 15.6
      vertex 37.276 2.23474 2
      vertex 37.276 2.23474 15.6
    endloop
  endfacet
  facet normal -0.555376 0.831599 0
    outer loop
      vertex 37.1653 2.12399 2
      vertex 37.1 2.08038 15.6
      vertex 37.1653 2.12399 15.6
    endloop
  endfacet
  facet normal -0.555376 0.831599 0
    outer loop
      vertex 37.1 2.08038 15.6
      vertex 37.1653 2.12399 2
      vertex 37.1 2.08038 2
    endloop
  endfacet
  facet normal -0.659406 0.751787 0
    outer loop
      vertex 37.2243 2.17574 2
      vertex 37.1653 2.12399 15.6
      vertex 37.2243 2.17574 15.6
    endloop
  endfacet
  facet normal -0.659406 0.751787 0
    outer loop
      vertex 37.1653 2.12399 15.6
      vertex 37.2243 2.17574 2
      vertex 37.1653 2.12399 2
    endloop
  endfacet
  facet normal 0.980785 0 -0.195093
    outer loop
      vertex 14.2852 0 5.64705
      vertex 14.2214 2 5.32631
      vertex 14.2852 2 5.64705
    endloop
  endfacet
  facet normal 0.980785 0 -0.195093
    outer loop
      vertex 14.2214 2 5.32631
      vertex 14.2852 0 5.64705
      vertex 14.2214 0 5.32631
    endloop
  endfacet
  facet normal 0.997856 0 -0.0654412
    outer loop
      vertex 14.2214 0 5.32631
      vertex 14.2 2 5
      vertex 14.2214 2 5.32631
    endloop
  endfacet
  facet normal 0.997856 0 -0.0654412
    outer loop
      vertex 14.2 2 5
      vertex 14.2214 0 5.32631
      vertex 14.2 0 5
    endloop
  endfacet
  facet normal 0.896915 -0 0.442204
    outer loop
      vertex 14.3903 0 4.04329
      vertex 14.5349 2 3.75
      vertex 14.3903 2 4.04329
    endloop
  endfacet
  facet normal 0.896915 0 0.442204
    outer loop
      vertex 14.5349 2 3.75
      vertex 14.3903 0 4.04329
      vertex 14.5349 0 3.75
    endloop
  endfacet
  facet normal 0.946944 0 -0.321397
    outer loop
      vertex 14.3903 0 5.95671
      vertex 14.2852 2 5.64705
      vertex 14.3903 2 5.95671
    endloop
  endfacet
  facet normal 0.946944 0 -0.321397
    outer loop
      vertex 14.2852 2 5.64705
      vertex 14.3903 0 5.95671
      vertex 14.2852 0 5.64705
    endloop
  endfacet
  facet normal 0.195116 0 0.98078
    outer loop
      vertex 16.053 2 2.58519
      vertex 16.3737 0 2.52139
      vertex 16.3737 2 2.52139
    endloop
  endfacet
  facet normal 0.195116 0 0.98078
    outer loop
      vertex 16.3737 0 2.52139
      vertex 16.053 2 2.58519
      vertex 16.053 0 2.58519
    endloop
  endfacet
  facet normal 0.831438 -0 0.555617
    outer loop
      vertex 14.5349 0 3.75
      vertex 14.7166 2 3.4781
      vertex 14.5349 2 3.75
    endloop
  endfacet
  facet normal 0.831438 0 0.555617
    outer loop
      vertex 14.7166 2 3.4781
      vertex 14.5349 0 3.75
      vertex 14.7166 0 3.4781
    endloop
  endfacet
  facet normal 0.751873 -0 0.659307
    outer loop
      vertex 14.7166 0 3.4781
      vertex 14.9322 2 3.23223
      vertex 14.7166 2 3.4781
    endloop
  endfacet
  facet normal 0.751873 0 0.659307
    outer loop
      vertex 14.9322 2 3.23223
      vertex 14.7166 0 3.4781
      vertex 14.9322 0 3.23223
    endloop
  endfacet
  facet normal 0.946944 -0 0.321397
    outer loop
      vertex 14.2852 0 4.35295
      vertex 14.3903 2 4.04329
      vertex 14.2852 2 4.35295
    endloop
  endfacet
  facet normal 0.946944 0 0.321397
    outer loop
      vertex 14.3903 2 4.04329
      vertex 14.2852 0 4.35295
      vertex 14.3903 0 4.04329
    endloop
  endfacet
  facet normal 0.997856 -0 0.0654412
    outer loop
      vertex 14.2 0 5
      vertex 14.2214 2 4.67369
      vertex 14.2 2 5
    endloop
  endfacet
  facet normal 0.997856 0 0.0654412
    outer loop
      vertex 14.2214 2 4.67369
      vertex 14.2 0 5
      vertex 14.2214 0 4.67369
    endloop
  endfacet
  facet normal 0.980785 -0 0.195093
    outer loop
      vertex 14.2214 0 4.67369
      vertex 14.2852 2 4.35295
      vertex 14.2214 2 4.67369
    endloop
  endfacet
  facet normal 0.980785 0 0.195093
    outer loop
      vertex 14.2852 2 4.35295
      vertex 14.2214 0 4.67369
      vertex 14.2852 0 4.35295
    endloop
  endfacet
  facet normal 0.659279 0 0.751898
    outer loop
      vertex 14.9322 2 3.23223
      vertex 15.1781 0 3.01662
      vertex 15.1781 2 3.01662
    endloop
  endfacet
  facet normal 0.659279 0 0.751898
    outer loop
      vertex 15.1781 0 3.01662
      vertex 14.9322 2 3.23223
      vertex 14.9322 0 3.23223
    endloop
  endfacet
  facet normal 0.0654128 0 -0.997858
    outer loop
      vertex 16.3737 0 7.47861
      vertex 16.7 2 7.5
      vertex 16.7 0 7.5
    endloop
  endfacet
  facet normal 0.0654128 0 -0.997858
    outer loop
      vertex 16.7 2 7.5
      vertex 16.3737 0 7.47861
      vertex 16.3737 2 7.47861
    endloop
  endfacet
  facet normal 0 0 -1
    outer loop
      vertex 16.7 0 7.5
      vertex 22.7 2 7.5
      vertex 22.7 0 7.5
    endloop
  endfacet
  facet normal -0 0 -1
    outer loop
      vertex 22.7 2 7.5
      vertex 16.7 0 7.5
      vertex 16.7 2 7.5
    endloop
  endfacet
  facet normal -0.896915 0 0.442204
    outer loop
      vertex 24.8651 0 3.75
      vertex 25.0097 2 4.04329
      vertex 24.8651 2 3.75
    endloop
  endfacet
  facet normal -0.896915 0 0.442204
    outer loop
      vertex 25.0097 2 4.04329
      vertex 24.8651 0 3.75
      vertex 25.0097 0 4.04329
    endloop
  endfacet
  facet normal 0.751873 0 -0.659307
    outer loop
      vertex 14.9322 0 6.76777
      vertex 14.7166 2 6.5219
      vertex 14.9322 2 6.76777
    endloop
  endfacet
  facet normal 0.751873 0 -0.659307
    outer loop
      vertex 14.7166 2 6.5219
      vertex 14.9322 0 6.76777
      vertex 14.7166 0 6.5219
    endloop
  endfacet
  facet normal 0.555575 0 -0.831466
    outer loop
      vertex 15.1781 0 6.98338
      vertex 15.45 2 7.16506
      vertex 15.45 0 7.16506
    endloop
  endfacet
  facet normal 0.555575 0 -0.831466
    outer loop
      vertex 15.45 2 7.16506
      vertex 15.1781 0 6.98338
      vertex 15.1781 2 6.98338
    endloop
  endfacet
  facet normal 0.195116 0 -0.98078
    outer loop
      vertex 16.053 0 7.41481
      vertex 16.3737 2 7.47861
      vertex 16.3737 0 7.47861
    endloop
  endfacet
  facet normal 0.195116 0 -0.98078
    outer loop
      vertex 16.3737 2 7.47861
      vertex 16.053 0 7.41481
      vertex 16.053 2 7.41481
    endloop
  endfacet
  facet normal -0.0654128 0 -0.997858
    outer loop
      vertex 22.7 0 7.5
      vertex 23.0263 2 7.47861
      vertex 23.0263 0 7.47861
    endloop
  endfacet
  facet normal -0.0654128 0 -0.997858
    outer loop
      vertex 23.0263 2 7.47861
      vertex 22.7 0 7.5
      vertex 22.7 2 7.5
    endloop
  endfacet
  facet normal -0.659279 0 -0.751898
    outer loop
      vertex 24.2219 0 6.98338
      vertex 24.4678 2 6.76777
      vertex 24.4678 0 6.76777
    endloop
  endfacet
  facet normal -0.659279 0 -0.751898
    outer loop
      vertex 24.4678 2 6.76777
      vertex 24.2219 0 6.98338
      vertex 24.2219 2 6.98338
    endloop
  endfacet
  facet normal -0.44229 0 -0.896872
    outer loop
      vertex 23.6567 0 7.3097
      vertex 23.95 2 7.16506
      vertex 23.95 0 7.16506
    endloop
  endfacet
  facet normal -0.44229 0 -0.896872
    outer loop
      vertex 23.95 2 7.16506
      vertex 23.6567 0 7.3097
      vertex 23.6567 2 7.3097
    endloop
  endfacet
  facet normal 0.555575 0 0.831466
    outer loop
      vertex 15.1781 2 3.01662
      vertex 15.45 0 2.83494
      vertex 15.45 2 2.83494
    endloop
  endfacet
  facet normal 0.555575 0 0.831466
    outer loop
      vertex 15.45 0 2.83494
      vertex 15.1781 2 3.01662
      vertex 15.1781 0 3.01662
    endloop
  endfacet
  facet normal 0.896915 0 -0.442204
    outer loop
      vertex 14.5349 0 6.25
      vertex 14.3903 2 5.95671
      vertex 14.5349 2 6.25
    endloop
  endfacet
  facet normal 0.896915 0 -0.442204
    outer loop
      vertex 14.3903 2 5.95671
      vertex 14.5349 0 6.25
      vertex 14.3903 0 5.95671
    endloop
  endfacet
  facet normal -0.831438 0 -0.555617
    outer loop
      vertex 24.8651 0 6.25
      vertex 24.6834 2 6.5219
      vertex 24.8651 2 6.25
    endloop
  endfacet
  facet normal -0.831438 -0 -0.555617
    outer loop
      vertex 24.6834 2 6.5219
      vertex 24.8651 0 6.25
      vertex 24.6834 0 6.5219
    endloop
  endfacet
  facet normal 0.831438 0 -0.555617
    outer loop
      vertex 14.7166 0 6.5219
      vertex 14.5349 2 6.25
      vertex 14.7166 2 6.5219
    endloop
  endfacet
  facet normal 0.831438 0 -0.555617
    outer loop
      vertex 14.5349 2 6.25
      vertex 14.7166 0 6.5219
      vertex 14.5349 0 6.25
    endloop
  endfacet
  facet normal 0.659279 0 -0.751898
    outer loop
      vertex 14.9322 0 6.76777
      vertex 15.1781 2 6.98338
      vertex 15.1781 0 6.98338
    endloop
  endfacet
  facet normal 0.659279 0 -0.751898
    outer loop
      vertex 15.1781 2 6.98338
      vertex 14.9322 0 6.76777
      vertex 14.9322 2 6.76777
    endloop
  endfacet
  facet normal 0.44229 0 -0.896872
    outer loop
      vertex 15.45 0 7.16506
      vertex 15.7433 2 7.3097
      vertex 15.7433 0 7.3097
    endloop
  endfacet
  facet normal 0.44229 0 -0.896872
    outer loop
      vertex 15.7433 2 7.3097
      vertex 15.45 0 7.16506
      vertex 15.45 2 7.16506
    endloop
  endfacet
  facet normal 0.321387 0 -0.946948
    outer loop
      vertex 15.7433 0 7.3097
      vertex 16.053 2 7.41481
      vertex 16.053 0 7.41481
    endloop
  endfacet
  facet normal 0.321387 0 -0.946948
    outer loop
      vertex 16.053 2 7.41481
      vertex 15.7433 0 7.3097
      vertex 15.7433 2 7.3097
    endloop
  endfacet
  facet normal -0.195116 0 -0.98078
    outer loop
      vertex 23.0263 0 7.47861
      vertex 23.347 2 7.41481
      vertex 23.347 0 7.41481
    endloop
  endfacet
  facet normal -0.195116 0 -0.98078
    outer loop
      vertex 23.347 2 7.41481
      vertex 23.0263 0 7.47861
      vertex 23.0263 2 7.47861
    endloop
  endfacet
  facet normal -0.555575 0 -0.831466
    outer loop
      vertex 23.95 0 7.16506
      vertex 24.2219 2 6.98338
      vertex 24.2219 0 6.98338
    endloop
  endfacet
  facet normal -0.555575 0 -0.831466
    outer loop
      vertex 24.2219 2 6.98338
      vertex 23.95 0 7.16506
      vertex 23.95 2 7.16506
    endloop
  endfacet
  facet normal -0.896915 0 -0.442204
    outer loop
      vertex 25.0097 0 5.95671
      vertex 24.8651 2 6.25
      vertex 25.0097 2 5.95671
    endloop
  endfacet
  facet normal -0.896915 -0 -0.442204
    outer loop
      vertex 24.8651 2 6.25
      vertex 25.0097 0 5.95671
      vertex 24.8651 0 6.25
    endloop
  endfacet
  facet normal -0.321387 0 -0.946948
    outer loop
      vertex 23.347 0 7.41481
      vertex 23.6567 2 7.3097
      vertex 23.6567 0 7.3097
    endloop
  endfacet
  facet normal -0.321387 0 -0.946948
    outer loop
      vertex 23.6567 2 7.3097
      vertex 23.347 0 7.41481
      vertex 23.347 2 7.41481
    endloop
  endfacet
  facet normal -0.555575 0 0.831466
    outer loop
      vertex 23.95 2 2.83494
      vertex 24.2219 0 3.01662
      vertex 24.2219 2 3.01662
    endloop
  endfacet
  facet normal -0.555575 0 0.831466
    outer loop
      vertex 24.2219 0 3.01662
      vertex 23.95 2 2.83494
      vertex 23.95 0 2.83494
    endloop
  endfacet
  facet normal -0.997856 0 -0.0654412
    outer loop
      vertex 25.2 0 5
      vertex 25.1786 2 5.32631
      vertex 25.2 2 5
    endloop
  endfacet
  facet normal -0.997856 -0 -0.0654412
    outer loop
      vertex 25.1786 2 5.32631
      vertex 25.2 0 5
      vertex 25.1786 0 5.32631
    endloop
  endfacet
  facet normal -0.0654128 0 0.997858
    outer loop
      vertex 22.7 2 2.5
      vertex 23.0263 0 2.52139
      vertex 23.0263 2 2.52139
    endloop
  endfacet
  facet normal -0.0654128 0 0.997858
    outer loop
      vertex 23.0263 0 2.52139
      vertex 22.7 2 2.5
      vertex 22.7 0 2.5
    endloop
  endfacet
  facet normal 0.44229 0 0.896872
    outer loop
      vertex 15.45 2 2.83494
      vertex 15.7433 0 2.6903
      vertex 15.7433 2 2.6903
    endloop
  endfacet
  facet normal 0.44229 0 0.896872
    outer loop
      vertex 15.7433 0 2.6903
      vertex 15.45 2 2.83494
      vertex 15.45 0 2.83494
    endloop
  endfacet
  facet normal 0.321387 0 0.946948
    outer loop
      vertex 15.7433 2 2.6903
      vertex 16.053 0 2.58519
      vertex 16.053 2 2.58519
    endloop
  endfacet
  facet normal 0.321387 0 0.946948
    outer loop
      vertex 16.053 0 2.58519
      vertex 15.7433 2 2.6903
      vertex 15.7433 0 2.6903
    endloop
  endfacet
  facet normal -0.751873 0 -0.659307
    outer loop
      vertex 24.6834 0 6.5219
      vertex 24.4678 2 6.76777
      vertex 24.6834 2 6.5219
    endloop
  endfacet
  facet normal -0.751873 -0 -0.659307
    outer loop
      vertex 24.4678 2 6.76777
      vertex 24.6834 0 6.5219
      vertex 24.4678 0 6.76777
    endloop
  endfacet
  facet normal -0.980785 0 0.195093
    outer loop
      vertex 25.1148 0 4.35295
      vertex 25.1786 2 4.67369
      vertex 25.1148 2 4.35295
    endloop
  endfacet
  facet normal -0.980785 0 0.195093
    outer loop
      vertex 25.1786 2 4.67369
      vertex 25.1148 0 4.35295
      vertex 25.1786 0 4.67369
    endloop
  endfacet
  facet normal -0.946944 0 -0.321397
    outer loop
      vertex 25.1148 0 5.64705
      vertex 25.0097 2 5.95671
      vertex 25.1148 2 5.64705
    endloop
  endfacet
  facet normal -0.946944 -0 -0.321397
    outer loop
      vertex 25.0097 2 5.95671
      vertex 25.1148 0 5.64705
      vertex 25.0097 0 5.95671
    endloop
  endfacet
  facet normal 0.0654128 0 0.997858
    outer loop
      vertex 16.3737 2 2.52139
      vertex 16.7 0 2.5
      vertex 16.7 2 2.5
    endloop
  endfacet
  facet normal 0.0654128 0 0.997858
    outer loop
      vertex 16.7 0 2.5
      vertex 16.3737 2 2.52139
      vertex 16.3737 0 2.52139
    endloop
  endfacet
  facet normal -0 0 1
    outer loop
      vertex 16.7 2 2.5
      vertex 22.7 0 2.5
      vertex 22.7 2 2.5
    endloop
  endfacet
  facet normal 0 0 1
    outer loop
      vertex 22.7 0 2.5
      vertex 16.7 2 2.5
      vertex 16.7 0 2.5
    endloop
  endfacet
  facet normal -0.195116 0 0.98078
    outer loop
      vertex 23.0263 2 2.52139
      vertex 23.347 0 2.58519
      vertex 23.347 2 2.58519
    endloop
  endfacet
  facet normal -0.195116 0 0.98078
    outer loop
      vertex 23.347 0 2.58519
      vertex 23.0263 2 2.52139
      vertex 23.0263 0 2.52139
    endloop
  endfacet
  facet normal -0.321387 0 0.946948
    outer loop
      vertex 23.347 2 2.58519
      vertex 23.6567 0 2.6903
      vertex 23.6567 2 2.6903
    endloop
  endfacet
  facet normal -0.321387 0 0.946948
    outer loop
      vertex 23.6567 0 2.6903
      vertex 23.347 2 2.58519
      vertex 23.347 0 2.58519
    endloop
  endfacet
  facet normal -0.44229 0 0.896872
    outer loop
      vertex 23.6567 2 2.6903
      vertex 23.95 0 2.83494
      vertex 23.95 2 2.83494
    endloop
  endfacet
  facet normal -0.44229 0 0.896872
    outer loop
      vertex 23.95 0 2.83494
      vertex 23.6567 2 2.6903
      vertex 23.6567 0 2.6903
    endloop
  endfacet
  facet normal -0.751873 0 0.659307
    outer loop
      vertex 24.4678 0 3.23223
      vertex 24.6834 2 3.4781
      vertex 24.4678 2 3.23223
    endloop
  endfacet
  facet normal -0.751873 0 0.659307
    outer loop
      vertex 24.6834 2 3.4781
      vertex 24.4678 0 3.23223
      vertex 24.6834 0 3.4781
    endloop
  endfacet
  facet normal -0.659279 0 0.751898
    outer loop
      vertex 24.2219 2 3.01662
      vertex 24.4678 0 3.23223
      vertex 24.4678 2 3.23223
    endloop
  endfacet
  facet normal -0.659279 0 0.751898
    outer loop
      vertex 24.4678 0 3.23223
      vertex 24.2219 2 3.01662
      vertex 24.2219 0 3.01662
    endloop
  endfacet
  facet normal -0.946944 0 0.321397
    outer loop
      vertex 25.0097 0 4.04329
      vertex 25.1148 2 4.35295
      vertex 25.0097 2 4.04329
    endloop
  endfacet
  facet normal -0.946944 0 0.321397
    outer loop
      vertex 25.1148 2 4.35295
      vertex 25.0097 0 4.04329
      vertex 25.1148 0 4.35295
    endloop
  endfacet
  facet normal -0.980785 0 -0.195093
    outer loop
      vertex 25.1786 0 5.32631
      vertex 25.1148 2 5.64705
      vertex 25.1786 2 5.32631
    endloop
  endfacet
  facet normal -0.980785 -0 -0.195093
    outer loop
      vertex 25.1148 2 5.64705
      vertex 25.1786 0 5.32631
      vertex 25.1148 0 5.64705
    endloop
  endfacet
  facet normal -0.997856 0 0.0654412
    outer loop
      vertex 25.1786 0 4.67369
      vertex 25.2 2 5
      vertex 25.1786 2 4.67369
    endloop
  endfacet
  facet normal -0.997856 0 0.0654412
    outer loop
      vertex 25.2 2 5
      vertex 25.1786 0 4.67369
      vertex 25.2 0 5
    endloop
  endfacet
  facet normal -0.831438 0 0.555617
    outer loop
      vertex 24.6834 0 3.4781
      vertex 24.8651 2 3.75
      vertex 24.6834 2 3.4781
    endloop
  endfacet
  facet normal -0.831438 0 0.555617
    outer loop
      vertex 24.8651 2 3.75
      vertex 24.6834 0 3.4781
      vertex 24.8651 0 3.75
    endloop
  endfacet
  facet normal 0.997867 0.0652758 0
    outer loop
      vertex 12.14 9.54 8
      vertex 12.1178 9.87937 2
      vertex 12.1178 9.87937 8
    endloop
  endfacet
  facet normal 0.997867 0.0652758 0
    outer loop
      vertex 12.1178 9.87937 2
      vertex 12.14 9.54 8
      vertex 12.14 9.54 2
    endloop
  endfacet
  facet normal -0.0652758 0.997867 0
    outer loop
      vertex 9.54 12.14 2
      vertex 9.20063 12.1178 8
      vertex 9.54 12.14 8
    endloop
  endfacet
  facet normal -0.0652758 0.997867 0
    outer loop
      vertex 9.20063 12.1178 8
      vertex 9.54 12.14 2
      vertex 9.20063 12.1178 2
    endloop
  endfacet
  facet normal 0.659275 0.751902 -0
    outer loop
      vertex 11.3785 11.3785 2
      vertex 11.1228 11.6027 8
      vertex 11.3785 11.3785 8
    endloop
  endfacet
  facet normal 0.659275 0.751902 0
    outer loop
      vertex 11.1228 11.6027 8
      vertex 11.3785 11.3785 2
      vertex 11.1228 11.6027 2
    endloop
  endfacet
  facet normal -0.751844 0.659341 0
    outer loop
      vertex 7.47728 11.1228 2
      vertex 7.70152 11.3785 8
      vertex 7.70152 11.3785 2
    endloop
  endfacet
  facet normal -0.751844 0.659341 0
    outer loop
      vertex 7.70152 11.3785 8
      vertex 7.47728 11.1228 2
      vertex 7.47728 11.1228 8
    endloop
  endfacet
  facet normal -0.442243 0.896895 0
    outer loop
      vertex 8.54502 11.9421 2
      vertex 8.24 11.7917 8
      vertex 8.54502 11.9421 8
    endloop
  endfacet
  facet normal -0.442243 0.896895 0
    outer loop
      vertex 8.24 11.7917 8
      vertex 8.54502 11.9421 2
      vertex 8.24 11.7917 2
    endloop
  endfacet
  facet normal 0.896884 0.442267 0
    outer loop
      vertex 11.9421 10.535 8
      vertex 11.7917 10.84 2
      vertex 11.7917 10.84 8
    endloop
  endfacet
  facet normal 0.896884 0.442267 0
    outer loop
      vertex 11.7917 10.84 2
      vertex 11.9421 10.535 8
      vertex 11.9421 10.535 2
    endloop
  endfacet
  facet normal 0.980753 0.195251 0
    outer loop
      vertex 12.1178 9.87937 8
      vertex 12.0514 10.2129 2
      vertex 12.0514 10.2129 8
    endloop
  endfacet
  facet normal 0.980753 0.195251 0
    outer loop
      vertex 12.0514 10.2129 2
      vertex 12.1178 9.87937 8
      vertex 12.1178 9.87937 2
    endloop
  endfacet
  facet normal 0.321339 0.946964 -0
    outer loop
      vertex 10.535 11.9421 2
      vertex 10.2129 12.0514 8
      vertex 10.535 11.9421 8
    endloop
  endfacet
  facet normal 0.321339 0.946964 0
    outer loop
      vertex 10.2129 12.0514 8
      vertex 10.535 11.9421 2
      vertex 10.2129 12.0514 2
    endloop
  endfacet
  facet normal 0.55565 0.831417 -0
    outer loop
      vertex 11.1228 11.6027 2
      vertex 10.84 11.7917 8
      vertex 11.1228 11.6027 8
    endloop
  endfacet
  facet normal 0.55565 0.831417 0
    outer loop
      vertex 10.84 11.7917 8
      vertex 11.1228 11.6027 2
      vertex 10.84 11.7917 2
    endloop
  endfacet
  facet normal -0.946946 0.321391 0
    outer loop
      vertex 7.02859 10.2129 2
      vertex 7.13791 10.535 8
      vertex 7.13791 10.535 2
    endloop
  endfacet
  facet normal -0.946946 0.321391 0
    outer loop
      vertex 7.13791 10.535 8
      vertex 7.02859 10.2129 2
      vertex 7.02859 10.2129 8
    endloop
  endfacet
  facet normal -0.89686 0.442314 0
    outer loop
      vertex 7.13791 10.535 2
      vertex 7.28833 10.84 8
      vertex 7.28833 10.84 2
    endloop
  endfacet
  facet normal -0.89686 0.442314 0
    outer loop
      vertex 7.28833 10.84 8
      vertex 7.13791 10.535 2
      vertex 7.13791 10.535 8
    endloop
  endfacet
  facet normal -0.99786 0.0653929 0
    outer loop
      vertex 6.94 9.54 2
      vertex 6.96224 9.87937 8
      vertex 6.96224 9.87937 2
    endloop
  endfacet
  facet normal -0.99786 0.0653929 0
    outer loop
      vertex 6.96224 9.87937 8
      vertex 6.94 9.54 2
      vertex 6.94 9.54 8
    endloop
  endfacet
  facet normal -0.659275 0.751902 0
    outer loop
      vertex 7.95722 11.6027 2
      vertex 7.70152 11.3785 8
      vertex 7.95722 11.6027 8
    endloop
  endfacet
  facet normal -0.659275 0.751902 0
    outer loop
      vertex 7.70152 11.3785 8
      vertex 7.95722 11.6027 2
      vertex 7.70152 11.3785 2
    endloop
  endfacet
  facet normal -0.195234 0.980757 0
    outer loop
      vertex 9.20063 12.1178 2
      vertex 8.86707 12.0514 8
      vertex 9.20063 12.1178 8
    endloop
  endfacet
  facet normal -0.195234 0.980757 0
    outer loop
      vertex 8.86707 12.0514 8
      vertex 9.20063 12.1178 2
      vertex 8.86707 12.0514 2
    endloop
  endfacet
  facet normal 0.997867 -0.0652758 0
    outer loop
      vertex 12.1178 9.20063 8
      vertex 12.14 9.54 2
      vertex 12.14 9.54 8
    endloop
  endfacet
  facet normal 0.997867 -0.0652758 0
    outer loop
      vertex 12.14 9.54 2
      vertex 12.1178 9.20063 8
      vertex 12.1178 9.20063 2
    endloop
  endfacet
  facet normal 0.195109 -0.980781 0
    outer loop
      vertex 9.87937 6.96224 2
      vertex 10.2129 7.02859 8
      vertex 9.87937 6.96224 8
    endloop
  endfacet
  facet normal 0.195109 -0.980781 0
    outer loop
      vertex 10.2129 7.02859 8
      vertex 9.87937 6.96224 2
      vertex 10.2129 7.02859 2
    endloop
  endfacet
  facet normal 0.946964 0.321339 0
    outer loop
      vertex 12.0514 10.2129 8
      vertex 11.9421 10.535 2
      vertex 11.9421 10.535 8
    endloop
  endfacet
  facet normal 0.946964 0.321339 0
    outer loop
      vertex 11.9421 10.535 2
      vertex 12.0514 10.2129 8
      vertex 12.0514 10.2129 2
    endloop
  endfacet
  facet normal 0.751902 0.659275 0
    outer loop
      vertex 11.6027 11.1228 8
      vertex 11.3785 11.3785 2
      vertex 11.3785 11.3785 8
    endloop
  endfacet
  facet normal 0.751902 0.659275 0
    outer loop
      vertex 11.3785 11.3785 2
      vertex 11.6027 11.1228 8
      vertex 11.6027 11.1228 2
    endloop
  endfacet
  facet normal 0.831417 0.55565 0
    outer loop
      vertex 11.7917 10.84 8
      vertex 11.6027 11.1228 2
      vertex 11.6027 11.1228 8
    endloop
  endfacet
  facet normal 0.831417 0.55565 0
    outer loop
      vertex 11.6027 11.1228 2
      vertex 11.7917 10.84 8
      vertex 11.7917 10.84 2
    endloop
  endfacet
  facet normal 0.195251 0.980753 -0
    outer loop
      vertex 10.2129 12.0514 2
      vertex 9.87937 12.1178 8
      vertex 10.2129 12.0514 8
    endloop
  endfacet
  facet normal 0.195251 0.980753 0
    outer loop
      vertex 9.87937 12.1178 8
      vertex 10.2129 12.0514 2
      vertex 9.87937 12.1178 2
    endloop
  endfacet
  facet normal 0.0652758 0.997867 -0
    outer loop
      vertex 9.87937 12.1178 2
      vertex 9.54 12.14 8
      vertex 9.87937 12.1178 8
    endloop
  endfacet
  facet normal 0.0652758 0.997867 0
    outer loop
      vertex 9.54 12.14 8
      vertex 9.87937 12.1178 2
      vertex 9.54 12.14 2
    endloop
  endfacet
  facet normal 0.442267 0.896884 -0
    outer loop
      vertex 10.84 11.7917 2
      vertex 10.535 11.9421 8
      vertex 10.84 11.7917 8
    endloop
  endfacet
  facet normal 0.442267 0.896884 0
    outer loop
      vertex 10.535 11.9421 8
      vertex 10.84 11.7917 2
      vertex 10.535 11.9421 2
    endloop
  endfacet
  facet normal -0.831484 0.555548 0
    outer loop
      vertex 7.28833 10.84 2
      vertex 7.47728 11.1228 8
      vertex 7.47728 11.1228 2
    endloop
  endfacet
  facet normal -0.831484 0.555548 0
    outer loop
      vertex 7.47728 11.1228 8
      vertex 7.28833 10.84 2
      vertex 7.28833 10.84 8
    endloop
  endfacet
  facet normal -0.99786 -0.0653929 0
    outer loop
      vertex 6.96224 9.20063 2
      vertex 6.94 9.54 8
      vertex 6.94 9.54 2
    endloop
  endfacet
  facet normal -0.99786 -0.0653929 0
    outer loop
      vertex 6.94 9.54 8
      vertex 6.96224 9.20063 2
      vertex 6.96224 9.20063 8
    endloop
  endfacet
  facet normal -0.980781 0.195109 0
    outer loop
      vertex 6.96224 9.87937 2
      vertex 7.02859 10.2129 8
      vertex 7.02859 10.2129 2
    endloop
  endfacet
  facet normal -0.980781 0.195109 0
    outer loop
      vertex 7.02859 10.2129 8
      vertex 6.96224 9.87937 2
      vertex 6.96224 9.87937 8
    endloop
  endfacet
  facet normal -0.555677 0.831398 0
    outer loop
      vertex 8.24 11.7917 2
      vertex 7.95722 11.6027 8
      vertex 8.24 11.7917 8
    endloop
  endfacet
  facet normal -0.555677 0.831398 0
    outer loop
      vertex 7.95722 11.6027 8
      vertex 8.24 11.7917 2
      vertex 7.95722 11.6027 2
    endloop
  endfacet
  facet normal -0.321383 0.946949 0
    outer loop
      vertex 8.86707 12.0514 2
      vertex 8.54502 11.9421 8
      vertex 8.86707 12.0514 8
    endloop
  endfacet
  facet normal -0.321383 0.946949 0
    outer loop
      vertex 8.54502 11.9421 8
      vertex 8.86707 12.0514 2
      vertex 8.54502 11.9421 2
    endloop
  endfacet
  facet normal 0.555548 -0.831484 0
    outer loop
      vertex 10.84 7.28833 2
      vertex 11.1228 7.47728 8
      vertex 10.84 7.28833 8
    endloop
  endfacet
  facet normal 0.555548 -0.831484 0
    outer loop
      vertex 11.1228 7.47728 8
      vertex 10.84 7.28833 2
      vertex 11.1228 7.47728 2
    endloop
  endfacet
  facet normal 0.980757 -0.195234 0
    outer loop
      vertex 12.0514 8.86707 8
      vertex 12.1178 9.20063 2
      vertex 12.1178 9.20063 8
    endloop
  endfacet
  facet normal 0.980757 -0.195234 0
    outer loop
      vertex 12.1178 9.20063 2
      vertex 12.0514 8.86707 8
      vertex 12.0514 8.86707 2
    endloop
  endfacet
  facet normal -0.751844 -0.659341 0
    outer loop
      vertex 7.70152 7.70152 2
      vertex 7.47728 7.95722 8
      vertex 7.47728 7.95722 2
    endloop
  endfacet
  facet normal -0.751844 -0.659341 0
    outer loop
      vertex 7.47728 7.95722 8
      vertex 7.70152 7.70152 2
      vertex 7.70152 7.70152 8
    endloop
  endfacet
  facet normal -0.831466 -0.555575 0
    outer loop
      vertex 7.47728 7.95722 2
      vertex 7.28833 8.24 8
      vertex 7.28833 8.24 2
    endloop
  endfacet
  facet normal -0.831466 -0.555575 0
    outer loop
      vertex 7.28833 8.24 8
      vertex 7.47728 7.95722 2
      vertex 7.47728 7.95722 8
    endloop
  endfacet
  facet normal -0.980785 -0.195093 0
    outer loop
      vertex 7.02859 8.86707 2
      vertex 6.96224 9.20063 8
      vertex 6.96224 9.20063 2
    endloop
  endfacet
  facet normal -0.980785 -0.195093 0
    outer loop
      vertex 6.96224 9.20063 8
      vertex 7.02859 8.86707 2
      vertex 7.02859 8.86707 8
    endloop
  endfacet
  facet normal -0.896872 -0.442291 0
    outer loop
      vertex 7.28833 8.24 2
      vertex 7.13791 8.54502 8
      vertex 7.13791 8.54502 2
    endloop
  endfacet
  facet normal -0.896872 -0.442291 0
    outer loop
      vertex 7.13791 8.54502 8
      vertex 7.28833 8.24 2
      vertex 7.28833 8.24 8
    endloop
  endfacet
  facet normal 0.442314 -0.89686 0
    outer loop
      vertex 10.535 7.13791 2
      vertex 10.84 7.28833 8
      vertex 10.535 7.13791 8
    endloop
  endfacet
  facet normal 0.442314 -0.89686 0
    outer loop
      vertex 10.84 7.28833 8
      vertex 10.535 7.13791 2
      vertex 10.84 7.28833 2
    endloop
  endfacet
  facet normal 0.321391 -0.946946 0
    outer loop
      vertex 10.2129 7.02859 2
      vertex 10.535 7.13791 8
      vertex 10.2129 7.02859 8
    endloop
  endfacet
  facet normal 0.321391 -0.946946 0
    outer loop
      vertex 10.535 7.13791 8
      vertex 10.2129 7.02859 2
      vertex 10.535 7.13791 2
    endloop
  endfacet
  facet normal 0 0 1
    outer loop
      vertex 10.59 9.54 8
      vertex 12.14 9.54 8
      vertex 12.1178 9.87937 8
    endloop
  endfacet
  facet normal 0 0 1
    outer loop
      vertex 10.581 9.67705 8
      vertex 12.1178 9.87937 8
      vertex 12.0514 10.2129 8
    endloop
  endfacet
  facet normal 0 0 1
    outer loop
      vertex 12.14 9.54 8
      vertex 10.59 9.54 8
      vertex 12.1178 9.20063 8
    endloop
  endfacet
  facet normal 0 0 1
    outer loop
      vertex 10.5542 9.81176 8
      vertex 12.0514 10.2129 8
      vertex 11.9421 10.535 8
    endloop
  endfacet
  facet normal -0 0 1
    outer loop
      vertex 10.581 9.40295 8
      vertex 12.1178 9.20063 8
      vertex 10.59 9.54 8
    endloop
  endfacet
  facet normal 0 0 1
    outer loop
      vertex 10.5101 9.94182 8
      vertex 11.9421 10.535 8
      vertex 11.7917 10.84 8
    endloop
  endfacet
  facet normal 0 0 1
    outer loop
      vertex 12.1178 9.20063 8
      vertex 10.581 9.40295 8
      vertex 12.0514 8.86707 8
    endloop
  endfacet
  facet normal 0 0 1
    outer loop
      vertex 10.4493 10.065 8
      vertex 11.7917 10.84 8
      vertex 11.6027 11.1228 8
    endloop
  endfacet
  facet normal -0 0 1
    outer loop
      vertex 10.5542 9.26824 8
      vertex 12.0514 8.86707 8
      vertex 10.581 9.40295 8
    endloop
  endfacet
  facet normal 0 0 1
    outer loop
      vertex 10.373 10.1792 8
      vertex 11.6027 11.1228 8
      vertex 11.3785 11.3785 8
    endloop
  endfacet
  facet normal 0 0 1
    outer loop
      vertex 12.0514 8.86707 8
      vertex 10.5542 9.26824 8
      vertex 11.9421 8.54502 8
    endloop
  endfacet
  facet normal 0 0 1
    outer loop
      vertex 10.2825 10.2825 8
      vertex 11.3785 11.3785 8
      vertex 11.1228 11.6027 8
    endloop
  endfacet
  facet normal -0 0 1
    outer loop
      vertex 10.5101 9.13818 8
      vertex 11.9421 8.54502 8
      vertex 10.5542 9.26824 8
    endloop
  endfacet
  facet normal 0 0 1
    outer loop
      vertex 10.1792 10.373 8
      vertex 11.1228 11.6027 8
      vertex 10.84 11.7917 8
    endloop
  endfacet
  facet normal 0 0 1
    outer loop
      vertex 11.9421 8.54502 8
      vertex 10.5101 9.13818 8
      vertex 11.7917 8.24 8
    endloop
  endfacet
  facet normal -0 0 1
    outer loop
      vertex 10.4493 9.015 8
      vertex 11.7917 8.24 8
      vertex 10.5101 9.13818 8
    endloop
  endfacet
  facet normal 0 0 1
    outer loop
      vertex 12.1178 9.87937 8
      vertex 10.581 9.67705 8
      vertex 10.59 9.54 8
    endloop
  endfacet
  facet normal 0 0 1
    outer loop
      vertex 12.0514 10.2129 8
      vertex 10.5542 9.81176 8
      vertex 10.581 9.67705 8
    endloop
  endfacet
  facet normal 0 0 1
    outer loop
      vertex 10.065 10.4493 8
      vertex 10.84 11.7917 8
      vertex 10.535 11.9421 8
    endloop
  endfacet
  facet normal 0 0 1
    outer loop
      vertex 11.9421 10.535 8
      vertex 10.5101 9.94182 8
      vertex 10.5542 9.81176 8
    endloop
  endfacet
  facet normal 0 0 1
    outer loop
      vertex 11.7917 10.84 8
      vertex 10.4493 10.065 8
      vertex 10.5101 9.94182 8
    endloop
  endfacet
  facet normal 0 0 1
    outer loop
      vertex 11.6027 11.1228 8
      vertex 10.373 10.1792 8
      vertex 10.4493 10.065 8
    endloop
  endfacet
  facet normal 0 0 1
    outer loop
      vertex 11.3785 11.3785 8
      vertex 10.2825 10.2825 8
      vertex 10.373 10.1792 8
    endloop
  endfacet
  facet normal 0 0 1
    outer loop
      vertex 9.94182 10.5101 8
      vertex 10.535 11.9421 8
      vertex 10.2129 12.0514 8
    endloop
  endfacet
  facet normal 0 0 1
    outer loop
      vertex 11.1228 11.6027 8
      vertex 10.1792 10.373 8
      vertex 10.2825 10.2825 8
    endloop
  endfacet
  facet normal 0 0 1
    outer loop
      vertex 10.84 11.7917 8
      vertex 10.065 10.4493 8
      vertex 10.1792 10.373 8
    endloop
  endfacet
  facet normal 0 0 1
    outer loop
      vertex 10.535 11.9421 8
      vertex 9.94182 10.5101 8
      vertex 10.065 10.4493 8
    endloop
  endfacet
  facet normal 0 0 1
    outer loop
      vertex 9.81176 10.5542 8
      vertex 10.2129 12.0514 8
      vertex 9.87937 12.1178 8
    endloop
  endfacet
  facet normal 0 0 1
    outer loop
      vertex 10.2129 12.0514 8
      vertex 9.81176 10.5542 8
      vertex 9.94182 10.5101 8
    endloop
  endfacet
  facet normal 0 0 1
    outer loop
      vertex 9.87937 12.1178 8
      vertex 9.67705 10.581 8
      vertex 9.81176 10.5542 8
    endloop
  endfacet
  facet normal 0 0 1
    outer loop
      vertex 9.54 12.14 8
      vertex 9.67705 10.581 8
      vertex 9.87937 12.1178 8
    endloop
  endfacet
  facet normal 0 0 1
    outer loop
      vertex 9.54 12.14 8
      vertex 9.54 10.59 8
      vertex 9.67705 10.581 8
    endloop
  endfacet
  facet normal 0 0 1
    outer loop
      vertex 9.54 12.14 8
      vertex 9.40295 10.581 8
      vertex 9.54 10.59 8
    endloop
  endfacet
  facet normal -0 0 1
    outer loop
      vertex 9.20063 12.1178 8
      vertex 9.40295 10.581 8
      vertex 9.54 12.14 8
    endloop
  endfacet
  facet normal 0 0 1
    outer loop
      vertex 9.40295 10.581 8
      vertex 9.20063 12.1178 8
      vertex 9.26824 10.5542 8
    endloop
  endfacet
  facet normal -0 0 1
    outer loop
      vertex 8.86707 12.0514 8
      vertex 9.26824 10.5542 8
      vertex 9.20063 12.1178 8
    endloop
  endfacet
  facet normal 0 0 1
    outer loop
      vertex 9.26824 10.5542 8
      vertex 8.86707 12.0514 8
      vertex 9.13818 10.5101 8
    endloop
  endfacet
  facet normal -0 0 1
    outer loop
      vertex 8.54502 11.9421 8
      vertex 9.13818 10.5101 8
      vertex 8.86707 12.0514 8
    endloop
  endfacet
  facet normal 0 0 1
    outer loop
      vertex 9.13818 10.5101 8
      vertex 8.54502 11.9421 8
      vertex 9.015 10.4493 8
    endloop
  endfacet
  facet normal -0 0 1
    outer loop
      vertex 8.24 11.7917 8
      vertex 9.015 10.4493 8
      vertex 8.54502 11.9421 8
    endloop
  endfacet
  facet normal 0 0 1
    outer loop
      vertex 9.015 10.4493 8
      vertex 8.24 11.7917 8
      vertex 8.9008 10.373 8
    endloop
  endfacet
  facet normal -0 0 1
    outer loop
      vertex 7.95722 11.6027 8
      vertex 8.9008 10.373 8
      vertex 8.24 11.7917 8
    endloop
  endfacet
  facet normal 0 0 1
    outer loop
      vertex 8.9008 10.373 8
      vertex 7.95722 11.6027 8
      vertex 8.79754 10.2825 8
    endloop
  endfacet
  facet normal -0 0 1
    outer loop
      vertex 7.70152 11.3785 8
      vertex 8.79754 10.2825 8
      vertex 7.95722 11.6027 8
    endloop
  endfacet
  facet normal 0 0 1
    outer loop
      vertex 8.79754 10.2825 8
      vertex 7.70152 11.3785 8
      vertex 8.70698 10.1792 8
    endloop
  endfacet
  facet normal -0 0 1
    outer loop
      vertex 7.47728 11.1228 8
      vertex 8.70698 10.1792 8
      vertex 7.70152 11.3785 8
    endloop
  endfacet
  facet normal 0 0 1
    outer loop
      vertex 8.70698 10.1792 8
      vertex 7.47728 11.1228 8
      vertex 8.63067 10.065 8
    endloop
  endfacet
  facet normal -0 0 1
    outer loop
      vertex 7.28833 10.84 8
      vertex 8.63067 10.065 8
      vertex 7.47728 11.1228 8
    endloop
  endfacet
  facet normal 0 0 1
    outer loop
      vertex 11.7917 8.24 8
      vertex 10.4493 9.015 8
      vertex 11.6027 7.95722 8
    endloop
  endfacet
  facet normal -0 0 1
    outer loop
      vertex 10.373 8.9008 8
      vertex 11.6027 7.95722 8
      vertex 10.4493 9.015 8
    endloop
  endfacet
  facet normal 0 0 1
    outer loop
      vertex 11.6027 7.95722 8
      vertex 10.373 8.9008 8
      vertex 11.3785 7.70152 8
    endloop
  endfacet
  facet normal -0 0 1
    outer loop
      vertex 10.2825 8.79754 8
      vertex 11.3785 7.70152 8
      vertex 10.373 8.9008 8
    endloop
  endfacet
  facet normal 0 0 1
    outer loop
      vertex 11.3785 7.70152 8
      vertex 10.2825 8.79754 8
      vertex 11.1228 7.47728 8
    endloop
  endfacet
  facet normal -0 0 1
    outer loop
      vertex 10.1792 8.70698 8
      vertex 11.1228 7.47728 8
      vertex 10.2825 8.79754 8
    endloop
  endfacet
  facet normal 0 0 1
    outer loop
      vertex 11.1228 7.47728 8
      vertex 10.1792 8.70698 8
      vertex 10.84 7.28833 8
    endloop
  endfacet
  facet normal -0 0 1
    outer loop
      vertex 10.065 8.63067 8
      vertex 10.84 7.28833 8
      vertex 10.1792 8.70698 8
    endloop
  endfacet
  facet normal 0 0 1
    outer loop
      vertex 10.84 7.28833 8
      vertex 10.065 8.63067 8
      vertex 10.535 7.13791 8
    endloop
  endfacet
  facet normal -0 0 1
    outer loop
      vertex 9.94182 8.56993 8
      vertex 10.535 7.13791 8
      vertex 10.065 8.63067 8
    endloop
  endfacet
  facet normal 0 0 1
    outer loop
      vertex 10.535 7.13791 8
      vertex 9.94182 8.56993 8
      vertex 10.2129 7.02859 8
    endloop
  endfacet
  facet normal -0 0 1
    outer loop
      vertex 9.81176 8.52578 8
      vertex 10.2129 7.02859 8
      vertex 9.94182 8.56993 8
    endloop
  endfacet
  facet normal 0 0 1
    outer loop
      vertex 10.2129 7.02859 8
      vertex 9.81176 8.52578 8
      vertex 9.87937 6.96224 8
    endloop
  endfacet
  facet normal -0 0 1
    outer loop
      vertex 9.67705 8.49898 8
      vertex 9.87937 6.96224 8
      vertex 9.81176 8.52578 8
    endloop
  endfacet
  facet normal -0 0 1
    outer loop
      vertex 9.54 8.49 8
      vertex 9.87937 6.96224 8
      vertex 9.67705 8.49898 8
    endloop
  endfacet
  facet normal 0 0 1
    outer loop
      vertex 9.54 8.49 8
      vertex 9.54 6.94 8
      vertex 9.87937 6.96224 8
    endloop
  endfacet
  facet normal 0 0 1
    outer loop
      vertex 9.40295 8.49898 8
      vertex 9.54 6.94 8
      vertex 9.54 8.49 8
    endloop
  endfacet
  facet normal 0 0 1
    outer loop
      vertex 9.20063 6.96224 8
      vertex 9.40295 8.49898 8
      vertex 9.26824 8.52578 8
    endloop
  endfacet
  facet normal 0 0 1
    outer loop
      vertex 9.40295 8.49898 8
      vertex 9.20063 6.96224 8
      vertex 9.54 6.94 8
    endloop
  endfacet
  facet normal 0 0 1
    outer loop
      vertex 8.86707 7.02859 8
      vertex 9.26824 8.52578 8
      vertex 9.13818 8.56993 8
    endloop
  endfacet
  facet normal 0 0 1
    outer loop
      vertex 8.54502 7.13791 8
      vertex 9.13818 8.56993 8
      vertex 9.015 8.63067 8
    endloop
  endfacet
  facet normal 0 0 1
    outer loop
      vertex 8.24 7.28833 8
      vertex 9.015 8.63067 8
      vertex 8.9008 8.70698 8
    endloop
  endfacet
  facet normal 0 0 1
    outer loop
      vertex 9.26824 8.52578 8
      vertex 8.86707 7.02859 8
      vertex 9.20063 6.96224 8
    endloop
  endfacet
  facet normal 0 0 1
    outer loop
      vertex 7.95722 7.47728 8
      vertex 8.9008 8.70698 8
      vertex 8.79754 8.79754 8
    endloop
  endfacet
  facet normal 0 0 1
    outer loop
      vertex 7.70152 7.70152 8
      vertex 8.79754 8.79754 8
      vertex 8.70698 8.9008 8
    endloop
  endfacet
  facet normal 0 0 1
    outer loop
      vertex 7.47728 7.95722 8
      vertex 8.70698 8.9008 8
      vertex 8.63067 9.015 8
    endloop
  endfacet
  facet normal 0 0 1
    outer loop
      vertex 7.28833 8.24 8
      vertex 8.63067 9.015 8
      vertex 8.56993 9.13818 8
    endloop
  endfacet
  facet normal 0 0 1
    outer loop
      vertex 9.13818 8.56993 8
      vertex 8.54502 7.13791 8
      vertex 8.86707 7.02859 8
    endloop
  endfacet
  facet normal 0 0 1
    outer loop
      vertex 7.13791 8.54502 8
      vertex 8.56993 9.13818 8
      vertex 8.52578 9.26824 8
    endloop
  endfacet
  facet normal 0 0 1
    outer loop
      vertex 7.02859 8.86707 8
      vertex 8.52578 9.26824 8
      vertex 8.49898 9.40295 8
    endloop
  endfacet
  facet normal 0 0 1
    outer loop
      vertex 6.96224 9.20063 8
      vertex 8.49898 9.40295 8
      vertex 8.49 9.54 8
    endloop
  endfacet
  facet normal 0 0 1
    outer loop
      vertex 8.63067 10.065 8
      vertex 7.28833 10.84 8
      vertex 8.56993 9.94182 8
    endloop
  endfacet
  facet normal 0 0 1
    outer loop
      vertex 9.015 8.63067 8
      vertex 8.24 7.28833 8
      vertex 8.54502 7.13791 8
    endloop
  endfacet
  facet normal -0 0 1
    outer loop
      vertex 7.13791 10.535 8
      vertex 8.56993 9.94182 8
      vertex 7.28833 10.84 8
    endloop
  endfacet
  facet normal 0 0 1
    outer loop
      vertex 8.9008 8.70698 8
      vertex 7.95722 7.47728 8
      vertex 8.24 7.28833 8
    endloop
  endfacet
  facet normal 0 0 1
    outer loop
      vertex 8.56993 9.94182 8
      vertex 7.13791 10.535 8
      vertex 8.52578 9.81176 8
    endloop
  endfacet
  facet normal 0 0 1
    outer loop
      vertex 8.79754 8.79754 8
      vertex 7.70152 7.70152 8
      vertex 7.95722 7.47728 8
    endloop
  endfacet
  facet normal -0 0 1
    outer loop
      vertex 7.02859 10.2129 8
      vertex 8.52578 9.81176 8
      vertex 7.13791 10.535 8
    endloop
  endfacet
  facet normal 0 0 1
    outer loop
      vertex 8.70698 8.9008 8
      vertex 7.47728 7.95722 8
      vertex 7.70152 7.70152 8
    endloop
  endfacet
  facet normal 0 0 1
    outer loop
      vertex 8.52578 9.81176 8
      vertex 7.02859 10.2129 8
      vertex 8.49898 9.67705 8
    endloop
  endfacet
  facet normal 0 0 1
    outer loop
      vertex 8.63067 9.015 8
      vertex 7.28833 8.24 8
      vertex 7.47728 7.95722 8
    endloop
  endfacet
  facet normal -0 0 1
    outer loop
      vertex 6.96224 9.87937 8
      vertex 8.49898 9.67705 8
      vertex 7.02859 10.2129 8
    endloop
  endfacet
  facet normal 0 0 1
    outer loop
      vertex 8.56993 9.13818 8
      vertex 7.13791 8.54502 8
      vertex 7.28833 8.24 8
    endloop
  endfacet
  facet normal 0 0 1
    outer loop
      vertex 8.49898 9.67705 8
      vertex 6.96224 9.87937 8
      vertex 8.49 9.54 8
    endloop
  endfacet
  facet normal 0 0 1
    outer loop
      vertex 8.52578 9.26824 8
      vertex 7.02859 8.86707 8
      vertex 7.13791 8.54502 8
    endloop
  endfacet
  facet normal 0 0 1
    outer loop
      vertex 6.94 9.54 8
      vertex 8.49 9.54 8
      vertex 6.96224 9.87937 8
    endloop
  endfacet
  facet normal 0 0 1
    outer loop
      vertex 8.49898 9.40295 8
      vertex 6.96224 9.20063 8
      vertex 7.02859 8.86707 8
    endloop
  endfacet
  facet normal 0 0 1
    outer loop
      vertex 8.49 9.54 8
      vertex 6.94 9.54 8
      vertex 6.96224 9.20063 8
    endloop
  endfacet
  facet normal 0.831398 -0.555677 0
    outer loop
      vertex 11.6027 7.95722 8
      vertex 11.7917 8.24 2
      vertex 11.7917 8.24 8
    endloop
  endfacet
  facet normal 0.831398 -0.555677 0
    outer loop
      vertex 11.7917 8.24 2
      vertex 11.6027 7.95722 8
      vertex 11.6027 7.95722 2
    endloop
  endfacet
  facet normal 0.659341 -0.751844 0
    outer loop
      vertex 11.1228 7.47728 2
      vertex 11.3785 7.70152 8
      vertex 11.1228 7.47728 8
    endloop
  endfacet
  facet normal 0.659341 -0.751844 0
    outer loop
      vertex 11.3785 7.70152 8
      vertex 11.1228 7.47728 2
      vertex 11.3785 7.70152 2
    endloop
  endfacet
  facet normal 0.896895 -0.442243 0
    outer loop
      vertex 11.7917 8.24 8
      vertex 11.9421 8.54502 2
      vertex 11.9421 8.54502 8
    endloop
  endfacet
  facet normal 0.896895 -0.442243 0
    outer loop
      vertex 11.9421 8.54502 2
      vertex 11.7917 8.24 8
      vertex 11.7917 8.24 2
    endloop
  endfacet
  facet normal 0.0653929 -0.99786 0
    outer loop
      vertex 9.54 6.94 2
      vertex 9.87937 6.96224 8
      vertex 9.54 6.94 8
    endloop
  endfacet
  facet normal 0.0653929 -0.99786 0
    outer loop
      vertex 9.87937 6.96224 8
      vertex 9.54 6.94 2
      vertex 9.87937 6.96224 2
    endloop
  endfacet
  facet normal -0.946931 -0.321436 0
    outer loop
      vertex 7.13791 8.54502 2
      vertex 7.02859 8.86707 8
      vertex 7.02859 8.86707 2
    endloop
  endfacet
  facet normal -0.946931 -0.321436 0
    outer loop
      vertex 7.02859 8.86707 8
      vertex 7.13791 8.54502 2
      vertex 7.13791 8.54502 8
    endloop
  endfacet
  facet normal 0.946949 -0.321383 0
    outer loop
      vertex 11.9421 8.54502 8
      vertex 12.0514 8.86707 2
      vertex 12.0514 8.86707 8
    endloop
  endfacet
  facet normal 0.946949 -0.321383 0
    outer loop
      vertex 12.0514 8.86707 2
      vertex 11.9421 8.54502 8
      vertex 11.9421 8.54502 2
    endloop
  endfacet
  facet normal -0.195093 -0.980785 0
    outer loop
      vertex 8.86707 7.02859 2
      vertex 9.20063 6.96224 8
      vertex 8.86707 7.02859 8
    endloop
  endfacet
  facet normal -0.195093 -0.980785 -0
    outer loop
      vertex 9.20063 6.96224 8
      vertex 8.86707 7.02859 2
      vertex 9.20063 6.96224 2
    endloop
  endfacet
  facet normal -0.442291 -0.896872 0
    outer loop
      vertex 8.24 7.28833 2
      vertex 8.54502 7.13791 8
      vertex 8.24 7.28833 8
    endloop
  endfacet
  facet normal -0.442291 -0.896872 -0
    outer loop
      vertex 8.54502 7.13791 8
      vertex 8.24 7.28833 2
      vertex 8.54502 7.13791 2
    endloop
  endfacet
  facet normal -0.321436 -0.946931 0
    outer loop
      vertex 8.54502 7.13791 2
      vertex 8.86707 7.02859 8
      vertex 8.54502 7.13791 8
    endloop
  endfacet
  facet normal -0.321436 -0.946931 -0
    outer loop
      vertex 8.86707 7.02859 8
      vertex 8.54502 7.13791 2
      vertex 8.86707 7.02859 2
    endloop
  endfacet
  facet normal -0.555575 -0.831466 0
    outer loop
      vertex 7.95722 7.47728 2
      vertex 8.24 7.28833 8
      vertex 7.95722 7.47728 8
    endloop
  endfacet
  facet normal -0.555575 -0.831466 -0
    outer loop
      vertex 8.24 7.28833 8
      vertex 7.95722 7.47728 2
      vertex 8.24 7.28833 2
    endloop
  endfacet
  facet normal -0.659341 -0.751844 0
    outer loop
      vertex 7.70152 7.70152 2
      vertex 7.95722 7.47728 8
      vertex 7.70152 7.70152 8
    endloop
  endfacet
  facet normal -0.659341 -0.751844 -0
    outer loop
      vertex 7.95722 7.47728 8
      vertex 7.70152 7.70152 2
      vertex 7.95722 7.47728 2
    endloop
  endfacet
  facet normal 0.751902 -0.659275 0
    outer loop
      vertex 11.3785 7.70152 8
      vertex 11.6027 7.95722 2
      vertex 11.6027 7.95722 8
    endloop
  endfacet
  facet normal 0.751902 -0.659275 0
    outer loop
      vertex 11.6027 7.95722 2
      vertex 11.3785 7.70152 8
      vertex 11.3785 7.70152 2
    endloop
  endfacet
  facet normal -0.0653929 -0.99786 0
    outer loop
      vertex 9.20063 6.96224 2
      vertex 9.54 6.94 8
      vertex 9.20063 6.96224 8
    endloop
  endfacet
  facet normal -0.0653929 -0.99786 -0
    outer loop
      vertex 9.54 6.94 8
      vertex 9.20063 6.96224 2
      vertex 9.54 6.94 2
    endloop
  endfacet
  facet normal -0.997851 -0.0655283 0
    outer loop
      vertex 10.59 9.54 2.01
      vertex 10.581 9.67705 8
      vertex 10.581 9.67705 2.01
    endloop
  endfacet
  facet normal -0.997851 -0.0655283 0
    outer loop
      vertex 10.581 9.67705 8
      vertex 10.59 9.54 2.01
      vertex 10.59 9.54 8
    endloop
  endfacet
  facet normal 0.99786 -0.0653833 0
    outer loop
      vertex 8.49 9.54 8
      vertex 8.49898 9.67705 2.01
      vertex 8.49898 9.67705 8
    endloop
  endfacet
  facet normal 0.99786 -0.0653833 0
    outer loop
      vertex 8.49898 9.67705 2.01
      vertex 8.49 9.54 8
      vertex 8.49 9.54 2.01
    endloop
  endfacet
  facet normal 0.0655283 -0.997851 0
    outer loop
      vertex 9.40295 10.581 2.01
      vertex 9.54 10.59 8
      vertex 9.40295 10.581 8
    endloop
  endfacet
  facet normal 0.0655283 -0.997851 0
    outer loop
      vertex 9.54 10.59 8
      vertex 9.40295 10.581 2.01
      vertex 9.54 10.59 2.01
    endloop
  endfacet
  facet normal -0.658968 -0.752171 0
    outer loop
      vertex 10.1792 10.373 2.01
      vertex 10.2825 10.2825 8
      vertex 10.1792 10.373 8
    endloop
  endfacet
  facet normal -0.658968 -0.752171 -0
    outer loop
      vertex 10.2825 10.2825 8
      vertex 10.1792 10.373 2.01
      vertex 10.2825 10.2825 2.01
    endloop
  endfacet
  facet normal 0.659113 -0.752044 0
    outer loop
      vertex 8.79754 10.2825 2.01
      vertex 8.9008 10.373 8
      vertex 8.79754 10.2825 8
    endloop
  endfacet
  facet normal 0.659113 -0.752044 0
    outer loop
      vertex 8.9008 10.373 8
      vertex 8.79754 10.2825 2.01
      vertex 8.9008 10.373 2.01
    endloop
  endfacet
  facet normal 0.442607 -0.896716 0
    outer loop
      vertex 9.015 10.4493 2.01
      vertex 9.13818 10.5101 8
      vertex 9.015 10.4493 8
    endloop
  endfacet
  facet normal 0.442607 -0.896716 0
    outer loop
      vertex 9.13818 10.5101 8
      vertex 9.015 10.4493 2.01
      vertex 9.13818 10.5101 2.01
    endloop
  endfacet
  facet normal -0.896716 -0.442607 0
    outer loop
      vertex 10.5101 9.94182 2.01
      vertex 10.4493 10.065 8
      vertex 10.4493 10.065 2.01
    endloop
  endfacet
  facet normal -0.896716 -0.442607 0
    outer loop
      vertex 10.4493 10.065 8
      vertex 10.5101 9.94182 2.01
      vertex 10.5101 9.94182 8
    endloop
  endfacet
  facet normal -0.980779 -0.195122 0
    outer loop
      vertex 10.581 9.67705 2.01
      vertex 10.5542 9.81176 8
      vertex 10.5542 9.81176 2.01
    endloop
  endfacet
  facet normal -0.980779 -0.195122 0
    outer loop
      vertex 10.5542 9.81176 8
      vertex 10.581 9.67705 2.01
      vertex 10.581 9.67705 8
    endloop
  endfacet
  facet normal -0.321117 -0.94704 0
    outer loop
      vertex 9.81176 10.5542 2.01
      vertex 9.94182 10.5101 8
      vertex 9.81176 10.5542 8
    endloop
  endfacet
  facet normal -0.321117 -0.94704 -0
    outer loop
      vertex 9.94182 10.5101 8
      vertex 9.81176 10.5542 2.01
      vertex 9.94182 10.5101 2.01
    endloop
  endfacet
  facet normal -0.195122 -0.980779 0
    outer loop
      vertex 9.67705 10.581 2.01
      vertex 9.81176 10.5542 8
      vertex 9.67705 10.581 8
    endloop
  endfacet
  facet normal -0.195122 -0.980779 -0
    outer loop
      vertex 9.81176 10.5542 8
      vertex 9.67705 10.581 2.01
      vertex 9.81176 10.5542 2.01
    endloop
  endfacet
  facet normal -0.55554 -0.83149 0
    outer loop
      vertex 10.065 10.4493 2.01
      vertex 10.1792 10.373 8
      vertex 10.065 10.4493 8
    endloop
  endfacet
  facet normal -0.55554 -0.83149 -0
    outer loop
      vertex 10.1792 10.373 8
      vertex 10.065 10.4493 2.01
      vertex 10.1792 10.373 2.01
    endloop
  endfacet
  facet normal 0.896889 -0.442256 0
    outer loop
      vertex 8.56993 9.94182 8
      vertex 8.63067 10.065 2.01
      vertex 8.63067 10.065 8
    endloop
  endfacet
  facet normal 0.896889 -0.442256 0
    outer loop
      vertex 8.63067 10.065 2.01
      vertex 8.56993 9.94182 8
      vertex 8.56993 9.94182 2.01
    endloop
  endfacet
  facet normal 0.831456 -0.55559 0
    outer loop
      vertex 8.63067 10.065 8
      vertex 8.70698 10.1792 2.01
      vertex 8.70698 10.1792 8
    endloop
  endfacet
  facet normal 0.831456 -0.55559 0
    outer loop
      vertex 8.70698 10.1792 2.01
      vertex 8.63067 10.065 8
      vertex 8.63067 10.065 2.01
    endloop
  endfacet
  facet normal 0.980779 -0.195122 0
    outer loop
      vertex 8.49898 9.67705 8
      vertex 8.52578 9.81176 2.01
      vertex 8.52578 9.81176 8
    endloop
  endfacet
  facet normal 0.980779 -0.195122 0
    outer loop
      vertex 8.52578 9.81176 2.01
      vertex 8.49898 9.67705 8
      vertex 8.49898 9.67705 2.01
    endloop
  endfacet
  facet normal 0.55554 -0.83149 0
    outer loop
      vertex 8.9008 10.373 2.01
      vertex 9.015 10.4493 8
      vertex 8.9008 10.373 8
    endloop
  endfacet
  facet normal 0.55554 -0.83149 0
    outer loop
      vertex 9.015 10.4493 8
      vertex 8.9008 10.373 2.01
      vertex 9.015 10.4493 2.01
    endloop
  endfacet
  facet normal 0.195122 -0.980779 0
    outer loop
      vertex 9.26824 10.5542 2.01
      vertex 9.40295 10.581 8
      vertex 9.26824 10.5542 8
    endloop
  endfacet
  facet normal 0.195122 -0.980779 0
    outer loop
      vertex 9.40295 10.581 8
      vertex 9.26824 10.5542 2.01
      vertex 9.40295 10.581 2.01
    endloop
  endfacet
  facet normal 0.195122 0.980779 -0
    outer loop
      vertex 9.40295 8.49898 2.01
      vertex 9.26824 8.52578 8
      vertex 9.40295 8.49898 8
    endloop
  endfacet
  facet normal 0.195122 0.980779 0
    outer loop
      vertex 9.26824 8.52578 8
      vertex 9.40295 8.49898 2.01
      vertex 9.26824 8.52578 2.01
    endloop
  endfacet
  facet normal 0.896889 0.442256 0
    outer loop
      vertex 8.63067 9.015 8
      vertex 8.56993 9.13818 2.01
      vertex 8.56993 9.13818 8
    endloop
  endfacet
  facet normal 0.896889 0.442256 0
    outer loop
      vertex 8.56993 9.13818 2.01
      vertex 8.63067 9.015 8
      vertex 8.63067 9.015 2.01
    endloop
  endfacet
  facet normal -0.195122 0.980779 0
    outer loop
      vertex 9.81176 8.52578 2.01
      vertex 9.67705 8.49898 8
      vertex 9.81176 8.52578 8
    endloop
  endfacet
  facet normal -0.195122 0.980779 0
    outer loop
      vertex 9.67705 8.49898 8
      vertex 9.81176 8.52578 2.01
      vertex 9.67705 8.49898 2.01
    endloop
  endfacet
  facet normal -0.94704 -0.321117 0
    outer loop
      vertex 10.5542 9.81176 2.01
      vertex 10.5101 9.94182 8
      vertex 10.5101 9.94182 2.01
    endloop
  endfacet
  facet normal -0.94704 -0.321117 0
    outer loop
      vertex 10.5101 9.94182 8
      vertex 10.5542 9.81176 2.01
      vertex 10.5542 9.81176 8
    endloop
  endfacet
  facet normal -0.752171 -0.658968 0
    outer loop
      vertex 10.373 10.1792 2.01
      vertex 10.2825 10.2825 8
      vertex 10.2825 10.2825 2.01
    endloop
  endfacet
  facet normal -0.752171 -0.658968 0
    outer loop
      vertex 10.2825 10.2825 8
      vertex 10.373 10.1792 2.01
      vertex 10.373 10.1792 8
    endloop
  endfacet
  facet normal -0.83149 -0.55554 0
    outer loop
      vertex 10.4493 10.065 2.01
      vertex 10.373 10.1792 8
      vertex 10.373 10.1792 2.01
    endloop
  endfacet
  facet normal -0.83149 -0.55554 0
    outer loop
      vertex 10.373 10.1792 8
      vertex 10.4493 10.065 2.01
      vertex 10.4493 10.065 8
    endloop
  endfacet
  facet normal -0.0655283 -0.997851 0
    outer loop
      vertex 9.54 10.59 2.01
      vertex 9.67705 10.581 8
      vertex 9.54 10.59 8
    endloop
  endfacet
  facet normal -0.0655283 -0.997851 -0
    outer loop
      vertex 9.67705 10.581 8
      vertex 9.54 10.59 2.01
      vertex 9.67705 10.581 2.01
    endloop
  endfacet
  facet normal -0.442607 -0.896716 0
    outer loop
      vertex 9.94182 10.5101 2.01
      vertex 10.065 10.4493 8
      vertex 9.94182 10.5101 8
    endloop
  endfacet
  facet normal -0.442607 -0.896716 -0
    outer loop
      vertex 10.065 10.4493 8
      vertex 9.94182 10.5101 2.01
      vertex 10.065 10.4493 2.01
    endloop
  endfacet
  facet normal 0.751954 -0.659215 0
    outer loop
      vertex 8.70698 10.1792 8
      vertex 8.79754 10.2825 2.01
      vertex 8.79754 10.2825 8
    endloop
  endfacet
  facet normal 0.751954 -0.659215 0
    outer loop
      vertex 8.79754 10.2825 2.01
      vertex 8.70698 10.1792 8
      vertex 8.70698 10.1792 2.01
    endloop
  endfacet
  facet normal 0.946929 -0.321443 0
    outer loop
      vertex 8.52578 9.81176 8
      vertex 8.56993 9.94182 2.01
      vertex 8.56993 9.94182 8
    endloop
  endfacet
  facet normal 0.946929 -0.321443 0
    outer loop
      vertex 8.56993 9.94182 2.01
      vertex 8.52578 9.81176 8
      vertex 8.52578 9.81176 2.01
    endloop
  endfacet
  facet normal -0.997851 0.0655283 0
    outer loop
      vertex 10.581 9.40295 2.01
      vertex 10.59 9.54 8
      vertex 10.59 9.54 2.01
    endloop
  endfacet
  facet normal -0.997851 0.0655283 0
    outer loop
      vertex 10.59 9.54 8
      vertex 10.581 9.40295 2.01
      vertex 10.581 9.40295 8
    endloop
  endfacet
  facet normal -0.980779 0.195122 0
    outer loop
      vertex 10.5542 9.26824 2.01
      vertex 10.581 9.40295 8
      vertex 10.581 9.40295 2.01
    endloop
  endfacet
  facet normal -0.980779 0.195122 0
    outer loop
      vertex 10.581 9.40295 8
      vertex 10.5542 9.26824 2.01
      vertex 10.5542 9.26824 8
    endloop
  endfacet
  facet normal 0.0653833 0.99786 -0
    outer loop
      vertex 9.54 8.49 2.01
      vertex 9.40295 8.49898 8
      vertex 9.54 8.49 8
    endloop
  endfacet
  facet normal 0.0653833 0.99786 0
    outer loop
      vertex 9.40295 8.49898 8
      vertex 9.54 8.49 2.01
      vertex 9.40295 8.49898 2.01
    endloop
  endfacet
  facet normal 0.831456 0.55559 0
    outer loop
      vertex 8.70698 8.9008 8
      vertex 8.63067 9.015 2.01
      vertex 8.63067 9.015 8
    endloop
  endfacet
  facet normal 0.831456 0.55559 0
    outer loop
      vertex 8.63067 9.015 2.01
      vertex 8.70698 8.9008 8
      vertex 8.70698 8.9008 2.01
    endloop
  endfacet
  facet normal 0.99786 0.0653833 0
    outer loop
      vertex 8.49898 9.40295 8
      vertex 8.49 9.54 2.01
      vertex 8.49 9.54 8
    endloop
  endfacet
  facet normal 0.99786 0.0653833 0
    outer loop
      vertex 8.49 9.54 2.01
      vertex 8.49898 9.40295 8
      vertex 8.49898 9.40295 2.01
    endloop
  endfacet
  facet normal -0.442256 0.896889 0
    outer loop
      vertex 10.065 8.63067 2.01
      vertex 9.94182 8.56993 8
      vertex 10.065 8.63067 8
    endloop
  endfacet
  facet normal -0.442256 0.896889 0
    outer loop
      vertex 9.94182 8.56993 8
      vertex 10.065 8.63067 2.01
      vertex 9.94182 8.56993 2.01
    endloop
  endfacet
  facet normal -0.321443 0.946929 0
    outer loop
      vertex 9.94182 8.56993 2.01
      vertex 9.81176 8.52578 8
      vertex 9.94182 8.56993 8
    endloop
  endfacet
  facet normal -0.321443 0.946929 0
    outer loop
      vertex 9.81176 8.52578 8
      vertex 9.94182 8.56993 2.01
      vertex 9.81176 8.52578 2.01
    endloop
  endfacet
  facet normal 0.321117 -0.94704 0
    outer loop
      vertex 9.13818 10.5101 2.01
      vertex 9.26824 10.5542 8
      vertex 9.13818 10.5101 8
    endloop
  endfacet
  facet normal 0.321117 -0.94704 0
    outer loop
      vertex 9.26824 10.5542 8
      vertex 9.13818 10.5101 2.01
      vertex 9.26824 10.5542 2.01
    endloop
  endfacet
  facet normal -0.83149 0.55554 0
    outer loop
      vertex 10.373 8.9008 2.01
      vertex 10.4493 9.015 8
      vertex 10.4493 9.015 2.01
    endloop
  endfacet
  facet normal -0.83149 0.55554 0
    outer loop
      vertex 10.4493 9.015 8
      vertex 10.373 8.9008 2.01
      vertex 10.373 8.9008 8
    endloop
  endfacet
  facet normal -0.55559 0.831456 0
    outer loop
      vertex 10.1792 8.70698 2.01
      vertex 10.065 8.63067 8
      vertex 10.1792 8.70698 8
    endloop
  endfacet
  facet normal -0.55559 0.831456 0
    outer loop
      vertex 10.065 8.63067 8
      vertex 10.1792 8.70698 2.01
      vertex 10.065 8.63067 2.01
    endloop
  endfacet
  facet normal -0.752044 0.659113 0
    outer loop
      vertex 10.2825 8.79754 2.01
      vertex 10.373 8.9008 8
      vertex 10.373 8.9008 2.01
    endloop
  endfacet
  facet normal -0.752044 0.659113 0
    outer loop
      vertex 10.373 8.9008 8
      vertex 10.2825 8.79754 2.01
      vertex 10.2825 8.79754 8
    endloop
  endfacet
  facet normal -0.896716 0.442607 0
    outer loop
      vertex 10.4493 9.015 2.01
      vertex 10.5101 9.13818 8
      vertex 10.5101 9.13818 2.01
    endloop
  endfacet
  facet normal -0.896716 0.442607 0
    outer loop
      vertex 10.5101 9.13818 8
      vertex 10.4493 9.015 2.01
      vertex 10.4493 9.015 8
    endloop
  endfacet
  facet normal 0.751827 0.65936 0
    outer loop
      vertex 8.79754 8.79754 8
      vertex 8.70698 8.9008 2.01
      vertex 8.70698 8.9008 8
    endloop
  endfacet
  facet normal 0.751827 0.65936 0
    outer loop
      vertex 8.70698 8.9008 2.01
      vertex 8.79754 8.79754 8
      vertex 8.79754 8.79754 2.01
    endloop
  endfacet
  facet normal -0.659215 0.751954 0
    outer loop
      vertex 10.2825 8.79754 2.01
      vertex 10.1792 8.70698 8
      vertex 10.2825 8.79754 8
    endloop
  endfacet
  facet normal -0.659215 0.751954 0
    outer loop
      vertex 10.1792 8.70698 8
      vertex 10.2825 8.79754 2.01
      vertex 10.1792 8.70698 2.01
    endloop
  endfacet
  facet normal -0.94704 0.321117 0
    outer loop
      vertex 10.5101 9.13818 2.01
      vertex 10.5542 9.26824 8
      vertex 10.5542 9.26824 2.01
    endloop
  endfacet
  facet normal -0.94704 0.321117 0
    outer loop
      vertex 10.5542 9.26824 8
      vertex 10.5101 9.13818 2.01
      vertex 10.5101 9.13818 8
    endloop
  endfacet
  facet normal -0.0653833 0.99786 0
    outer loop
      vertex 9.67705 8.49898 2.01
      vertex 9.54 8.49 8
      vertex 9.67705 8.49898 8
    endloop
  endfacet
  facet normal -0.0653833 0.99786 0
    outer loop
      vertex 9.54 8.49 8
      vertex 9.67705 8.49898 2.01
      vertex 9.54 8.49 2.01
    endloop
  endfacet
  facet normal 0.65936 0.751827 -0
    outer loop
      vertex 8.9008 8.70698 2.01
      vertex 8.79754 8.79754 8
      vertex 8.9008 8.70698 8
    endloop
  endfacet
  facet normal 0.65936 0.751827 0
    outer loop
      vertex 8.79754 8.79754 8
      vertex 8.9008 8.70698 2.01
      vertex 8.79754 8.79754 2.01
    endloop
  endfacet
  facet normal 0.946929 0.321443 0
    outer loop
      vertex 8.56993 9.13818 8
      vertex 8.52578 9.26824 2.01
      vertex 8.52578 9.26824 8
    endloop
  endfacet
  facet normal 0.946929 0.321443 0
    outer loop
      vertex 8.52578 9.26824 2.01
      vertex 8.56993 9.13818 8
      vertex 8.56993 9.13818 2.01
    endloop
  endfacet
  facet normal 0 0 1
    outer loop
      vertex 10.581 9.67705 2.01
      vertex 10.581 9.40295 2.01
      vertex 10.59 9.54 2.01
    endloop
  endfacet
  facet normal 0 0 1
    outer loop
      vertex 10.5542 9.81176 2.01
      vertex 10.581 9.40295 2.01
      vertex 10.581 9.67705 2.01
    endloop
  endfacet
  facet normal 0 0 1
    outer loop
      vertex 10.5542 9.81176 2.01
      vertex 10.5542 9.26824 2.01
      vertex 10.581 9.40295 2.01
    endloop
  endfacet
  facet normal 0 0 1
    outer loop
      vertex 10.5101 9.94182 2.01
      vertex 10.5542 9.26824 2.01
      vertex 10.5542 9.81176 2.01
    endloop
  endfacet
  facet normal 0 0 1
    outer loop
      vertex 10.5101 9.94182 2.01
      vertex 10.5101 9.13818 2.01
      vertex 10.5542 9.26824 2.01
    endloop
  endfacet
  facet normal 0 0 1
    outer loop
      vertex 10.4493 10.065 2.01
      vertex 10.5101 9.13818 2.01
      vertex 10.5101 9.94182 2.01
    endloop
  endfacet
  facet normal 0 0 1
    outer loop
      vertex 10.4493 10.065 2.01
      vertex 10.4493 9.015 2.01
      vertex 10.5101 9.13818 2.01
    endloop
  endfacet
  facet normal 0 0 1
    outer loop
      vertex 10.373 10.1792 2.01
      vertex 10.4493 9.015 2.01
      vertex 10.4493 10.065 2.01
    endloop
  endfacet
  facet normal 0 0 1
    outer loop
      vertex 10.373 10.1792 2.01
      vertex 10.373 8.9008 2.01
      vertex 10.4493 9.015 2.01
    endloop
  endfacet
  facet normal 0 0 1
    outer loop
      vertex 10.2825 10.2825 2.01
      vertex 10.373 8.9008 2.01
      vertex 10.373 10.1792 2.01
    endloop
  endfacet
  facet normal 0 0 1
    outer loop
      vertex 10.2825 10.2825 2.01
      vertex 10.2825 8.79754 2.01
      vertex 10.373 8.9008 2.01
    endloop
  endfacet
  facet normal 0 0 1
    outer loop
      vertex 10.1792 10.373 2.01
      vertex 10.2825 8.79754 2.01
      vertex 10.2825 10.2825 2.01
    endloop
  endfacet
  facet normal 0 0 1
    outer loop
      vertex 10.1792 10.373 2.01
      vertex 10.1792 8.70698 2.01
      vertex 10.2825 8.79754 2.01
    endloop
  endfacet
  facet normal 0 0 1
    outer loop
      vertex 10.065 10.4493 2.01
      vertex 10.1792 8.70698 2.01
      vertex 10.1792 10.373 2.01
    endloop
  endfacet
  facet normal 0 0 1
    outer loop
      vertex 10.065 10.4493 2.01
      vertex 10.065 8.63067 2.01
      vertex 10.1792 8.70698 2.01
    endloop
  endfacet
  facet normal 0 0 1
    outer loop
      vertex 9.94182 10.5101 2.01
      vertex 10.065 8.63067 2.01
      vertex 10.065 10.4493 2.01
    endloop
  endfacet
  facet normal 0 0 1
    outer loop
      vertex 9.94182 10.5101 2.01
      vertex 9.94182 8.56993 2.01
      vertex 10.065 8.63067 2.01
    endloop
  endfacet
  facet normal 0 0 1
    outer loop
      vertex 9.81176 10.5542 2.01
      vertex 9.94182 8.56993 2.01
      vertex 9.94182 10.5101 2.01
    endloop
  endfacet
  facet normal 0 0 1
    outer loop
      vertex 9.81176 10.5542 2.01
      vertex 9.81176 8.52578 2.01
      vertex 9.94182 8.56993 2.01
    endloop
  endfacet
  facet normal 0 0 1
    outer loop
      vertex 9.67705 10.581 2.01
      vertex 9.81176 8.52578 2.01
      vertex 9.81176 10.5542 2.01
    endloop
  endfacet
  facet normal 0 0 1
    outer loop
      vertex 9.67705 10.581 2.01
      vertex 9.67705 8.49898 2.01
      vertex 9.81176 8.52578 2.01
    endloop
  endfacet
  facet normal 0 0 1
    outer loop
      vertex 9.54 10.59 2.01
      vertex 9.67705 8.49898 2.01
      vertex 9.67705 10.581 2.01
    endloop
  endfacet
  facet normal 0 0 1
    outer loop
      vertex 9.54 10.59 2.01
      vertex 9.54 8.49 2.01
      vertex 9.67705 8.49898 2.01
    endloop
  endfacet
  facet normal -0 0 1
    outer loop
      vertex 9.40295 10.581 2.01
      vertex 9.54 8.49 2.01
      vertex 9.54 10.59 2.01
    endloop
  endfacet
  facet normal 0 0 1
    outer loop
      vertex 9.40295 10.581 2.01
      vertex 9.40295 8.49898 2.01
      vertex 9.54 8.49 2.01
    endloop
  endfacet
  facet normal -0 0 1
    outer loop
      vertex 9.26824 10.5542 2.01
      vertex 9.40295 8.49898 2.01
      vertex 9.40295 10.581 2.01
    endloop
  endfacet
  facet normal 0 0 1
    outer loop
      vertex 9.26824 10.5542 2.01
      vertex 9.26824 8.52578 2.01
      vertex 9.40295 8.49898 2.01
    endloop
  endfacet
  facet normal -0 0 1
    outer loop
      vertex 9.13818 10.5101 2.01
      vertex 9.26824 8.52578 2.01
      vertex 9.26824 10.5542 2.01
    endloop
  endfacet
  facet normal 0 0 1
    outer loop
      vertex 9.13818 10.5101 2.01
      vertex 9.13818 8.56993 2.01
      vertex 9.26824 8.52578 2.01
    endloop
  endfacet
  facet normal -0 0 1
    outer loop
      vertex 9.015 10.4493 2.01
      vertex 9.13818 8.56993 2.01
      vertex 9.13818 10.5101 2.01
    endloop
  endfacet
  facet normal 0 0 1
    outer loop
      vertex 9.015 10.4493 2.01
      vertex 9.015 8.63067 2.01
      vertex 9.13818 8.56993 2.01
    endloop
  endfacet
  facet normal -0 0 1
    outer loop
      vertex 8.9008 10.373 2.01
      vertex 9.015 8.63067 2.01
      vertex 9.015 10.4493 2.01
    endloop
  endfacet
  facet normal 0 0 1
    outer loop
      vertex 8.9008 10.373 2.01
      vertex 8.9008 8.70698 2.01
      vertex 9.015 8.63067 2.01
    endloop
  endfacet
  facet normal -0 0 1
    outer loop
      vertex 8.79754 10.2825 2.01
      vertex 8.9008 8.70698 2.01
      vertex 8.9008 10.373 2.01
    endloop
  endfacet
  facet normal 0 0 1
    outer loop
      vertex 8.79754 10.2825 2.01
      vertex 8.79754 8.79754 2.01
      vertex 8.9008 8.70698 2.01
    endloop
  endfacet
  facet normal -0 0 1
    outer loop
      vertex 8.70698 10.1792 2.01
      vertex 8.79754 8.79754 2.01
      vertex 8.79754 10.2825 2.01
    endloop
  endfacet
  facet normal 0 0 1
    outer loop
      vertex 8.70698 10.1792 2.01
      vertex 8.70698 8.9008 2.01
      vertex 8.79754 8.79754 2.01
    endloop
  endfacet
  facet normal -0 0 1
    outer loop
      vertex 8.63067 10.065 2.01
      vertex 8.70698 8.9008 2.01
      vertex 8.70698 10.1792 2.01
    endloop
  endfacet
  facet normal 0 0 1
    outer loop
      vertex 8.63067 10.065 2.01
      vertex 8.63067 9.015 2.01
      vertex 8.70698 8.9008 2.01
    endloop
  endfacet
  facet normal -0 0 1
    outer loop
      vertex 8.56993 9.94182 2.01
      vertex 8.63067 9.015 2.01
      vertex 8.63067 10.065 2.01
    endloop
  endfacet
  facet normal 0 0 1
    outer loop
      vertex 8.56993 9.94182 2.01
      vertex 8.56993 9.13818 2.01
      vertex 8.63067 9.015 2.01
    endloop
  endfacet
  facet normal -0 0 1
    outer loop
      vertex 8.52578 9.81176 2.01
      vertex 8.56993 9.13818 2.01
      vertex 8.56993 9.94182 2.01
    endloop
  endfacet
  facet normal 0 0 1
    outer loop
      vertex 8.52578 9.81176 2.01
      vertex 8.52578 9.26824 2.01
      vertex 8.56993 9.13818 2.01
    endloop
  endfacet
  facet normal -0 0 1
    outer loop
      vertex 8.49898 9.67705 2.01
      vertex 8.52578 9.26824 2.01
      vertex 8.52578 9.81176 2.01
    endloop
  endfacet
  facet normal 0 0 1
    outer loop
      vertex 8.49898 9.67705 2.01
      vertex 8.49898 9.40295 2.01
      vertex 8.52578 9.26824 2.01
    endloop
  endfacet
  facet normal 0 -0 1
    outer loop
      vertex 8.49898 9.40295 2.01
      vertex 8.49898 9.67705 2.01
      vertex 8.49 9.54 2.01
    endloop
  endfacet
  facet normal 0.980779 0.195122 0
    outer loop
      vertex 8.52578 9.26824 8
      vertex 8.49898 9.40295 2.01
      vertex 8.49898 9.40295 8
    endloop
  endfacet
  facet normal 0.980779 0.195122 0
    outer loop
      vertex 8.49898 9.40295 2.01
      vertex 8.52578 9.26824 8
      vertex 8.52578 9.26824 2.01
    endloop
  endfacet
  facet normal 0.55559 0.831456 -0
    outer loop
      vertex 9.015 8.63067 2.01
      vertex 8.9008 8.70698 8
      vertex 9.015 8.63067 8
    endloop
  endfacet
  facet normal 0.55559 0.831456 0
    outer loop
      vertex 8.9008 8.70698 8
      vertex 9.015 8.63067 2.01
      vertex 8.9008 8.70698 2.01
    endloop
  endfacet
  facet normal 0.321443 0.946929 -0
    outer loop
      vertex 9.26824 8.52578 2.01
      vertex 9.13818 8.56993 8
      vertex 9.26824 8.52578 8
    endloop
  endfacet
  facet normal 0.321443 0.946929 0
    outer loop
      vertex 9.13818 8.56993 8
      vertex 9.26824 8.52578 2.01
      vertex 9.13818 8.56993 2.01
    endloop
  endfacet
  facet normal 0.442256 0.896889 -0
    outer loop
      vertex 9.13818 8.56993 2.01
      vertex 9.015 8.63067 8
      vertex 9.13818 8.56993 8
    endloop
  endfacet
  facet normal 0.442256 0.896889 0
    outer loop
      vertex 9.015 8.63067 8
      vertex 9.13818 8.56993 2.01
      vertex 9.015 8.63067 2.01
    endloop
  endfacet
  facet normal 0.831417 0.55565 0
    outer loop
      vertex 11.7917 23.54 8
      vertex 11.6027 23.8228 2
      vertex 11.6027 23.8228 8
    endloop
  endfacet
  facet normal 0.831417 0.55565 0
    outer loop
      vertex 11.6027 23.8228 2
      vertex 11.7917 23.54 8
      vertex 11.7917 23.54 2
    endloop
  endfacet
  facet normal 0.321339 0.946964 -0
    outer loop
      vertex 10.535 24.6421 2
      vertex 10.2129 24.7514 8
      vertex 10.535 24.6421 8
    endloop
  endfacet
  facet normal 0.321339 0.946964 0
    outer loop
      vertex 10.2129 24.7514 8
      vertex 10.535 24.6421 2
      vertex 10.2129 24.7514 2
    endloop
  endfacet
  facet normal -0.442243 0.896895 0
    outer loop
      vertex 8.54502 24.6421 2
      vertex 8.24 24.4917 8
      vertex 8.54502 24.6421 8
    endloop
  endfacet
  facet normal -0.442243 0.896895 0
    outer loop
      vertex 8.24 24.4917 8
      vertex 8.54502 24.6421 2
      vertex 8.24 24.4917 2
    endloop
  endfacet
  facet normal -0.946946 0.321391 0
    outer loop
      vertex 7.02859 22.9129 2
      vertex 7.13791 23.235 8
      vertex 7.13791 23.235 2
    endloop
  endfacet
  facet normal -0.946946 0.321391 0
    outer loop
      vertex 7.13791 23.235 8
      vertex 7.02859 22.9129 2
      vertex 7.02859 22.9129 8
    endloop
  endfacet
  facet normal 0.98075 -0.195268 0
    outer loop
      vertex 12.0514 21.5671 8
      vertex 12.1178 21.9006 2
      vertex 12.1178 21.9006 8
    endloop
  endfacet
  facet normal 0.98075 -0.195268 0
    outer loop
      vertex 12.1178 21.9006 2
      vertex 12.0514 21.5671 8
      vertex 12.0514 21.5671 2
    endloop
  endfacet
  facet normal -0.0652758 0.997867 0
    outer loop
      vertex 9.54 24.84 2
      vertex 9.20063 24.8178 8
      vertex 9.54 24.84 8
    endloop
  endfacet
  facet normal -0.0652758 0.997867 0
    outer loop
      vertex 9.20063 24.8178 8
      vertex 9.54 24.84 2
      vertex 9.20063 24.8178 2
    endloop
  endfacet
  facet normal 0.55565 0.831417 -0
    outer loop
      vertex 11.1228 24.3027 2
      vertex 10.84 24.4917 8
      vertex 11.1228 24.3027 8
    endloop
  endfacet
  facet normal 0.55565 0.831417 0
    outer loop
      vertex 10.84 24.4917 8
      vertex 11.1228 24.3027 2
      vertex 10.84 24.4917 2
    endloop
  endfacet
  facet normal -0.99786 -0.0653872 0
    outer loop
      vertex 6.96224 21.9006 2
      vertex 6.94 22.24 8
      vertex 6.94 22.24 2
    endloop
  endfacet
  facet normal -0.99786 -0.0653872 0
    outer loop
      vertex 6.94 22.24 8
      vertex 6.96224 21.9006 2
      vertex 6.96224 21.9006 8
    endloop
  endfacet
  facet normal -0.831484 0.555548 0
    outer loop
      vertex 7.28833 23.54 2
      vertex 7.47728 23.8228 8
      vertex 7.47728 23.8228 2
    endloop
  endfacet
  facet normal -0.831484 0.555548 0
    outer loop
      vertex 7.47728 23.8228 8
      vertex 7.28833 23.54 2
      vertex 7.28833 23.54 8
    endloop
  endfacet
  facet normal -0.555677 0.831398 0
    outer loop
      vertex 8.24 24.4917 2
      vertex 7.95722 24.3027 8
      vertex 8.24 24.4917 8
    endloop
  endfacet
  facet normal -0.555677 0.831398 0
    outer loop
      vertex 7.95722 24.3027 8
      vertex 8.24 24.4917 2
      vertex 7.95722 24.3027 2
    endloop
  endfacet
  facet normal -0.195234 0.980757 0
    outer loop
      vertex 9.20063 24.8178 2
      vertex 8.86707 24.7514 8
      vertex 9.20063 24.8178 8
    endloop
  endfacet
  facet normal -0.195234 0.980757 0
    outer loop
      vertex 8.86707 24.7514 8
      vertex 9.20063 24.8178 2
      vertex 8.86707 24.7514 2
    endloop
  endfacet
  facet normal 0.997868 0.0652701 0
    outer loop
      vertex 12.14 22.24 8
      vertex 12.1178 22.5794 2
      vertex 12.1178 22.5794 8
    endloop
  endfacet
  facet normal 0.997868 0.0652701 0
    outer loop
      vertex 12.1178 22.5794 2
      vertex 12.14 22.24 8
      vertex 12.14 22.24 2
    endloop
  endfacet
  facet normal 0.55565 -0.831417 0
    outer loop
      vertex 10.84 19.9883 2
      vertex 11.1228 20.1773 8
      vertex 10.84 19.9883 8
    endloop
  endfacet
  facet normal 0.55565 -0.831417 0
    outer loop
      vertex 11.1228 20.1773 8
      vertex 10.84 19.9883 2
      vertex 11.1228 20.1773 2
    endloop
  endfacet
  facet normal -0.555677 -0.831398 0
    outer loop
      vertex 7.95722 20.1773 2
      vertex 8.24 19.9883 8
      vertex 7.95722 20.1773 8
    endloop
  endfacet
  facet normal -0.555677 -0.831398 -0
    outer loop
      vertex 8.24 19.9883 8
      vertex 7.95722 20.1773 2
      vertex 8.24 19.9883 2
    endloop
  endfacet
  facet normal -0.831484 -0.555548 0
    outer loop
      vertex 7.47728 20.6572 2
      vertex 7.28833 20.94 8
      vertex 7.28833 20.94 2
    endloop
  endfacet
  facet normal -0.831484 -0.555548 0
    outer loop
      vertex 7.28833 20.94 8
      vertex 7.47728 20.6572 2
      vertex 7.47728 20.6572 8
    endloop
  endfacet
  facet normal 0.659275 0.751902 -0
    outer loop
      vertex 11.3785 24.0785 2
      vertex 11.1228 24.3027 8
      vertex 11.3785 24.0785 8
    endloop
  endfacet
  facet normal 0.659275 0.751902 0
    outer loop
      vertex 11.1228 24.3027 8
      vertex 11.3785 24.0785 2
      vertex 11.1228 24.3027 2
    endloop
  endfacet
  facet normal 0.751902 0.659275 0
    outer loop
      vertex 11.6027 23.8228 8
      vertex 11.3785 24.0785 2
      vertex 11.3785 24.0785 8
    endloop
  endfacet
  facet normal 0.751902 0.659275 0
    outer loop
      vertex 11.3785 24.0785 2
      vertex 11.6027 23.8228 8
      vertex 11.6027 23.8228 2
    endloop
  endfacet
  facet normal 0.195251 0.980753 -0
    outer loop
      vertex 10.2129 24.7514 2
      vertex 9.87937 24.8178 8
      vertex 10.2129 24.7514 8
    endloop
  endfacet
  facet normal 0.195251 0.980753 0
    outer loop
      vertex 9.87937 24.8178 8
      vertex 10.2129 24.7514 2
      vertex 9.87937 24.8178 2
    endloop
  endfacet
  facet normal 0.0652758 0.997867 -0
    outer loop
      vertex 9.87937 24.8178 2
      vertex 9.54 24.84 8
      vertex 9.87937 24.8178 8
    endloop
  endfacet
  facet normal 0.0652758 0.997867 0
    outer loop
      vertex 9.54 24.84 8
      vertex 9.87937 24.8178 2
      vertex 9.54 24.84 2
    endloop
  endfacet
  facet normal 0.442267 0.896884 -0
    outer loop
      vertex 10.84 24.4917 2
      vertex 10.535 24.6421 8
      vertex 10.84 24.4917 8
    endloop
  endfacet
  facet normal 0.442267 0.896884 0
    outer loop
      vertex 10.535 24.6421 8
      vertex 10.84 24.4917 2
      vertex 10.535 24.6421 2
    endloop
  endfacet
  facet normal 0 0 1
    outer loop
      vertex 10.59 22.24 8
      vertex 12.14 22.24 8
      vertex 12.1178 22.5794 8
    endloop
  endfacet
  facet normal 0 0 1
    outer loop
      vertex 10.581 22.3771 8
      vertex 12.1178 22.5794 8
      vertex 12.0514 22.9129 8
    endloop
  endfacet
  facet normal 0 0 1
    outer loop
      vertex 12.14 22.24 8
      vertex 10.59 22.24 8
      vertex 12.1178 21.9006 8
    endloop
  endfacet
  facet normal 0 0 1
    outer loop
      vertex 10.5542 22.5118 8
      vertex 12.0514 22.9129 8
      vertex 11.9421 23.235 8
    endloop
  endfacet
  facet normal -0 0 1
    outer loop
      vertex 10.581 22.1029 8
      vertex 12.1178 21.9006 8
      vertex 10.59 22.24 8
    endloop
  endfacet
  facet normal 0 0 1
    outer loop
      vertex 10.5101 22.6418 8
      vertex 11.9421 23.235 8
      vertex 11.7917 23.54 8
    endloop
  endfacet
  facet normal 0 0 1
    outer loop
      vertex 12.1178 21.9006 8
      vertex 10.581 22.1029 8
      vertex 12.0514 21.5671 8
    endloop
  endfacet
  facet normal 0 0 1
    outer loop
      vertex 10.4493 22.765 8
      vertex 11.7917 23.54 8
      vertex 11.6027 23.8228 8
    endloop
  endfacet
  facet normal -0 0 1
    outer loop
      vertex 10.5542 21.9682 8
      vertex 12.0514 21.5671 8
      vertex 10.581 22.1029 8
    endloop
  endfacet
  facet normal 0 0 1
    outer loop
      vertex 10.373 22.8792 8
      vertex 11.6027 23.8228 8
      vertex 11.3785 24.0785 8
    endloop
  endfacet
  facet normal 0 0 1
    outer loop
      vertex 12.0514 21.5671 8
      vertex 10.5542 21.9682 8
      vertex 11.9421 21.245 8
    endloop
  endfacet
  facet normal 0 0 1
    outer loop
      vertex 10.2825 22.9825 8
      vertex 11.3785 24.0785 8
      vertex 11.1228 24.3027 8
    endloop
  endfacet
  facet normal -0 0 1
    outer loop
      vertex 10.5101 21.8382 8
      vertex 11.9421 21.245 8
      vertex 10.5542 21.9682 8
    endloop
  endfacet
  facet normal 0 0 1
    outer loop
      vertex 10.1792 23.073 8
      vertex 11.1228 24.3027 8
      vertex 10.84 24.4917 8
    endloop
  endfacet
  facet normal 0 0 1
    outer loop
      vertex 11.9421 21.245 8
      vertex 10.5101 21.8382 8
      vertex 11.7917 20.94 8
    endloop
  endfacet
  facet normal -0 0 1
    outer loop
      vertex 10.4493 21.715 8
      vertex 11.7917 20.94 8
      vertex 10.5101 21.8382 8
    endloop
  endfacet
  facet normal 0 0 1
    outer loop
      vertex 12.1178 22.5794 8
      vertex 10.581 22.3771 8
      vertex 10.59 22.24 8
    endloop
  endfacet
  facet normal 0 0 1
    outer loop
      vertex 12.0514 22.9129 8
      vertex 10.5542 22.5118 8
      vertex 10.581 22.3771 8
    endloop
  endfacet
  facet normal 0 0 1
    outer loop
      vertex 10.065 23.1493 8
      vertex 10.84 24.4917 8
      vertex 10.535 24.6421 8
    endloop
  endfacet
  facet normal 0 0 1
    outer loop
      vertex 11.9421 23.235 8
      vertex 10.5101 22.6418 8
      vertex 10.5542 22.5118 8
    endloop
  endfacet
  facet normal 0 0 1
    outer loop
      vertex 11.7917 23.54 8
      vertex 10.4493 22.765 8
      vertex 10.5101 22.6418 8
    endloop
  endfacet
  facet normal 0 0 1
    outer loop
      vertex 11.6027 23.8228 8
      vertex 10.373 22.8792 8
      vertex 10.4493 22.765 8
    endloop
  endfacet
  facet normal 0 0 1
    outer loop
      vertex 11.3785 24.0785 8
      vertex 10.2825 22.9825 8
      vertex 10.373 22.8792 8
    endloop
  endfacet
  facet normal 0 0 1
    outer loop
      vertex 9.94182 23.2101 8
      vertex 10.535 24.6421 8
      vertex 10.2129 24.7514 8
    endloop
  endfacet
  facet normal 0 0 1
    outer loop
      vertex 11.1228 24.3027 8
      vertex 10.1792 23.073 8
      vertex 10.2825 22.9825 8
    endloop
  endfacet
  facet normal 0 0 1
    outer loop
      vertex 10.84 24.4917 8
      vertex 10.065 23.1493 8
      vertex 10.1792 23.073 8
    endloop
  endfacet
  facet normal 0 0 1
    outer loop
      vertex 10.535 24.6421 8
      vertex 9.94182 23.2101 8
      vertex 10.065 23.1493 8
    endloop
  endfacet
  facet normal 0 0 1
    outer loop
      vertex 9.81176 23.2542 8
      vertex 10.2129 24.7514 8
      vertex 9.87937 24.8178 8
    endloop
  endfacet
  facet normal 0 0 1
    outer loop
      vertex 10.2129 24.7514 8
      vertex 9.81176 23.2542 8
      vertex 9.94182 23.2101 8
    endloop
  endfacet
  facet normal 0 0 1
    outer loop
      vertex 9.87937 24.8178 8
      vertex 9.67705 23.281 8
      vertex 9.81176 23.2542 8
    endloop
  endfacet
  facet normal 0 0 1
    outer loop
      vertex 9.54 24.84 8
      vertex 9.67705 23.281 8
      vertex 9.87937 24.8178 8
    endloop
  endfacet
  facet normal 0 0 1
    outer loop
      vertex 9.54 24.84 8
      vertex 9.54 23.29 8
      vertex 9.67705 23.281 8
    endloop
  endfacet
  facet normal 0 0 1
    outer loop
      vertex 9.54 24.84 8
      vertex 9.40295 23.281 8
      vertex 9.54 23.29 8
    endloop
  endfacet
  facet normal -0 0 1
    outer loop
      vertex 9.20063 24.8178 8
      vertex 9.40295 23.281 8
      vertex 9.54 24.84 8
    endloop
  endfacet
  facet normal 0 0 1
    outer loop
      vertex 9.40295 23.281 8
      vertex 9.20063 24.8178 8
      vertex 9.26824 23.2542 8
    endloop
  endfacet
  facet normal -0 0 1
    outer loop
      vertex 8.86707 24.7514 8
      vertex 9.26824 23.2542 8
      vertex 9.20063 24.8178 8
    endloop
  endfacet
  facet normal 0 0 1
    outer loop
      vertex 9.26824 23.2542 8
      vertex 8.86707 24.7514 8
      vertex 9.13818 23.2101 8
    endloop
  endfacet
  facet normal -0 0 1
    outer loop
      vertex 8.54502 24.6421 8
      vertex 9.13818 23.2101 8
      vertex 8.86707 24.7514 8
    endloop
  endfacet
  facet normal 0 0 1
    outer loop
      vertex 9.13818 23.2101 8
      vertex 8.54502 24.6421 8
      vertex 9.015 23.1493 8
    endloop
  endfacet
  facet normal -0 0 1
    outer loop
      vertex 8.24 24.4917 8
      vertex 9.015 23.1493 8
      vertex 8.54502 24.6421 8
    endloop
  endfacet
  facet normal 0 0 1
    outer loop
      vertex 9.015 23.1493 8
      vertex 8.24 24.4917 8
      vertex 8.9008 23.073 8
    endloop
  endfacet
  facet normal -0 0 1
    outer loop
      vertex 7.95722 24.3027 8
      vertex 8.9008 23.073 8
      vertex 8.24 24.4917 8
    endloop
  endfacet
  facet normal 0 0 1
    outer loop
      vertex 8.9008 23.073 8
      vertex 7.95722 24.3027 8
      vertex 8.79754 22.9825 8
    endloop
  endfacet
  facet normal -0 0 1
    outer loop
      vertex 7.70152 24.0785 8
      vertex 8.79754 22.9825 8
      vertex 7.95722 24.3027 8
    endloop
  endfacet
  facet normal 0 0 1
    outer loop
      vertex 8.79754 22.9825 8
      vertex 7.70152 24.0785 8
      vertex 8.70698 22.8792 8
    endloop
  endfacet
  facet normal -0 0 1
    outer loop
      vertex 7.47728 23.8228 8
      vertex 8.70698 22.8792 8
      vertex 7.70152 24.0785 8
    endloop
  endfacet
  facet normal 0 0 1
    outer loop
      vertex 8.70698 22.8792 8
      vertex 7.47728 23.8228 8
      vertex 8.63067 22.765 8
    endloop
  endfacet
  facet normal -0 0 1
    outer loop
      vertex 7.28833 23.54 8
      vertex 8.63067 22.765 8
      vertex 7.47728 23.8228 8
    endloop
  endfacet
  facet normal 0 0 1
    outer loop
      vertex 11.7917 20.94 8
      vertex 10.4493 21.715 8
      vertex 11.6027 20.6572 8
    endloop
  endfacet
  facet normal -0 0 1
    outer loop
      vertex 10.373 21.6008 8
      vertex 11.6027 20.6572 8
      vertex 10.4493 21.715 8
    endloop
  endfacet
  facet normal 0 0 1
    outer loop
      vertex 11.6027 20.6572 8
      vertex 10.373 21.6008 8
      vertex 11.3785 20.4015 8
    endloop
  endfacet
  facet normal -0 0 1
    outer loop
      vertex 10.2825 21.4975 8
      vertex 11.3785 20.4015 8
      vertex 10.373 21.6008 8
    endloop
  endfacet
  facet normal 0 0 1
    outer loop
      vertex 11.3785 20.4015 8
      vertex 10.2825 21.4975 8
      vertex 11.1228 20.1773 8
    endloop
  endfacet
  facet normal -0 0 1
    outer loop
      vertex 10.1792 21.407 8
      vertex 11.1228 20.1773 8
      vertex 10.2825 21.4975 8
    endloop
  endfacet
  facet normal 0 0 1
    outer loop
      vertex 11.1228 20.1773 8
      vertex 10.1792 21.407 8
      vertex 10.84 19.9883 8
    endloop
  endfacet
  facet normal -0 0 1
    outer loop
      vertex 10.065 21.3307 8
      vertex 10.84 19.9883 8
      vertex 10.1792 21.407 8
    endloop
  endfacet
  facet normal 0 0 1
    outer loop
      vertex 10.84 19.9883 8
      vertex 10.065 21.3307 8
      vertex 10.535 19.8379 8
    endloop
  endfacet
  facet normal -0 0 1
    outer loop
      vertex 9.94182 21.2699 8
      vertex 10.535 19.8379 8
      vertex 10.065 21.3307 8
    endloop
  endfacet
  facet normal 0 0 1
    outer loop
      vertex 10.535 19.8379 8
      vertex 9.94182 21.2699 8
      vertex 10.2129 19.7286 8
    endloop
  endfacet
  facet normal -0 0 1
    outer loop
      vertex 9.81176 21.2258 8
      vertex 10.2129 19.7286 8
      vertex 9.94182 21.2699 8
    endloop
  endfacet
  facet normal 0 0 1
    outer loop
      vertex 10.2129 19.7286 8
      vertex 9.81176 21.2258 8
      vertex 9.87937 19.6622 8
    endloop
  endfacet
  facet normal -0 0 1
    outer loop
      vertex 9.67705 21.199 8
      vertex 9.87937 19.6622 8
      vertex 9.81176 21.2258 8
    endloop
  endfacet
  facet normal -0 0 1
    outer loop
      vertex 9.54 21.19 8
      vertex 9.87937 19.6622 8
      vertex 9.67705 21.199 8
    endloop
  endfacet
  facet normal 0 0 1
    outer loop
      vertex 9.54 21.19 8
      vertex 9.54 19.64 8
      vertex 9.87937 19.6622 8
    endloop
  endfacet
  facet normal 0 0 1
    outer loop
      vertex 9.40295 21.199 8
      vertex 9.54 19.64 8
      vertex 9.54 21.19 8
    endloop
  endfacet
  facet normal 0 0 1
    outer loop
      vertex 9.20063 19.6622 8
      vertex 9.40295 21.199 8
      vertex 9.26824 21.2258 8
    endloop
  endfacet
  facet normal 0 0 1
    outer loop
      vertex 9.40295 21.199 8
      vertex 9.20063 19.6622 8
      vertex 9.54 19.64 8
    endloop
  endfacet
  facet normal 0 0 1
    outer loop
      vertex 8.86707 19.7286 8
      vertex 9.26824 21.2258 8
      vertex 9.13818 21.2699 8
    endloop
  endfacet
  facet normal 0 0 1
    outer loop
      vertex 8.54502 19.8379 8
      vertex 9.13818 21.2699 8
      vertex 9.015 21.3307 8
    endloop
  endfacet
  facet normal 0 0 1
    outer loop
      vertex 8.24 19.9883 8
      vertex 9.015 21.3307 8
      vertex 8.9008 21.407 8
    endloop
  endfacet
  facet normal 0 0 1
    outer loop
      vertex 9.26824 21.2258 8
      vertex 8.86707 19.7286 8
      vertex 9.20063 19.6622 8
    endloop
  endfacet
  facet normal 0 0 1
    outer loop
      vertex 7.95722 20.1773 8
      vertex 8.9008 21.407 8
      vertex 8.79754 21.4975 8
    endloop
  endfacet
  facet normal 0 0 1
    outer loop
      vertex 7.70152 20.4015 8
      vertex 8.79754 21.4975 8
      vertex 8.70698 21.6008 8
    endloop
  endfacet
  facet normal 0 0 1
    outer loop
      vertex 7.47728 20.6572 8
      vertex 8.70698 21.6008 8
      vertex 8.63067 21.715 8
    endloop
  endfacet
  facet normal 0 0 1
    outer loop
      vertex 7.28833 20.94 8
      vertex 8.63067 21.715 8
      vertex 8.56993 21.8382 8
    endloop
  endfacet
  facet normal 0 0 1
    outer loop
      vertex 9.13818 21.2699 8
      vertex 8.54502 19.8379 8
      vertex 8.86707 19.7286 8
    endloop
  endfacet
  facet normal 0 0 1
    outer loop
      vertex 7.13791 21.245 8
      vertex 8.56993 21.8382 8
      vertex 8.52578 21.9682 8
    endloop
  endfacet
  facet normal 0 0 1
    outer loop
      vertex 7.02859 21.5671 8
      vertex 8.52578 21.9682 8
      vertex 8.49898 22.1029 8
    endloop
  endfacet
  facet normal 0 0 1
    outer loop
      vertex 6.96224 21.9006 8
      vertex 8.49898 22.1029 8
      vertex 8.49 22.24 8
    endloop
  endfacet
  facet normal 0 0 1
    outer loop
      vertex 8.63067 22.765 8
      vertex 7.28833 23.54 8
      vertex 8.56993 22.6418 8
    endloop
  endfacet
  facet normal 0 0 1
    outer loop
      vertex 9.015 21.3307 8
      vertex 8.24 19.9883 8
      vertex 8.54502 19.8379 8
    endloop
  endfacet
  facet normal -0 0 1
    outer loop
      vertex 7.13791 23.235 8
      vertex 8.56993 22.6418 8
      vertex 7.28833 23.54 8
    endloop
  endfacet
  facet normal 0 0 1
    outer loop
      vertex 8.9008 21.407 8
      vertex 7.95722 20.1773 8
      vertex 8.24 19.9883 8
    endloop
  endfacet
  facet normal 0 0 1
    outer loop
      vertex 8.56993 22.6418 8
      vertex 7.13791 23.235 8
      vertex 8.52578 22.5118 8
    endloop
  endfacet
  facet normal 0 0 1
    outer loop
      vertex 8.79754 21.4975 8
      vertex 7.70152 20.4015 8
      vertex 7.95722 20.1773 8
    endloop
  endfacet
  facet normal -0 0 1
    outer loop
      vertex 7.02859 22.9129 8
      vertex 8.52578 22.5118 8
      vertex 7.13791 23.235 8
    endloop
  endfacet
  facet normal 0 0 1
    outer loop
      vertex 8.70698 21.6008 8
      vertex 7.47728 20.6572 8
      vertex 7.70152 20.4015 8
    endloop
  endfacet
  facet normal 0 0 1
    outer loop
      vertex 8.52578 22.5118 8
      vertex 7.02859 22.9129 8
      vertex 8.49898 22.3771 8
    endloop
  endfacet
  facet normal 0 0 1
    outer loop
      vertex 8.63067 21.715 8
      vertex 7.28833 20.94 8
      vertex 7.47728 20.6572 8
    endloop
  endfacet
  facet normal -0 0 1
    outer loop
      vertex 6.96224 22.5794 8
      vertex 8.49898 22.3771 8
      vertex 7.02859 22.9129 8
    endloop
  endfacet
  facet normal 0 0 1
    outer loop
      vertex 8.56993 21.8382 8
      vertex 7.13791 21.245 8
      vertex 7.28833 20.94 8
    endloop
  endfacet
  facet normal 0 0 1
    outer loop
      vertex 8.49898 22.3771 8
      vertex 6.96224 22.5794 8
      vertex 8.49 22.24 8
    endloop
  endfacet
  facet normal 0 0 1
    outer loop
      vertex 8.52578 21.9682 8
      vertex 7.02859 21.5671 8
      vertex 7.13791 21.245 8
    endloop
  endfacet
  facet normal 0 0 1
    outer loop
      vertex 6.94 22.24 8
      vertex 8.49 22.24 8
      vertex 6.96224 22.5794 8
    endloop
  endfacet
  facet normal 0 0 1
    outer loop
      vertex 8.49898 22.1029 8
      vertex 6.96224 21.9006 8
      vertex 7.02859 21.5671 8
    endloop
  endfacet
  facet normal 0 0 1
    outer loop
      vertex 8.49 22.24 8
      vertex 6.94 22.24 8
      vertex 6.96224 21.9006 8
    endloop
  endfacet
  facet normal -0.980778 0.195126 0
    outer loop
      vertex 6.96224 22.5794 2
      vertex 7.02859 22.9129 8
      vertex 7.02859 22.9129 2
    endloop
  endfacet
  facet normal -0.980778 0.195126 0
    outer loop
      vertex 7.02859 22.9129 8
      vertex 6.96224 22.5794 2
      vertex 6.96224 22.5794 8
    endloop
  endfacet
  facet normal -0.99786 0.0653872 0
    outer loop
      vertex 6.94 22.24 2
      vertex 6.96224 22.5794 8
      vertex 6.96224 22.5794 2
    endloop
  endfacet
  facet normal -0.99786 0.0653872 0
    outer loop
      vertex 6.96224 22.5794 8
      vertex 6.94 22.24 2
      vertex 6.94 22.24 8
    endloop
  endfacet
  facet normal -0.89686 0.442314 0
    outer loop
      vertex 7.13791 23.235 2
      vertex 7.28833 23.54 8
      vertex 7.28833 23.54 2
    endloop
  endfacet
  facet normal -0.89686 0.442314 0
    outer loop
      vertex 7.28833 23.54 8
      vertex 7.13791 23.235 2
      vertex 7.13791 23.235 8
    endloop
  endfacet
  facet normal -0.321383 0.946949 0
    outer loop
      vertex 8.86707 24.7514 2
      vertex 8.54502 24.6421 8
      vertex 8.86707 24.7514 8
    endloop
  endfacet
  facet normal -0.321383 0.946949 0
    outer loop
      vertex 8.54502 24.6421 8
      vertex 8.86707 24.7514 2
      vertex 8.54502 24.6421 2
    endloop
  endfacet
  facet normal -0.659275 0.751902 0
    outer loop
      vertex 7.95722 24.3027 2
      vertex 7.70152 24.0785 8
      vertex 7.95722 24.3027 8
    endloop
  endfacet
  facet normal -0.659275 0.751902 0
    outer loop
      vertex 7.70152 24.0785 8
      vertex 7.95722 24.3027 2
      vertex 7.70152 24.0785 2
    endloop
  endfacet
  facet normal -0.751844 0.659341 0
    outer loop
      vertex 7.47728 23.8228 2
      vertex 7.70152 24.0785 8
      vertex 7.70152 24.0785 2
    endloop
  endfacet
  facet normal -0.751844 0.659341 0
    outer loop
      vertex 7.70152 24.0785 8
      vertex 7.47728 23.8228 2
      vertex 7.47728 23.8228 8
    endloop
  endfacet
  facet normal 0.831417 -0.55565 0
    outer loop
      vertex 11.6027 20.6572 8
      vertex 11.7917 20.94 2
      vertex 11.7917 20.94 8
    endloop
  endfacet
  facet normal 0.831417 -0.55565 0
    outer loop
      vertex 11.7917 20.94 2
      vertex 11.6027 20.6572 8
      vertex 11.6027 20.6572 2
    endloop
  endfacet
  facet normal 0.0652758 -0.997867 0
    outer loop
      vertex 9.54 19.64 2
      vertex 9.87937 19.6622 8
      vertex 9.54 19.64 8
    endloop
  endfacet
  facet normal 0.0652758 -0.997867 0
    outer loop
      vertex 9.87937 19.6622 8
      vertex 9.54 19.64 2
      vertex 9.87937 19.6622 2
    endloop
  endfacet
  facet normal -0.751844 -0.659341 0
    outer loop
      vertex 7.70152 20.4015 2
      vertex 7.47728 20.6572 8
      vertex 7.47728 20.6572 2
    endloop
  endfacet
  facet normal -0.751844 -0.659341 0
    outer loop
      vertex 7.47728 20.6572 8
      vertex 7.70152 20.4015 2
      vertex 7.70152 20.4015 8
    endloop
  endfacet
  facet normal 0.195251 -0.980753 0
    outer loop
      vertex 9.87937 19.6622 2
      vertex 10.2129 19.7286 8
      vertex 9.87937 19.6622 8
    endloop
  endfacet
  facet normal 0.195251 -0.980753 0
    outer loop
      vertex 10.2129 19.7286 8
      vertex 9.87937 19.6622 2
      vertex 10.2129 19.7286 2
    endloop
  endfacet
  facet normal 0.896884 0.442267 0
    outer loop
      vertex 11.9421 23.235 8
      vertex 11.7917 23.54 2
      vertex 11.7917 23.54 8
    endloop
  endfacet
  facet normal 0.896884 0.442267 0
    outer loop
      vertex 11.7917 23.54 2
      vertex 11.9421 23.235 8
      vertex 11.9421 23.235 2
    endloop
  endfacet
  facet normal 0.946964 0.321339 0
    outer loop
      vertex 12.0514 22.9129 8
      vertex 11.9421 23.235 2
      vertex 11.9421 23.235 8
    endloop
  endfacet
  facet normal 0.946964 0.321339 0
    outer loop
      vertex 11.9421 23.235 2
      vertex 12.0514 22.9129 8
      vertex 12.0514 22.9129 2
    endloop
  endfacet
  facet normal 0.98075 0.195268 0
    outer loop
      vertex 12.1178 22.5794 8
      vertex 12.0514 22.9129 2
      vertex 12.0514 22.9129 8
    endloop
  endfacet
  facet normal 0.98075 0.195268 0
    outer loop
      vertex 12.0514 22.9129 2
      vertex 12.1178 22.5794 8
      vertex 12.1178 22.5794 2
    endloop
  endfacet
  facet normal 0.997868 -0.0652701 0
    outer loop
      vertex 12.1178 21.9006 8
      vertex 12.14 22.24 2
      vertex 12.14 22.24 8
    endloop
  endfacet
  facet normal 0.997868 -0.0652701 0
    outer loop
      vertex 12.14 22.24 2
      vertex 12.1178 21.9006 8
      vertex 12.1178 21.9006 2
    endloop
  endfacet
  facet normal 0.896884 -0.442267 0
    outer loop
      vertex 11.7917 20.94 8
      vertex 11.9421 21.245 2
      vertex 11.9421 21.245 8
    endloop
  endfacet
  facet normal 0.896884 -0.442267 0
    outer loop
      vertex 11.9421 21.245 2
      vertex 11.7917 20.94 8
      vertex 11.7917 20.94 2
    endloop
  endfacet
  facet normal 0.946964 -0.321339 0
    outer loop
      vertex 11.9421 21.245 8
      vertex 12.0514 21.5671 2
      vertex 12.0514 21.5671 8
    endloop
  endfacet
  facet normal 0.946964 -0.321339 0
    outer loop
      vertex 12.0514 21.5671 2
      vertex 11.9421 21.245 8
      vertex 11.9421 21.245 2
    endloop
  endfacet
  facet normal 0.751902 -0.659275 0
    outer loop
      vertex 11.3785 20.4015 8
      vertex 11.6027 20.6572 2
      vertex 11.6027 20.6572 8
    endloop
  endfacet
  facet normal 0.751902 -0.659275 0
    outer loop
      vertex 11.6027 20.6572 2
      vertex 11.3785 20.4015 8
      vertex 11.3785 20.4015 2
    endloop
  endfacet
  facet normal -0.195234 -0.980757 0
    outer loop
      vertex 8.86707 19.7286 2
      vertex 9.20063 19.6622 8
      vertex 8.86707 19.7286 8
    endloop
  endfacet
  facet normal -0.195234 -0.980757 -0
    outer loop
      vertex 9.20063 19.6622 8
      vertex 8.86707 19.7286 2
      vertex 9.20063 19.6622 2
    endloop
  endfacet
  facet normal -0.89686 -0.442314 0
    outer loop
      vertex 7.28833 20.94 2
      vertex 7.13791 21.245 8
      vertex 7.13791 21.245 2
    endloop
  endfacet
  facet normal -0.89686 -0.442314 0
    outer loop
      vertex 7.13791 21.245 8
      vertex 7.28833 20.94 2
      vertex 7.28833 20.94 8
    endloop
  endfacet
  facet normal -0.946946 -0.321391 0
    outer loop
      vertex 7.13791 21.245 2
      vertex 7.02859 21.5671 8
      vertex 7.02859 21.5671 2
    endloop
  endfacet
  facet normal -0.946946 -0.321391 0
    outer loop
      vertex 7.02859 21.5671 8
      vertex 7.13791 21.245 2
      vertex 7.13791 21.245 8
    endloop
  endfacet
  facet normal -0.980778 -0.195126 0
    outer loop
      vertex 7.02859 21.5671 2
      vertex 6.96224 21.9006 8
      vertex 6.96224 21.9006 2
    endloop
  endfacet
  facet normal -0.980778 -0.195126 0
    outer loop
      vertex 6.96224 21.9006 8
      vertex 7.02859 21.5671 2
      vertex 7.02859 21.5671 8
    endloop
  endfacet
  facet normal -0.659275 -0.751902 0
    outer loop
      vertex 7.70152 20.4015 2
      vertex 7.95722 20.1773 8
      vertex 7.70152 20.4015 8
    endloop
  endfacet
  facet normal -0.659275 -0.751902 -0
    outer loop
      vertex 7.95722 20.1773 8
      vertex 7.70152 20.4015 2
      vertex 7.95722 20.1773 2
    endloop
  endfacet
  facet normal 0.442267 -0.896884 0
    outer loop
      vertex 10.535 19.8379 2
      vertex 10.84 19.9883 8
      vertex 10.535 19.8379 8
    endloop
  endfacet
  facet normal 0.442267 -0.896884 0
    outer loop
      vertex 10.84 19.9883 8
      vertex 10.535 19.8379 2
      vertex 10.84 19.9883 2
    endloop
  endfacet
  facet normal 0.321339 -0.946964 0
    outer loop
      vertex 10.2129 19.7286 2
      vertex 10.535 19.8379 8
      vertex 10.2129 19.7286 8
    endloop
  endfacet
  facet normal 0.321339 -0.946964 0
    outer loop
      vertex 10.535 19.8379 8
      vertex 10.2129 19.7286 2
      vertex 10.535 19.8379 2
    endloop
  endfacet
  facet normal 0.659275 -0.751902 0
    outer loop
      vertex 11.1228 20.1773 2
      vertex 11.3785 20.4015 8
      vertex 11.1228 20.1773 8
    endloop
  endfacet
  facet normal 0.659275 -0.751902 0
    outer loop
      vertex 11.3785 20.4015 8
      vertex 11.1228 20.1773 2
      vertex 11.3785 20.4015 2
    endloop
  endfacet
  facet normal -0.442243 -0.896895 0
    outer loop
      vertex 8.24 19.9883 2
      vertex 8.54502 19.8379 8
      vertex 8.24 19.9883 8
    endloop
  endfacet
  facet normal -0.442243 -0.896895 -0
    outer loop
      vertex 8.54502 19.8379 8
      vertex 8.24 19.9883 2
      vertex 8.54502 19.8379 2
    endloop
  endfacet
  facet normal -0.0652758 -0.997867 0
    outer loop
      vertex 9.20063 19.6622 2
      vertex 9.54 19.64 8
      vertex 9.20063 19.6622 8
    endloop
  endfacet
  facet normal -0.0652758 -0.997867 -0
    outer loop
      vertex 9.54 19.64 8
      vertex 9.20063 19.6622 2
      vertex 9.54 19.64 2
    endloop
  endfacet
  facet normal -0.321383 -0.946949 0
    outer loop
      vertex 8.54502 19.8379 2
      vertex 8.86707 19.7286 8
      vertex 8.54502 19.8379 8
    endloop
  endfacet
  facet normal -0.321383 -0.946949 -0
    outer loop
      vertex 8.86707 19.7286 8
      vertex 8.54502 19.8379 2
      vertex 8.86707 19.7286 2
    endloop
  endfacet
  facet normal -0.83149 -0.55554 0
    outer loop
      vertex 10.4493 22.765 2.01
      vertex 10.373 22.8792 8
      vertex 10.373 22.8792 2.01
    endloop
  endfacet
  facet normal -0.83149 -0.55554 0
    outer loop
      vertex 10.373 22.8792 8
      vertex 10.4493 22.765 2.01
      vertex 10.4493 22.765 8
    endloop
  endfacet
  facet normal -0.321117 -0.94704 0
    outer loop
      vertex 9.81176 23.2542 2.01
      vertex 9.94182 23.2101 8
      vertex 9.81176 23.2542 8
    endloop
  endfacet
  facet normal -0.321117 -0.94704 -0
    outer loop
      vertex 9.94182 23.2101 8
      vertex 9.81176 23.2542 2.01
      vertex 9.94182 23.2101 2.01
    endloop
  endfacet
  facet normal -0.442607 -0.896716 0
    outer loop
      vertex 9.94182 23.2101 2.01
      vertex 10.065 23.1493 8
      vertex 9.94182 23.2101 8
    endloop
  endfacet
  facet normal -0.442607 -0.896716 -0
    outer loop
      vertex 10.065 23.1493 8
      vertex 9.94182 23.2101 2.01
      vertex 10.065 23.1493 2.01
    endloop
  endfacet
  facet normal 0.321117 -0.94704 0
    outer loop
      vertex 9.13818 23.2101 2.01
      vertex 9.26824 23.2542 8
      vertex 9.13818 23.2101 8
    endloop
  endfacet
  facet normal 0.321117 -0.94704 0
    outer loop
      vertex 9.26824 23.2542 8
      vertex 9.13818 23.2101 2.01
      vertex 9.26824 23.2542 2.01
    endloop
  endfacet
  facet normal 0.896918 -0.442198 0
    outer loop
      vertex 8.56993 22.6418 8
      vertex 8.63067 22.765 2.01
      vertex 8.63067 22.765 8
    endloop
  endfacet
  facet normal 0.896918 -0.442198 0
    outer loop
      vertex 8.63067 22.765 2.01
      vertex 8.56993 22.6418 8
      vertex 8.56993 22.6418 2.01
    endloop
  endfacet
  facet normal -0.752171 -0.658968 0
    outer loop
      vertex 10.373 22.8792 2.01
      vertex 10.2825 22.9825 8
      vertex 10.2825 22.9825 2.01
    endloop
  endfacet
  facet normal -0.752171 -0.658968 0
    outer loop
      vertex 10.2825 22.9825 8
      vertex 10.373 22.8792 2.01
      vertex 10.373 22.8792 8
    endloop
  endfacet
  facet normal -0.658968 -0.752171 0
    outer loop
      vertex 10.1792 23.073 2.01
      vertex 10.2825 22.9825 8
      vertex 10.1792 23.073 8
    endloop
  endfacet
  facet normal -0.658968 -0.752171 -0
    outer loop
      vertex 10.2825 22.9825 8
      vertex 10.1792 23.073 2.01
      vertex 10.2825 22.9825 2.01
    endloop
  endfacet
  facet normal 0.997862 -0.0653596 0
    outer loop
      vertex 8.49 22.24 8
      vertex 8.49898 22.3771 2.01
      vertex 8.49898 22.3771 8
    endloop
  endfacet
  facet normal 0.997862 -0.0653596 0
    outer loop
      vertex 8.49898 22.3771 2.01
      vertex 8.49 22.24 8
      vertex 8.49 22.24 2.01
    endloop
  endfacet
  facet normal 0.751954 -0.659215 0
    outer loop
      vertex 8.70698 22.8792 8
      vertex 8.79754 22.9825 2.01
      vertex 8.79754 22.9825 8
    endloop
  endfacet
  facet normal 0.751954 -0.659215 0
    outer loop
      vertex 8.79754 22.9825 2.01
      vertex 8.70698 22.8792 8
      vertex 8.70698 22.8792 2.01
    endloop
  endfacet
  facet normal 0.195122 -0.980779 0
    outer loop
      vertex 9.26824 23.2542 2.01
      vertex 9.40295 23.281 8
      vertex 9.26824 23.2542 8
    endloop
  endfacet
  facet normal 0.195122 -0.980779 0
    outer loop
      vertex 9.40295 23.281 8
      vertex 9.26824 23.2542 2.01
      vertex 9.40295 23.281 2.01
    endloop
  endfacet
  facet normal 0.659113 -0.752044 0
    outer loop
      vertex 8.79754 22.9825 2.01
      vertex 8.9008 23.073 8
      vertex 8.79754 22.9825 8
    endloop
  endfacet
  facet normal 0.659113 -0.752044 0
    outer loop
      vertex 8.9008 23.073 8
      vertex 8.79754 22.9825 2.01
      vertex 8.9008 23.073 2.01
    endloop
  endfacet
  facet normal -0.0655283 -0.997851 0
    outer loop
      vertex 9.54 23.29 2.01
      vertex 9.67705 23.281 8
      vertex 9.54 23.29 8
    endloop
  endfacet
  facet normal -0.0655283 -0.997851 -0
    outer loop
      vertex 9.67705 23.281 8
      vertex 9.54 23.29 2.01
      vertex 9.67705 23.281 2.01
    endloop
  endfacet
  facet normal -0.55554 -0.83149 0
    outer loop
      vertex 10.065 23.1493 2.01
      vertex 10.1792 23.073 8
      vertex 10.065 23.1493 8
    endloop
  endfacet
  facet normal -0.55554 -0.83149 -0
    outer loop
      vertex 10.1792 23.073 8
      vertex 10.065 23.1493 2.01
      vertex 10.1792 23.073 2.01
    endloop
  endfacet
  facet normal 0.946884 -0.321576 0
    outer loop
      vertex 8.52578 22.5118 8
      vertex 8.56993 22.6418 2.01
      vertex 8.56993 22.6418 8
    endloop
  endfacet
  facet normal 0.946884 -0.321576 0
    outer loop
      vertex 8.56993 22.6418 2.01
      vertex 8.52578 22.5118 8
      vertex 8.52578 22.5118 2.01
    endloop
  endfacet
  facet normal 0.980776 -0.195136 0
    outer loop
      vertex 8.49898 22.3771 8
      vertex 8.52578 22.5118 2.01
      vertex 8.52578 22.5118 8
    endloop
  endfacet
  facet normal 0.980776 -0.195136 0
    outer loop
      vertex 8.52578 22.5118 2.01
      vertex 8.49898 22.3771 8
      vertex 8.49898 22.3771 2.01
    endloop
  endfacet
  facet normal 0.831456 -0.55559 0
    outer loop
      vertex 8.63067 22.765 8
      vertex 8.70698 22.8792 2.01
      vertex 8.70698 22.8792 8
    endloop
  endfacet
  facet normal 0.831456 -0.55559 0
    outer loop
      vertex 8.70698 22.8792 2.01
      vertex 8.63067 22.765 8
      vertex 8.63067 22.765 2.01
    endloop
  endfacet
  facet normal 0.0655283 -0.997851 0
    outer loop
      vertex 9.40295 23.281 2.01
      vertex 9.54 23.29 8
      vertex 9.40295 23.281 8
    endloop
  endfacet
  facet normal 0.0655283 -0.997851 0
    outer loop
      vertex 9.54 23.29 8
      vertex 9.40295 23.281 2.01
      vertex 9.54 23.29 2.01
    endloop
  endfacet
  facet normal 0.55554 -0.83149 0
    outer loop
      vertex 8.9008 23.073 2.01
      vertex 9.015 23.1493 8
      vertex 8.9008 23.073 8
    endloop
  endfacet
  facet normal 0.55554 -0.83149 0
    outer loop
      vertex 9.015 23.1493 8
      vertex 8.9008 23.073 2.01
      vertex 9.015 23.1493 2.01
    endloop
  endfacet
  facet normal 0.442607 -0.896716 0
    outer loop
      vertex 9.015 23.1493 2.01
      vertex 9.13818 23.2101 8
      vertex 9.015 23.1493 8
    endloop
  endfacet
  facet normal 0.442607 -0.896716 0
    outer loop
      vertex 9.13818 23.2101 8
      vertex 9.015 23.1493 2.01
      vertex 9.13818 23.2101 2.01
    endloop
  endfacet
  facet normal -0.997852 -0.0655045 0
    outer loop
      vertex 10.59 22.24 2.01
      vertex 10.581 22.3771 8
      vertex 10.581 22.3771 2.01
    endloop
  endfacet
  facet normal -0.997852 -0.0655045 0
    outer loop
      vertex 10.581 22.3771 8
      vertex 10.59 22.24 2.01
      vertex 10.59 22.24 8
    endloop
  endfacet
  facet normal -0.997852 0.0655045 0
    outer loop
      vertex 10.581 22.1029 2.01
      vertex 10.59 22.24 8
      vertex 10.59 22.24 2.01
    endloop
  endfacet
  facet normal -0.997852 0.0655045 0
    outer loop
      vertex 10.59 22.24 8
      vertex 10.581 22.1029 2.01
      vertex 10.581 22.1029 8
    endloop
  endfacet
  facet normal -0.980776 0.195136 0
    outer loop
      vertex 10.5542 21.9682 2.01
      vertex 10.581 22.1029 8
      vertex 10.581 22.1029 2.01
    endloop
  endfacet
  facet normal -0.980776 0.195136 0
    outer loop
      vertex 10.581 22.1029 8
      vertex 10.5542 21.9682 2.01
      vertex 10.5542 21.9682 8
    endloop
  endfacet
  facet normal -0.0655283 0.997851 0
    outer loop
      vertex 9.67705 21.199 2.01
      vertex 9.54 21.19 8
      vertex 9.67705 21.199 8
    endloop
  endfacet
  facet normal -0.0655283 0.997851 0
    outer loop
      vertex 9.54 21.19 8
      vertex 9.67705 21.199 2.01
      vertex 9.54 21.19 2.01
    endloop
  endfacet
  facet normal 0 0 1
    outer loop
      vertex 10.581 22.3771 2.01
      vertex 10.581 22.1029 2.01
      vertex 10.59 22.24 2.01
    endloop
  endfacet
  facet normal 0 0 1
    outer loop
      vertex 10.5542 22.5118 2.01
      vertex 10.581 22.1029 2.01
      vertex 10.581 22.3771 2.01
    endloop
  endfacet
  facet normal 0 0 1
    outer loop
      vertex 10.5542 22.5118 2.01
      vertex 10.5542 21.9682 2.01
      vertex 10.581 22.1029 2.01
    endloop
  endfacet
  facet normal 0 0 1
    outer loop
      vertex 10.5101 22.6418 2.01
      vertex 10.5542 21.9682 2.01
      vertex 10.5542 22.5118 2.01
    endloop
  endfacet
  facet normal 0 0 1
    outer loop
      vertex 10.5101 22.6418 2.01
      vertex 10.5101 21.8382 2.01
      vertex 10.5542 21.9682 2.01
    endloop
  endfacet
  facet normal 0 0 1
    outer loop
      vertex 10.4493 22.765 2.01
      vertex 10.5101 21.8382 2.01
      vertex 10.5101 22.6418 2.01
    endloop
  endfacet
  facet normal 0 0 1
    outer loop
      vertex 10.4493 22.765 2.01
      vertex 10.4493 21.715 2.01
      vertex 10.5101 21.8382 2.01
    endloop
  endfacet
  facet normal 0 0 1
    outer loop
      vertex 10.373 22.8792 2.01
      vertex 10.4493 21.715 2.01
      vertex 10.4493 22.765 2.01
    endloop
  endfacet
  facet normal 0 0 1
    outer loop
      vertex 10.373 22.8792 2.01
      vertex 10.373 21.6008 2.01
      vertex 10.4493 21.715 2.01
    endloop
  endfacet
  facet normal 0 0 1
    outer loop
      vertex 10.2825 22.9825 2.01
      vertex 10.373 21.6008 2.01
      vertex 10.373 22.8792 2.01
    endloop
  endfacet
  facet normal 0 0 1
    outer loop
      vertex 10.2825 22.9825 2.01
      vertex 10.2825 21.4975 2.01
      vertex 10.373 21.6008 2.01
    endloop
  endfacet
  facet normal 0 0 1
    outer loop
      vertex 10.1792 23.073 2.01
      vertex 10.2825 21.4975 2.01
      vertex 10.2825 22.9825 2.01
    endloop
  endfacet
  facet normal 0 0 1
    outer loop
      vertex 10.1792 23.073 2.01
      vertex 10.1792 21.407 2.01
      vertex 10.2825 21.4975 2.01
    endloop
  endfacet
  facet normal 0 0 1
    outer loop
      vertex 10.065 23.1493 2.01
      vertex 10.1792 21.407 2.01
      vertex 10.1792 23.073 2.01
    endloop
  endfacet
  facet normal 0 0 1
    outer loop
      vertex 10.065 23.1493 2.01
      vertex 10.065 21.3307 2.01
      vertex 10.1792 21.407 2.01
    endloop
  endfacet
  facet normal 0 0 1
    outer loop
      vertex 9.94182 23.2101 2.01
      vertex 10.065 21.3307 2.01
      vertex 10.065 23.1493 2.01
    endloop
  endfacet
  facet normal 0 0 1
    outer loop
      vertex 9.94182 23.2101 2.01
      vertex 9.94182 21.2699 2.01
      vertex 10.065 21.3307 2.01
    endloop
  endfacet
  facet normal 0 0 1
    outer loop
      vertex 9.81176 23.2542 2.01
      vertex 9.94182 21.2699 2.01
      vertex 9.94182 23.2101 2.01
    endloop
  endfacet
  facet normal 0 0 1
    outer loop
      vertex 9.81176 23.2542 2.01
      vertex 9.81176 21.2258 2.01
      vertex 9.94182 21.2699 2.01
    endloop
  endfacet
  facet normal 0 0 1
    outer loop
      vertex 9.67705 23.281 2.01
      vertex 9.81176 21.2258 2.01
      vertex 9.81176 23.2542 2.01
    endloop
  endfacet
  facet normal 0 0 1
    outer loop
      vertex 9.67705 23.281 2.01
      vertex 9.67705 21.199 2.01
      vertex 9.81176 21.2258 2.01
    endloop
  endfacet
  facet normal 0 0 1
    outer loop
      vertex 9.54 23.29 2.01
      vertex 9.67705 21.199 2.01
      vertex 9.67705 23.281 2.01
    endloop
  endfacet
  facet normal 0 0 1
    outer loop
      vertex 9.54 23.29 2.01
      vertex 9.54 21.19 2.01
      vertex 9.67705 21.199 2.01
    endloop
  endfacet
  facet normal -0 0 1
    outer loop
      vertex 9.40295 23.281 2.01
      vertex 9.54 21.19 2.01
      vertex 9.54 23.29 2.01
    endloop
  endfacet
  facet normal 0 0 1
    outer loop
      vertex 9.40295 23.281 2.01
      vertex 9.40295 21.199 2.01
      vertex 9.54 21.19 2.01
    endloop
  endfacet
  facet normal -0 0 1
    outer loop
      vertex 9.26824 23.2542 2.01
      vertex 9.40295 21.199 2.01
      vertex 9.40295 23.281 2.01
    endloop
  endfacet
  facet normal 0 0 1
    outer loop
      vertex 9.26824 23.2542 2.01
      vertex 9.26824 21.2258 2.01
      vertex 9.40295 21.199 2.01
    endloop
  endfacet
  facet normal -0 0 1
    outer loop
      vertex 9.13818 23.2101 2.01
      vertex 9.26824 21.2258 2.01
      vertex 9.26824 23.2542 2.01
    endloop
  endfacet
  facet normal 0 0 1
    outer loop
      vertex 9.13818 23.2101 2.01
      vertex 9.13818 21.2699 2.01
      vertex 9.26824 21.2258 2.01
    endloop
  endfacet
  facet normal -0 0 1
    outer loop
      vertex 9.015 23.1493 2.01
      vertex 9.13818 21.2699 2.01
      vertex 9.13818 23.2101 2.01
    endloop
  endfacet
  facet normal 0 0 1
    outer loop
      vertex 9.015 23.1493 2.01
      vertex 9.015 21.3307 2.01
      vertex 9.13818 21.2699 2.01
    endloop
  endfacet
  facet normal -0 0 1
    outer loop
      vertex 8.9008 23.073 2.01
      vertex 9.015 21.3307 2.01
      vertex 9.015 23.1493 2.01
    endloop
  endfacet
  facet normal 0 0 1
    outer loop
      vertex 8.9008 23.073 2.01
      vertex 8.9008 21.407 2.01
      vertex 9.015 21.3307 2.01
    endloop
  endfacet
  facet normal -0 0 1
    outer loop
      vertex 8.79754 22.9825 2.01
      vertex 8.9008 21.407 2.01
      vertex 8.9008 23.073 2.01
    endloop
  endfacet
  facet normal 0 0 1
    outer loop
      vertex 8.79754 22.9825 2.01
      vertex 8.79754 21.4975 2.01
      vertex 8.9008 21.407 2.01
    endloop
  endfacet
  facet normal -0 0 1
    outer loop
      vertex 8.70698 22.8792 2.01
      vertex 8.79754 21.4975 2.01
      vertex 8.79754 22.9825 2.01
    endloop
  endfacet
  facet normal 0 0 1
    outer loop
      vertex 8.70698 22.8792 2.01
      vertex 8.70698 21.6008 2.01
      vertex 8.79754 21.4975 2.01
    endloop
  endfacet
  facet normal -0 0 1
    outer loop
      vertex 8.63067 22.765 2.01
      vertex 8.70698 21.6008 2.01
      vertex 8.70698 22.8792 2.01
    endloop
  endfacet
  facet normal 0 0 1
    outer loop
      vertex 8.63067 22.765 2.01
      vertex 8.63067 21.715 2.01
      vertex 8.70698 21.6008 2.01
    endloop
  endfacet
  facet normal -0 0 1
    outer loop
      vertex 8.56993 22.6418 2.01
      vertex 8.63067 21.715 2.01
      vertex 8.63067 22.765 2.01
    endloop
  endfacet
  facet normal 0 0 1
    outer loop
      vertex 8.56993 22.6418 2.01
      vertex 8.56993 21.8382 2.01
      vertex 8.63067 21.715 2.01
    endloop
  endfacet
  facet normal -0 0 1
    outer loop
      vertex 8.52578 22.5118 2.01
      vertex 8.56993 21.8382 2.01
      vertex 8.56993 22.6418 2.01
    endloop
  endfacet
  facet normal 0 0 1
    outer loop
      vertex 8.52578 22.5118 2.01
      vertex 8.52578 21.9682 2.01
      vertex 8.56993 21.8382 2.01
    endloop
  endfacet
  facet normal -0 0 1
    outer loop
      vertex 8.49898 22.3771 2.01
      vertex 8.52578 21.9682 2.01
      vertex 8.52578 22.5118 2.01
    endloop
  endfacet
  facet normal 0 0 1
    outer loop
      vertex 8.49898 22.3771 2.01
      vertex 8.49898 22.1029 2.01
      vertex 8.52578 21.9682 2.01
    endloop
  endfacet
  facet normal 0 -0 1
    outer loop
      vertex 8.49898 22.1029 2.01
      vertex 8.49898 22.3771 2.01
      vertex 8.49 22.24 2.01
    endloop
  endfacet
  facet normal -0.195122 0.980779 0
    outer loop
      vertex 9.81176 21.2258 2.01
      vertex 9.67705 21.199 8
      vertex 9.81176 21.2258 8
    endloop
  endfacet
  facet normal -0.195122 0.980779 0
    outer loop
      vertex 9.67705 21.199 8
      vertex 9.81176 21.2258 2.01
      vertex 9.67705 21.199 2.01
    endloop
  endfacet
  facet normal -0.442607 0.896716 0
    outer loop
      vertex 10.065 21.3307 2.01
      vertex 9.94182 21.2699 8
      vertex 10.065 21.3307 8
    endloop
  endfacet
  facet normal -0.442607 0.896716 0
    outer loop
      vertex 9.94182 21.2699 8
      vertex 10.065 21.3307 2.01
      vertex 9.94182 21.2699 2.01
    endloop
  endfacet
  facet normal -0.896744 -0.442549 0
    outer loop
      vertex 10.5101 22.6418 2.01
      vertex 10.4493 22.765 8
      vertex 10.4493 22.765 2.01
    endloop
  endfacet
  facet normal -0.896744 -0.442549 0
    outer loop
      vertex 10.4493 22.765 8
      vertex 10.5101 22.6418 2.01
      vertex 10.5101 22.6418 8
    endloop
  endfacet
  facet normal -0.946995 -0.32125 0
    outer loop
      vertex 10.5542 22.5118 2.01
      vertex 10.5101 22.6418 8
      vertex 10.5101 22.6418 2.01
    endloop
  endfacet
  facet normal -0.946995 -0.32125 0
    outer loop
      vertex 10.5101 22.6418 8
      vertex 10.5542 22.5118 2.01
      vertex 10.5542 22.5118 8
    endloop
  endfacet
  facet normal -0.980776 -0.195136 0
    outer loop
      vertex 10.581 22.3771 2.01
      vertex 10.5542 22.5118 8
      vertex 10.5542 22.5118 2.01
    endloop
  endfacet
  facet normal -0.980776 -0.195136 0
    outer loop
      vertex 10.5542 22.5118 8
      vertex 10.581 22.3771 2.01
      vertex 10.581 22.3771 8
    endloop
  endfacet
  facet normal -0.195122 -0.980779 0
    outer loop
      vertex 9.67705 23.281 2.01
      vertex 9.81176 23.2542 8
      vertex 9.67705 23.281 8
    endloop
  endfacet
  facet normal -0.195122 -0.980779 -0
    outer loop
      vertex 9.81176 23.2542 8
      vertex 9.67705 23.281 2.01
      vertex 9.81176 23.2542 2.01
    endloop
  endfacet
  facet normal -0.752171 0.658968 0
    outer loop
      vertex 10.2825 21.4975 2.01
      vertex 10.373 21.6008 8
      vertex 10.373 21.6008 2.01
    endloop
  endfacet
  facet normal -0.752171 0.658968 0
    outer loop
      vertex 10.373 21.6008 8
      vertex 10.2825 21.4975 2.01
      vertex 10.2825 21.4975 8
    endloop
  endfacet
  facet normal -0.83149 0.55554 0
    outer loop
      vertex 10.373 21.6008 2.01
      vertex 10.4493 21.715 8
      vertex 10.4493 21.715 2.01
    endloop
  endfacet
  facet normal -0.83149 0.55554 0
    outer loop
      vertex 10.4493 21.715 8
      vertex 10.373 21.6008 2.01
      vertex 10.373 21.6008 8
    endloop
  endfacet
  facet normal -0.896744 0.442549 0
    outer loop
      vertex 10.4493 21.715 2.01
      vertex 10.5101 21.8382 8
      vertex 10.5101 21.8382 2.01
    endloop
  endfacet
  facet normal -0.896744 0.442549 0
    outer loop
      vertex 10.5101 21.8382 8
      vertex 10.4493 21.715 2.01
      vertex 10.4493 21.715 8
    endloop
  endfacet
  facet normal 0.195122 0.980779 -0
    outer loop
      vertex 9.40295 21.199 2.01
      vertex 9.26824 21.2258 8
      vertex 9.40295 21.199 8
    endloop
  endfacet
  facet normal 0.195122 0.980779 0
    outer loop
      vertex 9.26824 21.2258 8
      vertex 9.40295 21.199 2.01
      vertex 9.26824 21.2258 2.01
    endloop
  endfacet
  facet normal 0.831456 0.55559 0
    outer loop
      vertex 8.70698 21.6008 8
      vertex 8.63067 21.715 2.01
      vertex 8.63067 21.715 8
    endloop
  endfacet
  facet normal 0.831456 0.55559 0
    outer loop
      vertex 8.63067 21.715 2.01
      vertex 8.70698 21.6008 8
      vertex 8.70698 21.6008 2.01
    endloop
  endfacet
  facet normal -0.321117 0.94704 0
    outer loop
      vertex 9.94182 21.2699 2.01
      vertex 9.81176 21.2258 8
      vertex 9.94182 21.2699 8
    endloop
  endfacet
  facet normal -0.321117 0.94704 0
    outer loop
      vertex 9.81176 21.2258 8
      vertex 9.94182 21.2699 2.01
      vertex 9.81176 21.2258 2.01
    endloop
  endfacet
  facet normal -0.658968 0.752171 0
    outer loop
      vertex 10.2825 21.4975 2.01
      vertex 10.1792 21.407 8
      vertex 10.2825 21.4975 8
    endloop
  endfacet
  facet normal -0.658968 0.752171 0
    outer loop
      vertex 10.1792 21.407 8
      vertex 10.2825 21.4975 2.01
      vertex 10.1792 21.407 2.01
    endloop
  endfacet
  facet normal -0.55554 0.83149 0
    outer loop
      vertex 10.1792 21.407 2.01
      vertex 10.065 21.3307 8
      vertex 10.1792 21.407 8
    endloop
  endfacet
  facet normal -0.55554 0.83149 0
    outer loop
      vertex 10.065 21.3307 8
      vertex 10.1792 21.407 2.01
      vertex 10.065 21.3307 2.01
    endloop
  endfacet
  facet normal -0.946995 0.32125 0
    outer loop
      vertex 10.5101 21.8382 2.01
      vertex 10.5542 21.9682 8
      vertex 10.5542 21.9682 2.01
    endloop
  endfacet
  facet normal -0.946995 0.32125 0
    outer loop
      vertex 10.5542 21.9682 8
      vertex 10.5101 21.8382 2.01
      vertex 10.5101 21.8382 8
    endloop
  endfacet
  facet normal 0.321117 0.94704 -0
    outer loop
      vertex 9.26824 21.2258 2.01
      vertex 9.13818 21.2699 8
      vertex 9.26824 21.2258 8
    endloop
  endfacet
  facet normal 0.321117 0.94704 0
    outer loop
      vertex 9.13818 21.2699 8
      vertex 9.26824 21.2258 2.01
      vertex 9.13818 21.2699 2.01
    endloop
  endfacet
  facet normal 0.0655283 0.997851 -0
    outer loop
      vertex 9.54 21.19 2.01
      vertex 9.40295 21.199 8
      vertex 9.54 21.19 8
    endloop
  endfacet
  facet normal 0.0655283 0.997851 0
    outer loop
      vertex 9.40295 21.199 8
      vertex 9.54 21.19 2.01
      vertex 9.40295 21.199 2.01
    endloop
  endfacet
  facet normal 0.946884 0.321576 0
    outer loop
      vertex 8.56993 21.8382 8
      vertex 8.52578 21.9682 2.01
      vertex 8.52578 21.9682 8
    endloop
  endfacet
  facet normal 0.946884 0.321576 0
    outer loop
      vertex 8.52578 21.9682 2.01
      vertex 8.56993 21.8382 8
      vertex 8.56993 21.8382 2.01
    endloop
  endfacet
  facet normal 0.980776 0.195136 0
    outer loop
      vertex 8.52578 21.9682 8
      vertex 8.49898 22.1029 2.01
      vertex 8.49898 22.1029 8
    endloop
  endfacet
  facet normal 0.980776 0.195136 0
    outer loop
      vertex 8.49898 22.1029 2.01
      vertex 8.52578 21.9682 8
      vertex 8.52578 21.9682 2.01
    endloop
  endfacet
  facet normal 0.997862 0.0653596 0
    outer loop
      vertex 8.49898 22.1029 8
      vertex 8.49 22.24 2.01
      vertex 8.49 22.24 8
    endloop
  endfacet
  facet normal 0.997862 0.0653596 0
    outer loop
      vertex 8.49 22.24 2.01
      vertex 8.49898 22.1029 8
      vertex 8.49898 22.1029 2.01
    endloop
  endfacet
  facet normal 0.896918 0.442198 0
    outer loop
      vertex 8.63067 21.715 8
      vertex 8.56993 21.8382 2.01
      vertex 8.56993 21.8382 8
    endloop
  endfacet
  facet normal 0.896918 0.442198 0
    outer loop
      vertex 8.56993 21.8382 2.01
      vertex 8.63067 21.715 8
      vertex 8.63067 21.715 2.01
    endloop
  endfacet
  facet normal 0.751954 0.659215 0
    outer loop
      vertex 8.79754 21.4975 8
      vertex 8.70698 21.6008 2.01
      vertex 8.70698 21.6008 8
    endloop
  endfacet
  facet normal 0.751954 0.659215 0
    outer loop
      vertex 8.70698 21.6008 2.01
      vertex 8.79754 21.4975 8
      vertex 8.79754 21.4975 2.01
    endloop
  endfacet
  facet normal 0.659113 0.752044 -0
    outer loop
      vertex 8.9008 21.407 2.01
      vertex 8.79754 21.4975 8
      vertex 8.9008 21.407 8
    endloop
  endfacet
  facet normal 0.659113 0.752044 0
    outer loop
      vertex 8.79754 21.4975 8
      vertex 8.9008 21.407 2.01
      vertex 8.79754 21.4975 2.01
    endloop
  endfacet
  facet normal 0.55554 0.83149 -0
    outer loop
      vertex 9.015 21.3307 2.01
      vertex 8.9008 21.407 8
      vertex 9.015 21.3307 8
    endloop
  endfacet
  facet normal 0.55554 0.83149 0
    outer loop
      vertex 8.9008 21.407 8
      vertex 9.015 21.3307 2.01
      vertex 8.9008 21.407 2.01
    endloop
  endfacet
  facet normal 0.442607 0.896716 -0
    outer loop
      vertex 9.13818 21.2699 2.01
      vertex 9.015 21.3307 8
      vertex 9.13818 21.2699 8
    endloop
  endfacet
  facet normal 0.442607 0.896716 0
    outer loop
      vertex 9.015 21.3307 8
      vertex 9.13818 21.2699 2.01
      vertex 9.015 21.3307 2.01
    endloop
  endfacet
  facet normal 0.55565 0.831417 -0
    outer loop
      vertex 31.4428 11.6027 2
      vertex 31.16 11.7917 8
      vertex 31.4428 11.6027 8
    endloop
  endfacet
  facet normal 0.55565 0.831417 0
    outer loop
      vertex 31.16 11.7917 8
      vertex 31.4428 11.6027 2
      vertex 31.16 11.7917 2
    endloop
  endfacet
  facet normal 0.980757 -0.195234 0
    outer loop
      vertex 32.3714 8.86707 8
      vertex 32.4378 9.20063 2
      vertex 32.4378 9.20063 8
    endloop
  endfacet
  facet normal 0.980757 -0.195234 0
    outer loop
      vertex 32.4378 9.20063 2
      vertex 32.3714 8.86707 8
      vertex 32.3714 8.86707 2
    endloop
  endfacet
  facet normal -0.321391 -0.946946 0
    outer loop
      vertex 28.865 7.13791 2
      vertex 29.1871 7.02859 8
      vertex 28.865 7.13791 8
    endloop
  endfacet
  facet normal -0.321391 -0.946946 -0
    outer loop
      vertex 29.1871 7.02859 8
      vertex 28.865 7.13791 2
      vertex 29.1871 7.02859 2
    endloop
  endfacet
  facet normal -0.321339 0.946964 0
    outer loop
      vertex 29.1871 12.0514 2
      vertex 28.865 11.9421 8
      vertex 29.1871 12.0514 8
    endloop
  endfacet
  facet normal -0.321339 0.946964 0
    outer loop
      vertex 28.865 11.9421 8
      vertex 29.1871 12.0514 2
      vertex 28.865 11.9421 2
    endloop
  endfacet
  facet normal -0.896884 0.442267 0
    outer loop
      vertex 27.4579 10.535 2
      vertex 27.6083 10.84 8
      vertex 27.6083 10.84 2
    endloop
  endfacet
  facet normal -0.896884 0.442267 0
    outer loop
      vertex 27.6083 10.84 8
      vertex 27.4579 10.535 2
      vertex 27.4579 10.535 8
    endloop
  endfacet
  facet normal -0.896895 -0.442243 0
    outer loop
      vertex 27.6083 8.24 2
      vertex 27.4579 8.54502 8
      vertex 27.4579 8.54502 2
    endloop
  endfacet
  facet normal -0.896895 -0.442243 0
    outer loop
      vertex 27.4579 8.54502 8
      vertex 27.6083 8.24 2
      vertex 27.6083 8.24 8
    endloop
  endfacet
  facet normal 0.946964 0.321339 0
    outer loop
      vertex 32.3714 10.2129 8
      vertex 32.2621 10.535 2
      vertex 32.2621 10.535 8
    endloop
  endfacet
  facet normal 0.946964 0.321339 0
    outer loop
      vertex 32.2621 10.535 2
      vertex 32.3714 10.2129 8
      vertex 32.3714 10.2129 2
    endloop
  endfacet
  facet normal 0.831417 0.55565 0
    outer loop
      vertex 32.1117 10.84 8
      vertex 31.9227 11.1228 2
      vertex 31.9227 11.1228 8
    endloop
  endfacet
  facet normal 0.831417 0.55565 0
    outer loop
      vertex 31.9227 11.1228 2
      vertex 32.1117 10.84 8
      vertex 32.1117 10.84 2
    endloop
  endfacet
  facet normal 0.751902 0.659275 0
    outer loop
      vertex 31.9227 11.1228 8
      vertex 31.6985 11.3785 2
      vertex 31.6985 11.3785 8
    endloop
  endfacet
  facet normal 0.751902 0.659275 0
    outer loop
      vertex 31.6985 11.3785 2
      vertex 31.9227 11.1228 8
      vertex 31.9227 11.1228 2
    endloop
  endfacet
  facet normal 0.442267 0.896884 -0
    outer loop
      vertex 31.16 11.7917 2
      vertex 30.855 11.9421 8
      vertex 31.16 11.7917 8
    endloop
  endfacet
  facet normal 0.442267 0.896884 0
    outer loop
      vertex 30.855 11.9421 8
      vertex 31.16 11.7917 2
      vertex 30.855 11.9421 2
    endloop
  endfacet
  facet normal 0.0652701 0.997868 -0
    outer loop
      vertex 30.1994 12.1178 2
      vertex 29.86 12.14 8
      vertex 30.1994 12.1178 8
    endloop
  endfacet
  facet normal 0.0652701 0.997868 0
    outer loop
      vertex 29.86 12.14 8
      vertex 30.1994 12.1178 2
      vertex 29.86 12.14 2
    endloop
  endfacet
  facet normal -0.997867 0.0652758 0
    outer loop
      vertex 27.26 9.54 2
      vertex 27.2822 9.87937 8
      vertex 27.2822 9.87937 2
    endloop
  endfacet
  facet normal -0.997867 0.0652758 0
    outer loop
      vertex 27.2822 9.87937 8
      vertex 27.26 9.54 2
      vertex 27.26 9.54 8
    endloop
  endfacet
  facet normal -0.980753 0.195251 0
    outer loop
      vertex 27.2822 9.87937 2
      vertex 27.3486 10.2129 8
      vertex 27.3486 10.2129 2
    endloop
  endfacet
  facet normal -0.980753 0.195251 0
    outer loop
      vertex 27.3486 10.2129 8
      vertex 27.2822 9.87937 2
      vertex 27.2822 9.87937 8
    endloop
  endfacet
  facet normal -0.751902 0.659275 0
    outer loop
      vertex 27.7973 11.1228 2
      vertex 28.0215 11.3785 8
      vertex 28.0215 11.3785 2
    endloop
  endfacet
  facet normal -0.751902 0.659275 0
    outer loop
      vertex 28.0215 11.3785 8
      vertex 27.7973 11.1228 2
      vertex 27.7973 11.1228 8
    endloop
  endfacet
  facet normal -0.442267 0.896884 0
    outer loop
      vertex 28.865 11.9421 2
      vertex 28.56 11.7917 8
      vertex 28.865 11.9421 8
    endloop
  endfacet
  facet normal -0.442267 0.896884 0
    outer loop
      vertex 28.56 11.7917 8
      vertex 28.865 11.9421 2
      vertex 28.56 11.7917 2
    endloop
  endfacet
  facet normal -0.55565 0.831417 0
    outer loop
      vertex 28.56 11.7917 2
      vertex 28.2772 11.6027 8
      vertex 28.56 11.7917 8
    endloop
  endfacet
  facet normal -0.55565 0.831417 0
    outer loop
      vertex 28.2772 11.6027 8
      vertex 28.56 11.7917 2
      vertex 28.2772 11.6027 2
    endloop
  endfacet
  facet normal 0.321391 -0.946946 0
    outer loop
      vertex 30.5329 7.02859 2
      vertex 30.855 7.13791 8
      vertex 30.5329 7.02859 8
    endloop
  endfacet
  facet normal 0.321391 -0.946946 0
    outer loop
      vertex 30.855 7.13791 8
      vertex 30.5329 7.02859 2
      vertex 30.855 7.13791 2
    endloop
  endfacet
  facet normal 0.896895 -0.442243 0
    outer loop
      vertex 32.1117 8.24 8
      vertex 32.2621 8.54502 2
      vertex 32.2621 8.54502 8
    endloop
  endfacet
  facet normal 0.896895 -0.442243 0
    outer loop
      vertex 32.2621 8.54502 2
      vertex 32.1117 8.24 8
      vertex 32.1117 8.24 2
    endloop
  endfacet
  facet normal -0.0653872 -0.99786 0
    outer loop
      vertex 29.5206 6.96224 2
      vertex 29.86 6.94 8
      vertex 29.5206 6.96224 8
    endloop
  endfacet
  facet normal -0.0653872 -0.99786 -0
    outer loop
      vertex 29.86 6.94 8
      vertex 29.5206 6.96224 2
      vertex 29.86 6.94 2
    endloop
  endfacet
  facet normal -0.555548 -0.831484 0
    outer loop
      vertex 28.2772 7.47728 2
      vertex 28.56 7.28833 8
      vertex 28.2772 7.47728 8
    endloop
  endfacet
  facet normal -0.555548 -0.831484 -0
    outer loop
      vertex 28.56 7.28833 8
      vertex 28.2772 7.47728 2
      vertex 28.56 7.28833 2
    endloop
  endfacet
  facet normal -0.659341 -0.751844 0
    outer loop
      vertex 28.0215 7.70152 2
      vertex 28.2772 7.47728 8
      vertex 28.0215 7.70152 8
    endloop
  endfacet
  facet normal -0.659341 -0.751844 -0
    outer loop
      vertex 28.2772 7.47728 8
      vertex 28.0215 7.70152 2
      vertex 28.2772 7.47728 2
    endloop
  endfacet
  facet normal -0.997867 -0.0652758 0
    outer loop
      vertex 27.2822 9.20063 2
      vertex 27.26 9.54 8
      vertex 27.26 9.54 2
    endloop
  endfacet
  facet normal -0.997867 -0.0652758 0
    outer loop
      vertex 27.26 9.54 8
      vertex 27.2822 9.20063 2
      vertex 27.2822 9.20063 8
    endloop
  endfacet
  facet normal 0.980753 0.195251 0
    outer loop
      vertex 32.4378 9.87937 8
      vertex 32.3714 10.2129 2
      vertex 32.3714 10.2129 8
    endloop
  endfacet
  facet normal 0.980753 0.195251 0
    outer loop
      vertex 32.3714 10.2129 2
      vertex 32.4378 9.87937 8
      vertex 32.4378 9.87937 2
    endloop
  endfacet
  facet normal 0.896884 0.442267 0
    outer loop
      vertex 32.2621 10.535 8
      vertex 32.1117 10.84 2
      vertex 32.1117 10.84 8
    endloop
  endfacet
  facet normal 0.896884 0.442267 0
    outer loop
      vertex 32.1117 10.84 2
      vertex 32.2621 10.535 8
      vertex 32.2621 10.535 2
    endloop
  endfacet
  facet normal 0.659275 0.751902 -0
    outer loop
      vertex 31.6985 11.3785 2
      vertex 31.4428 11.6027 8
      vertex 31.6985 11.3785 8
    endloop
  endfacet
  facet normal 0.659275 0.751902 0
    outer loop
      vertex 31.4428 11.6027 8
      vertex 31.6985 11.3785 2
      vertex 31.4428 11.6027 2
    endloop
  endfacet
  facet normal 0.321339 0.946964 -0
    outer loop
      vertex 30.855 11.9421 2
      vertex 30.5329 12.0514 8
      vertex 30.855 11.9421 8
    endloop
  endfacet
  facet normal 0.321339 0.946964 0
    outer loop
      vertex 30.5329 12.0514 8
      vertex 30.855 11.9421 2
      vertex 30.5329 12.0514 2
    endloop
  endfacet
  facet normal 0.195268 0.98075 -0
    outer loop
      vertex 30.5329 12.0514 2
      vertex 30.1994 12.1178 8
      vertex 30.5329 12.0514 8
    endloop
  endfacet
  facet normal 0.195268 0.98075 0
    outer loop
      vertex 30.1994 12.1178 8
      vertex 30.5329 12.0514 2
      vertex 30.1994 12.1178 2
    endloop
  endfacet
  facet normal -0.946964 0.321339 0
    outer loop
      vertex 27.3486 10.2129 2
      vertex 27.4579 10.535 8
      vertex 27.4579 10.535 2
    endloop
  endfacet
  facet normal -0.946964 0.321339 0
    outer loop
      vertex 27.4579 10.535 8
      vertex 27.3486 10.2129 2
      vertex 27.3486 10.2129 8
    endloop
  endfacet
  facet normal 0 0 1
    outer loop
      vertex 30.91 9.54 8
      vertex 32.46 9.54 8
      vertex 32.4378 9.87937 8
    endloop
  endfacet
  facet normal 0 0 1
    outer loop
      vertex 30.901 9.67705 8
      vertex 32.4378 9.87937 8
      vertex 32.3714 10.2129 8
    endloop
  endfacet
  facet normal 0 0 1
    outer loop
      vertex 32.46 9.54 8
      vertex 30.91 9.54 8
      vertex 32.4378 9.20063 8
    endloop
  endfacet
  facet normal 0 0 1
    outer loop
      vertex 30.8742 9.81176 8
      vertex 32.3714 10.2129 8
      vertex 32.2621 10.535 8
    endloop
  endfacet
  facet normal -0 0 1
    outer loop
      vertex 30.901 9.40295 8
      vertex 32.4378 9.20063 8
      vertex 30.91 9.54 8
    endloop
  endfacet
  facet normal 0 0 1
    outer loop
      vertex 30.8301 9.94182 8
      vertex 32.2621 10.535 8
      vertex 32.1117 10.84 8
    endloop
  endfacet
  facet normal 0 0 1
    outer loop
      vertex 32.4378 9.20063 8
      vertex 30.901 9.40295 8
      vertex 32.3714 8.86707 8
    endloop
  endfacet
  facet normal 0 0 1
    outer loop
      vertex 30.7693 10.065 8
      vertex 32.1117 10.84 8
      vertex 31.9227 11.1228 8
    endloop
  endfacet
  facet normal -0 0 1
    outer loop
      vertex 30.8742 9.26824 8
      vertex 32.3714 8.86707 8
      vertex 30.901 9.40295 8
    endloop
  endfacet
  facet normal 0 0 1
    outer loop
      vertex 30.693 10.1792 8
      vertex 31.9227 11.1228 8
      vertex 31.6985 11.3785 8
    endloop
  endfacet
  facet normal 0 0 1
    outer loop
      vertex 32.3714 8.86707 8
      vertex 30.8742 9.26824 8
      vertex 32.2621 8.54502 8
    endloop
  endfacet
  facet normal 0 0 1
    outer loop
      vertex 30.6025 10.2825 8
      vertex 31.6985 11.3785 8
      vertex 31.4428 11.6027 8
    endloop
  endfacet
  facet normal -0 0 1
    outer loop
      vertex 30.8301 9.13818 8
      vertex 32.2621 8.54502 8
      vertex 30.8742 9.26824 8
    endloop
  endfacet
  facet normal 0 0 1
    outer loop
      vertex 30.4992 10.373 8
      vertex 31.4428 11.6027 8
      vertex 31.16 11.7917 8
    endloop
  endfacet
  facet normal 0 0 1
    outer loop
      vertex 32.2621 8.54502 8
      vertex 30.8301 9.13818 8
      vertex 32.1117 8.24 8
    endloop
  endfacet
  facet normal -0 0 1
    outer loop
      vertex 30.7693 9.015 8
      vertex 32.1117 8.24 8
      vertex 30.8301 9.13818 8
    endloop
  endfacet
  facet normal 0 0 1
    outer loop
      vertex 32.4378 9.87937 8
      vertex 30.901 9.67705 8
      vertex 30.91 9.54 8
    endloop
  endfacet
  facet normal 0 0 1
    outer loop
      vertex 32.3714 10.2129 8
      vertex 30.8742 9.81176 8
      vertex 30.901 9.67705 8
    endloop
  endfacet
  facet normal 0 0 1
    outer loop
      vertex 30.385 10.4493 8
      vertex 31.16 11.7917 8
      vertex 30.855 11.9421 8
    endloop
  endfacet
  facet normal 0 0 1
    outer loop
      vertex 32.2621 10.535 8
      vertex 30.8301 9.94182 8
      vertex 30.8742 9.81176 8
    endloop
  endfacet
  facet normal 0 0 1
    outer loop
      vertex 32.1117 10.84 8
      vertex 30.7693 10.065 8
      vertex 30.8301 9.94182 8
    endloop
  endfacet
  facet normal 0 0 1
    outer loop
      vertex 31.9227 11.1228 8
      vertex 30.693 10.1792 8
      vertex 30.7693 10.065 8
    endloop
  endfacet
  facet normal 0 0 1
    outer loop
      vertex 31.6985 11.3785 8
      vertex 30.6025 10.2825 8
      vertex 30.693 10.1792 8
    endloop
  endfacet
  facet normal 0 0 1
    outer loop
      vertex 30.2618 10.5101 8
      vertex 30.855 11.9421 8
      vertex 30.5329 12.0514 8
    endloop
  endfacet
  facet normal 0 0 1
    outer loop
      vertex 31.4428 11.6027 8
      vertex 30.4992 10.373 8
      vertex 30.6025 10.2825 8
    endloop
  endfacet
  facet normal 0 0 1
    outer loop
      vertex 31.16 11.7917 8
      vertex 30.385 10.4493 8
      vertex 30.4992 10.373 8
    endloop
  endfacet
  facet normal 0 0 1
    outer loop
      vertex 30.855 11.9421 8
      vertex 30.2618 10.5101 8
      vertex 30.385 10.4493 8
    endloop
  endfacet
  facet normal 0 0 1
    outer loop
      vertex 30.1318 10.5542 8
      vertex 30.5329 12.0514 8
      vertex 30.1994 12.1178 8
    endloop
  endfacet
  facet normal 0 0 1
    outer loop
      vertex 30.5329 12.0514 8
      vertex 30.1318 10.5542 8
      vertex 30.2618 10.5101 8
    endloop
  endfacet
  facet normal 0 0 1
    outer loop
      vertex 30.1994 12.1178 8
      vertex 29.9971 10.581 8
      vertex 30.1318 10.5542 8
    endloop
  endfacet
  facet normal 0 0 1
    outer loop
      vertex 29.86 12.14 8
      vertex 29.9971 10.581 8
      vertex 30.1994 12.1178 8
    endloop
  endfacet
  facet normal 0 0 1
    outer loop
      vertex 29.86 12.14 8
      vertex 29.86 10.59 8
      vertex 29.9971 10.581 8
    endloop
  endfacet
  facet normal 0 0 1
    outer loop
      vertex 29.86 12.14 8
      vertex 29.7229 10.581 8
      vertex 29.86 10.59 8
    endloop
  endfacet
  facet normal -0 0 1
    outer loop
      vertex 29.5206 12.1178 8
      vertex 29.7229 10.581 8
      vertex 29.86 12.14 8
    endloop
  endfacet
  facet normal 0 0 1
    outer loop
      vertex 29.7229 10.581 8
      vertex 29.5206 12.1178 8
      vertex 29.5882 10.5542 8
    endloop
  endfacet
  facet normal -0 0 1
    outer loop
      vertex 29.1871 12.0514 8
      vertex 29.5882 10.5542 8
      vertex 29.5206 12.1178 8
    endloop
  endfacet
  facet normal 0 0 1
    outer loop
      vertex 29.5882 10.5542 8
      vertex 29.1871 12.0514 8
      vertex 29.4582 10.5101 8
    endloop
  endfacet
  facet normal -0 0 1
    outer loop
      vertex 28.865 11.9421 8
      vertex 29.4582 10.5101 8
      vertex 29.1871 12.0514 8
    endloop
  endfacet
  facet normal 0 0 1
    outer loop
      vertex 29.4582 10.5101 8
      vertex 28.865 11.9421 8
      vertex 29.335 10.4493 8
    endloop
  endfacet
  facet normal -0 0 1
    outer loop
      vertex 28.56 11.7917 8
      vertex 29.335 10.4493 8
      vertex 28.865 11.9421 8
    endloop
  endfacet
  facet normal 0 0 1
    outer loop
      vertex 29.335 10.4493 8
      vertex 28.56 11.7917 8
      vertex 29.2208 10.373 8
    endloop
  endfacet
  facet normal -0 0 1
    outer loop
      vertex 28.2772 11.6027 8
      vertex 29.2208 10.373 8
      vertex 28.56 11.7917 8
    endloop
  endfacet
  facet normal 0 0 1
    outer loop
      vertex 29.2208 10.373 8
      vertex 28.2772 11.6027 8
      vertex 29.1175 10.2825 8
    endloop
  endfacet
  facet normal -0 0 1
    outer loop
      vertex 28.0215 11.3785 8
      vertex 29.1175 10.2825 8
      vertex 28.2772 11.6027 8
    endloop
  endfacet
  facet normal 0 0 1
    outer loop
      vertex 29.1175 10.2825 8
      vertex 28.0215 11.3785 8
      vertex 29.027 10.1792 8
    endloop
  endfacet
  facet normal -0 0 1
    outer loop
      vertex 27.7973 11.1228 8
      vertex 29.027 10.1792 8
      vertex 28.0215 11.3785 8
    endloop
  endfacet
  facet normal 0 0 1
    outer loop
      vertex 29.027 10.1792 8
      vertex 27.7973 11.1228 8
      vertex 28.9507 10.065 8
    endloop
  endfacet
  facet normal -0 0 1
    outer loop
      vertex 27.6083 10.84 8
      vertex 28.9507 10.065 8
      vertex 27.7973 11.1228 8
    endloop
  endfacet
  facet normal 0 0 1
    outer loop
      vertex 32.1117 8.24 8
      vertex 30.7693 9.015 8
      vertex 31.9227 7.95722 8
    endloop
  endfacet
  facet normal -0 0 1
    outer loop
      vertex 30.693 8.9008 8
      vertex 31.9227 7.95722 8
      vertex 30.7693 9.015 8
    endloop
  endfacet
  facet normal 0 0 1
    outer loop
      vertex 31.9227 7.95722 8
      vertex 30.693 8.9008 8
      vertex 31.6985 7.70152 8
    endloop
  endfacet
  facet normal -0 0 1
    outer loop
      vertex 30.6025 8.79754 8
      vertex 31.6985 7.70152 8
      vertex 30.693 8.9008 8
    endloop
  endfacet
  facet normal 0 0 1
    outer loop
      vertex 31.6985 7.70152 8
      vertex 30.6025 8.79754 8
      vertex 31.4428 7.47728 8
    endloop
  endfacet
  facet normal -0 0 1
    outer loop
      vertex 30.4992 8.70698 8
      vertex 31.4428 7.47728 8
      vertex 30.6025 8.79754 8
    endloop
  endfacet
  facet normal 0 0 1
    outer loop
      vertex 31.4428 7.47728 8
      vertex 30.4992 8.70698 8
      vertex 31.16 7.28833 8
    endloop
  endfacet
  facet normal -0 0 1
    outer loop
      vertex 30.385 8.63067 8
      vertex 31.16 7.28833 8
      vertex 30.4992 8.70698 8
    endloop
  endfacet
  facet normal 0 0 1
    outer loop
      vertex 31.16 7.28833 8
      vertex 30.385 8.63067 8
      vertex 30.855 7.13791 8
    endloop
  endfacet
  facet normal -0 0 1
    outer loop
      vertex 30.2618 8.56993 8
      vertex 30.855 7.13791 8
      vertex 30.385 8.63067 8
    endloop
  endfacet
  facet normal 0 0 1
    outer loop
      vertex 30.855 7.13791 8
      vertex 30.2618 8.56993 8
      vertex 30.5329 7.02859 8
    endloop
  endfacet
  facet normal -0 0 1
    outer loop
      vertex 30.1318 8.52578 8
      vertex 30.5329 7.02859 8
      vertex 30.2618 8.56993 8
    endloop
  endfacet
  facet normal 0 0 1
    outer loop
      vertex 30.5329 7.02859 8
      vertex 30.1318 8.52578 8
      vertex 30.1994 6.96224 8
    endloop
  endfacet
  facet normal -0 0 1
    outer loop
      vertex 29.9971 8.49898 8
      vertex 30.1994 6.96224 8
      vertex 30.1318 8.52578 8
    endloop
  endfacet
  facet normal -0 0 1
    outer loop
      vertex 29.86 8.49 8
      vertex 30.1994 6.96224 8
      vertex 29.9971 8.49898 8
    endloop
  endfacet
  facet normal 0 0 1
    outer loop
      vertex 29.86 8.49 8
      vertex 29.86 6.94 8
      vertex 30.1994 6.96224 8
    endloop
  endfacet
  facet normal 0 0 1
    outer loop
      vertex 29.7229 8.49898 8
      vertex 29.86 6.94 8
      vertex 29.86 8.49 8
    endloop
  endfacet
  facet normal 0 0 1
    outer loop
      vertex 29.5206 6.96224 8
      vertex 29.7229 8.49898 8
      vertex 29.5882 8.52578 8
    endloop
  endfacet
  facet normal 0 0 1
    outer loop
      vertex 29.7229 8.49898 8
      vertex 29.5206 6.96224 8
      vertex 29.86 6.94 8
    endloop
  endfacet
  facet normal 0 0 1
    outer loop
      vertex 29.1871 7.02859 8
      vertex 29.5882 8.52578 8
      vertex 29.4582 8.56993 8
    endloop
  endfacet
  facet normal 0 0 1
    outer loop
      vertex 28.865 7.13791 8
      vertex 29.4582 8.56993 8
      vertex 29.335 8.63067 8
    endloop
  endfacet
  facet normal 0 0 1
    outer loop
      vertex 28.56 7.28833 8
      vertex 29.335 8.63067 8
      vertex 29.2208 8.70698 8
    endloop
  endfacet
  facet normal 0 0 1
    outer loop
      vertex 29.5882 8.52578 8
      vertex 29.1871 7.02859 8
      vertex 29.5206 6.96224 8
    endloop
  endfacet
  facet normal 0 0 1
    outer loop
      vertex 28.2772 7.47728 8
      vertex 29.2208 8.70698 8
      vertex 29.1175 8.79754 8
    endloop
  endfacet
  facet normal 0 0 1
    outer loop
      vertex 28.0215 7.70152 8
      vertex 29.1175 8.79754 8
      vertex 29.027 8.9008 8
    endloop
  endfacet
  facet normal 0 0 1
    outer loop
      vertex 27.7973 7.95722 8
      vertex 29.027 8.9008 8
      vertex 28.9507 9.015 8
    endloop
  endfacet
  facet normal 0 0 1
    outer loop
      vertex 27.6083 8.24 8
      vertex 28.9507 9.015 8
      vertex 28.8899 9.13818 8
    endloop
  endfacet
  facet normal 0 0 1
    outer loop
      vertex 29.4582 8.56993 8
      vertex 28.865 7.13791 8
      vertex 29.1871 7.02859 8
    endloop
  endfacet
  facet normal 0 0 1
    outer loop
      vertex 27.4579 8.54502 8
      vertex 28.8899 9.13818 8
      vertex 28.8458 9.26824 8
    endloop
  endfacet
  facet normal 0 0 1
    outer loop
      vertex 27.3486 8.86707 8
      vertex 28.8458 9.26824 8
      vertex 28.819 9.40295 8
    endloop
  endfacet
  facet normal 0 0 1
    outer loop
      vertex 27.2822 9.20063 8
      vertex 28.819 9.40295 8
      vertex 28.81 9.54 8
    endloop
  endfacet
  facet normal 0 0 1
    outer loop
      vertex 28.9507 10.065 8
      vertex 27.6083 10.84 8
      vertex 28.8899 9.94182 8
    endloop
  endfacet
  facet normal 0 0 1
    outer loop
      vertex 29.335 8.63067 8
      vertex 28.56 7.28833 8
      vertex 28.865 7.13791 8
    endloop
  endfacet
  facet normal -0 0 1
    outer loop
      vertex 27.4579 10.535 8
      vertex 28.8899 9.94182 8
      vertex 27.6083 10.84 8
    endloop
  endfacet
  facet normal 0 0 1
    outer loop
      vertex 29.2208 8.70698 8
      vertex 28.2772 7.47728 8
      vertex 28.56 7.28833 8
    endloop
  endfacet
  facet normal 0 0 1
    outer loop
      vertex 28.8899 9.94182 8
      vertex 27.4579 10.535 8
      vertex 28.8458 9.81176 8
    endloop
  endfacet
  facet normal 0 0 1
    outer loop
      vertex 29.1175 8.79754 8
      vertex 28.0215 7.70152 8
      vertex 28.2772 7.47728 8
    endloop
  endfacet
  facet normal -0 0 1
    outer loop
      vertex 27.3486 10.2129 8
      vertex 28.8458 9.81176 8
      vertex 27.4579 10.535 8
    endloop
  endfacet
  facet normal 0 0 1
    outer loop
      vertex 29.027 8.9008 8
      vertex 27.7973 7.95722 8
      vertex 28.0215 7.70152 8
    endloop
  endfacet
  facet normal 0 0 1
    outer loop
      vertex 28.8458 9.81176 8
      vertex 27.3486 10.2129 8
      vertex 28.819 9.67705 8
    endloop
  endfacet
  facet normal 0 0 1
    outer loop
      vertex 28.9507 9.015 8
      vertex 27.6083 8.24 8
      vertex 27.7973 7.95722 8
    endloop
  endfacet
  facet normal -0 0 1
    outer loop
      vertex 27.2822 9.87937 8
      vertex 28.819 9.67705 8
      vertex 27.3486 10.2129 8
    endloop
  endfacet
  facet normal 0 0 1
    outer loop
      vertex 28.8899 9.13818 8
      vertex 27.4579 8.54502 8
      vertex 27.6083 8.24 8
    endloop
  endfacet
  facet normal 0 0 1
    outer loop
      vertex 28.819 9.67705 8
      vertex 27.2822 9.87937 8
      vertex 28.81 9.54 8
    endloop
  endfacet
  facet normal 0 0 1
    outer loop
      vertex 28.8458 9.26824 8
      vertex 27.3486 8.86707 8
      vertex 27.4579 8.54502 8
    endloop
  endfacet
  facet normal 0 0 1
    outer loop
      vertex 27.26 9.54 8
      vertex 28.81 9.54 8
      vertex 27.2822 9.87937 8
    endloop
  endfacet
  facet normal 0 0 1
    outer loop
      vertex 28.819 9.40295 8
      vertex 27.2822 9.20063 8
      vertex 27.3486 8.86707 8
    endloop
  endfacet
  facet normal 0 0 1
    outer loop
      vertex 28.81 9.54 8
      vertex 27.26 9.54 8
      vertex 27.2822 9.20063 8
    endloop
  endfacet
  facet normal -0.831417 0.55565 0
    outer loop
      vertex 27.6083 10.84 2
      vertex 27.7973 11.1228 8
      vertex 27.7973 11.1228 2
    endloop
  endfacet
  facet normal -0.831417 0.55565 0
    outer loop
      vertex 27.7973 11.1228 8
      vertex 27.6083 10.84 2
      vertex 27.6083 10.84 8
    endloop
  endfacet
  facet normal -0.0652701 0.997868 0
    outer loop
      vertex 29.86 12.14 2
      vertex 29.5206 12.1178 8
      vertex 29.86 12.14 8
    endloop
  endfacet
  facet normal -0.0652701 0.997868 0
    outer loop
      vertex 29.5206 12.1178 8
      vertex 29.86 12.14 2
      vertex 29.5206 12.1178 2
    endloop
  endfacet
  facet normal -0.195268 0.98075 0
    outer loop
      vertex 29.5206 12.1178 2
      vertex 29.1871 12.0514 8
      vertex 29.5206 12.1178 8
    endloop
  endfacet
  facet normal -0.195268 0.98075 0
    outer loop
      vertex 29.1871 12.0514 8
      vertex 29.5206 12.1178 2
      vertex 29.1871 12.0514 2
    endloop
  endfacet
  facet normal -0.659275 0.751902 0
    outer loop
      vertex 28.2772 11.6027 2
      vertex 28.0215 11.3785 8
      vertex 28.2772 11.6027 8
    endloop
  endfacet
  facet normal -0.659275 0.751902 0
    outer loop
      vertex 28.0215 11.3785 8
      vertex 28.2772 11.6027 2
      vertex 28.0215 11.3785 2
    endloop
  endfacet
  facet normal 0.997867 0.0652758 0
    outer loop
      vertex 32.46 9.54 8
      vertex 32.4378 9.87937 2
      vertex 32.4378 9.87937 8
    endloop
  endfacet
  facet normal 0.997867 0.0652758 0
    outer loop
      vertex 32.4378 9.87937 2
      vertex 32.46 9.54 8
      vertex 32.46 9.54 2
    endloop
  endfacet
  facet normal 0.0653872 -0.99786 0
    outer loop
      vertex 29.86 6.94 2
      vertex 30.1994 6.96224 8
      vertex 29.86 6.94 8
    endloop
  endfacet
  facet normal 0.0653872 -0.99786 0
    outer loop
      vertex 30.1994 6.96224 8
      vertex 29.86 6.94 2
      vertex 30.1994 6.96224 2
    endloop
  endfacet
  facet normal 0.195126 -0.980778 0
    outer loop
      vertex 30.1994 6.96224 2
      vertex 30.5329 7.02859 8
      vertex 30.1994 6.96224 8
    endloop
  endfacet
  facet normal 0.195126 -0.980778 0
    outer loop
      vertex 30.5329 7.02859 8
      vertex 30.1994 6.96224 2
      vertex 30.5329 7.02859 2
    endloop
  endfacet
  facet normal 0.442314 -0.89686 0
    outer loop
      vertex 30.855 7.13791 2
      vertex 31.16 7.28833 8
      vertex 30.855 7.13791 8
    endloop
  endfacet
  facet normal 0.442314 -0.89686 0
    outer loop
      vertex 31.16 7.28833 8
      vertex 30.855 7.13791 2
      vertex 31.16 7.28833 2
    endloop
  endfacet
  facet normal 0.659341 -0.751844 0
    outer loop
      vertex 31.4428 7.47728 2
      vertex 31.6985 7.70152 8
      vertex 31.4428 7.47728 8
    endloop
  endfacet
  facet normal 0.659341 -0.751844 0
    outer loop
      vertex 31.6985 7.70152 8
      vertex 31.4428 7.47728 2
      vertex 31.6985 7.70152 2
    endloop
  endfacet
  facet normal -0.195126 -0.980778 0
    outer loop
      vertex 29.1871 7.02859 2
      vertex 29.5206 6.96224 8
      vertex 29.1871 7.02859 8
    endloop
  endfacet
  facet normal -0.195126 -0.980778 -0
    outer loop
      vertex 29.5206 6.96224 8
      vertex 29.1871 7.02859 2
      vertex 29.5206 6.96224 2
    endloop
  endfacet
  facet normal -0.442314 -0.89686 0
    outer loop
      vertex 28.56 7.28833 2
      vertex 28.865 7.13791 8
      vertex 28.56 7.28833 8
    endloop
  endfacet
  facet normal -0.442314 -0.89686 -0
    outer loop
      vertex 28.865 7.13791 8
      vertex 28.56 7.28833 2
      vertex 28.865 7.13791 2
    endloop
  endfacet
  facet normal -0.980757 -0.195234 0
    outer loop
      vertex 27.3486 8.86707 2
      vertex 27.2822 9.20063 8
      vertex 27.2822 9.20063 2
    endloop
  endfacet
  facet normal -0.980757 -0.195234 0
    outer loop
      vertex 27.2822 9.20063 8
      vertex 27.3486 8.86707 2
      vertex 27.3486 8.86707 8
    endloop
  endfacet
  facet normal -0.831398 -0.555677 0
    outer loop
      vertex 27.7973 7.95722 2
      vertex 27.6083 8.24 8
      vertex 27.6083 8.24 2
    endloop
  endfacet
  facet normal -0.831398 -0.555677 0
    outer loop
      vertex 27.6083 8.24 8
      vertex 27.7973 7.95722 2
      vertex 27.7973 7.95722 8
    endloop
  endfacet
  facet normal -0.751902 -0.659275 0
    outer loop
      vertex 28.0215 7.70152 2
      vertex 27.7973 7.95722 8
      vertex 27.7973 7.95722 2
    endloop
  endfacet
  facet normal -0.751902 -0.659275 0
    outer loop
      vertex 27.7973 7.95722 8
      vertex 28.0215 7.70152 2
      vertex 28.0215 7.70152 8
    endloop
  endfacet
  facet normal 0.997867 -0.0652758 0
    outer loop
      vertex 32.4378 9.20063 8
      vertex 32.46 9.54 2
      vertex 32.46 9.54 8
    endloop
  endfacet
  facet normal 0.997867 -0.0652758 0
    outer loop
      vertex 32.46 9.54 2
      vertex 32.4378 9.20063 8
      vertex 32.4378 9.20063 2
    endloop
  endfacet
  facet normal 0.946949 -0.321383 0
    outer loop
      vertex 32.2621 8.54502 8
      vertex 32.3714 8.86707 2
      vertex 32.3714 8.86707 8
    endloop
  endfacet
  facet normal 0.946949 -0.321383 0
    outer loop
      vertex 32.3714 8.86707 2
      vertex 32.2621 8.54502 8
      vertex 32.2621 8.54502 2
    endloop
  endfacet
  facet normal 0.751902 -0.659275 0
    outer loop
      vertex 31.6985 7.70152 8
      vertex 31.9227 7.95722 2
      vertex 31.9227 7.95722 8
    endloop
  endfacet
  facet normal 0.751902 -0.659275 0
    outer loop
      vertex 31.9227 7.95722 2
      vertex 31.6985 7.70152 8
      vertex 31.6985 7.70152 2
    endloop
  endfacet
  facet normal 0.555548 -0.831484 0
    outer loop
      vertex 31.16 7.28833 2
      vertex 31.4428 7.47728 8
      vertex 31.16 7.28833 8
    endloop
  endfacet
  facet normal 0.555548 -0.831484 0
    outer loop
      vertex 31.4428 7.47728 8
      vertex 31.16 7.28833 2
      vertex 31.4428 7.47728 2
    endloop
  endfacet
  facet normal -0.946949 -0.321383 0
    outer loop
      vertex 27.4579 8.54502 2
      vertex 27.3486 8.86707 8
      vertex 27.3486 8.86707 2
    endloop
  endfacet
  facet normal -0.946949 -0.321383 0
    outer loop
      vertex 27.3486 8.86707 8
      vertex 27.4579 8.54502 2
      vertex 27.4579 8.54502 8
    endloop
  endfacet
  facet normal 0.831398 -0.555677 0
    outer loop
      vertex 31.9227 7.95722 8
      vertex 32.1117 8.24 2
      vertex 32.1117 8.24 8
    endloop
  endfacet
  facet normal 0.831398 -0.555677 0
    outer loop
      vertex 32.1117 8.24 2
      vertex 31.9227 7.95722 8
      vertex 31.9227 7.95722 2
    endloop
  endfacet
  facet normal -0.997851 -0.0655283 0
    outer loop
      vertex 30.91 9.54 2.01
      vertex 30.901 9.67705 8
      vertex 30.901 9.67705 2.01
    endloop
  endfacet
  facet normal -0.997851 -0.0655283 0
    outer loop
      vertex 30.901 9.67705 8
      vertex 30.91 9.54 2.01
      vertex 30.91 9.54 8
    endloop
  endfacet
  facet normal 0.0655045 -0.997852 0
    outer loop
      vertex 29.7229 10.581 2.01
      vertex 29.86 10.59 8
      vertex 29.7229 10.581 8
    endloop
  endfacet
  facet normal 0.0655045 -0.997852 0
    outer loop
      vertex 29.86 10.59 8
      vertex 29.7229 10.581 2.01
      vertex 29.86 10.59 2.01
    endloop
  endfacet
  facet normal -0.658968 -0.752171 0
    outer loop
      vertex 30.4992 10.373 2.01
      vertex 30.6025 10.2825 8
      vertex 30.4992 10.373 8
    endloop
  endfacet
  facet normal -0.658968 -0.752171 -0
    outer loop
      vertex 30.6025 10.2825 8
      vertex 30.4992 10.373 2.01
      vertex 30.6025 10.2825 2.01
    endloop
  endfacet
  facet normal 0.752171 -0.658968 0
    outer loop
      vertex 29.027 10.1792 8
      vertex 29.1175 10.2825 2.01
      vertex 29.1175 10.2825 8
    endloop
  endfacet
  facet normal 0.752171 -0.658968 0
    outer loop
      vertex 29.1175 10.2825 2.01
      vertex 29.027 10.1792 8
      vertex 29.027 10.1792 2.01
    endloop
  endfacet
  facet normal 0.442549 -0.896744 0
    outer loop
      vertex 29.335 10.4493 2.01
      vertex 29.4582 10.5101 8
      vertex 29.335 10.4493 8
    endloop
  endfacet
  facet normal 0.442549 -0.896744 0
    outer loop
      vertex 29.4582 10.5101 8
      vertex 29.335 10.4493 2.01
      vertex 29.4582 10.5101 2.01
    endloop
  endfacet
  facet normal 0.752044 0.659113 0
    outer loop
      vertex 29.1175 8.79754 8
      vertex 29.027 8.9008 2.01
      vertex 29.027 8.9008 8
    endloop
  endfacet
  facet normal 0.752044 0.659113 0
    outer loop
      vertex 29.027 8.9008 2.01
      vertex 29.1175 8.79754 8
      vertex 29.1175 8.79754 2.01
    endloop
  endfacet
  facet normal -0.94704 -0.321117 0
    outer loop
      vertex 30.8742 9.81176 2.01
      vertex 30.8301 9.94182 8
      vertex 30.8301 9.94182 2.01
    endloop
  endfacet
  facet normal -0.94704 -0.321117 0
    outer loop
      vertex 30.8301 9.94182 8
      vertex 30.8742 9.81176 2.01
      vertex 30.8742 9.81176 8
    endloop
  endfacet
  facet normal -0.980779 -0.195122 0
    outer loop
      vertex 30.901 9.67705 2.01
      vertex 30.8742 9.81176 8
      vertex 30.8742 9.81176 2.01
    endloop
  endfacet
  facet normal -0.980779 -0.195122 0
    outer loop
      vertex 30.8742 9.81176 8
      vertex 30.901 9.67705 2.01
      vertex 30.901 9.67705 8
    endloop
  endfacet
  facet normal -0.32125 -0.946995 0
    outer loop
      vertex 30.1318 10.5542 2.01
      vertex 30.2618 10.5101 8
      vertex 30.1318 10.5542 8
    endloop
  endfacet
  facet normal -0.32125 -0.946995 -0
    outer loop
      vertex 30.2618 10.5101 8
      vertex 30.1318 10.5542 2.01
      vertex 30.2618 10.5101 2.01
    endloop
  endfacet
  facet normal -0.195136 -0.980776 0
    outer loop
      vertex 29.9971 10.581 2.01
      vertex 30.1318 10.5542 8
      vertex 29.9971 10.581 8
    endloop
  endfacet
  facet normal -0.195136 -0.980776 -0
    outer loop
      vertex 30.1318 10.5542 8
      vertex 29.9971 10.581 2.01
      vertex 30.1318 10.5542 2.01
    endloop
  endfacet
  facet normal -0.55554 -0.83149 0
    outer loop
      vertex 30.385 10.4493 2.01
      vertex 30.4992 10.373 8
      vertex 30.385 10.4493 8
    endloop
  endfacet
  facet normal -0.55554 -0.83149 -0
    outer loop
      vertex 30.4992 10.373 8
      vertex 30.385 10.4493 2.01
      vertex 30.4992 10.373 2.01
    endloop
  endfacet
  facet normal 0.94704 -0.321117 0
    outer loop
      vertex 28.8458 9.81176 8
      vertex 28.8899 9.94182 2.01
      vertex 28.8899 9.94182 8
    endloop
  endfacet
  facet normal 0.94704 -0.321117 0
    outer loop
      vertex 28.8899 9.94182 2.01
      vertex 28.8458 9.81176 8
      vertex 28.8458 9.81176 2.01
    endloop
  endfacet
  facet normal 0.896716 -0.442607 0
    outer loop
      vertex 28.8899 9.94182 8
      vertex 28.9507 10.065 2.01
      vertex 28.9507 10.065 8
    endloop
  endfacet
  facet normal 0.896716 -0.442607 0
    outer loop
      vertex 28.9507 10.065 2.01
      vertex 28.8899 9.94182 8
      vertex 28.8899 9.94182 2.01
    endloop
  endfacet
  facet normal 0.980779 -0.195122 0
    outer loop
      vertex 28.819 9.67705 8
      vertex 28.8458 9.81176 2.01
      vertex 28.8458 9.81176 8
    endloop
  endfacet
  facet normal 0.980779 -0.195122 0
    outer loop
      vertex 28.8458 9.81176 2.01
      vertex 28.819 9.67705 8
      vertex 28.819 9.67705 2.01
    endloop
  endfacet
  facet normal 0.997851 0.0655283 0
    outer loop
      vertex 28.819 9.40295 8
      vertex 28.81 9.54 2.01
      vertex 28.81 9.54 8
    endloop
  endfacet
  facet normal 0.997851 0.0655283 0
    outer loop
      vertex 28.81 9.54 2.01
      vertex 28.819 9.40295 8
      vertex 28.819 9.40295 2.01
    endloop
  endfacet
  facet normal 0.658968 -0.752171 0
    outer loop
      vertex 29.1175 10.2825 2.01
      vertex 29.2208 10.373 8
      vertex 29.1175 10.2825 8
    endloop
  endfacet
  facet normal 0.658968 -0.752171 0
    outer loop
      vertex 29.2208 10.373 8
      vertex 29.1175 10.2825 2.01
      vertex 29.2208 10.373 2.01
    endloop
  endfacet
  facet normal 0.195136 -0.980776 0
    outer loop
      vertex 29.5882 10.5542 2.01
      vertex 29.7229 10.581 8
      vertex 29.5882 10.5542 8
    endloop
  endfacet
  facet normal 0.195136 -0.980776 0
    outer loop
      vertex 29.7229 10.581 8
      vertex 29.5882 10.5542 2.01
      vertex 29.7229 10.581 2.01
    endloop
  endfacet
  facet normal -0.321576 0.946884 0
    outer loop
      vertex 30.2618 8.56993 2.01
      vertex 30.1318 8.52578 8
      vertex 30.2618 8.56993 8
    endloop
  endfacet
  facet normal -0.321576 0.946884 0
    outer loop
      vertex 30.1318 8.52578 8
      vertex 30.2618 8.56993 2.01
      vertex 30.1318 8.52578 2.01
    endloop
  endfacet
  facet normal -0.195136 0.980776 0
    outer loop
      vertex 30.1318 8.52578 2.01
      vertex 29.9971 8.49898 8
      vertex 30.1318 8.52578 8
    endloop
  endfacet
  facet normal -0.195136 0.980776 0
    outer loop
      vertex 29.9971 8.49898 8
      vertex 30.1318 8.52578 2.01
      vertex 29.9971 8.49898 2.01
    endloop
  endfacet
  facet normal -0.83149 0.55554 0
    outer loop
      vertex 30.693 8.9008 2.01
      vertex 30.7693 9.015 8
      vertex 30.7693 9.015 2.01
    endloop
  endfacet
  facet normal -0.83149 0.55554 0
    outer loop
      vertex 30.7693 9.015 8
      vertex 30.693 8.9008 2.01
      vertex 30.693 8.9008 8
    endloop
  endfacet
  facet normal 0.55559 0.831456 -0
    outer loop
      vertex 29.335 8.63067 2.01
      vertex 29.2208 8.70698 8
      vertex 29.335 8.63067 8
    endloop
  endfacet
  facet normal 0.55559 0.831456 0
    outer loop
      vertex 29.2208 8.70698 8
      vertex 29.335 8.63067 2.01
      vertex 29.2208 8.70698 2.01
    endloop
  endfacet
  facet normal 0.195136 0.980776 -0
    outer loop
      vertex 29.7229 8.49898 2.01
      vertex 29.5882 8.52578 8
      vertex 29.7229 8.49898 8
    endloop
  endfacet
  facet normal 0.195136 0.980776 0
    outer loop
      vertex 29.5882 8.52578 8
      vertex 29.7229 8.49898 2.01
      vertex 29.5882 8.52578 2.01
    endloop
  endfacet
  facet normal 0.94704 0.321117 0
    outer loop
      vertex 28.8899 9.13818 8
      vertex 28.8458 9.26824 2.01
      vertex 28.8458 9.26824 8
    endloop
  endfacet
  facet normal 0.94704 0.321117 0
    outer loop
      vertex 28.8458 9.26824 2.01
      vertex 28.8899 9.13818 8
      vertex 28.8899 9.13818 2.01
    endloop
  endfacet
  facet normal 0.83149 0.55554 0
    outer loop
      vertex 29.027 8.9008 8
      vertex 28.9507 9.015 2.01
      vertex 28.9507 9.015 8
    endloop
  endfacet
  facet normal 0.83149 0.55554 0
    outer loop
      vertex 28.9507 9.015 2.01
      vertex 29.027 8.9008 8
      vertex 29.027 8.9008 2.01
    endloop
  endfacet
  facet normal 0.896716 0.442607 0
    outer loop
      vertex 28.9507 9.015 8
      vertex 28.8899 9.13818 2.01
      vertex 28.8899 9.13818 8
    endloop
  endfacet
  facet normal 0.896716 0.442607 0
    outer loop
      vertex 28.8899 9.13818 2.01
      vertex 28.9507 9.015 8
      vertex 28.9507 9.015 2.01
    endloop
  endfacet
  facet normal -0.896716 -0.442607 0
    outer loop
      vertex 30.8301 9.94182 2.01
      vertex 30.7693 10.065 8
      vertex 30.7693 10.065 2.01
    endloop
  endfacet
  facet normal -0.896716 -0.442607 0
    outer loop
      vertex 30.7693 10.065 8
      vertex 30.8301 9.94182 2.01
      vertex 30.8301 9.94182 8
    endloop
  endfacet
  facet normal -0.83149 -0.55554 0
    outer loop
      vertex 30.7693 10.065 2.01
      vertex 30.693 10.1792 8
      vertex 30.693 10.1792 2.01
    endloop
  endfacet
  facet normal -0.83149 -0.55554 0
    outer loop
      vertex 30.693 10.1792 8
      vertex 30.7693 10.065 2.01
      vertex 30.7693 10.065 8
    endloop
  endfacet
  facet normal -0.752171 -0.658968 0
    outer loop
      vertex 30.693 10.1792 2.01
      vertex 30.6025 10.2825 8
      vertex 30.6025 10.2825 2.01
    endloop
  endfacet
  facet normal -0.752171 -0.658968 0
    outer loop
      vertex 30.6025 10.2825 8
      vertex 30.693 10.1792 2.01
      vertex 30.693 10.1792 8
    endloop
  endfacet
  facet normal 0 0 1
    outer loop
      vertex 30.901 9.67705 2.01
      vertex 30.901 9.40295 2.01
      vertex 30.91 9.54 2.01
    endloop
  endfacet
  facet normal 0 0 1
    outer loop
      vertex 30.8742 9.81176 2.01
      vertex 30.901 9.40295 2.01
      vertex 30.901 9.67705 2.01
    endloop
  endfacet
  facet normal 0 0 1
    outer loop
      vertex 30.8742 9.81176 2.01
      vertex 30.8742 9.26824 2.01
      vertex 30.901 9.40295 2.01
    endloop
  endfacet
  facet normal 0 0 1
    outer loop
      vertex 30.8301 9.94182 2.01
      vertex 30.8742 9.26824 2.01
      vertex 30.8742 9.81176 2.01
    endloop
  endfacet
  facet normal 0 0 1
    outer loop
      vertex 30.8301 9.94182 2.01
      vertex 30.8301 9.13818 2.01
      vertex 30.8742 9.26824 2.01
    endloop
  endfacet
  facet normal 0 0 1
    outer loop
      vertex 30.7693 10.065 2.01
      vertex 30.8301 9.13818 2.01
      vertex 30.8301 9.94182 2.01
    endloop
  endfacet
  facet normal 0 0 1
    outer loop
      vertex 30.7693 10.065 2.01
      vertex 30.7693 9.015 2.01
      vertex 30.8301 9.13818 2.01
    endloop
  endfacet
  facet normal 0 0 1
    outer loop
      vertex 30.693 10.1792 2.01
      vertex 30.7693 9.015 2.01
      vertex 30.7693 10.065 2.01
    endloop
  endfacet
  facet normal 0 0 1
    outer loop
      vertex 30.693 10.1792 2.01
      vertex 30.693 8.9008 2.01
      vertex 30.7693 9.015 2.01
    endloop
  endfacet
  facet normal 0 0 1
    outer loop
      vertex 30.6025 10.2825 2.01
      vertex 30.693 8.9008 2.01
      vertex 30.693 10.1792 2.01
    endloop
  endfacet
  facet normal 0 0 1
    outer loop
      vertex 30.6025 10.2825 2.01
      vertex 30.6025 8.79754 2.01
      vertex 30.693 8.9008 2.01
    endloop
  endfacet
  facet normal 0 0 1
    outer loop
      vertex 30.4992 10.373 2.01
      vertex 30.6025 8.79754 2.01
      vertex 30.6025 10.2825 2.01
    endloop
  endfacet
  facet normal 0 0 1
    outer loop
      vertex 30.4992 10.373 2.01
      vertex 30.4992 8.70698 2.01
      vertex 30.6025 8.79754 2.01
    endloop
  endfacet
  facet normal 0 0 1
    outer loop
      vertex 30.385 10.4493 2.01
      vertex 30.4992 8.70698 2.01
      vertex 30.4992 10.373 2.01
    endloop
  endfacet
  facet normal 0 0 1
    outer loop
      vertex 30.385 10.4493 2.01
      vertex 30.385 8.63067 2.01
      vertex 30.4992 8.70698 2.01
    endloop
  endfacet
  facet normal 0 0 1
    outer loop
      vertex 30.2618 10.5101 2.01
      vertex 30.385 8.63067 2.01
      vertex 30.385 10.4493 2.01
    endloop
  endfacet
  facet normal 0 0 1
    outer loop
      vertex 30.2618 10.5101 2.01
      vertex 30.2618 8.56993 2.01
      vertex 30.385 8.63067 2.01
    endloop
  endfacet
  facet normal 0 0 1
    outer loop
      vertex 30.1318 10.5542 2.01
      vertex 30.2618 8.56993 2.01
      vertex 30.2618 10.5101 2.01
    endloop
  endfacet
  facet normal 0 0 1
    outer loop
      vertex 30.1318 10.5542 2.01
      vertex 30.1318 8.52578 2.01
      vertex 30.2618 8.56993 2.01
    endloop
  endfacet
  facet normal 0 0 1
    outer loop
      vertex 29.9971 10.581 2.01
      vertex 30.1318 8.52578 2.01
      vertex 30.1318 10.5542 2.01
    endloop
  endfacet
  facet normal 0 0 1
    outer loop
      vertex 29.9971 10.581 2.01
      vertex 29.9971 8.49898 2.01
      vertex 30.1318 8.52578 2.01
    endloop
  endfacet
  facet normal 0 0 1
    outer loop
      vertex 29.86 10.59 2.01
      vertex 29.9971 8.49898 2.01
      vertex 29.9971 10.581 2.01
    endloop
  endfacet
  facet normal 0 0 1
    outer loop
      vertex 29.86 10.59 2.01
      vertex 29.86 8.49 2.01
      vertex 29.9971 8.49898 2.01
    endloop
  endfacet
  facet normal -0 0 1
    outer loop
      vertex 29.7229 10.581 2.01
      vertex 29.86 8.49 2.01
      vertex 29.86 10.59 2.01
    endloop
  endfacet
  facet normal 0 0 1
    outer loop
      vertex 29.7229 10.581 2.01
      vertex 29.7229 8.49898 2.01
      vertex 29.86 8.49 2.01
    endloop
  endfacet
  facet normal -0 0 1
    outer loop
      vertex 29.5882 10.5542 2.01
      vertex 29.7229 8.49898 2.01
      vertex 29.7229 10.581 2.01
    endloop
  endfacet
  facet normal 0 0 1
    outer loop
      vertex 29.5882 10.5542 2.01
      vertex 29.5882 8.52578 2.01
      vertex 29.7229 8.49898 2.01
    endloop
  endfacet
  facet normal -0 0 1
    outer loop
      vertex 29.4582 10.5101 2.01
      vertex 29.5882 8.52578 2.01
      vertex 29.5882 10.5542 2.01
    endloop
  endfacet
  facet normal 0 0 1
    outer loop
      vertex 29.4582 10.5101 2.01
      vertex 29.4582 8.56993 2.01
      vertex 29.5882 8.52578 2.01
    endloop
  endfacet
  facet normal -0 0 1
    outer loop
      vertex 29.335 10.4493 2.01
      vertex 29.4582 8.56993 2.01
      vertex 29.4582 10.5101 2.01
    endloop
  endfacet
  facet normal 0 0 1
    outer loop
      vertex 29.335 10.4493 2.01
      vertex 29.335 8.63067 2.01
      vertex 29.4582 8.56993 2.01
    endloop
  endfacet
  facet normal -0 0 1
    outer loop
      vertex 29.2208 10.373 2.01
      vertex 29.335 8.63067 2.01
      vertex 29.335 10.4493 2.01
    endloop
  endfacet
  facet normal 0 0 1
    outer loop
      vertex 29.2208 10.373 2.01
      vertex 29.2208 8.70698 2.01
      vertex 29.335 8.63067 2.01
    endloop
  endfacet
  facet normal -0 0 1
    outer loop
      vertex 29.1175 10.2825 2.01
      vertex 29.2208 8.70698 2.01
      vertex 29.2208 10.373 2.01
    endloop
  endfacet
  facet normal 0 0 1
    outer loop
      vertex 29.1175 10.2825 2.01
      vertex 29.1175 8.79754 2.01
      vertex 29.2208 8.70698 2.01
    endloop
  endfacet
  facet normal -0 0 1
    outer loop
      vertex 29.027 10.1792 2.01
      vertex 29.1175 8.79754 2.01
      vertex 29.1175 10.2825 2.01
    endloop
  endfacet
  facet normal 0 0 1
    outer loop
      vertex 29.027 10.1792 2.01
      vertex 29.027 8.9008 2.01
      vertex 29.1175 8.79754 2.01
    endloop
  endfacet
  facet normal -0 0 1
    outer loop
      vertex 28.9507 10.065 2.01
      vertex 29.027 8.9008 2.01
      vertex 29.027 10.1792 2.01
    endloop
  endfacet
  facet normal 0 0 1
    outer loop
      vertex 28.9507 10.065 2.01
      vertex 28.9507 9.015 2.01
      vertex 29.027 8.9008 2.01
    endloop
  endfacet
  facet normal -0 0 1
    outer loop
      vertex 28.8899 9.94182 2.01
      vertex 28.9507 9.015 2.01
      vertex 28.9507 10.065 2.01
    endloop
  endfacet
  facet normal 0 0 1
    outer loop
      vertex 28.8899 9.94182 2.01
      vertex 28.8899 9.13818 2.01
      vertex 28.9507 9.015 2.01
    endloop
  endfacet
  facet normal -0 0 1
    outer loop
      vertex 28.8458 9.81176 2.01
      vertex 28.8899 9.13818 2.01
      vertex 28.8899 9.94182 2.01
    endloop
  endfacet
  facet normal 0 0 1
    outer loop
      vertex 28.8458 9.81176 2.01
      vertex 28.8458 9.26824 2.01
      vertex 28.8899 9.13818 2.01
    endloop
  endfacet
  facet normal -0 0 1
    outer loop
      vertex 28.819 9.67705 2.01
      vertex 28.8458 9.26824 2.01
      vertex 28.8458 9.81176 2.01
    endloop
  endfacet
  facet normal 0 0 1
    outer loop
      vertex 28.819 9.67705 2.01
      vertex 28.819 9.40295 2.01
      vertex 28.8458 9.26824 2.01
    endloop
  endfacet
  facet normal 0 -0 1
    outer loop
      vertex 28.819 9.40295 2.01
      vertex 28.819 9.67705 2.01
      vertex 28.81 9.54 2.01
    endloop
  endfacet
  facet normal 0.83149 -0.55554 0
    outer loop
      vertex 28.9507 10.065 8
      vertex 29.027 10.1792 2.01
      vertex 29.027 10.1792 8
    endloop
  endfacet
  facet normal 0.83149 -0.55554 0
    outer loop
      vertex 29.027 10.1792 2.01
      vertex 28.9507 10.065 8
      vertex 28.9507 10.065 2.01
    endloop
  endfacet
  facet normal -0.55559 0.831456 0
    outer loop
      vertex 30.4992 8.70698 2.01
      vertex 30.385 8.63067 8
      vertex 30.4992 8.70698 8
    endloop
  endfacet
  facet normal -0.55559 0.831456 0
    outer loop
      vertex 30.385 8.63067 8
      vertex 30.4992 8.70698 2.01
      vertex 30.385 8.63067 2.01
    endloop
  endfacet
  facet normal -0.752044 0.659113 0
    outer loop
      vertex 30.6025 8.79754 2.01
      vertex 30.693 8.9008 8
      vertex 30.693 8.9008 2.01
    endloop
  endfacet
  facet normal -0.752044 0.659113 0
    outer loop
      vertex 30.693 8.9008 8
      vertex 30.6025 8.79754 2.01
      vertex 30.6025 8.79754 8
    endloop
  endfacet
  facet normal -0.659215 0.751954 0
    outer loop
      vertex 30.6025 8.79754 2.01
      vertex 30.4992 8.70698 8
      vertex 30.6025 8.79754 8
    endloop
  endfacet
  facet normal -0.659215 0.751954 0
    outer loop
      vertex 30.4992 8.70698 8
      vertex 30.6025 8.79754 2.01
      vertex 30.4992 8.70698 2.01
    endloop
  endfacet
  facet normal -0.94704 0.321117 0
    outer loop
      vertex 30.8301 9.13818 2.01
      vertex 30.8742 9.26824 8
      vertex 30.8742 9.26824 2.01
    endloop
  endfacet
  facet normal -0.94704 0.321117 0
    outer loop
      vertex 30.8742 9.26824 8
      vertex 30.8301 9.13818 2.01
      vertex 30.8301 9.13818 8
    endloop
  endfacet
  facet normal -0.997851 0.0655283 0
    outer loop
      vertex 30.901 9.40295 2.01
      vertex 30.91 9.54 8
      vertex 30.91 9.54 2.01
    endloop
  endfacet
  facet normal -0.997851 0.0655283 0
    outer loop
      vertex 30.91 9.54 8
      vertex 30.901 9.40295 2.01
      vertex 30.901 9.40295 8
    endloop
  endfacet
  facet normal -0.896716 0.442607 0
    outer loop
      vertex 30.7693 9.015 2.01
      vertex 30.8301 9.13818 8
      vertex 30.8301 9.13818 2.01
    endloop
  endfacet
  facet normal -0.896716 0.442607 0
    outer loop
      vertex 30.8301 9.13818 8
      vertex 30.7693 9.015 2.01
      vertex 30.7693 9.015 8
    endloop
  endfacet
  facet normal 0.0653596 0.997862 -0
    outer loop
      vertex 29.86 8.49 2.01
      vertex 29.7229 8.49898 8
      vertex 29.86 8.49 8
    endloop
  endfacet
  facet normal 0.0653596 0.997862 0
    outer loop
      vertex 29.7229 8.49898 8
      vertex 29.86 8.49 2.01
      vertex 29.7229 8.49898 2.01
    endloop
  endfacet
  facet normal 0.442198 0.896918 -0
    outer loop
      vertex 29.4582 8.56993 2.01
      vertex 29.335 8.63067 8
      vertex 29.4582 8.56993 8
    endloop
  endfacet
  facet normal 0.442198 0.896918 0
    outer loop
      vertex 29.335 8.63067 8
      vertex 29.4582 8.56993 2.01
      vertex 29.335 8.63067 2.01
    endloop
  endfacet
  facet normal 0.321576 0.946884 -0
    outer loop
      vertex 29.5882 8.52578 2.01
      vertex 29.4582 8.56993 8
      vertex 29.5882 8.52578 8
    endloop
  endfacet
  facet normal 0.321576 0.946884 0
    outer loop
      vertex 29.4582 8.56993 8
      vertex 29.5882 8.52578 2.01
      vertex 29.4582 8.56993 2.01
    endloop
  endfacet
  facet normal -0.0653596 0.997862 0
    outer loop
      vertex 29.9971 8.49898 2.01
      vertex 29.86 8.49 8
      vertex 29.9971 8.49898 8
    endloop
  endfacet
  facet normal -0.0653596 0.997862 0
    outer loop
      vertex 29.86 8.49 8
      vertex 29.9971 8.49898 2.01
      vertex 29.86 8.49 2.01
    endloop
  endfacet
  facet normal 0.659215 0.751954 -0
    outer loop
      vertex 29.2208 8.70698 2.01
      vertex 29.1175 8.79754 8
      vertex 29.2208 8.70698 8
    endloop
  endfacet
  facet normal 0.659215 0.751954 0
    outer loop
      vertex 29.1175 8.79754 8
      vertex 29.2208 8.70698 2.01
      vertex 29.1175 8.79754 2.01
    endloop
  endfacet
  facet normal 0.980779 0.195122 0
    outer loop
      vertex 28.8458 9.26824 8
      vertex 28.819 9.40295 2.01
      vertex 28.819 9.40295 8
    endloop
  endfacet
  facet normal 0.980779 0.195122 0
    outer loop
      vertex 28.819 9.40295 2.01
      vertex 28.8458 9.26824 8
      vertex 28.8458 9.26824 2.01
    endloop
  endfacet
  facet normal -0.0655045 -0.997852 0
    outer loop
      vertex 29.86 10.59 2.01
      vertex 29.9971 10.581 8
      vertex 29.86 10.59 8
    endloop
  endfacet
  facet normal -0.0655045 -0.997852 -0
    outer loop
      vertex 29.9971 10.581 8
      vertex 29.86 10.59 2.01
      vertex 29.9971 10.581 2.01
    endloop
  endfacet
  facet normal -0.442549 -0.896744 0
    outer loop
      vertex 30.2618 10.5101 2.01
      vertex 30.385 10.4493 8
      vertex 30.2618 10.5101 8
    endloop
  endfacet
  facet normal -0.442549 -0.896744 -0
    outer loop
      vertex 30.385 10.4493 8
      vertex 30.2618 10.5101 2.01
      vertex 30.385 10.4493 2.01
    endloop
  endfacet
  facet normal 0.997851 -0.0655283 0
    outer loop
      vertex 28.81 9.54 8
      vertex 28.819 9.67705 2.01
      vertex 28.819 9.67705 8
    endloop
  endfacet
  facet normal 0.997851 -0.0655283 0
    outer loop
      vertex 28.819 9.67705 2.01
      vertex 28.81 9.54 8
      vertex 28.81 9.54 2.01
    endloop
  endfacet
  facet normal 0.55554 -0.83149 0
    outer loop
      vertex 29.2208 10.373 2.01
      vertex 29.335 10.4493 8
      vertex 29.2208 10.373 8
    endloop
  endfacet
  facet normal 0.55554 -0.83149 0
    outer loop
      vertex 29.335 10.4493 8
      vertex 29.2208 10.373 2.01
      vertex 29.335 10.4493 2.01
    endloop
  endfacet
  facet normal 0.32125 -0.946995 0
    outer loop
      vertex 29.4582 10.5101 2.01
      vertex 29.5882 10.5542 8
      vertex 29.4582 10.5101 8
    endloop
  endfacet
  facet normal 0.32125 -0.946995 0
    outer loop
      vertex 29.5882 10.5542 8
      vertex 29.4582 10.5101 2.01
      vertex 29.5882 10.5542 2.01
    endloop
  endfacet
  facet normal -0.442198 0.896918 0
    outer loop
      vertex 30.385 8.63067 2.01
      vertex 30.2618 8.56993 8
      vertex 30.385 8.63067 8
    endloop
  endfacet
  facet normal -0.442198 0.896918 0
    outer loop
      vertex 30.2618 8.56993 8
      vertex 30.385 8.63067 2.01
      vertex 30.2618 8.56993 2.01
    endloop
  endfacet
  facet normal -0.980779 0.195122 0
    outer loop
      vertex 30.8742 9.26824 2.01
      vertex 30.901 9.40295 8
      vertex 30.901 9.40295 2.01
    endloop
  endfacet
  facet normal -0.980779 0.195122 0
    outer loop
      vertex 30.901 9.40295 8
      vertex 30.8742 9.26824 2.01
      vertex 30.8742 9.26824 8
    endloop
  endfacet
  facet normal 0.946964 0.321339 0
    outer loop
      vertex 32.3714 22.9129 8
      vertex 32.2621 23.235 2
      vertex 32.2621 23.235 8
    endloop
  endfacet
  facet normal 0.946964 0.321339 0
    outer loop
      vertex 32.2621 23.235 2
      vertex 32.3714 22.9129 8
      vertex 32.3714 22.9129 2
    endloop
  endfacet
  facet normal 0.997868 0.0652701 0
    outer loop
      vertex 32.46 22.24 8
      vertex 32.4378 22.5794 2
      vertex 32.4378 22.5794 8
    endloop
  endfacet
  facet normal 0.997868 0.0652701 0
    outer loop
      vertex 32.4378 22.5794 2
      vertex 32.46 22.24 8
      vertex 32.46 22.24 2
    endloop
  endfacet
  facet normal -0.997868 0.0652701 0
    outer loop
      vertex 27.26 22.24 2
      vertex 27.2822 22.5794 8
      vertex 27.2822 22.5794 2
    endloop
  endfacet
  facet normal -0.997868 0.0652701 0
    outer loop
      vertex 27.2822 22.5794 8
      vertex 27.26 22.24 2
      vertex 27.26 22.24 8
    endloop
  endfacet
  facet normal 0.0652701 0.997868 -0
    outer loop
      vertex 30.1994 24.8178 2
      vertex 29.86 24.84 8
      vertex 30.1994 24.8178 8
    endloop
  endfacet
  facet normal 0.0652701 0.997868 0
    outer loop
      vertex 29.86 24.84 8
      vertex 30.1994 24.8178 2
      vertex 29.86 24.84 2
    endloop
  endfacet
  facet normal 0.659275 0.751902 -0
    outer loop
      vertex 31.6985 24.0785 2
      vertex 31.4428 24.3027 8
      vertex 31.6985 24.0785 8
    endloop
  endfacet
  facet normal 0.659275 0.751902 0
    outer loop
      vertex 31.4428 24.3027 8
      vertex 31.6985 24.0785 2
      vertex 31.4428 24.3027 2
    endloop
  endfacet
  facet normal -0.659275 0.751902 0
    outer loop
      vertex 28.2772 24.3027 2
      vertex 28.0215 24.0785 8
      vertex 28.2772 24.3027 8
    endloop
  endfacet
  facet normal -0.659275 0.751902 0
    outer loop
      vertex 28.0215 24.0785 8
      vertex 28.2772 24.3027 2
      vertex 28.0215 24.0785 2
    endloop
  endfacet
  facet normal -0.321339 0.946964 0
    outer loop
      vertex 29.1871 24.7514 2
      vertex 28.865 24.6421 8
      vertex 29.1871 24.7514 8
    endloop
  endfacet
  facet normal -0.321339 0.946964 0
    outer loop
      vertex 28.865 24.6421 8
      vertex 29.1871 24.7514 2
      vertex 28.865 24.6421 2
    endloop
  endfacet
  facet normal 0.831417 -0.55565 0
    outer loop
      vertex 31.9227 20.6572 8
      vertex 32.1117 20.94 2
      vertex 32.1117 20.94 8
    endloop
  endfacet
  facet normal 0.831417 -0.55565 0
    outer loop
      vertex 32.1117 20.94 2
      vertex 31.9227 20.6572 8
      vertex 31.9227 20.6572 2
    endloop
  endfacet
  facet normal -0.831417 -0.55565 0
    outer loop
      vertex 27.7973 20.6572 2
      vertex 27.6083 20.94 8
      vertex 27.6083 20.94 2
    endloop
  endfacet
  facet normal -0.831417 -0.55565 0
    outer loop
      vertex 27.6083 20.94 8
      vertex 27.7973 20.6572 2
      vertex 27.7973 20.6572 8
    endloop
  endfacet
  facet normal 0.896884 0.442267 0
    outer loop
      vertex 32.2621 23.235 8
      vertex 32.1117 23.54 2
      vertex 32.1117 23.54 8
    endloop
  endfacet
  facet normal 0.896884 0.442267 0
    outer loop
      vertex 32.1117 23.54 2
      vertex 32.2621 23.235 8
      vertex 32.2621 23.235 2
    endloop
  endfacet
  facet normal 0.831417 0.55565 0
    outer loop
      vertex 32.1117 23.54 8
      vertex 31.9227 23.8228 2
      vertex 31.9227 23.8228 8
    endloop
  endfacet
  facet normal 0.831417 0.55565 0
    outer loop
      vertex 31.9227 23.8228 2
      vertex 32.1117 23.54 8
      vertex 32.1117 23.54 2
    endloop
  endfacet
  facet normal 0.321339 0.946964 -0
    outer loop
      vertex 30.855 24.6421 2
      vertex 30.5329 24.7514 8
      vertex 30.855 24.6421 8
    endloop
  endfacet
  facet normal 0.321339 0.946964 0
    outer loop
      vertex 30.5329 24.7514 8
      vertex 30.855 24.6421 2
      vertex 30.5329 24.7514 2
    endloop
  endfacet
  facet normal 0.195268 0.98075 -0
    outer loop
      vertex 30.5329 24.7514 2
      vertex 30.1994 24.8178 8
      vertex 30.5329 24.7514 8
    endloop
  endfacet
  facet normal 0.195268 0.98075 0
    outer loop
      vertex 30.1994 24.8178 8
      vertex 30.5329 24.7514 2
      vertex 30.1994 24.8178 2
    endloop
  endfacet
  facet normal 0.55565 0.831417 -0
    outer loop
      vertex 31.4428 24.3027 2
      vertex 31.16 24.4917 8
      vertex 31.4428 24.3027 8
    endloop
  endfacet
  facet normal 0.55565 0.831417 0
    outer loop
      vertex 31.16 24.4917 8
      vertex 31.4428 24.3027 2
      vertex 31.16 24.4917 2
    endloop
  endfacet
  facet normal -0.896884 0.442267 0
    outer loop
      vertex 27.4579 23.235 2
      vertex 27.6083 23.54 8
      vertex 27.6083 23.54 2
    endloop
  endfacet
  facet normal -0.896884 0.442267 0
    outer loop
      vertex 27.6083 23.54 8
      vertex 27.4579 23.235 2
      vertex 27.4579 23.235 8
    endloop
  endfacet
  facet normal -0.831417 0.55565 0
    outer loop
      vertex 27.6083 23.54 2
      vertex 27.7973 23.8228 8
      vertex 27.7973 23.8228 2
    endloop
  endfacet
  facet normal -0.831417 0.55565 0
    outer loop
      vertex 27.7973 23.8228 8
      vertex 27.6083 23.54 2
      vertex 27.6083 23.54 8
    endloop
  endfacet
  facet normal -0.98075 0.195268 0
    outer loop
      vertex 27.2822 22.5794 2
      vertex 27.3486 22.9129 8
      vertex 27.3486 22.9129 2
    endloop
  endfacet
  facet normal -0.98075 0.195268 0
    outer loop
      vertex 27.3486 22.9129 8
      vertex 27.2822 22.5794 2
      vertex 27.2822 22.5794 8
    endloop
  endfacet
  facet normal -0.442267 0.896884 0
    outer loop
      vertex 28.865 24.6421 2
      vertex 28.56 24.4917 8
      vertex 28.865 24.6421 8
    endloop
  endfacet
  facet normal -0.442267 0.896884 0
    outer loop
      vertex 28.56 24.4917 8
      vertex 28.865 24.6421 2
      vertex 28.56 24.4917 2
    endloop
  endfacet
  facet normal -0.0652701 0.997868 0
    outer loop
      vertex 29.86 24.84 2
      vertex 29.5206 24.8178 8
      vertex 29.86 24.84 8
    endloop
  endfacet
  facet normal -0.0652701 0.997868 0
    outer loop
      vertex 29.5206 24.8178 8
      vertex 29.86 24.84 2
      vertex 29.5206 24.8178 2
    endloop
  endfacet
  facet normal -0.659275 -0.751902 0
    outer loop
      vertex 28.0215 20.4015 2
      vertex 28.2772 20.1773 8
      vertex 28.0215 20.4015 8
    endloop
  endfacet
  facet normal -0.659275 -0.751902 -0
    outer loop
      vertex 28.2772 20.1773 8
      vertex 28.0215 20.4015 2
      vertex 28.2772 20.1773 2
    endloop
  endfacet
  facet normal -0.321339 -0.946964 0
    outer loop
      vertex 28.865 19.8379 2
      vertex 29.1871 19.7286 8
      vertex 28.865 19.8379 8
    endloop
  endfacet
  facet normal -0.321339 -0.946964 -0
    outer loop
      vertex 29.1871 19.7286 8
      vertex 28.865 19.8379 2
      vertex 29.1871 19.7286 2
    endloop
  endfacet
  facet normal -0.997868 -0.0652701 0
    outer loop
      vertex 27.2822 21.9006 2
      vertex 27.26 22.24 8
      vertex 27.26 22.24 2
    endloop
  endfacet
  facet normal -0.997868 -0.0652701 0
    outer loop
      vertex 27.26 22.24 8
      vertex 27.2822 21.9006 2
      vertex 27.2822 21.9006 8
    endloop
  endfacet
  facet normal -0.896884 -0.442267 0
    outer loop
      vertex 27.6083 20.94 2
      vertex 27.4579 21.245 8
      vertex 27.4579 21.245 2
    endloop
  endfacet
  facet normal -0.896884 -0.442267 0
    outer loop
      vertex 27.4579 21.245 8
      vertex 27.6083 20.94 2
      vertex 27.6083 20.94 8
    endloop
  endfacet
  facet normal 0 0 1
    outer loop
      vertex 30.91 22.24 8
      vertex 32.46 22.24 8
      vertex 32.4378 22.5794 8
    endloop
  endfacet
  facet normal 0 0 1
    outer loop
      vertex 30.901 22.3771 8
      vertex 32.4378 22.5794 8
      vertex 32.3714 22.9129 8
    endloop
  endfacet
  facet normal 0 0 1
    outer loop
      vertex 32.46 22.24 8
      vertex 30.91 22.24 8
      vertex 32.4378 21.9006 8
    endloop
  endfacet
  facet normal 0 0 1
    outer loop
      vertex 30.8742 22.5118 8
      vertex 32.3714 22.9129 8
      vertex 32.2621 23.235 8
    endloop
  endfacet
  facet normal -0 0 1
    outer loop
      vertex 30.901 22.1029 8
      vertex 32.4378 21.9006 8
      vertex 30.91 22.24 8
    endloop
  endfacet
  facet normal 0 0 1
    outer loop
      vertex 30.8301 22.6418 8
      vertex 32.2621 23.235 8
      vertex 32.1117 23.54 8
    endloop
  endfacet
  facet normal 0 0 1
    outer loop
      vertex 32.4378 21.9006 8
      vertex 30.901 22.1029 8
      vertex 32.3714 21.5671 8
    endloop
  endfacet
  facet normal 0 0 1
    outer loop
      vertex 30.7693 22.765 8
      vertex 32.1117 23.54 8
      vertex 31.9227 23.8228 8
    endloop
  endfacet
  facet normal -0 0 1
    outer loop
      vertex 30.8742 21.9682 8
      vertex 32.3714 21.5671 8
      vertex 30.901 22.1029 8
    endloop
  endfacet
  facet normal 0 0 1
    outer loop
      vertex 30.693 22.8792 8
      vertex 31.9227 23.8228 8
      vertex 31.6985 24.0785 8
    endloop
  endfacet
  facet normal 0 0 1
    outer loop
      vertex 32.3714 21.5671 8
      vertex 30.8742 21.9682 8
      vertex 32.2621 21.245 8
    endloop
  endfacet
  facet normal 0 0 1
    outer loop
      vertex 30.6025 22.9825 8
      vertex 31.6985 24.0785 8
      vertex 31.4428 24.3027 8
    endloop
  endfacet
  facet normal -0 0 1
    outer loop
      vertex 30.8301 21.8382 8
      vertex 32.2621 21.245 8
      vertex 30.8742 21.9682 8
    endloop
  endfacet
  facet normal 0 0 1
    outer loop
      vertex 30.4992 23.073 8
      vertex 31.4428 24.3027 8
      vertex 31.16 24.4917 8
    endloop
  endfacet
  facet normal 0 0 1
    outer loop
      vertex 32.2621 21.245 8
      vertex 30.8301 21.8382 8
      vertex 32.1117 20.94 8
    endloop
  endfacet
  facet normal -0 0 1
    outer loop
      vertex 30.7693 21.715 8
      vertex 32.1117 20.94 8
      vertex 30.8301 21.8382 8
    endloop
  endfacet
  facet normal 0 0 1
    outer loop
      vertex 32.4378 22.5794 8
      vertex 30.901 22.3771 8
      vertex 30.91 22.24 8
    endloop
  endfacet
  facet normal 0 0 1
    outer loop
      vertex 32.3714 22.9129 8
      vertex 30.8742 22.5118 8
      vertex 30.901 22.3771 8
    endloop
  endfacet
  facet normal 0 0 1
    outer loop
      vertex 30.385 23.1493 8
      vertex 31.16 24.4917 8
      vertex 30.855 24.6421 8
    endloop
  endfacet
  facet normal 0 0 1
    outer loop
      vertex 32.2621 23.235 8
      vertex 30.8301 22.6418 8
      vertex 30.8742 22.5118 8
    endloop
  endfacet
  facet normal 0 0 1
    outer loop
      vertex 32.1117 23.54 8
      vertex 30.7693 22.765 8
      vertex 30.8301 22.6418 8
    endloop
  endfacet
  facet normal 0 0 1
    outer loop
      vertex 31.9227 23.8228 8
      vertex 30.693 22.8792 8
      vertex 30.7693 22.765 8
    endloop
  endfacet
  facet normal 0 0 1
    outer loop
      vertex 31.6985 24.0785 8
      vertex 30.6025 22.9825 8
      vertex 30.693 22.8792 8
    endloop
  endfacet
  facet normal 0 0 1
    outer loop
      vertex 30.2618 23.2101 8
      vertex 30.855 24.6421 8
      vertex 30.5329 24.7514 8
    endloop
  endfacet
  facet normal 0 0 1
    outer loop
      vertex 31.4428 24.3027 8
      vertex 30.4992 23.073 8
      vertex 30.6025 22.9825 8
    endloop
  endfacet
  facet normal 0 0 1
    outer loop
      vertex 31.16 24.4917 8
      vertex 30.385 23.1493 8
      vertex 30.4992 23.073 8
    endloop
  endfacet
  facet normal 0 0 1
    outer loop
      vertex 30.855 24.6421 8
      vertex 30.2618 23.2101 8
      vertex 30.385 23.1493 8
    endloop
  endfacet
  facet normal 0 0 1
    outer loop
      vertex 30.1318 23.2542 8
      vertex 30.5329 24.7514 8
      vertex 30.1994 24.8178 8
    endloop
  endfacet
  facet normal 0 0 1
    outer loop
      vertex 30.5329 24.7514 8
      vertex 30.1318 23.2542 8
      vertex 30.2618 23.2101 8
    endloop
  endfacet
  facet normal 0 0 1
    outer loop
      vertex 30.1994 24.8178 8
      vertex 29.9971 23.281 8
      vertex 30.1318 23.2542 8
    endloop
  endfacet
  facet normal 0 0 1
    outer loop
      vertex 29.86 24.84 8
      vertex 29.9971 23.281 8
      vertex 30.1994 24.8178 8
    endloop
  endfacet
  facet normal 0 0 1
    outer loop
      vertex 29.86 24.84 8
      vertex 29.86 23.29 8
      vertex 29.9971 23.281 8
    endloop
  endfacet
  facet normal 0 0 1
    outer loop
      vertex 29.86 24.84 8
      vertex 29.7229 23.281 8
      vertex 29.86 23.29 8
    endloop
  endfacet
  facet normal -0 0 1
    outer loop
      vertex 29.5206 24.8178 8
      vertex 29.7229 23.281 8
      vertex 29.86 24.84 8
    endloop
  endfacet
  facet normal 0 0 1
    outer loop
      vertex 29.7229 23.281 8
      vertex 29.5206 24.8178 8
      vertex 29.5882 23.2542 8
    endloop
  endfacet
  facet normal -0 0 1
    outer loop
      vertex 29.1871 24.7514 8
      vertex 29.5882 23.2542 8
      vertex 29.5206 24.8178 8
    endloop
  endfacet
  facet normal 0 0 1
    outer loop
      vertex 29.5882 23.2542 8
      vertex 29.1871 24.7514 8
      vertex 29.4582 23.2101 8
    endloop
  endfacet
  facet normal -0 0 1
    outer loop
      vertex 28.865 24.6421 8
      vertex 29.4582 23.2101 8
      vertex 29.1871 24.7514 8
    endloop
  endfacet
  facet normal 0 0 1
    outer loop
      vertex 29.4582 23.2101 8
      vertex 28.865 24.6421 8
      vertex 29.335 23.1493 8
    endloop
  endfacet
  facet normal -0 0 1
    outer loop
      vertex 28.56 24.4917 8
      vertex 29.335 23.1493 8
      vertex 28.865 24.6421 8
    endloop
  endfacet
  facet normal 0 0 1
    outer loop
      vertex 29.335 23.1493 8
      vertex 28.56 24.4917 8
      vertex 29.2208 23.073 8
    endloop
  endfacet
  facet normal -0 0 1
    outer loop
      vertex 28.2772 24.3027 8
      vertex 29.2208 23.073 8
      vertex 28.56 24.4917 8
    endloop
  endfacet
  facet normal 0 0 1
    outer loop
      vertex 29.2208 23.073 8
      vertex 28.2772 24.3027 8
      vertex 29.1175 22.9825 8
    endloop
  endfacet
  facet normal -0 0 1
    outer loop
      vertex 28.0215 24.0785 8
      vertex 29.1175 22.9825 8
      vertex 28.2772 24.3027 8
    endloop
  endfacet
  facet normal 0 0 1
    outer loop
      vertex 29.1175 22.9825 8
      vertex 28.0215 24.0785 8
      vertex 29.027 22.8792 8
    endloop
  endfacet
  facet normal -0 0 1
    outer loop
      vertex 27.7973 23.8228 8
      vertex 29.027 22.8792 8
      vertex 28.0215 24.0785 8
    endloop
  endfacet
  facet normal 0 0 1
    outer loop
      vertex 29.027 22.8792 8
      vertex 27.7973 23.8228 8
      vertex 28.9507 22.765 8
    endloop
  endfacet
  facet normal -0 0 1
    outer loop
      vertex 27.6083 23.54 8
      vertex 28.9507 22.765 8
      vertex 27.7973 23.8228 8
    endloop
  endfacet
  facet normal 0 0 1
    outer loop
      vertex 32.1117 20.94 8
      vertex 30.7693 21.715 8
      vertex 31.9227 20.6572 8
    endloop
  endfacet
  facet normal -0 0 1
    outer loop
      vertex 30.693 21.6008 8
      vertex 31.9227 20.6572 8
      vertex 30.7693 21.715 8
    endloop
  endfacet
  facet normal 0 0 1
    outer loop
      vertex 31.9227 20.6572 8
      vertex 30.693 21.6008 8
      vertex 31.6985 20.4015 8
    endloop
  endfacet
  facet normal -0 0 1
    outer loop
      vertex 30.6025 21.4975 8
      vertex 31.6985 20.4015 8
      vertex 30.693 21.6008 8
    endloop
  endfacet
  facet normal 0 0 1
    outer loop
      vertex 31.6985 20.4015 8
      vertex 30.6025 21.4975 8
      vertex 31.4428 20.1773 8
    endloop
  endfacet
  facet normal -0 0 1
    outer loop
      vertex 30.4992 21.407 8
      vertex 31.4428 20.1773 8
      vertex 30.6025 21.4975 8
    endloop
  endfacet
  facet normal 0 0 1
    outer loop
      vertex 31.4428 20.1773 8
      vertex 30.4992 21.407 8
      vertex 31.16 19.9883 8
    endloop
  endfacet
  facet normal -0 0 1
    outer loop
      vertex 30.385 21.3307 8
      vertex 31.16 19.9883 8
      vertex 30.4992 21.407 8
    endloop
  endfacet
  facet normal 0 0 1
    outer loop
      vertex 31.16 19.9883 8
      vertex 30.385 21.3307 8
      vertex 30.855 19.8379 8
    endloop
  endfacet
  facet normal -0 0 1
    outer loop
      vertex 30.2618 21.2699 8
      vertex 30.855 19.8379 8
      vertex 30.385 21.3307 8
    endloop
  endfacet
  facet normal 0 0 1
    outer loop
      vertex 30.855 19.8379 8
      vertex 30.2618 21.2699 8
      vertex 30.5329 19.7286 8
    endloop
  endfacet
  facet normal -0 0 1
    outer loop
      vertex 30.1318 21.2258 8
      vertex 30.5329 19.7286 8
      vertex 30.2618 21.2699 8
    endloop
  endfacet
  facet normal 0 0 1
    outer loop
      vertex 30.5329 19.7286 8
      vertex 30.1318 21.2258 8
      vertex 30.1994 19.6622 8
    endloop
  endfacet
  facet normal -0 0 1
    outer loop
      vertex 29.9971 21.199 8
      vertex 30.1994 19.6622 8
      vertex 30.1318 21.2258 8
    endloop
  endfacet
  facet normal -0 0 1
    outer loop
      vertex 29.86 21.19 8
      vertex 30.1994 19.6622 8
      vertex 29.9971 21.199 8
    endloop
  endfacet
  facet normal 0 0 1
    outer loop
      vertex 29.86 21.19 8
      vertex 29.86 19.64 8
      vertex 30.1994 19.6622 8
    endloop
  endfacet
  facet normal 0 0 1
    outer loop
      vertex 29.7229 21.199 8
      vertex 29.86 19.64 8
      vertex 29.86 21.19 8
    endloop
  endfacet
  facet normal 0 0 1
    outer loop
      vertex 29.5206 19.6622 8
      vertex 29.7229 21.199 8
      vertex 29.5882 21.2258 8
    endloop
  endfacet
  facet normal 0 0 1
    outer loop
      vertex 29.7229 21.199 8
      vertex 29.5206 19.6622 8
      vertex 29.86 19.64 8
    endloop
  endfacet
  facet normal 0 0 1
    outer loop
      vertex 29.1871 19.7286 8
      vertex 29.5882 21.2258 8
      vertex 29.4582 21.2699 8
    endloop
  endfacet
  facet normal 0 0 1
    outer loop
      vertex 28.865 19.8379 8
      vertex 29.4582 21.2699 8
      vertex 29.335 21.3307 8
    endloop
  endfacet
  facet normal 0 0 1
    outer loop
      vertex 28.56 19.9883 8
      vertex 29.335 21.3307 8
      vertex 29.2208 21.407 8
    endloop
  endfacet
  facet normal 0 0 1
    outer loop
      vertex 29.5882 21.2258 8
      vertex 29.1871 19.7286 8
      vertex 29.5206 19.6622 8
    endloop
  endfacet
  facet normal 0 0 1
    outer loop
      vertex 28.2772 20.1773 8
      vertex 29.2208 21.407 8
      vertex 29.1175 21.4975 8
    endloop
  endfacet
  facet normal 0 0 1
    outer loop
      vertex 28.0215 20.4015 8
      vertex 29.1175 21.4975 8
      vertex 29.027 21.6008 8
    endloop
  endfacet
  facet normal 0 0 1
    outer loop
      vertex 27.7973 20.6572 8
      vertex 29.027 21.6008 8
      vertex 28.9507 21.715 8
    endloop
  endfacet
  facet normal 0 0 1
    outer loop
      vertex 27.6083 20.94 8
      vertex 28.9507 21.715 8
      vertex 28.8899 21.8382 8
    endloop
  endfacet
  facet normal 0 0 1
    outer loop
      vertex 29.4582 21.2699 8
      vertex 28.865 19.8379 8
      vertex 29.1871 19.7286 8
    endloop
  endfacet
  facet normal 0 0 1
    outer loop
      vertex 27.4579 21.245 8
      vertex 28.8899 21.8382 8
      vertex 28.8458 21.9682 8
    endloop
  endfacet
  facet normal 0 0 1
    outer loop
      vertex 27.3486 21.5671 8
      vertex 28.8458 21.9682 8
      vertex 28.819 22.1029 8
    endloop
  endfacet
  facet normal 0 0 1
    outer loop
      vertex 27.2822 21.9006 8
      vertex 28.819 22.1029 8
      vertex 28.81 22.24 8
    endloop
  endfacet
  facet normal 0 0 1
    outer loop
      vertex 28.9507 22.765 8
      vertex 27.6083 23.54 8
      vertex 28.8899 22.6418 8
    endloop
  endfacet
  facet normal 0 0 1
    outer loop
      vertex 29.335 21.3307 8
      vertex 28.56 19.9883 8
      vertex 28.865 19.8379 8
    endloop
  endfacet
  facet normal -0 0 1
    outer loop
      vertex 27.4579 23.235 8
      vertex 28.8899 22.6418 8
      vertex 27.6083 23.54 8
    endloop
  endfacet
  facet normal 0 0 1
    outer loop
      vertex 29.2208 21.407 8
      vertex 28.2772 20.1773 8
      vertex 28.56 19.9883 8
    endloop
  endfacet
  facet normal 0 0 1
    outer loop
      vertex 28.8899 22.6418 8
      vertex 27.4579 23.235 8
      vertex 28.8458 22.5118 8
    endloop
  endfacet
  facet normal 0 0 1
    outer loop
      vertex 29.1175 21.4975 8
      vertex 28.0215 20.4015 8
      vertex 28.2772 20.1773 8
    endloop
  endfacet
  facet normal -0 0 1
    outer loop
      vertex 27.3486 22.9129 8
      vertex 28.8458 22.5118 8
      vertex 27.4579 23.235 8
    endloop
  endfacet
  facet normal 0 0 1
    outer loop
      vertex 29.027 21.6008 8
      vertex 27.7973 20.6572 8
      vertex 28.0215 20.4015 8
    endloop
  endfacet
  facet normal 0 0 1
    outer loop
      vertex 28.8458 22.5118 8
      vertex 27.3486 22.9129 8
      vertex 28.819 22.3771 8
    endloop
  endfacet
  facet normal 0 0 1
    outer loop
      vertex 28.9507 21.715 8
      vertex 27.6083 20.94 8
      vertex 27.7973 20.6572 8
    endloop
  endfacet
  facet normal -0 0 1
    outer loop
      vertex 27.2822 22.5794 8
      vertex 28.819 22.3771 8
      vertex 27.3486 22.9129 8
    endloop
  endfacet
  facet normal 0 0 1
    outer loop
      vertex 28.8899 21.8382 8
      vertex 27.4579 21.245 8
      vertex 27.6083 20.94 8
    endloop
  endfacet
  facet normal 0 0 1
    outer loop
      vertex 28.819 22.3771 8
      vertex 27.2822 22.5794 8
      vertex 28.81 22.24 8
    endloop
  endfacet
  facet normal 0 0 1
    outer loop
      vertex 28.8458 21.9682 8
      vertex 27.3486 21.5671 8
      vertex 27.4579 21.245 8
    endloop
  endfacet
  facet normal 0 0 1
    outer loop
      vertex 27.26 22.24 8
      vertex 28.81 22.24 8
      vertex 27.2822 22.5794 8
    endloop
  endfacet
  facet normal 0 0 1
    outer loop
      vertex 28.819 22.1029 8
      vertex 27.2822 21.9006 8
      vertex 27.3486 21.5671 8
    endloop
  endfacet
  facet normal 0 0 1
    outer loop
      vertex 28.81 22.24 8
      vertex 27.26 22.24 8
      vertex 27.2822 21.9006 8
    endloop
  endfacet
  facet normal -0.195268 0.98075 0
    outer loop
      vertex 29.5206 24.8178 2
      vertex 29.1871 24.7514 8
      vertex 29.5206 24.8178 8
    endloop
  endfacet
  facet normal -0.195268 0.98075 0
    outer loop
      vertex 29.1871 24.7514 8
      vertex 29.5206 24.8178 2
      vertex 29.1871 24.7514 2
    endloop
  endfacet
  facet normal 0.997868 -0.0652701 0
    outer loop
      vertex 32.4378 21.9006 8
      vertex 32.46 22.24 2
      vertex 32.46 22.24 8
    endloop
  endfacet
  facet normal 0.997868 -0.0652701 0
    outer loop
      vertex 32.46 22.24 2
      vertex 32.4378 21.9006 8
      vertex 32.4378 21.9006 2
    endloop
  endfacet
  facet normal 0.321339 -0.946964 0
    outer loop
      vertex 30.5329 19.7286 2
      vertex 30.855 19.8379 8
      vertex 30.5329 19.7286 8
    endloop
  endfacet
  facet normal 0.321339 -0.946964 0
    outer loop
      vertex 30.855 19.8379 8
      vertex 30.5329 19.7286 2
      vertex 30.855 19.8379 2
    endloop
  endfacet
  facet normal 0.0652701 -0.997868 0
    outer loop
      vertex 29.86 19.64 2
      vertex 30.1994 19.6622 8
      vertex 29.86 19.64 8
    endloop
  endfacet
  facet normal 0.0652701 -0.997868 0
    outer loop
      vertex 30.1994 19.6622 8
      vertex 29.86 19.64 2
      vertex 30.1994 19.6622 2
    endloop
  endfacet
  facet normal 0.195268 -0.98075 0
    outer loop
      vertex 30.1994 19.6622 2
      vertex 30.5329 19.7286 8
      vertex 30.1994 19.6622 8
    endloop
  endfacet
  facet normal 0.195268 -0.98075 0
    outer loop
      vertex 30.5329 19.7286 8
      vertex 30.1994 19.6622 2
      vertex 30.5329 19.7286 2
    endloop
  endfacet
  facet normal 0.442267 -0.896884 0
    outer loop
      vertex 30.855 19.8379 2
      vertex 31.16 19.9883 8
      vertex 30.855 19.8379 8
    endloop
  endfacet
  facet normal 0.442267 -0.896884 0
    outer loop
      vertex 31.16 19.9883 8
      vertex 30.855 19.8379 2
      vertex 31.16 19.9883 2
    endloop
  endfacet
  facet normal 0.659275 -0.751902 0
    outer loop
      vertex 31.4428 20.1773 2
      vertex 31.6985 20.4015 8
      vertex 31.4428 20.1773 8
    endloop
  endfacet
  facet normal 0.659275 -0.751902 0
    outer loop
      vertex 31.6985 20.4015 8
      vertex 31.4428 20.1773 2
      vertex 31.6985 20.4015 2
    endloop
  endfacet
  facet normal 0.55565 -0.831417 0
    outer loop
      vertex 31.16 19.9883 2
      vertex 31.4428 20.1773 8
      vertex 31.16 19.9883 8
    endloop
  endfacet
  facet normal 0.55565 -0.831417 0
    outer loop
      vertex 31.4428 20.1773 8
      vertex 31.16 19.9883 2
      vertex 31.4428 20.1773 2
    endloop
  endfacet
  facet normal 0.751902 -0.659275 0
    outer loop
      vertex 31.6985 20.4015 8
      vertex 31.9227 20.6572 2
      vertex 31.9227 20.6572 8
    endloop
  endfacet
  facet normal 0.751902 -0.659275 0
    outer loop
      vertex 31.9227 20.6572 2
      vertex 31.6985 20.4015 8
      vertex 31.6985 20.4015 2
    endloop
  endfacet
  facet normal -0.195268 -0.98075 0
    outer loop
      vertex 29.1871 19.7286 2
      vertex 29.5206 19.6622 8
      vertex 29.1871 19.7286 8
    endloop
  endfacet
  facet normal -0.195268 -0.98075 -0
    outer loop
      vertex 29.5206 19.6622 8
      vertex 29.1871 19.7286 2
      vertex 29.5206 19.6622 2
    endloop
  endfacet
  facet normal -0.55565 -0.831417 0
    outer loop
      vertex 28.2772 20.1773 2
      vertex 28.56 19.9883 8
      vertex 28.2772 20.1773 8
    endloop
  endfacet
  facet normal -0.55565 -0.831417 -0
    outer loop
      vertex 28.56 19.9883 8
      vertex 28.2772 20.1773 2
      vertex 28.56 19.9883 2
    endloop
  endfacet
  facet normal -0.442267 -0.896884 0
    outer loop
      vertex 28.56 19.9883 2
      vertex 28.865 19.8379 8
      vertex 28.56 19.9883 8
    endloop
  endfacet
  facet normal -0.442267 -0.896884 -0
    outer loop
      vertex 28.865 19.8379 8
      vertex 28.56 19.9883 2
      vertex 28.865 19.8379 2
    endloop
  endfacet
  facet normal -0.0652701 -0.997868 0
    outer loop
      vertex 29.5206 19.6622 2
      vertex 29.86 19.64 8
      vertex 29.5206 19.6622 8
    endloop
  endfacet
  facet normal -0.0652701 -0.997868 -0
    outer loop
      vertex 29.86 19.64 8
      vertex 29.5206 19.6622 2
      vertex 29.86 19.64 2
    endloop
  endfacet
  facet normal -0.751902 -0.659275 0
    outer loop
      vertex 28.0215 20.4015 2
      vertex 27.7973 20.6572 8
      vertex 27.7973 20.6572 2
    endloop
  endfacet
  facet normal -0.751902 -0.659275 0
    outer loop
      vertex 27.7973 20.6572 8
      vertex 28.0215 20.4015 2
      vertex 28.0215 20.4015 8
    endloop
  endfacet
  facet normal -0.98075 -0.195268 0
    outer loop
      vertex 27.3486 21.5671 2
      vertex 27.2822 21.9006 8
      vertex 27.2822 21.9006 2
    endloop
  endfacet
  facet normal -0.98075 -0.195268 0
    outer loop
      vertex 27.2822 21.9006 8
      vertex 27.3486 21.5671 2
      vertex 27.3486 21.5671 8
    endloop
  endfacet
  facet normal -0.946964 -0.321339 0
    outer loop
      vertex 27.4579 21.245 2
      vertex 27.3486 21.5671 8
      vertex 27.3486 21.5671 2
    endloop
  endfacet
  facet normal -0.946964 -0.321339 0
    outer loop
      vertex 27.3486 21.5671 8
      vertex 27.4579 21.245 2
      vertex 27.4579 21.245 8
    endloop
  endfacet
  facet normal 0.98075 0.195268 0
    outer loop
      vertex 32.4378 22.5794 8
      vertex 32.3714 22.9129 2
      vertex 32.3714 22.9129 8
    endloop
  endfacet
  facet normal 0.98075 0.195268 0
    outer loop
      vertex 32.3714 22.9129 2
      vertex 32.4378 22.5794 8
      vertex 32.4378 22.5794 2
    endloop
  endfacet
  facet normal 0.751902 0.659275 0
    outer loop
      vertex 31.9227 23.8228 8
      vertex 31.6985 24.0785 2
      vertex 31.6985 24.0785 8
    endloop
  endfacet
  facet normal 0.751902 0.659275 0
    outer loop
      vertex 31.6985 24.0785 2
      vertex 31.9227 23.8228 8
      vertex 31.9227 23.8228 2
    endloop
  endfacet
  facet normal 0.442267 0.896884 -0
    outer loop
      vertex 31.16 24.4917 2
      vertex 30.855 24.6421 8
      vertex 31.16 24.4917 8
    endloop
  endfacet
  facet normal 0.442267 0.896884 0
    outer loop
      vertex 30.855 24.6421 8
      vertex 31.16 24.4917 2
      vertex 30.855 24.6421 2
    endloop
  endfacet
  facet normal -0.751902 0.659275 0
    outer loop
      vertex 27.7973 23.8228 2
      vertex 28.0215 24.0785 8
      vertex 28.0215 24.0785 2
    endloop
  endfacet
  facet normal -0.751902 0.659275 0
    outer loop
      vertex 28.0215 24.0785 8
      vertex 27.7973 23.8228 2
      vertex 27.7973 23.8228 8
    endloop
  endfacet
  facet normal -0.946964 0.321339 0
    outer loop
      vertex 27.3486 22.9129 2
      vertex 27.4579 23.235 8
      vertex 27.4579 23.235 2
    endloop
  endfacet
  facet normal -0.946964 0.321339 0
    outer loop
      vertex 27.4579 23.235 8
      vertex 27.3486 22.9129 2
      vertex 27.3486 22.9129 8
    endloop
  endfacet
  facet normal -0.55565 0.831417 0
    outer loop
      vertex 28.56 24.4917 2
      vertex 28.2772 24.3027 8
      vertex 28.56 24.4917 8
    endloop
  endfacet
  facet normal -0.55565 0.831417 0
    outer loop
      vertex 28.2772 24.3027 8
      vertex 28.56 24.4917 2
      vertex 28.2772 24.3027 2
    endloop
  endfacet
  facet normal 0.896884 -0.442267 0
    outer loop
      vertex 32.1117 20.94 8
      vertex 32.2621 21.245 2
      vertex 32.2621 21.245 8
    endloop
  endfacet
  facet normal 0.896884 -0.442267 0
    outer loop
      vertex 32.2621 21.245 2
      vertex 32.1117 20.94 8
      vertex 32.1117 20.94 2
    endloop
  endfacet
  facet normal 0.946964 -0.321339 0
    outer loop
      vertex 32.2621 21.245 8
      vertex 32.3714 21.5671 2
      vertex 32.3714 21.5671 8
    endloop
  endfacet
  facet normal 0.946964 -0.321339 0
    outer loop
      vertex 32.3714 21.5671 2
      vertex 32.2621 21.245 8
      vertex 32.2621 21.245 2
    endloop
  endfacet
  facet normal 0.98075 -0.195268 0
    outer loop
      vertex 32.3714 21.5671 8
      vertex 32.4378 21.9006 2
      vertex 32.4378 21.9006 8
    endloop
  endfacet
  facet normal 0.98075 -0.195268 0
    outer loop
      vertex 32.4378 21.9006 2
      vertex 32.3714 21.5671 8
      vertex 32.3714 21.5671 2
    endloop
  endfacet
  facet normal -0.997852 -0.0655045 0
    outer loop
      vertex 30.91 22.24 2.01
      vertex 30.901 22.3771 8
      vertex 30.901 22.3771 2.01
    endloop
  endfacet
  facet normal -0.997852 -0.0655045 0
    outer loop
      vertex 30.901 22.3771 8
      vertex 30.91 22.24 2.01
      vertex 30.91 22.24 8
    endloop
  endfacet
  facet normal 0.0655045 -0.997852 0
    outer loop
      vertex 29.7229 23.281 2.01
      vertex 29.86 23.29 8
      vertex 29.7229 23.281 8
    endloop
  endfacet
  facet normal 0.0655045 -0.997852 0
    outer loop
      vertex 29.86 23.29 8
      vertex 29.7229 23.281 2.01
      vertex 29.86 23.29 2.01
    endloop
  endfacet
  facet normal -0.658968 -0.752171 0
    outer loop
      vertex 30.4992 23.073 2.01
      vertex 30.6025 22.9825 8
      vertex 30.4992 23.073 8
    endloop
  endfacet
  facet normal -0.658968 -0.752171 -0
    outer loop
      vertex 30.6025 22.9825 8
      vertex 30.4992 23.073 2.01
      vertex 30.6025 22.9825 2.01
    endloop
  endfacet
  facet normal 0.752171 -0.658968 0
    outer loop
      vertex 29.027 22.8792 8
      vertex 29.1175 22.9825 2.01
      vertex 29.1175 22.9825 8
    endloop
  endfacet
  facet normal 0.752171 -0.658968 0
    outer loop
      vertex 29.1175 22.9825 2.01
      vertex 29.027 22.8792 8
      vertex 29.027 22.8792 2.01
    endloop
  endfacet
  facet normal 0.442549 -0.896744 0
    outer loop
      vertex 29.335 23.1493 2.01
      vertex 29.4582 23.2101 8
      vertex 29.335 23.1493 8
    endloop
  endfacet
  facet normal 0.442549 -0.896744 0
    outer loop
      vertex 29.4582 23.2101 8
      vertex 29.335 23.1493 2.01
      vertex 29.4582 23.2101 2.01
    endloop
  endfacet
  facet normal 0.752171 0.658968 0
    outer loop
      vertex 29.1175 21.4975 8
      vertex 29.027 21.6008 2.01
      vertex 29.027 21.6008 8
    endloop
  endfacet
  facet normal 0.752171 0.658968 0
    outer loop
      vertex 29.027 21.6008 2.01
      vertex 29.1175 21.4975 8
      vertex 29.1175 21.4975 2.01
    endloop
  endfacet
  facet normal -0.946995 -0.32125 0
    outer loop
      vertex 30.8742 22.5118 2.01
      vertex 30.8301 22.6418 8
      vertex 30.8301 22.6418 2.01
    endloop
  endfacet
  facet normal -0.946995 -0.32125 0
    outer loop
      vertex 30.8301 22.6418 8
      vertex 30.8742 22.5118 2.01
      vertex 30.8742 22.5118 8
    endloop
  endfacet
  facet normal -0.980776 -0.195136 0
    outer loop
      vertex 30.901 22.3771 2.01
      vertex 30.8742 22.5118 8
      vertex 30.8742 22.5118 2.01
    endloop
  endfacet
  facet normal -0.980776 -0.195136 0
    outer loop
      vertex 30.8742 22.5118 8
      vertex 30.901 22.3771 2.01
      vertex 30.901 22.3771 8
    endloop
  endfacet
  facet normal -0.32125 -0.946995 0
    outer loop
      vertex 30.1318 23.2542 2.01
      vertex 30.2618 23.2101 8
      vertex 30.1318 23.2542 8
    endloop
  endfacet
  facet normal -0.32125 -0.946995 -0
    outer loop
      vertex 30.2618 23.2101 8
      vertex 30.1318 23.2542 2.01
      vertex 30.2618 23.2101 2.01
    endloop
  endfacet
  facet normal -0.0655045 -0.997852 0
    outer loop
      vertex 29.86 23.29 2.01
      vertex 29.9971 23.281 8
      vertex 29.86 23.29 8
    endloop
  endfacet
  facet normal -0.0655045 -0.997852 -0
    outer loop
      vertex 29.9971 23.281 8
      vertex 29.86 23.29 2.01
      vertex 29.9971 23.281 2.01
    endloop
  endfacet
  facet normal -0.55554 -0.83149 0
    outer loop
      vertex 30.385 23.1493 2.01
      vertex 30.4992 23.073 8
      vertex 30.385 23.1493 8
    endloop
  endfacet
  facet normal -0.55554 -0.83149 -0
    outer loop
      vertex 30.4992 23.073 8
      vertex 30.385 23.1493 2.01
      vertex 30.4992 23.073 2.01
    endloop
  endfacet
  facet normal 0.946995 -0.32125 0
    outer loop
      vertex 28.8458 22.5118 8
      vertex 28.8899 22.6418 2.01
      vertex 28.8899 22.6418 8
    endloop
  endfacet
  facet normal 0.946995 -0.32125 0
    outer loop
      vertex 28.8899 22.6418 2.01
      vertex 28.8458 22.5118 8
      vertex 28.8458 22.5118 2.01
    endloop
  endfacet
  facet normal 0.896744 -0.442549 0
    outer loop
      vertex 28.8899 22.6418 8
      vertex 28.9507 22.765 2.01
      vertex 28.9507 22.765 8
    endloop
  endfacet
  facet normal 0.896744 -0.442549 0
    outer loop
      vertex 28.9507 22.765 2.01
      vertex 28.8899 22.6418 8
      vertex 28.8899 22.6418 2.01
    endloop
  endfacet
  facet normal 0.980776 -0.195136 0
    outer loop
      vertex 28.819 22.3771 8
      vertex 28.8458 22.5118 2.01
      vertex 28.8458 22.5118 8
    endloop
  endfacet
  facet normal 0.980776 -0.195136 0
    outer loop
      vertex 28.8458 22.5118 2.01
      vertex 28.819 22.3771 8
      vertex 28.819 22.3771 2.01
    endloop
  endfacet
  facet normal 0.997852 0.0655045 0
    outer loop
      vertex 28.819 22.1029 8
      vertex 28.81 22.24 2.01
      vertex 28.81 22.24 8
    endloop
  endfacet
  facet normal 0.997852 0.0655045 0
    outer loop
      vertex 28.81 22.24 2.01
      vertex 28.819 22.1029 8
      vertex 28.819 22.1029 2.01
    endloop
  endfacet
  facet normal 0.658968 -0.752171 0
    outer loop
      vertex 29.1175 22.9825 2.01
      vertex 29.2208 23.073 8
      vertex 29.1175 22.9825 8
    endloop
  endfacet
  facet normal 0.658968 -0.752171 0
    outer loop
      vertex 29.2208 23.073 8
      vertex 29.1175 22.9825 2.01
      vertex 29.2208 23.073 2.01
    endloop
  endfacet
  facet normal 0.195136 -0.980776 0
    outer loop
      vertex 29.5882 23.2542 2.01
      vertex 29.7229 23.281 8
      vertex 29.5882 23.2542 8
    endloop
  endfacet
  facet normal 0.195136 -0.980776 0
    outer loop
      vertex 29.7229 23.281 8
      vertex 29.5882 23.2542 2.01
      vertex 29.7229 23.281 2.01
    endloop
  endfacet
  facet normal -0.752171 0.658968 0
    outer loop
      vertex 30.6025 21.4975 2.01
      vertex 30.693 21.6008 8
      vertex 30.693 21.6008 2.01
    endloop
  endfacet
  facet normal -0.752171 0.658968 0
    outer loop
      vertex 30.693 21.6008 8
      vertex 30.6025 21.4975 2.01
      vertex 30.6025 21.4975 8
    endloop
  endfacet
  facet normal -0.55554 0.83149 0
    outer loop
      vertex 30.4992 21.407 2.01
      vertex 30.385 21.3307 8
      vertex 30.4992 21.407 8
    endloop
  endfacet
  facet normal -0.55554 0.83149 0
    outer loop
      vertex 30.385 21.3307 8
      vertex 30.4992 21.407 2.01
      vertex 30.385 21.3307 2.01
    endloop
  endfacet
  facet normal -0.83149 0.55554 0
    outer loop
      vertex 30.693 21.6008 2.01
      vertex 30.7693 21.715 8
      vertex 30.7693 21.715 2.01
    endloop
  endfacet
  facet normal -0.83149 0.55554 0
    outer loop
      vertex 30.7693 21.715 8
      vertex 30.693 21.6008 2.01
      vertex 30.693 21.6008 8
    endloop
  endfacet
  facet normal 0.55554 0.83149 -0
    outer loop
      vertex 29.335 21.3307 2.01
      vertex 29.2208 21.407 8
      vertex 29.335 21.3307 8
    endloop
  endfacet
  facet normal 0.55554 0.83149 0
    outer loop
      vertex 29.2208 21.407 8
      vertex 29.335 21.3307 2.01
      vertex 29.2208 21.407 2.01
    endloop
  endfacet
  facet normal 0.195136 0.980776 -0
    outer loop
      vertex 29.7229 21.199 2.01
      vertex 29.5882 21.2258 8
      vertex 29.7229 21.199 8
    endloop
  endfacet
  facet normal 0.195136 0.980776 0
    outer loop
      vertex 29.5882 21.2258 8
      vertex 29.7229 21.199 2.01
      vertex 29.5882 21.2258 2.01
    endloop
  endfacet
  facet normal 0.83149 0.55554 0
    outer loop
      vertex 29.027 21.6008 8
      vertex 28.9507 21.715 2.01
      vertex 28.9507 21.715 8
    endloop
  endfacet
  facet normal 0.83149 0.55554 0
    outer loop
      vertex 28.9507 21.715 2.01
      vertex 29.027 21.6008 8
      vertex 29.027 21.6008 2.01
    endloop
  endfacet
  facet normal 0.896744 0.442549 0
    outer loop
      vertex 28.9507 21.715 8
      vertex 28.8899 21.8382 2.01
      vertex 28.8899 21.8382 8
    endloop
  endfacet
  facet normal 0.896744 0.442549 0
    outer loop
      vertex 28.8899 21.8382 2.01
      vertex 28.9507 21.715 8
      vertex 28.9507 21.715 2.01
    endloop
  endfacet
  facet normal -0.896744 -0.442549 0
    outer loop
      vertex 30.8301 22.6418 2.01
      vertex 30.7693 22.765 8
      vertex 30.7693 22.765 2.01
    endloop
  endfacet
  facet normal -0.896744 -0.442549 0
    outer loop
      vertex 30.7693 22.765 8
      vertex 30.8301 22.6418 2.01
      vertex 30.8301 22.6418 8
    endloop
  endfacet
  facet normal -0.83149 -0.55554 0
    outer loop
      vertex 30.7693 22.765 2.01
      vertex 30.693 22.8792 8
      vertex 30.693 22.8792 2.01
    endloop
  endfacet
  facet normal -0.83149 -0.55554 0
    outer loop
      vertex 30.693 22.8792 8
      vertex 30.7693 22.765 2.01
      vertex 30.7693 22.765 8
    endloop
  endfacet
  facet normal -0.752171 -0.658968 0
    outer loop
      vertex 30.693 22.8792 2.01
      vertex 30.6025 22.9825 8
      vertex 30.6025 22.9825 2.01
    endloop
  endfacet
  facet normal -0.752171 -0.658968 0
    outer loop
      vertex 30.6025 22.9825 8
      vertex 30.693 22.8792 2.01
      vertex 30.693 22.8792 8
    endloop
  endfacet
  facet normal -0.195136 -0.980776 0
    outer loop
      vertex 29.9971 23.281 2.01
      vertex 30.1318 23.2542 8
      vertex 29.9971 23.281 8
    endloop
  endfacet
  facet normal -0.195136 -0.980776 -0
    outer loop
      vertex 30.1318 23.2542 8
      vertex 29.9971 23.281 2.01
      vertex 30.1318 23.2542 2.01
    endloop
  endfacet
  facet normal -0.442549 -0.896744 0
    outer loop
      vertex 30.2618 23.2101 2.01
      vertex 30.385 23.1493 8
      vertex 30.2618 23.2101 8
    endloop
  endfacet
  facet normal -0.442549 -0.896744 -0
    outer loop
      vertex 30.385 23.1493 8
      vertex 30.2618 23.2101 2.01
      vertex 30.385 23.1493 2.01
    endloop
  endfacet
  facet normal 0 0 1
    outer loop
      vertex 30.901 22.3771 2.01
      vertex 30.901 22.1029 2.01
      vertex 30.91 22.24 2.01
    endloop
  endfacet
  facet normal 0 0 1
    outer loop
      vertex 30.8742 22.5118 2.01
      vertex 30.901 22.1029 2.01
      vertex 30.901 22.3771 2.01
    endloop
  endfacet
  facet normal 0 0 1
    outer loop
      vertex 30.8742 22.5118 2.01
      vertex 30.8742 21.9682 2.01
      vertex 30.901 22.1029 2.01
    endloop
  endfacet
  facet normal 0 0 1
    outer loop
      vertex 30.8301 22.6418 2.01
      vertex 30.8742 21.9682 2.01
      vertex 30.8742 22.5118 2.01
    endloop
  endfacet
  facet normal 0 0 1
    outer loop
      vertex 30.8301 22.6418 2.01
      vertex 30.8301 21.8382 2.01
      vertex 30.8742 21.9682 2.01
    endloop
  endfacet
  facet normal 0 0 1
    outer loop
      vertex 30.7693 22.765 2.01
      vertex 30.8301 21.8382 2.01
      vertex 30.8301 22.6418 2.01
    endloop
  endfacet
  facet normal 0 0 1
    outer loop
      vertex 30.7693 22.765 2.01
      vertex 30.7693 21.715 2.01
      vertex 30.8301 21.8382 2.01
    endloop
  endfacet
  facet normal 0 0 1
    outer loop
      vertex 30.693 22.8792 2.01
      vertex 30.7693 21.715 2.01
      vertex 30.7693 22.765 2.01
    endloop
  endfacet
  facet normal 0 0 1
    outer loop
      vertex 30.693 22.8792 2.01
      vertex 30.693 21.6008 2.01
      vertex 30.7693 21.715 2.01
    endloop
  endfacet
  facet normal 0 0 1
    outer loop
      vertex 30.6025 22.9825 2.01
      vertex 30.693 21.6008 2.01
      vertex 30.693 22.8792 2.01
    endloop
  endfacet
  facet normal 0 0 1
    outer loop
      vertex 30.6025 22.9825 2.01
      vertex 30.6025 21.4975 2.01
      vertex 30.693 21.6008 2.01
    endloop
  endfacet
  facet normal 0 0 1
    outer loop
      vertex 30.4992 23.073 2.01
      vertex 30.6025 21.4975 2.01
      vertex 30.6025 22.9825 2.01
    endloop
  endfacet
  facet normal 0 0 1
    outer loop
      vertex 30.4992 23.073 2.01
      vertex 30.4992 21.407 2.01
      vertex 30.6025 21.4975 2.01
    endloop
  endfacet
  facet normal 0 0 1
    outer loop
      vertex 30.385 23.1493 2.01
      vertex 30.4992 21.407 2.01
      vertex 30.4992 23.073 2.01
    endloop
  endfacet
  facet normal 0 0 1
    outer loop
      vertex 30.385 23.1493 2.01
      vertex 30.385 21.3307 2.01
      vertex 30.4992 21.407 2.01
    endloop
  endfacet
  facet normal 0 0 1
    outer loop
      vertex 30.2618 23.2101 2.01
      vertex 30.385 21.3307 2.01
      vertex 30.385 23.1493 2.01
    endloop
  endfacet
  facet normal 0 0 1
    outer loop
      vertex 30.2618 23.2101 2.01
      vertex 30.2618 21.2699 2.01
      vertex 30.385 21.3307 2.01
    endloop
  endfacet
  facet normal 0 0 1
    outer loop
      vertex 30.1318 23.2542 2.01
      vertex 30.2618 21.2699 2.01
      vertex 30.2618 23.2101 2.01
    endloop
  endfacet
  facet normal 0 0 1
    outer loop
      vertex 30.1318 23.2542 2.01
      vertex 30.1318 21.2258 2.01
      vertex 30.2618 21.2699 2.01
    endloop
  endfacet
  facet normal 0 0 1
    outer loop
      vertex 29.9971 23.281 2.01
      vertex 30.1318 21.2258 2.01
      vertex 30.1318 23.2542 2.01
    endloop
  endfacet
  facet normal 0 0 1
    outer loop
      vertex 29.9971 23.281 2.01
      vertex 29.9971 21.199 2.01
      vertex 30.1318 21.2258 2.01
    endloop
  endfacet
  facet normal 0 0 1
    outer loop
      vertex 29.86 23.29 2.01
      vertex 29.9971 21.199 2.01
      vertex 29.9971 23.281 2.01
    endloop
  endfacet
  facet normal 0 0 1
    outer loop
      vertex 29.86 23.29 2.01
      vertex 29.86 21.19 2.01
      vertex 29.9971 21.199 2.01
    endloop
  endfacet
  facet normal -0 0 1
    outer loop
      vertex 29.7229 23.281 2.01
      vertex 29.86 21.19 2.01
      vertex 29.86 23.29 2.01
    endloop
  endfacet
  facet normal 0 0 1
    outer loop
      vertex 29.7229 23.281 2.01
      vertex 29.7229 21.199 2.01
      vertex 29.86 21.19 2.01
    endloop
  endfacet
  facet normal -0 0 1
    outer loop
      vertex 29.5882 23.2542 2.01
      vertex 29.7229 21.199 2.01
      vertex 29.7229 23.281 2.01
    endloop
  endfacet
  facet normal 0 0 1
    outer loop
      vertex 29.5882 23.2542 2.01
      vertex 29.5882 21.2258 2.01
      vertex 29.7229 21.199 2.01
    endloop
  endfacet
  facet normal -0 0 1
    outer loop
      vertex 29.4582 23.2101 2.01
      vertex 29.5882 21.2258 2.01
      vertex 29.5882 23.2542 2.01
    endloop
  endfacet
  facet normal 0 0 1
    outer loop
      vertex 29.4582 23.2101 2.01
      vertex 29.4582 21.2699 2.01
      vertex 29.5882 21.2258 2.01
    endloop
  endfacet
  facet normal -0 0 1
    outer loop
      vertex 29.335 23.1493 2.01
      vertex 29.4582 21.2699 2.01
      vertex 29.4582 23.2101 2.01
    endloop
  endfacet
  facet normal 0 0 1
    outer loop
      vertex 29.335 23.1493 2.01
      vertex 29.335 21.3307 2.01
      vertex 29.4582 21.2699 2.01
    endloop
  endfacet
  facet normal -0 0 1
    outer loop
      vertex 29.2208 23.073 2.01
      vertex 29.335 21.3307 2.01
      vertex 29.335 23.1493 2.01
    endloop
  endfacet
  facet normal 0 0 1
    outer loop
      vertex 29.2208 23.073 2.01
      vertex 29.2208 21.407 2.01
      vertex 29.335 21.3307 2.01
    endloop
  endfacet
  facet normal -0 0 1
    outer loop
      vertex 29.1175 22.9825 2.01
      vertex 29.2208 21.407 2.01
      vertex 29.2208 23.073 2.01
    endloop
  endfacet
  facet normal 0 0 1
    outer loop
      vertex 29.1175 22.9825 2.01
      vertex 29.1175 21.4975 2.01
      vertex 29.2208 21.407 2.01
    endloop
  endfacet
  facet normal -0 0 1
    outer loop
      vertex 29.027 22.8792 2.01
      vertex 29.1175 21.4975 2.01
      vertex 29.1175 22.9825 2.01
    endloop
  endfacet
  facet normal 0 0 1
    outer loop
      vertex 29.027 22.8792 2.01
      vertex 29.027 21.6008 2.01
      vertex 29.1175 21.4975 2.01
    endloop
  endfacet
  facet normal -0 0 1
    outer loop
      vertex 28.9507 22.765 2.01
      vertex 29.027 21.6008 2.01
      vertex 29.027 22.8792 2.01
    endloop
  endfacet
  facet normal 0 0 1
    outer loop
      vertex 28.9507 22.765 2.01
      vertex 28.9507 21.715 2.01
      vertex 29.027 21.6008 2.01
    endloop
  endfacet
  facet normal -0 0 1
    outer loop
      vertex 28.8899 22.6418 2.01
      vertex 28.9507 21.715 2.01
      vertex 28.9507 22.765 2.01
    endloop
  endfacet
  facet normal 0 0 1
    outer loop
      vertex 28.8899 22.6418 2.01
      vertex 28.8899 21.8382 2.01
      vertex 28.9507 21.715 2.01
    endloop
  endfacet
  facet normal -0 0 1
    outer loop
      vertex 28.8458 22.5118 2.01
      vertex 28.8899 21.8382 2.01
      vertex 28.8899 22.6418 2.01
    endloop
  endfacet
  facet normal 0 0 1
    outer loop
      vertex 28.8458 22.5118 2.01
      vertex 28.8458 21.9682 2.01
      vertex 28.8899 21.8382 2.01
    endloop
  endfacet
  facet normal -0 0 1
    outer loop
      vertex 28.819 22.3771 2.01
      vertex 28.8458 21.9682 2.01
      vertex 28.8458 22.5118 2.01
    endloop
  endfacet
  facet normal 0 0 1
    outer loop
      vertex 28.819 22.3771 2.01
      vertex 28.819 22.1029 2.01
      vertex 28.8458 21.9682 2.01
    endloop
  endfacet
  facet normal 0 -0 1
    outer loop
      vertex 28.819 22.1029 2.01
      vertex 28.819 22.3771 2.01
      vertex 28.81 22.24 2.01
    endloop
  endfacet
  facet normal 0.83149 -0.55554 0
    outer loop
      vertex 28.9507 22.765 8
      vertex 29.027 22.8792 2.01
      vertex 29.027 22.8792 8
    endloop
  endfacet
  facet normal 0.83149 -0.55554 0
    outer loop
      vertex 29.027 22.8792 2.01
      vertex 28.9507 22.765 8
      vertex 28.9507 22.765 2.01
    endloop
  endfacet
  facet normal 0.55554 -0.83149 0
    outer loop
      vertex 29.2208 23.073 2.01
      vertex 29.335 23.1493 8
      vertex 29.2208 23.073 8
    endloop
  endfacet
  facet normal 0.55554 -0.83149 0
    outer loop
      vertex 29.335 23.1493 8
      vertex 29.2208 23.073 2.01
      vertex 29.335 23.1493 2.01
    endloop
  endfacet
  facet normal -0.442549 0.896744 0
    outer loop
      vertex 30.385 21.3307 2.01
      vertex 30.2618 21.2699 8
      vertex 30.385 21.3307 8
    endloop
  endfacet
  facet normal -0.442549 0.896744 0
    outer loop
      vertex 30.2618 21.2699 8
      vertex 30.385 21.3307 2.01
      vertex 30.2618 21.2699 2.01
    endloop
  endfacet
  facet normal -0.195136 0.980776 0
    outer loop
      vertex 30.1318 21.2258 2.01
      vertex 29.9971 21.199 8
      vertex 30.1318 21.2258 8
    endloop
  endfacet
  facet normal -0.195136 0.980776 0
    outer loop
      vertex 29.9971 21.199 8
      vertex 30.1318 21.2258 2.01
      vertex 29.9971 21.199 2.01
    endloop
  endfacet
  facet normal -0.32125 0.946995 0
    outer loop
      vertex 30.2618 21.2699 2.01
      vertex 30.1318 21.2258 8
      vertex 30.2618 21.2699 8
    endloop
  endfacet
  facet normal -0.32125 0.946995 0
    outer loop
      vertex 30.1318 21.2258 8
      vertex 30.2618 21.2699 2.01
      vertex 30.1318 21.2258 2.01
    endloop
  endfacet
  facet normal -0.658968 0.752171 0
    outer loop
      vertex 30.6025 21.4975 2.01
      vertex 30.4992 21.407 8
      vertex 30.6025 21.4975 8
    endloop
  endfacet
  facet normal -0.658968 0.752171 0
    outer loop
      vertex 30.4992 21.407 8
      vertex 30.6025 21.4975 2.01
      vertex 30.4992 21.407 2.01
    endloop
  endfacet
  facet normal -0.946995 0.32125 0
    outer loop
      vertex 30.8301 21.8382 2.01
      vertex 30.8742 21.9682 8
      vertex 30.8742 21.9682 2.01
    endloop
  endfacet
  facet normal -0.946995 0.32125 0
    outer loop
      vertex 30.8742 21.9682 8
      vertex 30.8301 21.8382 2.01
      vertex 30.8301 21.8382 8
    endloop
  endfacet
  facet normal -0.997852 0.0655045 0
    outer loop
      vertex 30.901 22.1029 2.01
      vertex 30.91 22.24 8
      vertex 30.91 22.24 2.01
    endloop
  endfacet
  facet normal -0.997852 0.0655045 0
    outer loop
      vertex 30.91 22.24 8
      vertex 30.901 22.1029 2.01
      vertex 30.901 22.1029 8
    endloop
  endfacet
  facet normal -0.896744 0.442549 0
    outer loop
      vertex 30.7693 21.715 2.01
      vertex 30.8301 21.8382 8
      vertex 30.8301 21.8382 2.01
    endloop
  endfacet
  facet normal -0.896744 0.442549 0
    outer loop
      vertex 30.8301 21.8382 8
      vertex 30.7693 21.715 2.01
      vertex 30.7693 21.715 8
    endloop
  endfacet
  facet normal 0.0655045 0.997852 -0
    outer loop
      vertex 29.86 21.19 2.01
      vertex 29.7229 21.199 8
      vertex 29.86 21.19 8
    endloop
  endfacet
  facet normal 0.0655045 0.997852 0
    outer loop
      vertex 29.7229 21.199 8
      vertex 29.86 21.19 2.01
      vertex 29.7229 21.199 2.01
    endloop
  endfacet
  facet normal 0.442549 0.896744 -0
    outer loop
      vertex 29.4582 21.2699 2.01
      vertex 29.335 21.3307 8
      vertex 29.4582 21.2699 8
    endloop
  endfacet
  facet normal 0.442549 0.896744 0
    outer loop
      vertex 29.335 21.3307 8
      vertex 29.4582 21.2699 2.01
      vertex 29.335 21.3307 2.01
    endloop
  endfacet
  facet normal 0.32125 0.946995 -0
    outer loop
      vertex 29.5882 21.2258 2.01
      vertex 29.4582 21.2699 8
      vertex 29.5882 21.2258 8
    endloop
  endfacet
  facet normal 0.32125 0.946995 0
    outer loop
      vertex 29.4582 21.2699 8
      vertex 29.5882 21.2258 2.01
      vertex 29.4582 21.2699 2.01
    endloop
  endfacet
  facet normal -0.0655045 0.997852 0
    outer loop
      vertex 29.9971 21.199 2.01
      vertex 29.86 21.19 8
      vertex 29.9971 21.199 8
    endloop
  endfacet
  facet normal -0.0655045 0.997852 0
    outer loop
      vertex 29.86 21.19 8
      vertex 29.9971 21.199 2.01
      vertex 29.86 21.19 2.01
    endloop
  endfacet
  facet normal 0.658968 0.752171 -0
    outer loop
      vertex 29.2208 21.407 2.01
      vertex 29.1175 21.4975 8
      vertex 29.2208 21.407 8
    endloop
  endfacet
  facet normal 0.658968 0.752171 0
    outer loop
      vertex 29.1175 21.4975 8
      vertex 29.2208 21.407 2.01
      vertex 29.1175 21.4975 2.01
    endloop
  endfacet
  facet normal 0.980776 0.195136 0
    outer loop
      vertex 28.8458 21.9682 8
      vertex 28.819 22.1029 2.01
      vertex 28.819 22.1029 8
    endloop
  endfacet
  facet normal 0.980776 0.195136 0
    outer loop
      vertex 28.819 22.1029 2.01
      vertex 28.8458 21.9682 8
      vertex 28.8458 21.9682 2.01
    endloop
  endfacet
  facet normal 0.997852 -0.0655045 0
    outer loop
      vertex 28.81 22.24 8
      vertex 28.819 22.3771 2.01
      vertex 28.819 22.3771 8
    endloop
  endfacet
  facet normal 0.997852 -0.0655045 0
    outer loop
      vertex 28.819 22.3771 2.01
      vertex 28.81 22.24 8
      vertex 28.81 22.24 2.01
    endloop
  endfacet
  facet normal 0.32125 -0.946995 0
    outer loop
      vertex 29.4582 23.2101 2.01
      vertex 29.5882 23.2542 8
      vertex 29.4582 23.2101 8
    endloop
  endfacet
  facet normal 0.32125 -0.946995 0
    outer loop
      vertex 29.5882 23.2542 8
      vertex 29.4582 23.2101 2.01
      vertex 29.5882 23.2542 2.01
    endloop
  endfacet
  facet normal -0.980776 0.195136 0
    outer loop
      vertex 30.8742 21.9682 2.01
      vertex 30.901 22.1029 8
      vertex 30.901 22.1029 2.01
    endloop
  endfacet
  facet normal -0.980776 0.195136 0
    outer loop
      vertex 30.901 22.1029 8
      vertex 30.8742 21.9682 2.01
      vertex 30.8742 21.9682 8
    endloop
  endfacet
  facet normal 0.946995 0.32125 0
    outer loop
      vertex 28.8899 21.8382 8
      vertex 28.8458 21.9682 2.01
      vertex 28.8458 21.9682 8
    endloop
  endfacet
  facet normal 0.946995 0.32125 0
    outer loop
      vertex 28.8458 21.9682 2.01
      vertex 28.8899 21.8382 8
      vertex 28.8899 21.8382 2.01
    endloop
  endfacet
  facet normal 0.831462 0.555582 0
    outer loop
      vertex 6.79808 5.7 15.6
      vertex 6.58006 6.02628 2
      vertex 6.58006 6.02628 15.6
    endloop
  endfacet
  facet normal 0.831462 0.555582 0
    outer loop
      vertex 6.58006 6.02628 2
      vertex 6.79808 5.7 15.6
      vertex 6.79808 5.7 2
    endloop
  endfacet
  facet normal 0.321444 0.946928 -0
    outer loop
      vertex 5.34805 6.97164 2
      vertex 4.97646 7.09778 15.6
      vertex 5.34805 6.97164 15.6
    endloop
  endfacet
  facet normal 0.321444 0.946928 0
    outer loop
      vertex 4.97646 7.09778 15.6
      vertex 5.34805 6.97164 2
      vertex 4.97646 7.09778 2
    endloop
  endfacet
  facet normal -0.442283 0.896875 0
    outer loop
      vertex 3.05195 6.97164 2
      vertex 2.7 6.79808 15.6
      vertex 3.05195 6.97164 15.6
    endloop
  endfacet
  facet normal -0.442283 0.896875 0
    outer loop
      vertex 2.7 6.79808 15.6
      vertex 3.05195 6.97164 2
      vertex 2.7 6.79808 2
    endloop
  endfacet
  facet normal 0.555582 0.831462 -0
    outer loop
      vertex 6.02628 6.58006 2
      vertex 5.7 6.79808 15.6
      vertex 6.02628 6.58006 15.6
    endloop
  endfacet
  facet normal 0.555582 0.831462 0
    outer loop
      vertex 5.7 6.79808 15.6
      vertex 6.02628 6.58006 2
      vertex 5.7 6.79808 2
    endloop
  endfacet
  facet normal -0.555582 0.831462 0
    outer loop
      vertex 2.7 6.79808 2
      vertex 2.37372 6.58006 15.6
      vertex 2.7 6.79808 15.6
    endloop
  endfacet
  facet normal -0.555582 0.831462 0
    outer loop
      vertex 2.37372 6.58006 15.6
      vertex 2.7 6.79808 2
      vertex 2.37372 6.58006 2
    endloop
  endfacet
  facet normal -0.195072 0.980789 0
    outer loop
      vertex 3.80842 7.17433 2
      vertex 3.42354 7.09778 15.6
      vertex 3.80842 7.17433 15.6
    endloop
  endfacet
  facet normal -0.195072 0.980789 0
    outer loop
      vertex 3.42354 7.09778 15.6
      vertex 3.80842 7.17433 2
      vertex 3.42354 7.09778 2
    endloop
  endfacet
  facet normal 0.946928 -0.321444 0
    outer loop
      vertex 6.97164 3.05195 15.6
      vertex 7.09778 3.42354 2
      vertex 7.09778 3.42354 15.6
    endloop
  endfacet
  facet normal 0.946928 -0.321444 0
    outer loop
      vertex 7.09778 3.42354 2
      vertex 6.97164 3.05195 15.6
      vertex 6.97164 3.05195 2
    endloop
  endfacet
  facet normal 0.659341 0.751844 -0
    outer loop
      vertex 6.32132 6.32132 2
      vertex 6.02628 6.58006 15.6
      vertex 6.32132 6.32132 15.6
    endloop
  endfacet
  facet normal 0.659341 0.751844 0
    outer loop
      vertex 6.02628 6.58006 15.6
      vertex 6.32132 6.32132 2
      vertex 6.02628 6.58006 2
    endloop
  endfacet
  facet normal -0.0654145 0.997858 0
    outer loop
      vertex 4.2 7.2 2
      vertex 3.80842 7.17433 15.6
      vertex 4.2 7.2 15.6
    endloop
  endfacet
  facet normal -0.0654145 0.997858 0
    outer loop
      vertex 3.80842 7.17433 15.6
      vertex 4.2 7.2 2
      vertex 3.80842 7.17433 2
    endloop
  endfacet
  facet normal 0.195072 0.980789 -0
    outer loop
      vertex 4.97646 7.09778 2
      vertex 4.59158 7.17433 15.6
      vertex 4.97646 7.09778 15.6
    endloop
  endfacet
  facet normal 0.195072 0.980789 0
    outer loop
      vertex 4.59158 7.17433 15.6
      vertex 4.97646 7.09778 2
      vertex 4.59158 7.17433 2
    endloop
  endfacet
  facet normal 0.442283 0.896875 -0
    outer loop
      vertex 5.7 6.79808 2
      vertex 5.34805 6.97164 15.6
      vertex 5.7 6.79808 15.6
    endloop
  endfacet
  facet normal 0.442283 0.896875 0
    outer loop
      vertex 5.34805 6.97164 15.6
      vertex 5.7 6.79808 2
      vertex 5.34805 6.97164 2
    endloop
  endfacet
  facet normal -0.321444 0.946928 0
    outer loop
      vertex 3.42354 7.09778 2
      vertex 3.05195 6.97164 15.6
      vertex 3.42354 7.09778 15.6
    endloop
  endfacet
  facet normal -0.321444 0.946928 0
    outer loop
      vertex 3.05195 6.97164 15.6
      vertex 3.42354 7.09778 2
      vertex 3.05195 6.97164 2
    endloop
  endfacet
  facet normal -0.659341 0.751844 0
    outer loop
      vertex 2.37372 6.58006 2
      vertex 2.07868 6.32132 15.6
      vertex 2.37372 6.58006 15.6
    endloop
  endfacet
  facet normal -0.659341 0.751844 0
    outer loop
      vertex 2.07868 6.32132 15.6
      vertex 2.37372 6.58006 2
      vertex 2.07868 6.32132 2
    endloop
  endfacet
  facet normal -0.751849 0.659335 0
    outer loop
      vertex 2 6.2316 2
      vertex 2.07868 6.32132 15.6
      vertex 2.07868 6.32132 2
    endloop
  endfacet
  facet normal -0.751849 0.659335 0
    outer loop
      vertex 2.07868 6.32132 15.6
      vertex 2 6.2316 2
      vertex 2 6.2316 15.6
    endloop
  endfacet
  facet normal 0.997858 0.0654145 0
    outer loop
      vertex 7.2 4.2 15.6
      vertex 7.17433 4.59158 2
      vertex 7.17433 4.59158 15.6
    endloop
  endfacet
  facet normal 0.997858 0.0654145 0
    outer loop
      vertex 7.17433 4.59158 2
      vertex 7.2 4.2 15.6
      vertex 7.2 4.2 2
    endloop
  endfacet
  facet normal 0.997858 -0.0654145 0
    outer loop
      vertex 7.17433 3.80842 15.6
      vertex 7.2 4.2 2
      vertex 7.2 4.2 15.6
    endloop
  endfacet
  facet normal 0.997858 -0.0654145 0
    outer loop
      vertex 7.2 4.2 2
      vertex 7.17433 3.80842 15.6
      vertex 7.17433 3.80842 2
    endloop
  endfacet
  facet normal 0.980789 -0.195072 0
    outer loop
      vertex 7.09778 3.42354 15.6
      vertex 7.17433 3.80842 2
      vertex 7.17433 3.80842 15.6
    endloop
  endfacet
  facet normal 0.980789 -0.195072 0
    outer loop
      vertex 7.17433 3.80842 2
      vertex 7.09778 3.42354 15.6
      vertex 7.09778 3.42354 2
    endloop
  endfacet
  facet normal 0.831462 -0.555582 0
    outer loop
      vertex 6.58006 2.37372 15.6
      vertex 6.79808 2.7 2
      vertex 6.79808 2.7 15.6
    endloop
  endfacet
  facet normal 0.831462 -0.555582 0
    outer loop
      vertex 6.79808 2.7 2
      vertex 6.58006 2.37372 15.6
      vertex 6.58006 2.37372 2
    endloop
  endfacet
  facet normal 0.896875 0.442283 0
    outer loop
      vertex 6.97164 5.34805 15.6
      vertex 6.79808 5.7 2
      vertex 6.79808 5.7 15.6
    endloop
  endfacet
  facet normal 0.896875 0.442283 0
    outer loop
      vertex 6.79808 5.7 2
      vertex 6.97164 5.34805 15.6
      vertex 6.97164 5.34805 2
    endloop
  endfacet
  facet normal 0.946928 0.321444 0
    outer loop
      vertex 7.09778 4.97646 15.6
      vertex 6.97164 5.34805 2
      vertex 6.97164 5.34805 15.6
    endloop
  endfacet
  facet normal 0.946928 0.321444 0
    outer loop
      vertex 6.97164 5.34805 2
      vertex 7.09778 4.97646 15.6
      vertex 7.09778 4.97646 2
    endloop
  endfacet
  facet normal 0.980789 0.195072 0
    outer loop
      vertex 7.17433 4.59158 15.6
      vertex 7.09778 4.97646 2
      vertex 7.09778 4.97646 15.6
    endloop
  endfacet
  facet normal 0.980789 0.195072 0
    outer loop
      vertex 7.09778 4.97646 2
      vertex 7.17433 4.59158 15.6
      vertex 7.17433 4.59158 2
    endloop
  endfacet
  facet normal 0.751844 0.659341 0
    outer loop
      vertex 6.58006 6.02628 15.6
      vertex 6.32132 6.32132 2
      vertex 6.32132 6.32132 15.6
    endloop
  endfacet
  facet normal 0.751844 0.659341 0
    outer loop
      vertex 6.32132 6.32132 2
      vertex 6.58006 6.02628 15.6
      vertex 6.58006 6.02628 2
    endloop
  endfacet
  facet normal 0.0654145 0.997858 -0
    outer loop
      vertex 4.59158 7.17433 2
      vertex 4.2 7.2 15.6
      vertex 4.59158 7.17433 15.6
    endloop
  endfacet
  facet normal 0.0654145 0.997858 0
    outer loop
      vertex 4.2 7.2 15.6
      vertex 4.59158 7.17433 2
      vertex 4.2 7.2 2
    endloop
  endfacet
  facet normal 0.896875 -0.442283 0
    outer loop
      vertex 6.79808 2.7 15.6
      vertex 6.97164 3.05195 2
      vertex 6.97164 3.05195 15.6
    endloop
  endfacet
  facet normal 0.896875 -0.442283 0
    outer loop
      vertex 6.97164 3.05195 2
      vertex 6.79808 2.7 15.6
      vertex 6.79808 2.7 2
    endloop
  endfacet
  facet normal 0.659335 -0.751849 0
    outer loop
      vertex 6.2316 2 2
      vertex 6.32132 2.07868 15.6
      vertex 6.2316 2 15.6
    endloop
  endfacet
  facet normal 0.659335 -0.751849 0
    outer loop
      vertex 6.32132 2.07868 15.6
      vertex 6.2316 2 2
      vertex 6.32132 2.07868 2
    endloop
  endfacet
  facet normal 0.751844 -0.659341 0
    outer loop
      vertex 6.32132 2.07868 15.6
      vertex 6.58006 2.37372 2
      vertex 6.58006 2.37372 15.6
    endloop
  endfacet
  facet normal 0.751844 -0.659341 0
    outer loop
      vertex 6.58006 2.37372 2
      vertex 6.32132 2.07868 15.6
      vertex 6.32132 2.07868 2
    endloop
  endfacet
  facet normal -0.55559 -0.831456 0
    outer loop
      vertex 4.725 5.10933 7.6
      vertex 4.8392 5.03302 15.6
      vertex 4.725 5.10933 15.6
    endloop
  endfacet
  facet normal -0.55559 -0.831456 -0
    outer loop
      vertex 4.8392 5.03302 15.6
      vertex 4.725 5.10933 7.6
      vertex 4.8392 5.03302 7.6
    endloop
  endfacet
  facet normal 0.195122 0.980779 -0
    outer loop
      vertex 4.06295 3.15898 7.6
      vertex 3.92824 3.18578 15.6
      vertex 4.06295 3.15898 15.6
    endloop
  endfacet
  facet normal 0.195122 0.980779 0
    outer loop
      vertex 3.92824 3.18578 15.6
      vertex 4.06295 3.15898 7.6
      vertex 3.92824 3.18578 7.6
    endloop
  endfacet
  facet normal 0.442256 -0.896889 0
    outer loop
      vertex 3.675 5.10933 7.6
      vertex 3.79818 5.17007 15.6
      vertex 3.675 5.10933 15.6
    endloop
  endfacet
  facet normal 0.442256 -0.896889 0
    outer loop
      vertex 3.79818 5.17007 15.6
      vertex 3.675 5.10933 7.6
      vertex 3.79818 5.17007 7.6
    endloop
  endfacet
  facet normal 0.946929 -0.321443 0
    outer loop
      vertex 3.18578 4.47176 15.6
      vertex 3.22993 4.60182 7.6
      vertex 3.22993 4.60182 15.6
    endloop
  endfacet
  facet normal 0.946929 -0.321443 0
    outer loop
      vertex 3.22993 4.60182 7.6
      vertex 3.18578 4.47176 15.6
      vertex 3.18578 4.47176 7.6
    endloop
  endfacet
  facet normal -0.946929 0.321443 0
    outer loop
      vertex 5.17007 3.79818 7.6
      vertex 5.21422 3.92824 15.6
      vertex 5.21422 3.92824 7.6
    endloop
  endfacet
  facet normal -0.946929 0.321443 0
    outer loop
      vertex 5.21422 3.92824 15.6
      vertex 5.17007 3.79818 7.6
      vertex 5.17007 3.79818 15.6
    endloop
  endfacet
  facet normal -0.896889 -0.442256 0
    outer loop
      vertex 5.17007 4.60182 7.6
      vertex 5.10933 4.725 15.6
      vertex 5.10933 4.725 7.6
    endloop
  endfacet
  facet normal -0.896889 -0.442256 0
    outer loop
      vertex 5.10933 4.725 15.6
      vertex 5.17007 4.60182 7.6
      vertex 5.17007 4.60182 15.6
    endloop
  endfacet
  facet normal -0.980779 -0.195122 0
    outer loop
      vertex 5.24102 4.33705 7.6
      vertex 5.21422 4.47176 15.6
      vertex 5.21422 4.47176 7.6
    endloop
  endfacet
  facet normal -0.980779 -0.195122 0
    outer loop
      vertex 5.21422 4.47176 15.6
      vertex 5.24102 4.33705 7.6
      vertex 5.24102 4.33705 15.6
    endloop
  endfacet
  facet normal -0.831456 -0.55559 0
    outer loop
      vertex 5.10933 4.725 7.6
      vertex 5.03302 4.8392 15.6
      vertex 5.03302 4.8392 7.6
    endloop
  endfacet
  facet normal -0.831456 -0.55559 0
    outer loop
      vertex 5.03302 4.8392 15.6
      vertex 5.10933 4.725 7.6
      vertex 5.10933 4.725 15.6
    endloop
  endfacet
  facet normal -0.65936 -0.751827 0
    outer loop
      vertex 4.8392 5.03302 7.6
      vertex 4.94246 4.94246 15.6
      vertex 4.8392 5.03302 15.6
    endloop
  endfacet
  facet normal -0.65936 -0.751827 -0
    outer loop
      vertex 4.94246 4.94246 15.6
      vertex 4.8392 5.03302 7.6
      vertex 4.94246 4.94246 7.6
    endloop
  endfacet
  facet normal -0.321443 -0.946929 0
    outer loop
      vertex 4.47176 5.21422 7.6
      vertex 4.60182 5.17007 15.6
      vertex 4.47176 5.21422 15.6
    endloop
  endfacet
  facet normal -0.321443 -0.946929 -0
    outer loop
      vertex 4.60182 5.17007 15.6
      vertex 4.47176 5.21422 7.6
      vertex 4.60182 5.17007 7.6
    endloop
  endfacet
  facet normal 0.0653833 -0.99786 0
    outer loop
      vertex 4.06295 5.24102 7.6
      vertex 4.2 5.25 15.6
      vertex 4.06295 5.24102 15.6
    endloop
  endfacet
  facet normal 0.0653833 -0.99786 0
    outer loop
      vertex 4.2 5.25 15.6
      vertex 4.06295 5.24102 7.6
      vertex 4.2 5.25 7.6
    endloop
  endfacet
  facet normal 0 0 1
    outer loop
      vertex 5.24102 4.33705 7.6
      vertex 5.24102 4.06295 7.6
      vertex 5.25 4.2 7.6
    endloop
  endfacet
  facet normal 0 0 1
    outer loop
      vertex 5.21422 4.47176 7.6
      vertex 5.24102 4.06295 7.6
      vertex 5.24102 4.33705 7.6
    endloop
  endfacet
  facet normal 0 0 1
    outer loop
      vertex 5.21422 4.47176 7.6
      vertex 5.21422 3.92824 7.6
      vertex 5.24102 4.06295 7.6
    endloop
  endfacet
  facet normal 0 0 1
    outer loop
      vertex 5.17007 4.60182 7.6
      vertex 5.21422 3.92824 7.6
      vertex 5.21422 4.47176 7.6
    endloop
  endfacet
  facet normal 0 0 1
    outer loop
      vertex 5.17007 4.60182 7.6
      vertex 5.17007 3.79818 7.6
      vertex 5.21422 3.92824 7.6
    endloop
  endfacet
  facet normal 0 0 1
    outer loop
      vertex 5.10933 4.725 7.6
      vertex 5.17007 3.79818 7.6
      vertex 5.17007 4.60182 7.6
    endloop
  endfacet
  facet normal 0 0 1
    outer loop
      vertex 5.10933 4.725 7.6
      vertex 5.10933 3.675 7.6
      vertex 5.17007 3.79818 7.6
    endloop
  endfacet
  facet normal 0 0 1
    outer loop
      vertex 5.03302 4.8392 7.6
      vertex 5.10933 3.675 7.6
      vertex 5.10933 4.725 7.6
    endloop
  endfacet
  facet normal 0 0 1
    outer loop
      vertex 5.03302 4.8392 7.6
      vertex 5.03302 3.5608 7.6
      vertex 5.10933 3.675 7.6
    endloop
  endfacet
  facet normal 0 0 1
    outer loop
      vertex 4.94246 4.94246 7.6
      vertex 5.03302 3.5608 7.6
      vertex 5.03302 4.8392 7.6
    endloop
  endfacet
  facet normal 0 0 1
    outer loop
      vertex 4.94246 4.94246 7.6
      vertex 4.94246 3.45754 7.6
      vertex 5.03302 3.5608 7.6
    endloop
  endfacet
  facet normal 0 0 1
    outer loop
      vertex 4.8392 5.03302 7.6
      vertex 4.94246 3.45754 7.6
      vertex 4.94246 4.94246 7.6
    endloop
  endfacet
  facet normal 0 0 1
    outer loop
      vertex 4.8392 5.03302 7.6
      vertex 4.8392 3.36698 7.6
      vertex 4.94246 3.45754 7.6
    endloop
  endfacet
  facet normal 0 0 1
    outer loop
      vertex 4.725 5.10933 7.6
      vertex 4.8392 3.36698 7.6
      vertex 4.8392 5.03302 7.6
    endloop
  endfacet
  facet normal 0 0 1
    outer loop
      vertex 4.725 5.10933 7.6
      vertex 4.725 3.29067 7.6
      vertex 4.8392 3.36698 7.6
    endloop
  endfacet
  facet normal 0 0 1
    outer loop
      vertex 4.60182 5.17007 7.6
      vertex 4.725 3.29067 7.6
      vertex 4.725 5.10933 7.6
    endloop
  endfacet
  facet normal 0 0 1
    outer loop
      vertex 4.60182 5.17007 7.6
      vertex 4.60182 3.22993 7.6
      vertex 4.725 3.29067 7.6
    endloop
  endfacet
  facet normal 0 0 1
    outer loop
      vertex 4.47176 5.21422 7.6
      vertex 4.60182 3.22993 7.6
      vertex 4.60182 5.17007 7.6
    endloop
  endfacet
  facet normal 0 0 1
    outer loop
      vertex 4.47176 5.21422 7.6
      vertex 4.47176 3.18578 7.6
      vertex 4.60182 3.22993 7.6
    endloop
  endfacet
  facet normal 0 0 1
    outer loop
      vertex 4.33705 5.24102 7.6
      vertex 4.47176 3.18578 7.6
      vertex 4.47176 5.21422 7.6
    endloop
  endfacet
  facet normal 0 0 1
    outer loop
      vertex 4.33705 5.24102 7.6
      vertex 4.33705 3.15898 7.6
      vertex 4.47176 3.18578 7.6
    endloop
  endfacet
  facet normal 0 0 1
    outer loop
      vertex 4.2 5.25 7.6
      vertex 4.33705 3.15898 7.6
      vertex 4.33705 5.24102 7.6
    endloop
  endfacet
  facet normal 0 0 1
    outer loop
      vertex 4.2 5.25 7.6
      vertex 4.2 3.15 7.6
      vertex 4.33705 3.15898 7.6
    endloop
  endfacet
  facet normal -0 0 1
    outer loop
      vertex 4.06295 5.24102 7.6
      vertex 4.2 3.15 7.6
      vertex 4.2 5.25 7.6
    endloop
  endfacet
  facet normal 0 0 1
    outer loop
      vertex 4.06295 5.24102 7.6
      vertex 4.06295 3.15898 7.6
      vertex 4.2 3.15 7.6
    endloop
  endfacet
  facet normal -0 0 1
    outer loop
      vertex 3.92824 5.21422 7.6
      vertex 4.06295 3.15898 7.6
      vertex 4.06295 5.24102 7.6
    endloop
  endfacet
  facet normal 0 0 1
    outer loop
      vertex 3.92824 5.21422 7.6
      vertex 3.92824 3.18578 7.6
      vertex 4.06295 3.15898 7.6
    endloop
  endfacet
  facet normal -0 0 1
    outer loop
      vertex 3.79818 5.17007 7.6
      vertex 3.92824 3.18578 7.6
      vertex 3.92824 5.21422 7.6
    endloop
  endfacet
  facet normal 0 0 1
    outer loop
      vertex 3.79818 5.17007 7.6
      vertex 3.79818 3.22993 7.6
      vertex 3.92824 3.18578 7.6
    endloop
  endfacet
  facet normal -0 0 1
    outer loop
      vertex 3.675 5.10933 7.6
      vertex 3.79818 3.22993 7.6
      vertex 3.79818 5.17007 7.6
    endloop
  endfacet
  facet normal 0 0 1
    outer loop
      vertex 3.675 5.10933 7.6
      vertex 3.675 3.29067 7.6
      vertex 3.79818 3.22993 7.6
    endloop
  endfacet
  facet normal -0 0 1
    outer loop
      vertex 3.5608 5.03302 7.6
      vertex 3.675 3.29067 7.6
      vertex 3.675 5.10933 7.6
    endloop
  endfacet
  facet normal 0 0 1
    outer loop
      vertex 3.5608 5.03302 7.6
      vertex 3.5608 3.36698 7.6
      vertex 3.675 3.29067 7.6
    endloop
  endfacet
  facet normal -0 0 1
    outer loop
      vertex 3.45754 4.94246 7.6
      vertex 3.5608 3.36698 7.6
      vertex 3.5608 5.03302 7.6
    endloop
  endfacet
  facet normal 0 0 1
    outer loop
      vertex 3.45754 4.94246 7.6
      vertex 3.45754 3.45754 7.6
      vertex 3.5608 3.36698 7.6
    endloop
  endfacet
  facet normal -0 0 1
    outer loop
      vertex 3.36698 4.8392 7.6
      vertex 3.45754 3.45754 7.6
      vertex 3.45754 4.94246 7.6
    endloop
  endfacet
  facet normal 0 0 1
    outer loop
      vertex 3.36698 4.8392 7.6
      vertex 3.36698 3.5608 7.6
      vertex 3.45754 3.45754 7.6
    endloop
  endfacet
  facet normal -0 0 1
    outer loop
      vertex 3.29067 4.725 7.6
      vertex 3.36698 3.5608 7.6
      vertex 3.36698 4.8392 7.6
    endloop
  endfacet
  facet normal 0 0 1
    outer loop
      vertex 3.29067 4.725 7.6
      vertex 3.29067 3.675 7.6
      vertex 3.36698 3.5608 7.6
    endloop
  endfacet
  facet normal -0 0 1
    outer loop
      vertex 3.22993 4.60182 7.6
      vertex 3.29067 3.675 7.6
      vertex 3.29067 4.725 7.6
    endloop
  endfacet
  facet normal 0 0 1
    outer loop
      vertex 3.22993 4.60182 7.6
      vertex 3.22993 3.79818 7.6
      vertex 3.29067 3.675 7.6
    endloop
  endfacet
  facet normal -0 0 1
    outer loop
      vertex 3.18578 4.47176 7.6
      vertex 3.22993 3.79818 7.6
      vertex 3.22993 4.60182 7.6
    endloop
  endfacet
  facet normal 0 0 1
    outer loop
      vertex 3.18578 4.47176 7.6
      vertex 3.18578 3.92824 7.6
      vertex 3.22993 3.79818 7.6
    endloop
  endfacet
  facet normal -0 0 1
    outer loop
      vertex 3.15898 4.33705 7.6
      vertex 3.18578 3.92824 7.6
      vertex 3.18578 4.47176 7.6
    endloop
  endfacet
  facet normal 0 0 1
    outer loop
      vertex 3.15898 4.33705 7.6
      vertex 3.15898 4.06295 7.6
      vertex 3.18578 3.92824 7.6
    endloop
  endfacet
  facet normal 0 -0 1
    outer loop
      vertex 3.15898 4.06295 7.6
      vertex 3.15898 4.33705 7.6
      vertex 3.15 4.2 7.6
    endloop
  endfacet
  facet normal 0.99786 -0.0653833 0
    outer loop
      vertex 3.15 4.2 15.6
      vertex 3.15898 4.33705 7.6
      vertex 3.15898 4.33705 15.6
    endloop
  endfacet
  facet normal 0.99786 -0.0653833 0
    outer loop
      vertex 3.15898 4.33705 7.6
      vertex 3.15 4.2 15.6
      vertex 3.15 4.2 7.6
    endloop
  endfacet
  facet normal 0.831456 -0.55559 0
    outer loop
      vertex 3.29067 4.725 15.6
      vertex 3.36698 4.8392 7.6
      vertex 3.36698 4.8392 15.6
    endloop
  endfacet
  facet normal 0.831456 -0.55559 0
    outer loop
      vertex 3.36698 4.8392 7.6
      vertex 3.29067 4.725 15.6
      vertex 3.29067 4.725 7.6
    endloop
  endfacet
  facet normal 0.55559 -0.831456 0
    outer loop
      vertex 3.5608 5.03302 7.6
      vertex 3.675 5.10933 15.6
      vertex 3.5608 5.03302 15.6
    endloop
  endfacet
  facet normal 0.55559 -0.831456 0
    outer loop
      vertex 3.675 5.10933 15.6
      vertex 3.5608 5.03302 7.6
      vertex 3.675 5.10933 7.6
    endloop
  endfacet
  facet normal 0.195122 -0.980779 0
    outer loop
      vertex 3.92824 5.21422 7.6
      vertex 4.06295 5.24102 15.6
      vertex 3.92824 5.21422 15.6
    endloop
  endfacet
  facet normal 0.195122 -0.980779 0
    outer loop
      vertex 4.06295 5.24102 15.6
      vertex 3.92824 5.21422 7.6
      vertex 4.06295 5.24102 7.6
    endloop
  endfacet
  facet normal -0.99786 -0.0653833 0
    outer loop
      vertex 5.25 4.2 7.6
      vertex 5.24102 4.33705 15.6
      vertex 5.24102 4.33705 7.6
    endloop
  endfacet
  facet normal -0.99786 -0.0653833 0
    outer loop
      vertex 5.24102 4.33705 15.6
      vertex 5.25 4.2 7.6
      vertex 5.25 4.2 15.6
    endloop
  endfacet
  facet normal -0.442256 0.896889 0
    outer loop
      vertex 4.725 3.29067 7.6
      vertex 4.60182 3.22993 15.6
      vertex 4.725 3.29067 15.6
    endloop
  endfacet
  facet normal -0.442256 0.896889 0
    outer loop
      vertex 4.60182 3.22993 15.6
      vertex 4.725 3.29067 7.6
      vertex 4.60182 3.22993 7.6
    endloop
  endfacet
  facet normal -0.55559 0.831456 0
    outer loop
      vertex 4.8392 3.36698 7.6
      vertex 4.725 3.29067 15.6
      vertex 4.8392 3.36698 15.6
    endloop
  endfacet
  facet normal -0.55559 0.831456 0
    outer loop
      vertex 4.725 3.29067 15.6
      vertex 4.8392 3.36698 7.6
      vertex 4.725 3.29067 7.6
    endloop
  endfacet
  facet normal -0.831456 0.55559 0
    outer loop
      vertex 5.03302 3.5608 7.6
      vertex 5.10933 3.675 15.6
      vertex 5.10933 3.675 7.6
    endloop
  endfacet
  facet normal -0.831456 0.55559 0
    outer loop
      vertex 5.10933 3.675 15.6
      vertex 5.03302 3.5608 7.6
      vertex 5.03302 3.5608 15.6
    endloop
  endfacet
  facet normal 0.0653833 0.99786 -0
    outer loop
      vertex 4.2 3.15 7.6
      vertex 4.06295 3.15898 15.6
      vertex 4.2 3.15 15.6
    endloop
  endfacet
  facet normal 0.0653833 0.99786 0
    outer loop
      vertex 4.06295 3.15898 15.6
      vertex 4.2 3.15 7.6
      vertex 4.06295 3.15898 7.6
    endloop
  endfacet
  facet normal 0.55559 0.831456 -0
    outer loop
      vertex 3.675 3.29067 7.6
      vertex 3.5608 3.36698 15.6
      vertex 3.675 3.29067 15.6
    endloop
  endfacet
  facet normal 0.55559 0.831456 0
    outer loop
      vertex 3.5608 3.36698 15.6
      vertex 3.675 3.29067 7.6
      vertex 3.5608 3.36698 7.6
    endloop
  endfacet
  facet normal 0.831456 0.55559 0
    outer loop
      vertex 3.36698 3.5608 15.6
      vertex 3.29067 3.675 7.6
      vertex 3.29067 3.675 15.6
    endloop
  endfacet
  facet normal 0.831456 0.55559 0
    outer loop
      vertex 3.29067 3.675 7.6
      vertex 3.36698 3.5608 15.6
      vertex 3.36698 3.5608 7.6
    endloop
  endfacet
  facet normal -0.946929 -0.321443 0
    outer loop
      vertex 5.21422 4.47176 7.6
      vertex 5.17007 4.60182 15.6
      vertex 5.17007 4.60182 7.6
    endloop
  endfacet
  facet normal -0.946929 -0.321443 0
    outer loop
      vertex 5.17007 4.60182 15.6
      vertex 5.21422 4.47176 7.6
      vertex 5.21422 4.47176 15.6
    endloop
  endfacet
  facet normal -0.751827 -0.65936 0
    outer loop
      vertex 5.03302 4.8392 7.6
      vertex 4.94246 4.94246 15.6
      vertex 4.94246 4.94246 7.6
    endloop
  endfacet
  facet normal -0.751827 -0.65936 0
    outer loop
      vertex 4.94246 4.94246 15.6
      vertex 5.03302 4.8392 7.6
      vertex 5.03302 4.8392 15.6
    endloop
  endfacet
  facet normal -0.442256 -0.896889 0
    outer loop
      vertex 4.60182 5.17007 7.6
      vertex 4.725 5.10933 15.6
      vertex 4.60182 5.17007 15.6
    endloop
  endfacet
  facet normal -0.442256 -0.896889 -0
    outer loop
      vertex 4.725 5.10933 15.6
      vertex 4.60182 5.17007 7.6
      vertex 4.725 5.10933 7.6
    endloop
  endfacet
  facet normal -0.195122 -0.980779 0
    outer loop
      vertex 4.33705 5.24102 7.6
      vertex 4.47176 5.21422 15.6
      vertex 4.33705 5.24102 15.6
    endloop
  endfacet
  facet normal -0.195122 -0.980779 -0
    outer loop
      vertex 4.47176 5.21422 15.6
      vertex 4.33705 5.24102 7.6
      vertex 4.47176 5.21422 7.6
    endloop
  endfacet
  facet normal -0.0653833 -0.99786 0
    outer loop
      vertex 4.2 5.25 7.6
      vertex 4.33705 5.24102 15.6
      vertex 4.2 5.25 15.6
    endloop
  endfacet
  facet normal -0.0653833 -0.99786 -0
    outer loop
      vertex 4.33705 5.24102 15.6
      vertex 4.2 5.25 7.6
      vertex 4.33705 5.24102 7.6
    endloop
  endfacet
  facet normal 0.980779 -0.195122 0
    outer loop
      vertex 3.15898 4.33705 15.6
      vertex 3.18578 4.47176 7.6
      vertex 3.18578 4.47176 15.6
    endloop
  endfacet
  facet normal 0.980779 -0.195122 0
    outer loop
      vertex 3.18578 4.47176 7.6
      vertex 3.15898 4.33705 15.6
      vertex 3.15898 4.33705 7.6
    endloop
  endfacet
  facet normal 0.896889 -0.442256 0
    outer loop
      vertex 3.22993 4.60182 15.6
      vertex 3.29067 4.725 7.6
      vertex 3.29067 4.725 15.6
    endloop
  endfacet
  facet normal 0.896889 -0.442256 0
    outer loop
      vertex 3.29067 4.725 7.6
      vertex 3.22993 4.60182 15.6
      vertex 3.22993 4.60182 7.6
    endloop
  endfacet
  facet normal 0.321443 -0.946929 0
    outer loop
      vertex 3.79818 5.17007 7.6
      vertex 3.92824 5.21422 15.6
      vertex 3.79818 5.17007 15.6
    endloop
  endfacet
  facet normal 0.321443 -0.946929 0
    outer loop
      vertex 3.92824 5.21422 15.6
      vertex 3.79818 5.17007 7.6
      vertex 3.92824 5.21422 7.6
    endloop
  endfacet
  facet normal 0.65936 -0.751827 0
    outer loop
      vertex 3.45754 4.94246 7.6
      vertex 3.5608 5.03302 15.6
      vertex 3.45754 4.94246 15.6
    endloop
  endfacet
  facet normal 0.65936 -0.751827 0
    outer loop
      vertex 3.5608 5.03302 15.6
      vertex 3.45754 4.94246 7.6
      vertex 3.5608 5.03302 7.6
    endloop
  endfacet
  facet normal 0.751827 -0.65936 0
    outer loop
      vertex 3.36698 4.8392 15.6
      vertex 3.45754 4.94246 7.6
      vertex 3.45754 4.94246 15.6
    endloop
  endfacet
  facet normal 0.751827 -0.65936 0
    outer loop
      vertex 3.45754 4.94246 7.6
      vertex 3.36698 4.8392 15.6
      vertex 3.36698 4.8392 7.6
    endloop
  endfacet
  facet normal -0.980779 0.195122 0
    outer loop
      vertex 5.21422 3.92824 7.6
      vertex 5.24102 4.06295 15.6
      vertex 5.24102 4.06295 7.6
    endloop
  endfacet
  facet normal -0.980779 0.195122 0
    outer loop
      vertex 5.24102 4.06295 15.6
      vertex 5.21422 3.92824 7.6
      vertex 5.21422 3.92824 15.6
    endloop
  endfacet
  facet normal -0.195122 0.980779 0
    outer loop
      vertex 4.47176 3.18578 7.6
      vertex 4.33705 3.15898 15.6
      vertex 4.47176 3.18578 15.6
    endloop
  endfacet
  facet normal -0.195122 0.980779 0
    outer loop
      vertex 4.33705 3.15898 15.6
      vertex 4.47176 3.18578 7.6
      vertex 4.33705 3.15898 7.6
    endloop
  endfacet
  facet normal -0.751827 0.65936 0
    outer loop
      vertex 4.94246 3.45754 7.6
      vertex 5.03302 3.5608 15.6
      vertex 5.03302 3.5608 7.6
    endloop
  endfacet
  facet normal -0.751827 0.65936 0
    outer loop
      vertex 5.03302 3.5608 15.6
      vertex 4.94246 3.45754 7.6
      vertex 4.94246 3.45754 15.6
    endloop
  endfacet
  facet normal -0.65936 0.751827 0
    outer loop
      vertex 4.94246 3.45754 7.6
      vertex 4.8392 3.36698 15.6
      vertex 4.94246 3.45754 15.6
    endloop
  endfacet
  facet normal -0.65936 0.751827 0
    outer loop
      vertex 4.8392 3.36698 15.6
      vertex 4.94246 3.45754 7.6
      vertex 4.8392 3.36698 7.6
    endloop
  endfacet
  facet normal -0.896889 0.442256 0
    outer loop
      vertex 5.10933 3.675 7.6
      vertex 5.17007 3.79818 15.6
      vertex 5.17007 3.79818 7.6
    endloop
  endfacet
  facet normal -0.896889 0.442256 0
    outer loop
      vertex 5.17007 3.79818 15.6
      vertex 5.10933 3.675 7.6
      vertex 5.10933 3.675 15.6
    endloop
  endfacet
  facet normal 0.321443 0.946929 -0
    outer loop
      vertex 3.92824 3.18578 7.6
      vertex 3.79818 3.22993 15.6
      vertex 3.92824 3.18578 15.6
    endloop
  endfacet
  facet normal 0.321443 0.946929 0
    outer loop
      vertex 3.79818 3.22993 15.6
      vertex 3.92824 3.18578 7.6
      vertex 3.79818 3.22993 7.6
    endloop
  endfacet
  facet normal 0.896889 0.442256 0
    outer loop
      vertex 3.29067 3.675 15.6
      vertex 3.22993 3.79818 7.6
      vertex 3.22993 3.79818 15.6
    endloop
  endfacet
  facet normal 0.896889 0.442256 0
    outer loop
      vertex 3.22993 3.79818 7.6
      vertex 3.29067 3.675 15.6
      vertex 3.29067 3.675 7.6
    endloop
  endfacet
  facet normal 0.980779 0.195122 0
    outer loop
      vertex 3.18578 3.92824 15.6
      vertex 3.15898 4.06295 7.6
      vertex 3.15898 4.06295 15.6
    endloop
  endfacet
  facet normal 0.980779 0.195122 0
    outer loop
      vertex 3.15898 4.06295 7.6
      vertex 3.18578 3.92824 15.6
      vertex 3.18578 3.92824 7.6
    endloop
  endfacet
  facet normal 0.751827 0.65936 0
    outer loop
      vertex 3.45754 3.45754 15.6
      vertex 3.36698 3.5608 7.6
      vertex 3.36698 3.5608 15.6
    endloop
  endfacet
  facet normal 0.751827 0.65936 0
    outer loop
      vertex 3.36698 3.5608 7.6
      vertex 3.45754 3.45754 15.6
      vertex 3.45754 3.45754 7.6
    endloop
  endfacet
  facet normal 0.65936 0.751827 -0
    outer loop
      vertex 3.5608 3.36698 7.6
      vertex 3.45754 3.45754 15.6
      vertex 3.5608 3.36698 15.6
    endloop
  endfacet
  facet normal 0.65936 0.751827 0
    outer loop
      vertex 3.45754 3.45754 15.6
      vertex 3.5608 3.36698 7.6
      vertex 3.45754 3.45754 7.6
    endloop
  endfacet
  facet normal 0.99786 0.0653833 0
    outer loop
      vertex 3.15898 4.06295 15.6
      vertex 3.15 4.2 7.6
      vertex 3.15 4.2 15.6
    endloop
  endfacet
  facet normal 0.99786 0.0653833 0
    outer loop
      vertex 3.15 4.2 7.6
      vertex 3.15898 4.06295 15.6
      vertex 3.15898 4.06295 7.6
    endloop
  endfacet
  facet normal -0.99786 0.0653833 0
    outer loop
      vertex 5.24102 4.06295 7.6
      vertex 5.25 4.2 15.6
      vertex 5.25 4.2 7.6
    endloop
  endfacet
  facet normal -0.99786 0.0653833 0
    outer loop
      vertex 5.25 4.2 15.6
      vertex 5.24102 4.06295 7.6
      vertex 5.24102 4.06295 15.6
    endloop
  endfacet
  facet normal -0.321443 0.946929 0
    outer loop
      vertex 4.60182 3.22993 7.6
      vertex 4.47176 3.18578 15.6
      vertex 4.60182 3.22993 15.6
    endloop
  endfacet
  facet normal -0.321443 0.946929 0
    outer loop
      vertex 4.47176 3.18578 15.6
      vertex 4.60182 3.22993 7.6
      vertex 4.47176 3.18578 7.6
    endloop
  endfacet
  facet normal -0.0653833 0.99786 0
    outer loop
      vertex 4.33705 3.15898 7.6
      vertex 4.2 3.15 15.6
      vertex 4.33705 3.15898 15.6
    endloop
  endfacet
  facet normal -0.0653833 0.99786 0
    outer loop
      vertex 4.2 3.15 15.6
      vertex 4.33705 3.15898 7.6
      vertex 4.2 3.15 7.6
    endloop
  endfacet
  facet normal 0.442256 0.896889 -0
    outer loop
      vertex 3.79818 3.22993 7.6
      vertex 3.675 3.29067 15.6
      vertex 3.79818 3.22993 15.6
    endloop
  endfacet
  facet normal 0.442256 0.896889 0
    outer loop
      vertex 3.675 3.29067 15.6
      vertex 3.79818 3.22993 7.6
      vertex 3.675 3.29067 7.6
    endloop
  endfacet
  facet normal 0.946929 0.321443 0
    outer loop
      vertex 3.22993 3.79818 15.6
      vertex 3.18578 3.92824 7.6
      vertex 3.18578 3.92824 15.6
    endloop
  endfacet
  facet normal 0.946929 0.321443 0
    outer loop
      vertex 3.18578 3.92824 7.6
      vertex 3.22993 3.79818 15.6
      vertex 3.22993 3.79818 7.6
    endloop
  endfacet
  facet normal -0.19494 -0.980815 0
    outer loop
      vertex 34.4235 24.6822 2
      vertex 34.8084 24.6057 15.6
      vertex 34.4235 24.6822 15.6
    endloop
  endfacet
  facet normal -0.19494 -0.980815 -0
    outer loop
      vertex 34.8084 24.6057 15.6
      vertex 34.4235 24.6822 2
      vertex 34.8084 24.6057 2
    endloop
  endfacet
  facet normal -0.946885 0.321574 0
    outer loop
      vertex 32.3022 28.3565 2
      vertex 32.4284 28.7281 15.6
      vertex 32.4284 28.7281 2
    endloop
  endfacet
  facet normal -0.946885 0.321574 0
    outer loop
      vertex 32.4284 28.7281 15.6
      vertex 32.3022 28.3565 2
      vertex 32.3022 28.3565 15.6
    endloop
  endfacet
  facet normal -0.321574 -0.946885 0
    outer loop
      vertex 34.0519 24.8084 2
      vertex 34.4235 24.6822 15.6
      vertex 34.0519 24.8084 15.6
    endloop
  endfacet
  facet normal -0.321574 -0.946885 -0
    outer loop
      vertex 34.4235 24.6822 15.6
      vertex 34.0519 24.8084 2
      vertex 34.4235 24.6822 2
    endloop
  endfacet
  facet normal -0.997853 0.0654873 0
    outer loop
      vertex 32.2 27.58 2
      vertex 32.2257 27.9716 15.6
      vertex 32.2257 27.9716 2
    endloop
  endfacet
  facet normal -0.997853 0.0654873 0
    outer loop
      vertex 32.2257 27.9716 15.6
      vertex 32.2 27.58 2
      vertex 32.2 27.58 15.6
    endloop
  endfacet
  facet normal -0.831501 0.555523 0
    outer loop
      vertex 32.6019 29.08 2
      vertex 32.8199 29.4063 15.6
      vertex 32.8199 29.4063 2
    endloop
  endfacet
  facet normal -0.831501 0.555523 0
    outer loop
      vertex 32.8199 29.4063 15.6
      vertex 32.6019 29.08 2
      vertex 32.6019 29.08 15.6
    endloop
  endfacet
  facet normal -0.751724 0.659478 0
    outer loop
      vertex 32.8199 29.4063 2
      vertex 33.0787 29.7013 15.6
      vertex 33.0787 29.7013 2
    endloop
  endfacet
  facet normal -0.751724 0.659478 0
    outer loop
      vertex 33.0787 29.7013 15.6
      vertex 32.8199 29.4063 2
      vertex 32.8199 29.4063 15.6
    endloop
  endfacet
  facet normal 0.44211 -0.896961 0
    outer loop
      vertex 36.348 24.8084 2
      vertex 36.7 24.9819 15.6
      vertex 36.348 24.8084 15.6
    endloop
  endfacet
  facet normal 0.44211 -0.896961 0
    outer loop
      vertex 36.7 24.9819 15.6
      vertex 36.348 24.8084 2
      vertex 36.7 24.9819 2
    endloop
  endfacet
  facet normal 0.555523 -0.831501 0
    outer loop
      vertex 36.7 24.9819 2
      vertex 37.0263 25.1999 15.6
      vertex 36.7 24.9819 15.6
    endloop
  endfacet
  facet normal 0.555523 -0.831501 0
    outer loop
      vertex 37.0263 25.1999 15.6
      vertex 36.7 24.9819 2
      vertex 37.0263 25.1999 2
    endloop
  endfacet
  facet normal -0.0654873 -0.997853 0
    outer loop
      vertex 34.8084 24.6057 2
      vertex 35.2 24.58 15.6
      vertex 34.8084 24.6057 15.6
    endloop
  endfacet
  facet normal -0.0654873 -0.997853 -0
    outer loop
      vertex 35.2 24.58 15.6
      vertex 34.8084 24.6057 2
      vertex 35.2 24.58 2
    endloop
  endfacet
  facet normal -0.555523 -0.831501 0
    outer loop
      vertex 33.3737 25.1999 2
      vertex 33.7 24.9819 15.6
      vertex 33.3737 25.1999 15.6
    endloop
  endfacet
  facet normal -0.555523 -0.831501 -0
    outer loop
      vertex 33.7 24.9819 15.6
      vertex 33.3737 25.1999 2
      vertex 33.7 24.9819 2
    endloop
  endfacet
  facet normal -0.980815 -0.19494 0
    outer loop
      vertex 32.3022 26.8035 2
      vertex 32.2257 27.1884 15.6
      vertex 32.2257 27.1884 2
    endloop
  endfacet
  facet normal -0.980815 -0.19494 0
    outer loop
      vertex 32.2257 27.1884 15.6
      vertex 32.3022 26.8035 2
      vertex 32.3022 26.8035 15.6
    endloop
  endfacet
  facet normal -0.659478 -0.751724 0
    outer loop
      vertex 33.0787 25.4587 2
      vertex 33.3737 25.1999 15.6
      vertex 33.0787 25.4587 15.6
    endloop
  endfacet
  facet normal -0.659478 -0.751724 -0
    outer loop
      vertex 33.3737 25.1999 15.6
      vertex 33.0787 25.4587 2
      vertex 33.3737 25.1999 2
    endloop
  endfacet
  facet normal -0.997853 -0.0654873 0
    outer loop
      vertex 32.2257 27.1884 2
      vertex 32.2 27.58 15.6
      vertex 32.2 27.58 2
    endloop
  endfacet
  facet normal -0.997853 -0.0654873 0
    outer loop
      vertex 32.2 27.58 15.6
      vertex 32.2257 27.1884 2
      vertex 32.2257 27.1884 15.6
    endloop
  endfacet
  facet normal -0.980815 0.19494 0
    outer loop
      vertex 32.2257 27.9716 2
      vertex 32.3022 28.3565 15.6
      vertex 32.3022 28.3565 2
    endloop
  endfacet
  facet normal -0.980815 0.19494 0
    outer loop
      vertex 32.3022 28.3565 15.6
      vertex 32.2257 27.9716 2
      vertex 32.2257 27.9716 15.6
    endloop
  endfacet
  facet normal -0.896911 0.442211 0
    outer loop
      vertex 32.4284 28.7281 2
      vertex 32.6019 29.08 15.6
      vertex 32.6019 29.08 2
    endloop
  endfacet
  facet normal -0.896911 0.442211 0
    outer loop
      vertex 32.6019 29.08 15.6
      vertex 32.4284 28.7281 2
      vertex 32.4284 28.7281 15.6
    endloop
  endfacet
  facet normal -0.659513 0.751694 0
    outer loop
      vertex 33.1684 29.78 2
      vertex 33.0787 29.7013 15.6
      vertex 33.1684 29.78 15.6
    endloop
  endfacet
  facet normal -0.659513 0.751694 0
    outer loop
      vertex 33.0787 29.7013 15.6
      vertex 33.1684 29.78 2
      vertex 33.0787 29.7013 2
    endloop
  endfacet
  facet normal 0.19494 -0.980815 0
    outer loop
      vertex 35.5916 24.6057 2
      vertex 35.9765 24.6822 15.6
      vertex 35.5916 24.6057 15.6
    endloop
  endfacet
  facet normal 0.19494 -0.980815 0
    outer loop
      vertex 35.9765 24.6822 15.6
      vertex 35.5916 24.6057 2
      vertex 35.9765 24.6822 2
    endloop
  endfacet
  facet normal 0.659478 -0.751724 0
    outer loop
      vertex 37.0263 25.1999 2
      vertex 37.3213 25.4587 15.6
      vertex 37.0263 25.1999 15.6
    endloop
  endfacet
  facet normal 0.659478 -0.751724 0
    outer loop
      vertex 37.3213 25.4587 15.6
      vertex 37.0263 25.1999 2
      vertex 37.3213 25.4587 2
    endloop
  endfacet
  facet normal 0.0654873 -0.997853 0
    outer loop
      vertex 35.2 24.58 2
      vertex 35.5916 24.6057 15.6
      vertex 35.2 24.58 15.6
    endloop
  endfacet
  facet normal 0.0654873 -0.997853 0
    outer loop
      vertex 35.5916 24.6057 15.6
      vertex 35.2 24.58 2
      vertex 35.5916 24.6057 2
    endloop
  endfacet
  facet normal -0.442211 -0.896911 0
    outer loop
      vertex 33.7 24.9819 2
      vertex 34.0519 24.8084 15.6
      vertex 33.7 24.9819 15.6
    endloop
  endfacet
  facet normal -0.442211 -0.896911 -0
    outer loop
      vertex 34.0519 24.8084 15.6
      vertex 33.7 24.9819 2
      vertex 34.0519 24.8084 2
    endloop
  endfacet
  facet normal -0.946885 -0.321574 0
    outer loop
      vertex 32.4284 26.4319 2
      vertex 32.3022 26.8035 15.6
      vertex 32.3022 26.8035 2
    endloop
  endfacet
  facet normal -0.946885 -0.321574 0
    outer loop
      vertex 32.3022 26.8035 15.6
      vertex 32.4284 26.4319 2
      vertex 32.4284 26.4319 15.6
    endloop
  endfacet
  facet normal -0.831501 -0.555523 0
    outer loop
      vertex 32.8199 25.7537 2
      vertex 32.6019 26.08 15.6
      vertex 32.6019 26.08 2
    endloop
  endfacet
  facet normal -0.831501 -0.555523 0
    outer loop
      vertex 32.6019 26.08 15.6
      vertex 32.8199 25.7537 2
      vertex 32.8199 25.7537 15.6
    endloop
  endfacet
  facet normal 0.321651 -0.946858 0
    outer loop
      vertex 35.9765 24.6822 2
      vertex 36.348 24.8084 15.6
      vertex 35.9765 24.6822 15.6
    endloop
  endfacet
  facet normal 0.321651 -0.946858 0
    outer loop
      vertex 36.348 24.8084 15.6
      vertex 35.9765 24.6822 2
      vertex 36.348 24.8084 2
    endloop
  endfacet
  facet normal 0.751694 -0.659513 0
    outer loop
      vertex 37.3213 25.4587 15.6
      vertex 37.4 25.5484 2
      vertex 37.4 25.5484 15.6
    endloop
  endfacet
  facet normal 0.751694 -0.659513 0
    outer loop
      vertex 37.4 25.5484 2
      vertex 37.3213 25.4587 15.6
      vertex 37.3213 25.4587 2
    endloop
  endfacet
  facet normal -0.896911 -0.442211 0
    outer loop
      vertex 32.6019 26.08 2
      vertex 32.4284 26.4319 15.6
      vertex 32.4284 26.4319 2
    endloop
  endfacet
  facet normal -0.896911 -0.442211 0
    outer loop
      vertex 32.4284 26.4319 15.6
      vertex 32.6019 26.08 2
      vertex 32.6019 26.08 15.6
    endloop
  endfacet
  facet normal -0.751724 -0.659478 0
    outer loop
      vertex 33.0787 25.4587 2
      vertex 32.8199 25.7537 15.6
      vertex 32.8199 25.7537 2
    endloop
  endfacet
  facet normal -0.751724 -0.659478 0
    outer loop
      vertex 32.8199 25.7537 15.6
      vertex 33.0787 25.4587 2
      vertex 33.0787 25.4587 15.6
    endloop
  endfacet
  facet normal -0.997852 -0.0655045 0
    outer loop
      vertex 36.25 27.58 7.6
      vertex 36.241 27.7171 15.6
      vertex 36.241 27.7171 7.6
    endloop
  endfacet
  facet normal -0.997852 -0.0655045 0
    outer loop
      vertex 36.241 27.7171 15.6
      vertex 36.25 27.58 7.6
      vertex 36.25 27.58 15.6
    endloop
  endfacet
  facet normal 0.997852 -0.0655045 0
    outer loop
      vertex 34.15 27.58 15.6
      vertex 34.159 27.7171 7.6
      vertex 34.159 27.7171 15.6
    endloop
  endfacet
  facet normal 0.997852 -0.0655045 0
    outer loop
      vertex 34.159 27.7171 7.6
      vertex 34.15 27.58 15.6
      vertex 34.15 27.58 7.6
    endloop
  endfacet
  facet normal 0.0655045 -0.997852 0
    outer loop
      vertex 35.0629 28.621 7.6
      vertex 35.2 28.63 15.6
      vertex 35.0629 28.621 15.6
    endloop
  endfacet
  facet normal 0.0655045 -0.997852 0
    outer loop
      vertex 35.2 28.63 15.6
      vertex 35.0629 28.621 7.6
      vertex 35.2 28.63 7.6
    endloop
  endfacet
  facet normal -0.0655045 0.997852 0
    outer loop
      vertex 35.3371 26.539 7.6
      vertex 35.2 26.53 15.6
      vertex 35.3371 26.539 15.6
    endloop
  endfacet
  facet normal -0.0655045 0.997852 0
    outer loop
      vertex 35.2 26.53 15.6
      vertex 35.3371 26.539 7.6
      vertex 35.2 26.53 7.6
    endloop
  endfacet
  facet normal -0.658968 -0.752171 0
    outer loop
      vertex 35.8392 28.413 7.6
      vertex 35.9425 28.3225 15.6
      vertex 35.8392 28.413 15.6
    endloop
  endfacet
  facet normal -0.658968 -0.752171 -0
    outer loop
      vertex 35.9425 28.3225 15.6
      vertex 35.8392 28.413 7.6
      vertex 35.9425 28.3225 7.6
    endloop
  endfacet
  facet normal 0.658968 -0.752171 0
    outer loop
      vertex 34.4575 28.3225 7.6
      vertex 34.5608 28.413 15.6
      vertex 34.4575 28.3225 15.6
    endloop
  endfacet
  facet normal 0.658968 -0.752171 0
    outer loop
      vertex 34.5608 28.413 15.6
      vertex 34.4575 28.3225 7.6
      vertex 34.5608 28.413 7.6
    endloop
  endfacet
  facet normal 0.442549 -0.896744 0
    outer loop
      vertex 34.675 28.4893 7.6
      vertex 34.7982 28.5501 15.6
      vertex 34.675 28.4893 15.6
    endloop
  endfacet
  facet normal 0.442549 -0.896744 0
    outer loop
      vertex 34.7982 28.5501 15.6
      vertex 34.675 28.4893 7.6
      vertex 34.7982 28.5501 7.6
    endloop
  endfacet
  facet normal -0.83149 0.55554 0
    outer loop
      vertex 36.033 26.9408 7.6
      vertex 36.1093 27.055 15.6
      vertex 36.1093 27.055 7.6
    endloop
  endfacet
  facet normal -0.83149 0.55554 0
    outer loop
      vertex 36.1093 27.055 15.6
      vertex 36.033 26.9408 7.6
      vertex 36.033 26.9408 15.6
    endloop
  endfacet
  facet normal -0.896744 -0.442549 0
    outer loop
      vertex 36.1701 27.9818 7.6
      vertex 36.1093 28.105 15.6
      vertex 36.1093 28.105 7.6
    endloop
  endfacet
  facet normal -0.896744 -0.442549 0
    outer loop
      vertex 36.1093 28.105 15.6
      vertex 36.1701 27.9818 7.6
      vertex 36.1701 27.9818 15.6
    endloop
  endfacet
  facet normal -0.980776 -0.195136 0
    outer loop
      vertex 36.241 27.7171 7.6
      vertex 36.2142 27.8518 15.6
      vertex 36.2142 27.8518 7.6
    endloop
  endfacet
  facet normal -0.980776 -0.195136 0
    outer loop
      vertex 36.2142 27.8518 15.6
      vertex 36.241 27.7171 7.6
      vertex 36.241 27.7171 15.6
    endloop
  endfacet
  facet normal -0.32125 -0.946995 0
    outer loop
      vertex 35.4718 28.5942 7.6
      vertex 35.6018 28.5501 15.6
      vertex 35.4718 28.5942 15.6
    endloop
  endfacet
  facet normal -0.32125 -0.946995 -0
    outer loop
      vertex 35.6018 28.5501 15.6
      vertex 35.4718 28.5942 7.6
      vertex 35.6018 28.5501 7.6
    endloop
  endfacet
  facet normal -0.195136 -0.980776 0
    outer loop
      vertex 35.3371 28.621 7.6
      vertex 35.4718 28.5942 15.6
      vertex 35.3371 28.621 15.6
    endloop
  endfacet
  facet normal -0.195136 -0.980776 -0
    outer loop
      vertex 35.4718 28.5942 15.6
      vertex 35.3371 28.621 7.6
      vertex 35.4718 28.5942 7.6
    endloop
  endfacet
  facet normal -0.55554 -0.83149 0
    outer loop
      vertex 35.725 28.4893 7.6
      vertex 35.8392 28.413 15.6
      vertex 35.725 28.4893 15.6
    endloop
  endfacet
  facet normal -0.55554 -0.83149 -0
    outer loop
      vertex 35.8392 28.413 15.6
      vertex 35.725 28.4893 7.6
      vertex 35.8392 28.413 7.6
    endloop
  endfacet
  facet normal 0.83149 -0.55554 0
    outer loop
      vertex 34.2907 28.105 15.6
      vertex 34.367 28.2192 7.6
      vertex 34.367 28.2192 15.6
    endloop
  endfacet
  facet normal 0.83149 -0.55554 0
    outer loop
      vertex 34.367 28.2192 7.6
      vertex 34.2907 28.105 15.6
      vertex 34.2907 28.105 7.6
    endloop
  endfacet
  facet normal 0.752171 -0.658968 0
    outer loop
      vertex 34.367 28.2192 15.6
      vertex 34.4575 28.3225 7.6
      vertex 34.4575 28.3225 15.6
    endloop
  endfacet
  facet normal 0.752171 -0.658968 0
    outer loop
      vertex 34.4575 28.3225 7.6
      vertex 34.367 28.2192 15.6
      vertex 34.367 28.2192 7.6
    endloop
  endfacet
  facet normal 0.55554 -0.83149 0
    outer loop
      vertex 34.5608 28.413 7.6
      vertex 34.675 28.4893 15.6
      vertex 34.5608 28.413 15.6
    endloop
  endfacet
  facet normal 0.55554 -0.83149 0
    outer loop
      vertex 34.675 28.4893 15.6
      vertex 34.5608 28.413 7.6
      vertex 34.675 28.4893 7.6
    endloop
  endfacet
  facet normal 0.195136 -0.980776 0
    outer loop
      vertex 34.9282 28.5942 7.6
      vertex 35.0629 28.621 15.6
      vertex 34.9282 28.5942 15.6
    endloop
  endfacet
  facet normal 0.195136 -0.980776 0
    outer loop
      vertex 35.0629 28.621 15.6
      vertex 34.9282 28.5942 7.6
      vertex 35.0629 28.621 7.6
    endloop
  endfacet
  facet normal 0 0 1
    outer loop
      vertex 36.241 27.7171 7.6
      vertex 36.241 27.4429 7.6
      vertex 36.25 27.58 7.6
    endloop
  endfacet
  facet normal 0 0 1
    outer loop
      vertex 36.2142 27.8518 7.6
      vertex 36.241 27.4429 7.6
      vertex 36.241 27.7171 7.6
    endloop
  endfacet
  facet normal 0 0 1
    outer loop
      vertex 36.2142 27.8518 7.6
      vertex 36.2142 27.3082 7.6
      vertex 36.241 27.4429 7.6
    endloop
  endfacet
  facet normal 0 0 1
    outer loop
      vertex 36.1701 27.9818 7.6
      vertex 36.2142 27.3082 7.6
      vertex 36.2142 27.8518 7.6
    endloop
  endfacet
  facet normal 0 0 1
    outer loop
      vertex 36.1701 27.9818 7.6
      vertex 36.1701 27.1782 7.6
      vertex 36.2142 27.3082 7.6
    endloop
  endfacet
  facet normal 0 0 1
    outer loop
      vertex 36.1093 28.105 7.6
      vertex 36.1701 27.1782 7.6
      vertex 36.1701 27.9818 7.6
    endloop
  endfacet
  facet normal 0 0 1
    outer loop
      vertex 36.1093 28.105 7.6
      vertex 36.1093 27.055 7.6
      vertex 36.1701 27.1782 7.6
    endloop
  endfacet
  facet normal 0 0 1
    outer loop
      vertex 36.033 28.2192 7.6
      vertex 36.1093 27.055 7.6
      vertex 36.1093 28.105 7.6
    endloop
  endfacet
  facet normal 0 0 1
    outer loop
      vertex 36.033 28.2192 7.6
      vertex 36.033 26.9408 7.6
      vertex 36.1093 27.055 7.6
    endloop
  endfacet
  facet normal 0 0 1
    outer loop
      vertex 35.9425 28.3225 7.6
      vertex 36.033 26.9408 7.6
      vertex 36.033 28.2192 7.6
    endloop
  endfacet
  facet normal 0 0 1
    outer loop
      vertex 35.9425 28.3225 7.6
      vertex 35.9425 26.8375 7.6
      vertex 36.033 26.9408 7.6
    endloop
  endfacet
  facet normal 0 0 1
    outer loop
      vertex 35.8392 28.413 7.6
      vertex 35.9425 26.8375 7.6
      vertex 35.9425 28.3225 7.6
    endloop
  endfacet
  facet normal 0 0 1
    outer loop
      vertex 35.8392 28.413 7.6
      vertex 35.8392 26.747 7.6
      vertex 35.9425 26.8375 7.6
    endloop
  endfacet
  facet normal 0 0 1
    outer loop
      vertex 35.725 28.4893 7.6
      vertex 35.8392 26.747 7.6
      vertex 35.8392 28.413 7.6
    endloop
  endfacet
  facet normal 0 0 1
    outer loop
      vertex 35.725 28.4893 7.6
      vertex 35.725 26.6707 7.6
      vertex 35.8392 26.747 7.6
    endloop
  endfacet
  facet normal 0 0 1
    outer loop
      vertex 35.6018 28.5501 7.6
      vertex 35.725 26.6707 7.6
      vertex 35.725 28.4893 7.6
    endloop
  endfacet
  facet normal 0 0 1
    outer loop
      vertex 35.6018 28.5501 7.6
      vertex 35.6018 26.6099 7.6
      vertex 35.725 26.6707 7.6
    endloop
  endfacet
  facet normal 0 0 1
    outer loop
      vertex 35.4718 28.5942 7.6
      vertex 35.6018 26.6099 7.6
      vertex 35.6018 28.5501 7.6
    endloop
  endfacet
  facet normal 0 0 1
    outer loop
      vertex 35.4718 28.5942 7.6
      vertex 35.4718 26.5658 7.6
      vertex 35.6018 26.6099 7.6
    endloop
  endfacet
  facet normal 0 0 1
    outer loop
      vertex 35.3371 28.621 7.6
      vertex 35.4718 26.5658 7.6
      vertex 35.4718 28.5942 7.6
    endloop
  endfacet
  facet normal 0 0 1
    outer loop
      vertex 35.3371 28.621 7.6
      vertex 35.3371 26.539 7.6
      vertex 35.4718 26.5658 7.6
    endloop
  endfacet
  facet normal 0 0 1
    outer loop
      vertex 35.2 28.63 7.6
      vertex 35.3371 26.539 7.6
      vertex 35.3371 28.621 7.6
    endloop
  endfacet
  facet normal 0 0 1
    outer loop
      vertex 35.2 28.63 7.6
      vertex 35.2 26.53 7.6
      vertex 35.3371 26.539 7.6
    endloop
  endfacet
  facet normal -0 0 1
    outer loop
      vertex 35.0629 28.621 7.6
      vertex 35.2 26.53 7.6
      vertex 35.2 28.63 7.6
    endloop
  endfacet
  facet normal 0 0 1
    outer loop
      vertex 35.0629 28.621 7.6
      vertex 35.0629 26.539 7.6
      vertex 35.2 26.53 7.6
    endloop
  endfacet
  facet normal -0 0 1
    outer loop
      vertex 34.9282 28.5942 7.6
      vertex 35.0629 26.539 7.6
      vertex 35.0629 28.621 7.6
    endloop
  endfacet
  facet normal 0 0 1
    outer loop
      vertex 34.9282 28.5942 7.6
      vertex 34.9282 26.5658 7.6
      vertex 35.0629 26.539 7.6
    endloop
  endfacet
  facet normal -0 0 1
    outer loop
      vertex 34.7982 28.5501 7.6
      vertex 34.9282 26.5658 7.6
      vertex 34.9282 28.5942 7.6
    endloop
  endfacet
  facet normal 0 0 1
    outer loop
      vertex 34.7982 28.5501 7.6
      vertex 34.7982 26.6099 7.6
      vertex 34.9282 26.5658 7.6
    endloop
  endfacet
  facet normal -0 0 1
    outer loop
      vertex 34.675 28.4893 7.6
      vertex 34.7982 26.6099 7.6
      vertex 34.7982 28.5501 7.6
    endloop
  endfacet
  facet normal 0 0 1
    outer loop
      vertex 34.675 28.4893 7.6
      vertex 34.675 26.6707 7.6
      vertex 34.7982 26.6099 7.6
    endloop
  endfacet
  facet normal -0 0 1
    outer loop
      vertex 34.5608 28.413 7.6
      vertex 34.675 26.6707 7.6
      vertex 34.675 28.4893 7.6
    endloop
  endfacet
  facet normal 0 0 1
    outer loop
      vertex 34.5608 28.413 7.6
      vertex 34.5608 26.747 7.6
      vertex 34.675 26.6707 7.6
    endloop
  endfacet
  facet normal -0 0 1
    outer loop
      vertex 34.4575 28.3225 7.6
      vertex 34.5608 26.747 7.6
      vertex 34.5608 28.413 7.6
    endloop
  endfacet
  facet normal 0 0 1
    outer loop
      vertex 34.4575 28.3225 7.6
      vertex 34.4575 26.8375 7.6
      vertex 34.5608 26.747 7.6
    endloop
  endfacet
  facet normal -0 0 1
    outer loop
      vertex 34.367 28.2192 7.6
      vertex 34.4575 26.8375 7.6
      vertex 34.4575 28.3225 7.6
    endloop
  endfacet
  facet normal 0 0 1
    outer loop
      vertex 34.367 28.2192 7.6
      vertex 34.367 26.9408 7.6
      vertex 34.4575 26.8375 7.6
    endloop
  endfacet
  facet normal -0 0 1
    outer loop
      vertex 34.2907 28.105 7.6
      vertex 34.367 26.9408 7.6
      vertex 34.367 28.2192 7.6
    endloop
  endfacet
  facet normal 0 0 1
    outer loop
      vertex 34.2907 28.105 7.6
      vertex 34.2907 27.055 7.6
      vertex 34.367 26.9408 7.6
    endloop
  endfacet
  facet normal -0 0 1
    outer loop
      vertex 34.2299 27.9818 7.6
      vertex 34.2907 27.055 7.6
      vertex 34.2907 28.105 7.6
    endloop
  endfacet
  facet normal 0 0 1
    outer loop
      vertex 34.2299 27.9818 7.6
      vertex 34.2299 27.1782 7.6
      vertex 34.2907 27.055 7.6
    endloop
  endfacet
  facet normal -0 0 1
    outer loop
      vertex 34.1858 27.8518 7.6
      vertex 34.2299 27.1782 7.6
      vertex 34.2299 27.9818 7.6
    endloop
  endfacet
  facet normal 0 0 1
    outer loop
      vertex 34.1858 27.8518 7.6
      vertex 34.1858 27.3082 7.6
      vertex 34.2299 27.1782 7.6
    endloop
  endfacet
  facet normal -0 0 1
    outer loop
      vertex 34.159 27.7171 7.6
      vertex 34.1858 27.3082 7.6
      vertex 34.1858 27.8518 7.6
    endloop
  endfacet
  facet normal 0 0 1
    outer loop
      vertex 34.159 27.7171 7.6
      vertex 34.159 27.4429 7.6
      vertex 34.1858 27.3082 7.6
    endloop
  endfacet
  facet normal 0 -0 1
    outer loop
      vertex 34.159 27.4429 7.6
      vertex 34.159 27.7171 7.6
      vertex 34.15 27.58 7.6
    endloop
  endfacet
  facet normal -0.195136 0.980776 0
    outer loop
      vertex 35.4718 26.5658 7.6
      vertex 35.3371 26.539 15.6
      vertex 35.4718 26.5658 15.6
    endloop
  endfacet
  facet normal -0.195136 0.980776 0
    outer loop
      vertex 35.3371 26.539 15.6
      vertex 35.4718 26.5658 7.6
      vertex 35.3371 26.539 7.6
    endloop
  endfacet
  facet normal -0.946995 -0.32125 0
    outer loop
      vertex 36.2142 27.8518 7.6
      vertex 36.1701 27.9818 15.6
      vertex 36.1701 27.9818 7.6
    endloop
  endfacet
  facet normal -0.946995 -0.32125 0
    outer loop
      vertex 36.1701 27.9818 15.6
      vertex 36.2142 27.8518 7.6
      vertex 36.2142 27.8518 15.6
    endloop
  endfacet
  facet normal -0.752171 -0.658968 0
    outer loop
      vertex 36.033 28.2192 7.6
      vertex 35.9425 28.3225 15.6
      vertex 35.9425 28.3225 7.6
    endloop
  endfacet
  facet normal -0.752171 -0.658968 0
    outer loop
      vertex 35.9425 28.3225 15.6
      vertex 36.033 28.2192 7.6
      vertex 36.033 28.2192 15.6
    endloop
  endfacet
  facet normal -0.83149 -0.55554 0
    outer loop
      vertex 36.1093 28.105 7.6
      vertex 36.033 28.2192 15.6
      vertex 36.033 28.2192 7.6
    endloop
  endfacet
  facet normal -0.83149 -0.55554 0
    outer loop
      vertex 36.033 28.2192 15.6
      vertex 36.1093 28.105 7.6
      vertex 36.1093 28.105 15.6
    endloop
  endfacet
  facet normal -0.0655045 -0.997852 0
    outer loop
      vertex 35.2 28.63 7.6
      vertex 35.3371 28.621 15.6
      vertex 35.2 28.63 15.6
    endloop
  endfacet
  facet normal -0.0655045 -0.997852 -0
    outer loop
      vertex 35.3371 28.621 15.6
      vertex 35.2 28.63 7.6
      vertex 35.3371 28.621 7.6
    endloop
  endfacet
  facet normal 0.896744 -0.442549 0
    outer loop
      vertex 34.2299 27.9818 15.6
      vertex 34.2907 28.105 7.6
      vertex 34.2907 28.105 15.6
    endloop
  endfacet
  facet normal 0.896744 -0.442549 0
    outer loop
      vertex 34.2907 28.105 7.6
      vertex 34.2299 27.9818 15.6
      vertex 34.2299 27.9818 7.6
    endloop
  endfacet
  facet normal 0.946995 -0.32125 0
    outer loop
      vertex 34.1858 27.8518 15.6
      vertex 34.2299 27.9818 7.6
      vertex 34.2299 27.9818 15.6
    endloop
  endfacet
  facet normal 0.946995 -0.32125 0
    outer loop
      vertex 34.2299 27.9818 7.6
      vertex 34.1858 27.8518 15.6
      vertex 34.1858 27.8518 7.6
    endloop
  endfacet
  facet normal 0.980776 -0.195136 0
    outer loop
      vertex 34.159 27.7171 15.6
      vertex 34.1858 27.8518 7.6
      vertex 34.1858 27.8518 15.6
    endloop
  endfacet
  facet normal 0.980776 -0.195136 0
    outer loop
      vertex 34.1858 27.8518 7.6
      vertex 34.159 27.7171 15.6
      vertex 34.159 27.7171 7.6
    endloop
  endfacet
  facet normal 0.32125 -0.946995 0
    outer loop
      vertex 34.7982 28.5501 7.6
      vertex 34.9282 28.5942 15.6
      vertex 34.7982 28.5501 15.6
    endloop
  endfacet
  facet normal 0.32125 -0.946995 0
    outer loop
      vertex 34.9282 28.5942 15.6
      vertex 34.7982 28.5501 7.6
      vertex 34.9282 28.5942 7.6
    endloop
  endfacet
  facet normal -0.997852 0.0655045 0
    outer loop
      vertex 36.241 27.4429 7.6
      vertex 36.25 27.58 15.6
      vertex 36.25 27.58 7.6
    endloop
  endfacet
  facet normal -0.997852 0.0655045 0
    outer loop
      vertex 36.25 27.58 15.6
      vertex 36.241 27.4429 7.6
      vertex 36.241 27.4429 15.6
    endloop
  endfacet
  facet normal -0.980776 0.195136 0
    outer loop
      vertex 36.2142 27.3082 7.6
      vertex 36.241 27.4429 15.6
      vertex 36.241 27.4429 7.6
    endloop
  endfacet
  facet normal -0.980776 0.195136 0
    outer loop
      vertex 36.241 27.4429 15.6
      vertex 36.2142 27.3082 7.6
      vertex 36.2142 27.3082 15.6
    endloop
  endfacet
  facet normal -0.752171 0.658968 0
    outer loop
      vertex 35.9425 26.8375 7.6
      vertex 36.033 26.9408 15.6
      vertex 36.033 26.9408 7.6
    endloop
  endfacet
  facet normal -0.752171 0.658968 0
    outer loop
      vertex 36.033 26.9408 15.6
      vertex 35.9425 26.8375 7.6
      vertex 35.9425 26.8375 15.6
    endloop
  endfacet
  facet normal 0.997852 0.0655045 0
    outer loop
      vertex 34.159 27.4429 15.6
      vertex 34.15 27.58 7.6
      vertex 34.15 27.58 15.6
    endloop
  endfacet
  facet normal 0.997852 0.0655045 0
    outer loop
      vertex 34.15 27.58 7.6
      vertex 34.159 27.4429 15.6
      vertex 34.159 27.4429 7.6
    endloop
  endfacet
  facet normal -0.442549 0.896744 0
    outer loop
      vertex 35.725 26.6707 7.6
      vertex 35.6018 26.6099 15.6
      vertex 35.725 26.6707 15.6
    endloop
  endfacet
  facet normal -0.442549 0.896744 0
    outer loop
      vertex 35.6018 26.6099 15.6
      vertex 35.725 26.6707 7.6
      vertex 35.6018 26.6099 7.6
    endloop
  endfacet
  facet normal -0.442549 -0.896744 0
    outer loop
      vertex 35.6018 28.5501 7.6
      vertex 35.725 28.4893 15.6
      vertex 35.6018 28.5501 15.6
    endloop
  endfacet
  facet normal -0.442549 -0.896744 -0
    outer loop
      vertex 35.725 28.4893 15.6
      vertex 35.6018 28.5501 7.6
      vertex 35.725 28.4893 7.6
    endloop
  endfacet
  facet normal -0.946995 0.32125 0
    outer loop
      vertex 36.1701 27.1782 7.6
      vertex 36.2142 27.3082 15.6
      vertex 36.2142 27.3082 7.6
    endloop
  endfacet
  facet normal -0.946995 0.32125 0
    outer loop
      vertex 36.2142 27.3082 15.6
      vertex 36.1701 27.1782 7.6
      vertex 36.1701 27.1782 15.6
    endloop
  endfacet
  facet normal -0.55554 0.83149 0
    outer loop
      vertex 35.8392 26.747 7.6
      vertex 35.725 26.6707 15.6
      vertex 35.8392 26.747 15.6
    endloop
  endfacet
  facet normal -0.55554 0.83149 0
    outer loop
      vertex 35.725 26.6707 15.6
      vertex 35.8392 26.747 7.6
      vertex 35.725 26.6707 7.6
    endloop
  endfacet
  facet normal -0.896744 0.442549 0
    outer loop
      vertex 36.1093 27.055 7.6
      vertex 36.1701 27.1782 15.6
      vertex 36.1701 27.1782 7.6
    endloop
  endfacet
  facet normal -0.896744 0.442549 0
    outer loop
      vertex 36.1701 27.1782 15.6
      vertex 36.1093 27.055 7.6
      vertex 36.1093 27.055 15.6
    endloop
  endfacet
  facet normal 0.752171 0.658968 0
    outer loop
      vertex 34.4575 26.8375 15.6
      vertex 34.367 26.9408 7.6
      vertex 34.367 26.9408 15.6
    endloop
  endfacet
  facet normal 0.752171 0.658968 0
    outer loop
      vertex 34.367 26.9408 7.6
      vertex 34.4575 26.8375 15.6
      vertex 34.4575 26.8375 7.6
    endloop
  endfacet
  facet normal 0.980776 0.195136 0
    outer loop
      vertex 34.1858 27.3082 15.6
      vertex 34.159 27.4429 7.6
      vertex 34.159 27.4429 15.6
    endloop
  endfacet
  facet normal 0.980776 0.195136 0
    outer loop
      vertex 34.159 27.4429 7.6
      vertex 34.1858 27.3082 15.6
      vertex 34.1858 27.3082 7.6
    endloop
  endfacet
  facet normal 0.946995 0.32125 0
    outer loop
      vertex 34.2299 27.1782 15.6
      vertex 34.1858 27.3082 7.6
      vertex 34.1858 27.3082 15.6
    endloop
  endfacet
  facet normal 0.946995 0.32125 0
    outer loop
      vertex 34.1858 27.3082 7.6
      vertex 34.2299 27.1782 15.6
      vertex 34.2299 27.1782 7.6
    endloop
  endfacet
  facet normal -0.32125 0.946995 0
    outer loop
      vertex 35.6018 26.6099 7.6
      vertex 35.4718 26.5658 15.6
      vertex 35.6018 26.6099 15.6
    endloop
  endfacet
  facet normal -0.32125 0.946995 0
    outer loop
      vertex 35.4718 26.5658 15.6
      vertex 35.6018 26.6099 7.6
      vertex 35.4718 26.5658 7.6
    endloop
  endfacet
  facet normal -0.658968 0.752171 0
    outer loop
      vertex 35.9425 26.8375 7.6
      vertex 35.8392 26.747 15.6
      vertex 35.9425 26.8375 15.6
    endloop
  endfacet
  facet normal -0.658968 0.752171 0
    outer loop
      vertex 35.8392 26.747 15.6
      vertex 35.9425 26.8375 7.6
      vertex 35.8392 26.747 7.6
    endloop
  endfacet
  facet normal 0.442549 0.896744 -0
    outer loop
      vertex 34.7982 26.6099 7.6
      vertex 34.675 26.6707 15.6
      vertex 34.7982 26.6099 15.6
    endloop
  endfacet
  facet normal 0.442549 0.896744 0
    outer loop
      vertex 34.675 26.6707 15.6
      vertex 34.7982 26.6099 7.6
      vertex 34.675 26.6707 7.6
    endloop
  endfacet
  facet normal 0.195136 0.980776 -0
    outer loop
      vertex 35.0629 26.539 7.6
      vertex 34.9282 26.5658 15.6
      vertex 35.0629 26.539 15.6
    endloop
  endfacet
  facet normal 0.195136 0.980776 0
    outer loop
      vertex 34.9282 26.5658 15.6
      vertex 35.0629 26.539 7.6
      vertex 34.9282 26.5658 7.6
    endloop
  endfacet
  facet normal 0.658968 0.752171 -0
    outer loop
      vertex 34.5608 26.747 7.6
      vertex 34.4575 26.8375 15.6
      vertex 34.5608 26.747 15.6
    endloop
  endfacet
  facet normal 0.658968 0.752171 0
    outer loop
      vertex 34.4575 26.8375 15.6
      vertex 34.5608 26.747 7.6
      vertex 34.4575 26.8375 7.6
    endloop
  endfacet
  facet normal 0.896744 0.442549 0
    outer loop
      vertex 34.2907 27.055 15.6
      vertex 34.2299 27.1782 7.6
      vertex 34.2299 27.1782 15.6
    endloop
  endfacet
  facet normal 0.896744 0.442549 0
    outer loop
      vertex 34.2299 27.1782 7.6
      vertex 34.2907 27.055 15.6
      vertex 34.2907 27.055 7.6
    endloop
  endfacet
  facet normal 0.55554 0.83149 -0
    outer loop
      vertex 34.675 26.6707 7.6
      vertex 34.5608 26.747 15.6
      vertex 34.675 26.6707 15.6
    endloop
  endfacet
  facet normal 0.55554 0.83149 0
    outer loop
      vertex 34.5608 26.747 15.6
      vertex 34.675 26.6707 7.6
      vertex 34.5608 26.747 7.6
    endloop
  endfacet
  facet normal 0.0655045 0.997852 -0
    outer loop
      vertex 35.2 26.53 7.6
      vertex 35.0629 26.539 15.6
      vertex 35.2 26.53 15.6
    endloop
  endfacet
  facet normal 0.0655045 0.997852 0
    outer loop
      vertex 35.0629 26.539 15.6
      vertex 35.2 26.53 7.6
      vertex 35.0629 26.539 7.6
    endloop
  endfacet
  facet normal 0.83149 0.55554 0
    outer loop
      vertex 34.367 26.9408 15.6
      vertex 34.2907 27.055 7.6
      vertex 34.2907 27.055 15.6
    endloop
  endfacet
  facet normal 0.83149 0.55554 0
    outer loop
      vertex 34.2907 27.055 7.6
      vertex 34.367 26.9408 15.6
      vertex 34.367 26.9408 7.6
    endloop
  endfacet
  facet normal 0.32125 0.946995 -0
    outer loop
      vertex 34.9282 26.5658 7.6
      vertex 34.7982 26.6099 15.6
      vertex 34.9282 26.5658 15.6
    endloop
  endfacet
  facet normal 0.32125 0.946995 0
    outer loop
      vertex 34.7982 26.6099 15.6
      vertex 34.9282 26.5658 7.6
      vertex 34.7982 26.6099 7.6
    endloop
  endfacet
endsolid OpenSCAD_Model
