solid OpenSCAD_Model
  facet normal -0.980773 0.195152 0
    outer loop
      vertex 0.0171099 30.0411 5.72205e-07
      vertex 0.0681477 30.2976 2
      vertex 0.0681477 30.2976 5.72205e-07
    endloop
  endfacet
  facet normal -0.980773 0.195152 0
    outer loop
      vertex 0.0681477 30.2976 2
      vertex 0.0171099 30.0411 5.72205e-07
      vertex 0.0171099 30.0411 2
    endloop
  endfacet
  facet normal -0.946957 0.321359 0
    outer loop
      vertex 0.0681477 30.2976 5.72205e-07
      vertex 0.152241 30.5454 2
      vertex 0.152241 30.5454 5.72205e-07
    endloop
  endfacet
  facet normal -0.946957 0.321359 0
    outer loop
      vertex 0.152241 30.5454 2
      vertex 0.0681477 30.2976 5.72205e-07
      vertex 0.0681477 30.2976 2
    endloop
  endfacet
  facet normal -0.99786 0.0653898 0
    outer loop
      vertex 0 29.78 5.72205e-07
      vertex 0.0171099 30.0411 2
      vertex 0.0171099 30.0411 5.72205e-07
    endloop
  endfacet
  facet normal -0.99786 0.0653898 0
    outer loop
      vertex 0.0171099 30.0411 2
      vertex 0 29.78 5.72205e-07
      vertex 0 29.78 2
    endloop
  endfacet
  facet normal 0 1 -0
    outer loop
      vertex 37.4 31.78 5.72205e-07
      vertex 2 31.78 2
      vertex 37.4 31.78 2
    endloop
  endfacet
  facet normal 0 1 0
    outer loop
      vertex 2 31.78 2
      vertex 37.4 31.78 5.72205e-07
      vertex 2 31.78 5.72205e-07
    endloop
  endfacet
  facet normal 0 0 -1
    outer loop
      vertex 12.2146 21.5924 5.72205e-07
      vertex 11.924 21.3097 5.72205e-07
      vertex 11.9248 21.3849 5.72205e-07
    endloop
  endfacet
  facet normal 0 0 -1
    outer loop
      vertex 12.2146 21.5924 5.72205e-07
      vertex 11.9218 21.215 5.72205e-07
      vertex 11.924 21.3097 5.72205e-07
    endloop
  endfacet
  facet normal 0 0 -1
    outer loop
      vertex 12.2146 21.5924 5.72205e-07
      vertex 11.918 21.1007 5.72205e-07
      vertex 11.9218 21.215 5.72205e-07
    endloop
  endfacet
  facet normal 0 0 -1
    outer loop
      vertex 12.2146 21.5924 5.72205e-07
      vertex 11.9128 20.9669 5.72205e-07
      vertex 11.918 21.1007 5.72205e-07
    endloop
  endfacet
  facet normal 0 0 -1
    outer loop
      vertex 12.2146 21.5924 5.72205e-07
      vertex 11.9061 20.8135 5.72205e-07
      vertex 11.9128 20.9669 5.72205e-07
    endloop
  endfacet
  facet normal 0 0 -1
    outer loop
      vertex 12.2146 21.5924 5.72205e-07
      vertex 11.8978 20.6406 5.72205e-07
      vertex 11.9061 20.8135 5.72205e-07
    endloop
  endfacet
  facet normal 0 -0 -1
    outer loop
      vertex 11.8978 20.6406 5.72205e-07
      vertex 12.2146 21.5924 5.72205e-07
      vertex 11.8881 20.4481 5.72205e-07
    endloop
  endfacet
  facet normal 0 0 -1
    outer loop
      vertex 10.5869 20.8234 5.72205e-07
      vertex 9.85753 22.5262 5.72205e-07
      vertex 10.6418 22.8222 5.72205e-07
    endloop
  endfacet
  facet normal 0 0 -1
    outer loop
      vertex 9.79346 21.0401 5.72205e-07
      vertex 9.85753 22.5262 5.72205e-07
      vertex 10.5869 20.8234 5.72205e-07
    endloop
  endfacet
  facet normal 0 0 -1
    outer loop
      vertex 9.39832 20.5259 5.72205e-07
      vertex 9.79346 21.0401 5.72205e-07
      vertex 9.76075 20.9504 5.72205e-07
    endloop
  endfacet
  facet normal 0 0 -1
    outer loop
      vertex 9.79346 21.0401 5.72205e-07
      vertex 7.4621 21.8213 5.72205e-07
      vertex 9.85753 22.5262 5.72205e-07
    endloop
  endfacet
  facet normal 0 0 -1
    outer loop
      vertex 9.39832 20.5259 5.72205e-07
      vertex 9.76075 20.9504 5.72205e-07
      vertex 9.72011 20.8661 5.72205e-07
    endloop
  endfacet
  facet normal 0 0 -1
    outer loop
      vertex 9.39832 20.5259 5.72205e-07
      vertex 9.72011 20.8661 5.72205e-07
      vertex 9.67157 20.7872 5.72205e-07
    endloop
  endfacet
  facet normal 0 -0 -1
    outer loop
      vertex 7.46874 22.026 5.72205e-07
      vertex 9.85753 22.5262 5.72205e-07
      vertex 7.4621 21.8213 5.72205e-07
    endloop
  endfacet
  facet normal 0 0 -1
    outer loop
      vertex 9.39832 20.5259 5.72205e-07
      vertex 9.67157 20.7872 5.72205e-07
      vertex 9.61513 20.7137 5.72205e-07
    endloop
  endfacet
  facet normal 0 0 -1
    outer loop
      vertex 9.39832 20.5259 5.72205e-07
      vertex 9.61513 20.7137 5.72205e-07
      vertex 9.55077 20.6457 5.72205e-07
    endloop
  endfacet
  facet normal 0 -0 -1
    outer loop
      vertex 7.48864 22.2164 5.72205e-07
      vertex 9.85753 22.5262 5.72205e-07
      vertex 7.46874 22.026 5.72205e-07
    endloop
  endfacet
  facet normal 0 0 -1
    outer loop
      vertex 9.39832 20.5259 5.72205e-07
      vertex 9.55077 20.6457 5.72205e-07
      vertex 9.47849 20.5831 5.72205e-07
    endloop
  endfacet
  facet normal 0 0 -1
    outer loop
      vertex 9.79346 21.0401 5.72205e-07
      vertex 9.39832 20.5259 5.72205e-07
      vertex 9.31203 20.4753 5.72205e-07
    endloop
  endfacet
  facet normal 0 -0 -1
    outer loop
      vertex 7.52179 22.3924 5.72205e-07
      vertex 9.85753 22.5262 5.72205e-07
      vertex 7.48864 22.2164 5.72205e-07
    endloop
  endfacet
  facet normal 0 0 -1
    outer loop
      vertex 9.79346 21.0401 5.72205e-07
      vertex 9.31203 20.4753 5.72205e-07
      vertex 9.22144 20.4325 5.72205e-07
    endloop
  endfacet
  facet normal 0 0 -1
    outer loop
      vertex 9.79346 21.0401 5.72205e-07
      vertex 9.22144 20.4325 5.72205e-07
      vertex 9.12656 20.3975 5.72205e-07
    endloop
  endfacet
  facet normal -0 0 -1
    outer loop
      vertex 9.85753 22.5262 5.72205e-07
      vertex 7.52179 22.3924 5.72205e-07
      vertex 9.75672 22.7432 5.72205e-07
    endloop
  endfacet
  facet normal 0 0 -1
    outer loop
      vertex 9.79346 21.0401 5.72205e-07
      vertex 9.12656 20.3975 5.72205e-07
      vertex 9.02738 20.3702 5.72205e-07
    endloop
  endfacet
  facet normal 0 0 -1
    outer loop
      vertex 9.79346 21.0401 5.72205e-07
      vertex 9.02738 20.3702 5.72205e-07
      vertex 8.92391 20.3508 5.72205e-07
    endloop
  endfacet
  facet normal 0 -0 -1
    outer loop
      vertex 8.72544 23.344 5.72205e-07
      vertex 9.75672 22.7432 5.72205e-07
      vertex 7.52179 22.3924 5.72205e-07
    endloop
  endfacet
  facet normal 0 0 -1
    outer loop
      vertex 9.79346 21.0401 5.72205e-07
      vertex 8.92391 20.3508 5.72205e-07
      vertex 8.81613 20.3391 5.72205e-07
    endloop
  endfacet
  facet normal 0 0 -1
    outer loop
      vertex 9.79346 21.0401 5.72205e-07
      vertex 8.81613 20.3391 5.72205e-07
      vertex 8.70406 20.3352 5.72205e-07
    endloop
  endfacet
  facet normal 0 0 -1
    outer loop
      vertex 9.75672 22.7432 5.72205e-07
      vertex 8.72544 23.344 5.72205e-07
      vertex 9.63559 22.9267 5.72205e-07
    endloop
  endfacet
  facet normal -0 0 -1
    outer loop
      vertex 9.79346 21.0401 5.72205e-07
      vertex 8.70406 20.3352 5.72205e-07
      vertex 7.5201 21.2606 5.72205e-07
    endloop
  endfacet
  facet normal 0 0 -1
    outer loop
      vertex 9.49417 23.077 5.72205e-07
      vertex 8.94806 23.3273 5.72205e-07
      vertex 9.33243 23.1938 5.72205e-07
    endloop
  endfacet
  facet normal 0 0 -1
    outer loop
      vertex 7.5201 21.2606 5.72205e-07
      vertex 8.70406 20.3352 5.72205e-07
      vertex 8.53569 20.3429 5.72205e-07
    endloop
  endfacet
  facet normal 0 0 -1
    outer loop
      vertex 9.33243 23.1938 5.72205e-07
      vertex 8.94806 23.3273 5.72205e-07
      vertex 9.15041 23.2773 5.72205e-07
    endloop
  endfacet
  facet normal 0 0 -1
    outer loop
      vertex 7.56522 21.1024 5.72205e-07
      vertex 8.53569 20.3429 5.72205e-07
      vertex 8.37935 20.3661 5.72205e-07
    endloop
  endfacet
  facet normal 0 0 -1
    outer loop
      vertex 9.63559 22.9267 5.72205e-07
      vertex 8.94806 23.3273 5.72205e-07
      vertex 9.49417 23.077 5.72205e-07
    endloop
  endfacet
  facet normal 0 0 -1
    outer loop
      vertex 7.62323 20.9585 5.72205e-07
      vertex 8.37935 20.3661 5.72205e-07
      vertex 8.23503 20.4047 5.72205e-07
    endloop
  endfacet
  facet normal -0 -0 -1
    outer loop
      vertex 8.94806 23.3273 5.72205e-07
      vertex 9.63559 22.9267 5.72205e-07
      vertex 8.72544 23.344 5.72205e-07
    endloop
  endfacet
  facet normal 0 0 -1
    outer loop
      vertex 7.62323 20.9585 5.72205e-07
      vertex 8.23503 20.4047 5.72205e-07
      vertex 8.10273 20.4588 5.72205e-07
    endloop
  endfacet
  facet normal 0 0 -1
    outer loop
      vertex 8.72544 23.344 5.72205e-07
      vertex 7.52179 22.3924 5.72205e-07
      vertex 8.55606 23.336 5.72205e-07
    endloop
  endfacet
  facet normal 0 0 -1
    outer loop
      vertex 7.62323 20.9585 5.72205e-07
      vertex 8.10273 20.4588 5.72205e-07
      vertex 7.98244 20.5283 5.72205e-07
    endloop
  endfacet
  facet normal 0 -0 -1
    outer loop
      vertex 7.56822 22.5542 5.72205e-07
      vertex 8.55606 23.336 5.72205e-07
      vertex 7.52179 22.3924 5.72205e-07
    endloop
  endfacet
  facet normal 0 0 -1
    outer loop
      vertex 7.62323 20.9585 5.72205e-07
      vertex 7.98244 20.5283 5.72205e-07
      vertex 7.87416 20.6132 5.72205e-07
    endloop
  endfacet
  facet normal 0 0 -1
    outer loop
      vertex 8.55606 23.336 5.72205e-07
      vertex 7.56822 22.5542 5.72205e-07
      vertex 8.39849 23.3121 5.72205e-07
    endloop
  endfacet
  facet normal 0 0 -1
    outer loop
      vertex 7.62323 20.9585 5.72205e-07
      vertex 7.87416 20.6132 5.72205e-07
      vertex 7.77791 20.7136 5.72205e-07
    endloop
  endfacet
  facet normal 0 -0 -1
    outer loop
      vertex 7.62792 22.7016 5.72205e-07
      vertex 8.39849 23.3121 5.72205e-07
      vertex 7.56822 22.5542 5.72205e-07
    endloop
  endfacet
  facet normal 0 0 -1
    outer loop
      vertex 7.62323 20.9585 5.72205e-07
      vertex 7.77791 20.7136 5.72205e-07
      vertex 7.69413 20.8289 5.72205e-07
    endloop
  endfacet
  facet normal 0 0 -1
    outer loop
      vertex 8.39849 23.3121 5.72205e-07
      vertex 7.62792 22.7016 5.72205e-07
      vertex 8.25266 23.2723 5.72205e-07
    endloop
  endfacet
  facet normal 0 0 -1
    outer loop
      vertex 8.37935 20.3661 5.72205e-07
      vertex 7.62323 20.9585 5.72205e-07
      vertex 7.56522 21.1024 5.72205e-07
    endloop
  endfacet
  facet normal 0 -0 -1
    outer loop
      vertex 7.70087 22.8346 5.72205e-07
      vertex 8.25266 23.2723 5.72205e-07
      vertex 7.62792 22.7016 5.72205e-07
    endloop
  endfacet
  facet normal 0 0 -1
    outer loop
      vertex 8.53569 20.3429 5.72205e-07
      vertex 7.56522 21.1024 5.72205e-07
      vertex 7.5201 21.2606 5.72205e-07
    endloop
  endfacet
  facet normal 0 0 -1
    outer loop
      vertex 8.11861 23.2165 5.72205e-07
      vertex 7.70087 22.8346 5.72205e-07
      vertex 7.99634 23.1447 5.72205e-07
    endloop
  endfacet
  facet normal 0 0 -1
    outer loop
      vertex 9.79346 21.0401 5.72205e-07
      vertex 7.5201 21.2606 5.72205e-07
      vertex 7.48787 21.4332 5.72205e-07
    endloop
  endfacet
  facet normal 0 0 -1
    outer loop
      vertex 7.88582 23.057 5.72205e-07
      vertex 7.70087 22.8346 5.72205e-07
      vertex 7.78708 22.9534 5.72205e-07
    endloop
  endfacet
  facet normal 0 0 -1
    outer loop
      vertex 9.79346 21.0401 5.72205e-07
      vertex 7.48787 21.4332 5.72205e-07
      vertex 7.46854 21.6201 5.72205e-07
    endloop
  endfacet
  facet normal 0 0 -1
    outer loop
      vertex 7.99634 23.1447 5.72205e-07
      vertex 7.70087 22.8346 5.72205e-07
      vertex 7.88582 23.057 5.72205e-07
    endloop
  endfacet
  facet normal 0 0 -1
    outer loop
      vertex 9.79346 21.0401 5.72205e-07
      vertex 7.46854 21.6201 5.72205e-07
      vertex 7.4621 21.8213 5.72205e-07
    endloop
  endfacet
  facet normal 0 0 -1
    outer loop
      vertex 8.25266 23.2723 5.72205e-07
      vertex 7.70087 22.8346 5.72205e-07
      vertex 8.11861 23.2165 5.72205e-07
    endloop
  endfacet
  facet normal -0 0 -1
    outer loop
      vertex 14.6959 21.3091 5.72205e-07
      vertex 14.5154 21.2238 5.72205e-07
      vertex 14.6957 21.3344 5.72205e-07
    endloop
  endfacet
  facet normal -0 0 -1
    outer loop
      vertex 14.6961 21.2838 5.72205e-07
      vertex 14.5154 21.2238 5.72205e-07
      vertex 14.6959 21.3091 5.72205e-07
    endloop
  endfacet
  facet normal -0 0 -1
    outer loop
      vertex 14.6964 21.2585 5.72205e-07
      vertex 14.5154 21.2238 5.72205e-07
      vertex 14.6961 21.2838 5.72205e-07
    endloop
  endfacet
  facet normal -0 0 -1
    outer loop
      vertex 14.6967 21.2332 5.72205e-07
      vertex 14.5154 21.2238 5.72205e-07
      vertex 14.6964 21.2585 5.72205e-07
    endloop
  endfacet
  facet normal 0 0 -1
    outer loop
      vertex 14.6971 21.2079 5.72205e-07
      vertex 14.5154 21.2238 5.72205e-07
      vertex 14.6967 21.2332 5.72205e-07
    endloop
  endfacet
  facet normal 0 0 -1
    outer loop
      vertex 14.6981 21.1707 5.72205e-07
      vertex 14.5154 21.2238 5.72205e-07
      vertex 14.6971 21.2079 5.72205e-07
    endloop
  endfacet
  facet normal 0 0 -1
    outer loop
      vertex 14.5154 21.2238 5.72205e-07
      vertex 14.6981 21.1707 5.72205e-07
      vertex 14.5611 21.0603 5.72205e-07
    endloop
  endfacet
  facet normal -0 0 -1
    outer loop
      vertex 14.7001 21.1098 5.72205e-07
      vertex 14.5611 21.0603 5.72205e-07
      vertex 14.6981 21.1707 5.72205e-07
    endloop
  endfacet
  facet normal 0 0 -1
    outer loop
      vertex 14.7032 21.025 5.72205e-07
      vertex 14.5611 21.0603 5.72205e-07
      vertex 14.7001 21.1098 5.72205e-07
    endloop
  endfacet
  facet normal 0 0 -1
    outer loop
      vertex 14.5611 21.0603 5.72205e-07
      vertex 14.7032 21.025 5.72205e-07
      vertex 14.6115 20.8765 5.72205e-07
    endloop
  endfacet
  facet normal -0 0 -1
    outer loop
      vertex 14.7073 20.9165 5.72205e-07
      vertex 14.6115 20.8765 5.72205e-07
      vertex 14.7032 21.025 5.72205e-07
    endloop
  endfacet
  facet normal 0 0 -1
    outer loop
      vertex 14.7125 20.7841 5.72205e-07
      vertex 14.6115 20.8765 5.72205e-07
      vertex 14.7073 20.9165 5.72205e-07
    endloop
  endfacet
  facet normal 0 0 -1
    outer loop
      vertex 14.6115 20.8765 5.72205e-07
      vertex 14.7125 20.7841 5.72205e-07
      vertex 14.6665 20.6725 5.72205e-07
    endloop
  endfacet
  facet normal 0 0 -1
    outer loop
      vertex 14.7188 20.628 5.72205e-07
      vertex 14.6665 20.6725 5.72205e-07
      vertex 14.7125 20.7841 5.72205e-07
    endloop
  endfacet
  facet normal 0 0 -1
    outer loop
      vertex 14.6665 20.6725 5.72205e-07
      vertex 14.7188 20.628 5.72205e-07
      vertex 14.7261 20.4481 5.72205e-07
    endloop
  endfacet
  facet normal 0 0 -1
    outer loop
      vertex 14.7 11.09 5.72205e-07
      vertex 20.2 13.14 5.72205e-07
      vertex 20.2 11.09 5.72205e-07
    endloop
  endfacet
  facet normal 0 0 -1
    outer loop
      vertex 20.2 13.14 5.72205e-07
      vertex 19.9132 19.6531 5.72205e-07
      vertex 20.079 19.6855 5.72205e-07
    endloop
  endfacet
  facet normal 0 0 -1
    outer loop
      vertex 20.2 13.14 5.72205e-07
      vertex 19.7342 19.6337 5.72205e-07
      vertex 19.9132 19.6531 5.72205e-07
    endloop
  endfacet
  facet normal 0 0 -1
    outer loop
      vertex 20.2 13.14 5.72205e-07
      vertex 19.542 19.6272 5.72205e-07
      vertex 19.7342 19.6337 5.72205e-07
    endloop
  endfacet
  facet normal 0 0 -1
    outer loop
      vertex 20.2 13.14 5.72205e-07
      vertex 19.3636 19.6336 5.72205e-07
      vertex 19.542 19.6272 5.72205e-07
    endloop
  endfacet
  facet normal 0 0 -1
    outer loop
      vertex 20.2 13.14 5.72205e-07
      vertex 19.1961 19.6529 5.72205e-07
      vertex 19.3636 19.6336 5.72205e-07
    endloop
  endfacet
  facet normal 0 0 -1
    outer loop
      vertex 20.2 13.14 5.72205e-07
      vertex 19.0397 19.6849 5.72205e-07
      vertex 19.1961 19.6529 5.72205e-07
    endloop
  endfacet
  facet normal 0 0 -1
    outer loop
      vertex 20.2 13.14 5.72205e-07
      vertex 18.8944 19.7298 5.72205e-07
      vertex 19.0397 19.6849 5.72205e-07
    endloop
  endfacet
  facet normal 0 -0 -1
    outer loop
      vertex 15.4951 19.6913 5.72205e-07
      vertex 20.2 13.14 5.72205e-07
      vertex 14.7 11.09 5.72205e-07
    endloop
  endfacet
  facet normal 0 0 -1
    outer loop
      vertex 20.2 13.14 5.72205e-07
      vertex 15.4951 19.6913 5.72205e-07
      vertex 18.8944 19.7298 5.72205e-07
    endloop
  endfacet
  facet normal -0 0 -1
    outer loop
      vertex 18.8944 19.7298 5.72205e-07
      vertex 15.4951 19.6913 5.72205e-07
      vertex 18.76 19.7876 5.72205e-07
    endloop
  endfacet
  facet normal -0 0 -1
    outer loop
      vertex 18.76 19.7876 5.72205e-07
      vertex 15.4951 19.6913 5.72205e-07
      vertex 18.6367 19.8581 5.72205e-07
    endloop
  endfacet
  facet normal -0 0 -1
    outer loop
      vertex 18.5243 19.9415 5.72205e-07
      vertex 15.4951 19.6913 5.72205e-07
      vertex 18.4237 20.0371 5.72205e-07
    endloop
  endfacet
  facet normal -0 0 -1
    outer loop
      vertex 18.4237 20.0371 5.72205e-07
      vertex 15.4951 19.6913 5.72205e-07
      vertex 18.3353 20.1443 5.72205e-07
    endloop
  endfacet
  facet normal -0 0 -1
    outer loop
      vertex 18.3353 20.1443 5.72205e-07
      vertex 15.4951 19.6913 5.72205e-07
      vertex 18.2591 20.263 5.72205e-07
    endloop
  endfacet
  facet normal -0 0 -1
    outer loop
      vertex 18.2591 20.263 5.72205e-07
      vertex 15.4951 19.6913 5.72205e-07
      vertex 18.1953 20.3934 5.72205e-07
    endloop
  endfacet
  facet normal -0 0 -1
    outer loop
      vertex 18.1953 20.3934 5.72205e-07
      vertex 15.4951 19.6913 5.72205e-07
      vertex 18.1437 20.5353 5.72205e-07
    endloop
  endfacet
  facet normal -0 0 -1
    outer loop
      vertex 18.0915 23.2908 5.72205e-07
      vertex 17.6225 22.7429 5.72205e-07
      vertex 18.0407 23.3959 5.72205e-07
    endloop
  endfacet
  facet normal -0 0 -1
    outer loop
      vertex 18.1482 23.1864 5.72205e-07
      vertex 17.6225 22.7429 5.72205e-07
      vertex 18.0915 23.2908 5.72205e-07
    endloop
  endfacet
  facet normal 0 0 -1
    outer loop
      vertex 15.4951 19.6913 5.72205e-07
      vertex 18.0773 20.8539 5.72205e-07
      vertex 18.1043 20.6888 5.72205e-07
    endloop
  endfacet
  facet normal -0 0 -1
    outer loop
      vertex 18.1437 20.5353 5.72205e-07
      vertex 15.4951 19.6913 5.72205e-07
      vertex 18.1043 20.6888 5.72205e-07
    endloop
  endfacet
  facet normal -0 0 -1
    outer loop
      vertex 18.0773 20.8539 5.72205e-07
      vertex 15.4951 19.6913 5.72205e-07
      vertex 16.0356 21.9982 5.72205e-07
    endloop
  endfacet
  facet normal 0 0 -1
    outer loop
      vertex 15.4951 23.9909 5.72205e-07
      vertex 16.0356 21.9982 5.72205e-07
      vertex 15.4951 19.6913 5.72205e-07
    endloop
  endfacet
  facet normal 0 0 -1
    outer loop
      vertex 18.0773 20.8539 5.72205e-07
      vertex 16.0356 21.9982 5.72205e-07
      vertex 17.6225 21.9982 5.72205e-07
    endloop
  endfacet
  facet normal -0 0 -1
    outer loop
      vertex 18.6367 19.8581 5.72205e-07
      vertex 15.4951 19.6913 5.72205e-07
      vertex 18.5243 19.9415 5.72205e-07
    endloop
  endfacet
  facet normal -0 0 -1
    outer loop
      vertex 15.4951 19.6913 5.72205e-07
      vertex 14.7 11.09 5.72205e-07
      vertex 14.2959 19.6913 5.72205e-07
    endloop
  endfacet
  facet normal -0 0 -1
    outer loop
      vertex 24.891 21.5824 5.72205e-07
      vertex 24.4306 21.5344 5.72205e-07
      vertex 24.4379 21.8396 5.72205e-07
    endloop
  endfacet
  facet normal 0 0 -1
    outer loop
      vertex 24.9576 20.39 5.72205e-07
      vertex 24.409 21.2519 5.72205e-07
      vertex 24.4306 21.5344 5.72205e-07
    endloop
  endfacet
  facet normal 0 0 -1
    outer loop
      vertex 24.9576 20.39 5.72205e-07
      vertex 24.3728 20.9921 5.72205e-07
      vertex 24.409 21.2519 5.72205e-07
    endloop
  endfacet
  facet normal 0 0 -1
    outer loop
      vertex 24.9576 20.39 5.72205e-07
      vertex 24.3223 20.755 5.72205e-07
      vertex 24.3728 20.9921 5.72205e-07
    endloop
  endfacet
  facet normal 0 0 -1
    outer loop
      vertex 24.9576 20.39 5.72205e-07
      vertex 24.2573 20.5405 5.72205e-07
      vertex 24.3223 20.755 5.72205e-07
    endloop
  endfacet
  facet normal -0 0 -1
    outer loop
      vertex 24.9576 20.39 5.72205e-07
      vertex 24.1778 20.3487 5.72205e-07
      vertex 24.2573 20.5405 5.72205e-07
    endloop
  endfacet
  facet normal 0 0 -1
    outer loop
      vertex 25.0297 20.2508 5.72205e-07
      vertex 24.1778 20.3487 5.72205e-07
      vertex 24.9576 20.39 5.72205e-07
    endloop
  endfacet
  facet normal 0 -0 -1
    outer loop
      vertex 24.1778 20.3487 5.72205e-07
      vertex 25.0297 20.2508 5.72205e-07
      vertex 24.0839 20.1795 5.72205e-07
    endloop
  endfacet
  facet normal 0 0 -1
    outer loop
      vertex 25.1177 20.1237 5.72205e-07
      vertex 24.0839 20.1795 5.72205e-07
      vertex 25.0297 20.2508 5.72205e-07
    endloop
  endfacet
  facet normal 0 -0 -1
    outer loop
      vertex 24.0839 20.1795 5.72205e-07
      vertex 25.1177 20.1237 5.72205e-07
      vertex 23.9744 20.033 5.72205e-07
    endloop
  endfacet
  facet normal 0 0 -1
    outer loop
      vertex 24.7 9.89 5.72205e-07
      vertex 23.5458 19.7287 5.72205e-07
      vertex 23.7054 19.8076 5.72205e-07
    endloop
  endfacet
  facet normal 0 0 -1
    outer loop
      vertex 24.7 9.89 5.72205e-07
      vertex 23.3696 19.6723 5.72205e-07
      vertex 23.5458 19.7287 5.72205e-07
    endloop
  endfacet
  facet normal 0 0 -1
    outer loop
      vertex 20.2 13.14 5.72205e-07
      vertex 23.3696 19.6723 5.72205e-07
      vertex 24.7 9.89 5.72205e-07
    endloop
  endfacet
  facet normal 0 0 -1
    outer loop
      vertex 23.3696 19.6723 5.72205e-07
      vertex 20.2 13.14 5.72205e-07
      vertex 23.1766 19.6385 5.72205e-07
    endloop
  endfacet
  facet normal 0 0 -1
    outer loop
      vertex 23.1766 19.6385 5.72205e-07
      vertex 20.2 13.14 5.72205e-07
      vertex 22.967 19.6272 5.72205e-07
    endloop
  endfacet
  facet normal -0 0 -1
    outer loop
      vertex 22.967 19.6272 5.72205e-07
      vertex 20.2 13.14 5.72205e-07
      vertex 22.8195 19.6319 5.72205e-07
    endloop
  endfacet
  facet normal -0 0 -1
    outer loop
      vertex 22.8195 19.6319 5.72205e-07
      vertex 20.2 13.14 5.72205e-07
      vertex 22.6805 19.6461 5.72205e-07
    endloop
  endfacet
  facet normal -0 0 -1
    outer loop
      vertex 22.6805 19.6461 5.72205e-07
      vertex 20.2 13.14 5.72205e-07
      vertex 22.55 19.6698 5.72205e-07
    endloop
  endfacet
  facet normal -0 0 -1
    outer loop
      vertex 22.55 19.6698 5.72205e-07
      vertex 20.2 13.14 5.72205e-07
      vertex 22.4279 19.7029 5.72205e-07
    endloop
  endfacet
  facet normal 0 -0 -1
    outer loop
      vertex 20.2316 19.7308 5.72205e-07
      vertex 22.4279 19.7029 5.72205e-07
      vertex 20.2 13.14 5.72205e-07
    endloop
  endfacet
  facet normal 0 0 -1
    outer loop
      vertex 22.4279 19.7029 5.72205e-07
      vertex 20.2316 19.7308 5.72205e-07
      vertex 22.3143 19.7455 5.72205e-07
    endloop
  endfacet
  facet normal 0 -0 -1
    outer loop
      vertex 20.3709 19.7891 5.72205e-07
      vertex 22.3143 19.7455 5.72205e-07
      vertex 20.2316 19.7308 5.72205e-07
    endloop
  endfacet
  facet normal 0 0 -1
    outer loop
      vertex 22.3143 19.7455 5.72205e-07
      vertex 20.3709 19.7891 5.72205e-07
      vertex 22.2092 19.7976 5.72205e-07
    endloop
  endfacet
  facet normal 0 -0 -1
    outer loop
      vertex 20.4971 19.8604 5.72205e-07
      vertex 22.2092 19.7976 5.72205e-07
      vertex 20.3709 19.7891 5.72205e-07
    endloop
  endfacet
  facet normal 0 0 -1
    outer loop
      vertex 22.2092 19.7976 5.72205e-07
      vertex 20.4971 19.8604 5.72205e-07
      vertex 22.1126 19.8591 5.72205e-07
    endloop
  endfacet
  facet normal 0 0 -1
    outer loop
      vertex 22.1126 19.8591 5.72205e-07
      vertex 20.6101 19.9446 5.72205e-07
      vertex 22.0234 19.9306 5.72205e-07
    endloop
  endfacet
  facet normal 0 0 -1
    outer loop
      vertex 22.0234 19.9306 5.72205e-07
      vertex 20.6101 19.9446 5.72205e-07
      vertex 21.9409 20.0126 5.72205e-07
    endloop
  endfacet
  facet normal 0 0 -1
    outer loop
      vertex 21.9409 20.0126 5.72205e-07
      vertex 20.7089 20.0405 5.72205e-07
      vertex 21.865 20.105 5.72205e-07
    endloop
  endfacet
  facet normal 0 -0 -1
    outer loop
      vertex 20.7924 20.1469 5.72205e-07
      vertex 21.865 20.105 5.72205e-07
      vertex 20.7089 20.0405 5.72205e-07
    endloop
  endfacet
  facet normal 0 0 -1
    outer loop
      vertex 20.7899 21.5182 5.72205e-07
      vertex 21.4656 21.8396 5.72205e-07
      vertex 21.4689 21.6248 5.72205e-07
    endloop
  endfacet
  facet normal 0 0 -1
    outer loop
      vertex 20.8633 21.3819 5.72205e-07
      vertex 21.4689 21.6248 5.72205e-07
      vertex 21.4788 21.4216 5.72205e-07
    endloop
  endfacet
  facet normal 0 0 -1
    outer loop
      vertex 20.9216 21.2376 5.72205e-07
      vertex 21.4788 21.4216 5.72205e-07
      vertex 21.4953 21.23 5.72205e-07
    endloop
  endfacet
  facet normal 0 0 -1
    outer loop
      vertex 20.9605 21.0839 5.72205e-07
      vertex 21.4953 21.23 5.72205e-07
      vertex 21.5185 21.0499 5.72205e-07
    endloop
  endfacet
  facet normal 0 0 -1
    outer loop
      vertex 20.9799 20.9208 5.72205e-07
      vertex 21.5185 21.0499 5.72205e-07
      vertex 21.5482 20.8815 5.72205e-07
    endloop
  endfacet
  facet normal 0 0 -1
    outer loop
      vertex 20.9799 20.9208 5.72205e-07
      vertex 21.5482 20.8815 5.72205e-07
      vertex 20.9824 20.8356 5.72205e-07
    endloop
  endfacet
  facet normal 0 0 -1
    outer loop
      vertex 20.9748 20.677 5.72205e-07
      vertex 21.5482 20.8815 5.72205e-07
      vertex 21.5845 20.7246 5.72205e-07
    endloop
  endfacet
  facet normal 0 -0 -1
    outer loop
      vertex 20.8608 20.2637 5.72205e-07
      vertex 21.7957 20.2079 5.72205e-07
      vertex 20.7924 20.1469 5.72205e-07
    endloop
  endfacet
  facet normal 0 0 -1
    outer loop
      vertex 21.5482 20.8815 5.72205e-07
      vertex 20.9748 20.677 5.72205e-07
      vertex 20.9824 20.8356 5.72205e-07
    endloop
  endfacet
  facet normal 0 0 -1
    outer loop
      vertex 21.6274 20.5793 5.72205e-07
      vertex 20.9748 20.677 5.72205e-07
      vertex 21.5845 20.7246 5.72205e-07
    endloop
  endfacet
  facet normal 0 -0 -1
    outer loop
      vertex 20.9748 20.677 5.72205e-07
      vertex 21.6274 20.5793 5.72205e-07
      vertex 20.952 20.5287 5.72205e-07
    endloop
  endfacet
  facet normal 0 0 -1
    outer loop
      vertex 21.6769 20.4451 5.72205e-07
      vertex 20.952 20.5287 5.72205e-07
      vertex 21.6274 20.5793 5.72205e-07
    endloop
  endfacet
  facet normal 0 -0 -1
    outer loop
      vertex 20.952 20.5287 5.72205e-07
      vertex 21.6769 20.4451 5.72205e-07
      vertex 20.914 20.391 5.72205e-07
    endloop
  endfacet
  facet normal 0 -0 -1
    outer loop
      vertex 20.914 20.391 5.72205e-07
      vertex 21.733 20.3212 5.72205e-07
      vertex 20.8608 20.2637 5.72205e-07
    endloop
  endfacet
  facet normal 0 0 -1
    outer loop
      vertex 21.733 20.3212 5.72205e-07
      vertex 20.914 20.391 5.72205e-07
      vertex 21.6769 20.4451 5.72205e-07
    endloop
  endfacet
  facet normal 0 0 -1
    outer loop
      vertex 21.7957 20.2079 5.72205e-07
      vertex 20.8608 20.2637 5.72205e-07
      vertex 21.733 20.3212 5.72205e-07
    endloop
  endfacet
  facet normal 0 0 -1
    outer loop
      vertex 21.865 20.105 5.72205e-07
      vertex 20.7924 20.1469 5.72205e-07
      vertex 21.7957 20.2079 5.72205e-07
    endloop
  endfacet
  facet normal 0 -0 -1
    outer loop
      vertex 20.7089 20.0405 5.72205e-07
      vertex 21.9409 20.0126 5.72205e-07
      vertex 20.6101 19.9446 5.72205e-07
    endloop
  endfacet
  facet normal 0 -0 -1
    outer loop
      vertex 20.6101 19.9446 5.72205e-07
      vertex 22.1126 19.8591 5.72205e-07
      vertex 20.4971 19.8604 5.72205e-07
    endloop
  endfacet
  facet normal 0 0 -1
    outer loop
      vertex 20.2316 19.7308 5.72205e-07
      vertex 20.2 13.14 5.72205e-07
      vertex 20.079 19.6855 5.72205e-07
    endloop
  endfacet
  facet normal 0 0 -1
    outer loop
      vertex 26.9783 22.0739 5.72205e-07
      vertex 27.0089 22.1973 5.72205e-07
      vertex 27.0145 22.0105 5.72205e-07
    endloop
  endfacet
  facet normal 0 0 -1
    outer loop
      vertex 26.9362 22.1332 5.72205e-07
      vertex 27.0089 22.1973 5.72205e-07
      vertex 26.9783 22.0739 5.72205e-07
    endloop
  endfacet
  facet normal 0 0 -1
    outer loop
      vertex 26.8879 22.1884 5.72205e-07
      vertex 27.0089 22.1973 5.72205e-07
      vertex 26.9362 22.1332 5.72205e-07
    endloop
  endfacet
  facet normal -0 0 -1
    outer loop
      vertex 27.0089 22.1973 5.72205e-07
      vertex 26.8879 22.1884 5.72205e-07
      vertex 26.9957 22.3704 5.72205e-07
    endloop
  endfacet
  facet normal 0 0 -1
    outer loop
      vertex 26.8337 22.2397 5.72205e-07
      vertex 26.9957 22.3704 5.72205e-07
      vertex 26.8879 22.1884 5.72205e-07
    endloop
  endfacet
  facet normal 0 0 -1
    outer loop
      vertex 26.7733 22.2868 5.72205e-07
      vertex 26.9957 22.3704 5.72205e-07
      vertex 26.8337 22.2397 5.72205e-07
    endloop
  endfacet
  facet normal -0 0 -1
    outer loop
      vertex 26.9957 22.3704 5.72205e-07
      vertex 26.7733 22.2868 5.72205e-07
      vertex 26.9748 22.53 5.72205e-07
    endloop
  endfacet
  facet normal 0 0 -1
    outer loop
      vertex 26.707 22.33 5.72205e-07
      vertex 26.9748 22.53 5.72205e-07
      vertex 26.7733 22.2868 5.72205e-07
    endloop
  endfacet
  facet normal 0 0 -1
    outer loop
      vertex 26.6346 22.369 5.72205e-07
      vertex 26.9748 22.53 5.72205e-07
      vertex 26.707 22.33 5.72205e-07
    endloop
  endfacet
  facet normal -0 0 -1
    outer loop
      vertex 26.9748 22.53 5.72205e-07
      vertex 26.6346 22.369 5.72205e-07
      vertex 26.9462 22.6761 5.72205e-07
    endloop
  endfacet
  facet normal 0 0 -1
    outer loop
      vertex 26.5583 22.4034 5.72205e-07
      vertex 26.9462 22.6761 5.72205e-07
      vertex 26.6346 22.369 5.72205e-07
    endloop
  endfacet
  facet normal -0 0 -1
    outer loop
      vertex 26.9462 22.6761 5.72205e-07
      vertex 26.5583 22.4034 5.72205e-07
      vertex 26.91 22.8085 5.72205e-07
    endloop
  endfacet
  facet normal 0 0 -1
    outer loop
      vertex 26.4804 22.4326 5.72205e-07
      vertex 26.91 22.8085 5.72205e-07
      vertex 26.5583 22.4034 5.72205e-07
    endloop
  endfacet
  facet normal -0 0 -1
    outer loop
      vertex 26.91 22.8085 5.72205e-07
      vertex 26.4804 22.4326 5.72205e-07
      vertex 26.8662 22.9274 5.72205e-07
    endloop
  endfacet
  facet normal 0 0 -1
    outer loop
      vertex 26.4008 22.4564 5.72205e-07
      vertex 26.8662 22.9274 5.72205e-07
      vertex 26.4804 22.4326 5.72205e-07
    endloop
  endfacet
  facet normal -0 0 -1
    outer loop
      vertex 26.8662 22.9274 5.72205e-07
      vertex 26.4008 22.4564 5.72205e-07
      vertex 26.8146 23.0327 5.72205e-07
    endloop
  endfacet
  facet normal -0 0 -1
    outer loop
      vertex 26.8146 23.0327 5.72205e-07
      vertex 26.4008 22.4564 5.72205e-07
      vertex 26.7559 23.1242 5.72205e-07
    endloop
  endfacet
  facet normal 0 0 -1
    outer loop
      vertex 26.3195 22.4749 5.72205e-07
      vertex 26.7559 23.1242 5.72205e-07
      vertex 26.4008 22.4564 5.72205e-07
    endloop
  endfacet
  facet normal -0 0 -1
    outer loop
      vertex 26.7559 23.1242 5.72205e-07
      vertex 26.3195 22.4749 5.72205e-07
      vertex 26.6903 23.2016 5.72205e-07
    endloop
  endfacet
  facet normal -0 0 -1
    outer loop
      vertex 26.6903 23.2016 5.72205e-07
      vertex 26.3195 22.4749 5.72205e-07
      vertex 26.618 23.265 5.72205e-07
    endloop
  endfacet
  facet normal -0 0 -1
    outer loop
      vertex 26.618 23.265 5.72205e-07
      vertex 26.3195 22.4749 5.72205e-07
      vertex 26.5389 23.3142 5.72205e-07
    endloop
  endfacet
  facet normal 0 0 -1
    outer loop
      vertex 26.2365 22.4881 5.72205e-07
      vertex 26.5389 23.3142 5.72205e-07
      vertex 26.3195 22.4749 5.72205e-07
    endloop
  endfacet
  facet normal -0 0 -1
    outer loop
      vertex 26.5389 23.3142 5.72205e-07
      vertex 26.2365 22.4881 5.72205e-07
      vertex 26.453 23.3494 5.72205e-07
    endloop
  endfacet
  facet normal -0 0 -1
    outer loop
      vertex 26.453 23.3494 5.72205e-07
      vertex 26.2365 22.4881 5.72205e-07
      vertex 26.3603 23.3705 5.72205e-07
    endloop
  endfacet
  facet normal -0 0 -1
    outer loop
      vertex 26.3603 23.3705 5.72205e-07
      vertex 26.2365 22.4881 5.72205e-07
      vertex 26.2608 23.3776 5.72205e-07
    endloop
  endfacet
  facet normal 0 0 -1
    outer loop
      vertex 26.1518 22.4961 5.72205e-07
      vertex 26.2608 23.3776 5.72205e-07
      vertex 26.2365 22.4881 5.72205e-07
    endloop
  endfacet
  facet normal 0 0 -1
    outer loop
      vertex 26.1518 22.4961 5.72205e-07
      vertex 26.1442 23.3684 5.72205e-07
      vertex 26.2608 23.3776 5.72205e-07
    endloop
  endfacet
  facet normal 0 0 -1
    outer loop
      vertex 25.7519 23.048 5.72205e-07
      vertex 26.1518 22.4961 5.72205e-07
      vertex 26.0655 22.4987 5.72205e-07
    endloop
  endfacet
  facet normal 0 0 -1
    outer loop
      vertex 26.1518 22.4961 5.72205e-07
      vertex 26.0403 23.341 5.72205e-07
      vertex 26.1442 23.3684 5.72205e-07
    endloop
  endfacet
  facet normal 0 0 -1
    outer loop
      vertex 26.1518 22.4961 5.72205e-07
      vertex 25.9491 23.2952 5.72205e-07
      vertex 26.0403 23.341 5.72205e-07
    endloop
  endfacet
  facet normal 0 0 -1
    outer loop
      vertex 25.7115 22.929 5.72205e-07
      vertex 26.0655 22.4987 5.72205e-07
      vertex 25.9081 22.4908 5.72205e-07
    endloop
  endfacet
  facet normal 0 0 -1
    outer loop
      vertex 26.1518 22.4961 5.72205e-07
      vertex 25.8707 23.2311 5.72205e-07
      vertex 25.9491 23.2952 5.72205e-07
    endloop
  endfacet
  facet normal 0 0 -1
    outer loop
      vertex 26.1518 22.4961 5.72205e-07
      vertex 25.8049 23.1487 5.72205e-07
      vertex 25.8707 23.2311 5.72205e-07
    endloop
  endfacet
  facet normal 0 0 -1
    outer loop
      vertex 25.7115 22.929 5.72205e-07
      vertex 25.9081 22.4908 5.72205e-07
      vertex 25.7602 22.4672 5.72205e-07
    endloop
  endfacet
  facet normal 0 0 -1
    outer loop
      vertex 26.1518 22.4961 5.72205e-07
      vertex 25.7519 23.048 5.72205e-07
      vertex 25.8049 23.1487 5.72205e-07
    endloop
  endfacet
  facet normal 0 0 -1
    outer loop
      vertex 26.0655 22.4987 5.72205e-07
      vertex 25.7115 22.929 5.72205e-07
      vertex 25.7519 23.048 5.72205e-07
    endloop
  endfacet
  facet normal 0 0 -1
    outer loop
      vertex 25.6218 22.4278 5.72205e-07
      vertex 25.7115 22.929 5.72205e-07
      vertex 25.7602 22.4672 5.72205e-07
    endloop
  endfacet
  facet normal 0 0 -1
    outer loop
      vertex 25.493 22.3727 5.72205e-07
      vertex 25.7115 22.929 5.72205e-07
      vertex 25.6218 22.4278 5.72205e-07
    endloop
  endfacet
  facet normal 0 0 -1
    outer loop
      vertex 24.9059 23.0419 5.72205e-07
      vertex 25.493 22.3727 5.72205e-07
      vertex 25.3737 22.3018 5.72205e-07
    endloop
  endfacet
  facet normal 0 0 -1
    outer loop
      vertex 24.9059 23.0419 5.72205e-07
      vertex 25.3737 22.3018 5.72205e-07
      vertex 25.264 22.2151 5.72205e-07
    endloop
  endfacet
  facet normal 0 0 -1
    outer loop
      vertex 24.4073 22.419 5.72205e-07
      vertex 25.264 22.2151 5.72205e-07
      vertex 25.1637 22.1127 5.72205e-07
    endloop
  endfacet
  facet normal 0 0 -1
    outer loop
      vertex 24.4302 22.1401 5.72205e-07
      vertex 25.1637 22.1127 5.72205e-07
      vertex 25.0751 21.9968 5.72205e-07
    endloop
  endfacet
  facet normal 0 0 -1
    outer loop
      vertex 25.493 22.3727 5.72205e-07
      vertex 24.9059 23.0419 5.72205e-07
      vertex 25.7115 22.929 5.72205e-07
    endloop
  endfacet
  facet normal 0 0 -1
    outer loop
      vertex 24.4302 22.1401 5.72205e-07
      vertex 25.0751 21.9968 5.72205e-07
      vertex 25.0001 21.8698 5.72205e-07
    endloop
  endfacet
  facet normal 0 0 -1
    outer loop
      vertex 24.4379 21.8396 5.72205e-07
      vertex 25.0001 21.8698 5.72205e-07
      vertex 24.9387 21.7317 5.72205e-07
    endloop
  endfacet
  facet normal 0 0 -1
    outer loop
      vertex 24.4379 21.8396 5.72205e-07
      vertex 24.9387 21.7317 5.72205e-07
      vertex 24.891 21.5824 5.72205e-07
    endloop
  endfacet
  facet normal 0 0 -1
    outer loop
      vertex 21.5185 21.0499 5.72205e-07
      vertex 20.9799 20.9208 5.72205e-07
      vertex 20.9726 21.0035 5.72205e-07
    endloop
  endfacet
  facet normal -0 0 -1
    outer loop
      vertex 21.5185 21.0499 5.72205e-07
      vertex 20.9726 21.0035 5.72205e-07
      vertex 20.9605 21.0839 5.72205e-07
    endloop
  endfacet
  facet normal 0 0 -1
    outer loop
      vertex 21.4953 21.23 5.72205e-07
      vertex 20.9605 21.0839 5.72205e-07
      vertex 20.9435 21.1619 5.72205e-07
    endloop
  endfacet
  facet normal -0 0 -1
    outer loop
      vertex 21.4953 21.23 5.72205e-07
      vertex 20.9435 21.1619 5.72205e-07
      vertex 20.9216 21.2376 5.72205e-07
    endloop
  endfacet
  facet normal 0 0 -1
    outer loop
      vertex 21.4788 21.4216 5.72205e-07
      vertex 20.9216 21.2376 5.72205e-07
      vertex 20.8949 21.3109 5.72205e-07
    endloop
  endfacet
  facet normal 0 0 -1
    outer loop
      vertex 21.4788 21.4216 5.72205e-07
      vertex 20.8949 21.3109 5.72205e-07
      vertex 20.8633 21.3819 5.72205e-07
    endloop
  endfacet
  facet normal 0 0 -1
    outer loop
      vertex 21.4689 21.6248 5.72205e-07
      vertex 20.8633 21.3819 5.72205e-07
      vertex 20.828 21.4508 5.72205e-07
    endloop
  endfacet
  facet normal 0 0 -1
    outer loop
      vertex 21.4689 21.6248 5.72205e-07
      vertex 20.828 21.4508 5.72205e-07
      vertex 20.7899 21.5182 5.72205e-07
    endloop
  endfacet
  facet normal 0 0 -1
    outer loop
      vertex 21.4656 21.8396 5.72205e-07
      vertex 20.7899 21.5182 5.72205e-07
      vertex 20.749 21.5841 5.72205e-07
    endloop
  endfacet
  facet normal 0 0 -1
    outer loop
      vertex 21.4656 21.8396 5.72205e-07
      vertex 20.749 21.5841 5.72205e-07
      vertex 20.7054 21.6484 5.72205e-07
    endloop
  endfacet
  facet normal 0 0 -1
    outer loop
      vertex 21.4656 21.8396 5.72205e-07
      vertex 20.7054 21.6484 5.72205e-07
      vertex 20.6591 21.7112 5.72205e-07
    endloop
  endfacet
  facet normal 0 0 -1
    outer loop
      vertex 21.4656 21.8396 5.72205e-07
      vertex 20.6591 21.7112 5.72205e-07
      vertex 20.61 21.7723 5.72205e-07
    endloop
  endfacet
  facet normal 0 0 -1
    outer loop
      vertex 21.4656 21.8396 5.72205e-07
      vertex 20.61 21.7723 5.72205e-07
      vertex 20.5582 21.832 5.72205e-07
    endloop
  endfacet
  facet normal 0 0 -1
    outer loop
      vertex 20.5042 21.8903 5.72205e-07
      vertex 21.4656 21.8396 5.72205e-07
      vertex 20.5582 21.832 5.72205e-07
    endloop
  endfacet
  facet normal 0 0 -1
    outer loop
      vertex 20.4484 21.9475 5.72205e-07
      vertex 21.4656 21.8396 5.72205e-07
      vertex 20.5042 21.8903 5.72205e-07
    endloop
  endfacet
  facet normal 0 0 -1
    outer loop
      vertex 21.4656 21.8396 5.72205e-07
      vertex 20.4484 21.9475 5.72205e-07
      vertex 21.0495 23.286 5.72205e-07
    endloop
  endfacet
  facet normal 0 0 -1
    outer loop
      vertex 20.3911 22.0037 5.72205e-07
      vertex 21.0495 23.286 5.72205e-07
      vertex 20.4484 21.9475 5.72205e-07
    endloop
  endfacet
  facet normal 0 0 -1
    outer loop
      vertex 20.332 22.0589 5.72205e-07
      vertex 21.0495 23.286 5.72205e-07
      vertex 20.3911 22.0037 5.72205e-07
    endloop
  endfacet
  facet normal 0 0 -1
    outer loop
      vertex 20.2712 22.113 5.72205e-07
      vertex 21.0495 23.286 5.72205e-07
      vertex 20.332 22.0589 5.72205e-07
    endloop
  endfacet
  facet normal 0 0 -1
    outer loop
      vertex 20.2088 22.166 5.72205e-07
      vertex 21.0495 23.286 5.72205e-07
      vertex 20.2712 22.113 5.72205e-07
    endloop
  endfacet
  facet normal 0 0 -1
    outer loop
      vertex 20.1447 22.218 5.72205e-07
      vertex 21.0495 23.286 5.72205e-07
      vertex 20.2088 22.166 5.72205e-07
    endloop
  endfacet
  facet normal 0 0 -1
    outer loop
      vertex 20.08 22.2692 5.72205e-07
      vertex 21.0495 23.286 5.72205e-07
      vertex 20.1447 22.218 5.72205e-07
    endloop
  endfacet
  facet normal 0 0 -1
    outer loop
      vertex 19.9523 22.3706 5.72205e-07
      vertex 21.0495 23.286 5.72205e-07
      vertex 20.08 22.2692 5.72205e-07
    endloop
  endfacet
  facet normal 0 0 -1
    outer loop
      vertex 19.8893 22.4208 5.72205e-07
      vertex 21.0495 23.286 5.72205e-07
      vertex 19.9523 22.3706 5.72205e-07
    endloop
  endfacet
  facet normal 0 0 -1
    outer loop
      vertex 19.8269 22.4705 5.72205e-07
      vertex 21.0495 23.286 5.72205e-07
      vertex 19.8893 22.4208 5.72205e-07
    endloop
  endfacet
  facet normal 0 0 -1
    outer loop
      vertex 19.765 22.5199 5.72205e-07
      vertex 21.0495 23.286 5.72205e-07
      vertex 19.8269 22.4705 5.72205e-07
    endloop
  endfacet
  facet normal 0 0 -1
    outer loop
      vertex 19.7037 22.5689 5.72205e-07
      vertex 21.0495 23.286 5.72205e-07
      vertex 19.765 22.5199 5.72205e-07
    endloop
  endfacet
  facet normal 0 0 -1
    outer loop
      vertex 19.6435 22.6178 5.72205e-07
      vertex 21.0495 23.286 5.72205e-07
      vertex 19.7037 22.5689 5.72205e-07
    endloop
  endfacet
  facet normal 0 0 -1
    outer loop
      vertex 19.5848 22.6668 5.72205e-07
      vertex 21.0495 23.286 5.72205e-07
      vertex 19.6435 22.6178 5.72205e-07
    endloop
  endfacet
  facet normal 0 0 -1
    outer loop
      vertex 19.5277 22.7159 5.72205e-07
      vertex 21.0495 23.286 5.72205e-07
      vertex 19.5848 22.6668 5.72205e-07
    endloop
  endfacet
  facet normal 0 0 -1
    outer loop
      vertex 19.4721 22.7652 5.72205e-07
      vertex 21.0495 23.286 5.72205e-07
      vertex 19.5277 22.7159 5.72205e-07
    endloop
  endfacet
  facet normal 0 0 -1
    outer loop
      vertex 19.4181 22.8146 5.72205e-07
      vertex 21.0495 23.286 5.72205e-07
      vertex 19.4721 22.7652 5.72205e-07
    endloop
  endfacet
  facet normal 0 0 -1
    outer loop
      vertex 19.3656 22.8641 5.72205e-07
      vertex 21.0495 23.286 5.72205e-07
      vertex 19.4181 22.8146 5.72205e-07
    endloop
  endfacet
  facet normal 0 0 -1
    outer loop
      vertex 19.3147 22.9137 5.72205e-07
      vertex 21.0495 23.286 5.72205e-07
      vertex 19.3656 22.8641 5.72205e-07
    endloop
  endfacet
  facet normal 0 0 -1
    outer loop
      vertex 19.2664 22.9639 5.72205e-07
      vertex 21.0495 23.286 5.72205e-07
      vertex 19.3147 22.9137 5.72205e-07
    endloop
  endfacet
  facet normal 0 0 -1
    outer loop
      vertex 19.2218 23.0151 5.72205e-07
      vertex 21.0495 23.286 5.72205e-07
      vertex 19.2664 22.9639 5.72205e-07
    endloop
  endfacet
  facet normal 0 0 -1
    outer loop
      vertex 19.1808 23.0673 5.72205e-07
      vertex 21.0495 23.286 5.72205e-07
      vertex 19.2218 23.0151 5.72205e-07
    endloop
  endfacet
  facet normal 0 0 -1
    outer loop
      vertex 19.1435 23.1205 5.72205e-07
      vertex 21.0495 23.286 5.72205e-07
      vertex 19.1808 23.0673 5.72205e-07
    endloop
  endfacet
  facet normal 0 0 -1
    outer loop
      vertex 19.1099 23.1747 5.72205e-07
      vertex 21.0495 23.286 5.72205e-07
      vertex 19.1435 23.1205 5.72205e-07
    endloop
  endfacet
  facet normal 0 0 -1
    outer loop
      vertex 19.08 23.2298 5.72205e-07
      vertex 21.0495 23.286 5.72205e-07
      vertex 19.1099 23.1747 5.72205e-07
    endloop
  endfacet
  facet normal -0 0 -1
    outer loop
      vertex 21.0495 23.286 5.72205e-07
      vertex 19.08 23.2298 5.72205e-07
      vertex 19.0538 23.286 5.72205e-07
    endloop
  endfacet
  facet normal 0 0 -1
    outer loop
      vertex 19.5481 20.3108 5.72205e-07
      vertex 20.1126 20.8723 5.72205e-07
      vertex 20.1011 20.7233 5.72205e-07
    endloop
  endfacet
  facet normal -0 0 -1
    outer loop
      vertex 20.1126 20.8723 5.72205e-07
      vertex 19.5481 20.3108 5.72205e-07
      vertex 20.1089 20.9378 5.72205e-07
    endloop
  endfacet
  facet normal -0 0 -1
    outer loop
      vertex 20.1089 20.9378 5.72205e-07
      vertex 19.5481 20.3108 5.72205e-07
      vertex 20.0978 21.0038 5.72205e-07
    endloop
  endfacet
  facet normal 0 0 -1
    outer loop
      vertex 19.6979 20.3222 5.72205e-07
      vertex 20.1011 20.7233 5.72205e-07
      vertex 20.0666 20.5972 5.72205e-07
    endloop
  endfacet
  facet normal 0 0 -1
    outer loop
      vertex 19.5481 20.3108 5.72205e-07
      vertex 20.1011 20.7233 5.72205e-07
      vertex 19.6979 20.3222 5.72205e-07
    endloop
  endfacet
  facet normal -0 0 -1
    outer loop
      vertex 20.0978 21.0038 5.72205e-07
      vertex 19.5481 20.3108 5.72205e-07
      vertex 20.0793 21.0701 5.72205e-07
    endloop
  endfacet
  facet normal 0 0 -1
    outer loop
      vertex 19.8246 20.3566 5.72205e-07
      vertex 20.0666 20.5972 5.72205e-07
      vertex 20.009 20.4941 5.72205e-07
    endloop
  endfacet
  facet normal 0 0 -1
    outer loop
      vertex 18.9736 20.7457 5.72205e-07
      vertex 20.0793 21.0701 5.72205e-07
      vertex 19.5481 20.3108 5.72205e-07
    endloop
  endfacet
  facet normal -0 0 -1
    outer loop
      vertex 20.0793 21.0701 5.72205e-07
      vertex 18.9736 20.7457 5.72205e-07
      vertex 20.0533 21.1368 5.72205e-07
    endloop
  endfacet
  facet normal 0 0 -1
    outer loop
      vertex 19.8246 20.3566 5.72205e-07
      vertex 20.009 20.4941 5.72205e-07
      vertex 19.9283 20.4139 5.72205e-07
    endloop
  endfacet
  facet normal -0 0 -1
    outer loop
      vertex 20.0533 21.1368 5.72205e-07
      vertex 18.9736 20.7457 5.72205e-07
      vertex 20.02 21.2039 5.72205e-07
    endloop
  endfacet
  facet normal 0 0 -1
    outer loop
      vertex 20.0666 20.5972 5.72205e-07
      vertex 19.8246 20.3566 5.72205e-07
      vertex 19.6979 20.3222 5.72205e-07
    endloop
  endfacet
  facet normal 0 0 -1
    outer loop
      vertex 18.9552 20.8212 5.72205e-07
      vertex 20.02 21.2039 5.72205e-07
      vertex 18.9736 20.7457 5.72205e-07
    endloop
  endfacet
  facet normal -0 0 -1
    outer loop
      vertex 20.02 21.2039 5.72205e-07
      vertex 18.9552 20.8212 5.72205e-07
      vertex 19.9792 21.2713 5.72205e-07
    endloop
  endfacet
  facet normal 0 0 -1
    outer loop
      vertex 18.9409 20.9028 5.72205e-07
      vertex 19.9792 21.2713 5.72205e-07
      vertex 18.9552 20.8212 5.72205e-07
    endloop
  endfacet
  facet normal -0 0 -1
    outer loop
      vertex 19.8737 21.4098 5.72205e-07
      vertex 18.9409 20.9028 5.72205e-07
      vertex 19.8053 21.4856 5.72205e-07
    endloop
  endfacet
  facet normal -0 0 -1
    outer loop
      vertex 19.9311 21.3391 5.72205e-07
      vertex 18.9409 20.9028 5.72205e-07
      vertex 19.8737 21.4098 5.72205e-07
    endloop
  endfacet
  facet normal -0 0 -1
    outer loop
      vertex 19.7258 21.5667 5.72205e-07
      vertex 18.9409 20.9028 5.72205e-07
      vertex 19.6354 21.653 5.72205e-07
    endloop
  endfacet
  facet normal 0 0 -1
    outer loop
      vertex 18.9736 20.7457 5.72205e-07
      vertex 19.5481 20.3108 5.72205e-07
      vertex 19.4723 20.3138 5.72205e-07
    endloop
  endfacet
  facet normal -0 0 -1
    outer loop
      vertex 19.6354 21.653 5.72205e-07
      vertex 18.9409 20.9028 5.72205e-07
      vertex 19.5339 21.7446 5.72205e-07
    endloop
  endfacet
  facet normal 0 0 -1
    outer loop
      vertex 18.9963 20.6762 5.72205e-07
      vertex 19.4723 20.3138 5.72205e-07
      vertex 19.4018 20.3228 5.72205e-07
    endloop
  endfacet
  facet normal 0 0 -1
    outer loop
      vertex 19.0231 20.6128 5.72205e-07
      vertex 19.4018 20.3228 5.72205e-07
      vertex 19.3366 20.3379 5.72205e-07
    endloop
  endfacet
  facet normal -0 0 -1
    outer loop
      vertex 19.5339 21.7446 5.72205e-07
      vertex 18.9409 20.9028 5.72205e-07
      vertex 19.4214 21.8413 5.72205e-07
    endloop
  endfacet
  facet normal 0 0 -1
    outer loop
      vertex 19.0541 20.5554 5.72205e-07
      vertex 19.3366 20.3379 5.72205e-07
      vertex 19.2766 20.3591 5.72205e-07
    endloop
  endfacet
  facet normal 0 0 -1
    outer loop
      vertex 19.0892 20.5041 5.72205e-07
      vertex 19.2766 20.3591 5.72205e-07
      vertex 19.222 20.3863 5.72205e-07
    endloop
  endfacet
  facet normal 0 0 -1
    outer loop
      vertex 19.0892 20.5041 5.72205e-07
      vertex 19.222 20.3863 5.72205e-07
      vertex 19.1726 20.4195 5.72205e-07
    endloop
  endfacet
  facet normal -0 0 -1
    outer loop
      vertex 19.4214 21.8413 5.72205e-07
      vertex 18.9409 20.9028 5.72205e-07
      vertex 19.2979 21.9433 5.72205e-07
    endloop
  endfacet
  facet normal 0 0 -1
    outer loop
      vertex 19.0892 20.5041 5.72205e-07
      vertex 19.1726 20.4195 5.72205e-07
      vertex 19.1286 20.4588 5.72205e-07
    endloop
  endfacet
  facet normal 0 0 -1
    outer loop
      vertex 19.2766 20.3591 5.72205e-07
      vertex 19.0892 20.5041 5.72205e-07
      vertex 19.0541 20.5554 5.72205e-07
    endloop
  endfacet
  facet normal 0 0 -1
    outer loop
      vertex 19.3366 20.3379 5.72205e-07
      vertex 19.0541 20.5554 5.72205e-07
      vertex 19.0231 20.6128 5.72205e-07
    endloop
  endfacet
  facet normal -0 0 -1
    outer loop
      vertex 19.2979 21.9433 5.72205e-07
      vertex 18.9409 20.9028 5.72205e-07
      vertex 19.1669 22.0517 5.72205e-07
    endloop
  endfacet
  facet normal 0 0 -1
    outer loop
      vertex 19.4018 20.3228 5.72205e-07
      vertex 19.0231 20.6128 5.72205e-07
      vertex 18.9963 20.6762 5.72205e-07
    endloop
  endfacet
  facet normal 0 0 -1
    outer loop
      vertex 19.4723 20.3138 5.72205e-07
      vertex 18.9963 20.6762 5.72205e-07
      vertex 18.9736 20.7457 5.72205e-07
    endloop
  endfacet
  facet normal -0 0 -1
    outer loop
      vertex 19.9792 21.2713 5.72205e-07
      vertex 18.9409 20.9028 5.72205e-07
      vertex 19.9311 21.3391 5.72205e-07
    endloop
  endfacet
  facet normal -0 0 -1
    outer loop
      vertex 19.8053 21.4856 5.72205e-07
      vertex 18.9409 20.9028 5.72205e-07
      vertex 19.7258 21.5667 5.72205e-07
    endloop
  endfacet
  facet normal -0 0 -1
    outer loop
      vertex 19.1669 22.0517 5.72205e-07
      vertex 18.9409 20.9028 5.72205e-07
      vertex 19.0424 22.1588 5.72205e-07
    endloop
  endfacet
  facet normal 0 0 -1
    outer loop
      vertex 18.0773 20.8539 5.72205e-07
      vertex 19.0424 22.1588 5.72205e-07
      vertex 18.9409 20.9028 5.72205e-07
    endloop
  endfacet
  facet normal -0 0 -1
    outer loop
      vertex 19.0424 22.1588 5.72205e-07
      vertex 18.0773 20.8539 5.72205e-07
      vertex 18.9245 22.2647 5.72205e-07
    endloop
  endfacet
  facet normal 0 0 -1
    outer loop
      vertex 17.6225 21.9982 5.72205e-07
      vertex 18.9245 22.2647 5.72205e-07
      vertex 18.0773 20.8539 5.72205e-07
    endloop
  endfacet
  facet normal -0 0 -1
    outer loop
      vertex 18.9245 22.2647 5.72205e-07
      vertex 17.6225 21.9982 5.72205e-07
      vertex 18.8131 22.3693 5.72205e-07
    endloop
  endfacet
  facet normal -0 0 -1
    outer loop
      vertex 18.8131 22.3693 5.72205e-07
      vertex 17.6225 21.9982 5.72205e-07
      vertex 18.7083 22.4727 5.72205e-07
    endloop
  endfacet
  facet normal -0 0 -1
    outer loop
      vertex 18.7083 22.4727 5.72205e-07
      vertex 17.6225 21.9982 5.72205e-07
      vertex 18.61 22.5748 5.72205e-07
    endloop
  endfacet
  facet normal -0 0 -1
    outer loop
      vertex 18.61 22.5748 5.72205e-07
      vertex 17.6225 21.9982 5.72205e-07
      vertex 18.5182 22.6757 5.72205e-07
    endloop
  endfacet
  facet normal -0 0 -1
    outer loop
      vertex 18.5182 22.6757 5.72205e-07
      vertex 17.6225 21.9982 5.72205e-07
      vertex 18.4326 22.7764 5.72205e-07
    endloop
  endfacet
  facet normal 0 0 -1
    outer loop
      vertex 17.6225 22.7429 5.72205e-07
      vertex 18.4326 22.7764 5.72205e-07
      vertex 17.6225 21.9982 5.72205e-07
    endloop
  endfacet
  facet normal -0 0 -1
    outer loop
      vertex 18.4326 22.7764 5.72205e-07
      vertex 17.6225 22.7429 5.72205e-07
      vertex 18.3528 22.8777 5.72205e-07
    endloop
  endfacet
  facet normal -0 0 -1
    outer loop
      vertex 18.3528 22.8777 5.72205e-07
      vertex 17.6225 22.7429 5.72205e-07
      vertex 18.2788 22.9799 5.72205e-07
    endloop
  endfacet
  facet normal -0 0 -1
    outer loop
      vertex 18.2788 22.9799 5.72205e-07
      vertex 17.6225 22.7429 5.72205e-07
      vertex 18.2106 23.0828 5.72205e-07
    endloop
  endfacet
  facet normal -0 0 -1
    outer loop
      vertex 18.2106 23.0828 5.72205e-07
      vertex 17.6225 22.7429 5.72205e-07
      vertex 18.1482 23.1864 5.72205e-07
    endloop
  endfacet
  facet normal 0 0 -1
    outer loop
      vertex 30.058 23.1151 5.72205e-07
      vertex 28.102 23.1151 5.72205e-07
      vertex 30.058 23.9909 5.72205e-07
    endloop
  endfacet
  facet normal 0 0 -1
    outer loop
      vertex 37.4 2.67029e-07 5.72205e-07
      vertex 39.4 2 5.72205e-07
      vertex 39.3829 1.73895 5.72205e-07
    endloop
  endfacet
  facet normal 0 0 -1
    outer loop
      vertex 39.4 2 5.72205e-07
      vertex 34.548 20.4782 5.72205e-07
      vertex 39.4 29.78 5.72205e-07
    endloop
  endfacet
  facet normal 0 0 -1
    outer loop
      vertex 37.4 2.67029e-07 5.72205e-07
      vertex 39.3829 1.73895 5.72205e-07
      vertex 39.3319 1.48236 5.72205e-07
    endloop
  endfacet
  facet normal 0 -0 -1
    outer loop
      vertex 34.5709 20.6198 5.72205e-07
      vertex 39.4 29.78 5.72205e-07
      vertex 34.548 20.4782 5.72205e-07
    endloop
  endfacet
  facet normal 0 0 -1
    outer loop
      vertex 37.4 2.67029e-07 5.72205e-07
      vertex 39.3319 1.48236 5.72205e-07
      vertex 39.2478 1.23463 5.72205e-07
    endloop
  endfacet
  facet normal 0 -0 -1
    outer loop
      vertex 34.5785 20.7716 5.72205e-07
      vertex 39.4 29.78 5.72205e-07
      vertex 34.5709 20.6198 5.72205e-07
    endloop
  endfacet
  facet normal 0 0 -1
    outer loop
      vertex 37.4 2.67029e-07 5.72205e-07
      vertex 39.2478 1.23463 5.72205e-07
      vertex 39.132 1 5.72205e-07
    endloop
  endfacet
  facet normal 0 -0 -1
    outer loop
      vertex 34.666 22.5464 5.72205e-07
      vertex 39.4 29.78 5.72205e-07
      vertex 34.5785 20.7716 5.72205e-07
    endloop
  endfacet
  facet normal 0 0 -1
    outer loop
      vertex 37.4 2.67029e-07 5.72205e-07
      vertex 39.132 1 5.72205e-07
      vertex 38.9867 0.782478 5.72205e-07
    endloop
  endfacet
  facet normal 0 -0 -1
    outer loop
      vertex 34.6805 22.6597 5.72205e-07
      vertex 39.4 29.78 5.72205e-07
      vertex 34.666 22.5464 5.72205e-07
    endloop
  endfacet
  facet normal 0 0 -1
    outer loop
      vertex 37.4 2.67029e-07 5.72205e-07
      vertex 38.9867 0.782478 5.72205e-07
      vertex 38.8142 0.585787 5.72205e-07
    endloop
  endfacet
  facet normal 0 0 -1
    outer loop
      vertex 34.6772 22.9466 5.72205e-07
      vertex 39.4 29.78 5.72205e-07
      vertex 34.6853 22.7794 5.72205e-07
    endloop
  endfacet
  facet normal 0 0 -1
    outer loop
      vertex 37.4 2.67029e-07 5.72205e-07
      vertex 38.8142 0.585787 5.72205e-07
      vertex 38.6175 0.413294 5.72205e-07
    endloop
  endfacet
  facet normal 0 0 -1
    outer loop
      vertex 34.6527 23.1027 5.72205e-07
      vertex 39.4 29.78 5.72205e-07
      vertex 34.6772 22.9466 5.72205e-07
    endloop
  endfacet
  facet normal 0 0 -1
    outer loop
      vertex 37.4 2.67029e-07 5.72205e-07
      vertex 38.6175 0.413294 5.72205e-07
      vertex 38.4 0.267949 5.72205e-07
    endloop
  endfacet
  facet normal 0 0 -1
    outer loop
      vertex 34.5548 23.3818 5.72205e-07
      vertex 39.4 29.78 5.72205e-07
      vertex 34.6119 23.2477 5.72205e-07
    endloop
  endfacet
  facet normal 0 0 -1
    outer loop
      vertex 37.4 2.67029e-07 5.72205e-07
      vertex 38.4 0.267949 5.72205e-07
      vertex 38.1654 0.152241 5.72205e-07
    endloop
  endfacet
  facet normal 0 0 -1
    outer loop
      vertex 34.4814 23.5048 5.72205e-07
      vertex 39.4 29.78 5.72205e-07
      vertex 34.5548 23.3818 5.72205e-07
    endloop
  endfacet
  facet normal 0 0 -1
    outer loop
      vertex 37.4 2.67029e-07 5.72205e-07
      vertex 38.1654 0.152241 5.72205e-07
      vertex 37.9176 0.0681489 5.72205e-07
    endloop
  endfacet
  facet normal 0 0 -1
    outer loop
      vertex 34.3916 23.6168 5.72205e-07
      vertex 39.4 29.78 5.72205e-07
      vertex 34.4814 23.5048 5.72205e-07
    endloop
  endfacet
  facet normal 0 0 -1
    outer loop
      vertex 37.4 2.67029e-07 5.72205e-07
      vertex 37.9176 0.0681489 5.72205e-07
      vertex 37.6611 0.0171111 5.72205e-07
    endloop
  endfacet
  facet normal 0 0 -1
    outer loop
      vertex 34.2856 23.7178 5.72205e-07
      vertex 39.4 29.78 5.72205e-07
      vertex 34.3916 23.6168 5.72205e-07
    endloop
  endfacet
  facet normal -0 0 -1
    outer loop
      vertex 39.4 2 5.72205e-07
      vertex 37.4 2.67029e-07 5.72205e-07
      vertex 24.7 9.89 5.72205e-07
    endloop
  endfacet
  facet normal 0 0 -1
    outer loop
      vertex 34.1644 23.8065 5.72205e-07
      vertex 39.4 29.78 5.72205e-07
      vertex 34.2856 23.7178 5.72205e-07
    endloop
  endfacet
  facet normal 0 0 -1
    outer loop
      vertex 34.0292 23.8815 5.72205e-07
      vertex 39.4 29.78 5.72205e-07
      vertex 34.1644 23.8065 5.72205e-07
    endloop
  endfacet
  facet normal 0 0 -1
    outer loop
      vertex 39.3829 30.0411 5.72205e-07
      vertex 37.4 31.78 5.72205e-07
      vertex 39.3319 30.2976 5.72205e-07
    endloop
  endfacet
  facet normal 0 0 -1
    outer loop
      vertex 39.4 29.78 5.72205e-07
      vertex 37.4 31.78 5.72205e-07
      vertex 39.3829 30.0411 5.72205e-07
    endloop
  endfacet
  facet normal 0 -0 -1
    outer loop
      vertex 34.6853 22.7794 5.72205e-07
      vertex 39.4 29.78 5.72205e-07
      vertex 34.6805 22.6597 5.72205e-07
    endloop
  endfacet
  facet normal 0 0 -1
    outer loop
      vertex 34.5742 20.8701 5.72205e-07
      vertex 34.666 22.5464 5.72205e-07
      vertex 34.5785 20.7716 5.72205e-07
    endloop
  endfacet
  facet normal 0 0 -1
    outer loop
      vertex 34.666 22.5464 5.72205e-07
      vertex 34.5742 20.8701 5.72205e-07
      vertex 34.6419 22.4395 5.72205e-07
    endloop
  endfacet
  facet normal 0 0 -1
    outer loop
      vertex 33.8801 23.9428 5.72205e-07
      vertex 39.4 29.78 5.72205e-07
      vertex 34.0292 23.8815 5.72205e-07
    endloop
  endfacet
  facet normal 0 0 -1
    outer loop
      vertex 34.6119 23.2477 5.72205e-07
      vertex 39.4 29.78 5.72205e-07
      vertex 34.6527 23.1027 5.72205e-07
    endloop
  endfacet
  facet normal 0 0 -1
    outer loop
      vertex 39.4 2 5.72205e-07
      vertex 34.5099 20.347 5.72205e-07
      vertex 34.548 20.4782 5.72205e-07
    endloop
  endfacet
  facet normal 0 0 -1
    outer loop
      vertex 39.4 2 5.72205e-07
      vertex 34.4565 20.226 5.72205e-07
      vertex 34.5099 20.347 5.72205e-07
    endloop
  endfacet
  facet normal 0 0 -1
    outer loop
      vertex 39.4 2 5.72205e-07
      vertex 34.3878 20.1153 5.72205e-07
      vertex 34.4565 20.226 5.72205e-07
    endloop
  endfacet
  facet normal 0 0 -1
    outer loop
      vertex 39.4 2 5.72205e-07
      vertex 34.3039 20.0149 5.72205e-07
      vertex 34.3878 20.1153 5.72205e-07
    endloop
  endfacet
  facet normal 0 0 -1
    outer loop
      vertex 39.4 2 5.72205e-07
      vertex 34.2047 19.9247 5.72205e-07
      vertex 34.3039 20.0149 5.72205e-07
    endloop
  endfacet
  facet normal 0 0 -1
    outer loop
      vertex 39.4 2 5.72205e-07
      vertex 34.0913 19.8458 5.72205e-07
      vertex 34.2047 19.9247 5.72205e-07
    endloop
  endfacet
  facet normal 0 0 -1
    outer loop
      vertex 39.4 2 5.72205e-07
      vertex 33.9646 19.779 5.72205e-07
      vertex 34.0913 19.8458 5.72205e-07
    endloop
  endfacet
  facet normal 0 0 -1
    outer loop
      vertex 39.4 2 5.72205e-07
      vertex 33.8246 19.7244 5.72205e-07
      vertex 33.9646 19.779 5.72205e-07
    endloop
  endfacet
  facet normal 0 0 -1
    outer loop
      vertex 39.4 2 5.72205e-07
      vertex 33.6714 19.6819 5.72205e-07
      vertex 33.8246 19.7244 5.72205e-07
    endloop
  endfacet
  facet normal 0 0 -1
    outer loop
      vertex 39.4 2 5.72205e-07
      vertex 33.5049 19.6515 5.72205e-07
      vertex 33.6714 19.6819 5.72205e-07
    endloop
  endfacet
  facet normal 0 -0 -1
    outer loop
      vertex 33.3251 19.6333 5.72205e-07
      vertex 39.4 2 5.72205e-07
      vertex 24.7 9.89 5.72205e-07
    endloop
  endfacet
  facet normal 0 0 -1
    outer loop
      vertex 39.4 2 5.72205e-07
      vertex 33.3251 19.6333 5.72205e-07
      vertex 33.5049 19.6515 5.72205e-07
    endloop
  endfacet
  facet normal 0 0 -1
    outer loop
      vertex 33.3251 19.6333 5.72205e-07
      vertex 24.7 9.89 5.72205e-07
      vertex 33.1321 19.6272 5.72205e-07
    endloop
  endfacet
  facet normal -0 0 -1
    outer loop
      vertex 33.1321 19.6272 5.72205e-07
      vertex 24.7 9.89 5.72205e-07
      vertex 32.9431 19.6334 5.72205e-07
    endloop
  endfacet
  facet normal -0 0 -1
    outer loop
      vertex 32.9431 19.6334 5.72205e-07
      vertex 24.7 9.89 5.72205e-07
      vertex 32.7668 19.6521 5.72205e-07
    endloop
  endfacet
  facet normal 0 -0 -1
    outer loop
      vertex 30.8759 19.6913 5.72205e-07
      vertex 32.7668 19.6521 5.72205e-07
      vertex 24.7 9.89 5.72205e-07
    endloop
  endfacet
  facet normal 0 0 -1
    outer loop
      vertex 32.7668 19.6521 5.72205e-07
      vertex 30.8759 19.6913 5.72205e-07
      vertex 32.6031 19.6833 5.72205e-07
    endloop
  endfacet
  facet normal 0 0 -1
    outer loop
      vertex 32.6031 19.6833 5.72205e-07
      vertex 30.8759 19.6913 5.72205e-07
      vertex 32.452 19.7269 5.72205e-07
    endloop
  endfacet
  facet normal -0 0 -1
    outer loop
      vertex 32.452 19.7269 5.72205e-07
      vertex 30.8759 19.6913 5.72205e-07
      vertex 32.3136 19.7829 5.72205e-07
    endloop
  endfacet
  facet normal -0 0 -1
    outer loop
      vertex 32.3136 19.7829 5.72205e-07
      vertex 30.8759 19.6913 5.72205e-07
      vertex 32.1879 19.8514 5.72205e-07
    endloop
  endfacet
  facet normal -0 0 -1
    outer loop
      vertex 32.1879 19.8514 5.72205e-07
      vertex 30.8759 19.6913 5.72205e-07
      vertex 32.0747 19.9324 5.72205e-07
    endloop
  endfacet
  facet normal -0 0 -1
    outer loop
      vertex 31.9756 20.0241 5.72205e-07
      vertex 30.8759 19.6913 5.72205e-07
      vertex 31.8917 20.125 5.72205e-07
    endloop
  endfacet
  facet normal -0 0 -1
    outer loop
      vertex 31.8917 20.125 5.72205e-07
      vertex 30.8759 19.6913 5.72205e-07
      vertex 31.823 20.2349 5.72205e-07
    endloop
  endfacet
  facet normal -0 0 -1
    outer loop
      vertex 31.823 20.2349 5.72205e-07
      vertex 30.8759 19.6913 5.72205e-07
      vertex 31.7696 20.3539 5.72205e-07
    endloop
  endfacet
  facet normal 0 0 -1
    outer loop
      vertex 31.7184 20.9593 5.72205e-07
      vertex 31.6439 22.4563 5.72205e-07
      vertex 31.6779 22.3571 5.72205e-07
    endloop
  endfacet
  facet normal 0 0 -1
    outer loop
      vertex 31.7053 20.864 5.72205e-07
      vertex 31.4496 22.4774 5.72205e-07
      vertex 31.6439 22.4563 5.72205e-07
    endloop
  endfacet
  facet normal 0 0 -1
    outer loop
      vertex 31.6439 22.4563 5.72205e-07
      vertex 31.4496 22.4774 5.72205e-07
      vertex 31.6196 22.5607 5.72205e-07
    endloop
  endfacet
  facet normal -0 0 -1
    outer loop
      vertex 31.6051 22.6705 5.72205e-07
      vertex 31.4496 22.4774 5.72205e-07
      vertex 31.6002 22.7856 5.72205e-07
    endloop
  endfacet
  facet normal -0 0 -1
    outer loop
      vertex 31.6196 22.5607 5.72205e-07
      vertex 31.4496 22.4774 5.72205e-07
      vertex 31.6051 22.6705 5.72205e-07
    endloop
  endfacet
  facet normal 0 0 -1
    outer loop
      vertex 30.8759 19.6913 5.72205e-07
      vertex 31.7009 20.7654 5.72205e-07
      vertex 31.7086 20.6192 5.72205e-07
    endloop
  endfacet
  facet normal -0 0 -1
    outer loop
      vertex 31.7053 20.864 5.72205e-07
      vertex 30.8759 19.6913 5.72205e-07
      vertex 30.8759 22.4774 5.72205e-07
    endloop
  endfacet
  facet normal -0 0 -1
    outer loop
      vertex 31.7314 20.482 5.72205e-07
      vertex 30.8759 19.6913 5.72205e-07
      vertex 31.7086 20.6192 5.72205e-07
    endloop
  endfacet
  facet normal -0 0 -1
    outer loop
      vertex 31.7696 20.3539 5.72205e-07
      vertex 30.8759 19.6913 5.72205e-07
      vertex 31.7314 20.482 5.72205e-07
    endloop
  endfacet
  facet normal -0 0 -1
    outer loop
      vertex 32.0747 19.9324 5.72205e-07
      vertex 30.8759 19.6913 5.72205e-07
      vertex 31.9756 20.0241 5.72205e-07
    endloop
  endfacet
  facet normal -0 0 -1
    outer loop
      vertex 30.8759 19.6913 5.72205e-07
      vertex 24.7 9.89 5.72205e-07
      vertex 29.9177 19.6913 5.72205e-07
    endloop
  endfacet
  facet normal 0 0 -1
    outer loop
      vertex 27.8482 22.0876 5.72205e-07
      vertex 28.102 22.4712 5.72205e-07
      vertex 27.8568 21.7724 5.72205e-07
    endloop
  endfacet
  facet normal 0 -0 -1
    outer loop
      vertex 27.826 21.2026 5.72205e-07
      vertex 29.9177 19.6913 5.72205e-07
      vertex 27.7875 20.9507 5.72205e-07
    endloop
  endfacet
  facet normal 0 0 -1
    outer loop
      vertex 28.102 22.4712 5.72205e-07
      vertex 27.8491 21.4765 5.72205e-07
      vertex 27.8568 21.7724 5.72205e-07
    endloop
  endfacet
  facet normal 0 0 -1
    outer loop
      vertex 29.9177 19.6913 5.72205e-07
      vertex 27.8491 21.4765 5.72205e-07
      vertex 28.102 22.4712 5.72205e-07
    endloop
  endfacet
  facet normal 0 -0 -1
    outer loop
      vertex 27.8491 21.4765 5.72205e-07
      vertex 29.9177 19.6913 5.72205e-07
      vertex 27.826 21.2026 5.72205e-07
    endloop
  endfacet
  facet normal 0 0 -1
    outer loop
      vertex 29.9177 19.6913 5.72205e-07
      vertex 27.7337 20.7207 5.72205e-07
      vertex 27.7875 20.9507 5.72205e-07
    endloop
  endfacet
  facet normal 0 0 -1
    outer loop
      vertex 29.9177 19.6913 5.72205e-07
      vertex 27.6645 20.5127 5.72205e-07
      vertex 27.7337 20.7207 5.72205e-07
    endloop
  endfacet
  facet normal 0 0 -1
    outer loop
      vertex 29.9177 19.6913 5.72205e-07
      vertex 27.5799 20.3268 5.72205e-07
      vertex 27.6645 20.5127 5.72205e-07
    endloop
  endfacet
  facet normal 0 0 -1
    outer loop
      vertex 29.9177 19.6913 5.72205e-07
      vertex 27.4799 20.1628 5.72205e-07
      vertex 27.5799 20.3268 5.72205e-07
    endloop
  endfacet
  facet normal 0 0 -1
    outer loop
      vertex 29.9177 19.6913 5.72205e-07
      vertex 27.3641 20.0207 5.72205e-07
      vertex 27.4799 20.1628 5.72205e-07
    endloop
  endfacet
  facet normal 0 -0 -1
    outer loop
      vertex 26.7399 19.6709 5.72205e-07
      vertex 29.9177 19.6913 5.72205e-07
      vertex 24.7 9.89 5.72205e-07
    endloop
  endfacet
  facet normal 0 0 -1
    outer loop
      vertex 29.9177 19.6913 5.72205e-07
      vertex 27.2323 19.9004 5.72205e-07
      vertex 27.3641 20.0207 5.72205e-07
    endloop
  endfacet
  facet normal 0 0 -1
    outer loop
      vertex 29.9177 19.6913 5.72205e-07
      vertex 27.0842 19.8021 5.72205e-07
      vertex 27.2323 19.9004 5.72205e-07
    endloop
  endfacet
  facet normal 0 0 -1
    outer loop
      vertex 29.9177 19.6913 5.72205e-07
      vertex 26.9201 19.7256 5.72205e-07
      vertex 27.0842 19.8021 5.72205e-07
    endloop
  endfacet
  facet normal -0 0 -1
    outer loop
      vertex 29.9177 19.6913 5.72205e-07
      vertex 26.7399 19.6709 5.72205e-07
      vertex 26.9201 19.7256 5.72205e-07
    endloop
  endfacet
  facet normal 0 0 -1
    outer loop
      vertex 26.7399 19.6709 5.72205e-07
      vertex 24.7 9.89 5.72205e-07
      vertex 26.5435 19.6381 5.72205e-07
    endloop
  endfacet
  facet normal 0 0 -1
    outer loop
      vertex 26.5435 19.6381 5.72205e-07
      vertex 24.7 9.89 5.72205e-07
      vertex 26.3309 19.6272 5.72205e-07
    endloop
  endfacet
  facet normal -0 0 -1
    outer loop
      vertex 26.3309 19.6272 5.72205e-07
      vertex 24.7 9.89 5.72205e-07
      vertex 26.1327 19.635 5.72205e-07
    endloop
  endfacet
  facet normal -0 0 -1
    outer loop
      vertex 26.1327 19.635 5.72205e-07
      vertex 24.7 9.89 5.72205e-07
      vertex 25.9477 19.6583 5.72205e-07
    endloop
  endfacet
  facet normal -0 0 -1
    outer loop
      vertex 25.9477 19.6583 5.72205e-07
      vertex 24.7 9.89 5.72205e-07
      vertex 25.776 19.6973 5.72205e-07
    endloop
  endfacet
  facet normal 0 0 -1
    outer loop
      vertex 23.7054 19.8076 5.72205e-07
      vertex 25.776 19.6973 5.72205e-07
      vertex 24.7 9.89 5.72205e-07
    endloop
  endfacet
  facet normal 0 0 -1
    outer loop
      vertex 25.776 19.6973 5.72205e-07
      vertex 23.7054 19.8076 5.72205e-07
      vertex 25.6175 19.7518 5.72205e-07
    endloop
  endfacet
  facet normal 0 0 -1
    outer loop
      vertex 25.6175 19.7518 5.72205e-07
      vertex 23.7054 19.8076 5.72205e-07
      vertex 25.4723 19.8218 5.72205e-07
    endloop
  endfacet
  facet normal -0 0 -1
    outer loop
      vertex 25.4723 19.8218 5.72205e-07
      vertex 23.7054 19.8076 5.72205e-07
      vertex 25.3404 19.9075 5.72205e-07
    endloop
  endfacet
  facet normal 0 -0 -1
    outer loop
      vertex 23.8482 19.909 5.72205e-07
      vertex 25.3404 19.9075 5.72205e-07
      vertex 23.7054 19.8076 5.72205e-07
    endloop
  endfacet
  facet normal 0 0 -1
    outer loop
      vertex 24.4306 21.5344 5.72205e-07
      vertex 24.8376 20.88 5.72205e-07
      vertex 24.8616 20.7046 5.72205e-07
    endloop
  endfacet
  facet normal 0 0 -1
    outer loop
      vertex 24.4306 21.5344 5.72205e-07
      vertex 24.8616 20.7046 5.72205e-07
      vertex 24.9016 20.5412 5.72205e-07
    endloop
  endfacet
  facet normal 0 0 -1
    outer loop
      vertex 24.9576 20.39 5.72205e-07
      vertex 24.4306 21.5344 5.72205e-07
      vertex 24.9016 20.5412 5.72205e-07
    endloop
  endfacet
  facet normal 0 0 -1
    outer loop
      vertex 25.2217 20.0087 5.72205e-07
      vertex 23.9744 20.033 5.72205e-07
      vertex 25.1177 20.1237 5.72205e-07
    endloop
  endfacet
  facet normal 0 -0 -1
    outer loop
      vertex 23.9744 20.033 5.72205e-07
      vertex 25.2217 20.0087 5.72205e-07
      vertex 23.8482 19.909 5.72205e-07
    endloop
  endfacet
  facet normal 0 0 -1
    outer loop
      vertex 25.3404 19.9075 5.72205e-07
      vertex 23.8482 19.909 5.72205e-07
      vertex 25.2217 20.0087 5.72205e-07
    endloop
  endfacet
  facet normal 0 0 -1
    outer loop
      vertex 37.4 2.67029e-07 5.72205e-07
      vertex 20.2 6.64 5.72205e-07
      vertex 24.7 9.89 5.72205e-07
    endloop
  endfacet
  facet normal 0 0 -1
    outer loop
      vertex 20.2 6.64 5.72205e-07
      vertex 14.7 8.69 5.72205e-07
      vertex 20.2 8.69 5.72205e-07
    endloop
  endfacet
  facet normal 0 0 -1
    outer loop
      vertex 2 2.67029e-07 5.72205e-07
      vertex 20.2 6.64 5.72205e-07
      vertex 37.4 2.67029e-07 5.72205e-07
    endloop
  endfacet
  facet normal 0 0 -1
    outer loop
      vertex 0 2 5.72205e-07
      vertex 14.7 11.09 5.72205e-07
      vertex 14.7 8.69 5.72205e-07
    endloop
  endfacet
  facet normal 0 0 -1
    outer loop
      vertex 14.7 11.09 5.72205e-07
      vertex 12.3306 19.6913 5.72205e-07
      vertex 14.2959 19.6913 5.72205e-07
    endloop
  endfacet
  facet normal 0 -0 -1
    outer loop
      vertex 13.0996 22.0959 5.72205e-07
      vertex 14.2959 19.6913 5.72205e-07
      vertex 12.3306 19.6913 5.72205e-07
    endloop
  endfacet
  facet normal 0 0 -1
    outer loop
      vertex 13.5055 22.2149 5.72205e-07
      vertex 13.1668 22.3278 5.72205e-07
      vertex 13.3132 22.9046 5.72205e-07
    endloop
  endfacet
  facet normal -0 0 -1
    outer loop
      vertex 13.5055 22.2149 5.72205e-07
      vertex 13.0996 22.0959 5.72205e-07
      vertex 13.1668 22.3278 5.72205e-07
    endloop
  endfacet
  facet normal 0 0 -1
    outer loop
      vertex 14.2959 19.6913 5.72205e-07
      vertex 13.0996 22.0959 5.72205e-07
      vertex 13.5055 22.2149 5.72205e-07
    endloop
  endfacet
  facet normal 0 0 -1
    outer loop
      vertex 14.7 11.09 5.72205e-07
      vertex 11.1252 19.6913 5.72205e-07
      vertex 12.3306 19.6913 5.72205e-07
    endloop
  endfacet
  facet normal 0 0 -1
    outer loop
      vertex 11.1252 19.6913 5.72205e-07
      vertex 10.6418 22.8222 5.72205e-07
      vertex 11.1252 23.9909 5.72205e-07
    endloop
  endfacet
  facet normal 0 0 -1
    outer loop
      vertex 11.1252 19.6913 5.72205e-07
      vertex 10.5869 20.8234 5.72205e-07
      vertex 10.6418 22.8222 5.72205e-07
    endloop
  endfacet
  facet normal 0 0 -1
    outer loop
      vertex 14.7 11.09 5.72205e-07
      vertex 9.28286 19.683 5.72205e-07
      vertex 11.1252 19.6913 5.72205e-07
    endloop
  endfacet
  facet normal 0 0 -1
    outer loop
      vertex 11.1252 19.6913 5.72205e-07
      vertex 10.5262 20.661 5.72205e-07
      vertex 10.5869 20.8234 5.72205e-07
    endloop
  endfacet
  facet normal 0 0 -1
    outer loop
      vertex 11.1252 19.6913 5.72205e-07
      vertex 10.4539 20.5102 5.72205e-07
      vertex 10.5262 20.661 5.72205e-07
    endloop
  endfacet
  facet normal 0 0 -1
    outer loop
      vertex 11.1252 19.6913 5.72205e-07
      vertex 10.37 20.371 5.72205e-07
      vertex 10.4539 20.5102 5.72205e-07
    endloop
  endfacet
  facet normal 0 0 -1
    outer loop
      vertex 11.1252 19.6913 5.72205e-07
      vertex 10.2745 20.2435 5.72205e-07
      vertex 10.37 20.371 5.72205e-07
    endloop
  endfacet
  facet normal 0 0 -1
    outer loop
      vertex 11.1252 19.6913 5.72205e-07
      vertex 10.1674 20.1277 5.72205e-07
      vertex 10.2745 20.2435 5.72205e-07
    endloop
  endfacet
  facet normal 0 0 -1
    outer loop
      vertex 11.1252 19.6913 5.72205e-07
      vertex 10.0488 20.0234 5.72205e-07
      vertex 10.1674 20.1277 5.72205e-07
    endloop
  endfacet
  facet normal 0 0 -1
    outer loop
      vertex 11.1252 19.6913 5.72205e-07
      vertex 9.91855 19.9309 5.72205e-07
      vertex 10.0488 20.0234 5.72205e-07
    endloop
  endfacet
  facet normal 0 0 -1
    outer loop
      vertex 11.1252 19.6913 5.72205e-07
      vertex 9.77683 19.8503 5.72205e-07
      vertex 9.91855 19.9309 5.72205e-07
    endloop
  endfacet
  facet normal 0 0 -1
    outer loop
      vertex 11.1252 19.6913 5.72205e-07
      vertex 9.62363 19.7821 5.72205e-07
      vertex 9.77683 19.8503 5.72205e-07
    endloop
  endfacet
  facet normal 0 0 -1
    outer loop
      vertex 11.1252 19.6913 5.72205e-07
      vertex 9.45897 19.7264 5.72205e-07
      vertex 9.62363 19.7821 5.72205e-07
    endloop
  endfacet
  facet normal -0 0 -1
    outer loop
      vertex 11.1252 19.6913 5.72205e-07
      vertex 9.28286 19.683 5.72205e-07
      vertex 9.45897 19.7264 5.72205e-07
    endloop
  endfacet
  facet normal 0 0 -1
    outer loop
      vertex 14.7 11.09 5.72205e-07
      vertex 9.09528 19.652 5.72205e-07
      vertex 9.28286 19.683 5.72205e-07
    endloop
  endfacet
  facet normal 0 0 -1
    outer loop
      vertex 14.7 11.09 5.72205e-07
      vertex 8.89624 19.6334 5.72205e-07
      vertex 9.09528 19.652 5.72205e-07
    endloop
  endfacet
  facet normal 0 0 -1
    outer loop
      vertex 14.7 11.09 5.72205e-07
      vertex 8.68573 19.6272 5.72205e-07
      vertex 8.89624 19.6334 5.72205e-07
    endloop
  endfacet
  facet normal 0 0 -1
    outer loop
      vertex 14.7 11.09 5.72205e-07
      vertex 8.39933 19.6388 5.72205e-07
      vertex 8.68573 19.6272 5.72205e-07
    endloop
  endfacet
  facet normal 0 0 -1
    outer loop
      vertex 14.7 11.09 5.72205e-07
      vertex 8.13297 19.6735 5.72205e-07
      vertex 8.39933 19.6388 5.72205e-07
    endloop
  endfacet
  facet normal 0 0 -1
    outer loop
      vertex 14.7 11.09 5.72205e-07
      vertex 5.92195 19.6913 5.72205e-07
      vertex 8.13297 19.6735 5.72205e-07
    endloop
  endfacet
  facet normal 0 0 -1
    outer loop
      vertex 8.13297 19.6735 5.72205e-07
      vertex 5.92195 19.6913 5.72205e-07
      vertex 7.88666 19.7315 5.72205e-07
    endloop
  endfacet
  facet normal -0 0 -1
    outer loop
      vertex 7.88666 19.7315 5.72205e-07
      vertex 5.92195 19.6913 5.72205e-07
      vertex 7.66042 19.8125 5.72205e-07
    endloop
  endfacet
  facet normal -0 0 -1
    outer loop
      vertex 7.66042 19.8125 5.72205e-07
      vertex 5.92195 19.6913 5.72205e-07
      vertex 7.45421 19.9168 5.72205e-07
    endloop
  endfacet
  facet normal -0 0 -1
    outer loop
      vertex 7.45421 19.9168 5.72205e-07
      vertex 5.92195 19.6913 5.72205e-07
      vertex 7.26807 20.0442 5.72205e-07
    endloop
  endfacet
  facet normal -0 0 -1
    outer loop
      vertex 7.26807 20.0442 5.72205e-07
      vertex 5.92195 19.6913 5.72205e-07
      vertex 7.10196 20.1948 5.72205e-07
    endloop
  endfacet
  facet normal -0 0 -1
    outer loop
      vertex 6.5669 21.5287 5.72205e-07
      vertex 5.92195 19.6913 5.72205e-07
      vertex 6.55576 21.8213 5.72205e-07
    endloop
  endfacet
  facet normal -0 0 -1
    outer loop
      vertex 6.60034 21.2563 5.72205e-07
      vertex 5.92195 19.6913 5.72205e-07
      vertex 6.5669 21.5287 5.72205e-07
    endloop
  endfacet
  facet normal -0 0 -1
    outer loop
      vertex 6.65609 21.0039 5.72205e-07
      vertex 5.92195 19.6913 5.72205e-07
      vertex 6.60034 21.2563 5.72205e-07
    endloop
  endfacet
  facet normal -0 0 -1
    outer loop
      vertex 6.7341 20.7715 5.72205e-07
      vertex 5.92195 19.6913 5.72205e-07
      vertex 6.65609 21.0039 5.72205e-07
    endloop
  endfacet
  facet normal -0 0 -1
    outer loop
      vertex 6.83443 20.5592 5.72205e-07
      vertex 5.92195 19.6913 5.72205e-07
      vertex 6.7341 20.7715 5.72205e-07
    endloop
  endfacet
  facet normal -0 0 -1
    outer loop
      vertex 6.95705 20.367 5.72205e-07
      vertex 5.92195 19.6913 5.72205e-07
      vertex 6.83443 20.5592 5.72205e-07
    endloop
  endfacet
  facet normal -0 0 -1
    outer loop
      vertex 7.10196 20.1948 5.72205e-07
      vertex 5.92195 19.6913 5.72205e-07
      vertex 6.95705 20.367 5.72205e-07
    endloop
  endfacet
  facet normal 0 0 -1
    outer loop
      vertex 14.7 11.09 5.72205e-07
      vertex 5.02172 19.6913 5.72205e-07
      vertex 5.92195 19.6913 5.72205e-07
    endloop
  endfacet
  facet normal -0 0 -1
    outer loop
      vertex 14.7 11.09 5.72205e-07
      vertex 0 2 5.72205e-07
      vertex 5.02172 19.6913 5.72205e-07
    endloop
  endfacet
  facet normal 0 0 -1
    outer loop
      vertex 0 2 5.72205e-07
      vertex 14.7 8.69 5.72205e-07
      vertex 2 2.67029e-07 5.72205e-07
    endloop
  endfacet
  facet normal -0 0 -1
    outer loop
      vertex 20.2 6.64 5.72205e-07
      vertex 2 2.67029e-07 5.72205e-07
      vertex 14.7 8.69 5.72205e-07
    endloop
  endfacet
  facet normal 0 0 -1
    outer loop
      vertex 39.2478 30.5454 5.72205e-07
      vertex 37.4 31.78 5.72205e-07
      vertex 39.132 30.78 5.72205e-07
    endloop
  endfacet
  facet normal 0 0 -1
    outer loop
      vertex 39.132 30.78 5.72205e-07
      vertex 37.4 31.78 5.72205e-07
      vertex 38.9867 30.9975 5.72205e-07
    endloop
  endfacet
  facet normal 0 0 -1
    outer loop
      vertex 38.9867 30.9975 5.72205e-07
      vertex 37.4 31.78 5.72205e-07
      vertex 38.8142 31.1942 5.72205e-07
    endloop
  endfacet
  facet normal 0 0 -1
    outer loop
      vertex 38.8142 31.1942 5.72205e-07
      vertex 37.4 31.78 5.72205e-07
      vertex 38.6175 31.3667 5.72205e-07
    endloop
  endfacet
  facet normal 0 0 -1
    outer loop
      vertex 38.4 31.5121 5.72205e-07
      vertex 37.4 31.78 5.72205e-07
      vertex 38.1654 31.6278 5.72205e-07
    endloop
  endfacet
  facet normal 0 0 -1
    outer loop
      vertex 38.1654 31.6278 5.72205e-07
      vertex 37.4 31.78 5.72205e-07
      vertex 37.9176 31.7119 5.72205e-07
    endloop
  endfacet
  facet normal 0 0 -1
    outer loop
      vertex 37.9176 31.7119 5.72205e-07
      vertex 37.4 31.78 5.72205e-07
      vertex 37.6611 31.7629 5.72205e-07
    endloop
  endfacet
  facet normal 0 0 -1
    outer loop
      vertex 38.6175 31.3667 5.72205e-07
      vertex 37.4 31.78 5.72205e-07
      vertex 38.4 31.5121 5.72205e-07
    endloop
  endfacet
  facet normal 0 0 -1
    outer loop
      vertex 39.3319 30.2976 5.72205e-07
      vertex 37.4 31.78 5.72205e-07
      vertex 39.2478 30.5454 5.72205e-07
    endloop
  endfacet
  facet normal -0 0 -1
    outer loop
      vertex 39.4 29.78 5.72205e-07
      vertex 33.8801 23.9428 5.72205e-07
      vertex 37.4 31.78 5.72205e-07
    endloop
  endfacet
  facet normal 0 0 -1
    outer loop
      vertex 33.7171 23.9906 5.72205e-07
      vertex 37.4 31.78 5.72205e-07
      vertex 33.8801 23.9428 5.72205e-07
    endloop
  endfacet
  facet normal 0 0 -1
    outer loop
      vertex 33.5401 24.0247 5.72205e-07
      vertex 37.4 31.78 5.72205e-07
      vertex 33.7171 23.9906 5.72205e-07
    endloop
  endfacet
  facet normal 0 0 -1
    outer loop
      vertex 33.3492 24.0451 5.72205e-07
      vertex 37.4 31.78 5.72205e-07
      vertex 33.5401 24.0247 5.72205e-07
    endloop
  endfacet
  facet normal 0 0 -1
    outer loop
      vertex 33.1443 24.052 5.72205e-07
      vertex 37.4 31.78 5.72205e-07
      vertex 33.3492 24.0451 5.72205e-07
    endloop
  endfacet
  facet normal 0 0 -1
    outer loop
      vertex 32.9409 24.0452 5.72205e-07
      vertex 37.4 31.78 5.72205e-07
      vertex 33.1443 24.052 5.72205e-07
    endloop
  endfacet
  facet normal 0 0 -1
    outer loop
      vertex 32.7511 24.0248 5.72205e-07
      vertex 37.4 31.78 5.72205e-07
      vertex 32.9409 24.0452 5.72205e-07
    endloop
  endfacet
  facet normal 0 0 -1
    outer loop
      vertex 30.8759 23.9909 5.72205e-07
      vertex 32.7511 24.0248 5.72205e-07
      vertex 32.5748 23.9909 5.72205e-07
    endloop
  endfacet
  facet normal 0 0 -1
    outer loop
      vertex 30.8759 23.9909 5.72205e-07
      vertex 32.5748 23.9909 5.72205e-07
      vertex 32.4119 23.9433 5.72205e-07
    endloop
  endfacet
  facet normal 0 0 -1
    outer loop
      vertex 30.8759 23.9909 5.72205e-07
      vertex 32.4119 23.9433 5.72205e-07
      vertex 32.2626 23.8823 5.72205e-07
    endloop
  endfacet
  facet normal 0 0 -1
    outer loop
      vertex 30.8759 23.9909 5.72205e-07
      vertex 32.2626 23.8823 5.72205e-07
      vertex 32.1268 23.8076 5.72205e-07
    endloop
  endfacet
  facet normal 0 0 -1
    outer loop
      vertex 30.8759 23.9909 5.72205e-07
      vertex 32.1268 23.8076 5.72205e-07
      vertex 32.0046 23.7194 5.72205e-07
    endloop
  endfacet
  facet normal 0 0 -1
    outer loop
      vertex 30.8759 23.9909 5.72205e-07
      vertex 32.0046 23.7194 5.72205e-07
      vertex 31.8973 23.6188 5.72205e-07
    endloop
  endfacet
  facet normal 0 0 -1
    outer loop
      vertex 30.8759 23.9909 5.72205e-07
      vertex 31.8973 23.6188 5.72205e-07
      vertex 31.8065 23.5074 5.72205e-07
    endloop
  endfacet
  facet normal 0 0 -1
    outer loop
      vertex 31.4496 23.1151 5.72205e-07
      vertex 31.6002 22.7856 5.72205e-07
      vertex 31.4496 22.4774 5.72205e-07
    endloop
  endfacet
  facet normal 0 0 -1
    outer loop
      vertex 31.6002 22.7856 5.72205e-07
      vertex 31.4496 23.1151 5.72205e-07
      vertex 31.6085 22.9518 5.72205e-07
    endloop
  endfacet
  facet normal 0 0 -1
    outer loop
      vertex 31.6085 22.9518 5.72205e-07
      vertex 31.4496 23.1151 5.72205e-07
      vertex 31.6332 23.1072 5.72205e-07
    endloop
  endfacet
  facet normal 0 0 -1
    outer loop
      vertex 31.6332 23.1072 5.72205e-07
      vertex 31.4496 23.1151 5.72205e-07
      vertex 31.6745 23.2515 5.72205e-07
    endloop
  endfacet
  facet normal 0 0 -1
    outer loop
      vertex 31.4496 23.1151 5.72205e-07
      vertex 31.7322 23.3849 5.72205e-07
      vertex 31.6745 23.2515 5.72205e-07
    endloop
  endfacet
  facet normal 0 0 -1
    outer loop
      vertex 30.8759 23.9909 5.72205e-07
      vertex 31.7322 23.3849 5.72205e-07
      vertex 31.4496 23.1151 5.72205e-07
    endloop
  endfacet
  facet normal 0 0 -1
    outer loop
      vertex 31.7322 23.3849 5.72205e-07
      vertex 30.8759 23.9909 5.72205e-07
      vertex 31.8065 23.5074 5.72205e-07
    endloop
  endfacet
  facet normal 0 0 -1
    outer loop
      vertex 30.8759 23.9909 5.72205e-07
      vertex 31.4496 23.1151 5.72205e-07
      vertex 30.8759 23.1151 5.72205e-07
    endloop
  endfacet
  facet normal -0 0 -1
    outer loop
      vertex 32.7511 24.0248 5.72205e-07
      vertex 30.8759 23.9909 5.72205e-07
      vertex 37.4 31.78 5.72205e-07
    endloop
  endfacet
  facet normal 0 0 -1
    outer loop
      vertex 30.058 23.9909 5.72205e-07
      vertex 37.4 31.78 5.72205e-07
      vertex 30.8759 23.9909 5.72205e-07
    endloop
  endfacet
  facet normal 0 0 -1
    outer loop
      vertex 27.312 23.635 5.72205e-07
      vertex 30.058 23.9909 5.72205e-07
      vertex 28.102 23.1151 5.72205e-07
    endloop
  endfacet
  facet normal 0 0 -1
    outer loop
      vertex 27.8226 22.3793 5.72205e-07
      vertex 28.102 22.4712 5.72205e-07
      vertex 27.8482 22.0876 5.72205e-07
    endloop
  endfacet
  facet normal 0 0 -1
    outer loop
      vertex 27.78 22.6474 5.72205e-07
      vertex 28.102 22.4712 5.72205e-07
      vertex 27.8226 22.3793 5.72205e-07
    endloop
  endfacet
  facet normal 0 0 -1
    outer loop
      vertex 28.102 22.4712 5.72205e-07
      vertex 27.78 22.6474 5.72205e-07
      vertex 28.102 23.1151 5.72205e-07
    endloop
  endfacet
  facet normal 0 0 -1
    outer loop
      vertex 27.7202 22.8919 5.72205e-07
      vertex 28.102 23.1151 5.72205e-07
      vertex 27.78 22.6474 5.72205e-07
    endloop
  endfacet
  facet normal 0 0 -1
    outer loop
      vertex 27.6434 23.1129 5.72205e-07
      vertex 28.102 23.1151 5.72205e-07
      vertex 27.7202 22.8919 5.72205e-07
    endloop
  endfacet
  facet normal 0 0 -1
    outer loop
      vertex 27.5496 23.3104 5.72205e-07
      vertex 28.102 23.1151 5.72205e-07
      vertex 27.6434 23.1129 5.72205e-07
    endloop
  endfacet
  facet normal 0 0 -1
    outer loop
      vertex 27.4386 23.4844 5.72205e-07
      vertex 28.102 23.1151 5.72205e-07
      vertex 27.5496 23.3104 5.72205e-07
    endloop
  endfacet
  facet normal 0 0 -1
    outer loop
      vertex 27.312 23.635 5.72205e-07
      vertex 28.102 23.1151 5.72205e-07
      vertex 27.4386 23.4844 5.72205e-07
    endloop
  endfacet
  facet normal 0 0 -1
    outer loop
      vertex 30.058 23.9909 5.72205e-07
      vertex 27.312 23.635 5.72205e-07
      vertex 27.1711 23.7624 5.72205e-07
    endloop
  endfacet
  facet normal 0 0 -1
    outer loop
      vertex 27.0159 23.8666 5.72205e-07
      vertex 30.058 23.9909 5.72205e-07
      vertex 27.1711 23.7624 5.72205e-07
    endloop
  endfacet
  facet normal 0 0 -1
    outer loop
      vertex 26.8463 23.9477 5.72205e-07
      vertex 30.058 23.9909 5.72205e-07
      vertex 27.0159 23.8666 5.72205e-07
    endloop
  endfacet
  facet normal 0 0 -1
    outer loop
      vertex 26.6624 24.0056 5.72205e-07
      vertex 30.058 23.9909 5.72205e-07
      vertex 26.8463 23.9477 5.72205e-07
    endloop
  endfacet
  facet normal 0 0 -1
    outer loop
      vertex 30.058 23.9909 5.72205e-07
      vertex 26.6624 24.0056 5.72205e-07
      vertex 37.4 31.78 5.72205e-07
    endloop
  endfacet
  facet normal 0 0 -1
    outer loop
      vertex 26.4642 24.0404 5.72205e-07
      vertex 37.4 31.78 5.72205e-07
      vertex 26.6624 24.0056 5.72205e-07
    endloop
  endfacet
  facet normal 0 0 -1
    outer loop
      vertex 26.2516 24.052 5.72205e-07
      vertex 37.4 31.78 5.72205e-07
      vertex 26.4642 24.0404 5.72205e-07
    endloop
  endfacet
  facet normal 0 0 -1
    outer loop
      vertex 26.0944 24.047 5.72205e-07
      vertex 37.4 31.78 5.72205e-07
      vertex 26.2516 24.052 5.72205e-07
    endloop
  endfacet
  facet normal 0 0 -1
    outer loop
      vertex 25.9473 24.0322 5.72205e-07
      vertex 37.4 31.78 5.72205e-07
      vertex 26.0944 24.047 5.72205e-07
    endloop
  endfacet
  facet normal 0 0 -1
    outer loop
      vertex 23.1486 24.0405 5.72205e-07
      vertex 25.9473 24.0322 5.72205e-07
      vertex 25.8102 24.0074 5.72205e-07
    endloop
  endfacet
  facet normal 0 0 -1
    outer loop
      vertex 23.3393 24.0061 5.72205e-07
      vertex 25.8102 24.0074 5.72205e-07
      vertex 25.6831 23.9727 5.72205e-07
    endloop
  endfacet
  facet normal 0 0 -1
    outer loop
      vertex 23.5148 23.9488 5.72205e-07
      vertex 25.6831 23.9727 5.72205e-07
      vertex 25.5661 23.9282 5.72205e-07
    endloop
  endfacet
  facet normal 0 0 -1
    outer loop
      vertex 23.675 23.8686 5.72205e-07
      vertex 25.5661 23.9282 5.72205e-07
      vertex 25.4591 23.8737 5.72205e-07
    endloop
  endfacet
  facet normal 0 0 -1
    outer loop
      vertex 24.4306 21.5344 5.72205e-07
      vertex 24.891 21.5824 5.72205e-07
      vertex 24.8569 21.4219 5.72205e-07
    endloop
  endfacet
  facet normal 0 0 -1
    outer loop
      vertex 24.4306 21.5344 5.72205e-07
      vertex 24.8569 21.4219 5.72205e-07
      vertex 24.8364 21.2503 5.72205e-07
    endloop
  endfacet
  facet normal 0 0 -1
    outer loop
      vertex 24.4306 21.5344 5.72205e-07
      vertex 24.8296 21.0676 5.72205e-07
      vertex 24.8376 20.88 5.72205e-07
    endloop
  endfacet
  facet normal 0 0 -1
    outer loop
      vertex 24.4306 21.5344 5.72205e-07
      vertex 24.8364 21.2503 5.72205e-07
      vertex 24.8296 21.0676 5.72205e-07
    endloop
  endfacet
  facet normal -0 0 -1
    outer loop
      vertex 25.0001 21.8698 5.72205e-07
      vertex 24.4379 21.8396 5.72205e-07
      vertex 24.4302 22.1401 5.72205e-07
    endloop
  endfacet
  facet normal 0 0 -1
    outer loop
      vertex 25.1637 22.1127 5.72205e-07
      vertex 24.4302 22.1401 5.72205e-07
      vertex 24.4073 22.419 5.72205e-07
    endloop
  endfacet
  facet normal 0 0 -1
    outer loop
      vertex 25.264 22.2151 5.72205e-07
      vertex 24.4073 22.419 5.72205e-07
      vertex 24.9059 23.0419 5.72205e-07
    endloop
  endfacet
  facet normal 0 0 -1
    outer loop
      vertex 24.3692 22.6764 5.72205e-07
      vertex 24.9059 23.0419 5.72205e-07
      vertex 24.4073 22.419 5.72205e-07
    endloop
  endfacet
  facet normal 0 0 -1
    outer loop
      vertex 24.3158 22.9122 5.72205e-07
      vertex 24.9059 23.0419 5.72205e-07
      vertex 24.3692 22.6764 5.72205e-07
    endloop
  endfacet
  facet normal 0 0 -1
    outer loop
      vertex 24.2471 23.1265 5.72205e-07
      vertex 24.9059 23.0419 5.72205e-07
      vertex 24.3158 22.9122 5.72205e-07
    endloop
  endfacet
  facet normal 0 0 -1
    outer loop
      vertex 24.9059 23.0419 5.72205e-07
      vertex 24.2471 23.1265 5.72205e-07
      vertex 24.9481 23.1861 5.72205e-07
    endloop
  endfacet
  facet normal 0 0 -1
    outer loop
      vertex 24.1632 23.3193 5.72205e-07
      vertex 24.9481 23.1861 5.72205e-07
      vertex 24.2471 23.1265 5.72205e-07
    endloop
  endfacet
  facet normal 0 0 -1
    outer loop
      vertex 24.9481 23.1861 5.72205e-07
      vertex 24.1632 23.3193 5.72205e-07
      vertex 24.9979 23.3188 5.72205e-07
    endloop
  endfacet
  facet normal 0 0 -1
    outer loop
      vertex 24.9979 23.3188 5.72205e-07
      vertex 24.1632 23.3193 5.72205e-07
      vertex 25.0554 23.4399 5.72205e-07
    endloop
  endfacet
  facet normal 0 0 -1
    outer loop
      vertex 24.064 23.4905 5.72205e-07
      vertex 25.0554 23.4399 5.72205e-07
      vertex 24.1632 23.3193 5.72205e-07
    endloop
  endfacet
  facet normal 0 0 -1
    outer loop
      vertex 25.0554 23.4399 5.72205e-07
      vertex 24.064 23.4905 5.72205e-07
      vertex 25.1206 23.5496 5.72205e-07
    endloop
  endfacet
  facet normal 0 0 -1
    outer loop
      vertex 23.9496 23.6395 5.72205e-07
      vertex 25.1206 23.5496 5.72205e-07
      vertex 24.064 23.4905 5.72205e-07
    endloop
  endfacet
  facet normal 0 0 -1
    outer loop
      vertex 25.1206 23.5496 5.72205e-07
      vertex 23.9496 23.6395 5.72205e-07
      vertex 25.1934 23.6477 5.72205e-07
    endloop
  endfacet
  facet normal -0 0 -1
    outer loop
      vertex 25.1934 23.6477 5.72205e-07
      vertex 23.9496 23.6395 5.72205e-07
      vertex 25.2739 23.7343 5.72205e-07
    endloop
  endfacet
  facet normal 0 0 -1
    outer loop
      vertex 23.8199 23.7655 5.72205e-07
      vertex 25.2739 23.7343 5.72205e-07
      vertex 23.9496 23.6395 5.72205e-07
    endloop
  endfacet
  facet normal 0 0 -1
    outer loop
      vertex 25.2739 23.7343 5.72205e-07
      vertex 23.8199 23.7655 5.72205e-07
      vertex 25.3621 23.8094 5.72205e-07
    endloop
  endfacet
  facet normal 0 0 -1
    outer loop
      vertex 23.675 23.8686 5.72205e-07
      vertex 25.3621 23.8094 5.72205e-07
      vertex 23.8199 23.7655 5.72205e-07
    endloop
  endfacet
  facet normal 0 0 -1
    outer loop
      vertex 25.3621 23.8094 5.72205e-07
      vertex 23.675 23.8686 5.72205e-07
      vertex 25.4591 23.8737 5.72205e-07
    endloop
  endfacet
  facet normal -0 0 -1
    outer loop
      vertex 25.5661 23.9282 5.72205e-07
      vertex 23.675 23.8686 5.72205e-07
      vertex 23.5148 23.9488 5.72205e-07
    endloop
  endfacet
  facet normal -0 0 -1
    outer loop
      vertex 25.6831 23.9727 5.72205e-07
      vertex 23.5148 23.9488 5.72205e-07
      vertex 23.3393 24.0061 5.72205e-07
    endloop
  endfacet
  facet normal -0 0 -1
    outer loop
      vertex 25.8102 24.0074 5.72205e-07
      vertex 23.3393 24.0061 5.72205e-07
      vertex 23.1486 24.0405 5.72205e-07
    endloop
  endfacet
  facet normal 0 0 -1
    outer loop
      vertex 25.9473 24.0322 5.72205e-07
      vertex 23.1486 24.0405 5.72205e-07
      vertex 37.4 31.78 5.72205e-07
    endloop
  endfacet
  facet normal 0 0 -1
    outer loop
      vertex 22.9426 24.052 5.72205e-07
      vertex 37.4 31.78 5.72205e-07
      vertex 23.1486 24.0405 5.72205e-07
    endloop
  endfacet
  facet normal 0 0 -1
    outer loop
      vertex 21.0495 23.9909 5.72205e-07
      vertex 22.9426 24.052 5.72205e-07
      vertex 22.5507 24.0068 5.72205e-07
    endloop
  endfacet
  facet normal 0 0 -1
    outer loop
      vertex 21.0495 23.9909 5.72205e-07
      vertex 22.5507 24.0068 5.72205e-07
      vertex 22.2192 23.8714 5.72205e-07
    endloop
  endfacet
  facet normal 0 0 -1
    outer loop
      vertex 21.0495 23.286 5.72205e-07
      vertex 21.4958 22.4265 5.72205e-07
      vertex 21.4656 21.8396 5.72205e-07
    endloop
  endfacet
  facet normal 0 0 -1
    outer loop
      vertex 21.0495 23.286 5.72205e-07
      vertex 21.5862 22.9232 5.72205e-07
      vertex 21.4958 22.4265 5.72205e-07
    endloop
  endfacet
  facet normal 0 0 -1
    outer loop
      vertex 21.0495 23.286 5.72205e-07
      vertex 21.7369 23.3295 5.72205e-07
      vertex 21.5862 22.9232 5.72205e-07
    endloop
  endfacet
  facet normal 0 0 -1
    outer loop
      vertex 21.0495 23.9909 5.72205e-07
      vertex 21.7369 23.3295 5.72205e-07
      vertex 21.0495 23.286 5.72205e-07
    endloop
  endfacet
  facet normal 0 0 -1
    outer loop
      vertex 21.7369 23.3295 5.72205e-07
      vertex 21.0495 23.9909 5.72205e-07
      vertex 21.9479 23.6456 5.72205e-07
    endloop
  endfacet
  facet normal 0 0 -1
    outer loop
      vertex 21.9479 23.6456 5.72205e-07
      vertex 21.0495 23.9909 5.72205e-07
      vertex 22.2192 23.8714 5.72205e-07
    endloop
  endfacet
  facet normal -0 0 -1
    outer loop
      vertex 22.9426 24.052 5.72205e-07
      vertex 21.0495 23.9909 5.72205e-07
      vertex 37.4 31.78 5.72205e-07
    endloop
  endfacet
  facet normal 0 0 -1
    outer loop
      vertex 18.0407 23.9909 5.72205e-07
      vertex 37.4 31.78 5.72205e-07
      vertex 21.0495 23.9909 5.72205e-07
    endloop
  endfacet
  facet normal -0 0 -1
    outer loop
      vertex 18.0407 23.3959 5.72205e-07
      vertex 17.6225 22.7429 5.72205e-07
      vertex 18.0407 23.9909 5.72205e-07
    endloop
  endfacet
  facet normal 0 0 -1
    outer loop
      vertex 16.0356 22.7429 5.72205e-07
      vertex 18.0407 23.9909 5.72205e-07
      vertex 17.6225 22.7429 5.72205e-07
    endloop
  endfacet
  facet normal 0 0 -1
    outer loop
      vertex 16.0356 21.9982 5.72205e-07
      vertex 15.4951 23.9909 5.72205e-07
      vertex 16.0356 22.7429 5.72205e-07
    endloop
  endfacet
  facet normal 0 0 -1
    outer loop
      vertex 15.4951 23.9909 5.72205e-07
      vertex 18.0407 23.9909 5.72205e-07
      vertex 16.0356 22.7429 5.72205e-07
    endloop
  endfacet
  facet normal 0 0 -1
    outer loop
      vertex 2 31.78 5.72205e-07
      vertex 18.0407 23.9909 5.72205e-07
      vertex 15.4951 23.9909 5.72205e-07
    endloop
  endfacet
  facet normal 0 0 -1
    outer loop
      vertex 2 31.78 5.72205e-07
      vertex 15.4951 23.9909 5.72205e-07
      vertex 14.6956 23.9909 5.72205e-07
    endloop
  endfacet
  facet normal 0 0 -1
    outer loop
      vertex 14.4742 21.367 5.72205e-07
      vertex 14.6957 21.3344 5.72205e-07
      vertex 14.5154 21.2238 5.72205e-07
    endloop
  endfacet
  facet normal 0 0 -1
    outer loop
      vertex 14.6957 21.3344 5.72205e-07
      vertex 14.4742 21.367 5.72205e-07
      vertex 14.6956 21.3596 5.72205e-07
    endloop
  endfacet
  facet normal 0 0 -1
    outer loop
      vertex 14.6956 21.3596 5.72205e-07
      vertex 14.4742 21.367 5.72205e-07
      vertex 14.6956 21.3849 5.72205e-07
    endloop
  endfacet
  facet normal 0 0 -1
    outer loop
      vertex 14.4376 21.4898 5.72205e-07
      vertex 14.6956 21.3849 5.72205e-07
      vertex 14.4742 21.367 5.72205e-07
    endloop
  endfacet
  facet normal 0 0 -1
    outer loop
      vertex 14.4057 21.5924 5.72205e-07
      vertex 14.6956 21.3849 5.72205e-07
      vertex 14.4376 21.4898 5.72205e-07
    endloop
  endfacet
  facet normal 0 0 -1
    outer loop
      vertex 14.6956 21.3849 5.72205e-07
      vertex 14.4057 21.5924 5.72205e-07
      vertex 14.6956 23.9909 5.72205e-07
    endloop
  endfacet
  facet normal 0 0 -1
    outer loop
      vertex 13.6306 23.9909 5.72205e-07
      vertex 14.6956 23.9909 5.72205e-07
      vertex 14.4057 21.5924 5.72205e-07
    endloop
  endfacet
  facet normal 0 0 -1
    outer loop
      vertex 2 31.78 5.72205e-07
      vertex 14.6956 23.9909 5.72205e-07
      vertex 13.6306 23.9909 5.72205e-07
    endloop
  endfacet
  facet normal 0 0 -1
    outer loop
      vertex 2 31.78 5.72205e-07
      vertex 13.6306 23.9909 5.72205e-07
      vertex 12.9898 23.9909 5.72205e-07
    endloop
  endfacet
  facet normal 0 0 -1
    outer loop
      vertex 11.9248 23.9909 5.72205e-07
      vertex 12.2146 21.5924 5.72205e-07
      vertex 11.9248 21.3849 5.72205e-07
    endloop
  endfacet
  facet normal 0 0 -1
    outer loop
      vertex 12.2146 21.5924 5.72205e-07
      vertex 11.9248 23.9909 5.72205e-07
      vertex 12.9898 23.9909 5.72205e-07
    endloop
  endfacet
  facet normal 0 0 -1
    outer loop
      vertex 2 31.78 5.72205e-07
      vertex 12.9898 23.9909 5.72205e-07
      vertex 11.9248 23.9909 5.72205e-07
    endloop
  endfacet
  facet normal 0 0 -1
    outer loop
      vertex 2 31.78 5.72205e-07
      vertex 11.9248 23.9909 5.72205e-07
      vertex 11.1252 23.9909 5.72205e-07
    endloop
  endfacet
  facet normal 0 0 -1
    outer loop
      vertex 10.5646 22.9935 5.72205e-07
      vertex 11.1252 23.9909 5.72205e-07
      vertex 10.6418 22.8222 5.72205e-07
    endloop
  endfacet
  facet normal 0 0 -1
    outer loop
      vertex 10.4778 23.1519 5.72205e-07
      vertex 11.1252 23.9909 5.72205e-07
      vertex 10.5646 22.9935 5.72205e-07
    endloop
  endfacet
  facet normal 0 0 -1
    outer loop
      vertex 10.3813 23.2972 5.72205e-07
      vertex 11.1252 23.9909 5.72205e-07
      vertex 10.4778 23.1519 5.72205e-07
    endloop
  endfacet
  facet normal 0 0 -1
    outer loop
      vertex 10.2751 23.4295 5.72205e-07
      vertex 11.1252 23.9909 5.72205e-07
      vertex 10.3813 23.2972 5.72205e-07
    endloop
  endfacet
  facet normal 0 0 -1
    outer loop
      vertex 10.1593 23.5488 5.72205e-07
      vertex 11.1252 23.9909 5.72205e-07
      vertex 10.2751 23.4295 5.72205e-07
    endloop
  endfacet
  facet normal 0 0 -1
    outer loop
      vertex 10.0339 23.6551 5.72205e-07
      vertex 11.1252 23.9909 5.72205e-07
      vertex 10.1593 23.5488 5.72205e-07
    endloop
  endfacet
  facet normal 0 0 -1
    outer loop
      vertex 9.89876 23.7483 5.72205e-07
      vertex 11.1252 23.9909 5.72205e-07
      vertex 10.0339 23.6551 5.72205e-07
    endloop
  endfacet
  facet normal 0 0 -1
    outer loop
      vertex 9.75487 23.8289 5.72205e-07
      vertex 11.1252 23.9909 5.72205e-07
      vertex 9.89876 23.7483 5.72205e-07
    endloop
  endfacet
  facet normal 0 0 -1
    outer loop
      vertex 9.60306 23.8971 5.72205e-07
      vertex 11.1252 23.9909 5.72205e-07
      vertex 9.75487 23.8289 5.72205e-07
    endloop
  endfacet
  facet normal 0 0 -1
    outer loop
      vertex 9.44336 23.9528 5.72205e-07
      vertex 11.1252 23.9909 5.72205e-07
      vertex 9.60306 23.8971 5.72205e-07
    endloop
  endfacet
  facet normal 0 0 -1
    outer loop
      vertex 9.27574 23.9962 5.72205e-07
      vertex 11.1252 23.9909 5.72205e-07
      vertex 9.44336 23.9528 5.72205e-07
    endloop
  endfacet
  facet normal 0 0 -1
    outer loop
      vertex 9.10021 24.0272 5.72205e-07
      vertex 11.1252 23.9909 5.72205e-07
      vertex 9.27574 23.9962 5.72205e-07
    endloop
  endfacet
  facet normal 0 0 -1
    outer loop
      vertex 11.1252 23.9909 5.72205e-07
      vertex 9.10021 24.0272 5.72205e-07
      vertex 2 31.78 5.72205e-07
    endloop
  endfacet
  facet normal 0 0 -1
    outer loop
      vertex 2 31.78 5.72205e-07
      vertex 9.10021 24.0272 5.72205e-07
      vertex 8.91678 24.0457 5.72205e-07
    endloop
  endfacet
  facet normal 0 0 -1
    outer loop
      vertex 2 31.78 5.72205e-07
      vertex 8.91678 24.0457 5.72205e-07
      vertex 8.72544 24.052 5.72205e-07
    endloop
  endfacet
  facet normal 0 0 -1
    outer loop
      vertex 2 31.78 5.72205e-07
      vertex 8.72544 24.052 5.72205e-07
      vertex 8.43862 24.04 5.72205e-07
    endloop
  endfacet
  facet normal 0 0 -1
    outer loop
      vertex 2 31.78 5.72205e-07
      vertex 8.43862 24.04 5.72205e-07
      vertex 8.17104 24.004 5.72205e-07
    endloop
  endfacet
  facet normal 0 0 -1
    outer loop
      vertex 5.92195 23.9909 5.72205e-07
      vertex 8.17104 24.004 5.72205e-07
      vertex 7.92272 23.9441 5.72205e-07
    endloop
  endfacet
  facet normal 0 0 -1
    outer loop
      vertex 5.92195 23.9909 5.72205e-07
      vertex 6.55576 21.8213 5.72205e-07
      vertex 5.92195 19.6913 5.72205e-07
    endloop
  endfacet
  facet normal 0 0 -1
    outer loop
      vertex 6.55576 21.8213 5.72205e-07
      vertex 5.92195 23.9909 5.72205e-07
      vertex 6.56731 22.1134 5.72205e-07
    endloop
  endfacet
  facet normal 0 0 -1
    outer loop
      vertex 6.56731 22.1134 5.72205e-07
      vertex 5.92195 23.9909 5.72205e-07
      vertex 6.60196 22.3864 5.72205e-07
    endloop
  endfacet
  facet normal 0 0 -1
    outer loop
      vertex 6.60196 22.3864 5.72205e-07
      vertex 5.92195 23.9909 5.72205e-07
      vertex 6.65972 22.6402 5.72205e-07
    endloop
  endfacet
  facet normal 0 0 -1
    outer loop
      vertex 5.92195 23.9909 5.72205e-07
      vertex 6.74059 22.875 5.72205e-07
      vertex 6.65972 22.6402 5.72205e-07
    endloop
  endfacet
  facet normal 0 0 -1
    outer loop
      vertex 5.92195 23.9909 5.72205e-07
      vertex 6.84456 23.0906 5.72205e-07
      vertex 6.74059 22.875 5.72205e-07
    endloop
  endfacet
  facet normal 0 0 -1
    outer loop
      vertex 5.92195 23.9909 5.72205e-07
      vertex 6.97164 23.2871 5.72205e-07
      vertex 6.84456 23.0906 5.72205e-07
    endloop
  endfacet
  facet normal 0 0 -1
    outer loop
      vertex 5.92195 23.9909 5.72205e-07
      vertex 7.12181 23.4645 5.72205e-07
      vertex 6.97164 23.2871 5.72205e-07
    endloop
  endfacet
  facet normal 0 0 -1
    outer loop
      vertex 5.92195 23.9909 5.72205e-07
      vertex 7.29317 23.6204 5.72205e-07
      vertex 7.12181 23.4645 5.72205e-07
    endloop
  endfacet
  facet normal 0 0 -1
    outer loop
      vertex 5.92195 23.9909 5.72205e-07
      vertex 7.48378 23.7522 5.72205e-07
      vertex 7.29317 23.6204 5.72205e-07
    endloop
  endfacet
  facet normal 0 0 -1
    outer loop
      vertex 5.92195 23.9909 5.72205e-07
      vertex 7.69362 23.8601 5.72205e-07
      vertex 7.48378 23.7522 5.72205e-07
    endloop
  endfacet
  facet normal 0 0 -1
    outer loop
      vertex 5.92195 23.9909 5.72205e-07
      vertex 7.92272 23.9441 5.72205e-07
      vertex 7.69362 23.8601 5.72205e-07
    endloop
  endfacet
  facet normal -0 0 -1
    outer loop
      vertex 8.17104 24.004 5.72205e-07
      vertex 5.92195 23.9909 5.72205e-07
      vertex 2 31.78 5.72205e-07
    endloop
  endfacet
  facet normal 0 0 -1
    outer loop
      vertex 2 31.78 5.72205e-07
      vertex 5.92195 23.9909 5.72205e-07
      vertex 5.02172 23.9909 5.72205e-07
    endloop
  endfacet
  facet normal 0 0 -1
    outer loop
      vertex 18.0407 23.9909 5.72205e-07
      vertex 2 31.78 5.72205e-07
      vertex 37.4 31.78 5.72205e-07
    endloop
  endfacet
  facet normal 0 0 -1
    outer loop
      vertex 0 29.78 5.72205e-07
      vertex 5.02172 19.6913 5.72205e-07
      vertex 0 2 5.72205e-07
    endloop
  endfacet
  facet normal 0 0 -1
    outer loop
      vertex 0 2 5.72205e-07
      vertex 2 2.67029e-07 5.72205e-07
      vertex 1.73895 0.0171111 5.72205e-07
    endloop
  endfacet
  facet normal 0 0 -1
    outer loop
      vertex 5.02172 19.6913 5.72205e-07
      vertex 0 29.78 5.72205e-07
      vertex 5.02172 23.9909 5.72205e-07
    endloop
  endfacet
  facet normal 0 0 -1
    outer loop
      vertex 0 2 5.72205e-07
      vertex 1.73895 0.0171111 5.72205e-07
      vertex 1.48236 0.0681489 5.72205e-07
    endloop
  endfacet
  facet normal 0 0 -1
    outer loop
      vertex 5.02172 23.9909 5.72205e-07
      vertex 0 29.78 5.72205e-07
      vertex 2 31.78 5.72205e-07
    endloop
  endfacet
  facet normal 0 0 -1
    outer loop
      vertex 0 2 5.72205e-07
      vertex 1.48236 0.0681489 5.72205e-07
      vertex 1.23463 0.152241 5.72205e-07
    endloop
  endfacet
  facet normal 0 0 -1
    outer loop
      vertex 2 31.78 5.72205e-07
      vertex 0 29.78 5.72205e-07
      vertex 1.73895 31.7629 5.72205e-07
    endloop
  endfacet
  facet normal 0 0 -1
    outer loop
      vertex 0 2 5.72205e-07
      vertex 1.23463 0.152241 5.72205e-07
      vertex 1 0.267949 5.72205e-07
    endloop
  endfacet
  facet normal 0 0 -1
    outer loop
      vertex 1.73895 31.7629 5.72205e-07
      vertex 0 29.78 5.72205e-07
      vertex 1.48236 31.7119 5.72205e-07
    endloop
  endfacet
  facet normal 0 0 -1
    outer loop
      vertex 0 2 5.72205e-07
      vertex 1 0.267949 5.72205e-07
      vertex 0.782476 0.413294 5.72205e-07
    endloop
  endfacet
  facet normal 0 0 -1
    outer loop
      vertex 1.48236 31.7119 5.72205e-07
      vertex 0 29.78 5.72205e-07
      vertex 1.23463 31.6278 5.72205e-07
    endloop
  endfacet
  facet normal 0 0 -1
    outer loop
      vertex 0 2 5.72205e-07
      vertex 0.782476 0.413294 5.72205e-07
      vertex 0.585786 0.585787 5.72205e-07
    endloop
  endfacet
  facet normal 0 0 -1
    outer loop
      vertex 1.23463 31.6278 5.72205e-07
      vertex 0 29.78 5.72205e-07
      vertex 1 31.5121 5.72205e-07
    endloop
  endfacet
  facet normal 0 0 -1
    outer loop
      vertex 0 2 5.72205e-07
      vertex 0.585786 0.585787 5.72205e-07
      vertex 0.413293 0.782478 5.72205e-07
    endloop
  endfacet
  facet normal 0 0 -1
    outer loop
      vertex 1 31.5121 5.72205e-07
      vertex 0 29.78 5.72205e-07
      vertex 0.782476 31.3667 5.72205e-07
    endloop
  endfacet
  facet normal 0 0 -1
    outer loop
      vertex 0 2 5.72205e-07
      vertex 0.413293 0.782478 5.72205e-07
      vertex 0.267949 1 5.72205e-07
    endloop
  endfacet
  facet normal 0 0 -1
    outer loop
      vertex 0.782476 31.3667 5.72205e-07
      vertex 0 29.78 5.72205e-07
      vertex 0.585786 31.1942 5.72205e-07
    endloop
  endfacet
  facet normal 0 0 -1
    outer loop
      vertex 0 2 5.72205e-07
      vertex 0.267949 1 5.72205e-07
      vertex 0.152241 1.23463 5.72205e-07
    endloop
  endfacet
  facet normal 0 0 -1
    outer loop
      vertex 0.585786 31.1942 5.72205e-07
      vertex 0 29.78 5.72205e-07
      vertex 0.413293 30.9975 5.72205e-07
    endloop
  endfacet
  facet normal 0 0 -1
    outer loop
      vertex 0 2 5.72205e-07
      vertex 0.152241 1.23463 5.72205e-07
      vertex 0.0681477 1.48236 5.72205e-07
    endloop
  endfacet
  facet normal 0 0 -1
    outer loop
      vertex 0.413293 30.9975 5.72205e-07
      vertex 0 29.78 5.72205e-07
      vertex 0.267949 30.78 5.72205e-07
    endloop
  endfacet
  facet normal 0 0 -1
    outer loop
      vertex 0 2 5.72205e-07
      vertex 0.0681477 1.48236 5.72205e-07
      vertex 0.0171099 1.73895 5.72205e-07
    endloop
  endfacet
  facet normal 0 0 -1
    outer loop
      vertex 0.267949 30.78 5.72205e-07
      vertex 0 29.78 5.72205e-07
      vertex 0.152241 30.5454 5.72205e-07
    endloop
  endfacet
  facet normal 0 0 -1
    outer loop
      vertex 0.152241 30.5454 5.72205e-07
      vertex 0 29.78 5.72205e-07
      vertex 0.0681477 30.2976 5.72205e-07
    endloop
  endfacet
  facet normal 0 0 -1
    outer loop
      vertex 0.0681477 30.2976 5.72205e-07
      vertex 0 29.78 5.72205e-07
      vertex 0.0171099 30.0411 5.72205e-07
    endloop
  endfacet
  facet normal 0 0 -1
    outer loop
      vertex 34.5612 20.9651 5.72205e-07
      vertex 34.6419 22.4395 5.72205e-07
      vertex 34.5742 20.8701 5.72205e-07
    endloop
  endfacet
  facet normal 0 0 -1
    outer loop
      vertex 34.6419 22.4395 5.72205e-07
      vertex 34.5612 20.9651 5.72205e-07
      vertex 34.6081 22.339 5.72205e-07
    endloop
  endfacet
  facet normal 0 0 -1
    outer loop
      vertex 34.5396 21.0566 5.72205e-07
      vertex 34.6081 22.339 5.72205e-07
      vertex 34.5612 20.9651 5.72205e-07
    endloop
  endfacet
  facet normal 0 0 -1
    outer loop
      vertex 34.6081 22.339 5.72205e-07
      vertex 34.5396 21.0566 5.72205e-07
      vertex 34.5647 22.245 5.72205e-07
    endloop
  endfacet
  facet normal 0 0 -1
    outer loop
      vertex 34.5093 21.1447 5.72205e-07
      vertex 34.5647 22.245 5.72205e-07
      vertex 34.5396 21.0566 5.72205e-07
    endloop
  endfacet
  facet normal 0 0 -1
    outer loop
      vertex 34.4703 21.2293 5.72205e-07
      vertex 34.5647 22.245 5.72205e-07
      vertex 34.5093 21.1447 5.72205e-07
    endloop
  endfacet
  facet normal 0 0 -1
    outer loop
      vertex 34.5647 22.245 5.72205e-07
      vertex 34.4703 21.2293 5.72205e-07
      vertex 34.5116 22.1573 5.72205e-07
    endloop
  endfacet
  facet normal 0 0 -1
    outer loop
      vertex 34.4227 21.3104 5.72205e-07
      vertex 34.5116 22.1573 5.72205e-07
      vertex 34.4703 21.2293 5.72205e-07
    endloop
  endfacet
  facet normal 0 0 -1
    outer loop
      vertex 34.5116 22.1573 5.72205e-07
      vertex 34.4227 21.3104 5.72205e-07
      vertex 34.4488 22.0761 5.72205e-07
    endloop
  endfacet
  facet normal 0 0 -1
    outer loop
      vertex 34.3665 21.388 5.72205e-07
      vertex 34.4488 22.0761 5.72205e-07
      vertex 34.4227 21.3104 5.72205e-07
    endloop
  endfacet
  facet normal 0 0 -1
    outer loop
      vertex 34.4488 22.0761 5.72205e-07
      vertex 34.3665 21.388 5.72205e-07
      vertex 34.3776 22.0023 5.72205e-07
    endloop
  endfacet
  facet normal 0 0 -1
    outer loop
      vertex 34.3029 21.4598 5.72205e-07
      vertex 34.3776 22.0023 5.72205e-07
      vertex 34.3665 21.388 5.72205e-07
    endloop
  endfacet
  facet normal 0 0 -1
    outer loop
      vertex 34.3029 21.4598 5.72205e-07
      vertex 34.2991 21.9368 5.72205e-07
      vertex 34.3776 22.0023 5.72205e-07
    endloop
  endfacet
  facet normal 0 0 -1
    outer loop
      vertex 34.2334 21.5237 5.72205e-07
      vertex 34.2991 21.9368 5.72205e-07
      vertex 34.3029 21.4598 5.72205e-07
    endloop
  endfacet
  facet normal 0 0 -1
    outer loop
      vertex 34.2334 21.5237 5.72205e-07
      vertex 34.2133 21.8798 5.72205e-07
      vertex 34.2991 21.9368 5.72205e-07
    endloop
  endfacet
  facet normal 0 0 -1
    outer loop
      vertex 34.1581 21.5797 5.72205e-07
      vertex 34.2133 21.8798 5.72205e-07
      vertex 34.2334 21.5237 5.72205e-07
    endloop
  endfacet
  facet normal 0 0 -1
    outer loop
      vertex 34.1581 21.5797 5.72205e-07
      vertex 34.1203 21.8312 5.72205e-07
      vertex 34.2133 21.8798 5.72205e-07
    endloop
  endfacet
  facet normal 0 0 -1
    outer loop
      vertex 34.0768 21.6276 5.72205e-07
      vertex 34.1203 21.8312 5.72205e-07
      vertex 34.1581 21.5797 5.72205e-07
    endloop
  endfacet
  facet normal 0 0 -1
    outer loop
      vertex 34.0768 21.6276 5.72205e-07
      vertex 34.0199 21.791 5.72205e-07
      vertex 34.1203 21.8312 5.72205e-07
    endloop
  endfacet
  facet normal 0 0 -1
    outer loop
      vertex 33.9895 21.6676 5.72205e-07
      vertex 34.0199 21.791 5.72205e-07
      vertex 34.0768 21.6276 5.72205e-07
    endloop
  endfacet
  facet normal 0 0 -1
    outer loop
      vertex 33.9895 21.6676 5.72205e-07
      vertex 33.9123 21.7592 5.72205e-07
      vertex 34.0199 21.791 5.72205e-07
    endloop
  endfacet
  facet normal 0 0 -1
    outer loop
      vertex 33.8964 21.6996 5.72205e-07
      vertex 33.9123 21.7592 5.72205e-07
      vertex 33.9895 21.6676 5.72205e-07
    endloop
  endfacet
  facet normal 0 0 -1
    outer loop
      vertex 33.7974 21.7359 5.72205e-07
      vertex 33.8964 21.6996 5.72205e-07
      vertex 33.7974 21.7236 5.72205e-07
    endloop
  endfacet
  facet normal 0 0 -1
    outer loop
      vertex 33.8964 21.6996 5.72205e-07
      vertex 33.7974 21.7359 5.72205e-07
      vertex 33.9123 21.7592 5.72205e-07
    endloop
  endfacet
  facet normal 0 0 -1
    outer loop
      vertex 32.3794 21.704 5.72205e-07
      vertex 32.476 21.7419 5.72205e-07
      vertex 32.476 21.7297 5.72205e-07
    endloop
  endfacet
  facet normal 0 0 -1
    outer loop
      vertex 32.3794 21.704 5.72205e-07
      vertex 32.3651 21.7655 5.72205e-07
      vertex 32.476 21.7419 5.72205e-07
    endloop
  endfacet
  facet normal 0 0 -1
    outer loop
      vertex 32.2882 21.6705 5.72205e-07
      vertex 32.3651 21.7655 5.72205e-07
      vertex 32.3794 21.704 5.72205e-07
    endloop
  endfacet
  facet normal 0 0 -1
    outer loop
      vertex 32.2882 21.6705 5.72205e-07
      vertex 32.2608 21.7979 5.72205e-07
      vertex 32.3651 21.7655 5.72205e-07
    endloop
  endfacet
  facet normal 0 0 -1
    outer loop
      vertex 32.2025 21.6291 5.72205e-07
      vertex 32.2608 21.7979 5.72205e-07
      vertex 32.2882 21.6705 5.72205e-07
    endloop
  endfacet
  facet normal 0 0 -1
    outer loop
      vertex 32.2025 21.6291 5.72205e-07
      vertex 32.1631 21.839 5.72205e-07
      vertex 32.2608 21.7979 5.72205e-07
    endloop
  endfacet
  facet normal 0 0 -1
    outer loop
      vertex 32.1223 21.5798 5.72205e-07
      vertex 32.1631 21.839 5.72205e-07
      vertex 32.2025 21.6291 5.72205e-07
    endloop
  endfacet
  facet normal 0 0 -1
    outer loop
      vertex 32.1223 21.5798 5.72205e-07
      vertex 32.072 21.8889 5.72205e-07
      vertex 32.1631 21.839 5.72205e-07
    endloop
  endfacet
  facet normal 0 0 -1
    outer loop
      vertex 32.0475 21.5227 5.72205e-07
      vertex 32.072 21.8889 5.72205e-07
      vertex 32.1223 21.5798 5.72205e-07
    endloop
  endfacet
  facet normal 0 0 -1
    outer loop
      vertex 32.0475 21.5227 5.72205e-07
      vertex 31.9874 21.9476 5.72205e-07
      vertex 32.072 21.8889 5.72205e-07
    endloop
  endfacet
  facet normal 0 0 -1
    outer loop
      vertex 31.9783 21.4578 5.72205e-07
      vertex 31.9874 21.9476 5.72205e-07
      vertex 32.0475 21.5227 5.72205e-07
    endloop
  endfacet
  facet normal 0 0 -1
    outer loop
      vertex 31.9095 22.0151 5.72205e-07
      vertex 31.9783 21.4578 5.72205e-07
      vertex 31.9145 21.385 5.72205e-07
    endloop
  endfacet
  facet normal 0 0 -1
    outer loop
      vertex 31.9783 21.4578 5.72205e-07
      vertex 31.9095 22.0151 5.72205e-07
      vertex 31.9874 21.9476 5.72205e-07
    endloop
  endfacet
  facet normal 0 0 -1
    outer loop
      vertex 31.8382 22.0913 5.72205e-07
      vertex 31.9145 21.385 5.72205e-07
      vertex 31.8578 21.3065 5.72205e-07
    endloop
  endfacet
  facet normal 0 0 -1
    outer loop
      vertex 31.9145 21.385 5.72205e-07
      vertex 31.8382 22.0913 5.72205e-07
      vertex 31.9095 22.0151 5.72205e-07
    endloop
  endfacet
  facet normal 0 0 -1
    outer loop
      vertex 31.7751 22.1746 5.72205e-07
      vertex 31.8578 21.3065 5.72205e-07
      vertex 31.8099 21.2248 5.72205e-07
    endloop
  endfacet
  facet normal 0 0 -1
    outer loop
      vertex 31.8578 21.3065 5.72205e-07
      vertex 31.7751 22.1746 5.72205e-07
      vertex 31.8382 22.0913 5.72205e-07
    endloop
  endfacet
  facet normal 0 0 -1
    outer loop
      vertex 31.7217 22.2632 5.72205e-07
      vertex 31.8099 21.2248 5.72205e-07
      vertex 31.7707 21.1396 5.72205e-07
    endloop
  endfacet
  facet normal 0 0 -1
    outer loop
      vertex 31.6779 22.3571 5.72205e-07
      vertex 31.7707 21.1396 5.72205e-07
      vertex 31.7402 21.0511 5.72205e-07
    endloop
  endfacet
  facet normal 0 0 -1
    outer loop
      vertex 31.8099 21.2248 5.72205e-07
      vertex 31.7217 22.2632 5.72205e-07
      vertex 31.7751 22.1746 5.72205e-07
    endloop
  endfacet
  facet normal 0 0 -1
    outer loop
      vertex 31.6779 22.3571 5.72205e-07
      vertex 31.7402 21.0511 5.72205e-07
      vertex 31.7184 20.9593 5.72205e-07
    endloop
  endfacet
  facet normal 0 0 -1
    outer loop
      vertex 31.6439 22.4563 5.72205e-07
      vertex 31.7184 20.9593 5.72205e-07
      vertex 31.7053 20.864 5.72205e-07
    endloop
  endfacet
  facet normal 0 0 -1
    outer loop
      vertex 30.8759 19.6913 5.72205e-07
      vertex 31.7053 20.864 5.72205e-07
      vertex 31.7009 20.7654 5.72205e-07
    endloop
  endfacet
  facet normal 0 0 -1
    outer loop
      vertex 31.7707 21.1396 5.72205e-07
      vertex 31.6779 22.3571 5.72205e-07
      vertex 31.7217 22.2632 5.72205e-07
    endloop
  endfacet
  facet normal 0 0 -1
    outer loop
      vertex 31.7053 20.864 5.72205e-07
      vertex 30.8759 22.4774 5.72205e-07
      vertex 31.4496 22.4774 5.72205e-07
    endloop
  endfacet
  facet normal 0 0 -1
    outer loop
      vertex 22.3231 21.8396 5.72205e-07
      vertex 23.5773 21.8396 5.72205e-07
      vertex 23.5761 21.675 5.72205e-07
    endloop
  endfacet
  facet normal 0 0 -1
    outer loop
      vertex 22.3243 21.675 5.72205e-07
      vertex 23.5761 21.675 5.72205e-07
      vertex 23.5726 21.5212 5.72205e-07
    endloop
  endfacet
  facet normal 0 0 -1
    outer loop
      vertex 23.5773 21.8396 5.72205e-07
      vertex 22.3231 21.8396 5.72205e-07
      vertex 23.5761 21.9978 5.72205e-07
    endloop
  endfacet
  facet normal 0 0 -1
    outer loop
      vertex 22.3277 21.5214 5.72205e-07
      vertex 23.5726 21.5212 5.72205e-07
      vertex 23.5667 21.3783 5.72205e-07
    endloop
  endfacet
  facet normal 0 -0 -1
    outer loop
      vertex 22.3243 22.0026 5.72205e-07
      vertex 23.5761 21.9978 5.72205e-07
      vertex 22.3231 21.8396 5.72205e-07
    endloop
  endfacet
  facet normal 0 0 -1
    outer loop
      vertex 22.3335 21.3786 5.72205e-07
      vertex 23.5667 21.3783 5.72205e-07
      vertex 23.5584 21.2462 5.72205e-07
    endloop
  endfacet
  facet normal 0 0 -1
    outer loop
      vertex 23.5761 21.9978 5.72205e-07
      vertex 22.3243 22.0026 5.72205e-07
      vertex 23.5725 22.1462 5.72205e-07
    endloop
  endfacet
  facet normal 0 0 -1
    outer loop
      vertex 22.3415 21.2467 5.72205e-07
      vertex 23.5584 21.2462 5.72205e-07
      vertex 23.5477 21.125 5.72205e-07
    endloop
  endfacet
  facet normal 0 -0 -1
    outer loop
      vertex 22.328 22.1551 5.72205e-07
      vertex 23.5725 22.1462 5.72205e-07
      vertex 22.3243 22.0026 5.72205e-07
    endloop
  endfacet
  facet normal 0 0 -1
    outer loop
      vertex 22.3519 21.1257 5.72205e-07
      vertex 23.5477 21.125 5.72205e-07
      vertex 23.5347 21.0146 5.72205e-07
    endloop
  endfacet
  facet normal 0 0 -1
    outer loop
      vertex 23.5725 22.1462 5.72205e-07
      vertex 22.328 22.1551 5.72205e-07
      vertex 23.5664 22.285 5.72205e-07
    endloop
  endfacet
  facet normal 0 0 -1
    outer loop
      vertex 22.3646 21.0157 5.72205e-07
      vertex 23.5347 21.0146 5.72205e-07
      vertex 23.5193 20.915 5.72205e-07
    endloop
  endfacet
  facet normal 0 -0 -1
    outer loop
      vertex 22.334 22.297 5.72205e-07
      vertex 23.5664 22.285 5.72205e-07
      vertex 22.328 22.1551 5.72205e-07
    endloop
  endfacet
  facet normal 0 0 -1
    outer loop
      vertex 22.3796 20.9165 5.72205e-07
      vertex 23.5193 20.915 5.72205e-07
      vertex 23.5013 20.8246 5.72205e-07
    endloop
  endfacet
  facet normal 0 0 -1
    outer loop
      vertex 23.5664 22.285 5.72205e-07
      vertex 22.334 22.297 5.72205e-07
      vertex 23.5579 22.414 5.72205e-07
    endloop
  endfacet
  facet normal 0 0 -1
    outer loop
      vertex 22.3972 20.8265 5.72205e-07
      vertex 23.5013 20.8246 5.72205e-07
      vertex 23.4805 20.7418 5.72205e-07
    endloop
  endfacet
  facet normal 0 -0 -1
    outer loop
      vertex 22.3425 22.4285 5.72205e-07
      vertex 23.5579 22.414 5.72205e-07
      vertex 22.334 22.297 5.72205e-07
    endloop
  endfacet
  facet normal 0 0 -1
    outer loop
      vertex 22.418 20.744 5.72205e-07
      vertex 23.4805 20.7418 5.72205e-07
      vertex 23.4567 20.6667 5.72205e-07
    endloop
  endfacet
  facet normal 0 0 -1
    outer loop
      vertex 23.5579 22.414 5.72205e-07
      vertex 22.3425 22.4285 5.72205e-07
      vertex 23.5469 22.5333 5.72205e-07
    endloop
  endfacet
  facet normal 0 0 -1
    outer loop
      vertex 22.442 20.6689 5.72205e-07
      vertex 23.4567 20.6667 5.72205e-07
      vertex 23.4301 20.5991 5.72205e-07
    endloop
  endfacet
  facet normal 0 -0 -1
    outer loop
      vertex 22.3535 22.5494 5.72205e-07
      vertex 23.5469 22.5333 5.72205e-07
      vertex 22.3425 22.4285 5.72205e-07
    endloop
  endfacet
  facet normal 0 0 -1
    outer loop
      vertex 23.0283 20.3015 5.72205e-07
      vertex 23.4301 20.5991 5.72205e-07
      vertex 23.4007 20.5391 5.72205e-07
    endloop
  endfacet
  facet normal 0 0 -1
    outer loop
      vertex 23.5469 22.5333 5.72205e-07
      vertex 22.3535 22.5494 5.72205e-07
      vertex 23.5336 22.643 5.72205e-07
    endloop
  endfacet
  facet normal 0 0 -1
    outer loop
      vertex 23.0909 20.3103 5.72205e-07
      vertex 23.4007 20.5391 5.72205e-07
      vertex 23.3684 20.4868 5.72205e-07
    endloop
  endfacet
  facet normal 0 -0 -1
    outer loop
      vertex 22.3668 22.6598 5.72205e-07
      vertex 23.5336 22.643 5.72205e-07
      vertex 22.3535 22.5494 5.72205e-07
    endloop
  endfacet
  facet normal 0 0 -1
    outer loop
      vertex 23.1489 20.3249 5.72205e-07
      vertex 23.3684 20.4868 5.72205e-07
      vertex 23.3332 20.442 5.72205e-07
    endloop
  endfacet
  facet normal 0 0 -1
    outer loop
      vertex 23.5336 22.643 5.72205e-07
      vertex 22.3668 22.6598 5.72205e-07
      vertex 23.5178 22.7429 5.72205e-07
    endloop
  endfacet
  facet normal 0 0 -1
    outer loop
      vertex 23.1489 20.3249 5.72205e-07
      vertex 23.3332 20.442 5.72205e-07
      vertex 23.2942 20.4039 5.72205e-07
    endloop
  endfacet
  facet normal 0 -0 -1
    outer loop
      vertex 22.3826 22.7596 5.72205e-07
      vertex 23.5178 22.7429 5.72205e-07
      vertex 22.3668 22.6598 5.72205e-07
    endloop
  endfacet
  facet normal 0 0 -1
    outer loop
      vertex 23.1489 20.3249 5.72205e-07
      vertex 23.2942 20.4039 5.72205e-07
      vertex 23.2505 20.3717 5.72205e-07
    endloop
  endfacet
  facet normal 0 0 -1
    outer loop
      vertex 23.5178 22.7429 5.72205e-07
      vertex 22.3826 22.7596 5.72205e-07
      vertex 23.4993 22.8342 5.72205e-07
    endloop
  endfacet
  facet normal 0 0 -1
    outer loop
      vertex 23.1489 20.3249 5.72205e-07
      vertex 23.2505 20.3717 5.72205e-07
      vertex 23.202 20.3454 5.72205e-07
    endloop
  endfacet
  facet normal 0 -0 -1
    outer loop
      vertex 22.4011 22.8504 5.72205e-07
      vertex 23.4993 22.8342 5.72205e-07
      vertex 22.3826 22.7596 5.72205e-07
    endloop
  endfacet
  facet normal 0 0 -1
    outer loop
      vertex 23.3684 20.4868 5.72205e-07
      vertex 23.1489 20.3249 5.72205e-07
      vertex 23.0909 20.3103 5.72205e-07
    endloop
  endfacet
  facet normal 0 0 -1
    outer loop
      vertex 23.4993 22.8342 5.72205e-07
      vertex 22.4011 22.8504 5.72205e-07
      vertex 23.4778 22.9181 5.72205e-07
    endloop
  endfacet
  facet normal 0 0 -1
    outer loop
      vertex 23.4007 20.5391 5.72205e-07
      vertex 23.0909 20.3103 5.72205e-07
      vertex 23.0283 20.3015 5.72205e-07
    endloop
  endfacet
  facet normal 0 -0 -1
    outer loop
      vertex 22.4224 22.9335 5.72205e-07
      vertex 23.4778 22.9181 5.72205e-07
      vertex 22.4011 22.8504 5.72205e-07
    endloop
  endfacet
  facet normal 0 0 -1
    outer loop
      vertex 23.4301 20.5991 5.72205e-07
      vertex 23.0283 20.3015 5.72205e-07
      vertex 22.9609 20.2986 5.72205e-07
    endloop
  endfacet
  facet normal 0 0 -1
    outer loop
      vertex 23.4778 22.9181 5.72205e-07
      vertex 22.4224 22.9335 5.72205e-07
      vertex 23.4533 22.9946 5.72205e-07
    endloop
  endfacet
  facet normal -0 0 -1
    outer loop
      vertex 23.4301 20.5991 5.72205e-07
      vertex 22.9609 20.2986 5.72205e-07
      vertex 22.442 20.6689 5.72205e-07
    endloop
  endfacet
  facet normal 0 -0 -1
    outer loop
      vertex 22.4465 23.009 5.72205e-07
      vertex 23.4533 22.9946 5.72205e-07
      vertex 22.4224 22.9335 5.72205e-07
    endloop
  endfacet
  facet normal 0 0 -1
    outer loop
      vertex 22.442 20.6689 5.72205e-07
      vertex 22.9609 20.2986 5.72205e-07
      vertex 22.8894 20.3015 5.72205e-07
    endloop
  endfacet
  facet normal 0 0 -1
    outer loop
      vertex 23.4533 22.9946 5.72205e-07
      vertex 22.4465 23.009 5.72205e-07
      vertex 23.4259 23.0637 5.72205e-07
    endloop
  endfacet
  facet normal 0 0 -1
    outer loop
      vertex 22.469 20.6014 5.72205e-07
      vertex 22.8894 20.3015 5.72205e-07
      vertex 22.823 20.3104 5.72205e-07
    endloop
  endfacet
  facet normal 0 -0 -1
    outer loop
      vertex 22.4736 23.0767 5.72205e-07
      vertex 23.4259 23.0637 5.72205e-07
      vertex 22.4465 23.009 5.72205e-07
    endloop
  endfacet
  facet normal 0 0 -1
    outer loop
      vertex 22.4991 20.5413 5.72205e-07
      vertex 22.823 20.3104 5.72205e-07
      vertex 22.7618 20.3252 5.72205e-07
    endloop
  endfacet
  facet normal 0 0 -1
    outer loop
      vertex 23.4259 23.0637 5.72205e-07
      vertex 22.9487 23.3776 5.72205e-07
      vertex 23.3954 23.1254 5.72205e-07
    endloop
  endfacet
  facet normal 0 0 -1
    outer loop
      vertex 22.5324 20.4886 5.72205e-07
      vertex 22.7618 20.3252 5.72205e-07
      vertex 22.7058 20.3459 5.72205e-07
    endloop
  endfacet
  facet normal -0 -0 -1
    outer loop
      vertex 23.0162 23.3745 5.72205e-07
      vertex 23.3954 23.1254 5.72205e-07
      vertex 22.9487 23.3776 5.72205e-07
    endloop
  endfacet
  facet normal -0 -0 -1
    outer loop
      vertex 23.0791 23.3653 5.72205e-07
      vertex 23.362 23.1796 5.72205e-07
      vertex 23.0162 23.3745 5.72205e-07
    endloop
  endfacet
  facet normal 0 0 -1
    outer loop
      vertex 22.5324 20.4886 5.72205e-07
      vertex 22.7058 20.3459 5.72205e-07
      vertex 22.655 20.3725 5.72205e-07
    endloop
  endfacet
  facet normal 0 0 -1
    outer loop
      vertex 23.362 23.1796 5.72205e-07
      vertex 23.0791 23.3653 5.72205e-07
      vertex 23.3255 23.2265 5.72205e-07
    endloop
  endfacet
  facet normal 0 0 -1
    outer loop
      vertex 22.5324 20.4886 5.72205e-07
      vertex 22.655 20.3725 5.72205e-07
      vertex 22.6093 20.405 5.72205e-07
    endloop
  endfacet
  facet normal 0 0 -1
    outer loop
      vertex 23.3255 23.2265 5.72205e-07
      vertex 23.0791 23.3653 5.72205e-07
      vertex 23.2853 23.2666 5.72205e-07
    endloop
  endfacet
  facet normal 0 0 -1
    outer loop
      vertex 22.5324 20.4886 5.72205e-07
      vertex 22.6093 20.405 5.72205e-07
      vertex 22.5688 20.4435 5.72205e-07
    endloop
  endfacet
  facet normal 0 0 -1
    outer loop
      vertex 23.2406 23.3005 5.72205e-07
      vertex 23.0791 23.3653 5.72205e-07
      vertex 23.1913 23.3282 5.72205e-07
    endloop
  endfacet
  facet normal 0 0 -1
    outer loop
      vertex 22.7618 20.3252 5.72205e-07
      vertex 22.5324 20.4886 5.72205e-07
      vertex 22.4991 20.5413 5.72205e-07
    endloop
  endfacet
  facet normal 0 0 -1
    outer loop
      vertex 23.1913 23.3282 5.72205e-07
      vertex 23.0791 23.3653 5.72205e-07
      vertex 23.1375 23.3498 5.72205e-07
    endloop
  endfacet
  facet normal 0 0 -1
    outer loop
      vertex 22.823 20.3104 5.72205e-07
      vertex 22.4991 20.5413 5.72205e-07
      vertex 22.469 20.6014 5.72205e-07
    endloop
  endfacet
  facet normal 0 0 -1
    outer loop
      vertex 23.2853 23.2666 5.72205e-07
      vertex 23.0791 23.3653 5.72205e-07
      vertex 23.2406 23.3005 5.72205e-07
    endloop
  endfacet
  facet normal 0 0 -1
    outer loop
      vertex 22.8894 20.3015 5.72205e-07
      vertex 22.469 20.6014 5.72205e-07
      vertex 22.442 20.6689 5.72205e-07
    endloop
  endfacet
  facet normal 0 0 -1
    outer loop
      vertex 23.3954 23.1254 5.72205e-07
      vertex 23.0162 23.3745 5.72205e-07
      vertex 23.362 23.1796 5.72205e-07
    endloop
  endfacet
  facet normal 0 0 -1
    outer loop
      vertex 23.4567 20.6667 5.72205e-07
      vertex 22.442 20.6689 5.72205e-07
      vertex 22.418 20.744 5.72205e-07
    endloop
  endfacet
  facet normal 0 0 -1
    outer loop
      vertex 23.4259 23.0637 5.72205e-07
      vertex 22.4736 23.0767 5.72205e-07
      vertex 22.9487 23.3776 5.72205e-07
    endloop
  endfacet
  facet normal 0 0 -1
    outer loop
      vertex 23.4805 20.7418 5.72205e-07
      vertex 22.418 20.744 5.72205e-07
      vertex 22.3972 20.8265 5.72205e-07
    endloop
  endfacet
  facet normal 0 -0 -1
    outer loop
      vertex 22.5035 23.1369 5.72205e-07
      vertex 22.8805 23.3747 5.72205e-07
      vertex 22.4736 23.0767 5.72205e-07
    endloop
  endfacet
  facet normal 0 0 -1
    outer loop
      vertex 23.5013 20.8246 5.72205e-07
      vertex 22.3972 20.8265 5.72205e-07
      vertex 22.3796 20.9165 5.72205e-07
    endloop
  endfacet
  facet normal 0 0 -1
    outer loop
      vertex 22.8805 23.3747 5.72205e-07
      vertex 22.5035 23.1369 5.72205e-07
      vertex 22.8171 23.3659 5.72205e-07
    endloop
  endfacet
  facet normal 0 0 -1
    outer loop
      vertex 23.5193 20.915 5.72205e-07
      vertex 22.3796 20.9165 5.72205e-07
      vertex 22.3646 21.0157 5.72205e-07
    endloop
  endfacet
  facet normal 0 0 -1
    outer loop
      vertex 22.8171 23.3659 5.72205e-07
      vertex 22.5035 23.1369 5.72205e-07
      vertex 22.7584 23.3512 5.72205e-07
    endloop
  endfacet
  facet normal 0 0 -1
    outer loop
      vertex 23.5347 21.0146 5.72205e-07
      vertex 22.3646 21.0157 5.72205e-07
      vertex 22.3519 21.1257 5.72205e-07
    endloop
  endfacet
  facet normal 0 0 -1
    outer loop
      vertex 22.7584 23.3512 5.72205e-07
      vertex 22.5362 23.1893 5.72205e-07
      vertex 22.7046 23.3308 5.72205e-07
    endloop
  endfacet
  facet normal 0 0 -1
    outer loop
      vertex 23.5477 21.125 5.72205e-07
      vertex 22.3519 21.1257 5.72205e-07
      vertex 22.3415 21.2467 5.72205e-07
    endloop
  endfacet
  facet normal 0 0 -1
    outer loop
      vertex 22.7046 23.3308 5.72205e-07
      vertex 22.5362 23.1893 5.72205e-07
      vertex 22.6555 23.3044 5.72205e-07
    endloop
  endfacet
  facet normal 0 0 -1
    outer loop
      vertex 23.5584 21.2462 5.72205e-07
      vertex 22.3415 21.2467 5.72205e-07
      vertex 22.3335 21.3786 5.72205e-07
    endloop
  endfacet
  facet normal 0 0 -1
    outer loop
      vertex 22.6555 23.3044 5.72205e-07
      vertex 22.5362 23.1893 5.72205e-07
      vertex 22.6113 23.2722 5.72205e-07
    endloop
  endfacet
  facet normal 0 0 -1
    outer loop
      vertex 23.5667 21.3783 5.72205e-07
      vertex 22.3335 21.3786 5.72205e-07
      vertex 22.3277 21.5214 5.72205e-07
    endloop
  endfacet
  facet normal 0 0 -1
    outer loop
      vertex 22.6113 23.2722 5.72205e-07
      vertex 22.5362 23.1893 5.72205e-07
      vertex 22.5718 23.2342 5.72205e-07
    endloop
  endfacet
  facet normal 0 0 -1
    outer loop
      vertex 23.5726 21.5212 5.72205e-07
      vertex 22.3277 21.5214 5.72205e-07
      vertex 22.3243 21.675 5.72205e-07
    endloop
  endfacet
  facet normal 0 -0 -1
    outer loop
      vertex 22.5362 23.1893 5.72205e-07
      vertex 22.7584 23.3512 5.72205e-07
      vertex 22.5035 23.1369 5.72205e-07
    endloop
  endfacet
  facet normal 0 0 -1
    outer loop
      vertex 23.5761 21.675 5.72205e-07
      vertex 22.3243 21.675 5.72205e-07
      vertex 22.3231 21.8396 5.72205e-07
    endloop
  endfacet
  facet normal 0 0 -1
    outer loop
      vertex 22.9487 23.3776 5.72205e-07
      vertex 22.4736 23.0767 5.72205e-07
      vertex 22.8805 23.3747 5.72205e-07
    endloop
  endfacet
  facet normal 0 0 -1
    outer loop
      vertex 25.7026 21.1728 5.72205e-07
      vertex 26.9504 21.1713 5.72205e-07
      vertex 26.9468 21.0604 5.72205e-07
    endloop
  endfacet
  facet normal 0 0 -1
    outer loop
      vertex 25.6993 21.0736 5.72205e-07
      vertex 26.9468 21.0604 5.72205e-07
      vertex 26.9361 20.9562 5.72205e-07
    endloop
  endfacet
  facet normal 0 -0 -1
    outer loop
      vertex 25.7125 21.2661 5.72205e-07
      vertex 26.9504 21.1713 5.72205e-07
      vertex 25.7026 21.1728 5.72205e-07
    endloop
  endfacet
  facet normal 0 0 -1
    outer loop
      vertex 25.7026 20.9731 5.72205e-07
      vertex 26.9361 20.9562 5.72205e-07
      vertex 26.9182 20.8586 5.72205e-07
    endloop
  endfacet
  facet normal 0 0 -1
    outer loop
      vertex 26.9504 21.1713 5.72205e-07
      vertex 25.7125 21.2661 5.72205e-07
      vertex 26.9467 21.2585 5.72205e-07
    endloop
  endfacet
  facet normal 0 0 -1
    outer loop
      vertex 25.7126 20.879 5.72205e-07
      vertex 26.9182 20.8586 5.72205e-07
      vertex 26.8931 20.7678 5.72205e-07
    endloop
  endfacet
  facet normal 0 -0 -1
    outer loop
      vertex 25.729 21.3536 5.72205e-07
      vertex 26.9467 21.2585 5.72205e-07
      vertex 25.7125 21.2661 5.72205e-07
    endloop
  endfacet
  facet normal 0 0 -1
    outer loop
      vertex 25.7293 20.7913 5.72205e-07
      vertex 26.8931 20.7678 5.72205e-07
      vertex 26.8609 20.6835 5.72205e-07
    endloop
  endfacet
  facet normal 0 0 -1
    outer loop
      vertex 26.9467 21.2585 5.72205e-07
      vertex 25.729 21.3536 5.72205e-07
      vertex 26.9356 21.3406 5.72205e-07
    endloop
  endfacet
  facet normal 0 0 -1
    outer loop
      vertex 25.7293 20.7913 5.72205e-07
      vertex 26.8609 20.6835 5.72205e-07
      vertex 26.8215 20.606 5.72205e-07
    endloop
  endfacet
  facet normal 0 -0 -1
    outer loop
      vertex 25.7521 21.4354 5.72205e-07
      vertex 26.9356 21.3406 5.72205e-07
      vertex 25.729 21.3536 5.72205e-07
    endloop
  endfacet
  facet normal 0 0 -1
    outer loop
      vertex 25.7526 20.71 5.72205e-07
      vertex 26.8215 20.606 5.72205e-07
      vertex 26.775 20.5351 5.72205e-07
    endloop
  endfacet
  facet normal 0 0 -1
    outer loop
      vertex 26.9468 21.0604 5.72205e-07
      vertex 25.6993 21.0736 5.72205e-07
      vertex 25.7026 21.1728 5.72205e-07
    endloop
  endfacet
  facet normal 0 0 -1
    outer loop
      vertex 25.7826 20.6351 5.72205e-07
      vertex 26.775 20.5351 5.72205e-07
      vertex 26.7225 20.4723 5.72205e-07
    endloop
  endfacet
  facet normal 0 0 -1
    outer loop
      vertex 26.9356 21.3406 5.72205e-07
      vertex 25.7521 21.4354 5.72205e-07
      vertex 26.9171 21.4175 5.72205e-07
    endloop
  endfacet
  facet normal 0 0 -1
    outer loop
      vertex 26.3901 20.3034 5.72205e-07
      vertex 26.7225 20.4723 5.72205e-07
      vertex 26.6653 20.4192 5.72205e-07
    endloop
  endfacet
  facet normal 0 0 -1
    outer loop
      vertex 26.9171 21.4175 5.72205e-07
      vertex 25.7521 21.4354 5.72205e-07
      vertex 26.8911 21.4892 5.72205e-07
    endloop
  endfacet
  facet normal 0 0 -1
    outer loop
      vertex 26.3901 20.3034 5.72205e-07
      vertex 26.6653 20.4192 5.72205e-07
      vertex 26.6035 20.3758 5.72205e-07
    endloop
  endfacet
  facet normal -0 0 -1
    outer loop
      vertex 26.8911 21.4892 5.72205e-07
      vertex 25.7521 21.4354 5.72205e-07
      vertex 26.8578 21.5557 5.72205e-07
    endloop
  endfacet
  facet normal 0 0 -1
    outer loop
      vertex 26.4659 20.3179 5.72205e-07
      vertex 26.6035 20.3758 5.72205e-07
      vertex 26.5371 20.342 5.72205e-07
    endloop
  endfacet
  facet normal -0 0 -1
    outer loop
      vertex 26.8578 21.5557 5.72205e-07
      vertex 25.7521 21.4354 5.72205e-07
      vertex 26.817 21.6171 5.72205e-07
    endloop
  endfacet
  facet normal 0 0 -1
    outer loop
      vertex 26.3901 20.3034 5.72205e-07
      vertex 26.6035 20.3758 5.72205e-07
      vertex 26.4659 20.3179 5.72205e-07
    endloop
  endfacet
  facet normal -0 0 -1
    outer loop
      vertex 26.817 21.6171 5.72205e-07
      vertex 25.7521 21.4354 5.72205e-07
      vertex 26.7688 21.6733 5.72205e-07
    endloop
  endfacet
  facet normal 0 0 -1
    outer loop
      vertex 26.7225 20.4723 5.72205e-07
      vertex 26.3901 20.3034 5.72205e-07
      vertex 26.3096 20.2986 5.72205e-07
    endloop
  endfacet
  facet normal -0 0 -1
    outer loop
      vertex 26.7688 21.6733 5.72205e-07
      vertex 25.7521 21.4354 5.72205e-07
      vertex 26.7151 21.7231 5.72205e-07
    endloop
  endfacet
  facet normal -0 0 -1
    outer loop
      vertex 26.7151 21.7231 5.72205e-07
      vertex 25.7521 21.4354 5.72205e-07
      vertex 26.6575 21.7652 5.72205e-07
    endloop
  endfacet
  facet normal -0 0 -1
    outer loop
      vertex 26.7225 20.4723 5.72205e-07
      vertex 26.3096 20.2986 5.72205e-07
      vertex 25.7826 20.6351 5.72205e-07
    endloop
  endfacet
  facet normal -0 0 -1
    outer loop
      vertex 26.6575 21.7652 5.72205e-07
      vertex 25.7521 21.4354 5.72205e-07
      vertex 26.5961 21.7997 5.72205e-07
    endloop
  endfacet
  facet normal 0 0 -1
    outer loop
      vertex 25.7826 20.6351 5.72205e-07
      vertex 26.3096 20.2986 5.72205e-07
      vertex 26.231 20.3028 5.72205e-07
    endloop
  endfacet
  facet normal -0 0 -1
    outer loop
      vertex 26.5961 21.7997 5.72205e-07
      vertex 25.7521 21.4354 5.72205e-07
      vertex 26.531 21.8265 5.72205e-07
    endloop
  endfacet
  facet normal 0 0 -1
    outer loop
      vertex 25.8192 20.5666 5.72205e-07
      vertex 26.231 20.3028 5.72205e-07
      vertex 26.1573 20.3154 5.72205e-07
    endloop
  endfacet
  facet normal 0 0 -1
    outer loop
      vertex 25.8625 20.5046 5.72205e-07
      vertex 26.1573 20.3154 5.72205e-07
      vertex 26.0885 20.3364 5.72205e-07
    endloop
  endfacet
  facet normal -0 0 -1
    outer loop
      vertex 26.531 21.8265 5.72205e-07
      vertex 25.7521 21.4354 5.72205e-07
      vertex 26.462 21.8456 5.72205e-07
    endloop
  endfacet
  facet normal 0 0 -1
    outer loop
      vertex 25.8625 20.5046 5.72205e-07
      vertex 26.0885 20.3364 5.72205e-07
      vertex 26.0246 20.3658 5.72205e-07
    endloop
  endfacet
  facet normal -0 0 -1
    outer loop
      vertex 26.462 21.8456 5.72205e-07
      vertex 25.7521 21.4354 5.72205e-07
      vertex 26.3892 21.8571 5.72205e-07
    endloop
  endfacet
  facet normal 0 0 -1
    outer loop
      vertex 25.8625 20.5046 5.72205e-07
      vertex 26.0246 20.3658 5.72205e-07
      vertex 25.9657 20.4037 5.72205e-07
    endloop
  endfacet
  facet normal 0 -0 -1
    outer loop
      vertex 25.7818 21.5113 5.72205e-07
      vertex 26.3892 21.8571 5.72205e-07
      vertex 25.7521 21.4354 5.72205e-07
    endloop
  endfacet
  facet normal 0 0 -1
    outer loop
      vertex 25.8625 20.5046 5.72205e-07
      vertex 25.9657 20.4037 5.72205e-07
      vertex 25.9116 20.4499 5.72205e-07
    endloop
  endfacet
  facet normal -0 0 -1
    outer loop
      vertex 26.3892 21.8571 5.72205e-07
      vertex 25.7818 21.5113 5.72205e-07
      vertex 26.3127 21.861 5.72205e-07
    endloop
  endfacet
  facet normal 0 0 -1
    outer loop
      vertex 26.1573 20.3154 5.72205e-07
      vertex 25.8625 20.5046 5.72205e-07
      vertex 25.8192 20.5666 5.72205e-07
    endloop
  endfacet
  facet normal 0 -0 -1
    outer loop
      vertex 25.8181 21.5815 5.72205e-07
      vertex 26.3127 21.861 5.72205e-07
      vertex 25.7818 21.5113 5.72205e-07
    endloop
  endfacet
  facet normal 0 0 -1
    outer loop
      vertex 26.231 20.3028 5.72205e-07
      vertex 25.8192 20.5666 5.72205e-07
      vertex 25.7826 20.6351 5.72205e-07
    endloop
  endfacet
  facet normal 0 0 -1
    outer loop
      vertex 26.3127 21.861 5.72205e-07
      vertex 25.8181 21.5815 5.72205e-07
      vertex 26.2324 21.8566 5.72205e-07
    endloop
  endfacet
  facet normal 0 0 -1
    outer loop
      vertex 26.775 20.5351 5.72205e-07
      vertex 25.7826 20.6351 5.72205e-07
      vertex 25.7526 20.71 5.72205e-07
    endloop
  endfacet
  facet normal 0 -0 -1
    outer loop
      vertex 25.861 21.6458 5.72205e-07
      vertex 26.2324 21.8566 5.72205e-07
      vertex 25.8181 21.5815 5.72205e-07
    endloop
  endfacet
  facet normal 0 0 -1
    outer loop
      vertex 26.8215 20.606 5.72205e-07
      vertex 25.7526 20.71 5.72205e-07
      vertex 25.7293 20.7913 5.72205e-07
    endloop
  endfacet
  facet normal 0 0 -1
    outer loop
      vertex 26.9361 20.9562 5.72205e-07
      vertex 25.7026 20.9731 5.72205e-07
      vertex 25.6993 21.0736 5.72205e-07
    endloop
  endfacet
  facet normal 0 0 -1
    outer loop
      vertex 26.8931 20.7678 5.72205e-07
      vertex 25.7293 20.7913 5.72205e-07
      vertex 25.7126 20.879 5.72205e-07
    endloop
  endfacet
  facet normal 0 0 -1
    outer loop
      vertex 26.2324 21.8566 5.72205e-07
      vertex 25.861 21.6458 5.72205e-07
      vertex 26.1575 21.8434 5.72205e-07
    endloop
  endfacet
  facet normal 0 0 -1
    outer loop
      vertex 26.9182 20.8586 5.72205e-07
      vertex 25.7126 20.879 5.72205e-07
      vertex 25.7026 20.9731 5.72205e-07
    endloop
  endfacet
  facet normal 0 0 -1
    outer loop
      vertex 26.1575 21.8434 5.72205e-07
      vertex 25.861 21.6458 5.72205e-07
      vertex 26.0877 21.8214 5.72205e-07
    endloop
  endfacet
  facet normal 0 0 -1
    outer loop
      vertex 26.0877 21.8214 5.72205e-07
      vertex 25.861 21.6458 5.72205e-07
      vertex 26.0232 21.7907 5.72205e-07
    endloop
  endfacet
  facet normal 0 0 -1
    outer loop
      vertex 26.0232 21.7907 5.72205e-07
      vertex 25.861 21.6458 5.72205e-07
      vertex 25.9639 21.7512 5.72205e-07
    endloop
  endfacet
  facet normal 0 0 -1
    outer loop
      vertex 25.9639 21.7512 5.72205e-07
      vertex 25.861 21.6458 5.72205e-07
      vertex 25.9098 21.7029 5.72205e-07
    endloop
  endfacet
  facet normal 0 0 -1
    outer loop
      vertex 30.0602 20.5183 5.72205e-07
      vertex 30.0837 20.4849 5.72205e-07
      vertex 30.0855 20.4664 5.72205e-07
    endloop
  endfacet
  facet normal 0 0 -1
    outer loop
      vertex 30.0602 20.5183 5.72205e-07
      vertex 30.0816 20.509 5.72205e-07
      vertex 30.0837 20.4849 5.72205e-07
    endloop
  endfacet
  facet normal 0 0 -1
    outer loop
      vertex 30.0602 20.5183 5.72205e-07
      vertex 30.0794 20.5387 5.72205e-07
      vertex 30.0816 20.509 5.72205e-07
    endloop
  endfacet
  facet normal 0 0 -1
    outer loop
      vertex 30.0297 20.5765 5.72205e-07
      vertex 30.0794 20.5387 5.72205e-07
      vertex 30.0602 20.5183 5.72205e-07
    endloop
  endfacet
  facet normal 0 0 -1
    outer loop
      vertex 30.0794 20.5387 5.72205e-07
      vertex 30.0297 20.5765 5.72205e-07
      vertex 30.077 20.574 5.72205e-07
    endloop
  endfacet
  facet normal 0 0 -1
    outer loop
      vertex 30.077 20.574 5.72205e-07
      vertex 30.0297 20.5765 5.72205e-07
      vertex 30.0745 20.6149 5.72205e-07
    endloop
  endfacet
  facet normal 0 0 -1
    outer loop
      vertex 29.9939 20.6409 5.72205e-07
      vertex 30.0745 20.6149 5.72205e-07
      vertex 30.0297 20.5765 5.72205e-07
    endloop
  endfacet
  facet normal 0 0 -1
    outer loop
      vertex 30.0745 20.6149 5.72205e-07
      vertex 29.9939 20.6409 5.72205e-07
      vertex 30.0717 20.6615 5.72205e-07
    endloop
  endfacet
  facet normal -0 0 -1
    outer loop
      vertex 30.0717 20.6615 5.72205e-07
      vertex 29.9939 20.6409 5.72205e-07
      vertex 30.0687 20.7136 5.72205e-07
    endloop
  endfacet
  facet normal 0 0 -1
    outer loop
      vertex 29.953 20.7115 5.72205e-07
      vertex 30.0687 20.7136 5.72205e-07
      vertex 29.9939 20.6409 5.72205e-07
    endloop
  endfacet
  facet normal -0 0 -1
    outer loop
      vertex 30.0687 20.7136 5.72205e-07
      vertex 29.953 20.7115 5.72205e-07
      vertex 30.0659 20.768 5.72205e-07
    endloop
  endfacet
  facet normal 0 0 -1
    outer loop
      vertex 29.9068 20.7884 5.72205e-07
      vertex 30.0659 20.768 5.72205e-07
      vertex 29.953 20.7115 5.72205e-07
    endloop
  endfacet
  facet normal 0 0 -1
    outer loop
      vertex 30.0659 20.768 5.72205e-07
      vertex 29.9068 20.7884 5.72205e-07
      vertex 30.0635 20.8212 5.72205e-07
    endloop
  endfacet
  facet normal -0 0 -1
    outer loop
      vertex 30.0635 20.8212 5.72205e-07
      vertex 29.9068 20.7884 5.72205e-07
      vertex 30.0615 20.8733 5.72205e-07
    endloop
  endfacet
  facet normal 0 0 -1
    outer loop
      vertex 29.8553 20.8714 5.72205e-07
      vertex 30.0615 20.8733 5.72205e-07
      vertex 29.9068 20.7884 5.72205e-07
    endloop
  endfacet
  facet normal -0 0 -1
    outer loop
      vertex 30.0615 20.8733 5.72205e-07
      vertex 29.8553 20.8714 5.72205e-07
      vertex 30.06 20.9243 5.72205e-07
    endloop
  endfacet
  facet normal -0 0 -1
    outer loop
      vertex 30.06 20.9243 5.72205e-07
      vertex 29.8553 20.8714 5.72205e-07
      vertex 30.0589 20.9742 5.72205e-07
    endloop
  endfacet
  facet normal 0 0 -1
    outer loop
      vertex 29.7987 20.9607 5.72205e-07
      vertex 30.0589 20.9742 5.72205e-07
      vertex 29.8553 20.8714 5.72205e-07
    endloop
  endfacet
  facet normal -0 0 -1
    outer loop
      vertex 30.0589 20.9742 5.72205e-07
      vertex 29.7987 20.9607 5.72205e-07
      vertex 30.0583 21.023 5.72205e-07
    endloop
  endfacet
  facet normal -0 0 -1
    outer loop
      vertex 30.0583 21.023 5.72205e-07
      vertex 29.7987 20.9607 5.72205e-07
      vertex 30.058 21.0706 5.72205e-07
    endloop
  endfacet
  facet normal -0 0 -1
    outer loop
      vertex 30.058 21.0706 5.72205e-07
      vertex 29.7987 20.9607 5.72205e-07
      vertex 30.058 22.4774 5.72205e-07
    endloop
  endfacet
  facet normal -0 0 -1
    outer loop
      vertex 30.058 22.4774 5.72205e-07
      vertex 29.7987 20.9607 5.72205e-07
      vertex 28.8008 22.4774 5.72205e-07
    endloop
  endfacet
  facet normal 0 0 -1
    outer loop
      vertex 32.4821 22.7215 5.72205e-07
      vertex 33.7941 22.8165 5.72205e-07
      vertex 33.7974 22.7093 5.72205e-07
    endloop
  endfacet
  facet normal 0 0 -1
    outer loop
      vertex 33.126 22.0349 5.72205e-07
      vertex 33.7974 22.7093 5.72205e-07
      vertex 33.7836 22.5304 5.72205e-07
    endloop
  endfacet
  facet normal -0 0 -1
    outer loop
      vertex 33.7941 22.8165 5.72205e-07
      vertex 32.4821 22.7215 5.72205e-07
      vertex 32.4855 22.8254 5.72205e-07
    endloop
  endfacet
  facet normal 0 0 -1
    outer loop
      vertex 33.7941 22.8165 5.72205e-07
      vertex 33.1504 23.4477 5.72205e-07
      vertex 33.7845 22.9148 5.72205e-07
    endloop
  endfacet
  facet normal 0 0 -1
    outer loop
      vertex 33.3041 22.0486 5.72205e-07
      vertex 33.7836 22.5304 5.72205e-07
      vertex 33.7425 22.379 5.72205e-07
    endloop
  endfacet
  facet normal 0 -0 -1
    outer loop
      vertex 33.1504 23.4477 5.72205e-07
      vertex 33.7941 22.8165 5.72205e-07
      vertex 32.4855 22.8254 5.72205e-07
    endloop
  endfacet
  facet normal 0 0 -1
    outer loop
      vertex 33.7845 22.9148 5.72205e-07
      vertex 33.2419 23.4442 5.72205e-07
      vertex 33.7685 23.0043 5.72205e-07
    endloop
  endfacet
  facet normal 0 0 -1
    outer loop
      vertex 33.4548 22.0899 5.72205e-07
      vertex 33.7425 22.379 5.72205e-07
      vertex 33.674 22.2551 5.72205e-07
    endloop
  endfacet
  facet normal -0 -0 -1
    outer loop
      vertex 33.2419 23.4442 5.72205e-07
      vertex 33.7845 22.9148 5.72205e-07
      vertex 33.1504 23.4477 5.72205e-07
    endloop
  endfacet
  facet normal 0 0 -1
    outer loop
      vertex 33.746 23.0849 5.72205e-07
      vertex 33.4033 23.4158 5.72205e-07
      vertex 33.7172 23.1567 5.72205e-07
    endloop
  endfacet
  facet normal 0 0 -1
    outer loop
      vertex 33.4548 22.0899 5.72205e-07
      vertex 33.674 22.2551 5.72205e-07
      vertex 33.5781 22.1587 5.72205e-07
    endloop
  endfacet
  facet normal -0 -0 -1
    outer loop
      vertex 33.4732 23.3909 5.72205e-07
      vertex 33.7172 23.1567 5.72205e-07
      vertex 33.4033 23.4158 5.72205e-07
    endloop
  endfacet
  facet normal 0 0 -1
    outer loop
      vertex 33.6819 23.2197 5.72205e-07
      vertex 33.4732 23.3909 5.72205e-07
      vertex 33.6402 23.2738 5.72205e-07
    endloop
  endfacet
  facet normal 0 0 -1
    outer loop
      vertex 33.7425 22.379 5.72205e-07
      vertex 33.4548 22.0899 5.72205e-07
      vertex 33.3041 22.0486 5.72205e-07
    endloop
  endfacet
  facet normal 0 0 -1
    outer loop
      vertex 33.5917 23.3199 5.72205e-07
      vertex 33.4732 23.3909 5.72205e-07
      vertex 33.536 23.359 5.72205e-07
    endloop
  endfacet
  facet normal 0 0 -1
    outer loop
      vertex 33.6402 23.2738 5.72205e-07
      vertex 33.4732 23.3909 5.72205e-07
      vertex 33.5917 23.3199 5.72205e-07
    endloop
  endfacet
  facet normal 0 0 -1
    outer loop
      vertex 33.7836 22.5304 5.72205e-07
      vertex 33.3041 22.0486 5.72205e-07
      vertex 33.126 22.0349 5.72205e-07
    endloop
  endfacet
  facet normal 0 0 -1
    outer loop
      vertex 33.7172 23.1567 5.72205e-07
      vertex 33.4732 23.3909 5.72205e-07
      vertex 33.6819 23.2197 5.72205e-07
    endloop
  endfacet
  facet normal -0 -0 -1
    outer loop
      vertex 33.3262 23.4335 5.72205e-07
      vertex 33.7685 23.0043 5.72205e-07
      vertex 33.2419 23.4442 5.72205e-07
    endloop
  endfacet
  facet normal 0 0 -1
    outer loop
      vertex 32.4855 22.6296 5.72205e-07
      vertex 33.7974 22.7093 5.72205e-07
      vertex 33.126 22.0349 5.72205e-07
    endloop
  endfacet
  facet normal -0 -0 -1
    outer loop
      vertex 33.4033 23.4158 5.72205e-07
      vertex 33.746 23.0849 5.72205e-07
      vertex 33.3262 23.4335 5.72205e-07
    endloop
  endfacet
  facet normal 0 0 -1
    outer loop
      vertex 32.4855 22.6296 5.72205e-07
      vertex 33.126 22.0349 5.72205e-07
      vertex 33.04 22.0385 5.72205e-07
    endloop
  endfacet
  facet normal 0 0 -1
    outer loop
      vertex 33.7685 23.0043 5.72205e-07
      vertex 33.3262 23.4335 5.72205e-07
      vertex 33.746 23.0849 5.72205e-07
    endloop
  endfacet
  facet normal 0 0 -1
    outer loop
      vertex 32.4957 22.5441 5.72205e-07
      vertex 33.04 22.0385 5.72205e-07
      vertex 32.96 22.0493 5.72205e-07
    endloop
  endfacet
  facet normal 0 0 -1
    outer loop
      vertex 33.1504 23.4477 5.72205e-07
      vertex 32.4855 22.8254 5.72205e-07
      vertex 33.0572 23.4442 5.72205e-07
    endloop
  endfacet
  facet normal 0 0 -1
    outer loop
      vertex 32.5127 22.465 5.72205e-07
      vertex 32.96 22.0493 5.72205e-07
      vertex 32.8858 22.0674 5.72205e-07
    endloop
  endfacet
  facet normal 0 -0 -1
    outer loop
      vertex 32.4956 22.921 5.72205e-07
      vertex 33.0572 23.4442 5.72205e-07
      vertex 32.4855 22.8254 5.72205e-07
    endloop
  endfacet
  facet normal 0 0 -1
    outer loop
      vertex 32.5364 22.3922 5.72205e-07
      vertex 32.8858 22.0674 5.72205e-07
      vertex 32.8176 22.0927 5.72205e-07
    endloop
  endfacet
  facet normal 0 0 -1
    outer loop
      vertex 32.567 22.3257 5.72205e-07
      vertex 32.8176 22.0927 5.72205e-07
      vertex 32.7553 22.1252 5.72205e-07
    endloop
  endfacet
  facet normal 0 0 -1
    outer loop
      vertex 33.0572 23.4442 5.72205e-07
      vertex 32.4956 22.921 5.72205e-07
      vertex 32.9711 23.4335 5.72205e-07
    endloop
  endfacet
  facet normal 0 0 -1
    outer loop
      vertex 32.567 22.3257 5.72205e-07
      vertex 32.7553 22.1252 5.72205e-07
      vertex 32.6989 22.1649 5.72205e-07
    endloop
  endfacet
  facet normal 0 -0 -1
    outer loop
      vertex 32.5124 23.0083 5.72205e-07
      vertex 32.9711 23.4335 5.72205e-07
      vertex 32.4956 22.921 5.72205e-07
    endloop
  endfacet
  facet normal 0 0 -1
    outer loop
      vertex 32.567 22.3257 5.72205e-07
      vertex 32.6989 22.1649 5.72205e-07
      vertex 32.6484 22.2119 5.72205e-07
    endloop
  endfacet
  facet normal 0 0 -1
    outer loop
      vertex 32.9711 23.4335 5.72205e-07
      vertex 32.5124 23.0083 5.72205e-07
      vertex 32.892 23.4158 5.72205e-07
    endloop
  endfacet
  facet normal 0 0 -1
    outer loop
      vertex 32.567 22.3257 5.72205e-07
      vertex 32.6484 22.2119 5.72205e-07
      vertex 32.6043 22.2656 5.72205e-07
    endloop
  endfacet
  facet normal 0 0 -1
    outer loop
      vertex 32.892 23.4158 5.72205e-07
      vertex 32.5359 23.0872 5.72205e-07
      vertex 32.8201 23.3909 5.72205e-07
    endloop
  endfacet
  facet normal 0 0 -1
    outer loop
      vertex 32.8176 22.0927 5.72205e-07
      vertex 32.567 22.3257 5.72205e-07
      vertex 32.5364 22.3922 5.72205e-07
    endloop
  endfacet
  facet normal 0 -0 -1
    outer loop
      vertex 32.5662 23.1577 5.72205e-07
      vertex 32.8201 23.3909 5.72205e-07
      vertex 32.5359 23.0872 5.72205e-07
    endloop
  endfacet
  facet normal 0 0 -1
    outer loop
      vertex 32.8858 22.0674 5.72205e-07
      vertex 32.5364 22.3922 5.72205e-07
      vertex 32.5127 22.465 5.72205e-07
    endloop
  endfacet
  facet normal 0 0 -1
    outer loop
      vertex 32.8201 23.3909 5.72205e-07
      vertex 32.5662 23.1577 5.72205e-07
      vertex 32.7552 23.359 5.72205e-07
    endloop
  endfacet
  facet normal 0 0 -1
    outer loop
      vertex 32.96 22.0493 5.72205e-07
      vertex 32.5127 22.465 5.72205e-07
      vertex 32.4957 22.5441 5.72205e-07
    endloop
  endfacet
  facet normal 0 0 -1
    outer loop
      vertex 32.7552 23.359 5.72205e-07
      vertex 32.5662 23.1577 5.72205e-07
      vertex 32.6975 23.3199 5.72205e-07
    endloop
  endfacet
  facet normal 0 0 -1
    outer loop
      vertex 33.04 22.0385 5.72205e-07
      vertex 32.4957 22.5441 5.72205e-07
      vertex 32.4855 22.6296 5.72205e-07
    endloop
  endfacet
  facet normal 0 0 -1
    outer loop
      vertex 32.6975 23.3199 5.72205e-07
      vertex 32.5662 23.1577 5.72205e-07
      vertex 32.6469 23.2738 5.72205e-07
    endloop
  endfacet
  facet normal -0 0 -1
    outer loop
      vertex 33.7974 22.7093 5.72205e-07
      vertex 32.4855 22.6296 5.72205e-07
      vertex 32.4821 22.7215 5.72205e-07
    endloop
  endfacet
  facet normal 0 0 -1
    outer loop
      vertex 32.6469 23.2738 5.72205e-07
      vertex 32.5662 23.1577 5.72205e-07
      vertex 32.6032 23.2199 5.72205e-07
    endloop
  endfacet
  facet normal 0 -0 -1
    outer loop
      vertex 32.5359 23.0872 5.72205e-07
      vertex 32.892 23.4158 5.72205e-07
      vertex 32.5124 23.0083 5.72205e-07
    endloop
  endfacet
  facet normal 0 0 -1
    outer loop
      vertex 32.5767 20.8173 5.72205e-07
      vertex 33.6966 20.8173 5.72205e-07
      vertex 33.6938 20.7335 5.72205e-07
    endloop
  endfacet
  facet normal 0 0 -1
    outer loop
      vertex 33.6966 20.8173 5.72205e-07
      vertex 32.5767 20.8173 5.72205e-07
      vertex 33.6938 20.9077 5.72205e-07
    endloop
  endfacet
  facet normal 0 0 -1
    outer loop
      vertex 33.2103 20.2313 5.72205e-07
      vertex 33.6938 20.7335 5.72205e-07
      vertex 33.6852 20.6563 5.72205e-07
    endloop
  endfacet
  facet normal 0 -0 -1
    outer loop
      vertex 32.5882 20.9809 5.72205e-07
      vertex 33.6938 20.9077 5.72205e-07
      vertex 32.5767 20.8173 5.72205e-07
    endloop
  endfacet
  facet normal 0 0 -1
    outer loop
      vertex 33.2826 20.2399 5.72205e-07
      vertex 33.6852 20.6563 5.72205e-07
      vertex 33.6708 20.5858 5.72205e-07
    endloop
  endfacet
  facet normal 0 -0 -1
    outer loop
      vertex 33.1382 21.4337 5.72205e-07
      vertex 33.6938 20.9077 5.72205e-07
      vertex 32.5882 20.9809 5.72205e-07
    endloop
  endfacet
  facet normal 0 0 -1
    outer loop
      vertex 33.349 20.2544 5.72205e-07
      vertex 33.6708 20.5858 5.72205e-07
      vertex 33.6508 20.5219 5.72205e-07
    endloop
  endfacet
  facet normal 0 0 -1
    outer loop
      vertex 33.6938 20.9077 5.72205e-07
      vertex 33.1382 21.4337 5.72205e-07
      vertex 33.6853 20.9904 5.72205e-07
    endloop
  endfacet
  facet normal 0 0 -1
    outer loop
      vertex 33.4096 20.2747 5.72205e-07
      vertex 33.6508 20.5219 5.72205e-07
      vertex 33.625 20.4647 5.72205e-07
    endloop
  endfacet
  facet normal 0 0 -1
    outer loop
      vertex 33.6853 20.9904 5.72205e-07
      vertex 33.2155 21.4308 5.72205e-07
      vertex 33.6711 21.0656 5.72205e-07
    endloop
  endfacet
  facet normal 0 0 -1
    outer loop
      vertex 33.4096 20.2747 5.72205e-07
      vertex 33.625 20.4647 5.72205e-07
      vertex 33.5935 20.4142 5.72205e-07
    endloop
  endfacet
  facet normal -0 -0 -1
    outer loop
      vertex 33.3528 21.4074 5.72205e-07
      vertex 33.6711 21.0656 5.72205e-07
      vertex 33.287 21.422 5.72205e-07
    endloop
  endfacet
  facet normal 0 0 -1
    outer loop
      vertex 33.4096 20.2747 5.72205e-07
      vertex 33.5935 20.4142 5.72205e-07
      vertex 33.5562 20.3703 5.72205e-07
    endloop
  endfacet
  facet normal -0 -0 -1
    outer loop
      vertex 33.4127 21.3869 5.72205e-07
      vertex 33.6513 21.1332 5.72205e-07
      vertex 33.3528 21.4074 5.72205e-07
    endloop
  endfacet
  facet normal 0 0 -1
    outer loop
      vertex 33.4096 20.2747 5.72205e-07
      vertex 33.5562 20.3703 5.72205e-07
      vertex 33.5132 20.3326 5.72205e-07
    endloop
  endfacet
  facet normal -0 -0 -1
    outer loop
      vertex 33.4668 21.3606 5.72205e-07
      vertex 33.6258 21.1932 5.72205e-07
      vertex 33.4127 21.3869 5.72205e-07
    endloop
  endfacet
  facet normal 0 0 -1
    outer loop
      vertex 33.4096 20.2747 5.72205e-07
      vertex 33.5132 20.3326 5.72205e-07
      vertex 33.4643 20.3008 5.72205e-07
    endloop
  endfacet
  facet normal 0 0 -1
    outer loop
      vertex 33.5946 21.2455 5.72205e-07
      vertex 33.5152 21.3284 5.72205e-07
      vertex 33.5578 21.2903 5.72205e-07
    endloop
  endfacet
  facet normal 0 0 -1
    outer loop
      vertex 33.6508 20.5219 5.72205e-07
      vertex 33.4096 20.2747 5.72205e-07
      vertex 33.349 20.2544 5.72205e-07
    endloop
  endfacet
  facet normal 0 0 -1
    outer loop
      vertex 33.5946 21.2455 5.72205e-07
      vertex 33.4668 21.3606 5.72205e-07
      vertex 33.5152 21.3284 5.72205e-07
    endloop
  endfacet
  facet normal 0 0 -1
    outer loop
      vertex 33.6708 20.5858 5.72205e-07
      vertex 33.349 20.2544 5.72205e-07
      vertex 33.2826 20.2399 5.72205e-07
    endloop
  endfacet
  facet normal 0 0 -1
    outer loop
      vertex 33.6258 21.1932 5.72205e-07
      vertex 33.4668 21.3606 5.72205e-07
      vertex 33.5946 21.2455 5.72205e-07
    endloop
  endfacet
  facet normal 0 0 -1
    outer loop
      vertex 33.6852 20.6563 5.72205e-07
      vertex 33.2826 20.2399 5.72205e-07
      vertex 33.2103 20.2313 5.72205e-07
    endloop
  endfacet
  facet normal 0 0 -1
    outer loop
      vertex 33.6513 21.1332 5.72205e-07
      vertex 33.4127 21.3869 5.72205e-07
      vertex 33.6258 21.1932 5.72205e-07
    endloop
  endfacet
  facet normal 0 0 -1
    outer loop
      vertex 33.6938 20.7335 5.72205e-07
      vertex 33.2103 20.2313 5.72205e-07
      vertex 33.1321 20.2284 5.72205e-07
    endloop
  endfacet
  facet normal 0 0 -1
    outer loop
      vertex 33.6711 21.0656 5.72205e-07
      vertex 33.3528 21.4074 5.72205e-07
      vertex 33.6513 21.1332 5.72205e-07
    endloop
  endfacet
  facet normal -0 0 -1
    outer loop
      vertex 33.6938 20.7335 5.72205e-07
      vertex 33.1321 20.2284 5.72205e-07
      vertex 32.5767 20.8173 5.72205e-07
    endloop
  endfacet
  facet normal -0 -0 -1
    outer loop
      vertex 33.287 21.422 5.72205e-07
      vertex 33.6711 21.0656 5.72205e-07
      vertex 33.2155 21.4308 5.72205e-07
    endloop
  endfacet
  facet normal 0 0 -1
    outer loop
      vertex 32.5881 20.6611 5.72205e-07
      vertex 33.1321 20.2284 5.72205e-07
      vertex 32.9848 20.2404 5.72205e-07
    endloop
  endfacet
  facet normal -0 -0 -1
    outer loop
      vertex 33.2155 21.4308 5.72205e-07
      vertex 33.6853 20.9904 5.72205e-07
      vertex 33.1382 21.4337 5.72205e-07
    endloop
  endfacet
  facet normal 0 0 -1
    outer loop
      vertex 32.6221 20.5289 5.72205e-07
      vertex 32.9848 20.2404 5.72205e-07
      vertex 32.8601 20.2764 5.72205e-07
    endloop
  endfacet
  facet normal 0 0 -1
    outer loop
      vertex 33.1382 21.4337 5.72205e-07
      vertex 32.5882 20.9809 5.72205e-07
      vertex 32.9892 21.4211 5.72205e-07
    endloop
  endfacet
  facet normal 0 0 -1
    outer loop
      vertex 32.6221 20.5289 5.72205e-07
      vertex 32.8601 20.2764 5.72205e-07
      vertex 32.7581 20.3365 5.72205e-07
    endloop
  endfacet
  facet normal 0 -0 -1
    outer loop
      vertex 32.6225 21.1192 5.72205e-07
      vertex 32.9892 21.4211 5.72205e-07
      vertex 32.5882 20.9809 5.72205e-07
    endloop
  endfacet
  facet normal 0 0 -1
    outer loop
      vertex 32.6221 20.5289 5.72205e-07
      vertex 32.7581 20.3365 5.72205e-07
      vertex 32.6787 20.4207 5.72205e-07
    endloop
  endfacet
  facet normal 0 0 -1
    outer loop
      vertex 32.9892 21.4211 5.72205e-07
      vertex 32.6225 21.1192 5.72205e-07
      vertex 32.8632 21.3834 5.72205e-07
    endloop
  endfacet
  facet normal 0 0 -1
    outer loop
      vertex 32.9848 20.2404 5.72205e-07
      vertex 32.6221 20.5289 5.72205e-07
      vertex 32.5881 20.6611 5.72205e-07
    endloop
  endfacet
  facet normal 0 -0 -1
    outer loop
      vertex 32.6798 21.2325 5.72205e-07
      vertex 32.8632 21.3834 5.72205e-07
      vertex 32.6225 21.1192 5.72205e-07
    endloop
  endfacet
  facet normal 0 0 -1
    outer loop
      vertex 33.1321 20.2284 5.72205e-07
      vertex 32.5881 20.6611 5.72205e-07
      vertex 32.5767 20.8173 5.72205e-07
    endloop
  endfacet
  facet normal 0 0 -1
    outer loop
      vertex 32.8632 21.3834 5.72205e-07
      vertex 32.6798 21.2325 5.72205e-07
      vertex 32.7601 21.3205 5.72205e-07
    endloop
  endfacet
  facet normal 1 -0 0
    outer loop
      vertex 39.4 2 2
      vertex 39.4 29.78 5.72205e-07
      vertex 39.4 29.78 2
    endloop
  endfacet
  facet normal 1 0 0
    outer loop
      vertex 39.4 29.78 5.72205e-07
      vertex 39.4 2 2
      vertex 39.4 2 5.72205e-07
    endloop
  endfacet
  facet normal -0.751855 0.659328 0
    outer loop
      vertex 0.413293 30.9975 5.72205e-07
      vertex 0.585786 31.1942 2
      vertex 0.585786 31.1942 5.72205e-07
    endloop
  endfacet
  facet normal -0.751855 0.659328 0
    outer loop
      vertex 0.585786 31.1942 2
      vertex 0.413293 30.9975 5.72205e-07
      vertex 0.413293 30.9975 2
    endloop
  endfacet
  facet normal -1 0 0
    outer loop
      vertex 0 2 5.72205e-07
      vertex 0 29.78 2
      vertex 0 29.78 5.72205e-07
    endloop
  endfacet
  facet normal -1 -0 0
    outer loop
      vertex 0 29.78 2
      vertex 0 2 5.72205e-07
      vertex 0 2 2
    endloop
  endfacet
  facet normal 0 0 1
    outer loop
      vertex 35 27.98 2
      vertex 35.6 27.38 2
      vertex 35.5949 27.4583 2
    endloop
  endfacet
  facet normal 0 0 1
    outer loop
      vertex 35.6 27.38 2
      vertex 35 27.98 2
      vertex 35.6 4.40001 2
    endloop
  endfacet
  facet normal 0 0 1
    outer loop
      vertex 35 27.98 2
      vertex 35.5949 27.4583 2
      vertex 35.5795 27.5353 2
    endloop
  endfacet
  facet normal 0 0 1
    outer loop
      vertex 35 3.80001 2
      vertex 35.6 4.40001 2
      vertex 35 27.98 2
    endloop
  endfacet
  facet normal 0 0 1
    outer loop
      vertex 35 27.98 2
      vertex 35.5795 27.5353 2
      vertex 35.5543 27.6096 2
    endloop
  endfacet
  facet normal 0 0 1
    outer loop
      vertex 35.6 4.40001 2
      vertex 35 3.80001 2
      vertex 35.5949 4.32169 2
    endloop
  endfacet
  facet normal 0 0 1
    outer loop
      vertex 35 27.98 2
      vertex 35.5543 27.6096 2
      vertex 35.5196 27.68 2
    endloop
  endfacet
  facet normal 0 0 1
    outer loop
      vertex 35.5949 4.32169 2
      vertex 35 3.80001 2
      vertex 35.5795 4.24471 2
    endloop
  endfacet
  facet normal 0 0 1
    outer loop
      vertex 35 27.98 2
      vertex 35.5196 27.68 2
      vertex 35.476 27.7453 2
    endloop
  endfacet
  facet normal 0 0 1
    outer loop
      vertex 35.5795 4.24471 2
      vertex 35 3.80001 2
      vertex 35.5543 4.1704 2
    endloop
  endfacet
  facet normal 0 0 1
    outer loop
      vertex 35 27.98 2
      vertex 35.476 27.7453 2
      vertex 35.4243 27.8043 2
    endloop
  endfacet
  facet normal 0 0 1
    outer loop
      vertex 35.5543 4.1704 2
      vertex 35 3.80001 2
      vertex 35.5196 4.10001 2
    endloop
  endfacet
  facet normal 0 0 1
    outer loop
      vertex 35 27.98 2
      vertex 35.4243 27.8043 2
      vertex 35.3652 27.856 2
    endloop
  endfacet
  facet normal 0 0 1
    outer loop
      vertex 35.5196 4.10001 2
      vertex 35 3.80001 2
      vertex 35.476 4.03475 2
    endloop
  endfacet
  facet normal 0 0 1
    outer loop
      vertex 35 27.98 2
      vertex 35.3652 27.856 2
      vertex 35.3 27.8996 2
    endloop
  endfacet
  facet normal 0 0 1
    outer loop
      vertex 35.476 4.03475 2
      vertex 35 3.80001 2
      vertex 35.4243 3.97574 2
    endloop
  endfacet
  facet normal 0 0 1
    outer loop
      vertex 35 27.98 2
      vertex 35.3 27.8996 2
      vertex 35.2296 27.9343 2
    endloop
  endfacet
  facet normal 0 0 1
    outer loop
      vertex 35.4243 3.97574 2
      vertex 35 3.80001 2
      vertex 35.3652 3.924 2
    endloop
  endfacet
  facet normal 0 0 1
    outer loop
      vertex 35 27.98 2
      vertex 35.2296 27.9343 2
      vertex 35.1553 27.9596 2
    endloop
  endfacet
  facet normal 0 0 1
    outer loop
      vertex 35.3652 3.924 2
      vertex 35 3.80001 2
      vertex 35.3 3.88039 2
    endloop
  endfacet
  facet normal 0 0 1
    outer loop
      vertex 35 27.98 2
      vertex 35.1553 27.9596 2
      vertex 35.0783 27.9749 2
    endloop
  endfacet
  facet normal 0 0 1
    outer loop
      vertex 35.3 3.88039 2
      vertex 35 3.80001 2
      vertex 35.2296 3.84568 2
    endloop
  endfacet
  facet normal 0 0 1
    outer loop
      vertex 35.2296 3.84568 2
      vertex 35 3.80001 2
      vertex 35.1553 3.82045 2
    endloop
  endfacet
  facet normal 0 0 1
    outer loop
      vertex 35.1553 3.82045 2
      vertex 35 3.80001 2
      vertex 35.0783 3.80514 2
    endloop
  endfacet
  facet normal -0 0 1
    outer loop
      vertex 4.39999 27.98 2
      vertex 35 3.80001 2
      vertex 35 27.98 2
    endloop
  endfacet
  facet normal 0 0 1
    outer loop
      vertex 4.39999 27.98 2
      vertex 4.39999 3.80001 2
      vertex 35 3.80001 2
    endloop
  endfacet
  facet normal 0 0 1
    outer loop
      vertex 3.8 27.38 2
      vertex 4.39999 27.98 2
      vertex 4.32168 27.9749 2
    endloop
  endfacet
  facet normal 0 0 1
    outer loop
      vertex 4.39999 27.98 2
      vertex 3.8 27.38 2
      vertex 4.39999 3.80001 2
    endloop
  endfacet
  facet normal 0 0 1
    outer loop
      vertex 3.8 27.38 2
      vertex 4.32168 27.9749 2
      vertex 4.2447 27.9596 2
    endloop
  endfacet
  facet normal -0 0 1
    outer loop
      vertex 3.8 4.40001 2
      vertex 4.39999 3.80001 2
      vertex 3.8 27.38 2
    endloop
  endfacet
  facet normal 0 0 1
    outer loop
      vertex 3.8 27.38 2
      vertex 4.2447 27.9596 2
      vertex 4.17038 27.9343 2
    endloop
  endfacet
  facet normal 0 0 1
    outer loop
      vertex 4.39999 3.80001 2
      vertex 3.8 4.40001 2
      vertex 4.32168 3.80514 2
    endloop
  endfacet
  facet normal 0 0 1
    outer loop
      vertex 3.8 27.38 2
      vertex 4.17038 27.9343 2
      vertex 4.09999 27.8996 2
    endloop
  endfacet
  facet normal 0 0 1
    outer loop
      vertex 4.32168 3.80514 2
      vertex 3.8 4.40001 2
      vertex 4.2447 3.82045 2
    endloop
  endfacet
  facet normal 0 0 1
    outer loop
      vertex 3.8 27.38 2
      vertex 4.09999 27.8996 2
      vertex 4.03474 27.856 2
    endloop
  endfacet
  facet normal 0 0 1
    outer loop
      vertex 4.2447 3.82045 2
      vertex 3.8 4.40001 2
      vertex 4.17038 3.84568 2
    endloop
  endfacet
  facet normal 0 0 1
    outer loop
      vertex 3.8 27.38 2
      vertex 4.03474 27.856 2
      vertex 3.97573 27.8043 2
    endloop
  endfacet
  facet normal 0 0 1
    outer loop
      vertex 4.17038 3.84568 2
      vertex 3.8 4.40001 2
      vertex 4.09999 3.88039 2
    endloop
  endfacet
  facet normal 0 0 1
    outer loop
      vertex 3.8 27.38 2
      vertex 3.97573 27.8043 2
      vertex 3.92398 27.7453 2
    endloop
  endfacet
  facet normal 0 0 1
    outer loop
      vertex 4.09999 3.88039 2
      vertex 3.8 4.40001 2
      vertex 4.03474 3.924 2
    endloop
  endfacet
  facet normal 0 0 1
    outer loop
      vertex 3.8 27.38 2
      vertex 3.92398 27.7453 2
      vertex 3.88038 27.68 2
    endloop
  endfacet
  facet normal 0 0 1
    outer loop
      vertex 4.03474 3.924 2
      vertex 3.8 4.40001 2
      vertex 3.97573 3.97574 2
    endloop
  endfacet
  facet normal 0 0 1
    outer loop
      vertex 3.8 27.38 2
      vertex 3.88038 27.68 2
      vertex 3.84567 27.6096 2
    endloop
  endfacet
  facet normal 0 0 1
    outer loop
      vertex 3.97573 3.97574 2
      vertex 3.8 4.40001 2
      vertex 3.92398 4.03475 2
    endloop
  endfacet
  facet normal 0 0 1
    outer loop
      vertex 3.8 27.38 2
      vertex 3.84567 27.6096 2
      vertex 3.82043 27.5353 2
    endloop
  endfacet
  facet normal 0 0 1
    outer loop
      vertex 3.92398 4.03475 2
      vertex 3.8 4.40001 2
      vertex 3.88038 4.10001 2
    endloop
  endfacet
  facet normal 0 0 1
    outer loop
      vertex 3.8 27.38 2
      vertex 3.82043 27.5353 2
      vertex 3.80513 27.4583 2
    endloop
  endfacet
  facet normal 0 0 1
    outer loop
      vertex 3.88038 4.10001 2
      vertex 3.8 4.40001 2
      vertex 3.84567 4.1704 2
    endloop
  endfacet
  facet normal 0 0 1
    outer loop
      vertex 3.84567 4.1704 2
      vertex 3.8 4.40001 2
      vertex 3.82043 4.24471 2
    endloop
  endfacet
  facet normal 0 0 1
    outer loop
      vertex 3.82043 4.24471 2
      vertex 3.8 4.40001 2
      vertex 3.80513 4.32169 2
    endloop
  endfacet
  facet normal 0 0 1
    outer loop
      vertex 37.0196 29.18 2
      vertex 39.4 29.78 2
      vertex 39.3829 30.0411 2
    endloop
  endfacet
  facet normal 0 0 1
    outer loop
      vertex 39.4 29.78 2
      vertex 37.1 28.88 2
      vertex 39.4 2 2
    endloop
  endfacet
  facet normal 0 0 1
    outer loop
      vertex 37.0196 29.18 2
      vertex 39.3829 30.0411 2
      vertex 39.3319 30.2976 2
    endloop
  endfacet
  facet normal -0 0 1
    outer loop
      vertex 37.1 2.90001 2
      vertex 39.4 2 2
      vertex 37.1 28.88 2
    endloop
  endfacet
  facet normal 0 0 1
    outer loop
      vertex 36.976 29.2453 2
      vertex 39.3319 30.2976 2
      vertex 39.2478 30.5454 2
    endloop
  endfacet
  facet normal -0 0 1
    outer loop
      vertex 37.0949 2.82169 2
      vertex 39.4 2 2
      vertex 37.1 2.90001 2
    endloop
  endfacet
  facet normal 0 0 1
    outer loop
      vertex 36.976 29.2453 2
      vertex 39.2478 30.5454 2
      vertex 39.132 30.78 2
    endloop
  endfacet
  facet normal -0 0 1
    outer loop
      vertex 37.0795 2.74471 2
      vertex 39.4 2 2
      vertex 37.0949 2.82169 2
    endloop
  endfacet
  facet normal 0 0 1
    outer loop
      vertex 36.976 29.2453 2
      vertex 39.132 30.78 2
      vertex 38.9867 30.9975 2
    endloop
  endfacet
  facet normal -0 0 1
    outer loop
      vertex 37.0543 2.6704 2
      vertex 39.4 2 2
      vertex 37.0795 2.74471 2
    endloop
  endfacet
  facet normal 0 0 1
    outer loop
      vertex 36.9243 29.3043 2
      vertex 38.9867 30.9975 2
      vertex 38.8142 31.1942 2
    endloop
  endfacet
  facet normal -0 0 1
    outer loop
      vertex 37.0196 2.60001 2
      vertex 39.4 2 2
      vertex 37.0543 2.6704 2
    endloop
  endfacet
  facet normal 0 0 1
    outer loop
      vertex 36.9243 29.3043 2
      vertex 38.8142 31.1942 2
      vertex 38.6175 31.3667 2
    endloop
  endfacet
  facet normal 0 0 1
    outer loop
      vertex 39.4 2 2
      vertex 37.0196 2.60001 2
      vertex 39.3829 1.73895 2
    endloop
  endfacet
  facet normal 0 0 1
    outer loop
      vertex 36.9243 29.3043 2
      vertex 38.6175 31.3667 2
      vertex 38.4 31.5121 2
    endloop
  endfacet
  facet normal 0 0 1
    outer loop
      vertex 39.3829 1.73895 2
      vertex 37.0196 2.60001 2
      vertex 39.3319 1.48236 2
    endloop
  endfacet
  facet normal 0 0 1
    outer loop
      vertex 36.8652 29.356 2
      vertex 38.4 31.5121 2
      vertex 38.1654 31.6278 2
    endloop
  endfacet
  facet normal -0 0 1
    outer loop
      vertex 36.976 2.53475 2
      vertex 39.3319 1.48236 2
      vertex 37.0196 2.60001 2
    endloop
  endfacet
  facet normal 0 0 1
    outer loop
      vertex 36.8652 29.356 2
      vertex 38.1654 31.6278 2
      vertex 37.9176 31.7119 2
    endloop
  endfacet
  facet normal 0 0 1
    outer loop
      vertex 39.3319 1.48236 2
      vertex 36.976 2.53475 2
      vertex 39.2478 1.23463 2
    endloop
  endfacet
  facet normal 0 0 1
    outer loop
      vertex 36.8 29.3996 2
      vertex 37.9176 31.7119 2
      vertex 37.6611 31.7629 2
    endloop
  endfacet
  facet normal 0 0 1
    outer loop
      vertex 39.2478 1.23463 2
      vertex 36.976 2.53475 2
      vertex 39.132 1 2
    endloop
  endfacet
  facet normal 0 0 1
    outer loop
      vertex 36.8 29.3996 2
      vertex 37.6611 31.7629 2
      vertex 37.4 31.78 2
    endloop
  endfacet
  facet normal 0 0 1
    outer loop
      vertex 39.132 1 2
      vertex 36.976 2.53475 2
      vertex 38.9867 0.782478 2
    endloop
  endfacet
  facet normal -0 0 1
    outer loop
      vertex 36.9243 2.47574 2
      vertex 38.9867 0.782478 2
      vertex 36.976 2.53475 2
    endloop
  endfacet
  facet normal 0 0 1
    outer loop
      vertex 39.4 29.78 2
      vertex 37.0949 28.9583 2
      vertex 37.1 28.88 2
    endloop
  endfacet
  facet normal 0 0 1
    outer loop
      vertex 39.4 29.78 2
      vertex 37.0795 29.0353 2
      vertex 37.0949 28.9583 2
    endloop
  endfacet
  facet normal 0 0 1
    outer loop
      vertex 39.4 29.78 2
      vertex 37.0543 29.1096 2
      vertex 37.0795 29.0353 2
    endloop
  endfacet
  facet normal 0 0 1
    outer loop
      vertex 39.4 29.78 2
      vertex 37.0196 29.18 2
      vertex 37.0543 29.1096 2
    endloop
  endfacet
  facet normal 0 0 1
    outer loop
      vertex 39.3319 30.2976 2
      vertex 36.976 29.2453 2
      vertex 37.0196 29.18 2
    endloop
  endfacet
  facet normal 0 0 1
    outer loop
      vertex 38.9867 30.9975 2
      vertex 36.9243 29.3043 2
      vertex 36.976 29.2453 2
    endloop
  endfacet
  facet normal 0 0 1
    outer loop
      vertex 38.4 31.5121 2
      vertex 36.8652 29.356 2
      vertex 36.9243 29.3043 2
    endloop
  endfacet
  facet normal 0 0 1
    outer loop
      vertex 37.9176 31.7119 2
      vertex 36.8 29.3996 2
      vertex 36.8652 29.356 2
    endloop
  endfacet
  facet normal 0 0 1
    outer loop
      vertex 37.4 31.78 2
      vertex 36.7296 29.4343 2
      vertex 36.8 29.3996 2
    endloop
  endfacet
  facet normal 0 0 1
    outer loop
      vertex 37.4 31.78 2
      vertex 36.6553 29.4596 2
      vertex 36.7296 29.4343 2
    endloop
  endfacet
  facet normal 0 0 1
    outer loop
      vertex 37.4 31.78 2
      vertex 36.5783 29.4749 2
      vertex 36.6553 29.4596 2
    endloop
  endfacet
  facet normal 0 0 1
    outer loop
      vertex 37.4 31.78 2
      vertex 36.5 29.48 2
      vertex 36.5783 29.4749 2
    endloop
  endfacet
  facet normal 0 0 1
    outer loop
      vertex 37.4 31.78 2
      vertex 2.89999 29.48 2
      vertex 36.5 29.48 2
    endloop
  endfacet
  facet normal -0 0 1
    outer loop
      vertex 2 31.78 2
      vertex 2.89999 29.48 2
      vertex 37.4 31.78 2
    endloop
  endfacet
  facet normal -0 0 1
    outer loop
      vertex 0.413293 30.9975 2
      vertex 2.47573 29.3043 2
      vertex 0.585786 31.1942 2
    endloop
  endfacet
  facet normal -0 0 1
    outer loop
      vertex 0.585786 31.1942 2
      vertex 2.47573 29.3043 2
      vertex 0.782476 31.3667 2
    endloop
  endfacet
  facet normal -0 0 1
    outer loop
      vertex 0.782476 31.3667 2
      vertex 2.47573 29.3043 2
      vertex 1 31.5121 2
    endloop
  endfacet
  facet normal 0 0 1
    outer loop
      vertex 2.53474 29.356 2
      vertex 1 31.5121 2
      vertex 2.47573 29.3043 2
    endloop
  endfacet
  facet normal -0 0 1
    outer loop
      vertex 1 31.5121 2
      vertex 2.53474 29.356 2
      vertex 1.23463 31.6278 2
    endloop
  endfacet
  facet normal -0 0 1
    outer loop
      vertex 1.23463 31.6278 2
      vertex 2.53474 29.356 2
      vertex 1.48236 31.7119 2
    endloop
  endfacet
  facet normal 0 0 1
    outer loop
      vertex 2.59999 29.3996 2
      vertex 1.48236 31.7119 2
      vertex 2.53474 29.356 2
    endloop
  endfacet
  facet normal -0 0 1
    outer loop
      vertex 1.48236 31.7119 2
      vertex 2.59999 29.3996 2
      vertex 1.73895 31.7629 2
    endloop
  endfacet
  facet normal -0 0 1
    outer loop
      vertex 1.73895 31.7629 2
      vertex 2.59999 29.3996 2
      vertex 2 31.78 2
    endloop
  endfacet
  facet normal 0 0 1
    outer loop
      vertex 2.67038 29.4343 2
      vertex 2 31.78 2
      vertex 2.59999 29.3996 2
    endloop
  endfacet
  facet normal 0 0 1
    outer loop
      vertex 2.7447 29.4596 2
      vertex 2 31.78 2
      vertex 2.67038 29.4343 2
    endloop
  endfacet
  facet normal 0 0 1
    outer loop
      vertex 2.82168 29.4749 2
      vertex 2 31.78 2
      vertex 2.7447 29.4596 2
    endloop
  endfacet
  facet normal 0 0 1
    outer loop
      vertex 2.89999 29.48 2
      vertex 2 31.78 2
      vertex 2.82168 29.4749 2
    endloop
  endfacet
  facet normal 0 0 1
    outer loop
      vertex 38.9867 0.782478 2
      vertex 36.9243 2.47574 2
      vertex 38.8142 0.585787 2
    endloop
  endfacet
  facet normal 0 0 1
    outer loop
      vertex 38.8142 0.585787 2
      vertex 36.9243 2.47574 2
      vertex 38.6175 0.413294 2
    endloop
  endfacet
  facet normal 0 0 1
    outer loop
      vertex 38.6175 0.413294 2
      vertex 36.9243 2.47574 2
      vertex 38.4 0.267949 2
    endloop
  endfacet
  facet normal -0 0 1
    outer loop
      vertex 36.8652 2.424 2
      vertex 38.4 0.267949 2
      vertex 36.9243 2.47574 2
    endloop
  endfacet
  facet normal 0 0 1
    outer loop
      vertex 38.4 0.267949 2
      vertex 36.8652 2.424 2
      vertex 38.1654 0.152241 2
    endloop
  endfacet
  facet normal 0 0 1
    outer loop
      vertex 38.1654 0.152241 2
      vertex 36.8652 2.424 2
      vertex 37.9176 0.0681489 2
    endloop
  endfacet
  facet normal -0 0 1
    outer loop
      vertex 36.8 2.38039 2
      vertex 37.9176 0.0681489 2
      vertex 36.8652 2.424 2
    endloop
  endfacet
  facet normal 0 0 1
    outer loop
      vertex 37.9176 0.0681489 2
      vertex 36.8 2.38039 2
      vertex 37.6611 0.0171111 2
    endloop
  endfacet
  facet normal 0 0 1
    outer loop
      vertex 37.6611 0.0171111 2
      vertex 36.8 2.38039 2
      vertex 37.4 2.67029e-07 2
    endloop
  endfacet
  facet normal -0 0 1
    outer loop
      vertex 36.7296 2.34568 2
      vertex 37.4 2.67029e-07 2
      vertex 36.8 2.38039 2
    endloop
  endfacet
  facet normal -0 0 1
    outer loop
      vertex 36.6553 2.32045 2
      vertex 37.4 2.67029e-07 2
      vertex 36.7296 2.34568 2
    endloop
  endfacet
  facet normal -0 0 1
    outer loop
      vertex 36.5783 2.30514 2
      vertex 37.4 2.67029e-07 2
      vertex 36.6553 2.32045 2
    endloop
  endfacet
  facet normal -0 0 1
    outer loop
      vertex 36.5 2.30001 2
      vertex 37.4 2.67029e-07 2
      vertex 36.5783 2.30514 2
    endloop
  endfacet
  facet normal -0 0 1
    outer loop
      vertex 2.89999 2.30001 2
      vertex 37.4 2.67029e-07 2
      vertex 36.5 2.30001 2
    endloop
  endfacet
  facet normal 0 0 1
    outer loop
      vertex 2 2.67029e-07 2
      vertex 2.89999 2.30001 2
      vertex 2.82168 2.30514 2
    endloop
  endfacet
  facet normal 0 0 1
    outer loop
      vertex 2.89999 2.30001 2
      vertex 2 2.67029e-07 2
      vertex 37.4 2.67029e-07 2
    endloop
  endfacet
  facet normal 0 0 1
    outer loop
      vertex 2.7447 2.32045 2
      vertex 2 2.67029e-07 2
      vertex 2.82168 2.30514 2
    endloop
  endfacet
  facet normal 0 0 1
    outer loop
      vertex 2.67038 2.34568 2
      vertex 2 2.67029e-07 2
      vertex 2.7447 2.32045 2
    endloop
  endfacet
  facet normal 0 0 1
    outer loop
      vertex 2.59999 2.38039 2
      vertex 2 2.67029e-07 2
      vertex 2.67038 2.34568 2
    endloop
  endfacet
  facet normal 0 0 1
    outer loop
      vertex 1.48236 0.0681489 2
      vertex 2.59999 2.38039 2
      vertex 2.53474 2.424 2
    endloop
  endfacet
  facet normal 0 0 1
    outer loop
      vertex 1 0.267949 2
      vertex 2.53474 2.424 2
      vertex 2.47573 2.47574 2
    endloop
  endfacet
  facet normal 0 0 1
    outer loop
      vertex 0.413293 0.782478 2
      vertex 2.47573 2.47574 2
      vertex 2.42398 2.53475 2
    endloop
  endfacet
  facet normal 0 0 1
    outer loop
      vertex 0.0681477 1.48236 2
      vertex 2.42398 2.53475 2
      vertex 2.38038 2.60001 2
    endloop
  endfacet
  facet normal 0 0 1
    outer loop
      vertex 0 2 2
      vertex 2.38038 2.60001 2
      vertex 2.34567 2.6704 2
    endloop
  endfacet
  facet normal 0 0 1
    outer loop
      vertex 0 2 2
      vertex 2.34567 2.6704 2
      vertex 2.32043 2.74471 2
    endloop
  endfacet
  facet normal 0 0 1
    outer loop
      vertex 0 2 2
      vertex 2.32043 2.74471 2
      vertex 2.30513 2.82169 2
    endloop
  endfacet
  facet normal 0 0 1
    outer loop
      vertex 0 2 2
      vertex 2.30513 2.82169 2
      vertex 2.3 2.90001 2
    endloop
  endfacet
  facet normal 0 0 1
    outer loop
      vertex 2.3 28.88 2
      vertex 0 29.78 2
      vertex 2.3 2.90001 2
    endloop
  endfacet
  facet normal 0 0 1
    outer loop
      vertex 2.47573 29.3043 2
      vertex 0.413293 30.9975 2
      vertex 2.42398 29.2453 2
    endloop
  endfacet
  facet normal 0 0 1
    outer loop
      vertex 0 2 2
      vertex 2.3 2.90001 2
      vertex 0 29.78 2
    endloop
  endfacet
  facet normal -0 0 1
    outer loop
      vertex 0.267949 30.78 2
      vertex 2.42398 29.2453 2
      vertex 0.413293 30.9975 2
    endloop
  endfacet
  facet normal 0 0 1
    outer loop
      vertex 2.38038 2.60001 2
      vertex 0 2 2
      vertex 0.0171099 1.73895 2
    endloop
  endfacet
  facet normal -0 0 1
    outer loop
      vertex 0.152241 30.5454 2
      vertex 2.42398 29.2453 2
      vertex 0.267949 30.78 2
    endloop
  endfacet
  facet normal 0 0 1
    outer loop
      vertex 2.59999 2.38039 2
      vertex 1.73895 0.0171111 2
      vertex 2 2.67029e-07 2
    endloop
  endfacet
  facet normal -0 0 1
    outer loop
      vertex 0.0681477 30.2976 2
      vertex 2.42398 29.2453 2
      vertex 0.152241 30.5454 2
    endloop
  endfacet
  facet normal 0 0 1
    outer loop
      vertex 2.59999 2.38039 2
      vertex 1.48236 0.0681489 2
      vertex 1.73895 0.0171111 2
    endloop
  endfacet
  facet normal 0 0 1
    outer loop
      vertex 2.42398 29.2453 2
      vertex 0.0681477 30.2976 2
      vertex 2.38038 29.18 2
    endloop
  endfacet
  facet normal 0 0 1
    outer loop
      vertex 2.53474 2.424 2
      vertex 1.23463 0.152241 2
      vertex 1.48236 0.0681489 2
    endloop
  endfacet
  facet normal -0 0 1
    outer loop
      vertex 0.0171099 30.0411 2
      vertex 2.38038 29.18 2
      vertex 0.0681477 30.2976 2
    endloop
  endfacet
  facet normal 0 0 1
    outer loop
      vertex 2.53474 2.424 2
      vertex 1 0.267949 2
      vertex 1.23463 0.152241 2
    endloop
  endfacet
  facet normal -0 0 1
    outer loop
      vertex 0 29.78 2
      vertex 2.38038 29.18 2
      vertex 0.0171099 30.0411 2
    endloop
  endfacet
  facet normal 0 0 1
    outer loop
      vertex 2.47573 2.47574 2
      vertex 0.782476 0.413294 2
      vertex 1 0.267949 2
    endloop
  endfacet
  facet normal 0 0 1
    outer loop
      vertex 2.38038 29.18 2
      vertex 0 29.78 2
      vertex 2.34567 29.1096 2
    endloop
  endfacet
  facet normal 0 0 1
    outer loop
      vertex 2.47573 2.47574 2
      vertex 0.585786 0.585787 2
      vertex 0.782476 0.413294 2
    endloop
  endfacet
  facet normal 0 0 1
    outer loop
      vertex 2.34567 29.1096 2
      vertex 0 29.78 2
      vertex 2.32043 29.0353 2
    endloop
  endfacet
  facet normal 0 0 1
    outer loop
      vertex 2.47573 2.47574 2
      vertex 0.413293 0.782478 2
      vertex 0.585786 0.585787 2
    endloop
  endfacet
  facet normal 0 0 1
    outer loop
      vertex 2.32043 29.0353 2
      vertex 0 29.78 2
      vertex 2.30513 28.9583 2
    endloop
  endfacet
  facet normal 0 0 1
    outer loop
      vertex 2.42398 2.53475 2
      vertex 0.267949 1 2
      vertex 0.413293 0.782478 2
    endloop
  endfacet
  facet normal 0 0 1
    outer loop
      vertex 2.30513 28.9583 2
      vertex 0 29.78 2
      vertex 2.3 28.88 2
    endloop
  endfacet
  facet normal 0 0 1
    outer loop
      vertex 2.42398 2.53475 2
      vertex 0.152241 1.23463 2
      vertex 0.267949 1 2
    endloop
  endfacet
  facet normal 0 0 1
    outer loop
      vertex 2.42398 2.53475 2
      vertex 0.0681477 1.48236 2
      vertex 0.152241 1.23463 2
    endloop
  endfacet
  facet normal 0 0 1
    outer loop
      vertex 2.38038 2.60001 2
      vertex 0.0171099 1.73895 2
      vertex 0.0681477 1.48236 2
    endloop
  endfacet
  facet normal 0.0653934 -0.99786 0
    outer loop
      vertex 37.4 2.67029e-07 5.72205e-07
      vertex 37.6611 0.0171111 2
      vertex 37.4 2.67029e-07 2
    endloop
  endfacet
  facet normal 0.0653934 -0.99786 0
    outer loop
      vertex 37.6611 0.0171111 2
      vertex 37.4 2.67029e-07 5.72205e-07
      vertex 37.6611 0.0171111 5.72205e-07
    endloop
  endfacet
  facet normal 0 -1 0
    outer loop
      vertex 2 2.67029e-07 5.72205e-07
      vertex 37.4 2.67029e-07 2
      vertex 2 2.67029e-07 2
    endloop
  endfacet
  facet normal 0 -1 -0
    outer loop
      vertex 37.4 2.67029e-07 2
      vertex 2 2.67029e-07 5.72205e-07
      vertex 37.4 2.67029e-07 5.72205e-07
    endloop
  endfacet
  facet normal 0.980814 -0.194947 0
    outer loop
      vertex 39.3319 1.48236 2
      vertex 39.3829 1.73895 5.72205e-07
      vertex 39.3829 1.73895 2
    endloop
  endfacet
  facet normal 0.980814 -0.194947 0
    outer loop
      vertex 39.3829 1.73895 5.72205e-07
      vertex 39.3319 1.48236 2
      vertex 39.3319 1.48236 5.72205e-07
    endloop
  endfacet
  facet normal 0.997861 -0.0653646 0
    outer loop
      vertex 39.3829 1.73895 2
      vertex 39.4 2 5.72205e-07
      vertex 39.4 2 2
    endloop
  endfacet
  facet normal 0.997861 -0.0653646 0
    outer loop
      vertex 39.4 2 5.72205e-07
      vertex 39.3829 1.73895 2
      vertex 39.3829 1.73895 5.72205e-07
    endloop
  endfacet
  facet normal 0.997862 0.0653521 0
    outer loop
      vertex 39.4 29.78 2
      vertex 39.3829 30.0411 5.72205e-07
      vertex 39.3829 30.0411 2
    endloop
  endfacet
  facet normal 0.997862 0.0653521 0
    outer loop
      vertex 39.3829 30.0411 5.72205e-07
      vertex 39.4 29.78 2
      vertex 39.4 29.78 5.72205e-07
    endloop
  endfacet
  facet normal -0.0653646 0.997861 0
    outer loop
      vertex 2 31.78 5.72205e-07
      vertex 1.73895 31.7629 2
      vertex 2 31.78 2
    endloop
  endfacet
  facet normal -0.0653646 0.997861 0
    outer loop
      vertex 1.73895 31.7629 2
      vertex 2 31.78 5.72205e-07
      vertex 1.73895 31.7629 5.72205e-07
    endloop
  endfacet
  facet normal -0.896871 -0.442293 0
    outer loop
      vertex 0.267949 1 5.72205e-07
      vertex 0.152241 1.23463 2
      vertex 0.152241 1.23463 5.72205e-07
    endloop
  endfacet
  facet normal -0.896871 -0.442293 0
    outer loop
      vertex 0.152241 1.23463 2
      vertex 0.267949 1 5.72205e-07
      vertex 0.267949 1 2
    endloop
  endfacet
  facet normal -0.94693 -0.32144 0
    outer loop
      vertex 0.152241 1.23463 5.72205e-07
      vertex 0.0681477 1.48236 2
      vertex 0.0681477 1.48236 5.72205e-07
    endloop
  endfacet
  facet normal -0.94693 -0.32144 0
    outer loop
      vertex 0.0681477 1.48236 2
      vertex 0.152241 1.23463 5.72205e-07
      vertex 0.152241 1.23463 2
    endloop
  endfacet
  facet normal -0.997859 -0.0654023 0
    outer loop
      vertex 0.0171099 1.73895 5.72205e-07
      vertex 0 2 2
      vertex 0 2 5.72205e-07
    endloop
  endfacet
  facet normal -0.997859 -0.0654023 0
    outer loop
      vertex 0 2 2
      vertex 0.0171099 1.73895 5.72205e-07
      vertex 0.0171099 1.73895 2
    endloop
  endfacet
  facet normal 0.659328 -0.751855 0
    outer loop
      vertex 38.6175 0.413294 5.72205e-07
      vertex 38.8142 0.585787 2
      vertex 38.6175 0.413294 2
    endloop
  endfacet
  facet normal 0.659328 -0.751855 0
    outer loop
      vertex 38.8142 0.585787 2
      vertex 38.6175 0.413294 5.72205e-07
      vertex 38.8142 0.585787 5.72205e-07
    endloop
  endfacet
  facet normal -0.555571 -0.831469 0
    outer loop
      vertex 0.782476 0.413294 5.72205e-07
      vertex 1 0.267949 2
      vertex 0.782476 0.413294 2
    endloop
  endfacet
  facet normal -0.555571 -0.831469 -0
    outer loop
      vertex 1 0.267949 2
      vertex 0.782476 0.413294 5.72205e-07
      vertex 1 0.267949 5.72205e-07
    endloop
  endfacet
  facet normal 0.94695 0.321382 0
    outer loop
      vertex 39.3319 30.2976 2
      vertex 39.2478 30.5454 5.72205e-07
      vertex 39.2478 30.5454 2
    endloop
  endfacet
  facet normal 0.94695 0.321382 0
    outer loop
      vertex 39.2478 30.5454 5.72205e-07
      vertex 39.3319 30.2976 2
      vertex 39.3319 30.2976 5.72205e-07
    endloop
  endfacet
  facet normal -0.831469 -0.555571 0
    outer loop
      vertex 0.413293 0.782478 5.72205e-07
      vertex 0.267949 1 2
      vertex 0.267949 1 5.72205e-07
    endloop
  endfacet
  facet normal -0.831469 -0.555571 0
    outer loop
      vertex 0.267949 1 2
      vertex 0.413293 0.782478 5.72205e-07
      vertex 0.413293 0.782478 2
    endloop
  endfacet
  facet normal -0.751841 -0.659345 0
    outer loop
      vertex 0.585786 0.585787 5.72205e-07
      vertex 0.413293 0.782478 2
      vertex 0.413293 0.782478 5.72205e-07
    endloop
  endfacet
  facet normal -0.751841 -0.659345 0
    outer loop
      vertex 0.413293 0.782478 2
      vertex 0.585786 0.585787 5.72205e-07
      vertex 0.585786 0.585787 2
    endloop
  endfacet
  facet normal -0.659347 -0.751839 0
    outer loop
      vertex 0.585786 0.585787 5.72205e-07
      vertex 0.782476 0.413294 2
      vertex 0.585786 0.585787 2
    endloop
  endfacet
  facet normal -0.659347 -0.751839 -0
    outer loop
      vertex 0.782476 0.413294 2
      vertex 0.585786 0.585787 5.72205e-07
      vertex 0.782476 0.413294 5.72205e-07
    endloop
  endfacet
  facet normal -0.980786 -0.195086 0
    outer loop
      vertex 0.0681477 1.48236 5.72205e-07
      vertex 0.0171099 1.73895 2
      vertex 0.0171099 1.73895 5.72205e-07
    endloop
  endfacet
  facet normal -0.980786 -0.195086 0
    outer loop
      vertex 0.0171099 1.73895 2
      vertex 0.0681477 1.48236 5.72205e-07
      vertex 0.0681477 1.48236 2
    endloop
  endfacet
  facet normal 0.321355 -0.946959 0
    outer loop
      vertex 37.9176 0.0681489 5.72205e-07
      vertex 38.1654 0.152241 2
      vertex 37.9176 0.0681489 2
    endloop
  endfacet
  facet normal 0.321355 -0.946959 0
    outer loop
      vertex 38.1654 0.152241 2
      vertex 37.9176 0.0681489 5.72205e-07
      vertex 38.1654 0.152241 5.72205e-07
    endloop
  endfacet
  facet normal 0.442338 -0.896848 0
    outer loop
      vertex 38.1654 0.152241 5.72205e-07
      vertex 38.4 0.267949 2
      vertex 38.1654 0.152241 2
    endloop
  endfacet
  facet normal 0.442338 -0.896848 0
    outer loop
      vertex 38.4 0.267949 2
      vertex 38.1654 0.152241 5.72205e-07
      vertex 38.4 0.267949 5.72205e-07
    endloop
  endfacet
  facet normal 0.555613 -0.831441 0
    outer loop
      vertex 38.4 0.267949 5.72205e-07
      vertex 38.6175 0.413294 2
      vertex 38.4 0.267949 2
    endloop
  endfacet
  facet normal 0.555613 -0.831441 0
    outer loop
      vertex 38.6175 0.413294 2
      vertex 38.4 0.267949 5.72205e-07
      vertex 38.6175 0.413294 5.72205e-07
    endloop
  endfacet
  facet normal 0.896731 -0.442575 0
    outer loop
      vertex 39.132 1 2
      vertex 39.2478 1.23463 5.72205e-07
      vertex 39.2478 1.23463 2
    endloop
  endfacet
  facet normal 0.896731 -0.442575 0
    outer loop
      vertex 39.2478 1.23463 5.72205e-07
      vertex 39.132 1 2
      vertex 39.132 1 5.72205e-07
    endloop
  endfacet
  facet normal 0.946922 -0.321463 0
    outer loop
      vertex 39.2478 1.23463 2
      vertex 39.3319 1.48236 5.72205e-07
      vertex 39.3319 1.48236 2
    endloop
  endfacet
  facet normal 0.946922 -0.321463 0
    outer loop
      vertex 39.3319 1.48236 5.72205e-07
      vertex 39.2478 1.23463 2
      vertex 39.2478 1.23463 5.72205e-07
    endloop
  endfacet
  facet normal -0.321436 -0.946931 0
    outer loop
      vertex 1.23463 0.152241 5.72205e-07
      vertex 1.48236 0.0681489 2
      vertex 1.23463 0.152241 2
    endloop
  endfacet
  facet normal -0.321436 -0.946931 -0
    outer loop
      vertex 1.48236 0.0681489 2
      vertex 1.23463 0.152241 5.72205e-07
      vertex 1.48236 0.0681489 5.72205e-07
    endloop
  endfacet
  facet normal -0.442293 -0.896871 0
    outer loop
      vertex 1 0.267949 5.72205e-07
      vertex 1.23463 0.152241 2
      vertex 1 0.267949 2
    endloop
  endfacet
  facet normal -0.442293 -0.896871 -0
    outer loop
      vertex 1.23463 0.152241 2
      vertex 1 0.267949 5.72205e-07
      vertex 1.23463 0.152241 5.72205e-07
    endloop
  endfacet
  facet normal 0.980801 0.195013 0
    outer loop
      vertex 39.3829 30.0411 2
      vertex 39.3319 30.2976 5.72205e-07
      vertex 39.3319 30.2976 2
    endloop
  endfacet
  facet normal 0.980801 0.195013 0
    outer loop
      vertex 39.3319 30.2976 5.72205e-07
      vertex 39.3829 30.0411 2
      vertex 39.3829 30.0411 5.72205e-07
    endloop
  endfacet
  facet normal 0.751842 0.659343 0
    outer loop
      vertex 38.9867 30.9975 2
      vertex 38.8142 31.1942 5.72205e-07
      vertex 38.8142 31.1942 2
    endloop
  endfacet
  facet normal 0.751842 0.659343 0
    outer loop
      vertex 38.8142 31.1942 5.72205e-07
      vertex 38.9867 30.9975 2
      vertex 38.9867 30.9975 5.72205e-07
    endloop
  endfacet
  facet normal 0.831521 0.555494 0
    outer loop
      vertex 39.132 30.78 2
      vertex 38.9867 30.9975 5.72205e-07
      vertex 38.9867 30.9975 2
    endloop
  endfacet
  facet normal 0.831521 0.555494 0
    outer loop
      vertex 38.9867 30.9975 5.72205e-07
      vertex 39.132 30.78 2
      vertex 39.132 30.78 5.72205e-07
    endloop
  endfacet
  facet normal 0.896709 0.442621 0
    outer loop
      vertex 39.2478 30.5454 2
      vertex 39.132 30.78 5.72205e-07
      vertex 39.132 30.78 2
    endloop
  endfacet
  facet normal 0.896709 0.442621 0
    outer loop
      vertex 39.132 30.78 5.72205e-07
      vertex 39.2478 30.5454 2
      vertex 39.2478 30.5454 5.72205e-07
    endloop
  endfacet
  facet normal 0.195013 0.980801 -0
    outer loop
      vertex 37.9176 31.7119 5.72205e-07
      vertex 37.6611 31.7629 2
      vertex 37.9176 31.7119 2
    endloop
  endfacet
  facet normal 0.195013 0.980801 0
    outer loop
      vertex 37.6611 31.7629 2
      vertex 37.9176 31.7119 5.72205e-07
      vertex 37.6611 31.7629 5.72205e-07
    endloop
  endfacet
  facet normal 0.0653521 0.997862 -0
    outer loop
      vertex 37.6611 31.7629 5.72205e-07
      vertex 37.4 31.78 2
      vertex 37.6611 31.7629 2
    endloop
  endfacet
  facet normal 0.0653521 0.997862 0
    outer loop
      vertex 37.4 31.78 2
      vertex 37.6611 31.7629 5.72205e-07
      vertex 37.4 31.78 5.72205e-07
    endloop
  endfacet
  facet normal 0.659343 0.751842 -0
    outer loop
      vertex 38.8142 31.1942 5.72205e-07
      vertex 38.6175 31.3667 2
      vertex 38.8142 31.1942 2
    endloop
  endfacet
  facet normal 0.659343 0.751842 0
    outer loop
      vertex 38.6175 31.3667 2
      vertex 38.8142 31.1942 5.72205e-07
      vertex 38.6175 31.3667 5.72205e-07
    endloop
  endfacet
  facet normal 0.195152 -0.980773 0
    outer loop
      vertex 37.6611 0.0171111 5.72205e-07
      vertex 37.9176 0.0681489 2
      vertex 37.6611 0.0171111 2
    endloop
  endfacet
  facet normal 0.195152 -0.980773 0
    outer loop
      vertex 37.9176 0.0681489 2
      vertex 37.6611 0.0171111 5.72205e-07
      vertex 37.9176 0.0681489 5.72205e-07
    endloop
  endfacet
  facet normal 0.751827 -0.65936 0
    outer loop
      vertex 38.8142 0.585787 2
      vertex 38.9867 0.782478 5.72205e-07
      vertex 38.9867 0.782478 2
    endloop
  endfacet
  facet normal 0.751827 -0.65936 0
    outer loop
      vertex 38.9867 0.782478 5.72205e-07
      vertex 38.8142 0.585787 2
      vertex 38.8142 0.585787 5.72205e-07
    endloop
  endfacet
  facet normal 0.831547 -0.555455 0
    outer loop
      vertex 38.9867 0.782478 2
      vertex 39.132 1 5.72205e-07
      vertex 39.132 1 2
    endloop
  endfacet
  facet normal 0.831547 -0.555455 0
    outer loop
      vertex 39.132 1 5.72205e-07
      vertex 38.9867 0.782478 2
      vertex 38.9867 0.782478 5.72205e-07
    endloop
  endfacet
  facet normal -0.195086 -0.980786 0
    outer loop
      vertex 1.48236 0.0681489 5.72205e-07
      vertex 1.73895 0.0171111 2
      vertex 1.48236 0.0681489 2
    endloop
  endfacet
  facet normal -0.195086 -0.980786 -0
    outer loop
      vertex 1.73895 0.0171111 2
      vertex 1.48236 0.0681489 5.72205e-07
      vertex 1.73895 0.0171111 5.72205e-07
    endloop
  endfacet
  facet normal -0.0654058 -0.997859 0
    outer loop
      vertex 1.73895 0.0171111 5.72205e-07
      vertex 2 2.67029e-07 2
      vertex 1.73895 0.0171111 2
    endloop
  endfacet
  facet normal -0.0654058 -0.997859 -0
    outer loop
      vertex 2 2.67029e-07 2
      vertex 1.73895 0.0171111 5.72205e-07
      vertex 2 2.67029e-07 5.72205e-07
    endloop
  endfacet
  facet normal 0.321382 0.94695 -0
    outer loop
      vertex 38.1654 31.6278 5.72205e-07
      vertex 37.9176 31.7119 2
      vertex 38.1654 31.6278 2
    endloop
  endfacet
  facet normal 0.321382 0.94695 0
    outer loop
      vertex 37.9176 31.7119 2
      vertex 38.1654 31.6278 5.72205e-07
      vertex 37.9176 31.7119 5.72205e-07
    endloop
  endfacet
  facet normal 0.442314 0.89686 -0
    outer loop
      vertex 38.4 31.5121 5.72205e-07
      vertex 38.1654 31.6278 2
      vertex 38.4 31.5121 2
    endloop
  endfacet
  facet normal 0.442314 0.89686 0
    outer loop
      vertex 38.1654 31.6278 2
      vertex 38.4 31.5121 5.72205e-07
      vertex 38.1654 31.6278 5.72205e-07
    endloop
  endfacet
  facet normal 0.555758 0.831344 -0
    outer loop
      vertex 38.6175 31.3667 5.72205e-07
      vertex 38.4 31.5121 2
      vertex 38.6175 31.3667 2
    endloop
  endfacet
  facet normal 0.555758 0.831344 0
    outer loop
      vertex 38.4 31.5121 2
      vertex 38.6175 31.3667 5.72205e-07
      vertex 38.4 31.5121 5.72205e-07
    endloop
  endfacet
  facet normal -0.194947 0.980814 0
    outer loop
      vertex 1.73895 31.7629 5.72205e-07
      vertex 1.48236 31.7119 2
      vertex 1.73895 31.7629 2
    endloop
  endfacet
  facet normal -0.194947 0.980814 0
    outer loop
      vertex 1.48236 31.7119 2
      vertex 1.73895 31.7629 5.72205e-07
      vertex 1.48236 31.7119 5.72205e-07
    endloop
  endfacet
  facet normal -0.321463 0.946922 0
    outer loop
      vertex 1.48236 31.7119 5.72205e-07
      vertex 1.23463 31.6278 2
      vertex 1.48236 31.7119 2
    endloop
  endfacet
  facet normal -0.321463 0.946922 0
    outer loop
      vertex 1.23463 31.6278 2
      vertex 1.48236 31.7119 5.72205e-07
      vertex 1.23463 31.6278 5.72205e-07
    endloop
  endfacet
  facet normal -0.659362 0.751826 0
    outer loop
      vertex 0.782476 31.3667 5.72205e-07
      vertex 0.585786 31.1942 2
      vertex 0.782476 31.3667 2
    endloop
  endfacet
  facet normal -0.659362 0.751826 0
    outer loop
      vertex 0.585786 31.1942 2
      vertex 0.782476 31.3667 5.72205e-07
      vertex 0.585786 31.1942 5.72205e-07
    endloop
  endfacet
  facet normal -0.442268 0.896883 0
    outer loop
      vertex 1.23463 31.6278 5.72205e-07
      vertex 1 31.5121 2
      vertex 1.23463 31.6278 2
    endloop
  endfacet
  facet normal -0.442268 0.896883 0
    outer loop
      vertex 1 31.5121 2
      vertex 1.23463 31.6278 5.72205e-07
      vertex 1 31.5121 5.72205e-07
    endloop
  endfacet
  facet normal -0.555716 0.831372 0
    outer loop
      vertex 1 31.5121 5.72205e-07
      vertex 0.782476 31.3667 2
      vertex 1 31.5121 2
    endloop
  endfacet
  facet normal -0.555716 0.831372 0
    outer loop
      vertex 0.782476 31.3667 2
      vertex 1 31.5121 5.72205e-07
      vertex 0.782476 31.3667 5.72205e-07
    endloop
  endfacet
  facet normal -0.831443 0.55561 0
    outer loop
      vertex 0.267949 30.78 5.72205e-07
      vertex 0.413293 30.9975 2
      vertex 0.413293 30.9975 5.72205e-07
    endloop
  endfacet
  facet normal -0.831443 0.55561 0
    outer loop
      vertex 0.413293 30.9975 2
      vertex 0.267949 30.78 5.72205e-07
      vertex 0.267949 30.78 2
    endloop
  endfacet
  facet normal -0.896848 0.442338 0
    outer loop
      vertex 0.152241 30.5454 5.72205e-07
      vertex 0.267949 30.78 2
      vertex 0.267949 30.78 5.72205e-07
    endloop
  endfacet
  facet normal -0.896848 0.442338 0
    outer loop
      vertex 0.267949 30.78 2
      vertex 0.152241 30.5454 5.72205e-07
      vertex 0.152241 30.5454 2
    endloop
  endfacet
  facet normal 0 0 -1
    outer loop
      vertex 14.7 8.69 0.6
      vertex 20.2 11.09 0.6
      vertex 20.2 8.69 0.6
    endloop
  endfacet
  facet normal -0 0 -1
    outer loop
      vertex 20.2 11.09 0.6
      vertex 14.7 8.69 0.6
      vertex 14.7 11.09 0.6
    endloop
  endfacet
  facet normal 0 0 -1
    outer loop
      vertex 20.2 8.69 0.6
      vertex 24.7 9.89 0.6
      vertex 20.2 6.64 0.6
    endloop
  endfacet
  facet normal 0 0 -1
    outer loop
      vertex 20.2 11.09 0.6
      vertex 24.7 9.89 0.6
      vertex 20.2 8.69 0.6
    endloop
  endfacet
  facet normal 0 0 -1
    outer loop
      vertex 24.7 9.89 0.6
      vertex 20.2 11.09 0.6
      vertex 20.2 13.14 0.6
    endloop
  endfacet
  facet normal -0.585491 0.810679 0
    outer loop
      vertex 24.7 9.89 5.72205e-07
      vertex 20.2 6.64 0.6
      vertex 24.7 9.89 0.6
    endloop
  endfacet
  facet normal -0.585491 0.810679 0
    outer loop
      vertex 20.2 6.64 0.6
      vertex 24.7 9.89 5.72205e-07
      vertex 20.2 6.64 5.72205e-07
    endloop
  endfacet
  facet normal 1 -0 0
    outer loop
      vertex 20.2 6.64 0.6
      vertex 20.2 8.69 5.72205e-07
      vertex 20.2 8.69 0.6
    endloop
  endfacet
  facet normal 1 0 0
    outer loop
      vertex 20.2 8.69 5.72205e-07
      vertex 20.2 6.64 0.6
      vertex 20.2 6.64 5.72205e-07
    endloop
  endfacet
  facet normal 0 1 -0
    outer loop
      vertex 20.2 8.69 5.72205e-07
      vertex 14.7 8.69 0.6
      vertex 20.2 8.69 0.6
    endloop
  endfacet
  facet normal 0 1 0
    outer loop
      vertex 14.7 8.69 0.6
      vertex 20.2 8.69 5.72205e-07
      vertex 14.7 8.69 5.72205e-07
    endloop
  endfacet
  facet normal 1 -0 0
    outer loop
      vertex 14.7 8.69 0.6
      vertex 14.7 11.09 5.72205e-07
      vertex 14.7 11.09 0.6
    endloop
  endfacet
  facet normal 1 0 0
    outer loop
      vertex 14.7 11.09 5.72205e-07
      vertex 14.7 8.69 0.6
      vertex 14.7 8.69 5.72205e-07
    endloop
  endfacet
  facet normal 0 -1 0
    outer loop
      vertex 14.7 11.09 5.72205e-07
      vertex 20.2 11.09 0.6
      vertex 14.7 11.09 0.6
    endloop
  endfacet
  facet normal 0 -1 -0
    outer loop
      vertex 20.2 11.09 0.6
      vertex 14.7 11.09 5.72205e-07
      vertex 20.2 11.09 5.72205e-07
    endloop
  endfacet
  facet normal 1 -0 0
    outer loop
      vertex 20.2 11.09 0.6
      vertex 20.2 13.14 5.72205e-07
      vertex 20.2 13.14 0.6
    endloop
  endfacet
  facet normal 1 0 0
    outer loop
      vertex 20.2 13.14 5.72205e-07
      vertex 20.2 11.09 0.6
      vertex 20.2 11.09 5.72205e-07
    endloop
  endfacet
  facet normal -0.585491 -0.810679 0
    outer loop
      vertex 20.2 13.14 5.72205e-07
      vertex 24.7 9.89 0.6
      vertex 20.2 13.14 0.6
    endloop
  endfacet
  facet normal -0.585491 -0.810679 -0
    outer loop
      vertex 24.7 9.89 0.6
      vertex 20.2 13.14 5.72205e-07
      vertex 24.7 9.89 5.72205e-07
    endloop
  endfacet
  facet normal 0 0 -1
    outer loop
      vertex 20.1126 20.8723 0.6
      vertex 20.9824 20.8356 0.6
      vertex 20.9748 20.677 0.6
    endloop
  endfacet
  facet normal 0 0 -1
    outer loop
      vertex 20.9824 20.8356 0.6
      vertex 20.1126 20.8723 0.6
      vertex 20.9799 20.9208 0.6
    endloop
  endfacet
  facet normal -0 0 -1
    outer loop
      vertex 20.9799 20.9208 0.6
      vertex 20.1126 20.8723 0.6
      vertex 20.9726 21.0035 0.6
    endloop
  endfacet
  facet normal 0 0 -1
    outer loop
      vertex 20.1011 20.7233 0.6
      vertex 20.9748 20.677 0.6
      vertex 20.952 20.5287 0.6
    endloop
  endfacet
  facet normal 0 0 -1
    outer loop
      vertex 20.1089 20.9378 0.6
      vertex 20.9726 21.0035 0.6
      vertex 20.1126 20.8723 0.6
    endloop
  endfacet
  facet normal -0 0 -1
    outer loop
      vertex 20.9726 21.0035 0.6
      vertex 20.1089 20.9378 0.6
      vertex 20.9605 21.0839 0.6
    endloop
  endfacet
  facet normal 0 0 -1
    outer loop
      vertex 20.1011 20.7233 0.6
      vertex 20.952 20.5287 0.6
      vertex 20.914 20.391 0.6
    endloop
  endfacet
  facet normal -0 0 -1
    outer loop
      vertex 20.9605 21.0839 0.6
      vertex 20.1089 20.9378 0.6
      vertex 20.9435 21.1619 0.6
    endloop
  endfacet
  facet normal 0 0 -1
    outer loop
      vertex 20.0978 21.0038 0.6
      vertex 20.9435 21.1619 0.6
      vertex 20.1089 20.9378 0.6
    endloop
  endfacet
  facet normal 0 0 -1
    outer loop
      vertex 20.0666 20.5972 0.6
      vertex 20.914 20.391 0.6
      vertex 20.8608 20.2637 0.6
    endloop
  endfacet
  facet normal -0 0 -1
    outer loop
      vertex 20.9435 21.1619 0.6
      vertex 20.0978 21.0038 0.6
      vertex 20.9216 21.2376 0.6
    endloop
  endfacet
  facet normal 0 0 -1
    outer loop
      vertex 20.0666 20.5972 0.6
      vertex 20.8608 20.2637 0.6
      vertex 20.7924 20.1469 0.6
    endloop
  endfacet
  facet normal -0 0 -1
    outer loop
      vertex 20.9216 21.2376 0.6
      vertex 20.0978 21.0038 0.6
      vertex 20.8949 21.3109 0.6
    endloop
  endfacet
  facet normal 0 0 -1
    outer loop
      vertex 20.0793 21.0701 0.6
      vertex 20.8949 21.3109 0.6
      vertex 20.0978 21.0038 0.6
    endloop
  endfacet
  facet normal 0 0 -1
    outer loop
      vertex 20.0666 20.5972 0.6
      vertex 20.7924 20.1469 0.6
      vertex 20.7089 20.0405 0.6
    endloop
  endfacet
  facet normal -0 0 -1
    outer loop
      vertex 20.8949 21.3109 0.6
      vertex 20.0793 21.0701 0.6
      vertex 20.8633 21.3819 0.6
    endloop
  endfacet
  facet normal -0 0 -1
    outer loop
      vertex 20.8633 21.3819 0.6
      vertex 20.0793 21.0701 0.6
      vertex 20.828 21.4508 0.6
    endloop
  endfacet
  facet normal 0 0 -1
    outer loop
      vertex 20.009 20.4941 0.6
      vertex 20.7089 20.0405 0.6
      vertex 20.6101 19.9446 0.6
    endloop
  endfacet
  facet normal 0 0 -1
    outer loop
      vertex 20.0533 21.1368 0.6
      vertex 20.828 21.4508 0.6
      vertex 20.0793 21.0701 0.6
    endloop
  endfacet
  facet normal -0 0 -1
    outer loop
      vertex 20.828 21.4508 0.6
      vertex 20.0533 21.1368 0.6
      vertex 20.7899 21.5182 0.6
    endloop
  endfacet
  facet normal -0 0 -1
    outer loop
      vertex 20.7899 21.5182 0.6
      vertex 20.0533 21.1368 0.6
      vertex 20.749 21.5841 0.6
    endloop
  endfacet
  facet normal 0 0 -1
    outer loop
      vertex 20.009 20.4941 0.6
      vertex 20.6101 19.9446 0.6
      vertex 20.4971 19.8604 0.6
    endloop
  endfacet
  facet normal 0 0 -1
    outer loop
      vertex 20.02 21.2039 0.6
      vertex 20.749 21.5841 0.6
      vertex 20.0533 21.1368 0.6
    endloop
  endfacet
  facet normal -0 0 -1
    outer loop
      vertex 20.749 21.5841 0.6
      vertex 20.02 21.2039 0.6
      vertex 20.7054 21.6484 0.6
    endloop
  endfacet
  facet normal 0 0 -1
    outer loop
      vertex 19.9283 20.4139 0.6
      vertex 20.4971 19.8604 0.6
      vertex 20.3709 19.7891 0.6
    endloop
  endfacet
  facet normal -0 0 -1
    outer loop
      vertex 20.7054 21.6484 0.6
      vertex 20.02 21.2039 0.6
      vertex 20.6591 21.7112 0.6
    endloop
  endfacet
  facet normal 0 0 -1
    outer loop
      vertex 19.9792 21.2713 0.6
      vertex 20.6591 21.7112 0.6
      vertex 20.02 21.2039 0.6
    endloop
  endfacet
  facet normal 0 0 -1
    outer loop
      vertex 19.9283 20.4139 0.6
      vertex 20.3709 19.7891 0.6
      vertex 20.2316 19.7308 0.6
    endloop
  endfacet
  facet normal -0 0 -1
    outer loop
      vertex 20.6591 21.7112 0.6
      vertex 19.9792 21.2713 0.6
      vertex 20.61 21.7723 0.6
    endloop
  endfacet
  facet normal -0 0 -1
    outer loop
      vertex 20.61 21.7723 0.6
      vertex 19.9792 21.2713 0.6
      vertex 20.5582 21.832 0.6
    endloop
  endfacet
  facet normal 0 0 -1
    outer loop
      vertex 19.9311 21.3391 0.6
      vertex 20.5582 21.832 0.6
      vertex 19.9792 21.2713 0.6
    endloop
  endfacet
  facet normal 0 0 -1
    outer loop
      vertex 20.9748 20.677 0.6
      vertex 20.1011 20.7233 0.6
      vertex 20.1126 20.8723 0.6
    endloop
  endfacet
  facet normal 0 0 -1
    outer loop
      vertex 19.8246 20.3566 0.6
      vertex 20.2316 19.7308 0.6
      vertex 20.079 19.6855 0.6
    endloop
  endfacet
  facet normal 0 0 -1
    outer loop
      vertex 20.914 20.391 0.6
      vertex 20.0666 20.5972 0.6
      vertex 20.1011 20.7233 0.6
    endloop
  endfacet
  facet normal 0 0 -1
    outer loop
      vertex 20.7089 20.0405 0.6
      vertex 20.009 20.4941 0.6
      vertex 20.0666 20.5972 0.6
    endloop
  endfacet
  facet normal 0 0 -1
    outer loop
      vertex 20.4971 19.8604 0.6
      vertex 19.9283 20.4139 0.6
      vertex 20.009 20.4941 0.6
    endloop
  endfacet
  facet normal 0 0 -1
    outer loop
      vertex 19.8246 20.3566 0.6
      vertex 20.079 19.6855 0.6
      vertex 19.9132 19.6531 0.6
    endloop
  endfacet
  facet normal 0 0 -1
    outer loop
      vertex 20.2316 19.7308 0.6
      vertex 19.8246 20.3566 0.6
      vertex 19.9283 20.4139 0.6
    endloop
  endfacet
  facet normal 0 0 -1
    outer loop
      vertex 19.6979 20.3222 0.6
      vertex 19.9132 19.6531 0.6
      vertex 19.7342 19.6337 0.6
    endloop
  endfacet
  facet normal 0 0 -1
    outer loop
      vertex 19.9132 19.6531 0.6
      vertex 19.6979 20.3222 0.6
      vertex 19.8246 20.3566 0.6
    endloop
  endfacet
  facet normal 0 0 -1
    outer loop
      vertex 19.7342 19.6337 0.6
      vertex 19.5481 20.3108 0.6
      vertex 19.6979 20.3222 0.6
    endloop
  endfacet
  facet normal 0 0 -1
    outer loop
      vertex 19.542 19.6272 0.6
      vertex 19.5481 20.3108 0.6
      vertex 19.7342 19.6337 0.6
    endloop
  endfacet
  facet normal 0 0 -1
    outer loop
      vertex 19.542 19.6272 0.6
      vertex 19.4723 20.3138 0.6
      vertex 19.5481 20.3108 0.6
    endloop
  endfacet
  facet normal 0 0 -1
    outer loop
      vertex 19.3636 19.6336 0.6
      vertex 19.4723 20.3138 0.6
      vertex 19.542 19.6272 0.6
    endloop
  endfacet
  facet normal -0 0 -1
    outer loop
      vertex 19.4723 20.3138 0.6
      vertex 19.3636 19.6336 0.6
      vertex 19.4018 20.3228 0.6
    endloop
  endfacet
  facet normal 0 0 -1
    outer loop
      vertex 19.1961 19.6529 0.6
      vertex 19.4018 20.3228 0.6
      vertex 19.3636 19.6336 0.6
    endloop
  endfacet
  facet normal -0 0 -1
    outer loop
      vertex 19.4018 20.3228 0.6
      vertex 19.1961 19.6529 0.6
      vertex 19.3366 20.3379 0.6
    endloop
  endfacet
  facet normal -0 0 -1
    outer loop
      vertex 19.3366 20.3379 0.6
      vertex 19.1961 19.6529 0.6
      vertex 19.2766 20.3591 0.6
    endloop
  endfacet
  facet normal 0 0 -1
    outer loop
      vertex 19.0397 19.6849 0.6
      vertex 19.2766 20.3591 0.6
      vertex 19.1961 19.6529 0.6
    endloop
  endfacet
  facet normal -0 0 -1
    outer loop
      vertex 19.2766 20.3591 0.6
      vertex 19.0397 19.6849 0.6
      vertex 19.222 20.3863 0.6
    endloop
  endfacet
  facet normal 0 0 -1
    outer loop
      vertex 18.8944 19.7298 0.6
      vertex 19.222 20.3863 0.6
      vertex 19.0397 19.6849 0.6
    endloop
  endfacet
  facet normal -0 0 -1
    outer loop
      vertex 19.222 20.3863 0.6
      vertex 18.8944 19.7298 0.6
      vertex 19.1726 20.4195 0.6
    endloop
  endfacet
  facet normal 0 0 -1
    outer loop
      vertex 18.76 19.7876 0.6
      vertex 19.1726 20.4195 0.6
      vertex 18.8944 19.7298 0.6
    endloop
  endfacet
  facet normal -0 0 -1
    outer loop
      vertex 19.1726 20.4195 0.6
      vertex 18.76 19.7876 0.6
      vertex 19.1286 20.4588 0.6
    endloop
  endfacet
  facet normal 0 0 -1
    outer loop
      vertex 18.6367 19.8581 0.6
      vertex 19.1286 20.4588 0.6
      vertex 18.76 19.7876 0.6
    endloop
  endfacet
  facet normal 0 0 -1
    outer loop
      vertex 18.5243 19.9415 0.6
      vertex 19.1286 20.4588 0.6
      vertex 18.6367 19.8581 0.6
    endloop
  endfacet
  facet normal -0 0 -1
    outer loop
      vertex 19.1286 20.4588 0.6
      vertex 18.5243 19.9415 0.6
      vertex 19.0892 20.5041 0.6
    endloop
  endfacet
  facet normal 0 0 -1
    outer loop
      vertex 18.4237 20.0371 0.6
      vertex 19.0892 20.5041 0.6
      vertex 18.5243 19.9415 0.6
    endloop
  endfacet
  facet normal -0 0 -1
    outer loop
      vertex 19.0892 20.5041 0.6
      vertex 18.4237 20.0371 0.6
      vertex 19.0541 20.5554 0.6
    endloop
  endfacet
  facet normal 0 0 -1
    outer loop
      vertex 18.3353 20.1443 0.6
      vertex 19.0541 20.5554 0.6
      vertex 18.4237 20.0371 0.6
    endloop
  endfacet
  facet normal -0 0 -1
    outer loop
      vertex 19.0541 20.5554 0.6
      vertex 18.3353 20.1443 0.6
      vertex 19.0231 20.6128 0.6
    endloop
  endfacet
  facet normal 0 0 -1
    outer loop
      vertex 18.2591 20.263 0.6
      vertex 19.0231 20.6128 0.6
      vertex 18.3353 20.1443 0.6
    endloop
  endfacet
  facet normal -0 0 -1
    outer loop
      vertex 19.0231 20.6128 0.6
      vertex 18.2591 20.263 0.6
      vertex 18.9963 20.6762 0.6
    endloop
  endfacet
  facet normal 0 0 -1
    outer loop
      vertex 18.1953 20.3934 0.6
      vertex 18.9963 20.6762 0.6
      vertex 18.2591 20.263 0.6
    endloop
  endfacet
  facet normal -0 0 -1
    outer loop
      vertex 18.9963 20.6762 0.6
      vertex 18.1953 20.3934 0.6
      vertex 18.9736 20.7457 0.6
    endloop
  endfacet
  facet normal 0 0 -1
    outer loop
      vertex 18.1437 20.5353 0.6
      vertex 18.9736 20.7457 0.6
      vertex 18.1953 20.3934 0.6
    endloop
  endfacet
  facet normal -0 0 -1
    outer loop
      vertex 18.9736 20.7457 0.6
      vertex 18.1437 20.5353 0.6
      vertex 18.9552 20.8212 0.6
    endloop
  endfacet
  facet normal 0 0 -1
    outer loop
      vertex 18.1043 20.6888 0.6
      vertex 18.9552 20.8212 0.6
      vertex 18.1437 20.5353 0.6
    endloop
  endfacet
  facet normal -0 0 -1
    outer loop
      vertex 18.9552 20.8212 0.6
      vertex 18.1043 20.6888 0.6
      vertex 18.9409 20.9028 0.6
    endloop
  endfacet
  facet normal 0 0 -1
    outer loop
      vertex 18.9409 20.9028 0.6
      vertex 18.1043 20.6888 0.6
      vertex 18.0773 20.8539 0.6
    endloop
  endfacet
  facet normal -0 0 -1
    outer loop
      vertex 20.5582 21.832 0.6
      vertex 19.9311 21.3391 0.6
      vertex 20.5042 21.8903 0.6
    endloop
  endfacet
  facet normal 0 0 -1
    outer loop
      vertex 19.8737 21.4098 0.6
      vertex 20.5042 21.8903 0.6
      vertex 19.9311 21.3391 0.6
    endloop
  endfacet
  facet normal -0 0 -1
    outer loop
      vertex 20.5042 21.8903 0.6
      vertex 19.8737 21.4098 0.6
      vertex 20.4484 21.9475 0.6
    endloop
  endfacet
  facet normal -0 0 -1
    outer loop
      vertex 20.4484 21.9475 0.6
      vertex 19.8737 21.4098 0.6
      vertex 20.3911 22.0037 0.6
    endloop
  endfacet
  facet normal 0 0 -1
    outer loop
      vertex 19.8053 21.4856 0.6
      vertex 20.3911 22.0037 0.6
      vertex 19.8737 21.4098 0.6
    endloop
  endfacet
  facet normal -0 0 -1
    outer loop
      vertex 20.3911 22.0037 0.6
      vertex 19.8053 21.4856 0.6
      vertex 20.332 22.0589 0.6
    endloop
  endfacet
  facet normal -0 0 -1
    outer loop
      vertex 20.332 22.0589 0.6
      vertex 19.8053 21.4856 0.6
      vertex 20.2712 22.113 0.6
    endloop
  endfacet
  facet normal 0 0 -1
    outer loop
      vertex 19.7258 21.5667 0.6
      vertex 20.2712 22.113 0.6
      vertex 19.8053 21.4856 0.6
    endloop
  endfacet
  facet normal -0 0 -1
    outer loop
      vertex 20.2712 22.113 0.6
      vertex 19.7258 21.5667 0.6
      vertex 20.2088 22.166 0.6
    endloop
  endfacet
  facet normal 0 0 -1
    outer loop
      vertex 19.6354 21.653 0.6
      vertex 20.2088 22.166 0.6
      vertex 19.7258 21.5667 0.6
    endloop
  endfacet
  facet normal -0 0 -1
    outer loop
      vertex 20.2088 22.166 0.6
      vertex 19.6354 21.653 0.6
      vertex 20.1447 22.218 0.6
    endloop
  endfacet
  facet normal -0 0 -1
    outer loop
      vertex 20.1447 22.218 0.6
      vertex 19.6354 21.653 0.6
      vertex 20.08 22.2692 0.6
    endloop
  endfacet
  facet normal 0 0 -1
    outer loop
      vertex 19.5339 21.7446 0.6
      vertex 20.08 22.2692 0.6
      vertex 19.6354 21.653 0.6
    endloop
  endfacet
  facet normal -0 0 -1
    outer loop
      vertex 20.08 22.2692 0.6
      vertex 19.5339 21.7446 0.6
      vertex 19.9523 22.3706 0.6
    endloop
  endfacet
  facet normal 0 0 -1
    outer loop
      vertex 19.4214 21.8413 0.6
      vertex 19.9523 22.3706 0.6
      vertex 19.5339 21.7446 0.6
    endloop
  endfacet
  facet normal -0 0 -1
    outer loop
      vertex 19.9523 22.3706 0.6
      vertex 19.4214 21.8413 0.6
      vertex 19.8893 22.4208 0.6
    endloop
  endfacet
  facet normal -0 0 -1
    outer loop
      vertex 19.8893 22.4208 0.6
      vertex 19.4214 21.8413 0.6
      vertex 19.8269 22.4705 0.6
    endloop
  endfacet
  facet normal 0 0 -1
    outer loop
      vertex 19.2979 21.9433 0.6
      vertex 19.8269 22.4705 0.6
      vertex 19.4214 21.8413 0.6
    endloop
  endfacet
  facet normal -0 0 -1
    outer loop
      vertex 19.8269 22.4705 0.6
      vertex 19.2979 21.9433 0.6
      vertex 19.765 22.5199 0.6
    endloop
  endfacet
  facet normal -0 0 -1
    outer loop
      vertex 19.765 22.5199 0.6
      vertex 19.2979 21.9433 0.6
      vertex 19.7037 22.5689 0.6
    endloop
  endfacet
  facet normal 0 0 -1
    outer loop
      vertex 19.1669 22.0517 0.6
      vertex 19.7037 22.5689 0.6
      vertex 19.2979 21.9433 0.6
    endloop
  endfacet
  facet normal -0 0 -1
    outer loop
      vertex 19.7037 22.5689 0.6
      vertex 19.1669 22.0517 0.6
      vertex 19.6435 22.6178 0.6
    endloop
  endfacet
  facet normal -0 0 -1
    outer loop
      vertex 19.6435 22.6178 0.6
      vertex 19.1669 22.0517 0.6
      vertex 19.5848 22.6668 0.6
    endloop
  endfacet
  facet normal 0 0 -1
    outer loop
      vertex 19.0424 22.1588 0.6
      vertex 19.5848 22.6668 0.6
      vertex 19.1669 22.0517 0.6
    endloop
  endfacet
  facet normal -0 0 -1
    outer loop
      vertex 19.5848 22.6668 0.6
      vertex 19.0424 22.1588 0.6
      vertex 19.5277 22.7159 0.6
    endloop
  endfacet
  facet normal -0 0 -1
    outer loop
      vertex 19.5277 22.7159 0.6
      vertex 19.0424 22.1588 0.6
      vertex 19.4721 22.7652 0.6
    endloop
  endfacet
  facet normal 0 0 -1
    outer loop
      vertex 18.9245 22.2647 0.6
      vertex 19.4721 22.7652 0.6
      vertex 19.0424 22.1588 0.6
    endloop
  endfacet
  facet normal -0 0 -1
    outer loop
      vertex 19.4721 22.7652 0.6
      vertex 18.9245 22.2647 0.6
      vertex 19.4181 22.8146 0.6
    endloop
  endfacet
  facet normal -0 0 -1
    outer loop
      vertex 19.4181 22.8146 0.6
      vertex 18.9245 22.2647 0.6
      vertex 19.3656 22.8641 0.6
    endloop
  endfacet
  facet normal 0 0 -1
    outer loop
      vertex 18.8131 22.3693 0.6
      vertex 19.3656 22.8641 0.6
      vertex 18.9245 22.2647 0.6
    endloop
  endfacet
  facet normal -0 0 -1
    outer loop
      vertex 19.3656 22.8641 0.6
      vertex 18.8131 22.3693 0.6
      vertex 19.3147 22.9137 0.6
    endloop
  endfacet
  facet normal -0 0 -1
    outer loop
      vertex 19.3147 22.9137 0.6
      vertex 18.8131 22.3693 0.6
      vertex 19.2664 22.9639 0.6
    endloop
  endfacet
  facet normal 0 0 -1
    outer loop
      vertex 18.7083 22.4727 0.6
      vertex 19.2664 22.9639 0.6
      vertex 18.8131 22.3693 0.6
    endloop
  endfacet
  facet normal -0 0 -1
    outer loop
      vertex 19.2664 22.9639 0.6
      vertex 18.7083 22.4727 0.6
      vertex 19.2218 23.0151 0.6
    endloop
  endfacet
  facet normal 0 0 -1
    outer loop
      vertex 18.61 22.5748 0.6
      vertex 19.2218 23.0151 0.6
      vertex 18.7083 22.4727 0.6
    endloop
  endfacet
  facet normal -0 0 -1
    outer loop
      vertex 19.2218 23.0151 0.6
      vertex 18.61 22.5748 0.6
      vertex 19.1808 23.0673 0.6
    endloop
  endfacet
  facet normal 0 0 -1
    outer loop
      vertex 19.0538 23.286 0.6
      vertex 21.0495 23.9909 0.6
      vertex 21.0495 23.286 0.6
    endloop
  endfacet
  facet normal -0 0 -1
    outer loop
      vertex 19.1808 23.0673 0.6
      vertex 18.61 22.5748 0.6
      vertex 19.1435 23.1205 0.6
    endloop
  endfacet
  facet normal 0 0 -1
    outer loop
      vertex 18.5182 22.6757 0.6
      vertex 19.1435 23.1205 0.6
      vertex 18.61 22.5748 0.6
    endloop
  endfacet
  facet normal -0 0 -1
    outer loop
      vertex 19.1435 23.1205 0.6
      vertex 18.5182 22.6757 0.6
      vertex 19.1099 23.1747 0.6
    endloop
  endfacet
  facet normal 0 0 -1
    outer loop
      vertex 18.4326 22.7764 0.6
      vertex 19.1099 23.1747 0.6
      vertex 18.5182 22.6757 0.6
    endloop
  endfacet
  facet normal -0 0 -1
    outer loop
      vertex 19.1099 23.1747 0.6
      vertex 18.4326 22.7764 0.6
      vertex 19.08 23.2298 0.6
    endloop
  endfacet
  facet normal 0 0 -1
    outer loop
      vertex 18.3528 22.8777 0.6
      vertex 19.08 23.2298 0.6
      vertex 18.4326 22.7764 0.6
    endloop
  endfacet
  facet normal -0 0 -1
    outer loop
      vertex 19.08 23.2298 0.6
      vertex 18.3528 22.8777 0.6
      vertex 19.0538 23.286 0.6
    endloop
  endfacet
  facet normal 0 0 -1
    outer loop
      vertex 18.2788 22.9799 0.6
      vertex 19.0538 23.286 0.6
      vertex 18.3528 22.8777 0.6
    endloop
  endfacet
  facet normal 0 0 -1
    outer loop
      vertex 18.2106 23.0828 0.6
      vertex 19.0538 23.286 0.6
      vertex 18.2788 22.9799 0.6
    endloop
  endfacet
  facet normal 0 0 -1
    outer loop
      vertex 18.1482 23.1864 0.6
      vertex 19.0538 23.286 0.6
      vertex 18.2106 23.0828 0.6
    endloop
  endfacet
  facet normal 0 0 -1
    outer loop
      vertex 18.0915 23.2908 0.6
      vertex 19.0538 23.286 0.6
      vertex 18.1482 23.1864 0.6
    endloop
  endfacet
  facet normal 0 0 -1
    outer loop
      vertex 18.0407 23.3959 0.6
      vertex 19.0538 23.286 0.6
      vertex 18.0915 23.2908 0.6
    endloop
  endfacet
  facet normal 0 0 -1
    outer loop
      vertex 19.0538 23.286 0.6
      vertex 18.0407 23.3959 0.6
      vertex 18.0407 23.9909 0.6
    endloop
  endfacet
  facet normal 0 0 -1
    outer loop
      vertex 19.0538 23.286 0.6
      vertex 18.0407 23.9909 0.6
      vertex 21.0495 23.9909 0.6
    endloop
  endfacet
  facet normal 0 0 -1
    outer loop
      vertex 33.7974 22.7093 0.6
      vertex 34.6853 22.7794 0.6
      vertex 34.6805 22.6597 0.6
    endloop
  endfacet
  facet normal 0 0 -1
    outer loop
      vertex 33.7974 22.7093 0.6
      vertex 34.6805 22.6597 0.6
      vertex 34.666 22.5464 0.6
    endloop
  endfacet
  facet normal -0 0 -1
    outer loop
      vertex 34.6853 22.7794 0.6
      vertex 33.7974 22.7093 0.6
      vertex 33.7941 22.8165 0.6
    endloop
  endfacet
  facet normal 0 0 -1
    outer loop
      vertex 33.7974 22.7093 0.6
      vertex 34.666 22.5464 0.6
      vertex 34.6419 22.4395 0.6
    endloop
  endfacet
  facet normal 0 0 -1
    outer loop
      vertex 33.7845 22.9148 0.6
      vertex 34.6772 22.9466 0.6
      vertex 33.7941 22.8165 0.6
    endloop
  endfacet
  facet normal 0 0 -1
    outer loop
      vertex 33.7836 22.5304 0.6
      vertex 34.6419 22.4395 0.6
      vertex 34.6081 22.339 0.6
    endloop
  endfacet
  facet normal 0 0 -1
    outer loop
      vertex 33.7836 22.5304 0.6
      vertex 34.6081 22.339 0.6
      vertex 34.5647 22.245 0.6
    endloop
  endfacet
  facet normal 0 0 -1
    outer loop
      vertex 34.6853 22.7794 0.6
      vertex 33.7941 22.8165 0.6
      vertex 34.6772 22.9466 0.6
    endloop
  endfacet
  facet normal 0 0 -1
    outer loop
      vertex 33.7836 22.5304 0.6
      vertex 34.5647 22.245 0.6
      vertex 34.5116 22.1573 0.6
    endloop
  endfacet
  facet normal -0 0 -1
    outer loop
      vertex 34.6772 22.9466 0.6
      vertex 33.7845 22.9148 0.6
      vertex 34.6527 23.1027 0.6
    endloop
  endfacet
  facet normal 0 0 -1
    outer loop
      vertex 33.7836 22.5304 0.6
      vertex 34.5116 22.1573 0.6
      vertex 34.4488 22.0761 0.6
    endloop
  endfacet
  facet normal -0 0 -1
    outer loop
      vertex 34.6527 23.1027 0.6
      vertex 33.7685 23.0043 0.6
      vertex 34.6119 23.2477 0.6
    endloop
  endfacet
  facet normal 0 0 -1
    outer loop
      vertex 33.7425 22.379 0.6
      vertex 34.4488 22.0761 0.6
      vertex 34.3776 22.0023 0.6
    endloop
  endfacet
  facet normal 0 0 -1
    outer loop
      vertex 33.7425 22.379 0.6
      vertex 34.3776 22.0023 0.6
      vertex 34.2991 21.9368 0.6
    endloop
  endfacet
  facet normal 0 0 -1
    outer loop
      vertex 33.7685 23.0043 0.6
      vertex 34.6527 23.1027 0.6
      vertex 33.7845 22.9148 0.6
    endloop
  endfacet
  facet normal 0 0 -1
    outer loop
      vertex 33.7425 22.379 0.6
      vertex 34.2991 21.9368 0.6
      vertex 34.2133 21.8798 0.6
    endloop
  endfacet
  facet normal -0 0 -1
    outer loop
      vertex 34.6119 23.2477 0.6
      vertex 33.7685 23.0043 0.6
      vertex 34.5548 23.3818 0.6
    endloop
  endfacet
  facet normal 0 0 -1
    outer loop
      vertex 33.7425 22.379 0.6
      vertex 34.2133 21.8798 0.6
      vertex 34.1203 21.8312 0.6
    endloop
  endfacet
  facet normal 0 0 -1
    outer loop
      vertex 33.746 23.0849 0.6
      vertex 34.5548 23.3818 0.6
      vertex 33.7685 23.0043 0.6
    endloop
  endfacet
  facet normal 0 0 -1
    outer loop
      vertex 33.674 22.2551 0.6
      vertex 34.1203 21.8312 0.6
      vertex 34.0199 21.791 0.6
    endloop
  endfacet
  facet normal 0 0 -1
    outer loop
      vertex 33.674 22.2551 0.6
      vertex 34.0199 21.791 0.6
      vertex 33.9123 21.7592 0.6
    endloop
  endfacet
  facet normal -0 0 -1
    outer loop
      vertex 34.5548 23.3818 0.6
      vertex 33.746 23.0849 0.6
      vertex 34.4814 23.5048 0.6
    endloop
  endfacet
  facet normal 0 0 -1
    outer loop
      vertex 33.5781 22.1587 0.6
      vertex 33.9123 21.7592 0.6
      vertex 33.7974 21.7359 0.6
    endloop
  endfacet
  facet normal 0 0 -1
    outer loop
      vertex 33.7172 23.1567 0.6
      vertex 34.4814 23.5048 0.6
      vertex 33.746 23.0849 0.6
    endloop
  endfacet
  facet normal -0 0 -1
    outer loop
      vertex 34.4814 23.5048 0.6
      vertex 33.7172 23.1567 0.6
      vertex 34.3916 23.6168 0.6
    endloop
  endfacet
  facet normal -0 0 -1
    outer loop
      vertex 34.3916 23.6168 0.6
      vertex 33.7172 23.1567 0.6
      vertex 34.2856 23.7178 0.6
    endloop
  endfacet
  facet normal 0 0 -1
    outer loop
      vertex 33.6819 23.2197 0.6
      vertex 34.2856 23.7178 0.6
      vertex 33.7172 23.1567 0.6
    endloop
  endfacet
  facet normal -0 0 -1
    outer loop
      vertex 34.2856 23.7178 0.6
      vertex 33.6819 23.2197 0.6
      vertex 34.1644 23.8065 0.6
    endloop
  endfacet
  facet normal 0 0 -1
    outer loop
      vertex 33.6402 23.2738 0.6
      vertex 34.1644 23.8065 0.6
      vertex 33.6819 23.2197 0.6
    endloop
  endfacet
  facet normal -0 0 -1
    outer loop
      vertex 34.1644 23.8065 0.6
      vertex 33.6402 23.2738 0.6
      vertex 34.0292 23.8815 0.6
    endloop
  endfacet
  facet normal 0 0 -1
    outer loop
      vertex 33.5917 23.3199 0.6
      vertex 34.0292 23.8815 0.6
      vertex 33.6402 23.2738 0.6
    endloop
  endfacet
  facet normal -0 0 -1
    outer loop
      vertex 34.0292 23.8815 0.6
      vertex 33.5917 23.3199 0.6
      vertex 33.8801 23.9428 0.6
    endloop
  endfacet
  facet normal 0 0 -1
    outer loop
      vertex 33.536 23.359 0.6
      vertex 33.8801 23.9428 0.6
      vertex 33.5917 23.3199 0.6
    endloop
  endfacet
  facet normal -0 0 -1
    outer loop
      vertex 33.8801 23.9428 0.6
      vertex 33.536 23.359 0.6
      vertex 33.7171 23.9906 0.6
    endloop
  endfacet
  facet normal 0 0 -1
    outer loop
      vertex 33.4732 23.3909 0.6
      vertex 33.7171 23.9906 0.6
      vertex 33.536 23.359 0.6
    endloop
  endfacet
  facet normal -0 0 -1
    outer loop
      vertex 33.7171 23.9906 0.6
      vertex 33.4732 23.3909 0.6
      vertex 33.5401 24.0247 0.6
    endloop
  endfacet
  facet normal 0 0 -1
    outer loop
      vertex 33.4033 23.4158 0.6
      vertex 33.5401 24.0247 0.6
      vertex 33.4732 23.3909 0.6
    endloop
  endfacet
  facet normal 0 0 -1
    outer loop
      vertex 33.3262 23.4335 0.6
      vertex 33.5401 24.0247 0.6
      vertex 33.4033 23.4158 0.6
    endloop
  endfacet
  facet normal -0 0 -1
    outer loop
      vertex 33.5401 24.0247 0.6
      vertex 33.3262 23.4335 0.6
      vertex 33.3492 24.0451 0.6
    endloop
  endfacet
  facet normal 0 0 -1
    outer loop
      vertex 33.2419 23.4442 0.6
      vertex 33.3492 24.0451 0.6
      vertex 33.3262 23.4335 0.6
    endloop
  endfacet
  facet normal 0 0 -1
    outer loop
      vertex 33.1443 24.052 0.6
      vertex 33.2419 23.4442 0.6
      vertex 33.1504 23.4477 0.6
    endloop
  endfacet
  facet normal 0 0 -1
    outer loop
      vertex 33.2419 23.4442 0.6
      vertex 33.1443 24.052 0.6
      vertex 33.3492 24.0451 0.6
    endloop
  endfacet
  facet normal 0 0 -1
    outer loop
      vertex 33.0572 23.4442 0.6
      vertex 33.1443 24.052 0.6
      vertex 33.1504 23.4477 0.6
    endloop
  endfacet
  facet normal 0 0 -1
    outer loop
      vertex 32.9409 24.0452 0.6
      vertex 33.0572 23.4442 0.6
      vertex 32.9711 23.4335 0.6
    endloop
  endfacet
  facet normal 0 0 -1
    outer loop
      vertex 33.0572 23.4442 0.6
      vertex 32.9409 24.0452 0.6
      vertex 33.1443 24.052 0.6
    endloop
  endfacet
  facet normal 0 0 -1
    outer loop
      vertex 32.7511 24.0248 0.6
      vertex 32.9711 23.4335 0.6
      vertex 32.892 23.4158 0.6
    endloop
  endfacet
  facet normal 0 0 -1
    outer loop
      vertex 32.7511 24.0248 0.6
      vertex 32.892 23.4158 0.6
      vertex 32.8201 23.3909 0.6
    endloop
  endfacet
  facet normal 0 0 -1
    outer loop
      vertex 32.5748 23.9909 0.6
      vertex 32.8201 23.3909 0.6
      vertex 32.7552 23.359 0.6
    endloop
  endfacet
  facet normal 0 0 -1
    outer loop
      vertex 32.9711 23.4335 0.6
      vertex 32.7511 24.0248 0.6
      vertex 32.9409 24.0452 0.6
    endloop
  endfacet
  facet normal 0 0 -1
    outer loop
      vertex 32.4119 23.9433 0.6
      vertex 32.7552 23.359 0.6
      vertex 32.6975 23.3199 0.6
    endloop
  endfacet
  facet normal 0 0 -1
    outer loop
      vertex 32.2626 23.8823 0.6
      vertex 32.6975 23.3199 0.6
      vertex 32.6469 23.2738 0.6
    endloop
  endfacet
  facet normal 0 0 -1
    outer loop
      vertex 32.1268 23.8076 0.6
      vertex 32.6469 23.2738 0.6
      vertex 32.6032 23.2199 0.6
    endloop
  endfacet
  facet normal 0 0 -1
    outer loop
      vertex 32.8201 23.3909 0.6
      vertex 32.5748 23.9909 0.6
      vertex 32.7511 24.0248 0.6
    endloop
  endfacet
  facet normal 0 0 -1
    outer loop
      vertex 32.0046 23.7194 0.6
      vertex 32.6032 23.2199 0.6
      vertex 32.5662 23.1577 0.6
    endloop
  endfacet
  facet normal 0 0 -1
    outer loop
      vertex 31.8065 23.5074 0.6
      vertex 32.5662 23.1577 0.6
      vertex 32.5359 23.0872 0.6
    endloop
  endfacet
  facet normal 0 0 -1
    outer loop
      vertex 31.7322 23.3849 0.6
      vertex 32.5359 23.0872 0.6
      vertex 32.5124 23.0083 0.6
    endloop
  endfacet
  facet normal 0 0 -1
    outer loop
      vertex 31.6332 23.1072 0.6
      vertex 32.5124 23.0083 0.6
      vertex 32.4956 22.921 0.6
    endloop
  endfacet
  facet normal 0 0 -1
    outer loop
      vertex 31.6085 22.9518 0.6
      vertex 32.4956 22.921 0.6
      vertex 32.4855 22.8254 0.6
    endloop
  endfacet
  facet normal -0 0 -1
    outer loop
      vertex 32.567 22.3257 0.6
      vertex 32.072 21.8889 0.6
      vertex 32.5364 22.3922 0.6
    endloop
  endfacet
  facet normal 0 0 -1
    outer loop
      vertex 32.7552 23.359 0.6
      vertex 32.4119 23.9433 0.6
      vertex 32.5748 23.9909 0.6
    endloop
  endfacet
  facet normal 0 0 -1
    outer loop
      vertex 31.6002 22.7856 0.6
      vertex 32.4855 22.8254 0.6
      vertex 32.4821 22.7215 0.6
    endloop
  endfacet
  facet normal 0 0 -1
    outer loop
      vertex 31.9874 21.9476 0.6
      vertex 32.5364 22.3922 0.6
      vertex 32.072 21.8889 0.6
    endloop
  endfacet
  facet normal 0 0 -1
    outer loop
      vertex 31.9095 22.0151 0.6
      vertex 32.5364 22.3922 0.6
      vertex 31.9874 21.9476 0.6
    endloop
  endfacet
  facet normal 0 0 -1
    outer loop
      vertex 32.6975 23.3199 0.6
      vertex 32.2626 23.8823 0.6
      vertex 32.4119 23.9433 0.6
    endloop
  endfacet
  facet normal -0 0 -1
    outer loop
      vertex 32.5364 22.3922 0.6
      vertex 31.9095 22.0151 0.6
      vertex 32.5127 22.465 0.6
    endloop
  endfacet
  facet normal 0 0 -1
    outer loop
      vertex 31.8382 22.0913 0.6
      vertex 32.5127 22.465 0.6
      vertex 31.9095 22.0151 0.6
    endloop
  endfacet
  facet normal 0 0 -1
    outer loop
      vertex 32.4956 22.921 0.6
      vertex 31.6085 22.9518 0.6
      vertex 31.6332 23.1072 0.6
    endloop
  endfacet
  facet normal 0 0 -1
    outer loop
      vertex 31.7751 22.1746 0.6
      vertex 32.5127 22.465 0.6
      vertex 31.8382 22.0913 0.6
    endloop
  endfacet
  facet normal 0 0 -1
    outer loop
      vertex 32.6469 23.2738 0.6
      vertex 32.1268 23.8076 0.6
      vertex 32.2626 23.8823 0.6
    endloop
  endfacet
  facet normal -0 0 -1
    outer loop
      vertex 32.5127 22.465 0.6
      vertex 31.7751 22.1746 0.6
      vertex 32.4957 22.5441 0.6
    endloop
  endfacet
  facet normal 0 0 -1
    outer loop
      vertex 31.7217 22.2632 0.6
      vertex 32.4957 22.5441 0.6
      vertex 31.7751 22.1746 0.6
    endloop
  endfacet
  facet normal 0 0 -1
    outer loop
      vertex 32.5124 23.0083 0.6
      vertex 31.6332 23.1072 0.6
      vertex 31.6745 23.2515 0.6
    endloop
  endfacet
  facet normal 0 0 -1
    outer loop
      vertex 31.6779 22.3571 0.6
      vertex 32.4957 22.5441 0.6
      vertex 31.7217 22.2632 0.6
    endloop
  endfacet
  facet normal 0 0 -1
    outer loop
      vertex 32.6032 23.2199 0.6
      vertex 32.0046 23.7194 0.6
      vertex 32.1268 23.8076 0.6
    endloop
  endfacet
  facet normal -0 0 -1
    outer loop
      vertex 32.4957 22.5441 0.6
      vertex 31.6779 22.3571 0.6
      vertex 32.4855 22.6296 0.6
    endloop
  endfacet
  facet normal 0 0 -1
    outer loop
      vertex 32.5662 23.1577 0.6
      vertex 31.8973 23.6188 0.6
      vertex 32.0046 23.7194 0.6
    endloop
  endfacet
  facet normal 0 0 -1
    outer loop
      vertex 31.6439 22.4563 0.6
      vertex 32.4855 22.6296 0.6
      vertex 31.6779 22.3571 0.6
    endloop
  endfacet
  facet normal 0 0 -1
    outer loop
      vertex 31.6196 22.5607 0.6
      vertex 32.4855 22.6296 0.6
      vertex 31.6439 22.4563 0.6
    endloop
  endfacet
  facet normal 0 0 -1
    outer loop
      vertex 32.5662 23.1577 0.6
      vertex 31.8065 23.5074 0.6
      vertex 31.8973 23.6188 0.6
    endloop
  endfacet
  facet normal -0 0 -1
    outer loop
      vertex 32.4855 22.6296 0.6
      vertex 31.6196 22.5607 0.6
      vertex 32.4821 22.7215 0.6
    endloop
  endfacet
  facet normal 0 0 -1
    outer loop
      vertex 32.5359 23.0872 0.6
      vertex 31.7322 23.3849 0.6
      vertex 31.8065 23.5074 0.6
    endloop
  endfacet
  facet normal 0 0 -1
    outer loop
      vertex 31.6051 22.6705 0.6
      vertex 32.4821 22.7215 0.6
      vertex 31.6196 22.5607 0.6
    endloop
  endfacet
  facet normal 0 0 -1
    outer loop
      vertex 32.5124 23.0083 0.6
      vertex 31.6745 23.2515 0.6
      vertex 31.7322 23.3849 0.6
    endloop
  endfacet
  facet normal -0 0 -1
    outer loop
      vertex 32.4821 22.7215 0.6
      vertex 31.6051 22.6705 0.6
      vertex 31.6002 22.7856 0.6
    endloop
  endfacet
  facet normal -0 0 -1
    outer loop
      vertex 32.4855 22.8254 0.6
      vertex 31.6002 22.7856 0.6
      vertex 31.6085 22.9518 0.6
    endloop
  endfacet
  facet normal 0 0 -1
    outer loop
      vertex 33.6938 20.7335 0.6
      vertex 34.5785 20.7716 0.6
      vertex 34.5709 20.6198 0.6
    endloop
  endfacet
  facet normal 0 -0 -1
    outer loop
      vertex 33.6966 20.8173 0.6
      vertex 34.5785 20.7716 0.6
      vertex 33.6938 20.7335 0.6
    endloop
  endfacet
  facet normal 0 0 -1
    outer loop
      vertex 33.6852 20.6563 0.6
      vertex 34.5709 20.6198 0.6
      vertex 34.548 20.4782 0.6
    endloop
  endfacet
  facet normal 0 0 -1
    outer loop
      vertex 34.5785 20.7716 0.6
      vertex 33.6966 20.8173 0.6
      vertex 34.5742 20.8701 0.6
    endloop
  endfacet
  facet normal 0 0 -1
    outer loop
      vertex 33.6852 20.6563 0.6
      vertex 34.548 20.4782 0.6
      vertex 34.5099 20.347 0.6
    endloop
  endfacet
  facet normal -0 0 -1
    outer loop
      vertex 34.5742 20.8701 0.6
      vertex 33.6966 20.8173 0.6
      vertex 34.5612 20.9651 0.6
    endloop
  endfacet
  facet normal 0 0 -1
    outer loop
      vertex 33.6938 20.9077 0.6
      vertex 34.5612 20.9651 0.6
      vertex 33.6966 20.8173 0.6
    endloop
  endfacet
  facet normal 0 0 -1
    outer loop
      vertex 33.6708 20.5858 0.6
      vertex 34.5099 20.347 0.6
      vertex 34.4565 20.226 0.6
    endloop
  endfacet
  facet normal -0 0 -1
    outer loop
      vertex 34.5612 20.9651 0.6
      vertex 33.6938 20.9077 0.6
      vertex 34.5396 21.0566 0.6
    endloop
  endfacet
  facet normal 0 0 -1
    outer loop
      vertex 33.6508 20.5219 0.6
      vertex 34.4565 20.226 0.6
      vertex 34.3878 20.1153 0.6
    endloop
  endfacet
  facet normal -0 0 -1
    outer loop
      vertex 34.5396 21.0566 0.6
      vertex 33.6938 20.9077 0.6
      vertex 34.5093 21.1447 0.6
    endloop
  endfacet
  facet normal 0 0 -1
    outer loop
      vertex 33.6508 20.5219 0.6
      vertex 34.3878 20.1153 0.6
      vertex 34.3039 20.0149 0.6
    endloop
  endfacet
  facet normal 0 0 -1
    outer loop
      vertex 33.6853 20.9904 0.6
      vertex 34.5093 21.1447 0.6
      vertex 33.6938 20.9077 0.6
    endloop
  endfacet
  facet normal -0 0 -1
    outer loop
      vertex 34.5093 21.1447 0.6
      vertex 33.6853 20.9904 0.6
      vertex 34.4703 21.2293 0.6
    endloop
  endfacet
  facet normal 0 0 -1
    outer loop
      vertex 33.625 20.4647 0.6
      vertex 34.3039 20.0149 0.6
      vertex 34.2047 19.9247 0.6
    endloop
  endfacet
  facet normal -0 0 -1
    outer loop
      vertex 34.4703 21.2293 0.6
      vertex 33.6853 20.9904 0.6
      vertex 34.4227 21.3104 0.6
    endloop
  endfacet
  facet normal 0 0 -1
    outer loop
      vertex 33.5935 20.4142 0.6
      vertex 34.2047 19.9247 0.6
      vertex 34.0913 19.8458 0.6
    endloop
  endfacet
  facet normal 0 0 -1
    outer loop
      vertex 33.6711 21.0656 0.6
      vertex 34.4227 21.3104 0.6
      vertex 33.6853 20.9904 0.6
    endloop
  endfacet
  facet normal -0 0 -1
    outer loop
      vertex 34.3665 21.388 0.6
      vertex 33.6711 21.0656 0.6
      vertex 34.3029 21.4598 0.6
    endloop
  endfacet
  facet normal 0 0 -1
    outer loop
      vertex 33.5562 20.3703 0.6
      vertex 34.0913 19.8458 0.6
      vertex 33.9646 19.779 0.6
    endloop
  endfacet
  facet normal 0 0 -1
    outer loop
      vertex 33.6513 21.1332 0.6
      vertex 34.3029 21.4598 0.6
      vertex 33.6711 21.0656 0.6
    endloop
  endfacet
  facet normal 0 0 -1
    outer loop
      vertex 33.5132 20.3326 0.6
      vertex 33.9646 19.779 0.6
      vertex 33.8246 19.7244 0.6
    endloop
  endfacet
  facet normal -0 0 -1
    outer loop
      vertex 34.4227 21.3104 0.6
      vertex 33.6711 21.0656 0.6
      vertex 34.3665 21.388 0.6
    endloop
  endfacet
  facet normal 0 0 -1
    outer loop
      vertex 33.3528 21.4074 0.6
      vertex 33.7974 21.7359 0.6
      vertex 33.7974 21.7236 0.6
    endloop
  endfacet
  facet normal 0 0 -1
    outer loop
      vertex 34.6419 22.4395 0.6
      vertex 33.7836 22.5304 0.6
      vertex 33.7974 22.7093 0.6
    endloop
  endfacet
  facet normal -0 0 -1
    outer loop
      vertex 34.2334 21.5237 0.6
      vertex 33.6513 21.1332 0.6
      vertex 34.1581 21.5797 0.6
    endloop
  endfacet
  facet normal -0 0 -1
    outer loop
      vertex 34.1581 21.5797 0.6
      vertex 33.6258 21.1932 0.6
      vertex 34.0768 21.6276 0.6
    endloop
  endfacet
  facet normal 0 0 -1
    outer loop
      vertex 33.6258 21.1932 0.6
      vertex 34.1581 21.5797 0.6
      vertex 33.6513 21.1332 0.6
    endloop
  endfacet
  facet normal -0 0 -1
    outer loop
      vertex 34.3029 21.4598 0.6
      vertex 33.6513 21.1332 0.6
      vertex 34.2334 21.5237 0.6
    endloop
  endfacet
  facet normal 0 0 -1
    outer loop
      vertex 34.5709 20.6198 0.6
      vertex 33.6852 20.6563 0.6
      vertex 33.6938 20.7335 0.6
    endloop
  endfacet
  facet normal 0 0 -1
    outer loop
      vertex 33.4643 20.3008 0.6
      vertex 33.8246 19.7244 0.6
      vertex 33.6714 19.6819 0.6
    endloop
  endfacet
  facet normal 0 0 -1
    outer loop
      vertex 34.5099 20.347 0.6
      vertex 33.6708 20.5858 0.6
      vertex 33.6852 20.6563 0.6
    endloop
  endfacet
  facet normal 0 0 -1
    outer loop
      vertex 34.4565 20.226 0.6
      vertex 33.6508 20.5219 0.6
      vertex 33.6708 20.5858 0.6
    endloop
  endfacet
  facet normal 0 0 -1
    outer loop
      vertex 34.3039 20.0149 0.6
      vertex 33.625 20.4647 0.6
      vertex 33.6508 20.5219 0.6
    endloop
  endfacet
  facet normal 0 0 -1
    outer loop
      vertex 34.2047 19.9247 0.6
      vertex 33.5935 20.4142 0.6
      vertex 33.625 20.4647 0.6
    endloop
  endfacet
  facet normal 0 0 -1
    outer loop
      vertex 34.0913 19.8458 0.6
      vertex 33.5562 20.3703 0.6
      vertex 33.5935 20.4142 0.6
    endloop
  endfacet
  facet normal 0 0 -1
    outer loop
      vertex 33.9646 19.779 0.6
      vertex 33.5132 20.3326 0.6
      vertex 33.5562 20.3703 0.6
    endloop
  endfacet
  facet normal 0 0 -1
    outer loop
      vertex 33.4096 20.2747 0.6
      vertex 33.6714 19.6819 0.6
      vertex 33.5049 19.6515 0.6
    endloop
  endfacet
  facet normal 0 0 -1
    outer loop
      vertex 33.8246 19.7244 0.6
      vertex 33.4643 20.3008 0.6
      vertex 33.5132 20.3326 0.6
    endloop
  endfacet
  facet normal 0 0 -1
    outer loop
      vertex 33.6714 19.6819 0.6
      vertex 33.4096 20.2747 0.6
      vertex 33.4643 20.3008 0.6
    endloop
  endfacet
  facet normal 0 0 -1
    outer loop
      vertex 33.5049 19.6515 0.6
      vertex 33.349 20.2544 0.6
      vertex 33.4096 20.2747 0.6
    endloop
  endfacet
  facet normal 0 0 -1
    outer loop
      vertex 33.3251 19.6333 0.6
      vertex 33.349 20.2544 0.6
      vertex 33.5049 19.6515 0.6
    endloop
  endfacet
  facet normal 0 0 -1
    outer loop
      vertex 33.3251 19.6333 0.6
      vertex 33.2826 20.2399 0.6
      vertex 33.349 20.2544 0.6
    endloop
  endfacet
  facet normal 0 0 -1
    outer loop
      vertex 33.3251 19.6333 0.6
      vertex 33.2103 20.2313 0.6
      vertex 33.2826 20.2399 0.6
    endloop
  endfacet
  facet normal 0 0 -1
    outer loop
      vertex 33.1321 19.6272 0.6
      vertex 33.2103 20.2313 0.6
      vertex 33.3251 19.6333 0.6
    endloop
  endfacet
  facet normal 0 0 -1
    outer loop
      vertex 33.1321 19.6272 0.6
      vertex 33.1321 20.2284 0.6
      vertex 33.2103 20.2313 0.6
    endloop
  endfacet
  facet normal 0 0 -1
    outer loop
      vertex 32.9431 19.6334 0.6
      vertex 33.1321 20.2284 0.6
      vertex 33.1321 19.6272 0.6
    endloop
  endfacet
  facet normal -0 0 -1
    outer loop
      vertex 33.1321 20.2284 0.6
      vertex 32.9431 19.6334 0.6
      vertex 32.9848 20.2404 0.6
    endloop
  endfacet
  facet normal 0 0 -1
    outer loop
      vertex 32.7668 19.6521 0.6
      vertex 32.9848 20.2404 0.6
      vertex 32.9431 19.6334 0.6
    endloop
  endfacet
  facet normal -0 0 -1
    outer loop
      vertex 32.9848 20.2404 0.6
      vertex 32.7668 19.6521 0.6
      vertex 32.8601 20.2764 0.6
    endloop
  endfacet
  facet normal 0 0 -1
    outer loop
      vertex 32.6031 19.6833 0.6
      vertex 32.8601 20.2764 0.6
      vertex 32.7668 19.6521 0.6
    endloop
  endfacet
  facet normal -0 0 -1
    outer loop
      vertex 32.8601 20.2764 0.6
      vertex 32.6031 19.6833 0.6
      vertex 32.7581 20.3365 0.6
    endloop
  endfacet
  facet normal 0 0 -1
    outer loop
      vertex 32.452 19.7269 0.6
      vertex 32.7581 20.3365 0.6
      vertex 32.6031 19.6833 0.6
    endloop
  endfacet
  facet normal 0 0 -1
    outer loop
      vertex 32.3136 19.7829 0.6
      vertex 32.7581 20.3365 0.6
      vertex 32.452 19.7269 0.6
    endloop
  endfacet
  facet normal -0 0 -1
    outer loop
      vertex 32.7581 20.3365 0.6
      vertex 32.3136 19.7829 0.6
      vertex 32.6787 20.4207 0.6
    endloop
  endfacet
  facet normal 0 0 -1
    outer loop
      vertex 32.1879 19.8514 0.6
      vertex 32.6787 20.4207 0.6
      vertex 32.3136 19.7829 0.6
    endloop
  endfacet
  facet normal -0 0 -1
    outer loop
      vertex 32.6484 22.2119 0.6
      vertex 32.3651 21.7655 0.6
      vertex 32.6043 22.2656 0.6
    endloop
  endfacet
  facet normal 0 0 -1
    outer loop
      vertex 32.0747 19.9324 0.6
      vertex 32.6787 20.4207 0.6
      vertex 32.1879 19.8514 0.6
    endloop
  endfacet
  facet normal 0 0 -1
    outer loop
      vertex 32.476 21.7419 0.6
      vertex 32.5882 20.9809 0.6
      vertex 32.476 21.7297 0.6
    endloop
  endfacet
  facet normal 0 0 -1
    outer loop
      vertex 32.2608 21.7979 0.6
      vertex 32.6043 22.2656 0.6
      vertex 32.3651 21.7655 0.6
    endloop
  endfacet
  facet normal 0 0 -1
    outer loop
      vertex 32.1631 21.839 0.6
      vertex 32.6043 22.2656 0.6
      vertex 32.2608 21.7979 0.6
    endloop
  endfacet
  facet normal 0 0 -1
    outer loop
      vertex 32.072 21.8889 0.6
      vertex 32.567 22.3257 0.6
      vertex 32.1631 21.839 0.6
    endloop
  endfacet
  facet normal -0 0 -1
    outer loop
      vertex 32.6043 22.2656 0.6
      vertex 32.1631 21.839 0.6
      vertex 32.567 22.3257 0.6
    endloop
  endfacet
  facet normal 0 0 -1
    outer loop
      vertex 31.9756 20.0241 0.6
      vertex 32.6787 20.4207 0.6
      vertex 32.0747 19.9324 0.6
    endloop
  endfacet
  facet normal -0 0 -1
    outer loop
      vertex 32.6787 20.4207 0.6
      vertex 31.9756 20.0241 0.6
      vertex 32.6221 20.5289 0.6
    endloop
  endfacet
  facet normal 0 0 -1
    outer loop
      vertex 31.8917 20.125 0.6
      vertex 32.6221 20.5289 0.6
      vertex 31.9756 20.0241 0.6
    endloop
  endfacet
  facet normal 0 0 -1
    outer loop
      vertex 31.7009 20.7654 0.6
      vertex 32.5767 20.8173 0.6
      vertex 31.7086 20.6192 0.6
    endloop
  endfacet
  facet normal 0 -0 -1
    outer loop
      vertex 31.7053 20.864 0.6
      vertex 32.5767 20.8173 0.6
      vertex 31.7009 20.7654 0.6
    endloop
  endfacet
  facet normal 0 0 -1
    outer loop
      vertex 32.5882 20.9809 0.6
      vertex 32.3794 21.704 0.6
      vertex 32.476 21.7297 0.6
    endloop
  endfacet
  facet normal 0 0 -1
    outer loop
      vertex 32.5882 20.9809 0.6
      vertex 32.2882 21.6705 0.6
      vertex 32.3794 21.704 0.6
    endloop
  endfacet
  facet normal 0 0 -1
    outer loop
      vertex 31.823 20.2349 0.6
      vertex 32.6221 20.5289 0.6
      vertex 31.8917 20.125 0.6
    endloop
  endfacet
  facet normal 0 0 -1
    outer loop
      vertex 32.5882 20.9809 0.6
      vertex 32.2025 21.6291 0.6
      vertex 32.2882 21.6705 0.6
    endloop
  endfacet
  facet normal 0 0 -1
    outer loop
      vertex 32.5882 20.9809 0.6
      vertex 32.1223 21.5798 0.6
      vertex 32.2025 21.6291 0.6
    endloop
  endfacet
  facet normal 0 0 -1
    outer loop
      vertex 31.7696 20.3539 0.6
      vertex 32.6221 20.5289 0.6
      vertex 31.823 20.2349 0.6
    endloop
  endfacet
  facet normal 0 0 -1
    outer loop
      vertex 32.5882 20.9809 0.6
      vertex 32.0475 21.5227 0.6
      vertex 32.1223 21.5798 0.6
    endloop
  endfacet
  facet normal -0 0 -1
    outer loop
      vertex 32.6221 20.5289 0.6
      vertex 31.7696 20.3539 0.6
      vertex 32.5881 20.6611 0.6
    endloop
  endfacet
  facet normal 0 0 -1
    outer loop
      vertex 32.5882 20.9809 0.6
      vertex 31.9783 21.4578 0.6
      vertex 32.0475 21.5227 0.6
    endloop
  endfacet
  facet normal 0 0 -1
    outer loop
      vertex 31.7314 20.482 0.6
      vertex 32.5881 20.6611 0.6
      vertex 31.7696 20.3539 0.6
    endloop
  endfacet
  facet normal 0 0 -1
    outer loop
      vertex 32.5882 20.9809 0.6
      vertex 31.9145 21.385 0.6
      vertex 31.9783 21.4578 0.6
    endloop
  endfacet
  facet normal 0 0 -1
    outer loop
      vertex 32.5882 20.9809 0.6
      vertex 31.8578 21.3065 0.6
      vertex 31.9145 21.385 0.6
    endloop
  endfacet
  facet normal 0 0 -1
    outer loop
      vertex 31.7086 20.6192 0.6
      vertex 32.5881 20.6611 0.6
      vertex 31.7314 20.482 0.6
    endloop
  endfacet
  facet normal -0 0 -1
    outer loop
      vertex 32.5881 20.6611 0.6
      vertex 31.7086 20.6192 0.6
      vertex 32.5767 20.8173 0.6
    endloop
  endfacet
  facet normal 0 0 -1
    outer loop
      vertex 32.5882 20.9809 0.6
      vertex 31.8099 21.2248 0.6
      vertex 31.8578 21.3065 0.6
    endloop
  endfacet
  facet normal 0 0 -1
    outer loop
      vertex 32.5882 20.9809 0.6
      vertex 31.7707 21.1396 0.6
      vertex 31.8099 21.2248 0.6
    endloop
  endfacet
  facet normal 0 0 -1
    outer loop
      vertex 32.5882 20.9809 0.6
      vertex 31.7402 21.0511 0.6
      vertex 31.7707 21.1396 0.6
    endloop
  endfacet
  facet normal 0 0 -1
    outer loop
      vertex 32.5767 20.8173 0.6
      vertex 31.7184 20.9593 0.6
      vertex 31.7402 21.0511 0.6
    endloop
  endfacet
  facet normal 0 0 -1
    outer loop
      vertex 32.5767 20.8173 0.6
      vertex 31.7053 20.864 0.6
      vertex 31.7184 20.9593 0.6
    endloop
  endfacet
  facet normal -0 0 -1
    outer loop
      vertex 34.0768 21.6276 0.6
      vertex 33.6258 21.1932 0.6
      vertex 33.9895 21.6676 0.6
    endloop
  endfacet
  facet normal 0 0 -1
    outer loop
      vertex 34.4488 22.0761 0.6
      vertex 33.7425 22.379 0.6
      vertex 33.7836 22.5304 0.6
    endloop
  endfacet
  facet normal 0 0 -1
    outer loop
      vertex 33.5946 21.2455 0.6
      vertex 33.9895 21.6676 0.6
      vertex 33.6258 21.1932 0.6
    endloop
  endfacet
  facet normal -0 0 -1
    outer loop
      vertex 33.9895 21.6676 0.6
      vertex 33.5946 21.2455 0.6
      vertex 33.8964 21.6996 0.6
    endloop
  endfacet
  facet normal 0 0 -1
    outer loop
      vertex 34.1203 21.8312 0.6
      vertex 33.674 22.2551 0.6
      vertex 33.7425 22.379 0.6
    endloop
  endfacet
  facet normal 0 0 -1
    outer loop
      vertex 33.5578 21.2903 0.6
      vertex 33.8964 21.6996 0.6
      vertex 33.5946 21.2455 0.6
    endloop
  endfacet
  facet normal -0 0 -1
    outer loop
      vertex 33.8964 21.6996 0.6
      vertex 33.5578 21.2903 0.6
      vertex 33.7974 21.7236 0.6
    endloop
  endfacet
  facet normal 0 0 -1
    outer loop
      vertex 33.9123 21.7592 0.6
      vertex 33.5781 22.1587 0.6
      vertex 33.674 22.2551 0.6
    endloop
  endfacet
  facet normal 0 0 -1
    outer loop
      vertex 33.5152 21.3284 0.6
      vertex 33.7974 21.7236 0.6
      vertex 33.5578 21.2903 0.6
    endloop
  endfacet
  facet normal 0 0 -1
    outer loop
      vertex 33.4668 21.3606 0.6
      vertex 33.7974 21.7236 0.6
      vertex 33.5152 21.3284 0.6
    endloop
  endfacet
  facet normal 0 0 -1
    outer loop
      vertex 33.4127 21.3869 0.6
      vertex 33.7974 21.7236 0.6
      vertex 33.4668 21.3606 0.6
    endloop
  endfacet
  facet normal 0 0 -1
    outer loop
      vertex 33.7974 21.7359 0.6
      vertex 33.4548 22.0899 0.6
      vertex 33.5781 22.1587 0.6
    endloop
  endfacet
  facet normal 0 0 -1
    outer loop
      vertex 33.3528 21.4074 0.6
      vertex 33.7974 21.7236 0.6
      vertex 33.4127 21.3869 0.6
    endloop
  endfacet
  facet normal -0 0 -1
    outer loop
      vertex 33.7974 21.7359 0.6
      vertex 33.3528 21.4074 0.6
      vertex 33.3041 22.0486 0.6
    endloop
  endfacet
  facet normal 0 0 -1
    outer loop
      vertex 33.7974 21.7359 0.6
      vertex 33.3041 22.0486 0.6
      vertex 33.4548 22.0899 0.6
    endloop
  endfacet
  facet normal 0 0 -1
    outer loop
      vertex 33.287 21.422 0.6
      vertex 33.3041 22.0486 0.6
      vertex 33.3528 21.4074 0.6
    endloop
  endfacet
  facet normal 0 0 -1
    outer loop
      vertex 33.2155 21.4308 0.6
      vertex 33.3041 22.0486 0.6
      vertex 33.287 21.422 0.6
    endloop
  endfacet
  facet normal 0 0 -1
    outer loop
      vertex 33.126 22.0349 0.6
      vertex 33.2155 21.4308 0.6
      vertex 33.1382 21.4337 0.6
    endloop
  endfacet
  facet normal 0 0 -1
    outer loop
      vertex 33.2155 21.4308 0.6
      vertex 33.126 22.0349 0.6
      vertex 33.3041 22.0486 0.6
    endloop
  endfacet
  facet normal 0 0 -1
    outer loop
      vertex 33.1382 21.4337 0.6
      vertex 33.04 22.0385 0.6
      vertex 33.126 22.0349 0.6
    endloop
  endfacet
  facet normal 0 0 -1
    outer loop
      vertex 32.9892 21.4211 0.6
      vertex 33.04 22.0385 0.6
      vertex 33.1382 21.4337 0.6
    endloop
  endfacet
  facet normal 0 0 -1
    outer loop
      vertex 32.9892 21.4211 0.6
      vertex 32.96 22.0493 0.6
      vertex 33.04 22.0385 0.6
    endloop
  endfacet
  facet normal 0 0 -1
    outer loop
      vertex 32.9892 21.4211 0.6
      vertex 32.8858 22.0674 0.6
      vertex 32.96 22.0493 0.6
    endloop
  endfacet
  facet normal 0 0 -1
    outer loop
      vertex 32.8632 21.3834 0.6
      vertex 32.8858 22.0674 0.6
      vertex 32.9892 21.4211 0.6
    endloop
  endfacet
  facet normal 0 0 -1
    outer loop
      vertex 32.476 21.7419 0.6
      vertex 32.8858 22.0674 0.6
      vertex 32.8632 21.3834 0.6
    endloop
  endfacet
  facet normal 0 0 -1
    outer loop
      vertex 32.476 21.7419 0.6
      vertex 32.8632 21.3834 0.6
      vertex 32.7601 21.3205 0.6
    endloop
  endfacet
  facet normal -0 0 -1
    outer loop
      vertex 32.8858 22.0674 0.6
      vertex 32.476 21.7419 0.6
      vertex 32.8176 22.0927 0.6
    endloop
  endfacet
  facet normal -0 0 -1
    outer loop
      vertex 32.8176 22.0927 0.6
      vertex 32.476 21.7419 0.6
      vertex 32.7553 22.1252 0.6
    endloop
  endfacet
  facet normal 0 0 -1
    outer loop
      vertex 32.476 21.7419 0.6
      vertex 32.7601 21.3205 0.6
      vertex 32.6798 21.2325 0.6
    endloop
  endfacet
  facet normal -0 0 -1
    outer loop
      vertex 32.7553 22.1252 0.6
      vertex 32.476 21.7419 0.6
      vertex 32.6989 22.1649 0.6
    endloop
  endfacet
  facet normal 0 0 -1
    outer loop
      vertex 32.476 21.7419 0.6
      vertex 32.6798 21.2325 0.6
      vertex 32.6225 21.1192 0.6
    endloop
  endfacet
  facet normal -0 0 -1
    outer loop
      vertex 32.6989 22.1649 0.6
      vertex 32.476 21.7419 0.6
      vertex 32.6484 22.2119 0.6
    endloop
  endfacet
  facet normal 0 0 -1
    outer loop
      vertex 32.476 21.7419 0.6
      vertex 32.6225 21.1192 0.6
      vertex 32.5882 20.9809 0.6
    endloop
  endfacet
  facet normal 0 0 -1
    outer loop
      vertex 31.7402 21.0511 0.6
      vertex 32.5882 20.9809 0.6
      vertex 32.5767 20.8173 0.6
    endloop
  endfacet
  facet normal 0 0 -1
    outer loop
      vertex 32.3651 21.7655 0.6
      vertex 32.6484 22.2119 0.6
      vertex 32.476 21.7419 0.6
    endloop
  endfacet
  facet normal 0 0 -1
    outer loop
      vertex 26.8911 21.4892 0.6
      vertex 27.8568 21.7724 0.6
      vertex 27.8491 21.4765 0.6
    endloop
  endfacet
  facet normal 0 0 -1
    outer loop
      vertex 26.9356 21.3406 0.6
      vertex 27.8491 21.4765 0.6
      vertex 27.826 21.2026 0.6
    endloop
  endfacet
  facet normal 0 0 -1
    outer loop
      vertex 27.8568 21.7724 0.6
      vertex 27.0145 22.0105 0.6
      vertex 27.8482 22.0876 0.6
    endloop
  endfacet
  facet normal 0 0 -1
    outer loop
      vertex 26.9504 21.1713 0.6
      vertex 27.826 21.2026 0.6
      vertex 27.7875 20.9507 0.6
    endloop
  endfacet
  facet normal 0 0 -1
    outer loop
      vertex 27.0089 22.1973 0.6
      vertex 27.8482 22.0876 0.6
      vertex 27.0145 22.0105 0.6
    endloop
  endfacet
  facet normal 0 0 -1
    outer loop
      vertex 26.9361 20.9562 0.6
      vertex 27.7875 20.9507 0.6
      vertex 27.7337 20.7207 0.6
    endloop
  endfacet
  facet normal 0 0 -1
    outer loop
      vertex 27.8482 22.0876 0.6
      vertex 27.0089 22.1973 0.6
      vertex 27.8226 22.3793 0.6
    endloop
  endfacet
  facet normal 0 0 -1
    outer loop
      vertex 26.9182 20.8586 0.6
      vertex 27.7337 20.7207 0.6
      vertex 27.6645 20.5127 0.6
    endloop
  endfacet
  facet normal 0 0 -1
    outer loop
      vertex 26.9957 22.3704 0.6
      vertex 27.8226 22.3793 0.6
      vertex 27.0089 22.1973 0.6
    endloop
  endfacet
  facet normal 0 0 -1
    outer loop
      vertex 26.8931 20.7678 0.6
      vertex 27.6645 20.5127 0.6
      vertex 27.5799 20.3268 0.6
    endloop
  endfacet
  facet normal -0 0 -1
    outer loop
      vertex 27.8226 22.3793 0.6
      vertex 26.9957 22.3704 0.6
      vertex 27.78 22.6474 0.6
    endloop
  endfacet
  facet normal 0 0 -1
    outer loop
      vertex 26.8215 20.606 0.6
      vertex 27.5799 20.3268 0.6
      vertex 27.4799 20.1628 0.6
    endloop
  endfacet
  facet normal 0 0 -1
    outer loop
      vertex 26.9748 22.53 0.6
      vertex 27.78 22.6474 0.6
      vertex 26.9957 22.3704 0.6
    endloop
  endfacet
  facet normal 0 0 -1
    outer loop
      vertex 26.775 20.5351 0.6
      vertex 27.4799 20.1628 0.6
      vertex 27.3641 20.0207 0.6
    endloop
  endfacet
  facet normal -0 0 -1
    outer loop
      vertex 27.78 22.6474 0.6
      vertex 26.9748 22.53 0.6
      vertex 27.7202 22.8919 0.6
    endloop
  endfacet
  facet normal 0 0 -1
    outer loop
      vertex 26.7225 20.4723 0.6
      vertex 27.3641 20.0207 0.6
      vertex 27.2323 19.9004 0.6
    endloop
  endfacet
  facet normal 0 0 -1
    outer loop
      vertex 26.9462 22.6761 0.6
      vertex 27.7202 22.8919 0.6
      vertex 26.9748 22.53 0.6
    endloop
  endfacet
  facet normal 0 0 -1
    outer loop
      vertex 26.6653 20.4192 0.6
      vertex 27.2323 19.9004 0.6
      vertex 27.0842 19.8021 0.6
    endloop
  endfacet
  facet normal 0 0 -1
    outer loop
      vertex 26.91 22.8085 0.6
      vertex 27.7202 22.8919 0.6
      vertex 26.9462 22.6761 0.6
    endloop
  endfacet
  facet normal -0 0 -1
    outer loop
      vertex 27.7202 22.8919 0.6
      vertex 26.91 22.8085 0.6
      vertex 27.6434 23.1129 0.6
    endloop
  endfacet
  facet normal -0 0 -1
    outer loop
      vertex 27.826 21.2026 0.6
      vertex 26.9504 21.1713 0.6
      vertex 26.9467 21.2585 0.6
    endloop
  endfacet
  facet normal 0 0 -1
    outer loop
      vertex 27.826 21.2026 0.6
      vertex 26.9467 21.2585 0.6
      vertex 26.9356 21.3406 0.6
    endloop
  endfacet
  facet normal 0 0 -1
    outer loop
      vertex 27.7875 20.9507 0.6
      vertex 26.9468 21.0604 0.6
      vertex 26.9504 21.1713 0.6
    endloop
  endfacet
  facet normal 0 0 -1
    outer loop
      vertex 27.7875 20.9507 0.6
      vertex 26.9361 20.9562 0.6
      vertex 26.9468 21.0604 0.6
    endloop
  endfacet
  facet normal 0 0 -1
    outer loop
      vertex 26.6653 20.4192 0.6
      vertex 27.0842 19.8021 0.6
      vertex 26.9201 19.7256 0.6
    endloop
  endfacet
  facet normal 0 0 -1
    outer loop
      vertex 27.7337 20.7207 0.6
      vertex 26.9182 20.8586 0.6
      vertex 26.9361 20.9562 0.6
    endloop
  endfacet
  facet normal 0 0 -1
    outer loop
      vertex 27.6645 20.5127 0.6
      vertex 26.8931 20.7678 0.6
      vertex 26.9182 20.8586 0.6
    endloop
  endfacet
  facet normal 0 0 -1
    outer loop
      vertex 27.5799 20.3268 0.6
      vertex 26.8609 20.6835 0.6
      vertex 26.8931 20.7678 0.6
    endloop
  endfacet
  facet normal 0 0 -1
    outer loop
      vertex 27.5799 20.3268 0.6
      vertex 26.8215 20.606 0.6
      vertex 26.8609 20.6835 0.6
    endloop
  endfacet
  facet normal 0 0 -1
    outer loop
      vertex 27.4799 20.1628 0.6
      vertex 26.775 20.5351 0.6
      vertex 26.8215 20.606 0.6
    endloop
  endfacet
  facet normal 0 0 -1
    outer loop
      vertex 26.5371 20.342 0.6
      vertex 26.9201 19.7256 0.6
      vertex 26.7399 19.6709 0.6
    endloop
  endfacet
  facet normal 0 0 -1
    outer loop
      vertex 27.3641 20.0207 0.6
      vertex 26.7225 20.4723 0.6
      vertex 26.775 20.5351 0.6
    endloop
  endfacet
  facet normal 0 0 -1
    outer loop
      vertex 27.2323 19.9004 0.6
      vertex 26.6653 20.4192 0.6
      vertex 26.7225 20.4723 0.6
    endloop
  endfacet
  facet normal 0 0 -1
    outer loop
      vertex 26.9201 19.7256 0.6
      vertex 26.6035 20.3758 0.6
      vertex 26.6653 20.4192 0.6
    endloop
  endfacet
  facet normal 0 0 -1
    outer loop
      vertex 26.4659 20.3179 0.6
      vertex 26.7399 19.6709 0.6
      vertex 26.5435 19.6381 0.6
    endloop
  endfacet
  facet normal 0 0 -1
    outer loop
      vertex 26.9201 19.7256 0.6
      vertex 26.5371 20.342 0.6
      vertex 26.6035 20.3758 0.6
    endloop
  endfacet
  facet normal 0 0 -1
    outer loop
      vertex 26.7399 19.6709 0.6
      vertex 26.4659 20.3179 0.6
      vertex 26.5371 20.342 0.6
    endloop
  endfacet
  facet normal 0 0 -1
    outer loop
      vertex 26.5435 19.6381 0.6
      vertex 26.3901 20.3034 0.6
      vertex 26.4659 20.3179 0.6
    endloop
  endfacet
  facet normal 0 0 -1
    outer loop
      vertex 26.3309 19.6272 0.6
      vertex 26.3901 20.3034 0.6
      vertex 26.5435 19.6381 0.6
    endloop
  endfacet
  facet normal 0 0 -1
    outer loop
      vertex 26.3309 19.6272 0.6
      vertex 26.3096 20.2986 0.6
      vertex 26.3901 20.3034 0.6
    endloop
  endfacet
  facet normal 0 0 -1
    outer loop
      vertex 26.3309 19.6272 0.6
      vertex 26.231 20.3028 0.6
      vertex 26.3096 20.2986 0.6
    endloop
  endfacet
  facet normal 0 0 -1
    outer loop
      vertex 26.1327 19.635 0.6
      vertex 26.231 20.3028 0.6
      vertex 26.3309 19.6272 0.6
    endloop
  endfacet
  facet normal -0 0 -1
    outer loop
      vertex 26.231 20.3028 0.6
      vertex 26.1327 19.635 0.6
      vertex 26.1573 20.3154 0.6
    endloop
  endfacet
  facet normal 0 0 -1
    outer loop
      vertex 25.9477 19.6583 0.6
      vertex 26.1573 20.3154 0.6
      vertex 26.1327 19.635 0.6
    endloop
  endfacet
  facet normal -0 0 -1
    outer loop
      vertex 26.1573 20.3154 0.6
      vertex 25.9477 19.6583 0.6
      vertex 26.0885 20.3364 0.6
    endloop
  endfacet
  facet normal 0 0 -1
    outer loop
      vertex 25.776 19.6973 0.6
      vertex 26.0885 20.3364 0.6
      vertex 25.9477 19.6583 0.6
    endloop
  endfacet
  facet normal -0 0 -1
    outer loop
      vertex 26.0885 20.3364 0.6
      vertex 25.776 19.6973 0.6
      vertex 26.0246 20.3658 0.6
    endloop
  endfacet
  facet normal 0 0 -1
    outer loop
      vertex 25.6175 19.7518 0.6
      vertex 26.0246 20.3658 0.6
      vertex 25.776 19.6973 0.6
    endloop
  endfacet
  facet normal -0 0 -1
    outer loop
      vertex 26.0246 20.3658 0.6
      vertex 25.6175 19.7518 0.6
      vertex 25.9657 20.4037 0.6
    endloop
  endfacet
  facet normal 0 0 -1
    outer loop
      vertex 25.4723 19.8218 0.6
      vertex 25.9657 20.4037 0.6
      vertex 25.6175 19.7518 0.6
    endloop
  endfacet
  facet normal -0 0 -1
    outer loop
      vertex 25.9657 20.4037 0.6
      vertex 25.4723 19.8218 0.6
      vertex 25.9116 20.4499 0.6
    endloop
  endfacet
  facet normal 0 0 -1
    outer loop
      vertex 25.3404 19.9075 0.6
      vertex 25.9116 20.4499 0.6
      vertex 25.4723 19.8218 0.6
    endloop
  endfacet
  facet normal -0 0 -1
    outer loop
      vertex 25.9116 20.4499 0.6
      vertex 25.3404 19.9075 0.6
      vertex 25.8625 20.5046 0.6
    endloop
  endfacet
  facet normal 0 0 -1
    outer loop
      vertex 25.2217 20.0087 0.6
      vertex 25.8625 20.5046 0.6
      vertex 25.3404 19.9075 0.6
    endloop
  endfacet
  facet normal -0 0 -1
    outer loop
      vertex 25.8625 20.5046 0.6
      vertex 25.2217 20.0087 0.6
      vertex 25.8192 20.5666 0.6
    endloop
  endfacet
  facet normal 0 0 -1
    outer loop
      vertex 25.1177 20.1237 0.6
      vertex 25.8192 20.5666 0.6
      vertex 25.2217 20.0087 0.6
    endloop
  endfacet
  facet normal 0 0 -1
    outer loop
      vertex 24.8296 21.0676 0.6
      vertex 25.6993 21.0736 0.6
      vertex 25.7026 20.9731 0.6
    endloop
  endfacet
  facet normal -0 0 -1
    outer loop
      vertex 25.8192 20.5666 0.6
      vertex 25.1177 20.1237 0.6
      vertex 25.7826 20.6351 0.6
    endloop
  endfacet
  facet normal 0 0 -1
    outer loop
      vertex 25.0297 20.2508 0.6
      vertex 25.7826 20.6351 0.6
      vertex 25.1177 20.1237 0.6
    endloop
  endfacet
  facet normal 0 0 -1
    outer loop
      vertex 25.6993 21.0736 0.6
      vertex 24.8364 21.2503 0.6
      vertex 24.8569 21.4219 0.6
    endloop
  endfacet
  facet normal -0 0 -1
    outer loop
      vertex 25.7826 20.6351 0.6
      vertex 25.0297 20.2508 0.6
      vertex 25.7526 20.71 0.6
    endloop
  endfacet
  facet normal 0 0 -1
    outer loop
      vertex 25.6993 21.0736 0.6
      vertex 24.8569 21.4219 0.6
      vertex 24.891 21.5824 0.6
    endloop
  endfacet
  facet normal 0 0 -1
    outer loop
      vertex 24.9576 20.39 0.6
      vertex 25.7526 20.71 0.6
      vertex 25.0297 20.2508 0.6
    endloop
  endfacet
  facet normal 0 0 -1
    outer loop
      vertex 25.6993 21.0736 0.6
      vertex 24.891 21.5824 0.6
      vertex 24.9387 21.7317 0.6
    endloop
  endfacet
  facet normal 0 0 -1
    outer loop
      vertex 24.9016 20.5412 0.6
      vertex 25.7526 20.71 0.6
      vertex 24.9576 20.39 0.6
    endloop
  endfacet
  facet normal 0 0 -1
    outer loop
      vertex 25.6993 21.0736 0.6
      vertex 24.9387 21.7317 0.6
      vertex 25.0001 21.8698 0.6
    endloop
  endfacet
  facet normal -0 0 -1
    outer loop
      vertex 25.7526 20.71 0.6
      vertex 24.9016 20.5412 0.6
      vertex 25.7293 20.7913 0.6
    endloop
  endfacet
  facet normal 0 0 -1
    outer loop
      vertex 25.6993 21.0736 0.6
      vertex 25.0001 21.8698 0.6
      vertex 25.0751 21.9968 0.6
    endloop
  endfacet
  facet normal 0 0 -1
    outer loop
      vertex 24.8616 20.7046 0.6
      vertex 25.7293 20.7913 0.6
      vertex 24.9016 20.5412 0.6
    endloop
  endfacet
  facet normal 0 0 -1
    outer loop
      vertex 25.6993 21.0736 0.6
      vertex 25.1637 22.1127 0.6
      vertex 25.264 22.2151 0.6
    endloop
  endfacet
  facet normal -0 0 -1
    outer loop
      vertex 25.7293 20.7913 0.6
      vertex 24.8616 20.7046 0.6
      vertex 25.7126 20.879 0.6
    endloop
  endfacet
  facet normal 0 0 -1
    outer loop
      vertex 25.6993 21.0736 0.6
      vertex 25.3737 22.3018 0.6
      vertex 25.493 22.3727 0.6
    endloop
  endfacet
  facet normal 0 0 -1
    outer loop
      vertex 24.8376 20.88 0.6
      vertex 25.7126 20.879 0.6
      vertex 24.8616 20.7046 0.6
    endloop
  endfacet
  facet normal 0 0 -1
    outer loop
      vertex 25.6993 21.0736 0.6
      vertex 25.264 22.2151 0.6
      vertex 25.3737 22.3018 0.6
    endloop
  endfacet
  facet normal 0 0 -1
    outer loop
      vertex 25.7126 20.879 0.6
      vertex 24.8376 20.88 0.6
      vertex 25.7026 20.9731 0.6
    endloop
  endfacet
  facet normal 0 0 -1
    outer loop
      vertex 25.6993 21.0736 0.6
      vertex 25.493 22.3727 0.6
      vertex 25.6218 22.4278 0.6
    endloop
  endfacet
  facet normal -0 0 -1
    outer loop
      vertex 25.7026 20.9731 0.6
      vertex 24.8376 20.88 0.6
      vertex 24.8296 21.0676 0.6
    endloop
  endfacet
  facet normal 0 0 -1
    outer loop
      vertex 25.6993 21.0736 0.6
      vertex 25.0751 21.9968 0.6
      vertex 25.1637 22.1127 0.6
    endloop
  endfacet
  facet normal -0 0 -1
    outer loop
      vertex 25.6993 21.0736 0.6
      vertex 24.8296 21.0676 0.6
      vertex 24.8364 21.2503 0.6
    endloop
  endfacet
  facet normal 0 0 -1
    outer loop
      vertex 26.8662 22.9274 0.6
      vertex 27.6434 23.1129 0.6
      vertex 26.91 22.8085 0.6
    endloop
  endfacet
  facet normal -0 0 -1
    outer loop
      vertex 27.6434 23.1129 0.6
      vertex 26.8662 22.9274 0.6
      vertex 27.5496 23.3104 0.6
    endloop
  endfacet
  facet normal 0 0 -1
    outer loop
      vertex 26.8146 23.0327 0.6
      vertex 27.5496 23.3104 0.6
      vertex 26.8662 22.9274 0.6
    endloop
  endfacet
  facet normal -0 0 -1
    outer loop
      vertex 27.5496 23.3104 0.6
      vertex 26.8146 23.0327 0.6
      vertex 27.4386 23.4844 0.6
    endloop
  endfacet
  facet normal 0 0 -1
    outer loop
      vertex 26.7559 23.1242 0.6
      vertex 27.4386 23.4844 0.6
      vertex 26.8146 23.0327 0.6
    endloop
  endfacet
  facet normal -0 0 -1
    outer loop
      vertex 27.4386 23.4844 0.6
      vertex 26.7559 23.1242 0.6
      vertex 27.312 23.635 0.6
    endloop
  endfacet
  facet normal 0 0 -1
    outer loop
      vertex 26.6903 23.2016 0.6
      vertex 27.312 23.635 0.6
      vertex 26.7559 23.1242 0.6
    endloop
  endfacet
  facet normal -0 0 -1
    outer loop
      vertex 27.312 23.635 0.6
      vertex 26.6903 23.2016 0.6
      vertex 27.1711 23.7624 0.6
    endloop
  endfacet
  facet normal 0 0 -1
    outer loop
      vertex 26.618 23.265 0.6
      vertex 27.1711 23.7624 0.6
      vertex 26.6903 23.2016 0.6
    endloop
  endfacet
  facet normal -0 0 -1
    outer loop
      vertex 27.1711 23.7624 0.6
      vertex 26.618 23.265 0.6
      vertex 27.0159 23.8666 0.6
    endloop
  endfacet
  facet normal -0 0 -1
    outer loop
      vertex 27.0159 23.8666 0.6
      vertex 26.618 23.265 0.6
      vertex 26.8463 23.9477 0.6
    endloop
  endfacet
  facet normal 0 0 -1
    outer loop
      vertex 26.5389 23.3142 0.6
      vertex 26.8463 23.9477 0.6
      vertex 26.618 23.265 0.6
    endloop
  endfacet
  facet normal -0 0 -1
    outer loop
      vertex 26.8463 23.9477 0.6
      vertex 26.5389 23.3142 0.6
      vertex 26.6624 24.0056 0.6
    endloop
  endfacet
  facet normal 0 0 -1
    outer loop
      vertex 26.453 23.3494 0.6
      vertex 26.6624 24.0056 0.6
      vertex 26.5389 23.3142 0.6
    endloop
  endfacet
  facet normal -0 0 -1
    outer loop
      vertex 26.6624 24.0056 0.6
      vertex 26.453 23.3494 0.6
      vertex 26.4642 24.0404 0.6
    endloop
  endfacet
  facet normal 0 0 -1
    outer loop
      vertex 26.3603 23.3705 0.6
      vertex 26.4642 24.0404 0.6
      vertex 26.453 23.3494 0.6
    endloop
  endfacet
  facet normal 0 0 -1
    outer loop
      vertex 26.2516 24.052 0.6
      vertex 26.3603 23.3705 0.6
      vertex 26.2608 23.3776 0.6
    endloop
  endfacet
  facet normal 0 0 -1
    outer loop
      vertex 26.3603 23.3705 0.6
      vertex 26.2516 24.052 0.6
      vertex 26.4642 24.0404 0.6
    endloop
  endfacet
  facet normal 0 0 -1
    outer loop
      vertex 26.0944 24.047 0.6
      vertex 26.2608 23.3776 0.6
      vertex 26.1442 23.3684 0.6
    endloop
  endfacet
  facet normal 0 0 -1
    outer loop
      vertex 26.2608 23.3776 0.6
      vertex 26.0944 24.047 0.6
      vertex 26.2516 24.052 0.6
    endloop
  endfacet
  facet normal 0 0 -1
    outer loop
      vertex 25.9473 24.0322 0.6
      vertex 26.1442 23.3684 0.6
      vertex 26.0403 23.341 0.6
    endloop
  endfacet
  facet normal 0 0 -1
    outer loop
      vertex 25.6831 23.9727 0.6
      vertex 26.0403 23.341 0.6
      vertex 25.9491 23.2952 0.6
    endloop
  endfacet
  facet normal 0 0 -1
    outer loop
      vertex 26.1442 23.3684 0.6
      vertex 25.9473 24.0322 0.6
      vertex 26.0944 24.047 0.6
    endloop
  endfacet
  facet normal 0 0 -1
    outer loop
      vertex 25.4591 23.8737 0.6
      vertex 25.9491 23.2952 0.6
      vertex 25.8707 23.2311 0.6
    endloop
  endfacet
  facet normal 0 0 -1
    outer loop
      vertex 26.0403 23.341 0.6
      vertex 25.8102 24.0074 0.6
      vertex 25.9473 24.0322 0.6
    endloop
  endfacet
  facet normal 0 0 -1
    outer loop
      vertex 25.2739 23.7343 0.6
      vertex 25.8707 23.2311 0.6
      vertex 25.8049 23.1487 0.6
    endloop
  endfacet
  facet normal 0 0 -1
    outer loop
      vertex 25.0554 23.4399 0.6
      vertex 25.8049 23.1487 0.6
      vertex 25.7519 23.048 0.6
    endloop
  endfacet
  facet normal 0 0 -1
    outer loop
      vertex 24.9979 23.3188 0.6
      vertex 25.7519 23.048 0.6
      vertex 25.7115 22.929 0.6
    endloop
  endfacet
  facet normal 0 0 -1
    outer loop
      vertex 26.0403 23.341 0.6
      vertex 25.6831 23.9727 0.6
      vertex 25.8102 24.0074 0.6
    endloop
  endfacet
  facet normal 0 0 -1
    outer loop
      vertex 25.9491 23.2952 0.6
      vertex 25.5661 23.9282 0.6
      vertex 25.6831 23.9727 0.6
    endloop
  endfacet
  facet normal 0 0 -1
    outer loop
      vertex 25.9491 23.2952 0.6
      vertex 25.4591 23.8737 0.6
      vertex 25.5661 23.9282 0.6
    endloop
  endfacet
  facet normal 0 0 -1
    outer loop
      vertex 25.8707 23.2311 0.6
      vertex 25.3621 23.8094 0.6
      vertex 25.4591 23.8737 0.6
    endloop
  endfacet
  facet normal 0 0 -1
    outer loop
      vertex 25.8707 23.2311 0.6
      vertex 25.2739 23.7343 0.6
      vertex 25.3621 23.8094 0.6
    endloop
  endfacet
  facet normal 0 0 -1
    outer loop
      vertex 25.8049 23.1487 0.6
      vertex 25.1934 23.6477 0.6
      vertex 25.2739 23.7343 0.6
    endloop
  endfacet
  facet normal 0 0 -1
    outer loop
      vertex 25.8049 23.1487 0.6
      vertex 25.1206 23.5496 0.6
      vertex 25.1934 23.6477 0.6
    endloop
  endfacet
  facet normal 0 0 -1
    outer loop
      vertex 25.8049 23.1487 0.6
      vertex 25.0554 23.4399 0.6
      vertex 25.1206 23.5496 0.6
    endloop
  endfacet
  facet normal 0 0 -1
    outer loop
      vertex 25.7519 23.048 0.6
      vertex 24.9979 23.3188 0.6
      vertex 25.0554 23.4399 0.6
    endloop
  endfacet
  facet normal 0 0 -1
    outer loop
      vertex 25.7115 22.929 0.6
      vertex 24.9481 23.1861 0.6
      vertex 24.9979 23.3188 0.6
    endloop
  endfacet
  facet normal 0 -0 -1
    outer loop
      vertex 24.9481 23.1861 0.6
      vertex 25.7115 22.929 0.6
      vertex 24.9059 23.0419 0.6
    endloop
  endfacet
  facet normal 0 0 -1
    outer loop
      vertex 27.8491 21.4765 0.6
      vertex 26.9356 21.3406 0.6
      vertex 26.9171 21.4175 0.6
    endloop
  endfacet
  facet normal 0 0 -1
    outer loop
      vertex 26.8911 21.4892 0.6
      vertex 27.8491 21.4765 0.6
      vertex 26.9171 21.4175 0.6
    endloop
  endfacet
  facet normal -0 0 -1
    outer loop
      vertex 27.8568 21.7724 0.6
      vertex 26.8911 21.4892 0.6
      vertex 27.0145 22.0105 0.6
    endloop
  endfacet
  facet normal 0 0 -1
    outer loop
      vertex 26.8578 21.5557 0.6
      vertex 27.0145 22.0105 0.6
      vertex 26.8911 21.4892 0.6
    endloop
  endfacet
  facet normal 0 0 -1
    outer loop
      vertex 26.817 21.6171 0.6
      vertex 27.0145 22.0105 0.6
      vertex 26.8578 21.5557 0.6
    endloop
  endfacet
  facet normal 0 0 -1
    outer loop
      vertex 26.7688 21.6733 0.6
      vertex 27.0145 22.0105 0.6
      vertex 26.817 21.6171 0.6
    endloop
  endfacet
  facet normal 0 0 -1
    outer loop
      vertex 26.7151 21.7231 0.6
      vertex 27.0145 22.0105 0.6
      vertex 26.7688 21.6733 0.6
    endloop
  endfacet
  facet normal 0 0 -1
    outer loop
      vertex 26.6575 21.7652 0.6
      vertex 27.0145 22.0105 0.6
      vertex 26.7151 21.7231 0.6
    endloop
  endfacet
  facet normal -0 0 -1
    outer loop
      vertex 27.0145 22.0105 0.6
      vertex 26.6575 21.7652 0.6
      vertex 26.9783 22.0739 0.6
    endloop
  endfacet
  facet normal -0 0 -1
    outer loop
      vertex 26.9783 22.0739 0.6
      vertex 26.6575 21.7652 0.6
      vertex 26.9362 22.1332 0.6
    endloop
  endfacet
  facet normal 0 0 -1
    outer loop
      vertex 26.5961 21.7997 0.6
      vertex 26.9362 22.1332 0.6
      vertex 26.6575 21.7652 0.6
    endloop
  endfacet
  facet normal -0 0 -1
    outer loop
      vertex 26.9362 22.1332 0.6
      vertex 26.5961 21.7997 0.6
      vertex 26.8879 22.1884 0.6
    endloop
  endfacet
  facet normal -0 0 -1
    outer loop
      vertex 26.8879 22.1884 0.6
      vertex 26.5961 21.7997 0.6
      vertex 26.8337 22.2397 0.6
    endloop
  endfacet
  facet normal 0 0 -1
    outer loop
      vertex 26.531 21.8265 0.6
      vertex 26.8337 22.2397 0.6
      vertex 26.5961 21.7997 0.6
    endloop
  endfacet
  facet normal -0 0 -1
    outer loop
      vertex 26.8337 22.2397 0.6
      vertex 26.531 21.8265 0.6
      vertex 26.7733 22.2868 0.6
    endloop
  endfacet
  facet normal -0 0 -1
    outer loop
      vertex 26.7733 22.2868 0.6
      vertex 26.531 21.8265 0.6
      vertex 26.707 22.33 0.6
    endloop
  endfacet
  facet normal 0 0 -1
    outer loop
      vertex 26.462 21.8456 0.6
      vertex 26.707 22.33 0.6
      vertex 26.531 21.8265 0.6
    endloop
  endfacet
  facet normal -0 0 -1
    outer loop
      vertex 26.707 22.33 0.6
      vertex 26.462 21.8456 0.6
      vertex 26.6346 22.369 0.6
    endloop
  endfacet
  facet normal -0 0 -1
    outer loop
      vertex 26.6346 22.369 0.6
      vertex 26.462 21.8456 0.6
      vertex 26.5583 22.4034 0.6
    endloop
  endfacet
  facet normal 0 0 -1
    outer loop
      vertex 26.3892 21.8571 0.6
      vertex 26.5583 22.4034 0.6
      vertex 26.462 21.8456 0.6
    endloop
  endfacet
  facet normal -0 0 -1
    outer loop
      vertex 26.5583 22.4034 0.6
      vertex 26.3892 21.8571 0.6
      vertex 26.4804 22.4326 0.6
    endloop
  endfacet
  facet normal 0 0 -1
    outer loop
      vertex 26.3127 21.861 0.6
      vertex 26.4804 22.4326 0.6
      vertex 26.3892 21.8571 0.6
    endloop
  endfacet
  facet normal -0 0 -1
    outer loop
      vertex 26.4804 22.4326 0.6
      vertex 26.3127 21.861 0.6
      vertex 26.4008 22.4564 0.6
    endloop
  endfacet
  facet normal -0 0 -1
    outer loop
      vertex 26.4008 22.4564 0.6
      vertex 26.3127 21.861 0.6
      vertex 26.3195 22.4749 0.6
    endloop
  endfacet
  facet normal 0 0 -1
    outer loop
      vertex 26.2324 21.8566 0.6
      vertex 26.3195 22.4749 0.6
      vertex 26.3127 21.861 0.6
    endloop
  endfacet
  facet normal -0 0 -1
    outer loop
      vertex 26.3195 22.4749 0.6
      vertex 26.2324 21.8566 0.6
      vertex 26.2365 22.4881 0.6
    endloop
  endfacet
  facet normal 0 0 -1
    outer loop
      vertex 26.1518 22.4961 0.6
      vertex 26.2324 21.8566 0.6
      vertex 26.1575 21.8434 0.6
    endloop
  endfacet
  facet normal 0 0 -1
    outer loop
      vertex 26.2324 21.8566 0.6
      vertex 26.1518 22.4961 0.6
      vertex 26.2365 22.4881 0.6
    endloop
  endfacet
  facet normal 0 0 -1
    outer loop
      vertex 26.0655 22.4987 0.6
      vertex 26.1575 21.8434 0.6
      vertex 26.0877 21.8214 0.6
    endloop
  endfacet
  facet normal 0 0 -1
    outer loop
      vertex 26.1575 21.8434 0.6
      vertex 26.0655 22.4987 0.6
      vertex 26.1518 22.4961 0.6
    endloop
  endfacet
  facet normal 0 0 -1
    outer loop
      vertex 25.9081 22.4908 0.6
      vertex 26.0877 21.8214 0.6
      vertex 26.0232 21.7907 0.6
    endloop
  endfacet
  facet normal 0 0 -1
    outer loop
      vertex 25.6218 22.4278 0.6
      vertex 26.0232 21.7907 0.6
      vertex 25.9639 21.7512 0.6
    endloop
  endfacet
  facet normal 0 0 -1
    outer loop
      vertex 25.6218 22.4278 0.6
      vertex 25.9639 21.7512 0.6
      vertex 25.9098 21.7029 0.6
    endloop
  endfacet
  facet normal 0 0 -1
    outer loop
      vertex 26.0877 21.8214 0.6
      vertex 25.9081 22.4908 0.6
      vertex 26.0655 22.4987 0.6
    endloop
  endfacet
  facet normal 0 0 -1
    outer loop
      vertex 25.6218 22.4278 0.6
      vertex 25.9098 21.7029 0.6
      vertex 25.861 21.6458 0.6
    endloop
  endfacet
  facet normal 0 0 -1
    outer loop
      vertex 25.6218 22.4278 0.6
      vertex 25.861 21.6458 0.6
      vertex 25.8181 21.5815 0.6
    endloop
  endfacet
  facet normal 0 0 -1
    outer loop
      vertex 25.6218 22.4278 0.6
      vertex 25.8181 21.5815 0.6
      vertex 25.7818 21.5113 0.6
    endloop
  endfacet
  facet normal 0 0 -1
    outer loop
      vertex 26.0232 21.7907 0.6
      vertex 25.7602 22.4672 0.6
      vertex 25.9081 22.4908 0.6
    endloop
  endfacet
  facet normal 0 0 -1
    outer loop
      vertex 25.6218 22.4278 0.6
      vertex 25.7818 21.5113 0.6
      vertex 25.7521 21.4354 0.6
    endloop
  endfacet
  facet normal 0 0 -1
    outer loop
      vertex 25.6218 22.4278 0.6
      vertex 25.7521 21.4354 0.6
      vertex 25.729 21.3536 0.6
    endloop
  endfacet
  facet normal 0 0 -1
    outer loop
      vertex 25.6218 22.4278 0.6
      vertex 25.729 21.3536 0.6
      vertex 25.7125 21.2661 0.6
    endloop
  endfacet
  facet normal 0 0 -1
    outer loop
      vertex 25.6218 22.4278 0.6
      vertex 25.7125 21.2661 0.6
      vertex 25.7026 21.1728 0.6
    endloop
  endfacet
  facet normal 0 0 -1
    outer loop
      vertex 26.0232 21.7907 0.6
      vertex 25.6218 22.4278 0.6
      vertex 25.7602 22.4672 0.6
    endloop
  endfacet
  facet normal 0 0 -1
    outer loop
      vertex 25.6218 22.4278 0.6
      vertex 25.7026 21.1728 0.6
      vertex 25.6993 21.0736 0.6
    endloop
  endfacet
  facet normal 0 0 -1
    outer loop
      vertex 23.5761 21.675 0.6
      vertex 24.4379 21.8396 0.6
      vertex 24.4306 21.5344 0.6
    endloop
  endfacet
  facet normal 0 0 -1
    outer loop
      vertex 23.5667 21.3783 0.6
      vertex 24.4306 21.5344 0.6
      vertex 24.409 21.2519 0.6
    endloop
  endfacet
  facet normal -0 0 -1
    outer loop
      vertex 24.4379 21.8396 0.6
      vertex 23.5761 21.675 0.6
      vertex 23.5773 21.8396 0.6
    endloop
  endfacet
  facet normal 0 0 -1
    outer loop
      vertex 23.5584 21.2462 0.6
      vertex 24.409 21.2519 0.6
      vertex 24.3728 20.9921 0.6
    endloop
  endfacet
  facet normal 0 0 -1
    outer loop
      vertex 23.5761 21.9978 0.6
      vertex 24.4379 21.8396 0.6
      vertex 23.5773 21.8396 0.6
    endloop
  endfacet
  facet normal 0 0 -1
    outer loop
      vertex 23.5347 21.0146 0.6
      vertex 24.3728 20.9921 0.6
      vertex 24.3223 20.755 0.6
    endloop
  endfacet
  facet normal 0 0 -1
    outer loop
      vertex 24.4379 21.8396 0.6
      vertex 23.5761 21.9978 0.6
      vertex 24.4302 22.1401 0.6
    endloop
  endfacet
  facet normal 0 0 -1
    outer loop
      vertex 23.5013 20.8246 0.6
      vertex 24.3223 20.755 0.6
      vertex 24.2573 20.5405 0.6
    endloop
  endfacet
  facet normal 0 0 -1
    outer loop
      vertex 23.5725 22.1462 0.6
      vertex 24.4302 22.1401 0.6
      vertex 23.5761 21.9978 0.6
    endloop
  endfacet
  facet normal 0 0 -1
    outer loop
      vertex 23.4805 20.7418 0.6
      vertex 24.2573 20.5405 0.6
      vertex 24.1778 20.3487 0.6
    endloop
  endfacet
  facet normal 0 0 -1
    outer loop
      vertex 23.5664 22.285 0.6
      vertex 24.4302 22.1401 0.6
      vertex 23.5725 22.1462 0.6
    endloop
  endfacet
  facet normal 0 0 -1
    outer loop
      vertex 23.4301 20.5991 0.6
      vertex 24.1778 20.3487 0.6
      vertex 24.0839 20.1795 0.6
    endloop
  endfacet
  facet normal 0 0 -1
    outer loop
      vertex 24.4302 22.1401 0.6
      vertex 23.5664 22.285 0.6
      vertex 24.4073 22.419 0.6
    endloop
  endfacet
  facet normal 0 0 -1
    outer loop
      vertex 23.4007 20.5391 0.6
      vertex 24.0839 20.1795 0.6
      vertex 23.9744 20.033 0.6
    endloop
  endfacet
  facet normal 0 0 -1
    outer loop
      vertex 23.5579 22.414 0.6
      vertex 24.4073 22.419 0.6
      vertex 23.5664 22.285 0.6
    endloop
  endfacet
  facet normal 0 0 -1
    outer loop
      vertex 23.3684 20.4868 0.6
      vertex 23.9744 20.033 0.6
      vertex 23.8482 19.909 0.6
    endloop
  endfacet
  facet normal -0 0 -1
    outer loop
      vertex 24.4073 22.419 0.6
      vertex 23.5579 22.414 0.6
      vertex 24.3692 22.6764 0.6
    endloop
  endfacet
  facet normal 0 0 -1
    outer loop
      vertex 23.2942 20.4039 0.6
      vertex 23.8482 19.909 0.6
      vertex 23.7054 19.8076 0.6
    endloop
  endfacet
  facet normal 0 0 -1
    outer loop
      vertex 23.5469 22.5333 0.6
      vertex 24.3692 22.6764 0.6
      vertex 23.5579 22.414 0.6
    endloop
  endfacet
  facet normal -0 0 -1
    outer loop
      vertex 24.3692 22.6764 0.6
      vertex 23.5336 22.643 0.6
      vertex 24.3158 22.9122 0.6
    endloop
  endfacet
  facet normal 0 0 -1
    outer loop
      vertex 23.5336 22.643 0.6
      vertex 24.3692 22.6764 0.6
      vertex 23.5469 22.5333 0.6
    endloop
  endfacet
  facet normal -0 0 -1
    outer loop
      vertex 24.4306 21.5344 0.6
      vertex 23.5726 21.5212 0.6
      vertex 23.5761 21.675 0.6
    endloop
  endfacet
  facet normal 0 0 -1
    outer loop
      vertex 24.4306 21.5344 0.6
      vertex 23.5667 21.3783 0.6
      vertex 23.5726 21.5212 0.6
    endloop
  endfacet
  facet normal -0 0 -1
    outer loop
      vertex 24.409 21.2519 0.6
      vertex 23.5584 21.2462 0.6
      vertex 23.5667 21.3783 0.6
    endloop
  endfacet
  facet normal 0 0 -1
    outer loop
      vertex 24.3728 20.9921 0.6
      vertex 23.5477 21.125 0.6
      vertex 23.5584 21.2462 0.6
    endloop
  endfacet
  facet normal 0 0 -1
    outer loop
      vertex 23.2505 20.3717 0.6
      vertex 23.7054 19.8076 0.6
      vertex 23.5458 19.7287 0.6
    endloop
  endfacet
  facet normal 0 0 -1
    outer loop
      vertex 24.3728 20.9921 0.6
      vertex 23.5347 21.0146 0.6
      vertex 23.5477 21.125 0.6
    endloop
  endfacet
  facet normal 0 0 -1
    outer loop
      vertex 24.3223 20.755 0.6
      vertex 23.5193 20.915 0.6
      vertex 23.5347 21.0146 0.6
    endloop
  endfacet
  facet normal 0 0 -1
    outer loop
      vertex 24.3223 20.755 0.6
      vertex 23.5013 20.8246 0.6
      vertex 23.5193 20.915 0.6
    endloop
  endfacet
  facet normal 0 0 -1
    outer loop
      vertex 24.2573 20.5405 0.6
      vertex 23.4805 20.7418 0.6
      vertex 23.5013 20.8246 0.6
    endloop
  endfacet
  facet normal 0 0 -1
    outer loop
      vertex 24.1778 20.3487 0.6
      vertex 23.4567 20.6667 0.6
      vertex 23.4805 20.7418 0.6
    endloop
  endfacet
  facet normal 0 0 -1
    outer loop
      vertex 24.1778 20.3487 0.6
      vertex 23.4301 20.5991 0.6
      vertex 23.4567 20.6667 0.6
    endloop
  endfacet
  facet normal 0 0 -1
    outer loop
      vertex 24.0839 20.1795 0.6
      vertex 23.4007 20.5391 0.6
      vertex 23.4301 20.5991 0.6
    endloop
  endfacet
  facet normal 0 0 -1
    outer loop
      vertex 23.202 20.3454 0.6
      vertex 23.5458 19.7287 0.6
      vertex 23.3696 19.6723 0.6
    endloop
  endfacet
  facet normal 0 0 -1
    outer loop
      vertex 23.9744 20.033 0.6
      vertex 23.3684 20.4868 0.6
      vertex 23.4007 20.5391 0.6
    endloop
  endfacet
  facet normal 0 0 -1
    outer loop
      vertex 23.8482 19.909 0.6
      vertex 23.3332 20.442 0.6
      vertex 23.3684 20.4868 0.6
    endloop
  endfacet
  facet normal 0 0 -1
    outer loop
      vertex 23.8482 19.909 0.6
      vertex 23.2942 20.4039 0.6
      vertex 23.3332 20.442 0.6
    endloop
  endfacet
  facet normal 0 0 -1
    outer loop
      vertex 23.7054 19.8076 0.6
      vertex 23.2505 20.3717 0.6
      vertex 23.2942 20.4039 0.6
    endloop
  endfacet
  facet normal 0 0 -1
    outer loop
      vertex 23.5458 19.7287 0.6
      vertex 23.202 20.3454 0.6
      vertex 23.2505 20.3717 0.6
    endloop
  endfacet
  facet normal 0 0 -1
    outer loop
      vertex 23.1489 20.3249 0.6
      vertex 23.3696 19.6723 0.6
      vertex 23.1766 19.6385 0.6
    endloop
  endfacet
  facet normal 0 0 -1
    outer loop
      vertex 23.3696 19.6723 0.6
      vertex 23.1489 20.3249 0.6
      vertex 23.202 20.3454 0.6
    endloop
  endfacet
  facet normal 0 0 -1
    outer loop
      vertex 23.1766 19.6385 0.6
      vertex 23.0909 20.3103 0.6
      vertex 23.1489 20.3249 0.6
    endloop
  endfacet
  facet normal 0 0 -1
    outer loop
      vertex 23.1766 19.6385 0.6
      vertex 23.0283 20.3015 0.6
      vertex 23.0909 20.3103 0.6
    endloop
  endfacet
  facet normal 0 0 -1
    outer loop
      vertex 22.967 19.6272 0.6
      vertex 23.0283 20.3015 0.6
      vertex 23.1766 19.6385 0.6
    endloop
  endfacet
  facet normal 0 0 -1
    outer loop
      vertex 22.967 19.6272 0.6
      vertex 22.9609 20.2986 0.6
      vertex 23.0283 20.3015 0.6
    endloop
  endfacet
  facet normal 0 0 -1
    outer loop
      vertex 22.967 19.6272 0.6
      vertex 22.8894 20.3015 0.6
      vertex 22.9609 20.2986 0.6
    endloop
  endfacet
  facet normal 0 0 -1
    outer loop
      vertex 22.8195 19.6319 0.6
      vertex 22.8894 20.3015 0.6
      vertex 22.967 19.6272 0.6
    endloop
  endfacet
  facet normal -0 0 -1
    outer loop
      vertex 22.8894 20.3015 0.6
      vertex 22.8195 19.6319 0.6
      vertex 22.823 20.3104 0.6
    endloop
  endfacet
  facet normal 0 0 -1
    outer loop
      vertex 22.6805 19.6461 0.6
      vertex 22.823 20.3104 0.6
      vertex 22.8195 19.6319 0.6
    endloop
  endfacet
  facet normal -0 0 -1
    outer loop
      vertex 22.823 20.3104 0.6
      vertex 22.6805 19.6461 0.6
      vertex 22.7618 20.3252 0.6
    endloop
  endfacet
  facet normal 0 0 -1
    outer loop
      vertex 22.55 19.6698 0.6
      vertex 22.7618 20.3252 0.6
      vertex 22.6805 19.6461 0.6
    endloop
  endfacet
  facet normal -0 0 -1
    outer loop
      vertex 22.7618 20.3252 0.6
      vertex 22.55 19.6698 0.6
      vertex 22.7058 20.3459 0.6
    endloop
  endfacet
  facet normal 0 0 -1
    outer loop
      vertex 22.4279 19.7029 0.6
      vertex 22.7058 20.3459 0.6
      vertex 22.55 19.6698 0.6
    endloop
  endfacet
  facet normal -0 0 -1
    outer loop
      vertex 22.7058 20.3459 0.6
      vertex 22.4279 19.7029 0.6
      vertex 22.655 20.3725 0.6
    endloop
  endfacet
  facet normal 0 0 -1
    outer loop
      vertex 22.3143 19.7455 0.6
      vertex 22.655 20.3725 0.6
      vertex 22.4279 19.7029 0.6
    endloop
  endfacet
  facet normal -0 0 -1
    outer loop
      vertex 22.655 20.3725 0.6
      vertex 22.3143 19.7455 0.6
      vertex 22.6093 20.405 0.6
    endloop
  endfacet
  facet normal 0 0 -1
    outer loop
      vertex 22.2092 19.7976 0.6
      vertex 22.6093 20.405 0.6
      vertex 22.3143 19.7455 0.6
    endloop
  endfacet
  facet normal 0 0 -1
    outer loop
      vertex 22.1126 19.8591 0.6
      vertex 22.6093 20.405 0.6
      vertex 22.2092 19.7976 0.6
    endloop
  endfacet
  facet normal -0 0 -1
    outer loop
      vertex 22.6093 20.405 0.6
      vertex 22.1126 19.8591 0.6
      vertex 22.5688 20.4435 0.6
    endloop
  endfacet
  facet normal 0 0 -1
    outer loop
      vertex 22.0234 19.9306 0.6
      vertex 22.5688 20.4435 0.6
      vertex 22.1126 19.8591 0.6
    endloop
  endfacet
  facet normal -0 0 -1
    outer loop
      vertex 22.5688 20.4435 0.6
      vertex 22.0234 19.9306 0.6
      vertex 22.5324 20.4886 0.6
    endloop
  endfacet
  facet normal 0 0 -1
    outer loop
      vertex 21.9409 20.0126 0.6
      vertex 22.5324 20.4886 0.6
      vertex 22.0234 19.9306 0.6
    endloop
  endfacet
  facet normal 0 0 -1
    outer loop
      vertex 21.865 20.105 0.6
      vertex 22.5324 20.4886 0.6
      vertex 21.9409 20.0126 0.6
    endloop
  endfacet
  facet normal -0 0 -1
    outer loop
      vertex 22.5324 20.4886 0.6
      vertex 21.865 20.105 0.6
      vertex 22.4991 20.5413 0.6
    endloop
  endfacet
  facet normal 0 0 -1
    outer loop
      vertex 21.7957 20.2079 0.6
      vertex 22.4991 20.5413 0.6
      vertex 21.865 20.105 0.6
    endloop
  endfacet
  facet normal -0 0 -1
    outer loop
      vertex 22.4991 20.5413 0.6
      vertex 21.7957 20.2079 0.6
      vertex 22.469 20.6014 0.6
    endloop
  endfacet
  facet normal 0 0 -1
    outer loop
      vertex 21.733 20.3212 0.6
      vertex 22.469 20.6014 0.6
      vertex 21.7957 20.2079 0.6
    endloop
  endfacet
  facet normal 0 0 -1
    outer loop
      vertex 21.6274 20.5793 0.6
      vertex 22.418 20.744 0.6
      vertex 21.6769 20.4451 0.6
    endloop
  endfacet
  facet normal -0 0 -1
    outer loop
      vertex 22.442 20.6689 0.6
      vertex 21.6769 20.4451 0.6
      vertex 22.418 20.744 0.6
    endloop
  endfacet
  facet normal 0 0 -1
    outer loop
      vertex 21.6769 20.4451 0.6
      vertex 22.442 20.6689 0.6
      vertex 21.733 20.3212 0.6
    endloop
  endfacet
  facet normal -0 0 -1
    outer loop
      vertex 22.469 20.6014 0.6
      vertex 21.733 20.3212 0.6
      vertex 22.442 20.6689 0.6
    endloop
  endfacet
  facet normal 0 0 -1
    outer loop
      vertex 23.5178 22.7429 0.6
      vertex 24.3158 22.9122 0.6
      vertex 23.5336 22.643 0.6
    endloop
  endfacet
  facet normal 0 0 -1
    outer loop
      vertex 23.4993 22.8342 0.6
      vertex 24.3158 22.9122 0.6
      vertex 23.5178 22.7429 0.6
    endloop
  endfacet
  facet normal -0 0 -1
    outer loop
      vertex 24.3158 22.9122 0.6
      vertex 23.4993 22.8342 0.6
      vertex 24.2471 23.1265 0.6
    endloop
  endfacet
  facet normal 0 0 -1
    outer loop
      vertex 23.4778 22.9181 0.6
      vertex 24.2471 23.1265 0.6
      vertex 23.4993 22.8342 0.6
    endloop
  endfacet
  facet normal -0 0 -1
    outer loop
      vertex 24.2471 23.1265 0.6
      vertex 23.4778 22.9181 0.6
      vertex 24.1632 23.3193 0.6
    endloop
  endfacet
  facet normal 0 0 -1
    outer loop
      vertex 23.4533 22.9946 0.6
      vertex 24.1632 23.3193 0.6
      vertex 23.4778 22.9181 0.6
    endloop
  endfacet
  facet normal 0 0 -1
    outer loop
      vertex 23.4259 23.0637 0.6
      vertex 24.1632 23.3193 0.6
      vertex 23.4533 22.9946 0.6
    endloop
  endfacet
  facet normal -0 0 -1
    outer loop
      vertex 24.1632 23.3193 0.6
      vertex 23.4259 23.0637 0.6
      vertex 24.064 23.4905 0.6
    endloop
  endfacet
  facet normal 0 0 -1
    outer loop
      vertex 23.3954 23.1254 0.6
      vertex 24.064 23.4905 0.6
      vertex 23.4259 23.0637 0.6
    endloop
  endfacet
  facet normal -0 0 -1
    outer loop
      vertex 24.064 23.4905 0.6
      vertex 23.3954 23.1254 0.6
      vertex 23.9496 23.6395 0.6
    endloop
  endfacet
  facet normal 0 0 -1
    outer loop
      vertex 23.362 23.1796 0.6
      vertex 23.9496 23.6395 0.6
      vertex 23.3954 23.1254 0.6
    endloop
  endfacet
  facet normal 0 0 -1
    outer loop
      vertex 23.3255 23.2265 0.6
      vertex 23.9496 23.6395 0.6
      vertex 23.362 23.1796 0.6
    endloop
  endfacet
  facet normal -0 0 -1
    outer loop
      vertex 23.9496 23.6395 0.6
      vertex 23.3255 23.2265 0.6
      vertex 23.8199 23.7655 0.6
    endloop
  endfacet
  facet normal 0 0 -1
    outer loop
      vertex 23.2853 23.2666 0.6
      vertex 23.8199 23.7655 0.6
      vertex 23.3255 23.2265 0.6
    endloop
  endfacet
  facet normal -0 0 -1
    outer loop
      vertex 23.8199 23.7655 0.6
      vertex 23.2853 23.2666 0.6
      vertex 23.675 23.8686 0.6
    endloop
  endfacet
  facet normal 0 0 -1
    outer loop
      vertex 23.2406 23.3005 0.6
      vertex 23.675 23.8686 0.6
      vertex 23.2853 23.2666 0.6
    endloop
  endfacet
  facet normal -0 0 -1
    outer loop
      vertex 23.675 23.8686 0.6
      vertex 23.2406 23.3005 0.6
      vertex 23.5148 23.9488 0.6
    endloop
  endfacet
  facet normal 0 0 -1
    outer loop
      vertex 23.1913 23.3282 0.6
      vertex 23.5148 23.9488 0.6
      vertex 23.2406 23.3005 0.6
    endloop
  endfacet
  facet normal -0 0 -1
    outer loop
      vertex 23.5148 23.9488 0.6
      vertex 23.1913 23.3282 0.6
      vertex 23.3393 24.0061 0.6
    endloop
  endfacet
  facet normal 0 0 -1
    outer loop
      vertex 23.1375 23.3498 0.6
      vertex 23.3393 24.0061 0.6
      vertex 23.1913 23.3282 0.6
    endloop
  endfacet
  facet normal 0 0 -1
    outer loop
      vertex 23.0791 23.3653 0.6
      vertex 23.3393 24.0061 0.6
      vertex 23.1375 23.3498 0.6
    endloop
  endfacet
  facet normal -0 0 -1
    outer loop
      vertex 23.3393 24.0061 0.6
      vertex 23.0791 23.3653 0.6
      vertex 23.1486 24.0405 0.6
    endloop
  endfacet
  facet normal 0 0 -1
    outer loop
      vertex 23.0162 23.3745 0.6
      vertex 23.1486 24.0405 0.6
      vertex 23.0791 23.3653 0.6
    endloop
  endfacet
  facet normal 0 0 -1
    outer loop
      vertex 22.9426 24.052 0.6
      vertex 23.0162 23.3745 0.6
      vertex 22.9487 23.3776 0.6
    endloop
  endfacet
  facet normal 0 0 -1
    outer loop
      vertex 23.0162 23.3745 0.6
      vertex 22.9426 24.052 0.6
      vertex 23.1486 24.0405 0.6
    endloop
  endfacet
  facet normal 0 0 -1
    outer loop
      vertex 22.8805 23.3747 0.6
      vertex 22.9426 24.052 0.6
      vertex 22.9487 23.3776 0.6
    endloop
  endfacet
  facet normal 0 0 -1
    outer loop
      vertex 22.8171 23.3659 0.6
      vertex 22.9426 24.052 0.6
      vertex 22.8805 23.3747 0.6
    endloop
  endfacet
  facet normal 0 0 -1
    outer loop
      vertex 22.5507 24.0068 0.6
      vertex 22.8171 23.3659 0.6
      vertex 22.7584 23.3512 0.6
    endloop
  endfacet
  facet normal 0 0 -1
    outer loop
      vertex 22.5507 24.0068 0.6
      vertex 22.7584 23.3512 0.6
      vertex 22.7046 23.3308 0.6
    endloop
  endfacet
  facet normal 0 0 -1
    outer loop
      vertex 22.5507 24.0068 0.6
      vertex 22.7046 23.3308 0.6
      vertex 22.6555 23.3044 0.6
    endloop
  endfacet
  facet normal 0 0 -1
    outer loop
      vertex 22.2192 23.8714 0.6
      vertex 22.6555 23.3044 0.6
      vertex 22.6113 23.2722 0.6
    endloop
  endfacet
  facet normal 0 0 -1
    outer loop
      vertex 22.2192 23.8714 0.6
      vertex 22.6113 23.2722 0.6
      vertex 22.5718 23.2342 0.6
    endloop
  endfacet
  facet normal 0 0 -1
    outer loop
      vertex 22.8171 23.3659 0.6
      vertex 22.5507 24.0068 0.6
      vertex 22.9426 24.052 0.6
    endloop
  endfacet
  facet normal 0 0 -1
    outer loop
      vertex 21.9479 23.6456 0.6
      vertex 22.5718 23.2342 0.6
      vertex 22.5362 23.1893 0.6
    endloop
  endfacet
  facet normal 0 0 -1
    outer loop
      vertex 21.9479 23.6456 0.6
      vertex 22.5362 23.1893 0.6
      vertex 22.5035 23.1369 0.6
    endloop
  endfacet
  facet normal 0 0 -1
    outer loop
      vertex 21.7369 23.3295 0.6
      vertex 22.5035 23.1369 0.6
      vertex 22.4736 23.0767 0.6
    endloop
  endfacet
  facet normal 0 0 -1
    outer loop
      vertex 21.7369 23.3295 0.6
      vertex 22.4736 23.0767 0.6
      vertex 22.4465 23.009 0.6
    endloop
  endfacet
  facet normal 0 0 -1
    outer loop
      vertex 21.7369 23.3295 0.6
      vertex 22.4465 23.009 0.6
      vertex 22.4224 22.9335 0.6
    endloop
  endfacet
  facet normal 0 0 -1
    outer loop
      vertex 21.7369 23.3295 0.6
      vertex 22.4224 22.9335 0.6
      vertex 22.4011 22.8504 0.6
    endloop
  endfacet
  facet normal 0 0 -1
    outer loop
      vertex 21.5862 22.9232 0.6
      vertex 22.4011 22.8504 0.6
      vertex 22.3826 22.7596 0.6
    endloop
  endfacet
  facet normal 0 0 -1
    outer loop
      vertex 21.5862 22.9232 0.6
      vertex 22.3826 22.7596 0.6
      vertex 22.3668 22.6598 0.6
    endloop
  endfacet
  facet normal 0 0 -1
    outer loop
      vertex 22.6555 23.3044 0.6
      vertex 22.2192 23.8714 0.6
      vertex 22.5507 24.0068 0.6
    endloop
  endfacet
  facet normal 0 0 -1
    outer loop
      vertex 21.5862 22.9232 0.6
      vertex 22.3668 22.6598 0.6
      vertex 22.3535 22.5494 0.6
    endloop
  endfacet
  facet normal 0 0 -1
    outer loop
      vertex 21.4958 22.4265 0.6
      vertex 22.3535 22.5494 0.6
      vertex 22.3425 22.4285 0.6
    endloop
  endfacet
  facet normal 0 0 -1
    outer loop
      vertex 21.4958 22.4265 0.6
      vertex 22.3425 22.4285 0.6
      vertex 22.334 22.297 0.6
    endloop
  endfacet
  facet normal 0 0 -1
    outer loop
      vertex 21.4958 22.4265 0.6
      vertex 22.334 22.297 0.6
      vertex 22.328 22.1551 0.6
    endloop
  endfacet
  facet normal 0 0 -1
    outer loop
      vertex 21.4656 21.8396 0.6
      vertex 22.328 22.1551 0.6
      vertex 22.3243 22.0026 0.6
    endloop
  endfacet
  facet normal 0 0 -1
    outer loop
      vertex 21.4656 21.8396 0.6
      vertex 22.3243 22.0026 0.6
      vertex 22.3231 21.8396 0.6
    endloop
  endfacet
  facet normal -0 0 -1
    outer loop
      vertex 22.3646 21.0157 0.6
      vertex 21.5482 20.8815 0.6
      vertex 22.3519 21.1257 0.6
    endloop
  endfacet
  facet normal -0 0 -1
    outer loop
      vertex 22.418 20.744 0.6
      vertex 21.6274 20.5793 0.6
      vertex 22.3972 20.8265 0.6
    endloop
  endfacet
  facet normal 0 0 -1
    outer loop
      vertex 21.5845 20.7246 0.6
      vertex 22.3972 20.8265 0.6
      vertex 21.6274 20.5793 0.6
    endloop
  endfacet
  facet normal -0 0 -1
    outer loop
      vertex 22.3972 20.8265 0.6
      vertex 21.5845 20.7246 0.6
      vertex 22.3796 20.9165 0.6
    endloop
  endfacet
  facet normal -0 0 -1
    outer loop
      vertex 22.328 22.1551 0.6
      vertex 21.4656 21.8396 0.6
      vertex 21.4958 22.4265 0.6
    endloop
  endfacet
  facet normal 0 0 -1
    outer loop
      vertex 21.5482 20.8815 0.6
      vertex 22.3796 20.9165 0.6
      vertex 21.5845 20.7246 0.6
    endloop
  endfacet
  facet normal -0 0 -1
    outer loop
      vertex 22.3796 20.9165 0.6
      vertex 21.5482 20.8815 0.6
      vertex 22.3646 21.0157 0.6
    endloop
  endfacet
  facet normal 0 0 -1
    outer loop
      vertex 21.5185 21.0499 0.6
      vertex 22.3519 21.1257 0.6
      vertex 21.5482 20.8815 0.6
    endloop
  endfacet
  facet normal -0 0 -1
    outer loop
      vertex 22.3535 22.5494 0.6
      vertex 21.4958 22.4265 0.6
      vertex 21.5862 22.9232 0.6
    endloop
  endfacet
  facet normal -0 0 -1
    outer loop
      vertex 22.3519 21.1257 0.6
      vertex 21.5185 21.0499 0.6
      vertex 22.3415 21.2467 0.6
    endloop
  endfacet
  facet normal 0 0 -1
    outer loop
      vertex 21.4953 21.23 0.6
      vertex 22.3415 21.2467 0.6
      vertex 21.5185 21.0499 0.6
    endloop
  endfacet
  facet normal -0 0 -1
    outer loop
      vertex 22.3415 21.2467 0.6
      vertex 21.4953 21.23 0.6
      vertex 22.3335 21.3786 0.6
    endloop
  endfacet
  facet normal 0 0 -1
    outer loop
      vertex 22.3243 21.675 0.6
      vertex 21.4656 21.8396 0.6
      vertex 22.3231 21.8396 0.6
    endloop
  endfacet
  facet normal 0 0 -1
    outer loop
      vertex 21.4788 21.4216 0.6
      vertex 22.3335 21.3786 0.6
      vertex 21.4953 21.23 0.6
    endloop
  endfacet
  facet normal 0 0 -1
    outer loop
      vertex 22.3335 21.3786 0.6
      vertex 21.4788 21.4216 0.6
      vertex 22.3277 21.5214 0.6
    endloop
  endfacet
  facet normal 0 0 -1
    outer loop
      vertex 21.4689 21.6248 0.6
      vertex 22.3277 21.5214 0.6
      vertex 21.4788 21.4216 0.6
    endloop
  endfacet
  facet normal 0 0 -1
    outer loop
      vertex 22.3277 21.5214 0.6
      vertex 21.4689 21.6248 0.6
      vertex 22.3243 21.675 0.6
    endloop
  endfacet
  facet normal 0 0 -1
    outer loop
      vertex 21.4656 21.8396 0.6
      vertex 22.3243 21.675 0.6
      vertex 21.4689 21.6248 0.6
    endloop
  endfacet
  facet normal 0 0 -1
    outer loop
      vertex 22.4011 22.8504 0.6
      vertex 21.5862 22.9232 0.6
      vertex 21.7369 23.3295 0.6
    endloop
  endfacet
  facet normal 0 0 -1
    outer loop
      vertex 22.5035 23.1369 0.6
      vertex 21.7369 23.3295 0.6
      vertex 21.9479 23.6456 0.6
    endloop
  endfacet
  facet normal 0 0 -1
    outer loop
      vertex 22.5718 23.2342 0.6
      vertex 21.9479 23.6456 0.6
      vertex 22.2192 23.8714 0.6
    endloop
  endfacet
  facet normal 0 0 -1
    outer loop
      vertex 9.76075 20.9504 0.6
      vertex 10.5262 20.661 0.6
      vertex 10.4539 20.5102 0.6
    endloop
  endfacet
  facet normal 0 0 -1
    outer loop
      vertex 9.72011 20.8661 0.6
      vertex 10.4539 20.5102 0.6
      vertex 10.37 20.371 0.6
    endloop
  endfacet
  facet normal 0 0 -1
    outer loop
      vertex 9.67157 20.7872 0.6
      vertex 10.37 20.371 0.6
      vertex 10.2745 20.2435 0.6
    endloop
  endfacet
  facet normal 0 0 -1
    outer loop
      vertex 9.61513 20.7137 0.6
      vertex 10.2745 20.2435 0.6
      vertex 10.1674 20.1277 0.6
    endloop
  endfacet
  facet normal 0 0 -1
    outer loop
      vertex 9.55077 20.6457 0.6
      vertex 10.1674 20.1277 0.6
      vertex 10.0488 20.0234 0.6
    endloop
  endfacet
  facet normal 0 0 -1
    outer loop
      vertex 9.47849 20.5831 0.6
      vertex 10.0488 20.0234 0.6
      vertex 9.91855 19.9309 0.6
    endloop
  endfacet
  facet normal 0 0 -1
    outer loop
      vertex 10.37 20.371 0.6
      vertex 9.67157 20.7872 0.6
      vertex 9.72011 20.8661 0.6
    endloop
  endfacet
  facet normal 0 0 -1
    outer loop
      vertex 9.39832 20.5259 0.6
      vertex 9.91855 19.9309 0.6
      vertex 9.77683 19.8503 0.6
    endloop
  endfacet
  facet normal 0 0 -1
    outer loop
      vertex 10.5262 20.661 0.6
      vertex 9.79346 21.0401 0.6
      vertex 10.5869 20.8234 0.6
    endloop
  endfacet
  facet normal 0 -0 -1
    outer loop
      vertex 9.79346 21.0401 0.6
      vertex 10.5262 20.661 0.6
      vertex 9.76075 20.9504 0.6
    endloop
  endfacet
  facet normal 0 0 -1
    outer loop
      vertex 10.4539 20.5102 0.6
      vertex 9.72011 20.8661 0.6
      vertex 9.76075 20.9504 0.6
    endloop
  endfacet
  facet normal 0 0 -1
    outer loop
      vertex 9.31203 20.4753 0.6
      vertex 9.77683 19.8503 0.6
      vertex 9.62363 19.7821 0.6
    endloop
  endfacet
  facet normal 0 0 -1
    outer loop
      vertex 10.2745 20.2435 0.6
      vertex 9.61513 20.7137 0.6
      vertex 9.67157 20.7872 0.6
    endloop
  endfacet
  facet normal 0 0 -1
    outer loop
      vertex 10.1674 20.1277 0.6
      vertex 9.55077 20.6457 0.6
      vertex 9.61513 20.7137 0.6
    endloop
  endfacet
  facet normal 0 0 -1
    outer loop
      vertex 10.0488 20.0234 0.6
      vertex 9.47849 20.5831 0.6
      vertex 9.55077 20.6457 0.6
    endloop
  endfacet
  facet normal 0 0 -1
    outer loop
      vertex 9.22144 20.4325 0.6
      vertex 9.62363 19.7821 0.6
      vertex 9.45897 19.7264 0.6
    endloop
  endfacet
  facet normal 0 0 -1
    outer loop
      vertex 9.91855 19.9309 0.6
      vertex 9.39832 20.5259 0.6
      vertex 9.47849 20.5831 0.6
    endloop
  endfacet
  facet normal 0 0 -1
    outer loop
      vertex 9.77683 19.8503 0.6
      vertex 9.31203 20.4753 0.6
      vertex 9.39832 20.5259 0.6
    endloop
  endfacet
  facet normal 0 0 -1
    outer loop
      vertex 9.12656 20.3975 0.6
      vertex 9.45897 19.7264 0.6
      vertex 9.28286 19.683 0.6
    endloop
  endfacet
  facet normal 0 0 -1
    outer loop
      vertex 9.62363 19.7821 0.6
      vertex 9.22144 20.4325 0.6
      vertex 9.31203 20.4753 0.6
    endloop
  endfacet
  facet normal 0 0 -1
    outer loop
      vertex 9.45897 19.7264 0.6
      vertex 9.12656 20.3975 0.6
      vertex 9.22144 20.4325 0.6
    endloop
  endfacet
  facet normal 0 0 -1
    outer loop
      vertex 9.02738 20.3702 0.6
      vertex 9.28286 19.683 0.6
      vertex 9.09528 19.652 0.6
    endloop
  endfacet
  facet normal 0 0 -1
    outer loop
      vertex 9.28286 19.683 0.6
      vertex 9.02738 20.3702 0.6
      vertex 9.12656 20.3975 0.6
    endloop
  endfacet
  facet normal 0 0 -1
    outer loop
      vertex 9.09528 19.652 0.6
      vertex 8.92391 20.3508 0.6
      vertex 9.02738 20.3702 0.6
    endloop
  endfacet
  facet normal 0 0 -1
    outer loop
      vertex 8.89624 19.6334 0.6
      vertex 8.92391 20.3508 0.6
      vertex 9.09528 19.652 0.6
    endloop
  endfacet
  facet normal 0 0 -1
    outer loop
      vertex 8.89624 19.6334 0.6
      vertex 8.81613 20.3391 0.6
      vertex 8.92391 20.3508 0.6
    endloop
  endfacet
  facet normal 0 0 -1
    outer loop
      vertex 8.68573 19.6272 0.6
      vertex 8.81613 20.3391 0.6
      vertex 8.89624 19.6334 0.6
    endloop
  endfacet
  facet normal 0 0 -1
    outer loop
      vertex 8.81613 20.3391 0.6
      vertex 8.68573 19.6272 0.6
      vertex 8.70406 20.3352 0.6
    endloop
  endfacet
  facet normal 0 0 -1
    outer loop
      vertex 8.68573 19.6272 0.6
      vertex 8.53569 20.3429 0.6
      vertex 8.70406 20.3352 0.6
    endloop
  endfacet
  facet normal 0 0 -1
    outer loop
      vertex 8.39933 19.6388 0.6
      vertex 8.53569 20.3429 0.6
      vertex 8.68573 19.6272 0.6
    endloop
  endfacet
  facet normal 0 0 -1
    outer loop
      vertex 8.39933 19.6388 0.6
      vertex 8.37935 20.3661 0.6
      vertex 8.53569 20.3429 0.6
    endloop
  endfacet
  facet normal 0 0 -1
    outer loop
      vertex 8.13297 19.6735 0.6
      vertex 8.37935 20.3661 0.6
      vertex 8.39933 19.6388 0.6
    endloop
  endfacet
  facet normal -0 0 -1
    outer loop
      vertex 8.37935 20.3661 0.6
      vertex 8.13297 19.6735 0.6
      vertex 8.23503 20.4047 0.6
    endloop
  endfacet
  facet normal 0 0 -1
    outer loop
      vertex 7.88666 19.7315 0.6
      vertex 8.23503 20.4047 0.6
      vertex 8.13297 19.6735 0.6
    endloop
  endfacet
  facet normal -0 0 -1
    outer loop
      vertex 8.23503 20.4047 0.6
      vertex 7.88666 19.7315 0.6
      vertex 8.10273 20.4588 0.6
    endloop
  endfacet
  facet normal 0 0 -1
    outer loop
      vertex 7.66042 19.8125 0.6
      vertex 8.10273 20.4588 0.6
      vertex 7.88666 19.7315 0.6
    endloop
  endfacet
  facet normal -0 0 -1
    outer loop
      vertex 8.10273 20.4588 0.6
      vertex 7.66042 19.8125 0.6
      vertex 7.98244 20.5283 0.6
    endloop
  endfacet
  facet normal 0 0 -1
    outer loop
      vertex 7.45421 19.9168 0.6
      vertex 7.98244 20.5283 0.6
      vertex 7.66042 19.8125 0.6
    endloop
  endfacet
  facet normal -0 0 -1
    outer loop
      vertex 7.98244 20.5283 0.6
      vertex 7.45421 19.9168 0.6
      vertex 7.87416 20.6132 0.6
    endloop
  endfacet
  facet normal 0 0 -1
    outer loop
      vertex 7.26807 20.0442 0.6
      vertex 7.87416 20.6132 0.6
      vertex 7.45421 19.9168 0.6
    endloop
  endfacet
  facet normal -0 0 -1
    outer loop
      vertex 7.87416 20.6132 0.6
      vertex 7.26807 20.0442 0.6
      vertex 7.77791 20.7136 0.6
    endloop
  endfacet
  facet normal 0 0 -1
    outer loop
      vertex 7.10196 20.1948 0.6
      vertex 7.77791 20.7136 0.6
      vertex 7.26807 20.0442 0.6
    endloop
  endfacet
  facet normal -0 0 -1
    outer loop
      vertex 7.77791 20.7136 0.6
      vertex 7.10196 20.1948 0.6
      vertex 7.69413 20.8289 0.6
    endloop
  endfacet
  facet normal 0 0 -1
    outer loop
      vertex 6.95705 20.367 0.6
      vertex 7.69413 20.8289 0.6
      vertex 7.10196 20.1948 0.6
    endloop
  endfacet
  facet normal 0 0 -1
    outer loop
      vertex 6.7341 20.7715 0.6
      vertex 7.62323 20.9585 0.6
      vertex 6.83443 20.5592 0.6
    endloop
  endfacet
  facet normal 0 0 -1
    outer loop
      vertex 6.83443 20.5592 0.6
      vertex 7.62323 20.9585 0.6
      vertex 6.95705 20.367 0.6
    endloop
  endfacet
  facet normal -0 0 -1
    outer loop
      vertex 7.69413 20.8289 0.6
      vertex 6.95705 20.367 0.6
      vertex 7.62323 20.9585 0.6
    endloop
  endfacet
  facet normal 0 0 -1
    outer loop
      vertex 9.85753 22.5262 0.6
      vertex 10.5646 22.9935 0.6
      vertex 10.6418 22.8222 0.6
    endloop
  endfacet
  facet normal 0 0 -1
    outer loop
      vertex 9.75672 22.7432 0.6
      vertex 10.5646 22.9935 0.6
      vertex 9.85753 22.5262 0.6
    endloop
  endfacet
  facet normal -0 0 -1
    outer loop
      vertex 10.4778 23.1519 0.6
      vertex 9.75672 22.7432 0.6
      vertex 10.3813 23.2972 0.6
    endloop
  endfacet
  facet normal 0 0 -1
    outer loop
      vertex 9.63559 22.9267 0.6
      vertex 10.3813 23.2972 0.6
      vertex 9.75672 22.7432 0.6
    endloop
  endfacet
  facet normal -0 0 -1
    outer loop
      vertex 10.3813 23.2972 0.6
      vertex 9.63559 22.9267 0.6
      vertex 10.2751 23.4295 0.6
    endloop
  endfacet
  facet normal -0 0 -1
    outer loop
      vertex 10.2751 23.4295 0.6
      vertex 9.63559 22.9267 0.6
      vertex 10.1593 23.5488 0.6
    endloop
  endfacet
  facet normal -0 0 -1
    outer loop
      vertex 10.5646 22.9935 0.6
      vertex 9.75672 22.7432 0.6
      vertex 10.4778 23.1519 0.6
    endloop
  endfacet
  facet normal 0 0 -1
    outer loop
      vertex 9.49417 23.077 0.6
      vertex 10.1593 23.5488 0.6
      vertex 9.63559 22.9267 0.6
    endloop
  endfacet
  facet normal -0 0 -1
    outer loop
      vertex 10.1593 23.5488 0.6
      vertex 9.49417 23.077 0.6
      vertex 10.0339 23.6551 0.6
    endloop
  endfacet
  facet normal -0 0 -1
    outer loop
      vertex 10.0339 23.6551 0.6
      vertex 9.49417 23.077 0.6
      vertex 9.89876 23.7483 0.6
    endloop
  endfacet
  facet normal -0 0 -1
    outer loop
      vertex 9.89876 23.7483 0.6
      vertex 9.49417 23.077 0.6
      vertex 9.75487 23.8289 0.6
    endloop
  endfacet
  facet normal 0 0 -1
    outer loop
      vertex 9.33243 23.1938 0.6
      vertex 9.75487 23.8289 0.6
      vertex 9.49417 23.077 0.6
    endloop
  endfacet
  facet normal -0 0 -1
    outer loop
      vertex 9.75487 23.8289 0.6
      vertex 9.33243 23.1938 0.6
      vertex 9.60306 23.8971 0.6
    endloop
  endfacet
  facet normal -0 0 -1
    outer loop
      vertex 9.60306 23.8971 0.6
      vertex 9.33243 23.1938 0.6
      vertex 9.44336 23.9528 0.6
    endloop
  endfacet
  facet normal 0 0 -1
    outer loop
      vertex 9.15041 23.2773 0.6
      vertex 9.44336 23.9528 0.6
      vertex 9.33243 23.1938 0.6
    endloop
  endfacet
  facet normal -0 0 -1
    outer loop
      vertex 9.44336 23.9528 0.6
      vertex 9.15041 23.2773 0.6
      vertex 9.27574 23.9962 0.6
    endloop
  endfacet
  facet normal 0 0 -1
    outer loop
      vertex 8.94806 23.3273 0.6
      vertex 9.27574 23.9962 0.6
      vertex 9.15041 23.2773 0.6
    endloop
  endfacet
  facet normal -0 0 -1
    outer loop
      vertex 9.27574 23.9962 0.6
      vertex 8.94806 23.3273 0.6
      vertex 9.10021 24.0272 0.6
    endloop
  endfacet
  facet normal 0 0 -1
    outer loop
      vertex 8.94806 23.3273 0.6
      vertex 8.91678 24.0457 0.6
      vertex 9.10021 24.0272 0.6
    endloop
  endfacet
  facet normal 0 0 -1
    outer loop
      vertex 8.72544 23.344 0.6
      vertex 8.91678 24.0457 0.6
      vertex 8.94806 23.3273 0.6
    endloop
  endfacet
  facet normal 0 0 -1
    outer loop
      vertex 8.72544 23.344 0.6
      vertex 8.72544 24.052 0.6
      vertex 8.91678 24.0457 0.6
    endloop
  endfacet
  facet normal 0 0 -1
    outer loop
      vertex 8.55606 23.336 0.6
      vertex 8.72544 24.052 0.6
      vertex 8.72544 23.344 0.6
    endloop
  endfacet
  facet normal 0 0 -1
    outer loop
      vertex 8.55606 23.336 0.6
      vertex 8.43862 24.04 0.6
      vertex 8.72544 24.052 0.6
    endloop
  endfacet
  facet normal 0 0 -1
    outer loop
      vertex 8.39849 23.3121 0.6
      vertex 8.43862 24.04 0.6
      vertex 8.55606 23.336 0.6
    endloop
  endfacet
  facet normal 0 0 -1
    outer loop
      vertex 8.17104 24.004 0.6
      vertex 8.39849 23.3121 0.6
      vertex 8.25266 23.2723 0.6
    endloop
  endfacet
  facet normal 0 0 -1
    outer loop
      vertex 8.39849 23.3121 0.6
      vertex 8.17104 24.004 0.6
      vertex 8.43862 24.04 0.6
    endloop
  endfacet
  facet normal 0 0 -1
    outer loop
      vertex 7.92272 23.9441 0.6
      vertex 8.25266 23.2723 0.6
      vertex 8.11861 23.2165 0.6
    endloop
  endfacet
  facet normal 0 0 -1
    outer loop
      vertex 7.69362 23.8601 0.6
      vertex 8.11861 23.2165 0.6
      vertex 7.99634 23.1447 0.6
    endloop
  endfacet
  facet normal 0 0 -1
    outer loop
      vertex 8.25266 23.2723 0.6
      vertex 7.92272 23.9441 0.6
      vertex 8.17104 24.004 0.6
    endloop
  endfacet
  facet normal 0 0 -1
    outer loop
      vertex 7.48378 23.7522 0.6
      vertex 7.99634 23.1447 0.6
      vertex 7.88582 23.057 0.6
    endloop
  endfacet
  facet normal 0 0 -1
    outer loop
      vertex 7.29317 23.6204 0.6
      vertex 7.88582 23.057 0.6
      vertex 7.78708 22.9534 0.6
    endloop
  endfacet
  facet normal 0 0 -1
    outer loop
      vertex 7.12181 23.4645 0.6
      vertex 7.78708 22.9534 0.6
      vertex 7.70087 22.8346 0.6
    endloop
  endfacet
  facet normal 0 0 -1
    outer loop
      vertex 8.11861 23.2165 0.6
      vertex 7.69362 23.8601 0.6
      vertex 7.92272 23.9441 0.6
    endloop
  endfacet
  facet normal 0 0 -1
    outer loop
      vertex 6.97164 23.2871 0.6
      vertex 7.70087 22.8346 0.6
      vertex 7.62792 22.7016 0.6
    endloop
  endfacet
  facet normal 0 0 -1
    outer loop
      vertex 6.84456 23.0906 0.6
      vertex 7.62792 22.7016 0.6
      vertex 7.56822 22.5542 0.6
    endloop
  endfacet
  facet normal 0 0 -1
    outer loop
      vertex 6.65972 22.6402 0.6
      vertex 7.56822 22.5542 0.6
      vertex 7.52179 22.3924 0.6
    endloop
  endfacet
  facet normal 0 0 -1
    outer loop
      vertex 6.60196 22.3864 0.6
      vertex 7.52179 22.3924 0.6
      vertex 7.48864 22.2164 0.6
    endloop
  endfacet
  facet normal 0 0 -1
    outer loop
      vertex 7.99634 23.1447 0.6
      vertex 7.48378 23.7522 0.6
      vertex 7.69362 23.8601 0.6
    endloop
  endfacet
  facet normal 0 0 -1
    outer loop
      vertex 6.56731 22.1134 0.6
      vertex 7.48864 22.2164 0.6
      vertex 7.46874 22.026 0.6
    endloop
  endfacet
  facet normal 0 0 -1
    outer loop
      vertex 6.55576 21.8213 0.6
      vertex 7.46874 22.026 0.6
      vertex 7.4621 21.8213 0.6
    endloop
  endfacet
  facet normal 0 0 -1
    outer loop
      vertex 7.88582 23.057 0.6
      vertex 7.29317 23.6204 0.6
      vertex 7.48378 23.7522 0.6
    endloop
  endfacet
  facet normal -0 0 -1
    outer loop
      vertex 7.62323 20.9585 0.6
      vertex 6.7341 20.7715 0.6
      vertex 7.56522 21.1024 0.6
    endloop
  endfacet
  facet normal 0 0 -1
    outer loop
      vertex 6.65609 21.0039 0.6
      vertex 7.56522 21.1024 0.6
      vertex 6.7341 20.7715 0.6
    endloop
  endfacet
  facet normal -0 0 -1
    outer loop
      vertex 7.46874 22.026 0.6
      vertex 6.55576 21.8213 0.6
      vertex 6.56731 22.1134 0.6
    endloop
  endfacet
  facet normal -0 0 -1
    outer loop
      vertex 7.56522 21.1024 0.6
      vertex 6.65609 21.0039 0.6
      vertex 7.5201 21.2606 0.6
    endloop
  endfacet
  facet normal -0 0 -1
    outer loop
      vertex 7.48864 22.2164 0.6
      vertex 6.56731 22.1134 0.6
      vertex 6.60196 22.3864 0.6
    endloop
  endfacet
  facet normal 0 0 -1
    outer loop
      vertex 6.60034 21.2563 0.6
      vertex 7.5201 21.2606 0.6
      vertex 6.65609 21.0039 0.6
    endloop
  endfacet
  facet normal -0 0 -1
    outer loop
      vertex 7.52179 22.3924 0.6
      vertex 6.60196 22.3864 0.6
      vertex 6.65972 22.6402 0.6
    endloop
  endfacet
  facet normal -0 0 -1
    outer loop
      vertex 7.5201 21.2606 0.6
      vertex 6.60034 21.2563 0.6
      vertex 7.48787 21.4332 0.6
    endloop
  endfacet
  facet normal 0 0 -1
    outer loop
      vertex 7.56822 22.5542 0.6
      vertex 6.65972 22.6402 0.6
      vertex 6.74059 22.875 0.6
    endloop
  endfacet
  facet normal 0 0 -1
    outer loop
      vertex 6.5669 21.5287 0.6
      vertex 7.48787 21.4332 0.6
      vertex 6.60034 21.2563 0.6
    endloop
  endfacet
  facet normal 0 0 -1
    outer loop
      vertex 7.56822 22.5542 0.6
      vertex 6.74059 22.875 0.6
      vertex 6.84456 23.0906 0.6
    endloop
  endfacet
  facet normal 0 0 -1
    outer loop
      vertex 7.48787 21.4332 0.6
      vertex 6.5669 21.5287 0.6
      vertex 7.46854 21.6201 0.6
    endloop
  endfacet
  facet normal 0 0 -1
    outer loop
      vertex 7.62792 22.7016 0.6
      vertex 6.84456 23.0906 0.6
      vertex 6.97164 23.2871 0.6
    endloop
  endfacet
  facet normal 0 0 -1
    outer loop
      vertex 6.55576 21.8213 0.6
      vertex 7.46854 21.6201 0.6
      vertex 6.5669 21.5287 0.6
    endloop
  endfacet
  facet normal 0 0 -1
    outer loop
      vertex 7.70087 22.8346 0.6
      vertex 6.97164 23.2871 0.6
      vertex 7.12181 23.4645 0.6
    endloop
  endfacet
  facet normal 0 0 -1
    outer loop
      vertex 7.46854 21.6201 0.6
      vertex 6.55576 21.8213 0.6
      vertex 7.4621 21.8213 0.6
    endloop
  endfacet
  facet normal 0 0 -1
    outer loop
      vertex 7.78708 22.9534 0.6
      vertex 7.12181 23.4645 0.6
      vertex 7.29317 23.6204 0.6
    endloop
  endfacet
  facet normal 0 0 -1
    outer loop
      vertex 14.7188 20.628 0.6
      vertex 15.4951 19.6913 0.6
      vertex 14.7261 20.4481 0.6
    endloop
  endfacet
  facet normal 0 0 -1
    outer loop
      vertex 14.2959 19.6913 0.6
      vertex 14.6665 20.6725 0.6
      vertex 14.7261 20.4481 0.6
    endloop
  endfacet
  facet normal -0 0 -1
    outer loop
      vertex 14.6665 20.6725 0.6
      vertex 14.2959 19.6913 0.6
      vertex 14.6115 20.8765 0.6
    endloop
  endfacet
  facet normal -0 0 -1
    outer loop
      vertex 14.6115 20.8765 0.6
      vertex 14.2959 19.6913 0.6
      vertex 14.5611 21.0603 0.6
    endloop
  endfacet
  facet normal 0 0 -1
    outer loop
      vertex 13.5055 22.2149 0.6
      vertex 14.5611 21.0603 0.6
      vertex 14.2959 19.6913 0.6
    endloop
  endfacet
  facet normal 0 0 -1
    outer loop
      vertex 14.5611 21.0603 0.6
      vertex 13.5055 22.2149 0.6
      vertex 14.5154 21.2238 0.6
    endloop
  endfacet
  facet normal 0 0 -1
    outer loop
      vertex 14.5154 21.2238 0.6
      vertex 13.5055 22.2149 0.6
      vertex 14.4742 21.367 0.6
    endloop
  endfacet
  facet normal 0 0 -1
    outer loop
      vertex 14.2959 19.6913 0.6
      vertex 14.7261 20.4481 0.6
      vertex 15.4951 19.6913 0.6
    endloop
  endfacet
  facet normal 0 0 -1
    outer loop
      vertex 14.4742 21.367 0.6
      vertex 13.5055 22.2149 0.6
      vertex 14.4376 21.4898 0.6
    endloop
  endfacet
  facet normal 0 0 -1
    outer loop
      vertex 14.4376 21.4898 0.6
      vertex 13.5055 22.2149 0.6
      vertex 14.4057 21.5924 0.6
    endloop
  endfacet
  facet normal 0 0 -1
    outer loop
      vertex 13.3132 22.9046 0.6
      vertex 14.4057 21.5924 0.6
      vertex 13.5055 22.2149 0.6
    endloop
  endfacet
  facet normal 0 0 -1
    outer loop
      vertex 14.4057 21.5924 0.6
      vertex 13.3132 22.9046 0.6
      vertex 13.6306 23.9909 0.6
    endloop
  endfacet
  facet normal 0 0 -1
    outer loop
      vertex 12.2146 21.5924 0.6
      vertex 13.1668 22.3278 0.6
      vertex 13.0996 22.0959 0.6
    endloop
  endfacet
  facet normal 0 0 -1
    outer loop
      vertex 13.3132 22.9046 0.6
      vertex 12.9898 23.9909 0.6
      vertex 13.6306 23.9909 0.6
    endloop
  endfacet
  facet normal -0 0 -1
    outer loop
      vertex 13.1668 22.3278 0.6
      vertex 12.2146 21.5924 0.6
      vertex 13.3132 22.9046 0.6
    endloop
  endfacet
  facet normal 0 0 -1
    outer loop
      vertex 12.2146 21.5924 0.6
      vertex 13.0996 22.0959 0.6
      vertex 12.3306 19.6913 0.6
    endloop
  endfacet
  facet normal -0 0 -1
    outer loop
      vertex 13.3132 22.9046 0.6
      vertex 12.2146 21.5924 0.6
      vertex 12.9898 23.9909 0.6
    endloop
  endfacet
  facet normal 0 0 -1
    outer loop
      vertex 12.3306 19.6913 0.6
      vertex 11.8881 20.4481 0.6
      vertex 12.2146 21.5924 0.6
    endloop
  endfacet
  facet normal 0 -0 -1
    outer loop
      vertex 11.8881 20.4481 0.6
      vertex 12.3306 19.6913 0.6
      vertex 11.1252 19.6913 0.6
    endloop
  endfacet
  facet normal 0 0 -1
    outer loop
      vertex 14.7125 20.7841 0.6
      vertex 15.4951 19.6913 0.6
      vertex 14.7188 20.628 0.6
    endloop
  endfacet
  facet normal 0 0 -1
    outer loop
      vertex 14.7073 20.9165 0.6
      vertex 15.4951 19.6913 0.6
      vertex 14.7125 20.7841 0.6
    endloop
  endfacet
  facet normal 0 0 -1
    outer loop
      vertex 14.7032 21.025 0.6
      vertex 15.4951 19.6913 0.6
      vertex 14.7073 20.9165 0.6
    endloop
  endfacet
  facet normal 0 0 -1
    outer loop
      vertex 14.7001 21.1098 0.6
      vertex 15.4951 19.6913 0.6
      vertex 14.7032 21.025 0.6
    endloop
  endfacet
  facet normal 0 0 -1
    outer loop
      vertex 14.6981 21.1707 0.6
      vertex 15.4951 19.6913 0.6
      vertex 14.7001 21.1098 0.6
    endloop
  endfacet
  facet normal 0 0 -1
    outer loop
      vertex 14.6971 21.2079 0.6
      vertex 15.4951 19.6913 0.6
      vertex 14.6981 21.1707 0.6
    endloop
  endfacet
  facet normal 0 0 -1
    outer loop
      vertex 14.6967 21.2332 0.6
      vertex 15.4951 19.6913 0.6
      vertex 14.6971 21.2079 0.6
    endloop
  endfacet
  facet normal 0 0 -1
    outer loop
      vertex 14.6964 21.2585 0.6
      vertex 15.4951 19.6913 0.6
      vertex 14.6967 21.2332 0.6
    endloop
  endfacet
  facet normal 0 0 -1
    outer loop
      vertex 14.6961 21.2838 0.6
      vertex 15.4951 19.6913 0.6
      vertex 14.6964 21.2585 0.6
    endloop
  endfacet
  facet normal 0 0 -1
    outer loop
      vertex 14.6959 21.3091 0.6
      vertex 15.4951 19.6913 0.6
      vertex 14.6961 21.2838 0.6
    endloop
  endfacet
  facet normal 0 0 -1
    outer loop
      vertex 14.6957 21.3344 0.6
      vertex 15.4951 19.6913 0.6
      vertex 14.6959 21.3091 0.6
    endloop
  endfacet
  facet normal 0 0 -1
    outer loop
      vertex 14.6956 21.3596 0.6
      vertex 15.4951 19.6913 0.6
      vertex 14.6957 21.3344 0.6
    endloop
  endfacet
  facet normal 0 0 -1
    outer loop
      vertex 14.6956 21.3849 0.6
      vertex 15.4951 19.6913 0.6
      vertex 14.6956 21.3596 0.6
    endloop
  endfacet
  facet normal 0 0 -1
    outer loop
      vertex 15.4951 19.6913 0.6
      vertex 14.6956 21.3849 0.6
      vertex 15.4951 23.9909 0.6
    endloop
  endfacet
  facet normal -0 0 -1
    outer loop
      vertex 15.4951 23.9909 0.6
      vertex 14.6956 21.3849 0.6
      vertex 14.6956 23.9909 0.6
    endloop
  endfacet
  facet normal 0 0 -1
    outer loop
      vertex 11.1252 19.6913 0.6
      vertex 11.9248 21.3849 0.6
      vertex 11.924 21.3097 0.6
    endloop
  endfacet
  facet normal 0 0 -1
    outer loop
      vertex 11.1252 19.6913 0.6
      vertex 11.924 21.3097 0.6
      vertex 11.9218 21.215 0.6
    endloop
  endfacet
  facet normal 0 0 -1
    outer loop
      vertex 11.1252 19.6913 0.6
      vertex 11.9218 21.215 0.6
      vertex 11.918 21.1007 0.6
    endloop
  endfacet
  facet normal 0 0 -1
    outer loop
      vertex 11.1252 19.6913 0.6
      vertex 11.918 21.1007 0.6
      vertex 11.9128 20.9669 0.6
    endloop
  endfacet
  facet normal 0 0 -1
    outer loop
      vertex 11.1252 19.6913 0.6
      vertex 11.9128 20.9669 0.6
      vertex 11.9061 20.8135 0.6
    endloop
  endfacet
  facet normal 0 0 -1
    outer loop
      vertex 11.1252 19.6913 0.6
      vertex 11.9061 20.8135 0.6
      vertex 11.8978 20.6406 0.6
    endloop
  endfacet
  facet normal 0 0 -1
    outer loop
      vertex 11.1252 19.6913 0.6
      vertex 11.8978 20.6406 0.6
      vertex 11.8881 20.4481 0.6
    endloop
  endfacet
  facet normal -0 0 -1
    outer loop
      vertex 11.9248 21.3849 0.6
      vertex 11.1252 19.6913 0.6
      vertex 11.1252 23.9909 0.6
    endloop
  endfacet
  facet normal 0 0 -1
    outer loop
      vertex 11.9248 21.3849 0.6
      vertex 11.1252 23.9909 0.6
      vertex 11.9248 23.9909 0.6
    endloop
  endfacet
  facet normal 0 0 -1
    outer loop
      vertex 28.8008 22.4774 0.6
      vertex 30.058 23.1151 0.6
      vertex 30.058 22.4774 0.6
    endloop
  endfacet
  facet normal 0 0 -1
    outer loop
      vertex 28.102 23.1151 0.6
      vertex 28.8008 22.4774 0.6
      vertex 28.102 22.4712 0.6
    endloop
  endfacet
  facet normal 0 0 -1
    outer loop
      vertex 28.8008 22.4774 0.6
      vertex 28.102 23.1151 0.6
      vertex 30.058 23.1151 0.6
    endloop
  endfacet
  facet normal 0 0 -1
    outer loop
      vertex 30.058 21.0706 0.6
      vertex 30.8759 22.4774 0.6
      vertex 30.8759 19.6913 0.6
    endloop
  endfacet
  facet normal 0 0 -1
    outer loop
      vertex 30.058 22.4774 0.6
      vertex 30.8759 22.4774 0.6
      vertex 30.058 21.0706 0.6
    endloop
  endfacet
  facet normal 0 0 -1
    outer loop
      vertex 30.0816 20.509 0.6
      vertex 30.8759 19.6913 0.6
      vertex 30.0855 20.4664 0.6
    endloop
  endfacet
  facet normal 0 0 -1
    outer loop
      vertex 29.9177 19.6913 0.6
      vertex 30.0602 20.5183 0.6
      vertex 30.0855 20.4664 0.6
    endloop
  endfacet
  facet normal -0 0 -1
    outer loop
      vertex 30.0602 20.5183 0.6
      vertex 29.9177 19.6913 0.6
      vertex 30.0297 20.5765 0.6
    endloop
  endfacet
  facet normal -0 0 -1
    outer loop
      vertex 30.0297 20.5765 0.6
      vertex 29.9177 19.6913 0.6
      vertex 29.9939 20.6409 0.6
    endloop
  endfacet
  facet normal 0 0 -1
    outer loop
      vertex 29.9177 19.6913 0.6
      vertex 30.0855 20.4664 0.6
      vertex 30.8759 19.6913 0.6
    endloop
  endfacet
  facet normal -0 0 -1
    outer loop
      vertex 29.9939 20.6409 0.6
      vertex 29.9177 19.6913 0.6
      vertex 29.953 20.7115 0.6
    endloop
  endfacet
  facet normal 0 0 -1
    outer loop
      vertex 29.9177 19.6913 0.6
      vertex 29.9068 20.7884 0.6
      vertex 29.953 20.7115 0.6
    endloop
  endfacet
  facet normal 0 0 -1
    outer loop
      vertex 29.9177 19.6913 0.6
      vertex 29.8553 20.8714 0.6
      vertex 29.9068 20.7884 0.6
    endloop
  endfacet
  facet normal 0 0 -1
    outer loop
      vertex 29.9177 19.6913 0.6
      vertex 29.7987 20.9607 0.6
      vertex 29.8553 20.8714 0.6
    endloop
  endfacet
  facet normal 0 0 -1
    outer loop
      vertex 28.102 22.4712 0.6
      vertex 29.7987 20.9607 0.6
      vertex 29.9177 19.6913 0.6
    endloop
  endfacet
  facet normal 0 0 -1
    outer loop
      vertex 29.7987 20.9607 0.6
      vertex 28.102 22.4712 0.6
      vertex 28.8008 22.4774 0.6
    endloop
  endfacet
  facet normal 0 0 -1
    outer loop
      vertex 30.8759 22.4774 0.6
      vertex 31.4496 23.1151 0.6
      vertex 31.4496 22.4774 0.6
    endloop
  endfacet
  facet normal -0 0 -1
    outer loop
      vertex 31.4496 23.1151 0.6
      vertex 30.8759 22.4774 0.6
      vertex 30.8759 23.1151 0.6
    endloop
  endfacet
  facet normal 0 0 -1
    outer loop
      vertex 30.0816 20.509 0.6
      vertex 30.0855 20.4664 0.6
      vertex 30.0837 20.4849 0.6
    endloop
  endfacet
  facet normal 0 0 -1
    outer loop
      vertex 30.8759 19.6913 0.6
      vertex 30.0816 20.509 0.6
      vertex 30.0794 20.5387 0.6
    endloop
  endfacet
  facet normal 0 0 -1
    outer loop
      vertex 30.077 20.574 0.6
      vertex 30.8759 19.6913 0.6
      vertex 30.0794 20.5387 0.6
    endloop
  endfacet
  facet normal 0 0 -1
    outer loop
      vertex 30.0745 20.6149 0.6
      vertex 30.8759 19.6913 0.6
      vertex 30.077 20.574 0.6
    endloop
  endfacet
  facet normal 0 0 -1
    outer loop
      vertex 30.0717 20.6615 0.6
      vertex 30.8759 19.6913 0.6
      vertex 30.0745 20.6149 0.6
    endloop
  endfacet
  facet normal 0 0 -1
    outer loop
      vertex 30.0687 20.7136 0.6
      vertex 30.8759 19.6913 0.6
      vertex 30.0717 20.6615 0.6
    endloop
  endfacet
  facet normal 0 0 -1
    outer loop
      vertex 30.0659 20.768 0.6
      vertex 30.8759 19.6913 0.6
      vertex 30.0687 20.7136 0.6
    endloop
  endfacet
  facet normal 0 0 -1
    outer loop
      vertex 30.0635 20.8212 0.6
      vertex 30.8759 19.6913 0.6
      vertex 30.0659 20.768 0.6
    endloop
  endfacet
  facet normal 0 0 -1
    outer loop
      vertex 30.0615 20.8733 0.6
      vertex 30.8759 19.6913 0.6
      vertex 30.0635 20.8212 0.6
    endloop
  endfacet
  facet normal 0 0 -1
    outer loop
      vertex 30.06 20.9243 0.6
      vertex 30.8759 19.6913 0.6
      vertex 30.0615 20.8733 0.6
    endloop
  endfacet
  facet normal 0 0 -1
    outer loop
      vertex 30.0589 20.9742 0.6
      vertex 30.8759 19.6913 0.6
      vertex 30.06 20.9243 0.6
    endloop
  endfacet
  facet normal 0 0 -1
    outer loop
      vertex 30.0583 21.023 0.6
      vertex 30.8759 19.6913 0.6
      vertex 30.0589 20.9742 0.6
    endloop
  endfacet
  facet normal 0 0 -1
    outer loop
      vertex 30.058 21.0706 0.6
      vertex 30.8759 19.6913 0.6
      vertex 30.0583 21.023 0.6
    endloop
  endfacet
  facet normal 0 0 -1
    outer loop
      vertex 30.8759 22.4774 0.6
      vertex 30.058 22.4774 0.6
      vertex 30.8759 23.1151 0.6
    endloop
  endfacet
  facet normal 0 0 -1
    outer loop
      vertex 30.058 23.1151 0.6
      vertex 30.8759 23.1151 0.6
      vertex 30.058 22.4774 0.6
    endloop
  endfacet
  facet normal 0 0 -1
    outer loop
      vertex 30.8759 23.1151 0.6
      vertex 30.058 23.1151 0.6
      vertex 30.8759 23.9909 0.6
    endloop
  endfacet
  facet normal -0 0 -1
    outer loop
      vertex 30.8759 23.9909 0.6
      vertex 30.058 23.1151 0.6
      vertex 30.058 23.9909 0.6
    endloop
  endfacet
  facet normal 0 0 -1
    outer loop
      vertex 5.02172 19.6913 0.6
      vertex 5.92195 23.9909 0.6
      vertex 5.92195 19.6913 0.6
    endloop
  endfacet
  facet normal -0 0 -1
    outer loop
      vertex 5.92195 23.9909 0.6
      vertex 5.02172 19.6913 0.6
      vertex 5.02172 23.9909 0.6
    endloop
  endfacet
  facet normal 0 0 -1
    outer loop
      vertex 16.0356 21.9982 0.6
      vertex 17.6225 22.7429 0.6
      vertex 17.6225 21.9982 0.6
    endloop
  endfacet
  facet normal -0 0 -1
    outer loop
      vertex 17.6225 22.7429 0.6
      vertex 16.0356 21.9982 0.6
      vertex 16.0356 22.7429 0.6
    endloop
  endfacet
  facet normal 0 1 -0
    outer loop
      vertex 21.0495 23.286 5.72205e-07
      vertex 19.0538 23.286 0.6
      vertex 21.0495 23.286 0.6
    endloop
  endfacet
  facet normal 0 1 0
    outer loop
      vertex 19.0538 23.286 0.6
      vertex 21.0495 23.286 5.72205e-07
      vertex 19.0538 23.286 5.72205e-07
    endloop
  endfacet
  facet normal -0.906348 -0.422532 0
    outer loop
      vertex 19.08 23.2298 5.72205e-07
      vertex 19.0538 23.286 0.6
      vertex 19.0538 23.286 5.72205e-07
    endloop
  endfacet
  facet normal -0.906348 -0.422532 0
    outer loop
      vertex 19.0538 23.286 0.6
      vertex 19.08 23.2298 5.72205e-07
      vertex 19.08 23.2298 0.6
    endloop
  endfacet
  facet normal -0.87893 -0.476951 0
    outer loop
      vertex 19.1099 23.1747 5.72205e-07
      vertex 19.08 23.2298 0.6
      vertex 19.08 23.2298 5.72205e-07
    endloop
  endfacet
  facet normal -0.87893 -0.476951 0
    outer loop
      vertex 19.08 23.2298 0.6
      vertex 19.1099 23.1747 5.72205e-07
      vertex 19.1099 23.1747 0.6
    endloop
  endfacet
  facet normal -0.849931 -0.526894 0
    outer loop
      vertex 19.1435 23.1205 5.72205e-07
      vertex 19.1099 23.1747 0.6
      vertex 19.1099 23.1747 5.72205e-07
    endloop
  endfacet
  facet normal -0.849931 -0.526894 0
    outer loop
      vertex 19.1099 23.1747 0.6
      vertex 19.1435 23.1205 5.72205e-07
      vertex 19.1435 23.1205 0.6
    endloop
  endfacet
  facet normal -0.818798 -0.574082 0
    outer loop
      vertex 19.1808 23.0673 5.72205e-07
      vertex 19.1435 23.1205 0.6
      vertex 19.1435 23.1205 5.72205e-07
    endloop
  endfacet
  facet normal -0.818798 -0.574082 0
    outer loop
      vertex 19.1435 23.1205 0.6
      vertex 19.1808 23.0673 5.72205e-07
      vertex 19.1808 23.0673 0.6
    endloop
  endfacet
  facet normal -0.786423 -0.617688 0
    outer loop
      vertex 19.2218 23.0151 5.72205e-07
      vertex 19.1808 23.0673 0.6
      vertex 19.1808 23.0673 5.72205e-07
    endloop
  endfacet
  facet normal -0.786423 -0.617688 0
    outer loop
      vertex 19.1808 23.0673 0.6
      vertex 19.2218 23.0151 5.72205e-07
      vertex 19.2218 23.0151 0.6
    endloop
  endfacet
  facet normal -0.754035 -0.656835 0
    outer loop
      vertex 19.2664 22.9639 5.72205e-07
      vertex 19.2218 23.0151 0.6
      vertex 19.2218 23.0151 5.72205e-07
    endloop
  endfacet
  facet normal -0.754035 -0.656835 0
    outer loop
      vertex 19.2218 23.0151 0.6
      vertex 19.2664 22.9639 5.72205e-07
      vertex 19.2664 22.9639 0.6
    endloop
  endfacet
  facet normal -0.720612 -0.693338 0
    outer loop
      vertex 19.3147 22.9137 5.72205e-07
      vertex 19.2664 22.9639 0.6
      vertex 19.2664 22.9639 5.72205e-07
    endloop
  endfacet
  facet normal -0.720612 -0.693338 0
    outer loop
      vertex 19.2664 22.9639 0.6
      vertex 19.3147 22.9137 5.72205e-07
      vertex 19.3147 22.9137 0.6
    endloop
  endfacet
  facet normal -0.697902 -0.716194 0
    outer loop
      vertex 19.3147 22.9137 5.72205e-07
      vertex 19.3656 22.8641 0.6
      vertex 19.3147 22.9137 0.6
    endloop
  endfacet
  facet normal -0.697902 -0.716194 -0
    outer loop
      vertex 19.3656 22.8641 0.6
      vertex 19.3147 22.9137 5.72205e-07
      vertex 19.3656 22.8641 5.72205e-07
    endloop
  endfacet
  facet normal -0.686013 -0.727589 0
    outer loop
      vertex 19.3656 22.8641 5.72205e-07
      vertex 19.4181 22.8146 0.6
      vertex 19.3656 22.8641 0.6
    endloop
  endfacet
  facet normal -0.686013 -0.727589 -0
    outer loop
      vertex 19.4181 22.8146 0.6
      vertex 19.3656 22.8641 5.72205e-07
      vertex 19.4181 22.8146 5.72205e-07
    endloop
  endfacet
  facet normal -0.674982 -0.737834 0
    outer loop
      vertex 19.4181 22.8146 5.72205e-07
      vertex 19.4721 22.7652 0.6
      vertex 19.4181 22.8146 0.6
    endloop
  endfacet
  facet normal -0.674982 -0.737834 -0
    outer loop
      vertex 19.4721 22.7652 0.6
      vertex 19.4181 22.8146 5.72205e-07
      vertex 19.4721 22.7652 5.72205e-07
    endloop
  endfacet
  facet normal -0.663445 -0.748225 0
    outer loop
      vertex 19.4721 22.7652 5.72205e-07
      vertex 19.5277 22.7159 0.6
      vertex 19.4721 22.7652 0.6
    endloop
  endfacet
  facet normal -0.663445 -0.748225 -0
    outer loop
      vertex 19.5277 22.7159 0.6
      vertex 19.4721 22.7652 5.72205e-07
      vertex 19.5277 22.7159 5.72205e-07
    endloop
  endfacet
  facet normal -0.651993 -0.758225 0
    outer loop
      vertex 19.5277 22.7159 5.72205e-07
      vertex 19.5848 22.6668 0.6
      vertex 19.5277 22.7159 0.6
    endloop
  endfacet
  facet normal -0.651993 -0.758225 -0
    outer loop
      vertex 19.5848 22.6668 0.6
      vertex 19.5277 22.7159 5.72205e-07
      vertex 19.5848 22.6668 5.72205e-07
    endloop
  endfacet
  facet normal -0.640827 -0.767685 0
    outer loop
      vertex 19.5848 22.6668 5.72205e-07
      vertex 19.6435 22.6178 0.6
      vertex 19.5848 22.6668 0.6
    endloop
  endfacet
  facet normal -0.640827 -0.767685 -0
    outer loop
      vertex 19.6435 22.6178 0.6
      vertex 19.5848 22.6668 5.72205e-07
      vertex 19.6435 22.6178 5.72205e-07
    endloop
  endfacet
  facet normal -0.630496 -0.776193 0
    outer loop
      vertex 19.6435 22.6178 5.72205e-07
      vertex 19.7037 22.5689 0.6
      vertex 19.6435 22.6178 0.6
    endloop
  endfacet
  facet normal -0.630496 -0.776193 -0
    outer loop
      vertex 19.7037 22.5689 0.6
      vertex 19.6435 22.6178 5.72205e-07
      vertex 19.7037 22.5689 5.72205e-07
    endloop
  endfacet
  facet normal -0.624384 -0.781117 0
    outer loop
      vertex 19.7037 22.5689 5.72205e-07
      vertex 19.765 22.5199 0.6
      vertex 19.7037 22.5689 0.6
    endloop
  endfacet
  facet normal -0.624384 -0.781117 -0
    outer loop
      vertex 19.765 22.5199 0.6
      vertex 19.7037 22.5689 5.72205e-07
      vertex 19.765 22.5199 5.72205e-07
    endloop
  endfacet
  facet normal -0.623771 -0.781607 0
    outer loop
      vertex 19.765 22.5199 5.72205e-07
      vertex 19.8269 22.4705 0.6
      vertex 19.765 22.5199 0.6
    endloop
  endfacet
  facet normal -0.623771 -0.781607 -0
    outer loop
      vertex 19.8269 22.4705 0.6
      vertex 19.765 22.5199 5.72205e-07
      vertex 19.8269 22.4705 5.72205e-07
    endloop
  endfacet
  facet normal -0.623012 -0.782212 0
    outer loop
      vertex 19.8269 22.4705 5.72205e-07
      vertex 19.8893 22.4208 0.6
      vertex 19.8269 22.4705 0.6
    endloop
  endfacet
  facet normal -0.623012 -0.782212 -0
    outer loop
      vertex 19.8893 22.4208 0.6
      vertex 19.8269 22.4705 5.72205e-07
      vertex 19.8893 22.4208 5.72205e-07
    endloop
  endfacet
  facet normal -0.62318 -0.782078 0
    outer loop
      vertex 19.8893 22.4208 5.72205e-07
      vertex 19.9523 22.3706 0.6
      vertex 19.8893 22.4208 0.6
    endloop
  endfacet
  facet normal -0.62318 -0.782078 -0
    outer loop
      vertex 19.9523 22.3706 0.6
      vertex 19.8893 22.4208 5.72205e-07
      vertex 19.9523 22.3706 5.72205e-07
    endloop
  endfacet
  facet normal -0.621849 -0.783137 0
    outer loop
      vertex 19.9523 22.3706 5.72205e-07
      vertex 20.08 22.2692 0.6
      vertex 19.9523 22.3706 0.6
    endloop
  endfacet
  facet normal -0.621849 -0.783137 -0
    outer loop
      vertex 20.08 22.2692 0.6
      vertex 19.9523 22.3706 5.72205e-07
      vertex 20.08 22.2692 5.72205e-07
    endloop
  endfacet
  facet normal -0.620548 -0.784169 0
    outer loop
      vertex 20.08 22.2692 5.72205e-07
      vertex 20.1447 22.218 0.6
      vertex 20.08 22.2692 0.6
    endloop
  endfacet
  facet normal -0.620548 -0.784169 -0
    outer loop
      vertex 20.1447 22.218 0.6
      vertex 20.08 22.2692 5.72205e-07
      vertex 20.1447 22.218 5.72205e-07
    endloop
  endfacet
  facet normal -0.63 -0.776596 0
    outer loop
      vertex 20.1447 22.218 5.72205e-07
      vertex 20.2088 22.166 0.6
      vertex 20.1447 22.218 0.6
    endloop
  endfacet
  facet normal -0.63 -0.776596 -0
    outer loop
      vertex 20.2088 22.166 0.6
      vertex 20.1447 22.218 5.72205e-07
      vertex 20.2088 22.166 5.72205e-07
    endloop
  endfacet
  facet normal -0.647365 -0.76218 0
    outer loop
      vertex 20.2088 22.166 5.72205e-07
      vertex 20.2712 22.113 0.6
      vertex 20.2088 22.166 0.6
    endloop
  endfacet
  facet normal -0.647365 -0.76218 -0
    outer loop
      vertex 20.2712 22.113 0.6
      vertex 20.2088 22.166 5.72205e-07
      vertex 20.2712 22.113 5.72205e-07
    endloop
  endfacet
  facet normal -0.664745 -0.74707 0
    outer loop
      vertex 20.2712 22.113 5.72205e-07
      vertex 20.332 22.0589 0.6
      vertex 20.2712 22.113 0.6
    endloop
  endfacet
  facet normal -0.664745 -0.74707 -0
    outer loop
      vertex 20.332 22.0589 0.6
      vertex 20.2712 22.113 5.72205e-07
      vertex 20.332 22.0589 5.72205e-07
    endloop
  endfacet
  facet normal -0.682583 -0.730808 0
    outer loop
      vertex 20.332 22.0589 5.72205e-07
      vertex 20.3911 22.0037 0.6
      vertex 20.332 22.0589 0.6
    endloop
  endfacet
  facet normal -0.682583 -0.730808 -0
    outer loop
      vertex 20.3911 22.0037 0.6
      vertex 20.332 22.0589 5.72205e-07
      vertex 20.3911 22.0037 5.72205e-07
    endloop
  endfacet
  facet normal -0.700221 -0.713926 0
    outer loop
      vertex 20.3911 22.0037 5.72205e-07
      vertex 20.4484 21.9475 0.6
      vertex 20.3911 22.0037 0.6
    endloop
  endfacet
  facet normal -0.700221 -0.713926 -0
    outer loop
      vertex 20.4484 21.9475 0.6
      vertex 20.3911 22.0037 5.72205e-07
      vertex 20.4484 21.9475 5.72205e-07
    endloop
  endfacet
  facet normal -0.715812 -0.698293 0
    outer loop
      vertex 20.5042 21.8903 5.72205e-07
      vertex 20.4484 21.9475 0.6
      vertex 20.4484 21.9475 5.72205e-07
    endloop
  endfacet
  facet normal -0.715812 -0.698293 0
    outer loop
      vertex 20.4484 21.9475 0.6
      vertex 20.5042 21.8903 5.72205e-07
      vertex 20.5042 21.8903 0.6
    endloop
  endfacet
  facet normal -0.733644 -0.679533 0
    outer loop
      vertex 20.5582 21.832 5.72205e-07
      vertex 20.5042 21.8903 0.6
      vertex 20.5042 21.8903 5.72205e-07
    endloop
  endfacet
  facet normal -0.733644 -0.679533 0
    outer loop
      vertex 20.5042 21.8903 0.6
      vertex 20.5582 21.832 5.72205e-07
      vertex 20.5582 21.832 0.6
    endloop
  endfacet
  facet normal -0.755313 -0.655364 0
    outer loop
      vertex 20.61 21.7723 5.72205e-07
      vertex 20.5582 21.832 0.6
      vertex 20.5582 21.832 5.72205e-07
    endloop
  endfacet
  facet normal -0.755313 -0.655364 0
    outer loop
      vertex 20.5582 21.832 0.6
      vertex 20.61 21.7723 5.72205e-07
      vertex 20.61 21.7723 0.6
    endloop
  endfacet
  facet normal -0.779498 -0.626405 0
    outer loop
      vertex 20.6591 21.7112 5.72205e-07
      vertex 20.61 21.7723 0.6
      vertex 20.61 21.7723 5.72205e-07
    endloop
  endfacet
  facet normal -0.779498 -0.626405 0
    outer loop
      vertex 20.61 21.7723 0.6
      vertex 20.6591 21.7112 5.72205e-07
      vertex 20.6591 21.7112 0.6
    endloop
  endfacet
  facet normal -0.804895 -0.593418 0
    outer loop
      vertex 20.7054 21.6484 5.72205e-07
      vertex 20.6591 21.7112 0.6
      vertex 20.6591 21.7112 5.72205e-07
    endloop
  endfacet
  facet normal -0.804895 -0.593418 0
    outer loop
      vertex 20.6591 21.7112 0.6
      vertex 20.7054 21.6484 5.72205e-07
      vertex 20.7054 21.6484 0.6
    endloop
  endfacet
  facet normal -0.827668 -0.561218 0
    outer loop
      vertex 20.749 21.5841 5.72205e-07
      vertex 20.7054 21.6484 0.6
      vertex 20.7054 21.6484 5.72205e-07
    endloop
  endfacet
  facet normal -0.827668 -0.561218 0
    outer loop
      vertex 20.7054 21.6484 0.6
      vertex 20.749 21.5841 5.72205e-07
      vertex 20.749 21.5841 0.6
    endloop
  endfacet
  facet normal -0.84966 -0.527331 0
    outer loop
      vertex 20.7899 21.5182 5.72205e-07
      vertex 20.749 21.5841 0.6
      vertex 20.749 21.5841 5.72205e-07
    endloop
  endfacet
  facet normal -0.84966 -0.527331 0
    outer loop
      vertex 20.749 21.5841 0.6
      vertex 20.7899 21.5182 5.72205e-07
      vertex 20.7899 21.5182 0.6
    endloop
  endfacet
  facet normal -0.870539 -0.4921 0
    outer loop
      vertex 20.828 21.4508 5.72205e-07
      vertex 20.7899 21.5182 0.6
      vertex 20.7899 21.5182 5.72205e-07
    endloop
  endfacet
  facet normal -0.870539 -0.4921 0
    outer loop
      vertex 20.7899 21.5182 0.6
      vertex 20.828 21.4508 5.72205e-07
      vertex 20.828 21.4508 0.6
    endloop
  endfacet
  facet normal -0.889992 -0.455976 0
    outer loop
      vertex 20.8633 21.3819 5.72205e-07
      vertex 20.828 21.4508 0.6
      vertex 20.828 21.4508 5.72205e-07
    endloop
  endfacet
  facet normal -0.889992 -0.455976 0
    outer loop
      vertex 20.828 21.4508 0.6
      vertex 20.8633 21.3819 5.72205e-07
      vertex 20.8633 21.3819 0.6
    endloop
  endfacet
  facet normal -0.913599 -0.406616 0
    outer loop
      vertex 20.8949 21.3109 5.72205e-07
      vertex 20.8633 21.3819 0.6
      vertex 20.8633 21.3819 5.72205e-07
    endloop
  endfacet
  facet normal -0.913599 -0.406616 0
    outer loop
      vertex 20.8633 21.3819 0.6
      vertex 20.8949 21.3109 5.72205e-07
      vertex 20.8949 21.3109 0.6
    endloop
  endfacet
  facet normal -0.939606 -0.342258 0
    outer loop
      vertex 20.9216 21.2376 5.72205e-07
      vertex 20.8949 21.3109 0.6
      vertex 20.8949 21.3109 5.72205e-07
    endloop
  endfacet
  facet normal -0.939606 -0.342258 0
    outer loop
      vertex 20.8949 21.3109 0.6
      vertex 20.9216 21.2376 5.72205e-07
      vertex 20.9216 21.2376 0.6
    endloop
  endfacet
  facet normal -0.960609 -0.277904 0
    outer loop
      vertex 20.9435 21.1619 5.72205e-07
      vertex 20.9216 21.2376 0.6
      vertex 20.9216 21.2376 5.72205e-07
    endloop
  endfacet
  facet normal -0.960609 -0.277904 0
    outer loop
      vertex 20.9216 21.2376 0.6
      vertex 20.9435 21.1619 5.72205e-07
      vertex 20.9435 21.1619 0.6
    endloop
  endfacet
  facet normal -0.977063 -0.21295 0
    outer loop
      vertex 20.9605 21.0839 5.72205e-07
      vertex 20.9435 21.1619 0.6
      vertex 20.9435 21.1619 5.72205e-07
    endloop
  endfacet
  facet normal -0.977063 -0.21295 0
    outer loop
      vertex 20.9435 21.1619 0.6
      vertex 20.9605 21.0839 5.72205e-07
      vertex 20.9605 21.0839 0.6
    endloop
  endfacet
  facet normal -0.988864 -0.148822 0
    outer loop
      vertex 20.9726 21.0035 5.72205e-07
      vertex 20.9605 21.0839 0.6
      vertex 20.9605 21.0839 5.72205e-07
    endloop
  endfacet
  facet normal -0.988864 -0.148822 0
    outer loop
      vertex 20.9605 21.0839 0.6
      vertex 20.9726 21.0035 5.72205e-07
      vertex 20.9726 21.0035 0.6
    endloop
  endfacet
  facet normal -0.996127 -0.087929 0
    outer loop
      vertex 20.9799 20.9208 5.72205e-07
      vertex 20.9726 21.0035 0.6
      vertex 20.9726 21.0035 5.72205e-07
    endloop
  endfacet
  facet normal -0.996127 -0.087929 0
    outer loop
      vertex 20.9726 21.0035 0.6
      vertex 20.9799 20.9208 5.72205e-07
      vertex 20.9799 20.9208 0.6
    endloop
  endfacet
  facet normal -0.99957 -0.0293301 0
    outer loop
      vertex 20.9824 20.8356 5.72205e-07
      vertex 20.9799 20.9208 0.6
      vertex 20.9799 20.9208 5.72205e-07
    endloop
  endfacet
  facet normal -0.99957 -0.0293301 0
    outer loop
      vertex 20.9799 20.9208 0.6
      vertex 20.9824 20.8356 5.72205e-07
      vertex 20.9824 20.8356 0.6
    endloop
  endfacet
  facet normal -0.998854 0.0478644 0
    outer loop
      vertex 20.9748 20.677 5.72205e-07
      vertex 20.9824 20.8356 0.6
      vertex 20.9824 20.8356 5.72205e-07
    endloop
  endfacet
  facet normal -0.998854 0.0478644 0
    outer loop
      vertex 20.9824 20.8356 0.6
      vertex 20.9748 20.677 5.72205e-07
      vertex 20.9748 20.677 0.6
    endloop
  endfacet
  facet normal -0.988387 0.151957 0
    outer loop
      vertex 20.952 20.5287 5.72205e-07
      vertex 20.9748 20.677 0.6
      vertex 20.9748 20.677 5.72205e-07
    endloop
  endfacet
  facet normal -0.988387 0.151957 0
    outer loop
      vertex 20.9748 20.677 0.6
      vertex 20.952 20.5287 5.72205e-07
      vertex 20.952 20.5287 0.6
    endloop
  endfacet
  facet normal -0.963968 0.266019 0
    outer loop
      vertex 20.914 20.391 5.72205e-07
      vertex 20.952 20.5287 0.6
      vertex 20.952 20.5287 5.72205e-07
    endloop
  endfacet
  facet normal -0.963968 0.266019 0
    outer loop
      vertex 20.952 20.5287 0.6
      vertex 20.914 20.391 5.72205e-07
      vertex 20.914 20.391 0.6
    endloop
  endfacet
  facet normal -0.922669 0.385593 0
    outer loop
      vertex 20.8608 20.2637 5.72205e-07
      vertex 20.914 20.391 0.6
      vertex 20.914 20.391 5.72205e-07
    endloop
  endfacet
  facet normal -0.922669 0.385593 0
    outer loop
      vertex 20.914 20.391 0.6
      vertex 20.8608 20.2637 5.72205e-07
      vertex 20.8608 20.2637 0.6
    endloop
  endfacet
  facet normal -0.86292 0.50534 0
    outer loop
      vertex 20.7924 20.1469 5.72205e-07
      vertex 20.8608 20.2637 0.6
      vertex 20.8608 20.2637 5.72205e-07
    endloop
  endfacet
  facet normal -0.86292 0.50534 0
    outer loop
      vertex 20.8608 20.2637 0.6
      vertex 20.7924 20.1469 5.72205e-07
      vertex 20.7924 20.1469 0.6
    endloop
  endfacet
  facet normal -0.786677 0.617364 0
    outer loop
      vertex 20.7089 20.0405 5.72205e-07
      vertex 20.7924 20.1469 0.6
      vertex 20.7924 20.1469 5.72205e-07
    endloop
  endfacet
  facet normal -0.786677 0.617364 0
    outer loop
      vertex 20.7924 20.1469 0.6
      vertex 20.7089 20.0405 5.72205e-07
      vertex 20.7089 20.0405 0.6
    endloop
  endfacet
  facet normal -0.696497 0.717559 0
    outer loop
      vertex 20.7089 20.0405 5.72205e-07
      vertex 20.6101 19.9446 0.6
      vertex 20.7089 20.0405 0.6
    endloop
  endfacet
  facet normal -0.696497 0.717559 0
    outer loop
      vertex 20.6101 19.9446 0.6
      vertex 20.7089 20.0405 5.72205e-07
      vertex 20.6101 19.9446 5.72205e-07
    endloop
  endfacet
  facet normal -0.597499 0.801869 0
    outer loop
      vertex 20.6101 19.9446 5.72205e-07
      vertex 20.4971 19.8604 0.6
      vertex 20.6101 19.9446 0.6
    endloop
  endfacet
  facet normal -0.597499 0.801869 0
    outer loop
      vertex 20.4971 19.8604 0.6
      vertex 20.6101 19.9446 5.72205e-07
      vertex 20.4971 19.8604 5.72205e-07
    endloop
  endfacet
  facet normal -0.491898 0.870653 0
    outer loop
      vertex 20.4971 19.8604 5.72205e-07
      vertex 20.3709 19.7891 0.6
      vertex 20.4971 19.8604 0.6
    endloop
  endfacet
  facet normal -0.491898 0.870653 0
    outer loop
      vertex 20.3709 19.7891 0.6
      vertex 20.4971 19.8604 5.72205e-07
      vertex 20.3709 19.7891 5.72205e-07
    endloop
  endfacet
  facet normal -0.386073 0.922468 0
    outer loop
      vertex 20.3709 19.7891 5.72205e-07
      vertex 20.2316 19.7308 0.6
      vertex 20.3709 19.7891 0.6
    endloop
  endfacet
  facet normal -0.386073 0.922468 0
    outer loop
      vertex 20.2316 19.7308 0.6
      vertex 20.3709 19.7891 5.72205e-07
      vertex 20.2316 19.7308 5.72205e-07
    endloop
  endfacet
  facet normal -0.28458 0.958652 0
    outer loop
      vertex 20.2316 19.7308 5.72205e-07
      vertex 20.079 19.6855 0.6
      vertex 20.2316 19.7308 0.6
    endloop
  endfacet
  facet normal -0.28458 0.958652 0
    outer loop
      vertex 20.079 19.6855 0.6
      vertex 20.2316 19.7308 5.72205e-07
      vertex 20.079 19.6855 5.72205e-07
    endloop
  endfacet
  facet normal -0.191789 0.981436 0
    outer loop
      vertex 20.079 19.6855 5.72205e-07
      vertex 19.9132 19.6531 0.6
      vertex 20.079 19.6855 0.6
    endloop
  endfacet
  facet normal -0.191789 0.981436 0
    outer loop
      vertex 19.9132 19.6531 0.6
      vertex 20.079 19.6855 5.72205e-07
      vertex 19.9132 19.6531 5.72205e-07
    endloop
  endfacet
  facet normal -0.107749 0.994178 0
    outer loop
      vertex 19.9132 19.6531 5.72205e-07
      vertex 19.7342 19.6337 0.6
      vertex 19.9132 19.6531 0.6
    endloop
  endfacet
  facet normal -0.107749 0.994178 0
    outer loop
      vertex 19.7342 19.6337 0.6
      vertex 19.9132 19.6531 5.72205e-07
      vertex 19.7342 19.6337 5.72205e-07
    endloop
  endfacet
  facet normal -0.0337996 0.999429 0
    outer loop
      vertex 19.7342 19.6337 5.72205e-07
      vertex 19.542 19.6272 0.6
      vertex 19.7342 19.6337 0.6
    endloop
  endfacet
  facet normal -0.0337996 0.999429 0
    outer loop
      vertex 19.542 19.6272 0.6
      vertex 19.7342 19.6337 5.72205e-07
      vertex 19.542 19.6272 5.72205e-07
    endloop
  endfacet
  facet normal 0.0358514 0.999357 -0
    outer loop
      vertex 19.542 19.6272 5.72205e-07
      vertex 19.3636 19.6336 0.6
      vertex 19.542 19.6272 0.6
    endloop
  endfacet
  facet normal 0.0358514 0.999357 0
    outer loop
      vertex 19.3636 19.6336 0.6
      vertex 19.542 19.6272 5.72205e-07
      vertex 19.3636 19.6336 5.72205e-07
    endloop
  endfacet
  facet normal 0.114467 0.993427 -0
    outer loop
      vertex 19.3636 19.6336 5.72205e-07
      vertex 19.1961 19.6529 0.6
      vertex 19.3636 19.6336 0.6
    endloop
  endfacet
  facet normal 0.114467 0.993427 0
    outer loop
      vertex 19.1961 19.6529 0.6
      vertex 19.3636 19.6336 5.72205e-07
      vertex 19.1961 19.6529 5.72205e-07
    endloop
  endfacet
  facet normal 0.200451 0.979704 -0
    outer loop
      vertex 19.1961 19.6529 5.72205e-07
      vertex 19.0397 19.6849 0.6
      vertex 19.1961 19.6529 0.6
    endloop
  endfacet
  facet normal 0.200451 0.979704 0
    outer loop
      vertex 19.0397 19.6849 0.6
      vertex 19.1961 19.6529 5.72205e-07
      vertex 19.0397 19.6849 5.72205e-07
    endloop
  endfacet
  facet normal 0.295241 0.955423 -0
    outer loop
      vertex 19.0397 19.6849 5.72205e-07
      vertex 18.8944 19.7298 0.6
      vertex 19.0397 19.6849 0.6
    endloop
  endfacet
  facet normal 0.295241 0.955423 0
    outer loop
      vertex 18.8944 19.7298 0.6
      vertex 19.0397 19.6849 5.72205e-07
      vertex 18.8944 19.7298 5.72205e-07
    endloop
  endfacet
  facet normal 0.395074 0.918649 -0
    outer loop
      vertex 18.8944 19.7298 5.72205e-07
      vertex 18.76 19.7876 0.6
      vertex 18.8944 19.7298 0.6
    endloop
  endfacet
  facet normal 0.395074 0.918649 0
    outer loop
      vertex 18.76 19.7876 0.6
      vertex 18.8944 19.7298 5.72205e-07
      vertex 18.76 19.7876 5.72205e-07
    endloop
  endfacet
  facet normal 0.496366 0.868113 -0
    outer loop
      vertex 18.76 19.7876 5.72205e-07
      vertex 18.6367 19.8581 0.6
      vertex 18.76 19.7876 0.6
    endloop
  endfacet
  facet normal 0.496366 0.868113 0
    outer loop
      vertex 18.6367 19.8581 0.6
      vertex 18.76 19.7876 5.72205e-07
      vertex 18.6367 19.8581 5.72205e-07
    endloop
  endfacet
  facet normal 0.595877 0.803076 -0
    outer loop
      vertex 18.6367 19.8581 5.72205e-07
      vertex 18.5243 19.9415 0.6
      vertex 18.6367 19.8581 0.6
    endloop
  endfacet
  facet normal 0.595877 0.803076 0
    outer loop
      vertex 18.5243 19.9415 0.6
      vertex 18.6367 19.8581 5.72205e-07
      vertex 18.5243 19.9415 5.72205e-07
    endloop
  endfacet
  facet normal 0.688863 0.724891 -0
    outer loop
      vertex 18.5243 19.9415 5.72205e-07
      vertex 18.4237 20.0371 0.6
      vertex 18.5243 19.9415 0.6
    endloop
  endfacet
  facet normal 0.688863 0.724891 0
    outer loop
      vertex 18.4237 20.0371 0.6
      vertex 18.5243 19.9415 5.72205e-07
      vertex 18.4237 20.0371 5.72205e-07
    endloop
  endfacet
  facet normal 0.771515 0.636212 0
    outer loop
      vertex 18.4237 20.0371 0.6
      vertex 18.3353 20.1443 5.72205e-07
      vertex 18.3353 20.1443 0.6
    endloop
  endfacet
  facet normal 0.771515 0.636212 0
    outer loop
      vertex 18.3353 20.1443 5.72205e-07
      vertex 18.4237 20.0371 0.6
      vertex 18.4237 20.0371 5.72205e-07
    endloop
  endfacet
  facet normal 0.841524 0.54022 0
    outer loop
      vertex 18.3353 20.1443 0.6
      vertex 18.2591 20.263 5.72205e-07
      vertex 18.2591 20.263 0.6
    endloop
  endfacet
  facet normal 0.841524 0.54022 0
    outer loop
      vertex 18.2591 20.263 5.72205e-07
      vertex 18.3353 20.1443 0.6
      vertex 18.3353 20.1443 5.72205e-07
    endloop
  endfacet
  facet normal 0.898251 0.439482 0
    outer loop
      vertex 18.2591 20.263 0.6
      vertex 18.1953 20.3934 5.72205e-07
      vertex 18.1953 20.3934 0.6
    endloop
  endfacet
  facet normal 0.898251 0.439482 0
    outer loop
      vertex 18.1953 20.3934 5.72205e-07
      vertex 18.2591 20.263 0.6
      vertex 18.2591 20.263 5.72205e-07
    endloop
  endfacet
  facet normal 0.939793 0.341743 0
    outer loop
      vertex 18.1953 20.3934 0.6
      vertex 18.1437 20.5353 5.72205e-07
      vertex 18.1437 20.5353 0.6
    endloop
  endfacet
  facet normal 0.939793 0.341743 0
    outer loop
      vertex 18.1437 20.5353 5.72205e-07
      vertex 18.1953 20.3934 0.6
      vertex 18.1953 20.3934 5.72205e-07
    endloop
  endfacet
  facet normal 0.968602 0.248618 0
    outer loop
      vertex 18.1437 20.5353 0.6
      vertex 18.1043 20.6888 5.72205e-07
      vertex 18.1043 20.6888 0.6
    endloop
  endfacet
  facet normal 0.968602 0.248618 0
    outer loop
      vertex 18.1043 20.6888 5.72205e-07
      vertex 18.1437 20.5353 0.6
      vertex 18.1437 20.5353 5.72205e-07
    endloop
  endfacet
  facet normal 0.98689 0.161393 0
    outer loop
      vertex 18.1043 20.6888 0.6
      vertex 18.0773 20.8539 5.72205e-07
      vertex 18.0773 20.8539 0.6
    endloop
  endfacet
  facet normal 0.98689 0.161393 0
    outer loop
      vertex 18.0773 20.8539 5.72205e-07
      vertex 18.1043 20.6888 0.6
      vertex 18.1043 20.6888 5.72205e-07
    endloop
  endfacet
  facet normal 0.0565329 -0.998401 0
    outer loop
      vertex 18.0773 20.8539 5.72205e-07
      vertex 18.9409 20.9028 0.6
      vertex 18.0773 20.8539 0.6
    endloop
  endfacet
  facet normal 0.0565329 -0.998401 0
    outer loop
      vertex 18.9409 20.9028 0.6
      vertex 18.0773 20.8539 5.72205e-07
      vertex 18.9409 20.9028 5.72205e-07
    endloop
  endfacet
  facet normal -0.984989 -0.172615 0
    outer loop
      vertex 18.9552 20.8212 5.72205e-07
      vertex 18.9409 20.9028 0.6
      vertex 18.9409 20.9028 5.72205e-07
    endloop
  endfacet
  facet normal -0.984989 -0.172615 0
    outer loop
      vertex 18.9409 20.9028 0.6
      vertex 18.9552 20.8212 5.72205e-07
      vertex 18.9552 20.8212 0.6
    endloop
  endfacet
  facet normal -0.971564 -0.236778 0
    outer loop
      vertex 18.9736 20.7457 5.72205e-07
      vertex 18.9552 20.8212 0.6
      vertex 18.9552 20.8212 5.72205e-07
    endloop
  endfacet
  facet normal -0.971564 -0.236778 0
    outer loop
      vertex 18.9552 20.8212 0.6
      vertex 18.9736 20.7457 5.72205e-07
      vertex 18.9736 20.7457 0.6
    endloop
  endfacet
  facet normal -0.950581 -0.310477 0
    outer loop
      vertex 18.9963 20.6762 5.72205e-07
      vertex 18.9736 20.7457 0.6
      vertex 18.9736 20.7457 5.72205e-07
    endloop
  endfacet
  facet normal -0.950581 -0.310477 0
    outer loop
      vertex 18.9736 20.7457 0.6
      vertex 18.9963 20.6762 5.72205e-07
      vertex 18.9963 20.6762 0.6
    endloop
  endfacet
  facet normal -0.921088 -0.389356 0
    outer loop
      vertex 19.0231 20.6128 5.72205e-07
      vertex 18.9963 20.6762 0.6
      vertex 18.9963 20.6762 5.72205e-07
    endloop
  endfacet
  facet normal -0.921088 -0.389356 0
    outer loop
      vertex 18.9963 20.6762 0.6
      vertex 19.0231 20.6128 5.72205e-07
      vertex 19.0231 20.6128 0.6
    endloop
  endfacet
  facet normal -0.87988 -0.475196 0
    outer loop
      vertex 19.0541 20.5554 5.72205e-07
      vertex 19.0231 20.6128 0.6
      vertex 19.0231 20.6128 5.72205e-07
    endloop
  endfacet
  facet normal -0.87988 -0.475196 0
    outer loop
      vertex 19.0231 20.6128 0.6
      vertex 19.0541 20.5554 5.72205e-07
      vertex 19.0541 20.5554 0.6
    endloop
  endfacet
  facet normal -0.825307 -0.564684 0
    outer loop
      vertex 19.0892 20.5041 5.72205e-07
      vertex 19.0541 20.5554 0.6
      vertex 19.0541 20.5554 5.72205e-07
    endloop
  endfacet
  facet normal -0.825307 -0.564684 0
    outer loop
      vertex 19.0541 20.5554 0.6
      vertex 19.0892 20.5041 5.72205e-07
      vertex 19.0892 20.5041 0.6
    endloop
  endfacet
  facet normal -0.754534 -0.656261 0
    outer loop
      vertex 19.1286 20.4588 5.72205e-07
      vertex 19.0892 20.5041 0.6
      vertex 19.0892 20.5041 5.72205e-07
    endloop
  endfacet
  facet normal -0.754534 -0.656261 0
    outer loop
      vertex 19.0892 20.5041 0.6
      vertex 19.1286 20.4588 5.72205e-07
      vertex 19.1286 20.4588 0.6
    endloop
  endfacet
  facet normal -0.66615 -0.745817 0
    outer loop
      vertex 19.1286 20.4588 5.72205e-07
      vertex 19.1726 20.4195 0.6
      vertex 19.1286 20.4588 0.6
    endloop
  endfacet
  facet normal -0.66615 -0.745817 -0
    outer loop
      vertex 19.1726 20.4195 0.6
      vertex 19.1286 20.4588 5.72205e-07
      vertex 19.1726 20.4195 5.72205e-07
    endloop
  endfacet
  facet normal -0.557798 -0.829977 0
    outer loop
      vertex 19.1726 20.4195 5.72205e-07
      vertex 19.222 20.3863 0.6
      vertex 19.1726 20.4195 0.6
    endloop
  endfacet
  facet normal -0.557798 -0.829977 -0
    outer loop
      vertex 19.222 20.3863 0.6
      vertex 19.1726 20.4195 5.72205e-07
      vertex 19.222 20.3863 5.72205e-07
    endloop
  endfacet
  facet normal -0.445902 -0.895082 0
    outer loop
      vertex 19.222 20.3863 5.72205e-07
      vertex 19.2766 20.3591 0.6
      vertex 19.222 20.3863 0.6
    endloop
  endfacet
  facet normal -0.445902 -0.895082 -0
    outer loop
      vertex 19.2766 20.3591 0.6
      vertex 19.222 20.3863 5.72205e-07
      vertex 19.2766 20.3591 5.72205e-07
    endloop
  endfacet
  facet normal -0.333149 -0.942874 0
    outer loop
      vertex 19.2766 20.3591 5.72205e-07
      vertex 19.3366 20.3379 0.6
      vertex 19.2766 20.3591 0.6
    endloop
  endfacet
  facet normal -0.333149 -0.942874 -0
    outer loop
      vertex 19.3366 20.3379 0.6
      vertex 19.2766 20.3591 5.72205e-07
      vertex 19.3366 20.3379 5.72205e-07
    endloop
  endfacet
  facet normal -0.225623 -0.974215 0
    outer loop
      vertex 19.3366 20.3379 5.72205e-07
      vertex 19.4018 20.3228 0.6
      vertex 19.3366 20.3379 0.6
    endloop
  endfacet
  facet normal -0.225623 -0.974215 -0
    outer loop
      vertex 19.4018 20.3228 0.6
      vertex 19.3366 20.3379 5.72205e-07
      vertex 19.4018 20.3228 5.72205e-07
    endloop
  endfacet
  facet normal -0.126632 -0.99195 0
    outer loop
      vertex 19.4018 20.3228 5.72205e-07
      vertex 19.4723 20.3138 0.6
      vertex 19.4018 20.3228 0.6
    endloop
  endfacet
  facet normal -0.126632 -0.99195 -0
    outer loop
      vertex 19.4723 20.3138 0.6
      vertex 19.4018 20.3228 5.72205e-07
      vertex 19.4723 20.3138 5.72205e-07
    endloop
  endfacet
  facet normal -0.0395469 -0.999218 0
    outer loop
      vertex 19.4723 20.3138 5.72205e-07
      vertex 19.5481 20.3108 0.6
      vertex 19.4723 20.3138 0.6
    endloop
  endfacet
  facet normal -0.0395469 -0.999218 -0
    outer loop
      vertex 19.5481 20.3108 0.6
      vertex 19.4723 20.3138 5.72205e-07
      vertex 19.5481 20.3108 5.72205e-07
    endloop
  endfacet
  facet normal 0.0758821 -0.997117 0
    outer loop
      vertex 19.5481 20.3108 5.72205e-07
      vertex 19.6979 20.3222 0.6
      vertex 19.5481 20.3108 0.6
    endloop
  endfacet
  facet normal 0.0758821 -0.997117 0
    outer loop
      vertex 19.6979 20.3222 0.6
      vertex 19.5481 20.3108 5.72205e-07
      vertex 19.6979 20.3222 5.72205e-07
    endloop
  endfacet
  facet normal 0.262022 -0.965062 0
    outer loop
      vertex 19.6979 20.3222 5.72205e-07
      vertex 19.8246 20.3566 0.6
      vertex 19.6979 20.3222 0.6
    endloop
  endfacet
  facet normal 0.262022 -0.965062 0
    outer loop
      vertex 19.8246 20.3566 0.6
      vertex 19.6979 20.3222 5.72205e-07
      vertex 19.8246 20.3566 5.72205e-07
    endloop
  endfacet
  facet normal 0.483635 -0.87527 0
    outer loop
      vertex 19.8246 20.3566 5.72205e-07
      vertex 19.9283 20.4139 0.6
      vertex 19.8246 20.3566 0.6
    endloop
  endfacet
  facet normal 0.483635 -0.87527 0
    outer loop
      vertex 19.9283 20.4139 0.6
      vertex 19.8246 20.3566 5.72205e-07
      vertex 19.9283 20.4139 5.72205e-07
    endloop
  endfacet
  facet normal 0.704906 -0.709301 0
    outer loop
      vertex 19.9283 20.4139 5.72205e-07
      vertex 20.009 20.4941 0.6
      vertex 19.9283 20.4139 0.6
    endloop
  endfacet
  facet normal 0.704906 -0.709301 0
    outer loop
      vertex 20.009 20.4941 0.6
      vertex 19.9283 20.4139 5.72205e-07
      vertex 20.009 20.4941 5.72205e-07
    endloop
  endfacet
  facet normal 0.872997 -0.487726 0
    outer loop
      vertex 20.009 20.4941 0.6
      vertex 20.0666 20.5972 5.72205e-07
      vertex 20.0666 20.5972 0.6
    endloop
  endfacet
  facet normal 0.872997 -0.487726 0
    outer loop
      vertex 20.0666 20.5972 5.72205e-07
      vertex 20.009 20.4941 0.6
      vertex 20.009 20.4941 5.72205e-07
    endloop
  endfacet
  facet normal 0.964552 -0.263894 0
    outer loop
      vertex 20.0666 20.5972 0.6
      vertex 20.1011 20.7233 5.72205e-07
      vertex 20.1011 20.7233 0.6
    endloop
  endfacet
  facet normal 0.964552 -0.263894 0
    outer loop
      vertex 20.1011 20.7233 5.72205e-07
      vertex 20.0666 20.5972 0.6
      vertex 20.0666 20.5972 5.72205e-07
    endloop
  endfacet
  facet normal 0.997035 -0.0769523 0
    outer loop
      vertex 20.1011 20.7233 0.6
      vertex 20.1126 20.8723 5.72205e-07
      vertex 20.1126 20.8723 0.6
    endloop
  endfacet
  facet normal 0.997035 -0.0769523 0
    outer loop
      vertex 20.1126 20.8723 5.72205e-07
      vertex 20.1011 20.7233 0.6
      vertex 20.1011 20.7233 5.72205e-07
    endloop
  endfacet
  facet normal 0.998408 0.0563986 0
    outer loop
      vertex 20.1126 20.8723 0.6
      vertex 20.1089 20.9378 5.72205e-07
      vertex 20.1089 20.9378 0.6
    endloop
  endfacet
  facet normal 0.998408 0.0563986 0
    outer loop
      vertex 20.1089 20.9378 5.72205e-07
      vertex 20.1126 20.8723 0.6
      vertex 20.1126 20.8723 5.72205e-07
    endloop
  endfacet
  facet normal 0.986151 0.165853 0
    outer loop
      vertex 20.1089 20.9378 0.6
      vertex 20.0978 21.0038 5.72205e-07
      vertex 20.0978 21.0038 0.6
    endloop
  endfacet
  facet normal 0.986151 0.165853 0
    outer loop
      vertex 20.0978 21.0038 5.72205e-07
      vertex 20.1089 20.9378 0.6
      vertex 20.1089 20.9378 5.72205e-07
    endloop
  endfacet
  facet normal 0.963205 0.268768 0
    outer loop
      vertex 20.0978 21.0038 0.6
      vertex 20.0793 21.0701 5.72205e-07
      vertex 20.0793 21.0701 0.6
    endloop
  endfacet
  facet normal 0.963205 0.268768 0
    outer loop
      vertex 20.0793 21.0701 5.72205e-07
      vertex 20.0978 21.0038 0.6
      vertex 20.0978 21.0038 5.72205e-07
    endloop
  endfacet
  facet normal 0.931716 0.363188 0
    outer loop
      vertex 20.0793 21.0701 0.6
      vertex 20.0533 21.1368 5.72205e-07
      vertex 20.0533 21.1368 0.6
    endloop
  endfacet
  facet normal 0.931716 0.363188 0
    outer loop
      vertex 20.0533 21.1368 5.72205e-07
      vertex 20.0793 21.0701 0.6
      vertex 20.0793 21.0701 5.72205e-07
    endloop
  endfacet
  facet normal 0.895758 0.444542 0
    outer loop
      vertex 20.0533 21.1368 0.6
      vertex 20.02 21.2039 5.72205e-07
      vertex 20.02 21.2039 0.6
    endloop
  endfacet
  facet normal 0.895758 0.444542 0
    outer loop
      vertex 20.02 21.2039 5.72205e-07
      vertex 20.0533 21.1368 0.6
      vertex 20.0533 21.1368 5.72205e-07
    endloop
  endfacet
  facet normal 0.85547 0.517852 0
    outer loop
      vertex 20.02 21.2039 0.6
      vertex 19.9792 21.2713 5.72205e-07
      vertex 19.9792 21.2713 0.6
    endloop
  endfacet
  facet normal 0.85547 0.517852 0
    outer loop
      vertex 19.9792 21.2713 5.72205e-07
      vertex 20.02 21.2039 0.6
      vertex 20.02 21.2039 5.72205e-07
    endloop
  endfacet
  facet normal 0.815599 0.578618 0
    outer loop
      vertex 19.9792 21.2713 0.6
      vertex 19.9311 21.3391 5.72205e-07
      vertex 19.9311 21.3391 0.6
    endloop
  endfacet
  facet normal 0.815599 0.578618 0
    outer loop
      vertex 19.9311 21.3391 5.72205e-07
      vertex 19.9792 21.2713 0.6
      vertex 19.9792 21.2713 5.72205e-07
    endloop
  endfacet
  facet normal 0.776349 0.630303 0
    outer loop
      vertex 19.9311 21.3391 0.6
      vertex 19.8737 21.4098 5.72205e-07
      vertex 19.8737 21.4098 0.6
    endloop
  endfacet
  facet normal 0.776349 0.630303 0
    outer loop
      vertex 19.8737 21.4098 5.72205e-07
      vertex 19.9311 21.3391 0.6
      vertex 19.9311 21.3391 5.72205e-07
    endloop
  endfacet
  facet normal 0.742417 0.669938 0
    outer loop
      vertex 19.8737 21.4098 0.6
      vertex 19.8053 21.4856 5.72205e-07
      vertex 19.8053 21.4856 0.6
    endloop
  endfacet
  facet normal 0.742417 0.669938 0
    outer loop
      vertex 19.8053 21.4856 5.72205e-07
      vertex 19.8737 21.4098 0.6
      vertex 19.8737 21.4098 5.72205e-07
    endloop
  endfacet
  facet normal 0.714116 0.700027 0
    outer loop
      vertex 19.8053 21.4856 0.6
      vertex 19.7258 21.5667 5.72205e-07
      vertex 19.7258 21.5667 0.6
    endloop
  endfacet
  facet normal 0.714116 0.700027 0
    outer loop
      vertex 19.7258 21.5667 5.72205e-07
      vertex 19.8053 21.4856 0.6
      vertex 19.8053 21.4856 5.72205e-07
    endloop
  endfacet
  facet normal 0.690514 0.723319 -0
    outer loop
      vertex 19.7258 21.5667 5.72205e-07
      vertex 19.6354 21.653 0.6
      vertex 19.7258 21.5667 0.6
    endloop
  endfacet
  facet normal 0.690514 0.723319 0
    outer loop
      vertex 19.6354 21.653 0.6
      vertex 19.7258 21.5667 5.72205e-07
      vertex 19.6354 21.653 5.72205e-07
    endloop
  endfacet
  facet normal 0.669974 0.742384 -0
    outer loop
      vertex 19.6354 21.653 5.72205e-07
      vertex 19.5339 21.7446 0.6
      vertex 19.6354 21.653 0.6
    endloop
  endfacet
  facet normal 0.669974 0.742384 0
    outer loop
      vertex 19.5339 21.7446 0.6
      vertex 19.6354 21.653 5.72205e-07
      vertex 19.5339 21.7446 5.72205e-07
    endloop
  endfacet
  facet normal 0.651845 0.758352 -0
    outer loop
      vertex 19.5339 21.7446 5.72205e-07
      vertex 19.4214 21.8413 0.6
      vertex 19.5339 21.7446 0.6
    endloop
  endfacet
  facet normal 0.651845 0.758352 0
    outer loop
      vertex 19.4214 21.8413 0.6
      vertex 19.5339 21.7446 5.72205e-07
      vertex 19.4214 21.8413 5.72205e-07
    endloop
  endfacet
  facet normal 0.636801 0.771028 -0
    outer loop
      vertex 19.4214 21.8413 5.72205e-07
      vertex 19.2979 21.9433 0.6
      vertex 19.4214 21.8413 0.6
    endloop
  endfacet
  facet normal 0.636801 0.771028 0
    outer loop
      vertex 19.2979 21.9433 0.6
      vertex 19.4214 21.8413 5.72205e-07
      vertex 19.2979 21.9433 5.72205e-07
    endloop
  endfacet
  facet normal 0.63752 0.770434 -0
    outer loop
      vertex 19.2979 21.9433 5.72205e-07
      vertex 19.1669 22.0517 0.6
      vertex 19.2979 21.9433 0.6
    endloop
  endfacet
  facet normal 0.63752 0.770434 0
    outer loop
      vertex 19.1669 22.0517 0.6
      vertex 19.2979 21.9433 5.72205e-07
      vertex 19.1669 22.0517 5.72205e-07
    endloop
  endfacet
  facet normal 0.652144 0.758095 -0
    outer loop
      vertex 19.1669 22.0517 5.72205e-07
      vertex 19.0424 22.1588 0.6
      vertex 19.1669 22.0517 0.6
    endloop
  endfacet
  facet normal 0.652144 0.758095 0
    outer loop
      vertex 19.0424 22.1588 0.6
      vertex 19.1669 22.0517 5.72205e-07
      vertex 19.0424 22.1588 5.72205e-07
    endloop
  endfacet
  facet normal 0.668232 0.743953 -0
    outer loop
      vertex 19.0424 22.1588 5.72205e-07
      vertex 18.9245 22.2647 0.6
      vertex 19.0424 22.1588 0.6
    endloop
  endfacet
  facet normal 0.668232 0.743953 0
    outer loop
      vertex 18.9245 22.2647 0.6
      vertex 19.0424 22.1588 5.72205e-07
      vertex 18.9245 22.2647 5.72205e-07
    endloop
  endfacet
  facet normal 0.684507 0.729006 -0
    outer loop
      vertex 18.9245 22.2647 5.72205e-07
      vertex 18.8131 22.3693 0.6
      vertex 18.9245 22.2647 0.6
    endloop
  endfacet
  facet normal 0.684507 0.729006 0
    outer loop
      vertex 18.8131 22.3693 0.6
      vertex 18.9245 22.2647 5.72205e-07
      vertex 18.8131 22.3693 5.72205e-07
    endloop
  endfacet
  facet normal 0.702336 0.711845 -0
    outer loop
      vertex 18.8131 22.3693 5.72205e-07
      vertex 18.7083 22.4727 0.6
      vertex 18.8131 22.3693 0.6
    endloop
  endfacet
  facet normal 0.702336 0.711845 0
    outer loop
      vertex 18.7083 22.4727 0.6
      vertex 18.8131 22.3693 5.72205e-07
      vertex 18.7083 22.4727 5.72205e-07
    endloop
  endfacet
  facet normal 0.720385 0.693574 0
    outer loop
      vertex 18.7083 22.4727 0.6
      vertex 18.61 22.5748 5.72205e-07
      vertex 18.61 22.5748 0.6
    endloop
  endfacet
  facet normal 0.720385 0.693574 0
    outer loop
      vertex 18.61 22.5748 5.72205e-07
      vertex 18.7083 22.4727 0.6
      vertex 18.7083 22.4727 5.72205e-07
    endloop
  endfacet
  facet normal 0.739675 0.672965 0
    outer loop
      vertex 18.61 22.5748 0.6
      vertex 18.5182 22.6757 5.72205e-07
      vertex 18.5182 22.6757 0.6
    endloop
  endfacet
  facet normal 0.739675 0.672965 0
    outer loop
      vertex 18.5182 22.6757 5.72205e-07
      vertex 18.61 22.5748 0.6
      vertex 18.61 22.5748 5.72205e-07
    endloop
  endfacet
  facet normal 0.761921 0.64767 0
    outer loop
      vertex 18.5182 22.6757 0.6
      vertex 18.4326 22.7764 5.72205e-07
      vertex 18.4326 22.7764 0.6
    endloop
  endfacet
  facet normal 0.761921 0.64767 0
    outer loop
      vertex 18.4326 22.7764 5.72205e-07
      vertex 18.5182 22.6757 0.6
      vertex 18.5182 22.6757 5.72205e-07
    endloop
  endfacet
  facet normal 0.785537 0.618814 0
    outer loop
      vertex 18.4326 22.7764 0.6
      vertex 18.3528 22.8777 5.72205e-07
      vertex 18.3528 22.8777 0.6
    endloop
  endfacet
  facet normal 0.785537 0.618814 0
    outer loop
      vertex 18.3528 22.8777 5.72205e-07
      vertex 18.4326 22.7764 0.6
      vertex 18.4326 22.7764 5.72205e-07
    endloop
  endfacet
  facet normal 0.809968 0.586474 0
    outer loop
      vertex 18.3528 22.8777 0.6
      vertex 18.2788 22.9799 5.72205e-07
      vertex 18.2788 22.9799 0.6
    endloop
  endfacet
  facet normal 0.809968 0.586474 0
    outer loop
      vertex 18.2788 22.9799 5.72205e-07
      vertex 18.3528 22.8777 0.6
      vertex 18.3528 22.8777 5.72205e-07
    endloop
  endfacet
  facet normal 0.833543 0.552455 0
    outer loop
      vertex 18.2788 22.9799 0.6
      vertex 18.2106 23.0828 5.72205e-07
      vertex 18.2106 23.0828 0.6
    endloop
  endfacet
  facet normal 0.833543 0.552455 0
    outer loop
      vertex 18.2106 23.0828 5.72205e-07
      vertex 18.2788 22.9799 0.6
      vertex 18.2788 22.9799 5.72205e-07
    endloop
  endfacet
  facet normal 0.856616 0.515954 0
    outer loop
      vertex 18.2106 23.0828 0.6
      vertex 18.1482 23.1864 5.72205e-07
      vertex 18.1482 23.1864 0.6
    endloop
  endfacet
  facet normal 0.856616 0.515954 0
    outer loop
      vertex 18.1482 23.1864 5.72205e-07
      vertex 18.2106 23.0828 0.6
      vertex 18.2106 23.0828 5.72205e-07
    endloop
  endfacet
  facet normal 0.878763 0.477259 0
    outer loop
      vertex 18.1482 23.1864 0.6
      vertex 18.0915 23.2908 5.72205e-07
      vertex 18.0915 23.2908 0.6
    endloop
  endfacet
  facet normal 0.878763 0.477259 0
    outer loop
      vertex 18.0915 23.2908 5.72205e-07
      vertex 18.1482 23.1864 0.6
      vertex 18.1482 23.1864 5.72205e-07
    endloop
  endfacet
  facet normal 0.900343 0.43518 0
    outer loop
      vertex 18.0915 23.2908 0.6
      vertex 18.0407 23.3959 5.72205e-07
      vertex 18.0407 23.3959 0.6
    endloop
  endfacet
  facet normal 0.900343 0.43518 0
    outer loop
      vertex 18.0407 23.3959 5.72205e-07
      vertex 18.0915 23.2908 0.6
      vertex 18.0915 23.2908 5.72205e-07
    endloop
  endfacet
  facet normal 1 -0 0
    outer loop
      vertex 18.0407 23.3959 0.6
      vertex 18.0407 23.9909 5.72205e-07
      vertex 18.0407 23.9909 0.6
    endloop
  endfacet
  facet normal 1 0 0
    outer loop
      vertex 18.0407 23.9909 5.72205e-07
      vertex 18.0407 23.3959 0.6
      vertex 18.0407 23.3959 5.72205e-07
    endloop
  endfacet
  facet normal 0 -1 0
    outer loop
      vertex 18.0407 23.9909 5.72205e-07
      vertex 21.0495 23.9909 0.6
      vertex 18.0407 23.9909 0.6
    endloop
  endfacet
  facet normal 0 -1 -0
    outer loop
      vertex 21.0495 23.9909 0.6
      vertex 18.0407 23.9909 5.72205e-07
      vertex 21.0495 23.9909 5.72205e-07
    endloop
  endfacet
  facet normal -1 0 0
    outer loop
      vertex 21.0495 23.286 5.72205e-07
      vertex 21.0495 23.9909 0.6
      vertex 21.0495 23.9909 5.72205e-07
    endloop
  endfacet
  facet normal -1 -0 0
    outer loop
      vertex 21.0495 23.9909 0.6
      vertex 21.0495 23.286 5.72205e-07
      vertex 21.0495 23.286 0.6
    endloop
  endfacet
  facet normal -0.106257 -0.994339 0
    outer loop
      vertex 33.3492 24.0451 5.72205e-07
      vertex 33.5401 24.0247 0.6
      vertex 33.3492 24.0451 0.6
    endloop
  endfacet
  facet normal -0.106257 -0.994339 -0
    outer loop
      vertex 33.5401 24.0247 0.6
      vertex 33.3492 24.0451 5.72205e-07
      vertex 33.5401 24.0247 5.72205e-07
    endloop
  endfacet
  facet normal -0.189177 -0.981943 0
    outer loop
      vertex 33.5401 24.0247 5.72205e-07
      vertex 33.7171 23.9906 0.6
      vertex 33.5401 24.0247 0.6
    endloop
  endfacet
  facet normal -0.189177 -0.981943 -0
    outer loop
      vertex 33.7171 23.9906 0.6
      vertex 33.5401 24.0247 5.72205e-07
      vertex 33.7171 23.9906 5.72205e-07
    endloop
  endfacet
  facet normal -0.281401 -0.95959 0
    outer loop
      vertex 33.7171 23.9906 5.72205e-07
      vertex 33.8801 23.9428 0.6
      vertex 33.7171 23.9906 0.6
    endloop
  endfacet
  facet normal -0.281401 -0.95959 -0
    outer loop
      vertex 33.8801 23.9428 0.6
      vertex 33.7171 23.9906 5.72205e-07
      vertex 33.8801 23.9428 5.72205e-07
    endloop
  endfacet
  facet normal -0.380251 -0.924884 0
    outer loop
      vertex 33.8801 23.9428 5.72205e-07
      vertex 34.0292 23.8815 0.6
      vertex 33.8801 23.9428 0.6
    endloop
  endfacet
  facet normal -0.380251 -0.924884 -0
    outer loop
      vertex 34.0292 23.8815 0.6
      vertex 33.8801 23.9428 5.72205e-07
      vertex 34.0292 23.8815 5.72205e-07
    endloop
  endfacet
  facet normal -0.485094 -0.874462 0
    outer loop
      vertex 34.0292 23.8815 5.72205e-07
      vertex 34.1644 23.8065 0.6
      vertex 34.0292 23.8815 0.6
    endloop
  endfacet
  facet normal -0.485094 -0.874462 -0
    outer loop
      vertex 34.1644 23.8065 0.6
      vertex 34.0292 23.8815 5.72205e-07
      vertex 34.1644 23.8065 5.72205e-07
    endloop
  endfacet
  facet normal -0.590584 -0.806976 0
    outer loop
      vertex 34.1644 23.8065 5.72205e-07
      vertex 34.2856 23.7178 0.6
      vertex 34.1644 23.8065 0.6
    endloop
  endfacet
  facet normal -0.590584 -0.806976 -0
    outer loop
      vertex 34.2856 23.7178 0.6
      vertex 34.1644 23.8065 5.72205e-07
      vertex 34.2856 23.7178 5.72205e-07
    endloop
  endfacet
  facet normal -0.689826 -0.723975 0
    outer loop
      vertex 34.2856 23.7178 5.72205e-07
      vertex 34.3916 23.6168 0.6
      vertex 34.2856 23.7178 0.6
    endloop
  endfacet
  facet normal -0.689826 -0.723975 -0
    outer loop
      vertex 34.3916 23.6168 0.6
      vertex 34.2856 23.7178 5.72205e-07
      vertex 34.3916 23.6168 5.72205e-07
    endloop
  endfacet
  facet normal -0.780189 -0.625544 0
    outer loop
      vertex 34.4814 23.5048 5.72205e-07
      vertex 34.3916 23.6168 0.6
      vertex 34.3916 23.6168 5.72205e-07
    endloop
  endfacet
  facet normal -0.780189 -0.625544 0
    outer loop
      vertex 34.3916 23.6168 0.6
      vertex 34.4814 23.5048 5.72205e-07
      vertex 34.4814 23.5048 0.6
    endloop
  endfacet
  facet normal -0.858722 -0.512441 0
    outer loop
      vertex 34.5548 23.3818 5.72205e-07
      vertex 34.4814 23.5048 0.6
      vertex 34.4814 23.5048 5.72205e-07
    endloop
  endfacet
  facet normal -0.858722 -0.512441 0
    outer loop
      vertex 34.4814 23.5048 0.6
      vertex 34.5548 23.3818 5.72205e-07
      vertex 34.5548 23.3818 0.6
    endloop
  endfacet
  facet normal -0.920065 -0.391765 0
    outer loop
      vertex 34.6119 23.2477 5.72205e-07
      vertex 34.5548 23.3818 0.6
      vertex 34.5548 23.3818 5.72205e-07
    endloop
  endfacet
  facet normal -0.920065 -0.391765 0
    outer loop
      vertex 34.5548 23.3818 0.6
      vertex 34.6119 23.2477 5.72205e-07
      vertex 34.6119 23.2477 0.6
    endloop
  endfacet
  facet normal -0.962618 -0.270861 0
    outer loop
      vertex 34.6527 23.1027 5.72205e-07
      vertex 34.6119 23.2477 0.6
      vertex 34.6119 23.2477 5.72205e-07
    endloop
  endfacet
  facet normal -0.962618 -0.270861 0
    outer loop
      vertex 34.6119 23.2477 0.6
      vertex 34.6527 23.1027 5.72205e-07
      vertex 34.6527 23.1027 0.6
    endloop
  endfacet
  facet normal -0.987906 -0.155053 0
    outer loop
      vertex 34.6772 22.9466 5.72205e-07
      vertex 34.6527 23.1027 0.6
      vertex 34.6527 23.1027 5.72205e-07
    endloop
  endfacet
  facet normal -0.987906 -0.155053 0
    outer loop
      vertex 34.6527 23.1027 0.6
      vertex 34.6772 22.9466 5.72205e-07
      vertex 34.6772 22.9466 0.6
    endloop
  endfacet
  facet normal -0.998829 -0.0483882 0
    outer loop
      vertex 34.6853 22.7794 5.72205e-07
      vertex 34.6772 22.9466 0.6
      vertex 34.6772 22.9466 5.72205e-07
    endloop
  endfacet
  facet normal -0.998829 -0.0483882 0
    outer loop
      vertex 34.6772 22.9466 0.6
      vertex 34.6853 22.7794 5.72205e-07
      vertex 34.6853 22.7794 0.6
    endloop
  endfacet
  facet normal -0.999197 0.040068 0
    outer loop
      vertex 34.6805 22.6597 5.72205e-07
      vertex 34.6853 22.7794 0.6
      vertex 34.6853 22.7794 5.72205e-07
    endloop
  endfacet
  facet normal -0.999197 0.040068 0
    outer loop
      vertex 34.6853 22.7794 0.6
      vertex 34.6805 22.6597 5.72205e-07
      vertex 34.6805 22.6597 0.6
    endloop
  endfacet
  facet normal -0.99191 0.126943 0
    outer loop
      vertex 34.666 22.5464 5.72205e-07
      vertex 34.6805 22.6597 0.6
      vertex 34.6805 22.6597 5.72205e-07
    endloop
  endfacet
  facet normal -0.99191 0.126943 0
    outer loop
      vertex 34.6805 22.6597 0.6
      vertex 34.666 22.5464 5.72205e-07
      vertex 34.666 22.5464 0.6
    endloop
  endfacet
  facet normal -0.975517 0.219925 0
    outer loop
      vertex 34.6419 22.4395 5.72205e-07
      vertex 34.666 22.5464 0.6
      vertex 34.666 22.5464 5.72205e-07
    endloop
  endfacet
  facet normal -0.975517 0.219925 0
    outer loop
      vertex 34.666 22.5464 0.6
      vertex 34.6419 22.4395 5.72205e-07
      vertex 34.6419 22.4395 0.6
    endloop
  endfacet
  facet normal -0.947831 0.318773 0
    outer loop
      vertex 34.6081 22.339 5.72205e-07
      vertex 34.6419 22.4395 0.6
      vertex 34.6419 22.4395 5.72205e-07
    endloop
  endfacet
  facet normal -0.947831 0.318773 0
    outer loop
      vertex 34.6419 22.4395 0.6
      vertex 34.6081 22.339 5.72205e-07
      vertex 34.6081 22.339 0.6
    endloop
  endfacet
  facet normal -0.907903 0.419181 0
    outer loop
      vertex 34.5647 22.245 5.72205e-07
      vertex 34.6081 22.339 0.6
      vertex 34.6081 22.339 5.72205e-07
    endloop
  endfacet
  facet normal -0.907903 0.419181 0
    outer loop
      vertex 34.6081 22.339 0.6
      vertex 34.5647 22.245 5.72205e-07
      vertex 34.5647 22.245 0.6
    endloop
  endfacet
  facet normal -0.85542 0.517934 0
    outer loop
      vertex 34.5116 22.1573 5.72205e-07
      vertex 34.5647 22.245 0.6
      vertex 34.5647 22.245 5.72205e-07
    endloop
  endfacet
  facet normal -0.85542 0.517934 0
    outer loop
      vertex 34.5647 22.245 0.6
      vertex 34.5116 22.1573 5.72205e-07
      vertex 34.5116 22.1573 0.6
    endloop
  endfacet
  facet normal -0.791028 0.61178 0
    outer loop
      vertex 34.4488 22.0761 5.72205e-07
      vertex 34.5116 22.1573 0.6
      vertex 34.5116 22.1573 5.72205e-07
    endloop
  endfacet
  facet normal -0.791028 0.61178 0
    outer loop
      vertex 34.5116 22.1573 0.6
      vertex 34.4488 22.0761 5.72205e-07
      vertex 34.4488 22.0761 0.6
    endloop
  endfacet
  facet normal -0.71967 0.694316 0
    outer loop
      vertex 34.3776 22.0023 5.72205e-07
      vertex 34.4488 22.0761 0.6
      vertex 34.4488 22.0761 5.72205e-07
    endloop
  endfacet
  facet normal -0.71967 0.694316 0
    outer loop
      vertex 34.4488 22.0761 0.6
      vertex 34.3776 22.0023 5.72205e-07
      vertex 34.3776 22.0023 0.6
    endloop
  endfacet
  facet normal -0.640665 0.76782 0
    outer loop
      vertex 34.3776 22.0023 5.72205e-07
      vertex 34.2991 21.9368 0.6
      vertex 34.3776 22.0023 0.6
    endloop
  endfacet
  facet normal -0.640665 0.76782 0
    outer loop
      vertex 34.2991 21.9368 0.6
      vertex 34.3776 22.0023 5.72205e-07
      vertex 34.2991 21.9368 5.72205e-07
    endloop
  endfacet
  facet normal -0.553355 0.832945 0
    outer loop
      vertex 34.2991 21.9368 5.72205e-07
      vertex 34.2133 21.8798 0.6
      vertex 34.2991 21.9368 0.6
    endloop
  endfacet
  facet normal -0.553355 0.832945 0
    outer loop
      vertex 34.2133 21.8798 0.6
      vertex 34.2991 21.9368 5.72205e-07
      vertex 34.2133 21.8798 5.72205e-07
    endloop
  endfacet
  facet normal -0.463152 0.886279 0
    outer loop
      vertex 34.2133 21.8798 5.72205e-07
      vertex 34.1203 21.8312 0.6
      vertex 34.2133 21.8798 0.6
    endloop
  endfacet
  facet normal -0.463152 0.886279 0
    outer loop
      vertex 34.1203 21.8312 0.6
      vertex 34.2133 21.8798 5.72205e-07
      vertex 34.1203 21.8312 5.72205e-07
    endloop
  endfacet
  facet normal -0.371709 0.928349 0
    outer loop
      vertex 34.1203 21.8312 5.72205e-07
      vertex 34.0199 21.791 0.6
      vertex 34.1203 21.8312 0.6
    endloop
  endfacet
  facet normal -0.371709 0.928349 0
    outer loop
      vertex 34.0199 21.791 0.6
      vertex 34.1203 21.8312 5.72205e-07
      vertex 34.0199 21.791 5.72205e-07
    endloop
  endfacet
  facet normal -0.283421 0.958996 0
    outer loop
      vertex 34.0199 21.791 5.72205e-07
      vertex 33.9123 21.7592 0.6
      vertex 34.0199 21.791 0.6
    endloop
  endfacet
  facet normal -0.283421 0.958996 0
    outer loop
      vertex 33.9123 21.7592 0.6
      vertex 34.0199 21.791 5.72205e-07
      vertex 33.9123 21.7592 5.72205e-07
    endloop
  endfacet
  facet normal -0.19874 0.980052 0
    outer loop
      vertex 33.9123 21.7592 5.72205e-07
      vertex 33.7974 21.7359 0.6
      vertex 33.9123 21.7592 0.6
    endloop
  endfacet
  facet normal -0.19874 0.980052 0
    outer loop
      vertex 33.7974 21.7359 0.6
      vertex 33.9123 21.7592 5.72205e-07
      vertex 33.7974 21.7359 5.72205e-07
    endloop
  endfacet
  facet normal -1 0 0
    outer loop
      vertex 33.7974 21.7236 5.72205e-07
      vertex 33.7974 21.7359 0.6
      vertex 33.7974 21.7359 5.72205e-07
    endloop
  endfacet
  facet normal -1 -0 0
    outer loop
      vertex 33.7974 21.7359 0.6
      vertex 33.7974 21.7236 5.72205e-07
      vertex 33.7974 21.7236 0.6
    endloop
  endfacet
  facet normal -0.2356 -0.97185 0
    outer loop
      vertex 33.7974 21.7236 5.72205e-07
      vertex 33.8964 21.6996 0.6
      vertex 33.7974 21.7236 0.6
    endloop
  endfacet
  facet normal -0.2356 -0.97185 -0
    outer loop
      vertex 33.8964 21.6996 0.6
      vertex 33.7974 21.7236 5.72205e-07
      vertex 33.8964 21.6996 5.72205e-07
    endloop
  endfacet
  facet normal -0.325051 -0.945696 0
    outer loop
      vertex 33.8964 21.6996 5.72205e-07
      vertex 33.9895 21.6676 0.6
      vertex 33.8964 21.6996 0.6
    endloop
  endfacet
  facet normal -0.325051 -0.945696 -0
    outer loop
      vertex 33.9895 21.6676 0.6
      vertex 33.8964 21.6996 5.72205e-07
      vertex 33.9895 21.6676 5.72205e-07
    endloop
  endfacet
  facet normal -0.416547 -0.909114 0
    outer loop
      vertex 33.9895 21.6676 5.72205e-07
      vertex 34.0768 21.6276 0.6
      vertex 33.9895 21.6676 0.6
    endloop
  endfacet
  facet normal -0.416547 -0.909114 -0
    outer loop
      vertex 34.0768 21.6276 0.6
      vertex 33.9895 21.6676 5.72205e-07
      vertex 34.0768 21.6276 5.72205e-07
    endloop
  endfacet
  facet normal -0.507622 -0.86158 0
    outer loop
      vertex 34.0768 21.6276 5.72205e-07
      vertex 34.1581 21.5797 0.6
      vertex 34.0768 21.6276 0.6
    endloop
  endfacet
  facet normal -0.507622 -0.86158 -0
    outer loop
      vertex 34.1581 21.5797 0.6
      vertex 34.0768 21.6276 5.72205e-07
      vertex 34.1581 21.5797 5.72205e-07
    endloop
  endfacet
  facet normal -0.596756 -0.802423 0
    outer loop
      vertex 34.1581 21.5797 5.72205e-07
      vertex 34.2334 21.5237 0.6
      vertex 34.1581 21.5797 0.6
    endloop
  endfacet
  facet normal -0.596756 -0.802423 -0
    outer loop
      vertex 34.2334 21.5237 0.6
      vertex 34.1581 21.5797 5.72205e-07
      vertex 34.2334 21.5237 5.72205e-07
    endloop
  endfacet
  facet normal -0.676827 -0.736142 0
    outer loop
      vertex 34.2334 21.5237 5.72205e-07
      vertex 34.3029 21.4598 0.6
      vertex 34.2334 21.5237 0.6
    endloop
  endfacet
  facet normal -0.676827 -0.736142 -0
    outer loop
      vertex 34.3029 21.4598 0.6
      vertex 34.2334 21.5237 5.72205e-07
      vertex 34.3029 21.4598 5.72205e-07
    endloop
  endfacet
  facet normal -0.748559 -0.663069 0
    outer loop
      vertex 34.3665 21.388 5.72205e-07
      vertex 34.3029 21.4598 0.6
      vertex 34.3029 21.4598 5.72205e-07
    endloop
  endfacet
  facet normal -0.748559 -0.663069 0
    outer loop
      vertex 34.3029 21.4598 0.6
      vertex 34.3665 21.388 5.72205e-07
      vertex 34.3665 21.388 0.6
    endloop
  endfacet
  facet normal -0.809908 -0.586557 0
    outer loop
      vertex 34.4227 21.3104 5.72205e-07
      vertex 34.3665 21.388 0.6
      vertex 34.3665 21.388 5.72205e-07
    endloop
  endfacet
  facet normal -0.809908 -0.586557 0
    outer loop
      vertex 34.3665 21.388 0.6
      vertex 34.4227 21.3104 5.72205e-07
      vertex 34.4227 21.3104 0.6
    endloop
  endfacet
  facet normal -0.862426 -0.506183 0
    outer loop
      vertex 34.4703 21.2293 5.72205e-07
      vertex 34.4227 21.3104 0.6
      vertex 34.4227 21.3104 5.72205e-07
    endloop
  endfacet
  facet normal -0.862426 -0.506183 0
    outer loop
      vertex 34.4227 21.3104 0.6
      vertex 34.4703 21.2293 5.72205e-07
      vertex 34.4703 21.2293 0.6
    endloop
  endfacet
  facet normal -0.908148 -0.41865 0
    outer loop
      vertex 34.5093 21.1447 5.72205e-07
      vertex 34.4703 21.2293 0.6
      vertex 34.4703 21.2293 5.72205e-07
    endloop
  endfacet
  facet normal -0.908148 -0.41865 0
    outer loop
      vertex 34.4703 21.2293 0.6
      vertex 34.5093 21.1447 5.72205e-07
      vertex 34.5093 21.1447 0.6
    endloop
  endfacet
  facet normal -0.945635 -0.32523 0
    outer loop
      vertex 34.5396 21.0566 5.72205e-07
      vertex 34.5093 21.1447 0.6
      vertex 34.5093 21.1447 5.72205e-07
    endloop
  endfacet
  facet normal -0.945635 -0.32523 0
    outer loop
      vertex 34.5093 21.1447 0.6
      vertex 34.5396 21.0566 5.72205e-07
      vertex 34.5396 21.0566 0.6
    endloop
  endfacet
  facet normal -0.97325 -0.229751 0
    outer loop
      vertex 34.5612 20.9651 5.72205e-07
      vertex 34.5396 21.0566 0.6
      vertex 34.5396 21.0566 5.72205e-07
    endloop
  endfacet
  facet normal -0.97325 -0.229751 0
    outer loop
      vertex 34.5396 21.0566 0.6
      vertex 34.5612 20.9651 5.72205e-07
      vertex 34.5612 20.9651 0.6
    endloop
  endfacet
  facet normal -0.990767 -0.135579 0
    outer loop
      vertex 34.5742 20.8701 5.72205e-07
      vertex 34.5612 20.9651 0.6
      vertex 34.5612 20.9651 5.72205e-07
    endloop
  endfacet
  facet normal -0.990767 -0.135579 0
    outer loop
      vertex 34.5612 20.9651 0.6
      vertex 34.5742 20.8701 5.72205e-07
      vertex 34.5742 20.8701 0.6
    endloop
  endfacet
  facet normal -0.999048 -0.0436133 0
    outer loop
      vertex 34.5785 20.7716 5.72205e-07
      vertex 34.5742 20.8701 0.6
      vertex 34.5742 20.8701 5.72205e-07
    endloop
  endfacet
  facet normal -0.999048 -0.0436133 0
    outer loop
      vertex 34.5742 20.8701 0.6
      vertex 34.5785 20.7716 5.72205e-07
      vertex 34.5785 20.7716 0.6
    endloop
  endfacet
  facet normal -0.998749 0.0500032 0
    outer loop
      vertex 34.5709 20.6198 5.72205e-07
      vertex 34.5785 20.7716 0.6
      vertex 34.5785 20.7716 5.72205e-07
    endloop
  endfacet
  facet normal -0.998749 0.0500032 0
    outer loop
      vertex 34.5785 20.7716 0.6
      vertex 34.5709 20.6198 5.72205e-07
      vertex 34.5709 20.6198 0.6
    endloop
  endfacet
  facet normal -0.987174 0.159649 0
    outer loop
      vertex 34.548 20.4782 5.72205e-07
      vertex 34.5709 20.6198 0.6
      vertex 34.5709 20.6198 5.72205e-07
    endloop
  endfacet
  facet normal -0.987174 0.159649 0
    outer loop
      vertex 34.5709 20.6198 0.6
      vertex 34.548 20.4782 5.72205e-07
      vertex 34.548 20.4782 0.6
    endloop
  endfacet
  facet normal -0.960327 0.278876 0
    outer loop
      vertex 34.5099 20.347 5.72205e-07
      vertex 34.548 20.4782 0.6
      vertex 34.548 20.4782 5.72205e-07
    endloop
  endfacet
  facet normal -0.960327 0.278876 0
    outer loop
      vertex 34.548 20.4782 0.6
      vertex 34.5099 20.347 5.72205e-07
      vertex 34.5099 20.347 0.6
    endloop
  endfacet
  facet normal -0.914869 0.403752 0
    outer loop
      vertex 34.4565 20.226 5.72205e-07
      vertex 34.5099 20.347 0.6
      vertex 34.5099 20.347 5.72205e-07
    endloop
  endfacet
  facet normal -0.914869 0.403752 0
    outer loop
      vertex 34.5099 20.347 0.6
      vertex 34.4565 20.226 5.72205e-07
      vertex 34.4565 20.226 0.6
    endloop
  endfacet
  facet normal -0.849676 0.527306 0
    outer loop
      vertex 34.3878 20.1153 5.72205e-07
      vertex 34.4565 20.226 0.6
      vertex 34.4565 20.226 5.72205e-07
    endloop
  endfacet
  facet normal -0.849676 0.527306 0
    outer loop
      vertex 34.4565 20.226 0.6
      vertex 34.3878 20.1153 5.72205e-07
      vertex 34.3878 20.1153 0.6
    endloop
  endfacet
  facet normal -0.767344 0.641236 0
    outer loop
      vertex 34.3039 20.0149 5.72205e-07
      vertex 34.3878 20.1153 0.6
      vertex 34.3878 20.1153 5.72205e-07
    endloop
  endfacet
  facet normal -0.767344 0.641236 0
    outer loop
      vertex 34.3878 20.1153 0.6
      vertex 34.3039 20.0149 5.72205e-07
      vertex 34.3039 20.0149 0.6
    endloop
  endfacet
  facet normal -0.672747 0.739873 0
    outer loop
      vertex 34.3039 20.0149 5.72205e-07
      vertex 34.2047 19.9247 0.6
      vertex 34.3039 20.0149 0.6
    endloop
  endfacet
  facet normal -0.672747 0.739873 0
    outer loop
      vertex 34.2047 19.9247 0.6
      vertex 34.3039 20.0149 5.72205e-07
      vertex 34.2047 19.9247 5.72205e-07
    endloop
  endfacet
  facet normal -0.571128 0.820861 0
    outer loop
      vertex 34.2047 19.9247 5.72205e-07
      vertex 34.0913 19.8458 0.6
      vertex 34.2047 19.9247 0.6
    endloop
  endfacet
  facet normal -0.571128 0.820861 0
    outer loop
      vertex 34.0913 19.8458 0.6
      vertex 34.2047 19.9247 5.72205e-07
      vertex 34.0913 19.8458 5.72205e-07
    endloop
  endfacet
  facet normal -0.466379 0.884585 0
    outer loop
      vertex 34.0913 19.8458 5.72205e-07
      vertex 33.9646 19.779 0.6
      vertex 34.0913 19.8458 0.6
    endloop
  endfacet
  facet normal -0.466379 0.884585 0
    outer loop
      vertex 33.9646 19.779 0.6
      vertex 34.0913 19.8458 5.72205e-07
      vertex 33.9646 19.779 5.72205e-07
    endloop
  endfacet
  facet normal -0.363345 0.931655 0
    outer loop
      vertex 33.9646 19.779 5.72205e-07
      vertex 33.8246 19.7244 0.6
      vertex 33.9646 19.779 0.6
    endloop
  endfacet
  facet normal -0.363345 0.931655 0
    outer loop
      vertex 33.8246 19.7244 0.6
      vertex 33.9646 19.779 5.72205e-07
      vertex 33.8246 19.7244 5.72205e-07
    endloop
  endfacet
  facet normal -0.267319 0.963608 0
    outer loop
      vertex 33.8246 19.7244 5.72205e-07
      vertex 33.6714 19.6819 0.6
      vertex 33.8246 19.7244 0.6
    endloop
  endfacet
  facet normal -0.267319 0.963608 0
    outer loop
      vertex 33.6714 19.6819 0.6
      vertex 33.8246 19.7244 5.72205e-07
      vertex 33.6714 19.6819 5.72205e-07
    endloop
  endfacet
  facet normal -0.179613 0.983737 0
    outer loop
      vertex 33.6714 19.6819 5.72205e-07
      vertex 33.5049 19.6515 0.6
      vertex 33.6714 19.6819 0.6
    endloop
  endfacet
  facet normal -0.179613 0.983737 0
    outer loop
      vertex 33.5049 19.6515 0.6
      vertex 33.6714 19.6819 5.72205e-07
      vertex 33.5049 19.6515 5.72205e-07
    endloop
  endfacet
  facet normal -0.100709 0.994916 0
    outer loop
      vertex 33.5049 19.6515 5.72205e-07
      vertex 33.3251 19.6333 0.6
      vertex 33.5049 19.6515 0.6
    endloop
  endfacet
  facet normal -0.100709 0.994916 0
    outer loop
      vertex 33.3251 19.6333 0.6
      vertex 33.5049 19.6515 5.72205e-07
      vertex 33.3251 19.6333 5.72205e-07
    endloop
  endfacet
  facet normal -0.0315904 0.999501 0
    outer loop
      vertex 33.3251 19.6333 5.72205e-07
      vertex 33.1321 19.6272 0.6
      vertex 33.3251 19.6333 0.6
    endloop
  endfacet
  facet normal -0.0315904 0.999501 0
    outer loop
      vertex 33.1321 19.6272 0.6
      vertex 33.3251 19.6333 5.72205e-07
      vertex 33.1321 19.6272 5.72205e-07
    endloop
  endfacet
  facet normal 0.0327866 0.999462 -0
    outer loop
      vertex 33.1321 19.6272 5.72205e-07
      vertex 32.9431 19.6334 0.6
      vertex 33.1321 19.6272 0.6
    endloop
  endfacet
  facet normal 0.0327866 0.999462 0
    outer loop
      vertex 32.9431 19.6334 0.6
      vertex 33.1321 19.6272 5.72205e-07
      vertex 32.9431 19.6334 5.72205e-07
    endloop
  endfacet
  facet normal 0.105478 0.994422 -0
    outer loop
      vertex 32.9431 19.6334 5.72205e-07
      vertex 32.7668 19.6521 0.6
      vertex 32.9431 19.6334 0.6
    endloop
  endfacet
  facet normal 0.105478 0.994422 0
    outer loop
      vertex 32.7668 19.6521 0.6
      vertex 32.9431 19.6334 5.72205e-07
      vertex 32.7668 19.6521 5.72205e-07
    endloop
  endfacet
  facet normal 0.187222 0.982318 -0
    outer loop
      vertex 32.7668 19.6521 5.72205e-07
      vertex 32.6031 19.6833 0.6
      vertex 32.7668 19.6521 0.6
    endloop
  endfacet
  facet normal 0.187222 0.982318 0
    outer loop
      vertex 32.6031 19.6833 0.6
      vertex 32.7668 19.6521 5.72205e-07
      vertex 32.6031 19.6833 5.72205e-07
    endloop
  endfacet
  facet normal 0.27724 0.960801 -0
    outer loop
      vertex 32.6031 19.6833 5.72205e-07
      vertex 32.452 19.7269 0.6
      vertex 32.6031 19.6833 0.6
    endloop
  endfacet
  facet normal 0.27724 0.960801 0
    outer loop
      vertex 32.452 19.7269 0.6
      vertex 32.6031 19.6833 5.72205e-07
      vertex 32.452 19.7269 5.72205e-07
    endloop
  endfacet
  facet normal 0.375083 0.926991 -0
    outer loop
      vertex 32.452 19.7269 5.72205e-07
      vertex 32.3136 19.7829 0.6
      vertex 32.452 19.7269 0.6
    endloop
  endfacet
  facet normal 0.375083 0.926991 0
    outer loop
      vertex 32.3136 19.7829 0.6
      vertex 32.452 19.7269 5.72205e-07
      vertex 32.3136 19.7829 5.72205e-07
    endloop
  endfacet
  facet normal 0.478509 0.878082 -0
    outer loop
      vertex 32.3136 19.7829 5.72205e-07
      vertex 32.1879 19.8514 0.6
      vertex 32.3136 19.7829 0.6
    endloop
  endfacet
  facet normal 0.478509 0.878082 0
    outer loop
      vertex 32.1879 19.8514 0.6
      vertex 32.3136 19.7829 5.72205e-07
      vertex 32.1879 19.8514 5.72205e-07
    endloop
  endfacet
  facet normal 0.581918 0.813248 -0
    outer loop
      vertex 32.1879 19.8514 5.72205e-07
      vertex 32.0747 19.9324 0.6
      vertex 32.1879 19.8514 0.6
    endloop
  endfacet
  facet normal 0.581918 0.813248 0
    outer loop
      vertex 32.0747 19.9324 0.6
      vertex 32.1879 19.8514 5.72205e-07
      vertex 32.0747 19.9324 5.72205e-07
    endloop
  endfacet
  facet normal 0.679172 0.733979 -0
    outer loop
      vertex 32.0747 19.9324 5.72205e-07
      vertex 31.9756 20.0241 0.6
      vertex 32.0747 19.9324 0.6
    endloop
  endfacet
  facet normal 0.679172 0.733979 0
    outer loop
      vertex 31.9756 20.0241 0.6
      vertex 32.0747 19.9324 5.72205e-07
      vertex 31.9756 20.0241 5.72205e-07
    endloop
  endfacet
  facet normal 0.768908 0.63936 0
    outer loop
      vertex 31.9756 20.0241 0.6
      vertex 31.8917 20.125 5.72205e-07
      vertex 31.8917 20.125 0.6
    endloop
  endfacet
  facet normal 0.768908 0.63936 0
    outer loop
      vertex 31.8917 20.125 5.72205e-07
      vertex 31.9756 20.0241 0.6
      vertex 31.9756 20.0241 5.72205e-07
    endloop
  endfacet
  facet normal 0.847955 0.530068 0
    outer loop
      vertex 31.8917 20.125 0.6
      vertex 31.823 20.2349 5.72205e-07
      vertex 31.823 20.2349 0.6
    endloop
  endfacet
  facet normal 0.847955 0.530068 0
    outer loop
      vertex 31.823 20.2349 5.72205e-07
      vertex 31.8917 20.125 0.6
      vertex 31.8917 20.125 5.72205e-07
    endloop
  endfacet
  facet normal 0.912351 0.409408 0
    outer loop
      vertex 31.823 20.2349 0.6
      vertex 31.7696 20.3539 5.72205e-07
      vertex 31.7696 20.3539 0.6
    endloop
  endfacet
  facet normal 0.912351 0.409408 0
    outer loop
      vertex 31.7696 20.3539 5.72205e-07
      vertex 31.823 20.2349 0.6
      vertex 31.823 20.2349 5.72205e-07
    endloop
  endfacet
  facet normal 0.958299 0.285769 0
    outer loop
      vertex 31.7696 20.3539 0.6
      vertex 31.7314 20.482 5.72205e-07
      vertex 31.7314 20.482 0.6
    endloop
  endfacet
  facet normal 0.958299 0.285769 0
    outer loop
      vertex 31.7314 20.482 5.72205e-07
      vertex 31.7696 20.3539 0.6
      vertex 31.7696 20.3539 5.72205e-07
    endloop
  endfacet
  facet normal 0.986472 0.163933 0
    outer loop
      vertex 31.7314 20.482 0.6
      vertex 31.7086 20.6192 5.72205e-07
      vertex 31.7086 20.6192 0.6
    endloop
  endfacet
  facet normal 0.986472 0.163933 0
    outer loop
      vertex 31.7086 20.6192 5.72205e-07
      vertex 31.7314 20.482 0.6
      vertex 31.7314 20.482 5.72205e-07
    endloop
  endfacet
  facet normal 0.998616 0.0525947 0
    outer loop
      vertex 31.7086 20.6192 0.6
      vertex 31.7009 20.7654 5.72205e-07
      vertex 31.7009 20.7654 0.6
    endloop
  endfacet
  facet normal 0.998616 0.0525947 0
    outer loop
      vertex 31.7009 20.7654 5.72205e-07
      vertex 31.7086 20.6192 0.6
      vertex 31.7086 20.6192 5.72205e-07
    endloop
  endfacet
  facet normal 0.999006 -0.0445804 0
    outer loop
      vertex 31.7009 20.7654 0.6
      vertex 31.7053 20.864 5.72205e-07
      vertex 31.7053 20.864 0.6
    endloop
  endfacet
  facet normal 0.999006 -0.0445804 0
    outer loop
      vertex 31.7053 20.864 5.72205e-07
      vertex 31.7009 20.7654 0.6
      vertex 31.7009 20.7654 5.72205e-07
    endloop
  endfacet
  facet normal 0.990684 -0.13618 0
    outer loop
      vertex 31.7053 20.864 0.6
      vertex 31.7184 20.9593 5.72205e-07
      vertex 31.7184 20.9593 0.6
    endloop
  endfacet
  facet normal 0.990684 -0.13618 0
    outer loop
      vertex 31.7184 20.9593 5.72205e-07
      vertex 31.7053 20.864 0.6
      vertex 31.7053 20.864 5.72205e-07
    endloop
  endfacet
  facet normal 0.972943 -0.231047 0
    outer loop
      vertex 31.7184 20.9593 0.6
      vertex 31.7402 21.0511 5.72205e-07
      vertex 31.7402 21.0511 0.6
    endloop
  endfacet
  facet normal 0.972943 -0.231047 0
    outer loop
      vertex 31.7402 21.0511 5.72205e-07
      vertex 31.7184 20.9593 0.6
      vertex 31.7184 20.9593 5.72205e-07
    endloop
  endfacet
  facet normal 0.94543 -0.325826 0
    outer loop
      vertex 31.7402 21.0511 0.6
      vertex 31.7707 21.1396 5.72205e-07
      vertex 31.7707 21.1396 0.6
    endloop
  endfacet
  facet normal 0.94543 -0.325826 0
    outer loop
      vertex 31.7707 21.1396 5.72205e-07
      vertex 31.7402 21.0511 0.6
      vertex 31.7402 21.0511 5.72205e-07
    endloop
  endfacet
  facet normal 0.908458 -0.417976 0
    outer loop
      vertex 31.7707 21.1396 0.6
      vertex 31.8099 21.2248 5.72205e-07
      vertex 31.8099 21.2248 0.6
    endloop
  endfacet
  facet normal 0.908458 -0.417976 0
    outer loop
      vertex 31.8099 21.2248 5.72205e-07
      vertex 31.7707 21.1396 0.6
      vertex 31.7707 21.1396 5.72205e-07
    endloop
  endfacet
  facet normal 0.862666 -0.505774 0
    outer loop
      vertex 31.8099 21.2248 0.6
      vertex 31.8578 21.3065 5.72205e-07
      vertex 31.8578 21.3065 0.6
    endloop
  endfacet
  facet normal 0.862666 -0.505774 0
    outer loop
      vertex 31.8578 21.3065 5.72205e-07
      vertex 31.8099 21.2248 0.6
      vertex 31.8099 21.2248 5.72205e-07
    endloop
  endfacet
  facet normal 0.810652 -0.585528 0
    outer loop
      vertex 31.8578 21.3065 0.6
      vertex 31.9145 21.385 5.72205e-07
      vertex 31.9145 21.385 0.6
    endloop
  endfacet
  facet normal 0.810652 -0.585528 0
    outer loop
      vertex 31.9145 21.385 5.72205e-07
      vertex 31.8578 21.3065 0.6
      vertex 31.8578 21.3065 5.72205e-07
    endloop
  endfacet
  facet normal 0.752065 -0.65909 0
    outer loop
      vertex 31.9145 21.385 0.6
      vertex 31.9783 21.4578 5.72205e-07
      vertex 31.9783 21.4578 0.6
    endloop
  endfacet
  facet normal 0.752065 -0.65909 0
    outer loop
      vertex 31.9783 21.4578 5.72205e-07
      vertex 31.9145 21.385 0.6
      vertex 31.9145 21.385 5.72205e-07
    endloop
  endfacet
  facet normal 0.684081 -0.729406 0
    outer loop
      vertex 31.9783 21.4578 5.72205e-07
      vertex 32.0475 21.5227 0.6
      vertex 31.9783 21.4578 0.6
    endloop
  endfacet
  facet normal 0.684081 -0.729406 0
    outer loop
      vertex 32.0475 21.5227 0.6
      vertex 31.9783 21.4578 5.72205e-07
      vertex 32.0475 21.5227 5.72205e-07
    endloop
  endfacet
  facet normal 0.606779 -0.79487 0
    outer loop
      vertex 32.0475 21.5227 5.72205e-07
      vertex 32.1223 21.5798 0.6
      vertex 32.0475 21.5227 0.6
    endloop
  endfacet
  facet normal 0.606779 -0.79487 0
    outer loop
      vertex 32.1223 21.5798 0.6
      vertex 32.0475 21.5227 5.72205e-07
      vertex 32.1223 21.5798 5.72205e-07
    endloop
  endfacet
  facet normal 0.523682 -0.851914 0
    outer loop
      vertex 32.1223 21.5798 5.72205e-07
      vertex 32.2025 21.6291 0.6
      vertex 32.1223 21.5798 0.6
    endloop
  endfacet
  facet normal 0.523682 -0.851914 0
    outer loop
      vertex 32.2025 21.6291 0.6
      vertex 32.1223 21.5798 5.72205e-07
      vertex 32.2025 21.6291 5.72205e-07
    endloop
  endfacet
  facet normal 0.434984 -0.900438 0
    outer loop
      vertex 32.2025 21.6291 5.72205e-07
      vertex 32.2882 21.6705 0.6
      vertex 32.2025 21.6291 0.6
    endloop
  endfacet
  facet normal 0.434984 -0.900438 0
    outer loop
      vertex 32.2882 21.6705 0.6
      vertex 32.2025 21.6291 5.72205e-07
      vertex 32.2882 21.6705 5.72205e-07
    endloop
  endfacet
  facet normal 0.344799 -0.938677 0
    outer loop
      vertex 32.2882 21.6705 5.72205e-07
      vertex 32.3794 21.704 0.6
      vertex 32.2882 21.6705 0.6
    endloop
  endfacet
  facet normal 0.344799 -0.938677 0
    outer loop
      vertex 32.3794 21.704 0.6
      vertex 32.2882 21.6705 5.72205e-07
      vertex 32.3794 21.704 5.72205e-07
    endloop
  endfacet
  facet normal 0.257102 -0.966384 0
    outer loop
      vertex 32.3794 21.704 5.72205e-07
      vertex 32.476 21.7297 0.6
      vertex 32.3794 21.704 0.6
    endloop
  endfacet
  facet normal 0.257102 -0.966384 0
    outer loop
      vertex 32.476 21.7297 0.6
      vertex 32.3794 21.704 5.72205e-07
      vertex 32.476 21.7297 5.72205e-07
    endloop
  endfacet
  facet normal 1 -0 0
    outer loop
      vertex 32.476 21.7297 0.6
      vertex 32.476 21.7419 5.72205e-07
      vertex 32.476 21.7419 0.6
    endloop
  endfacet
  facet normal 1 0 0
    outer loop
      vertex 32.476 21.7419 5.72205e-07
      vertex 32.476 21.7297 0.6
      vertex 32.476 21.7297 5.72205e-07
    endloop
  endfacet
  facet normal 0.208144 0.978098 -0
    outer loop
      vertex 32.476 21.7419 5.72205e-07
      vertex 32.3651 21.7655 0.6
      vertex 32.476 21.7419 0.6
    endloop
  endfacet
  facet normal 0.208144 0.978098 0
    outer loop
      vertex 32.3651 21.7655 0.6
      vertex 32.476 21.7419 5.72205e-07
      vertex 32.3651 21.7655 5.72205e-07
    endloop
  endfacet
  facet normal 0.296658 0.954984 -0
    outer loop
      vertex 32.3651 21.7655 5.72205e-07
      vertex 32.2608 21.7979 0.6
      vertex 32.3651 21.7655 0.6
    endloop
  endfacet
  facet normal 0.296658 0.954984 0
    outer loop
      vertex 32.2608 21.7979 0.6
      vertex 32.3651 21.7655 5.72205e-07
      vertex 32.2608 21.7979 5.72205e-07
    endloop
  endfacet
  facet normal 0.387762 0.92176 -0
    outer loop
      vertex 32.2608 21.7979 5.72205e-07
      vertex 32.1631 21.839 0.6
      vertex 32.2608 21.7979 0.6
    endloop
  endfacet
  facet normal 0.387762 0.92176 0
    outer loop
      vertex 32.1631 21.839 0.6
      vertex 32.2608 21.7979 5.72205e-07
      vertex 32.1631 21.839 5.72205e-07
    endloop
  endfacet
  facet normal 0.480403 0.877048 -0
    outer loop
      vertex 32.1631 21.839 5.72205e-07
      vertex 32.072 21.8889 0.6
      vertex 32.1631 21.839 0.6
    endloop
  endfacet
  facet normal 0.480403 0.877048 0
    outer loop
      vertex 32.072 21.8889 0.6
      vertex 32.1631 21.839 5.72205e-07
      vertex 32.072 21.8889 5.72205e-07
    endloop
  endfacet
  facet normal 0.570068 0.821597 -0
    outer loop
      vertex 32.072 21.8889 5.72205e-07
      vertex 31.9874 21.9476 0.6
      vertex 32.072 21.8889 0.6
    endloop
  endfacet
  facet normal 0.570068 0.821597 0
    outer loop
      vertex 31.9874 21.9476 0.6
      vertex 32.072 21.8889 5.72205e-07
      vertex 31.9874 21.9476 5.72205e-07
    endloop
  endfacet
  facet normal 0.654857 0.755753 -0
    outer loop
      vertex 31.9874 21.9476 5.72205e-07
      vertex 31.9095 22.0151 0.6
      vertex 31.9874 21.9476 0.6
    endloop
  endfacet
  facet normal 0.654857 0.755753 0
    outer loop
      vertex 31.9095 22.0151 0.6
      vertex 31.9874 21.9476 5.72205e-07
      vertex 31.9095 22.0151 5.72205e-07
    endloop
  endfacet
  facet normal 0.730194 0.68324 0
    outer loop
      vertex 31.9095 22.0151 0.6
      vertex 31.8382 22.0913 5.72205e-07
      vertex 31.8382 22.0913 0.6
    endloop
  endfacet
  facet normal 0.730194 0.68324 0
    outer loop
      vertex 31.8382 22.0913 5.72205e-07
      vertex 31.9095 22.0151 0.6
      vertex 31.9095 22.0151 5.72205e-07
    endloop
  endfacet
  facet normal 0.79712 0.603821 0
    outer loop
      vertex 31.8382 22.0913 0.6
      vertex 31.7751 22.1746 5.72205e-07
      vertex 31.7751 22.1746 0.6
    endloop
  endfacet
  facet normal 0.79712 0.603821 0
    outer loop
      vertex 31.7751 22.1746 5.72205e-07
      vertex 31.8382 22.0913 0.6
      vertex 31.8382 22.0913 5.72205e-07
    endloop
  endfacet
  facet normal 0.856468 0.516201 0
    outer loop
      vertex 31.7751 22.1746 0.6
      vertex 31.7217 22.2632 5.72205e-07
      vertex 31.7217 22.2632 0.6
    endloop
  endfacet
  facet normal 0.856468 0.516201 0
    outer loop
      vertex 31.7217 22.2632 5.72205e-07
      vertex 31.7751 22.1746 0.6
      vertex 31.7751 22.1746 5.72205e-07
    endloop
  endfacet
  facet normal 0.906257 0.422727 0
    outer loop
      vertex 31.7217 22.2632 0.6
      vertex 31.6779 22.3571 5.72205e-07
      vertex 31.6779 22.3571 0.6
    endloop
  endfacet
  facet normal 0.906257 0.422727 0
    outer loop
      vertex 31.6779 22.3571 5.72205e-07
      vertex 31.7217 22.2632 0.6
      vertex 31.7217 22.2632 5.72205e-07
    endloop
  endfacet
  facet normal 0.945979 0.324227 0
    outer loop
      vertex 31.6779 22.3571 0.6
      vertex 31.6439 22.4563 5.72205e-07
      vertex 31.6439 22.4563 0.6
    endloop
  endfacet
  facet normal 0.945979 0.324227 0
    outer loop
      vertex 31.6439 22.4563 5.72205e-07
      vertex 31.6779 22.3571 0.6
      vertex 31.6779 22.3571 5.72205e-07
    endloop
  endfacet
  facet normal 0.973965 0.226699 0
    outer loop
      vertex 31.6439 22.4563 0.6
      vertex 31.6196 22.5607 5.72205e-07
      vertex 31.6196 22.5607 0.6
    endloop
  endfacet
  facet normal 0.973965 0.226699 0
    outer loop
      vertex 31.6196 22.5607 5.72205e-07
      vertex 31.6439 22.4563 0.6
      vertex 31.6439 22.4563 5.72205e-07
    endloop
  endfacet
  facet normal 0.991393 0.130922 0
    outer loop
      vertex 31.6196 22.5607 0.6
      vertex 31.6051 22.6705 5.72205e-07
      vertex 31.6051 22.6705 0.6
    endloop
  endfacet
  facet normal 0.991393 0.130922 0
    outer loop
      vertex 31.6051 22.6705 5.72205e-07
      vertex 31.6196 22.5607 0.6
      vertex 31.6196 22.5607 5.72205e-07
    endloop
  endfacet
  facet normal 0.999095 0.0425332 0
    outer loop
      vertex 31.6051 22.6705 0.6
      vertex 31.6002 22.7856 5.72205e-07
      vertex 31.6002 22.7856 0.6
    endloop
  endfacet
  facet normal 0.999095 0.0425332 0
    outer loop
      vertex 31.6002 22.7856 5.72205e-07
      vertex 31.6051 22.6705 0.6
      vertex 31.6051 22.6705 5.72205e-07
    endloop
  endfacet
  facet normal 0.998755 -0.0498777 0
    outer loop
      vertex 31.6002 22.7856 0.6
      vertex 31.6085 22.9518 5.72205e-07
      vertex 31.6085 22.9518 0.6
    endloop
  endfacet
  facet normal 0.998755 -0.0498777 0
    outer loop
      vertex 31.6085 22.9518 5.72205e-07
      vertex 31.6002 22.7856 0.6
      vertex 31.6002 22.7856 5.72205e-07
    endloop
  endfacet
  facet normal 0.987603 -0.156974 0
    outer loop
      vertex 31.6085 22.9518 0.6
      vertex 31.6332 23.1072 5.72205e-07
      vertex 31.6332 23.1072 0.6
    endloop
  endfacet
  facet normal 0.987603 -0.156974 0
    outer loop
      vertex 31.6332 23.1072 5.72205e-07
      vertex 31.6085 22.9518 0.6
      vertex 31.6085 22.9518 5.72205e-07
    endloop
  endfacet
  facet normal 0.961398 -0.275161 0
    outer loop
      vertex 31.6332 23.1072 0.6
      vertex 31.6745 23.2515 5.72205e-07
      vertex 31.6745 23.2515 0.6
    endloop
  endfacet
  facet normal 0.961398 -0.275161 0
    outer loop
      vertex 31.6745 23.2515 5.72205e-07
      vertex 31.6332 23.1072 0.6
      vertex 31.6332 23.1072 5.72205e-07
    endloop
  endfacet
  facet normal 0.917823 -0.396989 0
    outer loop
      vertex 31.6745 23.2515 0.6
      vertex 31.7322 23.3849 5.72205e-07
      vertex 31.7322 23.3849 0.6
    endloop
  endfacet
  facet normal 0.917823 -0.396989 0
    outer loop
      vertex 31.7322 23.3849 5.72205e-07
      vertex 31.6745 23.2515 0.6
      vertex 31.6745 23.2515 5.72205e-07
    endloop
  endfacet
  facet normal 0.85502 -0.518596 0
    outer loop
      vertex 31.7322 23.3849 0.6
      vertex 31.8065 23.5074 5.72205e-07
      vertex 31.8065 23.5074 0.6
    endloop
  endfacet
  facet normal 0.85502 -0.518596 0
    outer loop
      vertex 31.8065 23.5074 5.72205e-07
      vertex 31.7322 23.3849 0.6
      vertex 31.7322 23.3849 5.72205e-07
    endloop
  endfacet
  facet normal 0.775134 -0.631797 0
    outer loop
      vertex 31.8065 23.5074 0.6
      vertex 31.8973 23.6188 5.72205e-07
      vertex 31.8973 23.6188 0.6
    endloop
  endfacet
  facet normal 0.775134 -0.631797 0
    outer loop
      vertex 31.8973 23.6188 5.72205e-07
      vertex 31.8065 23.5074 0.6
      vertex 31.8065 23.5074 5.72205e-07
    endloop
  endfacet
  facet normal 0.683964 -0.729516 0
    outer loop
      vertex 31.8973 23.6188 5.72205e-07
      vertex 32.0046 23.7194 0.6
      vertex 31.8973 23.6188 0.6
    endloop
  endfacet
  facet normal 0.683964 -0.729516 0
    outer loop
      vertex 32.0046 23.7194 0.6
      vertex 31.8973 23.6188 5.72205e-07
      vertex 32.0046 23.7194 5.72205e-07
    endloop
  endfacet
  facet normal 0.585248 -0.810854 0
    outer loop
      vertex 32.0046 23.7194 5.72205e-07
      vertex 32.1268 23.8076 0.6
      vertex 32.0046 23.7194 0.6
    endloop
  endfacet
  facet normal 0.585248 -0.810854 0
    outer loop
      vertex 32.1268 23.8076 0.6
      vertex 32.0046 23.7194 5.72205e-07
      vertex 32.1268 23.8076 5.72205e-07
    endloop
  endfacet
  facet normal 0.481968 -0.876189 0
    outer loop
      vertex 32.1268 23.8076 5.72205e-07
      vertex 32.2626 23.8823 0.6
      vertex 32.1268 23.8076 0.6
    endloop
  endfacet
  facet normal 0.481968 -0.876189 0
    outer loop
      vertex 32.2626 23.8823 0.6
      vertex 32.1268 23.8076 5.72205e-07
      vertex 32.2626 23.8823 5.72205e-07
    endloop
  endfacet
  facet normal 0.378222 -0.925715 0
    outer loop
      vertex 32.2626 23.8823 5.72205e-07
      vertex 32.4119 23.9433 0.6
      vertex 32.2626 23.8823 0.6
    endloop
  endfacet
  facet normal 0.378222 -0.925715 0
    outer loop
      vertex 32.4119 23.9433 0.6
      vertex 32.2626 23.8823 5.72205e-07
      vertex 32.4119 23.9433 5.72205e-07
    endloop
  endfacet
  facet normal 0.280475 -0.959861 0
    outer loop
      vertex 32.4119 23.9433 5.72205e-07
      vertex 32.5748 23.9909 0.6
      vertex 32.4119 23.9433 0.6
    endloop
  endfacet
  facet normal 0.280475 -0.959861 0
    outer loop
      vertex 32.5748 23.9909 0.6
      vertex 32.4119 23.9433 5.72205e-07
      vertex 32.5748 23.9909 5.72205e-07
    endloop
  endfacet
  facet normal 0.188827 -0.98201 0
    outer loop
      vertex 32.5748 23.9909 5.72205e-07
      vertex 32.7511 24.0248 0.6
      vertex 32.5748 23.9909 0.6
    endloop
  endfacet
  facet normal 0.188827 -0.98201 0
    outer loop
      vertex 32.7511 24.0248 0.6
      vertex 32.5748 23.9909 5.72205e-07
      vertex 32.7511 24.0248 5.72205e-07
    endloop
  endfacet
  facet normal 0.106866 -0.994273 0
    outer loop
      vertex 32.7511 24.0248 5.72205e-07
      vertex 32.9409 24.0452 0.6
      vertex 32.7511 24.0248 0.6
    endloop
  endfacet
  facet normal 0.106866 -0.994273 0
    outer loop
      vertex 32.9409 24.0452 0.6
      vertex 32.7511 24.0248 5.72205e-07
      vertex 32.9409 24.0452 5.72205e-07
    endloop
  endfacet
  facet normal 0.033413 -0.999442 0
    outer loop
      vertex 32.9409 24.0452 5.72205e-07
      vertex 33.1443 24.052 0.6
      vertex 32.9409 24.0452 0.6
    endloop
  endfacet
  facet normal 0.033413 -0.999442 0
    outer loop
      vertex 33.1443 24.052 0.6
      vertex 32.9409 24.0452 5.72205e-07
      vertex 33.1443 24.052 5.72205e-07
    endloop
  endfacet
  facet normal -0.0336559 -0.999433 0
    outer loop
      vertex 33.1443 24.052 5.72205e-07
      vertex 33.3492 24.0451 0.6
      vertex 33.1443 24.052 0.6
    endloop
  endfacet
  facet normal -0.0336559 -0.999433 -0
    outer loop
      vertex 33.3492 24.0451 0.6
      vertex 33.1443 24.052 5.72205e-07
      vertex 33.3492 24.0451 5.72205e-07
    endloop
  endfacet
  facet normal -0.28665 0.958035 0
    outer loop
      vertex 32.9892 21.4211 5.72205e-07
      vertex 32.8632 21.3834 0.6
      vertex 32.9892 21.4211 0.6
    endloop
  endfacet
  facet normal -0.28665 0.958035 0
    outer loop
      vertex 32.8632 21.3834 0.6
      vertex 32.9892 21.4211 5.72205e-07
      vertex 32.8632 21.3834 5.72205e-07
    endloop
  endfacet
  facet normal -0.520814 0.85367 0
    outer loop
      vertex 32.8632 21.3834 5.72205e-07
      vertex 32.7601 21.3205 0.6
      vertex 32.8632 21.3834 0.6
    endloop
  endfacet
  facet normal -0.520814 0.85367 0
    outer loop
      vertex 32.7601 21.3205 0.6
      vertex 32.8632 21.3834 5.72205e-07
      vertex 32.7601 21.3205 5.72205e-07
    endloop
  endfacet
  facet normal -0.738685 0.67405 0
    outer loop
      vertex 32.6798 21.2325 5.72205e-07
      vertex 32.7601 21.3205 0.6
      vertex 32.7601 21.3205 5.72205e-07
    endloop
  endfacet
  facet normal -0.738685 0.67405 0
    outer loop
      vertex 32.7601 21.3205 0.6
      vertex 32.6798 21.2325 5.72205e-07
      vertex 32.6798 21.2325 0.6
    endloop
  endfacet
  facet normal -0.89237 0.451305 0
    outer loop
      vertex 32.6225 21.1192 5.72205e-07
      vertex 32.6798 21.2325 0.6
      vertex 32.6798 21.2325 5.72205e-07
    endloop
  endfacet
  facet normal -0.89237 0.451305 0
    outer loop
      vertex 32.6798 21.2325 0.6
      vertex 32.6225 21.1192 5.72205e-07
      vertex 32.6225 21.1192 0.6
    endloop
  endfacet
  facet normal -0.970595 0.240719 0
    outer loop
      vertex 32.5882 20.9809 5.72205e-07
      vertex 32.6225 21.1192 0.6
      vertex 32.6225 21.1192 5.72205e-07
    endloop
  endfacet
  facet normal -0.970595 0.240719 0
    outer loop
      vertex 32.6225 21.1192 0.6
      vertex 32.5882 20.9809 5.72205e-07
      vertex 32.5882 20.9809 0.6
    endloop
  endfacet
  facet normal -0.997539 0.0701204 0
    outer loop
      vertex 32.5767 20.8173 5.72205e-07
      vertex 32.5882 20.9809 0.6
      vertex 32.5882 20.9809 5.72205e-07
    endloop
  endfacet
  facet normal -0.997539 0.0701204 0
    outer loop
      vertex 32.5882 20.9809 0.6
      vertex 32.5767 20.8173 5.72205e-07
      vertex 32.5767 20.8173 0.6
    endloop
  endfacet
  facet normal -0.997347 -0.0727898 0
    outer loop
      vertex 32.5881 20.6611 5.72205e-07
      vertex 32.5767 20.8173 0.6
      vertex 32.5767 20.8173 5.72205e-07
    endloop
  endfacet
  facet normal -0.997347 -0.0727898 0
    outer loop
      vertex 32.5767 20.8173 0.6
      vertex 32.5881 20.6611 5.72205e-07
      vertex 32.5881 20.6611 0.6
    endloop
  endfacet
  facet normal -0.968483 -0.24908 0
    outer loop
      vertex 32.6221 20.5289 5.72205e-07
      vertex 32.5881 20.6611 0.6
      vertex 32.5881 20.6611 5.72205e-07
    endloop
  endfacet
  facet normal -0.968483 -0.24908 0
    outer loop
      vertex 32.5881 20.6611 0.6
      vertex 32.6221 20.5289 5.72205e-07
      vertex 32.6221 20.5289 0.6
    endloop
  endfacet
  facet normal -0.886088 -0.463517 0
    outer loop
      vertex 32.6787 20.4207 5.72205e-07
      vertex 32.6221 20.5289 0.6
      vertex 32.6221 20.5289 5.72205e-07
    endloop
  endfacet
  facet normal -0.886088 -0.463517 0
    outer loop
      vertex 32.6221 20.5289 0.6
      vertex 32.6787 20.4207 5.72205e-07
      vertex 32.6787 20.4207 0.6
    endloop
  endfacet
  facet normal -0.72754 -0.686065 0
    outer loop
      vertex 32.7581 20.3365 5.72205e-07
      vertex 32.6787 20.4207 0.6
      vertex 32.6787 20.4207 5.72205e-07
    endloop
  endfacet
  facet normal -0.72754 -0.686065 0
    outer loop
      vertex 32.6787 20.4207 0.6
      vertex 32.7581 20.3365 5.72205e-07
      vertex 32.7581 20.3365 0.6
    endloop
  endfacet
  facet normal -0.507648 -0.861565 0
    outer loop
      vertex 32.7581 20.3365 5.72205e-07
      vertex 32.8601 20.2764 0.6
      vertex 32.7581 20.3365 0.6
    endloop
  endfacet
  facet normal -0.507648 -0.861565 -0
    outer loop
      vertex 32.8601 20.2764 0.6
      vertex 32.7581 20.3365 5.72205e-07
      vertex 32.8601 20.2764 5.72205e-07
    endloop
  endfacet
  facet normal -0.277366 -0.960764 0
    outer loop
      vertex 32.8601 20.2764 5.72205e-07
      vertex 32.9848 20.2404 0.6
      vertex 32.8601 20.2764 0.6
    endloop
  endfacet
  facet normal -0.277366 -0.960764 -0
    outer loop
      vertex 32.9848 20.2404 0.6
      vertex 32.8601 20.2764 5.72205e-07
      vertex 32.9848 20.2404 5.72205e-07
    endloop
  endfacet
  facet normal -0.0811974 -0.996698 0
    outer loop
      vertex 32.9848 20.2404 5.72205e-07
      vertex 33.1321 20.2284 0.6
      vertex 32.9848 20.2404 0.6
    endloop
  endfacet
  facet normal -0.0811974 -0.996698 -0
    outer loop
      vertex 33.1321 20.2284 0.6
      vertex 32.9848 20.2404 5.72205e-07
      vertex 33.1321 20.2284 5.72205e-07
    endloop
  endfacet
  facet normal 0.0370589 -0.999313 0
    outer loop
      vertex 33.1321 20.2284 5.72205e-07
      vertex 33.2103 20.2313 0.6
      vertex 33.1321 20.2284 0.6
    endloop
  endfacet
  facet normal 0.0370589 -0.999313 0
    outer loop
      vertex 33.2103 20.2313 0.6
      vertex 33.1321 20.2284 5.72205e-07
      vertex 33.2103 20.2313 5.72205e-07
    endloop
  endfacet
  facet normal 0.118116 -0.993 0
    outer loop
      vertex 33.2103 20.2313 5.72205e-07
      vertex 33.2826 20.2399 0.6
      vertex 33.2103 20.2313 0.6
    endloop
  endfacet
  facet normal 0.118116 -0.993 0
    outer loop
      vertex 33.2826 20.2399 0.6
      vertex 33.2103 20.2313 5.72205e-07
      vertex 33.2826 20.2399 5.72205e-07
    endloop
  endfacet
  facet normal 0.213346 -0.976977 0
    outer loop
      vertex 33.2826 20.2399 5.72205e-07
      vertex 33.349 20.2544 0.6
      vertex 33.2826 20.2399 0.6
    endloop
  endfacet
  facet normal 0.213346 -0.976977 0
    outer loop
      vertex 33.349 20.2544 0.6
      vertex 33.2826 20.2399 5.72205e-07
      vertex 33.349 20.2544 5.72205e-07
    endloop
  endfacet
  facet normal 0.317636 -0.948213 0
    outer loop
      vertex 33.349 20.2544 5.72205e-07
      vertex 33.4096 20.2747 0.6
      vertex 33.349 20.2544 0.6
    endloop
  endfacet
  facet normal 0.317636 -0.948213 0
    outer loop
      vertex 33.4096 20.2747 0.6
      vertex 33.349 20.2544 5.72205e-07
      vertex 33.4096 20.2747 5.72205e-07
    endloop
  endfacet
  facet normal 0.430638 -0.902525 0
    outer loop
      vertex 33.4096 20.2747 5.72205e-07
      vertex 33.4643 20.3008 0.6
      vertex 33.4096 20.2747 0.6
    endloop
  endfacet
  facet normal 0.430638 -0.902525 0
    outer loop
      vertex 33.4643 20.3008 0.6
      vertex 33.4096 20.2747 5.72205e-07
      vertex 33.4643 20.3008 5.72205e-07
    endloop
  endfacet
  facet normal 0.545169 -0.838326 0
    outer loop
      vertex 33.4643 20.3008 5.72205e-07
      vertex 33.5132 20.3326 0.6
      vertex 33.4643 20.3008 0.6
    endloop
  endfacet
  facet normal 0.545169 -0.838326 0
    outer loop
      vertex 33.5132 20.3326 0.6
      vertex 33.4643 20.3008 5.72205e-07
      vertex 33.5132 20.3326 5.72205e-07
    endloop
  endfacet
  facet normal 0.659247 -0.751926 0
    outer loop
      vertex 33.5132 20.3326 5.72205e-07
      vertex 33.5562 20.3703 0.6
      vertex 33.5132 20.3326 0.6
    endloop
  endfacet
  facet normal 0.659247 -0.751926 0
    outer loop
      vertex 33.5562 20.3703 0.6
      vertex 33.5132 20.3326 5.72205e-07
      vertex 33.5562 20.3703 5.72205e-07
    endloop
  endfacet
  facet normal 0.762068 -0.647497 0
    outer loop
      vertex 33.5562 20.3703 0.6
      vertex 33.5935 20.4142 5.72205e-07
      vertex 33.5935 20.4142 0.6
    endloop
  endfacet
  facet normal 0.762068 -0.647497 0
    outer loop
      vertex 33.5935 20.4142 5.72205e-07
      vertex 33.5562 20.3703 0.6
      vertex 33.5562 20.3703 5.72205e-07
    endloop
  endfacet
  facet normal 0.84847 -0.529244 0
    outer loop
      vertex 33.5935 20.4142 0.6
      vertex 33.625 20.4647 5.72205e-07
      vertex 33.625 20.4647 0.6
    endloop
  endfacet
  facet normal 0.84847 -0.529244 0
    outer loop
      vertex 33.625 20.4647 5.72205e-07
      vertex 33.5935 20.4142 0.6
      vertex 33.5935 20.4142 5.72205e-07
    endloop
  endfacet
  facet normal 0.911563 -0.41116 0
    outer loop
      vertex 33.625 20.4647 0.6
      vertex 33.6508 20.5219 5.72205e-07
      vertex 33.6508 20.5219 0.6
    endloop
  endfacet
  facet normal 0.911563 -0.41116 0
    outer loop
      vertex 33.6508 20.5219 5.72205e-07
      vertex 33.625 20.4647 0.6
      vertex 33.625 20.4647 5.72205e-07
    endloop
  endfacet
  facet normal 0.954347 -0.2987 0
    outer loop
      vertex 33.6508 20.5219 0.6
      vertex 33.6708 20.5858 5.72205e-07
      vertex 33.6708 20.5858 0.6
    endloop
  endfacet
  facet normal 0.954347 -0.2987 0
    outer loop
      vertex 33.6708 20.5858 5.72205e-07
      vertex 33.6508 20.5219 0.6
      vertex 33.6508 20.5219 5.72205e-07
    endloop
  endfacet
  facet normal 0.979771 -0.200123 0
    outer loop
      vertex 33.6708 20.5858 0.6
      vertex 33.6852 20.6563 5.72205e-07
      vertex 33.6852 20.6563 0.6
    endloop
  endfacet
  facet normal 0.979771 -0.200123 0
    outer loop
      vertex 33.6852 20.6563 5.72205e-07
      vertex 33.6708 20.5858 0.6
      vertex 33.6708 20.5858 5.72205e-07
    endloop
  endfacet
  facet normal 0.993852 -0.110714 0
    outer loop
      vertex 33.6852 20.6563 0.6
      vertex 33.6938 20.7335 5.72205e-07
      vertex 33.6938 20.7335 0.6
    endloop
  endfacet
  facet normal 0.993852 -0.110714 0
    outer loop
      vertex 33.6938 20.7335 5.72205e-07
      vertex 33.6852 20.6563 0.6
      vertex 33.6852 20.6563 5.72205e-07
    endloop
  endfacet
  facet normal 0.999442 -0.0333943 0
    outer loop
      vertex 33.6938 20.7335 0.6
      vertex 33.6966 20.8173 5.72205e-07
      vertex 33.6966 20.8173 0.6
    endloop
  endfacet
  facet normal 0.999442 -0.0333943 0
    outer loop
      vertex 33.6966 20.8173 5.72205e-07
      vertex 33.6938 20.7335 0.6
      vertex 33.6938 20.7335 5.72205e-07
    endloop
  endfacet
  facet normal 0.999521 0.0309586 0
    outer loop
      vertex 33.6966 20.8173 0.6
      vertex 33.6938 20.9077 5.72205e-07
      vertex 33.6938 20.9077 0.6
    endloop
  endfacet
  facet normal 0.999521 0.0309586 0
    outer loop
      vertex 33.6938 20.9077 5.72205e-07
      vertex 33.6966 20.8173 0.6
      vertex 33.6966 20.8173 5.72205e-07
    endloop
  endfacet
  facet normal 0.99476 0.102243 0
    outer loop
      vertex 33.6938 20.9077 0.6
      vertex 33.6853 20.9904 5.72205e-07
      vertex 33.6853 20.9904 0.6
    endloop
  endfacet
  facet normal 0.99476 0.102243 0
    outer loop
      vertex 33.6853 20.9904 5.72205e-07
      vertex 33.6938 20.9077 0.6
      vertex 33.6938 20.9077 5.72205e-07
    endloop
  endfacet
  facet normal 0.982635 0.185551 0
    outer loop
      vertex 33.6853 20.9904 0.6
      vertex 33.6711 21.0656 5.72205e-07
      vertex 33.6711 21.0656 0.6
    endloop
  endfacet
  facet normal 0.982635 0.185551 0
    outer loop
      vertex 33.6711 21.0656 5.72205e-07
      vertex 33.6853 20.9904 0.6
      vertex 33.6853 20.9904 5.72205e-07
    endloop
  endfacet
  facet normal 0.959681 0.28109 0
    outer loop
      vertex 33.6711 21.0656 0.6
      vertex 33.6513 21.1332 5.72205e-07
      vertex 33.6513 21.1332 0.6
    endloop
  endfacet
  facet normal 0.959681 0.28109 0
    outer loop
      vertex 33.6513 21.1332 5.72205e-07
      vertex 33.6711 21.0656 0.6
      vertex 33.6711 21.0656 5.72205e-07
    endloop
  endfacet
  facet normal 0.920331 0.391141 0
    outer loop
      vertex 33.6513 21.1332 0.6
      vertex 33.6258 21.1932 5.72205e-07
      vertex 33.6258 21.1932 0.6
    endloop
  endfacet
  facet normal 0.920331 0.391141 0
    outer loop
      vertex 33.6258 21.1932 5.72205e-07
      vertex 33.6513 21.1332 0.6
      vertex 33.6513 21.1332 5.72205e-07
    endloop
  endfacet
  facet normal 0.858794 0.512321 0
    outer loop
      vertex 33.6258 21.1932 0.6
      vertex 33.5946 21.2455 5.72205e-07
      vertex 33.5946 21.2455 0.6
    endloop
  endfacet
  facet normal 0.858794 0.512321 0
    outer loop
      vertex 33.5946 21.2455 5.72205e-07
      vertex 33.6258 21.1932 0.6
      vertex 33.6258 21.1932 5.72205e-07
    endloop
  endfacet
  facet normal 0.772726 0.634739 0
    outer loop
      vertex 33.5946 21.2455 0.6
      vertex 33.5578 21.2903 5.72205e-07
      vertex 33.5578 21.2903 0.6
    endloop
  endfacet
  facet normal 0.772726 0.634739 0
    outer loop
      vertex 33.5578 21.2903 5.72205e-07
      vertex 33.5946 21.2455 0.6
      vertex 33.5946 21.2455 5.72205e-07
    endloop
  endfacet
  facet normal 0.666641 0.745379 -0
    outer loop
      vertex 33.5578 21.2903 5.72205e-07
      vertex 33.5152 21.3284 0.6
      vertex 33.5578 21.2903 0.6
    endloop
  endfacet
  facet normal 0.666641 0.745379 0
    outer loop
      vertex 33.5152 21.3284 0.6
      vertex 33.5578 21.2903 5.72205e-07
      vertex 33.5152 21.3284 5.72205e-07
    endloop
  endfacet
  facet normal 0.553906 0.832579 -0
    outer loop
      vertex 33.5152 21.3284 5.72205e-07
      vertex 33.4668 21.3606 0.6
      vertex 33.5152 21.3284 0.6
    endloop
  endfacet
  facet normal 0.553906 0.832579 0
    outer loop
      vertex 33.4668 21.3606 0.6
      vertex 33.5152 21.3284 5.72205e-07
      vertex 33.4668 21.3606 5.72205e-07
    endloop
  endfacet
  facet normal 0.437211 0.899359 -0
    outer loop
      vertex 33.4668 21.3606 5.72205e-07
      vertex 33.4127 21.3869 0.6
      vertex 33.4668 21.3606 0.6
    endloop
  endfacet
  facet normal 0.437211 0.899359 0
    outer loop
      vertex 33.4127 21.3869 0.6
      vertex 33.4668 21.3606 5.72205e-07
      vertex 33.4127 21.3869 5.72205e-07
    endloop
  endfacet
  facet normal 0.323799 0.946126 -0
    outer loop
      vertex 33.4127 21.3869 5.72205e-07
      vertex 33.3528 21.4074 0.6
      vertex 33.4127 21.3869 0.6
    endloop
  endfacet
  facet normal 0.323799 0.946126 0
    outer loop
      vertex 33.3528 21.4074 0.6
      vertex 33.4127 21.3869 5.72205e-07
      vertex 33.3528 21.4074 5.72205e-07
    endloop
  endfacet
  facet normal 0.216616 0.976257 -0
    outer loop
      vertex 33.3528 21.4074 5.72205e-07
      vertex 33.287 21.422 0.6
      vertex 33.3528 21.4074 0.6
    endloop
  endfacet
  facet normal 0.216616 0.976257 0
    outer loop
      vertex 33.287 21.422 0.6
      vertex 33.3528 21.4074 5.72205e-07
      vertex 33.287 21.422 5.72205e-07
    endloop
  endfacet
  facet normal 0.122155 0.992511 -0
    outer loop
      vertex 33.287 21.422 5.72205e-07
      vertex 33.2155 21.4308 0.6
      vertex 33.287 21.422 0.6
    endloop
  endfacet
  facet normal 0.122155 0.992511 0
    outer loop
      vertex 33.2155 21.4308 0.6
      vertex 33.287 21.422 5.72205e-07
      vertex 33.2155 21.4308 5.72205e-07
    endloop
  endfacet
  facet normal 0.0374898 0.999297 -0
    outer loop
      vertex 33.2155 21.4308 5.72205e-07
      vertex 33.1382 21.4337 0.6
      vertex 33.2155 21.4308 0.6
    endloop
  endfacet
  facet normal 0.0374898 0.999297 0
    outer loop
      vertex 33.1382 21.4337 0.6
      vertex 33.2155 21.4308 5.72205e-07
      vertex 33.1382 21.4337 5.72205e-07
    endloop
  endfacet
  facet normal -0.084263 0.996444 0
    outer loop
      vertex 33.1382 21.4337 5.72205e-07
      vertex 32.9892 21.4211 0.6
      vertex 33.1382 21.4337 0.6
    endloop
  endfacet
  facet normal -0.084263 0.996444 0
    outer loop
      vertex 32.9892 21.4211 0.6
      vertex 33.1382 21.4337 5.72205e-07
      vertex 32.9892 21.4211 5.72205e-07
    endloop
  endfacet
  facet normal -0.123325 0.992366 0
    outer loop
      vertex 33.0572 23.4442 5.72205e-07
      vertex 32.9711 23.4335 0.6
      vertex 33.0572 23.4442 0.6
    endloop
  endfacet
  facet normal -0.123325 0.992366 0
    outer loop
      vertex 32.9711 23.4335 0.6
      vertex 33.0572 23.4442 5.72205e-07
      vertex 32.9711 23.4335 5.72205e-07
    endloop
  endfacet
  facet normal -0.218367 0.975867 0
    outer loop
      vertex 32.9711 23.4335 5.72205e-07
      vertex 32.892 23.4158 0.6
      vertex 32.9711 23.4335 0.6
    endloop
  endfacet
  facet normal -0.218367 0.975867 0
    outer loop
      vertex 32.892 23.4158 0.6
      vertex 32.9711 23.4335 5.72205e-07
      vertex 32.892 23.4158 5.72205e-07
    endloop
  endfacet
  facet normal -0.327246 0.944939 0
    outer loop
      vertex 32.892 23.4158 5.72205e-07
      vertex 32.8201 23.3909 0.6
      vertex 32.892 23.4158 0.6
    endloop
  endfacet
  facet normal -0.327246 0.944939 0
    outer loop
      vertex 32.8201 23.3909 0.6
      vertex 32.892 23.4158 5.72205e-07
      vertex 32.8201 23.3909 5.72205e-07
    endloop
  endfacet
  facet normal -0.441119 0.897449 0
    outer loop
      vertex 32.8201 23.3909 5.72205e-07
      vertex 32.7552 23.359 0.6
      vertex 32.8201 23.3909 0.6
    endloop
  endfacet
  facet normal -0.441119 0.897449 0
    outer loop
      vertex 32.7552 23.359 0.6
      vertex 32.8201 23.3909 5.72205e-07
      vertex 32.7552 23.359 5.72205e-07
    endloop
  endfacet
  facet normal -0.560975 0.827833 0
    outer loop
      vertex 32.7552 23.359 5.72205e-07
      vertex 32.6975 23.3199 0.6
      vertex 32.7552 23.359 0.6
    endloop
  endfacet
  facet normal -0.560975 0.827833 0
    outer loop
      vertex 32.6975 23.3199 0.6
      vertex 32.7552 23.359 5.72205e-07
      vertex 32.6975 23.3199 5.72205e-07
    endloop
  endfacet
  facet normal -0.673472 0.739212 0
    outer loop
      vertex 32.6975 23.3199 5.72205e-07
      vertex 32.6469 23.2738 0.6
      vertex 32.6975 23.3199 0.6
    endloop
  endfacet
  facet normal -0.673472 0.739212 0
    outer loop
      vertex 32.6469 23.2738 0.6
      vertex 32.6975 23.3199 5.72205e-07
      vertex 32.6469 23.2738 5.72205e-07
    endloop
  endfacet
  facet normal -0.776775 0.629778 0
    outer loop
      vertex 32.6032 23.2199 5.72205e-07
      vertex 32.6469 23.2738 0.6
      vertex 32.6469 23.2738 5.72205e-07
    endloop
  endfacet
  facet normal -0.776775 0.629778 0
    outer loop
      vertex 32.6469 23.2738 0.6
      vertex 32.6032 23.2199 5.72205e-07
      vertex 32.6032 23.2199 0.6
    endloop
  endfacet
  facet normal -0.859437 0.511241 0
    outer loop
      vertex 32.5662 23.1577 5.72205e-07
      vertex 32.6032 23.2199 0.6
      vertex 32.6032 23.2199 5.72205e-07
    endloop
  endfacet
  facet normal -0.859437 0.511241 0
    outer loop
      vertex 32.6032 23.2199 0.6
      vertex 32.5662 23.1577 5.72205e-07
      vertex 32.5662 23.1577 0.6
    endloop
  endfacet
  facet normal -0.91874 0.394863 0
    outer loop
      vertex 32.5359 23.0872 5.72205e-07
      vertex 32.5662 23.1577 0.6
      vertex 32.5662 23.1577 5.72205e-07
    endloop
  endfacet
  facet normal -0.91874 0.394863 0
    outer loop
      vertex 32.5662 23.1577 0.6
      vertex 32.5359 23.0872 5.72205e-07
      vertex 32.5359 23.0872 0.6
    endloop
  endfacet
  facet normal -0.958393 0.285453 0
    outer loop
      vertex 32.5124 23.0083 5.72205e-07
      vertex 32.5359 23.0872 0.6
      vertex 32.5359 23.0872 5.72205e-07
    endloop
  endfacet
  facet normal -0.958393 0.285453 0
    outer loop
      vertex 32.5359 23.0872 0.6
      vertex 32.5124 23.0083 5.72205e-07
      vertex 32.5124 23.0083 0.6
    endloop
  endfacet
  facet normal -0.981982 0.188973 0
    outer loop
      vertex 32.4956 22.921 5.72205e-07
      vertex 32.5124 23.0083 0.6
      vertex 32.5124 23.0083 5.72205e-07
    endloop
  endfacet
  facet normal -0.981982 0.188973 0
    outer loop
      vertex 32.5124 23.0083 0.6
      vertex 32.4956 22.921 5.72205e-07
      vertex 32.4956 22.921 0.6
    endloop
  endfacet
  facet normal -0.994465 0.105064 0
    outer loop
      vertex 32.4855 22.8254 5.72205e-07
      vertex 32.4956 22.921 0.6
      vertex 32.4956 22.921 5.72205e-07
    endloop
  endfacet
  facet normal -0.994465 0.105064 0
    outer loop
      vertex 32.4956 22.921 0.6
      vertex 32.4855 22.8254 5.72205e-07
      vertex 32.4855 22.8254 0.6
    endloop
  endfacet
  facet normal -0.999465 0.0327063 0
    outer loop
      vertex 32.4821 22.7215 5.72205e-07
      vertex 32.4855 22.8254 0.6
      vertex 32.4855 22.8254 5.72205e-07
    endloop
  endfacet
  facet normal -0.999465 0.0327063 0
    outer loop
      vertex 32.4855 22.8254 0.6
      vertex 32.4821 22.7215 5.72205e-07
      vertex 32.4821 22.7215 0.6
    endloop
  endfacet
  facet normal -0.999316 -0.0369714 0
    outer loop
      vertex 32.4855 22.6296 5.72205e-07
      vertex 32.4821 22.7215 0.6
      vertex 32.4821 22.7215 5.72205e-07
    endloop
  endfacet
  facet normal -0.999316 -0.0369714 0
    outer loop
      vertex 32.4821 22.7215 0.6
      vertex 32.4855 22.6296 5.72205e-07
      vertex 32.4855 22.6296 0.6
    endloop
  endfacet
  facet normal -0.992959 -0.118458 0
    outer loop
      vertex 32.4957 22.5441 5.72205e-07
      vertex 32.4855 22.6296 0.6
      vertex 32.4855 22.6296 5.72205e-07
    endloop
  endfacet
  facet normal -0.992959 -0.118458 0
    outer loop
      vertex 32.4855 22.6296 0.6
      vertex 32.4957 22.5441 5.72205e-07
      vertex 32.4957 22.5441 0.6
    endloop
  endfacet
  facet normal -0.977676 -0.21012 0
    outer loop
      vertex 32.5127 22.465 5.72205e-07
      vertex 32.4957 22.5441 0.6
      vertex 32.4957 22.5441 5.72205e-07
    endloop
  endfacet
  facet normal -0.977676 -0.21012 0
    outer loop
      vertex 32.4957 22.5441 0.6
      vertex 32.5127 22.465 5.72205e-07
      vertex 32.5127 22.465 0.6
    endloop
  endfacet
  facet normal -0.95088 -0.309559 0
    outer loop
      vertex 32.5364 22.3922 5.72205e-07
      vertex 32.5127 22.465 0.6
      vertex 32.5127 22.465 5.72205e-07
    endloop
  endfacet
  facet normal -0.95088 -0.309559 0
    outer loop
      vertex 32.5127 22.465 0.6
      vertex 32.5364 22.3922 5.72205e-07
      vertex 32.5364 22.3922 0.6
    endloop
  endfacet
  facet normal -0.908439 -0.418018 0
    outer loop
      vertex 32.567 22.3257 5.72205e-07
      vertex 32.5364 22.3922 0.6
      vertex 32.5364 22.3922 5.72205e-07
    endloop
  endfacet
  facet normal -0.908439 -0.418018 0
    outer loop
      vertex 32.5364 22.3922 0.6
      vertex 32.567 22.3257 5.72205e-07
      vertex 32.567 22.3257 0.6
    endloop
  endfacet
  facet normal -0.849662 -0.527328 0
    outer loop
      vertex 32.6043 22.2656 5.72205e-07
      vertex 32.567 22.3257 0.6
      vertex 32.567 22.3257 5.72205e-07
    endloop
  endfacet
  facet normal -0.849662 -0.527328 0
    outer loop
      vertex 32.567 22.3257 0.6
      vertex 32.6043 22.2656 5.72205e-07
      vertex 32.6043 22.2656 0.6
    endloop
  endfacet
  facet normal -0.772802 -0.634647 0
    outer loop
      vertex 32.6484 22.2119 5.72205e-07
      vertex 32.6043 22.2656 0.6
      vertex 32.6043 22.2656 5.72205e-07
    endloop
  endfacet
  facet normal -0.772802 -0.634647 0
    outer loop
      vertex 32.6043 22.2656 0.6
      vertex 32.6484 22.2119 5.72205e-07
      vertex 32.6484 22.2119 0.6
    endloop
  endfacet
  facet normal -0.681285 -0.732019 0
    outer loop
      vertex 32.6484 22.2119 5.72205e-07
      vertex 32.6989 22.1649 0.6
      vertex 32.6484 22.2119 0.6
    endloop
  endfacet
  facet normal -0.681285 -0.732019 -0
    outer loop
      vertex 32.6989 22.1649 0.6
      vertex 32.6484 22.2119 5.72205e-07
      vertex 32.6989 22.1649 5.72205e-07
    endloop
  endfacet
  facet normal -0.575601 -0.817731 0
    outer loop
      vertex 32.6989 22.1649 5.72205e-07
      vertex 32.7553 22.1252 0.6
      vertex 32.6989 22.1649 0.6
    endloop
  endfacet
  facet normal -0.575601 -0.817731 -0
    outer loop
      vertex 32.7553 22.1252 0.6
      vertex 32.6989 22.1649 5.72205e-07
      vertex 32.7553 22.1252 5.72205e-07
    endloop
  endfacet
  facet normal -0.462517 -0.88661 0
    outer loop
      vertex 32.7553 22.1252 5.72205e-07
      vertex 32.8176 22.0927 0.6
      vertex 32.7553 22.1252 0.6
    endloop
  endfacet
  facet normal -0.462517 -0.88661 -0
    outer loop
      vertex 32.8176 22.0927 0.6
      vertex 32.7553 22.1252 5.72205e-07
      vertex 32.8176 22.0927 5.72205e-07
    endloop
  endfacet
  facet normal -0.347807 -0.937566 0
    outer loop
      vertex 32.8176 22.0927 5.72205e-07
      vertex 32.8858 22.0674 0.6
      vertex 32.8176 22.0927 0.6
    endloop
  endfacet
  facet normal -0.347807 -0.937566 -0
    outer loop
      vertex 32.8858 22.0674 0.6
      vertex 32.8176 22.0927 5.72205e-07
      vertex 32.8858 22.0674 5.72205e-07
    endloop
  endfacet
  facet normal -0.236986 -0.971513 0
    outer loop
      vertex 32.8858 22.0674 5.72205e-07
      vertex 32.96 22.0493 0.6
      vertex 32.8858 22.0674 0.6
    endloop
  endfacet
  facet normal -0.236986 -0.971513 -0
    outer loop
      vertex 32.96 22.0493 0.6
      vertex 32.8858 22.0674 5.72205e-07
      vertex 32.96 22.0493 5.72205e-07
    endloop
  endfacet
  facet normal -0.133786 -0.99101 0
    outer loop
      vertex 32.96 22.0493 5.72205e-07
      vertex 33.04 22.0385 0.6
      vertex 32.96 22.0493 0.6
    endloop
  endfacet
  facet normal -0.133786 -0.99101 -0
    outer loop
      vertex 33.04 22.0385 0.6
      vertex 32.96 22.0493 5.72205e-07
      vertex 33.04 22.0385 5.72205e-07
    endloop
  endfacet
  facet normal -0.0418238 -0.999125 0
    outer loop
      vertex 33.04 22.0385 5.72205e-07
      vertex 33.126 22.0349 0.6
      vertex 33.04 22.0385 0.6
    endloop
  endfacet
  facet normal -0.0418238 -0.999125 -0
    outer loop
      vertex 33.126 22.0349 0.6
      vertex 33.04 22.0385 5.72205e-07
      vertex 33.126 22.0349 5.72205e-07
    endloop
  endfacet
  facet normal 0.0766965 -0.997054 0
    outer loop
      vertex 33.126 22.0349 5.72205e-07
      vertex 33.3041 22.0486 0.6
      vertex 33.126 22.0349 0.6
    endloop
  endfacet
  facet normal 0.0766965 -0.997054 0
    outer loop
      vertex 33.3041 22.0486 0.6
      vertex 33.126 22.0349 5.72205e-07
      vertex 33.3041 22.0486 5.72205e-07
    endloop
  endfacet
  facet normal 0.264309 -0.964438 0
    outer loop
      vertex 33.3041 22.0486 5.72205e-07
      vertex 33.4548 22.0899 0.6
      vertex 33.3041 22.0486 0.6
    endloop
  endfacet
  facet normal 0.264309 -0.964438 0
    outer loop
      vertex 33.4548 22.0899 0.6
      vertex 33.3041 22.0486 5.72205e-07
      vertex 33.4548 22.0899 5.72205e-07
    endloop
  endfacet
  facet normal 0.487266 -0.873254 0
    outer loop
      vertex 33.4548 22.0899 5.72205e-07
      vertex 33.5781 22.1587 0.6
      vertex 33.4548 22.0899 0.6
    endloop
  endfacet
  facet normal 0.487266 -0.873254 0
    outer loop
      vertex 33.5781 22.1587 0.6
      vertex 33.4548 22.0899 5.72205e-07
      vertex 33.5781 22.1587 5.72205e-07
    endloop
  endfacet
  facet normal 0.708943 -0.705266 0
    outer loop
      vertex 33.5781 22.1587 0.6
      vertex 33.674 22.2551 5.72205e-07
      vertex 33.674 22.2551 0.6
    endloop
  endfacet
  facet normal 0.708943 -0.705266 0
    outer loop
      vertex 33.674 22.2551 5.72205e-07
      vertex 33.5781 22.1587 0.6
      vertex 33.5781 22.1587 5.72205e-07
    endloop
  endfacet
  facet normal 0.875155 -0.483843 0
    outer loop
      vertex 33.674 22.2551 0.6
      vertex 33.7425 22.379 5.72205e-07
      vertex 33.7425 22.379 0.6
    endloop
  endfacet
  facet normal 0.875155 -0.483843 0
    outer loop
      vertex 33.7425 22.379 5.72205e-07
      vertex 33.674 22.2551 0.6
      vertex 33.674 22.2551 5.72205e-07
    endloop
  endfacet
  facet normal 0.965072 -0.261985 0
    outer loop
      vertex 33.7425 22.379 0.6
      vertex 33.7836 22.5304 5.72205e-07
      vertex 33.7836 22.5304 0.6
    endloop
  endfacet
  facet normal 0.965072 -0.261985 0
    outer loop
      vertex 33.7836 22.5304 5.72205e-07
      vertex 33.7425 22.379 0.6
      vertex 33.7425 22.379 5.72205e-07
    endloop
  endfacet
  facet normal 0.997038 -0.0769096 0
    outer loop
      vertex 33.7836 22.5304 0.6
      vertex 33.7974 22.7093 5.72205e-07
      vertex 33.7974 22.7093 0.6
    endloop
  endfacet
  facet normal 0.997038 -0.0769096 0
    outer loop
      vertex 33.7974 22.7093 5.72205e-07
      vertex 33.7836 22.5304 0.6
      vertex 33.7836 22.5304 5.72205e-07
    endloop
  endfacet
  facet normal 0.999527 0.030769 0
    outer loop
      vertex 33.7974 22.7093 0.6
      vertex 33.7941 22.8165 5.72205e-07
      vertex 33.7941 22.8165 0.6
    endloop
  endfacet
  facet normal 0.999527 0.030769 0
    outer loop
      vertex 33.7941 22.8165 5.72205e-07
      vertex 33.7974 22.7093 0.6
      vertex 33.7974 22.7093 5.72205e-07
    endloop
  endfacet
  facet normal 0.995265 0.0971978 0
    outer loop
      vertex 33.7941 22.8165 0.6
      vertex 33.7845 22.9148 5.72205e-07
      vertex 33.7845 22.9148 0.6
    endloop
  endfacet
  facet normal 0.995265 0.0971978 0
    outer loop
      vertex 33.7845 22.9148 5.72205e-07
      vertex 33.7941 22.8165 0.6
      vertex 33.7941 22.8165 5.72205e-07
    endloop
  endfacet
  facet normal 0.984394 0.175981 0
    outer loop
      vertex 33.7845 22.9148 0.6
      vertex 33.7685 23.0043 5.72205e-07
      vertex 33.7685 23.0043 0.6
    endloop
  endfacet
  facet normal 0.984394 0.175981 0
    outer loop
      vertex 33.7685 23.0043 5.72205e-07
      vertex 33.7845 22.9148 0.6
      vertex 33.7845 22.9148 5.72205e-07
    endloop
  endfacet
  facet normal 0.963175 0.268876 0
    outer loop
      vertex 33.7685 23.0043 0.6
      vertex 33.746 23.0849 5.72205e-07
      vertex 33.746 23.0849 0.6
    endloop
  endfacet
  facet normal 0.963175 0.268876 0
    outer loop
      vertex 33.746 23.0849 5.72205e-07
      vertex 33.7685 23.0043 0.6
      vertex 33.7685 23.0043 5.72205e-07
    endloop
  endfacet
  facet normal 0.92812 0.372282 0
    outer loop
      vertex 33.746 23.0849 0.6
      vertex 33.7172 23.1567 5.72205e-07
      vertex 33.7172 23.1567 0.6
    endloop
  endfacet
  facet normal 0.92812 0.372282 0
    outer loop
      vertex 33.7172 23.1567 5.72205e-07
      vertex 33.746 23.0849 0.6
      vertex 33.746 23.0849 5.72205e-07
    endloop
  endfacet
  facet normal 0.872388 0.488814 0
    outer loop
      vertex 33.7172 23.1567 0.6
      vertex 33.6819 23.2197 5.72205e-07
      vertex 33.6819 23.2197 0.6
    endloop
  endfacet
  facet normal 0.872388 0.488814 0
    outer loop
      vertex 33.6819 23.2197 5.72205e-07
      vertex 33.7172 23.1567 0.6
      vertex 33.7172 23.1567 5.72205e-07
    endloop
  endfacet
  facet normal 0.792025 0.610489 0
    outer loop
      vertex 33.6819 23.2197 0.6
      vertex 33.6402 23.2738 5.72205e-07
      vertex 33.6402 23.2738 0.6
    endloop
  endfacet
  facet normal 0.792025 0.610489 0
    outer loop
      vertex 33.6402 23.2738 5.72205e-07
      vertex 33.6819 23.2197 0.6
      vertex 33.6819 23.2197 5.72205e-07
    endloop
  endfacet
  facet normal 0.688946 0.724813 -0
    outer loop
      vertex 33.6402 23.2738 5.72205e-07
      vertex 33.5917 23.3199 0.6
      vertex 33.6402 23.2738 0.6
    endloop
  endfacet
  facet normal 0.688946 0.724813 0
    outer loop
      vertex 33.5917 23.3199 0.6
      vertex 33.6402 23.2738 5.72205e-07
      vertex 33.5917 23.3199 5.72205e-07
    endloop
  endfacet
  facet normal 0.574547 0.818472 -0
    outer loop
      vertex 33.5917 23.3199 5.72205e-07
      vertex 33.536 23.359 0.6
      vertex 33.5917 23.3199 0.6
    endloop
  endfacet
  facet normal 0.574547 0.818472 0
    outer loop
      vertex 33.536 23.359 0.6
      vertex 33.5917 23.3199 5.72205e-07
      vertex 33.536 23.359 5.72205e-07
    endloop
  endfacet
  facet normal 0.452883 0.89157 -0
    outer loop
      vertex 33.536 23.359 5.72205e-07
      vertex 33.4732 23.3909 0.6
      vertex 33.536 23.359 0.6
    endloop
  endfacet
  facet normal 0.452883 0.89157 0
    outer loop
      vertex 33.4732 23.3909 0.6
      vertex 33.536 23.359 5.72205e-07
      vertex 33.4732 23.3909 5.72205e-07
    endloop
  endfacet
  facet normal 0.335568 0.942016 -0
    outer loop
      vertex 33.4732 23.3909 5.72205e-07
      vertex 33.4033 23.4158 0.6
      vertex 33.4732 23.3909 0.6
    endloop
  endfacet
  facet normal 0.335568 0.942016 0
    outer loop
      vertex 33.4033 23.4158 0.6
      vertex 33.4732 23.3909 5.72205e-07
      vertex 33.4033 23.4158 5.72205e-07
    endloop
  endfacet
  facet normal 0.223751 0.974646 -0
    outer loop
      vertex 33.4033 23.4158 5.72205e-07
      vertex 33.3262 23.4335 0.6
      vertex 33.4033 23.4158 0.6
    endloop
  endfacet
  facet normal 0.223751 0.974646 0
    outer loop
      vertex 33.3262 23.4335 0.6
      vertex 33.4033 23.4158 5.72205e-07
      vertex 33.3262 23.4335 5.72205e-07
    endloop
  endfacet
  facet normal 0.125917 0.992041 -0
    outer loop
      vertex 33.3262 23.4335 5.72205e-07
      vertex 33.2419 23.4442 0.6
      vertex 33.3262 23.4335 0.6
    endloop
  endfacet
  facet normal 0.125917 0.992041 0
    outer loop
      vertex 33.2419 23.4442 0.6
      vertex 33.3262 23.4335 5.72205e-07
      vertex 33.2419 23.4442 5.72205e-07
    endloop
  endfacet
  facet normal 0.0382234 0.999269 -0
    outer loop
      vertex 33.2419 23.4442 5.72205e-07
      vertex 33.1504 23.4477 0.6
      vertex 33.2419 23.4442 0.6
    endloop
  endfacet
  facet normal 0.0382234 0.999269 0
    outer loop
      vertex 33.1504 23.4477 0.6
      vertex 33.2419 23.4442 5.72205e-07
      vertex 33.1504 23.4477 5.72205e-07
    endloop
  endfacet
  facet normal -0.0375272 0.999296 0
    outer loop
      vertex 33.1504 23.4477 5.72205e-07
      vertex 33.0572 23.4442 0.6
      vertex 33.1504 23.4477 0.6
    endloop
  endfacet
  facet normal -0.0375272 0.999296 0
    outer loop
      vertex 33.0572 23.4442 0.6
      vertex 33.1504 23.4477 5.72205e-07
      vertex 33.0572 23.4442 5.72205e-07
    endloop
  endfacet
  facet normal -0.172935 -0.984933 0
    outer loop
      vertex 26.4642 24.0404 5.72205e-07
      vertex 26.6624 24.0056 0.6
      vertex 26.4642 24.0404 0.6
    endloop
  endfacet
  facet normal -0.172935 -0.984933 -0
    outer loop
      vertex 26.6624 24.0056 0.6
      vertex 26.4642 24.0404 5.72205e-07
      vertex 26.6624 24.0056 5.72205e-07
    endloop
  endfacet
  facet normal -0.300312 -0.953841 0
    outer loop
      vertex 26.6624 24.0056 5.72205e-07
      vertex 26.8463 23.9477 0.6
      vertex 26.6624 24.0056 0.6
    endloop
  endfacet
  facet normal -0.300312 -0.953841 -0
    outer loop
      vertex 26.8463 23.9477 0.6
      vertex 26.6624 24.0056 5.72205e-07
      vertex 26.8463 23.9477 5.72205e-07
    endloop
  endfacet
  facet normal -0.431399 -0.902161 0
    outer loop
      vertex 26.8463 23.9477 5.72205e-07
      vertex 27.0159 23.8666 0.6
      vertex 26.8463 23.9477 0.6
    endloop
  endfacet
  facet normal -0.431399 -0.902161 -0
    outer loop
      vertex 27.0159 23.8666 0.6
      vertex 26.8463 23.9477 5.72205e-07
      vertex 27.0159 23.8666 5.72205e-07
    endloop
  endfacet
  facet normal -0.557413 -0.830235 0
    outer loop
      vertex 27.0159 23.8666 5.72205e-07
      vertex 27.1711 23.7624 0.6
      vertex 27.0159 23.8666 0.6
    endloop
  endfacet
  facet normal -0.557413 -0.830235 -0
    outer loop
      vertex 27.1711 23.7624 0.6
      vertex 27.0159 23.8666 5.72205e-07
      vertex 27.1711 23.7624 5.72205e-07
    endloop
  endfacet
  facet normal -0.670679 -0.741748 0
    outer loop
      vertex 27.1711 23.7624 5.72205e-07
      vertex 27.312 23.635 0.6
      vertex 27.1711 23.7624 0.6
    endloop
  endfacet
  facet normal -0.670679 -0.741748 -0
    outer loop
      vertex 27.312 23.635 0.6
      vertex 27.1711 23.7624 5.72205e-07
      vertex 27.312 23.635 5.72205e-07
    endloop
  endfacet
  facet normal -0.765465 -0.643478 0
    outer loop
      vertex 27.4386 23.4844 5.72205e-07
      vertex 27.312 23.635 0.6
      vertex 27.312 23.635 5.72205e-07
    endloop
  endfacet
  facet normal -0.765465 -0.643478 0
    outer loop
      vertex 27.312 23.635 0.6
      vertex 27.4386 23.4844 5.72205e-07
      vertex 27.4386 23.4844 0.6
    endloop
  endfacet
  facet normal -0.843062 -0.537816 0
    outer loop
      vertex 27.5496 23.3104 5.72205e-07
      vertex 27.4386 23.4844 0.6
      vertex 27.4386 23.4844 5.72205e-07
    endloop
  endfacet
  facet normal -0.843062 -0.537816 0
    outer loop
      vertex 27.4386 23.4844 0.6
      vertex 27.5496 23.3104 5.72205e-07
      vertex 27.5496 23.3104 0.6
    endloop
  endfacet
  facet normal -0.9033 -0.42901 0
    outer loop
      vertex 27.6434 23.1129 5.72205e-07
      vertex 27.5496 23.3104 0.6
      vertex 27.5496 23.3104 5.72205e-07
    endloop
  endfacet
  facet normal -0.9033 -0.42901 0
    outer loop
      vertex 27.5496 23.3104 0.6
      vertex 27.6434 23.1129 5.72205e-07
      vertex 27.6434 23.1129 0.6
    endloop
  endfacet
  facet normal -0.944589 -0.328255 0
    outer loop
      vertex 27.7202 22.8919 5.72205e-07
      vertex 27.6434 23.1129 0.6
      vertex 27.6434 23.1129 5.72205e-07
    endloop
  endfacet
  facet normal -0.944589 -0.328255 0
    outer loop
      vertex 27.6434 23.1129 0.6
      vertex 27.7202 22.8919 5.72205e-07
      vertex 27.7202 22.8919 0.6
    endloop
  endfacet
  facet normal -0.971368 -0.237578 0
    outer loop
      vertex 27.78 22.6474 5.72205e-07
      vertex 27.7202 22.8919 0.6
      vertex 27.7202 22.8919 5.72205e-07
    endloop
  endfacet
  facet normal -0.971368 -0.237578 0
    outer loop
      vertex 27.7202 22.8919 0.6
      vertex 27.78 22.6474 5.72205e-07
      vertex 27.78 22.6474 0.6
    endloop
  endfacet
  facet normal -0.98761 -0.156927 0
    outer loop
      vertex 27.8226 22.3793 5.72205e-07
      vertex 27.78 22.6474 0.6
      vertex 27.78 22.6474 5.72205e-07
    endloop
  endfacet
  facet normal -0.98761 -0.156927 0
    outer loop
      vertex 27.78 22.6474 0.6
      vertex 27.8226 22.3793 5.72205e-07
      vertex 27.8226 22.3793 0.6
    endloop
  endfacet
  facet normal -0.996171 -0.0874254 0
    outer loop
      vertex 27.8482 22.0876 5.72205e-07
      vertex 27.8226 22.3793 0.6
      vertex 27.8226 22.3793 5.72205e-07
    endloop
  endfacet
  facet normal -0.996171 -0.0874254 0
    outer loop
      vertex 27.8226 22.3793 0.6
      vertex 27.8482 22.0876 5.72205e-07
      vertex 27.8482 22.0876 0.6
    endloop
  endfacet
  facet normal -0.999628 -0.0272741 0
    outer loop
      vertex 27.8568 21.7724 5.72205e-07
      vertex 27.8482 22.0876 0.6
      vertex 27.8482 22.0876 5.72205e-07
    endloop
  endfacet
  facet normal -0.999628 -0.0272741 0
    outer loop
      vertex 27.8482 22.0876 0.6
      vertex 27.8568 21.7724 5.72205e-07
      vertex 27.8568 21.7724 0.6
    endloop
  endfacet
  facet normal -0.999662 0.0260135 0
    outer loop
      vertex 27.8491 21.4765 5.72205e-07
      vertex 27.8568 21.7724 0.6
      vertex 27.8568 21.7724 5.72205e-07
    endloop
  endfacet
  facet normal -0.999662 0.0260135 0
    outer loop
      vertex 27.8568 21.7724 0.6
      vertex 27.8491 21.4765 5.72205e-07
      vertex 27.8491 21.4765 0.6
    endloop
  endfacet
  facet normal -0.996462 0.084039 0
    outer loop
      vertex 27.826 21.2026 5.72205e-07
      vertex 27.8491 21.4765 0.6
      vertex 27.8491 21.4765 5.72205e-07
    endloop
  endfacet
  facet normal -0.996462 0.084039 0
    outer loop
      vertex 27.8491 21.4765 0.6
      vertex 27.826 21.2026 5.72205e-07
      vertex 27.826 21.2026 0.6
    endloop
  endfacet
  facet normal -0.988521 0.151084 0
    outer loop
      vertex 27.7875 20.9507 5.72205e-07
      vertex 27.826 21.2026 0.6
      vertex 27.826 21.2026 5.72205e-07
    endloop
  endfacet
  facet normal -0.988521 0.151084 0
    outer loop
      vertex 27.826 21.2026 0.6
      vertex 27.7875 20.9507 5.72205e-07
      vertex 27.7875 20.9507 0.6
    endloop
  endfacet
  facet normal -0.973716 0.227765 0
    outer loop
      vertex 27.7337 20.7207 5.72205e-07
      vertex 27.7875 20.9507 0.6
      vertex 27.7875 20.9507 5.72205e-07
    endloop
  endfacet
  facet normal -0.973716 0.227765 0
    outer loop
      vertex 27.7875 20.9507 0.6
      vertex 27.7337 20.7207 5.72205e-07
      vertex 27.7337 20.7207 0.6
    endloop
  endfacet
  facet normal -0.948866 0.31568 0
    outer loop
      vertex 27.6645 20.5127 5.72205e-07
      vertex 27.7337 20.7207 0.6
      vertex 27.7337 20.7207 5.72205e-07
    endloop
  endfacet
  facet normal -0.948866 0.31568 0
    outer loop
      vertex 27.7337 20.7207 0.6
      vertex 27.6645 20.5127 5.72205e-07
      vertex 27.6645 20.5127 0.6
    endloop
  endfacet
  facet normal -0.910182 0.414209 0
    outer loop
      vertex 27.5799 20.3268 5.72205e-07
      vertex 27.6645 20.5127 0.6
      vertex 27.6645 20.5127 5.72205e-07
    endloop
  endfacet
  facet normal -0.910182 0.414209 0
    outer loop
      vertex 27.6645 20.5127 0.6
      vertex 27.5799 20.3268 5.72205e-07
      vertex 27.5799 20.3268 0.6
    endloop
  endfacet
  facet normal -0.853796 0.520607 0
    outer loop
      vertex 27.4799 20.1628 5.72205e-07
      vertex 27.5799 20.3268 0.6
      vertex 27.5799 20.3268 5.72205e-07
    endloop
  endfacet
  facet normal -0.853796 0.520607 0
    outer loop
      vertex 27.5799 20.3268 0.6
      vertex 27.4799 20.1628 5.72205e-07
      vertex 27.4799 20.1628 0.6
    endloop
  endfacet
  facet normal -0.775195 0.631722 0
    outer loop
      vertex 27.3641 20.0207 5.72205e-07
      vertex 27.4799 20.1628 0.6
      vertex 27.4799 20.1628 5.72205e-07
    endloop
  endfacet
  facet normal -0.775195 0.631722 0
    outer loop
      vertex 27.4799 20.1628 0.6
      vertex 27.3641 20.0207 5.72205e-07
      vertex 27.3641 20.0207 0.6
    endloop
  endfacet
  facet normal -0.67415 0.738595 0
    outer loop
      vertex 27.3641 20.0207 5.72205e-07
      vertex 27.2323 19.9004 0.6
      vertex 27.3641 20.0207 0.6
    endloop
  endfacet
  facet normal -0.67415 0.738595 0
    outer loop
      vertex 27.2323 19.9004 0.6
      vertex 27.3641 20.0207 5.72205e-07
      vertex 27.2323 19.9004 5.72205e-07
    endloop
  endfacet
  facet normal -0.553011 0.833174 0
    outer loop
      vertex 27.2323 19.9004 5.72205e-07
      vertex 27.0842 19.8021 0.6
      vertex 27.2323 19.9004 0.6
    endloop
  endfacet
  facet normal -0.553011 0.833174 0
    outer loop
      vertex 27.0842 19.8021 0.6
      vertex 27.2323 19.9004 5.72205e-07
      vertex 27.0842 19.8021 5.72205e-07
    endloop
  endfacet
  facet normal -0.422523 0.906352 0
    outer loop
      vertex 27.0842 19.8021 5.72205e-07
      vertex 26.9201 19.7256 0.6
      vertex 27.0842 19.8021 0.6
    endloop
  endfacet
  facet normal -0.422523 0.906352 0
    outer loop
      vertex 26.9201 19.7256 0.6
      vertex 27.0842 19.8021 5.72205e-07
      vertex 26.9201 19.7256 5.72205e-07
    endloop
  endfacet
  facet normal -0.290464 0.956886 0
    outer loop
      vertex 26.9201 19.7256 5.72205e-07
      vertex 26.7399 19.6709 0.6
      vertex 26.9201 19.7256 0.6
    endloop
  endfacet
  facet normal -0.290464 0.956886 0
    outer loop
      vertex 26.7399 19.6709 0.6
      vertex 26.9201 19.7256 5.72205e-07
      vertex 26.7399 19.6709 5.72205e-07
    endloop
  endfacet
  facet normal -0.164725 0.98634 0
    outer loop
      vertex 26.7399 19.6709 5.72205e-07
      vertex 26.5435 19.6381 0.6
      vertex 26.7399 19.6709 0.6
    endloop
  endfacet
  facet normal -0.164725 0.98634 0
    outer loop
      vertex 26.5435 19.6381 0.6
      vertex 26.7399 19.6709 5.72205e-07
      vertex 26.5435 19.6381 5.72205e-07
    endloop
  endfacet
  facet normal -0.0512027 0.998688 0
    outer loop
      vertex 26.5435 19.6381 5.72205e-07
      vertex 26.3309 19.6272 0.6
      vertex 26.5435 19.6381 0.6
    endloop
  endfacet
  facet normal -0.0512027 0.998688 0
    outer loop
      vertex 26.3309 19.6272 0.6
      vertex 26.5435 19.6381 5.72205e-07
      vertex 26.3309 19.6272 5.72205e-07
    endloop
  endfacet
  facet normal 0.0393237 0.999227 -0
    outer loop
      vertex 26.3309 19.6272 5.72205e-07
      vertex 26.1327 19.635 0.6
      vertex 26.3309 19.6272 0.6
    endloop
  endfacet
  facet normal 0.0393237 0.999227 0
    outer loop
      vertex 26.1327 19.635 0.6
      vertex 26.3309 19.6272 5.72205e-07
      vertex 26.1327 19.635 5.72205e-07
    endloop
  endfacet
  facet normal 0.124959 0.992162 -0
    outer loop
      vertex 26.1327 19.635 5.72205e-07
      vertex 25.9477 19.6583 0.6
      vertex 26.1327 19.635 0.6
    endloop
  endfacet
  facet normal 0.124959 0.992162 0
    outer loop
      vertex 25.9477 19.6583 0.6
      vertex 26.1327 19.635 5.72205e-07
      vertex 25.9477 19.6583 5.72205e-07
    endloop
  endfacet
  facet normal 0.221498 0.975161 -0
    outer loop
      vertex 25.9477 19.6583 5.72205e-07
      vertex 25.776 19.6973 0.6
      vertex 25.9477 19.6583 0.6
    endloop
  endfacet
  facet normal 0.221498 0.975161 0
    outer loop
      vertex 25.776 19.6973 0.6
      vertex 25.9477 19.6583 5.72205e-07
      vertex 25.776 19.6973 5.72205e-07
    endloop
  endfacet
  facet normal 0.325163 0.945658 -0
    outer loop
      vertex 25.776 19.6973 5.72205e-07
      vertex 25.6175 19.7518 0.6
      vertex 25.776 19.6973 0.6
    endloop
  endfacet
  facet normal 0.325163 0.945658 0
    outer loop
      vertex 25.6175 19.7518 0.6
      vertex 25.776 19.6973 5.72205e-07
      vertex 25.6175 19.7518 5.72205e-07
    endloop
  endfacet
  facet normal 0.434263 0.900786 -0
    outer loop
      vertex 25.6175 19.7518 5.72205e-07
      vertex 25.4723 19.8218 0.6
      vertex 25.6175 19.7518 0.6
    endloop
  endfacet
  facet normal 0.434263 0.900786 0
    outer loop
      vertex 25.4723 19.8218 0.6
      vertex 25.6175 19.7518 5.72205e-07
      vertex 25.4723 19.8218 5.72205e-07
    endloop
  endfacet
  facet normal 0.544832 0.838545 -0
    outer loop
      vertex 25.4723 19.8218 5.72205e-07
      vertex 25.3404 19.9075 0.6
      vertex 25.4723 19.8218 0.6
    endloop
  endfacet
  facet normal 0.544832 0.838545 0
    outer loop
      vertex 25.3404 19.9075 0.6
      vertex 25.4723 19.8218 5.72205e-07
      vertex 25.3404 19.9075 5.72205e-07
    endloop
  endfacet
  facet normal 0.648783 0.760974 -0
    outer loop
      vertex 25.3404 19.9075 5.72205e-07
      vertex 25.2217 20.0087 0.6
      vertex 25.3404 19.9075 0.6
    endloop
  endfacet
  facet normal 0.648783 0.760974 0
    outer loop
      vertex 25.2217 20.0087 0.6
      vertex 25.3404 19.9075 5.72205e-07
      vertex 25.2217 20.0087 5.72205e-07
    endloop
  endfacet
  facet normal 0.741689 0.670744 0
    outer loop
      vertex 25.2217 20.0087 0.6
      vertex 25.1177 20.1237 5.72205e-07
      vertex 25.1177 20.1237 0.6
    endloop
  endfacet
  facet normal 0.741689 0.670744 0
    outer loop
      vertex 25.1177 20.1237 5.72205e-07
      vertex 25.2217 20.0087 0.6
      vertex 25.2217 20.0087 5.72205e-07
    endloop
  endfacet
  facet normal 0.822169 0.569244 0
    outer loop
      vertex 25.1177 20.1237 0.6
      vertex 25.0297 20.2508 5.72205e-07
      vertex 25.0297 20.2508 0.6
    endloop
  endfacet
  facet normal 0.822169 0.569244 0
    outer loop
      vertex 25.0297 20.2508 5.72205e-07
      vertex 25.1177 20.1237 0.6
      vertex 25.1177 20.1237 5.72205e-07
    endloop
  endfacet
  facet normal 0.887957 0.459926 0
    outer loop
      vertex 25.0297 20.2508 0.6
      vertex 24.9576 20.39 5.72205e-07
      vertex 24.9576 20.39 0.6
    endloop
  endfacet
  facet normal 0.887957 0.459926 0
    outer loop
      vertex 24.9576 20.39 5.72205e-07
      vertex 25.0297 20.2508 0.6
      vertex 25.0297 20.2508 5.72205e-07
    endloop
  endfacet
  facet normal 0.937749 0.347314 0
    outer loop
      vertex 24.9576 20.39 0.6
      vertex 24.9016 20.5412 5.72205e-07
      vertex 24.9016 20.5412 0.6
    endloop
  endfacet
  facet normal 0.937749 0.347314 0
    outer loop
      vertex 24.9016 20.5412 5.72205e-07
      vertex 24.9576 20.39 0.6
      vertex 24.9576 20.39 5.72205e-07
    endloop
  endfacet
  facet normal 0.97132 0.237777 0
    outer loop
      vertex 24.9016 20.5412 0.6
      vertex 24.8616 20.7046 5.72205e-07
      vertex 24.8616 20.7046 0.6
    endloop
  endfacet
  facet normal 0.97132 0.237777 0
    outer loop
      vertex 24.8616 20.7046 5.72205e-07
      vertex 24.9016 20.5412 0.6
      vertex 24.9016 20.5412 5.72205e-07
    endloop
  endfacet
  facet normal 0.990768 0.135567 0
    outer loop
      vertex 24.8616 20.7046 0.6
      vertex 24.8376 20.88 5.72205e-07
      vertex 24.8376 20.88 0.6
    endloop
  endfacet
  facet normal 0.990768 0.135567 0
    outer loop
      vertex 24.8376 20.88 5.72205e-07
      vertex 24.8616 20.7046 0.6
      vertex 24.8616 20.7046 5.72205e-07
    endloop
  endfacet
  facet normal 0.999092 0.0426052 0
    outer loop
      vertex 24.8376 20.88 0.6
      vertex 24.8296 21.0676 5.72205e-07
      vertex 24.8296 21.0676 0.6
    endloop
  endfacet
  facet normal 0.999092 0.0426052 0
    outer loop
      vertex 24.8296 21.0676 5.72205e-07
      vertex 24.8376 20.88 0.6
      vertex 24.8376 20.88 5.72205e-07
    endloop
  endfacet
  facet normal 0.999308 -0.0371937 0
    outer loop
      vertex 24.8296 21.0676 0.6
      vertex 24.8364 21.2503 5.72205e-07
      vertex 24.8364 21.2503 0.6
    endloop
  endfacet
  facet normal 0.999308 -0.0371937 0
    outer loop
      vertex 24.8364 21.2503 5.72205e-07
      vertex 24.8296 21.0676 0.6
      vertex 24.8296 21.0676 5.72205e-07
    endloop
  endfacet
  facet normal 0.99294 -0.11862 0
    outer loop
      vertex 24.8364 21.2503 0.6
      vertex 24.8569 21.4219 5.72205e-07
      vertex 24.8569 21.4219 0.6
    endloop
  endfacet
  facet normal 0.99294 -0.11862 0
    outer loop
      vertex 24.8569 21.4219 5.72205e-07
      vertex 24.8364 21.2503 0.6
      vertex 24.8364 21.2503 5.72205e-07
    endloop
  endfacet
  facet normal 0.978167 -0.207822 0
    outer loop
      vertex 24.8569 21.4219 0.6
      vertex 24.891 21.5824 5.72205e-07
      vertex 24.891 21.5824 0.6
    endloop
  endfacet
  facet normal 0.978167 -0.207822 0
    outer loop
      vertex 24.891 21.5824 5.72205e-07
      vertex 24.8569 21.4219 0.6
      vertex 24.8569 21.4219 5.72205e-07
    endloop
  endfacet
  facet normal 0.952565 -0.304336 0
    outer loop
      vertex 24.891 21.5824 0.6
      vertex 24.9387 21.7317 5.72205e-07
      vertex 24.9387 21.7317 0.6
    endloop
  endfacet
  facet normal 0.952565 -0.304336 0
    outer loop
      vertex 24.9387 21.7317 5.72205e-07
      vertex 24.891 21.5824 0.6
      vertex 24.891 21.5824 5.72205e-07
    endloop
  endfacet
  facet normal 0.913757 -0.406261 0
    outer loop
      vertex 24.9387 21.7317 0.6
      vertex 25.0001 21.8698 5.72205e-07
      vertex 25.0001 21.8698 0.6
    endloop
  endfacet
  facet normal 0.913757 -0.406261 0
    outer loop
      vertex 25.0001 21.8698 5.72205e-07
      vertex 24.9387 21.7317 0.6
      vertex 24.9387 21.7317 5.72205e-07
    endloop
  endfacet
  facet normal 0.861061 -0.508501 0
    outer loop
      vertex 25.0001 21.8698 0.6
      vertex 25.0751 21.9968 5.72205e-07
      vertex 25.0751 21.9968 0.6
    endloop
  endfacet
  facet normal 0.861061 -0.508501 0
    outer loop
      vertex 25.0751 21.9968 5.72205e-07
      vertex 25.0001 21.8698 0.6
      vertex 25.0001 21.8698 5.72205e-07
    endloop
  endfacet
  facet normal 0.794455 -0.607323 0
    outer loop
      vertex 25.0751 21.9968 0.6
      vertex 25.1637 22.1127 5.72205e-07
      vertex 25.1637 22.1127 0.6
    endloop
  endfacet
  facet normal 0.794455 -0.607323 0
    outer loop
      vertex 25.1637 22.1127 5.72205e-07
      vertex 25.0751 21.9968 0.6
      vertex 25.0751 21.9968 5.72205e-07
    endloop
  endfacet
  facet normal 0.714394 -0.699744 0
    outer loop
      vertex 25.1637 22.1127 0.6
      vertex 25.264 22.2151 5.72205e-07
      vertex 25.264 22.2151 0.6
    endloop
  endfacet
  facet normal 0.714394 -0.699744 0
    outer loop
      vertex 25.264 22.2151 5.72205e-07
      vertex 25.1637 22.1127 0.6
      vertex 25.1637 22.1127 5.72205e-07
    endloop
  endfacet
  facet normal 0.620062 -0.784553 0
    outer loop
      vertex 25.264 22.2151 5.72205e-07
      vertex 25.3737 22.3018 0.6
      vertex 25.264 22.2151 0.6
    endloop
  endfacet
  facet normal 0.620062 -0.784553 0
    outer loop
      vertex 25.3737 22.3018 0.6
      vertex 25.264 22.2151 5.72205e-07
      vertex 25.3737 22.3018 5.72205e-07
    endloop
  endfacet
  facet normal 0.510888 -0.859647 0
    outer loop
      vertex 25.3737 22.3018 5.72205e-07
      vertex 25.493 22.3727 0.6
      vertex 25.3737 22.3018 0.6
    endloop
  endfacet
  facet normal 0.510888 -0.859647 0
    outer loop
      vertex 25.493 22.3727 0.6
      vertex 25.3737 22.3018 5.72205e-07
      vertex 25.493 22.3727 5.72205e-07
    endloop
  endfacet
  facet normal 0.393316 -0.919403 0
    outer loop
      vertex 25.493 22.3727 5.72205e-07
      vertex 25.6218 22.4278 0.6
      vertex 25.493 22.3727 0.6
    endloop
  endfacet
  facet normal 0.393316 -0.919403 0
    outer loop
      vertex 25.6218 22.4278 0.6
      vertex 25.493 22.3727 5.72205e-07
      vertex 25.6218 22.4278 5.72205e-07
    endloop
  endfacet
  facet normal 0.273803 -0.961786 0
    outer loop
      vertex 25.6218 22.4278 5.72205e-07
      vertex 25.7602 22.4672 0.6
      vertex 25.6218 22.4278 0.6
    endloop
  endfacet
  facet normal 0.273803 -0.961786 0
    outer loop
      vertex 25.7602 22.4672 0.6
      vertex 25.6218 22.4278 5.72205e-07
      vertex 25.7602 22.4672 5.72205e-07
    endloop
  endfacet
  facet normal 0.157574 -0.987507 0
    outer loop
      vertex 25.7602 22.4672 5.72205e-07
      vertex 25.9081 22.4908 0.6
      vertex 25.7602 22.4672 0.6
    endloop
  endfacet
  facet normal 0.157574 -0.987507 0
    outer loop
      vertex 25.9081 22.4908 0.6
      vertex 25.7602 22.4672 5.72205e-07
      vertex 25.9081 22.4908 5.72205e-07
    endloop
  endfacet
  facet normal 0.0501275 -0.998743 0
    outer loop
      vertex 25.9081 22.4908 5.72205e-07
      vertex 26.0655 22.4987 0.6
      vertex 25.9081 22.4908 0.6
    endloop
  endfacet
  facet normal 0.0501275 -0.998743 0
    outer loop
      vertex 26.0655 22.4987 0.6
      vertex 25.9081 22.4908 5.72205e-07
      vertex 26.0655 22.4987 5.72205e-07
    endloop
  endfacet
  facet normal -0.0301138 -0.999546 0
    outer loop
      vertex 26.0655 22.4987 5.72205e-07
      vertex 26.1518 22.4961 0.6
      vertex 26.0655 22.4987 0.6
    endloop
  endfacet
  facet normal -0.0301138 -0.999546 -0
    outer loop
      vertex 26.1518 22.4961 0.6
      vertex 26.0655 22.4987 5.72205e-07
      vertex 26.1518 22.4961 5.72205e-07
    endloop
  endfacet
  facet normal -0.0940325 -0.995569 0
    outer loop
      vertex 26.1518 22.4961 5.72205e-07
      vertex 26.2365 22.4881 0.6
      vertex 26.1518 22.4961 0.6
    endloop
  endfacet
  facet normal -0.0940325 -0.995569 -0
    outer loop
      vertex 26.2365 22.4881 0.6
      vertex 26.1518 22.4961 5.72205e-07
      vertex 26.2365 22.4881 5.72205e-07
    endloop
  endfacet
  facet normal -0.157062 -0.987589 0
    outer loop
      vertex 26.2365 22.4881 5.72205e-07
      vertex 26.3195 22.4749 0.6
      vertex 26.2365 22.4881 0.6
    endloop
  endfacet
  facet normal -0.157062 -0.987589 -0
    outer loop
      vertex 26.3195 22.4749 0.6
      vertex 26.2365 22.4881 5.72205e-07
      vertex 26.3195 22.4749 5.72205e-07
    endloop
  endfacet
  facet normal -0.22188 -0.975074 0
    outer loop
      vertex 26.3195 22.4749 5.72205e-07
      vertex 26.4008 22.4564 0.6
      vertex 26.3195 22.4749 0.6
    endloop
  endfacet
  facet normal -0.22188 -0.975074 -0
    outer loop
      vertex 26.4008 22.4564 0.6
      vertex 26.3195 22.4749 5.72205e-07
      vertex 26.4008 22.4564 5.72205e-07
    endloop
  endfacet
  facet normal -0.286464 -0.958091 0
    outer loop
      vertex 26.4008 22.4564 5.72205e-07
      vertex 26.4804 22.4326 0.6
      vertex 26.4008 22.4564 0.6
    endloop
  endfacet
  facet normal -0.286464 -0.958091 -0
    outer loop
      vertex 26.4804 22.4326 0.6
      vertex 26.4008 22.4564 5.72205e-07
      vertex 26.4804 22.4326 5.72205e-07
    endloop
  endfacet
  facet normal -0.350992 -0.936379 0
    outer loop
      vertex 26.4804 22.4326 5.72205e-07
      vertex 26.5583 22.4034 0.6
      vertex 26.4804 22.4326 0.6
    endloop
  endfacet
  facet normal -0.350992 -0.936379 -0
    outer loop
      vertex 26.5583 22.4034 0.6
      vertex 26.4804 22.4326 5.72205e-07
      vertex 26.5583 22.4034 5.72205e-07
    endloop
  endfacet
  facet normal -0.41101 -0.911631 0
    outer loop
      vertex 26.5583 22.4034 5.72205e-07
      vertex 26.6346 22.369 0.6
      vertex 26.5583 22.4034 0.6
    endloop
  endfacet
  facet normal -0.41101 -0.911631 -0
    outer loop
      vertex 26.6346 22.369 0.6
      vertex 26.5583 22.4034 5.72205e-07
      vertex 26.6346 22.369 5.72205e-07
    endloop
  endfacet
  facet normal -0.474245 -0.880393 0
    outer loop
      vertex 26.6346 22.369 5.72205e-07
      vertex 26.707 22.33 0.6
      vertex 26.6346 22.369 0.6
    endloop
  endfacet
  facet normal -0.474245 -0.880393 -0
    outer loop
      vertex 26.707 22.33 0.6
      vertex 26.6346 22.369 5.72205e-07
      vertex 26.707 22.33 5.72205e-07
    endloop
  endfacet
  facet normal -0.545921 -0.837837 0
    outer loop
      vertex 26.707 22.33 5.72205e-07
      vertex 26.7733 22.2868 0.6
      vertex 26.707 22.33 0.6
    endloop
  endfacet
  facet normal -0.545921 -0.837837 -0
    outer loop
      vertex 26.7733 22.2868 0.6
      vertex 26.707 22.33 5.72205e-07
      vertex 26.7733 22.2868 5.72205e-07
    endloop
  endfacet
  facet normal -0.614934 -0.788578 0
    outer loop
      vertex 26.7733 22.2868 5.72205e-07
      vertex 26.8337 22.2397 0.6
      vertex 26.7733 22.2868 0.6
    endloop
  endfacet
  facet normal -0.614934 -0.788578 -0
    outer loop
      vertex 26.8337 22.2397 0.6
      vertex 26.7733 22.2868 5.72205e-07
      vertex 26.8337 22.2397 5.72205e-07
    endloop
  endfacet
  facet normal -0.68741 -0.72627 0
    outer loop
      vertex 26.8337 22.2397 5.72205e-07
      vertex 26.8879 22.1884 0.6
      vertex 26.8337 22.2397 0.6
    endloop
  endfacet
  facet normal -0.68741 -0.72627 -0
    outer loop
      vertex 26.8879 22.1884 0.6
      vertex 26.8337 22.2397 5.72205e-07
      vertex 26.8879 22.1884 5.72205e-07
    endloop
  endfacet
  facet normal -0.752577 -0.658505 0
    outer loop
      vertex 26.9362 22.1332 5.72205e-07
      vertex 26.8879 22.1884 0.6
      vertex 26.8879 22.1884 5.72205e-07
    endloop
  endfacet
  facet normal -0.752577 -0.658505 0
    outer loop
      vertex 26.8879 22.1884 0.6
      vertex 26.9362 22.1332 5.72205e-07
      vertex 26.9362 22.1332 0.6
    endloop
  endfacet
  facet normal -0.815402 -0.578894 0
    outer loop
      vertex 26.9783 22.0739 5.72205e-07
      vertex 26.9362 22.1332 0.6
      vertex 26.9362 22.1332 5.72205e-07
    endloop
  endfacet
  facet normal -0.815402 -0.578894 0
    outer loop
      vertex 26.9362 22.1332 0.6
      vertex 26.9783 22.0739 5.72205e-07
      vertex 26.9783 22.0739 0.6
    endloop
  endfacet
  facet normal -0.868412 -0.495844 0
    outer loop
      vertex 27.0145 22.0105 5.72205e-07
      vertex 26.9783 22.0739 0.6
      vertex 26.9783 22.0739 5.72205e-07
    endloop
  endfacet
  facet normal -0.868412 -0.495844 0
    outer loop
      vertex 26.9783 22.0739 0.6
      vertex 27.0145 22.0105 5.72205e-07
      vertex 27.0145 22.0105 0.6
    endloop
  endfacet
  facet normal 0.999551 0.0299651 0
    outer loop
      vertex 27.0145 22.0105 0.6
      vertex 27.0089 22.1973 5.72205e-07
      vertex 27.0089 22.1973 0.6
    endloop
  endfacet
  facet normal 0.999551 0.0299651 0
    outer loop
      vertex 27.0089 22.1973 5.72205e-07
      vertex 27.0145 22.0105 0.6
      vertex 27.0145 22.0105 5.72205e-07
    endloop
  endfacet
  facet normal 0.997105 0.0760357 0
    outer loop
      vertex 27.0089 22.1973 0.6
      vertex 26.9957 22.3704 5.72205e-07
      vertex 26.9957 22.3704 0.6
    endloop
  endfacet
  facet normal 0.997105 0.0760357 0
    outer loop
      vertex 26.9957 22.3704 5.72205e-07
      vertex 27.0089 22.1973 0.6
      vertex 27.0089 22.1973 5.72205e-07
    endloop
  endfacet
  facet normal 0.991534 0.129844 0
    outer loop
      vertex 26.9957 22.3704 0.6
      vertex 26.9748 22.53 5.72205e-07
      vertex 26.9748 22.53 0.6
    endloop
  endfacet
  facet normal 0.991534 0.129844 0
    outer loop
      vertex 26.9748 22.53 5.72205e-07
      vertex 26.9957 22.3704 0.6
      vertex 26.9957 22.3704 5.72205e-07
    endloop
  endfacet
  facet normal 0.981373 0.19211 0
    outer loop
      vertex 26.9748 22.53 0.6
      vertex 26.9462 22.6761 5.72205e-07
      vertex 26.9462 22.6761 0.6
    endloop
  endfacet
  facet normal 0.981373 0.19211 0
    outer loop
      vertex 26.9462 22.6761 5.72205e-07
      vertex 26.9748 22.53 0.6
      vertex 26.9748 22.53 5.72205e-07
    endloop
  endfacet
  facet normal 0.964595 0.263734 0
    outer loop
      vertex 26.9462 22.6761 0.6
      vertex 26.91 22.8085 5.72205e-07
      vertex 26.91 22.8085 0.6
    endloop
  endfacet
  facet normal 0.964595 0.263734 0
    outer loop
      vertex 26.91 22.8085 5.72205e-07
      vertex 26.9462 22.6761 0.6
      vertex 26.9462 22.6761 5.72205e-07
    endloop
  endfacet
  facet normal 0.938357 0.345669 0
    outer loop
      vertex 26.91 22.8085 0.6
      vertex 26.8662 22.9274 5.72205e-07
      vertex 26.8662 22.9274 0.6
    endloop
  endfacet
  facet normal 0.938357 0.345669 0
    outer loop
      vertex 26.8662 22.9274 5.72205e-07
      vertex 26.91 22.8085 0.6
      vertex 26.91 22.8085 5.72205e-07
    endloop
  endfacet
  facet normal 0.89798 0.440036 0
    outer loop
      vertex 26.8662 22.9274 0.6
      vertex 26.8146 23.0327 5.72205e-07
      vertex 26.8146 23.0327 0.6
    endloop
  endfacet
  facet normal 0.89798 0.440036 0
    outer loop
      vertex 26.8146 23.0327 5.72205e-07
      vertex 26.8662 22.9274 0.6
      vertex 26.8662 22.9274 5.72205e-07
    endloop
  endfacet
  facet normal 0.841686 0.539967 0
    outer loop
      vertex 26.8146 23.0327 0.6
      vertex 26.7559 23.1242 5.72205e-07
      vertex 26.7559 23.1242 0.6
    endloop
  endfacet
  facet normal 0.841686 0.539967 0
    outer loop
      vertex 26.7559 23.1242 5.72205e-07
      vertex 26.8146 23.0327 0.6
      vertex 26.8146 23.0327 5.72205e-07
    endloop
  endfacet
  facet normal 0.762863 0.646561 0
    outer loop
      vertex 26.7559 23.1242 0.6
      vertex 26.6903 23.2016 5.72205e-07
      vertex 26.6903 23.2016 0.6
    endloop
  endfacet
  facet normal 0.762863 0.646561 0
    outer loop
      vertex 26.6903 23.2016 5.72205e-07
      vertex 26.7559 23.1242 0.6
      vertex 26.7559 23.1242 5.72205e-07
    endloop
  endfacet
  facet normal 0.659314 0.751868 -0
    outer loop
      vertex 26.6903 23.2016 5.72205e-07
      vertex 26.618 23.265 0.6
      vertex 26.6903 23.2016 0.6
    endloop
  endfacet
  facet normal 0.659314 0.751868 0
    outer loop
      vertex 26.618 23.265 0.6
      vertex 26.6903 23.2016 5.72205e-07
      vertex 26.618 23.265 5.72205e-07
    endloop
  endfacet
  facet normal 0.528164 0.849142 -0
    outer loop
      vertex 26.618 23.265 5.72205e-07
      vertex 26.5389 23.3142 0.6
      vertex 26.618 23.265 0.6
    endloop
  endfacet
  facet normal 0.528164 0.849142 0
    outer loop
      vertex 26.5389 23.3142 0.6
      vertex 26.618 23.265 5.72205e-07
      vertex 26.5389 23.3142 5.72205e-07
    endloop
  endfacet
  facet normal 0.379178 0.925324 -0
    outer loop
      vertex 26.5389 23.3142 5.72205e-07
      vertex 26.453 23.3494 0.6
      vertex 26.5389 23.3142 0.6
    endloop
  endfacet
  facet normal 0.379178 0.925324 0
    outer loop
      vertex 26.453 23.3494 0.6
      vertex 26.5389 23.3142 5.72205e-07
      vertex 26.453 23.3494 5.72205e-07
    endloop
  endfacet
  facet normal 0.221939 0.97506 -0
    outer loop
      vertex 26.453 23.3494 5.72205e-07
      vertex 26.3603 23.3705 0.6
      vertex 26.453 23.3494 0.6
    endloop
  endfacet
  facet normal 0.221939 0.97506 0
    outer loop
      vertex 26.3603 23.3705 0.6
      vertex 26.453 23.3494 5.72205e-07
      vertex 26.3603 23.3705 5.72205e-07
    endloop
  endfacet
  facet normal 0.0711758 0.997464 -0
    outer loop
      vertex 26.3603 23.3705 5.72205e-07
      vertex 26.2608 23.3776 0.6
      vertex 26.3603 23.3705 0.6
    endloop
  endfacet
  facet normal 0.0711758 0.997464 0
    outer loop
      vertex 26.2608 23.3776 0.6
      vertex 26.3603 23.3705 5.72205e-07
      vertex 26.2608 23.3776 5.72205e-07
    endloop
  endfacet
  facet normal -0.0786578 0.996902 0
    outer loop
      vertex 26.2608 23.3776 5.72205e-07
      vertex 26.1442 23.3684 0.6
      vertex 26.2608 23.3776 0.6
    endloop
  endfacet
  facet normal -0.0786578 0.996902 0
    outer loop
      vertex 26.1442 23.3684 0.6
      vertex 26.2608 23.3776 5.72205e-07
      vertex 26.1442 23.3684 5.72205e-07
    endloop
  endfacet
  facet normal -0.254997 0.966942 0
    outer loop
      vertex 26.1442 23.3684 5.72205e-07
      vertex 26.0403 23.341 0.6
      vertex 26.1442 23.3684 0.6
    endloop
  endfacet
  facet normal -0.254997 0.966942 0
    outer loop
      vertex 26.0403 23.341 0.6
      vertex 26.1442 23.3684 5.72205e-07
      vertex 26.0403 23.341 5.72205e-07
    endloop
  endfacet
  facet normal -0.448781 0.893642 0
    outer loop
      vertex 26.0403 23.341 5.72205e-07
      vertex 25.9491 23.2952 0.6
      vertex 26.0403 23.341 0.6
    endloop
  endfacet
  facet normal -0.448781 0.893642 0
    outer loop
      vertex 25.9491 23.2952 0.6
      vertex 26.0403 23.341 5.72205e-07
      vertex 25.9491 23.2952 5.72205e-07
    endloop
  endfacet
  facet normal -0.632969 0.774177 0
    outer loop
      vertex 25.9491 23.2952 5.72205e-07
      vertex 25.8707 23.2311 0.6
      vertex 25.9491 23.2952 0.6
    endloop
  endfacet
  facet normal -0.632969 0.774177 0
    outer loop
      vertex 25.8707 23.2311 0.6
      vertex 25.9491 23.2952 5.72205e-07
      vertex 25.8707 23.2311 5.72205e-07
    endloop
  endfacet
  facet normal -0.781424 0.624001 0
    outer loop
      vertex 25.8049 23.1487 5.72205e-07
      vertex 25.8707 23.2311 0.6
      vertex 25.8707 23.2311 5.72205e-07
    endloop
  endfacet
  facet normal -0.781424 0.624001 0
    outer loop
      vertex 25.8707 23.2311 0.6
      vertex 25.8049 23.1487 5.72205e-07
      vertex 25.8049 23.1487 0.6
    endloop
  endfacet
  facet normal -0.884918 0.465746 0
    outer loop
      vertex 25.7519 23.048 5.72205e-07
      vertex 25.8049 23.1487 0.6
      vertex 25.8049 23.1487 5.72205e-07
    endloop
  endfacet
  facet normal -0.884918 0.465746 0
    outer loop
      vertex 25.8049 23.1487 0.6
      vertex 25.7519 23.048 5.72205e-07
      vertex 25.7519 23.048 0.6
    endloop
  endfacet
  facet normal -0.946918 0.321475 0
    outer loop
      vertex 25.7115 22.929 5.72205e-07
      vertex 25.7519 23.048 0.6
      vertex 25.7519 23.048 5.72205e-07
    endloop
  endfacet
  facet normal -0.946918 0.321475 0
    outer loop
      vertex 25.7519 23.048 0.6
      vertex 25.7115 22.929 5.72205e-07
      vertex 25.7115 22.929 0.6
    endloop
  endfacet
  facet normal 0.138788 0.990322 -0
    outer loop
      vertex 25.7115 22.929 5.72205e-07
      vertex 24.9059 23.0419 0.6
      vertex 25.7115 22.929 0.6
    endloop
  endfacet
  facet normal 0.138788 0.990322 0
    outer loop
      vertex 24.9059 23.0419 0.6
      vertex 25.7115 22.929 5.72205e-07
      vertex 24.9059 23.0419 5.72205e-07
    endloop
  endfacet
  facet normal 0.959746 -0.280869 0
    outer loop
      vertex 24.9059 23.0419 0.6
      vertex 24.9481 23.1861 5.72205e-07
      vertex 24.9481 23.1861 0.6
    endloop
  endfacet
  facet normal 0.959746 -0.280869 0
    outer loop
      vertex 24.9481 23.1861 5.72205e-07
      vertex 24.9059 23.0419 0.6
      vertex 24.9059 23.0419 5.72205e-07
    endloop
  endfacet
  facet normal 0.936242 -0.351355 0
    outer loop
      vertex 24.9481 23.1861 0.6
      vertex 24.9979 23.3188 5.72205e-07
      vertex 24.9979 23.3188 0.6
    endloop
  endfacet
  facet normal 0.936242 -0.351355 0
    outer loop
      vertex 24.9979 23.3188 5.72205e-07
      vertex 24.9481 23.1861 0.6
      vertex 24.9481 23.1861 5.72205e-07
    endloop
  endfacet
  facet normal 0.903343 -0.42892 0
    outer loop
      vertex 24.9979 23.3188 0.6
      vertex 25.0554 23.4399 5.72205e-07
      vertex 25.0554 23.4399 0.6
    endloop
  endfacet
  facet normal 0.903343 -0.42892 0
    outer loop
      vertex 25.0554 23.4399 5.72205e-07
      vertex 24.9979 23.3188 0.6
      vertex 24.9979 23.3188 5.72205e-07
    endloop
  endfacet
  facet normal 0.859629 -0.510919 0
    outer loop
      vertex 25.0554 23.4399 0.6
      vertex 25.1206 23.5496 5.72205e-07
      vertex 25.1206 23.5496 0.6
    endloop
  endfacet
  facet normal 0.859629 -0.510919 0
    outer loop
      vertex 25.1206 23.5496 5.72205e-07
      vertex 25.0554 23.4399 0.6
      vertex 25.0554 23.4399 5.72205e-07
    endloop
  endfacet
  facet normal 0.803035 -0.595932 0
    outer loop
      vertex 25.1206 23.5496 0.6
      vertex 25.1934 23.6477 5.72205e-07
      vertex 25.1934 23.6477 0.6
    endloop
  endfacet
  facet normal 0.803035 -0.595932 0
    outer loop
      vertex 25.1934 23.6477 5.72205e-07
      vertex 25.1206 23.5496 0.6
      vertex 25.1206 23.5496 5.72205e-07
    endloop
  endfacet
  facet normal 0.732432 -0.68084 0
    outer loop
      vertex 25.1934 23.6477 0.6
      vertex 25.2739 23.7343 5.72205e-07
      vertex 25.2739 23.7343 0.6
    endloop
  endfacet
  facet normal 0.732432 -0.68084 0
    outer loop
      vertex 25.2739 23.7343 5.72205e-07
      vertex 25.1934 23.6477 0.6
      vertex 25.1934 23.6477 5.72205e-07
    endloop
  endfacet
  facet normal 0.6483 -0.761385 0
    outer loop
      vertex 25.2739 23.7343 5.72205e-07
      vertex 25.3621 23.8094 0.6
      vertex 25.2739 23.7343 0.6
    endloop
  endfacet
  facet normal 0.6483 -0.761385 0
    outer loop
      vertex 25.3621 23.8094 0.6
      vertex 25.2739 23.7343 5.72205e-07
      vertex 25.3621 23.8094 5.72205e-07
    endloop
  endfacet
  facet normal 0.552517 -0.833502 0
    outer loop
      vertex 25.3621 23.8094 5.72205e-07
      vertex 25.4591 23.8737 0.6
      vertex 25.3621 23.8094 0.6
    endloop
  endfacet
  facet normal 0.552517 -0.833502 0
    outer loop
      vertex 25.4591 23.8737 0.6
      vertex 25.3621 23.8094 5.72205e-07
      vertex 25.4591 23.8737 5.72205e-07
    endloop
  endfacet
  facet normal 0.453863 -0.891071 0
    outer loop
      vertex 25.4591 23.8737 5.72205e-07
      vertex 25.5661 23.9282 0.6
      vertex 25.4591 23.8737 0.6
    endloop
  endfacet
  facet normal 0.453863 -0.891071 0
    outer loop
      vertex 25.5661 23.9282 0.6
      vertex 25.4591 23.8737 5.72205e-07
      vertex 25.5661 23.9282 5.72205e-07
    endloop
  endfacet
  facet normal 0.355497 -0.934677 0
    outer loop
      vertex 25.5661 23.9282 5.72205e-07
      vertex 25.6831 23.9727 0.6
      vertex 25.5661 23.9282 0.6
    endloop
  endfacet
  facet normal 0.355497 -0.934677 0
    outer loop
      vertex 25.6831 23.9727 0.6
      vertex 25.5661 23.9282 5.72205e-07
      vertex 25.6831 23.9727 5.72205e-07
    endloop
  endfacet
  facet normal 0.263374 -0.964694 0
    outer loop
      vertex 25.6831 23.9727 5.72205e-07
      vertex 25.8102 24.0074 0.6
      vertex 25.6831 23.9727 0.6
    endloop
  endfacet
  facet normal 0.263374 -0.964694 0
    outer loop
      vertex 25.8102 24.0074 0.6
      vertex 25.6831 23.9727 5.72205e-07
      vertex 25.8102 24.0074 5.72205e-07
    endloop
  endfacet
  facet normal 0.178001 -0.98403 0
    outer loop
      vertex 25.8102 24.0074 5.72205e-07
      vertex 25.9473 24.0322 0.6
      vertex 25.8102 24.0074 0.6
    endloop
  endfacet
  facet normal 0.178001 -0.98403 0
    outer loop
      vertex 25.9473 24.0322 0.6
      vertex 25.8102 24.0074 5.72205e-07
      vertex 25.9473 24.0322 5.72205e-07
    endloop
  endfacet
  facet normal 0.100106 -0.994977 0
    outer loop
      vertex 25.9473 24.0322 5.72205e-07
      vertex 26.0944 24.047 0.6
      vertex 25.9473 24.0322 0.6
    endloop
  endfacet
  facet normal 0.100106 -0.994977 0
    outer loop
      vertex 26.0944 24.047 0.6
      vertex 25.9473 24.0322 5.72205e-07
      vertex 26.0944 24.047 5.72205e-07
    endloop
  endfacet
  facet normal 0.0317905 -0.999495 0
    outer loop
      vertex 26.0944 24.047 5.72205e-07
      vertex 26.2516 24.052 0.6
      vertex 26.0944 24.047 0.6
    endloop
  endfacet
  facet normal 0.0317905 -0.999495 0
    outer loop
      vertex 26.2516 24.052 0.6
      vertex 26.0944 24.047 5.72205e-07
      vertex 26.2516 24.052 5.72205e-07
    endloop
  endfacet
  facet normal -0.0544815 -0.998515 0
    outer loop
      vertex 26.2516 24.052 5.72205e-07
      vertex 26.4642 24.0404 0.6
      vertex 26.2516 24.052 0.6
    endloop
  endfacet
  facet normal -0.0544815 -0.998515 -0
    outer loop
      vertex 26.4642 24.0404 0.6
      vertex 26.2516 24.052 5.72205e-07
      vertex 26.4642 24.0404 5.72205e-07
    endloop
  endfacet
  facet normal -0.17356 0.984823 0
    outer loop
      vertex 26.2324 21.8566 5.72205e-07
      vertex 26.1575 21.8434 0.6
      vertex 26.2324 21.8566 0.6
    endloop
  endfacet
  facet normal -0.17356 0.984823 0
    outer loop
      vertex 26.1575 21.8434 0.6
      vertex 26.2324 21.8566 5.72205e-07
      vertex 26.1575 21.8434 5.72205e-07
    endloop
  endfacet
  facet normal -0.300608 0.953748 0
    outer loop
      vertex 26.1575 21.8434 5.72205e-07
      vertex 26.0877 21.8214 0.6
      vertex 26.1575 21.8434 0.6
    endloop
  endfacet
  facet normal -0.300608 0.953748 0
    outer loop
      vertex 26.0877 21.8214 0.6
      vertex 26.1575 21.8434 5.72205e-07
      vertex 26.0877 21.8214 5.72205e-07
    endloop
  endfacet
  facet normal -0.429771 0.902938 0
    outer loop
      vertex 26.0877 21.8214 5.72205e-07
      vertex 26.0232 21.7907 0.6
      vertex 26.0877 21.8214 0.6
    endloop
  endfacet
  facet normal -0.429771 0.902938 0
    outer loop
      vertex 26.0232 21.7907 0.6
      vertex 26.0877 21.8214 5.72205e-07
      vertex 26.0232 21.7907 5.72205e-07
    endloop
  endfacet
  facet normal -0.554376 0.832266 0
    outer loop
      vertex 26.0232 21.7907 5.72205e-07
      vertex 25.9639 21.7512 0.6
      vertex 26.0232 21.7907 0.6
    endloop
  endfacet
  facet normal -0.554376 0.832266 0
    outer loop
      vertex 25.9639 21.7512 0.6
      vertex 26.0232 21.7907 5.72205e-07
      vertex 25.9639 21.7512 5.72205e-07
    endloop
  endfacet
  facet normal -0.665988 0.745962 0
    outer loop
      vertex 25.9639 21.7512 5.72205e-07
      vertex 25.9098 21.7029 0.6
      vertex 25.9639 21.7512 0.6
    endloop
  endfacet
  facet normal -0.665988 0.745962 0
    outer loop
      vertex 25.9098 21.7029 0.6
      vertex 25.9639 21.7512 5.72205e-07
      vertex 25.9098 21.7029 5.72205e-07
    endloop
  endfacet
  facet normal -0.760196 0.649694 0
    outer loop
      vertex 25.861 21.6458 5.72205e-07
      vertex 25.9098 21.7029 0.6
      vertex 25.9098 21.7029 5.72205e-07
    endloop
  endfacet
  facet normal -0.760196 0.649694 0
    outer loop
      vertex 25.9098 21.7029 0.6
      vertex 25.861 21.6458 5.72205e-07
      vertex 25.861 21.6458 0.6
    endloop
  endfacet
  facet normal -0.831851 0.554999 0
    outer loop
      vertex 25.8181 21.5815 5.72205e-07
      vertex 25.861 21.6458 0.6
      vertex 25.861 21.6458 5.72205e-07
    endloop
  endfacet
  facet normal -0.831851 0.554999 0
    outer loop
      vertex 25.861 21.6458 0.6
      vertex 25.8181 21.5815 5.72205e-07
      vertex 25.8181 21.5815 0.6
    endloop
  endfacet
  facet normal -0.888271 0.45932 0
    outer loop
      vertex 25.7818 21.5113 5.72205e-07
      vertex 25.8181 21.5815 0.6
      vertex 25.8181 21.5815 5.72205e-07
    endloop
  endfacet
  facet normal -0.888271 0.45932 0
    outer loop
      vertex 25.8181 21.5815 0.6
      vertex 25.7818 21.5113 5.72205e-07
      vertex 25.7818 21.5113 0.6
    endloop
  endfacet
  facet normal -0.931243 0.364399 0
    outer loop
      vertex 25.7521 21.4354 5.72205e-07
      vertex 25.7818 21.5113 0.6
      vertex 25.7818 21.5113 5.72205e-07
    endloop
  endfacet
  facet normal -0.931243 0.364399 0
    outer loop
      vertex 25.7818 21.5113 0.6
      vertex 25.7521 21.4354 5.72205e-07
      vertex 25.7521 21.4354 0.6
    endloop
  endfacet
  facet normal -0.962363 0.271768 0
    outer loop
      vertex 25.729 21.3536 5.72205e-07
      vertex 25.7521 21.4354 0.6
      vertex 25.7521 21.4354 5.72205e-07
    endloop
  endfacet
  facet normal -0.962363 0.271768 0
    outer loop
      vertex 25.7521 21.4354 0.6
      vertex 25.729 21.3536 5.72205e-07
      vertex 25.729 21.3536 0.6
    endloop
  endfacet
  facet normal -0.982681 0.185306 0
    outer loop
      vertex 25.7125 21.2661 5.72205e-07
      vertex 25.729 21.3536 0.6
      vertex 25.729 21.3536 5.72205e-07
    endloop
  endfacet
  facet normal -0.982681 0.185306 0
    outer loop
      vertex 25.729 21.3536 0.6
      vertex 25.7125 21.2661 5.72205e-07
      vertex 25.7125 21.2661 0.6
    endloop
  endfacet
  facet normal -0.994418 0.105517 0
    outer loop
      vertex 25.7026 21.1728 5.72205e-07
      vertex 25.7125 21.2661 0.6
      vertex 25.7125 21.2661 5.72205e-07
    endloop
  endfacet
  facet normal -0.994418 0.105517 0
    outer loop
      vertex 25.7125 21.2661 0.6
      vertex 25.7026 21.1728 5.72205e-07
      vertex 25.7026 21.1728 0.6
    endloop
  endfacet
  facet normal -0.999447 0.0332477 0
    outer loop
      vertex 25.6993 21.0736 5.72205e-07
      vertex 25.7026 21.1728 0.6
      vertex 25.7026 21.1728 5.72205e-07
    endloop
  endfacet
  facet normal -0.999447 0.0332477 0
    outer loop
      vertex 25.7026 21.1728 0.6
      vertex 25.6993 21.0736 5.72205e-07
      vertex 25.6993 21.0736 0.6
    endloop
  endfacet
  facet normal -0.999461 -0.0328181 0
    outer loop
      vertex 25.7026 20.9731 5.72205e-07
      vertex 25.6993 21.0736 0.6
      vertex 25.6993 21.0736 5.72205e-07
    endloop
  endfacet
  facet normal -0.999461 -0.0328181 0
    outer loop
      vertex 25.6993 21.0736 0.6
      vertex 25.7026 20.9731 5.72205e-07
      vertex 25.7026 20.9731 0.6
    endloop
  endfacet
  facet normal -0.994401 -0.105675 0
    outer loop
      vertex 25.7126 20.879 5.72205e-07
      vertex 25.7026 20.9731 0.6
      vertex 25.7026 20.9731 5.72205e-07
    endloop
  endfacet
  facet normal -0.994401 -0.105675 0
    outer loop
      vertex 25.7026 20.9731 0.6
      vertex 25.7126 20.879 5.72205e-07
      vertex 25.7126 20.879 0.6
    endloop
  endfacet
  facet normal -0.982348 -0.187061 0
    outer loop
      vertex 25.7293 20.7913 5.72205e-07
      vertex 25.7126 20.879 0.6
      vertex 25.7126 20.879 5.72205e-07
    endloop
  endfacet
  facet normal -0.982348 -0.187061 0
    outer loop
      vertex 25.7126 20.879 0.6
      vertex 25.7293 20.7913 5.72205e-07
      vertex 25.7293 20.7913 0.6
    endloop
  endfacet
  facet normal -0.961301 -0.275502 0
    outer loop
      vertex 25.7526 20.71 5.72205e-07
      vertex 25.7293 20.7913 0.6
      vertex 25.7293 20.7913 5.72205e-07
    endloop
  endfacet
  facet normal -0.961301 -0.275502 0
    outer loop
      vertex 25.7293 20.7913 0.6
      vertex 25.7526 20.71 5.72205e-07
      vertex 25.7526 20.71 0.6
    endloop
  endfacet
  facet normal -0.928306 -0.371818 0
    outer loop
      vertex 25.7826 20.6351 5.72205e-07
      vertex 25.7526 20.71 0.6
      vertex 25.7526 20.71 5.72205e-07
    endloop
  endfacet
  facet normal -0.928306 -0.371818 0
    outer loop
      vertex 25.7526 20.71 0.6
      vertex 25.7826 20.6351 5.72205e-07
      vertex 25.7826 20.6351 0.6
    endloop
  endfacet
  facet normal -0.881996 -0.471256 0
    outer loop
      vertex 25.8192 20.5666 5.72205e-07
      vertex 25.7826 20.6351 0.6
      vertex 25.7826 20.6351 5.72205e-07
    endloop
  endfacet
  facet normal -0.881996 -0.471256 0
    outer loop
      vertex 25.7826 20.6351 0.6
      vertex 25.8192 20.5666 5.72205e-07
      vertex 25.8192 20.5666 0.6
    endloop
  endfacet
  facet normal -0.819853 -0.572575 0
    outer loop
      vertex 25.8625 20.5046 5.72205e-07
      vertex 25.8192 20.5666 0.6
      vertex 25.8192 20.5666 5.72205e-07
    endloop
  endfacet
  facet normal -0.819853 -0.572575 0
    outer loop
      vertex 25.8192 20.5666 0.6
      vertex 25.8625 20.5046 5.72205e-07
      vertex 25.8625 20.5046 0.6
    endloop
  endfacet
  facet normal -0.744173 -0.667987 0
    outer loop
      vertex 25.9116 20.4499 5.72205e-07
      vertex 25.8625 20.5046 0.6
      vertex 25.8625 20.5046 5.72205e-07
    endloop
  endfacet
  facet normal -0.744173 -0.667987 0
    outer loop
      vertex 25.8625 20.5046 0.6
      vertex 25.9116 20.4499 5.72205e-07
      vertex 25.9116 20.4499 0.6
    endloop
  endfacet
  facet normal -0.649401 -0.760446 0
    outer loop
      vertex 25.9116 20.4499 5.72205e-07
      vertex 25.9657 20.4037 0.6
      vertex 25.9116 20.4499 0.6
    endloop
  endfacet
  facet normal -0.649401 -0.760446 -0
    outer loop
      vertex 25.9657 20.4037 0.6
      vertex 25.9116 20.4499 5.72205e-07
      vertex 25.9657 20.4037 5.72205e-07
    endloop
  endfacet
  facet normal -0.541118 -0.840946 0
    outer loop
      vertex 25.9657 20.4037 5.72205e-07
      vertex 26.0246 20.3658 0.6
      vertex 25.9657 20.4037 0.6
    endloop
  endfacet
  facet normal -0.541118 -0.840946 -0
    outer loop
      vertex 26.0246 20.3658 0.6
      vertex 25.9657 20.4037 5.72205e-07
      vertex 26.0246 20.3658 5.72205e-07
    endloop
  endfacet
  facet normal -0.417976 -0.908458 0
    outer loop
      vertex 26.0246 20.3658 5.72205e-07
      vertex 26.0885 20.3364 0.6
      vertex 26.0246 20.3658 0.6
    endloop
  endfacet
  facet normal -0.417976 -0.908458 -0
    outer loop
      vertex 26.0885 20.3364 0.6
      vertex 26.0246 20.3658 5.72205e-07
      vertex 26.0885 20.3364 5.72205e-07
    endloop
  endfacet
  facet normal -0.291936 -0.956438 0
    outer loop
      vertex 26.0885 20.3364 5.72205e-07
      vertex 26.1573 20.3154 0.6
      vertex 26.0885 20.3364 0.6
    endloop
  endfacet
  facet normal -0.291936 -0.956438 -0
    outer loop
      vertex 26.1573 20.3154 0.6
      vertex 26.0885 20.3364 5.72205e-07
      vertex 26.1573 20.3154 5.72205e-07
    endloop
  endfacet
  facet normal -0.168518 -0.985699 0
    outer loop
      vertex 26.1573 20.3154 5.72205e-07
      vertex 26.231 20.3028 0.6
      vertex 26.1573 20.3154 0.6
    endloop
  endfacet
  facet normal -0.168518 -0.985699 -0
    outer loop
      vertex 26.231 20.3028 0.6
      vertex 26.1573 20.3154 5.72205e-07
      vertex 26.231 20.3028 5.72205e-07
    endloop
  endfacet
  facet normal -0.053359 -0.998575 0
    outer loop
      vertex 26.231 20.3028 5.72205e-07
      vertex 26.3096 20.2986 0.6
      vertex 26.231 20.3028 0.6
    endloop
  endfacet
  facet normal -0.053359 -0.998575 -0
    outer loop
      vertex 26.3096 20.2986 0.6
      vertex 26.231 20.3028 5.72205e-07
      vertex 26.3096 20.2986 5.72205e-07
    endloop
  endfacet
  facet normal 0.0595216 -0.998227 0
    outer loop
      vertex 26.3096 20.2986 5.72205e-07
      vertex 26.3901 20.3034 0.6
      vertex 26.3096 20.2986 0.6
    endloop
  endfacet
  facet normal 0.0595216 -0.998227 0
    outer loop
      vertex 26.3901 20.3034 0.6
      vertex 26.3096 20.2986 5.72205e-07
      vertex 26.3901 20.3034 5.72205e-07
    endloop
  endfacet
  facet normal 0.187886 -0.982191 0
    outer loop
      vertex 26.3901 20.3034 5.72205e-07
      vertex 26.4659 20.3179 0.6
      vertex 26.3901 20.3034 0.6
    endloop
  endfacet
  facet normal 0.187886 -0.982191 0
    outer loop
      vertex 26.4659 20.3179 0.6
      vertex 26.3901 20.3034 5.72205e-07
      vertex 26.4659 20.3179 5.72205e-07
    endloop
  endfacet
  facet normal 0.320615 -0.94721 0
    outer loop
      vertex 26.4659 20.3179 5.72205e-07
      vertex 26.5371 20.342 0.6
      vertex 26.4659 20.3179 0.6
    endloop
  endfacet
  facet normal 0.320615 -0.94721 0
    outer loop
      vertex 26.5371 20.342 0.6
      vertex 26.4659 20.3179 5.72205e-07
      vertex 26.5371 20.342 5.72205e-07
    endloop
  endfacet
  facet normal 0.453644 -0.891183 0
    outer loop
      vertex 26.5371 20.342 5.72205e-07
      vertex 26.6035 20.3758 0.6
      vertex 26.5371 20.342 0.6
    endloop
  endfacet
  facet normal 0.453644 -0.891183 0
    outer loop
      vertex 26.6035 20.3758 0.6
      vertex 26.5371 20.342 5.72205e-07
      vertex 26.6035 20.3758 5.72205e-07
    endloop
  endfacet
  facet normal 0.574706 -0.81836 0
    outer loop
      vertex 26.6035 20.3758 5.72205e-07
      vertex 26.6653 20.4192 0.6
      vertex 26.6035 20.3758 0.6
    endloop
  endfacet
  facet normal 0.574706 -0.81836 0
    outer loop
      vertex 26.6653 20.4192 0.6
      vertex 26.6035 20.3758 5.72205e-07
      vertex 26.6653 20.4192 5.72205e-07
    endloop
  endfacet
  facet normal 0.680353 -0.732885 0
    outer loop
      vertex 26.6653 20.4192 5.72205e-07
      vertex 26.7225 20.4723 0.6
      vertex 26.6653 20.4192 0.6
    endloop
  endfacet
  facet normal 0.680353 -0.732885 0
    outer loop
      vertex 26.7225 20.4723 0.6
      vertex 26.6653 20.4192 5.72205e-07
      vertex 26.7225 20.4723 5.72205e-07
    endloop
  endfacet
  facet normal 0.767219 -0.641385 0
    outer loop
      vertex 26.7225 20.4723 0.6
      vertex 26.775 20.5351 5.72205e-07
      vertex 26.775 20.5351 0.6
    endloop
  endfacet
  facet normal 0.767219 -0.641385 0
    outer loop
      vertex 26.775 20.5351 5.72205e-07
      vertex 26.7225 20.4723 0.6
      vertex 26.7225 20.4723 5.72205e-07
    endloop
  endfacet
  facet normal 0.8362 -0.548425 0
    outer loop
      vertex 26.775 20.5351 0.6
      vertex 26.8215 20.606 5.72205e-07
      vertex 26.8215 20.606 0.6
    endloop
  endfacet
  facet normal 0.8362 -0.548425 0
    outer loop
      vertex 26.8215 20.606 5.72205e-07
      vertex 26.775 20.5351 0.6
      vertex 26.775 20.5351 5.72205e-07
    endloop
  endfacet
  facet normal 0.891417 -0.453185 0
    outer loop
      vertex 26.8215 20.606 0.6
      vertex 26.8609 20.6835 5.72205e-07
      vertex 26.8609 20.6835 0.6
    endloop
  endfacet
  facet normal 0.891417 -0.453185 0
    outer loop
      vertex 26.8609 20.6835 5.72205e-07
      vertex 26.8215 20.606 0.6
      vertex 26.8215 20.606 5.72205e-07
    endloop
  endfacet
  facet normal 0.934171 -0.356825 0
    outer loop
      vertex 26.8609 20.6835 0.6
      vertex 26.8931 20.7678 5.72205e-07
      vertex 26.8931 20.7678 0.6
    endloop
  endfacet
  facet normal 0.934171 -0.356825 0
    outer loop
      vertex 26.8931 20.7678 5.72205e-07
      vertex 26.8609 20.6835 0.6
      vertex 26.8609 20.6835 5.72205e-07
    endloop
  endfacet
  facet normal 0.963852 -0.266439 0
    outer loop
      vertex 26.8931 20.7678 0.6
      vertex 26.9182 20.8586 5.72205e-07
      vertex 26.9182 20.8586 0.6
    endloop
  endfacet
  facet normal 0.963852 -0.266439 0
    outer loop
      vertex 26.9182 20.8586 5.72205e-07
      vertex 26.8931 20.7678 0.6
      vertex 26.8931 20.7678 5.72205e-07
    endloop
  endfacet
  facet normal 0.983595 -0.180393 0
    outer loop
      vertex 26.9182 20.8586 0.6
      vertex 26.9361 20.9562 5.72205e-07
      vertex 26.9361 20.9562 0.6
    endloop
  endfacet
  facet normal 0.983595 -0.180393 0
    outer loop
      vertex 26.9361 20.9562 5.72205e-07
      vertex 26.9182 20.8586 0.6
      vertex 26.9182 20.8586 5.72205e-07
    endloop
  endfacet
  facet normal 0.994769 -0.10215 0
    outer loop
      vertex 26.9361 20.9562 0.6
      vertex 26.9468 21.0604 5.72205e-07
      vertex 26.9468 21.0604 0.6
    endloop
  endfacet
  facet normal 0.994769 -0.10215 0
    outer loop
      vertex 26.9468 21.0604 5.72205e-07
      vertex 26.9361 20.9562 0.6
      vertex 26.9361 20.9562 5.72205e-07
    endloop
  endfacet
  facet normal 0.999474 -0.0324446 0
    outer loop
      vertex 26.9468 21.0604 0.6
      vertex 26.9504 21.1713 5.72205e-07
      vertex 26.9504 21.1713 0.6
    endloop
  endfacet
  facet normal 0.999474 -0.0324446 0
    outer loop
      vertex 26.9504 21.1713 5.72205e-07
      vertex 26.9468 21.0604 0.6
      vertex 26.9468 21.0604 5.72205e-07
    endloop
  endfacet
  facet normal 0.999101 0.042393 0
    outer loop
      vertex 26.9504 21.1713 0.6
      vertex 26.9467 21.2585 5.72205e-07
      vertex 26.9467 21.2585 0.6
    endloop
  endfacet
  facet normal 0.999101 0.042393 0
    outer loop
      vertex 26.9467 21.2585 5.72205e-07
      vertex 26.9504 21.1713 0.6
      vertex 26.9504 21.1713 5.72205e-07
    endloop
  endfacet
  facet normal 0.990984 0.133982 0
    outer loop
      vertex 26.9467 21.2585 0.6
      vertex 26.9356 21.3406 5.72205e-07
      vertex 26.9356 21.3406 0.6
    endloop
  endfacet
  facet normal 0.990984 0.133982 0
    outer loop
      vertex 26.9356 21.3406 5.72205e-07
      vertex 26.9467 21.2585 0.6
      vertex 26.9467 21.2585 5.72205e-07
    endloop
  endfacet
  facet normal 0.972261 0.233899 0
    outer loop
      vertex 26.9356 21.3406 0.6
      vertex 26.9171 21.4175 5.72205e-07
      vertex 26.9171 21.4175 0.6
    endloop
  endfacet
  facet normal 0.972261 0.233899 0
    outer loop
      vertex 26.9171 21.4175 5.72205e-07
      vertex 26.9356 21.3406 0.6
      vertex 26.9356 21.3406 5.72205e-07
    endloop
  endfacet
  facet normal 0.940099 0.340901 0
    outer loop
      vertex 26.9171 21.4175 0.6
      vertex 26.8911 21.4892 5.72205e-07
      vertex 26.8911 21.4892 0.6
    endloop
  endfacet
  facet normal 0.940099 0.340901 0
    outer loop
      vertex 26.8911 21.4892 5.72205e-07
      vertex 26.9171 21.4175 0.6
      vertex 26.9171 21.4175 5.72205e-07
    endloop
  endfacet
  facet normal 0.894158 0.447751 0
    outer loop
      vertex 26.8911 21.4892 0.6
      vertex 26.8578 21.5557 5.72205e-07
      vertex 26.8578 21.5557 0.6
    endloop
  endfacet
  facet normal 0.894158 0.447751 0
    outer loop
      vertex 26.8578 21.5557 5.72205e-07
      vertex 26.8911 21.4892 0.6
      vertex 26.8911 21.4892 5.72205e-07
    endloop
  endfacet
  facet normal 0.832884 0.553447 0
    outer loop
      vertex 26.8578 21.5557 0.6
      vertex 26.817 21.6171 5.72205e-07
      vertex 26.817 21.6171 0.6
    endloop
  endfacet
  facet normal 0.832884 0.553447 0
    outer loop
      vertex 26.817 21.6171 5.72205e-07
      vertex 26.8578 21.5557 0.6
      vertex 26.8578 21.5557 5.72205e-07
    endloop
  endfacet
  facet normal 0.759066 0.651014 0
    outer loop
      vertex 26.817 21.6171 0.6
      vertex 26.7688 21.6733 5.72205e-07
      vertex 26.7688 21.6733 0.6
    endloop
  endfacet
  facet normal 0.759066 0.651014 0
    outer loop
      vertex 26.7688 21.6733 5.72205e-07
      vertex 26.817 21.6171 0.6
      vertex 26.817 21.6171 5.72205e-07
    endloop
  endfacet
  facet normal 0.67998 0.733231 -0
    outer loop
      vertex 26.7688 21.6733 5.72205e-07
      vertex 26.7151 21.7231 0.6
      vertex 26.7688 21.6733 0.6
    endloop
  endfacet
  facet normal 0.67998 0.733231 0
    outer loop
      vertex 26.7151 21.7231 0.6
      vertex 26.7688 21.6733 5.72205e-07
      vertex 26.7151 21.7231 5.72205e-07
    endloop
  endfacet
  facet normal 0.590087 0.80734 -0
    outer loop
      vertex 26.7151 21.7231 5.72205e-07
      vertex 26.6575 21.7652 0.6
      vertex 26.7151 21.7231 0.6
    endloop
  endfacet
  facet normal 0.590087 0.80734 0
    outer loop
      vertex 26.6575 21.7652 0.6
      vertex 26.7151 21.7231 5.72205e-07
      vertex 26.6575 21.7652 5.72205e-07
    endloop
  endfacet
  facet normal 0.489857 0.871803 -0
    outer loop
      vertex 26.6575 21.7652 5.72205e-07
      vertex 26.5961 21.7997 0.6
      vertex 26.6575 21.7652 0.6
    endloop
  endfacet
  facet normal 0.489857 0.871803 0
    outer loop
      vertex 26.5961 21.7997 0.6
      vertex 26.6575 21.7652 5.72205e-07
      vertex 26.5961 21.7997 5.72205e-07
    endloop
  endfacet
  facet normal 0.380678 0.924708 -0
    outer loop
      vertex 26.5961 21.7997 5.72205e-07
      vertex 26.531 21.8265 0.6
      vertex 26.5961 21.7997 0.6
    endloop
  endfacet
  facet normal 0.380678 0.924708 0
    outer loop
      vertex 26.531 21.8265 0.6
      vertex 26.5961 21.7997 5.72205e-07
      vertex 26.531 21.8265 5.72205e-07
    endloop
  endfacet
  facet normal 0.266779 0.963758 -0
    outer loop
      vertex 26.531 21.8265 5.72205e-07
      vertex 26.462 21.8456 0.6
      vertex 26.531 21.8265 0.6
    endloop
  endfacet
  facet normal 0.266779 0.963758 0
    outer loop
      vertex 26.462 21.8456 0.6
      vertex 26.531 21.8265 5.72205e-07
      vertex 26.462 21.8456 5.72205e-07
    endloop
  endfacet
  facet normal 0.156032 0.987752 -0
    outer loop
      vertex 26.462 21.8456 5.72205e-07
      vertex 26.3892 21.8571 0.6
      vertex 26.462 21.8456 0.6
    endloop
  endfacet
  facet normal 0.156032 0.987752 0
    outer loop
      vertex 26.3892 21.8571 0.6
      vertex 26.462 21.8456 5.72205e-07
      vertex 26.3892 21.8571 5.72205e-07
    endloop
  endfacet
  facet normal 0.0509143 0.998703 -0
    outer loop
      vertex 26.3892 21.8571 5.72205e-07
      vertex 26.3127 21.861 0.6
      vertex 26.3892 21.8571 0.6
    endloop
  endfacet
  facet normal 0.0509143 0.998703 0
    outer loop
      vertex 26.3127 21.861 0.6
      vertex 26.3892 21.8571 5.72205e-07
      vertex 26.3127 21.861 5.72205e-07
    endloop
  endfacet
  facet normal -0.0547124 0.998502 0
    outer loop
      vertex 26.3127 21.861 5.72205e-07
      vertex 26.2324 21.8566 0.6
      vertex 26.3127 21.861 0.6
    endloop
  endfacet
  facet normal -0.0547124 0.998502 0
    outer loop
      vertex 26.2324 21.8566 0.6
      vertex 26.3127 21.861 5.72205e-07
      vertex 26.2324 21.8566 5.72205e-07
    endloop
  endfacet
  facet normal -0.177523 -0.984117 0
    outer loop
      vertex 23.1486 24.0405 5.72205e-07
      vertex 23.3393 24.0061 0.6
      vertex 23.1486 24.0405 0.6
    endloop
  endfacet
  facet normal -0.177523 -0.984117 -0
    outer loop
      vertex 23.3393 24.0061 0.6
      vertex 23.1486 24.0405 5.72205e-07
      vertex 23.3393 24.0061 5.72205e-07
    endloop
  endfacet
  facet normal -0.310372 -0.950615 0
    outer loop
      vertex 23.3393 24.0061 5.72205e-07
      vertex 23.5148 23.9488 0.6
      vertex 23.3393 24.0061 0.6
    endloop
  endfacet
  facet normal -0.310372 -0.950615 -0
    outer loop
      vertex 23.5148 23.9488 0.6
      vertex 23.3393 24.0061 5.72205e-07
      vertex 23.5148 23.9488 5.72205e-07
    endloop
  endfacet
  facet normal -0.44766 -0.894204 0
    outer loop
      vertex 23.5148 23.9488 5.72205e-07
      vertex 23.675 23.8686 0.6
      vertex 23.5148 23.9488 0.6
    endloop
  endfacet
  facet normal -0.44766 -0.894204 -0
    outer loop
      vertex 23.675 23.8686 0.6
      vertex 23.5148 23.9488 5.72205e-07
      vertex 23.675 23.8686 5.72205e-07
    endloop
  endfacet
  facet normal -0.579748 -0.814796 0
    outer loop
      vertex 23.675 23.8686 5.72205e-07
      vertex 23.8199 23.7655 0.6
      vertex 23.675 23.8686 0.6
    endloop
  endfacet
  facet normal -0.579748 -0.814796 -0
    outer loop
      vertex 23.8199 23.7655 0.6
      vertex 23.675 23.8686 5.72205e-07
      vertex 23.8199 23.7655 5.72205e-07
    endloop
  endfacet
  facet normal -0.696802 -0.717264 0
    outer loop
      vertex 23.8199 23.7655 5.72205e-07
      vertex 23.9496 23.6395 0.6
      vertex 23.8199 23.7655 0.6
    endloop
  endfacet
  facet normal -0.696802 -0.717264 -0
    outer loop
      vertex 23.9496 23.6395 0.6
      vertex 23.8199 23.7655 5.72205e-07
      vertex 23.9496 23.6395 5.72205e-07
    endloop
  endfacet
  facet normal -0.793178 -0.60899 0
    outer loop
      vertex 24.064 23.4905 5.72205e-07
      vertex 23.9496 23.6395 0.6
      vertex 23.9496 23.6395 5.72205e-07
    endloop
  endfacet
  facet normal -0.793178 -0.60899 0
    outer loop
      vertex 23.9496 23.6395 0.6
      vertex 24.064 23.4905 5.72205e-07
      vertex 24.064 23.4905 0.6
    endloop
  endfacet
  facet normal -0.865242 -0.501355 0
    outer loop
      vertex 24.1632 23.3193 5.72205e-07
      vertex 24.064 23.4905 0.6
      vertex 24.064 23.4905 5.72205e-07
    endloop
  endfacet
  facet normal -0.865242 -0.501355 0
    outer loop
      vertex 24.064 23.4905 0.6
      vertex 24.1632 23.3193 5.72205e-07
      vertex 24.1632 23.3193 0.6
    endloop
  endfacet
  facet normal -0.916941 -0.399022 0
    outer loop
      vertex 24.2471 23.1265 5.72205e-07
      vertex 24.1632 23.3193 0.6
      vertex 24.1632 23.3193 5.72205e-07
    endloop
  endfacet
  facet normal -0.916941 -0.399022 0
    outer loop
      vertex 24.1632 23.3193 0.6
      vertex 24.2471 23.1265 5.72205e-07
      vertex 24.2471 23.1265 0.6
    endloop
  endfacet
  facet normal -0.952264 -0.305276 0
    outer loop
      vertex 24.3158 22.9122 5.72205e-07
      vertex 24.2471 23.1265 0.6
      vertex 24.2471 23.1265 5.72205e-07
    endloop
  endfacet
  facet normal -0.952264 -0.305276 0
    outer loop
      vertex 24.2471 23.1265 0.6
      vertex 24.3158 22.9122 5.72205e-07
      vertex 24.3158 22.9122 0.6
    endloop
  endfacet
  facet normal -0.975303 -0.22087 0
    outer loop
      vertex 24.3692 22.6764 5.72205e-07
      vertex 24.3158 22.9122 0.6
      vertex 24.3158 22.9122 5.72205e-07
    endloop
  endfacet
  facet normal -0.975303 -0.22087 0
    outer loop
      vertex 24.3158 22.9122 0.6
      vertex 24.3692 22.6764 5.72205e-07
      vertex 24.3692 22.6764 0.6
    endloop
  endfacet
  facet normal -0.989222 -0.146423 0
    outer loop
      vertex 24.4073 22.419 5.72205e-07
      vertex 24.3692 22.6764 0.6
      vertex 24.3692 22.6764 5.72205e-07
    endloop
  endfacet
  facet normal -0.989222 -0.146423 0
    outer loop
      vertex 24.3692 22.6764 0.6
      vertex 24.4073 22.419 5.72205e-07
      vertex 24.4073 22.419 0.6
    endloop
  endfacet
  facet normal -0.996646 -0.0818329 0
    outer loop
      vertex 24.4302 22.1401 5.72205e-07
      vertex 24.4073 22.419 0.6
      vertex 24.4073 22.419 5.72205e-07
    endloop
  endfacet
  facet normal -0.996646 -0.0818329 0
    outer loop
      vertex 24.4073 22.419 0.6
      vertex 24.4302 22.1401 5.72205e-07
      vertex 24.4302 22.1401 0.6
    endloop
  endfacet
  facet normal -0.999672 -0.0256156 0
    outer loop
      vertex 24.4379 21.8396 5.72205e-07
      vertex 24.4302 22.1401 0.6
      vertex 24.4302 22.1401 5.72205e-07
    endloop
  endfacet
  facet normal -0.999672 -0.0256156 0
    outer loop
      vertex 24.4302 22.1401 0.6
      vertex 24.4379 21.8396 5.72205e-07
      vertex 24.4379 21.8396 0.6
    endloop
  endfacet
  facet normal -0.999714 0.0239119 0
    outer loop
      vertex 24.4306 21.5344 5.72205e-07
      vertex 24.4379 21.8396 0.6
      vertex 24.4379 21.8396 5.72205e-07
    endloop
  endfacet
  facet normal -0.999714 0.0239119 0
    outer loop
      vertex 24.4379 21.8396 0.6
      vertex 24.4306 21.5344 5.72205e-07
      vertex 24.4306 21.5344 0.6
    endloop
  endfacet
  facet normal -0.99709 0.0762377 0
    outer loop
      vertex 24.409 21.2519 5.72205e-07
      vertex 24.4306 21.5344 0.6
      vertex 24.4306 21.5344 5.72205e-07
    endloop
  endfacet
  facet normal -0.99709 0.0762377 0
    outer loop
      vertex 24.4306 21.5344 0.6
      vertex 24.409 21.2519 5.72205e-07
      vertex 24.409 21.2519 0.6
    endloop
  endfacet
  facet normal -0.990432 0.138005 0
    outer loop
      vertex 24.3728 20.9921 5.72205e-07
      vertex 24.409 21.2519 0.6
      vertex 24.409 21.2519 5.72205e-07
    endloop
  endfacet
  facet normal -0.990432 0.138005 0
    outer loop
      vertex 24.409 21.2519 0.6
      vertex 24.3728 20.9921 5.72205e-07
      vertex 24.3728 20.9921 0.6
    endloop
  endfacet
  facet normal -0.978061 0.208318 0
    outer loop
      vertex 24.3223 20.755 5.72205e-07
      vertex 24.3728 20.9921 0.6
      vertex 24.3728 20.9921 5.72205e-07
    endloop
  endfacet
  facet normal -0.978061 0.208318 0
    outer loop
      vertex 24.3728 20.9921 0.6
      vertex 24.3223 20.755 5.72205e-07
      vertex 24.3223 20.755 0.6
    endloop
  endfacet
  facet normal -0.957024 0.290007 0
    outer loop
      vertex 24.2573 20.5405 5.72205e-07
      vertex 24.3223 20.755 0.6
      vertex 24.3223 20.755 5.72205e-07
    endloop
  endfacet
  facet normal -0.957024 0.290007 0
    outer loop
      vertex 24.3223 20.755 0.6
      vertex 24.2573 20.5405 5.72205e-07
      vertex 24.2573 20.5405 0.6
    endloop
  endfacet
  facet normal -0.923788 0.382905 0
    outer loop
      vertex 24.1778 20.3487 5.72205e-07
      vertex 24.2573 20.5405 0.6
      vertex 24.2573 20.5405 5.72205e-07
    endloop
  endfacet
  facet normal -0.923788 0.382905 0
    outer loop
      vertex 24.2573 20.5405 0.6
      vertex 24.1778 20.3487 5.72205e-07
      vertex 24.1778 20.3487 0.6
    endloop
  endfacet
  facet normal -0.874377 0.485248 0
    outer loop
      vertex 24.0839 20.1795 5.72205e-07
      vertex 24.1778 20.3487 0.6
      vertex 24.1778 20.3487 5.72205e-07
    endloop
  endfacet
  facet normal -0.874377 0.485248 0
    outer loop
      vertex 24.1778 20.3487 0.6
      vertex 24.0839 20.1795 5.72205e-07
      vertex 24.0839 20.1795 0.6
    endloop
  endfacet
  facet normal -0.800983 0.598687 0
    outer loop
      vertex 23.9744 20.033 5.72205e-07
      vertex 24.0839 20.1795 0.6
      vertex 24.0839 20.1795 5.72205e-07
    endloop
  endfacet
  facet normal -0.800983 0.598687 0
    outer loop
      vertex 24.0839 20.1795 0.6
      vertex 23.9744 20.033 5.72205e-07
      vertex 23.9744 20.033 0.6
    endloop
  endfacet
  facet normal -0.700862 0.713297 0
    outer loop
      vertex 23.9744 20.033 5.72205e-07
      vertex 23.8482 19.909 0.6
      vertex 23.9744 20.033 0.6
    endloop
  endfacet
  facet normal -0.700862 0.713297 0
    outer loop
      vertex 23.8482 19.909 0.6
      vertex 23.9744 20.033 5.72205e-07
      vertex 23.8482 19.909 5.72205e-07
    endloop
  endfacet
  facet normal -0.578967 0.815351 0
    outer loop
      vertex 23.8482 19.909 5.72205e-07
      vertex 23.7054 19.8076 0.6
      vertex 23.8482 19.909 0.6
    endloop
  endfacet
  facet normal -0.578967 0.815351 0
    outer loop
      vertex 23.7054 19.8076 0.6
      vertex 23.8482 19.909 5.72205e-07
      vertex 23.7054 19.8076 5.72205e-07
    endloop
  endfacet
  facet normal -0.443165 0.89644 0
    outer loop
      vertex 23.7054 19.8076 5.72205e-07
      vertex 23.5458 19.7287 0.6
      vertex 23.7054 19.8076 0.6
    endloop
  endfacet
  facet normal -0.443165 0.89644 0
    outer loop
      vertex 23.5458 19.7287 0.6
      vertex 23.7054 19.8076 5.72205e-07
      vertex 23.5458 19.7287 5.72205e-07
    endloop
  endfacet
  facet normal -0.304854 0.952399 0
    outer loop
      vertex 23.5458 19.7287 5.72205e-07
      vertex 23.3696 19.6723 0.6
      vertex 23.5458 19.7287 0.6
    endloop
  endfacet
  facet normal -0.304854 0.952399 0
    outer loop
      vertex 23.3696 19.6723 0.6
      vertex 23.5458 19.7287 5.72205e-07
      vertex 23.3696 19.6723 5.72205e-07
    endloop
  endfacet
  facet normal -0.172504 0.985009 0
    outer loop
      vertex 23.3696 19.6723 5.72205e-07
      vertex 23.1766 19.6385 0.6
      vertex 23.3696 19.6723 0.6
    endloop
  endfacet
  facet normal -0.172504 0.985009 0
    outer loop
      vertex 23.1766 19.6385 0.6
      vertex 23.3696 19.6723 5.72205e-07
      vertex 23.1766 19.6385 5.72205e-07
    endloop
  endfacet
  facet normal -0.053834 0.99855 0
    outer loop
      vertex 23.1766 19.6385 5.72205e-07
      vertex 22.967 19.6272 0.6
      vertex 23.1766 19.6385 0.6
    endloop
  endfacet
  facet normal -0.053834 0.99855 0
    outer loop
      vertex 22.967 19.6272 0.6
      vertex 23.1766 19.6385 5.72205e-07
      vertex 22.967 19.6272 5.72205e-07
    endloop
  endfacet
  facet normal 0.0318482 0.999493 -0
    outer loop
      vertex 22.967 19.6272 5.72205e-07
      vertex 22.8195 19.6319 0.6
      vertex 22.967 19.6272 0.6
    endloop
  endfacet
  facet normal 0.0318482 0.999493 0
    outer loop
      vertex 22.8195 19.6319 0.6
      vertex 22.967 19.6272 5.72205e-07
      vertex 22.8195 19.6319 5.72205e-07
    endloop
  endfacet
  facet normal 0.101629 0.994822 -0
    outer loop
      vertex 22.8195 19.6319 5.72205e-07
      vertex 22.6805 19.6461 0.6
      vertex 22.8195 19.6319 0.6
    endloop
  endfacet
  facet normal 0.101629 0.994822 0
    outer loop
      vertex 22.6805 19.6461 0.6
      vertex 22.8195 19.6319 5.72205e-07
      vertex 22.6805 19.6461 5.72205e-07
    endloop
  endfacet
  facet normal 0.178686 0.983906 -0
    outer loop
      vertex 22.6805 19.6461 5.72205e-07
      vertex 22.55 19.6698 0.6
      vertex 22.6805 19.6461 0.6
    endloop
  endfacet
  facet normal 0.178686 0.983906 0
    outer loop
      vertex 22.55 19.6698 0.6
      vertex 22.6805 19.6461 5.72205e-07
      vertex 22.55 19.6698 5.72205e-07
    endloop
  endfacet
  facet normal 0.261646 0.965164 -0
    outer loop
      vertex 22.55 19.6698 5.72205e-07
      vertex 22.4279 19.7029 0.6
      vertex 22.55 19.6698 0.6
    endloop
  endfacet
  facet normal 0.261646 0.965164 0
    outer loop
      vertex 22.4279 19.7029 0.6
      vertex 22.55 19.6698 5.72205e-07
      vertex 22.4279 19.7029 5.72205e-07
    endloop
  endfacet
  facet normal 0.351123 0.936329 -0
    outer loop
      vertex 22.4279 19.7029 5.72205e-07
      vertex 22.3143 19.7455 0.6
      vertex 22.4279 19.7029 0.6
    endloop
  endfacet
  facet normal 0.351123 0.936329 0
    outer loop
      vertex 22.3143 19.7455 0.6
      vertex 22.4279 19.7029 5.72205e-07
      vertex 22.3143 19.7455 5.72205e-07
    endloop
  endfacet
  facet normal 0.444142 0.895956 -0
    outer loop
      vertex 22.3143 19.7455 5.72205e-07
      vertex 22.2092 19.7976 0.6
      vertex 22.3143 19.7455 0.6
    endloop
  endfacet
  facet normal 0.444142 0.895956 0
    outer loop
      vertex 22.2092 19.7976 0.6
      vertex 22.3143 19.7455 5.72205e-07
      vertex 22.2092 19.7976 5.72205e-07
    endloop
  endfacet
  facet normal 0.537045 0.843554 -0
    outer loop
      vertex 22.2092 19.7976 5.72205e-07
      vertex 22.1126 19.8591 0.6
      vertex 22.2092 19.7976 0.6
    endloop
  endfacet
  facet normal 0.537045 0.843554 0
    outer loop
      vertex 22.1126 19.8591 0.6
      vertex 22.2092 19.7976 5.72205e-07
      vertex 22.1126 19.8591 5.72205e-07
    endloop
  endfacet
  facet normal 0.625441 0.780271 -0
    outer loop
      vertex 22.1126 19.8591 5.72205e-07
      vertex 22.0234 19.9306 0.6
      vertex 22.1126 19.8591 0.6
    endloop
  endfacet
  facet normal 0.625441 0.780271 0
    outer loop
      vertex 22.0234 19.9306 0.6
      vertex 22.1126 19.8591 5.72205e-07
      vertex 22.0234 19.9306 5.72205e-07
    endloop
  endfacet
  facet normal 0.704954 0.709253 -0
    outer loop
      vertex 22.0234 19.9306 5.72205e-07
      vertex 21.9409 20.0126 0.6
      vertex 22.0234 19.9306 0.6
    endloop
  endfacet
  facet normal 0.704954 0.709253 0
    outer loop
      vertex 21.9409 20.0126 0.6
      vertex 22.0234 19.9306 5.72205e-07
      vertex 21.9409 20.0126 5.72205e-07
    endloop
  endfacet
  facet normal 0.772726 0.634739 0
    outer loop
      vertex 21.9409 20.0126 0.6
      vertex 21.865 20.105 5.72205e-07
      vertex 21.865 20.105 0.6
    endloop
  endfacet
  facet normal 0.772726 0.634739 0
    outer loop
      vertex 21.865 20.105 5.72205e-07
      vertex 21.9409 20.0126 0.6
      vertex 21.9409 20.0126 5.72205e-07
    endloop
  endfacet
  facet normal 0.829437 0.5586 0
    outer loop
      vertex 21.865 20.105 0.6
      vertex 21.7957 20.2079 5.72205e-07
      vertex 21.7957 20.2079 0.6
    endloop
  endfacet
  facet normal 0.829437 0.5586 0
    outer loop
      vertex 21.7957 20.2079 5.72205e-07
      vertex 21.865 20.105 0.6
      vertex 21.865 20.105 5.72205e-07
    endloop
  endfacet
  facet normal 0.874957 0.4842 0
    outer loop
      vertex 21.7957 20.2079 0.6
      vertex 21.733 20.3212 5.72205e-07
      vertex 21.733 20.3212 0.6
    endloop
  endfacet
  facet normal 0.874957 0.4842 0
    outer loop
      vertex 21.733 20.3212 5.72205e-07
      vertex 21.7957 20.2079 0.6
      vertex 21.7957 20.2079 5.72205e-07
    endloop
  endfacet
  facet normal 0.91097 0.412473 0
    outer loop
      vertex 21.733 20.3212 0.6
      vertex 21.6769 20.4451 5.72205e-07
      vertex 21.6769 20.4451 0.6
    endloop
  endfacet
  facet normal 0.91097 0.412473 0
    outer loop
      vertex 21.6769 20.4451 5.72205e-07
      vertex 21.733 20.3212 0.6
      vertex 21.733 20.3212 5.72205e-07
    endloop
  endfacet
  facet normal 0.938212 0.346062 0
    outer loop
      vertex 21.6769 20.4451 0.6
      vertex 21.6274 20.5793 5.72205e-07
      vertex 21.6274 20.5793 0.6
    endloop
  endfacet
  facet normal 0.938212 0.346062 0
    outer loop
      vertex 21.6274 20.5793 5.72205e-07
      vertex 21.6769 20.4451 0.6
      vertex 21.6769 20.4451 5.72205e-07
    endloop
  endfacet
  facet normal 0.959071 0.283167 0
    outer loop
      vertex 21.6274 20.5793 0.6
      vertex 21.5845 20.7246 5.72205e-07
      vertex 21.5845 20.7246 0.6
    endloop
  endfacet
  facet normal 0.959071 0.283167 0
    outer loop
      vertex 21.5845 20.7246 5.72205e-07
      vertex 21.6274 20.5793 0.6
      vertex 21.6274 20.5793 5.72205e-07
    endloop
  endfacet
  facet normal 0.974265 0.225404 0
    outer loop
      vertex 21.5845 20.7246 0.6
      vertex 21.5482 20.8815 5.72205e-07
      vertex 21.5482 20.8815 0.6
    endloop
  endfacet
  facet normal 0.974265 0.225404 0
    outer loop
      vertex 21.5482 20.8815 5.72205e-07
      vertex 21.5845 20.7246 0.6
      vertex 21.5845 20.7246 5.72205e-07
    endloop
  endfacet
  facet normal 0.984801 0.173685 0
    outer loop
      vertex 21.5482 20.8815 0.6
      vertex 21.5185 21.0499 5.72205e-07
      vertex 21.5185 21.0499 0.6
    endloop
  endfacet
  facet normal 0.984801 0.173685 0
    outer loop
      vertex 21.5185 21.0499 5.72205e-07
      vertex 21.5482 20.8815 0.6
      vertex 21.5482 20.8815 5.72205e-07
    endloop
  endfacet
  facet normal 0.991805 0.127762 0
    outer loop
      vertex 21.5185 21.0499 0.6
      vertex 21.4953 21.23 5.72205e-07
      vertex 21.4953 21.23 0.6
    endloop
  endfacet
  facet normal 0.991805 0.127762 0
    outer loop
      vertex 21.4953 21.23 5.72205e-07
      vertex 21.5185 21.0499 0.6
      vertex 21.5185 21.0499 5.72205e-07
    endloop
  endfacet
  facet normal 0.996312 0.0857993 0
    outer loop
      vertex 21.4953 21.23 0.6
      vertex 21.4788 21.4216 5.72205e-07
      vertex 21.4788 21.4216 0.6
    endloop
  endfacet
  facet normal 0.996312 0.0857993 0
    outer loop
      vertex 21.4788 21.4216 5.72205e-07
      vertex 21.4953 21.23 0.6
      vertex 21.4953 21.23 5.72205e-07
    endloop
  endfacet
  facet normal 0.998815 0.0486628 0
    outer loop
      vertex 21.4788 21.4216 0.6
      vertex 21.4689 21.6248 5.72205e-07
      vertex 21.4689 21.6248 0.6
    endloop
  endfacet
  facet normal 0.998815 0.0486628 0
    outer loop
      vertex 21.4689 21.6248 5.72205e-07
      vertex 21.4788 21.4216 0.6
      vertex 21.4788 21.4216 5.72205e-07
    endloop
  endfacet
  facet normal 0.999882 0.0153613 0
    outer loop
      vertex 21.4689 21.6248 0.6
      vertex 21.4656 21.8396 5.72205e-07
      vertex 21.4656 21.8396 0.6
    endloop
  endfacet
  facet normal 0.999882 0.0153613 0
    outer loop
      vertex 21.4656 21.8396 5.72205e-07
      vertex 21.4689 21.6248 0.6
      vertex 21.4689 21.6248 5.72205e-07
    endloop
  endfacet
  facet normal 0.998679 -0.0513888 0
    outer loop
      vertex 21.4656 21.8396 0.6
      vertex 21.4958 22.4265 5.72205e-07
      vertex 21.4958 22.4265 0.6
    endloop
  endfacet
  facet normal 0.998679 -0.0513888 0
    outer loop
      vertex 21.4958 22.4265 5.72205e-07
      vertex 21.4656 21.8396 0.6
      vertex 21.4656 21.8396 5.72205e-07
    endloop
  endfacet
  facet normal 0.983838 -0.17906 0
    outer loop
      vertex 21.4958 22.4265 0.6
      vertex 21.5862 22.9232 5.72205e-07
      vertex 21.5862 22.9232 0.6
    endloop
  endfacet
  facet normal 0.983838 -0.17906 0
    outer loop
      vertex 21.5862 22.9232 5.72205e-07
      vertex 21.4958 22.4265 0.6
      vertex 21.4958 22.4265 5.72205e-07
    endloop
  endfacet
  facet normal 0.937584 -0.347758 0
    outer loop
      vertex 21.5862 22.9232 0.6
      vertex 21.7369 23.3295 5.72205e-07
      vertex 21.7369 23.3295 0.6
    endloop
  endfacet
  facet normal 0.937584 -0.347758 0
    outer loop
      vertex 21.7369 23.3295 5.72205e-07
      vertex 21.5862 22.9232 0.6
      vertex 21.5862 22.9232 5.72205e-07
    endloop
  endfacet
  facet normal 0.831726 -0.555186 0
    outer loop
      vertex 21.7369 23.3295 0.6
      vertex 21.9479 23.6456 5.72205e-07
      vertex 21.9479 23.6456 0.6
    endloop
  endfacet
  facet normal 0.831726 -0.555186 0
    outer loop
      vertex 21.9479 23.6456 5.72205e-07
      vertex 21.7369 23.3295 0.6
      vertex 21.7369 23.3295 5.72205e-07
    endloop
  endfacet
  facet normal 0.639711 -0.768616 0
    outer loop
      vertex 21.9479 23.6456 5.72205e-07
      vertex 22.2192 23.8714 0.6
      vertex 21.9479 23.6456 0.6
    endloop
  endfacet
  facet normal 0.639711 -0.768616 0
    outer loop
      vertex 22.2192 23.8714 0.6
      vertex 21.9479 23.6456 5.72205e-07
      vertex 22.2192 23.8714 5.72205e-07
    endloop
  endfacet
  facet normal 0.378122 -0.925756 0
    outer loop
      vertex 22.2192 23.8714 5.72205e-07
      vertex 22.5507 24.0068 0.6
      vertex 22.2192 23.8714 0.6
    endloop
  endfacet
  facet normal 0.378122 -0.925756 0
    outer loop
      vertex 22.5507 24.0068 0.6
      vertex 22.2192 23.8714 5.72205e-07
      vertex 22.5507 24.0068 5.72205e-07
    endloop
  endfacet
  facet normal 0.114576 -0.993414 0
    outer loop
      vertex 22.5507 24.0068 5.72205e-07
      vertex 22.9426 24.052 0.6
      vertex 22.5507 24.0068 0.6
    endloop
  endfacet
  facet normal 0.114576 -0.993414 0
    outer loop
      vertex 22.9426 24.052 0.6
      vertex 22.5507 24.0068 5.72205e-07
      vertex 22.9426 24.052 5.72205e-07
    endloop
  endfacet
  facet normal -0.0557385 -0.998445 0
    outer loop
      vertex 22.9426 24.052 5.72205e-07
      vertex 23.1486 24.0405 0.6
      vertex 22.9426 24.052 0.6
    endloop
  endfacet
  facet normal -0.0557385 -0.998445 -0
    outer loop
      vertex 23.1486 24.0405 0.6
      vertex 22.9426 24.052 5.72205e-07
      vertex 23.1486 24.0405 5.72205e-07
    endloop
  endfacet
  facet normal -0.137483 0.990504 0
    outer loop
      vertex 22.8805 23.3747 5.72205e-07
      vertex 22.8171 23.3659 0.6
      vertex 22.8805 23.3747 0.6
    endloop
  endfacet
  facet normal -0.137483 0.990504 0
    outer loop
      vertex 22.8171 23.3659 0.6
      vertex 22.8805 23.3747 5.72205e-07
      vertex 22.8171 23.3659 5.72205e-07
    endloop
  endfacet
  facet normal -0.242924 0.970045 0
    outer loop
      vertex 22.8171 23.3659 5.72205e-07
      vertex 22.7584 23.3512 0.6
      vertex 22.8171 23.3659 0.6
    endloop
  endfacet
  facet normal -0.242924 0.970045 0
    outer loop
      vertex 22.7584 23.3512 0.6
      vertex 22.8171 23.3659 5.72205e-07
      vertex 22.7584 23.3512 5.72205e-07
    endloop
  endfacet
  facet normal -0.354549 0.935037 0
    outer loop
      vertex 22.7584 23.3512 5.72205e-07
      vertex 22.7046 23.3308 0.6
      vertex 22.7584 23.3512 0.6
    endloop
  endfacet
  facet normal -0.354549 0.935037 0
    outer loop
      vertex 22.7046 23.3308 0.6
      vertex 22.7584 23.3512 5.72205e-07
      vertex 22.7046 23.3308 5.72205e-07
    endloop
  endfacet
  facet normal -0.473565 0.880759 0
    outer loop
      vertex 22.7046 23.3308 5.72205e-07
      vertex 22.6555 23.3044 0.6
      vertex 22.7046 23.3308 0.6
    endloop
  endfacet
  facet normal -0.473565 0.880759 0
    outer loop
      vertex 22.6555 23.3044 0.6
      vertex 22.7046 23.3308 5.72205e-07
      vertex 22.6555 23.3044 5.72205e-07
    endloop
  endfacet
  facet normal -0.588824 0.808261 0
    outer loop
      vertex 22.6555 23.3044 5.72205e-07
      vertex 22.6113 23.2722 0.6
      vertex 22.6555 23.3044 0.6
    endloop
  endfacet
  facet normal -0.588824 0.808261 0
    outer loop
      vertex 22.6113 23.2722 0.6
      vertex 22.6555 23.3044 5.72205e-07
      vertex 22.6113 23.2722 5.72205e-07
    endloop
  endfacet
  facet normal -0.693291 0.720658 0
    outer loop
      vertex 22.6113 23.2722 5.72205e-07
      vertex 22.5718 23.2342 0.6
      vertex 22.6113 23.2722 0.6
    endloop
  endfacet
  facet normal -0.693291 0.720658 0
    outer loop
      vertex 22.5718 23.2342 0.6
      vertex 22.6113 23.2722 5.72205e-07
      vertex 22.5718 23.2342 5.72205e-07
    endloop
  endfacet
  facet normal -0.783586 0.621284 0
    outer loop
      vertex 22.5362 23.1893 5.72205e-07
      vertex 22.5718 23.2342 0.6
      vertex 22.5718 23.2342 5.72205e-07
    endloop
  endfacet
  facet normal -0.783586 0.621284 0
    outer loop
      vertex 22.5718 23.2342 0.6
      vertex 22.5362 23.1893 5.72205e-07
      vertex 22.5362 23.1893 0.6
    endloop
  endfacet
  facet normal -0.848362 0.529417 0
    outer loop
      vertex 22.5035 23.1369 5.72205e-07
      vertex 22.5362 23.1893 0.6
      vertex 22.5362 23.1893 5.72205e-07
    endloop
  endfacet
  facet normal -0.848362 0.529417 0
    outer loop
      vertex 22.5362 23.1893 0.6
      vertex 22.5035 23.1369 5.72205e-07
      vertex 22.5035 23.1369 0.6
    endloop
  endfacet
  facet normal -0.895614 0.444832 0
    outer loop
      vertex 22.4736 23.0767 5.72205e-07
      vertex 22.5035 23.1369 0.6
      vertex 22.5035 23.1369 5.72205e-07
    endloop
  endfacet
  facet normal -0.895614 0.444832 0
    outer loop
      vertex 22.5035 23.1369 0.6
      vertex 22.4736 23.0767 5.72205e-07
      vertex 22.4736 23.0767 0.6
    endloop
  endfacet
  facet normal -0.928382 0.371627 0
    outer loop
      vertex 22.4465 23.009 5.72205e-07
      vertex 22.4736 23.0767 0.6
      vertex 22.4736 23.0767 5.72205e-07
    endloop
  endfacet
  facet normal -0.928382 0.371627 0
    outer loop
      vertex 22.4736 23.0767 0.6
      vertex 22.4465 23.009 5.72205e-07
      vertex 22.4465 23.009 0.6
    endloop
  endfacet
  facet normal -0.952644 0.304089 0
    outer loop
      vertex 22.4224 22.9335 5.72205e-07
      vertex 22.4465 23.009 0.6
      vertex 22.4465 23.009 5.72205e-07
    endloop
  endfacet
  facet normal -0.952644 0.304089 0
    outer loop
      vertex 22.4465 23.009 0.6
      vertex 22.4224 22.9335 5.72205e-07
      vertex 22.4224 22.9335 0.6
    endloop
  endfacet
  facet normal -0.968685 0.248291 0
    outer loop
      vertex 22.4011 22.8504 5.72205e-07
      vertex 22.4224 22.9335 0.6
      vertex 22.4224 22.9335 5.72205e-07
    endloop
  endfacet
  facet normal -0.968685 0.248291 0
    outer loop
      vertex 22.4224 22.9335 0.6
      vertex 22.4011 22.8504 5.72205e-07
      vertex 22.4011 22.8504 0.6
    endloop
  endfacet
  facet normal -0.979869 0.199643 0
    outer loop
      vertex 22.3826 22.7596 5.72205e-07
      vertex 22.4011 22.8504 0.6
      vertex 22.4011 22.8504 5.72205e-07
    endloop
  endfacet
  facet normal -0.979869 0.199643 0
    outer loop
      vertex 22.4011 22.8504 0.6
      vertex 22.3826 22.7596 5.72205e-07
      vertex 22.3826 22.7596 0.6
    endloop
  endfacet
  facet normal -0.987699 0.156369 0
    outer loop
      vertex 22.3668 22.6598 5.72205e-07
      vertex 22.3826 22.7596 0.6
      vertex 22.3826 22.7596 5.72205e-07
    endloop
  endfacet
  facet normal -0.987699 0.156369 0
    outer loop
      vertex 22.3826 22.7596 0.6
      vertex 22.3668 22.6598 5.72205e-07
      vertex 22.3668 22.6598 0.6
    endloop
  endfacet
  facet normal -0.992821 0.119606 0
    outer loop
      vertex 22.3535 22.5494 5.72205e-07
      vertex 22.3668 22.6598 0.6
      vertex 22.3668 22.6598 5.72205e-07
    endloop
  endfacet
  facet normal -0.992821 0.119606 0
    outer loop
      vertex 22.3668 22.6598 0.6
      vertex 22.3535 22.5494 5.72205e-07
      vertex 22.3535 22.5494 0.6
    endloop
  endfacet
  facet normal -0.995886 0.09061 0
    outer loop
      vertex 22.3425 22.4285 5.72205e-07
      vertex 22.3535 22.5494 0.6
      vertex 22.3535 22.5494 5.72205e-07
    endloop
  endfacet
  facet normal -0.995886 0.09061 0
    outer loop
      vertex 22.3535 22.5494 0.6
      vertex 22.3425 22.4285 5.72205e-07
      vertex 22.3425 22.4285 0.6
    endloop
  endfacet
  facet normal -0.997917 0.0645042 0
    outer loop
      vertex 22.334 22.297 5.72205e-07
      vertex 22.3425 22.4285 0.6
      vertex 22.3425 22.4285 5.72205e-07
    endloop
  endfacet
  facet normal -0.997917 0.0645042 0
    outer loop
      vertex 22.3425 22.4285 0.6
      vertex 22.334 22.297 5.72205e-07
      vertex 22.334 22.297 0.6
    endloop
  endfacet
  facet normal -0.999107 0.0422456 0
    outer loop
      vertex 22.328 22.1551 5.72205e-07
      vertex 22.334 22.297 0.6
      vertex 22.334 22.297 5.72205e-07
    endloop
  endfacet
  facet normal -0.999107 0.0422456 0
    outer loop
      vertex 22.334 22.297 0.6
      vertex 22.328 22.1551 5.72205e-07
      vertex 22.328 22.1551 0.6
    endloop
  endfacet
  facet normal -0.999706 0.0242552 0
    outer loop
      vertex 22.3243 22.0026 5.72205e-07
      vertex 22.328 22.1551 0.6
      vertex 22.328 22.1551 5.72205e-07
    endloop
  endfacet
  facet normal -0.999706 0.0242552 0
    outer loop
      vertex 22.328 22.1551 0.6
      vertex 22.3243 22.0026 5.72205e-07
      vertex 22.3243 22.0026 0.6
    endloop
  endfacet
  facet normal -0.999973 0.00736176 0
    outer loop
      vertex 22.3231 21.8396 5.72205e-07
      vertex 22.3243 22.0026 0.6
      vertex 22.3243 22.0026 5.72205e-07
    endloop
  endfacet
  facet normal -0.999973 0.00736176 0
    outer loop
      vertex 22.3243 22.0026 0.6
      vertex 22.3231 21.8396 5.72205e-07
      vertex 22.3231 21.8396 0.6
    endloop
  endfacet
  facet normal -0.999973 -0.00729021 0
    outer loop
      vertex 22.3243 21.675 5.72205e-07
      vertex 22.3231 21.8396 0.6
      vertex 22.3231 21.8396 5.72205e-07
    endloop
  endfacet
  facet normal -0.999973 -0.00729021 0
    outer loop
      vertex 22.3231 21.8396 0.6
      vertex 22.3243 21.675 5.72205e-07
      vertex 22.3243 21.675 0.6
    endloop
  endfacet
  facet normal -0.999755 -0.02213 0
    outer loop
      vertex 22.3277 21.5214 5.72205e-07
      vertex 22.3243 21.675 0.6
      vertex 22.3243 21.675 5.72205e-07
    endloop
  endfacet
  facet normal -0.999755 -0.02213 0
    outer loop
      vertex 22.3243 21.675 0.6
      vertex 22.3277 21.5214 5.72205e-07
      vertex 22.3277 21.5214 0.6
    endloop
  endfacet
  facet normal -0.999176 -0.0405828 0
    outer loop
      vertex 22.3335 21.3786 5.72205e-07
      vertex 22.3277 21.5214 0.6
      vertex 22.3277 21.5214 5.72205e-07
    endloop
  endfacet
  facet normal -0.999176 -0.0405828 0
    outer loop
      vertex 22.3277 21.5214 0.6
      vertex 22.3335 21.3786 5.72205e-07
      vertex 22.3335 21.3786 0.6
    endloop
  endfacet
  facet normal -0.998166 -0.0605408 0
    outer loop
      vertex 22.3415 21.2467 5.72205e-07
      vertex 22.3335 21.3786 0.6
      vertex 22.3335 21.3786 5.72205e-07
    endloop
  endfacet
  facet normal -0.998166 -0.0605408 0
    outer loop
      vertex 22.3335 21.3786 0.6
      vertex 22.3415 21.2467 5.72205e-07
      vertex 22.3415 21.2467 0.6
    endloop
  endfacet
  facet normal -0.996327 -0.0856347 0
    outer loop
      vertex 22.3519 21.1257 5.72205e-07
      vertex 22.3415 21.2467 0.6
      vertex 22.3415 21.2467 5.72205e-07
    endloop
  endfacet
  facet normal -0.996327 -0.0856347 0
    outer loop
      vertex 22.3415 21.2467 0.6
      vertex 22.3519 21.1257 5.72205e-07
      vertex 22.3519 21.1257 0.6
    endloop
  endfacet
  facet normal -0.993401 -0.114693 0
    outer loop
      vertex 22.3646 21.0157 5.72205e-07
      vertex 22.3519 21.1257 0.6
      vertex 22.3519 21.1257 5.72205e-07
    endloop
  endfacet
  facet normal -0.993401 -0.114693 0
    outer loop
      vertex 22.3519 21.1257 0.6
      vertex 22.3646 21.0157 5.72205e-07
      vertex 22.3646 21.0157 0.6
    endloop
  endfacet
  facet normal -0.98876 -0.14951 0
    outer loop
      vertex 22.3796 20.9165 5.72205e-07
      vertex 22.3646 21.0157 0.6
      vertex 22.3646 21.0157 5.72205e-07
    endloop
  endfacet
  facet normal -0.98876 -0.14951 0
    outer loop
      vertex 22.3646 21.0157 0.6
      vertex 22.3796 20.9165 5.72205e-07
      vertex 22.3796 20.9165 0.6
    endloop
  endfacet
  facet normal -0.981411 -0.19192 0
    outer loop
      vertex 22.3972 20.8265 5.72205e-07
      vertex 22.3796 20.9165 0.6
      vertex 22.3796 20.9165 5.72205e-07
    endloop
  endfacet
  facet normal -0.981411 -0.19192 0
    outer loop
      vertex 22.3796 20.9165 0.6
      vertex 22.3972 20.8265 5.72205e-07
      vertex 22.3972 20.8265 0.6
    endloop
  endfacet
  facet normal -0.969657 -0.244471 0
    outer loop
      vertex 22.418 20.744 5.72205e-07
      vertex 22.3972 20.8265 0.6
      vertex 22.3972 20.8265 5.72205e-07
    endloop
  endfacet
  facet normal -0.969657 -0.244471 0
    outer loop
      vertex 22.3972 20.8265 0.6
      vertex 22.418 20.744 5.72205e-07
      vertex 22.418 20.744 0.6
    endloop
  endfacet
  facet normal -0.952542 -0.304408 0
    outer loop
      vertex 22.442 20.6689 5.72205e-07
      vertex 22.418 20.744 0.6
      vertex 22.418 20.744 5.72205e-07
    endloop
  endfacet
  facet normal -0.952542 -0.304408 0
    outer loop
      vertex 22.418 20.744 0.6
      vertex 22.442 20.6689 5.72205e-07
      vertex 22.442 20.6689 0.6
    endloop
  endfacet
  facet normal -0.928477 -0.371391 0
    outer loop
      vertex 22.469 20.6014 5.72205e-07
      vertex 22.442 20.6689 0.6
      vertex 22.442 20.6689 5.72205e-07
    endloop
  endfacet
  facet normal -0.928477 -0.371391 0
    outer loop
      vertex 22.442 20.6689 0.6
      vertex 22.469 20.6014 5.72205e-07
      vertex 22.469 20.6014 0.6
    endloop
  endfacet
  facet normal -0.894129 -0.447809 0
    outer loop
      vertex 22.4991 20.5413 5.72205e-07
      vertex 22.469 20.6014 0.6
      vertex 22.469 20.6014 5.72205e-07
    endloop
  endfacet
  facet normal -0.894129 -0.447809 0
    outer loop
      vertex 22.469 20.6014 0.6
      vertex 22.4991 20.5413 5.72205e-07
      vertex 22.4991 20.5413 0.6
    endloop
  endfacet
  facet normal -0.845375 -0.534174 0
    outer loop
      vertex 22.5324 20.4886 5.72205e-07
      vertex 22.4991 20.5413 0.6
      vertex 22.4991 20.5413 5.72205e-07
    endloop
  endfacet
  facet normal -0.845375 -0.534174 0
    outer loop
      vertex 22.4991 20.5413 0.6
      vertex 22.5324 20.4886 5.72205e-07
      vertex 22.5324 20.4886 0.6
    endloop
  endfacet
  facet normal -0.778168 -0.628056 0
    outer loop
      vertex 22.5688 20.4435 5.72205e-07
      vertex 22.5324 20.4886 0.6
      vertex 22.5324 20.4886 5.72205e-07
    endloop
  endfacet
  facet normal -0.778168 -0.628056 0
    outer loop
      vertex 22.5324 20.4886 0.6
      vertex 22.5688 20.4435 5.72205e-07
      vertex 22.5688 20.4435 0.6
    endloop
  endfacet
  facet normal -0.688985 -0.724776 0
    outer loop
      vertex 22.5688 20.4435 5.72205e-07
      vertex 22.6093 20.405 0.6
      vertex 22.5688 20.4435 0.6
    endloop
  endfacet
  facet normal -0.688985 -0.724776 -0
    outer loop
      vertex 22.6093 20.405 0.6
      vertex 22.5688 20.4435 5.72205e-07
      vertex 22.6093 20.405 5.72205e-07
    endloop
  endfacet
  facet normal -0.57955 -0.814937 0
    outer loop
      vertex 22.6093 20.405 5.72205e-07
      vertex 22.655 20.3725 0.6
      vertex 22.6093 20.405 0.6
    endloop
  endfacet
  facet normal -0.57955 -0.814937 -0
    outer loop
      vertex 22.655 20.3725 0.6
      vertex 22.6093 20.405 5.72205e-07
      vertex 22.655 20.3725 5.72205e-07
    endloop
  endfacet
  facet normal -0.463877 -0.8859 0
    outer loop
      vertex 22.655 20.3725 5.72205e-07
      vertex 22.7058 20.3459 0.6
      vertex 22.655 20.3725 0.6
    endloop
  endfacet
  facet normal -0.463877 -0.8859 -0
    outer loop
      vertex 22.7058 20.3459 0.6
      vertex 22.655 20.3725 5.72205e-07
      vertex 22.7058 20.3459 5.72205e-07
    endloop
  endfacet
  facet normal -0.346714 -0.937971 0
    outer loop
      vertex 22.7058 20.3459 5.72205e-07
      vertex 22.7618 20.3252 0.6
      vertex 22.7058 20.3459 0.6
    endloop
  endfacet
  facet normal -0.346714 -0.937971 -0
    outer loop
      vertex 22.7618 20.3252 0.6
      vertex 22.7058 20.3459 5.72205e-07
      vertex 22.7618 20.3252 5.72205e-07
    endloop
  endfacet
  facet normal -0.235055 -0.971982 0
    outer loop
      vertex 22.7618 20.3252 5.72205e-07
      vertex 22.823 20.3104 0.6
      vertex 22.7618 20.3252 0.6
    endloop
  endfacet
  facet normal -0.235055 -0.971982 -0
    outer loop
      vertex 22.823 20.3104 0.6
      vertex 22.7618 20.3252 5.72205e-07
      vertex 22.823 20.3104 5.72205e-07
    endloop
  endfacet
  facet normal -0.132848 -0.991136 0
    outer loop
      vertex 22.823 20.3104 5.72205e-07
      vertex 22.8894 20.3015 0.6
      vertex 22.823 20.3104 0.6
    endloop
  endfacet
  facet normal -0.132848 -0.991136 -0
    outer loop
      vertex 22.8894 20.3015 0.6
      vertex 22.823 20.3104 5.72205e-07
      vertex 22.8894 20.3015 5.72205e-07
    endloop
  endfacet
  facet normal -0.0405261 -0.999178 0
    outer loop
      vertex 22.8894 20.3015 5.72205e-07
      vertex 22.9609 20.2986 0.6
      vertex 22.8894 20.3015 0.6
    endloop
  endfacet
  facet normal -0.0405261 -0.999178 -0
    outer loop
      vertex 22.9609 20.2986 0.6
      vertex 22.8894 20.3015 5.72205e-07
      vertex 22.9609 20.2986 5.72205e-07
    endloop
  endfacet
  facet normal 0.0429869 -0.999076 0
    outer loop
      vertex 22.9609 20.2986 5.72205e-07
      vertex 23.0283 20.3015 0.6
      vertex 22.9609 20.2986 0.6
    endloop
  endfacet
  facet normal 0.0429869 -0.999076 0
    outer loop
      vertex 23.0283 20.3015 0.6
      vertex 22.9609 20.2986 5.72205e-07
      vertex 23.0283 20.3015 5.72205e-07
    endloop
  endfacet
  facet normal 0.139206 -0.990263 0
    outer loop
      vertex 23.0283 20.3015 5.72205e-07
      vertex 23.0909 20.3103 0.6
      vertex 23.0283 20.3015 0.6
    endloop
  endfacet
  facet normal 0.139206 -0.990263 0
    outer loop
      vertex 23.0909 20.3103 0.6
      vertex 23.0283 20.3015 5.72205e-07
      vertex 23.0909 20.3103 5.72205e-07
    endloop
  endfacet
  facet normal 0.244109 -0.969748 0
    outer loop
      vertex 23.0909 20.3103 5.72205e-07
      vertex 23.1489 20.3249 0.6
      vertex 23.0909 20.3103 0.6
    endloop
  endfacet
  facet normal 0.244109 -0.969748 0
    outer loop
      vertex 23.1489 20.3249 0.6
      vertex 23.0909 20.3103 5.72205e-07
      vertex 23.1489 20.3249 5.72205e-07
    endloop
  endfacet
  facet normal 0.360156 -0.932892 0
    outer loop
      vertex 23.1489 20.3249 5.72205e-07
      vertex 23.202 20.3454 0.6
      vertex 23.1489 20.3249 0.6
    endloop
  endfacet
  facet normal 0.360156 -0.932892 0
    outer loop
      vertex 23.202 20.3454 0.6
      vertex 23.1489 20.3249 5.72205e-07
      vertex 23.202 20.3454 5.72205e-07
    endloop
  endfacet
  facet normal 0.476692 -0.87907 0
    outer loop
      vertex 23.202 20.3454 5.72205e-07
      vertex 23.2505 20.3717 0.6
      vertex 23.202 20.3454 0.6
    endloop
  endfacet
  facet normal 0.476692 -0.87907 0
    outer loop
      vertex 23.2505 20.3717 0.6
      vertex 23.202 20.3454 5.72205e-07
      vertex 23.2505 20.3717 5.72205e-07
    endloop
  endfacet
  facet normal 0.593199 -0.805056 0
    outer loop
      vertex 23.2505 20.3717 5.72205e-07
      vertex 23.2942 20.4039 0.6
      vertex 23.2505 20.3717 0.6
    endloop
  endfacet
  facet normal 0.593199 -0.805056 0
    outer loop
      vertex 23.2942 20.4039 0.6
      vertex 23.2505 20.3717 5.72205e-07
      vertex 23.2942 20.4039 5.72205e-07
    endloop
  endfacet
  facet normal 0.698805 -0.715312 0
    outer loop
      vertex 23.2942 20.4039 5.72205e-07
      vertex 23.3332 20.442 0.6
      vertex 23.2942 20.4039 0.6
    endloop
  endfacet
  facet normal 0.698805 -0.715312 0
    outer loop
      vertex 23.3332 20.442 0.6
      vertex 23.2942 20.4039 5.72205e-07
      vertex 23.3332 20.442 5.72205e-07
    endloop
  endfacet
  facet normal 0.786318 -0.617822 0
    outer loop
      vertex 23.3332 20.442 0.6
      vertex 23.3684 20.4868 5.72205e-07
      vertex 23.3684 20.4868 0.6
    endloop
  endfacet
  facet normal 0.786318 -0.617822 0
    outer loop
      vertex 23.3684 20.4868 5.72205e-07
      vertex 23.3332 20.442 0.6
      vertex 23.3332 20.442 5.72205e-07
    endloop
  endfacet
  facet normal 0.850819 -0.525458 0
    outer loop
      vertex 23.3684 20.4868 0.6
      vertex 23.4007 20.5391 5.72205e-07
      vertex 23.4007 20.5391 0.6
    endloop
  endfacet
  facet normal 0.850819 -0.525458 0
    outer loop
      vertex 23.4007 20.5391 5.72205e-07
      vertex 23.3684 20.4868 0.6
      vertex 23.3684 20.4868 5.72205e-07
    endloop
  endfacet
  facet normal 0.89799 -0.440015 0
    outer loop
      vertex 23.4007 20.5391 0.6
      vertex 23.4301 20.5991 5.72205e-07
      vertex 23.4301 20.5991 0.6
    endloop
  endfacet
  facet normal 0.89799 -0.440015 0
    outer loop
      vertex 23.4301 20.5991 5.72205e-07
      vertex 23.4007 20.5391 0.6
      vertex 23.4007 20.5391 5.72205e-07
    endloop
  endfacet
  facet normal 0.930551 -0.366163 0
    outer loop
      vertex 23.4301 20.5991 0.6
      vertex 23.4567 20.6667 5.72205e-07
      vertex 23.4567 20.6667 0.6
    endloop
  endfacet
  facet normal 0.930551 -0.366163 0
    outer loop
      vertex 23.4567 20.6667 5.72205e-07
      vertex 23.4301 20.5991 0.6
      vertex 23.4301 20.5991 5.72205e-07
    endloop
  endfacet
  facet normal 0.953275 -0.302103 0
    outer loop
      vertex 23.4567 20.6667 0.6
      vertex 23.4805 20.7418 5.72205e-07
      vertex 23.4805 20.7418 0.6
    endloop
  endfacet
  facet normal 0.953275 -0.302103 0
    outer loop
      vertex 23.4805 20.7418 5.72205e-07
      vertex 23.4567 20.6667 0.6
      vertex 23.4567 20.6667 5.72205e-07
    endloop
  endfacet
  facet normal 0.969866 -0.243638 0
    outer loop
      vertex 23.4805 20.7418 0.6
      vertex 23.5013 20.8246 5.72205e-07
      vertex 23.5013 20.8246 0.6
    endloop
  endfacet
  facet normal 0.969866 -0.243638 0
    outer loop
      vertex 23.5013 20.8246 5.72205e-07
      vertex 23.4805 20.7418 0.6
      vertex 23.4805 20.7418 5.72205e-07
    endloop
  endfacet
  facet normal 0.980747 -0.195282 0
    outer loop
      vertex 23.5013 20.8246 0.6
      vertex 23.5193 20.915 5.72205e-07
      vertex 23.5193 20.915 0.6
    endloop
  endfacet
  facet normal 0.980747 -0.195282 0
    outer loop
      vertex 23.5193 20.915 5.72205e-07
      vertex 23.5013 20.8246 0.6
      vertex 23.5013 20.8246 5.72205e-07
    endloop
  endfacet
  facet normal 0.988257 -0.152803 0
    outer loop
      vertex 23.5193 20.915 0.6
      vertex 23.5347 21.0146 5.72205e-07
      vertex 23.5347 21.0146 0.6
    endloop
  endfacet
  facet normal 0.988257 -0.152803 0
    outer loop
      vertex 23.5347 21.0146 5.72205e-07
      vertex 23.5193 20.915 0.6
      vertex 23.5193 20.915 5.72205e-07
    endloop
  endfacet
  facet normal 0.993138 -0.116946 0
    outer loop
      vertex 23.5347 21.0146 0.6
      vertex 23.5477 21.125 5.72205e-07
      vertex 23.5477 21.125 0.6
    endloop
  endfacet
  facet normal 0.993138 -0.116946 0
    outer loop
      vertex 23.5477 21.125 5.72205e-07
      vertex 23.5347 21.0146 0.6
      vertex 23.5347 21.0146 5.72205e-07
    endloop
  endfacet
  facet normal 0.996126 -0.0879418 0
    outer loop
      vertex 23.5477 21.125 0.6
      vertex 23.5584 21.2462 5.72205e-07
      vertex 23.5584 21.2462 0.6
    endloop
  endfacet
  facet normal 0.996126 -0.0879418 0
    outer loop
      vertex 23.5584 21.2462 5.72205e-07
      vertex 23.5477 21.125 0.6
      vertex 23.5477 21.125 5.72205e-07
    endloop
  endfacet
  facet normal 0.998032 -0.0627075 0
    outer loop
      vertex 23.5584 21.2462 0.6
      vertex 23.5667 21.3783 5.72205e-07
      vertex 23.5667 21.3783 0.6
    endloop
  endfacet
  facet normal 0.998032 -0.0627075 0
    outer loop
      vertex 23.5667 21.3783 5.72205e-07
      vertex 23.5584 21.2462 0.6
      vertex 23.5584 21.2462 5.72205e-07
    endloop
  endfacet
  facet normal 0.999149 -0.0412525 0
    outer loop
      vertex 23.5667 21.3783 0.6
      vertex 23.5726 21.5212 5.72205e-07
      vertex 23.5726 21.5212 0.6
    endloop
  endfacet
  facet normal 0.999149 -0.0412525 0
    outer loop
      vertex 23.5726 21.5212 5.72205e-07
      vertex 23.5667 21.3783 0.6
      vertex 23.5667 21.3783 5.72205e-07
    endloop
  endfacet
  facet normal 0.999741 -0.0227509 0
    outer loop
      vertex 23.5726 21.5212 0.6
      vertex 23.5761 21.675 5.72205e-07
      vertex 23.5761 21.675 0.6
    endloop
  endfacet
  facet normal 0.999741 -0.0227509 0
    outer loop
      vertex 23.5761 21.675 5.72205e-07
      vertex 23.5726 21.5212 0.6
      vertex 23.5726 21.5212 5.72205e-07
    endloop
  endfacet
  facet normal 0.999973 -0.00729021 0
    outer loop
      vertex 23.5761 21.675 0.6
      vertex 23.5773 21.8396 5.72205e-07
      vertex 23.5773 21.8396 0.6
    endloop
  endfacet
  facet normal 0.999973 -0.00729021 0
    outer loop
      vertex 23.5773 21.8396 5.72205e-07
      vertex 23.5761 21.675 0.6
      vertex 23.5761 21.675 5.72205e-07
    endloop
  endfacet
  facet normal 0.999971 0.00758512 0
    outer loop
      vertex 23.5773 21.8396 0.6
      vertex 23.5761 21.9978 5.72205e-07
      vertex 23.5761 21.9978 0.6
    endloop
  endfacet
  facet normal 0.999971 0.00758512 0
    outer loop
      vertex 23.5761 21.9978 5.72205e-07
      vertex 23.5773 21.8396 0.6
      vertex 23.5773 21.8396 5.72205e-07
    endloop
  endfacet
  facet normal 0.999706 0.0242516 0
    outer loop
      vertex 23.5761 21.9978 0.6
      vertex 23.5725 22.1462 5.72205e-07
      vertex 23.5725 22.1462 0.6
    endloop
  endfacet
  facet normal 0.999706 0.0242516 0
    outer loop
      vertex 23.5725 22.1462 5.72205e-07
      vertex 23.5761 21.9978 0.6
      vertex 23.5761 21.9978 5.72205e-07
    endloop
  endfacet
  facet normal 0.999036 0.0439057 0
    outer loop
      vertex 23.5725 22.1462 0.6
      vertex 23.5664 22.285 5.72205e-07
      vertex 23.5664 22.285 0.6
    endloop
  endfacet
  facet normal 0.999036 0.0439057 0
    outer loop
      vertex 23.5664 22.285 5.72205e-07
      vertex 23.5725 22.1462 0.6
      vertex 23.5725 22.1462 5.72205e-07
    endloop
  endfacet
  facet normal 0.997836 0.0657489 0
    outer loop
      vertex 23.5664 22.285 0.6
      vertex 23.5579 22.414 5.72205e-07
      vertex 23.5579 22.414 0.6
    endloop
  endfacet
  facet normal 0.997836 0.0657489 0
    outer loop
      vertex 23.5579 22.414 5.72205e-07
      vertex 23.5664 22.285 0.6
      vertex 23.5664 22.285 5.72205e-07
    endloop
  endfacet
  facet normal 0.995776 0.0918151 0
    outer loop
      vertex 23.5579 22.414 0.6
      vertex 23.5469 22.5333 5.72205e-07
      vertex 23.5469 22.5333 0.6
    endloop
  endfacet
  facet normal 0.995776 0.0918151 0
    outer loop
      vertex 23.5469 22.5333 5.72205e-07
      vertex 23.5579 22.414 0.6
      vertex 23.5579 22.414 5.72205e-07
    endloop
  endfacet
  facet normal 0.992731 0.120358 0
    outer loop
      vertex 23.5469 22.5333 0.6
      vertex 23.5336 22.643 5.72205e-07
      vertex 23.5336 22.643 0.6
    endloop
  endfacet
  facet normal 0.992731 0.120358 0
    outer loop
      vertex 23.5336 22.643 5.72205e-07
      vertex 23.5469 22.5333 0.6
      vertex 23.5469 22.5333 5.72205e-07
    endloop
  endfacet
  facet normal 0.987723 0.156216 0
    outer loop
      vertex 23.5336 22.643 0.6
      vertex 23.5178 22.7429 5.72205e-07
      vertex 23.5178 22.7429 0.6
    endloop
  endfacet
  facet normal 0.987723 0.156216 0
    outer loop
      vertex 23.5178 22.7429 5.72205e-07
      vertex 23.5336 22.643 0.6
      vertex 23.5336 22.643 5.72205e-07
    endloop
  endfacet
  facet normal 0.980082 0.198593 0
    outer loop
      vertex 23.5178 22.7429 0.6
      vertex 23.4993 22.8342 5.72205e-07
      vertex 23.4993 22.8342 0.6
    endloop
  endfacet
  facet normal 0.980082 0.198593 0
    outer loop
      vertex 23.4993 22.8342 5.72205e-07
      vertex 23.5178 22.7429 0.6
      vertex 23.5178 22.7429 5.72205e-07
    endloop
  endfacet
  facet normal 0.968699 0.248236 0
    outer loop
      vertex 23.4993 22.8342 0.6
      vertex 23.4778 22.9181 5.72205e-07
      vertex 23.4778 22.9181 0.6
    endloop
  endfacet
  facet normal 0.968699 0.248236 0
    outer loop
      vertex 23.4778 22.9181 5.72205e-07
      vertex 23.4993 22.8342 0.6
      vertex 23.4993 22.8342 5.72205e-07
    endloop
  endfacet
  facet normal 0.952352 0.305002 0
    outer loop
      vertex 23.4778 22.9181 0.6
      vertex 23.4533 22.9946 5.72205e-07
      vertex 23.4533 22.9946 0.6
    endloop
  endfacet
  facet normal 0.952352 0.305002 0
    outer loop
      vertex 23.4533 22.9946 5.72205e-07
      vertex 23.4778 22.9181 0.6
      vertex 23.4778 22.9181 5.72205e-07
    endloop
  endfacet
  facet normal 0.929586 0.368606 0
    outer loop
      vertex 23.4533 22.9946 0.6
      vertex 23.4259 23.0637 5.72205e-07
      vertex 23.4259 23.0637 0.6
    endloop
  endfacet
  facet normal 0.929586 0.368606 0
    outer loop
      vertex 23.4259 23.0637 5.72205e-07
      vertex 23.4533 22.9946 0.6
      vertex 23.4533 22.9946 5.72205e-07
    endloop
  endfacet
  facet normal 0.896452 0.443141 0
    outer loop
      vertex 23.4259 23.0637 0.6
      vertex 23.3954 23.1254 5.72205e-07
      vertex 23.3954 23.1254 0.6
    endloop
  endfacet
  facet normal 0.896452 0.443141 0
    outer loop
      vertex 23.3954 23.1254 5.72205e-07
      vertex 23.4259 23.0637 0.6
      vertex 23.4259 23.0637 5.72205e-07
    endloop
  endfacet
  facet normal 0.851335 0.524623 0
    outer loop
      vertex 23.3954 23.1254 0.6
      vertex 23.362 23.1796 5.72205e-07
      vertex 23.362 23.1796 0.6
    endloop
  endfacet
  facet normal 0.851335 0.524623 0
    outer loop
      vertex 23.362 23.1796 5.72205e-07
      vertex 23.3954 23.1254 0.6
      vertex 23.3954 23.1254 5.72205e-07
    endloop
  endfacet
  facet normal 0.789171 0.614174 0
    outer loop
      vertex 23.362 23.1796 0.6
      vertex 23.3255 23.2265 5.72205e-07
      vertex 23.3255 23.2265 0.6
    endloop
  endfacet
  facet normal 0.789171 0.614174 0
    outer loop
      vertex 23.3255 23.2265 5.72205e-07
      vertex 23.362 23.1796 0.6
      vertex 23.362 23.1796 5.72205e-07
    endloop
  endfacet
  facet normal 0.706226 0.707987 -0
    outer loop
      vertex 23.3255 23.2265 5.72205e-07
      vertex 23.2853 23.2666 0.6
      vertex 23.3255 23.2265 0.6
    endloop
  endfacet
  facet normal 0.706226 0.707987 0
    outer loop
      vertex 23.2853 23.2666 0.6
      vertex 23.3255 23.2265 5.72205e-07
      vertex 23.2853 23.2666 5.72205e-07
    endloop
  endfacet
  facet normal 0.604269 0.79678 -0
    outer loop
      vertex 23.2853 23.2666 5.72205e-07
      vertex 23.2406 23.3005 0.6
      vertex 23.2853 23.2666 0.6
    endloop
  endfacet
  facet normal 0.604269 0.79678 0
    outer loop
      vertex 23.2406 23.3005 0.6
      vertex 23.2853 23.2666 5.72205e-07
      vertex 23.2406 23.3005 5.72205e-07
    endloop
  endfacet
  facet normal 0.489841 0.871812 -0
    outer loop
      vertex 23.2406 23.3005 5.72205e-07
      vertex 23.1913 23.3282 0.6
      vertex 23.2406 23.3005 0.6
    endloop
  endfacet
  facet normal 0.489841 0.871812 0
    outer loop
      vertex 23.1913 23.3282 0.6
      vertex 23.2406 23.3005 5.72205e-07
      vertex 23.1913 23.3282 5.72205e-07
    endloop
  endfacet
  facet normal 0.37258 0.928 -0
    outer loop
      vertex 23.1913 23.3282 5.72205e-07
      vertex 23.1375 23.3498 0.6
      vertex 23.1913 23.3282 0.6
    endloop
  endfacet
  facet normal 0.37258 0.928 0
    outer loop
      vertex 23.1375 23.3498 0.6
      vertex 23.1913 23.3282 5.72205e-07
      vertex 23.1375 23.3498 5.72205e-07
    endloop
  endfacet
  facet normal 0.256529 0.966536 -0
    outer loop
      vertex 23.1375 23.3498 5.72205e-07
      vertex 23.0791 23.3653 0.6
      vertex 23.1375 23.3498 0.6
    endloop
  endfacet
  facet normal 0.256529 0.966536 0
    outer loop
      vertex 23.0791 23.3653 0.6
      vertex 23.1375 23.3498 5.72205e-07
      vertex 23.0791 23.3653 5.72205e-07
    endloop
  endfacet
  facet normal 0.144724 0.989472 -0
    outer loop
      vertex 23.0791 23.3653 5.72205e-07
      vertex 23.0162 23.3745 0.6
      vertex 23.0791 23.3653 0.6
    endloop
  endfacet
  facet normal 0.144724 0.989472 0
    outer loop
      vertex 23.0162 23.3745 0.6
      vertex 23.0791 23.3653 5.72205e-07
      vertex 23.0162 23.3745 5.72205e-07
    endloop
  endfacet
  facet normal 0.0458776 0.998947 -0
    outer loop
      vertex 23.0162 23.3745 5.72205e-07
      vertex 22.9487 23.3776 0.6
      vertex 23.0162 23.3745 0.6
    endloop
  endfacet
  facet normal 0.0458776 0.998947 0
    outer loop
      vertex 22.9487 23.3776 0.6
      vertex 23.0162 23.3745 5.72205e-07
      vertex 22.9487 23.3776 5.72205e-07
    endloop
  endfacet
  facet normal -0.0424836 0.999097 0
    outer loop
      vertex 22.9487 23.3776 5.72205e-07
      vertex 22.8805 23.3747 0.6
      vertex 22.9487 23.3776 0.6
    endloop
  endfacet
  facet normal -0.0424836 0.999097 0
    outer loop
      vertex 22.8805 23.3747 0.6
      vertex 22.9487 23.3776 5.72205e-07
      vertex 22.8805 23.3747 5.72205e-07
    endloop
  endfacet
  facet normal -0.100347 -0.994953 0
    outer loop
      vertex 8.91678 24.0457 5.72205e-07
      vertex 9.10021 24.0272 0.6
      vertex 8.91678 24.0457 0.6
    endloop
  endfacet
  facet normal -0.100347 -0.994953 -0
    outer loop
      vertex 9.10021 24.0272 0.6
      vertex 8.91678 24.0457 5.72205e-07
      vertex 9.10021 24.0272 5.72205e-07
    endloop
  endfacet
  facet normal -0.173917 -0.98476 0
    outer loop
      vertex 9.10021 24.0272 5.72205e-07
      vertex 9.27574 23.9962 0.6
      vertex 9.10021 24.0272 0.6
    endloop
  endfacet
  facet normal -0.173917 -0.98476 -0
    outer loop
      vertex 9.27574 23.9962 0.6
      vertex 9.10021 24.0272 5.72205e-07
      vertex 9.27574 23.9962 5.72205e-07
    endloop
  endfacet
  facet normal -0.250653 -0.968077 0
    outer loop
      vertex 9.27574 23.9962 5.72205e-07
      vertex 9.44336 23.9528 0.6
      vertex 9.27574 23.9962 0.6
    endloop
  endfacet
  facet normal -0.250653 -0.968077 -0
    outer loop
      vertex 9.44336 23.9528 0.6
      vertex 9.27574 23.9962 5.72205e-07
      vertex 9.44336 23.9528 5.72205e-07
    endloop
  endfacet
  facet normal -0.329323 -0.944217 0
    outer loop
      vertex 9.44336 23.9528 5.72205e-07
      vertex 9.60306 23.8971 0.6
      vertex 9.44336 23.9528 0.6
    endloop
  endfacet
  facet normal -0.329323 -0.944217 -0
    outer loop
      vertex 9.60306 23.8971 0.6
      vertex 9.44336 23.9528 5.72205e-07
      vertex 9.60306 23.8971 5.72205e-07
    endloop
  endfacet
  facet normal -0.409792 -0.912179 0
    outer loop
      vertex 9.60306 23.8971 5.72205e-07
      vertex 9.75487 23.8289 0.6
      vertex 9.60306 23.8971 0.6
    endloop
  endfacet
  facet normal -0.409792 -0.912179 -0
    outer loop
      vertex 9.75487 23.8289 0.6
      vertex 9.60306 23.8971 5.72205e-07
      vertex 9.75487 23.8289 5.72205e-07
    endloop
  endfacet
  facet normal -0.488703 -0.87245 0
    outer loop
      vertex 9.75487 23.8289 5.72205e-07
      vertex 9.89876 23.7483 0.6
      vertex 9.75487 23.8289 0.6
    endloop
  endfacet
  facet normal -0.488703 -0.87245 -0
    outer loop
      vertex 9.89876 23.7483 0.6
      vertex 9.75487 23.8289 5.72205e-07
      vertex 9.89876 23.7483 5.72205e-07
    endloop
  endfacet
  facet normal -0.567733 -0.823213 0
    outer loop
      vertex 9.89876 23.7483 5.72205e-07
      vertex 10.0339 23.6551 0.6
      vertex 9.89876 23.7483 0.6
    endloop
  endfacet
  facet normal -0.567733 -0.823213 -0
    outer loop
      vertex 10.0339 23.6551 0.6
      vertex 9.89876 23.7483 5.72205e-07
      vertex 10.0339 23.6551 5.72205e-07
    endloop
  endfacet
  facet normal -0.646624 -0.762809 0
    outer loop
      vertex 10.0339 23.6551 5.72205e-07
      vertex 10.1593 23.5488 0.6
      vertex 10.0339 23.6551 0.6
    endloop
  endfacet
  facet normal -0.646624 -0.762809 -0
    outer loop
      vertex 10.1593 23.5488 0.6
      vertex 10.0339 23.6551 5.72205e-07
      vertex 10.1593 23.5488 5.72205e-07
    endloop
  endfacet
  facet normal -0.717554 -0.696503 0
    outer loop
      vertex 10.2751 23.4295 5.72205e-07
      vertex 10.1593 23.5488 0.6
      vertex 10.1593 23.5488 5.72205e-07
    endloop
  endfacet
  facet normal -0.717554 -0.696503 0
    outer loop
      vertex 10.1593 23.5488 0.6
      vertex 10.2751 23.4295 5.72205e-07
      vertex 10.2751 23.4295 0.6
    endloop
  endfacet
  facet normal -0.779833 -0.625988 0
    outer loop
      vertex 10.3813 23.2972 5.72205e-07
      vertex 10.2751 23.4295 0.6
      vertex 10.2751 23.4295 5.72205e-07
    endloop
  endfacet
  facet normal -0.779833 -0.625988 0
    outer loop
      vertex 10.2751 23.4295 0.6
      vertex 10.3813 23.2972 5.72205e-07
      vertex 10.3813 23.2972 0.6
    endloop
  endfacet
  facet normal -0.833019 -0.553244 0
    outer loop
      vertex 10.4778 23.1519 5.72205e-07
      vertex 10.3813 23.2972 0.6
      vertex 10.3813 23.2972 5.72205e-07
    endloop
  endfacet
  facet normal -0.833019 -0.553244 0
    outer loop
      vertex 10.3813 23.2972 0.6
      vertex 10.4778 23.1519 5.72205e-07
      vertex 10.4778 23.1519 0.6
    endloop
  endfacet
  facet normal -0.876963 -0.480558 0
    outer loop
      vertex 10.5646 22.9935 5.72205e-07
      vertex 10.4778 23.1519 0.6
      vertex 10.4778 23.1519 5.72205e-07
    endloop
  endfacet
  facet normal -0.876963 -0.480558 0
    outer loop
      vertex 10.4778 23.1519 0.6
      vertex 10.5646 22.9935 5.72205e-07
      vertex 10.5646 22.9935 0.6
    endloop
  endfacet
  facet normal -0.911692 -0.410874 0
    outer loop
      vertex 10.6418 22.8222 5.72205e-07
      vertex 10.5646 22.9935 0.6
      vertex 10.5646 22.9935 5.72205e-07
    endloop
  endfacet
  facet normal -0.911692 -0.410874 0
    outer loop
      vertex 10.5646 22.9935 0.6
      vertex 10.6418 22.8222 5.72205e-07
      vertex 10.6418 22.8222 0.6
    endloop
  endfacet
  facet normal -0.353108 0.935582 0
    outer loop
      vertex 10.6418 22.8222 5.72205e-07
      vertex 9.85753 22.5262 0.6
      vertex 10.6418 22.8222 0.6
    endloop
  endfacet
  facet normal -0.353108 0.935582 0
    outer loop
      vertex 9.85753 22.5262 0.6
      vertex 10.6418 22.8222 5.72205e-07
      vertex 9.85753 22.5262 5.72205e-07
    endloop
  endfacet
  facet normal 0.906913 0.421318 0
    outer loop
      vertex 9.85753 22.5262 0.6
      vertex 9.75672 22.7432 5.72205e-07
      vertex 9.75672 22.7432 0.6
    endloop
  endfacet
  facet normal 0.906913 0.421318 0
    outer loop
      vertex 9.75672 22.7432 5.72205e-07
      vertex 9.85753 22.5262 0.6
      vertex 9.85753 22.5262 5.72205e-07
    endloop
  endfacet
  facet normal 0.834568 0.550906 0
    outer loop
      vertex 9.75672 22.7432 0.6
      vertex 9.63559 22.9267 5.72205e-07
      vertex 9.63559 22.9267 0.6
    endloop
  endfacet
  facet normal 0.834568 0.550906 0
    outer loop
      vertex 9.63559 22.9267 5.72205e-07
      vertex 9.75672 22.7432 0.6
      vertex 9.75672 22.7432 5.72205e-07
    endloop
  endfacet
  facet normal 0.728294 0.685265 0
    outer loop
      vertex 9.63559 22.9267 0.6
      vertex 9.49417 23.077 5.72205e-07
      vertex 9.49417 23.077 0.6
    endloop
  endfacet
  facet normal 0.728294 0.685265 0
    outer loop
      vertex 9.49417 23.077 5.72205e-07
      vertex 9.63559 22.9267 0.6
      vertex 9.63559 22.9267 5.72205e-07
    endloop
  endfacet
  facet normal 0.58545 0.810708 -0
    outer loop
      vertex 9.49417 23.077 5.72205e-07
      vertex 9.33243 23.1938 0.6
      vertex 9.49417 23.077 0.6
    endloop
  endfacet
  facet normal 0.58545 0.810708 0
    outer loop
      vertex 9.33243 23.1938 0.6
      vertex 9.49417 23.077 5.72205e-07
      vertex 9.33243 23.1938 5.72205e-07
    endloop
  endfacet
  facet normal 0.416961 0.908924 -0
    outer loop
      vertex 9.33243 23.1938 5.72205e-07
      vertex 9.15041 23.2773 0.6
      vertex 9.33243 23.1938 0.6
    endloop
  endfacet
  facet normal 0.416961 0.908924 0
    outer loop
      vertex 9.15041 23.2773 0.6
      vertex 9.33243 23.1938 5.72205e-07
      vertex 9.15041 23.2773 5.72205e-07
    endloop
  endfacet
  facet normal 0.239882 0.970802 -0
    outer loop
      vertex 9.15041 23.2773 5.72205e-07
      vertex 8.94806 23.3273 0.6
      vertex 9.15041 23.2773 0.6
    endloop
  endfacet
  facet normal 0.239882 0.970802 0
    outer loop
      vertex 8.94806 23.3273 0.6
      vertex 9.15041 23.2773 5.72205e-07
      vertex 8.94806 23.3273 5.72205e-07
    endloop
  endfacet
  facet normal 0.0748055 0.997198 -0
    outer loop
      vertex 8.94806 23.3273 5.72205e-07
      vertex 8.72544 23.344 0.6
      vertex 8.94806 23.3273 0.6
    endloop
  endfacet
  facet normal 0.0748055 0.997198 0
    outer loop
      vertex 8.72544 23.344 0.6
      vertex 8.94806 23.3273 5.72205e-07
      vertex 8.72544 23.344 5.72205e-07
    endloop
  endfacet
  facet normal -0.0471785 0.998886 0
    outer loop
      vertex 8.72544 23.344 5.72205e-07
      vertex 8.55606 23.336 0.6
      vertex 8.72544 23.344 0.6
    endloop
  endfacet
  facet normal -0.0471785 0.998886 0
    outer loop
      vertex 8.55606 23.336 0.6
      vertex 8.72544 23.344 5.72205e-07
      vertex 8.55606 23.336 5.72205e-07
    endloop
  endfacet
  facet normal -0.149963 0.988692 0
    outer loop
      vertex 8.55606 23.336 5.72205e-07
      vertex 8.39849 23.3121 0.6
      vertex 8.55606 23.336 0.6
    endloop
  endfacet
  facet normal -0.149963 0.988692 0
    outer loop
      vertex 8.39849 23.3121 0.6
      vertex 8.55606 23.336 5.72205e-07
      vertex 8.39849 23.3121 5.72205e-07
    endloop
  endfacet
  facet normal -0.263291 0.964716 0
    outer loop
      vertex 8.39849 23.3121 5.72205e-07
      vertex 8.25266 23.2723 0.6
      vertex 8.39849 23.3121 0.6
    endloop
  endfacet
  facet normal -0.263291 0.964716 0
    outer loop
      vertex 8.25266 23.2723 0.6
      vertex 8.39849 23.3121 5.72205e-07
      vertex 8.25266 23.2723 5.72205e-07
    endloop
  endfacet
  facet normal -0.384297 0.923209 0
    outer loop
      vertex 8.25266 23.2723 5.72205e-07
      vertex 8.11861 23.2165 0.6
      vertex 8.25266 23.2723 0.6
    endloop
  endfacet
  facet normal -0.384297 0.923209 0
    outer loop
      vertex 8.11861 23.2165 0.6
      vertex 8.25266 23.2723 5.72205e-07
      vertex 8.11861 23.2165 5.72205e-07
    endloop
  endfacet
  facet normal -0.506373 0.862315 0
    outer loop
      vertex 8.11861 23.2165 5.72205e-07
      vertex 7.99634 23.1447 0.6
      vertex 8.11861 23.2165 0.6
    endloop
  endfacet
  facet normal -0.506373 0.862315 0
    outer loop
      vertex 7.99634 23.1447 0.6
      vertex 8.11861 23.2165 5.72205e-07
      vertex 7.99634 23.1447 5.72205e-07
    endloop
  endfacet
  facet normal -0.621596 0.783338 0
    outer loop
      vertex 7.99634 23.1447 5.72205e-07
      vertex 7.88582 23.057 0.6
      vertex 7.99634 23.1447 0.6
    endloop
  endfacet
  facet normal -0.621596 0.783338 0
    outer loop
      vertex 7.88582 23.057 0.6
      vertex 7.99634 23.1447 5.72205e-07
      vertex 7.88582 23.057 5.72205e-07
    endloop
  endfacet
  facet normal -0.723882 0.689924 0
    outer loop
      vertex 7.78708 22.9534 5.72205e-07
      vertex 7.88582 23.057 0.6
      vertex 7.88582 23.057 5.72205e-07
    endloop
  endfacet
  facet normal -0.723882 0.689924 0
    outer loop
      vertex 7.88582 23.057 0.6
      vertex 7.78708 22.9534 5.72205e-07
      vertex 7.78708 22.9534 0.6
    endloop
  endfacet
  facet normal -0.809351 0.587325 0
    outer loop
      vertex 7.70087 22.8346 5.72205e-07
      vertex 7.78708 22.9534 0.6
      vertex 7.78708 22.9534 5.72205e-07
    endloop
  endfacet
  facet normal -0.809351 0.587325 0
    outer loop
      vertex 7.78708 22.9534 0.6
      vertex 7.70087 22.8346 5.72205e-07
      vertex 7.70087 22.8346 0.6
    endloop
  endfacet
  facet normal -0.876772 0.480906 0
    outer loop
      vertex 7.62792 22.7016 5.72205e-07
      vertex 7.70087 22.8346 0.6
      vertex 7.70087 22.8346 5.72205e-07
    endloop
  endfacet
  facet normal -0.876772 0.480906 0
    outer loop
      vertex 7.70087 22.8346 0.6
      vertex 7.62792 22.7016 5.72205e-07
      vertex 7.62792 22.7016 0.6
    endloop
  endfacet
  facet normal -0.926863 0.375399 0
    outer loop
      vertex 7.56822 22.5542 5.72205e-07
      vertex 7.62792 22.7016 0.6
      vertex 7.62792 22.7016 5.72205e-07
    endloop
  endfacet
  facet normal -0.926863 0.375399 0
    outer loop
      vertex 7.62792 22.7016 0.6
      vertex 7.56822 22.5542 5.72205e-07
      vertex 7.56822 22.5542 0.6
    endloop
  endfacet
  facet normal -0.961207 0.275827 0
    outer loop
      vertex 7.52179 22.3924 5.72205e-07
      vertex 7.56822 22.5542 0.6
      vertex 7.56822 22.5542 5.72205e-07
    endloop
  endfacet
  facet normal -0.961207 0.275827 0
    outer loop
      vertex 7.56822 22.5542 0.6
      vertex 7.52179 22.3924 5.72205e-07
      vertex 7.52179 22.3924 0.6
    endloop
  endfacet
  facet normal -0.98272 0.185098 0
    outer loop
      vertex 7.48864 22.2164 5.72205e-07
      vertex 7.52179 22.3924 0.6
      vertex 7.52179 22.3924 5.72205e-07
    endloop
  endfacet
  facet normal -0.98272 0.185098 0
    outer loop
      vertex 7.52179 22.3924 0.6
      vertex 7.48864 22.2164 5.72205e-07
      vertex 7.48864 22.2164 0.6
    endloop
  endfacet
  facet normal -0.994582 0.103951 0
    outer loop
      vertex 7.46874 22.026 5.72205e-07
      vertex 7.48864 22.2164 0.6
      vertex 7.48864 22.2164 5.72205e-07
    endloop
  endfacet
  facet normal -0.994582 0.103951 0
    outer loop
      vertex 7.48864 22.2164 0.6
      vertex 7.46874 22.026 5.72205e-07
      vertex 7.46874 22.026 0.6
    endloop
  endfacet
  facet normal -0.999474 0.0324207 0
    outer loop
      vertex 7.4621 21.8213 5.72205e-07
      vertex 7.46874 22.026 0.6
      vertex 7.46874 22.026 5.72205e-07
    endloop
  endfacet
  facet normal -0.999474 0.0324207 0
    outer loop
      vertex 7.46874 22.026 0.6
      vertex 7.4621 21.8213 5.72205e-07
      vertex 7.4621 21.8213 0.6
    endloop
  endfacet
  facet normal -0.999488 -0.0319916 0
    outer loop
      vertex 7.46854 21.6201 5.72205e-07
      vertex 7.4621 21.8213 0.6
      vertex 7.4621 21.8213 5.72205e-07
    endloop
  endfacet
  facet normal -0.999488 -0.0319916 0
    outer loop
      vertex 7.4621 21.8213 0.6
      vertex 7.46854 21.6201 5.72205e-07
      vertex 7.46854 21.6201 0.6
    endloop
  endfacet
  facet normal -0.994694 -0.102876 0
    outer loop
      vertex 7.48787 21.4332 5.72205e-07
      vertex 7.46854 21.6201 0.6
      vertex 7.46854 21.6201 5.72205e-07
    endloop
  endfacet
  facet normal -0.994694 -0.102876 0
    outer loop
      vertex 7.46854 21.6201 0.6
      vertex 7.48787 21.4332 5.72205e-07
      vertex 7.48787 21.4332 0.6
    endloop
  endfacet
  facet normal -0.983009 -0.183559 0
    outer loop
      vertex 7.5201 21.2606 5.72205e-07
      vertex 7.48787 21.4332 0.6
      vertex 7.48787 21.4332 5.72205e-07
    endloop
  endfacet
  facet normal -0.983009 -0.183559 0
    outer loop
      vertex 7.48787 21.4332 0.6
      vertex 7.5201 21.2606 5.72205e-07
      vertex 7.5201 21.2606 0.6
    endloop
  endfacet
  facet normal -0.961652 -0.274272 0
    outer loop
      vertex 7.56522 21.1024 5.72205e-07
      vertex 7.5201 21.2606 0.6
      vertex 7.5201 21.2606 5.72205e-07
    endloop
  endfacet
  facet normal -0.961652 -0.274272 0
    outer loop
      vertex 7.5201 21.2606 0.6
      vertex 7.56522 21.1024 5.72205e-07
      vertex 7.56522 21.1024 0.6
    endloop
  endfacet
  facet normal -0.927473 -0.37389 0
    outer loop
      vertex 7.62323 20.9585 5.72205e-07
      vertex 7.56522 21.1024 0.6
      vertex 7.56522 21.1024 5.72205e-07
    endloop
  endfacet
  facet normal -0.927473 -0.37389 0
    outer loop
      vertex 7.56522 21.1024 0.6
      vertex 7.62323 20.9585 5.72205e-07
      vertex 7.62323 20.9585 0.6
    endloop
  endfacet
  facet normal -0.8773 -0.479943 0
    outer loop
      vertex 7.69413 20.8289 5.72205e-07
      vertex 7.62323 20.9585 0.6
      vertex 7.62323 20.9585 5.72205e-07
    endloop
  endfacet
  facet normal -0.8773 -0.479943 0
    outer loop
      vertex 7.62323 20.9585 0.6
      vertex 7.69413 20.8289 5.72205e-07
      vertex 7.69413 20.8289 0.6
    endloop
  endfacet
  facet normal -0.808985 -0.58783 0
    outer loop
      vertex 7.77791 20.7136 5.72205e-07
      vertex 7.69413 20.8289 0.6
      vertex 7.69413 20.8289 5.72205e-07
    endloop
  endfacet
  facet normal -0.808985 -0.58783 0
    outer loop
      vertex 7.69413 20.8289 0.6
      vertex 7.77791 20.7136 5.72205e-07
      vertex 7.77791 20.7136 0.6
    endloop
  endfacet
  facet normal -0.721868 -0.69203 0
    outer loop
      vertex 7.87416 20.6132 5.72205e-07
      vertex 7.77791 20.7136 0.6
      vertex 7.77791 20.7136 5.72205e-07
    endloop
  endfacet
  facet normal -0.721868 -0.69203 0
    outer loop
      vertex 7.77791 20.7136 0.6
      vertex 7.87416 20.6132 5.72205e-07
      vertex 7.87416 20.6132 0.6
    endloop
  endfacet
  facet normal -0.617025 -0.786943 0
    outer loop
      vertex 7.87416 20.6132 5.72205e-07
      vertex 7.98244 20.5283 0.6
      vertex 7.87416 20.6132 0.6
    endloop
  endfacet
  facet normal -0.617025 -0.786943 -0
    outer loop
      vertex 7.98244 20.5283 0.6
      vertex 7.87416 20.6132 5.72205e-07
      vertex 7.98244 20.5283 5.72205e-07
    endloop
  endfacet
  facet normal -0.500273 -0.865868 0
    outer loop
      vertex 7.98244 20.5283 5.72205e-07
      vertex 8.10273 20.4588 0.6
      vertex 7.98244 20.5283 0.6
    endloop
  endfacet
  facet normal -0.500273 -0.865868 -0
    outer loop
      vertex 8.10273 20.4588 0.6
      vertex 7.98244 20.5283 5.72205e-07
      vertex 8.10273 20.4588 5.72205e-07
    endloop
  endfacet
  facet normal -0.378497 -0.925603 0
    outer loop
      vertex 8.10273 20.4588 5.72205e-07
      vertex 8.23503 20.4047 0.6
      vertex 8.10273 20.4588 0.6
    endloop
  endfacet
  facet normal -0.378497 -0.925603 -0
    outer loop
      vertex 8.23503 20.4047 0.6
      vertex 8.10273 20.4588 5.72205e-07
      vertex 8.23503 20.4047 5.72205e-07
    endloop
  endfacet
  facet normal -0.258379 -0.966044 0
    outer loop
      vertex 8.23503 20.4047 5.72205e-07
      vertex 8.37935 20.3661 0.6
      vertex 8.23503 20.4047 0.6
    endloop
  endfacet
  facet normal -0.258379 -0.966044 -0
    outer loop
      vertex 8.37935 20.3661 0.6
      vertex 8.23503 20.4047 5.72205e-07
      vertex 8.37935 20.3661 5.72205e-07
    endloop
  endfacet
  facet normal -0.146787 -0.989168 0
    outer loop
      vertex 8.37935 20.3661 5.72205e-07
      vertex 8.53569 20.3429 0.6
      vertex 8.37935 20.3661 0.6
    endloop
  endfacet
  facet normal -0.146787 -0.989168 -0
    outer loop
      vertex 8.53569 20.3429 0.6
      vertex 8.37935 20.3661 5.72205e-07
      vertex 8.53569 20.3429 5.72205e-07
    endloop
  endfacet
  facet normal -0.0456849 -0.998956 0
    outer loop
      vertex 8.53569 20.3429 5.72205e-07
      vertex 8.70406 20.3352 0.6
      vertex 8.53569 20.3429 0.6
    endloop
  endfacet
  facet normal -0.0456849 -0.998956 -0
    outer loop
      vertex 8.70406 20.3352 0.6
      vertex 8.53569 20.3429 5.72205e-07
      vertex 8.70406 20.3352 5.72205e-07
    endloop
  endfacet
  facet normal 0.0347786 -0.999395 0
    outer loop
      vertex 8.70406 20.3352 5.72205e-07
      vertex 8.81613 20.3391 0.6
      vertex 8.70406 20.3352 0.6
    endloop
  endfacet
  facet normal 0.0347786 -0.999395 0
    outer loop
      vertex 8.81613 20.3391 0.6
      vertex 8.70406 20.3352 5.72205e-07
      vertex 8.81613 20.3391 5.72205e-07
    endloop
  endfacet
  facet normal 0.10792 -0.99416 0
    outer loop
      vertex 8.81613 20.3391 5.72205e-07
      vertex 8.92391 20.3508 0.6
      vertex 8.81613 20.3391 0.6
    endloop
  endfacet
  facet normal 0.10792 -0.99416 0
    outer loop
      vertex 8.92391 20.3508 0.6
      vertex 8.81613 20.3391 5.72205e-07
      vertex 8.92391 20.3508 5.72205e-07
    endloop
  endfacet
  facet normal 0.184283 -0.982873 0
    outer loop
      vertex 8.92391 20.3508 5.72205e-07
      vertex 9.02738 20.3702 0.6
      vertex 8.92391 20.3508 0.6
    endloop
  endfacet
  facet normal 0.184283 -0.982873 0
    outer loop
      vertex 9.02738 20.3702 0.6
      vertex 8.92391 20.3508 5.72205e-07
      vertex 9.02738 20.3702 5.72205e-07
    endloop
  endfacet
  facet normal 0.265387 -0.964142 0
    outer loop
      vertex 9.02738 20.3702 5.72205e-07
      vertex 9.12656 20.3975 0.6
      vertex 9.02738 20.3702 0.6
    endloop
  endfacet
  facet normal 0.265387 -0.964142 0
    outer loop
      vertex 9.12656 20.3975 0.6
      vertex 9.02738 20.3702 5.72205e-07
      vertex 9.12656 20.3975 5.72205e-07
    endloop
  endfacet
  facet normal 0.34609 -0.938201 0
    outer loop
      vertex 9.12656 20.3975 5.72205e-07
      vertex 9.22144 20.4325 0.6
      vertex 9.12656 20.3975 0.6
    endloop
  endfacet
  facet normal 0.34609 -0.938201 0
    outer loop
      vertex 9.22144 20.4325 0.6
      vertex 9.12656 20.3975 5.72205e-07
      vertex 9.22144 20.4325 5.72205e-07
    endloop
  endfacet
  facet normal 0.427181 -0.904166 0
    outer loop
      vertex 9.22144 20.4325 5.72205e-07
      vertex 9.31203 20.4753 0.6
      vertex 9.22144 20.4325 0.6
    endloop
  endfacet
  facet normal 0.427181 -0.904166 0
    outer loop
      vertex 9.31203 20.4753 0.6
      vertex 9.22144 20.4325 5.72205e-07
      vertex 9.31203 20.4753 5.72205e-07
    endloop
  endfacet
  facet normal 0.50584 -0.862627 0
    outer loop
      vertex 9.31203 20.4753 5.72205e-07
      vertex 9.39832 20.5259 0.6
      vertex 9.31203 20.4753 0.6
    endloop
  endfacet
  facet normal 0.50584 -0.862627 0
    outer loop
      vertex 9.39832 20.5259 0.6
      vertex 9.31203 20.4753 5.72205e-07
      vertex 9.39832 20.5259 5.72205e-07
    endloop
  endfacet
  facet normal 0.580806 -0.814042 0
    outer loop
      vertex 9.39832 20.5259 5.72205e-07
      vertex 9.47849 20.5831 0.6
      vertex 9.39832 20.5259 0.6
    endloop
  endfacet
  facet normal 0.580806 -0.814042 0
    outer loop
      vertex 9.47849 20.5831 0.6
      vertex 9.39832 20.5259 5.72205e-07
      vertex 9.47849 20.5831 5.72205e-07
    endloop
  endfacet
  facet normal 0.654676 -0.75591 0
    outer loop
      vertex 9.47849 20.5831 5.72205e-07
      vertex 9.55077 20.6457 0.6
      vertex 9.47849 20.5831 0.6
    endloop
  endfacet
  facet normal 0.654676 -0.75591 0
    outer loop
      vertex 9.55077 20.6457 0.6
      vertex 9.47849 20.5831 5.72205e-07
      vertex 9.55077 20.6457 5.72205e-07
    endloop
  endfacet
  facet normal 0.726278 -0.687401 0
    outer loop
      vertex 9.55077 20.6457 0.6
      vertex 9.61513 20.7137 5.72205e-07
      vertex 9.61513 20.7137 0.6
    endloop
  endfacet
  facet normal 0.726278 -0.687401 0
    outer loop
      vertex 9.61513 20.7137 5.72205e-07
      vertex 9.55077 20.6457 0.6
      vertex 9.55077 20.6457 5.72205e-07
    endloop
  endfacet
  facet normal 0.793137 -0.609043 0
    outer loop
      vertex 9.61513 20.7137 0.6
      vertex 9.67157 20.7872 5.72205e-07
      vertex 9.67157 20.7872 0.6
    endloop
  endfacet
  facet normal 0.793137 -0.609043 0
    outer loop
      vertex 9.67157 20.7872 5.72205e-07
      vertex 9.61513 20.7137 0.6
      vertex 9.61513 20.7137 5.72205e-07
    endloop
  endfacet
  facet normal 0.851725 -0.523989 0
    outer loop
      vertex 9.67157 20.7872 0.6
      vertex 9.72011 20.8661 5.72205e-07
      vertex 9.72011 20.8661 0.6
    endloop
  endfacet
  facet normal 0.851725 -0.523989 0
    outer loop
      vertex 9.72011 20.8661 5.72205e-07
      vertex 9.67157 20.7872 0.6
      vertex 9.67157 20.7872 5.72205e-07
    endloop
  endfacet
  facet normal 0.900788 -0.434259 0
    outer loop
      vertex 9.72011 20.8661 0.6
      vertex 9.76075 20.9504 5.72205e-07
      vertex 9.76075 20.9504 0.6
    endloop
  endfacet
  facet normal 0.900788 -0.434259 0
    outer loop
      vertex 9.76075 20.9504 5.72205e-07
      vertex 9.72011 20.8661 0.6
      vertex 9.72011 20.8661 5.72205e-07
    endloop
  endfacet
  facet normal 0.939484 -0.342592 0
    outer loop
      vertex 9.76075 20.9504 0.6
      vertex 9.79346 21.0401 5.72205e-07
      vertex 9.79346 21.0401 0.6
    endloop
  endfacet
  facet normal 0.939484 -0.342592 0
    outer loop
      vertex 9.79346 21.0401 5.72205e-07
      vertex 9.76075 20.9504 0.6
      vertex 9.76075 20.9504 5.72205e-07
    endloop
  endfacet
  facet normal -0.263465 -0.964669 0
    outer loop
      vertex 9.79346 21.0401 5.72205e-07
      vertex 10.5869 20.8234 0.6
      vertex 9.79346 21.0401 0.6
    endloop
  endfacet
  facet normal -0.263465 -0.964669 -0
    outer loop
      vertex 10.5869 20.8234 0.6
      vertex 9.79346 21.0401 5.72205e-07
      vertex 10.5869 20.8234 5.72205e-07
    endloop
  endfacet
  facet normal -0.936708 0.350112 0
    outer loop
      vertex 10.5262 20.661 5.72205e-07
      vertex 10.5869 20.8234 0.6
      vertex 10.5869 20.8234 5.72205e-07
    endloop
  endfacet
  facet normal -0.936708 0.350112 0
    outer loop
      vertex 10.5869 20.8234 0.6
      vertex 10.5262 20.661 5.72205e-07
      vertex 10.5262 20.661 0.6
    endloop
  endfacet
  facet normal -0.901719 0.432323 0
    outer loop
      vertex 10.4539 20.5102 5.72205e-07
      vertex 10.5262 20.661 0.6
      vertex 10.5262 20.661 5.72205e-07
    endloop
  endfacet
  facet normal -0.901719 0.432323 0
    outer loop
      vertex 10.5262 20.661 0.6
      vertex 10.4539 20.5102 5.72205e-07
      vertex 10.4539 20.5102 0.6
    endloop
  endfacet
  facet normal -0.85646 0.516214 0
    outer loop
      vertex 10.37 20.371 5.72205e-07
      vertex 10.4539 20.5102 0.6
      vertex 10.4539 20.5102 5.72205e-07
    endloop
  endfacet
  facet normal -0.85646 0.516214 0
    outer loop
      vertex 10.4539 20.5102 0.6
      vertex 10.37 20.371 5.72205e-07
      vertex 10.37 20.371 0.6
    endloop
  endfacet
  facet normal -0.800376 0.599498 0
    outer loop
      vertex 10.2745 20.2435 5.72205e-07
      vertex 10.37 20.371 0.6
      vertex 10.37 20.371 5.72205e-07
    endloop
  endfacet
  facet normal -0.800376 0.599498 0
    outer loop
      vertex 10.37 20.371 0.6
      vertex 10.2745 20.2435 5.72205e-07
      vertex 10.2745 20.2435 0.6
    endloop
  endfacet
  facet normal -0.734147 0.678991 0
    outer loop
      vertex 10.1674 20.1277 5.72205e-07
      vertex 10.2745 20.2435 0.6
      vertex 10.2745 20.2435 5.72205e-07
    endloop
  endfacet
  facet normal -0.734147 0.678991 0
    outer loop
      vertex 10.2745 20.2435 0.6
      vertex 10.1674 20.1277 5.72205e-07
      vertex 10.1674 20.1277 0.6
    endloop
  endfacet
  facet normal -0.660385 0.750927 0
    outer loop
      vertex 10.1674 20.1277 5.72205e-07
      vertex 10.0488 20.0234 0.6
      vertex 10.1674 20.1277 0.6
    endloop
  endfacet
  facet normal -0.660385 0.750927 0
    outer loop
      vertex 10.0488 20.0234 0.6
      vertex 10.1674 20.1277 5.72205e-07
      vertex 10.0488 20.0234 5.72205e-07
    endloop
  endfacet
  facet normal -0.579016 0.815316 0
    outer loop
      vertex 10.0488 20.0234 5.72205e-07
      vertex 9.91855 19.9309 0.6
      vertex 10.0488 20.0234 0.6
    endloop
  endfacet
  facet normal -0.579016 0.815316 0
    outer loop
      vertex 9.91855 19.9309 0.6
      vertex 10.0488 20.0234 5.72205e-07
      vertex 9.91855 19.9309 5.72205e-07
    endloop
  endfacet
  facet normal -0.494368 0.869253 0
    outer loop
      vertex 9.91855 19.9309 5.72205e-07
      vertex 9.77683 19.8503 0.6
      vertex 9.91855 19.9309 0.6
    endloop
  endfacet
  facet normal -0.494368 0.869253 0
    outer loop
      vertex 9.77683 19.8503 0.6
      vertex 9.91855 19.9309 5.72205e-07
      vertex 9.77683 19.8503 5.72205e-07
    endloop
  endfacet
  facet normal -0.406692 0.913565 0
    outer loop
      vertex 9.77683 19.8503 5.72205e-07
      vertex 9.62363 19.7821 0.6
      vertex 9.77683 19.8503 0.6
    endloop
  endfacet
  facet normal -0.406692 0.913565 0
    outer loop
      vertex 9.62363 19.7821 0.6
      vertex 9.77683 19.8503 5.72205e-07
      vertex 9.62363 19.7821 5.72205e-07
    endloop
  endfacet
  facet normal -0.320436 0.94727 0
    outer loop
      vertex 9.62363 19.7821 5.72205e-07
      vertex 9.45897 19.7264 0.6
      vertex 9.62363 19.7821 0.6
    endloop
  endfacet
  facet normal -0.320436 0.94727 0
    outer loop
      vertex 9.45897 19.7264 0.6
      vertex 9.62363 19.7821 5.72205e-07
      vertex 9.45897 19.7264 5.72205e-07
    endloop
  endfacet
  facet normal -0.239278 0.970951 0
    outer loop
      vertex 9.45897 19.7264 5.72205e-07
      vertex 9.28286 19.683 0.6
      vertex 9.45897 19.7264 0.6
    endloop
  endfacet
  facet normal -0.239278 0.970951 0
    outer loop
      vertex 9.28286 19.683 0.6
      vertex 9.45897 19.7264 5.72205e-07
      vertex 9.28286 19.683 5.72205e-07
    endloop
  endfacet
  facet normal -0.163051 0.986618 0
    outer loop
      vertex 9.28286 19.683 5.72205e-07
      vertex 9.09528 19.652 0.6
      vertex 9.28286 19.683 0.6
    endloop
  endfacet
  facet normal -0.163051 0.986618 0
    outer loop
      vertex 9.09528 19.652 0.6
      vertex 9.28286 19.683 5.72205e-07
      vertex 9.09528 19.652 5.72205e-07
    endloop
  endfacet
  facet normal -0.0930432 0.995662 0
    outer loop
      vertex 9.09528 19.652 5.72205e-07
      vertex 8.89624 19.6334 0.6
      vertex 9.09528 19.652 0.6
    endloop
  endfacet
  facet normal -0.0930432 0.995662 0
    outer loop
      vertex 8.89624 19.6334 0.6
      vertex 9.09528 19.652 5.72205e-07
      vertex 8.89624 19.6334 5.72205e-07
    endloop
  endfacet
  facet normal -0.0294395 0.999567 0
    outer loop
      vertex 8.89624 19.6334 5.72205e-07
      vertex 8.68573 19.6272 0.6
      vertex 8.89624 19.6334 0.6
    endloop
  endfacet
  facet normal -0.0294395 0.999567 0
    outer loop
      vertex 8.68573 19.6272 0.6
      vertex 8.89624 19.6334 5.72205e-07
      vertex 8.68573 19.6272 5.72205e-07
    endloop
  endfacet
  facet normal 0.0404696 0.999181 -0
    outer loop
      vertex 8.68573 19.6272 5.72205e-07
      vertex 8.39933 19.6388 0.6
      vertex 8.68573 19.6272 0.6
    endloop
  endfacet
  facet normal 0.0404696 0.999181 0
    outer loop
      vertex 8.39933 19.6388 0.6
      vertex 8.68573 19.6272 5.72205e-07
      vertex 8.39933 19.6388 5.72205e-07
    endloop
  endfacet
  facet normal 0.129183 0.991621 -0
    outer loop
      vertex 8.39933 19.6388 5.72205e-07
      vertex 8.13297 19.6735 0.6
      vertex 8.39933 19.6388 0.6
    endloop
  endfacet
  facet normal 0.129183 0.991621 0
    outer loop
      vertex 8.13297 19.6735 0.6
      vertex 8.39933 19.6388 5.72205e-07
      vertex 8.13297 19.6735 5.72205e-07
    endloop
  endfacet
  facet normal 0.229207 0.973378 -0
    outer loop
      vertex 8.13297 19.6735 5.72205e-07
      vertex 7.88666 19.7315 0.6
      vertex 8.13297 19.6735 0.6
    endloop
  endfacet
  facet normal 0.229207 0.973378 0
    outer loop
      vertex 7.88666 19.7315 0.6
      vertex 8.13297 19.6735 5.72205e-07
      vertex 7.88666 19.7315 5.72205e-07
    endloop
  endfacet
  facet normal 0.337074 0.941478 -0
    outer loop
      vertex 7.88666 19.7315 5.72205e-07
      vertex 7.66042 19.8125 0.6
      vertex 7.88666 19.7315 0.6
    endloop
  endfacet
  facet normal 0.337074 0.941478 0
    outer loop
      vertex 7.66042 19.8125 0.6
      vertex 7.88666 19.7315 5.72205e-07
      vertex 7.66042 19.8125 5.72205e-07
    endloop
  endfacet
  facet normal 0.451346 0.892349 -0
    outer loop
      vertex 7.66042 19.8125 5.72205e-07
      vertex 7.45421 19.9168 0.6
      vertex 7.66042 19.8125 0.6
    endloop
  endfacet
  facet normal 0.451346 0.892349 0
    outer loop
      vertex 7.45421 19.9168 0.6
      vertex 7.66042 19.8125 5.72205e-07
      vertex 7.45421 19.9168 5.72205e-07
    endloop
  endfacet
  facet normal 0.564808 0.825222 -0
    outer loop
      vertex 7.45421 19.9168 5.72205e-07
      vertex 7.26807 20.0442 0.6
      vertex 7.45421 19.9168 0.6
    endloop
  endfacet
  facet normal 0.564808 0.825222 0
    outer loop
      vertex 7.26807 20.0442 0.6
      vertex 7.45421 19.9168 5.72205e-07
      vertex 7.26807 20.0442 5.72205e-07
    endloop
  endfacet
  facet normal 0.671673 0.740848 -0
    outer loop
      vertex 7.26807 20.0442 5.72205e-07
      vertex 7.10196 20.1948 0.6
      vertex 7.26807 20.0442 0.6
    endloop
  endfacet
  facet normal 0.671673 0.740848 0
    outer loop
      vertex 7.10196 20.1948 0.6
      vertex 7.26807 20.0442 5.72205e-07
      vertex 7.10196 20.1948 5.72205e-07
    endloop
  endfacet
  facet normal 0.765131 0.643874 0
    outer loop
      vertex 7.10196 20.1948 0.6
      vertex 6.95705 20.367 5.72205e-07
      vertex 6.95705 20.367 0.6
    endloop
  endfacet
  facet normal 0.765131 0.643874 0
    outer loop
      vertex 6.95705 20.367 5.72205e-07
      vertex 7.10196 20.1948 0.6
      vertex 7.10196 20.1948 5.72205e-07
    endloop
  endfacet
  facet normal 0.843043 0.537846 0
    outer loop
      vertex 6.95705 20.367 0.6
      vertex 6.83443 20.5592 5.72205e-07
      vertex 6.83443 20.5592 0.6
    endloop
  endfacet
  facet normal 0.843043 0.537846 0
    outer loop
      vertex 6.83443 20.5592 5.72205e-07
      vertex 6.95705 20.367 0.6
      vertex 6.95705 20.367 5.72205e-07
    endloop
  endfacet
  facet normal 0.904122 0.427275 0
    outer loop
      vertex 6.83443 20.5592 0.6
      vertex 6.7341 20.7715 5.72205e-07
      vertex 6.7341 20.7715 0.6
    endloop
  endfacet
  facet normal 0.904122 0.427275 0
    outer loop
      vertex 6.7341 20.7715 5.72205e-07
      vertex 6.83443 20.5592 0.6
      vertex 6.83443 20.5592 5.72205e-07
    endloop
  endfacet
  facet normal 0.948016 0.318222 0
    outer loop
      vertex 6.7341 20.7715 0.6
      vertex 6.65609 21.0039 5.72205e-07
      vertex 6.65609 21.0039 0.6
    endloop
  endfacet
  facet normal 0.948016 0.318222 0
    outer loop
      vertex 6.65609 21.0039 5.72205e-07
      vertex 6.7341 20.7715 0.6
      vertex 6.7341 20.7715 5.72205e-07
    endloop
  endfacet
  facet normal 0.976464 0.215681 0
    outer loop
      vertex 6.65609 21.0039 0.6
      vertex 6.60034 21.2563 5.72205e-07
      vertex 6.60034 21.2563 0.6
    endloop
  endfacet
  facet normal 0.976464 0.215681 0
    outer loop
      vertex 6.60034 21.2563 5.72205e-07
      vertex 6.65609 21.0039 0.6
      vertex 6.65609 21.0039 5.72205e-07
    endloop
  endfacet
  facet normal 0.992549 0.121846 0
    outer loop
      vertex 6.60034 21.2563 0.6
      vertex 6.5669 21.5287 5.72205e-07
      vertex 6.5669 21.5287 0.6
    endloop
  endfacet
  facet normal 0.992549 0.121846 0
    outer loop
      vertex 6.5669 21.5287 5.72205e-07
      vertex 6.60034 21.2563 0.6
      vertex 6.60034 21.2563 5.72205e-07
    endloop
  endfacet
  facet normal 0.999276 0.0380449 0
    outer loop
      vertex 6.5669 21.5287 0.6
      vertex 6.55576 21.8213 5.72205e-07
      vertex 6.55576 21.8213 0.6
    endloop
  endfacet
  facet normal 0.999276 0.0380449 0
    outer loop
      vertex 6.55576 21.8213 5.72205e-07
      vertex 6.5669 21.5287 0.6
      vertex 6.5669 21.5287 5.72205e-07
    endloop
  endfacet
  facet normal 0.999219 -0.0395104 0
    outer loop
      vertex 6.55576 21.8213 0.6
      vertex 6.56731 22.1134 5.72205e-07
      vertex 6.56731 22.1134 0.6
    endloop
  endfacet
  facet normal 0.999219 -0.0395104 0
    outer loop
      vertex 6.56731 22.1134 5.72205e-07
      vertex 6.55576 21.8213 0.6
      vertex 6.55576 21.8213 5.72205e-07
    endloop
  endfacet
  facet normal 0.992041 -0.125913 0
    outer loop
      vertex 6.56731 22.1134 0.6
      vertex 6.60196 22.3864 5.72205e-07
      vertex 6.60196 22.3864 0.6
    endloop
  endfacet
  facet normal 0.992041 -0.125913 0
    outer loop
      vertex 6.60196 22.3864 5.72205e-07
      vertex 6.56731 22.1134 0.6
      vertex 6.56731 22.1134 5.72205e-07
    endloop
  endfacet
  facet normal 0.975068 -0.221907 0
    outer loop
      vertex 6.60196 22.3864 0.6
      vertex 6.65972 22.6402 5.72205e-07
      vertex 6.65972 22.6402 0.6
    endloop
  endfacet
  facet normal 0.975068 -0.221907 0
    outer loop
      vertex 6.65972 22.6402 5.72205e-07
      vertex 6.60196 22.3864 0.6
      vertex 6.60196 22.3864 5.72205e-07
    endloop
  endfacet
  facet normal 0.945491 -0.325647 0
    outer loop
      vertex 6.65972 22.6402 0.6
      vertex 6.74059 22.875 5.72205e-07
      vertex 6.74059 22.875 0.6
    endloop
  endfacet
  facet normal 0.945491 -0.325647 0
    outer loop
      vertex 6.74059 22.875 5.72205e-07
      vertex 6.65972 22.6402 0.6
      vertex 6.65972 22.6402 5.72205e-07
    endloop
  endfacet
  facet normal 0.900736 -0.434367 0
    outer loop
      vertex 6.74059 22.875 0.6
      vertex 6.84456 23.0906 5.72205e-07
      vertex 6.84456 23.0906 0.6
    endloop
  endfacet
  facet normal 0.900736 -0.434367 0
    outer loop
      vertex 6.84456 23.0906 5.72205e-07
      vertex 6.74059 22.875 0.6
      vertex 6.74059 22.875 5.72205e-07
    endloop
  endfacet
  facet normal 0.839701 -0.543049 0
    outer loop
      vertex 6.84456 23.0906 0.6
      vertex 6.97164 23.2871 5.72205e-07
      vertex 6.97164 23.2871 0.6
    endloop
  endfacet
  facet normal 0.839701 -0.543049 0
    outer loop
      vertex 6.97164 23.2871 5.72205e-07
      vertex 6.84456 23.0906 0.6
      vertex 6.84456 23.0906 5.72205e-07
    endloop
  endfacet
  facet normal 0.763254 -0.646098 0
    outer loop
      vertex 6.97164 23.2871 0.6
      vertex 7.12181 23.4645 5.72205e-07
      vertex 7.12181 23.4645 0.6
    endloop
  endfacet
  facet normal 0.763254 -0.646098 0
    outer loop
      vertex 7.12181 23.4645 5.72205e-07
      vertex 6.97164 23.2871 0.6
      vertex 6.97164 23.2871 5.72205e-07
    endloop
  endfacet
  facet normal 0.672952 -0.739686 0
    outer loop
      vertex 7.12181 23.4645 5.72205e-07
      vertex 7.29317 23.6204 0.6
      vertex 7.12181 23.4645 0.6
    endloop
  endfacet
  facet normal 0.672952 -0.739686 0
    outer loop
      vertex 7.29317 23.6204 0.6
      vertex 7.12181 23.4645 5.72205e-07
      vertex 7.29317 23.6204 5.72205e-07
    endloop
  endfacet
  facet normal 0.568741 -0.822517 0
    outer loop
      vertex 7.29317 23.6204 5.72205e-07
      vertex 7.48378 23.7522 0.6
      vertex 7.29317 23.6204 0.6
    endloop
  endfacet
  facet normal 0.568741 -0.822517 0
    outer loop
      vertex 7.48378 23.7522 0.6
      vertex 7.29317 23.6204 5.72205e-07
      vertex 7.48378 23.7522 5.72205e-07
    endloop
  endfacet
  facet normal 0.457289 -0.889318 0
    outer loop
      vertex 7.48378 23.7522 5.72205e-07
      vertex 7.69362 23.8601 0.6
      vertex 7.48378 23.7522 0.6
    endloop
  endfacet
  facet normal 0.457289 -0.889318 0
    outer loop
      vertex 7.69362 23.8601 0.6
      vertex 7.48378 23.7522 5.72205e-07
      vertex 7.69362 23.8601 5.72205e-07
    endloop
  endfacet
  facet normal 0.344243 -0.938881 0
    outer loop
      vertex 7.69362 23.8601 5.72205e-07
      vertex 7.92272 23.9441 0.6
      vertex 7.69362 23.8601 0.6
    endloop
  endfacet
  facet normal 0.344243 -0.938881 0
    outer loop
      vertex 7.92272 23.9441 0.6
      vertex 7.69362 23.8601 5.72205e-07
      vertex 7.92272 23.9441 5.72205e-07
    endloop
  endfacet
  facet normal 0.234495 -0.972117 0
    outer loop
      vertex 7.92272 23.9441 5.72205e-07
      vertex 8.17104 24.004 0.6
      vertex 7.92272 23.9441 0.6
    endloop
  endfacet
  facet normal 0.234495 -0.972117 0
    outer loop
      vertex 8.17104 24.004 0.6
      vertex 7.92272 23.9441 5.72205e-07
      vertex 8.17104 24.004 5.72205e-07
    endloop
  endfacet
  facet normal 0.133338 -0.991071 0
    outer loop
      vertex 8.17104 24.004 5.72205e-07
      vertex 8.43862 24.04 0.6
      vertex 8.17104 24.004 0.6
    endloop
  endfacet
  facet normal 0.133338 -0.991071 0
    outer loop
      vertex 8.43862 24.04 0.6
      vertex 8.17104 24.004 5.72205e-07
      vertex 8.43862 24.04 5.72205e-07
    endloop
  endfacet
  facet normal 0.0418015 -0.999126 0
    outer loop
      vertex 8.43862 24.04 5.72205e-07
      vertex 8.72544 24.052 0.6
      vertex 8.43862 24.04 0.6
    endloop
  endfacet
  facet normal 0.0418015 -0.999126 0
    outer loop
      vertex 8.72544 24.052 0.6
      vertex 8.43862 24.04 5.72205e-07
      vertex 8.72544 24.052 5.72205e-07
    endloop
  endfacet
  facet normal -0.0329078 -0.999458 0
    outer loop
      vertex 8.72544 24.052 5.72205e-07
      vertex 8.91678 24.0457 0.6
      vertex 8.72544 24.052 0.6
    endloop
  endfacet
  facet normal -0.0329078 -0.999458 -0
    outer loop
      vertex 8.91678 24.0457 0.6
      vertex 8.72544 24.052 5.72205e-07
      vertex 8.91678 24.0457 5.72205e-07
    endloop
  endfacet
  facet normal -0.999943 0.0106377 0
    outer loop
      vertex 11.924 21.3097 5.72205e-07
      vertex 11.9248 21.3849 0.6
      vertex 11.9248 21.3849 5.72205e-07
    endloop
  endfacet
  facet normal -0.999943 0.0106377 0
    outer loop
      vertex 11.9248 21.3849 0.6
      vertex 11.924 21.3097 5.72205e-07
      vertex 11.924 21.3097 0.6
    endloop
  endfacet
  facet normal -0.99973 0.023225 0
    outer loop
      vertex 11.9218 21.215 5.72205e-07
      vertex 11.924 21.3097 0.6
      vertex 11.924 21.3097 5.72205e-07
    endloop
  endfacet
  facet normal -0.99973 0.023225 0
    outer loop
      vertex 11.924 21.3097 0.6
      vertex 11.9218 21.215 5.72205e-07
      vertex 11.9218 21.215 0.6
    endloop
  endfacet
  facet normal -0.999448 0.0332275 0
    outer loop
      vertex 11.918 21.1007 5.72205e-07
      vertex 11.9218 21.215 0.6
      vertex 11.9218 21.215 5.72205e-07
    endloop
  endfacet
  facet normal -0.999448 0.0332275 0
    outer loop
      vertex 11.9218 21.215 0.6
      vertex 11.918 21.1007 5.72205e-07
      vertex 11.918 21.1007 0.6
    endloop
  endfacet
  facet normal -0.999246 0.0388347 0
    outer loop
      vertex 11.9128 20.9669 5.72205e-07
      vertex 11.918 21.1007 0.6
      vertex 11.918 21.1007 5.72205e-07
    endloop
  endfacet
  facet normal -0.999246 0.0388347 0
    outer loop
      vertex 11.918 21.1007 0.6
      vertex 11.9128 20.9669 5.72205e-07
      vertex 11.9128 20.9669 0.6
    endloop
  endfacet
  facet normal -0.999048 0.0436351 0
    outer loop
      vertex 11.9061 20.8135 5.72205e-07
      vertex 11.9128 20.9669 0.6
      vertex 11.9128 20.9669 5.72205e-07
    endloop
  endfacet
  facet normal -0.999048 0.0436351 0
    outer loop
      vertex 11.9128 20.9669 0.6
      vertex 11.9061 20.8135 5.72205e-07
      vertex 11.9061 20.8135 0.6
    endloop
  endfacet
  facet normal -0.99885 0.0479494 0
    outer loop
      vertex 11.8978 20.6406 5.72205e-07
      vertex 11.9061 20.8135 0.6
      vertex 11.9061 20.8135 5.72205e-07
    endloop
  endfacet
  facet normal -0.99885 0.0479494 0
    outer loop
      vertex 11.9061 20.8135 0.6
      vertex 11.8978 20.6406 5.72205e-07
      vertex 11.8978 20.6406 0.6
    endloop
  endfacet
  facet normal -0.998733 0.0503258 0
    outer loop
      vertex 11.8881 20.4481 5.72205e-07
      vertex 11.8978 20.6406 0.6
      vertex 11.8978 20.6406 5.72205e-07
    endloop
  endfacet
  facet normal -0.998733 0.0503258 0
    outer loop
      vertex 11.8978 20.6406 0.6
      vertex 11.8881 20.4481 5.72205e-07
      vertex 11.8881 20.4481 0.6
    endloop
  endfacet
  facet normal 0.961622 -0.274377 0
    outer loop
      vertex 11.8881 20.4481 0.6
      vertex 12.2146 21.5924 5.72205e-07
      vertex 12.2146 21.5924 0.6
    endloop
  endfacet
  facet normal 0.961622 -0.274377 0
    outer loop
      vertex 12.2146 21.5924 5.72205e-07
      vertex 11.8881 20.4481 0.6
      vertex 11.8881 20.4481 5.72205e-07
    endloop
  endfacet
  facet normal 0.951536 -0.307538 0
    outer loop
      vertex 12.2146 21.5924 0.6
      vertex 12.9898 23.9909 5.72205e-07
      vertex 12.9898 23.9909 0.6
    endloop
  endfacet
  facet normal 0.951536 -0.307538 0
    outer loop
      vertex 12.9898 23.9909 5.72205e-07
      vertex 12.2146 21.5924 0.6
      vertex 12.2146 21.5924 5.72205e-07
    endloop
  endfacet
  facet normal 0 -1 0
    outer loop
      vertex 12.9898 23.9909 5.72205e-07
      vertex 13.6306 23.9909 0.6
      vertex 12.9898 23.9909 0.6
    endloop
  endfacet
  facet normal 0 -1 -0
    outer loop
      vertex 13.6306 23.9909 0.6
      vertex 12.9898 23.9909 5.72205e-07
      vertex 13.6306 23.9909 5.72205e-07
    endloop
  endfacet
  facet normal -0.951547 -0.307502 0
    outer loop
      vertex 14.4057 21.5924 5.72205e-07
      vertex 13.6306 23.9909 0.6
      vertex 13.6306 23.9909 5.72205e-07
    endloop
  endfacet
  facet normal -0.951547 -0.307502 0
    outer loop
      vertex 13.6306 23.9909 0.6
      vertex 14.4057 21.5924 5.72205e-07
      vertex 14.4057 21.5924 0.6
    endloop
  endfacet
  facet normal -0.95491 -0.296897 0
    outer loop
      vertex 14.4376 21.4898 5.72205e-07
      vertex 14.4057 21.5924 0.6
      vertex 14.4057 21.5924 5.72205e-07
    endloop
  endfacet
  facet normal -0.95491 -0.296897 0
    outer loop
      vertex 14.4057 21.5924 0.6
      vertex 14.4376 21.4898 5.72205e-07
      vertex 14.4376 21.4898 0.6
    endloop
  endfacet
  facet normal -0.95834 -0.285629 0
    outer loop
      vertex 14.4742 21.367 5.72205e-07
      vertex 14.4376 21.4898 0.6
      vertex 14.4376 21.4898 5.72205e-07
    endloop
  endfacet
  facet normal -0.95834 -0.285629 0
    outer loop
      vertex 14.4376 21.4898 0.6
      vertex 14.4742 21.367 5.72205e-07
      vertex 14.4742 21.367 0.6
    endloop
  endfacet
  facet normal -0.961016 -0.276493 0
    outer loop
      vertex 14.5154 21.2238 5.72205e-07
      vertex 14.4742 21.367 0.6
      vertex 14.4742 21.367 5.72205e-07
    endloop
  endfacet
  facet normal -0.961016 -0.276493 0
    outer loop
      vertex 14.4742 21.367 0.6
      vertex 14.5154 21.2238 5.72205e-07
      vertex 14.5154 21.2238 0.6
    endloop
  endfacet
  facet normal -0.963086 -0.269193 0
    outer loop
      vertex 14.5611 21.0603 5.72205e-07
      vertex 14.5154 21.2238 0.6
      vertex 14.5154 21.2238 5.72205e-07
    endloop
  endfacet
  facet normal -0.963086 -0.269193 0
    outer loop
      vertex 14.5154 21.2238 0.6
      vertex 14.5611 21.0603 5.72205e-07
      vertex 14.5611 21.0603 0.6
    endloop
  endfacet
  facet normal -0.9644 -0.264449 0
    outer loop
      vertex 14.6115 20.8765 5.72205e-07
      vertex 14.5611 21.0603 0.6
      vertex 14.5611 21.0603 5.72205e-07
    endloop
  endfacet
  facet normal -0.9644 -0.264449 0
    outer loop
      vertex 14.5611 21.0603 0.6
      vertex 14.6115 20.8765 5.72205e-07
      vertex 14.6115 20.8765 0.6
    endloop
  endfacet
  facet normal -0.965524 -0.260313 0
    outer loop
      vertex 14.6665 20.6725 5.72205e-07
      vertex 14.6115 20.8765 0.6
      vertex 14.6115 20.8765 5.72205e-07
    endloop
  endfacet
  facet normal -0.965524 -0.260313 0
    outer loop
      vertex 14.6115 20.8765 0.6
      vertex 14.6665 20.6725 5.72205e-07
      vertex 14.6665 20.6725 0.6
    endloop
  endfacet
  facet normal -0.966492 -0.256697 0
    outer loop
      vertex 14.7261 20.4481 5.72205e-07
      vertex 14.6665 20.6725 0.6
      vertex 14.6665 20.6725 5.72205e-07
    endloop
  endfacet
  facet normal -0.966492 -0.256697 0
    outer loop
      vertex 14.6665 20.6725 0.6
      vertex 14.7261 20.4481 5.72205e-07
      vertex 14.7261 20.4481 0.6
    endloop
  endfacet
  facet normal 0.999178 0.0405447 0
    outer loop
      vertex 14.7261 20.4481 0.6
      vertex 14.7188 20.628 5.72205e-07
      vertex 14.7188 20.628 0.6
    endloop
  endfacet
  facet normal 0.999178 0.0405447 0
    outer loop
      vertex 14.7188 20.628 5.72205e-07
      vertex 14.7261 20.4481 0.6
      vertex 14.7261 20.4481 5.72205e-07
    endloop
  endfacet
  facet normal 0.999187 0.0403259 0
    outer loop
      vertex 14.7188 20.628 0.6
      vertex 14.7125 20.7841 5.72205e-07
      vertex 14.7125 20.7841 0.6
    endloop
  endfacet
  facet normal 0.999187 0.0403259 0
    outer loop
      vertex 14.7125 20.7841 5.72205e-07
      vertex 14.7188 20.628 0.6
      vertex 14.7188 20.628 5.72205e-07
    endloop
  endfacet
  facet normal 0.99923 0.0392447 0
    outer loop
      vertex 14.7125 20.7841 0.6
      vertex 14.7073 20.9165 5.72205e-07
      vertex 14.7073 20.9165 0.6
    endloop
  endfacet
  facet normal 0.99923 0.0392447 0
    outer loop
      vertex 14.7073 20.9165 5.72205e-07
      vertex 14.7125 20.7841 0.6
      vertex 14.7125 20.7841 5.72205e-07
    endloop
  endfacet
  facet normal 0.999287 0.0377611 0
    outer loop
      vertex 14.7073 20.9165 0.6
      vertex 14.7032 21.025 5.72205e-07
      vertex 14.7032 21.025 0.6
    endloop
  endfacet
  facet normal 0.999287 0.0377611 0
    outer loop
      vertex 14.7032 21.025 5.72205e-07
      vertex 14.7073 20.9165 0.6
      vertex 14.7073 20.9165 5.72205e-07
    endloop
  endfacet
  facet normal 0.999332 0.0365322 0
    outer loop
      vertex 14.7032 21.025 0.6
      vertex 14.7001 21.1098 5.72205e-07
      vertex 14.7001 21.1098 0.6
    endloop
  endfacet
  facet normal 0.999332 0.0365322 0
    outer loop
      vertex 14.7001 21.1098 5.72205e-07
      vertex 14.7032 21.025 0.6
      vertex 14.7032 21.025 5.72205e-07
    endloop
  endfacet
  facet normal 0.999461 0.032823 0
    outer loop
      vertex 14.7001 21.1098 0.6
      vertex 14.6981 21.1707 5.72205e-07
      vertex 14.6981 21.1707 0.6
    endloop
  endfacet
  facet normal 0.999461 0.032823 0
    outer loop
      vertex 14.6981 21.1707 5.72205e-07
      vertex 14.7001 21.1098 0.6
      vertex 14.7001 21.1098 5.72205e-07
    endloop
  endfacet
  facet normal 0.999639 0.026872 0
    outer loop
      vertex 14.6981 21.1707 0.6
      vertex 14.6971 21.2079 5.72205e-07
      vertex 14.6971 21.2079 0.6
    endloop
  endfacet
  facet normal 0.999639 0.026872 0
    outer loop
      vertex 14.6971 21.2079 5.72205e-07
      vertex 14.6981 21.1707 0.6
      vertex 14.6981 21.1707 5.72205e-07
    endloop
  endfacet
  facet normal 0.999875 0.0158083 0
    outer loop
      vertex 14.6971 21.2079 0.6
      vertex 14.6967 21.2332 5.72205e-07
      vertex 14.6967 21.2332 0.6
    endloop
  endfacet
  facet normal 0.999875 0.0158083 0
    outer loop
      vertex 14.6967 21.2332 5.72205e-07
      vertex 14.6971 21.2079 0.6
      vertex 14.6971 21.2079 5.72205e-07
    endloop
  endfacet
  facet normal 0.99993 0.0118569 0
    outer loop
      vertex 14.6967 21.2332 0.6
      vertex 14.6964 21.2585 5.72205e-07
      vertex 14.6964 21.2585 0.6
    endloop
  endfacet
  facet normal 0.99993 0.0118569 0
    outer loop
      vertex 14.6964 21.2585 5.72205e-07
      vertex 14.6967 21.2332 0.6
      vertex 14.6967 21.2332 5.72205e-07
    endloop
  endfacet
  facet normal 0.99993 0.0118569 0
    outer loop
      vertex 14.6964 21.2585 0.6
      vertex 14.6961 21.2838 5.72205e-07
      vertex 14.6961 21.2838 0.6
    endloop
  endfacet
  facet normal 0.99993 0.0118569 0
    outer loop
      vertex 14.6961 21.2838 5.72205e-07
      vertex 14.6964 21.2585 0.6
      vertex 14.6964 21.2585 5.72205e-07
    endloop
  endfacet
  facet normal 0.999969 0.00790489 0
    outer loop
      vertex 14.6961 21.2838 0.6
      vertex 14.6959 21.3091 5.72205e-07
      vertex 14.6959 21.3091 0.6
    endloop
  endfacet
  facet normal 0.999969 0.00790489 0
    outer loop
      vertex 14.6959 21.3091 5.72205e-07
      vertex 14.6961 21.2838 0.6
      vertex 14.6961 21.2838 5.72205e-07
    endloop
  endfacet
  facet normal 0.999969 0.00790489 0
    outer loop
      vertex 14.6959 21.3091 0.6
      vertex 14.6957 21.3344 5.72205e-07
      vertex 14.6957 21.3344 0.6
    endloop
  endfacet
  facet normal 0.999969 0.00790489 0
    outer loop
      vertex 14.6957 21.3344 5.72205e-07
      vertex 14.6959 21.3091 0.6
      vertex 14.6959 21.3091 5.72205e-07
    endloop
  endfacet
  facet normal 0.999992 0.00396822 0
    outer loop
      vertex 14.6957 21.3344 0.6
      vertex 14.6956 21.3596 5.72205e-07
      vertex 14.6956 21.3596 0.6
    endloop
  endfacet
  facet normal 0.999992 0.00396822 0
    outer loop
      vertex 14.6956 21.3596 5.72205e-07
      vertex 14.6957 21.3344 0.6
      vertex 14.6957 21.3344 5.72205e-07
    endloop
  endfacet
  facet normal 1 -0 0
    outer loop
      vertex 14.6956 21.3596 0.6
      vertex 14.6956 21.3849 5.72205e-07
      vertex 14.6956 21.3849 0.6
    endloop
  endfacet
  facet normal 1 0 0
    outer loop
      vertex 14.6956 21.3849 5.72205e-07
      vertex 14.6956 21.3596 0.6
      vertex 14.6956 21.3596 5.72205e-07
    endloop
  endfacet
  facet normal 1 -0 0
    outer loop
      vertex 14.6956 21.3849 0.6
      vertex 14.6956 23.9909 5.72205e-07
      vertex 14.6956 23.9909 0.6
    endloop
  endfacet
  facet normal 1 0 0
    outer loop
      vertex 14.6956 23.9909 5.72205e-07
      vertex 14.6956 21.3849 0.6
      vertex 14.6956 21.3849 5.72205e-07
    endloop
  endfacet
  facet normal 0 -1 0
    outer loop
      vertex 14.6956 23.9909 5.72205e-07
      vertex 15.4951 23.9909 0.6
      vertex 14.6956 23.9909 0.6
    endloop
  endfacet
  facet normal 0 -1 -0
    outer loop
      vertex 15.4951 23.9909 0.6
      vertex 14.6956 23.9909 5.72205e-07
      vertex 15.4951 23.9909 5.72205e-07
    endloop
  endfacet
  facet normal -1 0 0
    outer loop
      vertex 15.4951 19.6913 5.72205e-07
      vertex 15.4951 23.9909 0.6
      vertex 15.4951 23.9909 5.72205e-07
    endloop
  endfacet
  facet normal -1 -0 0
    outer loop
      vertex 15.4951 23.9909 0.6
      vertex 15.4951 19.6913 5.72205e-07
      vertex 15.4951 19.6913 0.6
    endloop
  endfacet
  facet normal 0 1 -0
    outer loop
      vertex 15.4951 19.6913 5.72205e-07
      vertex 14.2959 19.6913 0.6
      vertex 15.4951 19.6913 0.6
    endloop
  endfacet
  facet normal 0 1 0
    outer loop
      vertex 14.2959 19.6913 0.6
      vertex 15.4951 19.6913 5.72205e-07
      vertex 14.2959 19.6913 5.72205e-07
    endloop
  endfacet
  facet normal 0.954289 0.298886 0
    outer loop
      vertex 14.2959 19.6913 0.6
      vertex 13.5055 22.2149 5.72205e-07
      vertex 13.5055 22.2149 0.6
    endloop
  endfacet
  facet normal 0.954289 0.298886 0
    outer loop
      vertex 13.5055 22.2149 5.72205e-07
      vertex 14.2959 19.6913 0.6
      vertex 14.2959 19.6913 5.72205e-07
    endloop
  endfacet
  facet normal 0.963259 0.268573 0
    outer loop
      vertex 13.5055 22.2149 0.6
      vertex 13.3132 22.9046 5.72205e-07
      vertex 13.3132 22.9046 0.6
    endloop
  endfacet
  facet normal 0.963259 0.268573 0
    outer loop
      vertex 13.3132 22.9046 5.72205e-07
      vertex 13.5055 22.2149 0.6
      vertex 13.5055 22.2149 5.72205e-07
    endloop
  endfacet
  facet normal -0.969266 0.246014 0
    outer loop
      vertex 13.1668 22.3278 5.72205e-07
      vertex 13.3132 22.9046 0.6
      vertex 13.3132 22.9046 5.72205e-07
    endloop
  endfacet
  facet normal -0.969266 0.246014 0
    outer loop
      vertex 13.3132 22.9046 0.6
      vertex 13.1668 22.3278 5.72205e-07
      vertex 13.1668 22.3278 0.6
    endloop
  endfacet
  facet normal -0.960486 0.27833 0
    outer loop
      vertex 13.0996 22.0959 5.72205e-07
      vertex 13.1668 22.3278 0.6
      vertex 13.1668 22.3278 5.72205e-07
    endloop
  endfacet
  facet normal -0.960486 0.27833 0
    outer loop
      vertex 13.1668 22.3278 0.6
      vertex 13.0996 22.0959 5.72205e-07
      vertex 13.0996 22.0959 0.6
    endloop
  endfacet
  facet normal -0.952478 0.304606 0
    outer loop
      vertex 12.3306 19.6913 5.72205e-07
      vertex 13.0996 22.0959 0.6
      vertex 13.0996 22.0959 5.72205e-07
    endloop
  endfacet
  facet normal -0.952478 0.304606 0
    outer loop
      vertex 13.0996 22.0959 0.6
      vertex 12.3306 19.6913 5.72205e-07
      vertex 12.3306 19.6913 0.6
    endloop
  endfacet
  facet normal 0 1 -0
    outer loop
      vertex 12.3306 19.6913 5.72205e-07
      vertex 11.1252 19.6913 0.6
      vertex 12.3306 19.6913 0.6
    endloop
  endfacet
  facet normal 0 1 0
    outer loop
      vertex 11.1252 19.6913 0.6
      vertex 12.3306 19.6913 5.72205e-07
      vertex 11.1252 19.6913 5.72205e-07
    endloop
  endfacet
  facet normal 1 -0 0
    outer loop
      vertex 11.1252 19.6913 0.6
      vertex 11.1252 23.9909 5.72205e-07
      vertex 11.1252 23.9909 0.6
    endloop
  endfacet
  facet normal 1 0 0
    outer loop
      vertex 11.1252 23.9909 5.72205e-07
      vertex 11.1252 19.6913 0.6
      vertex 11.1252 19.6913 5.72205e-07
    endloop
  endfacet
  facet normal 0 -1 0
    outer loop
      vertex 11.1252 23.9909 5.72205e-07
      vertex 11.9248 23.9909 0.6
      vertex 11.1252 23.9909 0.6
    endloop
  endfacet
  facet normal 0 -1 -0
    outer loop
      vertex 11.9248 23.9909 0.6
      vertex 11.1252 23.9909 5.72205e-07
      vertex 11.9248 23.9909 5.72205e-07
    endloop
  endfacet
  facet normal -1 0 0
    outer loop
      vertex 11.9248 21.3849 5.72205e-07
      vertex 11.9248 23.9909 0.6
      vertex 11.9248 23.9909 5.72205e-07
    endloop
  endfacet
  facet normal -1 -0 0
    outer loop
      vertex 11.9248 23.9909 0.6
      vertex 11.9248 21.3849 5.72205e-07
      vertex 11.9248 21.3849 0.6
    endloop
  endfacet
  facet normal 0 -1 0
    outer loop
      vertex 30.8759 23.1151 5.72205e-07
      vertex 31.4496 23.1151 0.6
      vertex 30.8759 23.1151 0.6
    endloop
  endfacet
  facet normal 0 -1 -0
    outer loop
      vertex 31.4496 23.1151 0.6
      vertex 30.8759 23.1151 5.72205e-07
      vertex 31.4496 23.1151 5.72205e-07
    endloop
  endfacet
  facet normal -1 0 0
    outer loop
      vertex 31.4496 22.4774 5.72205e-07
      vertex 31.4496 23.1151 0.6
      vertex 31.4496 23.1151 5.72205e-07
    endloop
  endfacet
  facet normal -1 -0 0
    outer loop
      vertex 31.4496 23.1151 0.6
      vertex 31.4496 22.4774 5.72205e-07
      vertex 31.4496 22.4774 0.6
    endloop
  endfacet
  facet normal 0 1 -0
    outer loop
      vertex 31.4496 22.4774 5.72205e-07
      vertex 30.8759 22.4774 0.6
      vertex 31.4496 22.4774 0.6
    endloop
  endfacet
  facet normal 0 1 0
    outer loop
      vertex 30.8759 22.4774 0.6
      vertex 31.4496 22.4774 5.72205e-07
      vertex 30.8759 22.4774 5.72205e-07
    endloop
  endfacet
  facet normal -1 0 0
    outer loop
      vertex 30.8759 19.6913 5.72205e-07
      vertex 30.8759 22.4774 0.6
      vertex 30.8759 22.4774 5.72205e-07
    endloop
  endfacet
  facet normal -1 -0 0
    outer loop
      vertex 30.8759 22.4774 0.6
      vertex 30.8759 19.6913 5.72205e-07
      vertex 30.8759 19.6913 0.6
    endloop
  endfacet
  facet normal 0 1 -0
    outer loop
      vertex 30.8759 19.6913 5.72205e-07
      vertex 29.9177 19.6913 0.6
      vertex 30.8759 19.6913 0.6
    endloop
  endfacet
  facet normal 0 1 0
    outer loop
      vertex 29.9177 19.6913 0.6
      vertex 30.8759 19.6913 5.72205e-07
      vertex 29.9177 19.6913 5.72205e-07
    endloop
  endfacet
  facet normal 0.837235 0.546843 0
    outer loop
      vertex 29.9177 19.6913 0.6
      vertex 28.102 22.4712 5.72205e-07
      vertex 28.102 22.4712 0.6
    endloop
  endfacet
  facet normal 0.837235 0.546843 0
    outer loop
      vertex 28.102 22.4712 5.72205e-07
      vertex 29.9177 19.6913 0.6
      vertex 29.9177 19.6913 5.72205e-07
    endloop
  endfacet
  facet normal 1 -0 0
    outer loop
      vertex 28.102 22.4712 0.6
      vertex 28.102 23.1151 5.72205e-07
      vertex 28.102 23.1151 0.6
    endloop
  endfacet
  facet normal 1 0 0
    outer loop
      vertex 28.102 23.1151 5.72205e-07
      vertex 28.102 22.4712 0.6
      vertex 28.102 22.4712 5.72205e-07
    endloop
  endfacet
  facet normal 0 -1 0
    outer loop
      vertex 28.102 23.1151 5.72205e-07
      vertex 30.058 23.1151 0.6
      vertex 28.102 23.1151 0.6
    endloop
  endfacet
  facet normal 0 -1 -0
    outer loop
      vertex 30.058 23.1151 0.6
      vertex 28.102 23.1151 5.72205e-07
      vertex 30.058 23.1151 5.72205e-07
    endloop
  endfacet
  facet normal 1 -0 0
    outer loop
      vertex 30.058 23.1151 0.6
      vertex 30.058 23.9909 5.72205e-07
      vertex 30.058 23.9909 0.6
    endloop
  endfacet
  facet normal 1 0 0
    outer loop
      vertex 30.058 23.9909 5.72205e-07
      vertex 30.058 23.1151 0.6
      vertex 30.058 23.1151 5.72205e-07
    endloop
  endfacet
  facet normal 0 -1 0
    outer loop
      vertex 30.058 23.9909 5.72205e-07
      vertex 30.8759 23.9909 0.6
      vertex 30.058 23.9909 0.6
    endloop
  endfacet
  facet normal 0 -1 -0
    outer loop
      vertex 30.8759 23.9909 0.6
      vertex 30.058 23.9909 5.72205e-07
      vertex 30.8759 23.9909 5.72205e-07
    endloop
  endfacet
  facet normal -1 0 0
    outer loop
      vertex 30.8759 23.1151 5.72205e-07
      vertex 30.8759 23.9909 0.6
      vertex 30.8759 23.9909 5.72205e-07
    endloop
  endfacet
  facet normal -1 -0 0
    outer loop
      vertex 30.8759 23.9909 0.6
      vertex 30.8759 23.1151 5.72205e-07
      vertex 30.8759 23.1151 0.6
    endloop
  endfacet
  facet normal -0.835399 -0.549644 0
    outer loop
      vertex 29.7987 20.9607 5.72205e-07
      vertex 28.8008 22.4774 0.6
      vertex 28.8008 22.4774 5.72205e-07
    endloop
  endfacet
  facet normal -0.835399 -0.549644 0
    outer loop
      vertex 28.8008 22.4774 0.6
      vertex 29.7987 20.9607 5.72205e-07
      vertex 29.7987 20.9607 0.6
    endloop
  endfacet
  facet normal -0.844634 -0.535345 0
    outer loop
      vertex 29.8553 20.8714 5.72205e-07
      vertex 29.7987 20.9607 0.6
      vertex 29.7987 20.9607 5.72205e-07
    endloop
  endfacet
  facet normal -0.844634 -0.535345 0
    outer loop
      vertex 29.7987 20.9607 0.6
      vertex 29.8553 20.8714 5.72205e-07
      vertex 29.8553 20.8714 0.6
    endloop
  endfacet
  facet normal -0.849719 -0.527235 0
    outer loop
      vertex 29.9068 20.7884 5.72205e-07
      vertex 29.8553 20.8714 0.6
      vertex 29.8553 20.8714 5.72205e-07
    endloop
  endfacet
  facet normal -0.849719 -0.527235 0
    outer loop
      vertex 29.8553 20.8714 0.6
      vertex 29.9068 20.7884 5.72205e-07
      vertex 29.9068 20.7884 0.6
    endloop
  endfacet
  facet normal -0.857198 -0.514987 0
    outer loop
      vertex 29.953 20.7115 5.72205e-07
      vertex 29.9068 20.7884 0.6
      vertex 29.9068 20.7884 5.72205e-07
    endloop
  endfacet
  facet normal -0.857198 -0.514987 0
    outer loop
      vertex 29.9068 20.7884 0.6
      vertex 29.953 20.7115 5.72205e-07
      vertex 29.953 20.7115 0.6
    endloop
  endfacet
  facet normal -0.865286 -0.501278 0
    outer loop
      vertex 29.9939 20.6409 5.72205e-07
      vertex 29.953 20.7115 0.6
      vertex 29.953 20.7115 5.72205e-07
    endloop
  endfacet
  facet normal -0.865286 -0.501278 0
    outer loop
      vertex 29.953 20.7115 0.6
      vertex 29.9939 20.6409 5.72205e-07
      vertex 29.9939 20.6409 0.6
    endloop
  endfacet
  facet normal -0.874029 -0.485873 0
    outer loop
      vertex 30.0297 20.5765 5.72205e-07
      vertex 29.9939 20.6409 0.6
      vertex 29.9939 20.6409 5.72205e-07
    endloop
  endfacet
  facet normal -0.874029 -0.485873 0
    outer loop
      vertex 29.9939 20.6409 0.6
      vertex 30.0297 20.5765 5.72205e-07
      vertex 30.0297 20.5765 0.6
    endloop
  endfacet
  facet normal -0.885742 -0.464178 0
    outer loop
      vertex 30.0602 20.5183 5.72205e-07
      vertex 30.0297 20.5765 0.6
      vertex 30.0297 20.5765 5.72205e-07
    endloop
  endfacet
  facet normal -0.885742 -0.464178 0
    outer loop
      vertex 30.0297 20.5765 0.6
      vertex 30.0602 20.5183 5.72205e-07
      vertex 30.0602 20.5183 0.6
    endloop
  endfacet
  facet normal -0.898885 -0.438185 0
    outer loop
      vertex 30.0855 20.4664 5.72205e-07
      vertex 30.0602 20.5183 0.6
      vertex 30.0602 20.5183 5.72205e-07
    endloop
  endfacet
  facet normal -0.898885 -0.438185 0
    outer loop
      vertex 30.0602 20.5183 0.6
      vertex 30.0855 20.4664 5.72205e-07
      vertex 30.0855 20.4664 0.6
    endloop
  endfacet
  facet normal 0.9953 0.09684 0
    outer loop
      vertex 30.0855 20.4664 0.6
      vertex 30.0837 20.4849 5.72205e-07
      vertex 30.0837 20.4849 0.6
    endloop
  endfacet
  facet normal 0.9953 0.09684 0
    outer loop
      vertex 30.0837 20.4849 5.72205e-07
      vertex 30.0855 20.4664 0.6
      vertex 30.0855 20.4664 5.72205e-07
    endloop
  endfacet
  facet normal 0.996225 0.086808 0
    outer loop
      vertex 30.0837 20.4849 0.6
      vertex 30.0816 20.509 5.72205e-07
      vertex 30.0816 20.509 0.6
    endloop
  endfacet
  facet normal 0.996225 0.086808 0
    outer loop
      vertex 30.0816 20.509 5.72205e-07
      vertex 30.0837 20.4849 0.6
      vertex 30.0837 20.4849 5.72205e-07
    endloop
  endfacet
  facet normal 0.997268 0.0738717 0
    outer loop
      vertex 30.0816 20.509 0.6
      vertex 30.0794 20.5387 5.72205e-07
      vertex 30.0794 20.5387 0.6
    endloop
  endfacet
  facet normal 0.997268 0.0738717 0
    outer loop
      vertex 30.0794 20.5387 5.72205e-07
      vertex 30.0816 20.509 0.6
      vertex 30.0816 20.509 5.72205e-07
    endloop
  endfacet
  facet normal 0.997697 0.0678321 0
    outer loop
      vertex 30.0794 20.5387 0.6
      vertex 30.077 20.574 5.72205e-07
      vertex 30.077 20.574 0.6
    endloop
  endfacet
  facet normal 0.997697 0.0678321 0
    outer loop
      vertex 30.077 20.574 5.72205e-07
      vertex 30.0794 20.5387 0.6
      vertex 30.0794 20.5387 5.72205e-07
    endloop
  endfacet
  facet normal 0.998137 0.0610108 0
    outer loop
      vertex 30.077 20.574 0.6
      vertex 30.0745 20.6149 5.72205e-07
      vertex 30.0745 20.6149 0.6
    endloop
  endfacet
  facet normal 0.998137 0.0610108 0
    outer loop
      vertex 30.0745 20.6149 5.72205e-07
      vertex 30.077 20.574 0.6
      vertex 30.077 20.574 5.72205e-07
    endloop
  endfacet
  facet normal 0.9982 0.0599777 0
    outer loop
      vertex 30.0745 20.6149 0.6
      vertex 30.0717 20.6615 5.72205e-07
      vertex 30.0717 20.6615 0.6
    endloop
  endfacet
  facet normal 0.9982 0.0599777 0
    outer loop
      vertex 30.0717 20.6615 5.72205e-07
      vertex 30.0745 20.6149 0.6
      vertex 30.0745 20.6149 5.72205e-07
    endloop
  endfacet
  facet normal 0.998346 0.0574864 0
    outer loop
      vertex 30.0717 20.6615 0.6
      vertex 30.0687 20.7136 5.72205e-07
      vertex 30.0687 20.7136 0.6
    endloop
  endfacet
  facet normal 0.998346 0.0574864 0
    outer loop
      vertex 30.0687 20.7136 5.72205e-07
      vertex 30.0717 20.6615 0.6
      vertex 30.0717 20.6615 5.72205e-07
    endloop
  endfacet
  facet normal 0.998678 0.0514025 0
    outer loop
      vertex 30.0687 20.7136 0.6
      vertex 30.0659 20.768 5.72205e-07
      vertex 30.0659 20.768 0.6
    endloop
  endfacet
  facet normal 0.998678 0.0514025 0
    outer loop
      vertex 30.0659 20.768 5.72205e-07
      vertex 30.0687 20.7136 0.6
      vertex 30.0687 20.7136 5.72205e-07
    endloop
  endfacet
  facet normal 0.998984 0.0450669 0
    outer loop
      vertex 30.0659 20.768 0.6
      vertex 30.0635 20.8212 5.72205e-07
      vertex 30.0635 20.8212 0.6
    endloop
  endfacet
  facet normal 0.998984 0.0450669 0
    outer loop
      vertex 30.0635 20.8212 5.72205e-07
      vertex 30.0659 20.768 0.6
      vertex 30.0659 20.768 5.72205e-07
    endloop
  endfacet
  facet normal 0.999264 0.0383595 0
    outer loop
      vertex 30.0635 20.8212 0.6
      vertex 30.0615 20.8733 5.72205e-07
      vertex 30.0615 20.8733 0.6
    endloop
  endfacet
  facet normal 0.999264 0.0383595 0
    outer loop
      vertex 30.0615 20.8733 5.72205e-07
      vertex 30.0635 20.8212 0.6
      vertex 30.0635 20.8212 5.72205e-07
    endloop
  endfacet
  facet normal 0.999568 0.0293991 0
    outer loop
      vertex 30.0615 20.8733 0.6
      vertex 30.06 20.9243 5.72205e-07
      vertex 30.06 20.9243 0.6
    endloop
  endfacet
  facet normal 0.999568 0.0293991 0
    outer loop
      vertex 30.06 20.9243 5.72205e-07
      vertex 30.0615 20.8733 0.6
      vertex 30.0615 20.8733 5.72205e-07
    endloop
  endfacet
  facet normal 0.999757 0.0220387 0
    outer loop
      vertex 30.06 20.9243 0.6
      vertex 30.0589 20.9742 5.72205e-07
      vertex 30.0589 20.9742 0.6
    endloop
  endfacet
  facet normal 0.999757 0.0220387 0
    outer loop
      vertex 30.0589 20.9742 5.72205e-07
      vertex 30.06 20.9243 0.6
      vertex 30.06 20.9243 5.72205e-07
    endloop
  endfacet
  facet normal 0.999924 0.0122942 0
    outer loop
      vertex 30.0589 20.9742 0.6
      vertex 30.0583 21.023 5.72205e-07
      vertex 30.0583 21.023 0.6
    endloop
  endfacet
  facet normal 0.999924 0.0122942 0
    outer loop
      vertex 30.0583 21.023 5.72205e-07
      vertex 30.0589 20.9742 0.6
      vertex 30.0589 20.9742 5.72205e-07
    endloop
  endfacet
  facet normal 0.99998 0.0063024 0
    outer loop
      vertex 30.0583 21.023 0.6
      vertex 30.058 21.0706 5.72205e-07
      vertex 30.058 21.0706 0.6
    endloop
  endfacet
  facet normal 0.99998 0.0063024 0
    outer loop
      vertex 30.058 21.0706 5.72205e-07
      vertex 30.0583 21.023 0.6
      vertex 30.0583 21.023 5.72205e-07
    endloop
  endfacet
  facet normal 1 -0 0
    outer loop
      vertex 30.058 21.0706 0.6
      vertex 30.058 22.4774 5.72205e-07
      vertex 30.058 22.4774 0.6
    endloop
  endfacet
  facet normal 1 0 0
    outer loop
      vertex 30.058 22.4774 5.72205e-07
      vertex 30.058 21.0706 0.6
      vertex 30.058 21.0706 5.72205e-07
    endloop
  endfacet
  facet normal 0 1 -0
    outer loop
      vertex 30.058 22.4774 5.72205e-07
      vertex 28.8008 22.4774 0.6
      vertex 30.058 22.4774 0.6
    endloop
  endfacet
  facet normal 0 1 0
    outer loop
      vertex 28.8008 22.4774 0.6
      vertex 30.058 22.4774 5.72205e-07
      vertex 28.8008 22.4774 5.72205e-07
    endloop
  endfacet
  facet normal 0 1 -0
    outer loop
      vertex 5.92195 19.6913 5.72205e-07
      vertex 5.02172 19.6913 0.6
      vertex 5.92195 19.6913 0.6
    endloop
  endfacet
  facet normal 0 1 0
    outer loop
      vertex 5.02172 19.6913 0.6
      vertex 5.92195 19.6913 5.72205e-07
      vertex 5.02172 19.6913 5.72205e-07
    endloop
  endfacet
  facet normal 1 -0 0
    outer loop
      vertex 5.02172 19.6913 0.6
      vertex 5.02172 23.9909 5.72205e-07
      vertex 5.02172 23.9909 0.6
    endloop
  endfacet
  facet normal 1 0 0
    outer loop
      vertex 5.02172 23.9909 5.72205e-07
      vertex 5.02172 19.6913 0.6
      vertex 5.02172 19.6913 5.72205e-07
    endloop
  endfacet
  facet normal 0 -1 0
    outer loop
      vertex 5.02172 23.9909 5.72205e-07
      vertex 5.92195 23.9909 0.6
      vertex 5.02172 23.9909 0.6
    endloop
  endfacet
  facet normal 0 -1 -0
    outer loop
      vertex 5.92195 23.9909 0.6
      vertex 5.02172 23.9909 5.72205e-07
      vertex 5.92195 23.9909 5.72205e-07
    endloop
  endfacet
  facet normal -1 0 0
    outer loop
      vertex 5.92195 19.6913 5.72205e-07
      vertex 5.92195 23.9909 0.6
      vertex 5.92195 23.9909 5.72205e-07
    endloop
  endfacet
  facet normal -1 -0 0
    outer loop
      vertex 5.92195 23.9909 0.6
      vertex 5.92195 19.6913 5.72205e-07
      vertex 5.92195 19.6913 0.6
    endloop
  endfacet
  facet normal 0 1 -0
    outer loop
      vertex 17.6225 21.9982 5.72205e-07
      vertex 16.0356 21.9982 0.6
      vertex 17.6225 21.9982 0.6
    endloop
  endfacet
  facet normal 0 1 0
    outer loop
      vertex 16.0356 21.9982 0.6
      vertex 17.6225 21.9982 5.72205e-07
      vertex 16.0356 21.9982 5.72205e-07
    endloop
  endfacet
  facet normal 1 -0 0
    outer loop
      vertex 16.0356 21.9982 0.6
      vertex 16.0356 22.7429 5.72205e-07
      vertex 16.0356 22.7429 0.6
    endloop
  endfacet
  facet normal 1 0 0
    outer loop
      vertex 16.0356 22.7429 5.72205e-07
      vertex 16.0356 21.9982 0.6
      vertex 16.0356 21.9982 5.72205e-07
    endloop
  endfacet
  facet normal 0 -1 0
    outer loop
      vertex 16.0356 22.7429 5.72205e-07
      vertex 17.6225 22.7429 0.6
      vertex 16.0356 22.7429 0.6
    endloop
  endfacet
  facet normal 0 -1 -0
    outer loop
      vertex 17.6225 22.7429 0.6
      vertex 16.0356 22.7429 5.72205e-07
      vertex 17.6225 22.7429 5.72205e-07
    endloop
  endfacet
  facet normal -1 0 0
    outer loop
      vertex 17.6225 21.9982 5.72205e-07
      vertex 17.6225 22.7429 0.6
      vertex 17.6225 22.7429 5.72205e-07
    endloop
  endfacet
  facet normal -1 -0 0
    outer loop
      vertex 17.6225 22.7429 0.6
      vertex 17.6225 21.9982 5.72205e-07
      vertex 17.6225 21.9982 0.6
    endloop
  endfacet
  facet normal 0 0 1
    outer loop
      vertex 36.5 29.48 7
      vertex 37.1 28.88 7
      vertex 37.0949 28.9583 7
    endloop
  endfacet
  facet normal 0 0 1
    outer loop
      vertex 37.1 28.88 7
      vertex 35.6 27.38 7
      vertex 37.1 2.90001 7
    endloop
  endfacet
  facet normal 0 0 1
    outer loop
      vertex 36.5 29.48 7
      vertex 37.0949 28.9583 7
      vertex 37.0795 29.0353 7
    endloop
  endfacet
  facet normal -0 0 1
    outer loop
      vertex 35.6 4.40001 7
      vertex 37.1 2.90001 7
      vertex 35.6 27.38 7
    endloop
  endfacet
  facet normal 0 0 1
    outer loop
      vertex 36.5 29.48 7
      vertex 37.0795 29.0353 7
      vertex 37.0543 29.1096 7
    endloop
  endfacet
  facet normal -0 0 1
    outer loop
      vertex 35.5949 4.32169 7
      vertex 37.1 2.90001 7
      vertex 35.6 4.40001 7
    endloop
  endfacet
  facet normal 0 0 1
    outer loop
      vertex 36.5 29.48 7
      vertex 37.0543 29.1096 7
      vertex 37.0196 29.18 7
    endloop
  endfacet
  facet normal -0 0 1
    outer loop
      vertex 35.5795 4.24471 7
      vertex 37.1 2.90001 7
      vertex 35.5949 4.32169 7
    endloop
  endfacet
  facet normal 0 0 1
    outer loop
      vertex 36.5 29.48 7
      vertex 37.0196 29.18 7
      vertex 36.976 29.2453 7
    endloop
  endfacet
  facet normal -0 0 1
    outer loop
      vertex 35.5543 4.1704 7
      vertex 37.1 2.90001 7
      vertex 35.5795 4.24471 7
    endloop
  endfacet
  facet normal 0 0 1
    outer loop
      vertex 36.5 29.48 7
      vertex 36.976 29.2453 7
      vertex 36.9243 29.3043 7
    endloop
  endfacet
  facet normal -0 0 1
    outer loop
      vertex 35.5196 4.10001 7
      vertex 37.1 2.90001 7
      vertex 35.5543 4.1704 7
    endloop
  endfacet
  facet normal 0 0 1
    outer loop
      vertex 36.5 29.48 7
      vertex 36.9243 29.3043 7
      vertex 36.8652 29.356 7
    endloop
  endfacet
  facet normal -0 0 1
    outer loop
      vertex 35.476 4.03475 7
      vertex 37.1 2.90001 7
      vertex 35.5196 4.10001 7
    endloop
  endfacet
  facet normal 0 0 1
    outer loop
      vertex 36.5 29.48 7
      vertex 36.8652 29.356 7
      vertex 36.8 29.3996 7
    endloop
  endfacet
  facet normal -0 0 1
    outer loop
      vertex 35.4243 3.97574 7
      vertex 37.1 2.90001 7
      vertex 35.476 4.03475 7
    endloop
  endfacet
  facet normal 0 0 1
    outer loop
      vertex 36.5 29.48 7
      vertex 36.8 29.3996 7
      vertex 36.7296 29.4343 7
    endloop
  endfacet
  facet normal 0 -0 1
    outer loop
      vertex 36.5 2.30001 7
      vertex 37.1 2.90001 7
      vertex 35.4243 3.97574 7
    endloop
  endfacet
  facet normal 0 0 1
    outer loop
      vertex 36.5 29.48 7
      vertex 36.7296 29.4343 7
      vertex 36.6553 29.4596 7
    endloop
  endfacet
  facet normal 0 0 1
    outer loop
      vertex 37.1 2.90001 7
      vertex 36.5 2.30001 7
      vertex 37.0949 2.82169 7
    endloop
  endfacet
  facet normal 0 0 1
    outer loop
      vertex 36.5 29.48 7
      vertex 36.6553 29.4596 7
      vertex 36.5783 29.4749 7
    endloop
  endfacet
  facet normal 0 0 1
    outer loop
      vertex 37.0949 2.82169 7
      vertex 36.5 2.30001 7
      vertex 37.0795 2.74471 7
    endloop
  endfacet
  facet normal 0 0 1
    outer loop
      vertex 37.1 28.88 7
      vertex 36.5 29.48 7
      vertex 35.4243 27.8043 7
    endloop
  endfacet
  facet normal 0 0 1
    outer loop
      vertex 37.0543 2.6704 7
      vertex 36.5 2.30001 7
      vertex 37.0196 2.60001 7
    endloop
  endfacet
  facet normal 0 0 1
    outer loop
      vertex 37.0196 2.60001 7
      vertex 36.5 2.30001 7
      vertex 36.976 2.53475 7
    endloop
  endfacet
  facet normal 0 0 1
    outer loop
      vertex 37.1 28.88 7
      vertex 35.5949 27.4583 7
      vertex 35.6 27.38 7
    endloop
  endfacet
  facet normal 0 0 1
    outer loop
      vertex 37.1 28.88 7
      vertex 35.5795 27.5353 7
      vertex 35.5949 27.4583 7
    endloop
  endfacet
  facet normal 0 0 1
    outer loop
      vertex 37.1 28.88 7
      vertex 35.5543 27.6096 7
      vertex 35.5795 27.5353 7
    endloop
  endfacet
  facet normal 0 0 1
    outer loop
      vertex 37.1 28.88 7
      vertex 35.5196 27.68 7
      vertex 35.5543 27.6096 7
    endloop
  endfacet
  facet normal 0 0 1
    outer loop
      vertex 37.1 28.88 7
      vertex 35.476 27.7453 7
      vertex 35.5196 27.68 7
    endloop
  endfacet
  facet normal 0 0 1
    outer loop
      vertex 37.1 28.88 7
      vertex 35.4243 27.8043 7
      vertex 35.476 27.7453 7
    endloop
  endfacet
  facet normal 0 0 1
    outer loop
      vertex 36.5 29.48 7
      vertex 35.3652 27.856 7
      vertex 35.4243 27.8043 7
    endloop
  endfacet
  facet normal 0 0 1
    outer loop
      vertex 36.5 29.48 7
      vertex 35.3 27.8996 7
      vertex 35.3652 27.856 7
    endloop
  endfacet
  facet normal 0 0 1
    outer loop
      vertex 36.5 29.48 7
      vertex 35.2296 27.9343 7
      vertex 35.3 27.8996 7
    endloop
  endfacet
  facet normal 0 0 1
    outer loop
      vertex 36.5 29.48 7
      vertex 35.1553 27.9596 7
      vertex 35.2296 27.9343 7
    endloop
  endfacet
  facet normal 0 0 1
    outer loop
      vertex 36.5 29.48 7
      vertex 35.0783 27.9749 7
      vertex 35.1553 27.9596 7
    endloop
  endfacet
  facet normal 0 0 1
    outer loop
      vertex 36.5 29.48 7
      vertex 35 27.98 7
      vertex 35.0783 27.9749 7
    endloop
  endfacet
  facet normal 0 0 1
    outer loop
      vertex 36.5 29.48 7
      vertex 4.39999 27.98 7
      vertex 35 27.98 7
    endloop
  endfacet
  facet normal 0 0 1
    outer loop
      vertex 3.80513 27.4583 7
      vertex 2.3 28.88 7
      vertex 3.8 27.38 7
    endloop
  endfacet
  facet normal 0 0 1
    outer loop
      vertex 3.82043 27.5353 7
      vertex 2.3 28.88 7
      vertex 3.80513 27.4583 7
    endloop
  endfacet
  facet normal 0 0 1
    outer loop
      vertex 3.84567 27.6096 7
      vertex 2.3 28.88 7
      vertex 3.82043 27.5353 7
    endloop
  endfacet
  facet normal 0 0 1
    outer loop
      vertex 3.88038 27.68 7
      vertex 2.3 28.88 7
      vertex 3.84567 27.6096 7
    endloop
  endfacet
  facet normal 0 0 1
    outer loop
      vertex 3.92398 27.7453 7
      vertex 2.3 28.88 7
      vertex 3.88038 27.68 7
    endloop
  endfacet
  facet normal 0 0 1
    outer loop
      vertex 3.97573 27.8043 7
      vertex 2.3 28.88 7
      vertex 3.92398 27.7453 7
    endloop
  endfacet
  facet normal -0 0 1
    outer loop
      vertex 2.3 28.88 7
      vertex 3.97573 27.8043 7
      vertex 2.89999 29.48 7
    endloop
  endfacet
  facet normal 0 0 1
    outer loop
      vertex 4.03474 27.856 7
      vertex 2.89999 29.48 7
      vertex 3.97573 27.8043 7
    endloop
  endfacet
  facet normal 0 0 1
    outer loop
      vertex 4.09999 27.8996 7
      vertex 2.89999 29.48 7
      vertex 4.03474 27.856 7
    endloop
  endfacet
  facet normal 0 0 1
    outer loop
      vertex 4.17038 27.9343 7
      vertex 2.89999 29.48 7
      vertex 4.09999 27.8996 7
    endloop
  endfacet
  facet normal 0 0 1
    outer loop
      vertex 4.2447 27.9596 7
      vertex 2.89999 29.48 7
      vertex 4.17038 27.9343 7
    endloop
  endfacet
  facet normal 0 0 1
    outer loop
      vertex 4.32168 27.9749 7
      vertex 2.89999 29.48 7
      vertex 4.2447 27.9596 7
    endloop
  endfacet
  facet normal 0 0 1
    outer loop
      vertex 4.39999 27.98 7
      vertex 2.89999 29.48 7
      vertex 4.32168 27.9749 7
    endloop
  endfacet
  facet normal -0 0 1
    outer loop
      vertex 2.89999 29.48 7
      vertex 4.39999 27.98 7
      vertex 36.5 29.48 7
    endloop
  endfacet
  facet normal 0 0 1
    outer loop
      vertex 36.976 2.53475 7
      vertex 36.5 2.30001 7
      vertex 36.9243 2.47574 7
    endloop
  endfacet
  facet normal 0 0 1
    outer loop
      vertex 36.9243 2.47574 7
      vertex 36.5 2.30001 7
      vertex 36.8652 2.424 7
    endloop
  endfacet
  facet normal 0 0 1
    outer loop
      vertex 36.8652 2.424 7
      vertex 36.5 2.30001 7
      vertex 36.8 2.38039 7
    endloop
  endfacet
  facet normal 0 0 1
    outer loop
      vertex 36.8 2.38039 7
      vertex 36.5 2.30001 7
      vertex 36.7296 2.34568 7
    endloop
  endfacet
  facet normal 0 0 1
    outer loop
      vertex 36.6553 2.32045 7
      vertex 36.5 2.30001 7
      vertex 36.5783 2.30514 7
    endloop
  endfacet
  facet normal 0 0 1
    outer loop
      vertex 36.7296 2.34568 7
      vertex 36.5 2.30001 7
      vertex 36.6553 2.32045 7
    endloop
  endfacet
  facet normal 0 0 1
    outer loop
      vertex 37.0795 2.74471 7
      vertex 36.5 2.30001 7
      vertex 37.0543 2.6704 7
    endloop
  endfacet
  facet normal -0 0 1
    outer loop
      vertex 35.3652 3.924 7
      vertex 36.5 2.30001 7
      vertex 35.4243 3.97574 7
    endloop
  endfacet
  facet normal -0 0 1
    outer loop
      vertex 35.3 3.88039 7
      vertex 36.5 2.30001 7
      vertex 35.3652 3.924 7
    endloop
  endfacet
  facet normal -0 0 1
    outer loop
      vertex 35.2296 3.84568 7
      vertex 36.5 2.30001 7
      vertex 35.3 3.88039 7
    endloop
  endfacet
  facet normal -0 0 1
    outer loop
      vertex 35.1553 3.82045 7
      vertex 36.5 2.30001 7
      vertex 35.2296 3.84568 7
    endloop
  endfacet
  facet normal -0 0 1
    outer loop
      vertex 35.0783 3.80514 7
      vertex 36.5 2.30001 7
      vertex 35.1553 3.82045 7
    endloop
  endfacet
  facet normal -0 0 1
    outer loop
      vertex 35 3.80001 7
      vertex 36.5 2.30001 7
      vertex 35.0783 3.80514 7
    endloop
  endfacet
  facet normal -0 0 1
    outer loop
      vertex 4.39999 3.80001 7
      vertex 36.5 2.30001 7
      vertex 35 3.80001 7
    endloop
  endfacet
  facet normal 0 0 1
    outer loop
      vertex 4.39999 3.80001 7
      vertex 2.89999 2.30001 7
      vertex 36.5 2.30001 7
    endloop
  endfacet
  facet normal 0 0 1
    outer loop
      vertex 4.32168 3.80514 7
      vertex 2.89999 2.30001 7
      vertex 4.39999 3.80001 7
    endloop
  endfacet
  facet normal 0 0 1
    outer loop
      vertex 4.2447 3.82045 7
      vertex 2.89999 2.30001 7
      vertex 4.32168 3.80514 7
    endloop
  endfacet
  facet normal 0 0 1
    outer loop
      vertex 4.17038 3.84568 7
      vertex 2.89999 2.30001 7
      vertex 4.2447 3.82045 7
    endloop
  endfacet
  facet normal 0 0 1
    outer loop
      vertex 4.09999 3.88039 7
      vertex 2.89999 2.30001 7
      vertex 4.17038 3.84568 7
    endloop
  endfacet
  facet normal 0 0 1
    outer loop
      vertex 4.03474 3.924 7
      vertex 2.89999 2.30001 7
      vertex 4.09999 3.88039 7
    endloop
  endfacet
  facet normal 0 0 1
    outer loop
      vertex 3.97573 3.97574 7
      vertex 2.89999 2.30001 7
      vertex 4.03474 3.924 7
    endloop
  endfacet
  facet normal 0 0 1
    outer loop
      vertex 2.3 2.90001 7
      vertex 3.97573 3.97574 7
      vertex 3.92398 4.03475 7
    endloop
  endfacet
  facet normal 0 0 1
    outer loop
      vertex 2.3 2.90001 7
      vertex 3.92398 4.03475 7
      vertex 3.88038 4.10001 7
    endloop
  endfacet
  facet normal 0 0 1
    outer loop
      vertex 2.3 2.90001 7
      vertex 3.88038 4.10001 7
      vertex 3.84567 4.1704 7
    endloop
  endfacet
  facet normal 0 0 1
    outer loop
      vertex 2.3 2.90001 7
      vertex 3.84567 4.1704 7
      vertex 3.82043 4.24471 7
    endloop
  endfacet
  facet normal 0 0 1
    outer loop
      vertex 2.3 2.90001 7
      vertex 3.82043 4.24471 7
      vertex 3.80513 4.32169 7
    endloop
  endfacet
  facet normal 0 0 1
    outer loop
      vertex 2.3 2.90001 7
      vertex 3.80513 4.32169 7
      vertex 3.8 4.40001 7
    endloop
  endfacet
  facet normal 0 0 1
    outer loop
      vertex 3.8 27.38 7
      vertex 2.3 28.88 7
      vertex 3.8 4.40001 7
    endloop
  endfacet
  facet normal 0 0 1
    outer loop
      vertex 2.3 28.88 7
      vertex 2.89999 29.48 7
      vertex 2.82168 29.4749 7
    endloop
  endfacet
  facet normal 0 0 1
    outer loop
      vertex 2.3 2.90001 7
      vertex 3.8 4.40001 7
      vertex 2.3 28.88 7
    endloop
  endfacet
  facet normal 0 0 1
    outer loop
      vertex 2.3 28.88 7
      vertex 2.82168 29.4749 7
      vertex 2.7447 29.4596 7
    endloop
  endfacet
  facet normal 0 0 1
    outer loop
      vertex 3.97573 3.97574 7
      vertex 2.3 2.90001 7
      vertex 2.89999 2.30001 7
    endloop
  endfacet
  facet normal 0 0 1
    outer loop
      vertex 2.3 28.88 7
      vertex 2.7447 29.4596 7
      vertex 2.67038 29.4343 7
    endloop
  endfacet
  facet normal 0 0 1
    outer loop
      vertex 2.89999 2.30001 7
      vertex 2.3 2.90001 7
      vertex 2.82168 2.30514 7
    endloop
  endfacet
  facet normal 0 0 1
    outer loop
      vertex 2.3 28.88 7
      vertex 2.67038 29.4343 7
      vertex 2.59999 29.3996 7
    endloop
  endfacet
  facet normal 0 0 1
    outer loop
      vertex 2.82168 2.30514 7
      vertex 2.3 2.90001 7
      vertex 2.7447 2.32045 7
    endloop
  endfacet
  facet normal 0 0 1
    outer loop
      vertex 2.3 28.88 7
      vertex 2.59999 29.3996 7
      vertex 2.53474 29.356 7
    endloop
  endfacet
  facet normal 0 0 1
    outer loop
      vertex 2.7447 2.32045 7
      vertex 2.3 2.90001 7
      vertex 2.67038 2.34568 7
    endloop
  endfacet
  facet normal 0 0 1
    outer loop
      vertex 2.3 28.88 7
      vertex 2.53474 29.356 7
      vertex 2.47573 29.3043 7
    endloop
  endfacet
  facet normal 0 0 1
    outer loop
      vertex 2.67038 2.34568 7
      vertex 2.3 2.90001 7
      vertex 2.59999 2.38039 7
    endloop
  endfacet
  facet normal 0 0 1
    outer loop
      vertex 2.3 28.88 7
      vertex 2.47573 29.3043 7
      vertex 2.42398 29.2453 7
    endloop
  endfacet
  facet normal 0 0 1
    outer loop
      vertex 2.59999 2.38039 7
      vertex 2.3 2.90001 7
      vertex 2.53474 2.424 7
    endloop
  endfacet
  facet normal 0 0 1
    outer loop
      vertex 2.3 28.88 7
      vertex 2.42398 29.2453 7
      vertex 2.38038 29.18 7
    endloop
  endfacet
  facet normal 0 0 1
    outer loop
      vertex 2.53474 2.424 7
      vertex 2.3 2.90001 7
      vertex 2.47573 2.47574 7
    endloop
  endfacet
  facet normal 0 0 1
    outer loop
      vertex 2.3 28.88 7
      vertex 2.38038 29.18 7
      vertex 2.34567 29.1096 7
    endloop
  endfacet
  facet normal 0 0 1
    outer loop
      vertex 2.47573 2.47574 7
      vertex 2.3 2.90001 7
      vertex 2.42398 2.53475 7
    endloop
  endfacet
  facet normal 0 0 1
    outer loop
      vertex 2.3 28.88 7
      vertex 2.34567 29.1096 7
      vertex 2.32043 29.0353 7
    endloop
  endfacet
  facet normal 0 0 1
    outer loop
      vertex 2.42398 2.53475 7
      vertex 2.3 2.90001 7
      vertex 2.38038 2.60001 7
    endloop
  endfacet
  facet normal 0 0 1
    outer loop
      vertex 2.3 28.88 7
      vertex 2.32043 29.0353 7
      vertex 2.30513 28.9583 7
    endloop
  endfacet
  facet normal 0 0 1
    outer loop
      vertex 2.38038 2.60001 7
      vertex 2.3 2.90001 7
      vertex 2.34567 2.6704 7
    endloop
  endfacet
  facet normal 0 0 1
    outer loop
      vertex 2.34567 2.6704 7
      vertex 2.3 2.90001 7
      vertex 2.32043 2.74471 7
    endloop
  endfacet
  facet normal 0 0 1
    outer loop
      vertex 2.32043 2.74471 7
      vertex 2.3 2.90001 7
      vertex 2.30513 2.82169 7
    endloop
  endfacet
  facet normal 0.194891 0.980825 -0
    outer loop
      vertex 36.6553 29.4596 4.5
      vertex 36.5783 29.4749 7
      vertex 36.6553 29.4596 7
    endloop
  endfacet
  facet normal 0.194891 0.980825 0
    outer loop
      vertex 36.5783 29.4749 7
      vertex 36.6553 29.4596 4.5
      vertex 36.5783 29.4749 4.5
    endloop
  endfacet
  facet normal 0.194891 0.980825 -0
    outer loop
      vertex 36.6553 29.4596 2
      vertex 36.5783 29.4749 3.3
      vertex 36.6553 29.4596 3.3
    endloop
  endfacet
  facet normal 0.194891 0.980825 0
    outer loop
      vertex 36.5783 29.4749 3.3
      vertex 36.6553 29.4596 2
      vertex 36.5783 29.4749 2
    endloop
  endfacet
  facet normal 0.322337 0.946625 -4.43372e-06
    outer loop
      vertex 36.7296 29.4343 7
      vertex 36.6676 29.4554 4.5
      vertex 36.6553 29.4596 7
    endloop
  endfacet
  facet normal 0.322176 0.94668 -0
    outer loop
      vertex 36.7296 29.4343 2
      vertex 36.6676 29.4554 4.5
      vertex 36.7296 29.4343 7
    endloop
  endfacet
  facet normal 0.322176 0.94668 0
    outer loop
      vertex 36.6676 29.4554 4.5
      vertex 36.7296 29.4343 2
      vertex 36.6676 29.4554 3.3
    endloop
  endfacet
  facet normal 0.322337 0.946625 8.52639e-06
    outer loop
      vertex 36.6553 29.4596 2
      vertex 36.6676 29.4554 3.3
      vertex 36.7296 29.4343 2
    endloop
  endfacet
  facet normal 0.323144 0.94635 0
    outer loop
      vertex 36.6676 29.4554 3.3
      vertex 36.6553 29.4596 2
      vertex 36.6553 29.4596 3.3
    endloop
  endfacet
  facet normal 0.323144 0.94635 0
    outer loop
      vertex 36.6553 29.4596 7
      vertex 36.6676 29.4554 4.5
      vertex 36.6553 29.4596 4.5
    endloop
  endfacet
  facet normal 0.44211 0.896961 -0
    outer loop
      vertex 36.8 29.3996 2
      vertex 36.7296 29.4343 7
      vertex 36.8 29.3996 7
    endloop
  endfacet
  facet normal 0.44211 0.896961 0
    outer loop
      vertex 36.7296 29.4343 7
      vertex 36.8 29.3996 2
      vertex 36.7296 29.4343 2
    endloop
  endfacet
  facet normal 0.5547 0.83205 0
    outer loop
      vertex 36.8652 29.356 3.3
      vertex 36.8652 29.356 2
      vertex 36.8598 29.3596 3.3
    endloop
  endfacet
  facet normal 0.5547 0.83205 0
    outer loop
      vertex 36.8598 29.3596 4.5
      vertex 36.8652 29.356 7
      vertex 36.8652 29.356 4.5
    endloop
  endfacet
  facet normal 0.555877 0.831265 -3.67184e-06
    outer loop
      vertex 36.8652 29.356 7
      vertex 36.8598 29.3596 4.5
      vertex 36.8 29.3996 7
    endloop
  endfacet
  facet normal 0.555983 0.831194 0
    outer loop
      vertex 36.8 29.3996 2
      vertex 36.8598 29.3596 4.5
      vertex 36.8598 29.3596 3.3
    endloop
  endfacet
  facet normal 0.555877 0.831265 7.06124e-06
    outer loop
      vertex 36.8 29.3996 2
      vertex 36.8598 29.3596 3.3
      vertex 36.8652 29.356 2
    endloop
  endfacet
  facet normal 0.555983 0.831194 0
    outer loop
      vertex 36.8598 29.3596 4.5
      vertex 36.8 29.3996 2
      vertex 36.8 29.3996 7
    endloop
  endfacet
  facet normal 0.658414 0.752656 1.86954e-05
    outer loop
      vertex 36.9243 29.3043 7
      vertex 36.8671 29.3544 4.5
      vertex 36.8652 29.356 7
    endloop
  endfacet
  facet normal 0.658877 0.752251 -0
    outer loop
      vertex 36.9243 29.3043 2
      vertex 36.8671 29.3544 4.5
      vertex 36.9243 29.3043 7
    endloop
  endfacet
  facet normal 0.658877 0.752251 0
    outer loop
      vertex 36.8671 29.3544 4.5
      vertex 36.9243 29.3043 2
      vertex 36.8671 29.3544 3.3
    endloop
  endfacet
  facet normal 0.658414 0.752656 -3.59527e-05
    outer loop
      vertex 36.8652 29.356 2
      vertex 36.8671 29.3544 3.3
      vertex 36.9243 29.3043 2
    endloop
  endfacet
  facet normal 0.644136 0.764911 0
    outer loop
      vertex 36.8671 29.3544 3.3
      vertex 36.8652 29.356 2
      vertex 36.8652 29.356 3.3
    endloop
  endfacet
  facet normal 0.644136 0.764911 0
    outer loop
      vertex 36.8652 29.356 7
      vertex 36.8671 29.3544 4.5
      vertex 36.8652 29.356 4.5
    endloop
  endfacet
  facet normal 0.752577 0.658505 0
    outer loop
      vertex 36.9243 29.3043 7
      vertex 36.9712 29.2507 4.5
      vertex 36.9243 29.3043 2
    endloop
  endfacet
  facet normal 0.752103 0.659046 -2.0498e-05
    outer loop
      vertex 36.976 29.2453 7
      vertex 36.9712 29.2507 4.5
      vertex 36.9243 29.3043 7
    endloop
  endfacet
  facet normal 0.747409 0.664364 0
    outer loop
      vertex 36.9712 29.2507 4.5
      vertex 36.976 29.2453 7
      vertex 36.976 29.2453 4.5
    endloop
  endfacet
  facet normal 0.752577 0.658505 -0
    outer loop
      vertex 36.9712 29.2507 3.3
      vertex 36.9243 29.3043 2
      vertex 36.9712 29.2507 4.5
    endloop
  endfacet
  facet normal 0.747409 0.664364 -0
    outer loop
      vertex 36.976 29.2453 2
      vertex 36.9712 29.2507 3.3
      vertex 36.976 29.2453 3.3
    endloop
  endfacet
  facet normal 0.752103 0.659046 3.94192e-05
    outer loop
      vertex 36.9712 29.2507 3.3
      vertex 36.976 29.2453 2
      vertex 36.9243 29.3043 2
    endloop
  endfacet
  facet normal 0.831789 0.555092 0
    outer loop
      vertex 36.976 29.2453 7
      vertex 37.0087 29.1963 4.5
      vertex 36.976 29.2453 4.5
    endloop
  endfacet
  facet normal 0.831265 0.555877 0
    outer loop
      vertex 37.0087 29.1963 4.5
      vertex 37.0196 29.18 7
      vertex 37.0087 29.1963 3.3
    endloop
  endfacet
  facet normal 0.831658 0.555288 -5.55288e-06
    outer loop
      vertex 37.0196 29.18 7
      vertex 37.0087 29.1963 4.5
      vertex 36.976 29.2453 7
    endloop
  endfacet
  facet normal 0.831789 0.555092 0
    outer loop
      vertex 37.0087 29.1963 3.3
      vertex 36.976 29.2453 2
      vertex 36.976 29.2453 3.3
    endloop
  endfacet
  facet normal 0.831658 0.555288 1.06786e-05
    outer loop
      vertex 37.0087 29.1963 3.3
      vertex 37.0196 29.18 2
      vertex 36.976 29.2453 2
    endloop
  endfacet
  facet normal 0.831265 0.555877 -0
    outer loop
      vertex 37.0196 29.18 2
      vertex 37.0087 29.1963 3.3
      vertex 37.0196 29.18 7
    endloop
  endfacet
  facet normal 0.896961 0.44211 0
    outer loop
      vertex 37.0543 29.1096 7
      vertex 37.0196 29.18 2
      vertex 37.0196 29.18 7
    endloop
  endfacet
  facet normal 0.896961 0.44211 0
    outer loop
      vertex 37.0196 29.18 2
      vertex 37.0543 29.1096 7
      vertex 37.0543 29.1096 2
    endloop
  endfacet
  facet normal 0.947013 0.321194 0
    outer loop
      vertex 37.0795 29.0353 7
      vertex 37.0543 29.1096 2
      vertex 37.0543 29.1096 7
    endloop
  endfacet
  facet normal 0.947013 0.321194 0
    outer loop
      vertex 37.0543 29.1096 2
      vertex 37.0795 29.0353 7
      vertex 37.0795 29.0353 2
    endloop
  endfacet
  facet normal 0.980581 0.196116 0
    outer loop
      vertex 37.0949 28.9583 7
      vertex 37.0795 29.0353 2
      vertex 37.0795 29.0353 7
    endloop
  endfacet
  facet normal 0.980581 0.196116 0
    outer loop
      vertex 37.0795 29.0353 2
      vertex 37.0949 28.9583 7
      vertex 37.0949 28.9583 2
    endloop
  endfacet
  facet normal 0.997886 0.0649964 0
    outer loop
      vertex 37.1 28.88 7
      vertex 37.0949 28.9583 2
      vertex 37.0949 28.9583 7
    endloop
  endfacet
  facet normal 0.997886 0.0649964 0
    outer loop
      vertex 37.0949 28.9583 2
      vertex 37.1 28.88 7
      vertex 37.1 28.88 2
    endloop
  endfacet
  facet normal 1 -0 0
    outer loop
      vertex 37.1 2.90001 7
      vertex 37.1 28.88 2
      vertex 37.1 28.88 7
    endloop
  endfacet
  facet normal 1 0 0
    outer loop
      vertex 37.1 28.88 2
      vertex 37.1 2.90001 7
      vertex 37.1 2.90001 2
    endloop
  endfacet
  facet normal 0.997887 -0.0649798 0
    outer loop
      vertex 37.0949 2.82169 7
      vertex 37.1 2.90001 2
      vertex 37.1 2.90001 7
    endloop
  endfacet
  facet normal 0.997887 -0.0649798 0
    outer loop
      vertex 37.1 2.90001 2
      vertex 37.0949 2.82169 7
      vertex 37.0949 2.82169 2
    endloop
  endfacet
  facet normal 0.980571 -0.196165 0
    outer loop
      vertex 37.0949 2.82169 7
      vertex 37.0795 2.74471 4.5
      vertex 37.0949 2.82169 2
    endloop
  endfacet
  facet normal 0.980571 -0.196165 0
    outer loop
      vertex 37.0795 2.74471 7
      vertex 37.0795 2.74471 4.5
      vertex 37.0949 2.82169 7
    endloop
  endfacet
  facet normal 0.980571 -0.196165 0
    outer loop
      vertex 37.0795 2.74471 3.3
      vertex 37.0949 2.82169 2
      vertex 37.0795 2.74471 4.5
    endloop
  endfacet
  facet normal 0.980571 -0.196165 0
    outer loop
      vertex 37.0795 2.74471 3.3
      vertex 37.0795 2.74471 2
      vertex 37.0949 2.82169 2
    endloop
  endfacet
  facet normal 0.957024 -0.290007 0
    outer loop
      vertex 37.0795 2.74471 7
      vertex 37.0792 2.74372 4.5
      vertex 37.0795 2.74471 4.5
    endloop
  endfacet
  facet normal 0.946886 -0.321569 0
    outer loop
      vertex 37.0543 2.6704 2
      vertex 37.0792 2.74372 4.5
      vertex 37.0543 2.6704 7
    endloop
  endfacet
  facet normal 0.947026 -0.321156 1.35344e-05
    outer loop
      vertex 37.0543 2.6704 7
      vertex 37.0792 2.74372 4.5
      vertex 37.0795 2.74471 7
    endloop
  endfacet
  facet normal 0.957024 -0.290007 0
    outer loop
      vertex 37.0792 2.74372 3.3
      vertex 37.0795 2.74471 2
      vertex 37.0795 2.74471 3.3
    endloop
  endfacet
  facet normal 0.946886 -0.321569 0
    outer loop
      vertex 37.0792 2.74372 4.5
      vertex 37.0543 2.6704 2
      vertex 37.0792 2.74372 3.3
    endloop
  endfacet
  facet normal 0.947026 -0.321156 -2.60277e-05
    outer loop
      vertex 37.0792 2.74372 3.3
      vertex 37.0543 2.6704 2
      vertex 37.0795 2.74471 2
    endloop
  endfacet
  facet normal 0.896936 -0.44216 0
    outer loop
      vertex 37.0196 2.60001 7
      vertex 37.0543 2.6704 2
      vertex 37.0543 2.6704 7
    endloop
  endfacet
  facet normal 0.896936 -0.44216 0
    outer loop
      vertex 37.0543 2.6704 2
      vertex 37.0196 2.60001 7
      vertex 37.0196 2.60001 2
    endloop
  endfacet
  facet normal 0.831298 -0.555827 0
    outer loop
      vertex 37.0196 2.60001 7
      vertex 37.0014 2.57279 4.5
      vertex 37.0196 2.60001 2
    endloop
  endfacet
  facet normal 0.831501 -0.555523 -4.79075e-06
    outer loop
      vertex 36.976 2.53475 7
      vertex 37.0014 2.57279 4.5
      vertex 37.0196 2.60001 7
    endloop
  endfacet
  facet normal 0.831646 -0.555305 0
    outer loop
      vertex 37.0014 2.57279 4.5
      vertex 36.976 2.53475 7
      vertex 36.976 2.53475 4.5
    endloop
  endfacet
  facet normal 0.831298 -0.555827 0
    outer loop
      vertex 37.0014 2.57279 3.3
      vertex 37.0196 2.60001 2
      vertex 37.0014 2.57279 4.5
    endloop
  endfacet
  facet normal 0.831646 -0.555305 0
    outer loop
      vertex 36.976 2.53475 2
      vertex 37.0014 2.57279 3.3
      vertex 36.976 2.53475 3.3
    endloop
  endfacet
  facet normal 0.831501 -0.555523 9.21298e-06
    outer loop
      vertex 37.0014 2.57279 3.3
      vertex 36.976 2.53475 2
      vertex 37.0196 2.60001 2
    endloop
  endfacet
  facet normal 0.751446 -0.659795 0
    outer loop
      vertex 36.976 2.53475 7
      vertex 36.9485 2.50343 4.5
      vertex 36.976 2.53475 4.5
    endloop
  endfacet
  facet normal 0.752964 -0.658062 0
    outer loop
      vertex 36.9243 2.47574 2
      vertex 36.9485 2.50343 4.5
      vertex 36.9243 2.47574 7
    endloop
  endfacet
  facet normal 0.752158 -0.658983 -1.80028e-05
    outer loop
      vertex 36.9243 2.47574 7
      vertex 36.9485 2.50343 4.5
      vertex 36.976 2.53475 7
    endloop
  endfacet
  facet normal 0.751446 -0.659795 0
    outer loop
      vertex 36.9485 2.50343 3.3
      vertex 36.976 2.53475 2
      vertex 36.976 2.53475 3.3
    endloop
  endfacet
  facet normal 0.752158 -0.658983 3.46209e-05
    outer loop
      vertex 36.9485 2.50343 3.3
      vertex 36.9243 2.47574 2
      vertex 36.976 2.53475 2
    endloop
  endfacet
  facet normal 0.752964 -0.658062 0
    outer loop
      vertex 36.9485 2.50343 4.5
      vertex 36.9243 2.47574 2
      vertex 36.9485 2.50343 3.3
    endloop
  endfacet
  facet normal 0.658703 -0.752403 0
    outer loop
      vertex 36.8652 2.424 2
      vertex 36.9243 2.47574 7
      vertex 36.8652 2.424 7
    endloop
  endfacet
  facet normal 0.658703 -0.752403 0
    outer loop
      vertex 36.9243 2.47574 7
      vertex 36.8652 2.424 2
      vertex 36.9243 2.47574 2
    endloop
  endfacet
  facet normal 0.555965 -0.831206 0
    outer loop
      vertex 36.8 2.38039 2
      vertex 36.8652 2.424 7
      vertex 36.8 2.38039 7
    endloop
  endfacet
  facet normal 0.555965 -0.831206 0
    outer loop
      vertex 36.8652 2.424 7
      vertex 36.8 2.38039 2
      vertex 36.8652 2.424 2
    endloop
  endfacet
  facet normal 0.442212 -0.89691 0
    outer loop
      vertex 36.7296 2.34568 2
      vertex 36.8 2.38039 7
      vertex 36.7296 2.34568 7
    endloop
  endfacet
  facet normal 0.442212 -0.89691 0
    outer loop
      vertex 36.8 2.38039 7
      vertex 36.7296 2.34568 2
      vertex 36.8 2.38039 2
    endloop
  endfacet
  facet normal 0.321537 -0.946897 0
    outer loop
      vertex 36.6553 2.32045 2
      vertex 36.7296 2.34568 7
      vertex 36.6553 2.32045 7
    endloop
  endfacet
  facet normal 0.321537 -0.946897 0
    outer loop
      vertex 36.7296 2.34568 7
      vertex 36.6553 2.32045 2
      vertex 36.7296 2.34568 2
    endloop
  endfacet
  facet normal 0.195066 -0.98079 0
    outer loop
      vertex 36.5783 2.30514 3.3
      vertex 36.5783 2.30514 2
      vertex 36.6322 2.31586 3.3
    endloop
  endfacet
  facet normal 0.195014 -0.980801 0
    outer loop
      vertex 36.5783 2.30514 4.5
      vertex 36.6553 2.32045 7
      vertex 36.5783 2.30514 7
    endloop
  endfacet
  facet normal 0.195066 -0.98079 -1.68135e-06
    outer loop
      vertex 36.6322 2.31586 4.5
      vertex 36.6553 2.32045 7
      vertex 36.5783 2.30514 4.5
    endloop
  endfacet
  facet normal 0.194891 -0.980825 0
    outer loop
      vertex 36.6322 2.31586 3.3
      vertex 36.6553 2.32045 7
      vertex 36.6322 2.31586 4.5
    endloop
  endfacet
  facet normal 0.194891 -0.980825 0
    outer loop
      vertex 36.6322 2.31586 3.3
      vertex 36.6553 2.32045 2
      vertex 36.6553 2.32045 7
    endloop
  endfacet
  facet normal 0.195014 -0.980801 2.26339e-06
    outer loop
      vertex 36.6553 2.32045 2
      vertex 36.6322 2.31586 3.3
      vertex 36.5783 2.30514 2
    endloop
  endfacet
  facet normal 0.0653771 -0.997861 2.75272e-07
    outer loop
      vertex 36.5 2.30001 7
      vertex 36.5168 2.30111 4.5
      vertex 36.5783 2.30514 7
    endloop
  endfacet
  facet normal 0.0653363 -0.997863 0
    outer loop
      vertex 36.5 2.30001 7
      vertex 36.5168 2.30111 3.3
      vertex 36.5168 2.30111 4.5
    endloop
  endfacet
  facet normal 0.0653363 -0.997863 0
    outer loop
      vertex 36.5 2.30001 2
      vertex 36.5168 2.30111 3.3
      vertex 36.5 2.30001 7
    endloop
  endfacet
  facet normal 0.0653771 -0.997861 -5.29369e-07
    outer loop
      vertex 36.5783 2.30514 2
      vertex 36.5168 2.30111 3.3
      vertex 36.5 2.30001 2
    endloop
  endfacet
  facet normal 0.0653882 -0.99786 0
    outer loop
      vertex 36.5168 2.30111 3.3
      vertex 36.5783 2.30514 2
      vertex 36.5783 2.30514 3.3
    endloop
  endfacet
  facet normal 0.0653882 -0.99786 0
    outer loop
      vertex 36.5783 2.30514 7
      vertex 36.5168 2.30111 4.5
      vertex 36.5783 2.30514 4.5
    endloop
  endfacet
  facet normal 0 -1 0
    outer loop
      vertex 2.89999 2.30001 2
      vertex 36.5 2.30001 7
      vertex 2.89999 2.30001 7
    endloop
  endfacet
  facet normal 0 -1 -0
    outer loop
      vertex 36.5 2.30001 7
      vertex 2.89999 2.30001 2
      vertex 36.5 2.30001 2
    endloop
  endfacet
  facet normal -0.0654138 -0.997858 -0
    outer loop
      vertex 2.82168 2.30514 3.3
      vertex 2.82168 2.30514 2
      vertex 2.88041 2.30129 3.3
    endloop
  endfacet
  facet normal -0.0653688 -0.997861 0
    outer loop
      vertex 2.82168 2.30514 4.5
      vertex 2.89999 2.30001 7
      vertex 2.82168 2.30514 7
    endloop
  endfacet
  facet normal -0.0654138 -0.997858 1.4177e-06
    outer loop
      vertex 2.88041 2.30129 4.5
      vertex 2.89999 2.30001 7
      vertex 2.82168 2.30514 4.5
    endloop
  endfacet
  facet normal -0.0652336 -0.99787 0
    outer loop
      vertex 2.88041 2.30129 3.3
      vertex 2.89999 2.30001 7
      vertex 2.88041 2.30129 4.5
    endloop
  endfacet
  facet normal -0.0652336 -0.99787 0
    outer loop
      vertex 2.88041 2.30129 3.3
      vertex 2.89999 2.30001 2
      vertex 2.89999 2.30001 7
    endloop
  endfacet
  facet normal -0.0653688 -0.997861 -2.04467e-06
    outer loop
      vertex 2.89999 2.30001 2
      vertex 2.88041 2.30129 3.3
      vertex 2.82168 2.30514 2
    endloop
  endfacet
  facet normal -0.195062 -0.980791 5.90666e-07
    outer loop
      vertex 2.7447 2.32045 7
      vertex 2.76395 2.31662 4.5
      vertex 2.82168 2.30514 7
    endloop
  endfacet
  facet normal -0.195136 -0.980776 0
    outer loop
      vertex 2.7447 2.32045 7
      vertex 2.76395 2.31662 3.3
      vertex 2.76395 2.31662 4.5
    endloop
  endfacet
  facet normal -0.195136 -0.980776 0
    outer loop
      vertex 2.7447 2.32045 2
      vertex 2.76395 2.31662 3.3
      vertex 2.7447 2.32045 7
    endloop
  endfacet
  facet normal -0.195062 -0.980791 -1.1359e-06
    outer loop
      vertex 2.82168 2.30514 2
      vertex 2.76395 2.31662 3.3
      vertex 2.7447 2.32045 2
    endloop
  endfacet
  facet normal -0.195038 -0.980796 0
    outer loop
      vertex 2.76395 2.31662 3.3
      vertex 2.82168 2.30514 2
      vertex 2.82168 2.30514 3.3
    endloop
  endfacet
  facet normal -0.195038 -0.980796 -0
    outer loop
      vertex 2.82168 2.30514 7
      vertex 2.76395 2.31662 4.5
      vertex 2.82168 2.30514 4.5
    endloop
  endfacet
  facet normal -0.32146 -0.946923 0
    outer loop
      vertex 2.67038 2.34568 2
      vertex 2.7447 2.32045 7
      vertex 2.67038 2.34568 7
    endloop
  endfacet
  facet normal -0.32146 -0.946923 -0
    outer loop
      vertex 2.7447 2.32045 7
      vertex 2.67038 2.34568 2
      vertex 2.7447 2.32045 2
    endloop
  endfacet
  facet normal -0.442263 -0.896885 0
    outer loop
      vertex 2.59999 2.38039 2
      vertex 2.67038 2.34568 7
      vertex 2.59999 2.38039 7
    endloop
  endfacet
  facet normal -0.442263 -0.896885 -0
    outer loop
      vertex 2.67038 2.34568 7
      vertex 2.59999 2.38039 2
      vertex 2.67038 2.34568 2
    endloop
  endfacet
  facet normal -0.55567 -0.831403 0
    outer loop
      vertex 2.53474 2.424 2
      vertex 2.59999 2.38039 7
      vertex 2.53474 2.424 7
    endloop
  endfacet
  facet normal -0.55567 -0.831403 -0
    outer loop
      vertex 2.59999 2.38039 7
      vertex 2.53474 2.424 2
      vertex 2.59999 2.38039 2
    endloop
  endfacet
  facet normal -0.659271 -0.751905 0
    outer loop
      vertex 2.47573 2.47574 2
      vertex 2.53474 2.424 7
      vertex 2.47573 2.47574 7
    endloop
  endfacet
  facet normal -0.659271 -0.751905 -0
    outer loop
      vertex 2.53474 2.424 7
      vertex 2.47573 2.47574 2
      vertex 2.53474 2.424 2
    endloop
  endfacet
  facet normal -0.753089 -0.657919 0
    outer loop
      vertex 2.42398 2.53475 2
      vertex 2.42557 2.53293 3.3
      vertex 2.42398 2.53475 3.3
    endloop
  endfacet
  facet normal -0.751803 -0.659388 0
    outer loop
      vertex 2.42557 2.53293 3.3
      vertex 2.47573 2.47574 2
      vertex 2.42557 2.53293 4.5
    endloop
  endfacet
  facet normal -0.751842 -0.659343 -3.51944e-06
    outer loop
      vertex 2.47573 2.47574 2
      vertex 2.42557 2.53293 3.3
      vertex 2.42398 2.53475 2
    endloop
  endfacet
  facet normal -0.753089 -0.657919 0
    outer loop
      vertex 2.42557 2.53293 4.5
      vertex 2.42398 2.53475 7
      vertex 2.42398 2.53475 4.5
    endloop
  endfacet
  facet normal -0.751803 -0.659388 -0
    outer loop
      vertex 2.47573 2.47574 7
      vertex 2.42557 2.53293 4.5
      vertex 2.47573 2.47574 2
    endloop
  endfacet
  facet normal -0.751842 -0.659343 1.83011e-06
    outer loop
      vertex 2.42557 2.53293 4.5
      vertex 2.47573 2.47574 7
      vertex 2.42398 2.53475 7
    endloop
  endfacet
  facet normal -0.831537 -0.555469 -0
    outer loop
      vertex 2.42036 2.54016 4.5
      vertex 2.38038 2.60001 2
      vertex 2.42036 2.54016 3.3
    endloop
  endfacet
  facet normal -0.831501 -0.555523 -3.57934e-06
    outer loop
      vertex 2.42398 2.53475 2
      vertex 2.42036 2.54016 3.3
      vertex 2.38038 2.60001 2
    endloop
  endfacet
  facet normal -0.831104 -0.556117 0
    outer loop
      vertex 2.42036 2.54016 3.3
      vertex 2.42398 2.53475 2
      vertex 2.42398 2.53475 3.3
    endloop
  endfacet
  facet normal -0.831537 -0.555469 0
    outer loop
      vertex 2.38038 2.60001 2
      vertex 2.42036 2.54016 4.5
      vertex 2.38038 2.60001 7
    endloop
  endfacet
  facet normal -0.831104 -0.556117 -0
    outer loop
      vertex 2.42398 2.53475 7
      vertex 2.42036 2.54016 4.5
      vertex 2.42398 2.53475 4.5
    endloop
  endfacet
  facet normal -0.831501 -0.555523 1.86126e-06
    outer loop
      vertex 2.42036 2.54016 4.5
      vertex 2.42398 2.53475 7
      vertex 2.38038 2.60001 7
    endloop
  endfacet
  facet normal -0.896885 -0.442263 0
    outer loop
      vertex 2.38038 2.60001 2
      vertex 2.34567 2.6704 7
      vertex 2.34567 2.6704 2
    endloop
  endfacet
  facet normal -0.896885 -0.442263 0
    outer loop
      vertex 2.34567 2.6704 7
      vertex 2.38038 2.60001 2
      vertex 2.38038 2.60001 7
    endloop
  endfacet
  facet normal -0.946841 -0.321703 0
    outer loop
      vertex 2.32043 2.74471 2
      vertex 2.32994 2.71672 3.3
      vertex 2.32043 2.74471 3.3
    endloop
  endfacet
  facet normal -0.94689 -0.321558 0
    outer loop
      vertex 2.32994 2.71672 3.3
      vertex 2.34567 2.6704 2
      vertex 2.32994 2.71672 4.5
    endloop
  endfacet
  facet normal -0.946871 -0.321613 2.16127e-06
    outer loop
      vertex 2.34567 2.6704 2
      vertex 2.32994 2.71672 3.3
      vertex 2.32043 2.74471 2
    endloop
  endfacet
  facet normal -0.946841 -0.321703 0
    outer loop
      vertex 2.32994 2.71672 4.5
      vertex 2.32043 2.74471 7
      vertex 2.32043 2.74471 4.5
    endloop
  endfacet
  facet normal -0.94689 -0.321558 -0
    outer loop
      vertex 2.34567 2.6704 7
      vertex 2.32994 2.71672 4.5
      vertex 2.34567 2.6704 2
    endloop
  endfacet
  facet normal -0.946871 -0.321613 -1.12386e-06
    outer loop
      vertex 2.32994 2.71672 4.5
      vertex 2.34567 2.6704 7
      vertex 2.32043 2.74471 7
    endloop
  endfacet
  facet normal -0.980815 -0.19494 0
    outer loop
      vertex 2.32043 2.74471 4.5
      vertex 2.30513 2.82169 7
      vertex 2.30513 2.82169 4.5
    endloop
  endfacet
  facet normal -0.980815 -0.19494 0
    outer loop
      vertex 2.30513 2.82169 7
      vertex 2.32043 2.74471 4.5
      vertex 2.32043 2.74471 7
    endloop
  endfacet
  facet normal -0.980815 -0.19494 0
    outer loop
      vertex 2.32043 2.74471 2
      vertex 2.30513 2.82169 3.3
      vertex 2.30513 2.82169 2
    endloop
  endfacet
  facet normal -0.980815 -0.19494 0
    outer loop
      vertex 2.30513 2.82169 3.3
      vertex 2.32043 2.74471 2
      vertex 2.32043 2.74471 3.3
    endloop
  endfacet
  facet normal -0.997863 -0.0653383 -0
    outer loop
      vertex 2.30393 2.83999 4.5
      vertex 2.3 2.90001 2
      vertex 2.30393 2.83999 3.3
    endloop
  endfacet
  facet normal -0.997862 -0.0653605 -1.02907e-06
    outer loop
      vertex 2.30513 2.82169 2
      vertex 2.30393 2.83999 3.3
      vertex 2.3 2.90001 2
    endloop
  endfacet
  facet normal -0.997857 -0.0654332 0
    outer loop
      vertex 2.30393 2.83999 3.3
      vertex 2.30513 2.82169 2
      vertex 2.30513 2.82169 3.3
    endloop
  endfacet
  facet normal -0.997863 -0.0653383 0
    outer loop
      vertex 2.3 2.90001 2
      vertex 2.30393 2.83999 4.5
      vertex 2.3 2.90001 7
    endloop
  endfacet
  facet normal -0.997857 -0.0654332 -0
    outer loop
      vertex 2.30513 2.82169 7
      vertex 2.30393 2.83999 4.5
      vertex 2.30513 2.82169 4.5
    endloop
  endfacet
  facet normal -0.997862 -0.0653605 5.35115e-07
    outer loop
      vertex 2.30393 2.83999 4.5
      vertex 2.30513 2.82169 7
      vertex 2.3 2.90001 7
    endloop
  endfacet
  facet normal -1 0 0
    outer loop
      vertex 2.3 2.90001 2
      vertex 2.3 28.88 7
      vertex 2.3 28.88 2
    endloop
  endfacet
  facet normal -1 -0 0
    outer loop
      vertex 2.3 28.88 7
      vertex 2.3 2.90001 2
      vertex 2.3 2.90001 7
    endloop
  endfacet
  facet normal -0.997824 0.0659277 0
    outer loop
      vertex 2.30513 28.9583 2
      vertex 2.30402 28.9415 3.3
      vertex 2.30513 28.9583 3.3
    endloop
  endfacet
  facet normal -0.99787 0.0652267 0
    outer loop
      vertex 2.30402 28.9415 3.3
      vertex 2.3 28.88 2
      vertex 2.30402 28.9415 4.5
    endloop
  endfacet
  facet normal -0.997861 0.0653771 -7.14648e-06
    outer loop
      vertex 2.3 28.88 2
      vertex 2.30402 28.9415 3.3
      vertex 2.30513 28.9583 2
    endloop
  endfacet
  facet normal -0.997824 0.0659277 0
    outer loop
      vertex 2.30402 28.9415 4.5
      vertex 2.30513 28.9583 7
      vertex 2.30513 28.9583 4.5
    endloop
  endfacet
  facet normal -0.99787 0.0652267 0
    outer loop
      vertex 2.3 28.88 7
      vertex 2.30402 28.9415 4.5
      vertex 2.3 28.88 2
    endloop
  endfacet
  facet normal -0.997861 0.0653771 3.71617e-06
    outer loop
      vertex 2.30402 28.9415 4.5
      vertex 2.3 28.88 7
      vertex 2.30513 28.9583 7
    endloop
  endfacet
  facet normal -0.980825 0.194891 0
    outer loop
      vertex 2.30513 28.9583 4.5
      vertex 2.32043 29.0353 7
      vertex 2.32043 29.0353 4.5
    endloop
  endfacet
  facet normal -0.980825 0.194891 0
    outer loop
      vertex 2.32043 29.0353 7
      vertex 2.30513 28.9583 4.5
      vertex 2.30513 28.9583 7
    endloop
  endfacet
  facet normal -0.980825 0.194891 0
    outer loop
      vertex 2.30513 28.9583 2
      vertex 2.32043 29.0353 3.3
      vertex 2.32043 29.0353 2
    endloop
  endfacet
  facet normal -0.980825 0.194891 0
    outer loop
      vertex 2.32043 29.0353 3.3
      vertex 2.30513 28.9583 2
      vertex 2.30513 28.9583 3.3
    endloop
  endfacet
  facet normal -0.946808 0.3218 0
    outer loop
      vertex 2.32888 29.0602 4.5
      vertex 2.34567 29.1096 2
      vertex 2.32888 29.0602 3.3
    endloop
  endfacet
  facet normal -0.946858 0.321651 -6.28363e-06
    outer loop
      vertex 2.32043 29.0353 2
      vertex 2.32888 29.0602 3.3
      vertex 2.34567 29.1096 2
    endloop
  endfacet
  facet normal -0.946958 0.321357 0
    outer loop
      vertex 2.32888 29.0602 3.3
      vertex 2.32043 29.0353 2
      vertex 2.32043 29.0353 3.3
    endloop
  endfacet
  facet normal -0.946808 0.3218 0
    outer loop
      vertex 2.34567 29.1096 2
      vertex 2.32888 29.0602 4.5
      vertex 2.34567 29.1096 7
    endloop
  endfacet
  facet normal -0.946958 0.321357 0
    outer loop
      vertex 2.32043 29.0353 7
      vertex 2.32888 29.0602 4.5
      vertex 2.32043 29.0353 4.5
    endloop
  endfacet
  facet normal -0.946858 0.321651 3.26749e-06
    outer loop
      vertex 2.32888 29.0602 4.5
      vertex 2.32043 29.0353 7
      vertex 2.34567 29.1096 7
    endloop
  endfacet
  facet normal -0.89691 0.442212 0
    outer loop
      vertex 2.34567 29.1096 2
      vertex 2.38038 29.18 7
      vertex 2.38038 29.18 2
    endloop
  endfacet
  facet normal -0.89691 0.442212 0
    outer loop
      vertex 2.38038 29.18 7
      vertex 2.34567 29.1096 2
      vertex 2.34567 29.1096 7
    endloop
  endfacet
  facet normal -0.831658 0.555288 0
    outer loop
      vertex 2.38038 29.18 2
      vertex 2.42398 29.2453 7
      vertex 2.42398 29.2453 2
    endloop
  endfacet
  facet normal -0.831658 0.555288 0
    outer loop
      vertex 2.42398 29.2453 7
      vertex 2.38038 29.18 2
      vertex 2.38038 29.18 7
    endloop
  endfacet
  facet normal -0.751787 0.659406 0
    outer loop
      vertex 2.42398 29.2453 2
      vertex 2.47573 29.3043 7
      vertex 2.47573 29.3043 2
    endloop
  endfacet
  facet normal -0.751787 0.659406 0
    outer loop
      vertex 2.47573 29.3043 7
      vertex 2.42398 29.2453 2
      vertex 2.42398 29.2453 7
    endloop
  endfacet
  facet normal -0.658983 0.752158 0
    outer loop
      vertex 2.53474 29.356 2
      vertex 2.47573 29.3043 7
      vertex 2.53474 29.356 7
    endloop
  endfacet
  facet normal -0.658983 0.752158 0
    outer loop
      vertex 2.47573 29.3043 7
      vertex 2.53474 29.356 2
      vertex 2.47573 29.3043 2
    endloop
  endfacet
  facet normal -0.555582 0.831462 0
    outer loop
      vertex 2.59999 29.3996 2
      vertex 2.53474 29.356 7
      vertex 2.59999 29.3996 7
    endloop
  endfacet
  facet normal -0.555582 0.831462 0
    outer loop
      vertex 2.53474 29.356 7
      vertex 2.59999 29.3996 2
      vertex 2.53474 29.356 2
    endloop
  endfacet
  facet normal -0.44216 0.896936 0
    outer loop
      vertex 2.67038 29.4343 2
      vertex 2.59999 29.3996 7
      vertex 2.67038 29.4343 7
    endloop
  endfacet
  facet normal -0.44216 0.896936 0
    outer loop
      vertex 2.59999 29.3996 7
      vertex 2.67038 29.4343 2
      vertex 2.59999 29.3996 2
    endloop
  endfacet
  facet normal -0.323177 0.946339 0
    outer loop
      vertex 2.7447 29.4596 3.3
      vertex 2.7447 29.4596 2
      vertex 2.71981 29.4511 3.3
    endloop
  endfacet
  facet normal -0.323177 0.946339 0
    outer loop
      vertex 2.71981 29.4511 4.5
      vertex 2.7447 29.4596 7
      vertex 2.7447 29.4596 4.5
    endloop
  endfacet
  facet normal -0.322259 0.946652 -1.02053e-05
    outer loop
      vertex 2.7447 29.4596 7
      vertex 2.71981 29.4511 4.5
      vertex 2.67038 29.4343 7
    endloop
  endfacet
  facet normal -0.321796 0.946809 0
    outer loop
      vertex 2.67038 29.4343 2
      vertex 2.71981 29.4511 4.5
      vertex 2.71981 29.4511 3.3
    endloop
  endfacet
  facet normal -0.321796 0.946809 0
    outer loop
      vertex 2.71981 29.4511 4.5
      vertex 2.67038 29.4343 2
      vertex 2.67038 29.4343 7
    endloop
  endfacet
  facet normal -0.322259 0.946652 1.96256e-05
    outer loop
      vertex 2.67038 29.4343 2
      vertex 2.71981 29.4511 3.3
      vertex 2.7447 29.4596 2
    endloop
  endfacet
  facet normal -0.19494 0.980815 0
    outer loop
      vertex 2.82168 29.4749 4.5
      vertex 2.7447 29.4596 7
      vertex 2.82168 29.4749 7
    endloop
  endfacet
  facet normal -0.19494 0.980815 0
    outer loop
      vertex 2.7447 29.4596 7
      vertex 2.82168 29.4749 4.5
      vertex 2.7447 29.4596 4.5
    endloop
  endfacet
  facet normal -0.19494 0.980815 0
    outer loop
      vertex 2.82168 29.4749 2
      vertex 2.7447 29.4596 3.3
      vertex 2.82168 29.4749 3.3
    endloop
  endfacet
  facet normal -0.19494 0.980815 0
    outer loop
      vertex 2.7447 29.4596 3.3
      vertex 2.82168 29.4749 2
      vertex 2.7447 29.4596 2
    endloop
  endfacet
  facet normal -0.0649881 0.997886 1.56991e-06
    outer loop
      vertex 2.89999 29.48 7
      vertex 2.83851 29.476 4.5
      vertex 2.82168 29.4749 7
    endloop
  endfacet
  facet normal -0.0649245 0.99789 0
    outer loop
      vertex 2.89999 29.48 2
      vertex 2.83851 29.476 4.5
      vertex 2.89999 29.48 7
    endloop
  endfacet
  facet normal -0.0649245 0.99789 0
    outer loop
      vertex 2.83851 29.476 4.5
      vertex 2.89999 29.48 2
      vertex 2.83851 29.476 3.3
    endloop
  endfacet
  facet normal -0.0649881 0.997886 -3.01906e-06
    outer loop
      vertex 2.82168 29.4749 2
      vertex 2.83851 29.476 3.3
      vertex 2.89999 29.48 2
    endloop
  endfacet
  facet normal -0.0652203 0.997871 0
    outer loop
      vertex 2.83851 29.476 3.3
      vertex 2.82168 29.4749 2
      vertex 2.82168 29.4749 3.3
    endloop
  endfacet
  facet normal -0.0652203 0.997871 0
    outer loop
      vertex 2.82168 29.4749 7
      vertex 2.83851 29.476 4.5
      vertex 2.82168 29.4749 4.5
    endloop
  endfacet
  facet normal 0 1 -0
    outer loop
      vertex 36.5 29.48 2
      vertex 2.89999 29.48 7
      vertex 36.5 29.48 7
    endloop
  endfacet
  facet normal 0 1 0
    outer loop
      vertex 2.89999 29.48 7
      vertex 36.5 29.48 2
      vertex 2.89999 29.48 2
    endloop
  endfacet
  facet normal 0.0661811 0.997808 0
    outer loop
      vertex 36.5783 29.4749 3.3
      vertex 36.5783 29.4749 2
      vertex 36.5587 29.4762 3.3
    endloop
  endfacet
  facet normal 0.0661811 0.997808 0
    outer loop
      vertex 36.5587 29.4762 4.5
      vertex 36.5783 29.4749 7
      vertex 36.5783 29.4749 4.5
    endloop
  endfacet
  facet normal 0.0649964 0.997886 9.32889e-06
    outer loop
      vertex 36.5783 29.4749 7
      vertex 36.5587 29.4762 4.5
      vertex 36.5 29.48 7
    endloop
  endfacet
  facet normal 0.0646007 0.997911 0
    outer loop
      vertex 36.5 29.48 2
      vertex 36.5587 29.4762 4.5
      vertex 36.5587 29.4762 3.3
    endloop
  endfacet
  facet normal 0.0649964 0.997885 -1.79402e-05
    outer loop
      vertex 36.5 29.48 2
      vertex 36.5587 29.4762 3.3
      vertex 36.5783 29.4749 2
    endloop
  endfacet
  facet normal 0.0646007 0.997911 0
    outer loop
      vertex 36.5587 29.4762 4.5
      vertex 36.5 29.48 2
      vertex 36.5 29.48 7
    endloop
  endfacet
  facet normal 0.0649881 -0.997886 0
    outer loop
      vertex 4.32168 27.9749 2
      vertex 4.39999 27.98 7
      vertex 4.32168 27.9749 7
    endloop
  endfacet
  facet normal 0.0649881 -0.997886 0
    outer loop
      vertex 4.39999 27.98 7
      vertex 4.32168 27.9749 2
      vertex 4.39999 27.98 2
    endloop
  endfacet
  facet normal 0.19494 -0.980815 0
    outer loop
      vertex 4.2447 27.9596 2
      vertex 4.32168 27.9749 7
      vertex 4.2447 27.9596 7
    endloop
  endfacet
  facet normal 0.19494 -0.980815 0
    outer loop
      vertex 4.32168 27.9749 7
      vertex 4.2447 27.9596 2
      vertex 4.32168 27.9749 2
    endloop
  endfacet
  facet normal 0.322259 -0.946652 0
    outer loop
      vertex 4.17038 27.9343 2
      vertex 4.2447 27.9596 7
      vertex 4.17038 27.9343 7
    endloop
  endfacet
  facet normal 0.322259 -0.946652 0
    outer loop
      vertex 4.2447 27.9596 7
      vertex 4.17038 27.9343 2
      vertex 4.2447 27.9596 2
    endloop
  endfacet
  facet normal 0.44216 -0.896936 0
    outer loop
      vertex 4.09999 27.8996 2
      vertex 4.17038 27.9343 7
      vertex 4.09999 27.8996 7
    endloop
  endfacet
  facet normal 0.44216 -0.896936 0
    outer loop
      vertex 4.17038 27.9343 7
      vertex 4.09999 27.8996 2
      vertex 4.17038 27.9343 2
    endloop
  endfacet
  facet normal 0.555582 -0.831462 0
    outer loop
      vertex 4.03474 27.856 2
      vertex 4.09999 27.8996 7
      vertex 4.03474 27.856 7
    endloop
  endfacet
  facet normal 0.555582 -0.831462 0
    outer loop
      vertex 4.09999 27.8996 7
      vertex 4.03474 27.856 2
      vertex 4.09999 27.8996 2
    endloop
  endfacet
  facet normal 0.658983 -0.752158 0
    outer loop
      vertex 3.97573 27.8043 2
      vertex 4.03474 27.856 7
      vertex 3.97573 27.8043 7
    endloop
  endfacet
  facet normal 0.658983 -0.752158 0
    outer loop
      vertex 4.03474 27.856 7
      vertex 3.97573 27.8043 2
      vertex 4.03474 27.856 2
    endloop
  endfacet
  facet normal 0.751787 -0.659406 0
    outer loop
      vertex 3.92398 27.7453 7
      vertex 3.97573 27.8043 2
      vertex 3.97573 27.8043 7
    endloop
  endfacet
  facet normal 0.751787 -0.659406 0
    outer loop
      vertex 3.97573 27.8043 2
      vertex 3.92398 27.7453 7
      vertex 3.92398 27.7453 2
    endloop
  endfacet
  facet normal 0.831658 -0.555288 0
    outer loop
      vertex 3.88038 27.68 7
      vertex 3.92398 27.7453 2
      vertex 3.92398 27.7453 7
    endloop
  endfacet
  facet normal 0.831658 -0.555288 0
    outer loop
      vertex 3.92398 27.7453 2
      vertex 3.88038 27.68 7
      vertex 3.88038 27.68 2
    endloop
  endfacet
  facet normal 0.89691 -0.442212 0
    outer loop
      vertex 3.84567 27.6096 7
      vertex 3.88038 27.68 2
      vertex 3.88038 27.68 7
    endloop
  endfacet
  facet normal 0.89691 -0.442212 0
    outer loop
      vertex 3.88038 27.68 2
      vertex 3.84567 27.6096 7
      vertex 3.84567 27.6096 2
    endloop
  endfacet
  facet normal 0.946858 -0.321651 0
    outer loop
      vertex 3.82043 27.5353 7
      vertex 3.84567 27.6096 2
      vertex 3.84567 27.6096 7
    endloop
  endfacet
  facet normal 0.946858 -0.321651 0
    outer loop
      vertex 3.84567 27.6096 2
      vertex 3.82043 27.5353 7
      vertex 3.82043 27.5353 2
    endloop
  endfacet
  facet normal 0.980825 -0.194891 0
    outer loop
      vertex 3.80513 27.4583 7
      vertex 3.82043 27.5353 2
      vertex 3.82043 27.5353 7
    endloop
  endfacet
  facet normal 0.980825 -0.194891 0
    outer loop
      vertex 3.82043 27.5353 2
      vertex 3.80513 27.4583 7
      vertex 3.80513 27.4583 2
    endloop
  endfacet
  facet normal 0.997861 -0.0653771 0
    outer loop
      vertex 3.8 27.38 7
      vertex 3.80513 27.4583 2
      vertex 3.80513 27.4583 7
    endloop
  endfacet
  facet normal 0.997861 -0.0653771 0
    outer loop
      vertex 3.80513 27.4583 2
      vertex 3.8 27.38 7
      vertex 3.8 27.38 2
    endloop
  endfacet
  facet normal 1 -0 0
    outer loop
      vertex 3.8 4.40001 7
      vertex 3.8 27.38 2
      vertex 3.8 27.38 7
    endloop
  endfacet
  facet normal 1 0 0
    outer loop
      vertex 3.8 27.38 2
      vertex 3.8 4.40001 7
      vertex 3.8 4.40001 2
    endloop
  endfacet
  facet normal 0.997862 0.0653605 0
    outer loop
      vertex 3.80513 4.32169 7
      vertex 3.8 4.40001 2
      vertex 3.8 4.40001 7
    endloop
  endfacet
  facet normal 0.997862 0.0653605 0
    outer loop
      vertex 3.8 4.40001 2
      vertex 3.80513 4.32169 7
      vertex 3.80513 4.32169 2
    endloop
  endfacet
  facet normal 0.980815 0.19494 0
    outer loop
      vertex 3.82043 4.24471 7
      vertex 3.80513 4.32169 2
      vertex 3.80513 4.32169 7
    endloop
  endfacet
  facet normal 0.980815 0.19494 0
    outer loop
      vertex 3.80513 4.32169 2
      vertex 3.82043 4.24471 7
      vertex 3.82043 4.24471 2
    endloop
  endfacet
  facet normal 0.946871 0.321613 0
    outer loop
      vertex 3.84567 4.1704 7
      vertex 3.82043 4.24471 2
      vertex 3.82043 4.24471 7
    endloop
  endfacet
  facet normal 0.946871 0.321613 0
    outer loop
      vertex 3.82043 4.24471 2
      vertex 3.84567 4.1704 7
      vertex 3.84567 4.1704 2
    endloop
  endfacet
  facet normal 0.896885 0.442263 0
    outer loop
      vertex 3.88038 4.10001 7
      vertex 3.84567 4.1704 2
      vertex 3.84567 4.1704 7
    endloop
  endfacet
  facet normal 0.896885 0.442263 0
    outer loop
      vertex 3.84567 4.1704 2
      vertex 3.88038 4.10001 7
      vertex 3.88038 4.10001 2
    endloop
  endfacet
  facet normal 0.831501 0.555523 0
    outer loop
      vertex 3.92398 4.03475 7
      vertex 3.88038 4.10001 2
      vertex 3.88038 4.10001 7
    endloop
  endfacet
  facet normal 0.831501 0.555523 0
    outer loop
      vertex 3.88038 4.10001 2
      vertex 3.92398 4.03475 7
      vertex 3.92398 4.03475 2
    endloop
  endfacet
  facet normal 0.751842 0.659343 0
    outer loop
      vertex 3.97573 3.97574 7
      vertex 3.92398 4.03475 2
      vertex 3.92398 4.03475 7
    endloop
  endfacet
  facet normal 0.751842 0.659343 0
    outer loop
      vertex 3.92398 4.03475 2
      vertex 3.97573 3.97574 7
      vertex 3.97573 3.97574 2
    endloop
  endfacet
  facet normal 0.659271 0.751905 -0
    outer loop
      vertex 4.03474 3.924 2
      vertex 3.97573 3.97574 7
      vertex 4.03474 3.924 7
    endloop
  endfacet
  facet normal 0.659271 0.751905 0
    outer loop
      vertex 3.97573 3.97574 7
      vertex 4.03474 3.924 2
      vertex 3.97573 3.97574 2
    endloop
  endfacet
  facet normal 0.55567 0.831403 -0
    outer loop
      vertex 4.09999 3.88039 2
      vertex 4.03474 3.924 7
      vertex 4.09999 3.88039 7
    endloop
  endfacet
  facet normal 0.55567 0.831403 0
    outer loop
      vertex 4.03474 3.924 7
      vertex 4.09999 3.88039 2
      vertex 4.03474 3.924 2
    endloop
  endfacet
  facet normal 0.442263 0.896885 -0
    outer loop
      vertex 4.17038 3.84568 2
      vertex 4.09999 3.88039 7
      vertex 4.17038 3.84568 7
    endloop
  endfacet
  facet normal 0.442263 0.896885 0
    outer loop
      vertex 4.09999 3.88039 7
      vertex 4.17038 3.84568 2
      vertex 4.09999 3.88039 2
    endloop
  endfacet
  facet normal 0.32146 0.946923 -0
    outer loop
      vertex 4.2447 3.82045 2
      vertex 4.17038 3.84568 7
      vertex 4.2447 3.82045 7
    endloop
  endfacet
  facet normal 0.32146 0.946923 0
    outer loop
      vertex 4.17038 3.84568 7
      vertex 4.2447 3.82045 2
      vertex 4.17038 3.84568 2
    endloop
  endfacet
  facet normal 0.195062 0.980791 -0
    outer loop
      vertex 4.32168 3.80514 2
      vertex 4.2447 3.82045 7
      vertex 4.32168 3.80514 7
    endloop
  endfacet
  facet normal 0.195062 0.980791 0
    outer loop
      vertex 4.2447 3.82045 7
      vertex 4.32168 3.80514 2
      vertex 4.2447 3.82045 2
    endloop
  endfacet
  facet normal 0.0653688 0.997861 -0
    outer loop
      vertex 4.39999 3.80001 2
      vertex 4.32168 3.80514 7
      vertex 4.39999 3.80001 7
    endloop
  endfacet
  facet normal 0.0653688 0.997861 0
    outer loop
      vertex 4.32168 3.80514 7
      vertex 4.39999 3.80001 2
      vertex 4.32168 3.80514 2
    endloop
  endfacet
  facet normal 0 1 -0
    outer loop
      vertex 35 3.80001 2
      vertex 4.39999 3.80001 7
      vertex 35 3.80001 7
    endloop
  endfacet
  facet normal 0 1 0
    outer loop
      vertex 4.39999 3.80001 7
      vertex 35 3.80001 2
      vertex 4.39999 3.80001 2
    endloop
  endfacet
  facet normal -0.0653771 0.997861 0
    outer loop
      vertex 35.0783 3.80514 2
      vertex 35 3.80001 7
      vertex 35.0783 3.80514 7
    endloop
  endfacet
  facet normal -0.0653771 0.997861 0
    outer loop
      vertex 35 3.80001 7
      vertex 35.0783 3.80514 2
      vertex 35 3.80001 2
    endloop
  endfacet
  facet normal -0.195014 0.980801 0
    outer loop
      vertex 35.1553 3.82045 2
      vertex 35.0783 3.80514 7
      vertex 35.1553 3.82045 7
    endloop
  endfacet
  facet normal -0.195014 0.980801 0
    outer loop
      vertex 35.0783 3.80514 7
      vertex 35.1553 3.82045 2
      vertex 35.0783 3.80514 2
    endloop
  endfacet
  facet normal -0.321537 0.946897 0
    outer loop
      vertex 35.2296 3.84568 2
      vertex 35.1553 3.82045 7
      vertex 35.2296 3.84568 7
    endloop
  endfacet
  facet normal -0.321537 0.946897 0
    outer loop
      vertex 35.1553 3.82045 7
      vertex 35.2296 3.84568 2
      vertex 35.1553 3.82045 2
    endloop
  endfacet
  facet normal -0.442212 0.89691 0
    outer loop
      vertex 35.3 3.88039 2
      vertex 35.2296 3.84568 7
      vertex 35.3 3.88039 7
    endloop
  endfacet
  facet normal -0.442212 0.89691 0
    outer loop
      vertex 35.2296 3.84568 7
      vertex 35.3 3.88039 2
      vertex 35.2296 3.84568 2
    endloop
  endfacet
  facet normal -0.555965 0.831206 0
    outer loop
      vertex 35.3652 3.924 2
      vertex 35.3 3.88039 7
      vertex 35.3652 3.924 7
    endloop
  endfacet
  facet normal -0.555965 0.831206 0
    outer loop
      vertex 35.3 3.88039 7
      vertex 35.3652 3.924 2
      vertex 35.3 3.88039 2
    endloop
  endfacet
  facet normal -0.658703 0.752403 0
    outer loop
      vertex 35.4243 3.97574 2
      vertex 35.3652 3.924 7
      vertex 35.4243 3.97574 7
    endloop
  endfacet
  facet normal -0.658703 0.752403 0
    outer loop
      vertex 35.3652 3.924 7
      vertex 35.4243 3.97574 2
      vertex 35.3652 3.924 2
    endloop
  endfacet
  facet normal -0.752158 0.658983 0
    outer loop
      vertex 35.4243 3.97574 2
      vertex 35.476 4.03475 7
      vertex 35.476 4.03475 2
    endloop
  endfacet
  facet normal -0.752158 0.658983 0
    outer loop
      vertex 35.476 4.03475 7
      vertex 35.4243 3.97574 2
      vertex 35.4243 3.97574 7
    endloop
  endfacet
  facet normal -0.831501 0.555523 0
    outer loop
      vertex 35.476 4.03475 2
      vertex 35.5196 4.10001 7
      vertex 35.5196 4.10001 2
    endloop
  endfacet
  facet normal -0.831501 0.555523 0
    outer loop
      vertex 35.5196 4.10001 7
      vertex 35.476 4.03475 2
      vertex 35.476 4.03475 7
    endloop
  endfacet
  facet normal -0.896936 0.44216 0
    outer loop
      vertex 35.5196 4.10001 2
      vertex 35.5543 4.1704 7
      vertex 35.5543 4.1704 2
    endloop
  endfacet
  facet normal -0.896936 0.44216 0
    outer loop
      vertex 35.5543 4.1704 7
      vertex 35.5196 4.10001 2
      vertex 35.5196 4.10001 7
    endloop
  endfacet
  facet normal -0.947026 0.321156 0
    outer loop
      vertex 35.5543 4.1704 2
      vertex 35.5795 4.24471 7
      vertex 35.5795 4.24471 2
    endloop
  endfacet
  facet normal -0.947026 0.321156 0
    outer loop
      vertex 35.5795 4.24471 7
      vertex 35.5543 4.1704 2
      vertex 35.5543 4.1704 7
    endloop
  endfacet
  facet normal -0.980571 0.196165 0
    outer loop
      vertex 35.5795 4.24471 2
      vertex 35.5949 4.32169 7
      vertex 35.5949 4.32169 2
    endloop
  endfacet
  facet normal -0.980571 0.196165 0
    outer loop
      vertex 35.5949 4.32169 7
      vertex 35.5795 4.24471 2
      vertex 35.5795 4.24471 7
    endloop
  endfacet
  facet normal -0.997887 0.0649798 0
    outer loop
      vertex 35.5949 4.32169 2
      vertex 35.6 4.40001 7
      vertex 35.6 4.40001 2
    endloop
  endfacet
  facet normal -0.997887 0.0649798 0
    outer loop
      vertex 35.6 4.40001 7
      vertex 35.5949 4.32169 2
      vertex 35.5949 4.32169 7
    endloop
  endfacet
  facet normal -1 0 0
    outer loop
      vertex 35.6 4.40001 2
      vertex 35.6 27.38 7
      vertex 35.6 27.38 2
    endloop
  endfacet
  facet normal -1 -0 0
    outer loop
      vertex 35.6 27.38 7
      vertex 35.6 4.40001 2
      vertex 35.6 4.40001 7
    endloop
  endfacet
  facet normal -0.997886 -0.0649964 0
    outer loop
      vertex 35.6 27.38 2
      vertex 35.5949 27.4583 7
      vertex 35.5949 27.4583 2
    endloop
  endfacet
  facet normal -0.997886 -0.0649964 0
    outer loop
      vertex 35.5949 27.4583 7
      vertex 35.6 27.38 2
      vertex 35.6 27.38 7
    endloop
  endfacet
  facet normal -0.980581 -0.196116 0
    outer loop
      vertex 35.5949 27.4583 2
      vertex 35.5795 27.5353 7
      vertex 35.5795 27.5353 2
    endloop
  endfacet
  facet normal -0.980581 -0.196116 0
    outer loop
      vertex 35.5795 27.5353 7
      vertex 35.5949 27.4583 2
      vertex 35.5949 27.4583 7
    endloop
  endfacet
  facet normal -0.947013 -0.321194 0
    outer loop
      vertex 35.5795 27.5353 2
      vertex 35.5543 27.6096 7
      vertex 35.5543 27.6096 2
    endloop
  endfacet
  facet normal -0.947013 -0.321194 0
    outer loop
      vertex 35.5543 27.6096 7
      vertex 35.5795 27.5353 2
      vertex 35.5795 27.5353 7
    endloop
  endfacet
  facet normal -0.896961 -0.44211 0
    outer loop
      vertex 35.5543 27.6096 2
      vertex 35.5196 27.68 7
      vertex 35.5196 27.68 2
    endloop
  endfacet
  facet normal -0.896961 -0.44211 0
    outer loop
      vertex 35.5196 27.68 7
      vertex 35.5543 27.6096 2
      vertex 35.5543 27.6096 7
    endloop
  endfacet
  facet normal -0.831658 -0.555288 0
    outer loop
      vertex 35.5196 27.68 2
      vertex 35.476 27.7453 7
      vertex 35.476 27.7453 2
    endloop
  endfacet
  facet normal -0.831658 -0.555288 0
    outer loop
      vertex 35.476 27.7453 7
      vertex 35.5196 27.68 2
      vertex 35.5196 27.68 7
    endloop
  endfacet
  facet normal -0.752103 -0.659046 0
    outer loop
      vertex 35.476 27.7453 2
      vertex 35.4243 27.8043 7
      vertex 35.4243 27.8043 2
    endloop
  endfacet
  facet normal -0.752103 -0.659046 0
    outer loop
      vertex 35.4243 27.8043 7
      vertex 35.476 27.7453 2
      vertex 35.476 27.7453 7
    endloop
  endfacet
  facet normal -0.658414 -0.752656 0
    outer loop
      vertex 35.3652 27.856 2
      vertex 35.4243 27.8043 7
      vertex 35.3652 27.856 7
    endloop
  endfacet
  facet normal -0.658414 -0.752656 -0
    outer loop
      vertex 35.4243 27.8043 7
      vertex 35.3652 27.856 2
      vertex 35.4243 27.8043 2
    endloop
  endfacet
  facet normal -0.555877 -0.831265 0
    outer loop
      vertex 35.3 27.8996 2
      vertex 35.3652 27.856 7
      vertex 35.3 27.8996 7
    endloop
  endfacet
  facet normal -0.555877 -0.831265 -0
    outer loop
      vertex 35.3652 27.856 7
      vertex 35.3 27.8996 2
      vertex 35.3652 27.856 2
    endloop
  endfacet
  facet normal -0.44211 -0.896961 0
    outer loop
      vertex 35.2296 27.9343 2
      vertex 35.3 27.8996 7
      vertex 35.2296 27.9343 7
    endloop
  endfacet
  facet normal -0.44211 -0.896961 -0
    outer loop
      vertex 35.3 27.8996 7
      vertex 35.2296 27.9343 2
      vertex 35.3 27.8996 2
    endloop
  endfacet
  facet normal -0.322337 -0.946625 0
    outer loop
      vertex 35.1553 27.9596 2
      vertex 35.2296 27.9343 7
      vertex 35.1553 27.9596 7
    endloop
  endfacet
  facet normal -0.322337 -0.946625 -0
    outer loop
      vertex 35.2296 27.9343 7
      vertex 35.1553 27.9596 2
      vertex 35.2296 27.9343 2
    endloop
  endfacet
  facet normal -0.194891 -0.980825 0
    outer loop
      vertex 35.0783 27.9749 2
      vertex 35.1553 27.9596 7
      vertex 35.0783 27.9749 7
    endloop
  endfacet
  facet normal -0.194891 -0.980825 -0
    outer loop
      vertex 35.1553 27.9596 7
      vertex 35.0783 27.9749 2
      vertex 35.1553 27.9596 2
    endloop
  endfacet
  facet normal -0.0649964 -0.997886 0
    outer loop
      vertex 35 27.98 2
      vertex 35.0783 27.9749 7
      vertex 35 27.98 7
    endloop
  endfacet
  facet normal -0.0649964 -0.997886 -0
    outer loop
      vertex 35.0783 27.9749 7
      vertex 35 27.98 2
      vertex 35.0783 27.9749 2
    endloop
  endfacet
  facet normal 0 -1 0
    outer loop
      vertex 4.39999 27.98 2
      vertex 35 27.98 7
      vertex 4.39999 27.98 7
    endloop
  endfacet
  facet normal 0 -1 -0
    outer loop
      vertex 35 27.98 7
      vertex 4.39999 27.98 2
      vertex 35 27.98 2
    endloop
  endfacet
  facet normal 0 0 1
    outer loop
      vertex 37.7 29.48 4.5
      vertex 37.0949 28.9583 4.5
      vertex 37.1 28.88 4.5
    endloop
  endfacet
  facet normal 0 0 1
    outer loop
      vertex 37.1783 30.0749 4.5
      vertex 37.0795 29.0353 4.5
      vertex 37.0949 28.9583 4.5
    endloop
  endfacet
  facet normal 0 0 1
    outer loop
      vertex 37.1783 30.0749 4.5
      vertex 37.0543 29.1096 4.5
      vertex 37.0795 29.0353 4.5
    endloop
  endfacet
  facet normal 0 0 1
    outer loop
      vertex 37.1783 30.0749 4.5
      vertex 37.0196 29.18 4.5
      vertex 37.0543 29.1096 4.5
    endloop
  endfacet
  facet normal 0 0 1
    outer loop
      vertex 37.1783 30.0749 4.5
      vertex 37.0087 29.1963 4.5
      vertex 37.0196 29.18 4.5
    endloop
  endfacet
  facet normal 0 0 1
    outer loop
      vertex 37.1783 30.0749 4.5
      vertex 36.976 29.2453 4.5
      vertex 37.0087 29.1963 4.5
    endloop
  endfacet
  facet normal 0 0 1
    outer loop
      vertex 37.1783 30.0749 4.5
      vertex 36.9712 29.2507 4.5
      vertex 36.976 29.2453 4.5
    endloop
  endfacet
  facet normal 0 0 1
    outer loop
      vertex 37.1783 30.0749 4.5
      vertex 36.9243 29.3043 4.5
      vertex 36.9712 29.2507 4.5
    endloop
  endfacet
  facet normal 0 0 1
    outer loop
      vertex 37.1783 30.0749 4.5
      vertex 36.8671 29.3544 4.5
      vertex 36.9243 29.3043 4.5
    endloop
  endfacet
  facet normal 0 0 1
    outer loop
      vertex 37.1783 30.0749 4.5
      vertex 36.8652 29.356 4.5
      vertex 36.8671 29.3544 4.5
    endloop
  endfacet
  facet normal 0 0 1
    outer loop
      vertex 37.1 30.08 4.5
      vertex 36.8598 29.3596 4.5
      vertex 36.8652 29.356 4.5
    endloop
  endfacet
  facet normal 0 0 1
    outer loop
      vertex 37.1 30.08 4.5
      vertex 36.8 29.3996 4.5
      vertex 36.8598 29.3596 4.5
    endloop
  endfacet
  facet normal 0 0 1
    outer loop
      vertex 37.1 30.08 4.5
      vertex 36.7296 29.4343 4.5
      vertex 36.8 29.3996 4.5
    endloop
  endfacet
  facet normal 0 0 1
    outer loop
      vertex 37.1 30.08 4.5
      vertex 36.6676 29.4554 4.5
      vertex 36.7296 29.4343 4.5
    endloop
  endfacet
  facet normal 0 0 1
    outer loop
      vertex 37.1 30.08 4.5
      vertex 36.6553 29.4596 4.5
      vertex 36.6676 29.4554 4.5
    endloop
  endfacet
  facet normal 0 0 1
    outer loop
      vertex 37.1 30.08 4.5
      vertex 36.5783 29.4749 4.5
      vertex 36.6553 29.4596 4.5
    endloop
  endfacet
  facet normal 0 0 1
    outer loop
      vertex 37.1 30.08 4.5
      vertex 36.5587 29.4762 4.5
      vertex 36.5783 29.4749 4.5
    endloop
  endfacet
  facet normal 0 0 1
    outer loop
      vertex 37.1 30.08 4.5
      vertex 36.5 29.48 4.5
      vertex 36.5587 29.4762 4.5
    endloop
  endfacet
  facet normal 0 0 1
    outer loop
      vertex 37.1 30.08 4.5
      vertex 2.89999 29.48 4.5
      vertex 36.5 29.48 4.5
    endloop
  endfacet
  facet normal 0 0 1
    outer loop
      vertex 2.29999 30.08 4.5
      vertex 2.83851 29.476 4.5
      vertex 2.89999 29.48 4.5
    endloop
  endfacet
  facet normal 0 0 1
    outer loop
      vertex 2.29999 30.08 4.5
      vertex 2.71981 29.4511 4.5
      vertex 2.7447 29.4596 4.5
    endloop
  endfacet
  facet normal 0 0 1
    outer loop
      vertex 1.7 29.48 4.5
      vertex 2.32888 29.0602 4.5
      vertex 2.34566 29.1096 4.5
    endloop
  endfacet
  facet normal -0 0 1
    outer loop
      vertex 2.29999 30.08 4.5
      vertex 2.89999 29.48 4.5
      vertex 37.1 30.08 4.5
    endloop
  endfacet
  facet normal 0 0 1
    outer loop
      vertex 2.83851 29.476 4.5
      vertex 2.29999 30.08 4.5
      vertex 2.82168 29.4749 4.5
    endloop
  endfacet
  facet normal 0 0 1
    outer loop
      vertex 2.29999 30.08 4.5
      vertex 2.7447 29.4596 4.5
      vertex 2.82168 29.4749 4.5
    endloop
  endfacet
  facet normal 0 0 1
    outer loop
      vertex 2.71981 29.4511 4.5
      vertex 2.29999 30.08 4.5
      vertex 2.67038 29.4343 4.5
    endloop
  endfacet
  facet normal 0 0 1
    outer loop
      vertex 2.29999 30.08 4.5
      vertex 2.59999 29.3996 4.5
      vertex 2.67038 29.4343 4.5
    endloop
  endfacet
  facet normal 0 0 1
    outer loop
      vertex 2.29999 30.08 4.5
      vertex 2.53473 29.356 4.5
      vertex 2.59999 29.3996 4.5
    endloop
  endfacet
  facet normal -0 0 1
    outer loop
      vertex 2.22168 30.0749 4.5
      vertex 2.53473 29.356 4.5
      vertex 2.29999 30.08 4.5
    endloop
  endfacet
  facet normal -0 0 1
    outer loop
      vertex 2.1447 30.0596 4.5
      vertex 2.53473 29.356 4.5
      vertex 2.22168 30.0749 4.5
    endloop
  endfacet
  facet normal -0 0 1
    outer loop
      vertex 2.07039 30.0343 4.5
      vertex 2.53473 29.356 4.5
      vertex 2.1447 30.0596 4.5
    endloop
  endfacet
  facet normal 0 0 1
    outer loop
      vertex 2.53473 29.356 4.5
      vertex 2.07039 30.0343 4.5
      vertex 2.47572 29.3043 4.5
    endloop
  endfacet
  facet normal -0 0 1
    outer loop
      vertex 1.99998 29.9996 4.5
      vertex 2.47572 29.3043 4.5
      vertex 2.07039 30.0343 4.5
    endloop
  endfacet
  facet normal -0 0 1
    outer loop
      vertex 1.93474 29.956 4.5
      vertex 2.47572 29.3043 4.5
      vertex 1.99998 29.9996 4.5
    endloop
  endfacet
  facet normal -0 0 1
    outer loop
      vertex 1.87573 29.9043 4.5
      vertex 2.47572 29.3043 4.5
      vertex 1.93474 29.956 4.5
    endloop
  endfacet
  facet normal -0 0 1
    outer loop
      vertex 1.82397 29.8453 4.5
      vertex 2.47572 29.3043 4.5
      vertex 1.87573 29.9043 4.5
    endloop
  endfacet
  facet normal 0 0 1
    outer loop
      vertex 2.30402 28.9415 4.5
      vertex 1.7 29.48 4.5
      vertex 2.29999 28.88 4.5
    endloop
  endfacet
  facet normal 0 0 1
    outer loop
      vertex 2.29999 28.88 4.5
      vertex 1.7 29.48 4.5
      vertex 2.29999 2.90001 4.5
    endloop
  endfacet
  facet normal -0 0 1
    outer loop
      vertex 1.78038 29.78 4.5
      vertex 2.47572 29.3043 4.5
      vertex 1.82397 29.8453 4.5
    endloop
  endfacet
  facet normal 0 0 1
    outer loop
      vertex 1.7 2.3 4.5
      vertex 2.29999 2.90001 4.5
      vertex 1.7 29.48 4.5
    endloop
  endfacet
  facet normal -0 0 1
    outer loop
      vertex 1.74567 29.7096 4.5
      vertex 2.47572 29.3043 4.5
      vertex 1.78038 29.78 4.5
    endloop
  endfacet
  facet normal 0 0 1
    outer loop
      vertex 2.29999 2.90001 4.5
      vertex 1.7 2.3 4.5
      vertex 2.29999 1.70001 4.5
    endloop
  endfacet
  facet normal 0 0 1
    outer loop
      vertex 2.47572 29.3043 4.5
      vertex 1.74567 29.7096 4.5
      vertex 2.42398 29.2453 4.5
    endloop
  endfacet
  facet normal 0 0 1
    outer loop
      vertex 2.29999 1.70001 4.5
      vertex 1.7 2.3 4.5
      vertex 2.22168 1.70514 4.5
    endloop
  endfacet
  facet normal -0 0 1
    outer loop
      vertex 1.72044 29.6353 4.5
      vertex 2.42398 29.2453 4.5
      vertex 1.74567 29.7096 4.5
    endloop
  endfacet
  facet normal 0 0 1
    outer loop
      vertex 2.22168 1.70514 4.5
      vertex 1.7 2.3 4.5
      vertex 2.1447 1.72044 4.5
    endloop
  endfacet
  facet normal -0 0 1
    outer loop
      vertex 1.70512 29.5583 4.5
      vertex 2.42398 29.2453 4.5
      vertex 1.72044 29.6353 4.5
    endloop
  endfacet
  facet normal 0 0 1
    outer loop
      vertex 2.1447 1.72044 4.5
      vertex 1.7 2.3 4.5
      vertex 2.07039 1.74568 4.5
    endloop
  endfacet
  facet normal -0 0 1
    outer loop
      vertex 1.7 29.48 4.5
      vertex 2.42398 29.2453 4.5
      vertex 1.70512 29.5583 4.5
    endloop
  endfacet
  facet normal 0 0 1
    outer loop
      vertex 2.07039 1.74568 4.5
      vertex 1.7 2.3 4.5
      vertex 1.99998 1.7804 4.5
    endloop
  endfacet
  facet normal 0 0 1
    outer loop
      vertex 2.42398 29.2453 4.5
      vertex 1.7 29.48 4.5
      vertex 2.38037 29.18 4.5
    endloop
  endfacet
  facet normal 0 0 1
    outer loop
      vertex 1.99998 1.7804 4.5
      vertex 1.7 2.3 4.5
      vertex 1.93474 1.82399 4.5
    endloop
  endfacet
  facet normal 0 0 1
    outer loop
      vertex 2.38037 29.18 4.5
      vertex 1.7 29.48 4.5
      vertex 2.34566 29.1096 4.5
    endloop
  endfacet
  facet normal 0 0 1
    outer loop
      vertex 1.93474 1.82399 4.5
      vertex 1.7 2.3 4.5
      vertex 1.87573 1.87575 4.5
    endloop
  endfacet
  facet normal 0 0 1
    outer loop
      vertex 2.32888 29.0602 4.5
      vertex 1.7 29.48 4.5
      vertex 2.32043 29.0353 4.5
    endloop
  endfacet
  facet normal 0 0 1
    outer loop
      vertex 1.87573 1.87575 4.5
      vertex 1.7 2.3 4.5
      vertex 1.82397 1.93475 4.5
    endloop
  endfacet
  facet normal 0 0 1
    outer loop
      vertex 2.32043 29.0353 4.5
      vertex 1.7 29.48 4.5
      vertex 2.30513 28.9583 4.5
    endloop
  endfacet
  facet normal 0 0 1
    outer loop
      vertex 1.82397 1.93475 4.5
      vertex 1.7 2.3 4.5
      vertex 1.78038 2 4.5
    endloop
  endfacet
  facet normal 0 0 1
    outer loop
      vertex 2.30513 28.9583 4.5
      vertex 1.7 29.48 4.5
      vertex 2.30402 28.9415 4.5
    endloop
  endfacet
  facet normal 0 0 1
    outer loop
      vertex 1.78038 2 4.5
      vertex 1.7 2.3 4.5
      vertex 1.74567 2.07039 4.5
    endloop
  endfacet
  facet normal 0 0 1
    outer loop
      vertex 1.74567 2.07039 4.5
      vertex 1.7 2.3 4.5
      vertex 1.72044 2.14472 4.5
    endloop
  endfacet
  facet normal 0 0 1
    outer loop
      vertex 1.72044 2.14472 4.5
      vertex 1.7 2.3 4.5
      vertex 1.70512 2.2217 4.5
    endloop
  endfacet
  facet normal 0 0 1
    outer loop
      vertex 37.0949 28.9583 4.5
      vertex 37.7 29.48 4.5
      vertex 37.6949 29.5583 4.5
    endloop
  endfacet
  facet normal 0 0 1
    outer loop
      vertex 37.7 29.48 4.5
      vertex 37.1 28.88 4.5
      vertex 37.7 2.3 4.5
    endloop
  endfacet
  facet normal 0 0 1
    outer loop
      vertex 37.0949 28.9583 4.5
      vertex 37.6949 29.5583 4.5
      vertex 37.6796 29.6353 4.5
    endloop
  endfacet
  facet normal -0 0 1
    outer loop
      vertex 37.1 2.90001 4.5
      vertex 37.7 2.3 4.5
      vertex 37.1 28.88 4.5
    endloop
  endfacet
  facet normal 0 0 1
    outer loop
      vertex 37.0949 28.9583 4.5
      vertex 37.6796 29.6353 4.5
      vertex 37.6543 29.7096 4.5
    endloop
  endfacet
  facet normal -0 0 1
    outer loop
      vertex 37.0949 2.82169 4.5
      vertex 37.7 2.3 4.5
      vertex 37.1 2.90001 4.5
    endloop
  endfacet
  facet normal 0 0 1
    outer loop
      vertex 37.0949 28.9583 4.5
      vertex 37.6543 29.7096 4.5
      vertex 37.6196 29.78 4.5
    endloop
  endfacet
  facet normal -0 0 1
    outer loop
      vertex 37.0795 2.74472 4.5
      vertex 37.7 2.3 4.5
      vertex 37.0949 2.82169 4.5
    endloop
  endfacet
  facet normal 0 0 1
    outer loop
      vertex 37.0949 28.9583 4.5
      vertex 37.6196 29.78 4.5
      vertex 37.576 29.8453 4.5
    endloop
  endfacet
  facet normal -0 0 1
    outer loop
      vertex 37.0795 2.74471 4.5
      vertex 37.7 2.3 4.5
      vertex 37.0795 2.74472 4.5
    endloop
  endfacet
  facet normal 0 0 1
    outer loop
      vertex 37.0949 28.9583 4.5
      vertex 37.576 29.8453 4.5
      vertex 37.5243 29.9043 4.5
    endloop
  endfacet
  facet normal -0 0 1
    outer loop
      vertex 37.0792 2.74372 4.5
      vertex 37.7 2.3 4.5
      vertex 37.0795 2.74471 4.5
    endloop
  endfacet
  facet normal 0 0 1
    outer loop
      vertex 37.0949 28.9583 4.5
      vertex 37.5243 29.9043 4.5
      vertex 37.4653 29.956 4.5
    endloop
  endfacet
  facet normal -0 0 1
    outer loop
      vertex 37.0543 2.6704 4.5
      vertex 37.7 2.3 4.5
      vertex 37.0792 2.74372 4.5
    endloop
  endfacet
  facet normal 0 0 1
    outer loop
      vertex 37.0949 28.9583 4.5
      vertex 37.4653 29.956 4.5
      vertex 37.4 29.9996 4.5
    endloop
  endfacet
  facet normal -0 0 1
    outer loop
      vertex 37.0196 2.60001 4.5
      vertex 37.7 2.3 4.5
      vertex 37.0543 2.6704 4.5
    endloop
  endfacet
  facet normal 0 0 1
    outer loop
      vertex 37.0949 28.9583 4.5
      vertex 37.4 29.9996 4.5
      vertex 37.3296 30.0343 4.5
    endloop
  endfacet
  facet normal -0 0 1
    outer loop
      vertex 37.0014 2.57279 4.5
      vertex 37.7 2.3 4.5
      vertex 37.0196 2.60001 4.5
    endloop
  endfacet
  facet normal 0 0 1
    outer loop
      vertex 37.0949 28.9583 4.5
      vertex 37.3296 30.0343 4.5
      vertex 37.2553 30.0596 4.5
    endloop
  endfacet
  facet normal -0 0 1
    outer loop
      vertex 36.976 2.53475 4.5
      vertex 37.7 2.3 4.5
      vertex 37.0014 2.57279 4.5
    endloop
  endfacet
  facet normal 0 0 1
    outer loop
      vertex 37.0949 28.9583 4.5
      vertex 37.2553 30.0596 4.5
      vertex 37.1783 30.0749 4.5
    endloop
  endfacet
  facet normal 0 0 1
    outer loop
      vertex 37.7 2.3 4.5
      vertex 36.976 2.53475 4.5
      vertex 37.6949 2.2217 4.5
    endloop
  endfacet
  facet normal 0 0 1
    outer loop
      vertex 36.8652 29.356 4.5
      vertex 37.1783 30.0749 4.5
      vertex 37.1 30.08 4.5
    endloop
  endfacet
  facet normal 0 0 1
    outer loop
      vertex 37.6949 2.2217 4.5
      vertex 36.976 2.53475 4.5
      vertex 37.6796 2.14472 4.5
    endloop
  endfacet
  facet normal 0 0 1
    outer loop
      vertex 37.6796 2.14472 4.5
      vertex 36.976 2.53475 4.5
      vertex 37.6543 2.07039 4.5
    endloop
  endfacet
  facet normal -0 0 1
    outer loop
      vertex 36.9485 2.50343 4.5
      vertex 37.6543 2.07039 4.5
      vertex 36.976 2.53475 4.5
    endloop
  endfacet
  facet normal 0 0 1
    outer loop
      vertex 37.6543 2.07039 4.5
      vertex 36.9485 2.50343 4.5
      vertex 37.6196 2 4.5
    endloop
  endfacet
  facet normal -0 0 1
    outer loop
      vertex 36.9243 2.47574 4.5
      vertex 37.6196 2 4.5
      vertex 36.9485 2.50343 4.5
    endloop
  endfacet
  facet normal 0 0 1
    outer loop
      vertex 37.6196 2 4.5
      vertex 36.9243 2.47574 4.5
      vertex 37.576 1.93475 4.5
    endloop
  endfacet
  facet normal 0 0 1
    outer loop
      vertex 37.576 1.93475 4.5
      vertex 36.9243 2.47574 4.5
      vertex 37.5243 1.87575 4.5
    endloop
  endfacet
  facet normal 0 0 1
    outer loop
      vertex 37.5243 1.87575 4.5
      vertex 36.9243 2.47574 4.5
      vertex 37.4653 1.82399 4.5
    endloop
  endfacet
  facet normal 0 0 1
    outer loop
      vertex 37.4653 1.82399 4.5
      vertex 36.9243 2.47574 4.5
      vertex 37.4 1.7804 4.5
    endloop
  endfacet
  facet normal 0 0 1
    outer loop
      vertex 37.4 1.7804 4.5
      vertex 36.9243 2.47574 4.5
      vertex 37.3296 1.74568 4.5
    endloop
  endfacet
  facet normal -0 0 1
    outer loop
      vertex 36.8652 2.424 4.5
      vertex 37.3296 1.74568 4.5
      vertex 36.9243 2.47574 4.5
    endloop
  endfacet
  facet normal 0 0 1
    outer loop
      vertex 37.3296 1.74568 4.5
      vertex 36.8652 2.424 4.5
      vertex 37.2553 1.72044 4.5
    endloop
  endfacet
  facet normal 0 0 1
    outer loop
      vertex 37.2553 1.72044 4.5
      vertex 36.8652 2.424 4.5
      vertex 37.1783 1.70514 4.5
    endloop
  endfacet
  facet normal 0 0 1
    outer loop
      vertex 37.1783 1.70514 4.5
      vertex 36.8652 2.424 4.5
      vertex 37.1 1.70001 4.5
    endloop
  endfacet
  facet normal -0 0 1
    outer loop
      vertex 36.8 2.38039 4.5
      vertex 37.1 1.70001 4.5
      vertex 36.8652 2.424 4.5
    endloop
  endfacet
  facet normal -0 0 1
    outer loop
      vertex 36.7296 2.34567 4.5
      vertex 37.1 1.70001 4.5
      vertex 36.8 2.38039 4.5
    endloop
  endfacet
  facet normal -0 0 1
    outer loop
      vertex 36.6553 2.32045 4.5
      vertex 37.1 1.70001 4.5
      vertex 36.7296 2.34567 4.5
    endloop
  endfacet
  facet normal -0 0 1
    outer loop
      vertex 36.6322 2.31586 4.5
      vertex 37.1 1.70001 4.5
      vertex 36.6553 2.32045 4.5
    endloop
  endfacet
  facet normal -0 0 1
    outer loop
      vertex 36.5783 2.30514 4.5
      vertex 37.1 1.70001 4.5
      vertex 36.6322 2.31586 4.5
    endloop
  endfacet
  facet normal -0 0 1
    outer loop
      vertex 36.5168 2.30111 4.5
      vertex 37.1 1.70001 4.5
      vertex 36.5783 2.30514 4.5
    endloop
  endfacet
  facet normal -0 0 1
    outer loop
      vertex 36.5 2.3 4.5
      vertex 37.1 1.70001 4.5
      vertex 36.5168 2.30111 4.5
    endloop
  endfacet
  facet normal -0 0 1
    outer loop
      vertex 2.89999 2.3 4.5
      vertex 37.1 1.70001 4.5
      vertex 36.5 2.3 4.5
    endloop
  endfacet
  facet normal 0 0 1
    outer loop
      vertex 2.29999 1.70001 4.5
      vertex 2.88041 2.30129 4.5
      vertex 2.82168 2.30514 4.5
    endloop
  endfacet
  facet normal 0 0 1
    outer loop
      vertex 2.29999 1.70001 4.5
      vertex 2.76395 2.31662 4.5
      vertex 2.74471 2.32045 4.5
    endloop
  endfacet
  facet normal 0 0 1
    outer loop
      vertex 2.29999 1.70001 4.5
      vertex 2.42557 2.53293 4.5
      vertex 2.42398 2.53475 4.5
    endloop
  endfacet
  facet normal 0 0 1
    outer loop
      vertex 2.29999 1.70001 4.5
      vertex 2.42036 2.54016 4.5
      vertex 2.38037 2.60001 4.5
    endloop
  endfacet
  facet normal 0 0 1
    outer loop
      vertex 2.29999 1.70001 4.5
      vertex 2.32994 2.71672 4.5
      vertex 2.32043 2.74471 4.5
    endloop
  endfacet
  facet normal 0 0 1
    outer loop
      vertex 2.29999 2.90001 4.5
      vertex 2.30513 2.82169 4.5
      vertex 2.30393 2.83999 4.5
    endloop
  endfacet
  facet normal 0 0 1
    outer loop
      vertex 2.89999 2.3 4.5
      vertex 2.29999 1.70001 4.5
      vertex 37.1 1.70001 4.5
    endloop
  endfacet
  facet normal 0 0 1
    outer loop
      vertex 2.88041 2.30129 4.5
      vertex 2.29999 1.70001 4.5
      vertex 2.89999 2.3 4.5
    endloop
  endfacet
  facet normal 0 0 1
    outer loop
      vertex 2.76395 2.31662 4.5
      vertex 2.29999 1.70001 4.5
      vertex 2.82168 2.30514 4.5
    endloop
  endfacet
  facet normal 0 0 1
    outer loop
      vertex 2.67038 2.34567 4.5
      vertex 2.29999 1.70001 4.5
      vertex 2.74471 2.32045 4.5
    endloop
  endfacet
  facet normal 0 0 1
    outer loop
      vertex 2.59999 2.38039 4.5
      vertex 2.29999 1.70001 4.5
      vertex 2.67038 2.34567 4.5
    endloop
  endfacet
  facet normal 0 0 1
    outer loop
      vertex 2.53473 2.424 4.5
      vertex 2.29999 1.70001 4.5
      vertex 2.59999 2.38039 4.5
    endloop
  endfacet
  facet normal 0 0 1
    outer loop
      vertex 2.47572 2.47574 4.5
      vertex 2.29999 1.70001 4.5
      vertex 2.53473 2.424 4.5
    endloop
  endfacet
  facet normal 0 0 1
    outer loop
      vertex 2.42557 2.53293 4.5
      vertex 2.29999 1.70001 4.5
      vertex 2.47572 2.47574 4.5
    endloop
  endfacet
  facet normal 0 0 1
    outer loop
      vertex 2.42036 2.54016 4.5
      vertex 2.29999 1.70001 4.5
      vertex 2.42398 2.53475 4.5
    endloop
  endfacet
  facet normal 0 0 1
    outer loop
      vertex 2.34566 2.6704 4.5
      vertex 2.29999 1.70001 4.5
      vertex 2.38037 2.60001 4.5
    endloop
  endfacet
  facet normal 0 0 1
    outer loop
      vertex 2.32994 2.71672 4.5
      vertex 2.29999 1.70001 4.5
      vertex 2.34566 2.6704 4.5
    endloop
  endfacet
  facet normal 0 0 1
    outer loop
      vertex 2.30513 2.82169 4.5
      vertex 2.29999 1.70001 4.5
      vertex 2.32043 2.74471 4.5
    endloop
  endfacet
  facet normal 0 0 1
    outer loop
      vertex 2.29999 1.70001 4.5
      vertex 2.30513 2.82169 4.5
      vertex 2.29999 2.90001 4.5
    endloop
  endfacet
  facet normal 0 0 -1
    outer loop
      vertex 37.7 2.3 3.3
      vertex 37.0949 2.82169 3.3
      vertex 37.1 2.90001 3.3
    endloop
  endfacet
  facet normal 0 0 -1
    outer loop
      vertex 37.1783 1.70514 3.3
      vertex 37.0795 2.74472 3.3
      vertex 37.0949 2.82169 3.3
    endloop
  endfacet
  facet normal 0 0 -1
    outer loop
      vertex 37.1783 1.70514 3.3
      vertex 37.0795 2.74471 3.3
      vertex 37.0795 2.74472 3.3
    endloop
  endfacet
  facet normal 0 0 -1
    outer loop
      vertex 37.1783 1.70514 3.3
      vertex 37.0792 2.74372 3.3
      vertex 37.0795 2.74471 3.3
    endloop
  endfacet
  facet normal 0 0 -1
    outer loop
      vertex 37.1783 1.70514 3.3
      vertex 37.0543 2.6704 3.3
      vertex 37.0792 2.74372 3.3
    endloop
  endfacet
  facet normal 0 0 -1
    outer loop
      vertex 37.1783 1.70514 3.3
      vertex 37.0196 2.60001 3.3
      vertex 37.0543 2.6704 3.3
    endloop
  endfacet
  facet normal 0 0 -1
    outer loop
      vertex 37.1783 1.70514 3.3
      vertex 37.0014 2.57279 3.3
      vertex 37.0196 2.60001 3.3
    endloop
  endfacet
  facet normal 0 0 -1
    outer loop
      vertex 37.1783 1.70514 3.3
      vertex 36.976 2.53475 3.3
      vertex 37.0014 2.57279 3.3
    endloop
  endfacet
  facet normal 0 0 -1
    outer loop
      vertex 37.1783 1.70514 3.3
      vertex 36.9485 2.50343 3.3
      vertex 36.976 2.53475 3.3
    endloop
  endfacet
  facet normal 0 0 -1
    outer loop
      vertex 37.1783 1.70514 3.3
      vertex 36.9243 2.47574 3.3
      vertex 36.9485 2.50343 3.3
    endloop
  endfacet
  facet normal 0 0 -1
    outer loop
      vertex 37.1783 1.70514 3.3
      vertex 36.8652 2.424 3.3
      vertex 36.9243 2.47574 3.3
    endloop
  endfacet
  facet normal 0 0 -1
    outer loop
      vertex 37.1 1.70001 3.3
      vertex 36.8 2.38039 3.3
      vertex 36.8652 2.424 3.3
    endloop
  endfacet
  facet normal 0 0 -1
    outer loop
      vertex 37.1 1.70001 3.3
      vertex 36.7296 2.34567 3.3
      vertex 36.8 2.38039 3.3
    endloop
  endfacet
  facet normal 0 0 -1
    outer loop
      vertex 37.1 1.70001 3.3
      vertex 36.6553 2.32045 3.3
      vertex 36.7296 2.34567 3.3
    endloop
  endfacet
  facet normal 0 0 -1
    outer loop
      vertex 37.1 1.70001 3.3
      vertex 36.6322 2.31586 3.3
      vertex 36.6553 2.32045 3.3
    endloop
  endfacet
  facet normal 0 0 -1
    outer loop
      vertex 37.1 1.70001 3.3
      vertex 36.5783 2.30514 3.3
      vertex 36.6322 2.31586 3.3
    endloop
  endfacet
  facet normal 0 0 -1
    outer loop
      vertex 37.1 1.70001 3.3
      vertex 36.5168 2.30111 3.3
      vertex 36.5783 2.30514 3.3
    endloop
  endfacet
  facet normal 0 0 -1
    outer loop
      vertex 37.1 1.70001 3.3
      vertex 36.5 2.3 3.3
      vertex 36.5168 2.30111 3.3
    endloop
  endfacet
  facet normal 0 0 -1
    outer loop
      vertex 37.1 1.70001 3.3
      vertex 2.89999 2.3 3.3
      vertex 36.5 2.3 3.3
    endloop
  endfacet
  facet normal 0 0 -1
    outer loop
      vertex 2.29999 1.70001 3.3
      vertex 2.88041 2.30129 3.3
      vertex 2.89999 2.3 3.3
    endloop
  endfacet
  facet normal 0 0 -1
    outer loop
      vertex 2.29999 1.70001 3.3
      vertex 2.76395 2.31662 3.3
      vertex 2.82168 2.30514 3.3
    endloop
  endfacet
  facet normal 0 0 -1
    outer loop
      vertex 1.74567 2.07039 3.3
      vertex 2.42557 2.53293 3.3
      vertex 2.47572 2.47574 3.3
    endloop
  endfacet
  facet normal 0 0 -1
    outer loop
      vertex 1.7 2.3 3.3
      vertex 2.42036 2.54016 3.3
      vertex 2.42398 2.53475 3.3
    endloop
  endfacet
  facet normal 0 0 -1
    outer loop
      vertex 1.7 2.3 3.3
      vertex 2.32994 2.71672 3.3
      vertex 2.34566 2.6704 3.3
    endloop
  endfacet
  facet normal 0 0 -1
    outer loop
      vertex 2.29999 1.70001 3.3
      vertex 2.89999 2.3 3.3
      vertex 37.1 1.70001 3.3
    endloop
  endfacet
  facet normal -0 0 -1
    outer loop
      vertex 2.88041 2.30129 3.3
      vertex 2.29999 1.70001 3.3
      vertex 2.82168 2.30514 3.3
    endloop
  endfacet
  facet normal -0 0 -1
    outer loop
      vertex 2.76395 2.31662 3.3
      vertex 2.29999 1.70001 3.3
      vertex 2.74471 2.32045 3.3
    endloop
  endfacet
  facet normal 0 0 -1
    outer loop
      vertex 2.29999 1.70001 3.3
      vertex 2.67038 2.34567 3.3
      vertex 2.74471 2.32045 3.3
    endloop
  endfacet
  facet normal 0 0 -1
    outer loop
      vertex 2.29999 1.70001 3.3
      vertex 2.59999 2.38039 3.3
      vertex 2.67038 2.34567 3.3
    endloop
  endfacet
  facet normal 0 0 -1
    outer loop
      vertex 2.29999 1.70001 3.3
      vertex 2.53473 2.424 3.3
      vertex 2.59999 2.38039 3.3
    endloop
  endfacet
  facet normal 0 0 -1
    outer loop
      vertex 2.22168 1.70514 3.3
      vertex 2.53473 2.424 3.3
      vertex 2.29999 1.70001 3.3
    endloop
  endfacet
  facet normal 0 0 -1
    outer loop
      vertex 2.1447 1.72044 3.3
      vertex 2.53473 2.424 3.3
      vertex 2.22168 1.70514 3.3
    endloop
  endfacet
  facet normal 0 0 -1
    outer loop
      vertex 2.07039 1.74568 3.3
      vertex 2.53473 2.424 3.3
      vertex 2.1447 1.72044 3.3
    endloop
  endfacet
  facet normal -0 0 -1
    outer loop
      vertex 2.53473 2.424 3.3
      vertex 2.07039 1.74568 3.3
      vertex 2.47572 2.47574 3.3
    endloop
  endfacet
  facet normal 0 0 -1
    outer loop
      vertex 1.99998 1.7804 3.3
      vertex 2.47572 2.47574 3.3
      vertex 2.07039 1.74568 3.3
    endloop
  endfacet
  facet normal 0 0 -1
    outer loop
      vertex 1.93474 1.82399 3.3
      vertex 2.47572 2.47574 3.3
      vertex 1.99998 1.7804 3.3
    endloop
  endfacet
  facet normal 0 0 -1
    outer loop
      vertex 1.87573 1.87575 3.3
      vertex 2.47572 2.47574 3.3
      vertex 1.93474 1.82399 3.3
    endloop
  endfacet
  facet normal 0 0 -1
    outer loop
      vertex 1.82397 1.93475 3.3
      vertex 2.47572 2.47574 3.3
      vertex 1.87573 1.87575 3.3
    endloop
  endfacet
  facet normal -0 0 -1
    outer loop
      vertex 2.30393 2.83999 3.3
      vertex 1.7 2.3 3.3
      vertex 2.29999 2.90001 3.3
    endloop
  endfacet
  facet normal -0 0 -1
    outer loop
      vertex 2.29999 2.90001 3.3
      vertex 1.7 2.3 3.3
      vertex 2.29999 28.88 3.3
    endloop
  endfacet
  facet normal 0 0 -1
    outer loop
      vertex 1.78038 2 3.3
      vertex 2.47572 2.47574 3.3
      vertex 1.82397 1.93475 3.3
    endloop
  endfacet
  facet normal 0 0 -1
    outer loop
      vertex 1.7 29.48 3.3
      vertex 2.29999 28.88 3.3
      vertex 1.7 2.3 3.3
    endloop
  endfacet
  facet normal 0 0 -1
    outer loop
      vertex 1.74567 2.07039 3.3
      vertex 2.47572 2.47574 3.3
      vertex 1.78038 2 3.3
    endloop
  endfacet
  facet normal 0 0 -1
    outer loop
      vertex 2.29999 28.88 3.3
      vertex 1.7 29.48 3.3
      vertex 2.29999 30.08 3.3
    endloop
  endfacet
  facet normal 0 0 -1
    outer loop
      vertex 1.72044 2.14472 3.3
      vertex 2.42557 2.53293 3.3
      vertex 1.74567 2.07039 3.3
    endloop
  endfacet
  facet normal 0 0 -1
    outer loop
      vertex 2.29999 30.08 3.3
      vertex 1.7 29.48 3.3
      vertex 2.22168 30.0749 3.3
    endloop
  endfacet
  facet normal -0 0 -1
    outer loop
      vertex 2.42557 2.53293 3.3
      vertex 1.72044 2.14472 3.3
      vertex 2.42398 2.53475 3.3
    endloop
  endfacet
  facet normal 0 0 -1
    outer loop
      vertex 2.22168 30.0749 3.3
      vertex 1.7 29.48 3.3
      vertex 2.1447 30.0596 3.3
    endloop
  endfacet
  facet normal 0 0 -1
    outer loop
      vertex 1.70512 2.2217 3.3
      vertex 2.42398 2.53475 3.3
      vertex 1.72044 2.14472 3.3
    endloop
  endfacet
  facet normal 0 0 -1
    outer loop
      vertex 2.1447 30.0596 3.3
      vertex 1.7 29.48 3.3
      vertex 2.07039 30.0343 3.3
    endloop
  endfacet
  facet normal 0 0 -1
    outer loop
      vertex 1.7 2.3 3.3
      vertex 2.42398 2.53475 3.3
      vertex 1.70512 2.2217 3.3
    endloop
  endfacet
  facet normal 0 0 -1
    outer loop
      vertex 2.07039 30.0343 3.3
      vertex 1.7 29.48 3.3
      vertex 1.99998 29.9996 3.3
    endloop
  endfacet
  facet normal -0 0 -1
    outer loop
      vertex 2.42036 2.54016 3.3
      vertex 1.7 2.3 3.3
      vertex 2.38037 2.60001 3.3
    endloop
  endfacet
  facet normal 0 0 -1
    outer loop
      vertex 1.99998 29.9996 3.3
      vertex 1.7 29.48 3.3
      vertex 1.93474 29.956 3.3
    endloop
  endfacet
  facet normal -0 0 -1
    outer loop
      vertex 2.38037 2.60001 3.3
      vertex 1.7 2.3 3.3
      vertex 2.34566 2.6704 3.3
    endloop
  endfacet
  facet normal 0 0 -1
    outer loop
      vertex 1.93474 29.956 3.3
      vertex 1.7 29.48 3.3
      vertex 1.87573 29.9043 3.3
    endloop
  endfacet
  facet normal -0 0 -1
    outer loop
      vertex 2.32994 2.71672 3.3
      vertex 1.7 2.3 3.3
      vertex 2.32043 2.74471 3.3
    endloop
  endfacet
  facet normal 0 0 -1
    outer loop
      vertex 1.87573 29.9043 3.3
      vertex 1.7 29.48 3.3
      vertex 1.82397 29.8453 3.3
    endloop
  endfacet
  facet normal -0 0 -1
    outer loop
      vertex 2.32043 2.74471 3.3
      vertex 1.7 2.3 3.3
      vertex 2.30513 2.82169 3.3
    endloop
  endfacet
  facet normal 0 0 -1
    outer loop
      vertex 1.82397 29.8453 3.3
      vertex 1.7 29.48 3.3
      vertex 1.78038 29.78 3.3
    endloop
  endfacet
  facet normal -0 0 -1
    outer loop
      vertex 2.30513 2.82169 3.3
      vertex 1.7 2.3 3.3
      vertex 2.30393 2.83999 3.3
    endloop
  endfacet
  facet normal 0 0 -1
    outer loop
      vertex 1.78038 29.78 3.3
      vertex 1.7 29.48 3.3
      vertex 1.74567 29.7096 3.3
    endloop
  endfacet
  facet normal 0 0 -1
    outer loop
      vertex 1.74567 29.7096 3.3
      vertex 1.7 29.48 3.3
      vertex 1.72044 29.6353 3.3
    endloop
  endfacet
  facet normal 0 0 -1
    outer loop
      vertex 1.72044 29.6353 3.3
      vertex 1.7 29.48 3.3
      vertex 1.70512 29.5583 3.3
    endloop
  endfacet
  facet normal 0 0 -1
    outer loop
      vertex 37.0949 2.82169 3.3
      vertex 37.7 2.3 3.3
      vertex 37.6949 2.2217 3.3
    endloop
  endfacet
  facet normal 0 0 -1
    outer loop
      vertex 37.7 2.3 3.3
      vertex 37.1 2.90001 3.3
      vertex 37.7 29.48 3.3
    endloop
  endfacet
  facet normal 0 0 -1
    outer loop
      vertex 37.0949 2.82169 3.3
      vertex 37.6949 2.2217 3.3
      vertex 37.6796 2.14472 3.3
    endloop
  endfacet
  facet normal 0 0 -1
    outer loop
      vertex 37.1 28.88 3.3
      vertex 37.7 29.48 3.3
      vertex 37.1 2.90001 3.3
    endloop
  endfacet
  facet normal 0 0 -1
    outer loop
      vertex 37.0949 2.82169 3.3
      vertex 37.6796 2.14472 3.3
      vertex 37.6543 2.07039 3.3
    endloop
  endfacet
  facet normal 0 0 -1
    outer loop
      vertex 37.0949 28.9583 3.3
      vertex 37.7 29.48 3.3
      vertex 37.1 28.88 3.3
    endloop
  endfacet
  facet normal 0 0 -1
    outer loop
      vertex 37.0949 2.82169 3.3
      vertex 37.6543 2.07039 3.3
      vertex 37.6196 2 3.3
    endloop
  endfacet
  facet normal 0 0 -1
    outer loop
      vertex 37.0795 29.0353 3.3
      vertex 37.7 29.48 3.3
      vertex 37.0949 28.9583 3.3
    endloop
  endfacet
  facet normal 0 0 -1
    outer loop
      vertex 37.0949 2.82169 3.3
      vertex 37.6196 2 3.3
      vertex 37.576 1.93475 3.3
    endloop
  endfacet
  facet normal 0 0 -1
    outer loop
      vertex 37.0543 29.1096 3.3
      vertex 37.7 29.48 3.3
      vertex 37.0795 29.0353 3.3
    endloop
  endfacet
  facet normal 0 0 -1
    outer loop
      vertex 37.0949 2.82169 3.3
      vertex 37.576 1.93475 3.3
      vertex 37.5243 1.87575 3.3
    endloop
  endfacet
  facet normal 0 0 -1
    outer loop
      vertex 37.0196 29.18 3.3
      vertex 37.7 29.48 3.3
      vertex 37.0543 29.1096 3.3
    endloop
  endfacet
  facet normal 0 0 -1
    outer loop
      vertex 37.0949 2.82169 3.3
      vertex 37.5243 1.87575 3.3
      vertex 37.4653 1.82399 3.3
    endloop
  endfacet
  facet normal 0 0 -1
    outer loop
      vertex 37.0087 29.1963 3.3
      vertex 37.7 29.48 3.3
      vertex 37.0196 29.18 3.3
    endloop
  endfacet
  facet normal 0 0 -1
    outer loop
      vertex 37.0949 2.82169 3.3
      vertex 37.4653 1.82399 3.3
      vertex 37.4 1.7804 3.3
    endloop
  endfacet
  facet normal 0 0 -1
    outer loop
      vertex 36.976 29.2453 3.3
      vertex 37.7 29.48 3.3
      vertex 37.0087 29.1963 3.3
    endloop
  endfacet
  facet normal 0 0 -1
    outer loop
      vertex 37.0949 2.82169 3.3
      vertex 37.4 1.7804 3.3
      vertex 37.3296 1.74568 3.3
    endloop
  endfacet
  facet normal -0 0 -1
    outer loop
      vertex 37.7 29.48 3.3
      vertex 36.976 29.2453 3.3
      vertex 37.6949 29.5583 3.3
    endloop
  endfacet
  facet normal 0 0 -1
    outer loop
      vertex 37.0949 2.82169 3.3
      vertex 37.3296 1.74568 3.3
      vertex 37.2553 1.72044 3.3
    endloop
  endfacet
  facet normal -0 0 -1
    outer loop
      vertex 37.6949 29.5583 3.3
      vertex 36.976 29.2453 3.3
      vertex 37.6796 29.6353 3.3
    endloop
  endfacet
  facet normal 0 0 -1
    outer loop
      vertex 37.0949 2.82169 3.3
      vertex 37.2553 1.72044 3.3
      vertex 37.1783 1.70514 3.3
    endloop
  endfacet
  facet normal 0 0 -1
    outer loop
      vertex 36.9712 29.2507 3.3
      vertex 37.6796 29.6353 3.3
      vertex 36.976 29.2453 3.3
    endloop
  endfacet
  facet normal 0 0 -1
    outer loop
      vertex 36.8652 2.424 3.3
      vertex 37.1783 1.70514 3.3
      vertex 37.1 1.70001 3.3
    endloop
  endfacet
  facet normal -0 0 -1
    outer loop
      vertex 37.6796 29.6353 3.3
      vertex 36.9712 29.2507 3.3
      vertex 37.6543 29.7096 3.3
    endloop
  endfacet
  facet normal 0 0 -1
    outer loop
      vertex 36.9243 29.3043 3.3
      vertex 37.6543 29.7096 3.3
      vertex 36.9712 29.2507 3.3
    endloop
  endfacet
  facet normal -0 0 -1
    outer loop
      vertex 37.6543 29.7096 3.3
      vertex 36.9243 29.3043 3.3
      vertex 37.6196 29.78 3.3
    endloop
  endfacet
  facet normal -0 0 -1
    outer loop
      vertex 37.6196 29.78 3.3
      vertex 36.9243 29.3043 3.3
      vertex 37.576 29.8453 3.3
    endloop
  endfacet
  facet normal -0 0 -1
    outer loop
      vertex 37.576 29.8453 3.3
      vertex 36.9243 29.3043 3.3
      vertex 37.5243 29.9043 3.3
    endloop
  endfacet
  facet normal -0 0 -1
    outer loop
      vertex 37.5243 29.9043 3.3
      vertex 36.9243 29.3043 3.3
      vertex 37.4653 29.956 3.3
    endloop
  endfacet
  facet normal -0 0 -1
    outer loop
      vertex 37.4653 29.956 3.3
      vertex 36.9243 29.3043 3.3
      vertex 37.4 29.9996 3.3
    endloop
  endfacet
  facet normal -0 0 -1
    outer loop
      vertex 37.4 29.9996 3.3
      vertex 36.9243 29.3043 3.3
      vertex 37.3296 30.0343 3.3
    endloop
  endfacet
  facet normal 0 0 -1
    outer loop
      vertex 36.8671 29.3544 3.3
      vertex 37.3296 30.0343 3.3
      vertex 36.9243 29.3043 3.3
    endloop
  endfacet
  facet normal -0 0 -1
    outer loop
      vertex 37.3296 30.0343 3.3
      vertex 36.8671 29.3544 3.3
      vertex 37.2553 30.0596 3.3
    endloop
  endfacet
  facet normal -0 0 -1
    outer loop
      vertex 37.2553 30.0596 3.3
      vertex 36.8671 29.3544 3.3
      vertex 37.1783 30.0749 3.3
    endloop
  endfacet
  facet normal 0 0 -1
    outer loop
      vertex 36.8652 29.356 3.3
      vertex 37.1783 30.0749 3.3
      vertex 36.8671 29.3544 3.3
    endloop
  endfacet
  facet normal -0 0 -1
    outer loop
      vertex 37.1783 30.0749 3.3
      vertex 36.8652 29.356 3.3
      vertex 37.1 30.08 3.3
    endloop
  endfacet
  facet normal 0 0 -1
    outer loop
      vertex 36.8598 29.3596 3.3
      vertex 37.1 30.08 3.3
      vertex 36.8652 29.356 3.3
    endloop
  endfacet
  facet normal 0 0 -1
    outer loop
      vertex 36.8 29.3996 3.3
      vertex 37.1 30.08 3.3
      vertex 36.8598 29.3596 3.3
    endloop
  endfacet
  facet normal 0 0 -1
    outer loop
      vertex 36.7296 29.4343 3.3
      vertex 37.1 30.08 3.3
      vertex 36.8 29.3996 3.3
    endloop
  endfacet
  facet normal 0 0 -1
    outer loop
      vertex 36.6676 29.4554 3.3
      vertex 37.1 30.08 3.3
      vertex 36.7296 29.4343 3.3
    endloop
  endfacet
  facet normal 0 0 -1
    outer loop
      vertex 36.6553 29.4596 3.3
      vertex 37.1 30.08 3.3
      vertex 36.6676 29.4554 3.3
    endloop
  endfacet
  facet normal 0 0 -1
    outer loop
      vertex 36.5783 29.4749 3.3
      vertex 37.1 30.08 3.3
      vertex 36.6553 29.4596 3.3
    endloop
  endfacet
  facet normal 0 0 -1
    outer loop
      vertex 36.5587 29.4762 3.3
      vertex 37.1 30.08 3.3
      vertex 36.5783 29.4749 3.3
    endloop
  endfacet
  facet normal 0 0 -1
    outer loop
      vertex 36.5 29.48 3.3
      vertex 37.1 30.08 3.3
      vertex 36.5587 29.4762 3.3
    endloop
  endfacet
  facet normal 0 0 -1
    outer loop
      vertex 2.89999 29.48 3.3
      vertex 37.1 30.08 3.3
      vertex 36.5 29.48 3.3
    endloop
  endfacet
  facet normal 0 0 -1
    outer loop
      vertex 2.29999 30.08 3.3
      vertex 2.83851 29.476 3.3
      vertex 2.82168 29.4749 3.3
    endloop
  endfacet
  facet normal 0 0 -1
    outer loop
      vertex 2.29999 30.08 3.3
      vertex 2.71981 29.4511 3.3
      vertex 2.67038 29.4343 3.3
    endloop
  endfacet
  facet normal 0 0 -1
    outer loop
      vertex 2.29999 30.08 3.3
      vertex 2.32888 29.0602 3.3
      vertex 2.32043 29.0353 3.3
    endloop
  endfacet
  facet normal 0 0 1
    outer loop
      vertex 2.29999 28.88 3.3
      vertex 2.30513 28.9583 3.3
      vertex 2.30402 28.9415 3.3
    endloop
  endfacet
  facet normal 0 0 -1
    outer loop
      vertex 2.89999 29.48 3.3
      vertex 2.29999 30.08 3.3
      vertex 37.1 30.08 3.3
    endloop
  endfacet
  facet normal 0 0 -1
    outer loop
      vertex 2.83851 29.476 3.3
      vertex 2.29999 30.08 3.3
      vertex 2.89999 29.48 3.3
    endloop
  endfacet
  facet normal 0 0 -1
    outer loop
      vertex 2.7447 29.4596 3.3
      vertex 2.29999 30.08 3.3
      vertex 2.82168 29.4749 3.3
    endloop
  endfacet
  facet normal 0 0 -1
    outer loop
      vertex 2.71981 29.4511 3.3
      vertex 2.29999 30.08 3.3
      vertex 2.7447 29.4596 3.3
    endloop
  endfacet
  facet normal 0 0 -1
    outer loop
      vertex 2.59999 29.3996 3.3
      vertex 2.29999 30.08 3.3
      vertex 2.67038 29.4343 3.3
    endloop
  endfacet
  facet normal 0 0 -1
    outer loop
      vertex 2.53473 29.356 3.3
      vertex 2.29999 30.08 3.3
      vertex 2.59999 29.3996 3.3
    endloop
  endfacet
  facet normal 0 0 -1
    outer loop
      vertex 2.47572 29.3043 3.3
      vertex 2.29999 30.08 3.3
      vertex 2.53473 29.356 3.3
    endloop
  endfacet
  facet normal 0 0 -1
    outer loop
      vertex 2.42398 29.2453 3.3
      vertex 2.29999 30.08 3.3
      vertex 2.47572 29.3043 3.3
    endloop
  endfacet
  facet normal 0 0 -1
    outer loop
      vertex 2.38037 29.18 3.3
      vertex 2.29999 30.08 3.3
      vertex 2.42398 29.2453 3.3
    endloop
  endfacet
  facet normal 0 0 -1
    outer loop
      vertex 2.34566 29.1096 3.3
      vertex 2.29999 30.08 3.3
      vertex 2.38037 29.18 3.3
    endloop
  endfacet
  facet normal 0 0 -1
    outer loop
      vertex 2.32888 29.0602 3.3
      vertex 2.29999 30.08 3.3
      vertex 2.34566 29.1096 3.3
    endloop
  endfacet
  facet normal 0 0 -1
    outer loop
      vertex 2.30513 28.9583 3.3
      vertex 2.29999 30.08 3.3
      vertex 2.32043 29.0353 3.3
    endloop
  endfacet
  facet normal 0 0 -1
    outer loop
      vertex 2.29999 30.08 3.3
      vertex 2.30513 28.9583 3.3
      vertex 2.29999 28.88 3.3
    endloop
  endfacet
  facet normal 0.194891 0.980825 -0
    outer loop
      vertex 37.2553 30.0596 3.3
      vertex 37.1783 30.0749 4.5
      vertex 37.2553 30.0596 4.5
    endloop
  endfacet
  facet normal 0.194891 0.980825 0
    outer loop
      vertex 37.1783 30.0749 4.5
      vertex 37.2553 30.0596 3.3
      vertex 37.1783 30.0749 3.3
    endloop
  endfacet
  facet normal 0.322337 0.946625 -0
    outer loop
      vertex 37.3296 30.0343 3.3
      vertex 37.2553 30.0596 4.5
      vertex 37.3296 30.0343 4.5
    endloop
  endfacet
  facet normal 0.322337 0.946625 0
    outer loop
      vertex 37.2553 30.0596 4.5
      vertex 37.3296 30.0343 3.3
      vertex 37.2553 30.0596 3.3
    endloop
  endfacet
  facet normal 0.44211 0.896961 -0
    outer loop
      vertex 37.4 29.9996 3.3
      vertex 37.3296 30.0343 4.5
      vertex 37.4 29.9996 4.5
    endloop
  endfacet
  facet normal 0.44211 0.896961 0
    outer loop
      vertex 37.3296 30.0343 4.5
      vertex 37.4 29.9996 3.3
      vertex 37.3296 30.0343 3.3
    endloop
  endfacet
  facet normal 0.555288 0.831658 -0
    outer loop
      vertex 37.4653 29.956 3.3
      vertex 37.4 29.9996 4.5
      vertex 37.4653 29.956 4.5
    endloop
  endfacet
  facet normal 0.555288 0.831658 0
    outer loop
      vertex 37.4 29.9996 4.5
      vertex 37.4653 29.956 3.3
      vertex 37.4 29.9996 3.3
    endloop
  endfacet
  facet normal 0.659046 0.752103 -0
    outer loop
      vertex 37.5243 29.9043 3.3
      vertex 37.4653 29.956 4.5
      vertex 37.5243 29.9043 4.5
    endloop
  endfacet
  facet normal 0.659046 0.752103 0
    outer loop
      vertex 37.4653 29.956 4.5
      vertex 37.5243 29.9043 3.3
      vertex 37.4653 29.956 3.3
    endloop
  endfacet
  facet normal 0.752103 0.659046 0
    outer loop
      vertex 37.576 29.8453 4.5
      vertex 37.5243 29.9043 3.3
      vertex 37.5243 29.9043 4.5
    endloop
  endfacet
  facet normal 0.752103 0.659046 0
    outer loop
      vertex 37.5243 29.9043 3.3
      vertex 37.576 29.8453 4.5
      vertex 37.576 29.8453 3.3
    endloop
  endfacet
  facet normal 0.831658 0.555288 0
    outer loop
      vertex 37.6196 29.78 4.5
      vertex 37.576 29.8453 3.3
      vertex 37.576 29.8453 4.5
    endloop
  endfacet
  facet normal 0.831658 0.555288 0
    outer loop
      vertex 37.576 29.8453 3.3
      vertex 37.6196 29.78 4.5
      vertex 37.6196 29.78 3.3
    endloop
  endfacet
  facet normal 0.896961 0.44211 0
    outer loop
      vertex 37.6543 29.7096 4.5
      vertex 37.6196 29.78 3.3
      vertex 37.6196 29.78 4.5
    endloop
  endfacet
  facet normal 0.896961 0.44211 0
    outer loop
      vertex 37.6196 29.78 3.3
      vertex 37.6543 29.7096 4.5
      vertex 37.6543 29.7096 3.3
    endloop
  endfacet
  facet normal 0.946625 0.322337 0
    outer loop
      vertex 37.6796 29.6353 4.5
      vertex 37.6543 29.7096 3.3
      vertex 37.6543 29.7096 4.5
    endloop
  endfacet
  facet normal 0.946625 0.322337 0
    outer loop
      vertex 37.6543 29.7096 3.3
      vertex 37.6796 29.6353 4.5
      vertex 37.6796 29.6353 3.3
    endloop
  endfacet
  facet normal 0.980825 0.194891 0
    outer loop
      vertex 37.6949 29.5583 4.5
      vertex 37.6796 29.6353 3.3
      vertex 37.6796 29.6353 4.5
    endloop
  endfacet
  facet normal 0.980825 0.194891 0
    outer loop
      vertex 37.6796 29.6353 3.3
      vertex 37.6949 29.5583 4.5
      vertex 37.6949 29.5583 3.3
    endloop
  endfacet
  facet normal 0.997886 0.0649964 0
    outer loop
      vertex 37.7 29.48 4.5
      vertex 37.6949 29.5583 3.3
      vertex 37.6949 29.5583 4.5
    endloop
  endfacet
  facet normal 0.997886 0.0649964 0
    outer loop
      vertex 37.6949 29.5583 3.3
      vertex 37.7 29.48 4.5
      vertex 37.7 29.48 3.3
    endloop
  endfacet
  facet normal 1 -0 0
    outer loop
      vertex 37.7 2.3 4.5
      vertex 37.7 29.48 3.3
      vertex 37.7 29.48 4.5
    endloop
  endfacet
  facet normal 1 0 0
    outer loop
      vertex 37.7 29.48 3.3
      vertex 37.7 2.3 4.5
      vertex 37.7 2.3 3.3
    endloop
  endfacet
  facet normal 0.997886 -0.0649964 0
    outer loop
      vertex 37.6949 2.2217 4.5
      vertex 37.7 2.3 3.3
      vertex 37.7 2.3 4.5
    endloop
  endfacet
  facet normal 0.997886 -0.0649964 0
    outer loop
      vertex 37.7 2.3 3.3
      vertex 37.6949 2.2217 4.5
      vertex 37.6949 2.2217 3.3
    endloop
  endfacet
  facet normal 0.980815 -0.19494 0
    outer loop
      vertex 37.6796 2.14472 4.5
      vertex 37.6949 2.2217 3.3
      vertex 37.6949 2.2217 4.5
    endloop
  endfacet
  facet normal 0.980815 -0.19494 0
    outer loop
      vertex 37.6949 2.2217 3.3
      vertex 37.6796 2.14472 4.5
      vertex 37.6796 2.14472 3.3
    endloop
  endfacet
  facet normal 0.946665 -0.32222 0
    outer loop
      vertex 37.6543 2.07039 4.5
      vertex 37.6796 2.14472 3.3
      vertex 37.6796 2.14472 4.5
    endloop
  endfacet
  facet normal 0.946665 -0.32222 0
    outer loop
      vertex 37.6796 2.14472 3.3
      vertex 37.6543 2.07039 4.5
      vertex 37.6543 2.07039 3.3
    endloop
  endfacet
  facet normal 0.896936 -0.44216 0
    outer loop
      vertex 37.6196 2 4.5
      vertex 37.6543 2.07039 3.3
      vertex 37.6543 2.07039 4.5
    endloop
  endfacet
  facet normal 0.896936 -0.44216 0
    outer loop
      vertex 37.6543 2.07039 3.3
      vertex 37.6196 2 4.5
      vertex 37.6196 2 3.3
    endloop
  endfacet
  facet normal 0.831462 -0.555582 0
    outer loop
      vertex 37.576 1.93475 4.5
      vertex 37.6196 2 3.3
      vertex 37.6196 2 4.5
    endloop
  endfacet
  facet normal 0.831462 -0.555582 0
    outer loop
      vertex 37.6196 2 3.3
      vertex 37.576 1.93475 4.5
      vertex 37.576 1.93475 3.3
    endloop
  endfacet
  facet normal 0.752103 -0.659046 0
    outer loop
      vertex 37.5243 1.87575 4.5
      vertex 37.576 1.93475 3.3
      vertex 37.576 1.93475 4.5
    endloop
  endfacet
  facet normal 0.752103 -0.659046 0
    outer loop
      vertex 37.576 1.93475 3.3
      vertex 37.5243 1.87575 4.5
      vertex 37.5243 1.87575 3.3
    endloop
  endfacet
  facet normal 0.659478 -0.751724 0
    outer loop
      vertex 37.4653 1.82399 3.3
      vertex 37.5243 1.87575 4.5
      vertex 37.4653 1.82399 4.5
    endloop
  endfacet
  facet normal 0.659478 -0.751724 0
    outer loop
      vertex 37.5243 1.87575 4.5
      vertex 37.4653 1.82399 3.3
      vertex 37.5243 1.87575 3.3
    endloop
  endfacet
  facet normal 0.5552 -0.831717 0
    outer loop
      vertex 37.4 1.7804 3.3
      vertex 37.4653 1.82399 4.5
      vertex 37.4 1.7804 4.5
    endloop
  endfacet
  facet normal 0.5552 -0.831717 0
    outer loop
      vertex 37.4653 1.82399 4.5
      vertex 37.4 1.7804 3.3
      vertex 37.4653 1.82399 3.3
    endloop
  endfacet
  facet normal 0.442315 -0.89686 0
    outer loop
      vertex 37.3296 1.74568 3.3
      vertex 37.4 1.7804 4.5
      vertex 37.3296 1.74568 4.5
    endloop
  endfacet
  facet normal 0.442315 -0.89686 0
    outer loop
      vertex 37.4 1.7804 4.5
      vertex 37.3296 1.74568 3.3
      vertex 37.4 1.7804 3.3
    endloop
  endfacet
  facet normal 0.321651 -0.946858 0
    outer loop
      vertex 37.2553 1.72044 3.3
      vertex 37.3296 1.74568 4.5
      vertex 37.2553 1.72044 4.5
    endloop
  endfacet
  facet normal 0.321651 -0.946858 0
    outer loop
      vertex 37.3296 1.74568 4.5
      vertex 37.2553 1.72044 3.3
      vertex 37.3296 1.74568 3.3
    endloop
  endfacet
  facet normal 0.194891 -0.980825 0
    outer loop
      vertex 37.1783 1.70514 3.3
      vertex 37.2553 1.72044 4.5
      vertex 37.1783 1.70514 4.5
    endloop
  endfacet
  facet normal 0.194891 -0.980825 0
    outer loop
      vertex 37.2553 1.72044 4.5
      vertex 37.1783 1.70514 3.3
      vertex 37.2553 1.72044 3.3
    endloop
  endfacet
  facet normal 0.0653771 -0.997861 0
    outer loop
      vertex 37.1 1.70001 3.3
      vertex 37.1783 1.70514 4.5
      vertex 37.1 1.70001 4.5
    endloop
  endfacet
  facet normal 0.0653771 -0.997861 0
    outer loop
      vertex 37.1783 1.70514 4.5
      vertex 37.1 1.70001 3.3
      vertex 37.1783 1.70514 3.3
    endloop
  endfacet
  facet normal 0 -1 0
    outer loop
      vertex 2.29999 1.70001 3.3
      vertex 37.1 1.70001 4.5
      vertex 2.29999 1.70001 4.5
    endloop
  endfacet
  facet normal 0 -1 -0
    outer loop
      vertex 37.1 1.70001 4.5
      vertex 2.29999 1.70001 3.3
      vertex 37.1 1.70001 3.3
    endloop
  endfacet
  facet normal -0.0653688 -0.997861 0
    outer loop
      vertex 2.22168 1.70514 3.3
      vertex 2.29999 1.70001 4.5
      vertex 2.22168 1.70514 4.5
    endloop
  endfacet
  facet normal -0.0653688 -0.997861 -0
    outer loop
      vertex 2.29999 1.70001 4.5
      vertex 2.22168 1.70514 3.3
      vertex 2.29999 1.70001 3.3
    endloop
  endfacet
  facet normal -0.19494 -0.980815 0
    outer loop
      vertex 2.1447 1.72044 3.3
      vertex 2.22168 1.70514 4.5
      vertex 2.1447 1.72044 4.5
    endloop
  endfacet
  facet normal -0.19494 -0.980815 -0
    outer loop
      vertex 2.22168 1.70514 4.5
      vertex 2.1447 1.72044 3.3
      vertex 2.22168 1.70514 3.3
    endloop
  endfacet
  facet normal -0.321613 -0.946871 0
    outer loop
      vertex 2.07039 1.74568 3.3
      vertex 2.1447 1.72044 4.5
      vertex 2.07039 1.74568 4.5
    endloop
  endfacet
  facet normal -0.321613 -0.946871 -0
    outer loop
      vertex 2.1447 1.72044 4.5
      vertex 2.07039 1.74568 3.3
      vertex 2.1447 1.72044 3.3
    endloop
  endfacet
  facet normal -0.442264 -0.896885 0
    outer loop
      vertex 1.99998 1.7804 3.3
      vertex 2.07039 1.74568 4.5
      vertex 1.99998 1.7804 4.5
    endloop
  endfacet
  facet normal -0.442264 -0.896885 -0
    outer loop
      vertex 2.07039 1.74568 4.5
      vertex 1.99998 1.7804 3.3
      vertex 2.07039 1.74568 3.3
    endloop
  endfacet
  facet normal -0.555553 -0.831481 0
    outer loop
      vertex 1.93474 1.82399 3.3
      vertex 1.99998 1.7804 4.5
      vertex 1.93474 1.82399 4.5
    endloop
  endfacet
  facet normal -0.555553 -0.831481 -0
    outer loop
      vertex 1.99998 1.7804 4.5
      vertex 1.93474 1.82399 3.3
      vertex 1.99998 1.7804 3.3
    endloop
  endfacet
  facet normal -0.659415 -0.751779 0
    outer loop
      vertex 1.87573 1.87575 3.3
      vertex 1.93474 1.82399 4.5
      vertex 1.87573 1.87575 4.5
    endloop
  endfacet
  facet normal -0.659415 -0.751779 -0
    outer loop
      vertex 1.93474 1.82399 4.5
      vertex 1.87573 1.87575 3.3
      vertex 1.93474 1.82399 3.3
    endloop
  endfacet
  facet normal -0.751724 -0.659478 0
    outer loop
      vertex 1.87573 1.87575 3.3
      vertex 1.82397 1.93475 4.5
      vertex 1.82397 1.93475 3.3
    endloop
  endfacet
  facet normal -0.751724 -0.659478 0
    outer loop
      vertex 1.82397 1.93475 4.5
      vertex 1.87573 1.87575 3.3
      vertex 1.87573 1.87575 4.5
    endloop
  endfacet
  facet normal -0.831521 -0.555494 0
    outer loop
      vertex 1.82397 1.93475 3.3
      vertex 1.78038 2 4.5
      vertex 1.78038 2 3.3
    endloop
  endfacet
  facet normal -0.831521 -0.555494 0
    outer loop
      vertex 1.78038 2 4.5
      vertex 1.82397 1.93475 3.3
      vertex 1.82397 1.93475 4.5
    endloop
  endfacet
  facet normal -0.896885 -0.442263 0
    outer loop
      vertex 1.78038 2 3.3
      vertex 1.74567 2.07039 4.5
      vertex 1.74567 2.07039 3.3
    endloop
  endfacet
  facet normal -0.896885 -0.442263 0
    outer loop
      vertex 1.74567 2.07039 4.5
      vertex 1.78038 2 3.3
      vertex 1.78038 2 4.5
    endloop
  endfacet
  facet normal -0.946936 -0.321421 0
    outer loop
      vertex 1.74567 2.07039 3.3
      vertex 1.72044 2.14472 4.5
      vertex 1.72044 2.14472 3.3
    endloop
  endfacet
  facet normal -0.946936 -0.321421 0
    outer loop
      vertex 1.72044 2.14472 4.5
      vertex 1.74567 2.07039 3.3
      vertex 1.74567 2.07039 4.5
    endloop
  endfacet
  facet normal -0.980766 -0.195185 0
    outer loop
      vertex 1.72044 2.14472 3.3
      vertex 1.70512 2.2217 4.5
      vertex 1.70512 2.2217 3.3
    endloop
  endfacet
  facet normal -0.980766 -0.195185 0
    outer loop
      vertex 1.70512 2.2217 4.5
      vertex 1.72044 2.14472 3.3
      vertex 1.72044 2.14472 4.5
    endloop
  endfacet
  facet normal -0.997869 -0.0652502 0
    outer loop
      vertex 1.70512 2.2217 3.3
      vertex 1.7 2.3 4.5
      vertex 1.7 2.3 3.3
    endloop
  endfacet
  facet normal -0.997869 -0.0652502 0
    outer loop
      vertex 1.7 2.3 4.5
      vertex 1.70512 2.2217 3.3
      vertex 1.70512 2.2217 4.5
    endloop
  endfacet
  facet normal -1 0 0
    outer loop
      vertex 1.7 2.3 3.3
      vertex 1.7 29.48 4.5
      vertex 1.7 29.48 3.3
    endloop
  endfacet
  facet normal -1 -0 0
    outer loop
      vertex 1.7 29.48 4.5
      vertex 1.7 2.3 3.3
      vertex 1.7 2.3 4.5
    endloop
  endfacet
  facet normal -0.997869 0.0652502 0
    outer loop
      vertex 1.7 29.48 3.3
      vertex 1.70512 29.5583 4.5
      vertex 1.70512 29.5583 3.3
    endloop
  endfacet
  facet normal -0.997869 0.0652502 0
    outer loop
      vertex 1.70512 29.5583 4.5
      vertex 1.7 29.48 3.3
      vertex 1.7 29.48 4.5
    endloop
  endfacet
  facet normal -0.980776 0.195136 0
    outer loop
      vertex 1.70512 29.5583 3.3
      vertex 1.72044 29.6353 4.5
      vertex 1.72044 29.6353 3.3
    endloop
  endfacet
  facet normal -0.980776 0.195136 0
    outer loop
      vertex 1.72044 29.6353 4.5
      vertex 1.70512 29.5583 3.3
      vertex 1.70512 29.5583 4.5
    endloop
  endfacet
  facet normal -0.946897 0.321537 0
    outer loop
      vertex 1.72044 29.6353 3.3
      vertex 1.74567 29.7096 4.5
      vertex 1.74567 29.7096 3.3
    endloop
  endfacet
  facet normal -0.946897 0.321537 0
    outer loop
      vertex 1.74567 29.7096 4.5
      vertex 1.72044 29.6353 3.3
      vertex 1.72044 29.6353 4.5
    endloop
  endfacet
  facet normal -0.89691 0.442212 0
    outer loop
      vertex 1.74567 29.7096 3.3
      vertex 1.78038 29.78 4.5
      vertex 1.78038 29.78 3.3
    endloop
  endfacet
  facet normal -0.89691 0.442212 0
    outer loop
      vertex 1.78038 29.78 4.5
      vertex 1.74567 29.7096 3.3
      vertex 1.74567 29.7096 4.5
    endloop
  endfacet
  facet normal -0.831717 0.5552 0
    outer loop
      vertex 1.78038 29.78 3.3
      vertex 1.82397 29.8453 4.5
      vertex 1.82397 29.8453 3.3
    endloop
  endfacet
  facet normal -0.831717 0.5552 0
    outer loop
      vertex 1.82397 29.8453 4.5
      vertex 1.78038 29.78 3.3
      vertex 1.78038 29.78 4.5
    endloop
  endfacet
  facet normal -0.751724 0.659478 0
    outer loop
      vertex 1.82397 29.8453 3.3
      vertex 1.87573 29.9043 4.5
      vertex 1.87573 29.9043 3.3
    endloop
  endfacet
  facet normal -0.751724 0.659478 0
    outer loop
      vertex 1.87573 29.9043 4.5
      vertex 1.82397 29.8453 3.3
      vertex 1.82397 29.8453 4.5
    endloop
  endfacet
  facet normal -0.658983 0.752158 0
    outer loop
      vertex 1.93474 29.956 3.3
      vertex 1.87573 29.9043 4.5
      vertex 1.93474 29.956 4.5
    endloop
  endfacet
  facet normal -0.658983 0.752158 0
    outer loop
      vertex 1.87573 29.9043 4.5
      vertex 1.93474 29.956 3.3
      vertex 1.87573 29.9043 3.3
    endloop
  endfacet
  facet normal -0.555641 0.831422 0
    outer loop
      vertex 1.99998 29.9996 3.3
      vertex 1.93474 29.956 4.5
      vertex 1.99998 29.9996 4.5
    endloop
  endfacet
  facet normal -0.555641 0.831422 0
    outer loop
      vertex 1.93474 29.956 4.5
      vertex 1.99998 29.9996 3.3
      vertex 1.93474 29.956 3.3
    endloop
  endfacet
  facet normal -0.442059 0.896986 0
    outer loop
      vertex 2.07039 30.0343 3.3
      vertex 1.99998 29.9996 4.5
      vertex 2.07039 30.0343 4.5
    endloop
  endfacet
  facet normal -0.442059 0.896986 0
    outer loop
      vertex 1.99998 29.9996 4.5
      vertex 2.07039 30.0343 3.3
      vertex 1.99998 29.9996 3.3
    endloop
  endfacet
  facet normal -0.322298 0.946638 0
    outer loop
      vertex 2.1447 30.0596 3.3
      vertex 2.07039 30.0343 4.5
      vertex 2.1447 30.0596 4.5
    endloop
  endfacet
  facet normal -0.322298 0.946638 0
    outer loop
      vertex 2.07039 30.0343 4.5
      vertex 2.1447 30.0596 3.3
      vertex 2.07039 30.0343 3.3
    endloop
  endfacet
  facet normal -0.19494 0.980815 0
    outer loop
      vertex 2.22168 30.0749 3.3
      vertex 2.1447 30.0596 4.5
      vertex 2.22168 30.0749 4.5
    endloop
  endfacet
  facet normal -0.19494 0.980815 0
    outer loop
      vertex 2.1447 30.0596 4.5
      vertex 2.22168 30.0749 3.3
      vertex 2.1447 30.0596 3.3
    endloop
  endfacet
  facet normal -0.0649881 0.997886 0
    outer loop
      vertex 2.29999 30.08 3.3
      vertex 2.22168 30.0749 4.5
      vertex 2.29999 30.08 4.5
    endloop
  endfacet
  facet normal -0.0649881 0.997886 0
    outer loop
      vertex 2.22168 30.0749 4.5
      vertex 2.29999 30.08 3.3
      vertex 2.22168 30.0749 3.3
    endloop
  endfacet
  facet normal 0 1 -0
    outer loop
      vertex 37.1 30.08 3.3
      vertex 2.29999 30.08 4.5
      vertex 37.1 30.08 4.5
    endloop
  endfacet
  facet normal 0 1 0
    outer loop
      vertex 2.29999 30.08 4.5
      vertex 37.1 30.08 3.3
      vertex 2.29999 30.08 3.3
    endloop
  endfacet
  facet normal 0.0649964 0.997886 -0
    outer loop
      vertex 37.1783 30.0749 3.3
      vertex 37.1 30.08 4.5
      vertex 37.1783 30.0749 4.5
    endloop
  endfacet
  facet normal 0.0649964 0.997886 0
    outer loop
      vertex 37.1 30.08 4.5
      vertex 37.1783 30.0749 3.3
      vertex 37.1 30.08 3.3
    endloop
  endfacet
  facet normal 0.0649245 -0.99789 0
    outer loop
      vertex 2.83851 29.476 3.3
      vertex 2.89999 29.48 4.5
      vertex 2.83851 29.476 4.5
    endloop
  endfacet
  facet normal 0.0649245 -0.99789 0
    outer loop
      vertex 2.89999 29.48 4.5
      vertex 2.83851 29.476 3.3
      vertex 2.89999 29.48 3.3
    endloop
  endfacet
  facet normal 0.321796 -0.946809 0
    outer loop
      vertex 2.67038 29.4343 3.3
      vertex 2.71981 29.4511 4.5
      vertex 2.67038 29.4343 4.5
    endloop
  endfacet
  facet normal 0.321796 -0.946809 0
    outer loop
      vertex 2.71981 29.4511 4.5
      vertex 2.67038 29.4343 3.3
      vertex 2.71981 29.4511 3.3
    endloop
  endfacet
  facet normal 0.44216 -0.896936 0
    outer loop
      vertex 2.59999 29.3996 3.3
      vertex 2.67038 29.4343 4.5
      vertex 2.59999 29.3996 4.5
    endloop
  endfacet
  facet normal 0.44216 -0.896936 0
    outer loop
      vertex 2.67038 29.4343 4.5
      vertex 2.59999 29.3996 3.3
      vertex 2.67038 29.4343 3.3
    endloop
  endfacet
  facet normal 0.555523 -0.831501 0
    outer loop
      vertex 2.53473 29.356 3.3
      vertex 2.59999 29.3996 4.5
      vertex 2.53473 29.356 4.5
    endloop
  endfacet
  facet normal 0.555523 -0.831501 0
    outer loop
      vertex 2.59999 29.3996 4.5
      vertex 2.53473 29.356 3.3
      vertex 2.59999 29.3996 3.3
    endloop
  endfacet
  facet normal 0.658983 -0.752158 0
    outer loop
      vertex 2.47572 29.3043 3.3
      vertex 2.53473 29.356 4.5
      vertex 2.47572 29.3043 4.5
    endloop
  endfacet
  facet normal 0.658983 -0.752158 0
    outer loop
      vertex 2.53473 29.356 4.5
      vertex 2.47572 29.3043 3.3
      vertex 2.53473 29.356 3.3
    endloop
  endfacet
  facet normal 0.75185 -0.659334 0
    outer loop
      vertex 2.42398 29.2453 4.5
      vertex 2.47572 29.3043 3.3
      vertex 2.47572 29.3043 4.5
    endloop
  endfacet
  facet normal 0.75185 -0.659334 0
    outer loop
      vertex 2.47572 29.3043 3.3
      vertex 2.42398 29.2453 4.5
      vertex 2.42398 29.2453 3.3
    endloop
  endfacet
  facet normal 0.831599 -0.555376 0
    outer loop
      vertex 2.38037 29.18 4.5
      vertex 2.42398 29.2453 3.3
      vertex 2.42398 29.2453 4.5
    endloop
  endfacet
  facet normal 0.831599 -0.555376 0
    outer loop
      vertex 2.42398 29.2453 3.3
      vertex 2.38037 29.18 4.5
      vertex 2.38037 29.18 3.3
    endloop
  endfacet
  facet normal 0.89691 -0.442212 0
    outer loop
      vertex 2.34566 29.1096 4.5
      vertex 2.38037 29.18 3.3
      vertex 2.38037 29.18 4.5
    endloop
  endfacet
  facet normal 0.89691 -0.442212 0
    outer loop
      vertex 2.38037 29.18 3.3
      vertex 2.34566 29.1096 4.5
      vertex 2.34566 29.1096 3.3
    endloop
  endfacet
  facet normal 0.946866 -0.321628 0
    outer loop
      vertex 2.32888 29.0602 4.5
      vertex 2.34566 29.1096 3.3
      vertex 2.34566 29.1096 4.5
    endloop
  endfacet
  facet normal 0.946866 -0.321628 0
    outer loop
      vertex 2.34566 29.1096 3.3
      vertex 2.32888 29.0602 4.5
      vertex 2.32888 29.0602 3.3
    endloop
  endfacet
  facet normal 0.99786 -0.0653882 0
    outer loop
      vertex 2.29999 28.88 4.5
      vertex 2.30402 28.9415 3.3
      vertex 2.30402 28.9415 4.5
    endloop
  endfacet
  facet normal 0.99786 -0.0653882 0
    outer loop
      vertex 2.30402 28.9415 3.3
      vertex 2.29999 28.88 4.5
      vertex 2.29999 28.88 3.3
    endloop
  endfacet
  facet normal 1 -0 0
    outer loop
      vertex 2.29999 2.90001 4.5
      vertex 2.29999 28.88 3.3
      vertex 2.29999 28.88 4.5
    endloop
  endfacet
  facet normal 1 0 0
    outer loop
      vertex 2.29999 28.88 3.3
      vertex 2.29999 2.90001 4.5
      vertex 2.29999 2.90001 3.3
    endloop
  endfacet
  facet normal 0.997852 0.0655038 0
    outer loop
      vertex 2.30393 2.83999 4.5
      vertex 2.29999 2.90001 3.3
      vertex 2.29999 2.90001 4.5
    endloop
  endfacet
  facet normal 0.997852 0.0655038 0
    outer loop
      vertex 2.29999 2.90001 3.3
      vertex 2.30393 2.83999 4.5
      vertex 2.30393 2.83999 3.3
    endloop
  endfacet
  facet normal 0.946952 0.321375 0
    outer loop
      vertex 2.34566 2.6704 4.5
      vertex 2.32994 2.71672 3.3
      vertex 2.32994 2.71672 4.5
    endloop
  endfacet
  facet normal 0.946952 0.321375 0
    outer loop
      vertex 2.32994 2.71672 3.3
      vertex 2.34566 2.6704 4.5
      vertex 2.34566 2.6704 3.3
    endloop
  endfacet
  facet normal 0.896885 0.442263 0
    outer loop
      vertex 2.38037 2.60001 4.5
      vertex 2.34566 2.6704 3.3
      vertex 2.34566 2.6704 4.5
    endloop
  endfacet
  facet normal 0.896885 0.442263 0
    outer loop
      vertex 2.34566 2.6704 3.3
      vertex 2.38037 2.60001 4.5
      vertex 2.38037 2.60001 3.3
    endloop
  endfacet
  facet normal 0.831473 0.555566 0
    outer loop
      vertex 2.42036 2.54016 4.5
      vertex 2.38037 2.60001 3.3
      vertex 2.38037 2.60001 4.5
    endloop
  endfacet
  facet normal 0.831473 0.555566 0
    outer loop
      vertex 2.38037 2.60001 3.3
      vertex 2.42036 2.54016 4.5
      vertex 2.42036 2.54016 3.3
    endloop
  endfacet
  facet normal 0.751868 0.659314 0
    outer loop
      vertex 2.47572 2.47574 4.5
      vertex 2.42557 2.53293 3.3
      vertex 2.42557 2.53293 4.5
    endloop
  endfacet
  facet normal 0.751868 0.659314 0
    outer loop
      vertex 2.42557 2.53293 3.3
      vertex 2.47572 2.47574 4.5
      vertex 2.47572 2.47574 3.3
    endloop
  endfacet
  facet normal 0.659271 0.751905 -0
    outer loop
      vertex 2.53473 2.424 3.3
      vertex 2.47572 2.47574 4.5
      vertex 2.53473 2.424 4.5
    endloop
  endfacet
  facet normal 0.659271 0.751905 0
    outer loop
      vertex 2.47572 2.47574 4.5
      vertex 2.53473 2.424 3.3
      vertex 2.47572 2.47574 3.3
    endloop
  endfacet
  facet normal 0.555611 0.831442 -0
    outer loop
      vertex 2.59999 2.38039 3.3
      vertex 2.53473 2.424 4.5
      vertex 2.59999 2.38039 4.5
    endloop
  endfacet
  facet normal 0.555611 0.831442 0
    outer loop
      vertex 2.53473 2.424 4.5
      vertex 2.59999 2.38039 3.3
      vertex 2.53473 2.424 3.3
    endloop
  endfacet
  facet normal 0.442365 0.896835 -0
    outer loop
      vertex 2.67038 2.34567 3.3
      vertex 2.59999 2.38039 4.5
      vertex 2.67038 2.34567 4.5
    endloop
  endfacet
  facet normal 0.442365 0.896835 0
    outer loop
      vertex 2.59999 2.38039 4.5
      vertex 2.67038 2.34567 3.3
      vertex 2.59999 2.38039 3.3
    endloop
  endfacet
  facet normal 0.321307 0.946975 -0
    outer loop
      vertex 2.74471 2.32045 3.3
      vertex 2.67038 2.34567 4.5
      vertex 2.74471 2.32045 4.5
    endloop
  endfacet
  facet normal 0.321307 0.946975 0
    outer loop
      vertex 2.67038 2.34567 4.5
      vertex 2.74471 2.32045 3.3
      vertex 2.67038 2.34567 3.3
    endloop
  endfacet
  facet normal 0.195234 0.980757 -0
    outer loop
      vertex 2.76395 2.31662 3.3
      vertex 2.74471 2.32045 4.5
      vertex 2.76395 2.31662 4.5
    endloop
  endfacet
  facet normal 0.195234 0.980757 0
    outer loop
      vertex 2.74471 2.32045 4.5
      vertex 2.76395 2.31662 3.3
      vertex 2.74471 2.32045 3.3
    endloop
  endfacet
  facet normal 0.065741 0.997837 -0
    outer loop
      vertex 2.89999 2.3 3.3
      vertex 2.88041 2.30129 4.5
      vertex 2.89999 2.3 4.5
    endloop
  endfacet
  facet normal 0.065741 0.997837 0
    outer loop
      vertex 2.88041 2.30129 4.5
      vertex 2.89999 2.3 3.3
      vertex 2.88041 2.30129 3.3
    endloop
  endfacet
  facet normal 0 1 -0
    outer loop
      vertex 36.5 2.3 3.3
      vertex 2.89999 2.3 4.5
      vertex 36.5 2.3 4.5
    endloop
  endfacet
  facet normal 0 1 0
    outer loop
      vertex 2.89999 2.3 4.5
      vertex 36.5 2.3 3.3
      vertex 2.89999 2.3 3.3
    endloop
  endfacet
  facet normal -0.0659277 0.997824 0
    outer loop
      vertex 36.5168 2.30111 3.3
      vertex 36.5 2.3 4.5
      vertex 36.5168 2.30111 4.5
    endloop
  endfacet
  facet normal -0.0659277 0.997824 0
    outer loop
      vertex 36.5 2.3 4.5
      vertex 36.5168 2.30111 3.3
      vertex 36.5 2.3 3.3
    endloop
  endfacet
  facet normal -0.194891 0.980825 0
    outer loop
      vertex 36.6553 2.32045 3.3
      vertex 36.6322 2.31586 4.5
      vertex 36.6553 2.32045 4.5
    endloop
  endfacet
  facet normal -0.194891 0.980825 0
    outer loop
      vertex 36.6322 2.31586 4.5
      vertex 36.6553 2.32045 3.3
      vertex 36.6322 2.31586 3.3
    endloop
  endfacet
  facet normal -0.321423 0.946936 0
    outer loop
      vertex 36.7296 2.34567 3.3
      vertex 36.6553 2.32045 4.5
      vertex 36.7296 2.34567 4.5
    endloop
  endfacet
  facet normal -0.321423 0.946936 0
    outer loop
      vertex 36.6553 2.32045 4.5
      vertex 36.7296 2.34567 3.3
      vertex 36.6553 2.32045 3.3
    endloop
  endfacet
  facet normal -0.442315 0.89686 0
    outer loop
      vertex 36.8 2.38039 3.3
      vertex 36.7296 2.34567 4.5
      vertex 36.8 2.38039 4.5
    endloop
  endfacet
  facet normal -0.442315 0.89686 0
    outer loop
      vertex 36.7296 2.34567 4.5
      vertex 36.8 2.38039 3.3
      vertex 36.7296 2.34567 3.3
    endloop
  endfacet
  facet normal -0.555965 0.831206 0
    outer loop
      vertex 36.8652 2.424 3.3
      vertex 36.8 2.38039 4.5
      vertex 36.8652 2.424 4.5
    endloop
  endfacet
  facet normal -0.555965 0.831206 0
    outer loop
      vertex 36.8 2.38039 4.5
      vertex 36.8652 2.424 3.3
      vertex 36.8 2.38039 3.3
    endloop
  endfacet
  facet normal -0.658703 0.752403 0
    outer loop
      vertex 36.9243 2.47574 3.3
      vertex 36.8652 2.424 4.5
      vertex 36.9243 2.47574 4.5
    endloop
  endfacet
  facet normal -0.658703 0.752403 0
    outer loop
      vertex 36.8652 2.424 4.5
      vertex 36.9243 2.47574 3.3
      vertex 36.8652 2.424 3.3
    endloop
  endfacet
  facet normal -0.752964 0.658062 0
    outer loop
      vertex 36.9243 2.47574 3.3
      vertex 36.9485 2.50343 4.5
      vertex 36.9485 2.50343 3.3
    endloop
  endfacet
  facet normal -0.752964 0.658062 0
    outer loop
      vertex 36.9485 2.50343 4.5
      vertex 36.9243 2.47574 3.3
      vertex 36.9243 2.47574 4.5
    endloop
  endfacet
  facet normal -0.831298 0.555827 0
    outer loop
      vertex 37.0014 2.57279 3.3
      vertex 37.0196 2.60001 4.5
      vertex 37.0196 2.60001 3.3
    endloop
  endfacet
  facet normal -0.831298 0.555827 0
    outer loop
      vertex 37.0196 2.60001 4.5
      vertex 37.0014 2.57279 3.3
      vertex 37.0014 2.57279 4.5
    endloop
  endfacet
  facet normal -0.896936 0.44216 0
    outer loop
      vertex 37.0196 2.60001 3.3
      vertex 37.0543 2.6704 4.5
      vertex 37.0543 2.6704 3.3
    endloop
  endfacet
  facet normal -0.896936 0.44216 0
    outer loop
      vertex 37.0543 2.6704 4.5
      vertex 37.0196 2.60001 3.3
      vertex 37.0196 2.60001 4.5
    endloop
  endfacet
  facet normal -0.946886 0.321569 0
    outer loop
      vertex 37.0543 2.6704 3.3
      vertex 37.0792 2.74372 4.5
      vertex 37.0792 2.74372 3.3
    endloop
  endfacet
  facet normal -0.946886 0.321569 0
    outer loop
      vertex 37.0792 2.74372 4.5
      vertex 37.0543 2.6704 3.3
      vertex 37.0543 2.6704 4.5
    endloop
  endfacet
  facet normal -1 0 0
    outer loop
      vertex 37.0795 2.74471 3.3
      vertex 37.0795 2.74472 4.5
      vertex 37.0795 2.74472 3.3
    endloop
  endfacet
  facet normal -1 -0 0
    outer loop
      vertex 37.0795 2.74472 4.5
      vertex 37.0795 2.74471 3.3
      vertex 37.0795 2.74471 4.5
    endloop
  endfacet
  facet normal -0.980566 0.19619 0
    outer loop
      vertex 37.0795 2.74472 3.3
      vertex 37.0949 2.82169 4.5
      vertex 37.0949 2.82169 3.3
    endloop
  endfacet
  facet normal -0.980566 0.19619 0
    outer loop
      vertex 37.0949 2.82169 4.5
      vertex 37.0795 2.74472 3.3
      vertex 37.0795 2.74472 4.5
    endloop
  endfacet
  facet normal -0.997887 0.0649798 0
    outer loop
      vertex 37.0949 2.82169 3.3
      vertex 37.1 2.90001 4.5
      vertex 37.1 2.90001 3.3
    endloop
  endfacet
  facet normal -0.997887 0.0649798 0
    outer loop
      vertex 37.1 2.90001 4.5
      vertex 37.0949 2.82169 3.3
      vertex 37.0949 2.82169 4.5
    endloop
  endfacet
  facet normal -1 0 0
    outer loop
      vertex 37.1 2.90001 3.3
      vertex 37.1 28.88 4.5
      vertex 37.1 28.88 3.3
    endloop
  endfacet
  facet normal -1 -0 0
    outer loop
      vertex 37.1 28.88 4.5
      vertex 37.1 2.90001 3.3
      vertex 37.1 2.90001 4.5
    endloop
  endfacet
  facet normal -0.997886 -0.0649964 0
    outer loop
      vertex 37.1 28.88 3.3
      vertex 37.0949 28.9583 4.5
      vertex 37.0949 28.9583 3.3
    endloop
  endfacet
  facet normal -0.997886 -0.0649964 0
    outer loop
      vertex 37.0949 28.9583 4.5
      vertex 37.1 28.88 3.3
      vertex 37.1 28.88 4.5
    endloop
  endfacet
  facet normal -0.980581 -0.196116 0
    outer loop
      vertex 37.0949 28.9583 3.3
      vertex 37.0795 29.0353 4.5
      vertex 37.0795 29.0353 3.3
    endloop
  endfacet
  facet normal -0.980581 -0.196116 0
    outer loop
      vertex 37.0795 29.0353 4.5
      vertex 37.0949 28.9583 3.3
      vertex 37.0949 28.9583 4.5
    endloop
  endfacet
  facet normal -0.947013 -0.321194 0
    outer loop
      vertex 37.0795 29.0353 3.3
      vertex 37.0543 29.1096 4.5
      vertex 37.0543 29.1096 3.3
    endloop
  endfacet
  facet normal -0.947013 -0.321194 0
    outer loop
      vertex 37.0543 29.1096 4.5
      vertex 37.0795 29.0353 3.3
      vertex 37.0795 29.0353 4.5
    endloop
  endfacet
  facet normal -0.896961 -0.44211 0
    outer loop
      vertex 37.0543 29.1096 3.3
      vertex 37.0196 29.18 4.5
      vertex 37.0196 29.18 3.3
    endloop
  endfacet
  facet normal -0.896961 -0.44211 0
    outer loop
      vertex 37.0196 29.18 4.5
      vertex 37.0543 29.1096 3.3
      vertex 37.0543 29.1096 4.5
    endloop
  endfacet
  facet normal -0.831265 -0.555877 0
    outer loop
      vertex 37.0196 29.18 3.3
      vertex 37.0087 29.1963 4.5
      vertex 37.0087 29.1963 3.3
    endloop
  endfacet
  facet normal -0.831265 -0.555877 0
    outer loop
      vertex 37.0087 29.1963 4.5
      vertex 37.0196 29.18 3.3
      vertex 37.0196 29.18 4.5
    endloop
  endfacet
  facet normal -0.752577 -0.658505 0
    outer loop
      vertex 36.9712 29.2507 3.3
      vertex 36.9243 29.3043 4.5
      vertex 36.9243 29.3043 3.3
    endloop
  endfacet
  facet normal -0.752577 -0.658505 0
    outer loop
      vertex 36.9243 29.3043 4.5
      vertex 36.9712 29.2507 3.3
      vertex 36.9712 29.2507 4.5
    endloop
  endfacet
  facet normal -0.658877 -0.752251 0
    outer loop
      vertex 36.8671 29.3544 3.3
      vertex 36.9243 29.3043 4.5
      vertex 36.8671 29.3544 4.5
    endloop
  endfacet
  facet normal -0.658877 -0.752251 -0
    outer loop
      vertex 36.9243 29.3043 4.5
      vertex 36.8671 29.3544 3.3
      vertex 36.9243 29.3043 3.3
    endloop
  endfacet
  facet normal -0.555983 -0.831194 0
    outer loop
      vertex 36.8 29.3996 3.3
      vertex 36.8598 29.3596 4.5
      vertex 36.8 29.3996 4.5
    endloop
  endfacet
  facet normal -0.555983 -0.831194 -0
    outer loop
      vertex 36.8598 29.3596 4.5
      vertex 36.8 29.3996 3.3
      vertex 36.8598 29.3596 3.3
    endloop
  endfacet
  facet normal -0.44211 -0.896961 0
    outer loop
      vertex 36.7296 29.4343 3.3
      vertex 36.8 29.3996 4.5
      vertex 36.7296 29.4343 4.5
    endloop
  endfacet
  facet normal -0.44211 -0.896961 -0
    outer loop
      vertex 36.8 29.3996 4.5
      vertex 36.7296 29.4343 3.3
      vertex 36.8 29.3996 3.3
    endloop
  endfacet
  facet normal -0.322176 -0.94668 0
    outer loop
      vertex 36.6676 29.4554 3.3
      vertex 36.7296 29.4343 4.5
      vertex 36.6676 29.4554 4.5
    endloop
  endfacet
  facet normal -0.322176 -0.94668 -0
    outer loop
      vertex 36.7296 29.4343 4.5
      vertex 36.6676 29.4554 3.3
      vertex 36.7296 29.4343 3.3
    endloop
  endfacet
  facet normal -0.0646007 -0.997911 0
    outer loop
      vertex 36.5 29.48 3.3
      vertex 36.5587 29.4762 4.5
      vertex 36.5 29.48 4.5
    endloop
  endfacet
  facet normal -0.0646007 -0.997911 -0
    outer loop
      vertex 36.5587 29.4762 4.5
      vertex 36.5 29.48 3.3
      vertex 36.5587 29.4762 3.3
    endloop
  endfacet
  facet normal 0 -1 0
    outer loop
      vertex 2.89999 29.48 3.3
      vertex 36.5 29.48 4.5
      vertex 2.89999 29.48 4.5
    endloop
  endfacet
  facet normal 0 -1 -0
    outer loop
      vertex 36.5 29.48 4.5
      vertex 2.89999 29.48 3.3
      vertex 36.5 29.48 3.3
    endloop
  endfacet
endsolid OpenSCAD_Model
