solid OpenSCAD_Model
  facet normal -0.980786 -0.195086 0
    outer loop
      vertex 0.0681477 1.48236 12.6
      vertex 0.0171099 1.73895 14.6
      vertex 0.0171099 1.73895 12.6
    endloop
  endfacet
  facet normal -0.980786 -0.195086 0
    outer loop
      vertex 0.0171099 1.73895 14.6
      vertex 0.0681477 1.48236 12.6
      vertex 0.0681477 1.48236 14.6
    endloop
  endfacet
  facet normal -0.94693 -0.32144 0
    outer loop
      vertex 0.152241 1.23463 12.6
      vertex 0.0681477 1.48236 14.6
      vertex 0.0681477 1.48236 12.6
    endloop
  endfacet
  facet normal -0.94693 -0.32144 0
    outer loop
      vertex 0.0681477 1.48236 14.6
      vertex 0.152241 1.23463 12.6
      vertex 0.152241 1.23463 14.6
    endloop
  endfacet
  facet normal -0.997859 -0.0654023 0
    outer loop
      vertex 0.0171099 1.73895 12.6
      vertex 0 2 14.6
      vertex 0 2 12.6
    endloop
  endfacet
  facet normal -0.997859 -0.0654023 0
    outer loop
      vertex 0 2 14.6
      vertex 0.0171099 1.73895 12.6
      vertex 0.0171099 1.73895 14.6
    endloop
  endfacet
  facet normal 0 -1 0
    outer loop
      vertex 2 0 12.6
      vertex 31.4 0 14.6
      vertex 2 0 14.6
    endloop
  endfacet
  facet normal 0 -1 -0
    outer loop
      vertex 31.4 0 14.6
      vertex 2 0 12.6
      vertex 31.4 0 12.6
    endloop
  endfacet
  facet normal 0.0653898 -0.99786 0
    outer loop
      vertex 31.4 0 12.6
      vertex 31.6611 0.0171099 14.6
      vertex 31.4 0 14.6
    endloop
  endfacet
  facet normal 0.0653898 -0.99786 0
    outer loop
      vertex 31.6611 0.0171099 14.6
      vertex 31.4 0 12.6
      vertex 31.6611 0.0171099 12.6
    endloop
  endfacet
  facet normal 0 0 1
    outer loop
      vertex 17.2 11.69 14.6
      vertex 11.7 11.69 14.6
      vertex 17.2 9.64 14.6
    endloop
  endfacet
  facet normal 0 0 1
    outer loop
      vertex 31.4 25.78 14.6
      vertex 33.4 23.78 14.6
      vertex 33.3829 24.0411 14.6
    endloop
  endfacet
  facet normal 0 0 1
    outer loop
      vertex 33.4 23.78 14.6
      vertex 21.7 12.89 14.6
      vertex 33.4 2 14.6
    endloop
  endfacet
  facet normal 0 0 1
    outer loop
      vertex 31.4 25.78 14.6
      vertex 33.3829 24.0411 14.6
      vertex 33.3319 24.2976 14.6
    endloop
  endfacet
  facet normal 0 -0 1
    outer loop
      vertex 31.4 0 14.6
      vertex 33.4 2 14.6
      vertex 21.7 12.89 14.6
    endloop
  endfacet
  facet normal 0 0 1
    outer loop
      vertex 31.4 25.78 14.6
      vertex 33.3319 24.2976 14.6
      vertex 33.2478 24.5454 14.6
    endloop
  endfacet
  facet normal 0 0 1
    outer loop
      vertex 33.4 2 14.6
      vertex 31.4 0 14.6
      vertex 33.3829 1.73895 14.6
    endloop
  endfacet
  facet normal 0 0 1
    outer loop
      vertex 31.4 25.78 14.6
      vertex 33.2478 24.5454 14.6
      vertex 33.132 24.78 14.6
    endloop
  endfacet
  facet normal 0 0 1
    outer loop
      vertex 33.3829 1.73895 14.6
      vertex 31.4 0 14.6
      vertex 33.3319 1.48236 14.6
    endloop
  endfacet
  facet normal 0 0 1
    outer loop
      vertex 31.4 25.78 14.6
      vertex 33.132 24.78 14.6
      vertex 32.9867 24.9975 14.6
    endloop
  endfacet
  facet normal 0 0 1
    outer loop
      vertex 33.3319 1.48236 14.6
      vertex 31.4 0 14.6
      vertex 33.2478 1.23463 14.6
    endloop
  endfacet
  facet normal 0 0 1
    outer loop
      vertex 31.4 25.78 14.6
      vertex 32.9867 24.9975 14.6
      vertex 32.8142 25.1942 14.6
    endloop
  endfacet
  facet normal 0 0 1
    outer loop
      vertex 33.2478 1.23463 14.6
      vertex 31.4 0 14.6
      vertex 33.132 1 14.6
    endloop
  endfacet
  facet normal 0 0 1
    outer loop
      vertex 31.4 25.78 14.6
      vertex 32.8142 25.1942 14.6
      vertex 32.6175 25.3667 14.6
    endloop
  endfacet
  facet normal 0 0 1
    outer loop
      vertex 33.132 1 14.6
      vertex 31.4 0 14.6
      vertex 32.9867 0.782476 14.6
    endloop
  endfacet
  facet normal 0 0 1
    outer loop
      vertex 31.4 25.78 14.6
      vertex 32.6175 25.3667 14.6
      vertex 32.4 25.5121 14.6
    endloop
  endfacet
  facet normal 0 0 1
    outer loop
      vertex 32.9867 0.782476 14.6
      vertex 31.4 0 14.6
      vertex 32.8142 0.585786 14.6
    endloop
  endfacet
  facet normal 0 0 1
    outer loop
      vertex 31.4 25.78 14.6
      vertex 32.4 25.5121 14.6
      vertex 32.1654 25.6278 14.6
    endloop
  endfacet
  facet normal 0 0 1
    outer loop
      vertex 32.8142 0.585786 14.6
      vertex 31.4 0 14.6
      vertex 32.6175 0.413293 14.6
    endloop
  endfacet
  facet normal 0 0 1
    outer loop
      vertex 31.4 25.78 14.6
      vertex 32.1654 25.6278 14.6
      vertex 31.9176 25.7119 14.6
    endloop
  endfacet
  facet normal 0 0 1
    outer loop
      vertex 32.6175 0.413293 14.6
      vertex 31.4 0 14.6
      vertex 32.4 0.267949 14.6
    endloop
  endfacet
  facet normal 0 0 1
    outer loop
      vertex 31.4 25.78 14.6
      vertex 31.9176 25.7119 14.6
      vertex 31.6611 25.7629 14.6
    endloop
  endfacet
  facet normal 0 0 1
    outer loop
      vertex 32.4 0.267949 14.6
      vertex 31.4 0 14.6
      vertex 32.1654 0.152241 14.6
    endloop
  endfacet
  facet normal 0 0 1
    outer loop
      vertex 33.4 23.78 14.6
      vertex 31.4 25.78 14.6
      vertex 21.7 12.89 14.6
    endloop
  endfacet
  facet normal 0 0 1
    outer loop
      vertex 32.1654 0.152241 14.6
      vertex 31.4 0 14.6
      vertex 31.9176 0.0681477 14.6
    endloop
  endfacet
  facet normal 0 0 1
    outer loop
      vertex 31.9176 0.0681477 14.6
      vertex 31.4 0 14.6
      vertex 31.6611 0.0171099 14.6
    endloop
  endfacet
  facet normal 0 0 1
    outer loop
      vertex 31.4 25.78 14.6
      vertex 17.2 16.14 14.6
      vertex 21.7 12.89 14.6
    endloop
  endfacet
  facet normal 0 0 1
    outer loop
      vertex 17.2 16.14 14.6
      vertex 11.7 14.09 14.6
      vertex 17.2 14.09 14.6
    endloop
  endfacet
  facet normal -0 0 1
    outer loop
      vertex 2 25.78 14.6
      vertex 17.2 16.14 14.6
      vertex 31.4 25.78 14.6
    endloop
  endfacet
  facet normal -0 0 1
    outer loop
      vertex 0 23.78 14.6
      vertex 11.7 14.09 14.6
      vertex 2 25.78 14.6
    endloop
  endfacet
  facet normal 0 0 1
    outer loop
      vertex 17.2 16.14 14.6
      vertex 2 25.78 14.6
      vertex 11.7 14.09 14.6
    endloop
  endfacet
  facet normal -0 0 1
    outer loop
      vertex 17.2 9.64 14.6
      vertex 31.4 0 14.6
      vertex 21.7 12.89 14.6
    endloop
  endfacet
  facet normal 0 0 1
    outer loop
      vertex 2 0 14.6
      vertex 17.2 9.64 14.6
      vertex 11.7 11.69 14.6
    endloop
  endfacet
  facet normal 0 0 1
    outer loop
      vertex 17.2 9.64 14.6
      vertex 2 0 14.6
      vertex 31.4 0 14.6
    endloop
  endfacet
  facet normal 0 0 1
    outer loop
      vertex 11.7 14.09 14.6
      vertex 0 23.78 14.6
      vertex 11.7 11.69 14.6
    endloop
  endfacet
  facet normal 0 0 1
    outer loop
      vertex 0 23.78 14.6
      vertex 2 25.78 14.6
      vertex 1.73895 25.7629 14.6
    endloop
  endfacet
  facet normal 0 0 1
    outer loop
      vertex 0 2 14.6
      vertex 11.7 11.69 14.6
      vertex 0 23.78 14.6
    endloop
  endfacet
  facet normal 0 0 1
    outer loop
      vertex 0 23.78 14.6
      vertex 1.73895 25.7629 14.6
      vertex 1.48236 25.7119 14.6
    endloop
  endfacet
  facet normal 0 0 1
    outer loop
      vertex 11.7 11.69 14.6
      vertex 0 2 14.6
      vertex 2 0 14.6
    endloop
  endfacet
  facet normal 0 0 1
    outer loop
      vertex 0 23.78 14.6
      vertex 1.48236 25.7119 14.6
      vertex 1.23463 25.6278 14.6
    endloop
  endfacet
  facet normal 0 0 1
    outer loop
      vertex 2 0 14.6
      vertex 0 2 14.6
      vertex 1.73895 0.0171099 14.6
    endloop
  endfacet
  facet normal 0 0 1
    outer loop
      vertex 0 23.78 14.6
      vertex 1.23463 25.6278 14.6
      vertex 1 25.5121 14.6
    endloop
  endfacet
  facet normal 0 0 1
    outer loop
      vertex 1.73895 0.0171099 14.6
      vertex 0 2 14.6
      vertex 1.48236 0.0681477 14.6
    endloop
  endfacet
  facet normal 0 0 1
    outer loop
      vertex 0 23.78 14.6
      vertex 1 25.5121 14.6
      vertex 0.782476 25.3667 14.6
    endloop
  endfacet
  facet normal 0 0 1
    outer loop
      vertex 1.48236 0.0681477 14.6
      vertex 0 2 14.6
      vertex 1.23463 0.152241 14.6
    endloop
  endfacet
  facet normal 0 0 1
    outer loop
      vertex 0 23.78 14.6
      vertex 0.782476 25.3667 14.6
      vertex 0.585786 25.1942 14.6
    endloop
  endfacet
  facet normal 0 0 1
    outer loop
      vertex 1.23463 0.152241 14.6
      vertex 0 2 14.6
      vertex 1 0.267949 14.6
    endloop
  endfacet
  facet normal 0 0 1
    outer loop
      vertex 0 23.78 14.6
      vertex 0.585786 25.1942 14.6
      vertex 0.413293 24.9975 14.6
    endloop
  endfacet
  facet normal 0 0 1
    outer loop
      vertex 1 0.267949 14.6
      vertex 0 2 14.6
      vertex 0.782476 0.413293 14.6
    endloop
  endfacet
  facet normal 0 0 1
    outer loop
      vertex 0 23.78 14.6
      vertex 0.413293 24.9975 14.6
      vertex 0.267949 24.78 14.6
    endloop
  endfacet
  facet normal 0 0 1
    outer loop
      vertex 0.782476 0.413293 14.6
      vertex 0 2 14.6
      vertex 0.585786 0.585786 14.6
    endloop
  endfacet
  facet normal 0 0 1
    outer loop
      vertex 0 23.78 14.6
      vertex 0.267949 24.78 14.6
      vertex 0.152241 24.5454 14.6
    endloop
  endfacet
  facet normal 0 0 1
    outer loop
      vertex 0.585786 0.585786 14.6
      vertex 0 2 14.6
      vertex 0.413293 0.782476 14.6
    endloop
  endfacet
  facet normal 0 0 1
    outer loop
      vertex 0 23.78 14.6
      vertex 0.152241 24.5454 14.6
      vertex 0.0681477 24.2976 14.6
    endloop
  endfacet
  facet normal 0 0 1
    outer loop
      vertex 0.413293 0.782476 14.6
      vertex 0 2 14.6
      vertex 0.267949 1 14.6
    endloop
  endfacet
  facet normal 0 0 1
    outer loop
      vertex 0 23.78 14.6
      vertex 0.0681477 24.2976 14.6
      vertex 0.0171099 24.0411 14.6
    endloop
  endfacet
  facet normal 0 0 1
    outer loop
      vertex 0.267949 1 14.6
      vertex 0 2 14.6
      vertex 0.152241 1.23463 14.6
    endloop
  endfacet
  facet normal 0 0 1
    outer loop
      vertex 0.152241 1.23463 14.6
      vertex 0 2 14.6
      vertex 0.0681477 1.48236 14.6
    endloop
  endfacet
  facet normal 0 0 1
    outer loop
      vertex 0.0681477 1.48236 14.6
      vertex 0 2 14.6
      vertex 0.0171099 1.73895 14.6
    endloop
  endfacet
  facet normal -0.555568 -0.831471 0
    outer loop
      vertex 0.782476 0.413293 12.6
      vertex 1 0.267949 14.6
      vertex 0.782476 0.413293 14.6
    endloop
  endfacet
  facet normal -0.555568 -0.831471 -0
    outer loop
      vertex 1 0.267949 14.6
      vertex 0.782476 0.413293 12.6
      vertex 1 0.267949 12.6
    endloop
  endfacet
  facet normal 1 -0 0
    outer loop
      vertex 33.4 2 14.6
      vertex 33.4 23.78 12.6
      vertex 33.4 23.78 14.6
    endloop
  endfacet
  facet normal 1 0 0
    outer loop
      vertex 33.4 23.78 12.6
      vertex 33.4 2 14.6
      vertex 33.4 2 12.6
    endloop
  endfacet
  facet normal -0.751839 -0.659347 0
    outer loop
      vertex 0.585786 0.585786 12.6
      vertex 0.413293 0.782476 14.6
      vertex 0.413293 0.782476 12.6
    endloop
  endfacet
  facet normal -0.751839 -0.659347 0
    outer loop
      vertex 0.413293 0.782476 14.6
      vertex 0.585786 0.585786 12.6
      vertex 0.585786 0.585786 14.6
    endloop
  endfacet
  facet normal -1 0 0
    outer loop
      vertex 0 2 12.6
      vertex 0 23.78 14.6
      vertex 0 23.78 12.6
    endloop
  endfacet
  facet normal -1 -0 0
    outer loop
      vertex 0 23.78 14.6
      vertex 0 2 12.6
      vertex 0 2 14.6
    endloop
  endfacet
  facet normal 0 0 -1
    outer loop
      vertex 31.0196 2.59999 12.6
      vertex 33.4 2 12.6
      vertex 33.3829 1.73895 12.6
    endloop
  endfacet
  facet normal 0 0 -1
    outer loop
      vertex 33.4 2 12.6
      vertex 31.1 2.89999 12.6
      vertex 33.4 23.78 12.6
    endloop
  endfacet
  facet normal 0 0 -1
    outer loop
      vertex 31.0196 2.59999 12.6
      vertex 33.3829 1.73895 12.6
      vertex 33.3319 1.48236 12.6
    endloop
  endfacet
  facet normal 0 0 -1
    outer loop
      vertex 31.1 22.88 12.6
      vertex 33.4 23.78 12.6
      vertex 31.1 2.89999 12.6
    endloop
  endfacet
  facet normal 0 0 -1
    outer loop
      vertex 30.976 2.53474 12.6
      vertex 33.3319 1.48236 12.6
      vertex 33.2478 1.23463 12.6
    endloop
  endfacet
  facet normal 0 0 -1
    outer loop
      vertex 31.0949 22.9583 12.6
      vertex 33.4 23.78 12.6
      vertex 31.1 22.88 12.6
    endloop
  endfacet
  facet normal 0 0 -1
    outer loop
      vertex 30.976 2.53474 12.6
      vertex 33.2478 1.23463 12.6
      vertex 33.132 1 12.6
    endloop
  endfacet
  facet normal 0 0 -1
    outer loop
      vertex 31.0795 23.0353 12.6
      vertex 33.4 23.78 12.6
      vertex 31.0949 22.9583 12.6
    endloop
  endfacet
  facet normal 0 0 -1
    outer loop
      vertex 30.976 2.53474 12.6
      vertex 33.132 1 12.6
      vertex 32.9867 0.782476 12.6
    endloop
  endfacet
  facet normal 0 0 -1
    outer loop
      vertex 31.0543 23.1096 12.6
      vertex 33.4 23.78 12.6
      vertex 31.0795 23.0353 12.6
    endloop
  endfacet
  facet normal 0 0 -1
    outer loop
      vertex 30.9243 2.47573 12.6
      vertex 32.9867 0.782476 12.6
      vertex 32.8142 0.585786 12.6
    endloop
  endfacet
  facet normal 0 0 -1
    outer loop
      vertex 31.0196 23.18 12.6
      vertex 33.4 23.78 12.6
      vertex 31.0543 23.1096 12.6
    endloop
  endfacet
  facet normal 0 0 -1
    outer loop
      vertex 30.9243 2.47573 12.6
      vertex 32.8142 0.585786 12.6
      vertex 32.6175 0.413293 12.6
    endloop
  endfacet
  facet normal -0 0 -1
    outer loop
      vertex 33.4 23.78 12.6
      vertex 31.0196 23.18 12.6
      vertex 33.3829 24.0411 12.6
    endloop
  endfacet
  facet normal 0 0 -1
    outer loop
      vertex 30.9243 2.47573 12.6
      vertex 32.6175 0.413293 12.6
      vertex 32.4 0.267949 12.6
    endloop
  endfacet
  facet normal -0 0 -1
    outer loop
      vertex 33.3829 24.0411 12.6
      vertex 31.0196 23.18 12.6
      vertex 33.3319 24.2976 12.6
    endloop
  endfacet
  facet normal 0 0 -1
    outer loop
      vertex 30.8652 2.42398 12.6
      vertex 32.4 0.267949 12.6
      vertex 32.1654 0.152241 12.6
    endloop
  endfacet
  facet normal 0 0 -1
    outer loop
      vertex 30.976 23.2453 12.6
      vertex 33.3319 24.2976 12.6
      vertex 31.0196 23.18 12.6
    endloop
  endfacet
  facet normal 0 0 -1
    outer loop
      vertex 30.8652 2.42398 12.6
      vertex 32.1654 0.152241 12.6
      vertex 31.9176 0.0681477 12.6
    endloop
  endfacet
  facet normal -0 0 -1
    outer loop
      vertex 33.3319 24.2976 12.6
      vertex 30.976 23.2453 12.6
      vertex 33.2478 24.5454 12.6
    endloop
  endfacet
  facet normal 0 0 -1
    outer loop
      vertex 30.8 2.38038 12.6
      vertex 31.9176 0.0681477 12.6
      vertex 31.6611 0.0171099 12.6
    endloop
  endfacet
  facet normal -0 0 -1
    outer loop
      vertex 33.2478 24.5454 12.6
      vertex 30.976 23.2453 12.6
      vertex 33.132 24.78 12.6
    endloop
  endfacet
  facet normal 0 0 -1
    outer loop
      vertex 30.8 2.38038 12.6
      vertex 31.6611 0.0171099 12.6
      vertex 31.4 0 12.6
    endloop
  endfacet
  facet normal -0 0 -1
    outer loop
      vertex 33.132 24.78 12.6
      vertex 30.976 23.2453 12.6
      vertex 32.9867 24.9975 12.6
    endloop
  endfacet
  facet normal 0 0 -1
    outer loop
      vertex 30.9243 23.3043 12.6
      vertex 32.9867 24.9975 12.6
      vertex 30.976 23.2453 12.6
    endloop
  endfacet
  facet normal 0 0 -1
    outer loop
      vertex 33.4 2 12.6
      vertex 31.0949 2.82168 12.6
      vertex 31.1 2.89999 12.6
    endloop
  endfacet
  facet normal 0 0 -1
    outer loop
      vertex 33.4 2 12.6
      vertex 31.0795 2.7447 12.6
      vertex 31.0949 2.82168 12.6
    endloop
  endfacet
  facet normal 0 0 -1
    outer loop
      vertex 33.4 2 12.6
      vertex 31.0543 2.67038 12.6
      vertex 31.0795 2.7447 12.6
    endloop
  endfacet
  facet normal 0 0 -1
    outer loop
      vertex 33.4 2 12.6
      vertex 31.0196 2.59999 12.6
      vertex 31.0543 2.67038 12.6
    endloop
  endfacet
  facet normal 0 0 -1
    outer loop
      vertex 33.3319 1.48236 12.6
      vertex 30.976 2.53474 12.6
      vertex 31.0196 2.59999 12.6
    endloop
  endfacet
  facet normal 0 0 -1
    outer loop
      vertex 32.9867 0.782476 12.6
      vertex 30.9243 2.47573 12.6
      vertex 30.976 2.53474 12.6
    endloop
  endfacet
  facet normal 0 0 -1
    outer loop
      vertex 32.4 0.267949 12.6
      vertex 30.8652 2.42398 12.6
      vertex 30.9243 2.47573 12.6
    endloop
  endfacet
  facet normal 0 0 -1
    outer loop
      vertex 31.9176 0.0681477 12.6
      vertex 30.8 2.38038 12.6
      vertex 30.8652 2.42398 12.6
    endloop
  endfacet
  facet normal 0 0 -1
    outer loop
      vertex 31.4 0 12.6
      vertex 30.7296 2.34567 12.6
      vertex 30.8 2.38038 12.6
    endloop
  endfacet
  facet normal 0 0 -1
    outer loop
      vertex 31.4 0 12.6
      vertex 30.6553 2.32043 12.6
      vertex 30.7296 2.34567 12.6
    endloop
  endfacet
  facet normal 0 0 -1
    outer loop
      vertex 31.4 0 12.6
      vertex 30.5783 2.30513 12.6
      vertex 30.6553 2.32043 12.6
    endloop
  endfacet
  facet normal 0 0 -1
    outer loop
      vertex 31.4 0 12.6
      vertex 30.5 2.3 12.6
      vertex 30.5783 2.30513 12.6
    endloop
  endfacet
  facet normal 0 0 -1
    outer loop
      vertex 31.4 0 12.6
      vertex 2.89999 2.3 12.6
      vertex 30.5 2.3 12.6
    endloop
  endfacet
  facet normal 0 0 -1
    outer loop
      vertex 2 0 12.6
      vertex 2.89999 2.3 12.6
      vertex 31.4 0 12.6
    endloop
  endfacet
  facet normal 0 0 -1
    outer loop
      vertex 0.413293 0.782476 12.6
      vertex 2.47573 2.47573 12.6
      vertex 0.585786 0.585786 12.6
    endloop
  endfacet
  facet normal 0 0 -1
    outer loop
      vertex 0.585786 0.585786 12.6
      vertex 2.47573 2.47573 12.6
      vertex 0.782476 0.413293 12.6
    endloop
  endfacet
  facet normal 0 0 -1
    outer loop
      vertex 0.782476 0.413293 12.6
      vertex 2.47573 2.47573 12.6
      vertex 1 0.267949 12.6
    endloop
  endfacet
  facet normal -0 0 -1
    outer loop
      vertex 2.53474 2.42398 12.6
      vertex 1 0.267949 12.6
      vertex 2.47573 2.47573 12.6
    endloop
  endfacet
  facet normal 0 0 -1
    outer loop
      vertex 1 0.267949 12.6
      vertex 2.53474 2.42398 12.6
      vertex 1.23463 0.152241 12.6
    endloop
  endfacet
  facet normal 0 0 -1
    outer loop
      vertex 1.23463 0.152241 12.6
      vertex 2.53474 2.42398 12.6
      vertex 1.48236 0.0681477 12.6
    endloop
  endfacet
  facet normal -0 0 -1
    outer loop
      vertex 2.59999 2.38038 12.6
      vertex 1.48236 0.0681477 12.6
      vertex 2.53474 2.42398 12.6
    endloop
  endfacet
  facet normal 0 0 -1
    outer loop
      vertex 1.48236 0.0681477 12.6
      vertex 2.59999 2.38038 12.6
      vertex 1.73895 0.0171099 12.6
    endloop
  endfacet
  facet normal 0 0 -1
    outer loop
      vertex 1.73895 0.0171099 12.6
      vertex 2.59999 2.38038 12.6
      vertex 2 0 12.6
    endloop
  endfacet
  facet normal -0 0 -1
    outer loop
      vertex 2.67038 2.34567 12.6
      vertex 2 0 12.6
      vertex 2.59999 2.38038 12.6
    endloop
  endfacet
  facet normal -0 0 -1
    outer loop
      vertex 2.7447 2.32043 12.6
      vertex 2 0 12.6
      vertex 2.67038 2.34567 12.6
    endloop
  endfacet
  facet normal -0 0 -1
    outer loop
      vertex 2.82168 2.30513 12.6
      vertex 2 0 12.6
      vertex 2.7447 2.32043 12.6
    endloop
  endfacet
  facet normal -0 0 -1
    outer loop
      vertex 2.89999 2.3 12.6
      vertex 2 0 12.6
      vertex 2.82168 2.30513 12.6
    endloop
  endfacet
  facet normal -0 0 -1
    outer loop
      vertex 32.9867 24.9975 12.6
      vertex 30.9243 23.3043 12.6
      vertex 32.8142 25.1942 12.6
    endloop
  endfacet
  facet normal -0 0 -1
    outer loop
      vertex 32.8142 25.1942 12.6
      vertex 30.9243 23.3043 12.6
      vertex 32.6175 25.3667 12.6
    endloop
  endfacet
  facet normal -0 0 -1
    outer loop
      vertex 32.6175 25.3667 12.6
      vertex 30.9243 23.3043 12.6
      vertex 32.4 25.5121 12.6
    endloop
  endfacet
  facet normal 0 0 -1
    outer loop
      vertex 30.8652 23.356 12.6
      vertex 32.4 25.5121 12.6
      vertex 30.9243 23.3043 12.6
    endloop
  endfacet
  facet normal -0 0 -1
    outer loop
      vertex 32.4 25.5121 12.6
      vertex 30.8652 23.356 12.6
      vertex 32.1654 25.6278 12.6
    endloop
  endfacet
  facet normal -0 0 -1
    outer loop
      vertex 32.1654 25.6278 12.6
      vertex 30.8652 23.356 12.6
      vertex 31.9176 25.7119 12.6
    endloop
  endfacet
  facet normal 0 0 -1
    outer loop
      vertex 30.8 23.3996 12.6
      vertex 31.9176 25.7119 12.6
      vertex 30.8652 23.356 12.6
    endloop
  endfacet
  facet normal -0 0 -1
    outer loop
      vertex 31.9176 25.7119 12.6
      vertex 30.8 23.3996 12.6
      vertex 31.6611 25.7629 12.6
    endloop
  endfacet
  facet normal -0 0 -1
    outer loop
      vertex 31.6611 25.7629 12.6
      vertex 30.8 23.3996 12.6
      vertex 31.4 25.78 12.6
    endloop
  endfacet
  facet normal 0 0 -1
    outer loop
      vertex 30.7296 23.4343 12.6
      vertex 31.4 25.78 12.6
      vertex 30.8 23.3996 12.6
    endloop
  endfacet
  facet normal 0 0 -1
    outer loop
      vertex 30.6553 23.4595 12.6
      vertex 31.4 25.78 12.6
      vertex 30.7296 23.4343 12.6
    endloop
  endfacet
  facet normal 0 0 -1
    outer loop
      vertex 30.5783 23.4749 12.6
      vertex 31.4 25.78 12.6
      vertex 30.6553 23.4595 12.6
    endloop
  endfacet
  facet normal 0 0 -1
    outer loop
      vertex 30.5 23.48 12.6
      vertex 31.4 25.78 12.6
      vertex 30.5783 23.4749 12.6
    endloop
  endfacet
  facet normal 0 0 -1
    outer loop
      vertex 2.89999 23.48 12.6
      vertex 31.4 25.78 12.6
      vertex 30.5 23.48 12.6
    endloop
  endfacet
  facet normal 0 0 -1
    outer loop
      vertex 2 25.78 12.6
      vertex 2.89999 23.48 12.6
      vertex 2.82168 23.4749 12.6
    endloop
  endfacet
  facet normal 0 0 -1
    outer loop
      vertex 2.89999 23.48 12.6
      vertex 2 25.78 12.6
      vertex 31.4 25.78 12.6
    endloop
  endfacet
  facet normal 0 0 -1
    outer loop
      vertex 2.7447 23.4595 12.6
      vertex 2 25.78 12.6
      vertex 2.82168 23.4749 12.6
    endloop
  endfacet
  facet normal 0 0 -1
    outer loop
      vertex 2.67038 23.4343 12.6
      vertex 2 25.78 12.6
      vertex 2.7447 23.4595 12.6
    endloop
  endfacet
  facet normal 0 0 -1
    outer loop
      vertex 2.59999 23.3996 12.6
      vertex 2 25.78 12.6
      vertex 2.67038 23.4343 12.6
    endloop
  endfacet
  facet normal 0 0 -1
    outer loop
      vertex 1.48236 25.7119 12.6
      vertex 2.59999 23.3996 12.6
      vertex 2.53474 23.356 12.6
    endloop
  endfacet
  facet normal 0 0 -1
    outer loop
      vertex 1 25.5121 12.6
      vertex 2.53474 23.356 12.6
      vertex 2.47573 23.3043 12.6
    endloop
  endfacet
  facet normal 0 0 -1
    outer loop
      vertex 0.413293 24.9975 12.6
      vertex 2.47573 23.3043 12.6
      vertex 2.42398 23.2453 12.6
    endloop
  endfacet
  facet normal 0 0 -1
    outer loop
      vertex 0.0681477 24.2976 12.6
      vertex 2.42398 23.2453 12.6
      vertex 2.38038 23.18 12.6
    endloop
  endfacet
  facet normal 0 0 -1
    outer loop
      vertex 0 23.78 12.6
      vertex 2.38038 23.18 12.6
      vertex 2.34567 23.1096 12.6
    endloop
  endfacet
  facet normal 0 0 -1
    outer loop
      vertex 0 23.78 12.6
      vertex 2.34567 23.1096 12.6
      vertex 2.32043 23.0353 12.6
    endloop
  endfacet
  facet normal 0 0 -1
    outer loop
      vertex 0 23.78 12.6
      vertex 2.32043 23.0353 12.6
      vertex 2.30513 22.9583 12.6
    endloop
  endfacet
  facet normal 0 0 -1
    outer loop
      vertex 0 23.78 12.6
      vertex 2.30513 22.9583 12.6
      vertex 2.3 22.88 12.6
    endloop
  endfacet
  facet normal -0 0 -1
    outer loop
      vertex 2.3 2.89999 12.6
      vertex 0 2 12.6
      vertex 2.3 22.88 12.6
    endloop
  endfacet
  facet normal -0 0 -1
    outer loop
      vertex 2.47573 2.47573 12.6
      vertex 0.413293 0.782476 12.6
      vertex 2.42398 2.53474 12.6
    endloop
  endfacet
  facet normal 0 0 -1
    outer loop
      vertex 0 23.78 12.6
      vertex 2.3 22.88 12.6
      vertex 0 2 12.6
    endloop
  endfacet
  facet normal 0 0 -1
    outer loop
      vertex 0.267949 1 12.6
      vertex 2.42398 2.53474 12.6
      vertex 0.413293 0.782476 12.6
    endloop
  endfacet
  facet normal 0 0 -1
    outer loop
      vertex 2.38038 23.18 12.6
      vertex 0 23.78 12.6
      vertex 0.0171099 24.0411 12.6
    endloop
  endfacet
  facet normal 0 0 -1
    outer loop
      vertex 0.152241 1.23463 12.6
      vertex 2.42398 2.53474 12.6
      vertex 0.267949 1 12.6
    endloop
  endfacet
  facet normal 0 0 -1
    outer loop
      vertex 2.59999 23.3996 12.6
      vertex 1.73895 25.7629 12.6
      vertex 2 25.78 12.6
    endloop
  endfacet
  facet normal 0 0 -1
    outer loop
      vertex 0.0681477 1.48236 12.6
      vertex 2.42398 2.53474 12.6
      vertex 0.152241 1.23463 12.6
    endloop
  endfacet
  facet normal 0 0 -1
    outer loop
      vertex 2.59999 23.3996 12.6
      vertex 1.48236 25.7119 12.6
      vertex 1.73895 25.7629 12.6
    endloop
  endfacet
  facet normal -0 0 -1
    outer loop
      vertex 2.42398 2.53474 12.6
      vertex 0.0681477 1.48236 12.6
      vertex 2.38038 2.59999 12.6
    endloop
  endfacet
  facet normal 0 0 -1
    outer loop
      vertex 2.53474 23.356 12.6
      vertex 1.23463 25.6278 12.6
      vertex 1.48236 25.7119 12.6
    endloop
  endfacet
  facet normal 0 0 -1
    outer loop
      vertex 0.0171099 1.73895 12.6
      vertex 2.38038 2.59999 12.6
      vertex 0.0681477 1.48236 12.6
    endloop
  endfacet
  facet normal 0 0 -1
    outer loop
      vertex 2.53474 23.356 12.6
      vertex 1 25.5121 12.6
      vertex 1.23463 25.6278 12.6
    endloop
  endfacet
  facet normal 0 0 -1
    outer loop
      vertex 0 2 12.6
      vertex 2.38038 2.59999 12.6
      vertex 0.0171099 1.73895 12.6
    endloop
  endfacet
  facet normal 0 0 -1
    outer loop
      vertex 2.47573 23.3043 12.6
      vertex 0.782476 25.3667 12.6
      vertex 1 25.5121 12.6
    endloop
  endfacet
  facet normal -0 0 -1
    outer loop
      vertex 2.38038 2.59999 12.6
      vertex 0 2 12.6
      vertex 2.34567 2.67038 12.6
    endloop
  endfacet
  facet normal 0 0 -1
    outer loop
      vertex 2.47573 23.3043 12.6
      vertex 0.585786 25.1942 12.6
      vertex 0.782476 25.3667 12.6
    endloop
  endfacet
  facet normal -0 0 -1
    outer loop
      vertex 2.34567 2.67038 12.6
      vertex 0 2 12.6
      vertex 2.32043 2.7447 12.6
    endloop
  endfacet
  facet normal 0 0 -1
    outer loop
      vertex 2.47573 23.3043 12.6
      vertex 0.413293 24.9975 12.6
      vertex 0.585786 25.1942 12.6
    endloop
  endfacet
  facet normal -0 0 -1
    outer loop
      vertex 2.32043 2.7447 12.6
      vertex 0 2 12.6
      vertex 2.30513 2.82168 12.6
    endloop
  endfacet
  facet normal 0 0 -1
    outer loop
      vertex 2.42398 23.2453 12.6
      vertex 0.267949 24.78 12.6
      vertex 0.413293 24.9975 12.6
    endloop
  endfacet
  facet normal -0 0 -1
    outer loop
      vertex 2.30513 2.82168 12.6
      vertex 0 2 12.6
      vertex 2.3 2.89999 12.6
    endloop
  endfacet
  facet normal 0 0 -1
    outer loop
      vertex 2.42398 23.2453 12.6
      vertex 0.152241 24.5454 12.6
      vertex 0.267949 24.78 12.6
    endloop
  endfacet
  facet normal 0 0 -1
    outer loop
      vertex 2.42398 23.2453 12.6
      vertex 0.0681477 24.2976 12.6
      vertex 0.152241 24.5454 12.6
    endloop
  endfacet
  facet normal 0 0 -1
    outer loop
      vertex 2.38038 23.18 12.6
      vertex 0.0171099 24.0411 12.6
      vertex 0.0681477 24.2976 12.6
    endloop
  endfacet
  facet normal 0 0 -1
    outer loop
      vertex 29 3.8 12.6
      vertex 29.6 4.39999 12.6
      vertex 29.5949 4.32168 12.6
    endloop
  endfacet
  facet normal -0 0 -1
    outer loop
      vertex 29.6 4.39999 12.6
      vertex 29 3.8 12.6
      vertex 29.6 21.38 12.6
    endloop
  endfacet
  facet normal 0 0 -1
    outer loop
      vertex 29 3.8 12.6
      vertex 29.5949 4.32168 12.6
      vertex 29.5795 4.2447 12.6
    endloop
  endfacet
  facet normal 0 0 -1
    outer loop
      vertex 29 21.98 12.6
      vertex 29.6 21.38 12.6
      vertex 29 3.8 12.6
    endloop
  endfacet
  facet normal 0 0 -1
    outer loop
      vertex 29 3.8 12.6
      vertex 29.5795 4.2447 12.6
      vertex 29.5543 4.17038 12.6
    endloop
  endfacet
  facet normal 0 0 -1
    outer loop
      vertex 29.6 21.38 12.6
      vertex 29 21.98 12.6
      vertex 29.5949 21.4583 12.6
    endloop
  endfacet
  facet normal 0 0 -1
    outer loop
      vertex 29 3.8 12.6
      vertex 29.5543 4.17038 12.6
      vertex 29.5196 4.09999 12.6
    endloop
  endfacet
  facet normal 0 0 -1
    outer loop
      vertex 29.5949 21.4583 12.6
      vertex 29 21.98 12.6
      vertex 29.5795 21.5353 12.6
    endloop
  endfacet
  facet normal 0 0 -1
    outer loop
      vertex 29 3.8 12.6
      vertex 29.5196 4.09999 12.6
      vertex 29.476 4.03474 12.6
    endloop
  endfacet
  facet normal 0 0 -1
    outer loop
      vertex 29.5795 21.5353 12.6
      vertex 29 21.98 12.6
      vertex 29.5543 21.6096 12.6
    endloop
  endfacet
  facet normal 0 0 -1
    outer loop
      vertex 29 3.8 12.6
      vertex 29.476 4.03474 12.6
      vertex 29.4243 3.97573 12.6
    endloop
  endfacet
  facet normal 0 0 -1
    outer loop
      vertex 29.5543 21.6096 12.6
      vertex 29 21.98 12.6
      vertex 29.5196 21.68 12.6
    endloop
  endfacet
  facet normal 0 0 -1
    outer loop
      vertex 29 3.8 12.6
      vertex 29.4243 3.97573 12.6
      vertex 29.3652 3.92398 12.6
    endloop
  endfacet
  facet normal 0 0 -1
    outer loop
      vertex 29.5196 21.68 12.6
      vertex 29 21.98 12.6
      vertex 29.476 21.7453 12.6
    endloop
  endfacet
  facet normal 0 0 -1
    outer loop
      vertex 29 3.8 12.6
      vertex 29.3652 3.92398 12.6
      vertex 29.3 3.88038 12.6
    endloop
  endfacet
  facet normal 0 0 -1
    outer loop
      vertex 29.476 21.7453 12.6
      vertex 29 21.98 12.6
      vertex 29.4243 21.8043 12.6
    endloop
  endfacet
  facet normal 0 0 -1
    outer loop
      vertex 29 3.8 12.6
      vertex 29.3 3.88038 12.6
      vertex 29.2296 3.84567 12.6
    endloop
  endfacet
  facet normal 0 0 -1
    outer loop
      vertex 29.4243 21.8043 12.6
      vertex 29 21.98 12.6
      vertex 29.3652 21.856 12.6
    endloop
  endfacet
  facet normal 0 0 -1
    outer loop
      vertex 29 3.8 12.6
      vertex 29.2296 3.84567 12.6
      vertex 29.1553 3.82043 12.6
    endloop
  endfacet
  facet normal 0 0 -1
    outer loop
      vertex 29.3652 21.856 12.6
      vertex 29 21.98 12.6
      vertex 29.3 21.8996 12.6
    endloop
  endfacet
  facet normal 0 0 -1
    outer loop
      vertex 29 3.8 12.6
      vertex 29.1553 3.82043 12.6
      vertex 29.0783 3.80513 12.6
    endloop
  endfacet
  facet normal 0 0 -1
    outer loop
      vertex 29.3 21.8996 12.6
      vertex 29 21.98 12.6
      vertex 29.2296 21.9343 12.6
    endloop
  endfacet
  facet normal 0 0 -1
    outer loop
      vertex 29.2296 21.9343 12.6
      vertex 29 21.98 12.6
      vertex 29.1553 21.9595 12.6
    endloop
  endfacet
  facet normal 0 0 -1
    outer loop
      vertex 29.1553 21.9595 12.6
      vertex 29 21.98 12.6
      vertex 29.0783 21.9749 12.6
    endloop
  endfacet
  facet normal 0 0 -1
    outer loop
      vertex 4.39999 3.8 12.6
      vertex 29 21.98 12.6
      vertex 29 3.8 12.6
    endloop
  endfacet
  facet normal 0 0 -1
    outer loop
      vertex 4.39999 3.8 12.6
      vertex 4.39999 21.98 12.6
      vertex 29 21.98 12.6
    endloop
  endfacet
  facet normal 0 0 -1
    outer loop
      vertex 3.8 4.39999 12.6
      vertex 4.39999 3.8 12.6
      vertex 4.32168 3.80513 12.6
    endloop
  endfacet
  facet normal 0 0 -1
    outer loop
      vertex 4.39999 3.8 12.6
      vertex 3.8 4.39999 12.6
      vertex 4.39999 21.98 12.6
    endloop
  endfacet
  facet normal 0 0 -1
    outer loop
      vertex 3.8 4.39999 12.6
      vertex 4.32168 3.80513 12.6
      vertex 4.2447 3.82043 12.6
    endloop
  endfacet
  facet normal 0 0 -1
    outer loop
      vertex 3.8 21.38 12.6
      vertex 4.39999 21.98 12.6
      vertex 3.8 4.39999 12.6
    endloop
  endfacet
  facet normal 0 0 -1
    outer loop
      vertex 3.8 4.39999 12.6
      vertex 4.2447 3.82043 12.6
      vertex 4.17038 3.84567 12.6
    endloop
  endfacet
  facet normal 0 0 -1
    outer loop
      vertex 4.39999 21.98 12.6
      vertex 3.8 21.38 12.6
      vertex 4.32168 21.9749 12.6
    endloop
  endfacet
  facet normal 0 0 -1
    outer loop
      vertex 3.8 4.39999 12.6
      vertex 4.17038 3.84567 12.6
      vertex 4.09999 3.88038 12.6
    endloop
  endfacet
  facet normal 0 0 -1
    outer loop
      vertex 4.32168 21.9749 12.6
      vertex 3.8 21.38 12.6
      vertex 4.2447 21.9595 12.6
    endloop
  endfacet
  facet normal 0 0 -1
    outer loop
      vertex 3.8 4.39999 12.6
      vertex 4.09999 3.88038 12.6
      vertex 4.03474 3.92398 12.6
    endloop
  endfacet
  facet normal 0 0 -1
    outer loop
      vertex 4.2447 21.9595 12.6
      vertex 3.8 21.38 12.6
      vertex 4.17038 21.9343 12.6
    endloop
  endfacet
  facet normal 0 0 -1
    outer loop
      vertex 3.8 4.39999 12.6
      vertex 4.03474 3.92398 12.6
      vertex 3.97573 3.97573 12.6
    endloop
  endfacet
  facet normal 0 0 -1
    outer loop
      vertex 4.17038 21.9343 12.6
      vertex 3.8 21.38 12.6
      vertex 4.09999 21.8996 12.6
    endloop
  endfacet
  facet normal 0 0 -1
    outer loop
      vertex 3.8 4.39999 12.6
      vertex 3.97573 3.97573 12.6
      vertex 3.92398 4.03474 12.6
    endloop
  endfacet
  facet normal 0 0 -1
    outer loop
      vertex 4.09999 21.8996 12.6
      vertex 3.8 21.38 12.6
      vertex 4.03474 21.856 12.6
    endloop
  endfacet
  facet normal 0 0 -1
    outer loop
      vertex 3.8 4.39999 12.6
      vertex 3.92398 4.03474 12.6
      vertex 3.88038 4.09999 12.6
    endloop
  endfacet
  facet normal 0 0 -1
    outer loop
      vertex 4.03474 21.856 12.6
      vertex 3.8 21.38 12.6
      vertex 3.97573 21.8043 12.6
    endloop
  endfacet
  facet normal 0 0 -1
    outer loop
      vertex 3.8 4.39999 12.6
      vertex 3.88038 4.09999 12.6
      vertex 3.84567 4.17038 12.6
    endloop
  endfacet
  facet normal 0 0 -1
    outer loop
      vertex 3.97573 21.8043 12.6
      vertex 3.8 21.38 12.6
      vertex 3.92398 21.7453 12.6
    endloop
  endfacet
  facet normal 0 0 -1
    outer loop
      vertex 3.8 4.39999 12.6
      vertex 3.84567 4.17038 12.6
      vertex 3.82043 4.2447 12.6
    endloop
  endfacet
  facet normal 0 0 -1
    outer loop
      vertex 3.92398 21.7453 12.6
      vertex 3.8 21.38 12.6
      vertex 3.88038 21.68 12.6
    endloop
  endfacet
  facet normal 0 0 -1
    outer loop
      vertex 3.8 4.39999 12.6
      vertex 3.82043 4.2447 12.6
      vertex 3.80513 4.32168 12.6
    endloop
  endfacet
  facet normal 0 0 -1
    outer loop
      vertex 3.88038 21.68 12.6
      vertex 3.8 21.38 12.6
      vertex 3.84567 21.6096 12.6
    endloop
  endfacet
  facet normal 0 0 -1
    outer loop
      vertex 3.84567 21.6096 12.6
      vertex 3.8 21.38 12.6
      vertex 3.82043 21.5353 12.6
    endloop
  endfacet
  facet normal 0 0 -1
    outer loop
      vertex 3.82043 21.5353 12.6
      vertex 3.8 21.38 12.6
      vertex 3.80513 21.4583 12.6
    endloop
  endfacet
  facet normal 0.0653521 0.997862 -0
    outer loop
      vertex 31.6611 25.7629 12.6
      vertex 31.4 25.78 14.6
      vertex 31.6611 25.7629 14.6
    endloop
  endfacet
  facet normal 0.0653521 0.997862 0
    outer loop
      vertex 31.4 25.78 14.6
      vertex 31.6611 25.7629 12.6
      vertex 31.4 25.78 12.6
    endloop
  endfacet
  facet normal 0 1 -0
    outer loop
      vertex 31.4 25.78 12.6
      vertex 2 25.78 14.6
      vertex 31.4 25.78 14.6
    endloop
  endfacet
  facet normal 0 1 0
    outer loop
      vertex 2 25.78 14.6
      vertex 31.4 25.78 12.6
      vertex 2 25.78 12.6
    endloop
  endfacet
  facet normal 0.980801 0.195013 0
    outer loop
      vertex 33.3829 24.0411 14.6
      vertex 33.3319 24.2976 12.6
      vertex 33.3319 24.2976 14.6
    endloop
  endfacet
  facet normal 0.980801 0.195013 0
    outer loop
      vertex 33.3319 24.2976 12.6
      vertex 33.3829 24.0411 14.6
      vertex 33.3829 24.0411 12.6
    endloop
  endfacet
  facet normal 0.997862 0.0653521 0
    outer loop
      vertex 33.4 23.78 14.6
      vertex 33.3829 24.0411 12.6
      vertex 33.3829 24.0411 14.6
    endloop
  endfacet
  facet normal 0.997862 0.0653521 0
    outer loop
      vertex 33.3829 24.0411 12.6
      vertex 33.4 23.78 14.6
      vertex 33.4 23.78 12.6
    endloop
  endfacet
  facet normal 0.997861 -0.0653646 0
    outer loop
      vertex 33.3829 1.73895 14.6
      vertex 33.4 2 12.6
      vertex 33.4 2 14.6
    endloop
  endfacet
  facet normal 0.997861 -0.0653646 0
    outer loop
      vertex 33.4 2 12.6
      vertex 33.3829 1.73895 14.6
      vertex 33.3829 1.73895 12.6
    endloop
  endfacet
  facet normal -0.0654023 -0.997859 0
    outer loop
      vertex 1.73895 0.0171099 12.6
      vertex 2 0 14.6
      vertex 1.73895 0.0171099 14.6
    endloop
  endfacet
  facet normal -0.0654023 -0.997859 -0
    outer loop
      vertex 2 0 14.6
      vertex 1.73895 0.0171099 12.6
      vertex 2 0 12.6
    endloop
  endfacet
  facet normal -0.896848 0.442338 0
    outer loop
      vertex 0.152241 24.5454 12.6
      vertex 0.267949 24.78 14.6
      vertex 0.267949 24.78 12.6
    endloop
  endfacet
  facet normal -0.896848 0.442338 0
    outer loop
      vertex 0.267949 24.78 14.6
      vertex 0.152241 24.5454 12.6
      vertex 0.152241 24.5454 14.6
    endloop
  endfacet
  facet normal -0.946957 0.321359 0
    outer loop
      vertex 0.0681477 24.2976 12.6
      vertex 0.152241 24.5454 14.6
      vertex 0.152241 24.5454 12.6
    endloop
  endfacet
  facet normal -0.946957 0.321359 0
    outer loop
      vertex 0.152241 24.5454 14.6
      vertex 0.0681477 24.2976 12.6
      vertex 0.0681477 24.2976 14.6
    endloop
  endfacet
  facet normal -0.99786 0.0653898 0
    outer loop
      vertex 0 23.78 12.6
      vertex 0.0171099 24.0411 14.6
      vertex 0.0171099 24.0411 12.6
    endloop
  endfacet
  facet normal -0.99786 0.0653898 0
    outer loop
      vertex 0.0171099 24.0411 14.6
      vertex 0 23.78 12.6
      vertex 0 23.78 14.6
    endloop
  endfacet
  facet normal 0.659343 0.751842 -0
    outer loop
      vertex 32.8142 25.1942 12.6
      vertex 32.6175 25.3667 14.6
      vertex 32.8142 25.1942 14.6
    endloop
  endfacet
  facet normal 0.659343 0.751842 0
    outer loop
      vertex 32.6175 25.3667 14.6
      vertex 32.8142 25.1942 12.6
      vertex 32.6175 25.3667 12.6
    endloop
  endfacet
  facet normal -0.555716 0.831372 0
    outer loop
      vertex 1 25.5121 12.6
      vertex 0.782476 25.3667 14.6
      vertex 1 25.5121 14.6
    endloop
  endfacet
  facet normal -0.555716 0.831372 0
    outer loop
      vertex 0.782476 25.3667 14.6
      vertex 1 25.5121 12.6
      vertex 0.782476 25.3667 12.6
    endloop
  endfacet
  facet normal 0.946922 -0.321463 0
    outer loop
      vertex 33.2478 1.23463 14.6
      vertex 33.3319 1.48236 12.6
      vertex 33.3319 1.48236 14.6
    endloop
  endfacet
  facet normal 0.946922 -0.321463 0
    outer loop
      vertex 33.3319 1.48236 12.6
      vertex 33.2478 1.23463 14.6
      vertex 33.2478 1.23463 12.6
    endloop
  endfacet
  facet normal -0.896871 -0.442293 0
    outer loop
      vertex 0.267949 1 12.6
      vertex 0.152241 1.23463 14.6
      vertex 0.152241 1.23463 12.6
    endloop
  endfacet
  facet normal -0.896871 -0.442293 0
    outer loop
      vertex 0.152241 1.23463 14.6
      vertex 0.267949 1 12.6
      vertex 0.267949 1 14.6
    endloop
  endfacet
  facet normal -0.831443 0.55561 0
    outer loop
      vertex 0.267949 24.78 12.6
      vertex 0.413293 24.9975 14.6
      vertex 0.413293 24.9975 12.6
    endloop
  endfacet
  facet normal -0.831443 0.55561 0
    outer loop
      vertex 0.413293 24.9975 14.6
      vertex 0.267949 24.78 12.6
      vertex 0.267949 24.78 14.6
    endloop
  endfacet
  facet normal -0.751855 0.659328 0
    outer loop
      vertex 0.413293 24.9975 12.6
      vertex 0.585786 25.1942 14.6
      vertex 0.585786 25.1942 12.6
    endloop
  endfacet
  facet normal -0.751855 0.659328 0
    outer loop
      vertex 0.585786 25.1942 14.6
      vertex 0.413293 24.9975 12.6
      vertex 0.413293 24.9975 14.6
    endloop
  endfacet
  facet normal -0.659362 0.751826 0
    outer loop
      vertex 0.782476 25.3667 12.6
      vertex 0.585786 25.1942 14.6
      vertex 0.782476 25.3667 14.6
    endloop
  endfacet
  facet normal -0.659362 0.751826 0
    outer loop
      vertex 0.585786 25.1942 14.6
      vertex 0.782476 25.3667 12.6
      vertex 0.585786 25.1942 12.6
    endloop
  endfacet
  facet normal -0.980773 0.195152 0
    outer loop
      vertex 0.0171099 24.0411 12.6
      vertex 0.0681477 24.2976 14.6
      vertex 0.0681477 24.2976 12.6
    endloop
  endfacet
  facet normal -0.980773 0.195152 0
    outer loop
      vertex 0.0681477 24.2976 14.6
      vertex 0.0171099 24.0411 12.6
      vertex 0.0171099 24.0411 14.6
    endloop
  endfacet
  facet normal 0.321382 0.94695 -0
    outer loop
      vertex 32.1654 25.6278 12.6
      vertex 31.9176 25.7119 14.6
      vertex 32.1654 25.6278 14.6
    endloop
  endfacet
  facet normal 0.321382 0.94695 0
    outer loop
      vertex 31.9176 25.7119 14.6
      vertex 32.1654 25.6278 12.6
      vertex 31.9176 25.7119 12.6
    endloop
  endfacet
  facet normal 0.442314 0.89686 -0
    outer loop
      vertex 32.4 25.5121 12.6
      vertex 32.1654 25.6278 14.6
      vertex 32.4 25.5121 14.6
    endloop
  endfacet
  facet normal 0.442314 0.89686 0
    outer loop
      vertex 32.1654 25.6278 14.6
      vertex 32.4 25.5121 12.6
      vertex 32.1654 25.6278 12.6
    endloop
  endfacet
  facet normal 0.555758 0.831344 -0
    outer loop
      vertex 32.6175 25.3667 12.6
      vertex 32.4 25.5121 14.6
      vertex 32.6175 25.3667 14.6
    endloop
  endfacet
  facet normal 0.555758 0.831344 0
    outer loop
      vertex 32.4 25.5121 14.6
      vertex 32.6175 25.3667 12.6
      vertex 32.4 25.5121 12.6
    endloop
  endfacet
  facet normal 0.896709 0.442621 0
    outer loop
      vertex 33.2478 24.5454 14.6
      vertex 33.132 24.78 12.6
      vertex 33.132 24.78 14.6
    endloop
  endfacet
  facet normal 0.896709 0.442621 0
    outer loop
      vertex 33.132 24.78 12.6
      vertex 33.2478 24.5454 14.6
      vertex 33.2478 24.5454 12.6
    endloop
  endfacet
  facet normal 0.94695 0.321382 0
    outer loop
      vertex 33.3319 24.2976 14.6
      vertex 33.2478 24.5454 12.6
      vertex 33.2478 24.5454 14.6
    endloop
  endfacet
  facet normal 0.94695 0.321382 0
    outer loop
      vertex 33.2478 24.5454 12.6
      vertex 33.3319 24.2976 14.6
      vertex 33.3319 24.2976 12.6
    endloop
  endfacet
  facet normal -0.321463 0.946922 0
    outer loop
      vertex 1.48236 25.7119 12.6
      vertex 1.23463 25.6278 14.6
      vertex 1.48236 25.7119 14.6
    endloop
  endfacet
  facet normal -0.321463 0.946922 0
    outer loop
      vertex 1.23463 25.6278 14.6
      vertex 1.48236 25.7119 12.6
      vertex 1.23463 25.6278 12.6
    endloop
  endfacet
  facet normal -0.442268 0.896883 0
    outer loop
      vertex 1.23463 25.6278 12.6
      vertex 1 25.5121 14.6
      vertex 1.23463 25.6278 14.6
    endloop
  endfacet
  facet normal -0.442268 0.896883 0
    outer loop
      vertex 1 25.5121 14.6
      vertex 1.23463 25.6278 12.6
      vertex 1 25.5121 12.6
    endloop
  endfacet
  facet normal 0.980814 -0.194947 0
    outer loop
      vertex 33.3319 1.48236 14.6
      vertex 33.3829 1.73895 12.6
      vertex 33.3829 1.73895 14.6
    endloop
  endfacet
  facet normal 0.980814 -0.194947 0
    outer loop
      vertex 33.3829 1.73895 12.6
      vertex 33.3319 1.48236 14.6
      vertex 33.3319 1.48236 12.6
    endloop
  endfacet
  facet normal 0.751826 -0.659362 0
    outer loop
      vertex 32.8142 0.585786 14.6
      vertex 32.9867 0.782476 12.6
      vertex 32.9867 0.782476 14.6
    endloop
  endfacet
  facet normal 0.751826 -0.659362 0
    outer loop
      vertex 32.9867 0.782476 12.6
      vertex 32.8142 0.585786 14.6
      vertex 32.8142 0.585786 12.6
    endloop
  endfacet
  facet normal 0.831549 -0.555452 0
    outer loop
      vertex 32.9867 0.782476 14.6
      vertex 33.132 1 12.6
      vertex 33.132 1 14.6
    endloop
  endfacet
  facet normal 0.831549 -0.555452 0
    outer loop
      vertex 33.132 1 12.6
      vertex 32.9867 0.782476 14.6
      vertex 32.9867 0.782476 12.6
    endloop
  endfacet
  facet normal 0.896731 -0.442575 0
    outer loop
      vertex 33.132 1 14.6
      vertex 33.2478 1.23463 12.6
      vertex 33.2478 1.23463 14.6
    endloop
  endfacet
  facet normal 0.896731 -0.442575 0
    outer loop
      vertex 33.2478 1.23463 12.6
      vertex 33.132 1 14.6
      vertex 33.132 1 12.6
    endloop
  endfacet
  facet normal 0.195152 -0.980773 0
    outer loop
      vertex 31.6611 0.0171099 12.6
      vertex 31.9176 0.0681477 14.6
      vertex 31.6611 0.0171099 14.6
    endloop
  endfacet
  facet normal 0.195152 -0.980773 0
    outer loop
      vertex 31.9176 0.0681477 14.6
      vertex 31.6611 0.0171099 12.6
      vertex 31.9176 0.0681477 12.6
    endloop
  endfacet
  facet normal 0.659328 -0.751855 0
    outer loop
      vertex 32.6175 0.413293 12.6
      vertex 32.8142 0.585786 14.6
      vertex 32.6175 0.413293 14.6
    endloop
  endfacet
  facet normal 0.659328 -0.751855 0
    outer loop
      vertex 32.8142 0.585786 14.6
      vertex 32.6175 0.413293 12.6
      vertex 32.8142 0.585786 12.6
    endloop
  endfacet
  facet normal -0.442293 -0.896871 0
    outer loop
      vertex 1 0.267949 12.6
      vertex 1.23463 0.152241 14.6
      vertex 1 0.267949 14.6
    endloop
  endfacet
  facet normal -0.442293 -0.896871 -0
    outer loop
      vertex 1.23463 0.152241 14.6
      vertex 1 0.267949 12.6
      vertex 1.23463 0.152241 12.6
    endloop
  endfacet
  facet normal 0.195013 0.980801 -0
    outer loop
      vertex 31.9176 25.7119 12.6
      vertex 31.6611 25.7629 14.6
      vertex 31.9176 25.7119 14.6
    endloop
  endfacet
  facet normal 0.195013 0.980801 0
    outer loop
      vertex 31.6611 25.7629 14.6
      vertex 31.9176 25.7119 12.6
      vertex 31.6611 25.7629 12.6
    endloop
  endfacet
  facet normal 0.751842 0.659343 0
    outer loop
      vertex 32.9867 24.9975 14.6
      vertex 32.8142 25.1942 12.6
      vertex 32.8142 25.1942 14.6
    endloop
  endfacet
  facet normal 0.751842 0.659343 0
    outer loop
      vertex 32.8142 25.1942 12.6
      vertex 32.9867 24.9975 14.6
      vertex 32.9867 24.9975 12.6
    endloop
  endfacet
  facet normal 0.831521 0.555494 0
    outer loop
      vertex 33.132 24.78 14.6
      vertex 32.9867 24.9975 12.6
      vertex 32.9867 24.9975 14.6
    endloop
  endfacet
  facet normal 0.831521 0.555494 0
    outer loop
      vertex 32.9867 24.9975 12.6
      vertex 33.132 24.78 14.6
      vertex 33.132 24.78 12.6
    endloop
  endfacet
  facet normal -0.194947 0.980814 0
    outer loop
      vertex 1.73895 25.7629 12.6
      vertex 1.48236 25.7119 14.6
      vertex 1.73895 25.7629 14.6
    endloop
  endfacet
  facet normal -0.194947 0.980814 0
    outer loop
      vertex 1.48236 25.7119 14.6
      vertex 1.73895 25.7629 12.6
      vertex 1.48236 25.7119 12.6
    endloop
  endfacet
  facet normal -0.0653646 0.997861 0
    outer loop
      vertex 2 25.78 12.6
      vertex 1.73895 25.7629 14.6
      vertex 2 25.78 14.6
    endloop
  endfacet
  facet normal -0.0653646 0.997861 0
    outer loop
      vertex 1.73895 25.7629 14.6
      vertex 2 25.78 12.6
      vertex 1.73895 25.7629 12.6
    endloop
  endfacet
  facet normal 0.321359 -0.946957 0
    outer loop
      vertex 31.9176 0.0681477 12.6
      vertex 32.1654 0.152241 14.6
      vertex 31.9176 0.0681477 14.6
    endloop
  endfacet
  facet normal 0.321359 -0.946957 0
    outer loop
      vertex 32.1654 0.152241 14.6
      vertex 31.9176 0.0681477 12.6
      vertex 32.1654 0.152241 12.6
    endloop
  endfacet
  facet normal 0.55561 -0.831443 0
    outer loop
      vertex 32.4 0.267949 12.6
      vertex 32.6175 0.413293 14.6
      vertex 32.4 0.267949 14.6
    endloop
  endfacet
  facet normal 0.55561 -0.831443 0
    outer loop
      vertex 32.6175 0.413293 14.6
      vertex 32.4 0.267949 12.6
      vertex 32.6175 0.413293 12.6
    endloop
  endfacet
  facet normal 0.442338 -0.896848 0
    outer loop
      vertex 32.1654 0.152241 12.6
      vertex 32.4 0.267949 14.6
      vertex 32.1654 0.152241 14.6
    endloop
  endfacet
  facet normal 0.442338 -0.896848 0
    outer loop
      vertex 32.4 0.267949 14.6
      vertex 32.1654 0.152241 12.6
      vertex 32.4 0.267949 12.6
    endloop
  endfacet
  facet normal -0.195086 -0.980786 0
    outer loop
      vertex 1.48236 0.0681477 12.6
      vertex 1.73895 0.0171099 14.6
      vertex 1.48236 0.0681477 14.6
    endloop
  endfacet
  facet normal -0.195086 -0.980786 -0
    outer loop
      vertex 1.73895 0.0171099 14.6
      vertex 1.48236 0.0681477 12.6
      vertex 1.73895 0.0171099 12.6
    endloop
  endfacet
  facet normal -0.32144 -0.94693 0
    outer loop
      vertex 1.23463 0.152241 12.6
      vertex 1.48236 0.0681477 14.6
      vertex 1.23463 0.152241 14.6
    endloop
  endfacet
  facet normal -0.32144 -0.94693 -0
    outer loop
      vertex 1.48236 0.0681477 14.6
      vertex 1.23463 0.152241 12.6
      vertex 1.48236 0.0681477 12.6
    endloop
  endfacet
  facet normal -0.659347 -0.751839 0
    outer loop
      vertex 0.585786 0.585786 12.6
      vertex 0.782476 0.413293 14.6
      vertex 0.585786 0.585786 14.6
    endloop
  endfacet
  facet normal -0.659347 -0.751839 -0
    outer loop
      vertex 0.782476 0.413293 14.6
      vertex 0.585786 0.585786 12.6
      vertex 0.782476 0.413293 12.6
    endloop
  endfacet
  facet normal -0.831471 -0.555568 0
    outer loop
      vertex 0.413293 0.782476 12.6
      vertex 0.267949 1 14.6
      vertex 0.267949 1 12.6
    endloop
  endfacet
  facet normal -0.831471 -0.555568 0
    outer loop
      vertex 0.267949 1 14.6
      vertex 0.413293 0.782476 12.6
      vertex 0.413293 0.782476 14.6
    endloop
  endfacet
  facet normal -0 0 1
    outer loop
      vertex 11.7 14.09 14
      vertex 17.2 11.69 14
      vertex 17.2 14.09 14
    endloop
  endfacet
  facet normal 0 0 1
    outer loop
      vertex 17.2 11.69 14
      vertex 11.7 14.09 14
      vertex 11.7 11.69 14
    endloop
  endfacet
  facet normal -0 0 1
    outer loop
      vertex 17.2 14.09 14
      vertex 21.7 12.89 14
      vertex 17.2 16.14 14
    endloop
  endfacet
  facet normal 0 0 1
    outer loop
      vertex 17.2 11.69 14
      vertex 21.7 12.89 14
      vertex 17.2 14.09 14
    endloop
  endfacet
  facet normal 0 0 1
    outer loop
      vertex 21.7 12.89 14
      vertex 17.2 11.69 14
      vertex 17.2 9.64 14
    endloop
  endfacet
  facet normal -0.585491 -0.810679 0
    outer loop
      vertex 17.2 16.14 14
      vertex 21.7 12.89 14.6
      vertex 17.2 16.14 14.6
    endloop
  endfacet
  facet normal -0.585491 -0.810679 -0
    outer loop
      vertex 21.7 12.89 14.6
      vertex 17.2 16.14 14
      vertex 21.7 12.89 14
    endloop
  endfacet
  facet normal 1 -0 0
    outer loop
      vertex 17.2 14.09 14.6
      vertex 17.2 16.14 14
      vertex 17.2 16.14 14.6
    endloop
  endfacet
  facet normal 1 0 0
    outer loop
      vertex 17.2 16.14 14
      vertex 17.2 14.09 14.6
      vertex 17.2 14.09 14
    endloop
  endfacet
  facet normal 0 -1 0
    outer loop
      vertex 11.7 14.09 14
      vertex 17.2 14.09 14.6
      vertex 11.7 14.09 14.6
    endloop
  endfacet
  facet normal 0 -1 -0
    outer loop
      vertex 17.2 14.09 14.6
      vertex 11.7 14.09 14
      vertex 17.2 14.09 14
    endloop
  endfacet
  facet normal 1 -0 0
    outer loop
      vertex 11.7 11.69 14.6
      vertex 11.7 14.09 14
      vertex 11.7 14.09 14.6
    endloop
  endfacet
  facet normal 1 0 0
    outer loop
      vertex 11.7 14.09 14
      vertex 11.7 11.69 14.6
      vertex 11.7 11.69 14
    endloop
  endfacet
  facet normal 0 1 -0
    outer loop
      vertex 17.2 11.69 14
      vertex 11.7 11.69 14.6
      vertex 17.2 11.69 14.6
    endloop
  endfacet
  facet normal 0 1 0
    outer loop
      vertex 11.7 11.69 14.6
      vertex 17.2 11.69 14
      vertex 11.7 11.69 14
    endloop
  endfacet
  facet normal 1 -0 0
    outer loop
      vertex 17.2 9.64 14.6
      vertex 17.2 11.69 14
      vertex 17.2 11.69 14.6
    endloop
  endfacet
  facet normal 1 0 0
    outer loop
      vertex 17.2 11.69 14
      vertex 17.2 9.64 14.6
      vertex 17.2 9.64 14
    endloop
  endfacet
  facet normal -0.585491 0.810679 0
    outer loop
      vertex 21.7 12.89 14
      vertex 17.2 9.64 14.6
      vertex 21.7 12.89 14.6
    endloop
  endfacet
  facet normal -0.585491 0.810679 0
    outer loop
      vertex 17.2 9.64 14.6
      vertex 21.7 12.89 14
      vertex 17.2 9.64 14
    endloop
  endfacet
  facet normal 0 0 -1
    outer loop
      vertex 30.5 2.3 7.6
      vertex 31.1 2.89999 7.6
      vertex 31.0949 2.82168 7.6
    endloop
  endfacet
  facet normal 0 0 -1
    outer loop
      vertex 31.1 2.89999 7.6
      vertex 29.6 4.39999 7.6
      vertex 31.1 22.88 7.6
    endloop
  endfacet
  facet normal 0 0 -1
    outer loop
      vertex 30.5 2.3 7.6
      vertex 31.0949 2.82168 7.6
      vertex 31.0795 2.7447 7.6
    endloop
  endfacet
  facet normal 0 0 -1
    outer loop
      vertex 29.6 21.38 7.6
      vertex 31.1 22.88 7.6
      vertex 29.6 4.39999 7.6
    endloop
  endfacet
  facet normal 0 0 -1
    outer loop
      vertex 30.5 2.3 7.6
      vertex 31.0795 2.7447 7.6
      vertex 31.0543 2.67038 7.6
    endloop
  endfacet
  facet normal 0 0 -1
    outer loop
      vertex 29.5949 21.4583 7.6
      vertex 31.1 22.88 7.6
      vertex 29.6 21.38 7.6
    endloop
  endfacet
  facet normal 0 0 -1
    outer loop
      vertex 30.5 2.3 7.6
      vertex 31.0543 2.67038 7.6
      vertex 31.0196 2.59999 7.6
    endloop
  endfacet
  facet normal 0 0 -1
    outer loop
      vertex 29.5795 21.5353 7.6
      vertex 31.1 22.88 7.6
      vertex 29.5949 21.4583 7.6
    endloop
  endfacet
  facet normal 0 0 -1
    outer loop
      vertex 30.5 2.3 7.6
      vertex 31.0196 2.59999 7.6
      vertex 30.976 2.53474 7.6
    endloop
  endfacet
  facet normal 0 0 -1
    outer loop
      vertex 29.5543 21.6096 7.6
      vertex 31.1 22.88 7.6
      vertex 29.5795 21.5353 7.6
    endloop
  endfacet
  facet normal 0 0 -1
    outer loop
      vertex 30.5 2.3 7.6
      vertex 30.976 2.53474 7.6
      vertex 30.9243 2.47573 7.6
    endloop
  endfacet
  facet normal 0 0 -1
    outer loop
      vertex 29.5196 21.68 7.6
      vertex 31.1 22.88 7.6
      vertex 29.5543 21.6096 7.6
    endloop
  endfacet
  facet normal 0 0 -1
    outer loop
      vertex 30.5 2.3 7.6
      vertex 30.9243 2.47573 7.6
      vertex 30.8652 2.42398 7.6
    endloop
  endfacet
  facet normal 0 0 -1
    outer loop
      vertex 29.476 21.7453 7.6
      vertex 31.1 22.88 7.6
      vertex 29.5196 21.68 7.6
    endloop
  endfacet
  facet normal 0 0 -1
    outer loop
      vertex 30.5 2.3 7.6
      vertex 30.8652 2.42398 7.6
      vertex 30.8 2.38038 7.6
    endloop
  endfacet
  facet normal 0 0 -1
    outer loop
      vertex 29.4243 21.8043 7.6
      vertex 31.1 22.88 7.6
      vertex 29.476 21.7453 7.6
    endloop
  endfacet
  facet normal 0 0 -1
    outer loop
      vertex 30.5 2.3 7.6
      vertex 30.8 2.38038 7.6
      vertex 30.7296 2.34567 7.6
    endloop
  endfacet
  facet normal 0 -0 -1
    outer loop
      vertex 30.5 23.48 7.6
      vertex 31.1 22.88 7.6
      vertex 29.4243 21.8043 7.6
    endloop
  endfacet
  facet normal 0 0 -1
    outer loop
      vertex 30.5 2.3 7.6
      vertex 30.7296 2.34567 7.6
      vertex 30.6553 2.32043 7.6
    endloop
  endfacet
  facet normal 0 0 -1
    outer loop
      vertex 31.1 22.88 7.6
      vertex 30.5 23.48 7.6
      vertex 31.0949 22.9583 7.6
    endloop
  endfacet
  facet normal 0 0 -1
    outer loop
      vertex 30.5 2.3 7.6
      vertex 30.6553 2.32043 7.6
      vertex 30.5783 2.30513 7.6
    endloop
  endfacet
  facet normal 0 0 -1
    outer loop
      vertex 31.0949 22.9583 7.6
      vertex 30.5 23.48 7.6
      vertex 31.0795 23.0353 7.6
    endloop
  endfacet
  facet normal -0 0 -1
    outer loop
      vertex 31.1 2.89999 7.6
      vertex 30.5 2.3 7.6
      vertex 29.4243 3.97573 7.6
    endloop
  endfacet
  facet normal 0 0 -1
    outer loop
      vertex 31.0543 23.1096 7.6
      vertex 30.5 23.48 7.6
      vertex 31.0196 23.18 7.6
    endloop
  endfacet
  facet normal 0 0 -1
    outer loop
      vertex 31.0196 23.18 7.6
      vertex 30.5 23.48 7.6
      vertex 30.976 23.2453 7.6
    endloop
  endfacet
  facet normal 0 0 -1
    outer loop
      vertex 31.1 2.89999 7.6
      vertex 29.5949 4.32168 7.6
      vertex 29.6 4.39999 7.6
    endloop
  endfacet
  facet normal 0 0 -1
    outer loop
      vertex 31.1 2.89999 7.6
      vertex 29.5795 4.2447 7.6
      vertex 29.5949 4.32168 7.6
    endloop
  endfacet
  facet normal 0 0 -1
    outer loop
      vertex 31.1 2.89999 7.6
      vertex 29.5543 4.17038 7.6
      vertex 29.5795 4.2447 7.6
    endloop
  endfacet
  facet normal 0 0 -1
    outer loop
      vertex 31.1 2.89999 7.6
      vertex 29.5196 4.09999 7.6
      vertex 29.5543 4.17038 7.6
    endloop
  endfacet
  facet normal 0 0 -1
    outer loop
      vertex 31.1 2.89999 7.6
      vertex 29.476 4.03474 7.6
      vertex 29.5196 4.09999 7.6
    endloop
  endfacet
  facet normal 0 0 -1
    outer loop
      vertex 31.1 2.89999 7.6
      vertex 29.4243 3.97573 7.6
      vertex 29.476 4.03474 7.6
    endloop
  endfacet
  facet normal 0 0 -1
    outer loop
      vertex 30.5 2.3 7.6
      vertex 29.3652 3.92398 7.6
      vertex 29.4243 3.97573 7.6
    endloop
  endfacet
  facet normal 0 0 -1
    outer loop
      vertex 30.5 2.3 7.6
      vertex 29.3 3.88038 7.6
      vertex 29.3652 3.92398 7.6
    endloop
  endfacet
  facet normal 0 0 -1
    outer loop
      vertex 30.5 2.3 7.6
      vertex 29.2296 3.84567 7.6
      vertex 29.3 3.88038 7.6
    endloop
  endfacet
  facet normal 0 0 -1
    outer loop
      vertex 30.5 2.3 7.6
      vertex 29.1553 3.82043 7.6
      vertex 29.2296 3.84567 7.6
    endloop
  endfacet
  facet normal 0 0 -1
    outer loop
      vertex 30.5 2.3 7.6
      vertex 29.0783 3.80513 7.6
      vertex 29.1553 3.82043 7.6
    endloop
  endfacet
  facet normal 0 0 -1
    outer loop
      vertex 30.5 2.3 7.6
      vertex 29 3.8 7.6
      vertex 29.0783 3.80513 7.6
    endloop
  endfacet
  facet normal 0 0 -1
    outer loop
      vertex 30.5 2.3 7.6
      vertex 4.39999 3.8 7.6
      vertex 29 3.8 7.6
    endloop
  endfacet
  facet normal -0 0 -1
    outer loop
      vertex 3.80513 4.32168 7.6
      vertex 2.3 2.89999 7.6
      vertex 3.8 4.39999 7.6
    endloop
  endfacet
  facet normal -0 0 -1
    outer loop
      vertex 3.82043 4.2447 7.6
      vertex 2.3 2.89999 7.6
      vertex 3.80513 4.32168 7.6
    endloop
  endfacet
  facet normal -0 0 -1
    outer loop
      vertex 3.84567 4.17038 7.6
      vertex 2.3 2.89999 7.6
      vertex 3.82043 4.2447 7.6
    endloop
  endfacet
  facet normal -0 0 -1
    outer loop
      vertex 3.88038 4.09999 7.6
      vertex 2.3 2.89999 7.6
      vertex 3.84567 4.17038 7.6
    endloop
  endfacet
  facet normal -0 0 -1
    outer loop
      vertex 3.92398 4.03474 7.6
      vertex 2.3 2.89999 7.6
      vertex 3.88038 4.09999 7.6
    endloop
  endfacet
  facet normal -0 0 -1
    outer loop
      vertex 3.97573 3.97573 7.6
      vertex 2.3 2.89999 7.6
      vertex 3.92398 4.03474 7.6
    endloop
  endfacet
  facet normal 0 0 -1
    outer loop
      vertex 2.3 2.89999 7.6
      vertex 3.97573 3.97573 7.6
      vertex 2.89999 2.3 7.6
    endloop
  endfacet
  facet normal -0 0 -1
    outer loop
      vertex 4.03474 3.92398 7.6
      vertex 2.89999 2.3 7.6
      vertex 3.97573 3.97573 7.6
    endloop
  endfacet
  facet normal -0 0 -1
    outer loop
      vertex 4.09999 3.88038 7.6
      vertex 2.89999 2.3 7.6
      vertex 4.03474 3.92398 7.6
    endloop
  endfacet
  facet normal -0 0 -1
    outer loop
      vertex 4.17038 3.84567 7.6
      vertex 2.89999 2.3 7.6
      vertex 4.09999 3.88038 7.6
    endloop
  endfacet
  facet normal -0 0 -1
    outer loop
      vertex 4.2447 3.82043 7.6
      vertex 2.89999 2.3 7.6
      vertex 4.17038 3.84567 7.6
    endloop
  endfacet
  facet normal -0 0 -1
    outer loop
      vertex 4.32168 3.80513 7.6
      vertex 2.89999 2.3 7.6
      vertex 4.2447 3.82043 7.6
    endloop
  endfacet
  facet normal -0 0 -1
    outer loop
      vertex 4.39999 3.8 7.6
      vertex 2.89999 2.3 7.6
      vertex 4.32168 3.80513 7.6
    endloop
  endfacet
  facet normal 0 0 -1
    outer loop
      vertex 2.89999 2.3 7.6
      vertex 4.39999 3.8 7.6
      vertex 30.5 2.3 7.6
    endloop
  endfacet
  facet normal 0 0 -1
    outer loop
      vertex 30.976 23.2453 7.6
      vertex 30.5 23.48 7.6
      vertex 30.9243 23.3043 7.6
    endloop
  endfacet
  facet normal 0 0 -1
    outer loop
      vertex 30.9243 23.3043 7.6
      vertex 30.5 23.48 7.6
      vertex 30.8652 23.356 7.6
    endloop
  endfacet
  facet normal 0 0 -1
    outer loop
      vertex 30.8652 23.356 7.6
      vertex 30.5 23.48 7.6
      vertex 30.8 23.3996 7.6
    endloop
  endfacet
  facet normal 0 0 -1
    outer loop
      vertex 30.8 23.3996 7.6
      vertex 30.5 23.48 7.6
      vertex 30.7296 23.4343 7.6
    endloop
  endfacet
  facet normal 0 0 -1
    outer loop
      vertex 30.6553 23.4595 7.6
      vertex 30.5 23.48 7.6
      vertex 30.5783 23.4749 7.6
    endloop
  endfacet
  facet normal 0 0 -1
    outer loop
      vertex 30.7296 23.4343 7.6
      vertex 30.5 23.48 7.6
      vertex 30.6553 23.4595 7.6
    endloop
  endfacet
  facet normal 0 0 -1
    outer loop
      vertex 31.0795 23.0353 7.6
      vertex 30.5 23.48 7.6
      vertex 31.0543 23.1096 7.6
    endloop
  endfacet
  facet normal 0 0 -1
    outer loop
      vertex 29.3652 21.856 7.6
      vertex 30.5 23.48 7.6
      vertex 29.4243 21.8043 7.6
    endloop
  endfacet
  facet normal 0 0 -1
    outer loop
      vertex 29.3 21.8996 7.6
      vertex 30.5 23.48 7.6
      vertex 29.3652 21.856 7.6
    endloop
  endfacet
  facet normal 0 0 -1
    outer loop
      vertex 29.2296 21.9343 7.6
      vertex 30.5 23.48 7.6
      vertex 29.3 21.8996 7.6
    endloop
  endfacet
  facet normal 0 0 -1
    outer loop
      vertex 29.1553 21.9595 7.6
      vertex 30.5 23.48 7.6
      vertex 29.2296 21.9343 7.6
    endloop
  endfacet
  facet normal 0 0 -1
    outer loop
      vertex 29.0783 21.9749 7.6
      vertex 30.5 23.48 7.6
      vertex 29.1553 21.9595 7.6
    endloop
  endfacet
  facet normal 0 0 -1
    outer loop
      vertex 29 21.98 7.6
      vertex 30.5 23.48 7.6
      vertex 29.0783 21.9749 7.6
    endloop
  endfacet
  facet normal 0 0 -1
    outer loop
      vertex 4.39999 21.98 7.6
      vertex 30.5 23.48 7.6
      vertex 29 21.98 7.6
    endloop
  endfacet
  facet normal 0 0 -1
    outer loop
      vertex 4.39999 21.98 7.6
      vertex 2.89999 23.48 7.6
      vertex 30.5 23.48 7.6
    endloop
  endfacet
  facet normal 0 0 -1
    outer loop
      vertex 4.32168 21.9749 7.6
      vertex 2.89999 23.48 7.6
      vertex 4.39999 21.98 7.6
    endloop
  endfacet
  facet normal 0 0 -1
    outer loop
      vertex 4.2447 21.9595 7.6
      vertex 2.89999 23.48 7.6
      vertex 4.32168 21.9749 7.6
    endloop
  endfacet
  facet normal 0 0 -1
    outer loop
      vertex 4.17038 21.9343 7.6
      vertex 2.89999 23.48 7.6
      vertex 4.2447 21.9595 7.6
    endloop
  endfacet
  facet normal 0 0 -1
    outer loop
      vertex 4.09999 21.8996 7.6
      vertex 2.89999 23.48 7.6
      vertex 4.17038 21.9343 7.6
    endloop
  endfacet
  facet normal 0 0 -1
    outer loop
      vertex 4.03474 21.856 7.6
      vertex 2.89999 23.48 7.6
      vertex 4.09999 21.8996 7.6
    endloop
  endfacet
  facet normal 0 0 -1
    outer loop
      vertex 3.97573 21.8043 7.6
      vertex 2.89999 23.48 7.6
      vertex 4.03474 21.856 7.6
    endloop
  endfacet
  facet normal 0 0 -1
    outer loop
      vertex 2.3 22.88 7.6
      vertex 3.97573 21.8043 7.6
      vertex 3.92398 21.7453 7.6
    endloop
  endfacet
  facet normal 0 0 -1
    outer loop
      vertex 2.3 22.88 7.6
      vertex 3.92398 21.7453 7.6
      vertex 3.88038 21.68 7.6
    endloop
  endfacet
  facet normal 0 0 -1
    outer loop
      vertex 2.3 22.88 7.6
      vertex 3.88038 21.68 7.6
      vertex 3.84567 21.6096 7.6
    endloop
  endfacet
  facet normal 0 0 -1
    outer loop
      vertex 2.3 22.88 7.6
      vertex 3.84567 21.6096 7.6
      vertex 3.82043 21.5353 7.6
    endloop
  endfacet
  facet normal 0 0 -1
    outer loop
      vertex 2.3 22.88 7.6
      vertex 3.82043 21.5353 7.6
      vertex 3.80513 21.4583 7.6
    endloop
  endfacet
  facet normal 0 0 -1
    outer loop
      vertex 2.3 22.88 7.6
      vertex 3.80513 21.4583 7.6
      vertex 3.8 21.38 7.6
    endloop
  endfacet
  facet normal -0 0 -1
    outer loop
      vertex 3.8 4.39999 7.6
      vertex 2.3 2.89999 7.6
      vertex 3.8 21.38 7.6
    endloop
  endfacet
  facet normal 0 0 -1
    outer loop
      vertex 2.3 2.89999 7.6
      vertex 2.89999 2.3 7.6
      vertex 2.82168 2.30513 7.6
    endloop
  endfacet
  facet normal 0 0 -1
    outer loop
      vertex 2.3 22.88 7.6
      vertex 3.8 21.38 7.6
      vertex 2.3 2.89999 7.6
    endloop
  endfacet
  facet normal 0 0 -1
    outer loop
      vertex 2.3 2.89999 7.6
      vertex 2.82168 2.30513 7.6
      vertex 2.7447 2.32043 7.6
    endloop
  endfacet
  facet normal 0 0 -1
    outer loop
      vertex 3.97573 21.8043 7.6
      vertex 2.3 22.88 7.6
      vertex 2.89999 23.48 7.6
    endloop
  endfacet
  facet normal 0 0 -1
    outer loop
      vertex 2.3 2.89999 7.6
      vertex 2.7447 2.32043 7.6
      vertex 2.67038 2.34567 7.6
    endloop
  endfacet
  facet normal 0 0 -1
    outer loop
      vertex 2.89999 23.48 7.6
      vertex 2.3 22.88 7.6
      vertex 2.82168 23.4749 7.6
    endloop
  endfacet
  facet normal 0 0 -1
    outer loop
      vertex 2.3 2.89999 7.6
      vertex 2.67038 2.34567 7.6
      vertex 2.59999 2.38038 7.6
    endloop
  endfacet
  facet normal 0 0 -1
    outer loop
      vertex 2.82168 23.4749 7.6
      vertex 2.3 22.88 7.6
      vertex 2.7447 23.4595 7.6
    endloop
  endfacet
  facet normal 0 0 -1
    outer loop
      vertex 2.3 2.89999 7.6
      vertex 2.59999 2.38038 7.6
      vertex 2.53474 2.42398 7.6
    endloop
  endfacet
  facet normal 0 0 -1
    outer loop
      vertex 2.7447 23.4595 7.6
      vertex 2.3 22.88 7.6
      vertex 2.67038 23.4343 7.6
    endloop
  endfacet
  facet normal 0 0 -1
    outer loop
      vertex 2.3 2.89999 7.6
      vertex 2.53474 2.42398 7.6
      vertex 2.47573 2.47573 7.6
    endloop
  endfacet
  facet normal 0 0 -1
    outer loop
      vertex 2.67038 23.4343 7.6
      vertex 2.3 22.88 7.6
      vertex 2.59999 23.3996 7.6
    endloop
  endfacet
  facet normal 0 0 -1
    outer loop
      vertex 2.3 2.89999 7.6
      vertex 2.47573 2.47573 7.6
      vertex 2.42398 2.53474 7.6
    endloop
  endfacet
  facet normal 0 0 -1
    outer loop
      vertex 2.59999 23.3996 7.6
      vertex 2.3 22.88 7.6
      vertex 2.53474 23.356 7.6
    endloop
  endfacet
  facet normal 0 0 -1
    outer loop
      vertex 2.3 2.89999 7.6
      vertex 2.42398 2.53474 7.6
      vertex 2.38038 2.59999 7.6
    endloop
  endfacet
  facet normal 0 0 -1
    outer loop
      vertex 2.53474 23.356 7.6
      vertex 2.3 22.88 7.6
      vertex 2.47573 23.3043 7.6
    endloop
  endfacet
  facet normal 0 0 -1
    outer loop
      vertex 2.3 2.89999 7.6
      vertex 2.38038 2.59999 7.6
      vertex 2.34567 2.67038 7.6
    endloop
  endfacet
  facet normal 0 0 -1
    outer loop
      vertex 2.47573 23.3043 7.6
      vertex 2.3 22.88 7.6
      vertex 2.42398 23.2453 7.6
    endloop
  endfacet
  facet normal 0 0 -1
    outer loop
      vertex 2.3 2.89999 7.6
      vertex 2.34567 2.67038 7.6
      vertex 2.32043 2.7447 7.6
    endloop
  endfacet
  facet normal 0 0 -1
    outer loop
      vertex 2.42398 23.2453 7.6
      vertex 2.3 22.88 7.6
      vertex 2.38038 23.18 7.6
    endloop
  endfacet
  facet normal 0 0 -1
    outer loop
      vertex 2.3 2.89999 7.6
      vertex 2.32043 2.7447 7.6
      vertex 2.30513 2.82168 7.6
    endloop
  endfacet
  facet normal 0 0 -1
    outer loop
      vertex 2.38038 23.18 7.6
      vertex 2.3 22.88 7.6
      vertex 2.34567 23.1096 7.6
    endloop
  endfacet
  facet normal 0 0 -1
    outer loop
      vertex 2.34567 23.1096 7.6
      vertex 2.3 22.88 7.6
      vertex 2.32043 23.0353 7.6
    endloop
  endfacet
  facet normal 0 0 -1
    outer loop
      vertex 2.32043 23.0353 7.6
      vertex 2.3 22.88 7.6
      vertex 2.30513 22.9583 7.6
    endloop
  endfacet
  facet normal 0.194891 -0.980825 0
    outer loop
      vertex 30.5783 2.30513 7.6
      vertex 30.6553 2.32043 10.1
      vertex 30.5783 2.30513 10.1
    endloop
  endfacet
  facet normal 0.194891 -0.980825 0
    outer loop
      vertex 30.6553 2.32043 10.1
      vertex 30.5783 2.30513 7.6
      vertex 30.6553 2.32043 7.6
    endloop
  endfacet
  facet normal 0.194891 -0.980825 0
    outer loop
      vertex 30.5783 2.30513 11.3
      vertex 30.6553 2.32043 12.6
      vertex 30.5783 2.30513 12.6
    endloop
  endfacet
  facet normal 0.194891 -0.980825 0
    outer loop
      vertex 30.6553 2.32043 12.6
      vertex 30.5783 2.30513 11.3
      vertex 30.6553 2.32043 11.3
    endloop
  endfacet
  facet normal 0.321074 -0.947054 0
    outer loop
      vertex 30.6553 2.32043 10.1
      vertex 30.6553 2.32043 7.6
      vertex 30.6676 2.3246 10.1
    endloop
  endfacet
  facet normal 0.321074 -0.947054 0
    outer loop
      vertex 30.6676 2.3246 11.3
      vertex 30.6553 2.32043 12.6
      vertex 30.6553 2.32043 11.3
    endloop
  endfacet
  facet normal 0.321651 -0.946858 6.08758e-06
    outer loop
      vertex 30.6553 2.32043 12.6
      vertex 30.6676 2.3246 11.3
      vertex 30.7296 2.34567 12.6
    endloop
  endfacet
  facet normal 0.321766 -0.946819 0
    outer loop
      vertex 30.6676 2.3246 10.1
      vertex 30.7296 2.34567 12.6
      vertex 30.6676 2.3246 11.3
    endloop
  endfacet
  facet normal 0.321651 -0.946858 -3.16554e-06
    outer loop
      vertex 30.7296 2.34567 7.6
      vertex 30.6676 2.3246 10.1
      vertex 30.6553 2.32043 7.6
    endloop
  endfacet
  facet normal 0.321766 -0.946819 0
    outer loop
      vertex 30.6676 2.3246 10.1
      vertex 30.7296 2.34567 7.6
      vertex 30.7296 2.34567 12.6
    endloop
  endfacet
  facet normal 0.442212 -0.89691 0
    outer loop
      vertex 30.7296 2.34567 7.6
      vertex 30.8 2.38038 12.6
      vertex 30.7296 2.34567 12.6
    endloop
  endfacet
  facet normal 0.442212 -0.89691 0
    outer loop
      vertex 30.8 2.38038 12.6
      vertex 30.7296 2.34567 7.6
      vertex 30.8 2.38038 7.6
    endloop
  endfacet
  facet normal 0.555877 -0.831265 5.72745e-06
    outer loop
      vertex 30.8 2.38038 12.6
      vertex 30.8598 2.42036 11.3
      vertex 30.8652 2.42398 12.6
    endloop
  endfacet
  facet normal 0.55579 -0.831322 0
    outer loop
      vertex 30.8 2.38038 12.6
      vertex 30.8598 2.42036 10.1
      vertex 30.8598 2.42036 11.3
    endloop
  endfacet
  facet normal 0.55579 -0.831322 0
    outer loop
      vertex 30.8 2.38038 7.6
      vertex 30.8598 2.42036 10.1
      vertex 30.8 2.38038 12.6
    endloop
  endfacet
  facet normal 0.555877 -0.831265 -2.97827e-06
    outer loop
      vertex 30.8652 2.42398 7.6
      vertex 30.8598 2.42036 10.1
      vertex 30.8 2.38038 7.6
    endloop
  endfacet
  facet normal 0.556828 -0.830628 0
    outer loop
      vertex 30.8598 2.42036 10.1
      vertex 30.8652 2.42398 7.6
      vertex 30.8652 2.42398 10.1
    endloop
  endfacet
  facet normal 0.556828 -0.830628 0
    outer loop
      vertex 30.8652 2.42398 12.6
      vertex 30.8598 2.42036 11.3
      vertex 30.8652 2.42398 11.3
    endloop
  endfacet
  facet normal 0.641771 -0.766896 0
    outer loop
      vertex 30.8652 2.42398 10.1
      vertex 30.8652 2.42398 7.6
      vertex 30.8671 2.42557 10.1
    endloop
  endfacet
  facet normal 0.641771 -0.766896 0
    outer loop
      vertex 30.8671 2.42557 11.3
      vertex 30.8652 2.42398 12.6
      vertex 30.8652 2.42398 11.3
    endloop
  endfacet
  facet normal 0.658775 -0.75234 4.26551e-05
    outer loop
      vertex 30.8652 2.42398 12.6
      vertex 30.8671 2.42557 11.3
      vertex 30.9243 2.47573 12.6
    endloop
  endfacet
  facet normal 0.659323 -0.75186 0
    outer loop
      vertex 30.8671 2.42557 10.1
      vertex 30.9243 2.47573 12.6
      vertex 30.8671 2.42557 11.3
    endloop
  endfacet
  facet normal 0.658775 -0.75234 -2.21807e-05
    outer loop
      vertex 30.9243 2.47573 7.6
      vertex 30.8671 2.42557 10.1
      vertex 30.8652 2.42398 7.6
    endloop
  endfacet
  facet normal 0.659323 -0.75186 0
    outer loop
      vertex 30.8671 2.42557 10.1
      vertex 30.9243 2.47573 7.6
      vertex 30.9243 2.47573 12.6
    endloop
  endfacet
  facet normal 0.75044 -0.660938 0
    outer loop
      vertex 30.976 2.53474 12.6
      vertex 30.9712 2.52929 11.3
      vertex 30.976 2.53474 11.3
    endloop
  endfacet
  facet normal 0.752333 -0.658783 0
    outer loop
      vertex 30.9712 2.52929 11.3
      vertex 30.9243 2.47573 12.6
      vertex 30.9712 2.52929 10.1
    endloop
  endfacet
  facet normal 0.752158 -0.658983 -1.45406e-05
    outer loop
      vertex 30.9243 2.47573 12.6
      vertex 30.9712 2.52929 11.3
      vertex 30.976 2.53474 12.6
    endloop
  endfacet
  facet normal 0.75044 -0.660938 0
    outer loop
      vertex 30.9712 2.52929 10.1
      vertex 30.976 2.53474 7.6
      vertex 30.976 2.53474 10.1
    endloop
  endfacet
  facet normal 0.752333 -0.658783 0
    outer loop
      vertex 30.9243 2.47573 7.6
      vertex 30.9712 2.52929 10.1
      vertex 30.9243 2.47573 12.6
    endloop
  endfacet
  facet normal 0.752158 -0.658983 7.56109e-06
    outer loop
      vertex 30.9712 2.52929 10.1
      vertex 30.9243 2.47573 7.6
      vertex 30.976 2.53474 7.6
    endloop
  endfacet
  facet normal 0.831422 -0.555641 0
    outer loop
      vertex 31.0196 2.59999 12.6
      vertex 31.0087 2.58368 11.3
      vertex 31.0196 2.59999 7.6
    endloop
  endfacet
  facet normal 0.831462 -0.555582 -1.06843e-06
    outer loop
      vertex 30.976 2.53474 12.6
      vertex 31.0087 2.58368 11.3
      vertex 31.0196 2.59999 12.6
    endloop
  endfacet
  facet normal 0.831475 -0.555562 0
    outer loop
      vertex 31.0087 2.58368 11.3
      vertex 30.976 2.53474 12.6
      vertex 30.976 2.53474 11.3
    endloop
  endfacet
  facet normal 0.831422 -0.555641 0
    outer loop
      vertex 31.0087 2.58368 10.1
      vertex 31.0196 2.59999 7.6
      vertex 31.0087 2.58368 11.3
    endloop
  endfacet
  facet normal 0.831475 -0.555562 7.4075e-07
    outer loop
      vertex 30.976 2.53474 10.1
      vertex 31.0196 2.59999 7.6
      vertex 31.0087 2.58368 10.1
    endloop
  endfacet
  facet normal 0.831462 -0.555582 0
    outer loop
      vertex 31.0196 2.59999 7.6
      vertex 30.976 2.53474 10.1
      vertex 30.976 2.53474 7.6
    endloop
  endfacet
  facet normal 0.896936 -0.44216 0
    outer loop
      vertex 31.0196 2.59999 12.6
      vertex 31.0543 2.67038 7.6
      vertex 31.0543 2.67038 12.6
    endloop
  endfacet
  facet normal 0.896936 -0.44216 0
    outer loop
      vertex 31.0543 2.67038 7.6
      vertex 31.0196 2.59999 12.6
      vertex 31.0196 2.59999 7.6
    endloop
  endfacet
  facet normal 0.94704 -0.321117 0
    outer loop
      vertex 31.0543 2.67038 12.6
      vertex 31.0795 2.7447 7.6
      vertex 31.0795 2.7447 12.6
    endloop
  endfacet
  facet normal 0.94704 -0.321117 0
    outer loop
      vertex 31.0795 2.7447 7.6
      vertex 31.0543 2.67038 12.6
      vertex 31.0543 2.67038 7.6
    endloop
  endfacet
  facet normal 0.980571 -0.196165 0
    outer loop
      vertex 31.0795 2.7447 12.6
      vertex 31.0949 2.82168 7.6
      vertex 31.0949 2.82168 12.6
    endloop
  endfacet
  facet normal 0.980571 -0.196165 0
    outer loop
      vertex 31.0949 2.82168 7.6
      vertex 31.0795 2.7447 12.6
      vertex 31.0795 2.7447 7.6
    endloop
  endfacet
  facet normal 0.997886 -0.0649881 0
    outer loop
      vertex 31.0949 2.82168 12.6
      vertex 31.1 2.89999 7.6
      vertex 31.1 2.89999 12.6
    endloop
  endfacet
  facet normal 0.997886 -0.0649881 0
    outer loop
      vertex 31.1 2.89999 7.6
      vertex 31.0949 2.82168 12.6
      vertex 31.0949 2.82168 7.6
    endloop
  endfacet
  facet normal 1 -0 0
    outer loop
      vertex 31.1 2.89999 12.6
      vertex 31.1 22.88 7.6
      vertex 31.1 22.88 12.6
    endloop
  endfacet
  facet normal 1 0 0
    outer loop
      vertex 31.1 22.88 7.6
      vertex 31.1 2.89999 12.6
      vertex 31.1 2.89999 7.6
    endloop
  endfacet
  facet normal 0.997886 0.0649964 0
    outer loop
      vertex 31.1 22.88 12.6
      vertex 31.0949 22.9583 7.6
      vertex 31.0949 22.9583 12.6
    endloop
  endfacet
  facet normal 0.997886 0.0649964 0
    outer loop
      vertex 31.0949 22.9583 7.6
      vertex 31.1 22.88 12.6
      vertex 31.1 22.88 7.6
    endloop
  endfacet
  facet normal 0.980581 0.196116 0
    outer loop
      vertex 31.0949 22.9583 12.6
      vertex 31.0795 23.0353 11.3
      vertex 31.0795 23.0353 12.6
    endloop
  endfacet
  facet normal 0.980581 0.196116 0
    outer loop
      vertex 31.0795 23.0353 11.3
      vertex 31.0949 22.9583 12.6
      vertex 31.0795 23.0353 10.1
    endloop
  endfacet
  facet normal 0.980581 0.196116 -0
    outer loop
      vertex 31.0949 22.9583 7.6
      vertex 31.0795 23.0353 10.1
      vertex 31.0949 22.9583 12.6
    endloop
  endfacet
  facet normal 0.980581 0.196116 0
    outer loop
      vertex 31.0795 23.0353 10.1
      vertex 31.0949 22.9583 7.6
      vertex 31.0795 23.0353 7.6
    endloop
  endfacet
  facet normal 0.946859 0.321648 -0
    outer loop
      vertex 31.0792 23.0363 10.1
      vertex 31.0543 23.1096 12.6
      vertex 31.0792 23.0363 11.3
    endloop
  endfacet
  facet normal 0.947013 0.321194 2.8531e-05
    outer loop
      vertex 31.0795 23.0353 12.6
      vertex 31.0792 23.0363 11.3
      vertex 31.0543 23.1096 12.6
    endloop
  endfacet
  facet normal 0.957826 0.287348 0
    outer loop
      vertex 31.0792 23.0363 11.3
      vertex 31.0795 23.0353 12.6
      vertex 31.0795 23.0353 11.3
    endloop
  endfacet
  facet normal 0.946859 0.321648 0
    outer loop
      vertex 31.0543 23.1096 12.6
      vertex 31.0792 23.0363 10.1
      vertex 31.0543 23.1096 7.6
    endloop
  endfacet
  facet normal 0.957826 0.287348 -0
    outer loop
      vertex 31.0795 23.0353 7.6
      vertex 31.0792 23.0363 10.1
      vertex 31.0795 23.0353 10.1
    endloop
  endfacet
  facet normal 0.947013 0.321194 -1.48361e-05
    outer loop
      vertex 31.0792 23.0363 10.1
      vertex 31.0795 23.0353 7.6
      vertex 31.0543 23.1096 7.6
    endloop
  endfacet
  facet normal 0.896961 0.44211 0
    outer loop
      vertex 31.0543 23.1096 12.6
      vertex 31.0196 23.18 7.6
      vertex 31.0196 23.18 12.6
    endloop
  endfacet
  facet normal 0.896961 0.44211 0
    outer loop
      vertex 31.0196 23.18 7.6
      vertex 31.0543 23.1096 12.6
      vertex 31.0543 23.1096 7.6
    endloop
  endfacet
  facet normal 0.83205 0.5547 0
    outer loop
      vertex 30.976 23.2453 12.6
      vertex 31.0014 23.2072 11.3
      vertex 30.976 23.2453 11.3
    endloop
  endfacet
  facet normal 0.831109 0.55611 0
    outer loop
      vertex 31.0014 23.2072 11.3
      vertex 31.0196 23.18 12.6
      vertex 31.0014 23.2072 10.1
    endloop
  endfacet
  facet normal 0.831658 0.555288 -2.48841e-05
    outer loop
      vertex 31.0196 23.18 12.6
      vertex 31.0014 23.2072 11.3
      vertex 30.976 23.2453 12.6
    endloop
  endfacet
  facet normal 0.83205 0.5547 0
    outer loop
      vertex 31.0014 23.2072 10.1
      vertex 30.976 23.2453 7.6
      vertex 30.976 23.2453 10.1
    endloop
  endfacet
  facet normal 0.831658 0.555288 1.29397e-05
    outer loop
      vertex 31.0014 23.2072 10.1
      vertex 31.0196 23.18 7.6
      vertex 30.976 23.2453 7.6
    endloop
  endfacet
  facet normal 0.831109 0.55611 -0
    outer loop
      vertex 31.0196 23.18 7.6
      vertex 31.0014 23.2072 10.1
      vertex 31.0196 23.18 12.6
    endloop
  endfacet
  facet normal 0.753082 0.657927 -0
    outer loop
      vertex 30.9485 23.2766 10.1
      vertex 30.9243 23.3043 12.6
      vertex 30.9485 23.2766 11.3
    endloop
  endfacet
  facet normal 0.752103 0.659046 -4.20668e-05
    outer loop
      vertex 30.976 23.2453 12.6
      vertex 30.9485 23.2766 11.3
      vertex 30.9243 23.3043 12.6
    endloop
  endfacet
  facet normal 0.751237 0.660033 0
    outer loop
      vertex 30.9485 23.2766 11.3
      vertex 30.976 23.2453 12.6
      vertex 30.976 23.2453 11.3
    endloop
  endfacet
  facet normal 0.753082 0.657927 0
    outer loop
      vertex 30.9243 23.3043 12.6
      vertex 30.9485 23.2766 10.1
      vertex 30.9243 23.3043 7.6
    endloop
  endfacet
  facet normal 0.751237 0.660033 -0
    outer loop
      vertex 30.976 23.2453 7.6
      vertex 30.9485 23.2766 10.1
      vertex 30.976 23.2453 10.1
    endloop
  endfacet
  facet normal 0.752103 0.659046 2.18747e-05
    outer loop
      vertex 30.9485 23.2766 10.1
      vertex 30.976 23.2453 7.6
      vertex 30.9243 23.3043 7.6
    endloop
  endfacet
  facet normal 0.658414 0.752656 -0
    outer loop
      vertex 30.9243 23.3043 7.6
      vertex 30.8652 23.356 12.6
      vertex 30.9243 23.3043 12.6
    endloop
  endfacet
  facet normal 0.658414 0.752656 0
    outer loop
      vertex 30.8652 23.356 12.6
      vertex 30.9243 23.3043 7.6
      vertex 30.8652 23.356 7.6
    endloop
  endfacet
  facet normal 0.555877 0.831265 -0
    outer loop
      vertex 30.8652 23.356 7.6
      vertex 30.8 23.3996 12.6
      vertex 30.8652 23.356 12.6
    endloop
  endfacet
  facet normal 0.555877 0.831265 0
    outer loop
      vertex 30.8 23.3996 12.6
      vertex 30.8652 23.356 7.6
      vertex 30.8 23.3996 7.6
    endloop
  endfacet
  facet normal 0.44211 0.896961 -0
    outer loop
      vertex 30.8 23.3996 7.6
      vertex 30.7296 23.4343 12.6
      vertex 30.8 23.3996 12.6
    endloop
  endfacet
  facet normal 0.44211 0.896961 0
    outer loop
      vertex 30.7296 23.4343 12.6
      vertex 30.8 23.3996 7.6
      vertex 30.7296 23.4343 7.6
    endloop
  endfacet
  facet normal 0.321194 0.947013 -0
    outer loop
      vertex 30.7296 23.4343 7.6
      vertex 30.6553 23.4595 12.6
      vertex 30.7296 23.4343 12.6
    endloop
  endfacet
  facet normal 0.321194 0.947013 0
    outer loop
      vertex 30.6553 23.4595 12.6
      vertex 30.7296 23.4343 7.6
      vertex 30.6553 23.4595 7.6
    endloop
  endfacet
  facet normal 0.196116 0.980581 -1.50859e-05
    outer loop
      vertex 30.6553 23.4595 12.6
      vertex 30.6322 23.4641 11.3
      vertex 30.5783 23.4749 12.6
    endloop
  endfacet
  facet normal 0.1953 0.980744 0
    outer loop
      vertex 30.6553 23.4595 12.6
      vertex 30.6322 23.4641 10.1
      vertex 30.6322 23.4641 11.3
    endloop
  endfacet
  facet normal 0.1953 0.980744 -0
    outer loop
      vertex 30.6553 23.4595 7.6
      vertex 30.6322 23.4641 10.1
      vertex 30.6553 23.4595 12.6
    endloop
  endfacet
  facet normal 0.196466 0.980511 1.12058e-05
    outer loop
      vertex 30.6553 23.4595 7.6
      vertex 30.5783 23.4749 10.1
      vertex 30.6322 23.4641 10.1
    endloop
  endfacet
  facet normal 0.196116 0.980581 0
    outer loop
      vertex 30.5783 23.4749 10.1
      vertex 30.6553 23.4595 7.6
      vertex 30.5783 23.4749 7.6
    endloop
  endfacet
  facet normal 0.196466 0.980511 0
    outer loop
      vertex 30.5783 23.4749 12.6
      vertex 30.6322 23.4641 11.3
      vertex 30.5783 23.4749 11.3
    endloop
  endfacet
  facet normal 0.0649035 0.997892 0
    outer loop
      vertex 30.5783 23.4749 10.1
      vertex 30.5783 23.4749 7.6
      vertex 30.5168 23.4789 10.1
    endloop
  endfacet
  facet normal 0.0649035 0.997892 0
    outer loop
      vertex 30.5168 23.4789 11.3
      vertex 30.5783 23.4749 12.6
      vertex 30.5783 23.4749 11.3
    endloop
  endfacet
  facet normal 0.0649964 0.997886 -4.41152e-06
    outer loop
      vertex 30.5783 23.4749 12.6
      vertex 30.5168 23.4789 11.3
      vertex 30.5 23.48 12.6
    endloop
  endfacet
  facet normal 0.0653363 0.997863 -0
    outer loop
      vertex 30.5168 23.4789 10.1
      vertex 30.5 23.48 12.6
      vertex 30.5168 23.4789 11.3
    endloop
  endfacet
  facet normal 0.0653363 0.997863 0
    outer loop
      vertex 30.5168 23.4789 10.1
      vertex 30.5 23.48 7.6
      vertex 30.5 23.48 12.6
    endloop
  endfacet
  facet normal 0.0649964 0.997886 2.29399e-06
    outer loop
      vertex 30.5 23.48 7.6
      vertex 30.5168 23.4789 10.1
      vertex 30.5783 23.4749 7.6
    endloop
  endfacet
  facet normal 0 1 -0
    outer loop
      vertex 30.5 23.48 7.6
      vertex 2.89999 23.48 12.6
      vertex 30.5 23.48 12.6
    endloop
  endfacet
  facet normal 0 1 0
    outer loop
      vertex 2.89999 23.48 12.6
      vertex 30.5 23.48 7.6
      vertex 2.89999 23.48 7.6
    endloop
  endfacet
  facet normal -0.0649881 0.997886 -1.90651e-05
    outer loop
      vertex 2.89999 23.48 12.6
      vertex 2.88041 23.4787 11.3
      vertex 2.82168 23.4749 12.6
    endloop
  endfacet
  facet normal -0.0662484 0.997803 0
    outer loop
      vertex 2.89999 23.48 12.6
      vertex 2.88041 23.4787 10.1
      vertex 2.88041 23.4787 11.3
    endloop
  endfacet
  facet normal -0.0662484 0.997803 0
    outer loop
      vertex 2.89999 23.48 7.6
      vertex 2.88041 23.4787 10.1
      vertex 2.89999 23.48 12.6
    endloop
  endfacet
  facet normal -0.0645679 0.997913 1.32194e-05
    outer loop
      vertex 2.89999 23.48 7.6
      vertex 2.82168 23.4749 10.1
      vertex 2.88041 23.4787 10.1
    endloop
  endfacet
  facet normal -0.0649881 0.997886 0
    outer loop
      vertex 2.82168 23.4749 10.1
      vertex 2.89999 23.48 7.6
      vertex 2.82168 23.4749 7.6
    endloop
  endfacet
  facet normal -0.0645679 0.997913 0
    outer loop
      vertex 2.82168 23.4749 12.6
      vertex 2.88041 23.4787 11.3
      vertex 2.82168 23.4749 11.3
    endloop
  endfacet
  facet normal -0.195365 0.980731 0
    outer loop
      vertex 2.82168 23.4749 10.1
      vertex 2.82168 23.4749 7.6
      vertex 2.76395 23.4634 10.1
    endloop
  endfacet
  facet normal -0.195365 0.980731 0
    outer loop
      vertex 2.76395 23.4634 11.3
      vertex 2.82168 23.4749 12.6
      vertex 2.82168 23.4749 11.3
    endloop
  endfacet
  facet normal -0.196165 0.980571 3.69598e-05
    outer loop
      vertex 2.82168 23.4749 12.6
      vertex 2.76395 23.4634 11.3
      vertex 2.7447 23.4595 12.6
    endloop
  endfacet
  facet normal -0.198563 0.980088 0
    outer loop
      vertex 2.76395 23.4634 10.1
      vertex 2.7447 23.4595 12.6
      vertex 2.76395 23.4634 11.3
    endloop
  endfacet
  facet normal -0.198563 0.980088 0
    outer loop
      vertex 2.76395 23.4634 10.1
      vertex 2.7447 23.4595 7.6
      vertex 2.7447 23.4595 12.6
    endloop
  endfacet
  facet normal -0.196165 0.980571 -1.92191e-05
    outer loop
      vertex 2.7447 23.4595 7.6
      vertex 2.76395 23.4634 10.1
      vertex 2.82168 23.4749 7.6
    endloop
  endfacet
  facet normal -0.321117 0.94704 0
    outer loop
      vertex 2.7447 23.4595 7.6
      vertex 2.67038 23.4343 12.6
      vertex 2.7447 23.4595 12.6
    endloop
  endfacet
  facet normal -0.321117 0.94704 0
    outer loop
      vertex 2.67038 23.4343 12.6
      vertex 2.7447 23.4595 7.6
      vertex 2.67038 23.4343 7.6
    endloop
  endfacet
  facet normal -0.44216 0.896936 0
    outer loop
      vertex 2.67038 23.4343 7.6
      vertex 2.59999 23.3996 12.6
      vertex 2.67038 23.4343 12.6
    endloop
  endfacet
  facet normal -0.44216 0.896936 0
    outer loop
      vertex 2.59999 23.3996 12.6
      vertex 2.67038 23.4343 7.6
      vertex 2.59999 23.3996 7.6
    endloop
  endfacet
  facet normal -0.555582 0.831462 0
    outer loop
      vertex 2.59999 23.3996 7.6
      vertex 2.53474 23.356 12.6
      vertex 2.59999 23.3996 12.6
    endloop
  endfacet
  facet normal -0.555582 0.831462 0
    outer loop
      vertex 2.53474 23.356 12.6
      vertex 2.59999 23.3996 7.6
      vertex 2.53474 23.356 7.6
    endloop
  endfacet
  facet normal -0.658983 0.752158 0
    outer loop
      vertex 2.53474 23.356 7.6
      vertex 2.47573 23.3043 12.6
      vertex 2.53474 23.356 12.6
    endloop
  endfacet
  facet normal -0.658983 0.752158 0
    outer loop
      vertex 2.47573 23.3043 12.6
      vertex 2.53474 23.356 7.6
      vertex 2.47573 23.3043 7.6
    endloop
  endfacet
  facet normal -0.75186 0.659323 0
    outer loop
      vertex 2.47573 23.3043 7.6
      vertex 2.42557 23.2471 10.1
      vertex 2.47573 23.3043 12.6
    endloop
  endfacet
  facet normal -0.751787 0.659406 3.36393e-06
    outer loop
      vertex 2.42398 23.2453 7.6
      vertex 2.42557 23.2471 10.1
      vertex 2.47573 23.3043 7.6
    endloop
  endfacet
  facet normal -0.749473 0.662035 0
    outer loop
      vertex 2.42557 23.2471 10.1
      vertex 2.42398 23.2453 7.6
      vertex 2.42398 23.2453 10.1
    endloop
  endfacet
  facet normal -0.75186 0.659323 0
    outer loop
      vertex 2.42557 23.2471 11.3
      vertex 2.47573 23.3043 12.6
      vertex 2.42557 23.2471 10.1
    endloop
  endfacet
  facet normal -0.749473 0.662035 0
    outer loop
      vertex 2.42398 23.2453 12.6
      vertex 2.42557 23.2471 11.3
      vertex 2.42398 23.2453 11.3
    endloop
  endfacet
  facet normal -0.751787 0.659406 -6.46909e-06
    outer loop
      vertex 2.42557 23.2471 11.3
      vertex 2.42398 23.2453 12.6
      vertex 2.47573 23.3043 12.6
    endloop
  endfacet
  facet normal -0.835307 0.549784 0
    outer loop
      vertex 2.42398 23.2453 7.6
      vertex 2.42036 23.2398 10.1
      vertex 2.42398 23.2453 10.1
    endloop
  endfacet
  facet normal -0.831322 0.55579 0
    outer loop
      vertex 2.38038 23.18 12.6
      vertex 2.42036 23.2398 10.1
      vertex 2.38038 23.18 7.6
    endloop
  endfacet
  facet normal -0.831658 0.555288 1.73922e-05
    outer loop
      vertex 2.38038 23.18 7.6
      vertex 2.42036 23.2398 10.1
      vertex 2.42398 23.2453 7.6
    endloop
  endfacet
  facet normal -0.835307 0.549784 0
    outer loop
      vertex 2.42036 23.2398 11.3
      vertex 2.42398 23.2453 12.6
      vertex 2.42398 23.2453 11.3
    endloop
  endfacet
  facet normal -0.831322 0.55579 0
    outer loop
      vertex 2.42036 23.2398 10.1
      vertex 2.38038 23.18 12.6
      vertex 2.42036 23.2398 11.3
    endloop
  endfacet
  facet normal -0.831658 0.555288 -3.34466e-05
    outer loop
      vertex 2.42036 23.2398 11.3
      vertex 2.38038 23.18 12.6
      vertex 2.42398 23.2453 12.6
    endloop
  endfacet
  facet normal -0.89691 0.442212 0
    outer loop
      vertex 2.34567 23.1096 7.6
      vertex 2.38038 23.18 12.6
      vertex 2.38038 23.18 7.6
    endloop
  endfacet
  facet normal -0.89691 0.442212 0
    outer loop
      vertex 2.38038 23.18 12.6
      vertex 2.34567 23.1096 7.6
      vertex 2.34567 23.1096 12.6
    endloop
  endfacet
  facet normal -0.946848 0.321683 0
    outer loop
      vertex 2.34567 23.1096 7.6
      vertex 2.32994 23.0633 10.1
      vertex 2.34567 23.1096 12.6
    endloop
  endfacet
  facet normal -0.946858 0.321651 -6.47381e-07
    outer loop
      vertex 2.32043 23.0353 7.6
      vertex 2.32994 23.0633 10.1
      vertex 2.34567 23.1096 7.6
    endloop
  endfacet
  facet normal -0.946876 0.3216 0
    outer loop
      vertex 2.32994 23.0633 10.1
      vertex 2.32043 23.0353 7.6
      vertex 2.32043 23.0353 10.1
    endloop
  endfacet
  facet normal -0.946848 0.321683 0
    outer loop
      vertex 2.32994 23.0633 11.3
      vertex 2.34567 23.1096 12.6
      vertex 2.32994 23.0633 10.1
    endloop
  endfacet
  facet normal -0.946876 0.3216 0
    outer loop
      vertex 2.32043 23.0353 12.6
      vertex 2.32994 23.0633 11.3
      vertex 2.32043 23.0353 11.3
    endloop
  endfacet
  facet normal -0.946858 0.321651 1.24496e-06
    outer loop
      vertex 2.32994 23.0633 11.3
      vertex 2.32043 23.0353 12.6
      vertex 2.34567 23.1096 12.6
    endloop
  endfacet
  facet normal -0.980825 0.194891 0
    outer loop
      vertex 2.30513 22.9583 7.6
      vertex 2.32043 23.0353 10.1
      vertex 2.32043 23.0353 7.6
    endloop
  endfacet
  facet normal -0.980825 0.194891 0
    outer loop
      vertex 2.32043 23.0353 10.1
      vertex 2.30513 22.9583 7.6
      vertex 2.30513 22.9583 10.1
    endloop
  endfacet
  facet normal -0.980825 0.194891 0
    outer loop
      vertex 2.30513 22.9583 11.3
      vertex 2.32043 23.0353 12.6
      vertex 2.32043 23.0353 11.3
    endloop
  endfacet
  facet normal -0.980825 0.194891 0
    outer loop
      vertex 2.32043 23.0353 12.6
      vertex 2.30513 22.9583 11.3
      vertex 2.30513 22.9583 12.6
    endloop
  endfacet
  facet normal -0.997857 0.0654332 0
    outer loop
      vertex 2.30513 22.9583 7.6
      vertex 2.30393 22.94 10.1
      vertex 2.30513 22.9583 10.1
    endloop
  endfacet
  facet normal -0.997862 0.0653599 0
    outer loop
      vertex 2.3 22.88 12.6
      vertex 2.30393 22.94 10.1
      vertex 2.3 22.88 7.6
    endloop
  endfacet
  facet normal -0.997861 0.0653771 -4.12908e-07
    outer loop
      vertex 2.3 22.88 7.6
      vertex 2.30393 22.94 10.1
      vertex 2.30513 22.9583 7.6
    endloop
  endfacet
  facet normal -0.997857 0.0654332 0
    outer loop
      vertex 2.30393 22.94 11.3
      vertex 2.30513 22.9583 12.6
      vertex 2.30513 22.9583 11.3
    endloop
  endfacet
  facet normal -0.997862 0.0653599 0
    outer loop
      vertex 2.30393 22.94 10.1
      vertex 2.3 22.88 12.6
      vertex 2.30393 22.94 11.3
    endloop
  endfacet
  facet normal -0.997861 0.0653771 7.94054e-07
    outer loop
      vertex 2.30393 22.94 11.3
      vertex 2.3 22.88 12.6
      vertex 2.30513 22.9583 12.6
    endloop
  endfacet
  facet normal -1 0 0
    outer loop
      vertex 2.3 2.89999 7.6
      vertex 2.3 22.88 12.6
      vertex 2.3 22.88 7.6
    endloop
  endfacet
  facet normal -1 -0 0
    outer loop
      vertex 2.3 22.88 12.6
      vertex 2.3 2.89999 7.6
      vertex 2.3 2.89999 12.6
    endloop
  endfacet
  facet normal -0.997869 -0.0652478 0
    outer loop
      vertex 2.3 2.89999 7.6
      vertex 2.30402 2.83851 10.1
      vertex 2.3 2.89999 12.6
    endloop
  endfacet
  facet normal -0.997861 -0.0653688 -2.98785e-06
    outer loop
      vertex 2.30513 2.82168 7.6
      vertex 2.30402 2.83851 10.1
      vertex 2.3 2.89999 7.6
    endloop
  endfacet
  facet normal -0.997832 -0.0658107 0
    outer loop
      vertex 2.30402 2.83851 10.1
      vertex 2.30513 2.82168 7.6
      vertex 2.30513 2.82168 10.1
    endloop
  endfacet
  facet normal -0.997869 -0.0652478 -0
    outer loop
      vertex 2.30402 2.83851 11.3
      vertex 2.3 2.89999 12.6
      vertex 2.30402 2.83851 10.1
    endloop
  endfacet
  facet normal -0.997832 -0.0658107 -0
    outer loop
      vertex 2.30513 2.82168 12.6
      vertex 2.30402 2.83851 11.3
      vertex 2.30513 2.82168 11.3
    endloop
  endfacet
  facet normal -0.997861 -0.0653688 5.74586e-06
    outer loop
      vertex 2.30402 2.83851 11.3
      vertex 2.30513 2.82168 12.6
      vertex 2.3 2.89999 12.6
    endloop
  endfacet
  facet normal -0.980815 -0.19494 0
    outer loop
      vertex 2.32043 2.7447 7.6
      vertex 2.30513 2.82168 10.1
      vertex 2.30513 2.82168 7.6
    endloop
  endfacet
  facet normal -0.980815 -0.19494 0
    outer loop
      vertex 2.30513 2.82168 10.1
      vertex 2.32043 2.7447 7.6
      vertex 2.32043 2.7447 10.1
    endloop
  endfacet
  facet normal -0.980815 -0.19494 0
    outer loop
      vertex 2.32043 2.7447 11.3
      vertex 2.30513 2.82168 12.6
      vertex 2.30513 2.82168 11.3
    endloop
  endfacet
  facet normal -0.980815 -0.19494 0
    outer loop
      vertex 2.30513 2.82168 12.6
      vertex 2.32043 2.7447 11.3
      vertex 2.32043 2.7447 12.6
    endloop
  endfacet
  facet normal -0.946919 -0.321473 0
    outer loop
      vertex 2.32043 2.7447 7.6
      vertex 2.32888 2.71981 10.1
      vertex 2.32043 2.7447 10.1
    endloop
  endfacet
  facet normal -0.946867 -0.321625 -0
    outer loop
      vertex 2.34567 2.67038 12.6
      vertex 2.32888 2.71981 10.1
      vertex 2.34567 2.67038 7.6
    endloop
  endfacet
  facet normal -0.946885 -0.321574 -1.11914e-06
    outer loop
      vertex 2.34567 2.67038 7.6
      vertex 2.32888 2.71981 10.1
      vertex 2.32043 2.7447 7.6
    endloop
  endfacet
  facet normal -0.946919 -0.321473 0
    outer loop
      vertex 2.32888 2.71981 11.3
      vertex 2.32043 2.7447 12.6
      vertex 2.32043 2.7447 11.3
    endloop
  endfacet
  facet normal -0.946885 -0.321574 2.15219e-06
    outer loop
      vertex 2.32888 2.71981 11.3
      vertex 2.34567 2.67038 12.6
      vertex 2.32043 2.7447 12.6
    endloop
  endfacet
  facet normal -0.946867 -0.321625 0
    outer loop
      vertex 2.32888 2.71981 10.1
      vertex 2.34567 2.67038 12.6
      vertex 2.32888 2.71981 11.3
    endloop
  endfacet
  facet normal -0.896885 -0.442263 0
    outer loop
      vertex 2.38038 2.59999 7.6
      vertex 2.34567 2.67038 12.6
      vertex 2.34567 2.67038 7.6
    endloop
  endfacet
  facet normal -0.896885 -0.442263 0
    outer loop
      vertex 2.34567 2.67038 12.6
      vertex 2.38038 2.59999 7.6
      vertex 2.38038 2.59999 12.6
    endloop
  endfacet
  facet normal -0.831462 -0.555582 0
    outer loop
      vertex 2.42398 2.53474 7.6
      vertex 2.38038 2.59999 12.6
      vertex 2.38038 2.59999 7.6
    endloop
  endfacet
  facet normal -0.831462 -0.555582 0
    outer loop
      vertex 2.38038 2.59999 12.6
      vertex 2.42398 2.53474 7.6
      vertex 2.42398 2.53474 12.6
    endloop
  endfacet
  facet normal -0.751842 -0.659343 0
    outer loop
      vertex 2.47573 2.47573 7.6
      vertex 2.42398 2.53474 12.6
      vertex 2.42398 2.53474 7.6
    endloop
  endfacet
  facet normal -0.751842 -0.659343 0
    outer loop
      vertex 2.42398 2.53474 12.6
      vertex 2.47573 2.47573 7.6
      vertex 2.47573 2.47573 12.6
    endloop
  endfacet
  facet normal -0.659343 -0.751842 0
    outer loop
      vertex 2.47573 2.47573 7.6
      vertex 2.53474 2.42398 12.6
      vertex 2.47573 2.47573 12.6
    endloop
  endfacet
  facet normal -0.659343 -0.751842 -0
    outer loop
      vertex 2.53474 2.42398 12.6
      vertex 2.47573 2.47573 7.6
      vertex 2.53474 2.42398 7.6
    endloop
  endfacet
  facet normal -0.555582 -0.831462 0
    outer loop
      vertex 2.53474 2.42398 7.6
      vertex 2.59999 2.38038 12.6
      vertex 2.53474 2.42398 12.6
    endloop
  endfacet
  facet normal -0.555582 -0.831462 -0
    outer loop
      vertex 2.59999 2.38038 12.6
      vertex 2.53474 2.42398 7.6
      vertex 2.59999 2.38038 7.6
    endloop
  endfacet
  facet normal -0.442263 -0.896885 0
    outer loop
      vertex 2.59999 2.38038 7.6
      vertex 2.67038 2.34567 12.6
      vertex 2.59999 2.38038 12.6
    endloop
  endfacet
  facet normal -0.442263 -0.896885 -0
    outer loop
      vertex 2.67038 2.34567 12.6
      vertex 2.59999 2.38038 7.6
      vertex 2.67038 2.34567 7.6
    endloop
  endfacet
  facet normal -0.321574 -0.946885 2.15219e-06
    outer loop
      vertex 2.67038 2.34567 12.6
      vertex 2.71981 2.32888 11.3
      vertex 2.7447 2.32043 12.6
    endloop
  endfacet
  facet normal -0.321625 -0.946867 0
    outer loop
      vertex 2.67038 2.34567 12.6
      vertex 2.71981 2.32888 10.1
      vertex 2.71981 2.32888 11.3
    endloop
  endfacet
  facet normal -0.321625 -0.946867 0
    outer loop
      vertex 2.67038 2.34567 7.6
      vertex 2.71981 2.32888 10.1
      vertex 2.67038 2.34567 12.6
    endloop
  endfacet
  facet normal -0.321574 -0.946885 -1.11914e-06
    outer loop
      vertex 2.7447 2.32043 7.6
      vertex 2.71981 2.32888 10.1
      vertex 2.67038 2.34567 7.6
    endloop
  endfacet
  facet normal -0.321473 -0.946919 0
    outer loop
      vertex 2.71981 2.32888 10.1
      vertex 2.7447 2.32043 7.6
      vertex 2.7447 2.32043 10.1
    endloop
  endfacet
  facet normal -0.321473 -0.946919 -0
    outer loop
      vertex 2.7447 2.32043 12.6
      vertex 2.71981 2.32888 11.3
      vertex 2.7447 2.32043 11.3
    endloop
  endfacet
  facet normal -0.19494 -0.980815 0
    outer loop
      vertex 2.7447 2.32043 7.6
      vertex 2.82168 2.30513 10.1
      vertex 2.7447 2.32043 10.1
    endloop
  endfacet
  facet normal -0.19494 -0.980815 -0
    outer loop
      vertex 2.82168 2.30513 10.1
      vertex 2.7447 2.32043 7.6
      vertex 2.82168 2.30513 7.6
    endloop
  endfacet
  facet normal -0.19494 -0.980815 0
    outer loop
      vertex 2.7447 2.32043 11.3
      vertex 2.82168 2.30513 12.6
      vertex 2.7447 2.32043 12.6
    endloop
  endfacet
  facet normal -0.19494 -0.980815 -0
    outer loop
      vertex 2.82168 2.30513 12.6
      vertex 2.7447 2.32043 11.3
      vertex 2.82168 2.30513 11.3
    endloop
  endfacet
  facet normal -0.0658107 -0.997832 -0
    outer loop
      vertex 2.82168 2.30513 10.1
      vertex 2.82168 2.30513 7.6
      vertex 2.83851 2.30402 10.1
    endloop
  endfacet
  facet normal -0.0658107 -0.997832 0
    outer loop
      vertex 2.83851 2.30402 11.3
      vertex 2.82168 2.30513 12.6
      vertex 2.82168 2.30513 11.3
    endloop
  endfacet
  facet normal -0.0653688 -0.997861 5.74586e-06
    outer loop
      vertex 2.82168 2.30513 12.6
      vertex 2.83851 2.30402 11.3
      vertex 2.89999 2.3 12.6
    endloop
  endfacet
  facet normal -0.0652478 -0.997869 0
    outer loop
      vertex 2.83851 2.30402 10.1
      vertex 2.89999 2.3 12.6
      vertex 2.83851 2.30402 11.3
    endloop
  endfacet
  facet normal -0.0653688 -0.997861 -2.98785e-06
    outer loop
      vertex 2.89999 2.3 7.6
      vertex 2.83851 2.30402 10.1
      vertex 2.82168 2.30513 7.6
    endloop
  endfacet
  facet normal -0.0652478 -0.997869 0
    outer loop
      vertex 2.83851 2.30402 10.1
      vertex 2.89999 2.3 7.6
      vertex 2.89999 2.3 12.6
    endloop
  endfacet
  facet normal 0 -1 0
    outer loop
      vertex 2.89999 2.3 7.6
      vertex 30.5 2.3 12.6
      vertex 2.89999 2.3 12.6
    endloop
  endfacet
  facet normal 0 -1 -0
    outer loop
      vertex 30.5 2.3 12.6
      vertex 2.89999 2.3 7.6
      vertex 30.5 2.3 7.6
    endloop
  endfacet
  facet normal 0.0653771 -0.997861 4.49964e-06
    outer loop
      vertex 30.5 2.3 12.6
      vertex 30.5587 2.30384 11.3
      vertex 30.5783 2.30513 12.6
    endloop
  endfacet
  facet normal 0.0652778 -0.997867 0
    outer loop
      vertex 30.5 2.3 12.6
      vertex 30.5587 2.30384 10.1
      vertex 30.5587 2.30384 11.3
    endloop
  endfacet
  facet normal 0.0652778 -0.997867 0
    outer loop
      vertex 30.5 2.3 7.6
      vertex 30.5587 2.30384 10.1
      vertex 30.5 2.3 12.6
    endloop
  endfacet
  facet normal 0.0653771 -0.997861 -2.33981e-06
    outer loop
      vertex 30.5783 2.30513 7.6
      vertex 30.5587 2.30384 10.1
      vertex 30.5 2.3 7.6
    endloop
  endfacet
  facet normal 0.0656742 -0.997841 0
    outer loop
      vertex 30.5587 2.30384 10.1
      vertex 30.5783 2.30513 7.6
      vertex 30.5783 2.30513 10.1
    endloop
  endfacet
  facet normal 0.0656742 -0.997841 0
    outer loop
      vertex 30.5783 2.30513 12.6
      vertex 30.5587 2.30384 11.3
      vertex 30.5783 2.30513 11.3
    endloop
  endfacet
  facet normal 0.0653688 0.997861 -0
    outer loop
      vertex 4.39999 3.8 7.6
      vertex 4.32168 3.80513 12.6
      vertex 4.39999 3.8 12.6
    endloop
  endfacet
  facet normal 0.0653688 0.997861 0
    outer loop
      vertex 4.32168 3.80513 12.6
      vertex 4.39999 3.8 7.6
      vertex 4.32168 3.80513 7.6
    endloop
  endfacet
  facet normal 0.19494 0.980815 -0
    outer loop
      vertex 4.32168 3.80513 7.6
      vertex 4.2447 3.82043 12.6
      vertex 4.32168 3.80513 12.6
    endloop
  endfacet
  facet normal 0.19494 0.980815 0
    outer loop
      vertex 4.2447 3.82043 12.6
      vertex 4.32168 3.80513 7.6
      vertex 4.2447 3.82043 7.6
    endloop
  endfacet
  facet normal 0.321574 0.946885 -0
    outer loop
      vertex 4.2447 3.82043 7.6
      vertex 4.17038 3.84567 12.6
      vertex 4.2447 3.82043 12.6
    endloop
  endfacet
  facet normal 0.321574 0.946885 0
    outer loop
      vertex 4.17038 3.84567 12.6
      vertex 4.2447 3.82043 7.6
      vertex 4.17038 3.84567 7.6
    endloop
  endfacet
  facet normal 0.442263 0.896885 -0
    outer loop
      vertex 4.17038 3.84567 7.6
      vertex 4.09999 3.88038 12.6
      vertex 4.17038 3.84567 12.6
    endloop
  endfacet
  facet normal 0.442263 0.896885 0
    outer loop
      vertex 4.09999 3.88038 12.6
      vertex 4.17038 3.84567 7.6
      vertex 4.09999 3.88038 7.6
    endloop
  endfacet
  facet normal 0.555582 0.831462 -0
    outer loop
      vertex 4.09999 3.88038 7.6
      vertex 4.03474 3.92398 12.6
      vertex 4.09999 3.88038 12.6
    endloop
  endfacet
  facet normal 0.555582 0.831462 0
    outer loop
      vertex 4.03474 3.92398 12.6
      vertex 4.09999 3.88038 7.6
      vertex 4.03474 3.92398 7.6
    endloop
  endfacet
  facet normal 0.659343 0.751842 -0
    outer loop
      vertex 4.03474 3.92398 7.6
      vertex 3.97573 3.97573 12.6
      vertex 4.03474 3.92398 12.6
    endloop
  endfacet
  facet normal 0.659343 0.751842 0
    outer loop
      vertex 3.97573 3.97573 12.6
      vertex 4.03474 3.92398 7.6
      vertex 3.97573 3.97573 7.6
    endloop
  endfacet
  facet normal 0.751842 0.659343 0
    outer loop
      vertex 3.97573 3.97573 12.6
      vertex 3.92398 4.03474 7.6
      vertex 3.92398 4.03474 12.6
    endloop
  endfacet
  facet normal 0.751842 0.659343 0
    outer loop
      vertex 3.92398 4.03474 7.6
      vertex 3.97573 3.97573 12.6
      vertex 3.97573 3.97573 7.6
    endloop
  endfacet
  facet normal 0.831462 0.555582 0
    outer loop
      vertex 3.92398 4.03474 12.6
      vertex 3.88038 4.09999 7.6
      vertex 3.88038 4.09999 12.6
    endloop
  endfacet
  facet normal 0.831462 0.555582 0
    outer loop
      vertex 3.88038 4.09999 7.6
      vertex 3.92398 4.03474 12.6
      vertex 3.92398 4.03474 7.6
    endloop
  endfacet
  facet normal 0.896885 0.442263 0
    outer loop
      vertex 3.88038 4.09999 12.6
      vertex 3.84567 4.17038 7.6
      vertex 3.84567 4.17038 12.6
    endloop
  endfacet
  facet normal 0.896885 0.442263 0
    outer loop
      vertex 3.84567 4.17038 7.6
      vertex 3.88038 4.09999 12.6
      vertex 3.88038 4.09999 7.6
    endloop
  endfacet
  facet normal 0.946885 0.321574 0
    outer loop
      vertex 3.84567 4.17038 12.6
      vertex 3.82043 4.2447 7.6
      vertex 3.82043 4.2447 12.6
    endloop
  endfacet
  facet normal 0.946885 0.321574 0
    outer loop
      vertex 3.82043 4.2447 7.6
      vertex 3.84567 4.17038 12.6
      vertex 3.84567 4.17038 7.6
    endloop
  endfacet
  facet normal 0.980815 0.19494 0
    outer loop
      vertex 3.82043 4.2447 12.6
      vertex 3.80513 4.32168 7.6
      vertex 3.80513 4.32168 12.6
    endloop
  endfacet
  facet normal 0.980815 0.19494 0
    outer loop
      vertex 3.80513 4.32168 7.6
      vertex 3.82043 4.2447 12.6
      vertex 3.82043 4.2447 7.6
    endloop
  endfacet
  facet normal 0.997861 0.0653688 0
    outer loop
      vertex 3.80513 4.32168 12.6
      vertex 3.8 4.39999 7.6
      vertex 3.8 4.39999 12.6
    endloop
  endfacet
  facet normal 0.997861 0.0653688 0
    outer loop
      vertex 3.8 4.39999 7.6
      vertex 3.80513 4.32168 12.6
      vertex 3.80513 4.32168 7.6
    endloop
  endfacet
  facet normal 1 -0 0
    outer loop
      vertex 3.8 4.39999 12.6
      vertex 3.8 21.38 7.6
      vertex 3.8 21.38 12.6
    endloop
  endfacet
  facet normal 1 0 0
    outer loop
      vertex 3.8 21.38 7.6
      vertex 3.8 4.39999 12.6
      vertex 3.8 4.39999 7.6
    endloop
  endfacet
  facet normal 0.997861 -0.0653771 0
    outer loop
      vertex 3.8 21.38 12.6
      vertex 3.80513 21.4583 7.6
      vertex 3.80513 21.4583 12.6
    endloop
  endfacet
  facet normal 0.997861 -0.0653771 0
    outer loop
      vertex 3.80513 21.4583 7.6
      vertex 3.8 21.38 12.6
      vertex 3.8 21.38 7.6
    endloop
  endfacet
  facet normal 0.980825 -0.194891 0
    outer loop
      vertex 3.80513 21.4583 12.6
      vertex 3.82043 21.5353 7.6
      vertex 3.82043 21.5353 12.6
    endloop
  endfacet
  facet normal 0.980825 -0.194891 0
    outer loop
      vertex 3.82043 21.5353 7.6
      vertex 3.80513 21.4583 12.6
      vertex 3.80513 21.4583 7.6
    endloop
  endfacet
  facet normal 0.946858 -0.321651 0
    outer loop
      vertex 3.82043 21.5353 12.6
      vertex 3.84567 21.6096 7.6
      vertex 3.84567 21.6096 12.6
    endloop
  endfacet
  facet normal 0.946858 -0.321651 0
    outer loop
      vertex 3.84567 21.6096 7.6
      vertex 3.82043 21.5353 12.6
      vertex 3.82043 21.5353 7.6
    endloop
  endfacet
  facet normal 0.89691 -0.442212 0
    outer loop
      vertex 3.84567 21.6096 12.6
      vertex 3.88038 21.68 7.6
      vertex 3.88038 21.68 12.6
    endloop
  endfacet
  facet normal 0.89691 -0.442212 0
    outer loop
      vertex 3.88038 21.68 7.6
      vertex 3.84567 21.6096 12.6
      vertex 3.84567 21.6096 7.6
    endloop
  endfacet
  facet normal 0.831658 -0.555288 0
    outer loop
      vertex 3.88038 21.68 12.6
      vertex 3.92398 21.7453 7.6
      vertex 3.92398 21.7453 12.6
    endloop
  endfacet
  facet normal 0.831658 -0.555288 0
    outer loop
      vertex 3.92398 21.7453 7.6
      vertex 3.88038 21.68 12.6
      vertex 3.88038 21.68 7.6
    endloop
  endfacet
  facet normal 0.751787 -0.659406 0
    outer loop
      vertex 3.92398 21.7453 12.6
      vertex 3.97573 21.8043 7.6
      vertex 3.97573 21.8043 12.6
    endloop
  endfacet
  facet normal 0.751787 -0.659406 0
    outer loop
      vertex 3.97573 21.8043 7.6
      vertex 3.92398 21.7453 12.6
      vertex 3.92398 21.7453 7.6
    endloop
  endfacet
  facet normal 0.658983 -0.752158 0
    outer loop
      vertex 3.97573 21.8043 7.6
      vertex 4.03474 21.856 12.6
      vertex 3.97573 21.8043 12.6
    endloop
  endfacet
  facet normal 0.658983 -0.752158 0
    outer loop
      vertex 4.03474 21.856 12.6
      vertex 3.97573 21.8043 7.6
      vertex 4.03474 21.856 7.6
    endloop
  endfacet
  facet normal 0.555582 -0.831462 0
    outer loop
      vertex 4.03474 21.856 7.6
      vertex 4.09999 21.8996 12.6
      vertex 4.03474 21.856 12.6
    endloop
  endfacet
  facet normal 0.555582 -0.831462 0
    outer loop
      vertex 4.09999 21.8996 12.6
      vertex 4.03474 21.856 7.6
      vertex 4.09999 21.8996 7.6
    endloop
  endfacet
  facet normal 0.44216 -0.896936 0
    outer loop
      vertex 4.09999 21.8996 7.6
      vertex 4.17038 21.9343 12.6
      vertex 4.09999 21.8996 12.6
    endloop
  endfacet
  facet normal 0.44216 -0.896936 0
    outer loop
      vertex 4.17038 21.9343 12.6
      vertex 4.09999 21.8996 7.6
      vertex 4.17038 21.9343 7.6
    endloop
  endfacet
  facet normal 0.321117 -0.94704 0
    outer loop
      vertex 4.17038 21.9343 7.6
      vertex 4.2447 21.9595 12.6
      vertex 4.17038 21.9343 12.6
    endloop
  endfacet
  facet normal 0.321117 -0.94704 0
    outer loop
      vertex 4.2447 21.9595 12.6
      vertex 4.17038 21.9343 7.6
      vertex 4.2447 21.9595 7.6
    endloop
  endfacet
  facet normal 0.196165 -0.980571 0
    outer loop
      vertex 4.2447 21.9595 7.6
      vertex 4.32168 21.9749 12.6
      vertex 4.2447 21.9595 12.6
    endloop
  endfacet
  facet normal 0.196165 -0.980571 0
    outer loop
      vertex 4.32168 21.9749 12.6
      vertex 4.2447 21.9595 7.6
      vertex 4.32168 21.9749 7.6
    endloop
  endfacet
  facet normal 0.0649881 -0.997886 0
    outer loop
      vertex 4.32168 21.9749 7.6
      vertex 4.39999 21.98 12.6
      vertex 4.32168 21.9749 12.6
    endloop
  endfacet
  facet normal 0.0649881 -0.997886 0
    outer loop
      vertex 4.39999 21.98 12.6
      vertex 4.32168 21.9749 7.6
      vertex 4.39999 21.98 7.6
    endloop
  endfacet
  facet normal 0 -1 0
    outer loop
      vertex 4.39999 21.98 7.6
      vertex 29 21.98 12.6
      vertex 4.39999 21.98 12.6
    endloop
  endfacet
  facet normal 0 -1 -0
    outer loop
      vertex 29 21.98 12.6
      vertex 4.39999 21.98 7.6
      vertex 29 21.98 7.6
    endloop
  endfacet
  facet normal -0.0649964 -0.997886 0
    outer loop
      vertex 29 21.98 7.6
      vertex 29.0783 21.9749 12.6
      vertex 29 21.98 12.6
    endloop
  endfacet
  facet normal -0.0649964 -0.997886 -0
    outer loop
      vertex 29.0783 21.9749 12.6
      vertex 29 21.98 7.6
      vertex 29.0783 21.9749 7.6
    endloop
  endfacet
  facet normal -0.196116 -0.980581 0
    outer loop
      vertex 29.0783 21.9749 7.6
      vertex 29.1553 21.9595 12.6
      vertex 29.0783 21.9749 12.6
    endloop
  endfacet
  facet normal -0.196116 -0.980581 -0
    outer loop
      vertex 29.1553 21.9595 12.6
      vertex 29.0783 21.9749 7.6
      vertex 29.1553 21.9595 7.6
    endloop
  endfacet
  facet normal -0.321194 -0.947013 0
    outer loop
      vertex 29.1553 21.9595 7.6
      vertex 29.2296 21.9343 12.6
      vertex 29.1553 21.9595 12.6
    endloop
  endfacet
  facet normal -0.321194 -0.947013 -0
    outer loop
      vertex 29.2296 21.9343 12.6
      vertex 29.1553 21.9595 7.6
      vertex 29.2296 21.9343 7.6
    endloop
  endfacet
  facet normal -0.44211 -0.896961 0
    outer loop
      vertex 29.2296 21.9343 7.6
      vertex 29.3 21.8996 12.6
      vertex 29.2296 21.9343 12.6
    endloop
  endfacet
  facet normal -0.44211 -0.896961 -0
    outer loop
      vertex 29.3 21.8996 12.6
      vertex 29.2296 21.9343 7.6
      vertex 29.3 21.8996 7.6
    endloop
  endfacet
  facet normal -0.555877 -0.831265 0
    outer loop
      vertex 29.3 21.8996 7.6
      vertex 29.3652 21.856 12.6
      vertex 29.3 21.8996 12.6
    endloop
  endfacet
  facet normal -0.555877 -0.831265 -0
    outer loop
      vertex 29.3652 21.856 12.6
      vertex 29.3 21.8996 7.6
      vertex 29.3652 21.856 7.6
    endloop
  endfacet
  facet normal -0.658414 -0.752656 0
    outer loop
      vertex 29.3652 21.856 7.6
      vertex 29.4243 21.8043 12.6
      vertex 29.3652 21.856 12.6
    endloop
  endfacet
  facet normal -0.658414 -0.752656 -0
    outer loop
      vertex 29.4243 21.8043 12.6
      vertex 29.3652 21.856 7.6
      vertex 29.4243 21.8043 7.6
    endloop
  endfacet
  facet normal -0.752103 -0.659046 0
    outer loop
      vertex 29.476 21.7453 7.6
      vertex 29.4243 21.8043 12.6
      vertex 29.4243 21.8043 7.6
    endloop
  endfacet
  facet normal -0.752103 -0.659046 0
    outer loop
      vertex 29.4243 21.8043 12.6
      vertex 29.476 21.7453 7.6
      vertex 29.476 21.7453 12.6
    endloop
  endfacet
  facet normal -0.831658 -0.555288 0
    outer loop
      vertex 29.5196 21.68 7.6
      vertex 29.476 21.7453 12.6
      vertex 29.476 21.7453 7.6
    endloop
  endfacet
  facet normal -0.831658 -0.555288 0
    outer loop
      vertex 29.476 21.7453 12.6
      vertex 29.5196 21.68 7.6
      vertex 29.5196 21.68 12.6
    endloop
  endfacet
  facet normal -0.896961 -0.44211 0
    outer loop
      vertex 29.5543 21.6096 7.6
      vertex 29.5196 21.68 12.6
      vertex 29.5196 21.68 7.6
    endloop
  endfacet
  facet normal -0.896961 -0.44211 0
    outer loop
      vertex 29.5196 21.68 12.6
      vertex 29.5543 21.6096 7.6
      vertex 29.5543 21.6096 12.6
    endloop
  endfacet
  facet normal -0.947013 -0.321194 0
    outer loop
      vertex 29.5795 21.5353 7.6
      vertex 29.5543 21.6096 12.6
      vertex 29.5543 21.6096 7.6
    endloop
  endfacet
  facet normal -0.947013 -0.321194 0
    outer loop
      vertex 29.5543 21.6096 12.6
      vertex 29.5795 21.5353 7.6
      vertex 29.5795 21.5353 12.6
    endloop
  endfacet
  facet normal -0.980581 -0.196116 0
    outer loop
      vertex 29.5949 21.4583 7.6
      vertex 29.5795 21.5353 12.6
      vertex 29.5795 21.5353 7.6
    endloop
  endfacet
  facet normal -0.980581 -0.196116 0
    outer loop
      vertex 29.5795 21.5353 12.6
      vertex 29.5949 21.4583 7.6
      vertex 29.5949 21.4583 12.6
    endloop
  endfacet
  facet normal -0.997886 -0.0649964 0
    outer loop
      vertex 29.6 21.38 7.6
      vertex 29.5949 21.4583 12.6
      vertex 29.5949 21.4583 7.6
    endloop
  endfacet
  facet normal -0.997886 -0.0649964 0
    outer loop
      vertex 29.5949 21.4583 12.6
      vertex 29.6 21.38 7.6
      vertex 29.6 21.38 12.6
    endloop
  endfacet
  facet normal -1 0 0
    outer loop
      vertex 29.6 4.39999 7.6
      vertex 29.6 21.38 12.6
      vertex 29.6 21.38 7.6
    endloop
  endfacet
  facet normal -1 -0 0
    outer loop
      vertex 29.6 21.38 12.6
      vertex 29.6 4.39999 7.6
      vertex 29.6 4.39999 12.6
    endloop
  endfacet
  facet normal -0.997886 0.0649881 0
    outer loop
      vertex 29.5949 4.32168 7.6
      vertex 29.6 4.39999 12.6
      vertex 29.6 4.39999 7.6
    endloop
  endfacet
  facet normal -0.997886 0.0649881 0
    outer loop
      vertex 29.6 4.39999 12.6
      vertex 29.5949 4.32168 7.6
      vertex 29.5949 4.32168 12.6
    endloop
  endfacet
  facet normal -0.980571 0.196165 0
    outer loop
      vertex 29.5795 4.2447 7.6
      vertex 29.5949 4.32168 12.6
      vertex 29.5949 4.32168 7.6
    endloop
  endfacet
  facet normal -0.980571 0.196165 0
    outer loop
      vertex 29.5949 4.32168 12.6
      vertex 29.5795 4.2447 7.6
      vertex 29.5795 4.2447 12.6
    endloop
  endfacet
  facet normal -0.94704 0.321117 0
    outer loop
      vertex 29.5543 4.17038 7.6
      vertex 29.5795 4.2447 12.6
      vertex 29.5795 4.2447 7.6
    endloop
  endfacet
  facet normal -0.94704 0.321117 0
    outer loop
      vertex 29.5795 4.2447 12.6
      vertex 29.5543 4.17038 7.6
      vertex 29.5543 4.17038 12.6
    endloop
  endfacet
  facet normal -0.896936 0.44216 0
    outer loop
      vertex 29.5196 4.09999 7.6
      vertex 29.5543 4.17038 12.6
      vertex 29.5543 4.17038 7.6
    endloop
  endfacet
  facet normal -0.896936 0.44216 0
    outer loop
      vertex 29.5543 4.17038 12.6
      vertex 29.5196 4.09999 7.6
      vertex 29.5196 4.09999 12.6
    endloop
  endfacet
  facet normal -0.831462 0.555582 0
    outer loop
      vertex 29.476 4.03474 7.6
      vertex 29.5196 4.09999 12.6
      vertex 29.5196 4.09999 7.6
    endloop
  endfacet
  facet normal -0.831462 0.555582 0
    outer loop
      vertex 29.5196 4.09999 12.6
      vertex 29.476 4.03474 7.6
      vertex 29.476 4.03474 12.6
    endloop
  endfacet
  facet normal -0.752158 0.658983 0
    outer loop
      vertex 29.4243 3.97573 7.6
      vertex 29.476 4.03474 12.6
      vertex 29.476 4.03474 7.6
    endloop
  endfacet
  facet normal -0.752158 0.658983 0
    outer loop
      vertex 29.476 4.03474 12.6
      vertex 29.4243 3.97573 7.6
      vertex 29.4243 3.97573 12.6
    endloop
  endfacet
  facet normal -0.658775 0.75234 0
    outer loop
      vertex 29.4243 3.97573 7.6
      vertex 29.3652 3.92398 12.6
      vertex 29.4243 3.97573 12.6
    endloop
  endfacet
  facet normal -0.658775 0.75234 0
    outer loop
      vertex 29.3652 3.92398 12.6
      vertex 29.4243 3.97573 7.6
      vertex 29.3652 3.92398 7.6
    endloop
  endfacet
  facet normal -0.555877 0.831265 0
    outer loop
      vertex 29.3652 3.92398 7.6
      vertex 29.3 3.88038 12.6
      vertex 29.3652 3.92398 12.6
    endloop
  endfacet
  facet normal -0.555877 0.831265 0
    outer loop
      vertex 29.3 3.88038 12.6
      vertex 29.3652 3.92398 7.6
      vertex 29.3 3.88038 7.6
    endloop
  endfacet
  facet normal -0.442212 0.89691 0
    outer loop
      vertex 29.3 3.88038 7.6
      vertex 29.2296 3.84567 12.6
      vertex 29.3 3.88038 12.6
    endloop
  endfacet
  facet normal -0.442212 0.89691 0
    outer loop
      vertex 29.2296 3.84567 12.6
      vertex 29.3 3.88038 7.6
      vertex 29.2296 3.84567 7.6
    endloop
  endfacet
  facet normal -0.321651 0.946858 0
    outer loop
      vertex 29.2296 3.84567 7.6
      vertex 29.1553 3.82043 12.6
      vertex 29.2296 3.84567 12.6
    endloop
  endfacet
  facet normal -0.321651 0.946858 0
    outer loop
      vertex 29.1553 3.82043 12.6
      vertex 29.2296 3.84567 7.6
      vertex 29.1553 3.82043 7.6
    endloop
  endfacet
  facet normal -0.194891 0.980825 0
    outer loop
      vertex 29.1553 3.82043 7.6
      vertex 29.0783 3.80513 12.6
      vertex 29.1553 3.82043 12.6
    endloop
  endfacet
  facet normal -0.194891 0.980825 0
    outer loop
      vertex 29.0783 3.80513 12.6
      vertex 29.1553 3.82043 7.6
      vertex 29.0783 3.80513 7.6
    endloop
  endfacet
  facet normal -0.0653771 0.997861 0
    outer loop
      vertex 29.0783 3.80513 7.6
      vertex 29 3.8 12.6
      vertex 29.0783 3.80513 12.6
    endloop
  endfacet
  facet normal -0.0653771 0.997861 0
    outer loop
      vertex 29 3.8 12.6
      vertex 29.0783 3.80513 7.6
      vertex 29 3.8 7.6
    endloop
  endfacet
  facet normal 0 1 -0
    outer loop
      vertex 29 3.8 7.6
      vertex 4.39999 3.8 12.6
      vertex 29 3.8 12.6
    endloop
  endfacet
  facet normal 0 1 0
    outer loop
      vertex 4.39999 3.8 12.6
      vertex 29 3.8 7.6
      vertex 4.39999 3.8 7.6
    endloop
  endfacet
  facet normal 0 0 -1
    outer loop
      vertex 31.7 2.29999 10.1
      vertex 31.0949 2.82167 10.1
      vertex 31.1 2.89999 10.1
    endloop
  endfacet
  facet normal 0 0 -1
    outer loop
      vertex 31.1783 1.70512 10.1
      vertex 31.0795 2.74471 10.1
      vertex 31.0949 2.82167 10.1
    endloop
  endfacet
  facet normal 0 0 -1
    outer loop
      vertex 31.1783 1.70512 10.1
      vertex 31.0543 2.67038 10.1
      vertex 31.0795 2.74471 10.1
    endloop
  endfacet
  facet normal 0 0 -1
    outer loop
      vertex 31.1783 1.70512 10.1
      vertex 31.0196 2.59999 10.1
      vertex 31.0543 2.67038 10.1
    endloop
  endfacet
  facet normal 0 0 -1
    outer loop
      vertex 31.1783 1.70512 10.1
      vertex 31.0087 2.58368 10.1
      vertex 31.0196 2.59999 10.1
    endloop
  endfacet
  facet normal 0 0 -1
    outer loop
      vertex 31.1783 1.70512 10.1
      vertex 30.976 2.53474 10.1
      vertex 31.0087 2.58368 10.1
    endloop
  endfacet
  facet normal 0 0 -1
    outer loop
      vertex 31.1783 1.70512 10.1
      vertex 30.9712 2.52929 10.1
      vertex 30.976 2.53474 10.1
    endloop
  endfacet
  facet normal 0 0 -1
    outer loop
      vertex 31.1783 1.70512 10.1
      vertex 30.9243 2.47572 10.1
      vertex 30.9712 2.52929 10.1
    endloop
  endfacet
  facet normal 0 0 -1
    outer loop
      vertex 31.1783 1.70512 10.1
      vertex 30.8671 2.42557 10.1
      vertex 30.9243 2.47572 10.1
    endloop
  endfacet
  facet normal 0 0 -1
    outer loop
      vertex 31.1783 1.70512 10.1
      vertex 30.8652 2.42398 10.1
      vertex 30.8671 2.42557 10.1
    endloop
  endfacet
  facet normal 0 0 -1
    outer loop
      vertex 31.1 1.7 10.1
      vertex 30.8598 2.42036 10.1
      vertex 30.8652 2.42398 10.1
    endloop
  endfacet
  facet normal 0 0 -1
    outer loop
      vertex 31.1 1.7 10.1
      vertex 30.8 2.38037 10.1
      vertex 30.8598 2.42036 10.1
    endloop
  endfacet
  facet normal 0 0 -1
    outer loop
      vertex 31.1 1.7 10.1
      vertex 30.7296 2.34566 10.1
      vertex 30.8 2.38037 10.1
    endloop
  endfacet
  facet normal 0 0 -1
    outer loop
      vertex 31.1 1.7 10.1
      vertex 30.6676 2.3246 10.1
      vertex 30.7296 2.34566 10.1
    endloop
  endfacet
  facet normal 0 0 -1
    outer loop
      vertex 31.1 1.7 10.1
      vertex 30.6553 2.32043 10.1
      vertex 30.6676 2.3246 10.1
    endloop
  endfacet
  facet normal 0 0 -1
    outer loop
      vertex 31.1 1.7 10.1
      vertex 30.5783 2.30513 10.1
      vertex 30.6553 2.32043 10.1
    endloop
  endfacet
  facet normal 0 0 -1
    outer loop
      vertex 31.1 1.7 10.1
      vertex 30.5587 2.30384 10.1
      vertex 30.5783 2.30513 10.1
    endloop
  endfacet
  facet normal 0 0 -1
    outer loop
      vertex 31.1 1.7 10.1
      vertex 30.5 2.29999 10.1
      vertex 30.5587 2.30384 10.1
    endloop
  endfacet
  facet normal 0 0 -1
    outer loop
      vertex 31.1 1.7 10.1
      vertex 2.89999 2.29999 10.1
      vertex 30.5 2.29999 10.1
    endloop
  endfacet
  facet normal 0 0 -1
    outer loop
      vertex 2.29999 1.7 10.1
      vertex 2.83851 2.30402 10.1
      vertex 2.89999 2.29999 10.1
    endloop
  endfacet
  facet normal 0 0 -1
    outer loop
      vertex 2.29999 1.7 10.1
      vertex 2.71981 2.32888 10.1
      vertex 2.7447 2.32043 10.1
    endloop
  endfacet
  facet normal 0 0 -1
    outer loop
      vertex 1.7 2.29999 10.1
      vertex 2.32888 2.71981 10.1
      vertex 2.34566 2.67038 10.1
    endloop
  endfacet
  facet normal 0 0 -1
    outer loop
      vertex 2.29999 1.7 10.1
      vertex 2.89999 2.29999 10.1
      vertex 31.1 1.7 10.1
    endloop
  endfacet
  facet normal -0 0 -1
    outer loop
      vertex 2.83851 2.30402 10.1
      vertex 2.29999 1.7 10.1
      vertex 2.82168 2.30513 10.1
    endloop
  endfacet
  facet normal 0 0 -1
    outer loop
      vertex 2.29999 1.7 10.1
      vertex 2.7447 2.32043 10.1
      vertex 2.82168 2.30513 10.1
    endloop
  endfacet
  facet normal -0 0 -1
    outer loop
      vertex 2.71981 2.32888 10.1
      vertex 2.29999 1.7 10.1
      vertex 2.67038 2.34566 10.1
    endloop
  endfacet
  facet normal 0 0 -1
    outer loop
      vertex 2.29999 1.7 10.1
      vertex 2.59999 2.38037 10.1
      vertex 2.67038 2.34566 10.1
    endloop
  endfacet
  facet normal 0 0 -1
    outer loop
      vertex 2.29999 1.7 10.1
      vertex 2.53473 2.42398 10.1
      vertex 2.59999 2.38037 10.1
    endloop
  endfacet
  facet normal 0 0 -1
    outer loop
      vertex 2.22168 1.70512 10.1
      vertex 2.53473 2.42398 10.1
      vertex 2.29999 1.7 10.1
    endloop
  endfacet
  facet normal 0 0 -1
    outer loop
      vertex 2.1447 1.72044 10.1
      vertex 2.53473 2.42398 10.1
      vertex 2.22168 1.70512 10.1
    endloop
  endfacet
  facet normal 0 0 -1
    outer loop
      vertex 2.07039 1.74567 10.1
      vertex 2.53473 2.42398 10.1
      vertex 2.1447 1.72044 10.1
    endloop
  endfacet
  facet normal -0 0 -1
    outer loop
      vertex 2.53473 2.42398 10.1
      vertex 2.07039 1.74567 10.1
      vertex 2.47572 2.47572 10.1
    endloop
  endfacet
  facet normal 0 0 -1
    outer loop
      vertex 1.99998 1.78038 10.1
      vertex 2.47572 2.47572 10.1
      vertex 2.07039 1.74567 10.1
    endloop
  endfacet
  facet normal 0 0 -1
    outer loop
      vertex 1.93474 1.82397 10.1
      vertex 2.47572 2.47572 10.1
      vertex 1.99998 1.78038 10.1
    endloop
  endfacet
  facet normal 0 0 -1
    outer loop
      vertex 1.87573 1.87573 10.1
      vertex 2.47572 2.47572 10.1
      vertex 1.93474 1.82397 10.1
    endloop
  endfacet
  facet normal 0 0 -1
    outer loop
      vertex 1.82397 1.93474 10.1
      vertex 2.47572 2.47572 10.1
      vertex 1.87573 1.87573 10.1
    endloop
  endfacet
  facet normal -0 0 -1
    outer loop
      vertex 2.30402 2.83851 10.1
      vertex 1.7 2.29999 10.1
      vertex 2.29999 2.89999 10.1
    endloop
  endfacet
  facet normal -0 0 -1
    outer loop
      vertex 2.29999 2.89999 10.1
      vertex 1.7 2.29999 10.1
      vertex 2.29999 22.88 10.1
    endloop
  endfacet
  facet normal 0 0 -1
    outer loop
      vertex 1.78038 1.99998 10.1
      vertex 2.47572 2.47572 10.1
      vertex 1.82397 1.93474 10.1
    endloop
  endfacet
  facet normal 0 0 -1
    outer loop
      vertex 1.7 23.48 10.1
      vertex 2.29999 22.88 10.1
      vertex 1.7 2.29999 10.1
    endloop
  endfacet
  facet normal 0 0 -1
    outer loop
      vertex 1.74567 2.07039 10.1
      vertex 2.47572 2.47572 10.1
      vertex 1.78038 1.99998 10.1
    endloop
  endfacet
  facet normal 0 0 -1
    outer loop
      vertex 2.29999 22.88 10.1
      vertex 1.7 23.48 10.1
      vertex 2.29999 24.08 10.1
    endloop
  endfacet
  facet normal -0 0 -1
    outer loop
      vertex 2.47572 2.47572 10.1
      vertex 1.74567 2.07039 10.1
      vertex 2.42398 2.53473 10.1
    endloop
  endfacet
  facet normal 0 0 -1
    outer loop
      vertex 2.29999 24.08 10.1
      vertex 1.7 23.48 10.1
      vertex 2.22168 24.0749 10.1
    endloop
  endfacet
  facet normal 0 0 -1
    outer loop
      vertex 1.72044 2.1447 10.1
      vertex 2.42398 2.53473 10.1
      vertex 1.74567 2.07039 10.1
    endloop
  endfacet
  facet normal 0 0 -1
    outer loop
      vertex 2.22168 24.0749 10.1
      vertex 1.7 23.48 10.1
      vertex 2.1447 24.0596 10.1
    endloop
  endfacet
  facet normal 0 0 -1
    outer loop
      vertex 1.70512 2.22168 10.1
      vertex 2.42398 2.53473 10.1
      vertex 1.72044 2.1447 10.1
    endloop
  endfacet
  facet normal 0 0 -1
    outer loop
      vertex 2.1447 24.0596 10.1
      vertex 1.7 23.48 10.1
      vertex 2.07039 24.0343 10.1
    endloop
  endfacet
  facet normal 0 0 -1
    outer loop
      vertex 1.7 2.29999 10.1
      vertex 2.42398 2.53473 10.1
      vertex 1.70512 2.22168 10.1
    endloop
  endfacet
  facet normal 0 0 -1
    outer loop
      vertex 2.07039 24.0343 10.1
      vertex 1.7 23.48 10.1
      vertex 1.99998 23.9996 10.1
    endloop
  endfacet
  facet normal -0 0 -1
    outer loop
      vertex 2.42398 2.53473 10.1
      vertex 1.7 2.29999 10.1
      vertex 2.38037 2.59999 10.1
    endloop
  endfacet
  facet normal 0 0 -1
    outer loop
      vertex 1.99998 23.9996 10.1
      vertex 1.7 23.48 10.1
      vertex 1.93474 23.956 10.1
    endloop
  endfacet
  facet normal -0 0 -1
    outer loop
      vertex 2.38037 2.59999 10.1
      vertex 1.7 2.29999 10.1
      vertex 2.34566 2.67038 10.1
    endloop
  endfacet
  facet normal 0 0 -1
    outer loop
      vertex 1.93474 23.956 10.1
      vertex 1.7 23.48 10.1
      vertex 1.87573 23.9043 10.1
    endloop
  endfacet
  facet normal -0 0 -1
    outer loop
      vertex 2.32888 2.71981 10.1
      vertex 1.7 2.29999 10.1
      vertex 2.32043 2.7447 10.1
    endloop
  endfacet
  facet normal 0 0 -1
    outer loop
      vertex 1.87573 23.9043 10.1
      vertex 1.7 23.48 10.1
      vertex 1.82397 23.8452 10.1
    endloop
  endfacet
  facet normal -0 0 -1
    outer loop
      vertex 2.32043 2.7447 10.1
      vertex 1.7 2.29999 10.1
      vertex 2.30513 2.82168 10.1
    endloop
  endfacet
  facet normal 0 0 -1
    outer loop
      vertex 1.82397 23.8452 10.1
      vertex 1.7 23.48 10.1
      vertex 1.78038 23.78 10.1
    endloop
  endfacet
  facet normal -0 0 -1
    outer loop
      vertex 2.30513 2.82168 10.1
      vertex 1.7 2.29999 10.1
      vertex 2.30402 2.83851 10.1
    endloop
  endfacet
  facet normal 0 0 -1
    outer loop
      vertex 1.78038 23.78 10.1
      vertex 1.7 23.48 10.1
      vertex 1.74567 23.7096 10.1
    endloop
  endfacet
  facet normal 0 0 -1
    outer loop
      vertex 1.74567 23.7096 10.1
      vertex 1.7 23.48 10.1
      vertex 1.72044 23.6353 10.1
    endloop
  endfacet
  facet normal 0 0 -1
    outer loop
      vertex 1.72044 23.6353 10.1
      vertex 1.7 23.48 10.1
      vertex 1.70512 23.5583 10.1
    endloop
  endfacet
  facet normal 0 0 -1
    outer loop
      vertex 31.0949 2.82167 10.1
      vertex 31.7 2.29999 10.1
      vertex 31.6949 2.22168 10.1
    endloop
  endfacet
  facet normal 0 0 -1
    outer loop
      vertex 31.7 2.29999 10.1
      vertex 31.1 2.89999 10.1
      vertex 31.7 23.48 10.1
    endloop
  endfacet
  facet normal 0 0 -1
    outer loop
      vertex 31.0949 2.82167 10.1
      vertex 31.6949 2.22168 10.1
      vertex 31.6796 2.1447 10.1
    endloop
  endfacet
  facet normal 0 0 -1
    outer loop
      vertex 31.1 22.88 10.1
      vertex 31.7 23.48 10.1
      vertex 31.1 2.89999 10.1
    endloop
  endfacet
  facet normal 0 0 -1
    outer loop
      vertex 31.0949 2.82167 10.1
      vertex 31.6796 2.1447 10.1
      vertex 31.6543 2.07039 10.1
    endloop
  endfacet
  facet normal 0 0 -1
    outer loop
      vertex 31.0949 22.9583 10.1
      vertex 31.7 23.48 10.1
      vertex 31.1 22.88 10.1
    endloop
  endfacet
  facet normal 0 0 -1
    outer loop
      vertex 31.0949 2.82167 10.1
      vertex 31.6543 2.07039 10.1
      vertex 31.6196 1.99998 10.1
    endloop
  endfacet
  facet normal 0 0 -1
    outer loop
      vertex 31.0795 23.0353 10.1
      vertex 31.7 23.48 10.1
      vertex 31.0949 22.9583 10.1
    endloop
  endfacet
  facet normal 0 0 -1
    outer loop
      vertex 31.0949 2.82167 10.1
      vertex 31.6196 1.99998 10.1
      vertex 31.576 1.93474 10.1
    endloop
  endfacet
  facet normal 0 0 -1
    outer loop
      vertex 31.0949 2.82167 10.1
      vertex 31.576 1.93474 10.1
      vertex 31.5243 1.87573 10.1
    endloop
  endfacet
  facet normal 0 0 -1
    outer loop
      vertex 31.0792 23.0363 10.1
      vertex 31.7 23.48 10.1
      vertex 31.0795 23.0353 10.1
    endloop
  endfacet
  facet normal 0 0 -1
    outer loop
      vertex 31.0949 2.82167 10.1
      vertex 31.5243 1.87573 10.1
      vertex 31.4653 1.82397 10.1
    endloop
  endfacet
  facet normal 0 0 -1
    outer loop
      vertex 31.0543 23.1096 10.1
      vertex 31.7 23.48 10.1
      vertex 31.0792 23.0363 10.1
    endloop
  endfacet
  facet normal 0 0 -1
    outer loop
      vertex 31.0949 2.82167 10.1
      vertex 31.4653 1.82397 10.1
      vertex 31.4 1.78038 10.1
    endloop
  endfacet
  facet normal 0 0 -1
    outer loop
      vertex 31.0196 23.18 10.1
      vertex 31.7 23.48 10.1
      vertex 31.0543 23.1096 10.1
    endloop
  endfacet
  facet normal 0 0 -1
    outer loop
      vertex 31.0949 2.82167 10.1
      vertex 31.4 1.78038 10.1
      vertex 31.3296 1.74567 10.1
    endloop
  endfacet
  facet normal 0 0 -1
    outer loop
      vertex 31.0014 23.2072 10.1
      vertex 31.7 23.48 10.1
      vertex 31.0196 23.18 10.1
    endloop
  endfacet
  facet normal 0 0 -1
    outer loop
      vertex 31.0949 2.82167 10.1
      vertex 31.3296 1.74567 10.1
      vertex 31.2553 1.72044 10.1
    endloop
  endfacet
  facet normal 0 0 -1
    outer loop
      vertex 30.976 23.2453 10.1
      vertex 31.7 23.48 10.1
      vertex 31.0014 23.2072 10.1
    endloop
  endfacet
  facet normal 0 0 -1
    outer loop
      vertex 31.0949 2.82167 10.1
      vertex 31.2553 1.72044 10.1
      vertex 31.1783 1.70512 10.1
    endloop
  endfacet
  facet normal -0 0 -1
    outer loop
      vertex 31.7 23.48 10.1
      vertex 30.976 23.2453 10.1
      vertex 31.6949 23.5583 10.1
    endloop
  endfacet
  facet normal 0 0 -1
    outer loop
      vertex 30.8652 2.42398 10.1
      vertex 31.1783 1.70512 10.1
      vertex 31.1 1.7 10.1
    endloop
  endfacet
  facet normal -0 0 -1
    outer loop
      vertex 31.6949 23.5583 10.1
      vertex 30.976 23.2453 10.1
      vertex 31.6796 23.6353 10.1
    endloop
  endfacet
  facet normal -0 0 -1
    outer loop
      vertex 31.6796 23.6353 10.1
      vertex 30.976 23.2453 10.1
      vertex 31.6543 23.7096 10.1
    endloop
  endfacet
  facet normal 0 0 -1
    outer loop
      vertex 30.9485 23.2766 10.1
      vertex 31.6543 23.7096 10.1
      vertex 30.976 23.2453 10.1
    endloop
  endfacet
  facet normal -0 0 -1
    outer loop
      vertex 31.6543 23.7096 10.1
      vertex 30.9485 23.2766 10.1
      vertex 31.6196 23.78 10.1
    endloop
  endfacet
  facet normal 0 0 -1
    outer loop
      vertex 30.9243 23.3043 10.1
      vertex 31.6196 23.78 10.1
      vertex 30.9485 23.2766 10.1
    endloop
  endfacet
  facet normal -0 0 -1
    outer loop
      vertex 31.6196 23.78 10.1
      vertex 30.9243 23.3043 10.1
      vertex 31.576 23.8452 10.1
    endloop
  endfacet
  facet normal -0 0 -1
    outer loop
      vertex 31.576 23.8452 10.1
      vertex 30.9243 23.3043 10.1
      vertex 31.5243 23.9043 10.1
    endloop
  endfacet
  facet normal -0 0 -1
    outer loop
      vertex 31.5243 23.9043 10.1
      vertex 30.9243 23.3043 10.1
      vertex 31.4653 23.956 10.1
    endloop
  endfacet
  facet normal -0 0 -1
    outer loop
      vertex 31.4653 23.956 10.1
      vertex 30.9243 23.3043 10.1
      vertex 31.4 23.9996 10.1
    endloop
  endfacet
  facet normal -0 0 -1
    outer loop
      vertex 31.4 23.9996 10.1
      vertex 30.9243 23.3043 10.1
      vertex 31.3296 24.0343 10.1
    endloop
  endfacet
  facet normal 0 0 -1
    outer loop
      vertex 30.8652 23.356 10.1
      vertex 31.3296 24.0343 10.1
      vertex 30.9243 23.3043 10.1
    endloop
  endfacet
  facet normal -0 0 -1
    outer loop
      vertex 31.3296 24.0343 10.1
      vertex 30.8652 23.356 10.1
      vertex 31.2553 24.0596 10.1
    endloop
  endfacet
  facet normal -0 0 -1
    outer loop
      vertex 31.2553 24.0596 10.1
      vertex 30.8652 23.356 10.1
      vertex 31.1783 24.0749 10.1
    endloop
  endfacet
  facet normal -0 0 -1
    outer loop
      vertex 31.1783 24.0749 10.1
      vertex 30.8652 23.356 10.1
      vertex 31.1 24.08 10.1
    endloop
  endfacet
  facet normal 0 0 -1
    outer loop
      vertex 30.8 23.3996 10.1
      vertex 31.1 24.08 10.1
      vertex 30.8652 23.356 10.1
    endloop
  endfacet
  facet normal 0 0 -1
    outer loop
      vertex 30.7296 23.4343 10.1
      vertex 31.1 24.08 10.1
      vertex 30.8 23.3996 10.1
    endloop
  endfacet
  facet normal 0 0 -1
    outer loop
      vertex 30.6553 23.4595 10.1
      vertex 31.1 24.08 10.1
      vertex 30.7296 23.4343 10.1
    endloop
  endfacet
  facet normal 0 0 -1
    outer loop
      vertex 30.6322 23.4641 10.1
      vertex 31.1 24.08 10.1
      vertex 30.6553 23.4595 10.1
    endloop
  endfacet
  facet normal 0 0 -1
    outer loop
      vertex 30.5783 23.4749 10.1
      vertex 31.1 24.08 10.1
      vertex 30.6322 23.4641 10.1
    endloop
  endfacet
  facet normal 0 0 -1
    outer loop
      vertex 30.5168 23.4789 10.1
      vertex 31.1 24.08 10.1
      vertex 30.5783 23.4749 10.1
    endloop
  endfacet
  facet normal 0 0 -1
    outer loop
      vertex 30.5 23.48 10.1
      vertex 31.1 24.08 10.1
      vertex 30.5168 23.4789 10.1
    endloop
  endfacet
  facet normal 0 0 -1
    outer loop
      vertex 2.89999 23.48 10.1
      vertex 31.1 24.08 10.1
      vertex 30.5 23.48 10.1
    endloop
  endfacet
  facet normal 0 0 -1
    outer loop
      vertex 2.29999 24.08 10.1
      vertex 2.88041 23.4787 10.1
      vertex 2.82168 23.4749 10.1
    endloop
  endfacet
  facet normal 0 0 -1
    outer loop
      vertex 2.29999 24.08 10.1
      vertex 2.76395 23.4634 10.1
      vertex 2.74471 23.4595 10.1
    endloop
  endfacet
  facet normal 0 0 -1
    outer loop
      vertex 2.29999 24.08 10.1
      vertex 2.42557 23.2471 10.1
      vertex 2.42398 23.2453 10.1
    endloop
  endfacet
  facet normal 0 0 -1
    outer loop
      vertex 2.29999 24.08 10.1
      vertex 2.42036 23.2398 10.1
      vertex 2.38037 23.18 10.1
    endloop
  endfacet
  facet normal 0 0 -1
    outer loop
      vertex 2.29999 24.08 10.1
      vertex 2.32994 23.0633 10.1
      vertex 2.32043 23.0353 10.1
    endloop
  endfacet
  facet normal 0 0 -1
    outer loop
      vertex 2.29999 22.88 10.1
      vertex 2.30513 22.9583 10.1
      vertex 2.30393 22.94 10.1
    endloop
  endfacet
  facet normal 0 0 -1
    outer loop
      vertex 2.89999 23.48 10.1
      vertex 2.29999 24.08 10.1
      vertex 31.1 24.08 10.1
    endloop
  endfacet
  facet normal 0 0 -1
    outer loop
      vertex 2.88041 23.4787 10.1
      vertex 2.29999 24.08 10.1
      vertex 2.89999 23.48 10.1
    endloop
  endfacet
  facet normal 0 0 -1
    outer loop
      vertex 2.76395 23.4634 10.1
      vertex 2.29999 24.08 10.1
      vertex 2.82168 23.4749 10.1
    endloop
  endfacet
  facet normal 0 0 -1
    outer loop
      vertex 2.67038 23.4343 10.1
      vertex 2.29999 24.08 10.1
      vertex 2.74471 23.4595 10.1
    endloop
  endfacet
  facet normal 0 0 -1
    outer loop
      vertex 2.59999 23.3996 10.1
      vertex 2.29999 24.08 10.1
      vertex 2.67038 23.4343 10.1
    endloop
  endfacet
  facet normal 0 0 -1
    outer loop
      vertex 2.53473 23.356 10.1
      vertex 2.29999 24.08 10.1
      vertex 2.59999 23.3996 10.1
    endloop
  endfacet
  facet normal 0 0 -1
    outer loop
      vertex 2.47572 23.3043 10.1
      vertex 2.29999 24.08 10.1
      vertex 2.53473 23.356 10.1
    endloop
  endfacet
  facet normal 0 0 -1
    outer loop
      vertex 2.42557 23.2471 10.1
      vertex 2.29999 24.08 10.1
      vertex 2.47572 23.3043 10.1
    endloop
  endfacet
  facet normal 0 0 -1
    outer loop
      vertex 2.42036 23.2398 10.1
      vertex 2.29999 24.08 10.1
      vertex 2.42398 23.2453 10.1
    endloop
  endfacet
  facet normal 0 0 -1
    outer loop
      vertex 2.34566 23.1096 10.1
      vertex 2.29999 24.08 10.1
      vertex 2.38037 23.18 10.1
    endloop
  endfacet
  facet normal 0 0 -1
    outer loop
      vertex 2.32994 23.0633 10.1
      vertex 2.29999 24.08 10.1
      vertex 2.34566 23.1096 10.1
    endloop
  endfacet
  facet normal 0 0 -1
    outer loop
      vertex 2.30513 22.9583 10.1
      vertex 2.29999 24.08 10.1
      vertex 2.32043 23.0353 10.1
    endloop
  endfacet
  facet normal 0 0 -1
    outer loop
      vertex 2.29999 24.08 10.1
      vertex 2.30513 22.9583 10.1
      vertex 2.29999 22.88 10.1
    endloop
  endfacet
  facet normal 0 0 1
    outer loop
      vertex 31.7 23.48 11.3
      vertex 31.0949 22.9583 11.3
      vertex 31.1 22.88 11.3
    endloop
  endfacet
  facet normal 0 0 1
    outer loop
      vertex 31.1783 24.0749 11.3
      vertex 31.0795 23.0353 11.3
      vertex 31.0949 22.9583 11.3
    endloop
  endfacet
  facet normal 0 0 1
    outer loop
      vertex 31.1783 24.0749 11.3
      vertex 31.0792 23.0363 11.3
      vertex 31.0795 23.0353 11.3
    endloop
  endfacet
  facet normal 0 0 1
    outer loop
      vertex 31.1783 24.0749 11.3
      vertex 31.0543 23.1096 11.3
      vertex 31.0792 23.0363 11.3
    endloop
  endfacet
  facet normal 0 0 1
    outer loop
      vertex 31.1783 24.0749 11.3
      vertex 31.0196 23.18 11.3
      vertex 31.0543 23.1096 11.3
    endloop
  endfacet
  facet normal 0 0 1
    outer loop
      vertex 31.1783 24.0749 11.3
      vertex 31.0014 23.2072 11.3
      vertex 31.0196 23.18 11.3
    endloop
  endfacet
  facet normal 0 0 1
    outer loop
      vertex 31.1783 24.0749 11.3
      vertex 30.976 23.2453 11.3
      vertex 31.0014 23.2072 11.3
    endloop
  endfacet
  facet normal 0 0 1
    outer loop
      vertex 31.1783 24.0749 11.3
      vertex 30.9485 23.2766 11.3
      vertex 30.976 23.2453 11.3
    endloop
  endfacet
  facet normal 0 0 1
    outer loop
      vertex 31.1783 24.0749 11.3
      vertex 30.9243 23.3043 11.3
      vertex 30.9485 23.2766 11.3
    endloop
  endfacet
  facet normal 0 0 1
    outer loop
      vertex 31.1783 24.0749 11.3
      vertex 30.8652 23.356 11.3
      vertex 30.9243 23.3043 11.3
    endloop
  endfacet
  facet normal 0 0 1
    outer loop
      vertex 31.1 24.08 11.3
      vertex 30.8 23.3996 11.3
      vertex 30.8652 23.356 11.3
    endloop
  endfacet
  facet normal 0 0 1
    outer loop
      vertex 31.1 24.08 11.3
      vertex 30.7296 23.4343 11.3
      vertex 30.8 23.3996 11.3
    endloop
  endfacet
  facet normal 0 0 1
    outer loop
      vertex 31.1 24.08 11.3
      vertex 30.6553 23.4595 11.3
      vertex 30.7296 23.4343 11.3
    endloop
  endfacet
  facet normal 0 0 1
    outer loop
      vertex 31.1 24.08 11.3
      vertex 30.6322 23.4641 11.3
      vertex 30.6553 23.4595 11.3
    endloop
  endfacet
  facet normal 0 0 1
    outer loop
      vertex 31.1 24.08 11.3
      vertex 30.5783 23.4749 11.3
      vertex 30.6322 23.4641 11.3
    endloop
  endfacet
  facet normal 0 0 1
    outer loop
      vertex 31.1 24.08 11.3
      vertex 30.5168 23.4789 11.3
      vertex 30.5783 23.4749 11.3
    endloop
  endfacet
  facet normal 0 0 1
    outer loop
      vertex 31.1 24.08 11.3
      vertex 30.5 23.48 11.3
      vertex 30.5168 23.4789 11.3
    endloop
  endfacet
  facet normal 0 0 1
    outer loop
      vertex 31.1 24.08 11.3
      vertex 2.89999 23.48 11.3
      vertex 30.5 23.48 11.3
    endloop
  endfacet
  facet normal 0 0 1
    outer loop
      vertex 2.29999 24.08 11.3
      vertex 2.88041 23.4787 11.3
      vertex 2.89999 23.48 11.3
    endloop
  endfacet
  facet normal 0 0 1
    outer loop
      vertex 2.29999 24.08 11.3
      vertex 2.76395 23.4634 11.3
      vertex 2.82168 23.4749 11.3
    endloop
  endfacet
  facet normal 0 0 1
    outer loop
      vertex 1.74567 23.7096 11.3
      vertex 2.42557 23.2471 11.3
      vertex 2.47572 23.3043 11.3
    endloop
  endfacet
  facet normal 0 0 1
    outer loop
      vertex 1.7 23.48 11.3
      vertex 2.42036 23.2398 11.3
      vertex 2.42398 23.2453 11.3
    endloop
  endfacet
  facet normal 0 0 1
    outer loop
      vertex 1.7 23.48 11.3
      vertex 2.32994 23.0633 11.3
      vertex 2.34566 23.1096 11.3
    endloop
  endfacet
  facet normal -0 0 1
    outer loop
      vertex 2.29999 24.08 11.3
      vertex 2.89999 23.48 11.3
      vertex 31.1 24.08 11.3
    endloop
  endfacet
  facet normal 0 0 1
    outer loop
      vertex 2.88041 23.4787 11.3
      vertex 2.29999 24.08 11.3
      vertex 2.82168 23.4749 11.3
    endloop
  endfacet
  facet normal 0 0 1
    outer loop
      vertex 2.76395 23.4634 11.3
      vertex 2.29999 24.08 11.3
      vertex 2.74471 23.4595 11.3
    endloop
  endfacet
  facet normal 0 0 1
    outer loop
      vertex 2.29999 24.08 11.3
      vertex 2.67038 23.4343 11.3
      vertex 2.74471 23.4595 11.3
    endloop
  endfacet
  facet normal 0 0 1
    outer loop
      vertex 2.29999 24.08 11.3
      vertex 2.59999 23.3996 11.3
      vertex 2.67038 23.4343 11.3
    endloop
  endfacet
  facet normal 0 0 1
    outer loop
      vertex 2.29999 24.08 11.3
      vertex 2.53473 23.356 11.3
      vertex 2.59999 23.3996 11.3
    endloop
  endfacet
  facet normal -0 0 1
    outer loop
      vertex 2.22168 24.0749 11.3
      vertex 2.53473 23.356 11.3
      vertex 2.29999 24.08 11.3
    endloop
  endfacet
  facet normal -0 0 1
    outer loop
      vertex 2.1447 24.0596 11.3
      vertex 2.53473 23.356 11.3
      vertex 2.22168 24.0749 11.3
    endloop
  endfacet
  facet normal -0 0 1
    outer loop
      vertex 2.07039 24.0343 11.3
      vertex 2.53473 23.356 11.3
      vertex 2.1447 24.0596 11.3
    endloop
  endfacet
  facet normal 0 0 1
    outer loop
      vertex 2.53473 23.356 11.3
      vertex 2.07039 24.0343 11.3
      vertex 2.47572 23.3043 11.3
    endloop
  endfacet
  facet normal -0 0 1
    outer loop
      vertex 1.99998 23.9996 11.3
      vertex 2.47572 23.3043 11.3
      vertex 2.07039 24.0343 11.3
    endloop
  endfacet
  facet normal -0 0 1
    outer loop
      vertex 1.93474 23.956 11.3
      vertex 2.47572 23.3043 11.3
      vertex 1.99998 23.9996 11.3
    endloop
  endfacet
  facet normal -0 0 1
    outer loop
      vertex 1.87573 23.9043 11.3
      vertex 2.47572 23.3043 11.3
      vertex 1.93474 23.956 11.3
    endloop
  endfacet
  facet normal -0 0 1
    outer loop
      vertex 1.82397 23.8452 11.3
      vertex 2.47572 23.3043 11.3
      vertex 1.87573 23.9043 11.3
    endloop
  endfacet
  facet normal 0 0 1
    outer loop
      vertex 2.30393 22.94 11.3
      vertex 1.7 23.48 11.3
      vertex 2.29999 22.88 11.3
    endloop
  endfacet
  facet normal 0 0 1
    outer loop
      vertex 2.29999 22.88 11.3
      vertex 1.7 23.48 11.3
      vertex 2.29999 2.89999 11.3
    endloop
  endfacet
  facet normal -0 0 1
    outer loop
      vertex 1.78038 23.78 11.3
      vertex 2.47572 23.3043 11.3
      vertex 1.82397 23.8452 11.3
    endloop
  endfacet
  facet normal 0 0 1
    outer loop
      vertex 1.7 2.29999 11.3
      vertex 2.29999 2.89999 11.3
      vertex 1.7 23.48 11.3
    endloop
  endfacet
  facet normal -0 0 1
    outer loop
      vertex 1.74567 23.7096 11.3
      vertex 2.47572 23.3043 11.3
      vertex 1.78038 23.78 11.3
    endloop
  endfacet
  facet normal 0 0 1
    outer loop
      vertex 2.29999 2.89999 11.3
      vertex 1.7 2.29999 11.3
      vertex 2.29999 1.7 11.3
    endloop
  endfacet
  facet normal -0 0 1
    outer loop
      vertex 1.72044 23.6353 11.3
      vertex 2.42557 23.2471 11.3
      vertex 1.74567 23.7096 11.3
    endloop
  endfacet
  facet normal 0 0 1
    outer loop
      vertex 2.29999 1.7 11.3
      vertex 1.7 2.29999 11.3
      vertex 2.22168 1.70512 11.3
    endloop
  endfacet
  facet normal 0 0 1
    outer loop
      vertex 2.42557 23.2471 11.3
      vertex 1.72044 23.6353 11.3
      vertex 2.42398 23.2453 11.3
    endloop
  endfacet
  facet normal 0 0 1
    outer loop
      vertex 2.22168 1.70512 11.3
      vertex 1.7 2.29999 11.3
      vertex 2.1447 1.72044 11.3
    endloop
  endfacet
  facet normal -0 0 1
    outer loop
      vertex 1.70512 23.5583 11.3
      vertex 2.42398 23.2453 11.3
      vertex 1.72044 23.6353 11.3
    endloop
  endfacet
  facet normal 0 0 1
    outer loop
      vertex 2.1447 1.72044 11.3
      vertex 1.7 2.29999 11.3
      vertex 2.07039 1.74567 11.3
    endloop
  endfacet
  facet normal -0 0 1
    outer loop
      vertex 1.7 23.48 11.3
      vertex 2.42398 23.2453 11.3
      vertex 1.70512 23.5583 11.3
    endloop
  endfacet
  facet normal 0 0 1
    outer loop
      vertex 2.07039 1.74567 11.3
      vertex 1.7 2.29999 11.3
      vertex 1.99998 1.78038 11.3
    endloop
  endfacet
  facet normal 0 0 1
    outer loop
      vertex 2.42036 23.2398 11.3
      vertex 1.7 23.48 11.3
      vertex 2.38037 23.18 11.3
    endloop
  endfacet
  facet normal 0 0 1
    outer loop
      vertex 1.99998 1.78038 11.3
      vertex 1.7 2.29999 11.3
      vertex 1.93474 1.82397 11.3
    endloop
  endfacet
  facet normal 0 0 1
    outer loop
      vertex 2.38037 23.18 11.3
      vertex 1.7 23.48 11.3
      vertex 2.34566 23.1096 11.3
    endloop
  endfacet
  facet normal 0 0 1
    outer loop
      vertex 1.93474 1.82397 11.3
      vertex 1.7 2.29999 11.3
      vertex 1.87573 1.87573 11.3
    endloop
  endfacet
  facet normal 0 0 1
    outer loop
      vertex 2.32994 23.0633 11.3
      vertex 1.7 23.48 11.3
      vertex 2.32043 23.0353 11.3
    endloop
  endfacet
  facet normal 0 0 1
    outer loop
      vertex 1.87573 1.87573 11.3
      vertex 1.7 2.29999 11.3
      vertex 1.82397 1.93474 11.3
    endloop
  endfacet
  facet normal 0 0 1
    outer loop
      vertex 2.32043 23.0353 11.3
      vertex 1.7 23.48 11.3
      vertex 2.30513 22.9583 11.3
    endloop
  endfacet
  facet normal 0 0 1
    outer loop
      vertex 1.82397 1.93474 11.3
      vertex 1.7 2.29999 11.3
      vertex 1.78038 1.99998 11.3
    endloop
  endfacet
  facet normal 0 0 1
    outer loop
      vertex 2.30513 22.9583 11.3
      vertex 1.7 23.48 11.3
      vertex 2.30393 22.94 11.3
    endloop
  endfacet
  facet normal 0 0 1
    outer loop
      vertex 1.78038 1.99998 11.3
      vertex 1.7 2.29999 11.3
      vertex 1.74567 2.07039 11.3
    endloop
  endfacet
  facet normal 0 0 1
    outer loop
      vertex 1.74567 2.07039 11.3
      vertex 1.7 2.29999 11.3
      vertex 1.72044 2.1447 11.3
    endloop
  endfacet
  facet normal 0 0 1
    outer loop
      vertex 1.72044 2.1447 11.3
      vertex 1.7 2.29999 11.3
      vertex 1.70512 2.22168 11.3
    endloop
  endfacet
  facet normal 0 0 1
    outer loop
      vertex 31.0949 22.9583 11.3
      vertex 31.7 23.48 11.3
      vertex 31.6949 23.5583 11.3
    endloop
  endfacet
  facet normal 0 0 1
    outer loop
      vertex 31.7 23.48 11.3
      vertex 31.1 22.88 11.3
      vertex 31.7 2.29999 11.3
    endloop
  endfacet
  facet normal 0 0 1
    outer loop
      vertex 31.0949 22.9583 11.3
      vertex 31.6949 23.5583 11.3
      vertex 31.6796 23.6353 11.3
    endloop
  endfacet
  facet normal -0 0 1
    outer loop
      vertex 31.1 2.89999 11.3
      vertex 31.7 2.29999 11.3
      vertex 31.1 22.88 11.3
    endloop
  endfacet
  facet normal 0 0 1
    outer loop
      vertex 31.0949 22.9583 11.3
      vertex 31.6796 23.6353 11.3
      vertex 31.6543 23.7096 11.3
    endloop
  endfacet
  facet normal -0 0 1
    outer loop
      vertex 31.0949 2.82167 11.3
      vertex 31.7 2.29999 11.3
      vertex 31.1 2.89999 11.3
    endloop
  endfacet
  facet normal 0 0 1
    outer loop
      vertex 31.0949 22.9583 11.3
      vertex 31.6543 23.7096 11.3
      vertex 31.6196 23.78 11.3
    endloop
  endfacet
  facet normal -0 0 1
    outer loop
      vertex 31.0795 2.74471 11.3
      vertex 31.7 2.29999 11.3
      vertex 31.0949 2.82167 11.3
    endloop
  endfacet
  facet normal 0 0 1
    outer loop
      vertex 31.0949 22.9583 11.3
      vertex 31.6196 23.78 11.3
      vertex 31.576 23.8452 11.3
    endloop
  endfacet
  facet normal -0 0 1
    outer loop
      vertex 31.0543 2.67038 11.3
      vertex 31.7 2.29999 11.3
      vertex 31.0795 2.74471 11.3
    endloop
  endfacet
  facet normal 0 0 1
    outer loop
      vertex 31.0949 22.9583 11.3
      vertex 31.576 23.8452 11.3
      vertex 31.5243 23.9043 11.3
    endloop
  endfacet
  facet normal -0 0 1
    outer loop
      vertex 31.0196 2.59999 11.3
      vertex 31.7 2.29999 11.3
      vertex 31.0543 2.67038 11.3
    endloop
  endfacet
  facet normal 0 0 1
    outer loop
      vertex 31.0949 22.9583 11.3
      vertex 31.5243 23.9043 11.3
      vertex 31.4653 23.956 11.3
    endloop
  endfacet
  facet normal -0 0 1
    outer loop
      vertex 31.0087 2.58368 11.3
      vertex 31.7 2.29999 11.3
      vertex 31.0196 2.59999 11.3
    endloop
  endfacet
  facet normal 0 0 1
    outer loop
      vertex 31.0949 22.9583 11.3
      vertex 31.4653 23.956 11.3
      vertex 31.4 23.9996 11.3
    endloop
  endfacet
  facet normal -0 0 1
    outer loop
      vertex 30.976 2.53474 11.3
      vertex 31.7 2.29999 11.3
      vertex 31.0087 2.58368 11.3
    endloop
  endfacet
  facet normal 0 0 1
    outer loop
      vertex 31.0949 22.9583 11.3
      vertex 31.4 23.9996 11.3
      vertex 31.3296 24.0343 11.3
    endloop
  endfacet
  facet normal 0 0 1
    outer loop
      vertex 31.7 2.29999 11.3
      vertex 30.976 2.53474 11.3
      vertex 31.6949 2.22168 11.3
    endloop
  endfacet
  facet normal 0 0 1
    outer loop
      vertex 31.0949 22.9583 11.3
      vertex 31.3296 24.0343 11.3
      vertex 31.2553 24.0596 11.3
    endloop
  endfacet
  facet normal 0 0 1
    outer loop
      vertex 31.6949 2.22168 11.3
      vertex 30.976 2.53474 11.3
      vertex 31.6796 2.1447 11.3
    endloop
  endfacet
  facet normal 0 0 1
    outer loop
      vertex 31.0949 22.9583 11.3
      vertex 31.2553 24.0596 11.3
      vertex 31.1783 24.0749 11.3
    endloop
  endfacet
  facet normal -0 0 1
    outer loop
      vertex 30.9712 2.52929 11.3
      vertex 31.6796 2.1447 11.3
      vertex 30.976 2.53474 11.3
    endloop
  endfacet
  facet normal 0 0 1
    outer loop
      vertex 30.8652 23.356 11.3
      vertex 31.1783 24.0749 11.3
      vertex 31.1 24.08 11.3
    endloop
  endfacet
  facet normal 0 0 1
    outer loop
      vertex 31.6796 2.1447 11.3
      vertex 30.9712 2.52929 11.3
      vertex 31.6543 2.07039 11.3
    endloop
  endfacet
  facet normal -0 0 1
    outer loop
      vertex 30.9243 2.47572 11.3
      vertex 31.6543 2.07039 11.3
      vertex 30.9712 2.52929 11.3
    endloop
  endfacet
  facet normal 0 0 1
    outer loop
      vertex 31.6543 2.07039 11.3
      vertex 30.9243 2.47572 11.3
      vertex 31.6196 1.99998 11.3
    endloop
  endfacet
  facet normal 0 0 1
    outer loop
      vertex 31.6196 1.99998 11.3
      vertex 30.9243 2.47572 11.3
      vertex 31.576 1.93474 11.3
    endloop
  endfacet
  facet normal 0 0 1
    outer loop
      vertex 31.576 1.93474 11.3
      vertex 30.9243 2.47572 11.3
      vertex 31.5243 1.87573 11.3
    endloop
  endfacet
  facet normal 0 0 1
    outer loop
      vertex 31.5243 1.87573 11.3
      vertex 30.9243 2.47572 11.3
      vertex 31.4653 1.82397 11.3
    endloop
  endfacet
  facet normal 0 0 1
    outer loop
      vertex 31.4653 1.82397 11.3
      vertex 30.9243 2.47572 11.3
      vertex 31.4 1.78038 11.3
    endloop
  endfacet
  facet normal 0 0 1
    outer loop
      vertex 31.4 1.78038 11.3
      vertex 30.9243 2.47572 11.3
      vertex 31.3296 1.74567 11.3
    endloop
  endfacet
  facet normal -0 0 1
    outer loop
      vertex 30.8671 2.42557 11.3
      vertex 31.3296 1.74567 11.3
      vertex 30.9243 2.47572 11.3
    endloop
  endfacet
  facet normal 0 0 1
    outer loop
      vertex 31.3296 1.74567 11.3
      vertex 30.8671 2.42557 11.3
      vertex 31.2553 1.72044 11.3
    endloop
  endfacet
  facet normal 0 0 1
    outer loop
      vertex 31.2553 1.72044 11.3
      vertex 30.8671 2.42557 11.3
      vertex 31.1783 1.70512 11.3
    endloop
  endfacet
  facet normal -0 0 1
    outer loop
      vertex 30.8652 2.42398 11.3
      vertex 31.1783 1.70512 11.3
      vertex 30.8671 2.42557 11.3
    endloop
  endfacet
  facet normal 0 0 1
    outer loop
      vertex 31.1783 1.70512 11.3
      vertex 30.8652 2.42398 11.3
      vertex 31.1 1.7 11.3
    endloop
  endfacet
  facet normal -0 0 1
    outer loop
      vertex 30.8598 2.42036 11.3
      vertex 31.1 1.7 11.3
      vertex 30.8652 2.42398 11.3
    endloop
  endfacet
  facet normal -0 0 1
    outer loop
      vertex 30.8 2.38037 11.3
      vertex 31.1 1.7 11.3
      vertex 30.8598 2.42036 11.3
    endloop
  endfacet
  facet normal -0 0 1
    outer loop
      vertex 30.7296 2.34566 11.3
      vertex 31.1 1.7 11.3
      vertex 30.8 2.38037 11.3
    endloop
  endfacet
  facet normal -0 0 1
    outer loop
      vertex 30.6676 2.3246 11.3
      vertex 31.1 1.7 11.3
      vertex 30.7296 2.34566 11.3
    endloop
  endfacet
  facet normal -0 0 1
    outer loop
      vertex 30.6553 2.32043 11.3
      vertex 31.1 1.7 11.3
      vertex 30.6676 2.3246 11.3
    endloop
  endfacet
  facet normal -0 0 1
    outer loop
      vertex 30.5783 2.30513 11.3
      vertex 31.1 1.7 11.3
      vertex 30.6553 2.32043 11.3
    endloop
  endfacet
  facet normal -0 0 1
    outer loop
      vertex 30.5587 2.30384 11.3
      vertex 31.1 1.7 11.3
      vertex 30.5783 2.30513 11.3
    endloop
  endfacet
  facet normal -0 0 1
    outer loop
      vertex 30.5 2.29999 11.3
      vertex 31.1 1.7 11.3
      vertex 30.5587 2.30384 11.3
    endloop
  endfacet
  facet normal -0 0 1
    outer loop
      vertex 2.89999 2.29999 11.3
      vertex 31.1 1.7 11.3
      vertex 30.5 2.29999 11.3
    endloop
  endfacet
  facet normal 0 0 1
    outer loop
      vertex 2.29999 1.7 11.3
      vertex 2.83851 2.30402 11.3
      vertex 2.82168 2.30513 11.3
    endloop
  endfacet
  facet normal 0 0 1
    outer loop
      vertex 2.29999 1.7 11.3
      vertex 2.71981 2.32888 11.3
      vertex 2.67038 2.34566 11.3
    endloop
  endfacet
  facet normal 0 0 1
    outer loop
      vertex 2.29999 1.7 11.3
      vertex 2.32888 2.71981 11.3
      vertex 2.32043 2.7447 11.3
    endloop
  endfacet
  facet normal 0 0 -1
    outer loop
      vertex 2.29999 2.89999 11.3
      vertex 2.30513 2.82168 11.3
      vertex 2.30402 2.83851 11.3
    endloop
  endfacet
  facet normal 0 0 1
    outer loop
      vertex 2.89999 2.29999 11.3
      vertex 2.29999 1.7 11.3
      vertex 31.1 1.7 11.3
    endloop
  endfacet
  facet normal 0 0 1
    outer loop
      vertex 2.83851 2.30402 11.3
      vertex 2.29999 1.7 11.3
      vertex 2.89999 2.29999 11.3
    endloop
  endfacet
  facet normal 0 0 1
    outer loop
      vertex 2.7447 2.32043 11.3
      vertex 2.29999 1.7 11.3
      vertex 2.82168 2.30513 11.3
    endloop
  endfacet
  facet normal 0 0 1
    outer loop
      vertex 2.71981 2.32888 11.3
      vertex 2.29999 1.7 11.3
      vertex 2.7447 2.32043 11.3
    endloop
  endfacet
  facet normal 0 0 1
    outer loop
      vertex 2.59999 2.38037 11.3
      vertex 2.29999 1.7 11.3
      vertex 2.67038 2.34566 11.3
    endloop
  endfacet
  facet normal 0 0 1
    outer loop
      vertex 2.53473 2.42398 11.3
      vertex 2.29999 1.7 11.3
      vertex 2.59999 2.38037 11.3
    endloop
  endfacet
  facet normal 0 0 1
    outer loop
      vertex 2.47572 2.47572 11.3
      vertex 2.29999 1.7 11.3
      vertex 2.53473 2.42398 11.3
    endloop
  endfacet
  facet normal 0 0 1
    outer loop
      vertex 2.42398 2.53473 11.3
      vertex 2.29999 1.7 11.3
      vertex 2.47572 2.47572 11.3
    endloop
  endfacet
  facet normal 0 0 1
    outer loop
      vertex 2.38037 2.59999 11.3
      vertex 2.29999 1.7 11.3
      vertex 2.42398 2.53473 11.3
    endloop
  endfacet
  facet normal 0 0 1
    outer loop
      vertex 2.34566 2.67038 11.3
      vertex 2.29999 1.7 11.3
      vertex 2.38037 2.59999 11.3
    endloop
  endfacet
  facet normal 0 0 1
    outer loop
      vertex 2.32888 2.71981 11.3
      vertex 2.29999 1.7 11.3
      vertex 2.34566 2.67038 11.3
    endloop
  endfacet
  facet normal 0 0 1
    outer loop
      vertex 2.30513 2.82168 11.3
      vertex 2.29999 1.7 11.3
      vertex 2.32043 2.7447 11.3
    endloop
  endfacet
  facet normal 0 0 1
    outer loop
      vertex 2.29999 1.7 11.3
      vertex 2.30513 2.82168 11.3
      vertex 2.29999 2.89999 11.3
    endloop
  endfacet
  facet normal 0.195136 -0.980776 0
    outer loop
      vertex 31.1783 1.70512 10.1
      vertex 31.2553 1.72044 11.3
      vertex 31.1783 1.70512 11.3
    endloop
  endfacet
  facet normal 0.195136 -0.980776 0
    outer loop
      vertex 31.2553 1.72044 11.3
      vertex 31.1783 1.70512 10.1
      vertex 31.2553 1.72044 10.1
    endloop
  endfacet
  facet normal 0.321537 -0.946897 0
    outer loop
      vertex 31.2553 1.72044 10.1
      vertex 31.3296 1.74567 11.3
      vertex 31.2553 1.72044 11.3
    endloop
  endfacet
  facet normal 0.321537 -0.946897 0
    outer loop
      vertex 31.3296 1.74567 11.3
      vertex 31.2553 1.72044 10.1
      vertex 31.3296 1.74567 10.1
    endloop
  endfacet
  facet normal 0.442212 -0.89691 0
    outer loop
      vertex 31.3296 1.74567 10.1
      vertex 31.4 1.78038 11.3
      vertex 31.3296 1.74567 11.3
    endloop
  endfacet
  facet normal 0.442212 -0.89691 0
    outer loop
      vertex 31.4 1.78038 11.3
      vertex 31.3296 1.74567 10.1
      vertex 31.4 1.78038 10.1
    endloop
  endfacet
  facet normal 0.5552 -0.831717 0
    outer loop
      vertex 31.4 1.78038 10.1
      vertex 31.4653 1.82397 11.3
      vertex 31.4 1.78038 11.3
    endloop
  endfacet
  facet normal 0.5552 -0.831717 0
    outer loop
      vertex 31.4653 1.82397 11.3
      vertex 31.4 1.78038 10.1
      vertex 31.4653 1.82397 10.1
    endloop
  endfacet
  facet normal 0.659478 -0.751724 0
    outer loop
      vertex 31.4653 1.82397 10.1
      vertex 31.5243 1.87573 11.3
      vertex 31.4653 1.82397 11.3
    endloop
  endfacet
  facet normal 0.659478 -0.751724 0
    outer loop
      vertex 31.5243 1.87573 11.3
      vertex 31.4653 1.82397 10.1
      vertex 31.5243 1.87573 10.1
    endloop
  endfacet
  facet normal 0.752158 -0.658983 0
    outer loop
      vertex 31.5243 1.87573 11.3
      vertex 31.576 1.93474 10.1
      vertex 31.576 1.93474 11.3
    endloop
  endfacet
  facet normal 0.752158 -0.658983 0
    outer loop
      vertex 31.576 1.93474 10.1
      vertex 31.5243 1.87573 11.3
      vertex 31.5243 1.87573 10.1
    endloop
  endfacet
  facet normal 0.831422 -0.555641 0
    outer loop
      vertex 31.576 1.93474 11.3
      vertex 31.6196 1.99998 10.1
      vertex 31.6196 1.99998 11.3
    endloop
  endfacet
  facet normal 0.831422 -0.555641 0
    outer loop
      vertex 31.6196 1.99998 10.1
      vertex 31.576 1.93474 11.3
      vertex 31.576 1.93474 10.1
    endloop
  endfacet
  facet normal 0.896986 -0.442059 0
    outer loop
      vertex 31.6196 1.99998 11.3
      vertex 31.6543 2.07039 10.1
      vertex 31.6543 2.07039 11.3
    endloop
  endfacet
  facet normal 0.896986 -0.442059 0
    outer loop
      vertex 31.6543 2.07039 10.1
      vertex 31.6196 1.99998 11.3
      vertex 31.6196 1.99998 10.1
    endloop
  endfacet
  facet normal 0.946638 -0.322298 0
    outer loop
      vertex 31.6543 2.07039 11.3
      vertex 31.6796 2.1447 10.1
      vertex 31.6796 2.1447 11.3
    endloop
  endfacet
  facet normal 0.946638 -0.322298 0
    outer loop
      vertex 31.6796 2.1447 10.1
      vertex 31.6543 2.07039 11.3
      vertex 31.6543 2.07039 10.1
    endloop
  endfacet
  facet normal 0.980815 -0.19494 0
    outer loop
      vertex 31.6796 2.1447 11.3
      vertex 31.6949 2.22168 10.1
      vertex 31.6949 2.22168 11.3
    endloop
  endfacet
  facet normal 0.980815 -0.19494 0
    outer loop
      vertex 31.6949 2.22168 10.1
      vertex 31.6796 2.1447 11.3
      vertex 31.6796 2.1447 10.1
    endloop
  endfacet
  facet normal 0.997886 -0.0649881 0
    outer loop
      vertex 31.6949 2.22168 11.3
      vertex 31.7 2.29999 10.1
      vertex 31.7 2.29999 11.3
    endloop
  endfacet
  facet normal 0.997886 -0.0649881 0
    outer loop
      vertex 31.7 2.29999 10.1
      vertex 31.6949 2.22168 11.3
      vertex 31.6949 2.22168 10.1
    endloop
  endfacet
  facet normal 1 -0 0
    outer loop
      vertex 31.7 2.29999 11.3
      vertex 31.7 23.48 10.1
      vertex 31.7 23.48 11.3
    endloop
  endfacet
  facet normal 1 0 0
    outer loop
      vertex 31.7 23.48 10.1
      vertex 31.7 2.29999 11.3
      vertex 31.7 2.29999 10.1
    endloop
  endfacet
  facet normal 0.997886 0.0649964 0
    outer loop
      vertex 31.7 23.48 11.3
      vertex 31.6949 23.5583 10.1
      vertex 31.6949 23.5583 11.3
    endloop
  endfacet
  facet normal 0.997886 0.0649964 0
    outer loop
      vertex 31.6949 23.5583 10.1
      vertex 31.7 23.48 11.3
      vertex 31.7 23.48 10.1
    endloop
  endfacet
  facet normal 0.980825 0.194891 0
    outer loop
      vertex 31.6949 23.5583 11.3
      vertex 31.6796 23.6353 10.1
      vertex 31.6796 23.6353 11.3
    endloop
  endfacet
  facet normal 0.980825 0.194891 0
    outer loop
      vertex 31.6796 23.6353 10.1
      vertex 31.6949 23.5583 11.3
      vertex 31.6949 23.5583 10.1
    endloop
  endfacet
  facet normal 0.946625 0.322337 0
    outer loop
      vertex 31.6796 23.6353 11.3
      vertex 31.6543 23.7096 10.1
      vertex 31.6543 23.7096 11.3
    endloop
  endfacet
  facet normal 0.946625 0.322337 0
    outer loop
      vertex 31.6543 23.7096 10.1
      vertex 31.6796 23.6353 11.3
      vertex 31.6796 23.6353 10.1
    endloop
  endfacet
  facet normal 0.896961 0.44211 0
    outer loop
      vertex 31.6543 23.7096 11.3
      vertex 31.6196 23.78 10.1
      vertex 31.6196 23.78 11.3
    endloop
  endfacet
  facet normal 0.896961 0.44211 0
    outer loop
      vertex 31.6196 23.78 10.1
      vertex 31.6543 23.7096 11.3
      vertex 31.6543 23.7096 10.1
    endloop
  endfacet
  facet normal 0.831265 0.555877 0
    outer loop
      vertex 31.6196 23.78 11.3
      vertex 31.576 23.8452 10.1
      vertex 31.576 23.8452 11.3
    endloop
  endfacet
  facet normal 0.831265 0.555877 0
    outer loop
      vertex 31.576 23.8452 10.1
      vertex 31.6196 23.78 11.3
      vertex 31.6196 23.78 10.1
    endloop
  endfacet
  facet normal 0.752656 0.658414 0
    outer loop
      vertex 31.576 23.8452 11.3
      vertex 31.5243 23.9043 10.1
      vertex 31.5243 23.9043 11.3
    endloop
  endfacet
  facet normal 0.752656 0.658414 0
    outer loop
      vertex 31.5243 23.9043 10.1
      vertex 31.576 23.8452 11.3
      vertex 31.576 23.8452 10.1
    endloop
  endfacet
  facet normal 0.659046 0.752103 -0
    outer loop
      vertex 31.5243 23.9043 10.1
      vertex 31.4653 23.956 11.3
      vertex 31.5243 23.9043 11.3
    endloop
  endfacet
  facet normal 0.659046 0.752103 0
    outer loop
      vertex 31.4653 23.956 11.3
      vertex 31.5243 23.9043 10.1
      vertex 31.4653 23.956 10.1
    endloop
  endfacet
  facet normal 0.555288 0.831658 -0
    outer loop
      vertex 31.4653 23.956 10.1
      vertex 31.4 23.9996 11.3
      vertex 31.4653 23.956 11.3
    endloop
  endfacet
  facet normal 0.555288 0.831658 0
    outer loop
      vertex 31.4 23.9996 11.3
      vertex 31.4653 23.956 10.1
      vertex 31.4 23.9996 10.1
    endloop
  endfacet
  facet normal 0.44211 0.896961 -0
    outer loop
      vertex 31.4 23.9996 10.1
      vertex 31.3296 24.0343 11.3
      vertex 31.4 23.9996 11.3
    endloop
  endfacet
  facet normal 0.44211 0.896961 0
    outer loop
      vertex 31.3296 24.0343 11.3
      vertex 31.4 23.9996 10.1
      vertex 31.3296 24.0343 10.1
    endloop
  endfacet
  facet normal 0.322337 0.946625 -0
    outer loop
      vertex 31.3296 24.0343 10.1
      vertex 31.2553 24.0596 11.3
      vertex 31.3296 24.0343 11.3
    endloop
  endfacet
  facet normal 0.322337 0.946625 0
    outer loop
      vertex 31.2553 24.0596 11.3
      vertex 31.3296 24.0343 10.1
      vertex 31.2553 24.0596 10.1
    endloop
  endfacet
  facet normal 0.194891 0.980825 -0
    outer loop
      vertex 31.2553 24.0596 10.1
      vertex 31.1783 24.0749 11.3
      vertex 31.2553 24.0596 11.3
    endloop
  endfacet
  facet normal 0.194891 0.980825 0
    outer loop
      vertex 31.1783 24.0749 11.3
      vertex 31.2553 24.0596 10.1
      vertex 31.1783 24.0749 10.1
    endloop
  endfacet
  facet normal 0.0649964 0.997886 -0
    outer loop
      vertex 31.1783 24.0749 10.1
      vertex 31.1 24.08 11.3
      vertex 31.1783 24.0749 11.3
    endloop
  endfacet
  facet normal 0.0649964 0.997886 0
    outer loop
      vertex 31.1 24.08 11.3
      vertex 31.1783 24.0749 10.1
      vertex 31.1 24.08 10.1
    endloop
  endfacet
  facet normal 0 1 -0
    outer loop
      vertex 31.1 24.08 10.1
      vertex 2.29999 24.08 11.3
      vertex 31.1 24.08 11.3
    endloop
  endfacet
  facet normal 0 1 0
    outer loop
      vertex 2.29999 24.08 11.3
      vertex 31.1 24.08 10.1
      vertex 2.29999 24.08 10.1
    endloop
  endfacet
  facet normal -0.0649881 0.997886 0
    outer loop
      vertex 2.29999 24.08 10.1
      vertex 2.22168 24.0749 11.3
      vertex 2.29999 24.08 11.3
    endloop
  endfacet
  facet normal -0.0649881 0.997886 0
    outer loop
      vertex 2.22168 24.0749 11.3
      vertex 2.29999 24.08 10.1
      vertex 2.22168 24.0749 10.1
    endloop
  endfacet
  facet normal -0.19494 0.980815 0
    outer loop
      vertex 2.22168 24.0749 10.1
      vertex 2.1447 24.0596 11.3
      vertex 2.22168 24.0749 11.3
    endloop
  endfacet
  facet normal -0.19494 0.980815 0
    outer loop
      vertex 2.1447 24.0596 11.3
      vertex 2.22168 24.0749 10.1
      vertex 2.1447 24.0596 10.1
    endloop
  endfacet
  facet normal -0.322298 0.946638 0
    outer loop
      vertex 2.1447 24.0596 10.1
      vertex 2.07039 24.0343 11.3
      vertex 2.1447 24.0596 11.3
    endloop
  endfacet
  facet normal -0.322298 0.946638 0
    outer loop
      vertex 2.07039 24.0343 11.3
      vertex 2.1447 24.0596 10.1
      vertex 2.07039 24.0343 10.1
    endloop
  endfacet
  facet normal -0.442059 0.896986 0
    outer loop
      vertex 2.07039 24.0343 10.1
      vertex 1.99998 23.9996 11.3
      vertex 2.07039 24.0343 11.3
    endloop
  endfacet
  facet normal -0.442059 0.896986 0
    outer loop
      vertex 1.99998 23.9996 11.3
      vertex 2.07039 24.0343 10.1
      vertex 1.99998 23.9996 10.1
    endloop
  endfacet
  facet normal -0.555641 0.831422 0
    outer loop
      vertex 1.99998 23.9996 10.1
      vertex 1.93474 23.956 11.3
      vertex 1.99998 23.9996 11.3
    endloop
  endfacet
  facet normal -0.555641 0.831422 0
    outer loop
      vertex 1.93474 23.956 11.3
      vertex 1.99998 23.9996 10.1
      vertex 1.93474 23.956 10.1
    endloop
  endfacet
  facet normal -0.658983 0.752158 0
    outer loop
      vertex 1.93474 23.956 10.1
      vertex 1.87573 23.9043 11.3
      vertex 1.93474 23.956 11.3
    endloop
  endfacet
  facet normal -0.658983 0.752158 0
    outer loop
      vertex 1.87573 23.9043 11.3
      vertex 1.93474 23.956 10.1
      vertex 1.87573 23.9043 10.1
    endloop
  endfacet
  facet normal -0.752277 0.658847 0
    outer loop
      vertex 1.82397 23.8452 10.1
      vertex 1.87573 23.9043 11.3
      vertex 1.87573 23.9043 10.1
    endloop
  endfacet
  facet normal -0.752277 0.658847 0
    outer loop
      vertex 1.87573 23.9043 11.3
      vertex 1.82397 23.8452 10.1
      vertex 1.82397 23.8452 11.3
    endloop
  endfacet
  facet normal -0.831324 0.555788 0
    outer loop
      vertex 1.78038 23.78 10.1
      vertex 1.82397 23.8452 11.3
      vertex 1.82397 23.8452 10.1
    endloop
  endfacet
  facet normal -0.831324 0.555788 0
    outer loop
      vertex 1.82397 23.8452 11.3
      vertex 1.78038 23.78 10.1
      vertex 1.78038 23.78 11.3
    endloop
  endfacet
  facet normal -0.89691 0.442212 0
    outer loop
      vertex 1.74567 23.7096 10.1
      vertex 1.78038 23.78 11.3
      vertex 1.78038 23.78 10.1
    endloop
  endfacet
  facet normal -0.89691 0.442212 0
    outer loop
      vertex 1.78038 23.78 11.3
      vertex 1.74567 23.7096 10.1
      vertex 1.74567 23.7096 11.3
    endloop
  endfacet
  facet normal -0.946897 0.321537 0
    outer loop
      vertex 1.72044 23.6353 10.1
      vertex 1.74567 23.7096 11.3
      vertex 1.74567 23.7096 10.1
    endloop
  endfacet
  facet normal -0.946897 0.321537 0
    outer loop
      vertex 1.74567 23.7096 11.3
      vertex 1.72044 23.6353 10.1
      vertex 1.72044 23.6353 11.3
    endloop
  endfacet
  facet normal -0.980776 0.195136 0
    outer loop
      vertex 1.70512 23.5583 10.1
      vertex 1.72044 23.6353 11.3
      vertex 1.72044 23.6353 10.1
    endloop
  endfacet
  facet normal -0.980776 0.195136 0
    outer loop
      vertex 1.72044 23.6353 11.3
      vertex 1.70512 23.5583 10.1
      vertex 1.70512 23.5583 11.3
    endloop
  endfacet
  facet normal -0.997869 0.0652502 0
    outer loop
      vertex 1.7 23.48 10.1
      vertex 1.70512 23.5583 11.3
      vertex 1.70512 23.5583 10.1
    endloop
  endfacet
  facet normal -0.997869 0.0652502 0
    outer loop
      vertex 1.70512 23.5583 11.3
      vertex 1.7 23.48 10.1
      vertex 1.7 23.48 11.3
    endloop
  endfacet
  facet normal -1 0 0
    outer loop
      vertex 1.7 2.29999 10.1
      vertex 1.7 23.48 11.3
      vertex 1.7 23.48 10.1
    endloop
  endfacet
  facet normal -1 -0 0
    outer loop
      vertex 1.7 23.48 11.3
      vertex 1.7 2.29999 10.1
      vertex 1.7 2.29999 11.3
    endloop
  endfacet
  facet normal -0.997869 -0.0652419 0
    outer loop
      vertex 1.70512 2.22168 10.1
      vertex 1.7 2.29999 11.3
      vertex 1.7 2.29999 10.1
    endloop
  endfacet
  facet normal -0.997869 -0.0652419 0
    outer loop
      vertex 1.7 2.29999 11.3
      vertex 1.70512 2.22168 10.1
      vertex 1.70512 2.22168 11.3
    endloop
  endfacet
  facet normal -0.980766 -0.195185 0
    outer loop
      vertex 1.72044 2.1447 10.1
      vertex 1.70512 2.22168 11.3
      vertex 1.70512 2.22168 10.1
    endloop
  endfacet
  facet normal -0.980766 -0.195185 0
    outer loop
      vertex 1.70512 2.22168 11.3
      vertex 1.72044 2.1447 10.1
      vertex 1.72044 2.1447 11.3
    endloop
  endfacet
  facet normal -0.94691 -0.321498 0
    outer loop
      vertex 1.74567 2.07039 10.1
      vertex 1.72044 2.1447 11.3
      vertex 1.72044 2.1447 10.1
    endloop
  endfacet
  facet normal -0.94691 -0.321498 0
    outer loop
      vertex 1.72044 2.1447 11.3
      vertex 1.74567 2.07039 10.1
      vertex 1.74567 2.07039 11.3
    endloop
  endfacet
  facet normal -0.896935 -0.442162 0
    outer loop
      vertex 1.78038 1.99998 10.1
      vertex 1.74567 2.07039 11.3
      vertex 1.74567 2.07039 10.1
    endloop
  endfacet
  facet normal -0.896935 -0.442162 0
    outer loop
      vertex 1.74567 2.07039 11.3
      vertex 1.78038 1.99998 10.1
      vertex 1.78038 1.99998 11.3
    endloop
  endfacet
  facet normal -0.831481 -0.555553 0
    outer loop
      vertex 1.82397 1.93474 10.1
      vertex 1.78038 1.99998 11.3
      vertex 1.78038 1.99998 10.1
    endloop
  endfacet
  facet normal -0.831481 -0.555553 0
    outer loop
      vertex 1.78038 1.99998 11.3
      vertex 1.82397 1.93474 10.1
      vertex 1.82397 1.93474 11.3
    endloop
  endfacet
  facet normal -0.751779 -0.659415 0
    outer loop
      vertex 1.87573 1.87573 10.1
      vertex 1.82397 1.93474 11.3
      vertex 1.82397 1.93474 10.1
    endloop
  endfacet
  facet normal -0.751779 -0.659415 0
    outer loop
      vertex 1.82397 1.93474 11.3
      vertex 1.87573 1.87573 10.1
      vertex 1.87573 1.87573 11.3
    endloop
  endfacet
  facet normal -0.659415 -0.751779 0
    outer loop
      vertex 1.87573 1.87573 10.1
      vertex 1.93474 1.82397 11.3
      vertex 1.87573 1.87573 11.3
    endloop
  endfacet
  facet normal -0.659415 -0.751779 -0
    outer loop
      vertex 1.93474 1.82397 11.3
      vertex 1.87573 1.87573 10.1
      vertex 1.93474 1.82397 10.1
    endloop
  endfacet
  facet normal -0.555553 -0.831481 0
    outer loop
      vertex 1.93474 1.82397 10.1
      vertex 1.99998 1.78038 11.3
      vertex 1.93474 1.82397 11.3
    endloop
  endfacet
  facet normal -0.555553 -0.831481 -0
    outer loop
      vertex 1.99998 1.78038 11.3
      vertex 1.93474 1.82397 10.1
      vertex 1.99998 1.78038 10.1
    endloop
  endfacet
  facet normal -0.442162 -0.896935 0
    outer loop
      vertex 1.99998 1.78038 10.1
      vertex 2.07039 1.74567 11.3
      vertex 1.99998 1.78038 11.3
    endloop
  endfacet
  facet normal -0.442162 -0.896935 -0
    outer loop
      vertex 2.07039 1.74567 11.3
      vertex 1.99998 1.78038 10.1
      vertex 2.07039 1.74567 10.1
    endloop
  endfacet
  facet normal -0.321498 -0.94691 0
    outer loop
      vertex 2.07039 1.74567 10.1
      vertex 2.1447 1.72044 11.3
      vertex 2.07039 1.74567 11.3
    endloop
  endfacet
  facet normal -0.321498 -0.94691 -0
    outer loop
      vertex 2.1447 1.72044 11.3
      vertex 2.07039 1.74567 10.1
      vertex 2.1447 1.72044 10.1
    endloop
  endfacet
  facet normal -0.195185 -0.980766 0
    outer loop
      vertex 2.1447 1.72044 10.1
      vertex 2.22168 1.70512 11.3
      vertex 2.1447 1.72044 11.3
    endloop
  endfacet
  facet normal -0.195185 -0.980766 -0
    outer loop
      vertex 2.22168 1.70512 11.3
      vertex 2.1447 1.72044 10.1
      vertex 2.22168 1.70512 10.1
    endloop
  endfacet
  facet normal -0.0652419 -0.997869 0
    outer loop
      vertex 2.22168 1.70512 10.1
      vertex 2.29999 1.7 11.3
      vertex 2.22168 1.70512 11.3
    endloop
  endfacet
  facet normal -0.0652419 -0.997869 -0
    outer loop
      vertex 2.29999 1.7 11.3
      vertex 2.22168 1.70512 10.1
      vertex 2.29999 1.7 10.1
    endloop
  endfacet
  facet normal 0 -1 0
    outer loop
      vertex 2.29999 1.7 10.1
      vertex 31.1 1.7 11.3
      vertex 2.29999 1.7 11.3
    endloop
  endfacet
  facet normal 0 -1 -0
    outer loop
      vertex 31.1 1.7 11.3
      vertex 2.29999 1.7 10.1
      vertex 31.1 1.7 10.1
    endloop
  endfacet
  facet normal 0.0652502 -0.997869 0
    outer loop
      vertex 31.1 1.7 10.1
      vertex 31.1783 1.70512 11.3
      vertex 31.1 1.7 11.3
    endloop
  endfacet
  facet normal 0.0652502 -0.997869 0
    outer loop
      vertex 31.1783 1.70512 11.3
      vertex 31.1 1.7 10.1
      vertex 31.1783 1.70512 10.1
    endloop
  endfacet
  facet normal 0.0654094 0.997859 -0
    outer loop
      vertex 2.89999 2.29999 10.1
      vertex 2.83851 2.30402 11.3
      vertex 2.89999 2.29999 11.3
    endloop
  endfacet
  facet normal 0.0654094 0.997859 0
    outer loop
      vertex 2.83851 2.30402 11.3
      vertex 2.89999 2.29999 10.1
      vertex 2.83851 2.30402 10.1
    endloop
  endfacet
  facet normal 0.321453 0.946926 -0
    outer loop
      vertex 2.71981 2.32888 10.1
      vertex 2.67038 2.34566 11.3
      vertex 2.71981 2.32888 11.3
    endloop
  endfacet
  facet normal 0.321453 0.946926 0
    outer loop
      vertex 2.67038 2.34566 11.3
      vertex 2.71981 2.32888 10.1
      vertex 2.67038 2.34566 10.1
    endloop
  endfacet
  facet normal 0.442263 0.896885 -0
    outer loop
      vertex 2.67038 2.34566 10.1
      vertex 2.59999 2.38037 11.3
      vertex 2.67038 2.34566 11.3
    endloop
  endfacet
  facet normal 0.442263 0.896885 0
    outer loop
      vertex 2.59999 2.38037 11.3
      vertex 2.67038 2.34566 10.1
      vertex 2.59999 2.38037 10.1
    endloop
  endfacet
  facet normal 0.555611 0.831442 -0
    outer loop
      vertex 2.59999 2.38037 10.1
      vertex 2.53473 2.42398 11.3
      vertex 2.59999 2.38037 11.3
    endloop
  endfacet
  facet normal 0.555611 0.831442 0
    outer loop
      vertex 2.53473 2.42398 11.3
      vertex 2.59999 2.38037 10.1
      vertex 2.53473 2.42398 10.1
    endloop
  endfacet
  facet normal 0.659271 0.751905 -0
    outer loop
      vertex 2.53473 2.42398 10.1
      vertex 2.47572 2.47572 11.3
      vertex 2.53473 2.42398 11.3
    endloop
  endfacet
  facet normal 0.659271 0.751905 0
    outer loop
      vertex 2.47572 2.47572 11.3
      vertex 2.53473 2.42398 10.1
      vertex 2.47572 2.47572 10.1
    endloop
  endfacet
  facet normal 0.751905 0.659271 0
    outer loop
      vertex 2.47572 2.47572 11.3
      vertex 2.42398 2.53473 10.1
      vertex 2.42398 2.53473 11.3
    endloop
  endfacet
  facet normal 0.751905 0.659271 0
    outer loop
      vertex 2.42398 2.53473 10.1
      vertex 2.47572 2.47572 11.3
      vertex 2.47572 2.47572 10.1
    endloop
  endfacet
  facet normal 0.831442 0.555611 0
    outer loop
      vertex 2.42398 2.53473 11.3
      vertex 2.38037 2.59999 10.1
      vertex 2.38037 2.59999 11.3
    endloop
  endfacet
  facet normal 0.831442 0.555611 0
    outer loop
      vertex 2.38037 2.59999 10.1
      vertex 2.42398 2.53473 11.3
      vertex 2.42398 2.53473 10.1
    endloop
  endfacet
  facet normal 0.896885 0.442263 0
    outer loop
      vertex 2.38037 2.59999 11.3
      vertex 2.34566 2.67038 10.1
      vertex 2.34566 2.67038 11.3
    endloop
  endfacet
  facet normal 0.896885 0.442263 0
    outer loop
      vertex 2.34566 2.67038 10.1
      vertex 2.38037 2.59999 11.3
      vertex 2.38037 2.59999 10.1
    endloop
  endfacet
  facet normal 0.946926 0.321453 0
    outer loop
      vertex 2.34566 2.67038 11.3
      vertex 2.32888 2.71981 10.1
      vertex 2.32888 2.71981 11.3
    endloop
  endfacet
  facet normal 0.946926 0.321453 0
    outer loop
      vertex 2.32888 2.71981 10.1
      vertex 2.34566 2.67038 11.3
      vertex 2.34566 2.67038 10.1
    endloop
  endfacet
  facet normal 0.997859 0.0654094 0
    outer loop
      vertex 2.30402 2.83851 11.3
      vertex 2.29999 2.89999 10.1
      vertex 2.29999 2.89999 11.3
    endloop
  endfacet
  facet normal 0.997859 0.0654094 0
    outer loop
      vertex 2.29999 2.89999 10.1
      vertex 2.30402 2.83851 11.3
      vertex 2.30402 2.83851 10.1
    endloop
  endfacet
  facet normal 1 -0 0
    outer loop
      vertex 2.29999 2.89999 11.3
      vertex 2.29999 22.88 10.1
      vertex 2.29999 22.88 11.3
    endloop
  endfacet
  facet normal 1 0 0
    outer loop
      vertex 2.29999 22.88 10.1
      vertex 2.29999 2.89999 11.3
      vertex 2.29999 2.89999 10.1
    endloop
  endfacet
  facet normal 0.997851 -0.0655255 0
    outer loop
      vertex 2.29999 22.88 11.3
      vertex 2.30393 22.94 10.1
      vertex 2.30393 22.94 11.3
    endloop
  endfacet
  facet normal 0.997851 -0.0655255 0
    outer loop
      vertex 2.30393 22.94 10.1
      vertex 2.29999 22.88 11.3
      vertex 2.29999 22.88 10.1
    endloop
  endfacet
  facet normal 0.94691 -0.321499 0
    outer loop
      vertex 2.32994 23.0633 11.3
      vertex 2.34566 23.1096 10.1
      vertex 2.34566 23.1096 11.3
    endloop
  endfacet
  facet normal 0.94691 -0.321499 0
    outer loop
      vertex 2.34566 23.1096 10.1
      vertex 2.32994 23.0633 11.3
      vertex 2.32994 23.0633 10.1
    endloop
  endfacet
  facet normal 0.89691 -0.442212 0
    outer loop
      vertex 2.34566 23.1096 11.3
      vertex 2.38037 23.18 10.1
      vertex 2.38037 23.18 11.3
    endloop
  endfacet
  facet normal 0.89691 -0.442212 0
    outer loop
      vertex 2.38037 23.18 10.1
      vertex 2.34566 23.1096 11.3
      vertex 2.34566 23.1096 10.1
    endloop
  endfacet
  facet normal 0.831258 -0.555887 0
    outer loop
      vertex 2.38037 23.18 11.3
      vertex 2.42036 23.2398 10.1
      vertex 2.42036 23.2398 11.3
    endloop
  endfacet
  facet normal 0.831258 -0.555887 0
    outer loop
      vertex 2.42036 23.2398 10.1
      vertex 2.38037 23.18 11.3
      vertex 2.38037 23.18 10.1
    endloop
  endfacet
  facet normal 0.751925 -0.659249 0
    outer loop
      vertex 2.42557 23.2471 11.3
      vertex 2.47572 23.3043 10.1
      vertex 2.47572 23.3043 11.3
    endloop
  endfacet
  facet normal 0.751925 -0.659249 0
    outer loop
      vertex 2.47572 23.3043 10.1
      vertex 2.42557 23.2471 11.3
      vertex 2.42557 23.2471 10.1
    endloop
  endfacet
  facet normal 0.658983 -0.752158 0
    outer loop
      vertex 2.47572 23.3043 10.1
      vertex 2.53473 23.356 11.3
      vertex 2.47572 23.3043 11.3
    endloop
  endfacet
  facet normal 0.658983 -0.752158 0
    outer loop
      vertex 2.53473 23.356 11.3
      vertex 2.47572 23.3043 10.1
      vertex 2.53473 23.356 10.1
    endloop
  endfacet
  facet normal 0.555523 -0.831501 0
    outer loop
      vertex 2.53473 23.356 10.1
      vertex 2.59999 23.3996 11.3
      vertex 2.53473 23.356 11.3
    endloop
  endfacet
  facet normal 0.555523 -0.831501 0
    outer loop
      vertex 2.59999 23.3996 11.3
      vertex 2.53473 23.356 10.1
      vertex 2.59999 23.3996 10.1
    endloop
  endfacet
  facet normal 0.44216 -0.896936 0
    outer loop
      vertex 2.59999 23.3996 10.1
      vertex 2.67038 23.4343 11.3
      vertex 2.59999 23.3996 11.3
    endloop
  endfacet
  facet normal 0.44216 -0.896936 0
    outer loop
      vertex 2.67038 23.4343 11.3
      vertex 2.59999 23.3996 10.1
      vertex 2.67038 23.4343 10.1
    endloop
  endfacet
  facet normal 0.321078 -0.947053 0
    outer loop
      vertex 2.67038 23.4343 10.1
      vertex 2.74471 23.4595 11.3
      vertex 2.67038 23.4343 11.3
    endloop
  endfacet
  facet normal 0.321078 -0.947053 0
    outer loop
      vertex 2.74471 23.4595 11.3
      vertex 2.67038 23.4343 10.1
      vertex 2.74471 23.4595 10.1
    endloop
  endfacet
  facet normal 0.198662 -0.980068 0
    outer loop
      vertex 2.74471 23.4595 10.1
      vertex 2.76395 23.4634 11.3
      vertex 2.74471 23.4595 11.3
    endloop
  endfacet
  facet normal 0.198662 -0.980068 0
    outer loop
      vertex 2.76395 23.4634 11.3
      vertex 2.74471 23.4595 10.1
      vertex 2.76395 23.4634 10.1
    endloop
  endfacet
  facet normal 0.0662484 -0.997803 0
    outer loop
      vertex 2.88041 23.4787 10.1
      vertex 2.89999 23.48 11.3
      vertex 2.88041 23.4787 11.3
    endloop
  endfacet
  facet normal 0.0662484 -0.997803 0
    outer loop
      vertex 2.89999 23.48 11.3
      vertex 2.88041 23.4787 10.1
      vertex 2.89999 23.48 10.1
    endloop
  endfacet
  facet normal 0 -1 0
    outer loop
      vertex 2.89999 23.48 10.1
      vertex 30.5 23.48 11.3
      vertex 2.89999 23.48 11.3
    endloop
  endfacet
  facet normal 0 -1 -0
    outer loop
      vertex 30.5 23.48 11.3
      vertex 2.89999 23.48 10.1
      vertex 30.5 23.48 10.1
    endloop
  endfacet
  facet normal -0.0653363 -0.997863 0
    outer loop
      vertex 30.5 23.48 10.1
      vertex 30.5168 23.4789 11.3
      vertex 30.5 23.48 11.3
    endloop
  endfacet
  facet normal -0.0653363 -0.997863 -0
    outer loop
      vertex 30.5168 23.4789 11.3
      vertex 30.5 23.48 10.1
      vertex 30.5168 23.4789 10.1
    endloop
  endfacet
  facet normal -0.1953 -0.980744 0
    outer loop
      vertex 30.6322 23.4641 10.1
      vertex 30.6553 23.4595 11.3
      vertex 30.6322 23.4641 11.3
    endloop
  endfacet
  facet normal -0.1953 -0.980744 -0
    outer loop
      vertex 30.6553 23.4595 11.3
      vertex 30.6322 23.4641 10.1
      vertex 30.6553 23.4595 10.1
    endloop
  endfacet
  facet normal -0.321194 -0.947013 0
    outer loop
      vertex 30.6553 23.4595 10.1
      vertex 30.7296 23.4343 11.3
      vertex 30.6553 23.4595 11.3
    endloop
  endfacet
  facet normal -0.321194 -0.947013 -0
    outer loop
      vertex 30.7296 23.4343 11.3
      vertex 30.6553 23.4595 10.1
      vertex 30.7296 23.4343 10.1
    endloop
  endfacet
  facet normal -0.44211 -0.896961 0
    outer loop
      vertex 30.7296 23.4343 10.1
      vertex 30.8 23.3996 11.3
      vertex 30.7296 23.4343 11.3
    endloop
  endfacet
  facet normal -0.44211 -0.896961 -0
    outer loop
      vertex 30.8 23.3996 11.3
      vertex 30.7296 23.4343 10.1
      vertex 30.8 23.3996 10.1
    endloop
  endfacet
  facet normal -0.555877 -0.831265 0
    outer loop
      vertex 30.8 23.3996 10.1
      vertex 30.8652 23.356 11.3
      vertex 30.8 23.3996 11.3
    endloop
  endfacet
  facet normal -0.555877 -0.831265 -0
    outer loop
      vertex 30.8652 23.356 11.3
      vertex 30.8 23.3996 10.1
      vertex 30.8652 23.356 10.1
    endloop
  endfacet
  facet normal -0.658414 -0.752656 0
    outer loop
      vertex 30.8652 23.356 10.1
      vertex 30.9243 23.3043 11.3
      vertex 30.8652 23.356 11.3
    endloop
  endfacet
  facet normal -0.658414 -0.752656 -0
    outer loop
      vertex 30.9243 23.3043 11.3
      vertex 30.8652 23.356 10.1
      vertex 30.9243 23.3043 10.1
    endloop
  endfacet
  facet normal -0.753082 -0.657927 0
    outer loop
      vertex 30.9485 23.2766 10.1
      vertex 30.9243 23.3043 11.3
      vertex 30.9243 23.3043 10.1
    endloop
  endfacet
  facet normal -0.753082 -0.657927 0
    outer loop
      vertex 30.9243 23.3043 11.3
      vertex 30.9485 23.2766 10.1
      vertex 30.9485 23.2766 11.3
    endloop
  endfacet
  facet normal -0.831109 -0.55611 0
    outer loop
      vertex 31.0196 23.18 10.1
      vertex 31.0014 23.2072 11.3
      vertex 31.0014 23.2072 10.1
    endloop
  endfacet
  facet normal -0.831109 -0.55611 0
    outer loop
      vertex 31.0014 23.2072 11.3
      vertex 31.0196 23.18 10.1
      vertex 31.0196 23.18 11.3
    endloop
  endfacet
  facet normal -0.896961 -0.44211 0
    outer loop
      vertex 31.0543 23.1096 10.1
      vertex 31.0196 23.18 11.3
      vertex 31.0196 23.18 10.1
    endloop
  endfacet
  facet normal -0.896961 -0.44211 0
    outer loop
      vertex 31.0196 23.18 11.3
      vertex 31.0543 23.1096 10.1
      vertex 31.0543 23.1096 11.3
    endloop
  endfacet
  facet normal -0.946859 -0.321648 0
    outer loop
      vertex 31.0792 23.0363 10.1
      vertex 31.0543 23.1096 11.3
      vertex 31.0543 23.1096 10.1
    endloop
  endfacet
  facet normal -0.946859 -0.321648 0
    outer loop
      vertex 31.0543 23.1096 11.3
      vertex 31.0792 23.0363 10.1
      vertex 31.0792 23.0363 11.3
    endloop
  endfacet
  facet normal -0.980581 -0.196116 0
    outer loop
      vertex 31.0949 22.9583 10.1
      vertex 31.0795 23.0353 11.3
      vertex 31.0795 23.0353 10.1
    endloop
  endfacet
  facet normal -0.980581 -0.196116 0
    outer loop
      vertex 31.0795 23.0353 11.3
      vertex 31.0949 22.9583 10.1
      vertex 31.0949 22.9583 11.3
    endloop
  endfacet
  facet normal -0.997886 -0.0649964 0
    outer loop
      vertex 31.1 22.88 10.1
      vertex 31.0949 22.9583 11.3
      vertex 31.0949 22.9583 10.1
    endloop
  endfacet
  facet normal -0.997886 -0.0649964 0
    outer loop
      vertex 31.0949 22.9583 11.3
      vertex 31.1 22.88 10.1
      vertex 31.1 22.88 11.3
    endloop
  endfacet
  facet normal -1 0 0
    outer loop
      vertex 31.1 2.89999 10.1
      vertex 31.1 22.88 11.3
      vertex 31.1 22.88 10.1
    endloop
  endfacet
  facet normal -1 -0 0
    outer loop
      vertex 31.1 22.88 11.3
      vertex 31.1 2.89999 10.1
      vertex 31.1 2.89999 11.3
    endloop
  endfacet
  facet normal -0.997887 0.0649798 0
    outer loop
      vertex 31.0949 2.82167 10.1
      vertex 31.1 2.89999 11.3
      vertex 31.1 2.89999 10.1
    endloop
  endfacet
  facet normal -0.997887 0.0649798 0
    outer loop
      vertex 31.1 2.89999 11.3
      vertex 31.0949 2.82167 10.1
      vertex 31.0949 2.82167 11.3
    endloop
  endfacet
  facet normal -0.980561 0.196214 0
    outer loop
      vertex 31.0795 2.74471 10.1
      vertex 31.0949 2.82167 11.3
      vertex 31.0949 2.82167 10.1
    endloop
  endfacet
  facet normal -0.980561 0.196214 0
    outer loop
      vertex 31.0949 2.82167 11.3
      vertex 31.0795 2.74471 10.1
      vertex 31.0795 2.74471 11.3
    endloop
  endfacet
  facet normal -0.947053 0.321078 0
    outer loop
      vertex 31.0543 2.67038 10.1
      vertex 31.0795 2.74471 11.3
      vertex 31.0795 2.74471 10.1
    endloop
  endfacet
  facet normal -0.947053 0.321078 0
    outer loop
      vertex 31.0795 2.74471 11.3
      vertex 31.0543 2.67038 10.1
      vertex 31.0543 2.67038 11.3
    endloop
  endfacet
  facet normal -0.896936 0.44216 0
    outer loop
      vertex 31.0196 2.59999 10.1
      vertex 31.0543 2.67038 11.3
      vertex 31.0543 2.67038 10.1
    endloop
  endfacet
  facet normal -0.896936 0.44216 0
    outer loop
      vertex 31.0543 2.67038 11.3
      vertex 31.0196 2.59999 10.1
      vertex 31.0196 2.59999 11.3
    endloop
  endfacet
  facet normal -0.831422 0.555641 0
    outer loop
      vertex 31.0087 2.58368 10.1
      vertex 31.0196 2.59999 11.3
      vertex 31.0196 2.59999 10.1
    endloop
  endfacet
  facet normal -0.831422 0.555641 0
    outer loop
      vertex 31.0196 2.59999 11.3
      vertex 31.0087 2.58368 10.1
      vertex 31.0087 2.58368 11.3
    endloop
  endfacet
  facet normal -0.752394 0.658713 0
    outer loop
      vertex 30.9243 2.47572 10.1
      vertex 30.9712 2.52929 11.3
      vertex 30.9712 2.52929 10.1
    endloop
  endfacet
  facet normal -0.752394 0.658713 0
    outer loop
      vertex 30.9712 2.52929 11.3
      vertex 30.9243 2.47572 10.1
      vertex 30.9243 2.47572 11.3
    endloop
  endfacet
  facet normal -0.659249 0.751925 0
    outer loop
      vertex 30.9243 2.47572 10.1
      vertex 30.8671 2.42557 11.3
      vertex 30.9243 2.47572 11.3
    endloop
  endfacet
  facet normal -0.659249 0.751925 0
    outer loop
      vertex 30.8671 2.42557 11.3
      vertex 30.9243 2.47572 10.1
      vertex 30.8671 2.42557 10.1
    endloop
  endfacet
  facet normal -0.555887 0.831258 0
    outer loop
      vertex 30.8598 2.42036 10.1
      vertex 30.8 2.38037 11.3
      vertex 30.8598 2.42036 11.3
    endloop
  endfacet
  facet normal -0.555887 0.831258 0
    outer loop
      vertex 30.8 2.38037 11.3
      vertex 30.8598 2.42036 10.1
      vertex 30.8 2.38037 10.1
    endloop
  endfacet
  facet normal -0.442212 0.89691 0
    outer loop
      vertex 30.8 2.38037 10.1
      vertex 30.7296 2.34566 11.3
      vertex 30.8 2.38037 11.3
    endloop
  endfacet
  facet normal -0.442212 0.89691 0
    outer loop
      vertex 30.7296 2.34566 11.3
      vertex 30.8 2.38037 10.1
      vertex 30.7296 2.34566 10.1
    endloop
  endfacet
  facet normal -0.321629 0.946866 0
    outer loop
      vertex 30.7296 2.34566 10.1
      vertex 30.6676 2.3246 11.3
      vertex 30.7296 2.34566 11.3
    endloop
  endfacet
  facet normal -0.321629 0.946866 0
    outer loop
      vertex 30.6676 2.3246 11.3
      vertex 30.7296 2.34566 10.1
      vertex 30.6676 2.3246 10.1
    endloop
  endfacet
  facet normal -0.0654471 0.997856 0
    outer loop
      vertex 30.5587 2.30384 10.1
      vertex 30.5 2.29999 11.3
      vertex 30.5587 2.30384 11.3
    endloop
  endfacet
  facet normal -0.0654471 0.997856 0
    outer loop
      vertex 30.5 2.29999 11.3
      vertex 30.5587 2.30384 10.1
      vertex 30.5 2.29999 10.1
    endloop
  endfacet
  facet normal 0 1 -0
    outer loop
      vertex 30.5 2.29999 10.1
      vertex 2.89999 2.29999 11.3
      vertex 30.5 2.29999 11.3
    endloop
  endfacet
  facet normal 0 1 0
    outer loop
      vertex 2.89999 2.29999 11.3
      vertex 30.5 2.29999 10.1
      vertex 2.89999 2.29999 10.1
    endloop
  endfacet
endsolid OpenSCAD_Model
