; generated by PrusaSlicer 2.9.5 on 2026-06-18 at 04:26:20 UTC

; 

; external perimeters extrusion width = 0.45mm
; perimeters extrusion width = 0.45mm
; infill extrusion width = 0.45mm
; solid infill extrusion width = 0.45mm
; top infill extrusion width = 0.40mm
; first layer extrusion width = 0.42mm

M73 P0 R29
M73 Q0 S29
M201 X1000 Y1000 Z200 E5000 ; sets maximum accelerations, mm/sec^2
M203 X200 Y200 Z12 E120 ; sets maximum feedrates, mm / sec
M204 S1250 T1250 ; sets acceleration (S) and retract acceleration (R), mm/sec^2
M205 X8.00 Y8.00 Z0.40 E4.50 ; sets the jerk limits, mm/sec
M205 S0 T0 ; sets the minimum extruding and travel feed rate, mm/sec

; printing object enclosure3/stl/lid-print.stl id:0 copy 0
; stop printing object enclosure3/stl/lid-print.stl id:0 copy 0

;TYPE:Custom
M862.3 P "MK3S" ; printer model check
M862.1 P0.4 ; nozzle diameter check
M115 U3.14.1 ; tell printer latest fw version
G90 ; use absolute coordinates
M83 ; extruder relative mode
M104 S215 ; set extruder temp
M140 S60 ; set bed temp
M190 S60 ; wait for bed temp
M109 S215 ; wait for extruder temp
G28 W ; home all without mesh bed level
G80 X98.0229 Y81.8329 W53.9542 H46.3342 ; mesh bed levelling

G1 Z0.2 F720
G1 Y-3 F1000 ; go outside print area
G92 E0
G1 X60 E9 F1000 ; intro line
G1 X100 E12.5 F1000 ; intro line

G92 E0
M221 S95

; Don't change E values below. Excessive value can damage the printer.
M907 E430 ; set extruder motor current
G21 ; set units to millimeters
G90 ; use absolute coordinates
M83 ; use relative distances for extrusion

M900 K0.05 ; Filament gcode LA 1.5
M900 K30 ; Filament gcode LA 1.0




M107
;LAYER_CHANGE
;Z:0.2
;HEIGHT:0.2
G1 E-.8 F2100
G1 Z.6 F720
G1 X100.756 Y84.802 F10800
G1 Z.2 F720
G1 E.8 F2100
M204 S800
;TYPE:Skirt/Brim
;WIDTH:0.42
G1 F1200
G1 X102.016 Y83.715 E.05218
G1 X103.537 Y82.837 E.05507
G1 X104.787 Y82.375 E.04178
G1 X106.422 Y82.064 E.05218
G1 X142.783 Y82.022 E1.14007
G1 X144.193 Y82.145 E.04438
G1 X145.889 Y82.599 E.05505
G1 X147.1 Y83.156 E.04179
G1 X148.476 Y84.092 E.05218
G1 X149.718 Y85.334 E.05507
G1 X150.653 Y86.709 E.05214
G1 X151.211 Y87.92 E.04181
G1 X151.689 Y89.759 E.05958
G1 X151.789 Y91.033 E.04007
G1 X151.746 Y119.768 E.90097
G1 X151.435 Y121.403 E.05218
G1 X150.973 Y122.654 E.04181
G1 X150.095 Y124.173 E.05501
G1 X149.244 Y125.198 E.04177
G1 X147.985 Y126.284 E.05213
G1 X146.332 Y127.222 E.05959
G1 X144.751 Y127.744 E.0522
G1 X143.72 Y127.922 E.0328
G1 X142.777 Y127.979 E.02962
G1 X106.913 Y127.968 E1.12449
G1 X105.249 Y127.744 E.05264
M73 P0 R28
G1 X103.668 Y127.222 E.0522
G1 X102.489 Y126.601 E.04178
G1 X100.992 Y125.434 E.05951
G1 X99.905 Y124.174 E.05218
G1 X98.968 Y122.522 E.05955
G1 X98.446 Y120.942 E.05217
G1 X98.268 Y119.911 E.0328
G1 X98.211 Y118.967 E.02965
G1 X98.254 Y90.232 E.90097
G1 X98.565 Y88.597 E.05218
G1 X99.027 Y87.347 E.04178
G1 X99.905 Y85.826 E.05507
G1 X100.717 Y84.848 E.03986
M204 S1000
;WIPE_START
G1 F8640
G1 X100.756 Y84.802 E-.01393
G1 X102.016 Y83.715 E-.38424
G1 X103.524 Y82.845 E-.40183
;WIPE_END
G1 Z.6 F720
G1 X102.625 Y86.433 F10800
G1 Z.2 F720
G1 E.8 F2100
M204 S800
G1 F1200
G1 X103.904 Y85.436 E.05085
G1 X104.766 Y85.003 E.03025
G1 X106.211 Y84.587 E.04715
G1 X107.165 Y84.499 E.03004
G1 X143.493 Y84.545 E1.13904
G1 X144.186 Y84.665 E.02205
M73 P1 R28
M73 Q1 S28
G1 X145.176 Y84.978 E.03256
G1 X146.176 Y85.483 E.03513
G1 X147.24 Y86.3 E.04206
G1 X147.938 Y87.074 E.03268
G1 X148.469 Y87.878 E.03021
G1 X148.811 Y88.584 E.0246
G1 X149.085 Y89.389 E.02666
G1 X149.261 Y90.278 E.02841
G1 X149.307 Y119.142 E.90501
G1 X149.138 Y120.408 E.04005
G1 X148.724 Y121.622 E.04022
G1 X148 Y122.845 E.04456
G1 X147.355 Y123.587 E.03083
G1 X146.096 Y124.564 E.04997
G1 X145.233 Y124.998 E.03029
G1 X143.787 Y125.414 E.04718
G1 X142.835 Y125.501 E.02997
G1 X107.177 Y125.502 E1.11803
G1 X105.798 Y125.332 E.04356
G1 X104.635 Y124.943 E.03845
G1 X103.347 Y124.192 E.04675
G1 X102.603 Y123.546 E.03089
G1 X101.626 Y122.287 E.04997
G1 X101.193 Y121.424 E.03027
G1 X100.777 Y119.979 E.04715
G1 X100.688 Y119.008 E.03057
G1 X100.689 Y90.973 E.87902
G1 X100.859 Y89.607 E.04316
G1 X101.25 Y88.438 E.03865
G1 X101.649 Y87.676 E.02697
G1 X102.588 Y86.48 E.04768
M204 S1000
G1 X102.882 Y86.71 F10800
M204 S800
G1 F1200
G1 X102.884 Y86.707 E.00011
G1 X104.106 Y85.754 E.04859
G1 X104.923 Y85.345 E.02865
G1 X106.281 Y84.957 E.04428
G1 X107.19 Y84.875 E.02862
G1 X142.779 Y84.874 E1.11587
G1 X144.109 Y85.035 E.04201
G1 X145.02 Y85.322 E.02995
G1 X145.973 Y85.801 E.03344
G1 X146.986 Y86.579 E.04005
G1 X147.648 Y87.316 E.03106
G1 X148.136 Y88.054 E.02774
G1 X148.724 Y89.498 E.04889
G1 X148.885 Y90.318 E.0262
G1 X148.93 Y119.118 E.903
G1 X148.77 Y120.326 E.03821
G1 X148.383 Y121.46 E.03757
G1 X147.693 Y122.626 E.04248
G1 X147.096 Y123.313 E.02854
G1 X145.894 Y124.246 E.04771
G1 X145.075 Y124.655 E.0287
G1 X143.717 Y125.043 E.04428
G1 X142.809 Y125.125 E.02859
G1 X107.183 Y125.125 E1.11703
G1 X105.877 Y124.963 E.04126
G1 X104.794 Y124.601 E.0358
G1 X103.566 Y123.884 E.04459
G1 X102.878 Y123.287 E.02856
G1 X101.944 Y122.084 E.04775
G1 X101.535 Y121.267 E.02865
G1 X101.147 Y119.909 E.04428
G1 X101.064 Y118.983 E.02915
G1 X101.066 Y90.98 E.87801
G1 X101.227 Y89.686 E.04089
G1 X101.592 Y88.599 E.03595
G1 X101.966 Y87.881 E.02538
G1 X102.845 Y86.757 E.04474
M204 S1000
G1 X103.139 Y86.987 F10800
M204 S800
G1 F1200
G1 X103.143 Y86.982 E.0002
G1 X104.308 Y86.073 E.04633
G1 X105.08 Y85.689 E.02703
G1 X106.351 Y85.328 E.04143
G1 X107.215 Y85.251 E.0272
G1 X143.403 Y85.294 E1.13465
G1 X144.865 Y85.666 E.0473
M73 P2 R28
M73 Q2 S28
G1 X145.769 Y86.118 E.03169
G1 X146.731 Y86.857 E.03804
G1 X147.358 Y87.557 E.02947
G1 X147.802 Y88.231 E.02531
G1 X148.363 Y89.608 E.04662
G1 X148.51 Y90.358 E.02396
G1 X148.554 Y119.095 E.90103
G1 X148.402 Y120.244 E.03634
G1 X148.042 Y121.298 E.03492
G1 X147.386 Y122.406 E.04037
G1 X146.837 Y123.038 E.02625
G1 X145.692 Y123.927 E.04545
G1 X144.919 Y124.312 E.02708
G1 X143.647 Y124.672 E.04145
G1 X142.785 Y124.749 E.02714
G1 X107.19 Y124.748 E1.11606
G1 X105.957 Y124.594 E.03896
G1 X104.952 Y124.258 E.03323
G1 X103.784 Y123.577 E.04239
G1 X103.152 Y123.028 E.02625
G1 X102.263 Y121.882 E.04548
G1 X101.879 Y121.11 E.02703
G1 X101.518 Y119.84 E.0414
G1 X101.441 Y118.959 E.02773
G1 X101.443 Y90.987 E.87704
G1 X101.596 Y89.767 E.03855
G1 X101.933 Y88.759 E.03332
G1 X102.283 Y88.084 E.02384
G1 X103.102 Y87.034 E.04175
M204 S1000
G1 X103.397 Y87.263 F10800
M204 S800
G1 F1200
G1 X103.403 Y87.255 E.00031
G1 X103.914 Y86.799 E.02147
G1 X104.509 Y86.392 E.0226
G1 X105.236 Y86.032 E.02544
G1 X106.42 Y85.699 E.03856
G1 X107.24 Y85.628 E.02581
G1 X142.754 Y85.628 E1.11352
G1 X143.954 Y85.773 E.0379
G1 X144.737 Y86.021 E.02575
G1 X145.566 Y86.436 E.02907
G1 X146.477 Y87.136 E.03602
G1 X147.067 Y87.797 E.02778
G1 X147.752 Y88.983 E.04294
G1 X148.002 Y89.717 E.02431
G1 X148.179 Y90.963 E.03946
G1 X148.178 Y119.072 E.88134
G1 X148.033 Y120.162 E.03448
G1 X147.701 Y121.137 E.03229
G1 X147.079 Y122.187 E.03826
G1 X146.578 Y122.765 E.02398
G1 X145.491 Y123.608 E.04313
G1 X144.763 Y123.969 E.02548
G1 X143.578 Y124.301 E.03859
G1 X142.76 Y124.372 E.02574
G1 X107.197 Y124.37 E1.11505
G1 X106.037 Y124.225 E.03665
G1 X105.111 Y123.916 E.03061
G1 X104.003 Y123.27 E.04021
G1 X103.426 Y122.768 E.02398
G1 X102.582 Y121.681 E.04315
G1 X102.222 Y120.954 E.02544
G1 X101.889 Y119.77 E.03856
G1 X101.818 Y118.95 E.02581
G1 X101.862 Y90.419 E.89457
G1 X101.965 Y89.847 E.01822
G1 X102.275 Y88.919 E.03068
G1 X102.601 Y88.288 E.02227
G1 X103.36 Y87.31 E.03882
M204 S1000
G1 X103.655 Y87.538 F10800
M204 S800
G1 F1200
G1 X103.663 Y87.528 E.0004
G1 X104.711 Y86.711 E.04166
G1 X105.391 Y86.376 E.02377
G1 X106.488 Y86.07 E.03571
G1 X107.247 Y86.005 E.02389
G1 X142.748 Y86.005 E1.11311
G1 X143.875 Y86.142 E.0356
G1 X144.608 Y86.376 E.02413
G1 X145.363 Y86.754 E.02647
G1 X146.222 Y87.414 E.03397
G1 X146.776 Y88.037 E.02614
G1 X147.136 Y88.585 E.02056
G1 X147.64 Y89.826 E.042
G1 X147.76 Y90.438 E.01955
G1 X147.801 Y119.049 E.89708
G1 X147.665 Y120.08 E.03261
M73 P3 R28
M73 Q3 S28
G1 X147.36 Y120.976 E.02968
G1 X146.773 Y121.967 E.03611
G1 X146.318 Y122.491 E.02176
G1 X145.289 Y123.289 E.04083
G1 X144.608 Y123.625 E.02381
G1 X143.51 Y123.93 E.03573
G1 X142.752 Y123.995 E.02385
G1 X107.217 Y123.994 E1.11417
G1 X106.117 Y123.857 E.03476
G1 X105.268 Y123.573 E.02807
G1 X104.222 Y122.962 E.03798
G1 X103.699 Y122.508 E.02171
G1 X102.901 Y121.479 E.04083
G1 X102.566 Y120.799 E.02377
G1 X102.26 Y119.702 E.03571
G1 X102.195 Y118.943 E.02389
G1 X102.196 Y91.027 E.87529
G1 X102.334 Y89.927 E.03476
G1 X102.617 Y89.078 E.02806
G1 X102.919 Y88.491 E.0207
G1 X103.619 Y87.586 E.03587
M204 S1000
G1 X103.914 Y87.814 F10800
M204 S800
G1 F1200
G1 X103.925 Y87.8 E.00056
G1 X104.361 Y87.407 E.0184
G1 X105.545 Y86.72 E.04292
G1 X106.556 Y86.441 E.03288
G1 X107.255 Y86.382 E.02199
G1 X142.742 Y86.382 E1.11267
G1 X143.796 Y86.511 E.03329
G1 X144.453 Y86.72 E.02162
G1 X145.16 Y87.073 E.02478
G1 X145.967 Y87.692 E.03189
G1 X146.484 Y88.277 E.02448
G1 X147.046 Y89.25 E.03523
G1 X147.279 Y89.936 E.02272
G1 X147.425 Y90.978 E.03299
G1 X147.425 Y119.027 E.87946
G1 X147.297 Y119.998 E.03071
G1 X147.018 Y120.816 E.0271
G1 X146.466 Y121.748 E.03396
G1 X146.057 Y122.218 E.01954
G1 X145.088 Y122.97 E.03846
G1 X144.454 Y123.28 E.02213
G1 X143.442 Y123.559 E.03291
G1 X142.745 Y123.618 E.02193
G1 X107.237 Y123.617 E1.11333
G1 X106.198 Y123.488 E.03283
G1 X105.426 Y123.23 E.02552
G1 X104.442 Y122.655 E.03573
G1 X103.972 Y122.248 E.01949
G1 X103.22 Y121.278 E.03848
G1 X102.91 Y120.645 E.0221
G1 X102.631 Y119.634 E.03288
G1 X102.572 Y118.935 E.02199
G1 X102.61 Y90.513 E.89115
G1 X102.96 Y89.237 E.04149
G1 X103.237 Y88.693 E.01914
G1 X103.878 Y87.861 E.03293
M204 S1000
G1 X104.174 Y88.088 F10800
M204 S800
G1 F1200
G1 X104.187 Y88.072 E.00065
G1 X105.114 Y87.349 E.03686
G1 X105.698 Y87.065 E.02036
G1 X106.623 Y86.812 E.03007
G1 X107.263 Y86.759 E.02014
G1 X142.736 Y86.759 E1.11223
G1 X143.717 Y86.88 E.03099
G1 X144.324 Y87.074 E.01998
G1 X144.958 Y87.391 E.02222
G1 X145.711 Y87.969 E.02976
G1 X146.472 Y88.943 E.03876
G1 X146.693 Y89.384 E.01547
G1 X147.01 Y90.52 E.03698
G1 X147.048 Y119.005 E.89313
G1 X146.928 Y119.915 E.02878
G1 X146.677 Y120.655 E.0245
G1 X146.16 Y121.527 E.03179
G1 X145.796 Y121.946 E.0174
G1 X144.886 Y122.651 E.03609
G1 X144.3 Y122.936 E.02043
G1 X143.375 Y123.188 E.03006
G1 X142.737 Y123.241 E.02007
G1 X107.256 Y123.241 E1.11248
G1 X106.279 Y123.119 E.03087
M73 P4 R28
M73 Q4 S28
G1 X105.56 Y122.878 E.02378
G1 X104.662 Y122.349 E.03268
G1 X104.244 Y121.986 E.01736
G1 X103.539 Y121.076 E.03609
G1 X103.255 Y120.492 E.02036
G1 X103.002 Y119.567 E.03007
G1 X102.949 Y118.927 E.02014
G1 X102.949 Y91.066 E.87356
G1 X103.071 Y90.089 E.03087
G1 X103.312 Y89.371 E.02375
G1 X103.556 Y88.894 E.0168
G1 X104.137 Y88.136 E.02994
M204 S1000
G1 X104.421 Y88.412 F10800
M204 S800
G1 F1200
G1 X104.808 Y88.015 E.01738
G1 X105.85 Y87.41 E.03778
G1 X106.689 Y87.184 E.02724
G1 X107.271 Y87.136 E.01831
G1 X142.729 Y87.136 E1.11176
G1 X143.637 Y87.249 E.02869
M73 P4 R27
G1 X144.194 Y87.429 E.01835
G1 X144.755 Y87.709 E.01966
G1 X145.455 Y88.246 E.02766
G1 X145.9 Y88.754 E.02117
G1 X146.341 Y89.518 E.02766
G1 X146.557 Y90.154 E.02106
G1 X146.671 Y90.994 E.02658
G1 X146.672 Y118.983 E.87758
G1 X146.56 Y119.832 E.02685
G1 X146.335 Y120.495 E.02195
G1 X145.854 Y121.307 E.02959
G1 X145.534 Y121.675 E.01529
G1 X144.686 Y122.331 E.03362
G1 X144.148 Y122.59 E.01872
G1 X143.309 Y122.817 E.02725
G1 X142.729 Y122.864 E.01825
G1 X107.274 Y122.864 E1.11167
G1 X106.36 Y122.751 E.02888
M73 Q4 S27
G1 X105.695 Y122.525 E.02202
G1 X104.882 Y122.043 E.02963
G1 X104.516 Y121.725 E.0152
G1 X103.859 Y120.876 E.03366
G1 X103.6 Y120.34 E.01867
G1 X103.374 Y119.501 E.02724
G1 X103.326 Y118.919 E.01831
G1 X103.356 Y90.626 E.88711
G1 X103.439 Y90.17 E.01453
G1 X103.875 Y89.096 E.03634
G1 X104.146 Y88.693 E.01523
G1 X104.379 Y88.455 E.01044
M204 S1000
G1 X104.646 Y88.717 F10800
M204 S800
G1 F1200
G1 X105.052 Y88.303 E.01818
G1 X105.981 Y87.764 E.03368
G1 X106.756 Y87.555 E.02517
G1 X107.278 Y87.513 E.01642
G1 X142.723 Y87.513 E1.11135
G1 X143.557 Y87.617 E.02635
G1 X144.04 Y87.773 E.01591
G1 X144.554 Y88.028 E.01799
G1 X145.198 Y88.523 E.02547
G1 X145.591 Y88.971 E.01869
G1 X145.998 Y89.676 E.02552
G1 X146.189 Y90.238 E.01861
G1 X146.294 Y91.016 E.02461
G1 X146.295 Y118.962 E.87623
G1 X146.192 Y119.75 E.02492
G1 X145.993 Y120.335 E.01937
G1 X145.548 Y121.085 E.02734
G1 X144.948 Y121.697 E.02687
G1 X144.018 Y122.236 E.0337
G1 X143.243 Y122.445 E.02517
G1 X142.722 Y122.487 E.01639
G1 X107.28 Y122.487 E1.11126
G1 X106.442 Y122.383 E.02648
G1 X105.854 Y122.183 E.01947
G1 X105.12 Y121.75 E.02672
G1 X104.493 Y121.138 E.02747
G1 X103.954 Y120.209 E.03368
G1 X103.745 Y119.434 E.02517
G1 X103.703 Y118.912 E.01642
G1 X103.703 Y91.09 E.87234
G1 X103.807 Y90.252 E.02648
M73 P5 R27
M73 Q5 S27
G1 X104.007 Y89.665 E.01944
G1 X104.452 Y88.914 E.02737
G1 X104.604 Y88.76 E.00678
M204 S1000
G1 X104.915 Y89.03 F10800
M204 S800
G1 F1200
G1 X105.295 Y88.592 E.01818
G1 X106.112 Y88.118 E.02962
G1 X106.821 Y87.927 E.02302
G1 X107.285 Y87.89 E.01459
G1 X142.717 Y87.89 E1.11095
G1 X143.476 Y87.986 E.02399
G1 X143.909 Y88.127 E.01428
G1 X144.352 Y88.347 E.01551
G1 X144.942 Y88.8 E.02332
G1 X145.284 Y89.19 E.01626
G1 X145.655 Y89.834 E.0233
G1 X145.821 Y90.322 E.01616
G1 X145.918 Y91.037 E.02262
G1 X145.918 Y118.942 E.87494
G1 X145.824 Y119.667 E.02292
G1 X145.651 Y120.176 E.01686
G1 X144.997 Y121.145 E.03665
G1 X144.308 Y121.679 E.02733
G1 X143.887 Y121.882 E.01465
G1 X143.178 Y122.074 E.02303
G1 X142.715 Y122.11 E.01456
G1 X107.286 Y122.11 E1.11085
G1 X106.524 Y122.014 E.02408
G1 X106.014 Y121.841 E.01689
G1 X105.044 Y121.186 E.0367
G1 X104.511 Y120.498 E.02729
G1 X104.308 Y120.078 E.01463
G1 X104.117 Y119.369 E.02302
G1 X104.08 Y118.905 E.01459
G1 X104.105 Y90.72 E.88372
G1 X104.176 Y90.334 E.01231
G1 X104.525 Y89.479 E.02896
G1 X104.875 Y89.075 E.01676
M204 S1000
G1 X105.116 Y89.311 F10800
M204 S800
G1 F1200
G1 X105.537 Y88.881 E.01887
G1 X106.243 Y88.472 E.02558
G1 X107.292 Y88.267 E.03351
G1 X142.711 Y88.267 E1.11054
G1 X143.778 Y88.481 E.03412
G1 X144.685 Y89.076 E.03401
G1 X144.976 Y89.408 E.01384
G1 X145.312 Y89.99 E.02107
G1 X145.454 Y90.407 E.01381
G1 X145.541 Y91.059 E.02062
G1 X145.542 Y118.922 E.87362
G1 X145.456 Y119.583 E.0209
G1 X145.309 Y120.018 E.0144
G1 X144.963 Y120.609 E.02147
G1 X144.463 Y121.119 E.02239
G1 X143.755 Y121.529 E.02565
G1 X142.708 Y121.733 E.03345
G1 X107.293 Y121.733 E1.11041
G1 X106.607 Y121.646 E.02168
G1 X106.172 Y121.499 E.0144
G1 X105.562 Y121.139 E.02221
G1 X105.071 Y120.653 E.02166
G1 X104.662 Y119.947 E.02558
G1 X104.457 Y118.898 E.03351
G1 X104.457 Y91.103 E.87149
G1 X104.544 Y90.417 E.02168
G1 X104.691 Y89.982 E.0144
G1 X105.037 Y89.391 E.02147
G1 X105.074 Y89.353 E.00166
M204 S1000
G1 X105.411 Y89.582 F10800
M204 S800
G1 F1200
G1 X105.555 Y89.369 E.00806
G1 X106.375 Y88.825 E.03085
G1 X107.299 Y88.644 E.02952
G1 X142.704 Y88.644 E1.1101
G1 X143.646 Y88.834 E.03013
G1 X144.199 Y89.153 E.02002
G1 X144.833 Y89.876 E.03015
G1 X145.086 Y90.492 E.02088
G1 X145.165 Y91.079 E.01857
G1 X145.165 Y118.903 E.8724
G1 X144.966 Y119.86 E.03065
M73 P6 R27
M73 Q6 S27
G1 X144.657 Y120.388 E.01918
G1 X143.93 Y121.026 E.03033
G1 X143.341 Y121.27 E.01999
G1 X142.701 Y121.356 E.02025
G1 X107.299 Y121.356 E1.11
G1 X106.329 Y121.156 E.03105
G1 X105.801 Y120.847 E.01918
G1 X105.164 Y120.12 E.03031
G1 X104.921 Y119.533 E.01992
G1 X104.834 Y118.891 E.02031
G1 X104.834 Y91.109 E.87109
G1 X105.034 Y90.14 E.03102
G1 X105.378 Y89.632 E.01924
M204 S1000
G1 X105.648 Y89.833 F10800
M204 S800
G1 F1200
G1 X106.017 Y89.463 E.01638
G1 X106.509 Y89.178 E.01783
G1 X107.305 Y89.021 E.02544
G1 X142.698 Y89.022 E1.10972
G1 X143.491 Y89.178 E.02534
G1 X144.17 Y89.627 E.02552
G1 X144.625 Y90.303 E.02555
G1 X144.788 Y91.1 E.02551
G1 X144.789 Y118.885 E.87118
G1 X144.623 Y119.703 E.02617
G1 X144.352 Y120.167 E.01685
G1 X143.983 Y120.537 E.01638
G1 X143.491 Y120.822 E.01783
G1 X142.695 Y120.979 E.02544
G1 X107.305 Y120.979 E1.10963
G1 X106.487 Y120.813 E.02617
G1 X106.023 Y120.542 E.01685
G1 X105.653 Y120.173 E.01638
G1 X105.368 Y119.681 E.01783
G1 X105.211 Y118.885 E.02544
G1 X105.211 Y91.115 E.87071
G1 X105.377 Y90.297 E.02617
G1 X105.618 Y89.885 E.01497
M204 S1000
;WIPE_START
G1 F8640
G1 X105.648 Y89.833 E-.01386
G1 X106.017 Y89.463 E-.12066
G1 X106.509 Y89.178 E-.13129
G1 X107.305 Y89.021 E-.18734
G1 X108.807 Y89.021 E-.34685
;WIPE_END
G1 Z.6 F720
; printing object enclosure3/stl/lid-print.stl id:0 copy 0
G1 X124.336 Y102.25 F10800
G1 Z.2 F720
G1 E.8 F2100
M204 S800
;TYPE:Perimeter
;WIDTH:0.419999
G1 F1200
G1 X124.336 Y101.364 E.02778
G1 X119.778 Y101.364 E.14291
G1 X119.424 Y101.295 E.01131
G1 X119.161 Y101.134 E.00967
G1 X118.932 Y100.836 E.01178
G1 X118.836 Y100.524 E.01024
G1 X118.836 Y97.579 E.09234
G1 X118.907 Y97.218 E.01154
G1 X119.045 Y96.986 E.00846
G1 X119.279 Y96.779 E.0098
G1 X119.653 Y96.636 E.01255
G1 X124.336 Y96.636 E.14683
G1 X124.336 Y95.615 E.03201
G1 X124.386 Y95.312 E.00963
G1 X124.475 Y95.121 E.00661
G1 X124.628 Y94.932 E.00762
G1 X125.091 Y94.652 E.01697
G1 X125.357 Y94.563 E.00879
G1 X125.683 Y94.563 E.01022
G1 X126.072 Y94.727 E.01324
G1 X130.93 Y98.236 E.1879
G1 X131.178 Y98.5 E.01136
G1 X131.307 Y98.837 E.01131
G1 X131.298 Y99.206 E.01157
G1 X131.142 Y99.553 E.01193
G1 X130.919 Y99.773 E.00982
G1 X126.072 Y103.273 E.18745
G1 X125.79 Y103.412 E.00986
G1 X125.458 Y103.45 E.01048
G1 X125.091 Y103.348 E.01194
G1 X124.653 Y103.091 E.01592
G1 X124.475 Y102.878 E.0087
G1 X124.385 Y102.687 E.00662
G1 X124.336 Y102.385 E.00959
G1 X124.336 Y102.31 E.00235
M204 S1000
G1 X124.713 Y102.25 F10800
M204 S800
G1 F1200
G1 X124.713 Y100.987 E.0396
G1 X119.778 Y100.987 E.15473
G1 X119.514 Y100.922 E.00852
G1 X119.318 Y100.75 E.00818
G1 X119.213 Y100.487 E.00888
G1 X119.213 Y97.579 E.09118
G1 X119.291 Y97.293 E.00929
G1 X119.479 Y97.099 E.00847
G1 X119.703 Y97.013 E.00752
G1 X124.713 Y97.013 E.15708
G1 X124.713 Y95.615 E.04383
G1 X124.797 Y95.318 E.00968
G1 X125.021 Y95.111 E.00956
G1 X125.422 Y94.934 E.01374
G1 X125.758 Y94.966 E.01058
G1 X130.709 Y98.541 E.19147
G1 X130.889 Y98.757 E.00882
G1 X130.944 Y99 E.00781
G1 X130.88 Y99.261 E.00843
G1 X130.698 Y99.467 E.00862
G1 X125.851 Y102.967 E.18745
G1 X125.617 Y103.066 E.00797
G1 X125.371 Y103.055 E.00772
G1 X124.903 Y102.809 E.01658
G1 X124.743 Y102.566 E.00912
G1 X124.713 Y102.385 E.00575
G1 X124.713 Y102.31 E.00235
M204 S1000
G1 X125.09 Y102.25 F10800
M204 S800
;TYPE:External perimeter
G1 F1200
G1 X125.09 Y100.61 E.05142
G1 X119.779 Y100.61 E.16652
G1 X119.631 Y100.538 E.00516
G1 X119.59 Y100.421 E.00389
G1 X119.59 Y97.579 E.08911
G1 X119.653 Y97.438 E.00484
G1 X119.779 Y97.39 E.00423
G1 X125.09 Y97.39 E.16652
G1 X125.09 Y95.615 E.05565
G1 X125.149 Y95.478 E.00468
G1 X125.52 Y95.303 E.01286
G1 X125.63 Y95.338 E.00362
G1 X130.489 Y98.847 E.18792
G1 X130.566 Y98.978 E.00476
G1 X130.513 Y99.131 E.00508
G1 X125.63 Y102.662 E.18894
G1 X125.47 Y102.691 E.0051
G1 X125.131 Y102.503 E.01215
G1 X125.09 Y102.385 E.00392
G1 X125.09 Y102.31 E.00235
M204 S1000
;WIPE_START
G1 F8640
G1 X125.09 Y102.25 E-.01385
G1 X125.09 Y100.61 E-.37868
G1 X123.325 Y100.61 E-.40747
;WIPE_END
G1 Z.6 F720
M73 P7 R27
M73 Q7 S27
G1 X124.787 Y114.258 F10800
G1 Z.2 F720
G1 E.8 F2100
M204 S800
;TYPE:Perimeter
G1 F1200
G1 X123.77 Y114.258 E.03189
G1 X123.102 Y114.22 E.02098
G1 X122.761 Y114.134 E.01103
G1 X122.497 Y113.951 E.01007
G1 X122.298 Y113.664 E.01095
;WIDTH:0.419695
G1 X122.236 Y113.196 E.01479
;WIDTH:0.391276
G1 X122.264 Y112.946 E.00729
G1 X121.864 Y112.943 E.01159
G1 X121.894 Y113.357 E.01202
;WIDTH:0.419695
G1 X121.831 Y113.663 E.00979
;WIDTH:0.419999
G1 X121.63 Y113.95 E.01099
G1 X121.294 Y114.161 E.01244
G1 X120.989 Y114.217 E.00972
G1 X120.412 Y114.227 E.01809
G1 X119.818 Y114.171 E.01871
G1 X119.479 Y114.088 E.01094
G1 X119.093 Y114.185 E.01248
G1 X118.554 Y114.21 E.01692
G1 X118.037 Y114.175 E.01625
G1 X117.75 Y114.074 E.00954
G1 X117.416 Y114.166 E.01086
G1 X116.887 Y114.201 E.01662
G1 X116.221 Y114.152 E.02094
G1 X115.921 Y114.073 E.00973
G1 X115.667 Y113.875 E.0101
G1 X115.163 Y114.142 E.01788
G1 X114.404 Y114.303 E.02433
G1 X113.709 Y114.314 E.02179
G1 X112.985 Y114.193 E.02302
G1 X112.175 Y113.849 E.02759
G1 X111.826 Y114.139 E.01423
G1 X111.543 Y114.231 E.00933
G1 X110.123 Y114.265 E.04454
G1 X109.884 Y114.24 E.00753
G1 X109.505 Y114.053 E.01325
G1 X109.33 Y113.865 E.00805
G1 X109.158 Y113.451 E.01406
G1 X109.158 Y108.58 E.15273
G1 X109.212 Y108.266 E.00999
G1 X109.356 Y108.002 E.00943
G1 X109.551 Y107.813 E.00851
G1 X109.76 Y107.701 E.00743
G1 X110.126 Y107.637 E.01165
G1 X111.437 Y107.672 E.04112
G1 X111.811 Y107.761 E.01205
G1 X112.034 Y107.907 E.00836
G1 X112.14 Y108.074 E.0062
G1 X112.603 Y107.819 E.01657
G1 X113.123 Y107.662 E.01703
G1 X113.846 Y107.579 E.02282
G1 X114.471 Y107.601 E.01961
G1 X115.021 Y107.709 E.01757
G1 X115.269 Y107.801 E.00829
G1 X115.672 Y108.02 E.01438
G1 X115.917 Y107.825 E.00982
G1 X116.213 Y107.747 E.0096
G1 X117.126 Y107.648 E.02879
G1 X117.784 Y107.637 E.02063
G1 X118.123 Y107.697 E.01079
G1 X118.429 Y107.885 E.01126
G1 X118.613 Y108.176 E.0108
G1 X118.796 Y107.885 E.01078
G1 X119.102 Y107.697 E.01126
G1 X119.433 Y107.637 E.01055
G1 X121.017 Y107.637 E.04967
G1 X121.303 Y107.682 E.00908
G1 X121.614 Y107.851 E.0111
G1 X121.757 Y107.997 E.00641
G1 X121.938 Y108.384 E.0134
G1 X121.947 Y109.058 E.02113
;WIDTH:0.419213
G1 X121.911 Y109.782 E.02268
;WIDTH:0.383642
G1 X121.881 Y110.001 E.00626
;WIDTH:0.382038
G1 X122.22 Y109.978 E.00958
;WIDTH:0.4163
G1 X122.308 Y109.409 E.01788
;WIDTH:0.419999
G1 X122.586 Y108.758 E.02219
G1 X122.807 Y108.439 E.01217
G1 X123.329 Y107.975 E.0219
G1 X123.911 Y107.715 E.01999
G1 X124.33 Y107.625 E.01344
G1 X124.867 Y107.576 E.01691
G1 X125.371 Y107.612 E.01584
G1 X125.893 Y107.745 E.01689
G1 X126.388 Y108.016 E.01769
G1 X126.603 Y108.197 E.00881
G1 X127.06 Y107.85 E.01799
G1 X127.587 Y107.651 E.01766
G1 X128.125 Y107.581 E.01701
G1 X128.751 Y107.621 E.01967
G1 X129.305 Y107.783 E.0181
G1 X129.798 Y108.12 E.01872
G1 X129.896 Y108.216 E.0043
G1 X130.26 Y107.922 E.01467
G1 X130.727 Y107.703 E.01617
G1 X131.454 Y107.584 E.0231
G1 X132.081 Y107.609 E.01967
G1 X132.609 Y107.738 E.01704
G1 X133.13 Y108.013 E.01847
G1 X133.358 Y108.192 E.00909
G1 X133.705 Y108.569 E.01607
G1 X133.839 Y108.799 E.00835
G1 X134.279 Y108.114 E.02553
G1 X134.479 Y107.873 E.00982
G1 X134.807 Y107.686 E.01184
G1 X135.126 Y107.64 E.01011
G1 X135.725 Y107.657 E.01879
G1 X136.317 Y107.702 E.01862
G1 X136.595 Y107.744 E.00882
G1 X136.845 Y107.858 E.00862
G1 X136.965 Y107.95 E.00474
G1 X137.51 Y107.703 E.01876
G1 X138.282 Y107.581 E.02451
G1 X138.889 Y107.601 E.01904
G1 X139.404 Y107.705 E.01647
G1 X140.083 Y108.027 E.02356
G1 X140.367 Y108.257 E.01146
G1 X140.676 Y108.629 E.01516
G1 X140.862 Y108.986 E.01262
G1 X141.024 Y109.708 E.0232
G1 X140.901 Y110.383 E.02151
G1 X140.78 Y110.758 E.01235
G1 X141.063 Y111.393 E.0218
G1 X141.132 Y111.788 E.01257
G1 X141.111 Y112.298 E.016
G1 X141.037 Y112.628 E.0106
G1 X140.831 Y113.11 E.01644
G1 X140.658 Y113.379 E.01003
G1 X140.423 Y113.635 E.0109
G1 X140.187 Y113.821 E.00942
G1 X139.712 Y114.086 E.01705
G1 X139.094 Y114.27 E.02022
G1 X138.509 Y114.324 E.01842
G1 X137.949 Y114.292 E.01759
G1 X137.174 Y114.061 E.02536
G1 X136.936 Y113.928 E.00855
G1 X136.715 Y114.086 E.00852
G1 X136.422 Y114.17 E.00956
G1 X135.876 Y114.232 E.01723
G1 X135.175 Y114.261 E.022
G1 X134.961 Y114.244 E.00673
G1 X134.668 Y114.135 E.0098
G1 X134.393 Y113.894 E.01146
G1 X134.253 Y113.636 E.0092
G1 X134.202 Y113.348 E.00917
G1 X133.521 Y113.238 E.02163
G1 X133.232 Y113.645 E.01565
G1 X132.796 Y113.991 E.01745
G1 X132.482 Y114.15 E.01104
G1 X131.952 Y114.296 E.01724
G1 X131.203 Y114.302 E.02349
G1 X130.69 Y114.201 E.01639
G1 X130.354 Y114.046 E.0116
G1 X129.878 Y113.718 E.01812
G1 X129.409 Y114.03 E.01766
G1 X128.856 Y114.255 E.01872
G1 X128.349 Y114.318 E.01602
G1 X127.66 Y114.25 E.02171
G1 X127.354 Y114.149 E.0101
G1 X126.992 Y113.956 E.01286
G1 X126.627 Y114.114 E.01247
G1 X125.554 Y114.258 E.03394
G1 X124.847 Y114.258 E.02217
M204 S1000
;WIPE_START
G1 F8640
G1 X124.787 Y114.258 E-.01385
G1 X123.77 Y114.258 E-.23483
G1 X123.102 Y114.22 E-.15449
G1 X122.761 Y114.134 E-.0812
G1 X122.497 Y113.951 E-.07417
G1 X122.298 Y113.664 E-.08064
G1 X122.236 Y113.196 E-.10901
G1 X122.261 Y112.973 E-.05181
;WIPE_END
G1 Z.6 F720
G1 X123.709 Y110.745 F10800
G1 Z.2 F720
G1 E.8 F2100
M204 S800
;WIDTH:0.52759
G1 F1200
G1 X123.649 Y110.745 E.00242
G1 X123.618 Y110.798 E.00247
G1 X123.649 Y110.85 E.00244
G1 X123.709 Y110.85 E.00242
G1 X123.739 Y110.798 E.00242
M204 S1000
;WIPE_START
G1 F8640
G1 X123.709 Y110.85 E-.01386
G1 X123.649 Y110.85 E-.01385
G1 X123.618 Y110.798 E-.01398
G1 X123.649 Y110.745 E-.01418
G1 X123.709 Y110.745 E-.01385
;WIPE_END
G1 E-.73028 F2100
G1 Z.6 F720
G1 X124.787 Y113.881 F10800
G1 Z.2 F720
G1 E.8 F2100
M204 S800
;WIDTH:0.419999
G1 F1200
G1 X123.77 Y113.881 E.03189
G1 X123.125 Y113.844 E.02026
G1 X122.857 Y113.758 E.00882
G1 X122.642 Y113.51 E.01029
G1 X122.598 Y113.199 E.00985
G1 X122.683 Y112.615 E.0185
G1 X122.726 Y112.49 E.00414
G1 X122.097 Y112.597 E.02001
G1 X121.554 Y112.541 E.01712
G1 X121.437 Y112.503 E.00386
G1 X121.533 Y113.202 E.02212
G1 X121.487 Y113.508 E.0097
G1 X121.272 Y113.754 E.01024
G1 X121.07 Y113.832 E.00679
G1 X120.405 Y113.85 E.02086
G1 X119.859 Y113.796 E.0172
G1 X119.633 Y113.744 E.00727
G1 X119.456 Y113.529 E.00873
G1 X119.288 Y113.751 E.00873
G1 X119.071 Y113.808 E.00703
G1 X118.577 Y113.834 E.01551
G1 X118.05 Y113.793 E.01657
G1 X117.881 Y113.722 E.00575
G1 X117.761 Y113.546 E.00668
G1 X117.634 Y113.717 E.00668
G1 X117.391 Y113.79 E.00796
G1 X116.862 Y113.825 E.01662
G1 X116.256 Y113.776 E.01906
G1 X116.075 Y113.729 E.00586
G1 X115.863 Y113.563 E.00844
G1 X115.765 Y113.325 E.00807
G1 X115.564 Y113.502 E.0084
G1 X115.076 Y113.766 E.0174
G1 X114.335 Y113.933 E.02382
G1 X113.713 Y113.936 E.0195
G1 X113.055 Y113.822 E.02094
G1 X112.44 Y113.563 E.02092
G1 X111.971 Y113.174 E.01911
G1 X111.925 Y113.536 E.01144
G1 X111.823 Y113.683 E.00561
G1 X111.529 Y113.854 E.01066
G1 X110.114 Y113.888 E.04438
G1 X109.859 Y113.834 E.00817
G1 X109.638 Y113.648 E.00906
G1 X109.535 Y113.4 E.00842
G1 X109.535 Y108.58 E.15113
G1 X109.567 Y108.391 E.00601
G1 X109.654 Y108.233 E.00566
G1 X109.896 Y108.052 E.00948
G1 X110.116 Y108.014 E.007
G1 X111.427 Y108.049 E.04112
G1 X111.704 Y108.13 E.00905
G1 X111.785 Y108.19 E.00316
G1 X111.955 Y108.458 E.00995
G1 X111.973 Y108.677 E.00689
G1 X112.136 Y108.525 E.00699
G1 X112.566 Y108.247 E.01605
G1 X113.231 Y108.024 E.02199
G1 X113.879 Y107.954 E.02044
G1 X114.452 Y107.978 E.01798
G1 X114.959 Y108.081 E.01622
G1 X115.583 Y108.4 E.02197
G1 X115.759 Y108.53 E.00686
G1 X115.853 Y108.343 E.00656
G1 X116.139 Y108.144 E.01092
G1 X117.167 Y108.023 E.03245
G1 X117.787 Y108.015 E.01944
G1 X118.058 Y108.081 E.00875
G1 X118.174 Y108.163 E.00445
G1 X118.336 Y108.424 E.00963
G1 X118.618 Y109.348 E.03029
G1 X118.89 Y108.421 E.03029
G1 X119.051 Y108.163 E.00954
G1 X119.344 Y108.014 E.01031
G1 X121.016 Y108.015 E.05242
G1 X121.259 Y108.069 E.0078
G1 X121.461 Y108.23 E.0081
G1 X121.57 Y108.462 E.00804
G1 X121.552 Y109.773 E.04111
G1 X121.437 Y110.455 E.02169
G1 X122.01 Y110.346 E.01829
G1 X122.579 Y110.337 E.01784
G1 X122.587 Y109.963 E.01173
G1 X122.725 Y109.332 E.02025
G1 X122.948 Y108.874 E.01597
G1 X123.067 Y108.713 E.00628
G1 X123.524 Y108.298 E.01936
G1 X124.06 Y108.061 E.01838
G1 X124.737 Y107.955 E.02149
G1 X125.284 Y107.982 E.01717
G1 X125.777 Y108.104 E.01592
G1 X126.191 Y108.338 E.01491
G1 X126.539 Y108.705 E.01586
G1 X126.608 Y108.822 E.00426
G1 X126.86 Y108.474 E.01347
G1 X127.301 Y108.15 E.01716
G1 X127.81 Y107.998 E.01666
G1 X128.263 Y107.952 E.01428
G1 X128.651 Y107.985 E.01221
G1 X129.153 Y108.129 E.01637
G1 X129.574 Y108.423 E.0161
G1 X129.843 Y108.752 E.01332
G1 X129.883 Y108.83 E.00275
G1 X130.037 Y108.61 E.00842
G1 X130.407 Y108.271 E.01573
G1 X130.865 Y108.056 E.01586
G1 X131.508 Y107.958 E.02039
G1 X131.996 Y107.977 E.01531
G1 X132.485 Y108.094 E.01576
G1 X132.946 Y108.342 E.01641
G1 X133.373 Y108.76 E.01874
G1 X133.664 Y109.302 E.01929
G1 X133.756 Y109.669 E.01186
G1 X134.198 Y108.934 E.02689
G1 X134.594 Y108.322 E.02286
G1 X134.807 Y108.098 E.00969
G1 X135.034 Y108.021 E.00752
G1 X135.714 Y108.034 E.02132
G1 X136.287 Y108.078 E.01802
G1 X136.589 Y108.146 E.00971
G1 X136.711 Y108.23 E.00464
G1 X136.871 Y108.505 E.00998
G1 X137.266 Y108.206 E.01553
G1 X137.74 Y108.027 E.01589
G1 X138.327 Y107.955 E.01854
G1 X138.868 Y107.977 E.01698
G1 X139.458 Y108.124 E.01906
G1 X139.907 Y108.361 E.01592
G1 X140.077 Y108.499 E.00687
G1 X140.387 Y108.87 E.01516
G1 X140.498 Y109.084 E.00756
G1 X140.646 Y109.708 E.02011
G1 X140.532 Y110.304 E.01903
G1 X140.437 Y110.609 E.01002
G1 X140.2 Y110.787 E.00929
G1 X140.453 Y110.94 E.00927
G1 X140.714 Y111.535 E.02037
G1 X140.755 Y111.773 E.00757
G1 X140.734 Y112.283 E.016
G1 X140.69 Y112.48 E.00633
G1 X140.484 Y112.963 E.01646
G1 X140.145 Y113.38 E.01685
G1 X139.529 Y113.756 E.02263
G1 X139.006 Y113.904 E.01704
G1 X138.483 Y113.948 E.01646
G1 X137.977 Y113.916 E.0159
G1 X137.295 Y113.703 E.0224
G1 X137.082 Y113.573 E.00782
G1 X136.825 Y113.323 E.01124
G1 X136.752 Y113.592 E.00874
G1 X136.555 Y113.745 E.00782
G1 X135.833 Y113.858 E.02291
G1 X135.162 Y113.884 E.02105
G1 X134.912 Y113.836 E.00798
G1 X134.692 Y113.664 E.00876
G1 X134.608 Y113.509 E.00553
G1 X134.574 Y112.992 E.01625
G1 X133.886 Y112.924 E.02168
G1 X133.313 Y112.807 E.01834
G1 X133.032 Y113.297 E.01771
G1 X132.566 Y113.692 E.01915
G1 X132.378 Y113.787 E.0066
G1 X131.887 Y113.925 E.01599
G1 X131.208 Y113.925 E.02129
G1 X130.694 Y113.805 E.01655
G1 X130.256 Y113.542 E.01602
G1 X130.079 Y113.369 E.00776
G1 X129.867 Y113.042 E.01222
G1 X129.606 Y113.433 E.01474
G1 X129.319 Y113.656 E.0114
G1 X128.791 Y113.884 E.01803
G1 X128.236 Y113.947 E.01751
G1 X127.715 Y113.877 E.01648
G1 X127.532 Y113.816 E.00605
G1 X127.084 Y113.569 E.01604
G1 X126.948 Y113.42 E.00633
G1 X126.849 Y113.585 E.00603
G1 X126.613 Y113.73 E.00868
G1 X125.53 Y113.881 E.03429
G1 X124.847 Y113.881 E.02141
M204 S1000
;WIPE_START
G1 F8640
G1 X124.787 Y113.881 E-.01385
G1 X123.77 Y113.881 E-.23483
G1 X123.125 Y113.844 E-.14918
G1 X122.857 Y113.758 E-.06499
G1 X122.642 Y113.51 E-.07579
G1 X122.598 Y113.199 E-.07253
G1 X122.683 Y112.615 E-.13627
G1 X122.726 Y112.49 E-.03052
G1 X122.632 Y112.506 E-.02204
;WIPE_END
G1 Z.6 F720
G1 X131.693 Y113.552 F10800
G1 Z.2 F720
G1 E.8 F2100
M204 S800
;TYPE:External perimeter
G1 F1200
G1 X131.214 Y113.548 E.01502
G1 X130.817 Y113.446 E.01285
G1 X130.395 Y113.163 E.01593
G1 X130.134 Y112.715 E.01626
;WIDTH:0.463395
G1 X130.066 Y112.543 E.00647
;WIDTH:0.506791
G1 X129.999 Y112.37 E.00716
;WIDTH:0.550187
G1 X129.932 Y112.198 E.00779
;WIDTH:0.593268
G1 X129.901 Y112.112 E.00418
G1 X129.831 Y112.259 E.00745
;WIDTH:0.549951
G1 X129.761 Y112.407 E.0069
;WIDTH:0.506634
G1 X129.692 Y112.555 E.0063
;WIDTH:0.463317
G1 X129.622 Y112.702 E.00569
;WIDTH:0.419999
G1 X129.358 Y113.149 E.01628
G1 X129.087 Y113.349 E.01056
G1 X128.715 Y113.514 E.01276
G1 X128.208 Y113.568 E.01599
G1 X127.709 Y113.484 E.01587
G1 X127.28 Y113.234 E.01557
G1 X127.018 Y112.875 E.01394
G1 X126.918 Y112.642 E.00795
;WIDTH:0.462959
G1 X126.866 Y112.575 E.00296
;WIDTH:0.505918
G1 X126.815 Y112.509 E.00321
;WIDTH:0.548878
G1 X126.763 Y112.442 E.00357
;WIDTH:0.591837
G1 X126.711 Y112.376 E.00384
;WIDTH:0.634796
G1 X126.659 Y112.309 E.00417
G1 X126.64 Y112.396 E.00438
;WIDTH:0.591837
G1 X126.62 Y112.484 E.00412
M73 P7 R26
;WIDTH:0.548878
G1 X126.601 Y112.571 E.00375
;WIDTH:0.505918
G1 X126.581 Y112.659 E.00347
;WIDTH:0.462959
G1 X126.562 Y112.746 E.00311
;WIDTH:0.419999
G1 X126.631 Y113.158 E.0131
G1 X126.58 Y113.321 E.00536
G1 X126.47 Y113.376 E.00386
G1 X125.503 Y113.504 E.03058
G1 X123.77 Y113.504 E.05434
G1 X123.147 Y113.467 E.01957
G1 X123.026 Y113.414 E.00414
G1 X122.971 Y113.256 E.00525
G1 X123.039 Y112.737 E.01641
G1 X123.195 Y112.361 E.01276
;WIDTH:0.417829
G1 X123.536 Y111.795 E.0206
;WIDTH:0.419999
G1 X123.669 Y111.507 E.00995
G1 X123.988 Y111.098 E.01626
G1 X124.492 Y110.707 E.02
;WIDTH:0.408362
G1 X124.806 Y110.425 E.01282
;WIDTH:0.417425
G1 X124.906 Y110.288 E.00528
G1 X125.006 Y109.964 E.01056
;WIDTH:0.410881
G1 X124.974 Y109.853 E.00353
G1 X124.819 Y109.827 E.00481
G1 X124.676 Y109.884 E.00471
G1 X124.477 Y110.272 E.01334
;WIDTH:0.408362
G1 X124.36 Y110.334 E.00402
;WIDTH:0.419999
G1 X123.81 Y110.369 E.01728
;WIDTH:0.440499
G1 X123.106 Y110.364 E.02327
;WIDTH:0.43751
G1 X122.944 Y110.224 E.00703
;WIDTH:0.419999
G1 X123.047 Y109.546 E.0215
G1 X123.327 Y108.986 E.01963
G1 X123.718 Y108.621 E.01677
G1 X124.209 Y108.407 E.01679
G1 X124.782 Y108.33 E.01813
G1 X125.295 Y108.364 E.01612
G1 X125.702 Y108.481 E.01328
G1 X126.041 Y108.699 E.01264
G1 X126.287 Y109.016 E.01258
G1 X126.454 Y109.582 E.0185
;WIDTH:0.458752
G1 X126.482 Y109.69 E.00386
;WIDTH:0.497505
G1 X126.51 Y109.797 E.00418
;WIDTH:0.536258
G1 X126.539 Y109.905 E.00459
;WIDTH:0.57501
G1 X126.567 Y110.012 E.00489
G1 X126.647 Y109.783 E.01073
;WIDTH:0.536258
G1 X126.728 Y109.554 E.00996
;WIDTH:0.497505
G1 X126.809 Y109.325 E.00918
;WIDTH:0.458752
G1 X126.889 Y109.096 E.00839
;WIDTH:0.419999
G1 X127.093 Y108.771 E.01203
G1 X127.467 Y108.489 E.01469
G1 X127.855 Y108.372 E.01271
G1 X128.244 Y108.329 E.01227
G1 X128.552 Y108.348 E.00968
G1 X129.031 Y108.49 E.01566
G1 X129.427 Y108.806 E.01588
G1 X129.597 Y109.133 E.01156
G1 X129.762 Y109.605 E.01568
;WIDTH:0.433612
G1 X129.921 Y110.319 E.02376
G1 X129.952 Y109.802 E.01683
;WIDTH:0.419999
G1 X130.156 Y109.121 E.02229
G1 X130.305 Y108.876 E.00899
G1 X130.594 Y108.599 E.01255
G1 X130.989 Y108.414 E.01368
G1 X131.562 Y108.331 E.01815
G1 X131.91 Y108.344 E.01092
G1 X132.392 Y108.464 E.01557
G1 X132.807 Y108.707 E.01508
G1 X133.129 Y109.064 E.01507
G1 X133.342 Y109.521 E.01581
G1 X133.418 Y110.058 E.01701
G1 X133.359 Y110.598 E.01703
G1 X133.355 Y111.199 E.01884
;WIDTH:0.418243
G1 X133.34 Y111.305 E.00334
;WIDTH:0.419999
G1 X133.717 Y110.715 E.02195
G1 X134.178 Y109.689 E.03527
G1 X134.909 Y108.529 E.04299
G1 X135.041 Y108.403 E.00572
G1 X135.703 Y108.411 E.02076
G1 X136.258 Y108.454 E.01745
G1 X136.458 Y108.509 E.0065
G1 X136.519 Y108.67 E.0054
G1 X136.415 Y109.63 E.03028
;WIDTH:0.443248
G1 X136.439 Y110.359 E.02428
;WIDTH:0.485877
G1 X136.46 Y110.549 E.00704
;WIDTH:0.528505
G1 X136.48 Y110.739 E.00771
;WIDTH:0.571133
G1 X136.5 Y110.929 E.00839
G1 X136.478 Y111.302 E.01641
G1 X136.744 Y111.302 E.01168
G1 X136.949 Y110.988 E.01647
G1 X137.126 Y110.813 E.01093
G1 X136.992 Y110.608 E.01076
;WIDTH:0.526784
G1 X136.858 Y110.403 E.00985
;WIDTH:0.482434
G1 X136.82 Y110.19 E.00791
;WIDTH:0.448564
G1 X136.782 Y109.977 E.0073
;WIDTH:0.418693
G1 X136.785 Y109.688 E.00903
;WIDTH:0.445903
G1 X136.888 Y109.122 E.01928
G1 X137.147 Y108.753 E.01511
;WIDTH:0.419999
G1 X137.456 Y108.534 E.01188
G1 X137.83 Y108.394 E.01252
G1 X138.371 Y108.33 E.01708
G1 X138.878 Y108.358 E.01592
G1 X139.282 Y108.457 E.01304
G1 X139.731 Y108.694 E.01592
G1 X140.097 Y109.111 E.0174
G1 X140.263 Y109.659 E.01795
G1 X140.163 Y110.225 E.01802
G1 X140.112 Y110.418 E.00626
G1 X139.989 Y110.506 E.00474
G1 X139.888 Y110.528 E.00324
G1 X139.635 Y110.831 E.01238
G1 X139.914 Y111.071 E.01154
G1 X140.148 Y111.163 E.00788
G1 X140.365 Y111.678 E.01752
G1 X140.357 Y112.267 E.01847
G1 X140.137 Y112.815 E.01852
G1 X139.82 Y113.162 E.01474
G1 X139.345 Y113.427 E.01705
G1 X138.886 Y113.542 E.01484
G1 X138.43 Y113.572 E.01433
G1 X137.958 Y113.53 E.01486
G1 X137.416 Y113.346 E.01795
;WIDTH:0.440512
G1 X136.979 Y112.961 E.01925
;WIDTH:0.469073
G1 X136.902 Y112.872 E.00417
G1 X136.821 Y112.585 E.01057
;WIDTH:0.44442
G1 X136.804 Y112.36 E.00753
G1 X136.63 Y112.447 E.00649
G1 X136.413 Y112.447 E.00724
;WIDTH:0.469073
G1 X136.511 Y113.203 E.02701
;WIDTH:0.440512
G1 X136.419 Y113.39 E.00689
;WIDTH:0.419999
G1 X135.79 Y113.483 E.01994
G1 X135.148 Y113.507 E.02014
G1 X135.018 Y113.462 E.00431
G1 X134.952 Y113.32 E.00491
G1 X134.949 Y112.627 E.02173
G1 X134.372 Y112.609 E.0181
G1 X133.862 Y112.54 E.01614
G1 X133.34 Y112.427 E.01675
G1 X133.197 Y112.285 E.00632
G1 X133.192 Y112.122 E.00511
G1 X132.997 Y112.593 E.01598
G1 X132.723 Y113.081 E.01755
G1 X132.308 Y113.412 E.01664
G1 X131.822 Y113.554 E.01588
G1 X131.753 Y113.553 E.00216
M204 S1000
;WIPE_START
G1 F8640
G1 X131.693 Y113.552 E-.01386
G1 X131.214 Y113.548 E-.11061
G1 X130.817 Y113.446 E-.09465
G1 X130.395 Y113.163 E-.11732
G1 X130.134 Y112.715 E-.11972
G1 X130.066 Y112.543 E-.04271
G1 X129.999 Y112.37 E-.04284
G1 X129.932 Y112.198 E-.04262
G1 X129.901 Y112.112 E-.02111
G1 X129.831 Y112.259 E-.03759
G1 X129.761 Y112.407 E-.0378
G1 X129.692 Y112.555 E-.03771
G1 X129.622 Y112.702 E-.03759
G1 X129.525 Y112.866 E-.04387
;WIPE_END
G1 Z.6 F720
G1 X121.067 Y111.912 F10800
G1 Z.2 F720
G1 E.8 F2100
M204 S800
;WIDTH:0.54427
G1 F1200
G1 X121.065 Y111.093 E.03414
M204 S1000
;WIPE_START
G1 F8640
G1 X121.067 Y111.912 E-.18911
;WIPE_END
G1 E-.61089 F2100
G1 Z.6 F720
G1 X126.482 Y110.503 F10800
G1 Z.2 F720
G1 E.8 F2100
M204 S800
;WIDTH:0.596842
G1 F1200
G1 X126.567 Y110.012 E.02295
M204 S1000
;WIPE_START
G1 F8640
G1 X126.482 Y110.503 E-.11506
;WIPE_END
G1 E-.68494 F2100
G1 Z.6 F720
G1 X129.957 Y110.741 F10800
G1 Z.2 F720
G1 E.8 F2100
M204 S800
;WIDTH:0.477798
G1 F1200
G1 X129.921 Y110.319 E.01532
M204 S1000
;WIPE_START
G1 F8640
G1 X129.957 Y110.741 E-.09779
;WIPE_END
G1 E-.70221 F2100
G1 Z.6 F720
G1 X133.24 Y111.786 F10800
G1 Z.2 F720
M73 Q7 S26
G1 E.8 F2100
M204 S800
;WIDTH:0.38292
G1 F1200
G1 X133.254 Y111.559 E.00643
M204 S1000
;WIPE_START
G1 F8640
G1 X133.24 Y111.786 E-.05251
;WIPE_END
G1 E-.74749 F2100
G1 Z.6 F720
G1 X136.842 Y112.234 F10800
G1 Z.2 F720
G1 E.8 F2100
M204 S800
G1 F1200
G1 X136.825 Y111.886 E.00985
M204 S1000
;WIPE_START
G1 F8640
G1 X136.842 Y112.234 E-.08045
;WIPE_END
G1 E-.71955 F2100
G1 Z.6 F720
G1 X118.699 Y113.451 F10800
G1 Z.2 F720
G1 E.8 F2100
M204 S800
;WIDTH:0.419999
G1 F1200
G1 X118.599 Y113.457 E.00314
G1 X118.082 Y113.403 E.0163
;WIDTH:0.44377
G1 X117.986 Y113.281 E.00517
G1 X117.824 Y112.355 E.03133
;WIDTH:0.418029
G1 X117.434 Y111.136 E.03992
G1 X117.434 Y112.221 E.03384
;WIDTH:0.449526
G1 X117.555 Y113.204 E.03349
G1 X117.548 Y113.271 E.00228
;WIDTH:0.44377
G1 X117.389 Y113.41 E.00704
;WIDTH:0.419999
G1 X116.837 Y113.449 E.01735
G1 X116.29 Y113.401 E.01722
G1 X116.159 Y113.33 E.00467
G1 X116.121 Y113.183 E.00476
G1 X116.215 Y112.608 E.01827
;WIDTH:0.456746
G1 X116.182 Y112.012 E.02054
;WIDTH:0.463138
G1 X116.178 Y111.953 E.00207
G1 X115.878 Y112.508 E.02204
;WIDTH:0.419999
G1 X115.605 Y112.938 E.01597
G1 X115.384 Y113.17 E.01005
G1 X114.896 Y113.435 E.01741
G1 X114.266 Y113.562 E.02015
G1 X113.717 Y113.559 E.01721
G1 X113.124 Y113.451 E.0189
G1 X112.595 Y113.219 E.01811
M73 P8 R26
G1 X112.162 Y112.837 E.0181
M73 Q8 S26
;WIDTH:0.433656
G1 X111.88 Y112.286 E.02011
G1 X111.81 Y111.954 E.01102
;WIDTH:0.405333
G1 X111.739 Y111.622 E.01023
;WIDTH:0.37701
G1 X111.696 Y111.219 E.01126
;WIDTH:0.358771
G1 X111.721 Y110.356 E.02267
;WIDTH:0.391687
G1 X111.769 Y110.095 E.0077
;WIDTH:0.424603
G1 X111.816 Y109.833 E.00845
;WIDTH:0.434705
G1 X111.886 Y109.552 E.00943
G1 X112.135 Y109.058 E.01802
;WIDTH:0.419999
G1 X112.342 Y108.842 E.00938
G1 X112.771 Y108.563 E.01605
G1 X113.339 Y108.385 E.01866
G1 X113.913 Y108.33 E.01808
G1 X114.433 Y108.354 E.01632
G1 X114.91 Y108.464 E.01535
G1 X115.404 Y108.732 E.01762
G1 X115.711 Y109.086 E.01469
;WIDTH:0.460232
G1 X115.916 Y109.466 E.01498
;WIDTH:0.500464
G1 X116.121 Y109.845 E.01639
;WIDTH:0.531828
G1 X116.159 Y109.944 E.00431
G1 X116.178 Y109.734 E.00857
;WIDTH:0.494552
G1 X116.197 Y109.523 E.00796
;WIDTH:0.457276
G1 X116.215 Y109.312 E.0073
;WIDTH:0.419999
G1 X116.117 Y108.717 E.01891
G1 X116.153 Y108.571 E.00471
G1 X116.295 Y108.497 E.00502
G1 X117.208 Y108.397 E.0288
G1 X117.791 Y108.392 E.01828
G1 X117.92 Y108.441 E.00433
G1 X118.266 Y109.486 E.03451
G1 X118.48 Y110.769 E.04078
G1 X118.619 Y111.211 E.01453
G1 X118.834 Y110.433 E.02531
G1 X118.952 Y109.558 E.02768
G1 X119.252 Y108.527 E.03367
G1 X119.378 Y108.391 E.00581
G1 X121.016 Y108.392 E.05136
G1 X121.165 Y108.463 E.00518
G1 X121.205 Y108.585 E.00403
G1 X121.175 Y109.764 E.03698
G1 X121.086 Y110.274 E.01623
;WIDTH:0.430222
G1 X121.01 Y110.747 E.01543
;WIDTH:0.466982
G1 X121.029 Y110.862 E.00411
;WIDTH:0.503741
G1 X121.047 Y110.978 E.0045
;WIDTH:0.5405
G1 X121.065 Y111.093 E.00482
G1 X121.128 Y111.032 E.00363
;WIDTH:0.502364
G1 X121.191 Y110.972 E.00332
;WIDTH:0.464227
G1 X121.253 Y110.911 E.00305
;WIDTH:0.42609
G1 X121.703 Y110.767 E.01505
;WIDTH:0.419999
G1 X122.233 Y110.713 E.0167
;WIDTH:0.43751
G1 X123.07 Y110.757 E.0275
;WIDTH:0.440499
G1 X123.118 Y110.761 E.00159
G1 X123.262 Y110.908 E.0068
;WIDTH:0.419999
G1 X123.163 Y111.658 E.02372
;WIDTH:0.417829
G1 X123.064 Y111.98 E.0105
;WIDTH:0.419659
G1 X122.834 Y112.084 E.00791
;WIDTH:0.419999
G1 X122.167 Y112.217 E.02132
G1 X121.67 Y112.182 E.01562
;WIDTH:0.447982
G1 X121.429 Y112.113 E.00844
;WIDTH:0.475964
G1 X121.187 Y112.044 E.00906
;WIDTH:0.510117
G1 X121.127 Y111.978 E.00347
;WIDTH:0.54427
G1 X121.067 Y111.912 E.00372
G1 X121.055 Y112.022 E.00461
;WIDTH:0.509048
G1 X121.042 Y112.133 E.00433
;WIDTH:0.473825
G1 X121.03 Y112.244 E.004
;WIDTH:0.438602
G1 X121.103 Y112.842 E.01982
;WIDTH:0.419999
G1 X121.144 Y113.352 E.01604
G1 X121.026 Y113.455 E.00491
G1 X120.398 Y113.473 E.0197
G1 X119.787 Y113.4 E.01929
;WIDTH:0.450575
G1 X119.66 Y113.225 E.00733
G1 X119.787 Y112.244 E.03353
;WIDTH:0.417359
G1 X119.787 Y111.132 E.03462
G1 X119.396 Y112.354 E.03995
;WIDTH:0.44812
G1 X119.234 Y113.281 E.03171
;WIDTH:0.442958
G1 X119.065 Y113.43 E.00749
;WIDTH:0.419999
G1 X118.759 Y113.448 E.00961
M204 S1000
;WIPE_START
G1 F8640
G1 X118.699 Y113.451 E-.01387
G1 X118.599 Y113.457 E-.02313
G1 X118.082 Y113.403 E-.12003
G1 X117.986 Y113.281 E-.03585
G1 X117.824 Y112.355 E-.21706
G1 X117.434 Y111.136 E-.29552
G1 X117.434 Y111.545 E-.09454
;WIPE_END
G1 Z.6 F720
G1 X110.749 Y113.496 F10800
G1 Z.2 F720
G1 E.8 F2100
M204 S800
G1 F1200
G1 X110.105 Y113.511 E.0202
G1 X109.981 Y113.469 E.0041
G1 X109.912 Y113.323 E.00506
G1 X109.912 Y108.58 E.14871
G1 X109.991 Y108.426 E.00543
G1 X110.106 Y108.391 E.00377
G1 X111.417 Y108.426 E.04112
G1 X111.536 Y108.473 E.00401
G1 X111.598 Y108.641 E.00561
;WIDTH:0.434705
G1 X111.451 Y109.859 E.03997
;WIDTH:0.399074
G1 X111.408 Y110.283 E.01262
;WIDTH:0.363442
G1 X111.395 Y111.213 E.02479
;WIDTH:0.384573
G1 X111.422 Y111.66 E.01272
;WIDTH:0.425638
G1 X111.448 Y112.108 E.01428
;WIDTH:0.4276
G1 X111.537 Y112.6 E.01599
G1 X111.588 Y113.127 E.01694
;WIDTH:0.419999
G1 X111.585 Y113.373 E.00771
G1 X111.455 Y113.479 E.00526
G1 X110.809 Y113.494 E.02026
M204 S1000
;WIPE_START
G1 F8640
G1 X110.749 Y113.496 E-.01386
G1 X110.105 Y113.511 E-.14874
G1 X109.981 Y113.469 E-.03023
G1 X109.912 Y113.323 E-.03729
G1 X109.912 Y110.855 E-.56988
;WIPE_END
G1 Z.6 F720
G1 X113.966 Y111.304 F10800
G1 Z.2 F720
G1 E.8 F2100
M204 S800
;TYPE:Perimeter
;WIDTH:0.3725
G1 F1200
G1 X113.923 Y111.151 E.00436
G1 X113.933 Y110.64 E.01401
G1 X114.037 Y110.602 E.00303
G1 X114.282 Y110.956 E.0118
G1 X114.085 Y111.268 E.01011
G1 X114.024 Y111.287 E.00175
M204 S1000
G1 X114.013 Y111.647 F10800
M204 S800
;WIDTH:0.419999
G1 F1200
G1 X113.812 Y111.634 E.00632
G1 X113.678 Y111.527 E.00538
G1 X113.569 Y111.149 E.01233
G1 X113.588 Y110.554 E.01867
G1 X113.713 Y110.308 E.00865
G1 X114.068 Y110.243 E.01132
G1 X114.319 Y110.341 E.00845
G1 X114.514 Y110.679 E.01223
G1 X114.789 Y110.88 E.01068
;WIDTH:0.387358
G1 X114.984 Y110.898 E.00561
G1 X114.794 Y110.949 E.00563
;WIDTH:0.419999
G1 X114.596 Y111.12 E.0082
G1 X114.299 Y111.557 E.01657
G1 X114.113 Y111.654 E.00658
G1 X114.073 Y111.651 E.00126
M204 S1000
;WIPE_START
G1 F8640
G1 X114.013 Y111.647 E-.01388
G1 X113.812 Y111.634 E-.04651
G1 X113.678 Y111.527 E-.03959
G1 X113.569 Y111.149 E-.09084
G1 X113.588 Y110.554 E-.13746
G1 X113.713 Y110.308 E-.06371
G1 X114.068 Y110.243 E-.08333
G1 X114.319 Y110.341 E-.06222
G1 X114.514 Y110.679 E-.0901
G1 X114.789 Y110.88 E-.07865
G1 X114.984 Y110.898 E-.04522
G1 X114.794 Y110.949 E-.04542
G1 X114.784 Y110.958 E-.00307
;WIPE_END
G1 Z.6 F720
G1 X114.984 Y110.898 F10800
G1 Z.2 F720
G1 E.8 F2100
M204 S800
;WIDTH:0.351376
G1 F1200
G1 X115.076 Y110.891 E.00237
M204 S1000
G1 X115.792 Y111.181 F10800
M204 S800
;WIDTH:0.408291
G1 F1200
G1 X115.344 Y110.939 E.01547
;WIDTH:0.394667
G1 X115.076 Y110.891 E.00796
G1 X115.35 Y110.809 E.00837
;WIDTH:0.408291
G1 X115.831 Y110.598 E.01596
G1 X115.796 Y111.122 E.01595
M204 S1000
;WIPE_START
G1 F8640
G1 X115.792 Y111.181 E-.01365
G1 X115.344 Y110.939 E-.11757
G1 X115.076 Y110.891 E-.06287
G1 X115.35 Y110.809 E-.06604
G1 X115.831 Y110.598 E-.12128
G1 X115.796 Y111.122 E-.12126
;WIPE_END
G1 E-.29733 F2100
G1 Z.6 F720
G1 X113.895 Y112.036 F10800
G1 Z.2 F720
G1 E.8 F2100
M204 S800
;TYPE:External perimeter
;WIDTH:0.419999
G1 F1200
G1 X113.53 Y111.914 E.01207
G1 X113.359 Y111.729 E.0079
G1 X113.224 Y111.365 E.01217
G1 X113.187 Y110.995 E.01166
G1 X113.22 Y110.466 E.01662
G1 X113.394 Y110.088 E.01305
G1 X113.659 Y109.909 E.01003
G1 X114.09 Y109.861 E.0136
G1 X114.364 Y109.924 E.00882
G1 X114.636 Y110.119 E.01049
G1 X114.828 Y110.471 E.01257
G1 X114.985 Y110.556 E.0056
G1 X115.408 Y110.382 E.01434
;WIDTH:0.451727
G1 X115.999 Y110.13 E.02184
;WIDTH:0.49363
G1 X116.078 Y110.059 E.00398
;WIDTH:0.535532
G1 X116.157 Y109.987 E.00438
G1 X116.178 Y110.125 E.00572
;WIDTH:0.49363
G1 X116.198 Y110.263 E.00523
;WIDTH:0.451727
G1 X116.181 Y111.195 E.03169
;WIDTH:0.45998
G1 X116.178 Y111.917 E.02504
G1 X116.066 Y111.751 E.00694
;WIDTH:0.435227
G1 X115.611 Y111.505 E.01687
;WIDTH:0.419999
G1 X115.123 Y111.24 E.01741
G1 X114.978 Y111.26 E.00459
G1 X114.698 Y111.666 E.01546
G1 X114.427 Y111.945 E.0122
G1 X114.18 Y112.03 E.00819
G1 X113.955 Y112.035 E.00706
M204 S1000
;WIPE_START
G1 F8640
G1 X113.895 Y112.036 E-.01386
G1 X113.53 Y111.914 E-.08886
G1 X113.359 Y111.729 E-.05817
G1 X113.224 Y111.365 E-.08964
G1 X113.187 Y110.995 E-.08586
G1 X113.22 Y110.466 E-.12239
G1 X113.394 Y110.088 E-.09608
G1 X113.659 Y109.909 E-.07384
G1 X114.09 Y109.861 E-.10013
G1 X114.364 Y109.924 E-.06492
G1 X114.386 Y109.94 E-.00625
;WIPE_END
G1 Z.6 F720
G1 X126.164 Y111.668 F10800
G1 Z.2 F720
G1 E.8 F2100
M204 S800
;TYPE:Perimeter
;WIDTH:0.544308
G1 F1200
G1 X126.102 Y111.668 E.00258
G1 X126.07 Y111.722 E.00262
G1 X126.102 Y111.776 E.00262
G1 X126.164 Y111.776 E.00258
G1 X126.196 Y111.722 E.00262
M204 S1000
;WIPE_START
G1 F8640
G1 X126.164 Y111.776 E-.01449
G1 X126.102 Y111.776 E-.01432
G1 X126.07 Y111.722 E-.01449
G1 X126.102 Y111.668 E-.01449
G1 X126.164 Y111.668 E-.01432
;WIPE_END
G1 E-.72789 F2100
G1 Z.6 F720
G1 X124.877 Y112.186 F10800
G1 Z.2 F720
G1 E.8 F2100
M204 S800
;TYPE:External perimeter
;WIDTH:0.419999
G1 F1200
G1 X124.858 Y112.092 E.00301
G1 X125.252 Y111.762 E.01611
G1 X125.746 Y111.481 E.01782
G1 X126.064 Y111.106 E.01542
;WIDTH:0.46421
G1 X126.168 Y110.955 E.00642
;WIDTH:0.508421
G1 X126.273 Y110.804 E.00712
;WIDTH:0.552632
G1 X126.377 Y110.654 E.00774
;WIDTH:0.596842
G1 X126.482 Y110.503 E.00847
G1 X126.493 Y110.567 E.00299
;WIDTH:0.568536
G1 X126.511 Y110.895 E.01436
;WIDTH:0.519024
G1 X126.529 Y111.222 E.01296
;WIDTH:0.469512
G1 X126.547 Y111.55 E.01165
;WIDTH:0.430768
G1 X126.629 Y111.904 E.01172
;WIDTH:0.480663
G1 X126.632 Y111.993 E.00324
;WIDTH:0.530558
G1 X126.635 Y112.082 E.00361
;WIDTH:0.580453
G1 X126.638 Y112.172 E.00402
;WIDTH:0.630348
G1 X126.641 Y112.261 E.00435
G1 X126.598 Y112.225 E.00274
;WIDTH:0.599698
G1 X126.555 Y112.189 E.0026
;WIDTH:0.569047
G1 X126.5 Y112.187 E.00241
;WIDTH:0.522954
G1 X126.445 Y112.185 E.0022
;WIDTH:0.476861
G1 X126.39 Y112.184 E.00198
;WIDTH:0.430768
G1 X125.885 Y112.138 E.01635
;WIDTH:0.419999
G1 X125.406 Y112.179 E.01507
G1 X124.937 Y112.185 E.01471
M204 S1000
;WIPE_START
G1 F8640
G1 X124.877 Y112.186 E-.01386
G1 X124.858 Y112.092 E-.02214
G1 X125.252 Y111.762 E-.11867
G1 X125.746 Y111.481 E-.13123
G1 X126.064 Y111.106 E-.11353
G1 X126.168 Y110.955 E-.04234
G1 X126.273 Y110.804 E-.04247
G1 X126.377 Y110.654 E-.04215
G1 X126.482 Y110.503 E-.04247
G1 X126.493 Y110.567 E-.01499
G1 X126.511 Y110.895 E-.07585
G1 X126.529 Y111.222 E-.07562
G1 X126.544 Y111.502 E-.06468
;WIPE_END
G1 Z.6 F720
G1 X130.994 Y111.794 F10800
G1 Z.2 F720
G1 E.8 F2100
M204 S800
;WIDTH:0.51677
G1 F1200
G1 X130.712 Y111.82 E.01116
;WIDTH:0.523965
G1 X130.144 Y111.896 E.02292
;WIDTH:0.559367
G1 X130.027 Y111.982 E.00624
;WIDTH:0.594768
G1 X129.909 Y112.069 E.00673
G1 X129.951 Y111.657 E.019
;WIDTH:0.559367
G1 X129.992 Y111.246 E.01774
;WIDTH:0.523965
G1 X129.957 Y110.741 E.02025
G1 X130.136 Y111.213 E.02019
G1 X130.361 Y111.491 E.01431
G1 X130.647 Y111.7 E.01417
G1 X130.936 Y111.778 E.01197
M204 S1000
;WIPE_START
G1 F8640
G1 X130.994 Y111.794 E-.01389
G1 X130.712 Y111.82 E-.06539
G1 X130.144 Y111.896 E-.13232
G1 X130.027 Y111.982 E-.03353
G1 X129.909 Y112.069 E-.03385
G1 X129.951 Y111.657 E-.09562
G1 X129.992 Y111.246 E-.09537
G1 X129.957 Y110.741 E-.11689
G1 X130.136 Y111.213 E-.11656
G1 X130.361 Y111.491 E-.08258
G1 X130.41 Y111.527 E-.014
;WIPE_END
G1 Z.6 F720
G1 X131.958 Y111.692 F10800
G1 Z.2 F720
G1 E.8 F2100
M204 S800
;WIDTH:0.45312
G1 F1200
G1 X132.04 Y111.665 E.00294
;WIDTH:0.432123
G1 X131.879 Y112.098 E.01495
;WIDTH:0.45312
G1 X131.624 Y112.229 E.00978
;WIDTH:0.456214
G1 X131.358 Y112.189 E.00924
;WIDTH:0.481234
G1 X131.146 Y111.833 E.0151
G1 X131.586 Y111.813 E.01605
;WIDTH:0.45312
G1 X131.901 Y111.71 E.0113
M204 S1000
;WIPE_START
G1 F8640
G1 X131.958 Y111.692 E-.0138
G1 X132.04 Y111.665 E-.01993
G1 X131.879 Y112.098 E-.10667
G1 X131.624 Y112.229 E-.0662
G1 X131.358 Y112.189 E-.06211
G1 X131.146 Y111.833 E-.09567
G1 X131.586 Y111.813 E-.1017
G1 X131.901 Y111.71 E-.07652
;WIPE_END
G1 E-.2574 F2100
G1 Z.6 F720
G1 X125 Y119.726 F10800
G1 Z.2 F720
G1 E.8 F2100
M204 S800
;TYPE:Perimeter
;WIDTH:0.419999
G1 F1200
G1 X107.369 Y119.726 E.55281
G1 X106.986 Y119.648 E.01226
G1 X106.715 Y119.475 E.01008
G1 X106.542 Y119.204 E.01008
G1 X106.464 Y118.821 E.01226
G1 X106.464 Y91.179 E.86669
G1 X106.542 Y90.796 E.01226
G1 X106.715 Y90.525 E.01008
G1 X106.986 Y90.352 E.01008
G1 X107.369 Y90.274 E.01226
G1 X142.736 Y90.275 E1.10891
G1 X143.114 Y90.394 E.01243
G1 X143.351 Y90.611 E.01008
G1 X143.499 Y90.895 E.01004
G1 X143.536 Y91.241 E.01091
G1 X143.536 Y118.822 E.86478
G1 X143.458 Y119.204 E.01222
G1 X143.285 Y119.475 E.01008
G1 X143.014 Y119.648 E.01008
G1 X142.631 Y119.726 E.01226
G1 X125.06 Y119.726 E.55093
M204 S1000
G1 X125 Y120.103 F10800
M204 S800
G1 F1200
G1 X107.431 Y120.103 E.55086
G1 X106.987 Y120.056 E.014
G1 X106.696 Y119.936 E.00987
G1 X106.446 Y119.744 E.00988
G1 X106.254 Y119.494 E.00988
G1 X106.134 Y119.203 E.00987
G1 X106.087 Y118.846 E.01129
G1 X106.087 Y91.241 E.86553
G1 X106.134 Y90.797 E.014
G1 X106.254 Y90.506 E.00987
G1 X106.446 Y90.256 E.00988
M73 P9 R26
G1 X106.696 Y90.064 E.00988
G1 X106.987 Y89.944 E.00987
M73 Q9 S26
G1 X107.344 Y89.897 E.01129
G1 X142.569 Y89.898 E1.10445
G1 X143.013 Y89.944 E.014
G1 X143.304 Y90.064 E.00987
G1 X143.554 Y90.256 E.00988
G1 X143.746 Y90.506 E.00988
G1 X143.866 Y90.797 E.00987
G1 X143.913 Y91.241 E.014
G1 X143.913 Y118.759 E.86281
G1 X143.866 Y119.203 E.014
G1 X143.746 Y119.494 E.00987
G1 X143.554 Y119.744 E.00988
G1 X143.304 Y119.936 E.00988
G1 X143.013 Y120.056 E.00987
G1 X142.656 Y120.103 E.01129
G1 X125.06 Y120.103 E.55171
M204 S1000
G1 X125 Y120.48 F10800
M204 S800
;TYPE:External perimeter
G1 F1200
G1 X107.431 Y120.48 E.55086
G1 X106.889 Y120.424 E.01708
G1 X106.506 Y120.265 E.013
G1 X106.177 Y120.013 E.01299
G1 X105.925 Y119.684 E.01299
G1 X105.766 Y119.301 E.013
G1 X105.71 Y118.871 E.0136
G1 X105.71 Y91.241 E.86632
G1 X105.766 Y90.699 E.01708
G1 X105.925 Y90.316 E.013
G1 X106.177 Y89.987 E.01299
G1 X106.506 Y89.735 E.01299
G1 X106.889 Y89.576 E.013
G1 X107.32 Y89.52 E.01363
G1 X142.575 Y89.52 E1.10539
G1 X143.111 Y89.576 E.0169
G1 X143.494 Y89.735 E.013
G1 X143.823 Y89.987 E.01299
G1 X144.075 Y90.316 E.01299
G1 X144.234 Y90.699 E.013
G1 X144.29 Y91.241 E.01708
G1 X144.29 Y118.759 E.86281
G1 X144.234 Y119.301 E.01708
G1 X144.075 Y119.684 E.013
G1 X143.823 Y120.013 E.01299
G1 X143.494 Y120.265 E.01299
G1 X143.111 Y120.424 E.013
G1 X142.681 Y120.48 E.0136
G1 X125.06 Y120.48 E.55249
M204 S1000
;WIPE_START
G1 F8640
G1 X125 Y120.48 E-.01385
G1 X121.595 Y120.48 E-.78615
;WIPE_END
G1 Z.6 F720
G1 X142.196 Y90.425 F10800
G1 Z.2 F720
G1 E.8 F2100
M204 S800
;TYPE:Solid infill
;WIDTH:0.420487
G1 F1200
G1 X143.215 Y91.445 E.04526
G1 X143.215 Y91.979 E.01676
G1 X141.832 Y90.595 E.06143
G1 X141.298 Y90.595 E.01676
G1 X143.215 Y92.513 E.08514
G1 X143.215 Y93.047 E.01676
G1 X140.764 Y90.595 E.10884
G1 X140.23 Y90.595 E.01676
G1 X143.215 Y93.581 E.13255
G1 X143.215 Y94.115 E.01676
G1 X139.696 Y90.595 E.15626
G1 X139.162 Y90.595 E.01676
G1 X143.215 Y94.648 E.17995
G1 X143.215 Y95.182 E.01676
G1 X138.628 Y90.595 E.20366
G1 X138.094 Y90.595 E.01676
G1 X143.215 Y95.716 E.22737
G1 X143.215 Y96.25 E.01676
G1 X137.56 Y90.595 E.25108
G1 X137.026 Y90.595 E.01676
G1 X143.215 Y96.784 E.27479
G1 X143.215 Y97.318 E.01676
G1 X136.492 Y90.595 E.29849
G1 X135.958 Y90.595 E.01676
G1 X143.215 Y97.852 E.3222
G1 X143.215 Y98.386 E.01676
G1 X135.424 Y90.595 E.34591
G1 X134.89 Y90.595 E.01676
G1 X143.215 Y98.92 E.36962
G1 X143.215 Y99.454 E.01676
G1 X134.356 Y90.595 E.39333
G1 X133.822 Y90.595 E.01676
M73 P10 R26
M73 Q10 S26
G1 X143.215 Y99.988 E.41704
G1 X143.215 Y100.522 E.01676
G1 X133.288 Y90.595 E.44075
G1 X132.754 Y90.595 E.01676
G1 X143.215 Y101.056 E.46446
G1 X143.215 Y101.59 E.01676
G1 X132.22 Y90.595 E.48817
G1 X131.686 Y90.595 E.01676
G1 X143.215 Y102.124 E.51188
G1 X143.215 Y102.658 E.01676
G1 X131.152 Y90.595 E.53558
G1 X130.618 Y90.595 E.01676
G1 X143.215 Y103.192 E.55929
G1 X143.215 Y103.726 E.01676
G1 X130.084 Y90.595 E.583
G1 X129.55 Y90.595 E.01676
G1 X143.215 Y104.26 E.60671
G1 X143.215 Y104.794 E.01676
G1 X129.017 Y90.595 E.6304
G1 X128.483 Y90.595 E.01676
G1 X143.215 Y105.328 E.65411
G1 X143.215 Y105.862 E.01676
G1 X127.949 Y90.595 E.67782
G1 X127.415 Y90.595 E.01676
G1 X143.215 Y106.396 E.70153
G1 X143.215 Y106.93 E.01676
G1 X126.881 Y90.595 E.72524
G1 X126.347 Y90.595 E.01676
G1 X143.215 Y107.464 E.74894
G1 X143.215 Y107.998 E.01676
G1 X125.813 Y90.595 E.77265
G1 X125.279 Y90.595 E.01676
G1 X143.215 Y108.531 E.79634
G1 X143.215 Y109.065 E.01676
G1 X124.745 Y90.595 E.82005
M73 P11 R26
G1 X124.211 Y90.595 E.01676
M73 P11 R25
M73 Q11 S26
G1 X143.215 Y109.599 E.84376
G1 X143.215 Y110.133 E.01676
G1 X123.677 Y90.595 E.86747
G1 X123.143 Y90.595 E.01676
G1 X129.005 Y96.457 E.26027
G1 X127.065 Y95.051 E.07522
G1 X122.609 Y90.595 E.19784
G1 X122.075 Y90.595 E.01676
G1 X125.725 Y94.245 E.16206
G1 X125.52 Y94.227 E.00646
G1 X125.297 Y94.247 E.00703
G1 X125.219 Y94.273 E.00258
G1 X121.541 Y90.595 E.1633
G1 X121.007 Y90.595 E.01676
M73 Q11 S25
G1 X124.835 Y94.423 E.16996
G1 X124.695 Y94.494 E.00493
G1 X124.506 Y94.628 E.00727
G1 X120.473 Y90.595 E.17906
G1 X119.939 Y90.595 E.01676
G1 X124.244 Y94.9 E.19114
G1 X124.202 Y94.952 E.0021
G1 X124.072 Y95.261 E.01052
G1 X119.405 Y90.595 E.20719
G1 X118.871 Y90.595 E.01676
G1 X124.015 Y95.739 E.22839
G1 X124.015 Y96.273 E.01676
G1 X118.337 Y90.595 E.2521
G1 X117.803 Y90.595 E.01676
G1 X123.524 Y96.315 E.25398
G1 X122.99 Y96.315 E.01676
G1 X117.269 Y90.595 E.25398
G1 X116.735 Y90.595 E.01676
G1 X122.456 Y96.315 E.25398
G1 X121.922 Y96.315 E.01676
G1 X116.201 Y90.595 E.25398
G1 X115.667 Y90.595 E.01676
G1 X121.388 Y96.315 E.25398
G1 X120.854 Y96.315 E.01676
G1 X115.133 Y90.595 E.25398
G1 X114.599 Y90.595 E.01676
G1 X120.32 Y96.315 E.25398
G1 X119.786 Y96.315 E.01676
G1 X114.065 Y90.595 E.25398
G1 X113.531 Y90.595 E.01676
G1 X119.334 Y96.397 E.25763
G1 X119.11 Y96.506 E.00782
G1 X118.995 Y96.592 E.00451
G1 X112.998 Y90.595 E.26626
G1 X112.464 Y90.595 E.01676
G1 X118.742 Y96.873 E.27874
G1 X118.611 Y97.094 E.00807
G1 X118.571 Y97.236 E.00463
G1 X111.93 Y90.595 E.29485
G1 X111.396 Y90.595 E.01676
G1 X118.515 Y97.714 E.31608
G1 X118.515 Y98.248 E.01676
G1 X110.862 Y90.595 E.33979
G1 X110.328 Y90.595 E.01676
G1 X118.515 Y98.782 E.36349
G1 X118.515 Y99.316 E.01676
G1 X109.794 Y90.595 E.3872
G1 X109.26 Y90.595 E.01676
G1 X118.515 Y99.85 E.41091
G1 X118.515 Y100.384 E.01676
G1 X108.556 Y90.425 E.44217
M204 S1000
;WIPE_START
G1 F8640
G1 X111.006 Y92.875 E-.8
;WIPE_END
G1 Z.6 F720
G1 X131.462 Y98.914 F10800
G1 Z.2 F720
M73 P12 R25
G1 E.8 F2100
M204 S800
G1 F1200
M73 Q12 S25
G1 X143.215 Y110.667 E.52182
G1 X143.215 Y111.201 E.01676
G1 X141.266 Y109.252 E.08653
G1 X141.302 Y109.386 E.00436
G1 X141.345 Y109.705 E.01011
G1 X141.332 Y109.852 E.00463
G1 X143.215 Y111.735 E.0836
G1 X143.215 Y112.269 E.01676
G1 X141.246 Y110.3 E.08742
G1 X141.137 Y110.725 E.01377
G1 X143.215 Y112.803 E.09226
G1 X143.215 Y113.337 E.01676
G1 X141.414 Y111.536 E.07996
G1 X141.454 Y111.74 E.00653
G1 X141.435 Y112.091 E.01104
G1 X143.215 Y113.871 E.07903
G1 X143.215 Y114.405 E.01676
G1 X141.385 Y112.575 E.08125
G1 X141.241 Y112.965 E.01305
G1 X143.215 Y114.939 E.08764
G1 X143.215 Y115.473 E.01676
G1 X141.07 Y113.327 E.09526
G1 X140.851 Y113.643 E.01207
G1 X143.215 Y116.007 E.10496
G1 X143.215 Y116.541 E.01676
G1 X140.586 Y113.912 E.11672
G1 X140.278 Y114.138 E.01199
G1 X143.215 Y117.075 E.1304
G1 X143.215 Y117.609 E.01676
G1 X139.935 Y114.329 E.14563
G1 X139.56 Y114.487 E.01278
G1 X143.215 Y118.143 E.1623
G1 X143.215 Y118.677 E.01676
G1 X139.128 Y114.59 E.18146
G1 X138.637 Y114.633 E.01547
G1 X143.139 Y119.135 E.19988
G1 X143.056 Y119.246 E.00435
G1 X142.952 Y119.327 E.00414
G1 X142.843 Y119.372 E.0037
G1 X138.094 Y114.623 E.21085
G1 X137.918 Y114.611 E.00554
G1 X137.65 Y114.56 E.00856
G1 X137.411 Y114.474 E.00797
G1 X142.342 Y119.405 E.21893
G1 X141.808 Y119.405 E.01676
G1 X136.797 Y114.394 E.22248
G1 X136.469 Y114.487 E.0107
G1 X136.367 Y114.498 E.00322
G1 X141.274 Y119.405 E.21787
G1 X140.74 Y119.405 E.01676
G1 X135.886 Y114.551 E.21551
G1 X135.375 Y114.574 E.01606
G1 X140.206 Y119.405 E.21449
G1 X139.672 Y119.405 E.01676
G1 X133.894 Y113.627 E.25654
G1 X133.672 Y113.593 E.00705
G1 X133.523 Y113.79 E.00775
G1 X139.138 Y119.405 E.2493
G1 X138.604 Y119.405 E.01676
G1 X133.243 Y114.044 E.23802
G1 X132.942 Y114.277 E.01195
G1 X138.07 Y119.405 E.22768
G1 X137.536 Y119.405 E.01676
G1 X132.584 Y114.453 E.21986
G1 X132.17 Y114.573 E.01353
G1 X137.002 Y119.405 E.21454
G1 X136.469 Y119.405 E.01673
G1 X131.693 Y114.63 E.21203
G1 X131.146 Y114.617 E.01718
G1 X135.935 Y119.405 E.2126
G1 X135.401 Y119.405 E.01676
G1 X130.44 Y114.444 E.22026
G1 X130.258 Y114.364 E.00624
G1 X129.871 Y114.114 E.01446
G1 X129.696 Y114.235 E.00668
G1 X134.867 Y119.405 E.22956
G1 X134.333 Y119.405 E.01676
G1 X129.342 Y114.415 E.22157
G1 X129.148 Y114.505 E.00671
G1 X128.953 Y114.56 E.00636
G1 X133.799 Y119.405 E.21514
G1 X133.265 Y119.405 E.01676
G1 X128.483 Y114.624 E.21229
G1 X128.06 Y114.633 E.01328
G1 X127.938 Y114.613 E.00388
G1 X132.731 Y119.405 E.21278
G1 X132.197 Y119.405 E.01676
G1 X127.238 Y114.447 E.22015
G1 X126.984 Y114.315 E.00899
G1 X126.827 Y114.394 E.00552
G1 X126.687 Y114.429 E.00453
G1 X131.663 Y119.405 E.22093
G1 X131.129 Y119.405 E.01676
G1 X126.213 Y114.489 E.21827
G1 X125.738 Y114.549 E.01503
G1 X130.595 Y119.405 E.21562
G1 X130.061 Y119.405 E.01676
G1 X125.234 Y114.579 E.21429
G1 X124.7 Y114.579 E.01676
G1 X129.527 Y119.405 E.21429
G1 X128.993 Y119.405 E.01676
G1 X124.167 Y114.579 E.21427
G1 X123.625 Y114.571 E.01702
G1 X128.459 Y119.405 E.21462
G1 X127.925 Y119.405 E.01676
G1 X123.056 Y114.536 E.21618
G1 X122.793 Y114.489 E.00839
G1 X122.482 Y114.346 E.01075
G1 X122.268 Y114.177 E.00856
G1 X122.064 Y113.883 E.01123
G1 X121.984 Y113.998 E.0044
G1 X127.391 Y119.405 E.24007
G1 X126.857 Y119.405 E.01676
G1 X121.73 Y114.278 E.22763
G1 X121.496 Y114.425 E.00868
G1 X121.379 Y114.461 E.00384
G1 X126.323 Y119.405 E.21951
G1 X125.789 Y119.405 E.01676
G1 X120.922 Y114.538 E.21609
G1 X120.391 Y114.541 E.01667
G1 X125.255 Y119.405 E.21596
G1 X124.721 Y119.405 E.01676
M73 P13 R25
M73 Q13 S25
G1 X119.808 Y114.492 E.21813
G1 X119.673 Y114.477 E.00426
G1 X119.472 Y114.421 E.00655
G1 X119.264 Y114.482 E.00681
G1 X124.187 Y119.405 E.21858
G1 X123.653 Y119.405 E.01676
G1 X118.772 Y114.524 E.21671
G1 X118.221 Y114.507 E.01731
G1 X123.119 Y119.405 E.21747
G1 X122.586 Y119.405 E.01673
G1 X117.627 Y114.447 E.22015
G1 X117.499 Y114.481 E.00416
G1 X117.145 Y114.498 E.01113
G1 X122.052 Y119.405 E.21787
G1 X121.518 Y119.405 E.01676
G1 X116.621 Y114.509 E.2174
G1 X116.02 Y114.442 E.01899
G1 X120.984 Y119.405 E.22037
G1 X120.45 Y119.405 E.01676
G1 X115.415 Y114.371 E.22353
G1 X115.284 Y114.44 E.00465
G1 X115.024 Y114.514 E.00849
G1 X119.916 Y119.405 E.21718
G1 X119.382 Y119.405 E.01676
G1 X114.574 Y114.598 E.21345
G1 X114.236 Y114.64 E.01069
G1 X114.081 Y114.638 E.00487
G1 X118.848 Y119.405 E.21165
G1 X118.314 Y119.405 E.01676
G1 X113.525 Y114.617 E.2126
G1 X112.865 Y114.49 E.0211
G1 X117.78 Y119.405 E.21822
G1 X117.246 Y119.405 E.01676
G1 X112.143 Y114.302 E.22657
G1 X111.969 Y114.428 E.00674
G1 X111.792 Y114.485 E.00584
G1 X116.712 Y119.405 E.21844
G1 X116.178 Y119.405 E.01676
G1 X111.319 Y114.547 E.21571
G1 X110.802 Y114.563 E.01624
G1 X115.644 Y119.405 E.21498
G1 X115.11 Y119.405 E.01676
G1 X110.12 Y114.415 E.22155
M204 S1000
;WIPE_START
G1 F8640
G1 X112.57 Y116.865 E-.8
;WIPE_END
G1 Z.6 F720
G1 X123.383 Y101.514 F10800
G1 Z.2 F720
G1 E.8 F2100
M204 S800
G1 F1200
G1 X124.185 Y102.316 E.03561
M204 S1000
;WIPE_START
G1 F8640
G1 X123.383 Y101.514 E-.26189
;WIPE_END
G1 E-.53811 F2100
G1 Z.6 F720
G1 X131.399 Y99.385 F10800
G1 Z.2 F720
G1 E.8 F2100
M204 S800
G1 F1200
G1 X139.389 Y107.375 E.35475
G1 X138.915 Y107.281 E.01517
G1 X138.756 Y107.276 E.00499
G1 X131.319 Y99.839 E.3302
G1 X131.032 Y100.086 E.01189
G1 X138.213 Y107.267 E.31883
G1 X137.742 Y107.33 E.01492
G1 X130.722 Y100.31 E.31168
G1 X130.412 Y100.534 E.01201
G1 X137.321 Y107.443 E.30675
G1 X136.989 Y107.575 E.01122
G1 X136.843 Y107.498 E.00518
G1 X130.102 Y100.758 E.29927
G1 X129.792 Y100.982 E.01201
G1 X136.182 Y107.372 E.28371
G1 X135.612 Y107.335 E.01793
G1 X129.482 Y101.206 E.27214
G1 X129.172 Y101.429 E.01199
G1 X135.071 Y107.328 E.26191
G1 X134.956 Y107.327 E.00361
G1 X134.754 Y107.367 E.00646
G1 X134.624 Y107.416 E.00436
G1 X128.862 Y101.653 E.25585
G1 X128.552 Y101.877 E.01201
G1 X134.29 Y107.616 E.25478
G1 X134.038 Y107.898 E.01187
G1 X128.242 Y102.101 E.25736
G1 X127.932 Y102.325 E.01201
G1 X133.948 Y108.342 E.26713
M204 S1000
;WIPE_START
G1 F8640
G1 X131.498 Y105.892 E-.8
;WIPE_END
G1 Z.6 F720
G1 X132.69 Y107.618 F10800
G1 Z.2 F720
G1 E.8 F2100
M204 S800
G1 F1200
G1 X127.622 Y102.549 E.22504
G1 X127.311 Y102.773 E.01203
G1 X131.804 Y107.265 E.19946
G1 X131.416 Y107.266 E.01218
G1 X131.291 Y107.286 E.00397
G1 X127.001 Y102.997 E.19045
G1 X126.691 Y103.221 E.01201
G1 X130.829 Y107.359 E.18372
G1 X130.679 Y107.383 E.00477
G1 X130.422 Y107.485 E.00868
G1 X126.381 Y103.445 E.17939
G1 X126.23 Y103.554 E.00585
G1 X126.049 Y103.646 E.00637
G1 X130.065 Y107.663 E.17833
G1 X129.893 Y107.792 E.00675
M73 P14 R25
G1 X129.632 Y107.599 E.01019
G1 X129.432 Y107.488 E.00718
G1 X129.326 Y107.457 E.00347
G1 X125.469 Y103.6 E.17125
M204 S1000
;WIPE_START
G1 F8640
M73 Q14 S25
G1 X127.919 Y106.05 E-.8
;WIPE_END
G1 Z.6 F720
G1 X122.849 Y101.514 F10800
G1 Z.2 F720
G1 E.8 F2100
M204 S800
G1 F1200
G1 X128.61 Y107.275 E.25578
G1 X128.066 Y107.265 E.01708
G1 X122.484 Y101.683 E.24784
G1 X121.95 Y101.683 E.01676
G1 X127.594 Y107.327 E.25059
G1 X127.513 Y107.338 E.00257
G1 X127.183 Y107.45 E.01094
G1 X121.415 Y101.682 E.25609
G1 X120.881 Y101.682 E.01676
G1 X126.825 Y107.626 E.26391
G1 X126.61 Y107.786 E.00841
G1 X126.202 Y107.537 E.01501
G1 X120.346 Y101.681 E.26
G1 X119.812 Y101.681 E.01676
G1 X125.428 Y107.297 E.24934
G1 X124.854 Y107.257 E.01806
G1 X108.192 Y90.595 E.73978
G1 X107.658 Y90.595 E.01676
G1 X124.367 Y107.304 E.74186
G1 X123.906 Y107.376 E.01465
G1 X107.157 Y90.628 E.74362
G1 X107.048 Y90.674 E.00371
G1 X106.944 Y90.754 E.00412
G1 X106.864 Y90.858 E.00412
G1 X123.529 Y107.533 E.74013
G1 X123.162 Y107.701 E.01267
M73 P14 R24
G1 X106.785 Y91.323 E.72714
G1 X106.785 Y91.857 E.01676
G1 X122.869 Y107.942 E.71414
G1 X122.601 Y108.208 E.01185
G1 X106.785 Y92.391 E.70224
G1 X106.785 Y92.925 E.01676
G1 X121.192 Y107.333 E.63968
G1 X121.557 Y107.437 E.01192
M73 Q14 S24
G1 X121.817 Y107.602 E.00967
G1 X122.011 Y107.8 E.0087
G1 X122.192 Y108.115 E.01141
G1 X122.262 Y108.403 E.0093
G1 X122.485 Y108.625 E.00988
M204 S1000
;WIPE_START
G1 F8640
G1 X122.262 Y108.403 E-.07266
G1 X122.192 Y108.115 E-.06844
G1 X122.011 Y107.8 E-.08389
G1 X121.817 Y107.602 E-.06401
G1 X121.557 Y107.437 E-.0711
G1 X121.192 Y107.333 E-.08763
G1 X120.113 Y106.254 E-.35227
;WIPE_END
G1 Z.6 F720
G1 X120.813 Y107.487 F10800
G1 Z.2 F720
G1 E.8 F2100
M204 S800
G1 F1200
G1 X106.785 Y93.459 E.62283
G1 X106.785 Y93.993 E.01676
G1 X120.111 Y107.32 E.59168
G1 X119.579 Y107.322 E.0167
G1 X106.785 Y94.527 E.56806
G1 X106.785 Y95.061 E.01676
G1 X119.088 Y107.365 E.54626
G1 X118.838 Y107.465 E.00845
M73 P15 R24
G1 X118.73 Y107.541 E.00415
G1 X106.785 Y95.595 E.53037
G1 X106.785 Y96.129 E.01676
M73 Q15 S24
G1 X117.996 Y107.34 E.49776
G1 X117.789 Y107.317 E.00654
G1 X117.442 Y107.321 E.01089
G1 X106.785 Y96.663 E.47318
G1 X106.785 Y97.197 E.01676
G1 X116.935 Y107.348 E.45067
G1 X116.454 Y107.4 E.01519
G1 X106.785 Y97.731 E.42929
G1 X106.785 Y98.265 E.01676
G1 X115.989 Y107.47 E.40867
G1 X115.778 Y107.535 E.00693
G1 X115.645 Y107.64 E.00532
G1 X115.603 Y107.618 E.00149
G1 X106.785 Y98.799 E.39153
G1 X106.785 Y99.333 E.01676
G1 X114.783 Y107.331 E.3551
G1 X114.588 Y107.29 E.00626
G1 X114.185 Y107.267 E.01267
G1 X106.785 Y99.867 E.32855
G1 X106.785 Y100.401 E.01676
G1 X113.663 Y107.279 E.30538
G1 X113.175 Y107.325 E.01539
G1 X106.785 Y100.935 E.28371
G1 X106.785 Y101.469 E.01676
G1 X112.757 Y107.441 E.26515
G1 X112.355 Y107.573 E.01328
G1 X106.785 Y102.003 E.2473
G1 X106.785 Y102.537 E.01676
G1 X111.618 Y107.37 E.21458
G1 X111.059 Y107.345 E.01757
G1 X106.785 Y103.071 E.18976
G1 X106.785 Y103.604 E.01673
G1 X110.508 Y107.328 E.16532
G1 X109.973 Y107.327 E.0168
G1 X106.785 Y104.138 E.14157
G1 X106.785 Y104.672 E.01676
G1 X109.559 Y107.447 E.12318
G1 X109.363 Y107.553 E.007
G1 X109.245 Y107.666 E.00513
G1 X106.785 Y105.206 E.10922
G1 X106.785 Y105.74 E.01676
G1 X109.012 Y107.968 E.0989
G1 X108.907 Y108.159 E.00684
G1 X108.873 Y108.362 E.00646
G1 X106.785 Y106.274 E.09271
G1 X106.785 Y106.808 E.01676
G1 X108.837 Y108.861 E.09113
G1 X108.837 Y109.395 E.01676
G1 X106.785 Y107.342 E.09113
G1 X106.785 Y107.876 E.01676
G1 X108.837 Y109.929 E.09113
G1 X108.837 Y110.463 E.01676
G1 X106.785 Y108.41 E.09113
G1 X106.785 Y108.944 E.01676
G1 X108.837 Y110.997 E.09113
G1 X108.837 Y111.531 E.01676
G1 X106.785 Y109.478 E.09113
G1 X106.785 Y110.012 E.01676
G1 X108.837 Y112.065 E.09113
G1 X108.837 Y112.599 E.01676
G1 X106.785 Y110.546 E.09113
G1 X106.785 Y111.08 E.01676
G1 X109.007 Y113.302 E.09865
M204 S1000
;WIPE_START
G1 F8640
G1 X106.785 Y111.08 E-.72558
G1 X106.785 Y110.758 E-.07442
;WIPE_END
G1 Z.6 F720
G1 X106.615 Y111.444 F10800
G1 Z.2 F720
G1 E.8 F2100
M204 S800
G1 F1200
G1 X114.576 Y119.405 E.35346
G1 X114.042 Y119.405 E.01676
G1 X106.785 Y112.148 E.3222
G1 X106.785 Y112.682 E.01676
G1 X113.508 Y119.405 E.29849
G1 X112.974 Y119.405 E.01676
G1 X106.785 Y113.216 E.27479
G1 X106.785 Y113.75 E.01676
G1 X112.44 Y119.405 E.25108
G1 X111.906 Y119.405 E.01676
G1 X106.785 Y114.284 E.22737
G1 X106.785 Y114.818 E.01676
G1 X111.372 Y119.405 E.20366
G1 X110.838 Y119.405 E.01676
G1 X106.785 Y115.352 E.17995
G1 X106.785 Y115.886 E.01676
G1 X110.304 Y119.405 E.15624
G1 X109.77 Y119.405 E.01676
G1 X106.785 Y116.42 E.13253
G1 X106.785 Y116.953 E.01673
G1 X109.237 Y119.405 E.10887
G1 X108.703 Y119.405 E.01676
G1 X106.785 Y117.487 E.08516
G1 X106.785 Y118.021 E.01676
G1 X108.169 Y119.405 E.06145
G1 X107.635 Y119.405 E.01676
G1 X106.615 Y118.386 E.04526
M204 S1000
;WIPE_START
G1 F8640
M73 P16 R24
G1 X107.635 Y119.405 E-.33291
G1 X108.169 Y119.405 E-.1233
G1 X107.116 Y118.352 E-.34379
;WIPE_END
G1 Z.6 F720
G1 X138.457 Y112.32 F10800
G1 Z.2 F720
M73 Q16 S24
G1 E.8 F2100
M204 S800
;TYPE:External perimeter
;WIDTH:0.419999
G1 F1200
G1 X138.149 Y112.276 E.00976
G1 X138.064 Y112.17 E.00426
G1 X137.994 Y111.833 E.01079
G1 X138.066 Y111.531 E.00973
G1 X138.254 Y111.381 E.00754
G1 X138.595 Y111.385 E.01069
G1 X138.801 Y111.497 E.00735
G1 X138.87 Y111.754 E.00834
G1 X138.863 Y111.99 E.0074
G1 X138.778 Y112.237 E.00819
G1 X138.549 Y112.334 E.0078
G1 X138.516 Y112.329 E.00105
M204 S1000
;WIPE_START
G1 F8640
G1 X138.457 Y112.32 E-.01378
G1 X138.149 Y112.276 E-.07184
G1 X138.064 Y112.17 E-.03137
G1 X137.994 Y111.833 E-.07948
G1 X138.066 Y111.531 E-.07169
G1 X138.254 Y111.381 E-.05553
G1 X138.595 Y111.385 E-.07874
G1 X138.801 Y111.497 E-.05414
G1 X138.87 Y111.754 E-.06144
G1 X138.863 Y111.99 E-.05452
G1 X138.778 Y112.237 E-.06032
G1 X138.549 Y112.334 E-.05742
G1 X138.516 Y112.329 E-.00771
;WIPE_END
G1 E-.10202 F2100
G1 Z.6 F720
G1 X138.419 Y110.233 F10800
G1 Z.2 F720
G1 E.8 F2100
M204 S800
;WIDTH:0.568977
G1 F1200
G1 X138.249 Y110.203 E.00755
G1 X138.187 Y110.08 E.00603
;WIDTH:0.57148
G1 X138.194 Y109.749 E.01455
G1 X138.288 Y109.659 E.00572
G1 X138.621 Y109.668 E.01464
G1 X138.701 Y109.978 E.01407
;WIDTH:0.568977
G1 X138.634 Y110.201 E.01019
G1 X138.478 Y110.237 E.007
M204 S1000
;WIPE_START
G1 F8640
G1 X138.419 Y110.233 E-.01365
G1 X138.249 Y110.203 E-.03986
G1 X138.187 Y110.08 E-.03181
G1 X138.194 Y109.749 E-.07645
G1 X138.288 Y109.659 E-.03005
G1 X138.621 Y109.668 E-.07692
G1 X138.701 Y109.978 E-.07392
G1 X138.634 Y110.201 E-.05377
G1 X138.478 Y110.237 E-.03697
;WIPE_END
G1 E-.3666 F2100
G1 Z.6 F720
G1 X134.665 Y111.356 F10800
G1 Z.2 F720
G1 E.8 F2100
M204 S800
;WIDTH:0.461914
G1 F1200
G1 X134.529 Y111.356 E.00474
G1 X135.128 Y110.447 E.03793
G1 X135.127 Y111.356 E.03167
G1 X134.725 Y111.356 E.01401
M204 S1000
;WIPE_START
G1 F8640
G1 X134.665 Y111.356 E-.01385
G1 X134.529 Y111.356 E-.0314
G1 X135.128 Y110.447 E-.25136
G1 X135.127 Y111.356 E-.20989
G1 X134.725 Y111.356 E-.09282
;WIPE_END
G1 E-.20068 F2100
G1 Z.6 F720
G1 X131.628 Y110.241 F10800
G1 Z.2 F720
G1 E.8 F2100
M204 S800
;TYPE:Perimeter
;WIDTH:0.476468
G1 F1200
G1 X131.622 Y110.126 E.00415
M204 S1000
G1 X131.604 Y110.753 F10800
M204 S800
;TYPE:External perimeter
;WIDTH:0.419999
G1 F1200
G1 X131.38 Y110.67 E.00749
G1 X131.222 Y110.337 E.01156
G1 X131.251 Y109.895 E.01389
G1 X131.391 Y109.706 E.00737
G1 X131.547 Y109.634 E.00539
G1 X131.723 Y109.654 E.00555
G1 X131.901 Y109.77 E.00666
G1 X132.031 Y110.199 E.01405
G1 X131.968 Y110.561 E.01152
G1 X131.845 Y110.689 E.00557
G1 X131.662 Y110.74 E.00596
M204 S1000
;WIPE_START
G1 F8640
G1 X131.604 Y110.753 E-.01372
G1 X131.38 Y110.67 E-.05516
G1 X131.222 Y110.337 E-.08511
G1 X131.251 Y109.895 E-.10228
G1 X131.391 Y109.706 E-.05431
G1 X131.547 Y109.634 E-.03967
G1 X131.723 Y109.654 E-.0409
G1 X131.901 Y109.77 E-.04906
G1 X132.031 Y110.199 E-.10351
G1 X131.968 Y110.561 E-.08484
G1 X131.845 Y110.689 E-.04099
G1 X131.662 Y110.74 E-.04387
;WIPE_END
G1 E-.08658 F2100
G1 Z.6 F720
G1 X128.245 Y110.215 F10800
G1 Z.2 F720
G1 E.8 F2100
M204 S800
;TYPE:Perimeter
;WIDTH:0.447296
G1 F1200
G1 X128.243 Y110.501 E.00962
;WIDTH:0.480154
G1 X128.249 Y111.225 E.02632
;WIDTH:0.446022
G1 X128.255 Y111.662 E.01465
M204 S1000
G1 X128.23 Y112.261 F10800
M204 S800
;TYPE:External perimeter
;WIDTH:0.419999
G1 F1200
G1 X128.193 Y112.268 E.00118
G1 X128.012 Y112.169 E.00647
G1 X127.89 Y111.828 E.01136
G1 X127.835 Y110.786 E.03272
G1 X127.871 Y110.192 E.01866
G1 X127.945 Y109.873 E.01027
G1 X128.072 Y109.67 E.00751
G1 X128.279 Y109.622 E.00666
G1 X128.428 Y109.68 E.00501
G1 X128.518 Y109.801 E.00473
G1 X128.618 Y110.195 E.01275
G1 X128.664 Y111.104 E.02854
G1 X128.627 Y111.686 E.01829
G1 X128.549 Y112.018 E.01069
G1 X128.42 Y112.226 E.00767
G1 X128.289 Y112.25 E.00418
M204 S1000
;LAYER_CHANGE
;Z:0.35
;HEIGHT:0.15
;BEFORE_LAYER_CHANGE
G92 E0.0
;0.35


;WIPE_START
G1 F8640
G1 X128.23 Y112.261 E-.01386
G1 X128.193 Y112.268 E-.00869
G1 X128.012 Y112.169 E-.04764
G1 X127.89 Y111.828 E-.08363
G1 X127.835 Y110.786 E-.24094
G1 X127.871 Y110.192 E-.13741
G1 X127.945 Y109.873 E-.07561
G1 X128.072 Y109.67 E-.05529
G1 X128.279 Y109.622 E-.04907
G1 X128.428 Y109.68 E-.03692
G1 X128.518 Y109.801 E-.03482
G1 X128.535 Y109.869 E-.01612
;WIPE_END
G1 Z.35 F720
;AFTER_LAYER_CHANGE
;0.35
M104 S210 ; set temperature
; stop printing object enclosure3/stl/lid-print.stl id:0 copy 0
G1 Z.75
G1 X128.285 Y127.974 F10800
G1 Z.35 F720
G1 E.8 F2100
;TYPE:Skirt/Brim
;WIDTH:0.42
G1 F3000
G1 X106.913 Y127.968 E.51688
G1 X105.249 Y127.744 E.04061
G1 X103.668 Y127.222 E.04027
G1 X102.489 Y126.601 E.03223
G1 X100.992 Y125.434 E.04591
G1 X99.905 Y124.174 E.04025
G1 X98.968 Y122.522 E.04593
G1 X98.446 Y120.942 E.04024
G1 X98.268 Y119.911 E.0253
G1 X98.211 Y118.967 E.02287
G1 X98.254 Y90.232 E.69495
G1 X98.565 Y88.597 E.04025
G1 X99.027 Y87.347 E.03223
G1 X99.905 Y85.826 E.04247
G1 X100.756 Y84.802 E.0322
G1 X102.016 Y83.715 E.04025
G1 X103.537 Y82.837 E.04247
G1 X104.787 Y82.375 E.03223
G1 X106.422 Y82.064 E.04025
G1 X142.783 Y82.022 E.87939
G1 X144.193 Y82.145 E.03423
G1 X145.889 Y82.599 E.04246
G1 X147.1 Y83.156 E.03224
G1 X148.476 Y84.092 E.04025
G1 X149.718 Y85.334 E.04248
G1 X150.653 Y86.709 E.04021
G1 X151.211 Y87.92 E.03225
G1 X151.689 Y89.759 E.04595
G1 X151.789 Y91.033 E.03091
G1 X151.746 Y119.768 E.69495
G1 X151.435 Y121.403 E.04025
G1 X150.973 Y122.654 E.03225
G1 X150.095 Y124.173 E.04243
G1 X149.244 Y125.198 E.03222
G1 X147.985 Y126.284 E.04021
G1 X146.332 Y127.222 E.04597
G1 X144.751 Y127.744 E.04027
G1 X143.72 Y127.922 E.0253
G1 X142.777 Y127.979 E.02285
G1 X128.345 Y127.974 E.34904
;WIPE_START
G1 F8640
G1 X128.285 Y127.974 E-.01385
G1 X124.88 Y127.973 E-.78615
;WIPE_END
G1 Z.75 F720
; printing object enclosure3/stl/lid-print.stl id:0 copy 0
G1 X131.606 Y114.203 F10800
G1 Z.35 F720
G1 E.8 F2100
M204 S800
;TYPE:Perimeter
;WIDTH:0.449999
G1 F2630.255
G1 X131.054 Y114.176 E.0144
G1 F2659.405
G1 X130.537 Y114.047 E.01388
G1 F2676.802
G1 X130.043 Y113.78 E.01463
G1 F2685.61
G1 X129.864 Y113.618 E.00629
G1 F2694.082
G1 X129.45 Y113.927 E.01346
G1 F2699.976
G1 X128.966 Y114.125 E.01363
G1 F2700
G1 X128.363 Y114.216 E.01589
G1 X127.727 Y114.17 E.01661
G1 X127.452 Y114.1 E.00739
G1 X127.03 Y113.921 E.01194
G1 X126.74 Y114.092 E.00877
G1 X126.366 Y114.162 E.00991
G1 F2689.374
G1 X123.325 Y114.162 E.07924
G1 F2666.674
G1 X122.937 Y114.087 E.0103
G1 F2657.771
G1 X122.588 Y113.858 E.01088
G1 F2641.547
G1 X122.393 Y113.589 E.00866
;WIDTH:0.453307
G1 F2610.98
G1 X122.278 Y113.117 E.01276
G1 F2579.529
G1 X122.278 Y112.915 E.0053
G1 F2569.186
G1 X121.857 Y112.915 E.01106
;WIDTH:0.458077
G1 F2581.828
G1 X121.856 Y113.208 E.00778
G1 F2612.654
G1 X121.743 Y113.589 E.01055
;WIDTH:0.449999
G1 F2641.547
G1 X121.547 Y113.858 E.00867
G1 F2657.771
G1 X121.198 Y114.087 E.01088
G1 F2667.18
G1 X120.811 Y114.162 E.01027
G1 F2674.607
G1 X119.98 Y114.162 E.02165
G1 F2682.222
G1 X119.616 Y114.096 E.00964
G1 F2684.276
G1 X119.461 Y114.017 E.00453
G1 F2689.371
G1 X119.107 Y114.148 E.00984
G1 F2700
G1 X118.278 Y114.162 E.0216
G1 X117.915 Y114.096 E.00961
G1 X117.759 Y114.017 E.00456
G1 X117.406 Y114.148 E.00981
G1 X116.409 Y114.162 E.02598
G1 X116.022 Y114.087 E.01027
G1 X115.787 Y113.956 E.00701
G1 X115.658 Y113.799 E.00529
G1 X115.171 Y114.033 E.01408
G1 X114.664 Y114.164 E.01364
G1 X113.757 Y114.21 E.02366
G1 X113.027 Y114.096 E.01925
G1 X112.357 Y113.833 E.01875
G1 X112.107 Y113.697 E.00742
G1 X111.929 Y113.9 E.00703
G1 X111.591 Y114.1 E.01023
G1 X111.238 Y114.162 E.00934
G1 X110.306 Y114.162 E.02428
G1 X110.03 Y114.125 E.00726
G1 X109.829 Y114.046 E.00563
G1 X109.623 Y113.908 E.00646
G1 X109.439 Y113.7 E.00724
G1 X109.261 Y113.258 E.01242
G1 X109.261 Y108.785 E.11655
G1 X109.318 Y108.446 E.00896
G1 X109.47 Y108.158 E.00849
G1 X109.679 Y107.95 E.00768
G1 X109.904 Y107.821 E.00676
G1 X110.306 Y107.741 E.01068
G1 X111.238 Y107.741 E.02428
G1 X111.577 Y107.797 E.00895
G1 X111.915 Y107.989 E.01013
G1 X112.099 Y108.193 E.00716
G1 X112.335 Y108.053 E.00715
G1 X112.885 Y107.825 E.01551
G1 X113.631 Y107.704 E.01969
G1 X113.926 Y107.684 E.0077
G1 X114.658 Y107.735 E.01912
G1 X115.221 Y107.874 E.01511
G1 X115.654 Y108.073 E.01242
G1 X115.926 Y107.859 E.00902
G1 X116.24 Y107.755 E.00862
G1 X117.642 Y107.741 E.03653
G1 X117.964 Y107.792 E.00849
G1 F2699.957
G1 X118.171 Y107.884 E.0059
G1 F2698.325
G1 X118.377 Y108.042 E.00676
G1 F2691.623
G1 X118.613 Y108.428 E.01179
G1 F2686.512
G1 X118.85 Y108.042 E.0118
G1 F2687.874
G1 X119.182 Y107.821 E.01039
G1 F2685.925
G1 X119.467 Y107.747 E.00767
G1 F2679.649
G1 X119.984 Y107.741 E.01347
G1 F2668.155
G1 X120.811 Y107.741 E.02155
G1 F2660.335
G1 X121.149 Y107.797 E.00893
G1 F2651.961
G1 X121.475 Y107.979 E.00973
G1 F2635.85
G1 X121.717 Y108.265 E.00976
G1 F2609.277
G1 X121.845 Y108.637 E.01025
;WIDTH:0.454375
G1 F2552.265
G1 X121.858 Y109.371 E.01933
;WIDTH:0.475213
G1 F2457.249
G1 X121.868 Y110.035 E.01835
G1 F2409.999
G1 X122.382 Y110.035 E.0142
G1 F2424.148
G1 X122.309 Y109.842 E.0057
G1 F2479.199
G1 X122.467 Y109.233 E.01738
;WIDTH:0.449999
G1 F2552.324
G1 X122.66 Y108.81 E.01211
G1 F2596.476
G1 X123.008 Y108.374 E.01454
G1 F2626.456
G1 X123.295 Y108.133 E.00976
G1 F2648.527
G1 X123.767 Y107.869 E.01409
G1 F2671.32
G1 X124.578 Y107.695 E.02161
G1 F2685.914
G1 X124.999 Y107.697 E.01097
G1 F2693.421
G1 X125.609 Y107.76 E.01598
G1 F2698.306
G1 X126.133 Y107.944 E.01447
G1 F2700
G1 X126.609 Y108.266 E.01497
G1 X127.055 Y107.949 E.01426
G1 X127.625 Y107.743 E.01579
G1 X128.426 Y107.689 E.02092
G1 X129.1 Y107.809 E.01784
G1 X129.387 Y107.927 E.00809
G1 X129.892 Y108.265 E.01583
G1 X130.32 Y107.973 E.0135
G1 X130.905 Y107.765 E.01618
G1 X131.209 Y107.708 E.00806
G1 X131.81 Y107.688 E.01567
G1 X132.462 Y107.803 E.01725
G1 F2696.755
G1 X132.736 Y107.909 E.00765
G1 X133.163 Y108.158 E.01288
G1 X133.553 Y108.547 E.01435
G1 F2686.599
G1 X133.829 Y108.988 E.01356
G1 F2691.503
G1 X134.334 Y108.214 E.02408
G1 F2699.607
G1 X134.561 Y107.966 E.00876
G1 F2700
G1 X134.922 Y107.781 E.01057
G1 X135.209 Y107.741 E.00755
G1 X136.192 Y107.741 E.02561
G1 X136.576 Y107.814 E.01018
G1 X136.909 Y108.026 E.01029
G1 X136.938 Y108.058 E.00113
G1 X137.507 Y107.809 E.01618
G1 X137.948 Y107.72 E.01172
G1 X138.431 Y107.683 E.01262
G1 X139.061 Y107.735 E.01647
G1 X139.599 Y107.883 E.01454
G1 X139.867 Y108.016 E.0078
G1 X140.212 Y108.256 E.01095
G1 X140.462 Y108.502 E.00914
G1 X140.617 Y108.716 E.00688
G1 X140.773 Y109.036 E.00928
G1 X140.932 Y109.728 E.0185
G1 X140.906 Y110.258 E.01383
G1 X140.726 Y110.766 E.01404
G1 X140.935 Y111.177 E.01201
G1 X140.999 Y111.472 E.00787
G1 X141.035 Y111.986 E.01343
G1 X141.014 Y112.28 E.00768
G1 X140.859 Y112.836 E.01504
G1 X140.726 Y113.097 E.00763
G1 X140.515 Y113.381 E.00922
G1 X140.033 Y113.812 E.01685
G1 X139.494 Y114.051 E.01536
G1 X139.174 Y114.15 E.00873
G1 F2697.648
G1 X138.651 Y114.216 E.01374
G1 F2686.623
G1 X138.086 Y114.205 E.01472
G1 F2664.567
G1 X137.528 Y114.103 E.01478
G1 F2634.534
G1 X137.106 Y113.95 E.0117
G1 F2609.856
G1 X136.931 Y113.856 E.00518
G1 F2598.192
G1 X136.689 Y114.036 E.00786
G1 F2589.755
G1 X136.372 Y114.146 E.00874
G1 F2559.294
G1 X135.342 Y114.162 E.02684
G1 F2538.986
G1 X134.918 Y114.071 E.0113
G1 F2520.452
G1 X134.592 Y113.844 E.01035
G1 F2493.176
G1 X134.434 Y113.633 E.00687
G1 F2455.644
G1 X134.342 Y113.286 E.00935
G1 F2430.734
G1 X133.536 Y113.286 E.021
G1 F2462.231
G1 X133.104 Y113.724 E.01603
G1 F2518.06
G1 X132.67 Y113.98 E.01313
G1 F2553.626
G1 X132.399 Y114.088 E.0076
G1 F2588.474
G1 X131.766 Y114.211 E.0168
G1 F2630.255
G1 X131.666 Y114.206 E.00261
M204 S1000
;WIPE_START
G1 F8640
G1 X131.606 Y114.203 E-.01387
G1 X131.054 Y114.176 E-.12761
G1 X130.537 Y114.047 E-.12304
G1 X130.043 Y113.78 E-.12966
G1 X129.864 Y113.618 E-.05575
G1 X129.45 Y113.927 E-.11928
G1 X128.966 Y114.125 E-.12075
G1 X128.494 Y114.196 E-.11004
;WIPE_END
G1 Z.75 F720
G1 X123.544 Y111.186 F10800
G1 Z.35 F720
G1 E.8 F2100
M204 S800
;WIDTH:0.407313
G1 F1500
G1 X123.499 Y110.862 E.00765
G1 X123.308 Y110.62 E.00721
;WIDTH:0.396204
G1 X123.197 Y110.554 E.00293
G1 X123.324 Y110.578 E.00293
;WIDTH:0.407313
G1 X124.144 Y110.63 E.01922
G1 X123.588 Y111.145 E.01773
M204 S1000
;WIPE_START
G1 F8640
G1 X123.544 Y111.186 E-.01389
G1 X123.499 Y110.862 E-.07553
G1 X123.308 Y110.62 E-.07119
G1 X123.197 Y110.554 E-.02982
G1 X123.324 Y110.578 E-.02984
G1 X124.144 Y110.63 E-.18972
G1 X123.588 Y111.145 E-.17499
;WIPE_END
G1 E-.21502 F2100
G1 Z.75 F720
G1 X131.627 Y113.786 F10800
G1 Z.35 F720
G1 E.8 F2100
M204 S800
;WIDTH:0.449999
G1 F2609.085
G1 X131.075 Y113.759 E.0144
G1 F2644.716
G1 X130.585 Y113.616 E.0133
G1 F2664.592
G1 X130.194 Y113.359 E.01219
G1 F2677.02
G1 X129.871 Y112.976 E.01305
G1 F2686.459
G1 X129.663 Y113.241 E.00878
G1 F2695.674
G1 X129.263 Y113.553 E.01322
G1 F2700
G1 X128.751 Y113.749 E.01428
G1 X128.243 Y113.805 E.01332
G1 X127.722 Y113.747 E.01366
G1 X127.205 Y113.543 E.01448
G1 X126.931 Y113.328 E.00907
G1 X126.859 Y113.504 E.00495
G1 X126.719 Y113.634 E.00498
G1 X126.451 Y113.744 E.00755
G1 F2677.111
G1 X123.325 Y113.744 E.08145
G1 F2641.405
G1 X123.045 Y113.678 E.0075
G1 F2634.016
G1 X122.883 Y113.562 E.00519
G1 F2623.209
G1 X122.766 Y113.4 E.00521
G1 F2604.215
G1 X122.698 Y113.117 E.00758
G1 F2559.417
G1 X122.698 Y112.502 E.01602
G1 F2523.074
G1 X121.438 Y112.496 E.03283
G1 F2559.332
G1 X121.438 Y113.121 E.01628
G1 F2604.411
G1 X121.37 Y113.4 E.00748
G1 F2626.354
G1 X121.158 Y113.639 E.00832
G1 F2640.002
G1 X120.912 Y113.736 E.00689
G1 F2651.427
G1 X119.98 Y113.744 E.02428
G1 F2663.535
G1 X119.762 Y113.705 E.00577
G1 F2665.57
G1 X119.633 Y113.639 E.00378
G1 F2663.131
G1 X119.461 Y113.412 E.00742
G1 F2668.473
G1 X119.288 Y113.639 E.00744
G1 F2680.535
G1 X119.026 Y113.738 E.0073
G1 F2692.596
G1 X118.278 Y113.744 E.01949
G1 F2698.589
G1 X118.06 Y113.705 E.00577
G1 F2699.447
G1 X117.932 Y113.64 E.00374
G1 F2700
G1 X117.759 Y113.412 E.00746
G1 X117.587 Y113.64 E.00744
G1 X117.324 Y113.738 E.00731
G1 X116.409 Y113.744 E.02384
G1 X116.123 Y113.675 E.00767
G1 X116.036 Y113.62 E.00268
G1 X115.843 Y113.385 E.00792
G1 X115.791 Y113.216 E.00461
G1 X115.216 Y113.568 E.01757
G1 X114.648 Y113.737 E.01544
G1 X114.414 Y113.78 E.0062
G1 X113.749 Y113.793 E.01733
G1 X113.103 Y113.686 E.01706
G1 X112.524 Y113.45 E.01629
G1 X112.02 Y113.076 E.01635
G1 X111.865 Y112.902 E.00607
G1 X111.864 Y113.147 E.00638
G1 X111.759 Y113.465 E.00873
G1 X111.516 Y113.679 E.00844
G1 X111.238 Y113.744 E.00744
G1 X110.306 Y113.744 E.02428
G1 X110.019 Y113.675 E.00769
G1 X109.786 Y113.467 E.00814
G1 X109.679 Y113.202 E.00745
G1 X109.679 Y108.785 E.11509
G1 X109.713 Y108.582 E.00536
G1 X109.804 Y108.409 E.00509
G1 X110.065 Y108.207 E.0086
G1 X110.306 Y108.158 E.00641
G1 X111.238 Y108.158 E.02428
G1 X111.442 Y108.192 E.00539
G1 X111.694 Y108.355 E.00782
G1 X111.754 Y108.43 E.0025
G1 X111.865 Y108.785 E.00969
G1 X111.885 Y108.923 E.00363
G1 X112.358 Y108.521 E.01617
G1 X112.935 Y108.25 E.01661
G1 X113.692 Y108.117 E.02003
G1 X114.629 Y108.152 E.02443
G1 X115.148 Y108.29 E.01399
G1 X115.616 Y108.536 E.01378
G1 X115.806 Y108.686 E.00631
G1 X115.858 Y108.486 E.00538
G1 X116.06 Y108.265 E.0078
G1 X116.307 Y108.167 E.00692
G1 F2699.975
G1 X117.642 Y108.158 E.03479
G1 X117.884 Y108.207 E.00643
G1 F2698.518
G1 X118.083 Y108.34 E.00624
G1 F2694.132
G1 X118.241 Y108.6 E.00793
G1 F2671.978
G1 X118.617 Y109.776 E.03217
G1 F2654.557
G1 X118.987 Y108.594 E.03227
G1 F2669.673
G1 X119.143 Y108.34 E.00777
G1 F2670.504
G1 X119.424 Y108.179 E.00844
G1 F2661.827
G1 X119.984 Y108.158 E.0146
G1 F2644.066
G1 X120.811 Y108.158 E.02155
G1 F2632.211
G1 X121.104 Y108.231 E.00787
G1 F2622.461
G1 X121.276 Y108.365 E.00568
G1 F2605.732
G1 X121.415 Y108.617 E.0075
G1 F2555.384
G1 X121.438 Y109.371 E.01966
G1 F2434.853
G1 X121.438 Y110.465 E.0285
G1 F2346.378
G1 X122.09 Y110.465 E.01699
G1 F2344.91
G1 X122.939 Y110.482 E.02213
;WIDTH:0.416123
G1 F2351.837
G1 X123.099 Y110.517 E.00392
G1 X122.956 Y110.437 E.00392
;WIDTH:0.449999
G1 F2396.098
G1 X122.736 Y109.898 E.01517
G1 F2473.971
G1 X122.851 Y109.396 E.01342
G1 F2533.903
G1 X123.062 Y108.966 E.01248
G1 F2582.668
G1 X123.426 Y108.547 E.01446
G1 F2620.99
G1 X123.877 Y108.281 E.01364
G1 F2641.294
G1 X124.08 Y108.207 E.00563
G1 F2657.026
G1 X124.651 Y108.107 E.0151
G1 F2677.291
G1 X125.439 Y108.156 E.02057
G1 F2690.196
G1 X125.951 Y108.32 E.01401
G1 F2695.333
G1 X126.386 Y108.623 E.01381
G1 F2699.908
G1 X126.617 Y108.888 E.00916
G1 X126.973 Y108.501 E.0137
G1 F2700
G1 X127.349 Y108.281 E.01135
G1 X127.815 Y108.138 E.0127
G1 X128.447 Y108.107 E.01649
G1 X129.001 Y108.215 E.01471
G1 X129.471 Y108.463 E.01385
G1 X129.87 Y108.869 E.01483
G1 X130.381 Y108.422 E.01769
G1 X130.56 Y108.325 E.0053
G1 X131.041 Y108.16 E.01325
G1 X131.824 Y108.106 E.02045
G1 F2698.105
G1 X132.367 Y108.21 E.01441
G1 X132.848 Y108.451 E.01402
G1 F2690.801
G1 X133.249 Y108.834 E.01445
G1 F2674.451
G1 X133.534 Y109.324 E.01477
G1 F2642.998
G1 X133.701 Y109.948 E.01683
G1 F2668.904
G1 X134.684 Y108.442 E.04686
G1 F2696.887
G1 X134.89 Y108.246 E.00741
G1 F2698.699
G1 X135.126 Y108.164 E.00651
G1 F2699.897
G1 X136.192 Y108.158 E.02778
G1 X136.422 Y108.202 E.0061
G1 X136.622 Y108.329 E.00617
G1 X136.795 Y108.614 E.00869
G1 X136.807 Y108.703 E.00234
G1 X137.176 Y108.399 E.01246
G1 F2700
G1 X137.664 Y108.197 E.01376
G1 X138.27 Y108.102 E.01598
G1 X139.027 Y108.152 E.01977
G1 X139.468 Y108.279 E.01196
G1 X139.973 Y108.599 E.01558
G1 X140.278 Y108.961 E.01233
G1 X140.489 Y109.553 E.01638
G1 X140.504 Y110.095 E.01413
G1 X140.459 Y110.311 E.00575
G1 X140.248 Y110.786 E.01354
G1 X140.509 Y111.248 E.01383
G1 X140.583 Y111.501 E.00687
G1 X140.618 Y112.015 E.01342
G1 X140.54 Y112.496 E.0127
G1 X140.354 Y112.908 E.01178
G1 X139.905 Y113.384 E.01705
G1 X139.712 Y113.51 E.00601
G1 F2699.939
G1 X139.129 Y113.734 E.01627
G1 F2694.59
G1 X138.651 Y113.798 E.01257
G1 F2681.211
G1 X138.148 Y113.791 E.01311
G1 F2658.583
G1 X137.665 Y113.709 E.01276
G1 F2625.436
G1 X137.19 Y113.515 E.01337
G1 F2583.024
G1 X136.804 Y113.254 E.01214
G1 F2559.46
G1 X136.635 Y113.56 E.00911
G1 F2556.116
G1 X136.398 Y113.709 E.00729
G1 F2545.689
G1 X136.192 Y113.744 E.00544
G1 F2512.304
G1 X135.342 Y113.744 E.02215
G1 F2489.589
G1 X135.056 Y113.675 E.00767
G1 F2471.415
G1 X134.826 Y113.473 E.00798
G1 F2432.107
G1 X134.715 Y113.117 E.00972
G1 F2385.909
G1 X134.715 Y112.868 E.00649
G1 F2365.83
G1 X133.386 Y112.868 E.03463
G1 F2364.119
G1 X133.334 Y112.845 E.00148
G1 F2396.382
G1 X133.042 Y113.206 E.0121
G1 F2452.465
G1 X132.792 Y113.429 E.00873
G1 F2505.858
G1 X132.3 Y113.682 E.01442
G1 F2561.031
G1 X131.766 Y113.793 E.01421
G1 F2609.085
G1 X131.687 Y113.789 E.00206
M204 S1000
G1 X131.648 Y113.37 F10800
M204 S800
;TYPE:External perimeter
G1 F1500
G1 X131.096 Y113.342 E.0144
G1 X130.754 Y113.234 E.00934
G1 X130.5 Y113.075 E.00781
G1 X130.214 Y112.749 E.0113
;WIDTH:0.495048
G1 X130.082 Y112.493 E.00831
;WIDTH:0.540097
G1 X129.95 Y112.237 E.00912
;WIDTH:0.565623
G1 X129.922 Y112.181 E.00208
;WIDTH:0.591148
G1 X129.893 Y112.125 E.0022
G1 X129.783 Y112.312 E.00756
;WIDTH:0.544099
G1 X129.672 Y112.5 E.00697
;WIDTH:0.497049
G1 X129.562 Y112.687 E.00629
;WIDTH:0.449999
G1 X129.395 Y112.921 E.00749
G1 X129.062 Y113.186 E.01109
G1 X128.667 Y113.339 E.01104
G1 X128.219 Y113.386 E.01174
G1 X127.768 Y113.326 E.01185
G1 X127.377 Y113.156 E.01111
G1 X127.062 Y112.882 E.01088
;WIDTH:0.488623
G1 X126.969 Y112.755 E.00448
;WIDTH:0.527247
G1 X126.876 Y112.628 E.00486
;WIDTH:0.565871
G1 X126.783 Y112.5 E.00527
;WIDTH:0.604495
G1 X126.69 Y112.373 E.00562
;WIDTH:0.62926
G1 X126.659 Y112.326 E.0021
G1 X126.636 Y112.433 E.00408
;WIDTH:0.580471
G1 X126.614 Y112.539 E.0037
;WIDTH:0.531682
G1 X126.591 Y112.646 E.00341
;WIDTH:0.482892
G1 X126.573 Y113.14 E.01389
;WIDTH:0.449999
G1 X126.483 Y113.289 E.00454
G1 X126.366 Y113.326 E.0032
G1 X123.325 Y113.326 E.07924
G1 X123.177 Y113.265 E.00417
G1 X123.116 Y113.117 E.00417
G1 X123.116 Y112.502 E.01602
G1 X123.264 Y112.247 E.00768
;WIDTH:0.418331
G1 X123.412 Y111.993 E.00708
G1 X123.658 Y111.685 E.00949
;WIDTH:0.449999
G1 X123.904 Y111.376 E.01029
;WIDTH:0.454497
G1 X124.459 Y110.879 E.01962
;WIDTH:0.496598
G1 X124.686 Y110.628 E.0098
;WIDTH:0.538698
G1 X124.913 Y110.378 E.01067
;WIDTH:0.575734
G1 X125.103 Y110.09 E.0117
G1 X125.095 Y109.824 E.00902
G1 X124.955 Y109.725 E.00581
G1 X124.658 Y109.77 E.01018
G1 X124.529 Y109.998 E.00888
;WIDTH:0.548924
G1 X124.4 Y110.226 E.00844
;WIDTH:0.522114
G1 X124.052 Y110.217 E.01064
;WIDTH:0.486057
G1 X123.705 Y110.208 E.00982
;WIDTH:0.449999
G1 X123.278 Y110.172 E.01117
G1 X123.22 Y110.136 E.00178
G1 X123.153 Y109.936 E.0055
G1 X123.236 Y109.559 E.01006
G1 X123.384 Y109.232 E.00935
G1 X123.71 Y108.858 E.01293
G1 X124.153 Y108.619 E.01312
G1 X124.723 Y108.518 E.01508
G1 X125.402 Y108.572 E.01775
G1 X125.792 Y108.709 E.01077
G1 X126.092 Y108.921 E.00957
G1 X126.332 Y109.233 E.01026
;WIDTH:0.495825
G1 X126.409 Y109.398 E.00526
;WIDTH:0.541651
G1 X126.486 Y109.563 E.00579
;WIDTH:0.587476
G1 X126.562 Y109.728 E.00629
;WIDTH:0.623552
G1 X126.586 Y109.804 E.00294
G1 X126.662 Y109.659 E.00604
;WIDTH:0.580164
G1 X126.739 Y109.514 E.00561
;WIDTH:0.536776
G1 X126.815 Y109.368 E.00518
;WIDTH:0.493388
G1 X126.892 Y109.223 E.00472
;WIDTH:0.449999
G1 X127.216 Y108.841 E.01305
G1 X127.496 Y108.672 E.00852
G1 X127.836 Y108.555 E.00937
G1 X128.468 Y108.524 E.01649
G1 X128.959 Y108.644 E.01317
G1 X129.316 Y108.869 E.011
G1 X129.591 Y109.201 E.01123
G1 X129.831 Y109.781 E.01636
G1 X129.903 Y110.149 E.00977
G1 X129.979 Y109.618 E.01398
G1 X130.152 Y109.223 E.01124
G1 X130.386 Y108.94 E.00957
G1 X130.696 Y108.72 E.0099
G1 X131.18 Y108.554 E.01333
G1 X131.838 Y108.523 E.01716
G1 X132.327 Y108.638 E.01309
G1 X132.716 Y108.878 E.01191
G1 X132.978 Y109.166 E.01014
G1 X133.183 Y109.569 E.01178
G1 X133.345 Y110.263 E.01857
G1 X133.382 Y110.871 E.01587
G1 X133.363 Y111.23 E.00937
G1 X135.034 Y108.671 E.07963
G1 X135.181 Y108.578 E.00453
G1 X136.192 Y108.576 E.02634
G1 X136.335 Y108.633 E.00401
G1 X136.401 Y108.785 E.00432
G1 X136.399 Y109.361 E.01501
;WIDTH:0.449084
G1 X136.4 Y110.196 E.02171
;WIDTH:0.488557
G1 X136.42 Y110.382 E.00532
;WIDTH:0.52803
G1 X136.44 Y110.567 E.00575
;WIDTH:0.567502
G1 X136.46 Y110.753 E.00625
;WIDTH:0.584505
G1 X136.468 Y111.295 E.01867
G1 X136.766 Y111.309 E.01028
G1 X136.87 Y111.077 E.00876
G1 X137.141 Y110.816 E.01296
G1 X136.965 Y110.629 E.00885
;WIDTH:0.567502
G1 X136.915 Y110.48 E.00525
;WIDTH:0.52803
G1 X136.866 Y110.33 E.00488
;WIDTH:0.488557
G1 X136.817 Y110.181 E.00446
;WIDTH:0.449084
G1 X136.795 Y109.682 E.01299
;WIDTH:0.449999
G1 X136.877 Y109.348 E.00896
G1 X137.132 Y108.961 E.01208
G1 X137.4 Y108.754 E.00882
G1 X137.866 Y108.571 E.01304
G1 X138.362 Y108.516 E.013
G1 X138.992 Y108.568 E.01647
G1 X139.39 Y108.703 E.01095
G1 X139.785 Y108.991 E.01274
G1 X139.971 Y109.27 E.00874
G1 X140.096 Y109.734 E.01252
G1 X140.071 Y110.155 E.01099
G1 X139.873 Y110.588 E.01241
G1 X139.658 Y110.812 E.00809
G1 X139.962 Y111.109 E.01107
G1 X140.166 Y111.531 E.01221
G1 X140.202 Y112.044 E.0134
M73 P17 R24
G1 X140.113 Y112.458 E.01103
G1 X139.939 Y112.775 E.00942
G1 X139.553 Y113.123 E.01354
G1 X139.057 Y113.322 E.01392
G1 X138.65 Y113.38 E.01071
G1 X138.209 Y113.378 E.01149
G1 X137.802 Y113.314 E.01073
G1 X137.434 Y113.177 E.01023
G1 X137.029 Y112.878 E.01312
G1 X136.817 Y112.56 E.00996
G1 X136.766 Y112.45 E.00316
G1 X136.401 Y112.45 E.00951
G1 X136.401 Y113.117 E.01738
G1 X136.311 Y113.289 E.00506
M73 Q17 S24
G1 X136.192 Y113.326 E.00325
G1 X135.342 Y113.326 E.02215
G1 X135.192 Y113.262 E.00425
G1 X135.133 Y113.117 E.00408
G1 X135.133 Y112.45 E.01738
G1 X133.386 Y112.45 E.04552
G1 X133.197 Y112.331 E.00582
G1 X133.174 Y112.241 E.00242
G1 X132.935 Y112.705 E.0136
G1 X132.585 Y113.067 E.01312
G1 X132.201 Y113.276 E.01139
G1 X131.756 Y113.375 E.01188
G1 X131.707 Y113.373 E.00128
M204 S1000
;WIPE_START
G1 F8640
G1 X131.648 Y113.37 E-.01364
G1 X131.096 Y113.342 E-.12762
G1 X130.754 Y113.234 E-.08281
G1 X130.5 Y113.075 E-.06919
G1 X130.214 Y112.749 E-.10014
G1 X130.082 Y112.493 E-.06651
G1 X129.95 Y112.237 E-.06651
G1 X129.922 Y112.181 E-.01446
G1 X129.893 Y112.125 E-.01456
G1 X129.783 Y112.312 E-.0501
G1 X129.672 Y112.5 E-.05041
G1 X129.562 Y112.687 E-.0501
G1 X129.395 Y112.921 E-.06638
G1 X129.302 Y112.995 E-.02757
;WIPE_END
G1 Z.75 F720
G1 X121.067 Y111.913 F10800
G1 Z.35 F720
G1 E.8 F2100
M204 S800
;WIDTH:0.544352
G1 F1500
G1 X121.065 Y111.092 E.02622
M204 S1000
;WIPE_START
G1 F8640
G1 X121.067 Y111.913 E-.18957
;WIPE_END
G1 E-.61043 F2100
G1 Z.75 F720
G1 X118.61 Y113.323 F10800
G1 Z.35 F720
G1 E.8 F2100
M204 S800
;WIDTH:0.449999
G1 F1500
G1 X118.278 Y113.326 E.00865
G1 X118.163 Y113.291 E.00313
G1 X118.079 Y113.181 E.00361
G1 X117.45 Y111.234 E.05331
G1 X117.45 Y113.117 E.04906
G1 X117.356 Y113.291 E.00515
G1 X117.241 Y113.326 E.00313
G1 X116.409 Y113.326 E.02168
G1 X116.285 Y113.285 E.0034
G1 X116.2 Y113.117 E.00491
G1 X116.2 Y112.599 E.0135
;WIDTH:0.474717
G1 X116.188 Y112.037 E.01551
;WIDTH:0.480526
G1 X116.185 Y111.962 E.0021
G1 X115.878 Y112.517 E.01773
;WIDTH:0.449999
G1 X115.494 Y112.923 E.01456
G1 X115.011 Y113.204 E.01456
G1 X114.454 Y113.355 E.01504
G1 X113.741 Y113.375 E.01859
G1 X113.18 Y113.275 E.01485
G1 X112.692 Y113.067 E.01382
G1 X112.28 Y112.749 E.01356
G1 X111.963 Y112.333 E.01363
G1 X111.774 Y111.824 E.01415
;WIDTH:0.400142
G1 X111.737 Y111.538 E.00662
;WIDTH:0.370621
G1 X111.699 Y111.251 E.00611
;WIDTH:0.3411
G1 X111.698 Y110.638 E.01181
;WIDTH:0.385948
G1 X111.766 Y110.08 E.0124
;WIDTH:0.417974
G1 X111.846 Y109.832 E.00627
;WIDTH:0.449999
G1 X111.926 Y109.584 E.00679
G1 X112.222 Y109.17 E.01326
G1 X112.617 Y108.849 E.01326
G1 X113.1 Y108.634 E.01378
G1 X113.753 Y108.53 E.01723
G1 X114.601 Y108.569 E.02212
G1 X115.024 Y108.691 E.01147
G1 X115.357 Y108.863 E.00977
G1 X115.639 Y109.092 E.00947
G1 X115.872 Y109.382 E.00969
;WIDTH:0.479742
G1 X115.998 Y109.612 E.00732
;WIDTH:0.509485
G1 X116.124 Y109.842 E.00781
;WIDTH:0.533146
G1 X116.159 Y109.944 E.00337
G1 X116.179 Y109.626 E.00995
;WIDTH:0.491573
G1 X116.2 Y109.308 E.00913
;WIDTH:0.449999
G1 X116.2 Y108.782 E.01371
G1 X116.249 Y108.651 E.00364
G1 X116.391 Y108.577 E.00417
G1 X117.642 Y108.576 E.0326
G1 X117.818 Y108.648 E.00495
G1 X118.621 Y111.16 E.06871
G1 X119.385 Y108.723 E.06655
G1 X119.504 Y108.592 E.00461
G1 X120.811 Y108.576 E.03406
G1 X120.966 Y108.645 E.00442
G1 X121.02 Y108.81 E.00452
G1 X121.02 Y110.584 E.04622
;WIDTH:0.49525
G1 X121.043 Y110.838 E.00736
;WIDTH:0.5405
G1 X121.065 Y111.092 E.00808
G1 X121.192 Y110.988 E.0052
;WIDTH:0.49525
G1 X121.32 Y110.883 E.00478
;WIDTH:0.449999
G1 X122.939 Y110.883 E.04218
G1 X123.067 Y110.928 E.00354
G1 X123.148 Y111.092 E.00477
G1 X123.124 Y111.845 E.01963
;WIDTH:0.403426
G1 X123.064 Y111.974 E.00329
;WIDTH:0.397597
G1 X123.001 Y112.022 E.0018
;WIDTH:0.435909
G1 X122.939 Y112.071 E.00199
;WIDTH:0.449999
G1 X122.077 Y112.078 E.02246
G1 X121.32 Y112.078 E.01972
;WIDTH:0.497176
G1 X121.193 Y111.996 E.00438
;WIDTH:0.544352
G1 X121.067 Y111.913 E.00482
G1 X121.044 Y112.145 E.00745
;WIDTH:0.497176
G1 X121.02 Y112.377 E.00676
;WIDTH:0.449999
G1 X121.02 Y113.118 E.01931
G1 X120.958 Y113.265 E.00416
G1 X120.811 Y113.326 E.00415
G1 X119.98 Y113.326 E.02165
G1 X119.864 Y113.291 E.00316
G1 X119.771 Y113.117 E.00514
G1 X119.771 Y111.23 E.04917
G1 X119.141 Y113.181 E.05342
G1 X118.994 Y113.319 E.00525
G1 X118.67 Y113.322 E.00844
M204 S1000
;WIPE_START
G1 F8640
G1 X118.61 Y113.323 E-.01386
G1 X118.278 Y113.326 E-.07666
G1 X118.163 Y113.291 E-.02776
G1 X118.079 Y113.181 E-.03196
G1 X117.45 Y111.234 E-.47245
G1 X117.45 Y112.002 E-.17731
;WIPE_END
G1 Z.75 F720
G1 X110.772 Y113.326 F10800
G1 Z.35 F720
G1 E.8 F2100
M204 S800
G1 F1500
G1 X110.306 Y113.326 E.01214
G1 X110.169 Y113.275 E.00381
G1 X110.097 Y113.117 E.00452
G1 X110.097 Y108.785 E.11287
G1 X110.139 Y108.66 E.00344
G1 X110.268 Y108.58 E.00396
G1 X111.238 Y108.576 E.02527
G1 X111.41 Y108.667 E.00507
G1 X111.447 Y108.916 E.00656
G1 X111.447 Y109.491 E.01498
G1 X111.431 Y109.771 E.00731
;WIDTH:0.417974
G1 X111.415 Y110.05 E.00672
;WIDTH:0.385948
G1 X111.392 Y110.586 E.01184
;WIDTH:0.34075
G1 X111.391 Y111.225 E.0123
;WIDTH:0.387952
G1 X111.416 Y111.816 E.01312
;WIDTH:0.418976
G1 X111.431 Y112.1 E.00686
;WIDTH:0.449999
G1 X111.447 Y112.385 E.00744
G1 X111.447 Y113.117 E.01907
G1 X111.376 Y113.274 E.00449
G1 X111.238 Y113.326 E.00384
G1 X110.832 Y113.326 E.01058
M204 S1000
;WIPE_START
G1 F8640
G1 X110.772 Y113.326 E-.01385
G1 X110.306 Y113.326 E-.1076
G1 X110.169 Y113.275 E-.03375
G1 X110.097 Y113.117 E-.04009
G1 X110.097 Y110.498 E-.60471
;WIPE_END
G1 Z.75 F720
G1 X124.439 Y102.25 F10800
G1 Z.35 F720
G1 E.8 F2100
M204 S800
;TYPE:Perimeter
G1 F1500
G1 X124.439 Y101.261 E.02577
G1 X119.984 Y101.261 E.11608
G1 X119.662 Y101.21 E.00849
G1 X119.34 Y101.038 E.00951
G1 X119.102 Y100.775 E.00924
G1 X118.939 Y100.357 E.01169
G1 X118.939 Y97.784 E.06704
G1 X118.982 Y97.488 E.00779
G1 X119.093 Y97.239 E.0071
G1 X119.299 Y96.995 E.00832
G1 X119.607 Y96.81 E.00936
G1 X119.984 Y96.739 E.01
G1 X124.439 Y96.739 E.11608
G1 X124.439 Y95.719 E.02658
G1 X124.494 Y95.384 E.00885
G1 X124.721 Y95.005 E.01151
G1 X124.897 Y94.854 E.00604
G1 X125.303 Y94.69 E.01141
G1 X125.664 Y94.69 E.00941
G1 X125.88 Y94.752 E.00586
G1 X126.095 Y94.872 E.00642
G1 X130.639 Y98.153 E.14604
G1 X130.921 Y98.459 E.01084
G1 X131.056 Y98.82 E.01004
G1 X131.05 Y99.215 E.01029
G1 X130.891 Y99.587 E.01054
G1 X130.639 Y99.847 E.00943
G1 X126.095 Y103.128 E.14604
G1 X125.803 Y103.276 E.00853
G1 X125.391 Y103.322 E.0108
G1 X125.079 Y103.244 E.00838
G1 X124.816 Y103.084 E.00802
G1 X124.594 Y102.829 E.00881
G1 X124.495 Y102.617 E.0061
G1 X124.444 Y102.31 E.00811
M204 S1000
G1 X124.857 Y102.25 F10800
M204 S800
G1 F1500
G1 X124.857 Y100.843 E.03666
G1 X119.984 Y100.843 E.12697
G1 X119.725 Y100.787 E.0069
G1 X119.503 Y100.618 E.00727
G1 X119.357 Y100.341 E.00816
G1 X119.357 Y97.784 E.06662
G1 X119.41 Y97.533 E.00668
G1 X119.573 Y97.311 E.00718
G1 X119.758 Y97.199 E.00563
G1 X119.984 Y97.157 E.00599
G1 X124.857 Y97.157 E.12697
G1 X124.857 Y95.719 E.03747
G1 X124.95 Y95.391 E.00888
G1 X125.132 Y95.2 E.00687
G1 X125.415 Y95.096 E.00786
G1 X125.759 Y95.144 E.00905
G1 X130.394 Y98.492 E.14898
G1 X130.563 Y98.675 E.00649
G1 X130.65 Y98.932 E.00707
G1 X130.619 Y99.206 E.00718
G1 X130.495 Y99.417 E.00638
G1 X129.727 Y99.99 E.02497
G1 X125.851 Y102.79 E.12459
G1 X125.601 Y102.897 E.00709
G1 X125.317 Y102.886 E.00741
G1 X125.083 Y102.763 E.00689
G1 X124.95 Y102.61 E.00528
G1 X124.865 Y102.309 E.00815
M204 S1000
G1 X125.275 Y102.25 F10800
M204 S800
;TYPE:External perimeter
G1 F1500
G1 X125.275 Y100.425 E.04755
G1 X124.6 Y100.425 E.01759
G1 X120.658 Y100.425 E.10271
G1 X119.984 Y100.425 E.01756
G1 X119.835 Y100.363 E.0042
G1 X119.775 Y100.228 E.00385
G1 X119.775 Y97.784 E.06368
G1 X119.847 Y97.626 E.00452
G1 X119.984 Y97.575 E.00381
G1 X120.658 Y97.575 E.01756
G1 X124.6 Y97.575 E.10271
G1 X125.275 Y97.575 E.01759
G1 X125.275 Y95.719 E.04836
G1 X125.331 Y95.576 E.004
G1 X125.484 Y95.51 E.00434
G1 X125.606 Y95.549 E.00334
G1 X126.152 Y95.943 E.01754
G1 X129.603 Y98.436 E.11093
G1 X130.15 Y98.831 E.01758
G1 X130.235 Y98.977 E.0044
G1 X130.183 Y99.139 E.00443
G1 X129.482 Y99.651 E.02262
G1 X128.935 Y100.047 E.0176
G1 X126.152 Y102.057 E.08945
G1 X125.606 Y102.451 E.01754
G1 X125.456 Y102.488 E.00403
G1 X125.318 Y102.409 E.00414
G1 X125.284 Y102.308 E.00278
M204 S1000
;WIPE_START
G1 F8640
G1 X125.275 Y102.25 E-.01355
G1 X125.275 Y100.425 E-.4214
G1 X124.6 Y100.425 E-.15586
G1 X123.694 Y100.425 E-.20919
;WIPE_END
G1 Z.75 F720
G1 X126.516 Y110.334 F10800
G1 Z.35 F720
G1 E.8 F2100
M204 S800
;WIDTH:0.591145
G1 F1500
G1 X126.551 Y110.069 E.00932
;WIDTH:0.623552
G1 X126.586 Y109.804 E.00986
M204 S1000
;WIPE_START
G1 F8640
G1 X126.551 Y110.069 E-.06172
G1 X126.516 Y110.334 E-.06172
;WIPE_END
G1 E-.67656 F2100
G1 Z.75 F720
G1 X129.962 Y110.745 F10800
G1 Z.35 F720
G1 E.8 F2100
M204 S800
;WIDTH:0.468758
G1 F1500
G1 X129.908 Y110.202 E.01486
M204 S1000
;WIPE_START
G1 F8640
G1 X129.962 Y110.745 E-.126
;WIPE_END
G1 E-.674 F2100
G1 Z.75 F720
G1 X136.83 Y112.075 F10800
G1 Z.35 F720
G1 E.8 F2100
M204 S800
;WIDTH:0.37219
G1 F1457.78
G1 X136.835 Y111.666 E.00867
M204 S1000
;WIPE_START
G1 F8640
G1 X136.83 Y112.075 E-.09445
;WIPE_END
G1 E-.70555 F2100
G1 Z.75 F720
G1 X132.012 Y111.677 F10800
G1 Z.35 F720
G1 E.8 F2100
M204 S800
;WIDTH:0.460311
G1 F1500
G1 X131.989 Y111.837 E.00432
G1 X131.891 Y112.049 E.00624
G1 X131.772 Y112.177 E.00467
;WIDTH:0.465164
G1 X131.565 Y112.248 E.00591
;WIDTH:0.466066
G1 X131.333 Y112.158 E.00673
;WIDTH:0.475225
G1 X131.225 Y111.935 E.00685
;WIDTH:0.482254
G1 X131.145 Y111.833 E.00364
G1 X131.709 Y111.796 E.01586
;WIDTH:0.460311
G1 X131.956 Y111.699 E.00708
M204 S1000
;WIPE_START
G1 F8640
G1 X132.012 Y111.677 E-.01389
G1 X131.989 Y111.837 E-.03732
G1 X131.891 Y112.049 E-.05393
G1 X131.772 Y112.177 E-.04036
G1 X131.565 Y112.248 E-.05053
G1 X131.333 Y112.158 E-.05746
G1 X131.225 Y111.935 E-.05721
G1 X131.145 Y111.833 E-.02993
G1 X131.709 Y111.796 E-.13051
G1 X131.956 Y111.699 E-.06127
;WIPE_END
G1 E-.26759 F2100
G1 Z.75 F720
G1 X129.962 Y110.745 F10800
G1 Z.35 F720
G1 E.8 F2100
M204 S800
;WIDTH:0.513088
G1 F1500
G1 X130.142 Y111.214 E.01507
G1 X130.311 Y111.425 E.00811
G1 X130.649 Y111.695 E.01297
G1 X130.991 Y111.789 E.01064
;WIDTH:0.507282
G1 X130.714 Y111.825 E.00828
;WIDTH:0.513088
G1 X130.151 Y111.901 E.01704
;WIDTH:0.554884
G1 X130.03 Y111.989 E.00488
;WIDTH:0.59668
G1 X129.909 Y112.078 E.00529
G1 X129.941 Y111.711 E.01297
;WIDTH:0.554884
G1 X129.974 Y111.344 E.01201
;WIDTH:0.513088
G1 X129.964 Y110.805 E.01617
M204 S1000
;WIPE_START
G1 F8640
G1 X129.962 Y110.745 E-.01386
G1 X130.142 Y111.214 E-.116
G1 X130.311 Y111.425 E-.06242
G1 X130.649 Y111.695 E-.09989
G1 X130.991 Y111.789 E-.0819
G1 X130.714 Y111.825 E-.0645
G1 X130.151 Y111.901 E-.13118
G1 X130.03 Y111.989 E-.03455
G1 X129.909 Y112.078 E-.03468
G1 X129.941 Y111.711 E-.08506
G1 X129.97 Y111.384 E-.07596
;WIPE_END
G1 Z.75 F720
G1 X126.173 Y111.688 F10800
G1 Z.35 F720
G1 E.8 F2100
M204 S800
;TYPE:Perimeter
;WIDTH:0.579554
G1 F1500
G1 X126.138 Y111.748 E.00237
G1 X126.07 Y111.748 E.00232
G1 X126.036 Y111.688 E.00235
G1 X126.07 Y111.629 E.00232
G1 X126.138 Y111.629 E.00232
M204 S1000
;WIPE_START
G1 F8640
G1 X126.07 Y111.629 E-.0157
G1 X126.036 Y111.688 E-.01572
G1 X126.07 Y111.748 E-.01592
G1 X126.138 Y111.748 E-.0157
G1 X126.173 Y111.688 E-.01604
;WIPE_END
G1 E-.72092 F2100
G1 Z.75 F720
G1 X124.845 Y112.171 F10800
G1 Z.35 F720
G1 E.8 F2100
M204 S800
;TYPE:External perimeter
;WIDTH:0.449999
G1 F1500
G1 X124.791 Y112.171 E.00141
G1 X124.823 Y112.136 E.00124
G1 X125.737 Y111.378 E.03094
G1 X126.252 Y110.79 E.02037
;WIDTH:0.486246
G1 X126.34 Y110.638 E.00497
;WIDTH:0.522492
G1 X126.428 Y110.486 E.00537
;WIDTH:0.558738
G1 X126.516 Y110.334 E.00577
G1 X126.521 Y110.39 E.00185
;WIDTH:0.543416
G1 X126.531 Y110.675 E.00909
;WIDTH:0.496708
G1 X126.541 Y110.96 E.00826
;WIDTH:0.449999
G1 X126.579 Y111.602 E.01676
;WIDTH:0.493693
G1 X126.595 Y111.771 E.00489
;WIDTH:0.537387
G1 X126.611 Y111.939 E.00532
;WIDTH:0.58108
G1 X126.627 Y112.108 E.00581
;WIDTH:0.624774
G1 X126.643 Y112.277 E.00627
G1 X126.593 Y112.23 E.00254
;WIDTH:0.592763
G1 X126.543 Y112.184 E.00238
;WIDTH:0.560752
G1 X126.484 Y112.179 E.00195
;WIDTH:0.523835
G1 X126.425 Y112.175 E.00181
;WIDTH:0.486917
G1 X126.366 Y112.171 E.00168
;WIDTH:0.449999
G1 X124.905 Y112.171 E.03807
M204 S1000
;WIPE_START
G1 F8640
G1 X124.845 Y112.171 E-.01385
G1 X124.791 Y112.171 E-.01247
G1 X124.823 Y112.136 E-.01095
G1 X125.737 Y111.378 E-.27418
G1 X126.252 Y110.79 E-.18048
G1 X126.34 Y110.638 E-.04055
G1 X126.428 Y110.486 E-.04055
G1 X126.516 Y110.334 E-.04055
G1 X126.521 Y110.39 E-.01298
G1 X126.531 Y110.675 E-.06585
G1 X126.541 Y110.96 E-.06585
G1 X126.552 Y111.14 E-.04174
;WIPE_END
G1 Z.75 F720
G1 X113.928 Y111.364 F10800
G1 Z.35 F720
G1 E.8 F2100
M204 S800
;TYPE:Perimeter
;WIDTH:0.475681
G1 F1500
G1 X113.853 Y111.153 E.00619
G1 X113.871 Y110.64 E.0142
G1 X113.913 Y110.532 E.0032
G1 X114.049 Y110.53 E.00376
G1 X114.154 Y110.672 E.00488
G1 X114.378 Y110.926 E.00937
G1 X114.252 Y111.057 E.00503
G1 X114.087 Y111.353 E.00937
G1 X113.988 Y111.36 E.00274
M204 S1000
G1 X113.916 Y111.802 F10800
M204 S800
;WIDTH:0.449999
G1 F1500
G1 X113.664 Y111.719 E.00691
G1 X113.517 Y111.511 E.00664
G1 X113.423 Y111.182 E.00892
G1 X113.452 Y110.51 E.01753
G1 X113.602 Y110.228 E.00832
G1 X113.77 Y110.124 E.00515
G1 X114.056 Y110.097 E.00749
G1 X114.354 Y110.188 E.00812
G1 X114.584 Y110.547 E.01111
;WIDTH:0.490018
G1 X114.678 Y110.617 E.00335
;WIDTH:0.530037
G1 X114.772 Y110.686 E.00362
;WIDTH:0.570056
G1 X114.866 Y110.756 E.00393
;WIDTH:0.610075
G1 X114.959 Y110.826 E.00419
;WIDTH:0.650094
G1 X115.053 Y110.895 E.00449
G1 X114.966 Y110.973 E.0045
;WIDTH:0.610075
G1 X114.879 Y111.051 E.00421
;WIDTH:0.570056
G1 X114.792 Y111.129 E.00392
;WIDTH:0.530037
G1 X114.704 Y111.207 E.00365
;WIDTH:0.490018
G1 X114.617 Y111.285 E.00334
;WIDTH:0.449999
G1 X114.427 Y111.629 E.01024
G1 X114.219 Y111.767 E.0065
G1 X113.975 Y111.795 E.0064
M204 S1000
;WIPE_START
G1 F8640
G1 X113.916 Y111.802 E-.01372
G1 X113.664 Y111.719 E-.06126
G1 X113.517 Y111.511 E-.05881
G1 X113.423 Y111.182 E-.07901
G1 X113.452 Y110.51 E-.15531
G1 X113.602 Y110.228 E-.07375
G1 X113.77 Y110.124 E-.04562
G1 X114.056 Y110.097 E-.06633
G1 X114.354 Y110.188 E-.07195
G1 X114.584 Y110.547 E-.09845
G1 X114.678 Y110.617 E-.02706
G1 X114.772 Y110.686 E-.02692
G1 X114.847 Y110.742 E-.02181
;WIPE_END
G1 Z.75 F720
G1 X115.786 Y111.19 F10800
G1 Z.35 F720
G1 E.8 F2100
M204 S800
;WIDTH:0.484482
G1 F1500
G1 X115.665 Y111.13 E.00381
;WIDTH:0.525884
G1 X115.543 Y111.07 E.00419
;WIDTH:0.567286
G1 X115.422 Y111.01 E.00451
;WIDTH:0.608688
G1 X115.301 Y110.95 E.00486
;WIDTH:0.65009
G1 X115.18 Y110.89 E.0052
G1 X115.249 Y110.851 E.00305
;WIDTH:0.608688
G1 X115.318 Y110.812 E.00285
;WIDTH:0.567286
G1 X115.388 Y110.773 E.00267
;WIDTH:0.525884
G1 X115.457 Y110.734 E.00244
;WIDTH:0.484482
G1 X115.526 Y110.695 E.00224
;WIDTH:0.44308
G1 X115.786 Y110.624 E.00691
G1 X115.786 Y111.13 E.01297
M204 S1000
;WIPE_START
G1 F8640
G1 X115.786 Y111.19 E-.01385
G1 X115.665 Y111.13 E-.03119
G1 X115.543 Y111.07 E-.03139
G1 X115.422 Y111.01 E-.03119
G1 X115.301 Y110.95 E-.03119
G1 X115.18 Y110.89 E-.03119
G1 X115.249 Y110.851 E-.0183
G1 X115.318 Y110.812 E-.0183
G1 X115.388 Y110.773 E-.0185
G1 X115.457 Y110.734 E-.0183
G1 X115.526 Y110.695 E-.0183
G1 X115.786 Y110.624 E-.06223
G1 X115.786 Y111.13 E-.11684
;WIPE_END
G1 E-.35923 F2100
G1 Z.75 F720
G1 X113.877 Y112.22 F10800
G1 Z.35 F720
G1 E.8 F2100
M204 S800
;TYPE:External perimeter
;WIDTH:0.449998
G1 F1500
G1 X113.537 Y112.123 E.00921
G1 X113.266 Y111.922 E.00879
G1 X113.08 Y111.584 E.01005
G1 X112.997 Y111.078 E.01336
G1 X113.027 Y110.552 E.01373
;WIDTH:0.449999
G1 X113.076 Y110.318 E.00623
G1 X113.234 Y110.024 E.0087
G1 X113.429 Y109.823 E.0073
G1 X113.726 Y109.698 E.0084
G1 X114.14 Y109.686 E.01079
G1 X114.487 Y109.791 E.00945
G1 X114.737 Y109.967 E.00797
G1 X114.917 Y110.295 E.00975
G1 X115.075 Y110.378 E.00465
G1 X115.417 Y110.295 E.00917
;WIDTH:0.456899
G1 X115.964 Y110.149 E.015
;WIDTH:0.49692
G1 X116.06 Y110.069 E.00362
;WIDTH:0.53694
G1 X116.157 Y109.988 E.00398
G1 X116.177 Y110.157 E.00536
;WIDTH:0.49692
G1 X116.197 Y110.327 E.00496
;WIDTH:0.456899
G1 X116.2 Y110.893 E.01499
;WIDTH:0.477156
G1 X116.187 Y111.923 E.02858
G1 X116.039 Y111.726 E.00684
;WIDTH:0.455054
G1 X115.186 Y111.41 E.02399
;WIDTH:0.449998
G1 X115.032 Y111.443 E.0041
G1 X114.758 Y111.894 E.01375
G1 X114.517 Y112.106 E.00836
G1 X114.208 Y112.213 E.00852
G1 X113.937 Y112.219 E.00706
M204 S1000
;WIPE_START
G1 F8640
G1 X113.877 Y112.22 E-.01386
G1 X113.537 Y112.123 E-.08164
G1 X113.266 Y111.922 E-.07791
G1 X113.08 Y111.584 E-.08908
G1 X112.997 Y111.078 E-.1184
G1 X113.027 Y110.552 E-.12165
G1 X113.076 Y110.318 E-.0552
G1 X113.234 Y110.024 E-.07707
G1 X113.429 Y109.823 E-.06466
G1 X113.726 Y109.698 E-.0744
G1 X113.839 Y109.695 E-.02613
;WIPE_END
G1 Z.75 F720
G1 X125 Y119.829 F10800
G1 Z.35 F720
G1 E.8 F2100
M73 P17 R23
M204 S800
;TYPE:Perimeter
;WIDTH:0.449999
G1 F2700
G1 X107.369 Y119.829 E.45939
G1 F2408.483
G1 X106.947 Y119.742 E.01123
G1 F2452.873
G1 X106.642 Y119.548 E.00942
G1 F2442.567
G1 X106.448 Y119.243 E.00942
G1 F2402.488
G1 X106.361 Y118.821 E.01123
G1 F2700
G1 X106.361 Y91.179 E.72023
G1 X106.448 Y90.757 E.01123
G1 X106.642 Y90.452 E.00942
G1 X106.947 Y90.258 E.00942
G1 X107.369 Y90.171 E.01123
G1 X137.167 Y90.173 E.77641
G1 X142.753 Y90.173 E.14555
M73 P18 R23
G1 F2544.457
G1 X143.165 Y90.304 E.01126
G1 F2496.369
G1 X143.432 Y90.548 E.00942
G1 F2449.517
G1 X143.599 Y90.869 E.00943
G1 F2415.295
G1 X143.639 Y91.249 E.00996
G1 F2700
G1 X143.639 Y118.821 E.71841
G1 F2485.782
M73 Q18 S24
G1 X143.552 Y119.243 E.01123
G1 F2518.408
G1 X143.358 Y119.548 E.00942
G1 F2554.589
G1 X143.053 Y119.742 E.00942
G1 F2589.706
G1 X142.631 Y119.829 E.01123
G1 F2700
G1 X125.06 Y119.829 E.45783
M204 S1000
G1 X125 Y120.247 F10800
M204 S800
G1 F2700
G1 X107.44 Y120.247 E.45754
G1 F2336.61
G1 X106.95 Y120.196 E.01284
G1 F2395.571
G1 X106.624 Y120.061 E.00919
G1 F2450.551
G1 X106.344 Y119.846 E.0092
G1 F2434.635
G1 X106.129 Y119.566 E.0092
G1 F2378.829
G1 X105.994 Y119.24 E.00919
G1 F2329.433
G1 X105.943 Y118.848 E.0103
G1 F2700
G1 X105.943 Y91.25 E.71909
G1 X105.994 Y90.76 E.01284
G1 X106.129 Y90.434 E.00919
G1 X106.344 Y90.154 E.0092
G1 X106.624 Y89.939 E.0092
G1 X106.95 Y89.804 E.00919
G1 X107.342 Y89.753 E.0103
G1 X142.563 Y89.755 E.91771
G1 F2587.674
M73 Q18 S23
G1 X143.048 Y89.804 E.0127
G1 F2549.874
G1 X143.376 Y89.939 E.00924
G1 F2509.757
G1 X143.656 Y90.154 E.0092
G1 F2462.565
G1 X143.871 Y90.434 E.0092
G1 F2410.227
G1 X144.006 Y90.76 E.00919
G1 F2354.124
G1 X144.057 Y91.249 E.01281
G1 F2700
G1 X144.057 Y118.75 E.71656
G1 F2432.962
G1 X144.006 Y119.24 E.01284
G1 F2476.289
G1 X143.871 Y119.566 E.00919
G1 F2516.698
G1 X143.656 Y119.846 E.0092
G1 F2553.135
G1 X143.376 Y120.061 E.0092
G1 F2584.045
G1 X143.05 Y120.196 E.00919
G1 F2610.558
G1 X142.658 Y120.247 E.0103
G1 F2700
G1 X125.06 Y120.247 E.45853
M204 S1000
G1 X125 Y120.665 F10800
M204 S800
;TYPE:External perimeter
G1 F1500
G1 X108.115 Y120.665 E.43995
G1 X107.44 Y120.665 E.01759
G1 X106.841 Y120.603 E.01569
G1 X106.413 Y120.426 E.01207
G1 X106.046 Y120.144 E.01206
G1 X105.764 Y119.777 E.01206
G1 X105.587 Y119.349 E.01207
G1 X105.525 Y118.876 E.01243
G1 X105.525 Y118.201 E.01759
G1 X105.525 Y91.25 E.70223
G1 X105.587 Y90.651 E.01569
G1 X105.764 Y90.223 E.01207
G1 X106.046 Y89.856 E.01206
G1 X106.413 Y89.574 E.01206
G1 X106.841 Y89.397 E.01207
G1 X107.314 Y89.335 E.01243
G1 X141.921 Y89.337 E.90171
G1 X142.594 Y89.337 E.01754
G1 X143.158 Y89.397 E.01478
G1 X143.587 Y89.574 E.01209
G1 X143.954 Y89.856 E.01206
G1 X144.236 Y90.223 E.01206
G1 X144.413 Y90.651 E.01207
G1 X144.475 Y91.249 E.01566
G1 X144.475 Y91.924 E.01759
G1 X144.475 Y118.075 E.68138
G1 X144.475 Y118.75 E.01759
G1 X144.413 Y119.349 E.01569
G1 X144.236 Y119.777 E.01207
G1 X143.954 Y120.144 E.01206
G1 X143.587 Y120.426 E.01206
G1 X143.159 Y120.603 E.01207
G1 X142.686 Y120.665 E.01243
G1 X142.011 Y120.665 E.01759
G1 X125.06 Y120.665 E.44167
M204 S1000
;WIPE_START
G1 F8640
G1 X125 Y120.665 E-.01385
G1 X121.595 Y120.665 E-.78615
;WIPE_END
G1 Z.75 F720
G1 X106.7 Y90.764 F10800
G1 Z.35 F720
G1 E.8 F2100
;TYPE:Solid infill
;WIDTH:0.37219
G1 F4800
G1 X106.948 Y90.511 E.00751
;WIDTH:0.411095
G1 X107.153 Y90.523 E.00485
;WIDTH:0.449999
G1 X107.358 Y90.535 E.00535
G1 X106.719 Y91.174 E.02355
G1 X106.716 Y91.769 E.0155
G1 X107.959 Y90.526 E.0458
G1 X108.55 Y90.526 E.0154
G1 X106.716 Y92.36 E.06758
G1 X106.716 Y92.951 E.0154
G1 X109.141 Y90.526 E.08936
G1 X109.731 Y90.526 E.01537
G1 X106.716 Y93.541 E.1111
G1 X106.716 Y94.132 E.0154
G1 X110.322 Y90.526 E.13288
G1 X110.913 Y90.526 E.0154
G1 X106.716 Y94.723 E.15465
G1 X106.716 Y95.314 E.0154
G1 X111.504 Y90.526 E.17643
G1 X112.095 Y90.526 E.0154
G1 X106.716 Y95.905 E.19821
G1 X106.716 Y96.496 E.0154
G1 X112.685 Y90.526 E.21997
G1 X113.276 Y90.526 E.0154
G1 X106.716 Y97.087 E.24174
G1 X106.716 Y97.678 E.0154
G1 X113.867 Y90.526 E.26352
G1 X114.458 Y90.526 E.0154
G1 X106.716 Y98.268 E.28528
G1 X106.716 Y98.859 E.0154
G1 X115.049 Y90.526 E.30706
G1 X115.64 Y90.526 E.0154
G1 X106.716 Y99.45 E.32883
G1 X106.716 Y100.041 E.0154
G1 X116.23 Y90.526 E.35059
G1 X116.821 Y90.526 E.0154
G1 X106.716 Y100.632 E.37237
G1 X106.716 Y101.223 E.0154
G1 X117.412 Y90.526 E.39415
G1 X118.003 Y90.526 E.0154
G1 X106.716 Y101.814 E.41593
G1 X106.716 Y102.405 E.0154
G1 X118.594 Y90.527 E.43768
G1 X119.185 Y90.527 E.0154
G1 X106.716 Y102.995 E.45944
G1 X106.716 Y103.586 E.0154
G1 X119.775 Y90.527 E.4812
G1 X120.366 Y90.527 E.0154
G1 X106.716 Y104.177 E.50298
G1 X106.716 Y104.768 E.0154
G1 X120.957 Y90.527 E.52476
G1 X121.548 Y90.527 E.0154
G1 X106.716 Y105.359 E.54653
G1 X106.716 Y105.95 E.0154
G1 X122.139 Y90.527 E.56831
G1 X122.73 Y90.527 E.0154
G1 X106.716 Y106.541 E.59009
G1 X106.716 Y107.132 E.0154
G1 X123.32 Y90.527 E.61185
G1 X123.911 Y90.527 E.0154
M73 P19 R23
G1 X106.716 Y107.722 E.63361
G1 X106.716 Y108.313 E.0154
M73 Q19 S23
G1 X124.502 Y90.527 E.65538
G1 X125.093 Y90.527 E.0154
G1 X106.716 Y108.904 E.67716
G1 X106.67 Y109.067 E.00441
;WIDTH:0.411095
G1 X106.623 Y109.23 E.00401
;WIDTH:0.37219
G1 X106.582 Y109.241 E.0009
G1 X106.563 Y109.17 E.00156
G1 X106.634 Y109.189 E.00156
;WIPE_START
G1 F8640
G1 X106.563 Y109.17 E-.01697
G1 X106.582 Y109.241 E-.01697
G1 X106.623 Y109.23 E-.0098
G1 X106.67 Y109.067 E-.03917
G1 X106.716 Y108.904 E-.03911
G1 X108.792 Y106.828 E-.67798
;WIPE_END
G1 Z.75 F720
G1 X119.811 Y96.4 F10800
G1 Z.35 F720
G1 E.8 F2100
;WIDTH:0.449999
G1 F4800
G1 X125.684 Y90.527 E.21641
G1 X126.275 Y90.527 E.0154
G1 X120.417 Y96.384 E.21584
G1 X121.008 Y96.384 E.0154
G1 X126.865 Y90.527 E.21582
G1 X127.456 Y90.527 E.0154
G1 X121.599 Y96.384 E.21582
G1 X122.19 Y96.384 E.0154
G1 X128.047 Y90.527 E.21582
G1 X128.638 Y90.527 E.0154
G1 X122.781 Y96.384 E.21582
;WIPE_START
G1 F8640
G1 X125.231 Y93.934 E-.8
;WIPE_END
G1 Z.75 F720
G1 X123.944 Y95.812 F10800
G1 Z.35 F720
G1 E.8 F2100
;WIDTH:0.449774
G1 F4800
G1 X123.372 Y96.384 E.02107
G1 X124.084 Y96.384 E.01854
G1 X124.091 Y95.665 E.01872
;WIPE_START
G1 F8640
G1 X124.084 Y96.384 E-.16603
G1 X123.372 Y96.384 E-.1644
G1 X123.944 Y95.812 E-.18678
;WIPE_END
G1 E-.28279 F2100
G1 Z.75 F720
G1 X125.162 Y94.513 F10800
G1 Z.35 F720
G1 E.8 F2100
;WIDTH:0.37219
G1 F4800
G1 X125.121 Y94.524 E.0009
G1 X125.102 Y94.453 E.00156
G1 X125.173 Y94.472 E.00156
;WIDTH:0.411095
G1 X125.3 Y94.4 E.00345
;WIDTH:0.449999
G1 X125.427 Y94.329 E.00379
G1 X129.229 Y90.527 E.1401
G1 X129.82 Y90.527 E.0154
G1 X125.945 Y94.402 E.14279
G1 X126.333 Y94.605 E.01141
G1 X130.41 Y90.527 E.15025
G1 X131.001 Y90.527 E.0154
G1 X126.675 Y94.854 E.15942
G1 X127.018 Y95.102 E.01103
G1 X131.592 Y90.527 E.16856
G1 X132.183 Y90.527 E.0154
G1 X127.36 Y95.35 E.17772
G1 X127.702 Y95.599 E.01102
G1 X132.774 Y90.527 E.18689
G1 X133.365 Y90.527 E.0154
G1 X128.045 Y95.847 E.19603
G1 X128.387 Y96.096 E.01102
G1 X133.955 Y90.528 E.20517
G1 X134.546 Y90.528 E.0154
G1 X128.73 Y96.344 E.21431
G1 X129.072 Y96.593 E.01102
G1 X135.137 Y90.528 E.22349
G1 X135.728 Y90.528 E.0154
G1 X129.415 Y96.841 E.23262
G1 X129.757 Y97.089 E.01101
G1 X136.319 Y90.528 E.24178
G1 X136.91 Y90.528 E.0154
G1 X130.099 Y97.338 E.25096
G1 X130.442 Y97.586 E.01103
G1 X137.5 Y90.528 E.26008
G1 X138.091 Y90.528 E.0154
G1 X130.784 Y97.835 E.26925
G1 X131.103 Y98.107 E.01092
G1 X138.682 Y90.528 E.27927
G1 X139.273 Y90.528 E.0154
G1 X131.322 Y98.479 E.29298
G1 X131.329 Y99.251 E.02012
;WIDTH:0.37219
G1 X131.258 Y99.232 E.00156
G1 X131.277 Y99.303 E.00156
G1 X131.318 Y99.292 E.0009
;WIDTH:0.411095
G1 X131.371 Y99.13 E.00403
;WIDTH:0.449999
G1 X131.425 Y98.967 E.00447
G1 X139.864 Y90.528 E.31096
G1 X140.455 Y90.528 E.0154
G1 X131.149 Y99.834 E.34291
;WIPE_START
G1 F8640
G1 X133.599 Y97.384 E-.8
;WIPE_END
G1 Z.75 F720
G1 X119.687 Y96.597 F10800
G1 Z.35 F720
G1 E.8 F2100
;WIDTH:0.37219
G1 F4800
G1 X119.534 Y96.569 E.0033
G1 X119.156 Y96.846 E.00994
G1 X118.768 Y97.317 E.01294
;WIDTH:0.411095
G1 X118.683 Y97.465 E.00403
;WIDTH:0.449999
G1 X118.598 Y97.612 E.00442
G1 X106.716 Y109.495 E.43785
G1 X106.642 Y109.59 E.00314
;WIDTH:0.411095
G1 X106.567 Y109.685 E.00286
;WIDTH:0.37219
G1 X106.526 Y109.696 E.0009
G1 X106.507 Y109.625 E.00156
G1 X106.578 Y109.644 E.00156
;WIDTH:0.449999
G1 X106.623 Y110.411 E.02002
;WIDTH:0.37219
G1 X106.582 Y110.422 E.0009
G1 X106.563 Y110.351 E.00156
G1 X106.634 Y110.37 E.00156
;WIDTH:0.411095
G1 X106.675 Y110.228 E.00349
;WIDTH:0.449999
G1 X106.716 Y110.086 E.00385
G1 X118.588 Y98.214 E.43746
G1 X118.587 Y98.806 E.01543
G1 X109.956 Y107.436 E.31802
G1 X109.875 Y107.629 E.00545
;WIDTH:0.37219
G1 X109.661 Y107.633 E.00454
G1 X109.51 Y107.751 E.00406
G1 X109.162 Y108.134 E.01097
;WIDTH:0.411095
G1 X109.063 Y108.282 E.00421
;WIDTH:0.449999
G1 X108.963 Y108.429 E.00463
G1 X106.716 Y110.677 E.08282
G1 X106.716 Y111.268 E.0154
G1 X108.906 Y109.077 E.08072
G1 X108.906 Y113.114 E.10519
G1 X108.962 Y113.501 E.01019
G1 X109.13 Y113.873 E.01064
G1 X109.268 Y114.034 E.00553
G1 X106.716 Y116.585 E.09402
G1 X106.716 Y111.711 E.127
G1 X106.863 Y111.711 E.00383
G1 X108.758 Y109.816 E.06983
G1 X108.488 Y110.677 F10800
G1 F4800
G1 X108.488 Y113.114 E.0635
G1 X108.549 Y113.564 E.01183
G1 X108.722 Y113.988 E.01193
G1 X107.134 Y115.577 E.05853
G1 X107.134 Y112.067 E.09146
G1 X107.159 Y112.006 E.00172
G1 X108.34 Y110.825 E.04352
G1 X108.045 Y111.747 F10800
;WIDTH:0.500583
G1 F4800
G1 X108.045 Y113.114 E.03993
;WIDTH:0.534992
G1 X108.094 Y113.632 E.01631
;WIDTH:0.550617
G1 X108.161 Y113.887 E.00852
G1 X107.602 Y114.447 E.02558
G1 X107.594 Y113.67 E.02512
;WIDTH:0.534992
G1 X107.577 Y113.114 E.01744
;WIDTH:0.500583
G1 X107.577 Y112.215 E.02626
G1 X107.897 Y111.894 E.01324
;WIPE_START
G1 F8640
G1 X107.577 Y112.215 E-.10466
G1 X107.577 Y113.114 E-.20758
G1 X107.594 Y113.67 E-.12844
G1 X107.602 Y114.447 E-.17942
G1 X108.152 Y113.896 E-.1799
;WIPE_END
G1 Z.75 F720
G1 X109.584 Y114.308 F10800
G1 Z.35 F720
G1 E.8 F2100
;WIDTH:0.449999
G1 F4800
G1 X106.716 Y117.176 E.10568
G1 X106.716 Y117.767 E.0154
G1 X110.005 Y114.478 E.12119
G1 X110.557 Y114.517 E.01442
G1 X106.716 Y118.358 E.14153
G1 X106.733 Y118.931 E.01494
G1 X111.148 Y114.517 E.16267
;WIPE_START
G1 F8640
G1 X108.698 Y116.967 E-.8
;WIPE_END
G1 Z.75 F720
G1 X112.204 Y114.03 F10800
G1 Z.35 F720
G1 E.8 F2100
;WIDTH:0.37219
G1 F4800
G1 X112.133 Y114.011 E.00156
G1 X112.152 Y114.082 E.00156
G1 X112.193 Y114.071 E.0009
;WIDTH:0.411095
G1 X112.062 Y114.198 E.00431
;WIDTH:0.449999
G1 X106.933 Y119.323 E.18892
G1 X107.38 Y119.467 E.01224
G1 X112.55 Y114.296 E.19052
G1 X112.992 Y114.445 E.01215
G1 X107.963 Y119.474 E.18531
G1 X108.554 Y119.474 E.0154
G1 X113.485 Y114.543 E.1817
G1 X114.065 Y114.554 E.01512
G1 X109.145 Y119.474 E.18129
G1 X109.736 Y119.474 E.0154
G1 X114.689 Y114.52 E.18253
G1 X115.535 Y114.265 F10800
G1 F4800
G1 X110.327 Y119.474 E.19192
G1 X110.917 Y119.474 E.01537
G1 X115.954 Y114.438 E.18559
G1 X116.467 Y114.516 E.01352
G1 X111.508 Y119.474 E.18271
G1 X112.099 Y119.474 E.0154
G1 X117.064 Y114.509 E.18295
G1 X117.756 Y114.409 E.01822
G1 X112.69 Y119.474 E.18666
G1 X113.281 Y119.474 E.0154
G1 X118.242 Y114.513 E.1828
G1 X118.837 Y114.509 E.0155
G1 X113.872 Y119.474 E.18295
G1 X114.463 Y119.474 E.0154
G1 X119.51 Y114.427 E.18597
G1 X120.02 Y114.508 E.01345
G1 X115.054 Y119.474 E.18299
G1 X115.644 Y119.474 E.01537
G1 X120.604 Y114.514 E.18277
;WIPE_START
G1 F8640
G1 X118.154 Y116.964 E-.8
;WIPE_END
G1 Z.75 F720
G1 X122.068 Y113.667 F10800
G1 Z.35 F720
G1 E.8 F2100
;WIDTH:0.413454
G1 F4800
G1 X122.01 Y113.755 E.00251
;WIDTH:0.37219
G1 X121.567 Y114.224 E.01368
;WIDTH:0.411095
G1 X121.419 Y114.331 E.00432
;WIDTH:0.449999
G1 X121.272 Y114.438 E.00474
G1 X116.235 Y119.474 E.18559
G1 X116.826 Y119.474 E.0154
G1 X122.275 Y114.026 E.20077
G1 X122.588 Y114.304 E.01091
G1 X117.417 Y119.474 E.19052
G1 X118.008 Y119.474 E.0154
G1 X123.007 Y114.475 E.1842
G1 X123.556 Y114.517 E.01435
G1 X118.599 Y119.474 E.18266
G1 X119.19 Y119.474 E.0154
G1 X124.147 Y114.517 E.18266
G1 X124.738 Y114.517 E.0154
G1 X119.781 Y119.474 E.18266
G1 X120.371 Y119.474 E.01537
G1 X125.329 Y114.517 E.18268
G1 X125.92 Y114.517 E.0154
G1 X120.962 Y119.474 E.18268
G1 X121.553 Y119.474 E.0154
G1 X126.53 Y114.498 E.18338
G1 X126.672 Y114.386 E.00471
;WIDTH:0.411095
G1 X126.814 Y114.274 E.00427
;WIDTH:0.37219
G1 X127.054 Y114.192 E.00538
;WIDTH:0.449999
G1 X127.227 Y114.391 E.00687
G1 X122.144 Y119.474 E.1873
G1 X122.735 Y119.474 E.0154
G1 X127.689 Y114.52 E.18255
G1 X128.23 Y114.57 E.01416
M73 P20 R23
G1 X123.326 Y119.474 E.1807
G1 X123.917 Y119.474 E.0154
G1 X128.88 Y114.511 E.18288
G1 X129.026 Y114.422 E.00446
M73 Q20 S23
;WIDTH:0.411095
G1 X129.172 Y114.333 E.00404
;WIDTH:0.37219
G1 X129.019 Y114.314 E.00327
G1 X129.885 Y114.097 F10800
;WIDTH:0.449999
G1 F4800
G1 X124.507 Y119.474 E.19815
G1 X125.098 Y119.474 E.0154
G1 X130.257 Y114.316 E.19008
G1 X130.694 Y114.469 E.01206
G1 X125.689 Y119.474 E.18443
G1 X126.28 Y119.474 E.0154
G1 X131.215 Y114.54 E.18183
G1 X131.78 Y114.565 E.01474
G1 X126.871 Y119.474 E.18089
G1 X127.462 Y119.474 E.0154
G1 X132.513 Y114.423 E.18612
G1 X132.528 Y114.249 E.00455
;WIDTH:0.37219
G1 X132.722 Y114.214 E.00418
G1 X132.809 Y114.225 E.00186
G1 X133.226 Y113.903 E.01117
G1 X133.636 Y113.5 E.01219
;WIDTH:0.411095
G1 X133.761 Y113.57 E.00339
;WIDTH:0.449999
G1 X133.886 Y113.641 E.00375
G1 X128.053 Y119.474 E.21494
G1 X128.644 Y119.474 E.0154
G1 X134.203 Y113.915 E.20484
G1 X134.486 Y114.222 E.01088
G1 X129.234 Y119.474 E.19353
G1 X129.825 Y119.474 E.0154
G1 X134.875 Y114.425 E.18607
G1 X135.374 Y114.517 E.01322
G1 X130.416 Y119.474 E.18268
G1 X131.007 Y119.474 E.0154
G1 X135.965 Y114.517 E.18268
G1 X136.626 Y114.446 E.01732
G1 X131.598 Y119.474 E.18527
G1 X132.189 Y119.474 E.0154
G1 X137.274 Y114.389 E.18737
G1 X137.132 Y114.29 E.00451
;WIDTH:0.411095
G1 X136.991 Y114.19 E.00408
;WIDTH:0.37219
G1 X136.95 Y114.201 E.0009
G1 X136.931 Y114.13 E.00156
G1 X137.002 Y114.149 E.00156
;WIDTH:0.449999
G1 X137.746 Y114.508 E.02152
G1 X132.78 Y119.474 E.18299
G1 X133.371 Y119.474 E.0154
G1 X138.282 Y114.563 E.18096
G1 X138.894 Y114.541 E.01596
G1 X133.961 Y119.474 E.18177
;WIPE_START
G1 F8640
G1 X136.411 Y117.024 E-.8
;WIPE_END
G1 Z.75 F720
G1 X139.531 Y114.23 F10800
G1 Z.35 F720
G1 E.8 F2100
;WIDTH:0.37219
G1 F4800
G1 X139.875 Y114.152 E.00748
G1 X139.995 Y114.142 E.00255
G1 X140.665 Y113.547 E.019
G1 X140.946 Y113.223 E.00909
;WIPE_START
G1 F8640
G1 X140.665 Y113.547 E-.09903
G1 X139.995 Y114.142 E-.2069
G1 X139.875 Y114.152 E-.0278
G1 X139.531 Y114.23 E-.08145
;WIPE_END
G1 E-.38482 F2100
G1 Z.75 F720
G1 X139.659 Y114.367 F10800
G1 Z.35 F720
G1 E.8 F2100
;WIDTH:0.449999
G1 F4800
G1 X134.552 Y119.474 E.18818
;WIPE_START
G1 F8640
G1 X137.002 Y117.024 E-.8
;WIPE_END
G1 Z.75 F720
G1 X118.586 Y99.398 F10800
G1 Z.35 F720
G1 E.8 F2100
G1 F4800
G1 X110.598 Y107.386 E.29434
G1 X111.189 Y107.386 E.0154
G1 X118.585 Y99.99 E.27253
G1 X118.627 Y100.538 E.01432
G1 X111.693 Y107.472 E.25551
;WIPE_START
G1 F8640
G1 X114.143 Y105.022 E-.8
;WIPE_END
G1 Z.75 F720
G1 X112.742 Y107.669 F10800
G1 Z.35 F720
G1 E.8 F2100
;WIDTH:0.37219
G1 F4800
G1 X112.144 Y107.873 E.0134
;WIDTH:0.411095
G1 X112.112 Y107.774 E.00246
;WIDTH:0.449999
G1 X112.08 Y107.676 E.00269
G1 X118.798 Y100.958 E.24755
G1 X119.072 Y101.275 E.01092
G1 X112.879 Y107.468 E.2282
G1 X113.464 Y107.58 E.01552
;WIDTH:0.37219
G1 X113.423 Y107.591 E.0009
G1 X113.404 Y107.52 E.00156
G1 X113.475 Y107.539 E.00156
;WIDTH:0.411095
G1 X113.526 Y107.45 E.00242
;WIDTH:0.449999
G1 X113.578 Y107.36 E.00271
G1 X119.436 Y101.502 E.21586
G1 X119.918 Y101.61 E.01287
G1 X114.174 Y107.354 E.21166
G1 X114.726 Y107.393 E.01442
G1 X120.508 Y101.611 E.21306
G1 X121.099 Y101.612 E.0154
G1 X115.206 Y107.504 E.21713
G1 X115.667 Y107.783 E.01404
;WIDTH:0.37219
G1 X115.596 Y107.764 E.00156
G1 X115.615 Y107.835 E.00156
G1 X115.656 Y107.824 E.0009
;WIDTH:0.411095
G1 X115.697 Y107.694 E.00322
;WIDTH:0.449999
G1 X115.739 Y107.563 E.00358
G1 X121.689 Y101.613 E.21925
G1 X122.279 Y101.613 E.01537
G1 X116.506 Y107.386 E.21273
G1 X117.094 Y107.389 E.01532
G1 X122.869 Y101.614 E.2128
G1 X123.459 Y101.615 E.01537
G1 X117.681 Y107.392 E.21289
G1 X118.169 Y107.496 E.013
G1 X124.049 Y101.616 E.21667
G1 X124.084 Y102.171 E.01449
G1 X118.536 Y107.719 E.20443
G1 X119.3 Y107.599 E.02015
;WIDTH:0.37219
G1 X119.151 Y107.564 E.00325
;WIDTH:0.411095
G1 X119.299 Y107.482 E.004
;WIDTH:0.449999
G1 X119.447 Y107.4 E.00441
G1 X124.151 Y102.696 E.17333
G1 X124.348 Y103.089 E.01145
G1 X120.052 Y107.386 E.15832
G1 X120.643 Y107.386 E.0154
G1 X124.636 Y103.392 E.14715
G1 X125.024 Y103.595 E.01141
G1 X121.18 Y107.439 E.14165
G1 X121.582 Y107.628 E.01157
G1 X125.533 Y103.677 E.14559
G1 X125.695 Y103.614 E.00453
;WIDTH:0.411095
G1 X125.856 Y103.55 E.00409
;WIDTH:0.37219
G1 X125.815 Y103.561 E.0009
G1 X125.796 Y103.49 E.00156
G1 X125.867 Y103.509 E.00156
;WIPE_START
G1 F8640
G1 X125.796 Y103.49 E-.01697
G1 X125.815 Y103.561 E-.01697
G1 X125.856 Y103.55 E-.0098
G1 X125.695 Y103.614 E-.04
G1 X125.533 Y103.677 E-.04014
G1 X123.462 Y105.748 E-.67612
;WIPE_END
G1 Z.75 F720
G1 X128.105 Y101.92 F10800
G1 Z.35 F720
G1 E.8 F2100
;WIDTH:0.387998
G1 F4800
G1 X126.891 Y102.953 E.03537
;WIDTH:0.418999
G1 X126.744 Y103.079 E.00467
;WIDTH:0.449999
G1 X126.596 Y103.205 E.00506
G1 X121.894 Y107.907 E.17326
G1 X122.108 Y108.284 E.0113
G1 X128.723 Y101.669 E.24375
G1 X128.871 Y101.543 E.00506
;WIDTH:0.418999
G1 X129.019 Y101.417 E.00469
;WIDTH:0.387998
G1 X130.232 Y100.384 E.03535
;WIDTH:0.449999
G1 X130.85 Y100.132 E.01739
G1 X123.19 Y107.792 E.28226
G1 X123.042 Y107.919 E.00508
;WIDTH:0.420348
G1 X122.895 Y108.046 E.0047
;WIDTH:0.417764
G1 X122.635 Y108.325 E.00917
;WIDTH:0.444832
G1 X122.376 Y108.603 E.00978
;WIDTH:0.485044
G1 X122.308 Y108.695 E.00323
;WIDTH:0.525256
G1 X122.24 Y108.787 E.00352
;WIPE_START
G1 F8640
G1 X122.308 Y108.695 E-.02642
G1 X122.376 Y108.603 E-.02642
G1 X122.635 Y108.325 E-.08773
G1 X122.895 Y108.046 E-.08806
G1 X123.042 Y107.919 E-.04486
G1 X123.19 Y107.792 E-.04503
G1 X124.665 Y106.318 E-.48148
;WIPE_END
G1 Z.75 F720
G1 X123.894 Y107.6 F10800
G1 Z.35 F720
G1 E.8 F2100
;WIDTH:0.37219
G1 F4800
G1 X123.853 Y107.611 E.0009
G1 X123.834 Y107.54 E.00156
G1 X123.905 Y107.559 E.00156
;WIDTH:0.411095
G1 X124.033 Y107.486 E.00348
;WIDTH:0.449999
G1 X124.16 Y107.414 E.0038
G1 X141.045 Y90.528 E.6222
G1 X141.636 Y90.528 E.0154
G1 X124.833 Y107.331 E.61916
G1 X125.375 Y107.38 E.01418
G1 X142.227 Y90.528 E.62097
G1 X142.797 Y90.549 E.01486
G1 X125.869 Y107.477 E.62377
G1 X126.303 Y107.633 E.01202
G1 X143.16 Y90.777 E.62113
G1 X143.284 Y91.244 E.01259
G1 X126.771 Y107.766 E.60864
;WIDTH:0.411095
G1 X126.645 Y107.901 E.00436
;WIDTH:0.37219
G1 X126.574 Y107.882 E.00156
G1 X126.593 Y107.953 E.00156
G1 X126.634 Y107.942 E.0009
G1 X127.488 Y107.56 F10800
G1 F4800
G1 X127.447 Y107.571 E.0009
G1 X127.428 Y107.5 E.00156
G1 X127.499 Y107.519 E.00156
;WIDTH:0.411095
G1 X127.625 Y107.443 E.00348
;WIDTH:0.449999
G1 X127.751 Y107.368 E.00382
G1 X143.284 Y91.834 E.57238
G1 X143.284 Y92.425 E.0154
G1 X128.373 Y107.336 E.54945
G1 X128.904 Y107.396 E.01392
G1 X143.284 Y93.016 E.52988
G1 X143.284 Y93.607 E.0154
G1 X129.366 Y107.526 E.51287
G1 X129.75 Y107.732 E.01135
G1 X143.284 Y94.198 E.49871
G1 X143.284 Y94.789 E.0154
G1 X130.563 Y107.51 E.46875
G1 X130.415 Y107.604 E.00457
;WIDTH:0.411095
G1 X130.267 Y107.697 E.00413
;WIDTH:0.37219
G1 X130.427 Y107.717 E.00342
G1 X130.563 Y107.678 E.003
;WIDTH:0.449999
G1 X131.313 Y107.351 E.02132
G1 X143.284 Y95.38 E.44111
G1 X143.284 Y95.971 E.0154
G1 X131.915 Y107.34 E.41893
G1 X132.41 Y107.436 E.01314
G1 X143.284 Y96.561 E.40071
G1 X143.284 Y97.152 E.0154
G1 X132.854 Y107.583 E.38435
G1 X133.241 Y107.786 E.01139
G1 X143.284 Y97.743 E.37007
G1 X143.284 Y98.334 E.0154
G1 X133.57 Y108.048 E.35794
G1 X133.838 Y108.357 E.01066
;WIDTH:0.429058
G1 X134.04 Y108.114 E.00782
;WIDTH:0.400624
G1 X134.242 Y107.872 E.00724
;WIDTH:0.37219
G1 X134.435 Y107.696 E.00554
;WIDTH:0.449999
G1 X134.731 Y107.478 E.00958
G1 X143.284 Y98.925 E.31516
G1 X143.284 Y99.516 E.0154
G1 X135.413 Y107.387 E.29003
G1 X136 Y107.391 E.0153
M73 P21 R23
G1 X143.284 Y100.107 E.2684
G1 X143.284 Y100.697 E.01537
M73 Q21 S23
G1 X136.541 Y107.441 E.24849
G1 X136.949 Y107.623 E.01164
G1 X143.284 Y101.288 E.23343
G1 X143.284 Y101.879 E.0154
G1 X137.774 Y107.39 E.20305
G1 X137.648 Y107.465 E.00382
;WIDTH:0.411095
G1 X137.522 Y107.541 E.00348
;WIDTH:0.37219
G1 X137.451 Y107.522 E.00156
G1 X137.47 Y107.593 E.00156
G1 X137.511 Y107.582 E.0009
G1 X138.425 Y107.329 F10800
;WIDTH:0.449999
G1 F4800
G1 X143.284 Y102.47 E.17905
G1 X143.284 Y103.061 E.0154
G1 X138.974 Y107.372 E.15883
G1 X139.47 Y107.466 E.01315
G1 X143.284 Y103.652 E.14054
G1 X143.284 Y104.243 E.0154
G1 X139.892 Y107.634 E.12497
G1 X140.26 Y107.857 E.01121
G1 X143.284 Y104.834 E.11141
G1 X143.284 Y105.424 E.01537
G1 X140.582 Y108.126 E.09956
G1 X140.857 Y108.442 E.01091
G1 X143.284 Y106.015 E.08943
G1 X143.284 Y110.89 E.12702
G1 X143.137 Y110.89 E.00383
G1 X141.248 Y112.779 E.06961
G1 X141.298 Y112.646 E.0037
G1 X141.392 Y112.044 E.01588
G1 X141.354 Y111.453 E.01543
G1 X141.275 Y111.08 E.00993
G1 X141.116 Y110.745 E.00966
G1 X141.239 Y110.389 E.00981
G1 X141.286 Y109.747 E.01677
G1 X141.23 Y109.333 E.01089
G1 X141.067 Y108.823 E.01395
G1 X143.137 Y106.754 E.07626
G1 X142.866 Y107.615 F10800
G1 F4800
G1 X142.866 Y110.595 E.07765
G1 X142.841 Y110.595 E.00065
G1 X141.786 Y111.65 E.03888
G1 X141.683 Y110.99 E.0174
G1 X141.57 Y110.721 E.0076
G1 X141.655 Y110.42 E.00815
G1 X141.703 Y109.778 E.01677
G1 X141.65 Y109.303 E.01245
G1 X141.548 Y108.933 E.01
G1 X142.719 Y107.763 E.04313
G1 X142.452 Y108.617 F10800
;WIDTH:0.444195
G1 F4800
G1 X142.456 Y109.216 E.01539
;WIDTH:0.434787
G1 X142.471 Y109.821 E.01519
;WIDTH:0.424382
G1 X142.461 Y110.401 E.01419
G1 X142.05 Y110.813 E.01423
G1 X142.019 Y110.719 E.00242
G1 X142.07 Y110.306 E.01018
G1 X142.092 Y109.587 E.01759
;WIDTH:0.444195
G1 X142.015 Y109.053 E.01386
G1 X142.304 Y108.764 E.0105
;WIPE_START
G1 F8640
G1 X142.015 Y109.053 E-.09437
G1 X142.092 Y109.587 E-.12458
G1 X142.07 Y110.306 E-.1661
G1 X142.019 Y110.719 E-.09609
G1 X142.05 Y110.813 E-.02285
G1 X142.461 Y110.401 E-.13437
G1 X142.471 Y109.821 E-.13394
G1 X142.468 Y109.701 E-.0277
;WIPE_END
G1 Z.75 F720
G1 X143.284 Y111.333 F10800
G1 Z.35 F720
G1 E.8 F2100
;WIDTH:0.449999
G1 F4800
G1 X135.143 Y119.474 E.29998
G1 X135.734 Y119.474 E.0154
G1 X143.284 Y111.924 E.27821
G1 X143.284 Y112.515 E.0154
G1 X136.325 Y119.474 E.25643
G1 X136.916 Y119.474 E.0154
G1 X143.284 Y113.106 E.23465
G1 X143.284 Y113.697 E.0154
G1 X137.507 Y119.474 E.21287
G1 X138.098 Y119.474 E.0154
G1 X143.284 Y114.288 E.1911
G1 X143.284 Y114.878 E.01537
G1 X138.688 Y119.474 E.16936
G1 X139.279 Y119.474 E.0154
G1 X143.284 Y115.469 E.14758
G1 X143.284 Y116.06 E.0154
G1 X139.87 Y119.474 E.1258
G1 X140.461 Y119.474 E.0154
G1 X143.284 Y116.651 E.10402
G1 X143.284 Y117.242 E.0154
G1 X141.052 Y119.474 E.08225
;WIPE_START
G1 F8640
G1 X143.284 Y117.242 E-.72885
G1 X143.284 Y116.934 E-.07115
;WIPE_END
G1 Z.75 F720
G1 X143.137 Y117.98 F10800
M73 P21 R22
G1 Z.35 F720
G1 E.8 F2100
G1 F4800
G1 X141.643 Y119.474 E.05505
G1 X142.608 Y119.474 E.02514
G1 X142.986 Y119.386 E.01011
G1 X143.218 Y119.121 E.00918
G1 X143.284 Y118.772 E.00925
G1 X143.284 Y117.833 E.02447
;WIPE_START
G1 F8640
G1 X143.284 Y118.772 E-.21682
G1 X143.218 Y119.121 E-.08201
G1 X142.986 Y119.386 E-.08133
G1 X142.608 Y119.474 E-.08962
G1 X141.643 Y119.474 E-.22282
G1 X141.972 Y119.145 E-.1074
;WIPE_END
G1 Z.75 F720
G1 X138.492 Y111.838 F10800
G1 Z.35 F720
G1 E.8 F2100
M204 S800
;TYPE:Perimeter
;WIDTH:0.453622
G1 F1500
G1 X138.466 Y111.884 E.00139
G1 X138.413 Y111.884 E.00139
G1 X138.387 Y111.838 E.00139
G1 X138.413 Y111.793 E.00137
G1 X138.466 Y111.793 E.00139
M204 S1000
G1 X138.449 Y112.311 F10800
M204 S800
;TYPE:External perimeter
;WIDTH:0.449999
G1 F1500
G1 X138.316 Y112.319 E.00347
G1 X138.106 Y112.207 E.0062
G1 X138.011 Y111.834 E.01003
G1 X138.108 Y111.497 E.00914
G1 X138.31 Y111.383 E.00604
G1 X138.592 Y111.397 E.00736
G1 X138.789 Y111.506 E.00587
G1 X138.859 Y111.754 E.00671
G1 X138.86 Y111.994 E.00625
G1 X138.764 Y112.212 E.00621
G1 X138.636 Y112.301 E.00406
G1 X138.509 Y112.308 E.00331
M204 S1000
;WIPE_START
G1 F8640
G1 X138.449 Y112.311 E-.01387
G1 X138.316 Y112.319 E-.03077
G1 X138.106 Y112.207 E-.05495
G1 X138.011 Y111.834 E-.08888
G1 X138.108 Y111.497 E-.08097
G1 X138.31 Y111.383 E-.05356
G1 X138.592 Y111.397 E-.06519
G1 X138.789 Y111.506 E-.05199
G1 X138.859 Y111.754 E-.0595
G1 X138.86 Y111.994 E-.05542
G1 X138.764 Y112.212 E-.055
G1 X138.636 Y112.301 E-.036
G1 X138.509 Y112.308 E-.02937
;WIPE_END
G1 E-.12453 F2100
G1 Z.75 F720
G1 X138.461 Y110.242 F10800
G1 Z.35 F720
G1 E.8 F2100
M204 S800
;WIDTH:0.555824
G1 F1500
G1 X138.347 Y110.253 E.00374
G1 X138.218 Y110.17 E.00501
;WIDTH:0.559479
G1 X138.171 Y109.812 E.01187
G1 X138.245 Y109.676 E.00509
G1 X138.462 Y109.623 E.00735
G1 X138.661 Y109.698 E.00699
G1 X138.707 Y109.992 E.00979
;WIDTH:0.555824
G1 X138.643 Y110.196 E.00698
G1 X138.57 Y110.232 E.00266
G1 X138.521 Y110.237 E.00161
M204 S1000
;WIPE_START
G1 F8640
G1 X138.461 Y110.242 E-.0139
G1 X138.347 Y110.253 E-.02645
G1 X138.218 Y110.17 E-.03542
G1 X138.171 Y109.812 E-.08337
G1 X138.245 Y109.676 E-.03575
G1 X138.462 Y109.623 E-.05158
G1 X138.661 Y109.698 E-.0491
G1 X138.707 Y109.992 E-.06871
G1 X138.643 Y110.196 E-.04937
G1 X138.57 Y110.232 E-.01879
G1 X138.521 Y110.237 E-.01137
;WIPE_END
G1 E-.35619 F2100
G1 Z.75 F720
G1 X134.743 Y111.359 F10800
G1 Z.35 F720
G1 E.8 F2100
M204 S800
;WIDTH:0.456632
G1 F1500
G1 X134.524 Y111.359 E.0058
G1 X135.131 Y110.437 E.02922
G1 X135.13 Y111.359 E.0244
G1 X134.803 Y111.359 E.00866
M204 S1000
;WIPE_START
G1 F8640
G1 X134.743 Y111.359 E-.01385
G1 X134.524 Y111.359 E-.05057
G1 X135.131 Y110.437 E-.25489
G1 X135.13 Y111.359 E-.21289
G1 X134.803 Y111.359 E-.07551
;WIPE_END
G1 E-.19229 F2100
G1 Z.75 F720
G1 X131.628 Y110.241 F10800
G1 Z.35 F720
G1 E.8 F2100
M204 S800
;TYPE:Perimeter
;WIDTH:0.39493
G1 F1500
G1 X131.622 Y110.126 E.00261
M204 S1000
G1 X131.613 Y110.738 F10800
M204 S800
;TYPE:External perimeter
;WIDTH:0.449999
G1 F1500
G1 X131.609 Y110.739 E.00011
G1 X131.39 Y110.659 E.00608
G1 X131.264 Y110.402 E.00746
G1 X131.237 Y110.059 E.00896
G1 X131.301 Y109.832 E.00615
G1 X131.476 Y109.661 E.00638
G1 X131.703 Y109.661 E.00591
G1 X131.889 Y109.779 E.00574
G1 X132.016 Y110.201 E.01148
G1 X131.954 Y110.554 E.00934
G1 X131.838 Y110.676 E.00439
G1 X131.671 Y110.722 E.00451
M204 S1000
;WIPE_START
G1 F8640
G1 X131.613 Y110.738 E-.01389
G1 X131.609 Y110.739 E-.00095
G1 X131.39 Y110.659 E-.05384
G1 X131.264 Y110.402 E-.06609
G1 X131.237 Y110.059 E-.07944
G1 X131.301 Y109.832 E-.05446
G1 X131.476 Y109.661 E-.0565
G1 X131.703 Y109.661 E-.05241
G1 X131.889 Y109.779 E-.05086
G1 X132.016 Y110.201 E-.10176
G1 X131.954 Y110.554 E-.08276
G1 X131.838 Y110.676 E-.03887
G1 X131.671 Y110.722 E-.04
;WIPE_END
G1 E-.10817 F2100
G1 Z.75 F720
G1 X128.236 Y112.166 F10800
G1 Z.35 F720
G1 E.8 F2100
M204 S800
;WIDTH:0.599213
G1 F1500
G1 X128.146 Y112.155 E.00321
G1 X128.06 Y112.037 E.00516
G1 X127.972 Y111.677 E.0131
;WIDTH:0.632695
G1 X127.942 Y110.769 E.03402
G1 X127.961 Y110.198 E.0214
;WIDTH:0.600266
G1 X128.032 Y109.897 E.01096
G1 X128.121 Y109.753 E.006
G1 X128.285 Y109.718 E.00594
G1 X128.416 Y109.783 E.00518
G1 X128.528 Y110.2 E.0153
;WIDTH:0.632491
G1 X128.558 Y111.123 E.03457
G1 X128.538 Y111.68 E.02087
;WIDTH:0.599213
G1 X128.462 Y111.996 E.01149
G1 X128.367 Y112.147 E.00631
G1 X128.295 Y112.166 E.00263
M204 S1000
;LAYER_CHANGE
;Z:0.5
;HEIGHT:0.15
;BEFORE_LAYER_CHANGE
G92 E0.0
;0.5


;WIPE_START
G1 F8640
G1 X128.236 Y112.166 E-.01362
G1 X128.146 Y112.155 E-.02094
G1 X128.06 Y112.037 E-.03371
G1 X127.972 Y111.677 E-.08557
G1 X127.942 Y110.769 E-.20977
G1 X127.961 Y110.198 E-.13192
G1 X128.032 Y109.897 E-.07141
G1 X128.121 Y109.753 E-.03909
G1 X128.285 Y109.718 E-.03872
G1 X128.416 Y109.783 E-.03377
G1 X128.528 Y110.2 E-.0997
G1 X128.531 Y110.294 E-.02178
;WIPE_END
G1 Z.5 F720
;AFTER_LAYER_CHANGE
;0.5
; stop printing object enclosure3/stl/lid-print.stl id:0 copy 0
G1 Z.9
G1 X128.291 Y127.974 F10800
G1 Z.5 F720
G1 E.8 F2100
;TYPE:Skirt/Brim
;WIDTH:0.42
G1 F3000
G1 X106.913 Y127.968 E.51702
G1 X105.249 Y127.744 E.04061
M73 Q21 S22
G1 X103.668 Y127.222 E.04027
G1 X102.489 Y126.601 E.03223
G1 X100.992 Y125.434 E.04591
G1 X99.905 Y124.174 E.04025
G1 X98.968 Y122.522 E.04593
G1 X98.446 Y120.942 E.04024
G1 X98.268 Y119.911 E.0253
G1 X98.211 Y118.967 E.02287
G1 X98.254 Y90.232 E.69495
G1 X98.565 Y88.597 E.04025
G1 X99.027 Y87.347 E.03223
G1 X99.905 Y85.826 E.04247
G1 X100.756 Y84.802 E.0322
G1 X102.016 Y83.715 E.04025
G1 X103.537 Y82.837 E.04247
G1 X104.787 Y82.375 E.03223
G1 X106.422 Y82.064 E.04025
G1 X142.783 Y82.022 E.87939
G1 X144.193 Y82.145 E.03423
G1 X145.889 Y82.599 E.04246
G1 X147.1 Y83.156 E.03224
G1 X148.476 Y84.092 E.04025
G1 X149.718 Y85.334 E.04248
G1 X150.653 Y86.709 E.04021
G1 X151.211 Y87.92 E.03225
G1 X151.689 Y89.759 E.04595
G1 X151.789 Y91.033 E.03091
G1 X151.746 Y119.768 E.69495
G1 X151.435 Y121.403 E.04025
G1 X150.973 Y122.654 E.03225
G1 X150.095 Y124.173 E.04243
G1 X149.244 Y125.198 E.03222
G1 X147.985 Y126.284 E.04021
G1 X146.332 Y127.222 E.04597
G1 X144.751 Y127.744 E.04027
G1 X143.72 Y127.922 E.0253
G1 X142.777 Y127.979 E.02285
G1 X128.351 Y127.974 E.34889
;WIPE_START
G1 F8640
G1 X128.291 Y127.974 E-.01385
G1 X124.886 Y127.973 E-.78615
;WIPE_END
G1 Z.9 F720
; printing object enclosure3/stl/lid-print.stl id:0 copy 0
G1 X131.606 Y114.203 F10800
G1 Z.5 F720
G1 E.8 F2100
M204 S800
;TYPE:Perimeter
;WIDTH:0.449999
G1 F2700
G1 X131.054 Y114.176 E.0144
G1 X130.537 Y114.047 E.01388
G1 X130.043 Y113.781 E.01462
G1 X129.864 Y113.618 E.00631
G1 X129.45 Y113.927 E.01346
G1 X128.966 Y114.125 E.01363
G1 X128.363 Y114.216 E.01589
G1 X127.727 Y114.17 E.01661
G1 X127.452 Y114.1 E.00739
G1 X127.03 Y113.921 E.01194
G1 X126.74 Y114.092 E.00877
G1 X126.366 Y114.162 E.00991
G1 X123.325 Y114.162 E.07924
G1 X122.937 Y114.087 E.0103
G1 X122.588 Y113.858 E.01088
G1 X122.393 Y113.589 E.00866
;WIDTH:0.453307
G1 X122.278 Y113.117 E.01276
G1 X122.278 Y112.915 E.0053
G1 X121.857 Y112.915 E.01106
;WIDTH:0.458077
G1 X121.856 Y113.208 E.00778
G1 X121.743 Y113.589 E.01055
;WIDTH:0.449999
G1 X121.547 Y113.858 E.00867
G1 X121.198 Y114.087 E.01088
G1 X120.811 Y114.162 E.01027
G1 X119.98 Y114.162 E.02165
G1 X119.616 Y114.096 E.00964
G1 X119.461 Y114.017 E.00453
G1 X119.107 Y114.148 E.00984
G1 X118.278 Y114.162 E.0216
G1 X117.915 Y114.096 E.00961
G1 X117.759 Y114.017 E.00456
G1 X117.406 Y114.148 E.00981
G1 X116.409 Y114.162 E.02598
G1 X115.983 Y114.071 E.01135
G1 X115.787 Y113.956 E.00592
G1 X115.658 Y113.799 E.00529
G1 X115.212 Y114.022 E.01299
G1 X114.685 Y114.161 E.0142
G1 X114.131 Y114.217 E.01451
G1 X113.378 Y114.17 E.01966
G1 X112.686 Y113.985 E.01866
G1 X112.106 Y113.675 E.01714
G1 X111.903 Y113.922 E.00833
G1 X111.686 Y114.06 E.0067
G1 X111.419 Y114.146 E.00731
G1 X110.306 Y114.162 E.029
G1 X110.03 Y114.125 E.00726
G1 X109.829 Y114.046 E.00563
G1 X109.623 Y113.908 E.00646
G1 X109.439 Y113.7 E.00724
G1 X109.261 Y113.258 E.01242
G1 X109.261 Y108.785 E.11655
G1 X109.318 Y108.446 E.00896
G1 X109.47 Y108.158 E.00849
G1 X109.679 Y107.95 E.00768
G1 X109.904 Y107.821 E.00676
G1 X110.306 Y107.741 E.01068
G1 X111.238 Y107.741 E.02428
G1 X111.472 Y107.767 E.00613
G1 X111.759 Y107.88 E.00804
G1 X111.892 Y107.97 E.00418
G1 X112.09 Y108.205 E.00801
G1 X112.566 Y107.938 E.01422
G1 X113.135 Y107.766 E.01549
G1 X114.142 Y107.684 E.02632
G1 X114.719 Y107.741 E.01511
G1 X115.221 Y107.874 E.01353
G1 X115.666 Y108.094 E.01293
G1 X115.785 Y107.947 E.00493
G1 X116.126 Y107.78 E.00989
G1 X116.409 Y107.741 E.00744
G1 X117.642 Y107.741 E.03213
G1 X117.964 Y107.792 E.00849
G1 X118.171 Y107.884 E.0059
G1 X118.377 Y108.042 E.00676
G1 X118.613 Y108.428 E.01179
G1 X118.85 Y108.042 E.0118
G1 X119.182 Y107.821 E.01039
G1 X119.467 Y107.747 E.00767
G1 X120.811 Y107.741 E.03502
G1 X121.149 Y107.797 E.00893
G1 X121.475 Y107.979 E.00973
G1 X121.717 Y108.265 E.00976
G1 X121.845 Y108.637 E.01025
;WIDTH:0.454374
G1 X121.858 Y109.371 E.01933
;WIDTH:0.475213
G1 X121.868 Y110.035 E.01835
G1 X122.382 Y110.035 E.0142
G1 X122.309 Y109.842 E.0057
G1 X122.467 Y109.233 E.01738
;WIDTH:0.449999
G1 X122.66 Y108.81 E.01211
G1 X123.008 Y108.374 E.01454
G1 X123.295 Y108.133 E.00976
G1 X123.767 Y107.869 E.01409
G1 X124.522 Y107.699 E.02016
G1 X125.044 Y107.704 E.0136
G1 X125.605 Y107.759 E.01469
G1 X126.133 Y107.944 E.01458
G1 X126.609 Y108.266 E.01497
G1 X127.055 Y107.949 E.01426
G1 X127.625 Y107.743 E.01579
G1 X128.426 Y107.689 E.02092
G1 X129.1 Y107.809 E.01784
G1 X129.487 Y107.987 E.0111
G1 X129.893 Y108.267 E.01285
G1 X130.343 Y107.97 E.01405
G1 X130.699 Y107.824 E.01003
G1 X131.277 Y107.704 E.01538
G1 X131.861 Y107.688 E.01522
G1 X132.462 Y107.803 E.01594
G1 X132.736 Y107.909 E.00765
G1 X133.163 Y108.158 E.01288
G1 X133.553 Y108.547 E.01435
G1 X133.829 Y108.988 E.01356
G1 X134.334 Y108.214 E.02408
G1 X134.561 Y107.966 E.00876
G1 X134.922 Y107.781 E.01057
G1 X135.209 Y107.741 E.00755
G1 X136.192 Y107.741 E.02561
G1 X136.576 Y107.814 E.01018
G1 X136.909 Y108.026 E.01029
G1 X136.938 Y108.058 E.00113
G1 X137.507 Y107.81 E.01617
G1 X138.014 Y107.709 E.01347
G1 X138.375 Y107.684 E.00943
G1 X139.053 Y107.735 E.01772
G1 X139.599 Y107.883 E.01474
G1 X139.867 Y108.016 E.0078
G1 X140.212 Y108.256 E.01095
G1 X140.462 Y108.502 E.00914
G1 X140.617 Y108.716 E.00688
G1 X140.773 Y109.036 E.00928
G1 X140.932 Y109.728 E.0185
G1 X140.906 Y110.258 E.01383
G1 X140.726 Y110.766 E.01404
G1 X140.935 Y111.177 E.01201
G1 X140.999 Y111.472 E.00787
G1 X141.035 Y111.986 E.01343
G1 X141.014 Y112.28 E.00768
G1 X140.859 Y112.836 E.01504
G1 X140.726 Y113.097 E.00763
G1 X140.515 Y113.381 E.00922
G1 X140.033 Y113.812 E.01685
G1 X139.494 Y114.051 E.01536
G1 X139.174 Y114.15 E.00873
G1 X138.651 Y114.216 E.01374
G1 X138.086 Y114.205 E.01472
G1 X137.528 Y114.103 E.01478
G1 X137.106 Y113.95 E.0117
G1 X136.931 Y113.856 E.00518
G1 X136.689 Y114.036 E.00786
G1 X136.372 Y114.146 E.00874
G1 X135.342 Y114.162 E.02684
G1 X134.918 Y114.071 E.0113
G1 X134.592 Y113.844 E.01035
G1 X134.434 Y113.633 E.00687
G1 X134.342 Y113.286 E.00935
G1 X133.536 Y113.286 E.021
G1 X133.104 Y113.724 E.01603
G1 X132.67 Y113.98 E.01313
G1 X132.399 Y114.088 E.0076
G1 X131.766 Y114.211 E.0168
G1 X131.666 Y114.206 E.00261
M204 S1000
;WIPE_START
G1 F8640
G1 X131.606 Y114.203 E-.01387
G1 X131.054 Y114.176 E-.12761
G1 X130.537 Y114.047 E-.12304
G1 X130.043 Y113.781 E-.12955
G1 X129.864 Y113.618 E-.0559
G1 X129.45 Y113.927 E-.11928
G1 X128.966 Y114.125 E-.12075
G1 X128.495 Y114.196 E-.11
;WIPE_END
G1 Z.9 F720
G1 X123.099 Y110.517 F10800
G1 Z.5 F720
G1 E.8 F2100
M204 S800
;WIDTH:0.390596
G1 F1500
G1 X123.197 Y110.554 E.00234
M204 S1000
G1 X123.544 Y111.186 F10800
M204 S800
;WIDTH:0.407315
G1 F1500
G1 X123.499 Y110.862 E.00765
G1 X123.308 Y110.62 E.00721
;WIDTH:0.396206
G1 X123.197 Y110.554 E.00293
G1 X123.324 Y110.578 E.00293
;WIDTH:0.407315
G1 X124.144 Y110.63 E.01922
G1 X123.588 Y111.145 E.01773
M204 S1000
;WIPE_START
G1 F8640
G1 X123.544 Y111.186 E-.01389
G1 X123.499 Y110.862 E-.07553
G1 X123.308 Y110.62 E-.07119
G1 X123.197 Y110.554 E-.02982
M73 P22 R22
G1 X123.324 Y110.578 E-.02984
G1 X124.144 Y110.63 E-.18972
G1 X123.588 Y111.145 E-.17499
;WIPE_END
G1 E-.21502 F2100
G1 Z.9 F720
G1 X131.627 Y113.786 F10800
G1 Z.5 F720
M73 Q22 S22
G1 E.8 F2100
M204 S800
;WIDTH:0.449999
G1 F2700
G1 X131.075 Y113.759 E.0144
G1 X130.585 Y113.616 E.0133
G1 X130.194 Y113.359 E.01219
G1 X129.871 Y112.976 E.01305
G1 X129.663 Y113.241 E.00878
G1 X129.263 Y113.553 E.01322
G1 X128.751 Y113.749 E.01428
G1 X128.243 Y113.805 E.01332
G1 X127.722 Y113.747 E.01366
G1 X127.205 Y113.543 E.01448
G1 X126.931 Y113.328 E.00907
G1 X126.859 Y113.504 E.00495
G1 X126.719 Y113.634 E.00498
G1 X126.451 Y113.744 E.00755
G1 X123.325 Y113.744 E.08145
G1 X123.045 Y113.678 E.0075
G1 X122.883 Y113.562 E.00519
G1 X122.766 Y113.4 E.00521
G1 X122.698 Y113.117 E.00758
G1 X122.698 Y112.502 E.01602
G1 X121.438 Y112.496 E.03283
G1 X121.438 Y113.121 E.01628
G1 X121.37 Y113.4 E.00748
G1 X121.158 Y113.639 E.00832
G1 X120.912 Y113.736 E.00689
G1 X119.98 Y113.744 E.02428
G1 X119.762 Y113.705 E.00577
G1 X119.633 Y113.639 E.00378
G1 X119.461 Y113.412 E.00742
G1 X119.288 Y113.639 E.00744
G1 X119.026 Y113.738 E.0073
G1 X118.278 Y113.744 E.01949
G1 X118.06 Y113.705 E.00577
G1 X117.932 Y113.64 E.00374
G1 X117.759 Y113.412 E.00746
G1 X117.587 Y113.64 E.00744
G1 X117.324 Y113.738 E.00731
G1 X116.409 Y113.744 E.02384
G1 X116.106 Y113.665 E.00816
G1 X115.843 Y113.385 E.01001
G1 X115.791 Y113.216 E.00461
G1 X115.216 Y113.568 E.01757
G1 X114.727 Y113.731 E.01343
G1 X114.089 Y113.802 E.01673
G1 X113.414 Y113.754 E.01763
G1 X112.806 Y113.585 E.01644
G1 X112.261 Y113.281 E.01626
G1 X111.865 Y112.901 E.0143
G1 X111.849 Y113.257 E.00929
G1 X111.791 Y113.411 E.00429
G1 X111.559 Y113.655 E.00877
G1 X111.346 Y113.734 E.00592
G1 X110.306 Y113.744 E.0271
G1 X110.019 Y113.675 E.00769
G1 X109.786 Y113.467 E.00814
G1 X109.679 Y113.202 E.00745
G1 X109.679 Y108.785 E.11509
G1 X109.713 Y108.582 E.00536
G1 X109.804 Y108.409 E.00509
G1 X110.065 Y108.207 E.0086
G1 X110.306 Y108.158 E.00641
G1 X111.238 Y108.158 E.02428
G1 X111.378 Y108.174 E.00367
G1 X111.63 Y108.296 E.0073
G1 X111.785 Y108.479 E.00625
G1 X111.865 Y108.785 E.00824
G1 X111.865 Y108.958 E.00451
G1 X112.239 Y108.602 E.01345
G1 X112.721 Y108.326 E.01447
G1 X113.253 Y108.166 E.01447
G1 X114.164 Y108.101 E.0238
G1 X114.666 Y108.156 E.01316
G1 X115.157 Y108.293 E.01328
G1 X115.668 Y108.576 E.01522
G1 X115.794 Y108.67 E.0041
G1 X115.841 Y108.52 E.0041
G1 X116.111 Y108.234 E.01025
G1 X116.409 Y108.158 E.00801
G1 X117.642 Y108.158 E.03213
G1 X117.884 Y108.207 E.00643
G1 X118.083 Y108.34 E.00624
G1 X118.241 Y108.6 E.00793
G1 X118.617 Y109.776 E.03217
G1 X118.987 Y108.594 E.03227
G1 X119.143 Y108.34 E.00777
G1 X119.424 Y108.179 E.00844
G1 X120.811 Y108.158 E.03614
G1 X121.104 Y108.231 E.00787
G1 X121.276 Y108.365 E.00568
G1 X121.415 Y108.617 E.0075
G1 X121.438 Y109.371 E.01966
G1 X121.438 Y110.465 E.0285
G1 X122.09 Y110.465 E.01699
G1 X122.939 Y110.482 E.02213
;WIDTH:0.416124
G1 X123.099 Y110.517 E.00392
G1 X122.956 Y110.437 E.00392
;WIDTH:0.449999
G1 X122.736 Y109.898 E.01517
G1 X122.851 Y109.396 E.01342
G1 X123.062 Y108.966 E.01248
G1 X123.426 Y108.547 E.01446
G1 X123.877 Y108.281 E.01364
G1 X124.073 Y108.209 E.00544
G1 X124.599 Y108.11 E.01395
G1 X125.434 Y108.155 E.02179
G1 X125.951 Y108.32 E.01414
G1 X126.386 Y108.623 E.01381
G1 X126.617 Y108.888 E.00916
G1 X126.973 Y108.501 E.0137
G1 X127.349 Y108.281 E.01135
G1 X127.815 Y108.138 E.0127
G1 X128.447 Y108.107 E.01649
G1 X129.001 Y108.215 E.01471
G1 X129.48 Y108.468 E.01411
G1 X129.87 Y108.869 E.01457
G1 X130.169 Y108.581 E.01082
G1 X130.603 Y108.301 E.01346
G1 X131.362 Y108.113 E.02037
G1 X131.987 Y108.122 E.01629
G1 X132.476 Y108.246 E.01314
G1 X132.915 Y108.494 E.01314
G1 X133.249 Y108.834 E.01242
G1 X133.534 Y109.324 E.01477
G1 X133.701 Y109.948 E.01683
G1 X134.684 Y108.442 E.04686
G1 X134.89 Y108.246 E.00741
G1 X135.126 Y108.164 E.00651
G1 X136.192 Y108.158 E.02778
G1 X136.422 Y108.202 E.0061
G1 X136.622 Y108.329 E.00617
G1 X136.795 Y108.614 E.00869
G1 X136.807 Y108.703 E.00234
G1 X137.176 Y108.399 E.01246
G1 X137.664 Y108.197 E.01376
G1 X138.216 Y108.104 E.01459
G1 X139.022 Y108.151 E.02104
G1 X139.468 Y108.279 E.01209
G1 X139.973 Y108.599 E.01558
G1 X140.278 Y108.961 E.01233
G1 X140.489 Y109.553 E.01638
G1 X140.504 Y110.095 E.01413
G1 X140.459 Y110.311 E.00575
G1 X140.248 Y110.786 E.01354
G1 X140.509 Y111.248 E.01383
G1 X140.583 Y111.501 E.00687
G1 X140.618 Y112.015 E.01342
G1 X140.54 Y112.496 E.0127
G1 X140.354 Y112.908 E.01178
G1 X139.905 Y113.384 E.01705
G1 X139.712 Y113.51 E.00601
G1 X139.129 Y113.734 E.01627
G1 X138.651 Y113.798 E.01257
G1 X138.148 Y113.791 E.01311
G1 X137.665 Y113.709 E.01276
G1 X137.19 Y113.515 E.01337
G1 X136.804 Y113.254 E.01214
G1 X136.635 Y113.56 E.00911
G1 X136.398 Y113.709 E.00729
G1 X136.192 Y113.744 E.00544
G1 X135.342 Y113.744 E.02215
G1 X135.056 Y113.675 E.00767
G1 X134.826 Y113.473 E.00798
G1 X134.715 Y113.117 E.00972
G1 X134.715 Y112.868 E.00649
G1 X133.386 Y112.868 E.03463
G1 X133.334 Y112.845 E.00148
G1 X133.042 Y113.206 E.0121
G1 X132.792 Y113.429 E.00873
G1 X132.3 Y113.682 E.01442
G1 X131.766 Y113.793 E.01421
G1 X131.687 Y113.789 E.00206
M204 S1000
G1 X131.648 Y113.37 F10800
M204 S800
;TYPE:External perimeter
G1 F1500
G1 X131.096 Y113.342 E.0144
G1 X130.754 Y113.234 E.00934
G1 X130.5 Y113.075 E.00781
G1 X130.215 Y112.75 E.01126
;WIDTH:0.495047
G1 X130.082 Y112.493 E.00835
;WIDTH:0.540094
G1 X129.95 Y112.237 E.00912
;WIDTH:0.565621
G1 X129.922 Y112.181 E.00208
;WIDTH:0.591148
G1 X129.893 Y112.125 E.0022
G1 X129.783 Y112.312 E.00756
;WIDTH:0.544099
G1 X129.672 Y112.5 E.00697
;WIDTH:0.497049
G1 X129.562 Y112.687 E.00629
;WIDTH:0.449999
G1 X129.395 Y112.921 E.00749
G1 X129.062 Y113.186 E.01109
G1 X128.667 Y113.339 E.01104
G1 X128.219 Y113.386 E.01174
G1 X127.768 Y113.326 E.01185
G1 X127.377 Y113.156 E.01111
G1 X127.062 Y112.882 E.01088
;WIDTH:0.488623
G1 X126.969 Y112.755 E.00448
;WIDTH:0.527247
G1 X126.876 Y112.628 E.00486
;WIDTH:0.565871
G1 X126.783 Y112.5 E.00527
;WIDTH:0.604495
G1 X126.69 Y112.373 E.00562
;WIDTH:0.62926
G1 X126.659 Y112.326 E.0021
G1 X126.636 Y112.433 E.00408
;WIDTH:0.580471
G1 X126.614 Y112.539 E.0037
;WIDTH:0.531682
G1 X126.591 Y112.646 E.00341
;WIDTH:0.482892
G1 X126.573 Y113.14 E.01389
;WIDTH:0.449999
G1 X126.483 Y113.289 E.00454
G1 X126.366 Y113.326 E.0032
G1 X123.325 Y113.326 E.07924
G1 X123.177 Y113.265 E.00417
G1 X123.116 Y113.117 E.00417
G1 X123.116 Y112.502 E.01602
G1 X123.264 Y112.247 E.00768
;WIDTH:0.418329
G1 X123.412 Y111.993 E.00708
G1 X123.658 Y111.685 E.00949
;WIDTH:0.449999
G1 X123.904 Y111.376 E.01029
;WIDTH:0.454498
G1 X124.459 Y110.879 E.01962
;WIDTH:0.496599
G1 X124.686 Y110.628 E.0098
;WIDTH:0.538699
G1 X124.913 Y110.378 E.01067
;WIDTH:0.575734
G1 X125.103 Y110.09 E.0117
G1 X125.095 Y109.824 E.00902
G1 X124.955 Y109.725 E.00581
G1 X124.658 Y109.77 E.01018
G1 X124.529 Y109.998 E.00888
;WIDTH:0.548925
G1 X124.4 Y110.226 E.00844
;WIDTH:0.522116
G1 X124.052 Y110.217 E.01064
;WIDTH:0.486058
G1 X123.705 Y110.208 E.00982
;WIDTH:0.449999
G1 X123.346 Y110.187 E.00937
G1 X123.22 Y110.136 E.00354
G1 X123.153 Y109.936 E.0055
G1 X123.236 Y109.559 E.01006
G1 X123.384 Y109.232 E.00935
G1 X123.71 Y108.858 E.01293
G1 X124.15 Y108.619 E.01305
G1 X124.676 Y108.52 E.01395
G1 X125.4 Y108.572 E.01891
G1 X125.792 Y108.709 E.01082
G1 X126.092 Y108.921 E.00957
G1 X126.332 Y109.233 E.01026
;WIDTH:0.495825
G1 X126.409 Y109.398 E.00526
;WIDTH:0.54165
G1 X126.486 Y109.563 E.00578
;WIDTH:0.587475
G1 X126.562 Y109.728 E.00629
;WIDTH:0.623552
G1 X126.586 Y109.805 E.00297
G1 X126.662 Y109.659 E.00607
;WIDTH:0.580164
G1 X126.739 Y109.514 E.00561
;WIDTH:0.536776
G1 X126.815 Y109.368 E.00518
;WIDTH:0.493388
G1 X126.892 Y109.223 E.00472
;WIDTH:0.449999
G1 X127.216 Y108.841 E.01305
G1 X127.496 Y108.672 E.00852
G1 X127.836 Y108.555 E.00937
G1 X128.468 Y108.524 E.01649
G1 X128.959 Y108.644 E.01317
G1 X129.316 Y108.869 E.011
G1 X129.591 Y109.201 E.01123
G1 X129.831 Y109.781 E.01636
G1 X129.903 Y110.149 E.00977
G1 X129.979 Y109.618 E.01398
G1 X130.152 Y109.223 E.01124
G1 X130.397 Y108.932 E.00991
G1 X130.832 Y108.654 E.01345
G1 X131.447 Y108.522 E.01639
G1 X131.893 Y108.529 E.01162
G1 X132.327 Y108.638 E.01166
G1 X132.716 Y108.878 E.01191
G1 X132.978 Y109.166 E.01014
G1 X133.183 Y109.569 E.01178
G1 X133.345 Y110.263 E.01857
G1 X133.382 Y110.871 E.01587
G1 X133.363 Y111.23 E.00937
G1 X135.034 Y108.671 E.07963
G1 X135.181 Y108.578 E.00453
G1 X136.192 Y108.576 E.02634
G1 X136.335 Y108.633 E.00401
G1 X136.401 Y108.785 E.00432
G1 X136.399 Y109.361 E.01501
;WIDTH:0.449085
G1 X136.4 Y110.196 E.02171
;WIDTH:0.488557
G1 X136.42 Y110.382 E.00532
;WIDTH:0.528029
G1 X136.44 Y110.567 E.00575
;WIDTH:0.567501
G1 X136.46 Y110.753 E.00625
;WIDTH:0.584506
G1 X136.468 Y111.295 E.01867
G1 X136.766 Y111.309 E.01028
G1 X136.87 Y111.077 E.00876
G1 X137.141 Y110.816 E.01296
G1 X136.965 Y110.629 E.00885
;WIDTH:0.567501
G1 X136.915 Y110.48 E.00525
;WIDTH:0.528029
G1 X136.866 Y110.33 E.00488
;WIDTH:0.488557
G1 X136.817 Y110.181 E.00446
;WIDTH:0.449085
G1 X136.795 Y109.682 E.01299
;WIDTH:0.449999
G1 X136.877 Y109.348 E.00896
G1 X137.132 Y108.961 E.01208
G1 X137.4 Y108.754 E.00882
G1 X137.869 Y108.571 E.01312
G1 X138.313 Y108.517 E.01165
G1 X138.991 Y108.568 E.01772
G1 X139.39 Y108.703 E.01098
G1 X139.785 Y108.991 E.01274
G1 X139.971 Y109.27 E.00874
G1 X140.096 Y109.734 E.01252
G1 X140.071 Y110.155 E.01099
G1 X139.873 Y110.588 E.01241
G1 X139.658 Y110.812 E.00809
G1 X139.962 Y111.109 E.01107
G1 X140.166 Y111.531 E.01221
G1 X140.202 Y112.044 E.0134
G1 X140.113 Y112.458 E.01103
G1 X139.939 Y112.775 E.00942
G1 X139.553 Y113.123 E.01354
G1 X139.057 Y113.322 E.01392
G1 X138.65 Y113.38 E.01071
G1 X138.209 Y113.378 E.01149
G1 X137.802 Y113.314 E.01073
G1 X137.434 Y113.177 E.01023
G1 X137.029 Y112.878 E.01312
G1 X136.817 Y112.56 E.00996
G1 X136.766 Y112.45 E.00316
G1 X136.401 Y112.45 E.00951
G1 X136.401 Y113.117 E.01738
G1 X136.311 Y113.289 E.00506
G1 X136.192 Y113.326 E.00325
G1 X135.342 Y113.326 E.02215
G1 X135.192 Y113.262 E.00425
G1 X135.133 Y113.117 E.00408
G1 X135.133 Y112.45 E.01738
G1 X133.386 Y112.45 E.04552
G1 X133.197 Y112.331 E.00582
G1 X133.174 Y112.241 E.00242
G1 X132.935 Y112.705 E.0136
G1 X132.585 Y113.067 E.01312
G1 X132.201 Y113.276 E.01139
G1 X131.756 Y113.375 E.01188
G1 X131.707 Y113.373 E.00128
M204 S1000
;WIPE_START
G1 F8640
G1 X131.648 Y113.37 E-.01364
G1 X131.096 Y113.342 E-.12762
G1 X130.754 Y113.234 E-.08281
G1 X130.5 Y113.075 E-.06919
G1 X130.215 Y112.75 E-.09981
G1 X130.082 Y112.493 E-.06682
G1 X129.95 Y112.237 E-.06651
G1 X129.922 Y112.181 E-.01446
G1 X129.893 Y112.125 E-.01456
G1 X129.783 Y112.312 E-.0501
G1 X129.672 Y112.5 E-.05041
G1 X129.562 Y112.687 E-.0501
G1 X129.395 Y112.921 E-.06638
G1 X129.302 Y112.995 E-.02759
;WIPE_END
G1 Z.9 F720
G1 X121.067 Y111.913 F10800
G1 Z.5 F720
G1 E.8 F2100
M204 S800
;WIDTH:0.544352
G1 F1500
G1 X121.065 Y111.092 E.02622
M204 S1000
;WIPE_START
G1 F8640
G1 X121.067 Y111.913 E-.18957
;WIPE_END
G1 E-.61043 F2100
G1 Z.9 F720
G1 X118.61 Y113.323 F10800
G1 Z.5 F720
G1 E.8 F2100
M204 S800
;WIDTH:0.449999
G1 F1500
G1 X118.278 Y113.326 E.00865
G1 X118.163 Y113.291 E.00313
G1 X118.079 Y113.181 E.00361
G1 X117.45 Y111.234 E.05331
G1 X117.45 Y113.117 E.04906
G1 X117.356 Y113.291 E.00515
G1 X117.241 Y113.326 E.00313
G1 X116.409 Y113.326 E.02168
G1 X116.285 Y113.285 E.0034
G1 X116.2 Y113.117 E.00491
G1 X116.2 Y112.599 E.0135
;WIDTH:0.474719
G1 X116.188 Y112.037 E.01551
;WIDTH:0.480528
G1 X116.185 Y111.962 E.0021
G1 X115.878 Y112.517 E.01773
;WIDTH:0.449999
G1 X115.494 Y112.923 E.01456
G1 X115.011 Y113.204 E.01456
G1 X114.601 Y113.33 E.01118
G1 X114.047 Y113.386 E.01451
G1 X113.45 Y113.338 E.01561
G1 X112.927 Y113.185 E.0142
G1 X112.476 Y112.922 E.0136
G1 X112.108 Y112.552 E.0136
G1 X111.843 Y112.093 E.01381
G1 X111.784 Y111.819 E.0073
;WIDTH:0.408192
G1 X111.725 Y111.544 E.0066
;WIDTH:0.366385
G1 X111.689 Y110.944 E.01253
;WIDTH:0.35586
G1 X111.723 Y110.351 E.01199
;WIDTH:0.40293
G1 X111.77 Y110.086 E.00622
;WIDTH:0.449999
G1 X111.818 Y109.82 E.00704
G1 X112.061 Y109.367 E.01339
G1 X112.408 Y108.997 E.01322
G1 X112.848 Y108.728 E.01344
G1 X113.371 Y108.567 E.01426
G1 X114.186 Y108.519 E.02127
G1 X114.644 Y108.577 E.01203
G1 X115.032 Y108.695 E.01057
G1 X115.505 Y108.971 E.01427
G1 X115.76 Y109.227 E.00941
;WIDTH:0.480651
G1 X115.945 Y109.538 E.01012
;WIDTH:0.511303
G1 X116.129 Y109.85 E.01082
;WIDTH:0.532378
G1 X116.159 Y109.944 E.00308
G1 X116.18 Y109.681 E.00823
;WIDTH:0.491189
G1 X116.2 Y109.417 E.00758
;WIDTH:0.449999
G1 X116.2 Y108.785 E.01647
G1 X116.284 Y108.618 E.00487
G1 X116.409 Y108.576 E.00344
G1 X117.642 Y108.576 E.03213
G1 X117.818 Y108.648 E.00495
G1 X118.621 Y111.16 E.06871
G1 X119.385 Y108.723 E.06655
G1 X119.504 Y108.592 E.00461
G1 X120.811 Y108.576 E.03406
G1 X120.966 Y108.645 E.00442
G1 X121.02 Y108.81 E.00452
G1 X121.02 Y110.584 E.04622
;WIDTH:0.49525
G1 X121.043 Y110.838 E.00736
;WIDTH:0.5405
G1 X121.065 Y111.092 E.00808
G1 X121.192 Y110.988 E.0052
;WIDTH:0.49525
G1 X121.32 Y110.883 E.00478
;WIDTH:0.449999
G1 X122.939 Y110.883 E.04218
G1 X123.067 Y110.928 E.00354
G1 X123.148 Y111.092 E.00477
G1 X123.124 Y111.845 E.01963
;WIDTH:0.403424
G1 X123.064 Y111.974 E.00329
;WIDTH:0.397596
G1 X123.001 Y112.022 E.0018
;WIDTH:0.435908
G1 X122.939 Y112.071 E.00199
;WIDTH:0.449999
G1 X122.077 Y112.078 E.02246
G1 X121.32 Y112.078 E.01972
;WIDTH:0.497176
G1 X121.193 Y111.996 E.00438
;WIDTH:0.544352
G1 X121.067 Y111.913 E.00482
G1 X121.044 Y112.145 E.00745
;WIDTH:0.497176
G1 X121.02 Y112.377 E.00676
;WIDTH:0.449999
G1 X121.02 Y113.118 E.01931
G1 X120.958 Y113.265 E.00416
G1 X120.811 Y113.326 E.00415
G1 X119.98 Y113.326 E.02165
G1 X119.864 Y113.291 E.00316
G1 X119.771 Y113.117 E.00514
G1 X119.771 Y111.23 E.04917
G1 X119.141 Y113.181 E.05342
G1 X118.994 Y113.319 E.00525
G1 X118.67 Y113.322 E.00844
M204 S1000
;WIPE_START
G1 F8640
G1 X118.61 Y113.323 E-.01386
G1 X118.278 Y113.326 E-.07666
G1 X118.163 Y113.291 E-.02776
G1 X118.079 Y113.181 E-.03196
G1 X117.45 Y111.234 E-.47245
G1 X117.45 Y112.002 E-.17731
;WIPE_END
G1 Z.9 F720
G1 X110.772 Y113.326 F10800
G1 Z.5 F720
G1 E.8 F2100
M204 S800
G1 F1500
G1 X110.306 Y113.326 E.01214
G1 X110.169 Y113.275 E.00381
G1 X110.097 Y113.117 E.00452
G1 X110.097 Y108.785 E.11287
G1 X110.139 Y108.66 E.00344
G1 X110.268 Y108.58 E.00396
G1 X111.238 Y108.576 E.02527
G1 X111.42 Y108.683 E.0055
G1 X111.447 Y109.209 E.01372
G1 X111.447 Y109.77 E.01462
G1 X111.425 Y110.023 E.00662
;WIDTH:0.405643
G1 X111.403 Y110.276 E.00591
;WIDTH:0.361286
G1 X111.389 Y110.908 E.01297
;WIDTH:0.356713
G1 X111.4 Y111.525 E.01249
;WIDTH:0.403356
G1 X111.424 Y111.813 E.00669
;WIDTH:0.449999
G1 X111.447 Y112.101 E.00753
G1 X111.447 Y113.117 E.02647
G1 X111.371 Y113.278 E.00464
G1 X111.238 Y113.326 E.00368
G1 X110.832 Y113.326 E.01058
M204 S1000
;WIPE_START
G1 F8640
G1 X110.772 Y113.326 E-.01385
G1 X110.306 Y113.326 E-.1076
G1 X110.169 Y113.275 E-.03375
G1 X110.097 Y113.117 E-.04009
G1 X110.097 Y110.498 E-.60471
;WIPE_END
G1 Z.9 F720
G1 X124.439 Y102.25 F10800
G1 Z.5 F720
G1 E.8 F2100
M204 S800
;TYPE:Perimeter
G1 F1500
G1 X124.439 Y101.261 E.02577
G1 X119.984 Y101.261 E.11608
G1 X119.662 Y101.21 E.00849
G1 X119.34 Y101.038 E.00951
G1 X119.106 Y100.783 E.00902
G1 X118.939 Y100.365 E.01173
G1 X118.939 Y97.784 E.06725
G1 X118.982 Y97.488 E.00779
G1 X119.093 Y97.239 E.0071
G1 X119.299 Y96.995 E.00832
G1 X119.607 Y96.81 E.00936
G1 X119.984 Y96.739 E.01
G1 X124.439 Y96.739 E.11608
G1 X124.439 Y95.719 E.02658
G1 X124.494 Y95.384 E.00885
G1 X124.721 Y95.005 E.01151
G1 X124.897 Y94.854 E.00604
G1 X125.304 Y94.69 E.01143
G1 X125.664 Y94.69 E.00938
G1 X125.88 Y94.752 E.00586
G1 X126.095 Y94.872 E.00642
G1 X130.639 Y98.153 E.14604
G1 X130.921 Y98.459 E.01084
G1 X131.056 Y98.82 E.01004
G1 X131.05 Y99.215 E.01029
G1 X130.891 Y99.587 E.01054
G1 X130.639 Y99.847 E.00943
G1 X126.095 Y103.128 E.14604
G1 X125.803 Y103.276 E.00853
G1 X125.399 Y103.323 E.0106
G1 X125.055 Y103.234 E.00926
G1 X124.73 Y103.004 E.01037
G1 X124.594 Y102.829 E.00577
G1 X124.495 Y102.617 E.0061
G1 X124.444 Y102.31 E.00811
M204 S1000
G1 X124.857 Y102.25 F10800
M204 S800
G1 F1500
G1 X124.857 Y100.843 E.03666
G1 X119.984 Y100.843 E.12697
G1 X119.725 Y100.787 E.0069
G1 X119.503 Y100.618 E.00727
G1 X119.357 Y100.319 E.00867
G1 X119.357 Y97.784 E.06605
G1 X119.41 Y97.533 E.00668
G1 X119.573 Y97.311 E.00718
G1 X119.758 Y97.199 E.00563
G1 X119.984 Y97.157 E.00599
G1 X124.857 Y97.157 E.12697
G1 X124.857 Y95.719 E.03747
G1 X124.95 Y95.391 E.00888
G1 X125.132 Y95.2 E.00687
G1 X125.415 Y95.096 E.00786
G1 X125.759 Y95.144 E.00905
G1 X130.394 Y98.492 E.14898
G1 X130.563 Y98.675 E.00649
G1 X130.65 Y98.932 E.00707
G1 X130.619 Y99.206 E.00718
G1 X130.476 Y99.449 E.00735
G1 X125.851 Y102.79 E.14866
G1 X125.598 Y102.898 E.00717
G1 X125.303 Y102.881 E.0077
G1 X125.081 Y102.761 E.00658
G1 X124.95 Y102.61 E.00521
G1 X124.865 Y102.309 E.00815
M204 S1000
G1 X125.275 Y102.25 F10800
M204 S800
;TYPE:External perimeter
G1 F1500
G1 X125.275 Y100.425 E.04755
G1 X119.984 Y100.425 E.13786
G1 X119.835 Y100.363 E.0042
G1 X119.775 Y100.216 E.00414
G1 X119.775 Y97.784 E.06337
G1 X119.847 Y97.626 E.00452
G1 X119.984 Y97.575 E.00381
G1 X125.275 Y97.575 E.13786
G1 X125.275 Y95.719 E.04836
G1 X125.331 Y95.576 E.004
G1 X125.484 Y95.51 E.00434
G1 X125.606 Y95.549 E.00334
G1 X130.15 Y98.831 E.14605
G1 X130.235 Y98.977 E.0044
G1 X130.181 Y99.147 E.00465
G1 X125.606 Y102.451 E.14704
G1 X125.451 Y102.488 E.00415
G1 X125.318 Y102.409 E.00403
G1 X125.284 Y102.308 E.00278
M204 S1000
;WIPE_START
G1 F8640
G1 X125.275 Y102.25 E-.01355
G1 X125.275 Y100.425 E-.4214
G1 X123.694 Y100.425 E-.36505
;WIPE_END
G1 Z.9 F720
G1 X126.516 Y110.334 F10800
G1 Z.5 F720
G1 E.8 F2100
M204 S800
;WIDTH:0.591145
G1 F1500
G1 X126.551 Y110.069 E.00932
;WIDTH:0.623552
G1 X126.586 Y109.805 E.00982
M204 S1000
;WIPE_START
G1 F8640
G1 X126.551 Y110.069 E-.06149
G1 X126.516 Y110.334 E-.06172
;WIPE_END
G1 E-.67679 F2100
G1 Z.9 F720
G1 X129.962 Y110.745 F10800
G1 Z.5 F720
G1 E.8 F2100
M204 S800
;WIDTH:0.468758
G1 F1500
G1 X129.908 Y110.202 E.01486
M204 S1000
;WIPE_START
G1 F8640
G1 X129.962 Y110.745 E-.126
;WIPE_END
G1 E-.674 F2100
G1 Z.9 F720
G1 X136.83 Y112.075 F10800
G1 Z.5 F720
G1 E.8 F2100
M204 S800
;WIDTH:0.37219
G1 F1457.787
G1 X136.835 Y111.666 E.00867
M204 S1000
;WIPE_START
G1 F8640
G1 X136.83 Y112.075 E-.09445
;WIPE_END
G1 E-.70555 F2100
G1 Z.9 F720
G1 X132.012 Y111.677 F10800
G1 Z.5 F720
G1 E.8 F2100
M204 S800
;WIDTH:0.460312
G1 F1500
G1 X131.989 Y111.837 E.00432
G1 X131.891 Y112.049 E.00624
G1 X131.772 Y112.177 E.00467
;WIDTH:0.465163
G1 X131.565 Y112.248 E.00591
;WIDTH:0.466065
G1 X131.333 Y112.158 E.00673
;WIDTH:0.475225
G1 X131.225 Y111.935 E.00685
;WIDTH:0.482254
G1 X131.145 Y111.833 E.00364
G1 X131.709 Y111.796 E.01586
;WIDTH:0.460312
G1 X131.956 Y111.699 E.00708
M204 S1000
;WIPE_START
G1 F8640
G1 X132.012 Y111.677 E-.01389
G1 X131.989 Y111.837 E-.03732
G1 X131.891 Y112.049 E-.05393
G1 X131.772 Y112.177 E-.04036
G1 X131.565 Y112.248 E-.05053
G1 X131.333 Y112.158 E-.05746
G1 X131.225 Y111.935 E-.05721
G1 X131.145 Y111.833 E-.02993
G1 X131.709 Y111.796 E-.13051
G1 X131.956 Y111.699 E-.06127
;WIPE_END
G1 E-.26759 F2100
G1 Z.9 F720
G1 X129.962 Y110.745 F10800
G1 Z.5 F720
G1 E.8 F2100
M204 S800
;WIDTH:0.513088
G1 F1500
G1 X130.142 Y111.214 E.01507
G1 X130.311 Y111.425 E.00811
G1 X130.649 Y111.695 E.01297
G1 X130.991 Y111.789 E.01064
;WIDTH:0.507282
G1 X130.714 Y111.825 E.00828
;WIDTH:0.513088
G1 X130.151 Y111.901 E.01704
;WIDTH:0.554885
G1 X130.03 Y111.989 E.00488
;WIDTH:0.596682
G1 X129.909 Y112.078 E.00529
G1 X129.941 Y111.711 E.01297
;WIDTH:0.554885
G1 X129.974 Y111.344 E.01201
;WIDTH:0.513088
G1 X129.964 Y110.805 E.01617
M204 S1000
;WIPE_START
G1 F8640
G1 X129.962 Y110.745 E-.01386
G1 X130.142 Y111.214 E-.116
G1 X130.311 Y111.425 E-.06242
G1 X130.649 Y111.695 E-.09989
M73 P23 R22
G1 X130.991 Y111.789 E-.0819
G1 X130.714 Y111.825 E-.0645
G1 X130.151 Y111.901 E-.13118
G1 X130.03 Y111.989 E-.03455
G1 X129.909 Y112.078 E-.03468
G1 X129.941 Y111.711 E-.08506
G1 X129.97 Y111.384 E-.07596
;WIPE_END
G1 Z.9 F720
G1 X126.173 Y111.688 F10800
G1 Z.5 F720
G1 E.8 F2100
M73 Q23 S22
M204 S800
;TYPE:Perimeter
;WIDTH:0.579552
G1 F1500
G1 X126.138 Y111.748 E.00237
G1 X126.07 Y111.748 E.00232
G1 X126.036 Y111.688 E.00235
G1 X126.07 Y111.629 E.00232
G1 X126.138 Y111.629 E.00232
M204 S1000
;WIPE_START
G1 F8640
G1 X126.07 Y111.629 E-.0157
G1 X126.036 Y111.688 E-.01572
G1 X126.07 Y111.748 E-.01592
G1 X126.138 Y111.748 E-.0157
G1 X126.173 Y111.688 E-.01604
;WIPE_END
G1 E-.72092 F2100
G1 Z.9 F720
G1 X124.845 Y112.171 F10800
G1 Z.5 F720
G1 E.8 F2100
M204 S800
;TYPE:External perimeter
;WIDTH:0.449999
G1 F1500
G1 X124.791 Y112.171 E.00141
G1 X124.822 Y112.136 E.00122
G1 X125.737 Y111.378 E.03096
G1 X126.252 Y110.79 E.02037
;WIDTH:0.486246
G1 X126.34 Y110.638 E.00497
;WIDTH:0.522492
G1 X126.428 Y110.486 E.00537
;WIDTH:0.558738
G1 X126.516 Y110.334 E.00577
G1 X126.521 Y110.39 E.00185
;WIDTH:0.543415
G1 X126.531 Y110.675 E.00909
;WIDTH:0.496707
G1 X126.541 Y110.96 E.00826
;WIDTH:0.449999
G1 X126.579 Y111.602 E.01676
;WIDTH:0.493693
G1 X126.595 Y111.771 E.00489
;WIDTH:0.537387
G1 X126.611 Y111.939 E.00532
;WIDTH:0.58108
G1 X126.627 Y112.108 E.00581
;WIDTH:0.624774
G1 X126.643 Y112.277 E.00627
G1 X126.593 Y112.23 E.00254
;WIDTH:0.592763
G1 X126.543 Y112.184 E.00238
;WIDTH:0.560752
G1 X126.484 Y112.179 E.00195
;WIDTH:0.523835
G1 X126.425 Y112.175 E.00181
;WIDTH:0.486917
G1 X126.366 Y112.171 E.00168
;WIDTH:0.449999
G1 X124.905 Y112.171 E.03807
M204 S1000
;WIPE_START
G1 F8640
G1 X124.845 Y112.171 E-.01385
G1 X124.791 Y112.171 E-.01247
G1 X124.822 Y112.136 E-.0108
G1 X125.737 Y111.378 E-.27436
G1 X126.252 Y110.79 E-.18048
G1 X126.34 Y110.638 E-.04055
G1 X126.428 Y110.486 E-.04055
G1 X126.516 Y110.334 E-.04055
G1 X126.521 Y110.39 E-.01298
G1 X126.531 Y110.675 E-.06585
G1 X126.541 Y110.96 E-.06585
G1 X126.552 Y111.14 E-.04171
;WIPE_END
G1 Z.9 F720
G1 X113.928 Y111.364 F10800
G1 Z.5 F720
G1 E.8 F2100
M204 S800
;TYPE:Perimeter
;WIDTH:0.475681
G1 F1500
G1 X113.857 Y111.179 E.00548
G1 X113.862 Y110.73 E.01242
G1 X113.913 Y110.532 E.00565
G1 X114.049 Y110.53 E.00376
G1 X114.154 Y110.672 E.00488
G1 X114.378 Y110.926 E.00937
G1 X114.252 Y111.057 E.00503
G1 X114.087 Y111.353 E.00937
G1 X113.988 Y111.36 E.00274
M204 S1000
G1 X113.916 Y111.802 F10800
M204 S800
;WIDTH:0.449999
G1 F1500
G1 X113.664 Y111.719 E.00691
G1 X113.539 Y111.551 E.00546
G1 X113.426 Y111.231 E.00884
G1 X113.452 Y110.51 E.0188
G1 X113.602 Y110.228 E.00832
G1 X113.77 Y110.124 E.00515
G1 X114.056 Y110.097 E.00749
G1 X114.354 Y110.188 E.00812
G1 X114.584 Y110.547 E.01111
;WIDTH:0.490018
G1 X114.678 Y110.617 E.00335
;WIDTH:0.530037
G1 X114.772 Y110.686 E.00362
;WIDTH:0.570056
G1 X114.866 Y110.756 E.00393
;WIDTH:0.610075
G1 X114.959 Y110.826 E.00419
;WIDTH:0.650094
G1 X115.053 Y110.895 E.00449
G1 X114.966 Y110.973 E.0045
;WIDTH:0.610075
G1 X114.879 Y111.051 E.00421
;WIDTH:0.570056
G1 X114.792 Y111.129 E.00392
;WIDTH:0.530037
G1 X114.704 Y111.207 E.00365
;WIDTH:0.490018
G1 X114.617 Y111.285 E.00334
;WIDTH:0.449999
G1 X114.427 Y111.629 E.01024
G1 X114.219 Y111.767 E.0065
G1 X113.975 Y111.795 E.0064
M204 S1000
;WIPE_START
G1 F8640
G1 X113.916 Y111.802 E-.01372
G1 X113.664 Y111.719 E-.06126
G1 X113.539 Y111.551 E-.04835
G1 X113.426 Y111.231 E-.07836
G1 X113.452 Y110.51 E-.16659
G1 X113.602 Y110.228 E-.07375
G1 X113.77 Y110.124 E-.04562
G1 X114.056 Y110.097 E-.06633
G1 X114.354 Y110.188 E-.07195
G1 X114.584 Y110.547 E-.09845
G1 X114.678 Y110.617 E-.02706
G1 X114.772 Y110.686 E-.02692
G1 X114.847 Y110.742 E-.02164
;WIPE_END
G1 Z.9 F720
G1 X115.786 Y111.19 F10800
G1 Z.5 F720
G1 E.8 F2100
M204 S800
;WIDTH:0.484482
G1 F1500
G1 X115.665 Y111.13 E.00381
;WIDTH:0.525884
G1 X115.543 Y111.07 E.00419
;WIDTH:0.567286
G1 X115.422 Y111.01 E.00451
;WIDTH:0.608688
G1 X115.301 Y110.95 E.00486
;WIDTH:0.65009
G1 X115.18 Y110.89 E.0052
G1 X115.249 Y110.851 E.00305
;WIDTH:0.608688
G1 X115.318 Y110.812 E.00285
;WIDTH:0.567286
G1 X115.388 Y110.773 E.00267
;WIDTH:0.525884
G1 X115.457 Y110.734 E.00244
;WIDTH:0.484482
G1 X115.526 Y110.695 E.00224
;WIDTH:0.44308
G1 X115.786 Y110.624 E.00691
G1 X115.786 Y111.13 E.01297
M204 S1000
;WIPE_START
G1 F8640
G1 X115.786 Y111.19 E-.01385
G1 X115.665 Y111.13 E-.03119
G1 X115.543 Y111.07 E-.03139
G1 X115.422 Y111.01 E-.03119
G1 X115.301 Y110.95 E-.03119
G1 X115.18 Y110.89 E-.03119
G1 X115.249 Y110.851 E-.0183
G1 X115.318 Y110.812 E-.0183
G1 X115.388 Y110.773 E-.0185
G1 X115.457 Y110.734 E-.0183
G1 X115.526 Y110.695 E-.0183
G1 X115.786 Y110.624 E-.06223
G1 X115.786 Y111.13 E-.11684
;WIPE_END
G1 E-.35923 F2100
G1 Z.9 F720
G1 X113.877 Y112.22 F10800
G1 Z.5 F720
G1 E.8 F2100
M204 S800
;TYPE:External perimeter
;WIDTH:0.449998
G1 F1500
G1 X113.537 Y112.123 E.00921
G1 X113.266 Y111.922 E.00879
G1 X113.08 Y111.584 E.01005
G1 X113.006 Y111.21 E.00993
G1 X113.018 Y110.643 E.01478
;WIDTH:0.449999
G1 X113.076 Y110.318 E.0086
G1 X113.234 Y110.024 E.0087
G1 X113.429 Y109.823 E.0073
G1 X113.726 Y109.698 E.0084
G1 X114.14 Y109.686 E.01079
G1 X114.487 Y109.791 E.00945
G1 X114.737 Y109.967 E.00797
G1 X114.917 Y110.295 E.00975
G1 X115.075 Y110.378 E.00465
G1 X115.417 Y110.295 E.00917
;WIDTH:0.456959
G1 X115.965 Y110.149 E.01502
;WIDTH:0.496563
G1 X116.061 Y110.068 E.00364
;WIDTH:0.536166
G1 X116.157 Y109.988 E.00393
G1 X116.177 Y110.157 E.00535
;WIDTH:0.496563
G1 X116.197 Y110.326 E.00493
;WIDTH:0.456959
G1 X116.2 Y110.893 E.01502
;WIDTH:0.477158
G1 X116.187 Y111.923 E.02858
G1 X116.039 Y111.726 E.00684
;WIDTH:0.455055
G1 X115.186 Y111.41 E.02399
;WIDTH:0.449998
G1 X115.032 Y111.443 E.0041
G1 X114.758 Y111.894 E.01375
G1 X114.517 Y112.106 E.00836
G1 X114.208 Y112.213 E.00852
G1 X113.937 Y112.219 E.00706
M204 S1000
;WIPE_START
G1 F8640
G1 X113.877 Y112.22 E-.01386
G1 X113.537 Y112.123 E-.08164
G1 X113.266 Y111.922 E-.07791
G1 X113.08 Y111.584 E-.08908
G1 X113.006 Y111.21 E-.08803
G1 X113.018 Y110.643 E-.13095
G1 X113.076 Y110.318 E-.07623
G1 X113.234 Y110.024 E-.07707
G1 X113.429 Y109.823 E-.06466
G1 X113.726 Y109.698 E-.0744
G1 X113.839 Y109.695 E-.02617
;WIPE_END
G1 Z.9 F720
G1 X125 Y119.829 F10800
G1 Z.5 F720
G1 E.8 F2100
M204 S800
;TYPE:Perimeter
;WIDTH:0.449999
G1 F2700
G1 X107.369 Y119.829 E.45939
G1 X106.947 Y119.742 E.01123
G1 X106.642 Y119.548 E.00942
G1 X106.448 Y119.243 E.00942
G1 X106.361 Y118.821 E.01123
G1 X106.361 Y91.175 E.72034
G1 X106.45 Y90.765 E.01093
G1 X106.642 Y90.452 E.00957
G1 X106.944 Y90.259 E.00934
G1 X107.369 Y90.171 E.01131
G1 X137.167 Y90.174 E.77641
G1 X142.759 Y90.174 E.1457
G1 X143.165 Y90.304 E.01111
G1 X143.432 Y90.548 E.00942
G1 X143.599 Y90.869 E.00943
G1 X143.639 Y91.249 E.00996
G1 X143.639 Y118.821 E.71841
G1 X143.552 Y119.243 E.01123
G1 X143.358 Y119.548 E.00942
G1 X143.053 Y119.742 E.00942
G1 X142.631 Y119.829 E.01123
G1 X125.06 Y119.829 E.45783
M204 S1000
G1 X125 Y120.247 F10800
M204 S800
G1 F2700
G1 X107.44 Y120.247 E.45754
G1 X106.95 Y120.196 E.01284
G1 X106.624 Y120.061 E.00919
G1 X106.344 Y119.846 E.0092
G1 X106.129 Y119.566 E.0092
G1 X105.994 Y119.24 E.00919
G1 X105.943 Y118.848 E.0103
G1 X105.943 Y91.25 E.71909
G1 X105.985 Y90.806 E.01162
G1 X106.133 Y90.429 E.01055
G1 X106.344 Y90.154 E.00903
G1 X106.624 Y89.939 E.0092
G1 X106.95 Y89.804 E.00919
G1 X107.342 Y89.753 E.0103
G1 X142.564 Y89.756 E.91773
G1 X143.048 Y89.803 E.01267
G1 X143.376 Y89.939 E.00925
G1 X143.656 Y90.154 E.0092
G1 X143.871 Y90.434 E.0092
G1 X144.006 Y90.76 E.00919
G1 X144.057 Y91.249 E.01281
G1 X144.057 Y118.75 E.71656
G1 X144.006 Y119.24 E.01284
G1 X143.871 Y119.566 E.00919
G1 X143.656 Y119.846 E.0092
G1 X143.376 Y120.061 E.0092
G1 X143.05 Y120.196 E.00919
G1 X142.658 Y120.247 E.0103
G1 X125.06 Y120.247 E.45853
M204 S1000
G1 X125 Y120.665 F10800
M204 S800
;TYPE:External perimeter
G1 F1500
G1 X107.44 Y120.665 E.45754
G1 X106.841 Y120.603 E.01569
G1 X106.413 Y120.426 E.01207
G1 X106.046 Y120.144 E.01206
G1 X105.764 Y119.777 E.01206
G1 X105.587 Y119.349 E.01207
G1 X105.525 Y118.876 E.01243
G1 X105.525 Y91.241 E.72005
G1 X105.577 Y90.703 E.01408
G1 X105.766 Y90.222 E.01347
G1 X106.046 Y89.856 E.01201
G1 X106.413 Y89.574 E.01206
G1 X106.841 Y89.397 E.01207
G1 X107.314 Y89.335 E.01243
G1 X141.94 Y89.339 E.90221
G1 X142.612 Y89.339 E.01751
G1 X143.158 Y89.397 E.01431
G1 X143.587 Y89.574 E.01209
G1 X143.954 Y89.856 E.01206
G1 X144.236 Y90.223 E.01206
G1 X144.413 Y90.651 E.01207
G1 X144.475 Y91.249 E.01566
G1 X144.475 Y118.75 E.71656
G1 X144.413 Y119.349 E.01569
G1 X144.236 Y119.777 E.01207
G1 X143.954 Y120.144 E.01206
G1 X143.587 Y120.426 E.01206
G1 X143.159 Y120.603 E.01207
G1 X142.686 Y120.665 E.01243
G1 X125.06 Y120.665 E.45926
M204 S1000
;WIPE_START
G1 F8640
G1 X125 Y120.665 E-.01385
G1 X121.595 Y120.665 E-.78615
;WIPE_END
G1 Z.9 F720
G1 X106.954 Y119.49 F10800
G1 Z.5 F720
G1 E.8 F2100
;TYPE:Solid infill
;WIDTH:0.37219
G1 F4800
G1 X106.701 Y119.241 E.00753
;WIDTH:0.411095
G1 X106.71 Y119.034 E.0049
;WIDTH:0.449999
G1 X106.719 Y118.826 E.00542
G1 X107.358 Y119.465 E.02355
G1 X107.959 Y119.474 E.01566
G1 X106.716 Y118.231 E.0458
G1 X106.716 Y117.64 E.0154
G1 X108.55 Y119.474 E.06758
G1 X109.141 Y119.474 E.0154
G1 X106.716 Y117.049 E.08936
G1 X106.716 Y116.459 E.01537
G1 X109.732 Y119.474 E.11112
G1 X110.322 Y119.474 E.01537
G1 X106.716 Y115.868 E.13288
G1 X106.716 Y115.277 E.0154
G1 X110.913 Y119.474 E.15465
G1 X111.504 Y119.474 E.0154
G1 X106.716 Y114.686 E.17643
G1 X106.716 Y114.095 E.0154
G1 X112.095 Y119.474 E.19821
G1 X112.686 Y119.474 E.0154
M73 P24 R22
G1 X106.716 Y113.504 E.21998
G1 X106.716 Y112.913 E.0154
G1 X113.277 Y119.474 E.24176
G1 X113.868 Y119.474 E.0154
M73 Q24 S22
G1 X106.716 Y112.322 E.26354
G1 X106.716 Y111.732 E.01537
G1 X114.458 Y119.474 E.28528
G1 X114.601 Y119.515 E.00388
;WIDTH:0.411095
G1 X114.743 Y119.556 E.00349
;WIDTH:0.37219
G1 X114.724 Y119.627 E.00156
G1 X114.795 Y119.608 E.00156
G1 X114.784 Y119.567 E.0009
;WIPE_START
G1 F8640
G1 X114.795 Y119.608 E-.0098
G1 X114.724 Y119.627 E-.01697
G1 X114.743 Y119.556 E-.01697
G1 X114.601 Y119.515 E-.03413
G1 X114.458 Y119.474 E-.03435
G1 X112.352 Y117.368 E-.68778
;WIPE_END
G1 Z.9 F720
G1 X109.765 Y114.31 F10800
G1 Z.5 F720
G1 E.8 F2100
G1 F4800
G1 X109.468 Y114.073 E.00806
G1 X109.117 Y113.646 E.01172
;WIDTH:0.411095
G1 X109.022 Y113.498 E.00416
;WIDTH:0.449999
G1 X108.926 Y113.351 E.00457
G1 X106.716 Y111.141 E.08143
G1 X106.716 Y110.55 E.0154
G1 X108.906 Y112.74 E.0807
;WIPE_START
G1 F8640
G1 X106.716 Y110.55 E-.71514
G1 X106.716 Y110.917 E-.08486
;WIPE_END
G1 Z.9 F720
G1 X106.907 Y110.15 F10800
G1 Z.5 F720
G1 E.8 F2100
G1 F4800
G1 X108.906 Y112.149 E.07366
G1 X108.906 Y108.79 E.08752
G1 X108.995 Y108.301 E.01295
G1 X109.206 Y107.923 E.01128
G1 X109.307 Y107.823 E.0037
G1 X106.716 Y105.232 E.09547
G1 X106.716 Y110.107 E.12702
G1 X107.134 Y109.786 E.01373
G1 X107.134 Y106.241 E.09237
G1 X108.755 Y107.862 E.05973
G1 X108.578 Y108.225 E.01052
G1 X108.488 Y108.79 E.01491
G1 X108.488 Y111.14 E.06123
G1 X107.281 Y109.934 E.04446
G1 X107.577 Y109.602 E.01159
;WIDTH:0.500582
G1 X107.577 Y109.505 E.00283
;WIDTH:0.509514
G1 X107.581 Y108.575 E.02768
;WIDTH:0.534822
G1 X107.594 Y108.297 E.00872
;WIDTH:0.56013
G1 X107.606 Y107.382 E.03013
G1 X108.18 Y107.955 E.0267
G1 X108.104 Y108.22 E.00908
;WIDTH:0.54235
G1 X108.045 Y108.79 E.01823
;WIDTH:0.500582
G1 X108.045 Y110.071 E.03742
G1 X107.724 Y109.75 E.01326
;WIPE_START
G1 F8640
G1 X108.045 Y110.071 E-.10482
G1 X108.045 Y108.79 E-.29579
G1 X108.104 Y108.22 E-.13232
G1 X108.18 Y107.955 E-.06366
G1 X107.606 Y107.382 E-.18727
G1 X107.605 Y107.452 E-.01614
;WIPE_END
G1 Z.9 F720
G1 X109.64 Y107.565 F10800
G1 Z.5 F720
G1 E.8 F2100
;WIDTH:0.449999
G1 F4800
G1 X106.716 Y104.641 E.10774
G1 X106.716 Y104.05 E.0154
G1 X110.072 Y107.406 E.12366
G1 X110.642 Y107.386 E.01486
G1 X106.716 Y103.459 E.14469
G1 X106.716 Y102.868 E.0154
G1 X111.233 Y107.386 E.16646
G1 X111.375 Y107.438 E.00394
;WIDTH:0.411095
G1 X111.517 Y107.49 E.00357
;WIDTH:0.37219
G1 X111.498 Y107.561 E.00156
G1 X111.569 Y107.542 E.00156
G1 X111.558 Y107.501 E.0009
;WIDTH:0.449999
G1 X112.182 Y107.744 E.01745
G1 X106.716 Y102.278 E.20141
G1 X106.716 Y101.687 E.0154
G1 X112.59 Y107.561 E.21645
G1 X113.044 Y107.424 E.01236
G1 X106.716 Y101.096 E.23318
G1 X106.716 Y100.505 E.0154
G1 X113.571 Y107.36 E.2526
G1 X114.135 Y107.333 E.01471
G1 X106.716 Y99.914 E.27338
G1 X106.716 Y99.323 E.0154
G1 X114.786 Y107.393 E.29737
G1 X114.928 Y107.461 E.0041
;WIDTH:0.411095
G1 X115.07 Y107.528 E.00371
;WIDTH:0.37219
G1 X115.051 Y107.599 E.00156
G1 X115.122 Y107.58 E.00156
G1 X115.111 Y107.539 E.0009
;WIDTH:0.449999
G1 X115.619 Y107.635 E.01347
G1 X106.716 Y98.732 E.32806
G1 X106.716 Y98.141 E.0154
G1 X116.024 Y107.449 E.34298
G1 X116.551 Y107.386 E.01383
G1 X106.716 Y97.551 E.3624
G1 X106.716 Y96.96 E.0154
G1 X117.145 Y107.389 E.38429
;WIPE_START
G1 F8640
G1 X114.695 Y104.939 E-.8
;WIPE_END
G1 Z.9 F720
G1 X118.336 Y107.765 F10800
G1 Z.5 F720
G1 E.8 F2100
;WIDTH:0.37219
G1 F4800
G1 X118.035 Y107.547 E.00788
;WIDTH:0.411095
G1 X117.887 Y107.47 E.00394
;WIDTH:0.449999
G1 X117.74 Y107.393 E.00432
G1 X106.716 Y96.369 E.40622
G1 X106.716 Y95.778 E.0154
G1 X118.671 Y107.734 E.44054
G1 X119.029 Y107.501 E.01113
G1 X106.716 Y95.187 E.45373
G1 X106.716 Y94.596 E.0154
G1 X119.512 Y107.393 E.47153
G1 X120.096 Y107.386 E.01522
G1 X106.716 Y94.005 E.49305
G1 X106.716 Y93.415 E.01537
G1 X120.687 Y107.386 E.51481
;WIPE_START
G1 F8640
G1 X118.237 Y104.936 E-.8
;WIPE_END
G1 Z.9 F720
G1 X122.059 Y108.167 F10800
G1 Z.5 F720
G1 E.8 F2100
G1 F4800
G1 X122.427 Y108.535 E.01356
;WIDTH:0.462768
G1 X122.16 Y108.909 E.01234
G1 X122.174 Y108.961 E.00145
G1 X122.226 Y108.975 E.00145
G1 X122.264 Y108.937 E.00144
G1 X122.25 Y108.885 E.00145
;WIPE_START
G1 F8640
G1 X122.264 Y108.937 E-.01243
G1 X122.226 Y108.975 E-.01241
G1 X122.174 Y108.961 E-.01243
G1 X122.16 Y108.909 E-.01243
G1 X122.427 Y108.535 E-.10611
G1 X122.059 Y108.167 E-.12017
;WIPE_END
G1 E-.52402 F2100
G1 Z.9 F720
G1 X121.808 Y107.872 F10800
G1 Z.5 F720
G1 E.8 F2100
;WIDTH:0.387076
G1 F4800
G1 X121.709 Y107.766 E.00321
;WIDTH:0.413537
G1 X121.562 Y107.644 E.00454
;WIDTH:0.449999
G1 X121.414 Y107.522 E.005
G1 X106.716 Y92.824 E.5416
G1 X106.716 Y92.233 E.0154
G1 X122.689 Y108.206 E.58858
G1 X122.988 Y107.914 E.01089
G1 X106.716 Y91.642 E.5996
G1 X106.732 Y91.067 E.01499
G1 X123.361 Y107.696 E.61275
G1 X123.757 Y107.502 E.01149
G1 X106.933 Y90.677 E.61996
G1 X107.38 Y90.533 E.01224
G1 X124.238 Y107.391 E.62119
G1 X125.095 Y107.437 F10800
;WIDTH:0.37219
G1 F4800
G1 X125.106 Y107.478 E.0009
G1 X125.035 Y107.497 E.00156
G1 X125.054 Y107.426 E.00156
;WIDTH:0.411095
G1 X124.912 Y107.379 E.00353
;WIDTH:0.449999
G1 X124.77 Y107.332 E.0039
G1 X107.963 Y90.526 E.61929
G1 X108.554 Y90.526 E.0154
G1 X118.651 Y100.623 E.37206
G1 X118.747 Y100.662 E.0027
;WIDTH:0.411095
G1 X118.842 Y100.7 E.00242
;WIDTH:0.37219
G1 X118.864 Y100.918 E.00465
G1 X119.067 Y101.157 E.00665
G1 X119.28 Y101.335 E.00589
G1 X119.505 Y101.356 E.00479
;WIDTH:0.449999
G1 X119.575 Y101.547 E.0053
G1 X125.414 Y107.386 E.21516
;WIPE_START
G1 F8640
G1 X122.964 Y104.936 E-.8
;WIPE_END
G1 Z.9 F720
G1 X126.602 Y107.902 F10800
G1 Z.5 F720
M73 P24 R21
G1 E.8 F2100
;WIDTH:0.37219
G1 F4800
G1 X126.13 Y107.737 E.0106
;WIDTH:0.411095
G1 X126.174 Y107.668 E.00193
;WIDTH:0.449999
G1 X126.218 Y107.599 E.00213
G1 X120.23 Y101.611 E.22065
G1 X120.821 Y101.612 E.0154
G1 X126.862 Y107.653 E.2226
G1 X127.289 Y107.488 E.01193
G1 X121.413 Y101.612 E.21652
G1 X122.005 Y101.613 E.01543
G1 X127.759 Y107.367 E.21203
G1 X128.602 Y107.434 F10800
;WIDTH:0.37219
G1 F4800
G1 X128.583 Y107.505 E.00156
G1 X128.654 Y107.486 E.00156
G1 X128.643 Y107.445 E.0009
;WIDTH:0.411095
G1 X128.482 Y107.392 E.00401
;WIDTH:0.449999
G1 X128.321 Y107.339 E.00442
G1 X122.596 Y101.614 E.21096
G1 X123.188 Y101.614 E.01542
G1 X124.127 Y102.554 E.03462
G1 X124.305 Y102.849 E.00898
;WIDTH:0.37219
G1 X124.65 Y103.248 E.01118
G1 X124.932 Y103.476 E.00769
;WIDTH:0.411095
G1 X125.08 Y103.565 E.00408
;WIDTH:0.449999
G1 X125.227 Y103.654 E.00448
G1 X128.993 Y107.42 E.13877
;WIPE_START
G1 F8640
G1 X126.543 Y104.97 E-.8
;WIPE_END
G1 Z.9 F720
G1 X129.961 Y107.796 F10800
G1 Z.5 F720
G1 E.8 F2100
G1 F4800
G1 X125.798 Y103.634 E.15338
G1 X126.222 Y103.467 E.01187
G1 X130.336 Y107.581 E.15159
G1 X130.79 Y107.444 E.01236
G1 X126.57 Y103.224 E.1555
G1 X126.913 Y102.976 E.01103
G1 X131.285 Y107.348 E.1611
G1 X131.86 Y107.332 E.01499
G1 X127.256 Y102.728 E.16965
G1 X127.599 Y102.48 E.01103
G1 X132.595 Y107.476 E.18409
G1 X132.89 Y107.677 E.0093
;WIDTH:0.37219
G1 X133.451 Y108.13 E.01529
G1 X133.823 Y108.536 E.01168
;WIDTH:0.449999
G1 X133.916 Y108.206 E.00893
G1 X127.942 Y102.233 E.22011
G1 X128.285 Y101.985 E.01103
G1 X134.162 Y107.862 E.21656
G1 X134.482 Y107.59 E.01094
G1 X128.628 Y101.737 E.21569
G1 X128.971 Y101.489 E.01103
G1 X134.908 Y107.426 E.21877
G1 X135.46 Y107.387 E.01442
G1 X129.314 Y101.241 E.22647
G1 X129.658 Y100.994 E.01103
G1 X136.055 Y107.391 E.23572
;WIPE_START
G1 F8640
G1 X133.605 Y104.941 E-.8
;WIPE_END
G1 Z.9 F720
G1 X137.001 Y107.736 F10800
G1 Z.5 F720
M73 Q24 S21
G1 E.8 F2100
;WIDTH:0.37219
G1 F4800
G1 X137.012 Y107.777 E.0009
G1 X136.941 Y107.796 E.00156
G1 X136.96 Y107.725 E.00156
;WIDTH:0.411095
G1 X136.869 Y107.624 E.00321
;WIDTH:0.449999
G1 X130.001 Y100.746 E.25326
G1 X130.344 Y100.498 E.01103
M73 P25 R21
G1 X137.343 Y107.498 E.25792
G1 X137.821 Y107.384 E.0128
G1 X130.687 Y100.25 E.26288
G1 X131.013 Y99.986 E.01093
M73 Q25 S21
G1 X138.358 Y107.33 E.27063
G1 X138.992 Y107.374 E.01656
G1 X131.263 Y99.644 E.28482
;WIPE_START
G1 F8640
G1 X133.713 Y102.094 E-.8
;WIPE_END
G1 Z.9 F720
G1 X124.084 Y101.92 F10800
G1 Z.5 F720
G1 E.8 F2100
G1 F4800
G1 X123.779 Y101.615 E.01124
;WIPE_START
G1 F8640
G1 X124.084 Y101.92 E-.0996
;WIPE_END
G1 E-.7004 F2100
G1 Z.9 F720
G1 X118.585 Y99.966 F10800
G1 Z.5 F720
G1 E.8 F2100
G1 F4800
G1 X109.145 Y90.526 E.34785
G1 X109.736 Y90.526 E.0154
G1 X118.586 Y99.376 E.32611
G1 X118.587 Y98.786 E.01537
G1 X110.327 Y90.526 E.30437
G1 X110.918 Y90.526 E.0154
G1 X118.588 Y98.196 E.28263
G1 X118.598 Y97.615 E.01514
G1 X111.509 Y90.526 E.26122
G1 X112.1 Y90.526 E.0154
G1 X118.734 Y97.16 E.24445
G1 X118.979 Y96.815 E.01103
G1 X112.691 Y90.526 E.23172
G1 X113.282 Y90.526 E.0154
G1 X119.314 Y96.559 E.22229
G1 X119.751 Y96.405 E.01207
G1 X113.872 Y90.526 E.21663
G1 X114.463 Y90.526 E.0154
G1 X120.39 Y96.453 E.2184
;WIDTH:0.411095
G1 X120.458 Y96.522 E.00229
;WIDTH:0.37219
G1 X120.439 Y96.593 E.00156
G1 X120.51 Y96.574 E.00156
G1 X120.499 Y96.533 E.0009
;WIDTH:0.449999
G1 X120.912 Y96.384 E.01144
G1 X115.054 Y90.527 E.21584
G1 X115.645 Y90.527 E.0154
G1 X121.503 Y96.384 E.21584
G1 X122.094 Y96.384 E.0154
G1 X116.236 Y90.527 E.21584
G1 X116.827 Y90.527 E.0154
G1 X122.685 Y96.384 E.21584
G1 X123.276 Y96.384 E.0154
G1 X117.418 Y90.527 E.21584
G1 X118.009 Y90.527 E.0154
G1 X123.866 Y96.384 E.21582
G1 X124.017 Y96.411 E.004
;WIDTH:0.411095
G1 X124.167 Y96.437 E.0036
;WIDTH:0.37219
G1 X124.148 Y96.508 E.00156
G1 X124.219 Y96.489 E.00156
G1 X124.208 Y96.448 E.0009
;WIDTH:0.449999
G1 X124.084 Y96.011 E.01184
G1 X118.6 Y90.527 E.20208
G1 X119.191 Y90.527 E.0154
G1 X124.125 Y95.461 E.18181
G1 X124.274 Y95.02 E.01213
G1 X119.782 Y90.527 E.16554
G1 X120.373 Y90.527 E.0154
G1 X124.54 Y94.694 E.15355
G1 X124.894 Y94.458 E.01109
G1 X120.964 Y90.527 E.14483
G1 X121.555 Y90.527 E.0154
G1 X125.354 Y94.327 E.14001
;WIPE_START
G1 F8640
G1 X122.904 Y91.877 E-.8
;WIPE_END
G1 Z.9 F720
G1 X127.462 Y95.62 F10800
G1 Z.5 F720
G1 E.8 F2100
;WIDTH:0.37219
G1 F4800
G1 X126.368 Y94.686 E.0305
;WIDTH:0.411095
G1 X126.22 Y94.57 E.00444
;WIDTH:0.449999
G1 X126.073 Y94.454 E.00488
G1 X122.146 Y90.527 E.1447
G1 X122.736 Y90.527 E.01537
G1 X128.087 Y95.878 E.19718
G1 X128.235 Y96.004 E.00506
;WIDTH:0.419389
G1 X128.382 Y96.13 E.00468
;WIDTH:0.388778
G1 X129.615 Y97.182 E.03604
;WIPE_START
G1 F8640
G1 X128.382 Y96.13 E-.37425
G1 X128.235 Y96.004 E-.04471
G1 X128.087 Y95.878 E-.04488
G1 X127.058 Y94.849 E-.33616
;WIPE_END
G1 Z.9 F720
G1 X131.121 Y98.248 F10800
G1 Z.5 F720
G1 E.8 F2100
;WIDTH:0.37219
G1 F4800
G1 X130.935 Y98.034 E.00601
;WIDTH:0.388778
G1 X130.535 Y97.692 E.0117
;WIDTH:0.419389
G1 X130.387 Y97.566 E.00469
;WIDTH:0.449999
G1 X130.24 Y97.44 E.00504
G1 X123.327 Y90.527 E.25473
;WIPE_START
G1 F8640
G1 X125.777 Y92.977 E-.8
;WIPE_END
G1 Z.9 F720
G1 X141.682 Y110.063 F10800
G1 Z.5 F720
G1 E.8 F2100
G1 F4800
G1 X142.866 Y111.223 E.04319
G1 X142.866 Y114.203 E.07765
G1 X141.624 Y112.96 E.04578
G1 X141.712 Y112.704 E.00705
G1 X141.809 Y112.017 E.01808
G1 X141.776 Y111.509 E.01326
G1 X141.683 Y110.99 E.01374
G1 X141.57 Y110.721 E.0076
G1 X141.618 Y110.591 E.00361
G1 X141.657 Y110.271 E.0084
G1 X142.068 Y110.983 E.02142
;WIDTH:0.368867
G1 X142.489 Y111.404 E.0125
G1 X142.494 Y112.248 E.01772
;WIDTH:0.404582
G1 X142.471 Y113.249 E.02325
G1 X142.077 Y112.855 E.01294
G1 X142.101 Y112.769 E.00207
G1 X142.139 Y112.381 E.00905
;WIDTH:0.378504
G1 X142.178 Y111.993 E.00842
;WIDTH:0.368867
G1 X142.153 Y111.485 E.01068
G1 X142.103 Y111.189 E.0063
;WIPE_START
G1 F8640
G1 X142.153 Y111.485 E-.06932
G1 X142.178 Y111.993 E-.11744
G1 X142.139 Y112.381 E-.09004
G1 X142.101 Y112.769 E-.09002
G1 X142.077 Y112.855 E-.02062
G1 X142.471 Y113.249 E-.12866
G1 X142.494 Y112.248 E-.23119
G1 X142.493 Y112.02 E-.05271
;WIPE_END
G1 Z.9 F720
G1 X115.049 Y119.474 F10800
G1 Z.5 F720
G1 E.8 F2100
;WIDTH:0.449999
G1 F4800
G1 X110.06 Y114.485 E.18384
G1 X110.683 Y114.517 E.01625
G1 X115.64 Y119.474 E.18266
G1 X116.231 Y119.474 E.0154
G1 X111.27 Y114.514 E.18279
G1 X111.755 Y114.407 E.01294
G1 X116.822 Y119.474 E.18671
G1 X117.413 Y119.474 E.0154
G1 X112.133 Y114.194 E.19456
G1 X112.675 Y114.262 E.01423
;WIDTH:0.37219
G1 X112.831 Y114.237 E.00335
G1 X112.907 Y114.255 E.00166
;WIDTH:0.411095
G1 X112.939 Y114.348 E.00232
;WIDTH:0.449999
G1 X112.97 Y114.441 E.00255
G1 X118.004 Y119.474 E.18548
G1 X118.595 Y119.474 E.0154
G1 X113.673 Y114.552 E.18137
G1 X114.27 Y114.559 E.01556
G1 X119.185 Y119.474 E.18111
G1 X119.776 Y119.474 E.0154
G1 X114.798 Y114.496 E.18343
G1 X115.266 Y114.373 E.01261
G1 X120.367 Y119.474 E.18796
G1 X120.958 Y119.474 E.0154
G1 X115.9 Y114.417 E.18636
G1 X116.589 Y114.515 E.01813
G1 X121.549 Y119.474 E.18275
G1 X122.14 Y119.474 E.0154
G1 X117.174 Y114.508 E.18299
G1 X117.691 Y114.434 E.01361
G1 X122.731 Y119.474 E.18572
G1 X123.322 Y119.474 E.0154
G1 X118.363 Y114.516 E.18271
G1 X118.946 Y114.508 E.01519
G1 X123.912 Y119.474 E.18299
G1 X124.503 Y119.474 E.0154
G1 X119.443 Y114.414 E.18645
G1 X120.129 Y114.509 E.01804
G1 X125.094 Y119.474 E.18295
G1 X125.685 Y119.474 E.0154
G1 X120.726 Y114.516 E.18271
G1 X121.248 Y114.447 E.01372
G1 X126.276 Y119.474 E.18526
G1 X126.867 Y119.474 E.0154
G1 X121.636 Y114.243 E.19275
G1 X121.923 Y113.94 E.01087
G1 X127.458 Y119.474 E.20394
;WIPE_START
G1 F8640
G1 X125.008 Y117.024 E-.8
;WIPE_END
G1 Z.9 F720
G1 X123.001 Y114.297 F10800
G1 Z.5 F720
G1 E.8 F2100
;WIDTH:0.37219
G1 F4800
G1 X122.77 Y114.306 E.0049
G1 X122.416 Y114.014 E.00973
G1 X122.1 Y113.616 E.01078
;WIPE_START
G1 F8640
G1 X122.416 Y114.014 E-.11734
G1 X122.77 Y114.306 E-.10596
G1 X123.001 Y114.297 E-.05338
;WIPE_END
G1 E-.52332 F2100
G1 Z.9 F720
G1 X123.066 Y114.492 F10800
G1 Z.5 F720
G1 E.8 F2100
;WIDTH:0.449999
G1 F4800
G1 X128.049 Y119.474 E.1836
G1 X128.639 Y119.474 E.01537
G1 X123.682 Y114.517 E.18266
G1 X124.273 Y114.517 E.0154
G1 X129.23 Y119.474 E.18266
G1 X129.821 Y119.474 E.0154
G1 X124.864 Y114.517 E.18266
G1 X125.454 Y114.517 E.01537
G1 X130.412 Y119.474 E.18268
G1 X131.003 Y119.474 E.0154
G1 X126.045 Y114.517 E.18268
G1 X126.608 Y114.488 E.01469
G1 X131.594 Y119.474 E.18373
G1 X132.185 Y119.474 E.0154
G1 X127.043 Y114.333 E.18946
G1 X127.84 Y114.538 E.02144
G1 X132.775 Y119.474 E.18187
G1 X133.366 Y119.474 E.0154
G1 X128.455 Y114.562 E.18098
G1 X128.972 Y114.489 E.0136
G1 X133.957 Y119.474 E.18369
G1 X134.548 Y119.474 E.0154
G1 X129.403 Y114.329 E.18958
G1 X129.795 Y114.131 E.01144
G1 X135.139 Y119.474 E.1969
G1 X135.73 Y119.474 E.0154
G1 X130.732 Y114.476 E.18417
G1 X130.599 Y114.37 E.00443
;WIDTH:0.411095
G1 X130.467 Y114.265 E.00399
;WIDTH:0.37219
G1 X130.478 Y114.306 E.0009
G1 X130.406 Y114.325 E.00158
G1 X130.426 Y114.254 E.00156
;WIPE_START
G1 F8640
G1 X130.406 Y114.325 E-.01703
G1 X130.478 Y114.306 E-.01719
G1 X130.467 Y114.265 E-.0098
G1 X130.599 Y114.37 E-.03895
G1 X130.732 Y114.476 E-.03927
G1 X132.807 Y116.552 E-.67776
;WIPE_END
G1 Z.9 F720
G1 X131.395 Y114.548 F10800
G1 Z.5 F720
G1 E.8 F2100
;WIDTH:0.449999
G1 F4800
G1 X136.321 Y119.474 E.18151
G1 X136.912 Y119.474 E.0154
G1 X131.979 Y114.542 E.18175
G1 X132.465 Y114.437 E.01296
M73 P26 R21
G1 X137.502 Y119.474 E.18561
G1 X138.093 Y119.474 E.0154
G1 X132.882 Y114.263 E.19202
G1 X133.255 Y114.045 E.01126
M73 Q26 S21
G1 X138.684 Y119.474 E.20005
G1 X139.275 Y119.474 E.0154
G1 X133.566 Y113.765 E.21037
G1 X134.065 Y113.654 E.01332
;WIDTH:0.477058
G1 X134.119 Y113.739 E.00279
;WIDTH:0.433458
G1 X134.173 Y113.824 E.00252
;WIDTH:0.389858
G1 X134.489 Y114.165 E.01037
;WIDTH:0.411095
G1 X134.637 Y114.279 E.00441
;WIDTH:0.449999
G1 X134.784 Y114.393 E.00485
G1 X139.866 Y119.474 E.18724
G1 X140.457 Y119.474 E.0154
G1 X135.499 Y114.517 E.18268
G1 X136.09 Y114.517 E.0154
G1 X141.048 Y119.474 E.18268
G1 X141.639 Y119.474 E.0154
G1 X136.614 Y114.449 E.18516
G1 X137.075 Y114.32 E.01247
G1 X142.229 Y119.474 E.18992
G1 X142.796 Y119.45 E.01479
G1 X137.876 Y114.53 E.18129
G1 X138.504 Y114.568 E.01639
G1 X143.16 Y119.223 E.17155
G1 X143.283 Y118.755 E.01261
G1 X139.05 Y114.522 E.15598
G1 X139.535 Y114.417 E.01293
G1 X143.284 Y118.166 E.13814
G1 X143.284 Y117.575 E.0154
G1 X139.955 Y114.245 E.12269
G1 X140.33 Y114.029 E.01128
G1 X143.284 Y116.984 E.10887
G1 X143.284 Y116.393 E.0154
G1 X140.642 Y113.75 E.09737
G1 X140.915 Y113.433 E.0109
G1 X143.284 Y115.802 E.08729
;WIPE_START
G1 F8640
G1 X140.915 Y113.433 E-.77359
G1 X140.84 Y113.52 E-.02641
;WIPE_END
G1 Z.9 F720
G1 X141.15 Y109.08 F10800
G1 Z.5 F720
G1 E.8 F2100
G1 F4800
G1 X141.236 Y109.362 E.00768
G1 X141.286 Y109.747 E.01012
G1 X141.239 Y110.389 E.01677
G1 X141.116 Y110.745 E.00981
G1 X141.275 Y111.08 E.00966
G1 X141.359 Y111.536 E.01208
G1 X141.392 Y112.044 E.01326
G1 X141.3 Y112.635 E.01558
G1 X141.128 Y113.055 E.01183
G1 X143.284 Y115.211 E.07945
G1 X143.284 Y110.927 E.11162
G1 X143.137 Y110.927 E.00383
G1 X141.089 Y108.88 E.07545
G1 X140.969 Y108.712 E.00538
;WIDTH:0.411095
G1 X140.849 Y108.545 E.00486
;WIDTH:0.37219
G1 X140.668 Y108.334 E.00589
G1 X140.09 Y107.805 E.01661
G1 X140.02 Y107.811 E.00149
G1 X139.597 Y107.695 E.0093
;WIDTH:0.411095
G1 X139.696 Y107.64 E.00268
;WIDTH:0.449999
G1 X139.795 Y107.586 E.00294
G1 X131.407 Y99.198 E.30908
G1 X131.343 Y98.543 E.01715
G1 X143.284 Y110.484 E.44001
G1 X143.36 Y110.322 E.00466
;WIDTH:0.411095
G1 X143.437 Y110.159 E.00426
;WIDTH:0.37219
G1 X143.448 Y110.2 E.0009
G1 X143.377 Y110.219 E.00156
G1 X143.396 Y110.148 E.00156
;WIDTH:0.449999
G1 X143.284 Y109.893 E.00726
G1 X123.918 Y90.527 E.71361
G1 X124.509 Y90.528 E.0154
G1 X143.284 Y109.303 E.69183
G1 X143.284 Y108.712 E.0154
G1 X125.1 Y90.528 E.67005
G1 X125.691 Y90.528 E.0154
G1 X143.284 Y108.121 E.64827
G1 X143.284 Y107.53 E.0154
G1 X126.282 Y90.528 E.6265
G1 X126.873 Y90.528 E.0154
G1 X143.284 Y106.939 E.60472
G1 X143.284 Y106.348 E.0154
G1 X127.464 Y90.528 E.58294
G1 X128.055 Y90.528 E.0154
G1 X143.284 Y105.757 E.56116
G1 X143.284 Y105.166 E.0154
G1 X128.646 Y90.528 E.53939
G1 X129.237 Y90.528 E.0154
G1 X143.284 Y104.576 E.51763
G1 X143.284 Y103.985 E.0154
G1 X129.828 Y90.528 E.49585
G1 X130.419 Y90.528 E.0154
G1 X143.284 Y103.394 E.47407
G1 X143.284 Y102.803 E.0154
G1 X131.009 Y90.528 E.45231
G1 X131.6 Y90.528 E.0154
G1 X143.284 Y102.212 E.43054
G1 X143.284 Y101.621 E.0154
G1 X132.191 Y90.528 E.40876
G1 X132.782 Y90.528 E.0154
G1 X143.284 Y101.03 E.38698
G1 X143.284 Y100.439 E.0154
G1 X133.373 Y90.528 E.3652
G1 X133.964 Y90.528 E.0154
G1 X143.284 Y99.849 E.34345
G1 X143.284 Y99.258 E.0154
G1 X134.555 Y90.529 E.32165
G1 X135.146 Y90.529 E.0154
G1 X143.284 Y98.667 E.29987
G1 X143.284 Y98.076 E.0154
G1 X135.737 Y90.529 E.27809
G1 X136.328 Y90.529 E.0154
G1 X143.284 Y97.485 E.25632
G1 X143.284 Y96.894 E.0154
G1 X136.919 Y90.529 E.23454
G1 X137.51 Y90.529 E.0154
G1 X143.284 Y96.303 E.21276
G1 X143.284 Y95.712 E.0154
G1 X138.101 Y90.529 E.19099
G1 X138.692 Y90.529 E.0154
G1 X143.284 Y95.122 E.16923
G1 X143.284 Y94.531 E.0154
G1 X139.283 Y90.529 E.14745
G1 X139.873 Y90.529 E.01537
G1 X143.284 Y93.94 E.12569
G1 X143.284 Y93.349 E.0154
G1 X140.464 Y90.529 E.10391
G1 X141.055 Y90.529 E.0154
G1 X143.284 Y92.758 E.08213
G1 X143.368 Y92.818 E.00269
;WIDTH:0.411095
G1 X143.452 Y92.877 E.00243
;WIDTH:0.37219
G1 X143.433 Y92.949 E.00158
G1 X143.504 Y92.93 E.00156
G1 X143.493 Y92.888 E.00092
;WIPE_START
G1 F8640
G1 X143.504 Y92.93 E-.01003
G1 X143.433 Y92.949 E-.01697
G1 X143.452 Y92.877 E-.01719
G1 X143.368 Y92.818 E-.0237
G1 X143.284 Y92.758 E-.02384
G1 X141.115 Y90.589 E-.70827
;WIPE_END
G1 Z.9 F720
G1 X141.794 Y90.677 F10800
G1 Z.5 F720
G1 E.8 F2100
;WIDTH:0.449999
G1 F4800
G1 X143.284 Y92.167 E.0549
G1 X143.284 Y91.202 E.02514
G1 X143.195 Y90.824 E.01012
G1 X143.033 Y90.651 E.00618
G1 X142.787 Y90.547 E.00696
G1 X141.646 Y90.529 E.02973
;WIPE_START
G1 F8640
G1 X142.787 Y90.547 E-.26349
G1 X143.033 Y90.651 E-.06167
G1 X143.195 Y90.824 E-.05473
G1 X143.284 Y91.202 E-.08967
G1 X143.284 Y92.167 E-.22282
G1 X142.954 Y91.837 E-.10762
;WIPE_END
G1 Z.9 F720
G1 X138.448 Y112.316 F10800
G1 Z.5 F720
G1 E.8 F2100
M204 S800
;TYPE:External perimeter
G1 F1500
G1 X138.186 Y112.272 E.00692
G1 X138.082 Y112.171 E.00378
G1 X138.014 Y111.763 E.01078
G1 X138.081 Y111.557 E.00564
G1 X138.176 Y111.431 E.00411
G1 X138.435 Y111.382 E.00687
G1 X138.739 Y111.458 E.00816
G1 X138.83 Y111.579 E.00394
G1 X138.865 Y111.881 E.00792
G1 X138.82 Y112.129 E.00657
G1 X138.681 Y112.286 E.00546
G1 X138.507 Y112.308 E.00457
M204 S1000
;WIPE_START
G1 F8640
G1 X138.448 Y112.316 E-.01375
G1 X138.186 Y112.272 E-.06134
G1 X138.082 Y112.171 E-.03347
G1 X138.014 Y111.763 E-.09551
G1 X138.081 Y111.557 E-.05002
G1 X138.176 Y111.431 E-.03644
G1 X138.435 Y111.382 E-.06086
G1 X138.739 Y111.458 E-.07235
G1 X138.83 Y111.579 E-.03496
G1 X138.865 Y111.881 E-.0702
G1 X138.82 Y112.129 E-.0582
G1 X138.681 Y112.286 E-.04842
G1 X138.507 Y112.308 E-.0405
;WIPE_END
G1 E-.12398 F2100
G1 Z.9 F720
G1 X138.461 Y110.245 F10800
G1 Z.5 F720
G1 E.8 F2100
M204 S800
;WIDTH:0.551286
G1 F1500
G1 X138.346 Y110.256 E.00374
G1 X138.216 Y110.171 E.00503
G1 X138.167 Y109.811 E.01176
G1 X138.241 Y109.673 E.00507
G1 X138.397 Y109.631 E.00523
G1 X138.644 Y109.678 E.00814
G1 X138.7 Y109.978 E.00988
G1 X138.645 Y110.198 E.00734
G1 X138.571 Y110.234 E.00266
G1 X138.521 Y110.239 E.00163
M204 S1000
;WIPE_START
G1 F8640
G1 X138.461 Y110.245 E-.01392
G1 X138.346 Y110.256 E-.02668
G1 X138.216 Y110.171 E-.03586
G1 X138.167 Y109.811 E-.08389
G1 X138.241 Y109.673 E-.03616
G1 X138.397 Y109.631 E-.0373
G1 X138.644 Y109.678 E-.05806
G1 X138.7 Y109.978 E-.07047
G1 X138.645 Y110.198 E-.05236
G1 X138.571 Y110.234 E-.019
G1 X138.521 Y110.239 E-.0116
;WIPE_END
G1 E-.3547 F2100
G1 Z.9 F720
G1 X134.743 Y111.359 F10800
G1 Z.5 F720
G1 E.8 F2100
M204 S800
;WIDTH:0.456626
G1 F1500
G1 X134.524 Y111.359 E.0058
G1 X135.131 Y110.437 E.02922
G1 X135.13 Y111.359 E.0244
G1 X134.803 Y111.359 E.00866
M204 S1000
;WIPE_START
G1 F8640
G1 X134.743 Y111.359 E-.01385
G1 X134.524 Y111.359 E-.05057
G1 X135.131 Y110.437 E-.25489
G1 X135.13 Y111.359 E-.21289
G1 X134.803 Y111.359 E-.07551
;WIPE_END
G1 E-.19229 F2100
G1 Z.9 F720
G1 X131.668 Y110.231 F10800
G1 Z.5 F720
G1 E.8 F2100
M204 S800
;TYPE:Perimeter
;WIDTH:0.388322
G1 F1500
G1 X131.646 Y110.269 E.00098
G1 X131.579 Y110.231 E.00171
G1 X131.646 Y110.192 E.00172
M204 S1000
G1 X131.613 Y110.729 F10800
M204 S800
;TYPE:External perimeter
;WIDTH:0.449999
G1 F1500
G1 X131.512 Y110.724 E.00263
G1 X131.319 Y110.575 E.00635
G1 X131.251 Y110.336 E.00647
G1 X131.262 Y109.972 E.00949
G1 X131.376 Y109.722 E.00716
G1 X131.566 Y109.651 E.00528
G1 X131.781 Y109.683 E.00566
G1 X131.927 Y109.837 E.00553
G1 X132 Y110.074 E.00646
G1 X132.001 Y110.427 E.0092
G1 X131.868 Y110.655 E.00688
G1 X131.706 Y110.733 E.00468
G1 X131.673 Y110.732 E.00086
M204 S1000
;WIPE_START
G1 F8640
G1 X131.613 Y110.729 E-.01387
G1 X131.512 Y110.724 E-.02335
G1 X131.319 Y110.575 E-.0563
G1 X131.251 Y110.336 E-.05738
G1 X131.262 Y109.972 E-.08409
G1 X131.376 Y109.722 E-.06344
G1 X131.566 Y109.651 E-.04683
G1 X131.781 Y109.683 E-.05019
G1 X131.927 Y109.837 E-.049
G1 X132 Y110.074 E-.05726
G1 X132.001 Y110.427 E-.08151
G1 X131.868 Y110.655 E-.06095
G1 X131.706 Y110.733 E-.04152
G1 X131.673 Y110.732 E-.00762
;WIPE_END
G1 E-.10669 F2100
G1 Z.9 F720
G1 X128.258 Y111.215 F10800
G1 Z.5 F720
G1 E.8 F2100
M204 S800
;TYPE:Perimeter
;WIDTH:0.383918
G1 F1500
G1 X128.252 Y110.303 E.02
M204 S1000
;WIPE_START
G1 F8640
G1 X128.258 Y111.215 E-.21059
;WIPE_END
G1 E-.58941 F2100
G1 Z.9 F720
G1 X128.236 Y112.182 F10800
G1 Z.5 F720
G1 E.8 F2100
M204 S800
;TYPE:External perimeter
;WIDTH:0.599213
G1 F1500
G1 X128.232 Y112.183 E.00015
G1 X128.087 Y112.112 E.00571
G1 X127.977 Y111.771 E.01267
G1 X127.943 Y111.592 E.00644
;WIDTH:0.549475
G1 X127.908 Y111.414 E.00585
;WIDTH:0.499737
G1 X127.874 Y111.235 E.00531
;WIDTH:0.449999
G1 X127.85 Y110.786 E.01172
G1 X127.881 Y110.28 E.01321
G1 X127.959 Y109.878 E.01067
G1 X128.089 Y109.673 E.00632
G1 X128.199 Y109.642 E.00298
G1 X128.444 Y109.698 E.00655
G1 X128.515 Y109.813 E.00352
G1 X128.624 Y110.291 E.01277
G1 X128.642 Y111.24 E.02473
;WIDTH:0.499737
G1 X128.582 Y111.492 E.00755
;WIDTH:0.549475
G1 X128.522 Y111.744 E.00836
;WIDTH:0.599213
G1 X128.462 Y111.996 E.00916
G1 X128.367 Y112.147 E.00631
G1 X128.294 Y112.166 E.00267
M204 S1000
M106 S255
;LAYER_CHANGE
;Z:0.65
;HEIGHT:0.15
;BEFORE_LAYER_CHANGE
G92 E0.0
;0.65


;WIPE_START
G1 F8640
G1 X128.236 Y112.182 E-.01389
G1 X128.232 Y112.183 E-.00095
G1 X128.087 Y112.112 E-.03728
G1 X127.977 Y111.771 E-.08273
G1 X127.943 Y111.592 E-.04207
G1 X127.908 Y111.414 E-.04189
G1 X127.874 Y111.235 E-.04207
G1 X127.85 Y110.786 E-.10382
G1 X127.881 Y110.28 E-.11706
G1 X127.959 Y109.878 E-.09455
G1 X128.089 Y109.673 E-.05605
G1 X128.199 Y109.642 E-.02639
G1 X128.444 Y109.698 E-.05803
G1 X128.515 Y109.813 E-.03121
G1 X128.565 Y110.032 E-.05201
;WIPE_END
G1 Z.65 F720
;AFTER_LAYER_CHANGE
;0.65
G1 Z1.05
G1 X131.763 Y114.201 F10800
G1 Z.65 F720
M73 P27 R21
G1 E.8 F2100
M204 S800
;TYPE:Perimeter
;WIDTH:0.449999
G1 F2700
G1 X131.669 Y114.216 E.00248
G1 X131.002 Y114.172 E.01742
G1 X130.402 Y113.992 E.01632
G1 X130.043 Y113.78 E.01086
G1 X129.864 Y113.618 E.00629
G1 X129.45 Y113.927 E.01346
G1 X128.966 Y114.125 E.01363
G1 X128.363 Y114.216 E.01589
G1 X127.727 Y114.17 E.01661
G1 X127.452 Y114.1 E.00739
G1 X127.03 Y113.921 E.01194
G1 X126.74 Y114.092 E.00877
M73 Q27 S21
G1 X126.366 Y114.162 E.00991
G1 X123.325 Y114.162 E.07924
G1 X122.937 Y114.087 E.0103
G1 X122.588 Y113.858 E.01088
G1 X122.393 Y113.589 E.00866
;WIDTH:0.453307
G1 X122.278 Y113.117 E.01276
G1 X122.278 Y112.915 E.0053
G1 X121.857 Y112.915 E.01106
;WIDTH:0.458077
G1 X121.856 Y113.208 E.00778
G1 X121.743 Y113.589 E.01055
;WIDTH:0.449999
G1 X121.547 Y113.858 E.00867
G1 X121.198 Y114.087 E.01088
G1 X120.811 Y114.162 E.01027
G1 X119.98 Y114.162 E.02165
G1 X119.616 Y114.096 E.00964
G1 X119.461 Y114.017 E.00453
G1 X119.107 Y114.148 E.00984
G1 X118.278 Y114.162 E.0216
G1 X117.915 Y114.096 E.00961
G1 X117.759 Y114.017 E.00456
G1 X117.406 Y114.148 E.00981
G1 X116.409 Y114.162 E.02598
G1 X116.07 Y114.105 E.00896
G1 X115.748 Y113.925 E.00961
G1 X115.64 Y113.822 E.00389
G1 X115.407 Y113.939 E.00679
G1 X114.924 Y114.108 E.01333
G1 X114.131 Y114.217 E.02086
G1 X113.378 Y114.17 E.01966
G1 X112.686 Y113.985 E.01866
G1 X112.106 Y113.675 E.01714
G1 X111.903 Y113.922 E.00833
G1 X111.686 Y114.06 E.0067
G1 X111.419 Y114.146 E.00731
G1 X110.306 Y114.162 E.029
G1 X110.03 Y114.125 E.00726
G1 X109.829 Y114.046 E.00563
G1 X109.623 Y113.908 E.00646
G1 X109.439 Y113.7 E.00724
G1 X109.261 Y113.258 E.01242
G1 X109.261 Y108.785 E.11655
G1 X109.318 Y108.446 E.00896
G1 X109.47 Y108.158 E.00849
G1 X109.679 Y107.95 E.00768
G1 X109.904 Y107.821 E.00676
G1 X110.306 Y107.741 E.01068
G1 X111.238 Y107.741 E.02428
G1 X111.517 Y107.779 E.00734
G1 X111.759 Y107.88 E.00683
G1 X111.892 Y107.97 E.00418
G1 X112.09 Y108.205 E.00801
G1 X112.566 Y107.938 E.01422
G1 X113.135 Y107.766 E.01549
G1 X113.899 Y107.68 E.02003
G1 X114.461 Y107.703 E.01466
G1 X114.973 Y107.798 E.01357
G1 X115.463 Y107.973 E.01356
G1 X115.654 Y108.064 E.00551
G1 X115.988 Y107.829 E.01064
G1 X116.319 Y107.745 E.0089
G1 X117.642 Y107.741 E.03447
G1 X117.964 Y107.792 E.00849
G1 X118.171 Y107.884 E.0059
G1 X118.377 Y108.042 E.00676
G1 X118.613 Y108.428 E.01179
G1 X118.85 Y108.042 E.0118
G1 X119.182 Y107.821 E.01039
G1 X119.467 Y107.747 E.00767
G1 X120.811 Y107.741 E.03502
G1 X121.149 Y107.797 E.00893
G1 X121.475 Y107.979 E.00973
G1 X121.717 Y108.265 E.00976
G1 X121.845 Y108.637 E.01025
;WIDTH:0.454375
G1 X121.858 Y109.371 E.01933
;WIDTH:0.475213
G1 X121.868 Y110.035 E.01835
G1 X122.382 Y110.035 E.0142
G1 X122.309 Y109.842 E.0057
G1 X122.467 Y109.233 E.01738
;WIDTH:0.449999
G1 X122.66 Y108.81 E.01211
G1 X123.008 Y108.374 E.01454
G1 X123.295 Y108.133 E.00976
G1 X123.767 Y107.869 E.01409
G1 X124.463 Y107.703 E.01864
G1 X125.036 Y107.683 E.01494
G1 X125.538 Y107.747 E.01319
G1 X126.027 Y107.9 E.01335
G1 X126.49 Y108.167 E.01393
G1 X126.609 Y108.266 E.00403
G1 X127.055 Y107.949 E.01426
G1 X127.591 Y107.751 E.01489
G1 X128.203 Y107.684 E.01604
G1 X128.751 Y107.725 E.01432
G1 X129.068 Y107.8 E.00849
G1 X129.53 Y107.997 E.01309
G1 X129.887 Y108.273 E.01176
G1 X130.343 Y107.97 E.01427
G1 X130.685 Y107.827 E.00966
G1 X131.212 Y107.709 E.01407
G1 X131.854 Y107.688 E.01674
G1 X132.462 Y107.803 E.01612
G1 X132.736 Y107.909 E.00765
G1 X133.163 Y108.158 E.01288
G1 X133.553 Y108.547 E.01435
G1 X133.829 Y108.988 E.01356
G1 X134.334 Y108.214 E.02408
G1 X134.561 Y107.966 E.00876
G1 X134.922 Y107.781 E.01057
G1 X135.209 Y107.741 E.00755
G1 X136.192 Y107.741 E.02561
G1 X136.576 Y107.814 E.01018
G1 X136.909 Y108.026 E.01029
G1 X136.938 Y108.058 E.00113
G1 X137.507 Y107.81 E.01617
G1 X138.098 Y107.694 E.01569
G1 X138.627 Y107.683 E.01379
G1 X139.303 Y107.785 E.01781
G1 X139.867 Y108.016 E.01588
G1 X140.212 Y108.256 E.01095
G1 X140.462 Y108.502 E.00914
G1 X140.617 Y108.716 E.00688
G1 X140.773 Y109.036 E.00928
G1 X140.932 Y109.728 E.0185
G1 X140.906 Y110.258 E.01383
G1 X140.726 Y110.766 E.01404
G1 X140.935 Y111.177 E.01201
G1 X140.999 Y111.472 E.00787
G1 X141.035 Y111.986 E.01343
G1 X141.014 Y112.28 E.00768
G1 X140.859 Y112.836 E.01504
G1 X140.564 Y113.331 E.01501
G1 X140.104 Y113.753 E.01627
G1 X139.563 Y114.042 E.01598
G1 X139.023 Y114.179 E.01452
G1 X138.516 Y114.22 E.01325
G1 X137.977 Y114.193 E.01406
G1 X137.462 Y114.084 E.01372
G1 X136.969 Y113.874 E.01396
G1 X136.93 Y113.85 E.00119
G1 X136.7 Y114.03 E.00761
G1 X136.372 Y114.146 E.00906
G1 X135.342 Y114.162 E.02684
G1 X134.914 Y114.07 E.01141
G1 X134.632 Y113.883 E.00882
G1 X134.431 Y113.627 E.00848
G1 X134.341 Y113.286 E.00919
G1 X133.53 Y113.286 E.02113
G1 X133.267 Y113.579 E.01026
G1 X132.811 Y113.914 E.01474
G1 X132.348 Y114.104 E.01304
G1 X131.822 Y114.191 E.01389
M204 S1000
;WIPE_START
G1 F8640
G1 X131.763 Y114.201 E-.01382
G1 X131.669 Y114.216 E-.02198
G1 X131.002 Y114.172 E-.15435
G1 X130.402 Y113.992 E-.14464
G1 X130.043 Y113.78 E-.09627
G1 X129.864 Y113.618 E-.05575
G1 X129.45 Y113.927 E-.11928
G1 X128.966 Y114.125 E-.12075
G1 X128.653 Y114.172 E-.07316
;WIPE_END
G1 Z1.05 F720
G1 X123.099 Y110.517 F10800
G1 Z.65 F720
G1 E.8 F2100
M204 S800
;WIDTH:0.390594
G1 F1500
G1 X123.197 Y110.554 E.00234
M204 S1000
G1 X123.544 Y111.186 F10800
M204 S800
;WIDTH:0.407313
G1 F1500
G1 X123.499 Y110.862 E.00765
G1 X123.308 Y110.62 E.00721
;WIDTH:0.396204
G1 X123.197 Y110.554 E.00293
G1 X123.324 Y110.578 E.00293
;WIDTH:0.407313
G1 X124.144 Y110.63 E.01922
G1 X123.588 Y111.145 E.01773
M204 S1000
;WIPE_START
G1 F8640
G1 X123.544 Y111.186 E-.01389
G1 X123.499 Y110.862 E-.07553
G1 X123.308 Y110.62 E-.07119
G1 X123.197 Y110.554 E-.02982
G1 X123.324 Y110.578 E-.02984
G1 X124.144 Y110.63 E-.18972
G1 X123.588 Y111.145 E-.17499
;WIPE_END
G1 E-.21502 F2100
G1 Z1.05 F720
G1 X131.72 Y113.787 F10800
G1 Z.65 F720
G1 E.8 F2100
M204 S800
;WIDTH:0.449999
G1 F2700
G1 X131.552 Y113.805 E.0044
G1 X131.044 Y113.757 E.0133
G1 X130.544 Y113.595 E.01369
G1 X130.193 Y113.359 E.01102
G1 X129.865 Y112.97 E.01326
G1 X129.663 Y113.241 E.00881
G1 X129.263 Y113.553 E.01322
G1 X128.751 Y113.749 E.01428
G1 X128.243 Y113.805 E.01332
G1 X127.722 Y113.747 E.01366
G1 X127.205 Y113.543 E.01448
G1 X126.931 Y113.328 E.00907
G1 X126.859 Y113.504 E.00495
G1 X126.719 Y113.634 E.00498
G1 X126.451 Y113.744 E.00755
G1 X123.325 Y113.744 E.08145
G1 X123.045 Y113.678 E.0075
G1 X122.883 Y113.562 E.00519
G1 X122.766 Y113.4 E.00521
G1 X122.698 Y113.117 E.00758
G1 X122.698 Y112.502 E.01602
G1 X121.438 Y112.496 E.03283
G1 X121.438 Y113.121 E.01628
G1 X121.37 Y113.4 E.00748
G1 X121.158 Y113.639 E.00832
G1 X120.912 Y113.736 E.00689
G1 X119.98 Y113.744 E.02428
G1 X119.762 Y113.705 E.00577
G1 X119.633 Y113.639 E.00378
G1 X119.461 Y113.412 E.00742
G1 X119.288 Y113.639 E.00744
G1 X119.026 Y113.738 E.0073
G1 X118.278 Y113.744 E.01949
G1 X118.06 Y113.705 E.00577
G1 X117.932 Y113.64 E.00374
G1 X117.759 Y113.412 E.00746
G1 X117.587 Y113.64 E.00744
G1 X117.324 Y113.738 E.00731
G1 X116.409 Y113.744 E.02384
G1 X116.206 Y113.71 E.00536
G1 X115.939 Y113.531 E.00838
G1 X115.801 Y113.204 E.00925
G1 X115.331 Y113.519 E.01474
G1 X114.786 Y113.714 E.01508
G1 X114.089 Y113.802 E.01831
G1 X113.414 Y113.754 E.01763
G1 X112.806 Y113.585 E.01644
G1 X112.261 Y113.281 E.01626
G1 X111.865 Y112.901 E.0143
G1 X111.849 Y113.257 E.00929
G1 X111.791 Y113.411 E.00429
G1 X111.559 Y113.655 E.00877
G1 X111.346 Y113.734 E.00592
G1 X110.306 Y113.744 E.0271
G1 X110.019 Y113.675 E.00769
G1 X109.786 Y113.467 E.00814
G1 X109.679 Y113.202 E.00745
G1 X109.679 Y108.785 E.11509
G1 X109.713 Y108.582 E.00536
G1 X109.804 Y108.409 E.00509
G1 X110.065 Y108.207 E.0086
G1 X110.306 Y108.158 E.00641
G1 X111.238 Y108.158 E.02428
G1 X111.499 Y108.215 E.00696
G1 X111.63 Y108.296 E.00401
G1 X111.785 Y108.479 E.00625
G1 X111.865 Y108.785 E.00824
G1 X111.865 Y108.958 E.00451
G1 X112.239 Y108.602 E.01345
G1 X112.721 Y108.326 E.01447
G1 X113.253 Y108.166 E.01447
G1 X113.934 Y108.097 E.01783
G1 X114.435 Y108.12 E.01307
G1 X114.927 Y108.216 E.01306
G1 X115.421 Y108.417 E.0139
G1 X115.793 Y108.67 E.01172
G1 X115.956 Y108.352 E.00931
G1 X116.219 Y108.188 E.00808
G1 X117.026 Y108.158 E.02104
G1 X117.642 Y108.158 E.01605
G1 X117.884 Y108.207 E.00643
G1 X118.083 Y108.34 E.00624
G1 X118.241 Y108.6 E.00793
G1 X118.617 Y109.776 E.03217
G1 X118.987 Y108.594 E.03227
G1 X119.143 Y108.34 E.00777
G1 X119.424 Y108.179 E.00844
G1 X120.811 Y108.158 E.03614
G1 X121.104 Y108.231 E.00787
G1 X121.276 Y108.365 E.00568
G1 X121.415 Y108.617 E.0075
G1 X121.438 Y109.371 E.01966
G1 X121.438 Y110.465 E.0285
G1 X122.09 Y110.465 E.01699
G1 X122.939 Y110.482 E.02213
;WIDTH:0.416123
G1 X123.099 Y110.517 E.00392
G1 X122.956 Y110.437 E.00392
;WIDTH:0.449999
G1 X122.736 Y109.898 E.01517
G1 X122.851 Y109.396 E.01342
G1 X123.062 Y108.966 E.01248
G1 X123.426 Y108.547 E.01446
G1 X123.877 Y108.281 E.01364
G1 X124.065 Y108.21 E.00524
G1 X124.607 Y108.104 E.01439
G1 X125.129 Y108.108 E.0136
G1 X125.65 Y108.21 E.01383
G1 X126.093 Y108.407 E.01263
G1 X126.403 Y108.641 E.01012
G1 X126.617 Y108.888 E.00852
G1 X126.973 Y108.501 E.0137
G1 X127.349 Y108.281 E.01135
G1 X127.76 Y108.143 E.0113
G1 X128.171 Y108.101 E.01076
G1 X128.72 Y108.142 E.01434
G1 X129.257 Y108.328 E.01481
G1 X129.69 Y108.653 E.01411
G1 X129.875 Y108.9 E.00804
G1 X130.169 Y108.581 E.0113
G1 X130.608 Y108.299 E.0136
G1 X131.303 Y108.117 E.01872
G1 X131.851 Y108.105 E.01428
G1 X132.367 Y108.21 E.01372
G1 X132.848 Y108.451 E.01402
G1 X133.249 Y108.834 E.01445
G1 X133.534 Y109.324 E.01477
G1 X133.701 Y109.948 E.01683
G1 X134.684 Y108.442 E.04686
G1 X134.89 Y108.246 E.00741
G1 X135.126 Y108.164 E.00651
G1 X136.192 Y108.158 E.02778
G1 X136.422 Y108.202 E.0061
G1 X136.622 Y108.329 E.00617
G1 X136.795 Y108.614 E.00869
G1 X136.807 Y108.703 E.00234
G1 X137.176 Y108.399 E.01246
G1 X137.664 Y108.197 E.01376
G1 X138.158 Y108.107 E.01308
G1 X138.713 Y108.107 E.01446
G1 X139.172 Y108.181 E.01211
G1 X139.629 Y108.359 E.01278
G1 X140.124 Y108.747 E.01639
G1 X140.372 Y109.153 E.0124
G1 X140.514 Y109.728 E.01543
G1 X140.484 Y110.233 E.01318
G1 X140.269 Y110.76 E.01483
G1 X140.509 Y111.248 E.01417
G1 X140.583 Y111.501 E.00687
G1 X140.618 Y112.015 E.01342
G1 X140.54 Y112.496 E.0127
G1 X140.354 Y112.908 E.01178
G1 X140.058 Y113.264 E.01206
G1 X139.49 Y113.616 E.01741
G1 X138.989 Y113.76 E.01358
G1 X138.487 Y113.803 E.01313
G1 X137.902 Y113.76 E.01528
G1 X137.437 Y113.634 E.01255
G1 X137.02 Y113.415 E.01227
G1 X136.803 Y113.236 E.00733
G1 X136.716 Y113.461 E.00629
G1 X136.497 Y113.665 E.0078
G1 X136.3 Y113.734 E.00544
G1 X135.342 Y113.744 E.02496
G1 X135.065 Y113.679 E.00741
G1 X134.84 Y113.493 E.00761
G1 X134.715 Y113.117 E.01032
G1 X134.715 Y112.868 E.00649
G1 X133.386 Y112.868 E.03463
G1 X133.324 Y112.86 E.00163
G1 X133.01 Y113.25 E.01305
G1 X132.553 Y113.574 E.0146
G1 X132.074 Y113.749 E.01329
G1 X131.78 Y113.78 E.0077
M204 S1000
G1 X131.678 Y113.371 F10800
M204 S800
;TYPE:External perimeter
G1 F1500
G1 X131.531 Y113.386 E.00385
G1 X131.033 Y113.329 E.01306
G1 X130.754 Y113.233 E.00769
G1 X130.499 Y113.075 E.00782
G1 X130.214 Y112.749 E.01128
;WIDTH:0.485964
G1 X130.099 Y112.522 E.0072
;WIDTH:0.521928
G1 X129.984 Y112.294 E.0078
;WIDTH:0.565974
G1 X129.941 Y112.203 E.00335
;WIDTH:0.61002
G1 X129.897 Y112.112 E.00364
G1 X129.806 Y112.261 E.00629
;WIDTH:0.570015
G1 X129.716 Y112.409 E.00581
;WIDTH:0.53001
G1 X129.625 Y112.557 E.00539
;WIDTH:0.490005
G1 X129.535 Y112.706 E.00497
;WIDTH:0.449999
G1 X129.395 Y112.921 E.00668
G1 X129.062 Y113.186 E.01109
G1 X128.667 Y113.339 E.01104
G1 X128.219 Y113.386 E.01174
G1 X127.768 Y113.326 E.01185
G1 X127.377 Y113.156 E.01111
G1 X127.062 Y112.882 E.01088
;WIDTH:0.488623
G1 X126.969 Y112.755 E.00448
;WIDTH:0.527248
G1 X126.876 Y112.628 E.00486
;WIDTH:0.565872
G1 X126.783 Y112.5 E.00527
;WIDTH:0.604496
G1 X126.69 Y112.373 E.00562
;WIDTH:0.629262
G1 X126.659 Y112.326 E.0021
G1 X126.636 Y112.433 E.00408
;WIDTH:0.580473
G1 X126.614 Y112.539 E.0037
;WIDTH:0.531684
G1 X126.591 Y112.646 E.00341
;WIDTH:0.482894
G1 X126.573 Y113.14 E.01389
;WIDTH:0.449999
G1 X126.483 Y113.289 E.00454
G1 X126.366 Y113.326 E.0032
G1 X123.325 Y113.326 E.07924
G1 X123.177 Y113.265 E.00417
G1 X123.116 Y113.117 E.00417
G1 X123.116 Y112.502 E.01602
G1 X123.264 Y112.247 E.00768
;WIDTH:0.418331
G1 X123.412 Y111.993 E.00708
G1 X123.658 Y111.685 E.00949
;WIDTH:0.449999
G1 X123.904 Y111.376 E.01029
;WIDTH:0.454498
G1 X124.459 Y110.879 E.01962
;WIDTH:0.496599
G1 X124.686 Y110.628 E.0098
;WIDTH:0.5387
G1 X124.913 Y110.378 E.01067
;WIDTH:0.575734
G1 X125.103 Y110.09 E.0117
G1 X125.095 Y109.824 E.00902
G1 X124.955 Y109.725 E.00581
G1 X124.658 Y109.77 E.01018
G1 X124.529 Y109.998 E.00888
;WIDTH:0.548926
G1 X124.4 Y110.226 E.00844
;WIDTH:0.522117
G1 X124.052 Y110.217 E.01064
;WIDTH:0.486058
G1 X123.705 Y110.208 E.00982
;WIDTH:0.449999
G1 X123.346 Y110.187 E.00937
G1 X123.22 Y110.136 E.00354
G1 X123.153 Y109.936 E.0055
G1 X123.236 Y109.559 E.01006
G1 X123.384 Y109.232 E.00935
G1 X123.71 Y108.858 E.01293
G1 X124.147 Y108.62 E.01297
G1 X124.649 Y108.519 E.01334
G1 X125.112 Y108.528 E.01207
G1 X125.51 Y108.603 E.01055
G1 X125.866 Y108.757 E.01011
G1 X126.092 Y108.921 E.00728
G1 X126.332 Y109.233 E.01026
G1 X126.459 Y109.569 E.00936
;WIDTH:0.491142
G1 X126.495 Y109.721 E.00447
;WIDTH:0.532284
G1 X126.531 Y109.874 E.0049
;WIDTH:0.573426
G1 X126.567 Y110.026 E.00527
G1 X126.635 Y109.847 E.00646
;WIDTH:0.532284
G1 X126.703 Y109.668 E.00597
;WIDTH:0.491142
G1 X126.771 Y109.489 E.00548
;WIDTH:0.449999
G1 X126.991 Y109.091 E.01185
G1 X127.216 Y108.841 E.00876
G1 X127.496 Y108.672 E.00852
G1 X127.817 Y108.557 E.00888
G1 X128.14 Y108.517 E.00848
G1 X128.689 Y108.558 E.01434
G1 X129.154 Y108.748 E.01309
G1 X129.469 Y109.031 E.01103
G1 X129.755 Y109.543 E.01528
;WIDTH:0.451791
G1 X129.892 Y110.047 E.01367
;WIDTH:0.452432
G1 X129.905 Y110.149 E.00269
G1 X129.979 Y109.618 E.01405
;WIDTH:0.449999
G1 X130.152 Y109.223 E.01124
G1 X130.397 Y108.932 E.00991
G1 X130.82 Y108.659 E.01312
G1 X131.394 Y108.525 E.01536
G1 X131.893 Y108.529 E.013
G1 X132.327 Y108.638 E.01166
G1 X132.716 Y108.878 E.01191
G1 X132.978 Y109.166 E.01014
G1 X133.183 Y109.569 E.01178
G1 X133.345 Y110.263 E.01857
G1 X133.382 Y110.871 E.01587
G1 X133.35 Y111.249 E.00988
G1 X135.034 Y108.671 E.08023
G1 X135.181 Y108.578 E.00453
G1 X136.192 Y108.576 E.02634
G1 X136.335 Y108.633 E.00401
G1 X136.401 Y108.785 E.00432
G1 X136.399 Y109.361 E.01501
;WIDTH:0.449084
G1 X136.4 Y110.196 E.02171
;WIDTH:0.488557
G1 X136.42 Y110.382 E.00532
;WIDTH:0.528029
G1 X136.44 Y110.567 E.00575
;WIDTH:0.567501
G1 X136.46 Y110.753 E.00625
;WIDTH:0.584506
G1 X136.468 Y111.295 E.01867
G1 X136.766 Y111.309 E.01028
G1 X136.87 Y111.077 E.00876
G1 X137.141 Y110.816 E.01296
G1 X136.965 Y110.629 E.00885
;WIDTH:0.567501
G1 X136.915 Y110.48 E.00525
;WIDTH:0.528029
G1 X136.866 Y110.33 E.00488
;WIDTH:0.488557
G1 X136.817 Y110.181 E.00446
;WIDTH:0.449084
G1 X136.795 Y109.682 E.01299
;WIDTH:0.449999
G1 X136.877 Y109.348 E.00896
G1 X137.132 Y108.961 E.01208
G1 X137.4 Y108.754 E.00882
G1 X137.866 Y108.571 E.01304
G1 X138.25 Y108.518 E.0101
G1 X138.655 Y108.52 E.01055
G1 X139.041 Y108.578 E.01017
G1 X139.39 Y108.703 E.00966
G1 X139.785 Y108.991 E.01274
G1 X139.971 Y109.27 E.00874
G1 X140.096 Y109.734 E.01252
G1 X140.071 Y110.155 E.01099
G1 X139.873 Y110.588 E.01241
G1 X139.658 Y110.812 E.00809
G1 X139.962 Y111.109 E.01107
G1 X140.166 Y111.531 E.01221
G1 X140.202 Y112.044 E.0134
G1 X140.113 Y112.458 E.01103
G1 X139.949 Y112.765 E.00907
G1 X139.698 Y113.022 E.00936
G1 X139.234 Y113.271 E.01372
G1 X138.857 Y113.359 E.01009
G1 X138.43 Y113.387 E.01115
G1 X137.917 Y113.334 E.01344
G1 X137.617 Y113.257 E.00807
G1 X137.285 Y113.093 E.00965
G1 X137.015 Y112.86 E.00929
G1 X136.817 Y112.56 E.00937
G1 X136.766 Y112.45 E.00316
G1 X136.401 Y112.45 E.00951
G1 X136.401 Y113.117 E.01738
G1 X136.334 Y113.271 E.00438
G1 X136.192 Y113.326 E.00397
G1 X135.342 Y113.326 E.02215
G1 X135.2 Y113.27 E.00398
G1 X135.133 Y113.117 E.00435
G1 X135.133 Y112.45 E.01738
G1 X133.386 Y112.45 E.04552
G1 X133.277 Y112.419 E.00295
G1 X133.177 Y112.241 E.00532
G1 X133.177 Y112.163 E.00203
G1 X133.032 Y112.552 E.01082
G1 X132.752 Y112.921 E.01207
G1 X132.4 Y113.185 E.01146
G1 X131.989 Y113.339 E.01144
G1 X131.737 Y113.365 E.0066
M204 S1000
;WIPE_START
G1 F8640
G1 X131.678 Y113.371 E-.01369
G1 X131.531 Y113.386 E-.03412
G1 X131.033 Y113.329 E-.11574
G1 X130.754 Y113.233 E-.06813
G1 X130.499 Y113.075 E-.06927
G1 X130.214 Y112.749 E-.09998
G1 X130.099 Y112.522 E-.05876
G1 X129.984 Y112.294 E-.05896
G1 X129.941 Y112.203 E-.02324
G1 X129.897 Y112.112 E-.02334
G1 X129.806 Y112.261 E-.04031
G1 X129.716 Y112.409 E-.04
G1 X129.625 Y112.557 E-.04012
G1 X129.535 Y112.706 E-.04019
G1 X129.395 Y112.921 E-.05924
G1 X129.345 Y112.961 E-.01491
;WIPE_END
G1 Z1.05 F720
G1 X121.067 Y111.913 F10800
G1 Z.65 F720
G1 E.8 F2100
M204 S800
;WIDTH:0.544352
G1 F1500
G1 X121.065 Y111.092 E.02622
M204 S1000
;WIPE_START
G1 F8640
G1 X121.067 Y111.913 E-.18957
;WIPE_END
G1 E-.61043 F2100
G1 Z1.05 F720
G1 X118.61 Y113.323 F10800
G1 Z.65 F720
G1 E.8 F2100
M204 S800
;WIDTH:0.449999
G1 F1500
G1 X118.278 Y113.326 E.00865
G1 X118.163 Y113.291 E.00313
G1 X118.079 Y113.181 E.00361
G1 X117.45 Y111.234 E.05331
G1 X117.45 Y113.117 E.04906
G1 X117.356 Y113.291 E.00515
G1 X117.241 Y113.326 E.00313
G1 X116.409 Y113.326 E.02168
G1 X116.252 Y113.255 E.00449
G1 X116.2 Y113.117 E.00384
G1 X116.2 Y112.415 E.01829
;WIDTH:0.480526
G1 X116.185 Y111.962 E.01267
G1 X115.955 Y112.401 E.01386
;WIDTH:0.449999
G1 X115.634 Y112.801 E.01336
G1 X115.181 Y113.125 E.01451
G1 X114.648 Y113.319 E.01478
G1 X114.047 Y113.386 E.01576
G1 X113.45 Y113.338 E.01561
G1 X112.927 Y113.185 E.0142
G1 X112.476 Y112.922 E.0136
G1 X112.108 Y112.552 E.0136
G1 X111.843 Y112.093 E.01381
G1 X111.784 Y111.819 E.0073
;WIDTH:0.408192
G1 X111.725 Y111.544 E.0066
;WIDTH:0.366384
G1 X111.689 Y110.944 E.01253
;WIDTH:0.355859
G1 X111.723 Y110.351 E.01199
;WIDTH:0.402929
G1 X111.77 Y110.086 E.00622
;WIDTH:0.449999
G1 X111.818 Y109.82 E.00704
G1 X112.061 Y109.367 E.01339
G1 X112.408 Y108.997 E.01322
G1 X112.848 Y108.728 E.01344
G1 X113.371 Y108.567 E.01426
G1 X113.968 Y108.513 E.01562
G1 X114.452 Y108.544 E.01264
G1 X114.839 Y108.626 E.01031
G1 X115.196 Y108.77 E.01003
G1 X115.581 Y109.046 E.01234
G1 X115.76 Y109.227 E.00663
;WIDTH:0.480652
G1 X115.945 Y109.538 E.01012
;WIDTH:0.511305
G1 X116.129 Y109.85 E.01082
;WIDTH:0.53238
G1 X116.159 Y109.944 E.00308
G1 X116.18 Y109.681 E.00823
;WIDTH:0.49119
G1 X116.2 Y109.417 E.00758
;WIDTH:0.449999
G1 X116.2 Y108.785 E.01647
G1 X116.275 Y108.625 E.0046
G1 X116.409 Y108.576 E.00372
G1 X117.642 Y108.576 E.03213
G1 X117.818 Y108.648 E.00495
G1 X118.621 Y111.16 E.06871
G1 X119.385 Y108.723 E.06655
G1 X119.504 Y108.592 E.00461
G1 X120.811 Y108.576 E.03406
G1 X120.966 Y108.645 E.00442
G1 X121.02 Y108.81 E.00452
G1 X121.02 Y110.584 E.04622
;WIDTH:0.49525
G1 X121.043 Y110.838 E.00736
;WIDTH:0.5405
G1 X121.065 Y111.092 E.00808
G1 X121.192 Y110.988 E.0052
;WIDTH:0.49525
G1 X121.32 Y110.883 E.00478
;WIDTH:0.449999
G1 X122.939 Y110.883 E.04218
G1 X123.067 Y110.928 E.00354
G1 X123.148 Y111.092 E.00477
G1 X123.124 Y111.845 E.01963
;WIDTH:0.403427
G1 X123.064 Y111.974 E.00329
;WIDTH:0.397596
G1 X123.001 Y112.022 E.0018
;WIDTH:0.435908
G1 X122.939 Y112.071 E.00199
;WIDTH:0.449999
G1 X122.077 Y112.078 E.02246
G1 X121.32 Y112.078 E.01972
;WIDTH:0.497176
G1 X121.193 Y111.996 E.00438
;WIDTH:0.544352
G1 X121.067 Y111.913 E.00482
G1 X121.044 Y112.145 E.00745
;WIDTH:0.497176
G1 X121.02 Y112.377 E.00676
;WIDTH:0.449999
G1 X121.02 Y113.118 E.01931
G1 X120.958 Y113.265 E.00416
G1 X120.811 Y113.326 E.00415
G1 X119.98 Y113.326 E.02165
G1 X119.864 Y113.291 E.00316
G1 X119.771 Y113.117 E.00514
G1 X119.771 Y111.23 E.04917
G1 X119.141 Y113.181 E.05342
G1 X118.994 Y113.319 E.00525
G1 X118.67 Y113.322 E.00844
M204 S1000
;WIPE_START
G1 F8640
G1 X118.61 Y113.323 E-.01386
G1 X118.278 Y113.326 E-.07666
G1 X118.163 Y113.291 E-.02776
G1 X118.079 Y113.181 E-.03196
G1 X117.45 Y111.234 E-.47245
G1 X117.45 Y112.002 E-.17731
;WIPE_END
G1 Z1.05 F720
G1 X110.772 Y113.326 F10800
G1 Z.65 F720
G1 E.8 F2100
M204 S800
G1 F1500
G1 X110.306 Y113.326 E.01214
G1 X110.169 Y113.275 E.00381
G1 X110.097 Y113.117 E.00452
G1 X110.097 Y108.785 E.11287
G1 X110.139 Y108.66 E.00344
G1 X110.268 Y108.58 E.00396
G1 X111.238 Y108.576 E.02527
G1 X111.369 Y108.622 E.00362
G1 X111.447 Y108.785 E.00471
G1 X111.447 Y109.77 E.02566
G1 X111.425 Y110.023 E.00662
;WIDTH:0.405642
G1 X111.403 Y110.276 E.00591
;WIDTH:0.361285
G1 X111.389 Y110.908 E.01297
;WIDTH:0.356713
G1 X111.4 Y111.525 E.01249
;WIDTH:0.403356
G1 X111.424 Y111.813 E.00669
;WIDTH:0.449999
G1 X111.447 Y112.101 E.00753
G1 X111.447 Y113.117 E.02647
G1 X111.371 Y113.278 E.00464
G1 X111.238 Y113.326 E.00368
G1 X110.832 Y113.326 E.01058
M204 S1000
;WIPE_START
G1 F8640
G1 X110.772 Y113.326 E-.01385
G1 X110.306 Y113.326 E-.1076
G1 X110.169 Y113.275 E-.03375
G1 X110.097 Y113.117 E-.04009
G1 X110.097 Y110.498 E-.60471
;WIPE_END
G1 Z1.05 F720
G1 X124.439 Y102.25 F10800
G1 Z.65 F720
G1 E.8 F2100
M204 S800
;TYPE:Perimeter
G1 F1500
G1 X124.439 Y101.261 E.02577
G1 X119.984 Y101.261 E.11608
G1 X119.662 Y101.21 E.00849
G1 X119.34 Y101.038 E.00951
G1 X119.088 Y100.753 E.00991
G1 X118.939 Y100.358 E.011
G1 X118.939 Y97.784 E.06707
G1 X118.982 Y97.488 E.00779
G1 X119.093 Y97.239 E.0071
G1 X119.299 Y96.995 E.00832
G1 X119.607 Y96.81 E.00936
G1 X119.984 Y96.739 E.01
G1 X124.439 Y96.739 E.11608
G1 X124.439 Y95.719 E.02658
G1 X124.494 Y95.384 E.00885
G1 X124.721 Y95.005 E.01151
G1 X124.897 Y94.854 E.00604
G1 X125.304 Y94.69 E.01143
G1 X125.665 Y94.69 E.00941
G1 X125.88 Y94.752 E.00583
G1 X126.095 Y94.872 E.00642
G1 X130.639 Y98.153 E.14604
G1 X130.921 Y98.459 E.01084
G1 X131.056 Y98.82 E.01004
G1 X131.05 Y99.215 E.01029
G1 X130.891 Y99.587 E.01054
G1 X130.639 Y99.847 E.00943
G1 X126.095 Y103.128 E.14604
G1 X125.803 Y103.276 E.00853
G1 X125.417 Y103.324 E.01013
G1 X125.029 Y103.222 E.01045
G1 X124.73 Y103.004 E.00964
G1 X124.594 Y102.829 E.00577
G1 X124.495 Y102.617 E.0061
G1 X124.444 Y102.31 E.00811
M204 S1000
G1 X124.857 Y102.25 F10800
M204 S800
G1 F1500
G1 X124.857 Y100.843 E.03666
G1 X119.984 Y100.843 E.12697
G1 X119.725 Y100.787 E.0069
G1 X119.502 Y100.617 E.00731
G1 X119.357 Y100.336 E.00824
G1 X119.357 Y97.784 E.06649
G1 X119.41 Y97.533 E.00668
G1 X119.573 Y97.311 E.00718
G1 X119.758 Y97.199 E.00563
G1 X119.984 Y97.157 E.00599
G1 X124.857 Y97.157 E.12697
G1 X124.857 Y95.719 E.03747
G1 X124.95 Y95.391 E.00888
G1 X125.132 Y95.2 E.00687
G1 X125.415 Y95.096 E.00786
G1 X125.759 Y95.144 E.00905
G1 X130.394 Y98.492 E.14898
G1 X130.564 Y98.675 E.00651
G1 X130.65 Y98.932 E.00706
G1 X130.619 Y99.207 E.00721
G1 X130.476 Y99.449 E.00732
G1 X125.851 Y102.79 E.14866
G1 X125.618 Y102.894 E.00665
G1 X125.329 Y102.889 E.00753
G1 X125.078 Y102.759 E.00737
G1 X124.95 Y102.61 E.00512
G1 X124.865 Y102.309 E.00815
M204 S1000
G1 X125.275 Y102.25 F10800
M204 S800
;TYPE:External perimeter
G1 F1500
G1 X125.275 Y100.425 E.04755
G1 X119.984 Y100.425 E.13786
G1 X119.835 Y100.363 E.0042
M73 P28 R21
G1 X119.775 Y100.234 E.00371
G1 X119.775 Y97.784 E.06384
G1 X119.847 Y97.626 E.00452
G1 X119.984 Y97.575 E.00381
G1 X125.275 Y97.575 E.13786
G1 X125.275 Y95.719 E.04836
G1 X125.331 Y95.576 E.004
M73 Q28 S21
G1 X125.484 Y95.51 E.00434
G1 X125.606 Y95.549 E.00334
G1 X130.15 Y98.831 E.14605
G1 X130.235 Y98.977 E.0044
G1 X130.181 Y99.147 E.00465
G1 X125.606 Y102.451 E.14704
G1 X125.455 Y102.488 E.00405
G1 X125.318 Y102.409 E.00412
G1 X125.284 Y102.308 E.00278
M204 S1000
;WIPE_START
G1 F8640
G1 X125.275 Y102.25 E-.01355
G1 X125.275 Y100.425 E-.4214
G1 X123.694 Y100.425 E-.36505
;WIPE_END
G1 Z1.05 F720
G1 X126.487 Y110.49 F10800
G1 Z.65 F720
G1 E.8 F2100
M204 S800
;WIDTH:0.600814
G1 F1500
G1 X126.567 Y110.026 E.0167
M204 S1000
;WIPE_START
G1 F8640
G1 X126.487 Y110.49 E-.10872
;WIPE_END
G1 E-.69128 F2100
G1 Z1.05 F720
G1 X129.963 Y110.734 F10800
G1 Z.65 F720
G1 E.8 F2100
M204 S800
;WIDTH:0.46416
G1 F1500
G1 X129.908 Y110.202 E.01441
;WIDTH:0.452432
G1 X129.905 Y110.149 E.00139
M204 S1000
;WIPE_START
G1 F8640
G1 X129.908 Y110.202 E-.01226
G1 X129.963 Y110.734 E-.1235
;WIPE_END
G1 E-.66424 F2100
G1 Z1.05 F720
G1 X133.24 Y111.786 F10800
G1 Z.65 F720
G1 E.8 F2100
M204 S800
;WIDTH:0.37219
G1 F1500
G1 X133.25 Y111.564 E.00471
M204 S1000
;WIPE_START
G1 F8640
G1 X133.24 Y111.786 E-.05131
;WIPE_END
G1 E-.74869 F2100
G1 Z1.05 F720
G1 X136.83 Y112.075 F10800
G1 Z.65 F720
G1 E.8 F2100
M204 S800
G1 F1457.789
G1 X136.835 Y111.666 E.00867
M204 S1000
;WIPE_START
G1 F8640
G1 X136.83 Y112.075 E-.09445
;WIPE_END
G1 E-.70555 F2100
G1 Z1.05 F720
G1 X132.012 Y111.677 F10800
G1 Z.65 F720
M73 P28 R20
G1 E.8 F2100
M204 S800
;WIDTH:0.460313
G1 F1500
G1 X131.989 Y111.837 E.00432
G1 X131.891 Y112.049 E.00624
G1 X131.772 Y112.177 E.00467
;WIDTH:0.465165
G1 X131.565 Y112.248 E.00591
;WIDTH:0.466067
G1 X131.333 Y112.158 E.00673
;WIDTH:0.475225
G1 X131.225 Y111.935 E.00685
;WIDTH:0.482254
G1 X131.145 Y111.833 E.00364
G1 X131.709 Y111.796 E.01586
;WIDTH:0.460313
G1 X131.956 Y111.699 E.00708
M204 S1000
;WIPE_START
G1 F8640
G1 X132.012 Y111.677 E-.01389
G1 X131.989 Y111.837 E-.03732
G1 X131.891 Y112.049 E-.05393
G1 X131.772 Y112.177 E-.04036
G1 X131.565 Y112.248 E-.05053
G1 X131.333 Y112.158 E-.05746
G1 X131.225 Y111.935 E-.05721
G1 X131.145 Y111.833 E-.02993
G1 X131.709 Y111.796 E-.13051
G1 X131.956 Y111.699 E-.06127
;WIPE_END
G1 E-.26759 F2100
G1 Z1.05 F720
G1 X129.963 Y110.734 F10800
G1 Z.65 F720
G1 E.8 F2100
M204 S800
;WIDTH:0.489485
G1 F1500
G1 X130.052 Y110.974 E.0073
;WIDTH:0.514809
G1 X130.141 Y111.214 E.0077
G1 X130.369 Y111.493 E.01084
G1 X130.649 Y111.696 E.01041
G1 X130.991 Y111.789 E.01067
G1 X130.616 Y111.834 E.01137
;WIDTH:0.545425
G1 X130.07 Y111.909 E.01764
;WIDTH:0.57555
G1 X129.989 Y111.986 E.00379
;WIDTH:0.605674
G1 X129.908 Y112.064 E.00402
G1 X129.924 Y111.941 E.00444
;WIDTH:0.57555
G1 X129.94 Y111.818 E.0042
;WIDTH:0.545425
G1 X129.988 Y111.247 E.01834
;WIDTH:0.514809
G1 X129.975 Y110.99 E.00774
;WIDTH:0.489485
G1 X129.966 Y110.794 E.0056
M204 S1000
;WIPE_START
G1 F8640
G1 X129.963 Y110.734 E-.01387
G1 X130.052 Y110.974 E-.0591
G1 X130.141 Y111.214 E-.0591
G1 X130.369 Y111.493 E-.0832
G1 X130.649 Y111.696 E-.07986
G1 X130.991 Y111.789 E-.08184
G1 X130.616 Y111.834 E-.08721
G1 X130.07 Y111.909 E-.12726
G1 X129.989 Y111.986 E-.02581
G1 X129.908 Y112.064 E-.02597
G1 X129.924 Y111.941 E-.02864
G1 X129.94 Y111.818 E-.02864
G1 X129.976 Y111.389 E-.0995
;WIPE_END
G1 Z1.05 F720
G1 X126.173 Y111.689 F10800
G1 Z.65 F720
G1 E.8 F2100
M204 S800
;TYPE:Perimeter
;WIDTH:0.578422
G1 F1500
G1 X126.139 Y111.748 E.00232
G1 X126.071 Y111.748 E.00232
G1 X126.037 Y111.689 E.00232
G1 X126.071 Y111.63 E.00232
G1 X126.139 Y111.63 E.00232
M204 S1000
;WIPE_START
G1 F8640
G1 X126.071 Y111.63 E-.0157
G1 X126.037 Y111.689 E-.01572
G1 X126.071 Y111.748 E-.01572
G1 X126.139 Y111.748 E-.0157
G1 X126.173 Y111.689 E-.01572
;WIPE_END
G1 E-.72144 F2100
G1 Z1.05 F720
G1 X124.845 Y112.171 F10800
G1 Z.65 F720
G1 E.8 F2100
M204 S800
;TYPE:External perimeter
;WIDTH:0.449999
G1 F1500
G1 X124.791 Y112.171 E.00141
G1 X125.724 Y111.389 E.03172
G1 X126.1 Y111.002 E.01406
;WIDTH:0.487703
G1 X126.197 Y110.874 E.00456
;WIDTH:0.525407
G1 X126.294 Y110.746 E.00494
;WIDTH:0.563111
G1 X126.39 Y110.618 E.0053
;WIDTH:0.600814
G1 X126.487 Y110.49 E.0057
G1 X126.501 Y110.607 E.00418
;WIDTH:0.563111
G1 X126.514 Y110.725 E.00393
;WIDTH:0.525407
G1 X126.527 Y110.843 E.00365
;WIDTH:0.487703
G1 X126.541 Y110.96 E.00335
;WIDTH:0.449999
G1 X126.579 Y111.603 E.01678
;WIDTH:0.493693
G1 X126.595 Y111.771 E.00486
;WIDTH:0.537387
G1 X126.611 Y111.94 E.00535
;WIDTH:0.58108
G1 X126.627 Y112.108 E.00578
;WIDTH:0.624774
G1 X126.643 Y112.277 E.00627
G1 X126.593 Y112.23 E.00254
;WIDTH:0.592763
G1 X126.543 Y112.184 E.00238
;WIDTH:0.560752
G1 X126.484 Y112.179 E.00195
;WIDTH:0.523835
G1 X126.425 Y112.175 E.00181
;WIDTH:0.486917
G1 X126.366 Y112.171 E.00168
;WIDTH:0.449999
G1 X124.905 Y112.171 E.03807
M204 S1000
;WIPE_START
G1 F8640
G1 X124.845 Y112.171 E-.01385
G1 X124.791 Y112.171 E-.01247
G1 X125.724 Y111.389 E-.2811
G1 X126.1 Y111.002 E-.12459
G1 X126.197 Y110.874 E-.03708
G1 X126.294 Y110.746 E-.03708
G1 X126.39 Y110.618 E-.03694
G1 X126.487 Y110.49 E-.03708
G1 X126.501 Y110.607 E-.02721
G1 X126.514 Y110.725 E-.02741
G1 X126.527 Y110.843 E-.02741
G1 X126.541 Y110.96 E-.02721
G1 X126.569 Y111.438 E-.11057
;WIPE_END
G1 Z1.05 F720
G1 X113.961 Y111.37 F10800
G1 Z.65 F720
G1 E.8 F2100
M204 S800
;TYPE:Perimeter
;WIDTH:0.475563
G1 F1500
G1 X113.888 Y111.293 E.00293
G1 X113.843 Y110.917 E.01047
G1 X113.863 Y110.73 E.0052
G1 X113.913 Y110.532 E.00565
G1 X114.049 Y110.53 E.00376
G1 X114.154 Y110.672 E.00488
G1 X114.378 Y110.926 E.00936
G1 X114.252 Y111.057 E.00503
G1 X114.094 Y111.34 E.00896
G1 X114.02 Y111.357 E.0021
M204 S1000
G1 X113.971 Y111.8 F10800
M204 S800
;WIDTH:0.449999
G1 F1500
G1 X113.723 Y111.749 E.0066
G1 X113.576 Y111.619 E.00511
G1 X113.438 Y111.278 E.00958
G1 X113.415 Y110.872 E.0106
G1 X113.453 Y110.504 E.00964
G1 X113.602 Y110.228 E.00817
G1 X113.77 Y110.124 E.00515
G1 X114.056 Y110.097 E.00749
G1 X114.354 Y110.188 E.00812
G1 X114.584 Y110.547 E.01111
;WIDTH:0.490019
G1 X114.678 Y110.617 E.00335
;WIDTH:0.530038
G1 X114.772 Y110.686 E.00362
;WIDTH:0.570057
G1 X114.866 Y110.756 E.00393
;WIDTH:0.610077
G1 X114.96 Y110.826 E.00422
;WIDTH:0.650096
G1 X115.053 Y110.895 E.00446
G1 X114.966 Y110.973 E.0045
;WIDTH:0.610077
G1 X114.879 Y111.051 E.00421
;WIDTH:0.570057
G1 X114.792 Y111.129 E.00392
;WIDTH:0.530038
G1 X114.704 Y111.207 E.00365
;WIDTH:0.490019
G1 X114.617 Y111.285 E.00334
;WIDTH:0.449999
G1 X114.427 Y111.629 E.01024
G1 X114.219 Y111.767 E.0065
G1 X114.03 Y111.792 E.00497
M204 S1000
;WIPE_START
G1 F8640
G1 X113.971 Y111.8 E-.01375
G1 X113.723 Y111.749 E-.05846
G1 X113.576 Y111.619 E-.04531
G1 X113.438 Y111.278 E-.08494
G1 X113.415 Y110.872 E-.0939
G1 X113.453 Y110.504 E-.08542
G1 X113.602 Y110.228 E-.07242
G1 X113.77 Y110.124 E-.04562
G1 X114.056 Y110.097 E-.06633
G1 X114.354 Y110.188 E-.07195
G1 X114.584 Y110.547 E-.09845
G1 X114.678 Y110.617 E-.02706
G1 X114.772 Y110.686 E-.02692
G1 X114.805 Y110.711 E-.00947
;WIPE_END
G1 Z1.05 F720
G1 X115.786 Y111.19 F10800
G1 Z.65 F720
G1 E.8 F2100
M204 S800
;WIDTH:0.484483
G1 F1500
G1 X115.665 Y111.13 E.00381
;WIDTH:0.525885
G1 X115.543 Y111.07 E.00419
;WIDTH:0.567287
G1 X115.422 Y111.01 E.00451
;WIDTH:0.60869
G1 X115.301 Y110.95 E.00486
;WIDTH:0.650092
G1 X115.18 Y110.89 E.0052
G1 X115.249 Y110.851 E.00305
;WIDTH:0.60869
G1 X115.318 Y110.812 E.00285
;WIDTH:0.567287
G1 X115.388 Y110.773 E.00267
;WIDTH:0.525885
G1 X115.457 Y110.734 E.00244
;WIDTH:0.484483
G1 X115.526 Y110.695 E.00224
;WIDTH:0.44308
G1 X115.786 Y110.624 E.00691
G1 X115.786 Y111.13 E.01297
M204 S1000
;WIPE_START
G1 F8640
G1 X115.786 Y111.19 E-.01385
G1 X115.665 Y111.13 E-.03119
G1 X115.543 Y111.07 E-.03139
G1 X115.422 Y111.01 E-.03119
G1 X115.301 Y110.95 E-.03119
G1 X115.18 Y110.89 E-.03119
G1 X115.249 Y110.851 E-.0183
G1 X115.318 Y110.812 E-.0183
G1 X115.388 Y110.773 E-.0185
G1 X115.457 Y110.734 E-.0183
G1 X115.526 Y110.695 E-.0183
G1 X115.786 Y110.624 E-.06223
G1 X115.786 Y111.13 E-.11684
;WIPE_END
G1 E-.35923 F2100
G1 Z1.05 F720
G1 X113.877 Y112.22 F10800
G1 Z.65 F720
G1 E.8 F2100
M204 S800
;TYPE:External perimeter
;WIDTH:0.449998
G1 F1500
G1 X113.537 Y112.123 E.00921
G1 X113.266 Y111.922 E.00879
G1 X113.145 Y111.701 E.00656
M73 Q28 S20
G1 X113.012 Y111.293 E.01118
G1 X112.999 Y110.828 E.01212
;WIDTH:0.449999
G1 X113.077 Y110.313 E.01357
G1 X113.234 Y110.024 E.00857
G1 X113.429 Y109.823 E.0073
G1 X113.726 Y109.698 E.0084
G1 X114.14 Y109.686 E.01079
G1 X114.487 Y109.791 E.00945
G1 X114.737 Y109.967 E.00797
G1 X114.917 Y110.295 E.00975
G1 X115.075 Y110.378 E.00465
G1 X115.417 Y110.295 E.00917
;WIDTH:0.456959
G1 X115.965 Y110.149 E.01502
;WIDTH:0.496564
G1 X116.061 Y110.068 E.00364
;WIDTH:0.536168
G1 X116.157 Y109.988 E.00393
G1 X116.177 Y110.157 E.00535
;WIDTH:0.496564
G1 X116.197 Y110.326 E.00493
;WIDTH:0.456959
G1 X116.2 Y110.893 E.01502
;WIDTH:0.477156
G1 X116.187 Y111.923 E.02858
G1 X116.039 Y111.726 E.00684
;WIDTH:0.455054
G1 X115.186 Y111.41 E.02399
;WIDTH:0.449998
G1 X115.032 Y111.443 E.0041
G1 X114.758 Y111.894 E.01375
G1 X114.517 Y112.106 E.00836
G1 X114.208 Y112.213 E.00852
G1 X113.937 Y112.219 E.00706
M204 S1000
;WIPE_START
G1 F8640
G1 X113.877 Y112.22 E-.01386
G1 X113.537 Y112.123 E-.08164
G1 X113.266 Y111.922 E-.07791
G1 X113.145 Y111.701 E-.05818
G1 X113.012 Y111.293 E-.09909
G1 X112.999 Y110.828 E-.10741
G1 X113.077 Y110.313 E-.12027
G1 X113.234 Y110.024 E-.07594
G1 X113.429 Y109.823 E-.06466
G1 X113.726 Y109.698 E-.0744
G1 X113.841 Y109.695 E-.02664
;WIPE_END
G1 Z1.05 F720
G1 X125 Y119.829 F10800
G1 Z.65 F720
G1 E.8 F2100
M204 S800
;TYPE:Perimeter
;WIDTH:0.449999
G1 F2700
G1 X107.369 Y119.829 E.45939
G1 X106.947 Y119.742 E.01123
G1 X106.642 Y119.548 E.00942
G1 X106.448 Y119.243 E.00942
G1 X106.361 Y118.821 E.01123
G1 X106.361 Y91.179 E.72023
G1 X106.436 Y90.779 E.0106
G1 X106.653 Y90.444 E.0104
G1 X106.936 Y90.262 E.00877
G1 X107.369 Y90.171 E.01153
G1 X142.737 Y90.176 E.92154
G1 X143.165 Y90.304 E.01164
G1 X143.432 Y90.548 E.00942
G1 X143.599 Y90.869 E.00943
G1 X143.639 Y91.249 E.00996
G1 X143.639 Y118.821 E.71841
G1 X143.552 Y119.243 E.01123
G1 X143.358 Y119.548 E.00942
G1 X143.053 Y119.742 E.00942
G1 X142.631 Y119.829 E.01123
G1 X125.06 Y119.829 E.45783
M204 S1000
G1 X125 Y120.247 F10800
M204 S800
G1 F2700
G1 X107.44 Y120.247 E.45754
G1 X106.95 Y120.196 E.01284
G1 X106.624 Y120.061 E.00919
G1 X106.344 Y119.846 E.0092
G1 X106.129 Y119.566 E.0092
G1 X105.994 Y119.24 E.00919
G1 X105.943 Y118.848 E.0103
G1 X105.943 Y91.25 E.71909
G1 X105.976 Y90.899 E.00919
G1 X106.101 Y90.491 E.01112
G1 X106.35 Y90.149 E.01102
G1 X106.624 Y89.939 E.00899
G1 X106.95 Y89.804 E.00919
G1 X107.342 Y89.753 E.0103
G1 X142.566 Y89.758 E.91779
G1 X143.047 Y89.803 E.01259
G1 X143.376 Y89.939 E.00928
G1 X143.656 Y90.154 E.0092
G1 X143.871 Y90.434 E.0092
G1 X144.006 Y90.76 E.00919
G1 X144.057 Y91.249 E.01281
G1 X144.057 Y118.75 E.71656
G1 X144.006 Y119.24 E.01284
G1 X143.871 Y119.566 E.00919
G1 X143.656 Y119.846 E.0092
G1 X143.376 Y120.061 E.0092
G1 X143.05 Y120.196 E.00919
G1 X142.658 Y120.247 E.0103
G1 X125.06 Y120.247 E.45853
M204 S1000
G1 X125 Y120.665 F10800
M204 S800
;TYPE:External perimeter
G1 F1500
G1 X107.44 Y120.665 E.45754
G1 X106.841 Y120.603 E.01569
G1 X106.413 Y120.426 E.01207
G1 X106.046 Y120.144 E.01206
G1 X105.764 Y119.777 E.01206
G1 X105.587 Y119.349 E.01207
G1 X105.525 Y118.876 E.01243
G1 X105.525 Y91.25 E.71982
G1 X105.587 Y90.65 E.01572
G1 X105.733 Y90.287 E.01019
G1 X106.048 Y89.855 E.01393
G1 X106.413 Y89.574 E.012
G1 X106.841 Y89.397 E.01207
G1 X107.314 Y89.335 E.01243
G1 X141.959 Y89.34 E.9027
G1 X142.629 Y89.34 E.01746
M73 P29 R20
G1 X143.158 Y89.397 E.01386
G1 X143.587 Y89.574 E.01209
G1 X143.954 Y89.856 E.01206
G1 X144.236 Y90.223 E.01206
G1 X144.413 Y90.651 E.01207
G1 X144.475 Y91.249 E.01566
G1 X144.475 Y118.75 E.71656
G1 X144.413 Y119.349 E.01569
M73 Q29 S20
G1 X144.236 Y119.777 E.01207
G1 X143.954 Y120.144 E.01206
G1 X143.587 Y120.426 E.01206
G1 X143.159 Y120.603 E.01207
G1 X142.686 Y120.665 E.01243
G1 X125.06 Y120.665 E.45926
M204 S1000
;WIPE_START
G1 F8640
G1 X125 Y120.665 E-.01385
G1 X121.595 Y120.665 E-.78615
;WIPE_END
G1 Z1.05 F720
G1 X106.834 Y90.615 F10800
G1 Z.65 F720
G1 E.8 F2100
;TYPE:Solid infill
;WIDTH:0.37219
G1 F4800
G1 X106.949 Y90.512 E.00327
;WIDTH:0.411095
G1 X107.155 Y90.524 E.00488
;WIDTH:0.449999
G1 X107.361 Y90.535 E.00538
G1 X106.719 Y91.178 E.02368
G1 X106.716 Y91.772 E.01548
G1 X107.962 Y90.526 E.04591
G1 X108.552 Y90.526 E.01537
G1 X106.716 Y92.363 E.06767
G1 X106.716 Y92.953 E.01537
G1 X109.143 Y90.526 E.08943
G1 X109.734 Y90.526 E.0154
G1 X106.716 Y93.544 E.11121
G1 X106.716 Y94.135 E.0154
G1 X110.325 Y90.526 E.13299
G1 X110.916 Y90.526 E.0154
G1 X106.716 Y94.726 E.15476
G1 X106.716 Y95.317 E.0154
G1 X111.506 Y90.526 E.17652
G1 X112.097 Y90.526 E.0154
G1 X106.716 Y95.908 E.1983
G1 X106.716 Y96.499 E.0154
G1 X112.688 Y90.527 E.22006
G1 X113.279 Y90.527 E.0154
G1 X106.716 Y97.089 E.24182
G1 X106.716 Y97.68 E.0154
G1 X113.869 Y90.527 E.26358
G1 X114.46 Y90.527 E.0154
G1 X106.716 Y98.271 E.28535
G1 X106.716 Y98.862 E.0154
G1 X115.051 Y90.527 E.30713
G1 X115.642 Y90.527 E.0154
G1 X106.716 Y99.453 E.32891
G1 X106.716 Y100.044 E.0154
G1 X116.233 Y90.527 E.35069
G1 X116.823 Y90.527 E.01537
G1 X106.716 Y100.635 E.37244
G1 X106.716 Y101.226 E.0154
G1 X117.414 Y90.527 E.39422
G1 X118.005 Y90.527 E.0154
G1 X106.716 Y101.816 E.41598
G1 X106.716 Y102.407 E.0154
G1 X118.596 Y90.527 E.43776
G1 X119.187 Y90.527 E.0154
G1 X106.716 Y102.998 E.45954
G1 X106.716 Y103.589 E.0154
G1 X119.777 Y90.527 E.48129
G1 X120.368 Y90.528 E.0154
G1 X106.716 Y104.18 E.50305
G1 X106.716 Y104.771 E.0154
G1 X120.959 Y90.528 E.52483
G1 X121.55 Y90.528 E.0154
G1 X106.716 Y105.362 E.54661
G1 X106.716 Y105.953 E.0154
G1 X122.141 Y90.528 E.56839
G1 X122.731 Y90.528 E.01537
G1 X106.716 Y106.543 E.59013
G1 X106.716 Y107.134 E.0154
G1 X123.322 Y90.528 E.6119
G1 X123.913 Y90.528 E.0154
G1 X106.716 Y107.725 E.63368
G1 X106.716 Y108.316 E.0154
G1 X124.504 Y90.528 E.65546
G1 X125.094 Y90.528 E.01537
G1 X106.716 Y108.907 E.67722
G1 X106.67 Y109.07 E.00441
;WIDTH:0.411095
G1 X106.623 Y109.232 E.00399
;WIDTH:0.37219
G1 X106.582 Y109.243 E.0009
G1 X106.563 Y109.172 E.00156
G1 X106.634 Y109.191 E.00156
;WIPE_START
G1 F8640
G1 X106.563 Y109.172 E-.01697
G1 X106.582 Y109.243 E-.01697
G1 X106.623 Y109.232 E-.0098
G1 X106.67 Y109.07 E-.03895
G1 X106.716 Y108.907 E-.03911
G1 X108.793 Y106.83 E-.6782
;WIPE_END
G1 Z1.05 F720
G1 X119.814 Y96.399 F10800
G1 Z.65 F720
G1 E.8 F2100
;WIDTH:0.449999
G1 F4800
G1 X125.685 Y90.528 E.21634
G1 X126.276 Y90.528 E.0154
G1 X120.42 Y96.384 E.21578
G1 X121.011 Y96.384 E.0154
G1 X126.867 Y90.528 E.21578
G1 X127.458 Y90.529 E.0154
G1 X121.602 Y96.384 E.21577
G1 X122.193 Y96.384 E.0154
G1 X128.048 Y90.529 E.21575
G1 X128.639 Y90.529 E.0154
G1 X122.784 Y96.384 E.21575
;WIPE_START
G1 F8640
G1 X125.234 Y93.934 E-.8
;WIPE_END
G1 Z1.05 F720
G1 X123.944 Y95.814 F10800
G1 Z.65 F720
G1 E.8 F2100
;WIDTH:0.448962
G1 F4800
G1 X123.373 Y96.385 E.02099
G1 X124.085 Y96.385 E.01851
G1 X124.091 Y95.667 E.01866
;WIPE_START
G1 F8640
G1 X124.085 Y96.385 E-.16579
G1 X123.373 Y96.385 E-.1644
G1 X123.944 Y95.814 E-.18646
;WIPE_END
G1 E-.28335 F2100
G1 Z1.05 F720
G1 X125.164 Y94.513 F10800
G1 Z.65 F720
G1 E.8 F2100
;WIDTH:0.37219
G1 F4800
G1 X125.123 Y94.524 E.0009
G1 X125.104 Y94.453 E.00156
G1 X125.175 Y94.472 E.00156
;WIDTH:0.411095
G1 X125.303 Y94.4 E.00347
;WIDTH:0.449999
G1 X125.43 Y94.329 E.00379
G1 X129.23 Y90.529 E.14002
G1 X129.821 Y90.529 E.0154
G1 X125.947 Y94.403 E.14275
G1 X126.334 Y94.606 E.01139
G1 X130.412 Y90.529 E.15025
G1 X131.002 Y90.529 E.01537
G1 X126.677 Y94.855 E.15939
G1 X127.019 Y95.103 E.01101
G1 X131.593 Y90.529 E.16854
G1 X132.184 Y90.529 E.0154
G1 X127.362 Y95.352 E.1777
G1 X127.704 Y95.6 E.01101
G1 X132.775 Y90.529 E.18686
G1 X133.366 Y90.529 E.0154
G1 X128.046 Y95.848 E.19601
G1 X128.389 Y96.097 E.01104
G1 X133.956 Y90.529 E.20515
G1 X134.547 Y90.53 E.0154
G1 X128.731 Y96.345 E.21429
G1 X129.074 Y96.594 E.01104
G1 X135.138 Y90.53 E.22345
G1 X135.729 Y90.53 E.0154
G1 X129.416 Y96.842 E.23261
G1 X129.759 Y97.091 E.01104
G1 X136.319 Y90.53 E.24174
G1 X136.91 Y90.53 E.0154
G1 X130.101 Y97.339 E.2509
G1 X130.443 Y97.588 E.01102
G1 X137.501 Y90.53 E.26008
G1 X138.092 Y90.53 E.0154
G1 X130.786 Y97.836 E.26921
G1 X131.105 Y98.108 E.01092
G1 X138.683 Y90.53 E.27924
G1 X139.273 Y90.53 E.01537
G1 X131.322 Y98.481 E.29298
G1 X131.315 Y99.295 E.02121
;WIDTH:0.37219
G1 X131.274 Y99.306 E.0009
G1 X131.255 Y99.235 E.00156
G1 X131.326 Y99.254 E.00156
;WIDTH:0.411095
G1 X131.376 Y99.111 E.00358
;WIDTH:0.449999
G1 X131.425 Y98.969 E.00391
G1 X139.864 Y90.53 E.31096
G1 X140.455 Y90.53 E.0154
G1 X131.139 Y99.846 E.34328
;WIPE_START
G1 F8640
G1 X133.589 Y97.396 E-.8
;WIPE_END
G1 Z1.05 F720
M73 P30 R20
G1 X119.688 Y96.597 F10800
G1 Z.65 F720
M73 Q30 S20
G1 E.8 F2100
;WIDTH:0.37219
G1 F4800
G1 X119.534 Y96.568 E.00332
G1 X119.157 Y96.846 E.00993
G1 X118.767 Y97.32 E.01302
;WIDTH:0.411095
G1 X118.682 Y97.468 E.00403
;WIDTH:0.449999
G1 X118.598 Y97.616 E.00443
G1 X106.716 Y109.498 E.43783
G1 X106.642 Y109.593 E.00314
;WIDTH:0.411095
G1 X106.567 Y109.688 E.00286
;WIDTH:0.37219
G1 X106.526 Y109.699 E.0009
G1 X106.507 Y109.628 E.00156
G1 X106.578 Y109.647 E.00156
;WIDTH:0.449999
G1 X106.623 Y110.414 E.02002
;WIDTH:0.37219
G1 X106.582 Y110.425 E.0009
G1 X106.563 Y110.354 E.00156
G1 X106.634 Y110.373 E.00156
;WIDTH:0.411095
G1 X106.675 Y110.231 E.00349
;WIDTH:0.449999
G1 X106.716 Y110.089 E.00385
G1 X118.588 Y98.216 E.43748
G1 X118.587 Y98.808 E.01543
G1 X109.96 Y107.435 E.31789
G1 X109.881 Y107.628 E.00543
;WIDTH:0.37219
G1 X109.665 Y107.631 E.00458
G1 X109.511 Y107.752 E.00415
G1 X109.161 Y108.137 E.01103
;WIDTH:0.411095
G1 X109.062 Y108.285 E.00421
;WIDTH:0.449999
G1 X108.963 Y108.433 E.00464
G1 X106.716 Y110.68 E.0828
G1 X106.716 Y111.27 E.01537
G1 X108.906 Y109.08 E.0807
G1 X108.906 Y113.114 E.10511
G1 X108.962 Y113.501 E.01019
G1 X109.13 Y113.873 E.01064
G1 X109.269 Y114.035 E.00556
G1 X106.716 Y116.588 E.09407
G1 X106.716 Y111.714 E.127
G1 X106.863 Y111.714 E.00383
G1 X108.758 Y109.819 E.06983
G1 X108.488 Y110.68 F10800
G1 F4800
G1 X108.488 Y113.114 E.06342
G1 X108.549 Y113.564 E.01183
G1 X108.723 Y113.99 E.01199
G1 X107.134 Y115.58 E.05857
G1 X107.134 Y112.07 E.09146
G1 X107.159 Y112.009 E.00172
G1 X108.34 Y110.827 E.04354
G1 X108.045 Y111.749 F10800
;WIDTH:0.500583
G1 F4800
G1 X108.045 Y113.114 E.03987
;WIDTH:0.534992
G1 X108.094 Y113.632 E.01631
;WIDTH:0.550894
G1 X108.161 Y113.889 E.00859
G1 X107.602 Y114.449 E.0256
G1 X107.594 Y113.67 E.0252
;WIDTH:0.534992
G1 X107.577 Y113.114 E.01744
;WIDTH:0.500583
G1 X107.577 Y112.218 E.02617
G1 X107.897 Y111.897 E.01324
;WIPE_START
G1 F8640
G1 X107.577 Y112.218 E-.10466
G1 X107.577 Y113.114 E-.20689
G1 X107.594 Y113.67 E-.12844
G1 X107.602 Y114.449 E-.17988
G1 X108.154 Y113.897 E-.18013
;WIPE_END
G1 Z1.05 F720
G1 X109.586 Y114.309 F10800
G1 Z.65 F720
G1 E.8 F2100
;WIDTH:0.449999
G1 F4800
G1 X106.716 Y117.179 E.10575
G1 X106.716 Y117.77 E.0154
G1 X110.008 Y114.478 E.1213
G1 X110.56 Y114.517 E.01442
G1 X106.716 Y118.361 E.14165
G1 X106.734 Y118.934 E.01494
G1 X111.151 Y114.517 E.16276
;WIPE_START
G1 F8640
G1 X108.701 Y116.967 E-.8
;WIPE_END
G1 Z1.05 F720
G1 X112.209 Y114.029 F10800
G1 Z.65 F720
G1 E.8 F2100
;WIDTH:0.37219
G1 F4800
G1 X112.138 Y114.01 E.00156
G1 X112.157 Y114.081 E.00156
G1 X112.198 Y114.07 E.0009
;WIDTH:0.411095
G1 X112.062 Y114.202 E.00448
;WIDTH:0.449999
G1 X106.934 Y119.324 E.18885
G1 X107.382 Y119.467 E.01225
G1 X112.542 Y114.307 E.19014
G1 X112.992 Y114.448 E.01229
G1 X107.966 Y119.474 E.1852
G1 X108.557 Y119.474 E.0154
G1 X113.494 Y114.537 E.18192
G1 X114.05 Y114.572 E.01452
G1 X109.148 Y119.474 E.18063
G1 X109.738 Y119.474 E.01537
G1 X114.699 Y114.514 E.18279
G1 X114.86 Y114.446 E.00455
;WIDTH:0.411095
G1 X115.021 Y114.378 E.00413
;WIDTH:0.37219
G1 X114.98 Y114.389 E.0009
G1 X114.961 Y114.318 E.00156
G1 X115.032 Y114.337 E.00156
;WIDTH:0.449999
G1 X115.544 Y114.26 E.01349
G1 X110.329 Y119.474 E.19215
G1 X110.92 Y119.474 E.0154
G1 X115.954 Y114.441 E.18548
G1 X116.469 Y114.516 E.01356
G1 X111.511 Y119.474 E.18269
G1 X112.102 Y119.474 E.0154
G1 X117.067 Y114.509 E.18295
G1 X117.76 Y114.407 E.01825
G1 X112.693 Y119.474 E.18671
G1 X113.284 Y119.474 E.0154
G1 X118.244 Y114.514 E.18277
G1 X118.84 Y114.509 E.01553
G1 X113.875 Y119.474 E.18295
G1 X114.465 Y119.474 E.01537
G1 X119.512 Y114.427 E.18597
G1 X120.023 Y114.508 E.01348
G1 X115.056 Y119.474 E.18301
G1 X115.647 Y119.474 E.0154
G1 X120.607 Y114.514 E.18277
;WIPE_START
G1 F8640
G1 X118.157 Y116.964 E-.8
;WIPE_END
G1 Z1.05 F720
G1 X122.068 Y113.669 F10800
G1 Z.65 F720
G1 E.8 F2100
;WIDTH:0.414596
G1 F4800
G1 X122.011 Y113.756 E.00248
;WIDTH:0.373786
G1 X121.572 Y114.221 E.01362
;WIDTH:0.411095
G1 X121.424 Y114.328 E.00432
;WIDTH:0.449999
G1 X121.277 Y114.436 E.00475
G1 X116.238 Y119.474 E.18566
G1 X116.829 Y119.474 E.0154
G1 X122.276 Y114.027 E.20071
G1 X122.59 Y114.304 E.01091
G1 X117.42 Y119.474 E.19051
G1 X118.011 Y119.474 E.0154
G1 X123.009 Y114.476 E.18417
G1 X123.559 Y114.517 E.01437
G1 X118.602 Y119.474 E.18266
G1 X119.192 Y119.474 E.01537
G1 X124.15 Y114.517 E.18268
G1 X124.741 Y114.517 E.0154
G1 X119.783 Y119.474 E.18268
G1 X120.374 Y119.474 E.0154
G1 X125.332 Y114.517 E.18268
G1 X125.923 Y114.517 E.0154
G1 X120.965 Y119.474 E.18268
G1 X121.556 Y119.474 E.0154
G1 X126.533 Y114.497 E.18339
G1 X126.674 Y114.386 E.00468
;WIDTH:0.411095
G1 X126.815 Y114.274 E.00425
;WIDTH:0.37219
G1 X127.054 Y114.192 E.00536
;WIDTH:0.449999
G1 X127.229 Y114.392 E.00692
G1 X122.147 Y119.474 E.18726
G1 X122.738 Y119.474 E.0154
G1 X127.692 Y114.52 E.18255
G1 X128.233 Y114.57 E.01416
G1 X123.329 Y119.474 E.1807
G1 X123.919 Y119.474 E.01537
G1 X128.883 Y114.511 E.1829
G1 X129.029 Y114.421 E.00447
;WIDTH:0.411095
G1 X129.176 Y114.332 E.00406
;WIDTH:0.37219
G1 X129.019 Y114.314 E.00335
G1 X129.887 Y114.098 F10800
;WIDTH:0.449999
G1 F4800
G1 X124.51 Y119.474 E.19812
G1 X125.101 Y119.474 E.0154
G1 X130.259 Y114.317 E.19005
G1 X130.696 Y114.47 E.01206
G1 X125.692 Y119.474 E.18439
G1 X126.283 Y119.474 E.0154
G1 X131.207 Y114.55 E.18144
G1 X131.788 Y114.56 E.01514
G1 X126.874 Y119.474 E.18107
G1 X127.465 Y119.474 E.0154
G1 X132.524 Y114.415 E.18642
G1 X132.426 Y114.264 E.00469
;WIDTH:0.37219
G1 X132.74 Y114.199 E.0068
G1 X132.819 Y114.216 E.00171
G1 X133.393 Y113.749 E.01569
G1 X133.64 Y113.502 E.00741
;WIDTH:0.411095
G1 X133.763 Y113.573 E.00336
;WIDTH:0.449999
G1 X133.886 Y113.643 E.00369
G1 X128.055 Y119.474 E.21486
G1 X128.646 Y119.474 E.0154
G1 X134.199 Y113.922 E.2046
G1 X134.494 Y114.217 E.01087
G1 X129.237 Y119.474 E.19371
G1 X129.828 Y119.474 E.0154
G1 X134.876 Y114.427 E.18599
G1 X135.377 Y114.517 E.01326
G1 X130.419 Y119.474 E.18268
G1 X131.01 Y119.474 E.0154
G1 X135.967 Y114.517 E.18266
G1 X136.635 Y114.44 E.01752
G1 X131.601 Y119.474 E.18549
G1 X132.192 Y119.474 E.0154
G1 X137.268 Y114.398 E.18704
G1 X137.128 Y114.295 E.00453
;WIDTH:0.411095
G1 X136.988 Y114.192 E.00411
;WIDTH:0.37219
G1 X136.947 Y114.203 E.0009
G1 X136.928 Y114.131 E.00158
G1 X136.999 Y114.151 E.00156
;WIDTH:0.449999
G1 X137.741 Y114.515 E.02153
G1 X132.782 Y119.474 E.18273
G1 X133.373 Y119.474 E.0154
G1 X138.284 Y114.563 E.18096
G1 X138.893 Y114.546 E.01587
G1 X133.964 Y119.474 E.18161
G1 X134.555 Y119.474 E.0154
G1 X139.643 Y114.387 E.18747
G1 X139.79 Y114.281 E.00472
;WIDTH:0.411095
G1 X139.938 Y114.176 E.00429
;WIDTH:0.37219
G1 X140.522 Y113.7 E.01597
G1 X140.944 Y113.227 E.01344
;WIPE_START
G1 F8640
G1 X140.522 Y113.7 E-.14637
G1 X139.938 Y114.176 E-.17397
G1 X139.79 Y114.281 E-.0419
G1 X139.643 Y114.387 E-.04185
G1 X138.43 Y115.599 E-.39591
;WIPE_END
G1 Z1.05 F720
G1 X118.586 Y99.4 F10800
G1 Z.65 F720
G1 E.8 F2100
;WIDTH:0.449999
G1 F4800
G1 X110.601 Y107.386 E.29425
G1 X111.191 Y107.386 E.01537
G1 X118.585 Y99.992 E.27246
G1 X118.628 Y100.54 E.01432
G1 X111.696 Y107.471 E.25541
;WIPE_START
G1 F8640
G1 X114.146 Y105.021 E-.8
;WIPE_END
G1 Z1.05 F720
G1 X112.81 Y107.66 F10800
G1 Z.65 F720
G1 E.8 F2100
;WIDTH:0.37219
G1 F4800
G1 X112.139 Y107.882 E.01499
;WIDTH:0.411095
G1 X112.112 Y107.778 E.00254
;WIDTH:0.449999
G1 X112.085 Y107.673 E.00282
G1 X118.802 Y100.957 E.24749
G1 X119.073 Y101.276 E.01091
G1 X112.875 Y107.475 E.2284
G1 X113.584 Y107.356 E.01873
G1 X119.438 Y101.502 E.21571
G1 X119.921 Y101.61 E.0129
G1 X114.197 Y107.334 E.21092
G1 X114.735 Y107.387 E.01409
G1 X120.511 Y101.611 E.21284
G1 X121.101 Y101.612 E.01537
G1 X115.212 Y107.501 E.217
G1 X115.647 Y107.824 E.01412
;WIDTH:0.37219
G1 X115.606 Y107.835 E.0009
G1 X115.587 Y107.764 E.00156
G1 X115.658 Y107.783 E.00156
;WIDTH:0.411095
G1 X115.695 Y107.677 E.00265
;WIDTH:0.449999
G1 X115.732 Y107.572 E.0029
G1 X121.691 Y101.613 E.21958
G1 X122.282 Y101.613 E.0154
G1 X116.509 Y107.386 E.21273
G1 X117.097 Y107.389 E.01532
G1 X122.872 Y101.614 E.2128
G1 X123.462 Y101.615 E.01537
G1 X117.684 Y107.392 E.21289
G1 X118.171 Y107.496 E.01298
G1 X124.052 Y101.616 E.21669
G1 X124.084 Y102.174 E.01456
G1 X118.538 Y107.72 E.20436
G1 X119.303 Y107.599 E.02018
M73 P31 R20
;WIDTH:0.37219
G1 X119.154 Y107.563 E.00325
;WIDTH:0.411095
G1 X119.302 Y107.481 E.004
;WIDTH:0.449999
G1 X119.45 Y107.4 E.0044
G1 X124.151 Y102.698 E.17324
G1 X124.346 Y103.094 E.0115
G1 X120.055 Y107.386 E.15813
G1 X120.645 Y107.386 E.01537
M73 Q31 S20
G1 X124.641 Y103.39 E.14725
G1 X125.025 Y103.597 E.01137
G1 X121.182 Y107.44 E.14161
G1 X121.584 Y107.629 E.01157
G1 X125.541 Y103.672 E.14581
G1 X125.703 Y103.612 E.0045
;WIDTH:0.411095
G1 X125.864 Y103.552 E.00406
;WIDTH:0.37219
G1 X125.823 Y103.563 E.0009
G1 X125.804 Y103.492 E.00156
G1 X125.875 Y103.511 E.00156
;WIPE_START
G1 F8640
G1 X125.804 Y103.492 E-.01697
G1 X125.823 Y103.563 E-.01697
G1 X125.864 Y103.552 E-.0098
G1 X125.703 Y103.612 E-.03967
G1 X125.541 Y103.672 E-.03989
G1 X123.468 Y105.744 E-.6767
;WIPE_END
G1 Z1.05 F720
G1 X128.115 Y101.913 F10800
G1 Z.65 F720
G1 E.8 F2100
;WIDTH:0.387998
G1 F4800
G1 X126.901 Y102.946 E.03537
;WIDTH:0.418999
G1 X126.754 Y103.072 E.00467
;WIDTH:0.449999
G1 X126.606 Y103.198 E.00506
G1 X121.895 Y107.908 E.17357
G1 X122.109 Y108.286 E.01132
G1 X128.733 Y101.661 E.2441
G1 X128.881 Y101.536 E.00505
;WIDTH:0.418999
G1 X129.028 Y101.41 E.00467
;WIDTH:0.387998
G1 X130.242 Y100.376 E.03538
;WIDTH:0.449999
G1 X130.873 Y100.113 E.01781
G1 X123.197 Y107.788 E.28283
G1 X123.049 Y107.915 E.00508
;WIDTH:0.419987
G1 X122.902 Y108.041 E.00468
;WIDTH:0.41642
G1 X122.639 Y108.322 E.00922
;WIDTH:0.442866
G1 X122.377 Y108.604 E.00986
;WIDTH:0.483564
G1 X122.308 Y108.697 E.00326
;WIDTH:0.524262
G1 X122.239 Y108.79 E.00355
;WIPE_START
G1 F8640
G1 X122.308 Y108.697 E-.02674
G1 X122.377 Y108.604 E-.02674
G1 X122.639 Y108.322 E-.08888
G1 X122.902 Y108.041 E-.08887
G1 X123.049 Y107.915 E-.04471
G1 X123.197 Y107.788 E-.04503
G1 X124.664 Y106.321 E-.47903
;WIPE_END
G1 Z1.05 F720
G1 X123.903 Y107.597 F10800
G1 Z.65 F720
G1 E.8 F2100
;WIDTH:0.37219
G1 F4800
G1 X123.862 Y107.608 E.0009
G1 X123.843 Y107.537 E.00156
G1 X123.914 Y107.556 E.00156
;WIDTH:0.411095
G1 X124.041 Y107.482 E.00347
;WIDTH:0.449999
G1 X124.168 Y107.408 E.00383
G1 X141.046 Y90.53 E.62193
G1 X141.637 Y90.531 E.0154
G1 X124.834 Y107.333 E.61914
G1 X125.388 Y107.37 E.01447
G1 X142.227 Y90.531 E.62049
G1 X142.8 Y90.549 E.01494
G1 X125.874 Y107.475 E.6237
G1 X126.305 Y107.634 E.01197
G1 X143.161 Y90.779 E.6211
G1 X143.284 Y91.246 E.01258
G1 X126.774 Y107.764 E.60851
;WIDTH:0.411095
G1 X126.645 Y107.9 E.00443
;WIDTH:0.37219
G1 X126.574 Y107.881 E.00156
G1 X126.593 Y107.952 E.00156
G1 X126.634 Y107.941 E.0009
G1 X127.492 Y107.556 F10800
G1 F4800
G1 X127.451 Y107.567 E.0009
G1 X127.432 Y107.496 E.00156
G1 X127.503 Y107.515 E.00156
;WIDTH:0.411095
G1 X127.629 Y107.441 E.00345
;WIDTH:0.449999
G1 X127.754 Y107.367 E.00378
G1 X143.284 Y91.837 E.57225
G1 X143.284 Y92.428 E.0154
G1 X128.372 Y107.341 E.5495
G1 X128.909 Y107.394 E.01406
G1 X143.284 Y93.019 E.5297
G1 X143.284 Y93.61 E.0154
G1 X129.357 Y107.537 E.51319
G1 X129.759 Y107.726 E.01157
G1 X143.284 Y94.201 E.49837
G1 X143.284 Y94.792 E.0154
G1 X130.585 Y107.491 E.46794
G1 X130.438 Y107.592 E.00465
;WIDTH:0.411095
G1 X130.29 Y107.694 E.00425
;WIDTH:0.37219
G1 X130.45 Y107.698 E.00339
G1 X131.325 Y107.341 F10800
;WIDTH:0.449999
G1 F4800
G1 X143.284 Y95.382 E.44067
G1 X143.284 Y95.973 E.0154
G1 X131.919 Y107.339 E.4188
G1 X132.416 Y107.432 E.01317
G1 X143.284 Y96.564 E.40047
G1 X143.284 Y97.155 E.0154
G1 X132.856 Y107.584 E.38427
G1 X133.243 Y107.787 E.01139
G1 X143.284 Y97.746 E.36999
G1 X143.284 Y98.337 E.0154
G1 X133.572 Y108.049 E.35787
G1 X133.838 Y108.358 E.01062
;WIDTH:0.427328
G1 X134.041 Y108.115 E.0078
;WIDTH:0.399759
G1 X134.244 Y107.871 E.00728
;WIDTH:0.37219
G1 X134.448 Y107.686 E.00584
;WIDTH:0.449999
G1 X134.744 Y107.468 E.00958
G1 X143.284 Y98.928 E.31468
G1 X143.284 Y99.519 E.0154
G1 X135.406 Y107.397 E.29029
G1 X135.997 Y107.397 E.0154
G1 X143.284 Y100.109 E.26853
G1 X143.284 Y100.7 E.0154
G1 X136.544 Y107.44 E.24836
G1 X136.951 Y107.624 E.01164
G1 X143.284 Y101.291 E.23336
G1 X143.284 Y101.882 E.0154
G1 X137.777 Y107.389 E.20292
G1 X137.651 Y107.462 E.00379
;WIDTH:0.411095
G1 X137.526 Y107.536 E.00343
;WIDTH:0.37219
G1 X137.454 Y107.517 E.00158
G1 X137.474 Y107.588 E.00156
G1 X137.515 Y107.577 E.0009
G1 X138.425 Y107.332 F10800
;WIDTH:0.449999
G1 F4800
G1 X143.284 Y102.473 E.17905
G1 X143.284 Y103.064 E.0154
G1 X138.98 Y107.368 E.1586
G1 X139.465 Y107.474 E.01294
G1 X143.284 Y103.655 E.14072
G1 X143.284 Y104.245 E.01537
M73 P31 R19
G1 X139.894 Y107.635 E.12492
G1 X140.262 Y107.858 E.01121
G1 X143.284 Y104.836 E.11136
G1 X143.284 Y105.427 E.0154
G1 X140.584 Y108.128 E.09951
G1 X140.858 Y108.444 E.0109
G1 X143.284 Y106.018 E.08939
G1 X143.284 Y110.893 E.12702
G1 X143.137 Y110.893 E.00383
G1 X141.245 Y112.784 E.0697
G1 X141.298 Y112.646 E.00385
G1 X141.392 Y112.044 E.01588
G1 X141.354 Y111.453 E.01543
G1 X141.275 Y111.08 E.00993
G1 X141.114 Y110.742 E.00975
G1 X141.258 Y110.296 E.01221
G1 X141.286 Y109.742 E.01445
G1 X141.23 Y109.333 E.01076
G1 X141.068 Y108.825 E.01389
G1 X143.137 Y106.757 E.07622
G1 X142.866 Y107.618 F10800
G1 F4800
G1 X142.866 Y110.597 E.07762
G1 X142.841 Y110.597 E.00065
G1 X141.786 Y111.653 E.03889
G1 X141.683 Y110.99 E.01748
G1 X141.566 Y110.712 E.00786
G1 X141.675 Y110.317 E.01068
G1 X141.703 Y109.763 E.01445
G1 X141.65 Y109.303 E.01206
G1 X141.549 Y108.935 E.00994
G1 X142.719 Y107.765 E.04311
G1 X142.452 Y108.619 F10800
;WIDTH:0.44395
G1 F4800
G1 X142.456 Y109.216 E.01533
;WIDTH:0.434786
G1 X142.471 Y109.792 E.01447
;WIDTH:0.418627
G1 X142.464 Y110.405 E.01477
G1 X142.049 Y110.821 E.01416
G1 X142.013 Y110.71 E.00281
G1 X142.078 Y110.316 E.00962
G1 X142.092 Y109.586 E.0176
;WIDTH:0.44395
G1 X142.016 Y109.055 E.01377
G1 X142.304 Y108.767 E.01046
;WIPE_START
G1 F8640
G1 X142.016 Y109.055 E-.09405
G1 X142.092 Y109.586 E-.12386
G1 X142.078 Y110.316 E-.16859
G1 X142.013 Y110.71 E-.09221
G1 X142.049 Y110.821 E-.02694
G1 X142.464 Y110.405 E-.13568
G1 X142.471 Y109.792 E-.14155
G1 X142.469 Y109.718 E-.01712
;WIPE_END
G1 Z1.05 F720
G1 X143.284 Y111.336 F10800
G1 Z.65 F720
G1 E.8 F2100
;WIDTH:0.449999
G1 F4800
G1 X135.146 Y119.474 E.29987
G1 X135.737 Y119.474 E.0154
G1 X143.284 Y111.927 E.27809
G1 X143.284 Y112.518 E.0154
G1 X136.328 Y119.474 E.25632
G1 X136.919 Y119.474 E.0154
G1 X143.284 Y113.109 E.23454
G1 X143.284 Y113.699 E.01537
G1 X137.509 Y119.474 E.2128
G1 X138.1 Y119.474 E.0154
G1 X143.284 Y114.29 E.19102
G1 X143.284 Y114.881 E.0154
G1 X138.691 Y119.474 E.16924
G1 X139.282 Y119.474 E.0154
G1 X143.284 Y115.472 E.14747
G1 X143.284 Y116.063 E.0154
G1 X139.873 Y119.474 E.12569
G1 X140.464 Y119.474 E.0154
G1 X143.284 Y116.654 E.10391
G1 X143.284 Y117.245 E.0154
M73 Q31 S19
G1 X141.055 Y119.474 E.08213
;WIPE_START
G1 F8640
G1 X143.284 Y117.245 E-.72787
G1 X143.284 Y116.932 E-.07213
;WIPE_END
G1 Z1.05 F720
G1 X143.137 Y117.983 F10800
G1 Z.65 F720
G1 E.8 F2100
G1 F4800
G1 X141.646 Y119.474 E.05494
G1 X142.608 Y119.474 E.02507
G1 X142.986 Y119.386 E.01011
G1 X143.218 Y119.122 E.00916
G1 X143.284 Y118.723 E.01054
G1 X143.284 Y117.836 E.02311
;WIPE_START
G1 F8640
G1 X143.284 Y118.723 E-.20481
G1 X143.218 Y119.122 E-.09338
G1 X142.986 Y119.386 E-.08115
G1 X142.608 Y119.474 E-.08962
G1 X141.646 Y119.474 E-.22213
G1 X141.979 Y119.141 E-.10891
;WIPE_END
G1 Z1.05 F720
G1 X138.448 Y112.316 F10800
G1 Z.65 F720
G1 E.8 F2100
M204 S800
;TYPE:External perimeter
G1 F1500
G1 X138.186 Y112.272 E.00692
G1 X138.082 Y112.171 E.00378
G1 X138.014 Y111.763 E.01078
G1 X138.133 Y111.47 E.00824
G1 X138.342 Y111.396 E.00578
G1 X138.592 Y111.401 E.00652
G1 X138.789 Y111.506 E.00582
G1 X138.859 Y111.753 E.00669
G1 X138.834 Y112.113 E.0094
G1 X138.73 Y112.256 E.00461
G1 X138.506 Y112.304 E.00597
M204 S1000
;WIPE_START
G1 F8640
G1 X138.448 Y112.316 E-.01368
G1 X138.186 Y112.272 E-.06134
G1 X138.082 Y112.171 E-.03347
G1 X138.014 Y111.763 E-.09551
G1 X138.133 Y111.47 E-.07302
G1 X138.342 Y111.396 E-.05119
G1 X138.592 Y111.401 E-.05774
G1 X138.789 Y111.506 E-.05155
G1 X138.859 Y111.753 E-.05928
G1 X138.834 Y112.113 E-.08333
G1 X138.73 Y112.256 E-.04083
G1 X138.506 Y112.304 E-.0529
;WIPE_END
G1 E-.12616 F2100
G1 Z1.05 F720
G1 X138.461 Y110.245 F10800
G1 Z.65 F720
G1 E.8 F2100
M204 S800
;WIDTH:0.551368
G1 F1500
G1 X138.346 Y110.256 E.00374
G1 X138.216 Y110.171 E.00503
G1 X138.167 Y109.811 E.01176
G1 X138.24 Y109.674 E.00503
G1 X138.4 Y109.633 E.00535
G1 X138.643 Y109.676 E.00799
G1 X138.684 Y109.762 E.00308
G1 X138.7 Y109.978 E.00701
G1 X138.645 Y110.198 E.00734
G1 X138.571 Y110.234 E.00266
G1 X138.521 Y110.239 E.00163
M204 S1000
;WIPE_START
G1 F8640
G1 X138.461 Y110.245 E-.01392
G1 X138.346 Y110.256 E-.02668
G1 X138.216 Y110.171 E-.03586
G1 X138.167 Y109.811 E-.08389
G1 X138.24 Y109.674 E-.03584
G1 X138.4 Y109.633 E-.03814
G1 X138.643 Y109.676 E-.05698
G1 X138.684 Y109.762 E-.022
G1 X138.7 Y109.978 E-.05001
G1 X138.645 Y110.198 E-.05236
G1 X138.571 Y110.234 E-.019
G1 X138.521 Y110.239 E-.0116
;WIPE_END
G1 E-.35372 F2100
G1 Z1.05 F720
G1 X134.743 Y111.359 F10800
G1 Z.65 F720
G1 E.8 F2100
M204 S800
;WIDTH:0.456679
G1 F1500
G1 X134.524 Y111.359 E.0058
G1 X135.131 Y110.436 E.02924
G1 X135.13 Y111.359 E.02443
G1 X134.803 Y111.359 E.00866
M204 S1000
;WIPE_START
G1 F8640
G1 X134.743 Y111.359 E-.01385
G1 X134.524 Y111.359 E-.05057
G1 X135.131 Y110.436 E-.25508
G1 X135.13 Y111.359 E-.21312
G1 X134.803 Y111.359 E-.07551
;WIPE_END
G1 E-.19187 F2100
G1 Z1.05 F720
G1 X131.668 Y110.231 F10800
G1 Z.65 F720
G1 E.8 F2100
M204 S800
;TYPE:Perimeter
;WIDTH:0.388322
G1 F1500
G1 X131.646 Y110.269 E.00098
G1 X131.579 Y110.231 E.00171
G1 X131.646 Y110.192 E.00172
M204 S1000
G1 X131.613 Y110.729 F10800
M204 S800
;TYPE:External perimeter
;WIDTH:0.449999
G1 F1500
G1 X131.512 Y110.724 E.00263
G1 X131.319 Y110.575 E.00635
G1 X131.251 Y110.336 E.00647
G1 X131.26 Y109.994 E.00891
G1 X131.322 Y109.81 E.00506
G1 X131.467 Y109.664 E.00536
G1 X131.717 Y109.661 E.00651
G1 X131.927 Y109.837 E.00714
G1 X132 Y110.074 E.00646
G1 X132.001 Y110.427 E.0092
G1 X131.868 Y110.655 E.00688
G1 X131.706 Y110.733 E.00468
G1 X131.673 Y110.732 E.00086
M204 S1000
;WIPE_START
G1 F8640
G1 X131.613 Y110.729 E-.01387
G1 X131.512 Y110.724 E-.02335
G1 X131.319 Y110.575 E-.0563
G1 X131.251 Y110.336 E-.05738
G1 X131.26 Y109.994 E-.079
G1 X131.322 Y109.81 E-.04483
G1 X131.467 Y109.664 E-.04751
G1 X131.717 Y109.661 E-.05773
G1 X131.927 Y109.837 E-.06327
G1 X132 Y110.074 E-.05726
M73 P32 R19
G1 X132.001 Y110.427 E-.08151
G1 X131.868 Y110.655 E-.06095
G1 X131.706 Y110.733 E-.04152
G1 X131.673 Y110.732 E-.00762
;WIPE_END
G1 E-.1079 F2100
G1 Z1.05 F720
G1 X128.245 Y111.497 F10800
G1 Z.65 F720
G1 E.8 F2100
M204 S800
;TYPE:Perimeter
;WIDTH:0.399222
G1 F1500
G1 X128.246 Y110.653 E.01932
G1 X128.254 Y110.407 E.00563
M73 Q32 S19
M204 S1000
;WIPE_START
G1 F8640
G1 X128.246 Y110.653 E-.05683
G1 X128.245 Y111.497 E-.19488
;WIPE_END
G1 E-.54829 F2100
G1 Z1.05 F720
G1 X128.239 Y112.245 F10800
G1 Z.65 F720
G1 E.8 F2100
M204 S800
;TYPE:External perimeter
;WIDTH:0.449999
G1 F1500
G1 X128.195 Y112.253 E.00117
G1 X128.025 Y112.159 E.00506
G1 X127.917 Y111.856 E.00838
G1 X127.867 Y111.523 E.00877
G1 X127.853 Y110.639 E.02304
G1 X127.898 Y110.109 E.01386
G1 X127.975 Y109.839 E.00732
G1 X128.107 Y109.668 E.00563
G1 X128.228 Y109.652 E.00318
G1 X128.455 Y109.701 E.00605
G1 X128.549 Y109.878 E.00522
G1 X128.634 Y110.401 E.01381
G1 X128.647 Y111.248 E.02207
G1 X128.6 Y111.769 E.01363
G1 X128.518 Y112.051 E.00765
G1 X128.417 Y112.211 E.00493
G1 X128.298 Y112.234 E.00316
M204 S1000
;LAYER_CHANGE
;Z:0.8
;HEIGHT:0.15
;BEFORE_LAYER_CHANGE
G92 E0.0
;0.8


;WIPE_START
G1 F8640
G1 X128.239 Y112.245 E-.01386
G1 X128.195 Y112.253 E-.01033
G1 X128.025 Y112.159 E-.04485
G1 X127.917 Y111.856 E-.07428
G1 X127.867 Y111.523 E-.07775
G1 X127.853 Y110.639 E-.20414
G1 X127.898 Y110.109 E-.12282
G1 X127.975 Y109.839 E-.06483
G1 X128.107 Y109.668 E-.04988
G1 X128.228 Y109.652 E-.02818
G1 X128.455 Y109.701 E-.05362
G1 X128.549 Y109.878 E-.04628
G1 X128.555 Y109.917 E-.00918
;WIPE_END
G1 Z.8 F720
;AFTER_LAYER_CHANGE
;0.8
G1 Z1.2
G1 X125 Y119.829 F10800
G1 Z.8 F720
G1 E.8 F2100
M204 S800
;TYPE:Perimeter
G1 F2700
G1 X107.369 Y119.829 E.45939
G1 X106.947 Y119.742 E.01123
G1 X106.642 Y119.548 E.00942
G1 X106.448 Y119.243 E.00942
G1 X106.361 Y118.821 E.01123
G1 X106.361 Y91.138 E.7213
G1 X106.462 Y90.744 E.0106
G1 X106.642 Y90.452 E.00894
G1 X106.942 Y90.26 E.00928
G1 X107.369 Y90.171 E.01136
G1 X142.755 Y90.177 E.92201
G1 X143.165 Y90.304 E.01118
G1 X143.432 Y90.548 E.00942
G1 X143.599 Y90.869 E.00943
G1 X143.639 Y91.249 E.00996
G1 X143.639 Y118.821 E.71841
G1 X143.552 Y119.243 E.01123
G1 X143.358 Y119.548 E.00942
G1 X143.053 Y119.742 E.00942
G1 X142.631 Y119.829 E.01123
G1 X125.06 Y119.829 E.45783
M204 S1000
G1 X125 Y120.247 F10800
M204 S800
G1 F2700
G1 X107.44 Y120.247 E.45754
G1 X106.95 Y120.196 E.01284
G1 X106.624 Y120.061 E.00919
G1 X106.344 Y119.846 E.0092
G1 X106.129 Y119.566 E.0092
G1 X105.994 Y119.24 E.00919
G1 X105.943 Y118.848 E.0103
G1 X105.943 Y91.249 E.71911
G1 X105.979 Y90.839 E.01072
G1 X106.135 Y90.426 E.0115
G1 X106.344 Y90.154 E.00894
G1 X106.624 Y89.939 E.0092
G1 X106.95 Y89.804 E.00919
G1 X107.342 Y89.753 E.0103
G1 X142.567 Y89.759 E.91781
G1 X143.046 Y89.803 E.01253
G1 X143.376 Y89.939 E.0093
G1 X143.656 Y90.154 E.0092
G1 X143.871 Y90.434 E.0092
G1 X144.006 Y90.76 E.00919
G1 X144.057 Y91.249 E.01281
G1 X144.057 Y118.75 E.71656
G1 X144.006 Y119.24 E.01284
G1 X143.871 Y119.566 E.00919
G1 X143.656 Y119.846 E.0092
G1 X143.376 Y120.061 E.0092
G1 X143.05 Y120.196 E.00919
G1 X142.658 Y120.247 E.0103
G1 X125.06 Y120.247 E.45853
M204 S1000
G1 X125 Y120.665 F10800
M204 S800
;TYPE:External perimeter
G1 F1500
G1 X107.44 Y120.665 E.45754
G1 X106.841 Y120.603 E.01569
G1 X106.413 Y120.426 E.01207
G1 X106.046 Y120.144 E.01206
G1 X105.764 Y119.777 E.01206
G1 X105.587 Y119.349 E.01207
G1 X105.525 Y118.876 E.01243
G1 X105.525 Y91.249 E.71984
G1 X105.57 Y90.739 E.01334
G1 X105.766 Y90.221 E.01443
G1 X106.046 Y89.856 E.01199
G1 X106.413 Y89.575 E.01204
G1 X106.841 Y89.397 E.01208
G1 X107.314 Y89.335 E.01243
G1 X141.978 Y89.341 E.9032
G1 X142.647 Y89.341 E.01743
G1 X143.157 Y89.397 E.01337
G1 X143.587 Y89.574 E.01212
G1 X143.954 Y89.856 E.01206
G1 X144.236 Y90.223 E.01206
G1 X144.413 Y90.651 E.01207
G1 X144.475 Y91.249 E.01566
G1 X144.475 Y118.75 E.71656
G1 X144.413 Y119.349 E.01569
G1 X144.236 Y119.777 E.01207
G1 X143.954 Y120.144 E.01206
G1 X143.587 Y120.426 E.01206
G1 X143.159 Y120.603 E.01207
G1 X142.686 Y120.665 E.01243
G1 X125.06 Y120.665 E.45926
M204 S1000
;WIPE_START
G1 F8640
G1 X125 Y120.665 E-.01385
G1 X121.595 Y120.665 E-.78615
;WIPE_END
G1 Z1.2 F720
G1 X140.265 Y113.899 F10800
G1 Z.8 F720
G1 E.8 F2100
;TYPE:Bridge infill
;WIDTH:0.460318
G1 F1500
G1 X139.029 Y114.203 E.03398
G1 X138.642 Y114.24 E.01038
G1 X138.072 Y114.228 E.01522
G1 X137.551 Y114.135 E.01413
G1 X140.545 Y113.389 E.08238
G1 X140.754 Y113.098 E.00957
G1 X140.872 Y112.866 E.00695
G1 X135.575 Y114.187 E.14576
G1 X135.117 Y114.161 E.01225
G1 X134.863 Y114.072 E.00719
G1 X134.696 Y113.965 E.0053
G1 X141.016 Y112.389 E.17391
G1 X141.062 Y112.057 E.00895
G1 X141.055 Y111.938 E.00318
G1 X134.221 Y113.642 E.18805
;WIPE_START
G1 F8640
G1 X137.583 Y112.804 E-.8
;WIPE_END
G1 Z1.2 F720
G1 X133.239 Y113.886 F10800
G1 Z.8 F720
G1 E.8 F2100
G1 F1500
G1 X131.912 Y114.217 E.03652
G1 X131.76 Y114.235 E.00409
G1 X131.434 Y114.241 E.00871
G1 X131.01 Y114.198 E.01138
G1 X130.771 Y114.148 E.00652
G1 X130.626 Y114.097 E.0041
G1 X141.027 Y111.504 E.2862
G1 X140.955 Y111.163 E.00931
G1 X140.918 Y111.089 E.00221
G1 X128.284 Y114.24 E.34765
G1 X128.11 Y114.239 E.00465
G1 X127.636 Y114.18 E.01275
G1 X127.268 Y114.052 E.0104
G1 X140.788 Y110.681 E.37202
G1 X140.897 Y110.398 E.0081
G1 X140.932 Y110.203 E.00529
G1 X124.957 Y114.187 E.43958
G1 X123.225 Y114.177 E.04624
M73 P33 R19
G1 X140.956 Y109.756 E.4879
G1 X140.886 Y109.332 E.01147
M73 Q33 S19
G1 X122.391 Y113.944 E.50892
;WIPE_START
G1 F8640
G1 X125.753 Y113.106 E-.8
;WIPE_END
G1 Z1.2 F720
G1 X118.928 Y114.366 F10800
G1 Z.8 F720
G1 E.8 F2100
G1 F1500
G1 X140.744 Y108.926 E.60031
G1 X140.629 Y108.689 E.00703
G1 X140.521 Y108.541 E.00489
G1 X118.017 Y114.152 E.61923
G1 X117.832 Y114.081 E.00529
G1 X117.687 Y114.081 E.00387
G1 X117.503 Y114.153 E.00528
G1 X117.388 Y114.176 E.00313
G1 X116.419 Y114.186 E.02587
G1 X116.208 Y114.162 E.00567
G1 X140.16 Y108.19 E.65908
G1 X139.893 Y108.004 E.00869
G1 X139.641 Y107.878 E.00752
G1 X114.118 Y114.242 E.70231
G1 X113.535 Y114.216 E.01558
G1 X112.931 Y114.096 E.01644
G1 X138.71 Y107.669 E.70935
G1 X138.09 Y107.67 E.01655
G1 X137.64 Y107.741 E.01216
G1 X137.047 Y107.972 E.01699
G1 X136.869 Y107.959 E.00477
G1 X136.583 Y107.792 E.00884
G1 X136.517 Y107.774 E.00183
G1 X134.217 Y108.348 E.06329
G1 X134.047 Y108.608 E.00829
G1 X133.676 Y108.641 E.00994
G1 X133.555 Y108.513 E.0047
G1 X110.799 Y114.187 E.62617
G1 X110.319 Y114.187 E.01282
G1 X110.023 Y114.147 E.00797
G1 X109.82 Y114.069 E.00581
G1 X109.734 Y114.011 E.00277
G1 X133.202 Y108.16 E.64576
G1 X133.062 Y108.063 E.00455
G1 X132.659 Y107.854 E.01212
G1 X109.392 Y113.655 E.64023
G1 X109.283 Y113.428 E.00672
G1 X109.248 Y113.25 E.00484
G1 X132.205 Y107.526 E.6317
;WIPE_START
G1 F8640
G1 X128.843 Y108.364 E-.8
;WIPE_END
G1 Z1.2 F720
G1 X129.518 Y107.755 F10800
G1 Z.8 F720
G1 E.8 F2100
G1 F1500
G1 X109.236 Y112.811 E.55809
G1 X109.236 Y112.37 E.01177
G1 X128.74 Y107.507 E.53668
;WIPE_START
G1 F8640
G1 X125.378 Y108.345 E-.8
;WIPE_END
G1 Z1.2 F720
G1 X126.128 Y107.717 F10800
G1 Z.8 F720
G1 E.8 F2100
G1 F1500
G1 X122.849 Y108.535 E.09023
G1 X122.984 Y108.364 E.00582
G1 X123.151 Y108.202 E.00621
G1 X123.685 Y107.885 E.01658
G1 X125.257 Y107.493 E.04326
;WIPE_START
G1 F8640
G1 X123.685 Y107.885 E-.37409
G1 X123.151 Y108.202 E-.14339
G1 X122.984 Y108.364 E-.05372
G1 X122.849 Y108.535 E-.05031
G1 X123.599 Y108.348 E-.17849
;WIPE_END
G1 Z1.2 F720
G1 X122.059 Y108.732 F10800
G1 Z.8 F720
G1 E.8 F2100
G1 F1500
G1 X109.236 Y111.929 E.35284
G1 X109.236 Y111.488 E.01177
G1 X121.782 Y108.36 E.34522
G1 X121.736 Y108.25 E.00318
G1 X121.603 Y108.067 E.00604
G1 X121.517 Y107.985 E.00317
G1 X109.236 Y111.046 E.33792
G1 X109.236 Y110.605 E.01177
G1 X120.818 Y107.718 E.31869
G1 X119.595 Y107.716 E.03265
G1 X119.35 Y107.743 E.00658
G1 X119.048 Y107.86 E.00865
G1 X118.744 Y108.094 E.01024
G1 X118.483 Y108.094 E.00697
G1 X118.251 Y107.916 E.00781
G1 X109.236 Y110.164 E.24806
G1 X109.236 Y109.723 E.01177
G1 X117.268 Y107.72 E.22102
G1 X116.417 Y107.716 E.02272
M73 P34 R19
G1 X116.239 Y107.73 E.00477
G1 X115.981 Y107.806 E.00718
G1 X115.727 Y107.96 E.00793
G1 X115.52 Y107.978 E.00555
G1 X115.303 Y107.876 E.0064
G1 X115.113 Y107.816 E.00532
G1 X109.236 Y109.282 E.16172
G1 X109.236 Y108.84 E.0118
M73 Q34 S19
G1 X113.991 Y107.655 E.13084
G1 X113.8 Y107.659 E.0051
G1 X113.17 Y107.73 E.01693
G1 X112.875 Y107.803 E.00811
G1 X112.561 Y107.914 E.00889
G1 X112.236 Y108.075 E.00968
G1 X112.027 Y108.047 E.00563
G1 X111.77 Y107.858 E.00852
G1 X111.639 Y107.8 E.00383
G1 X109.33 Y108.376 E.06354
G1 X109.454 Y108.142 E.00707
G1 X109.665 Y107.931 E.00797
G1 X109.895 Y107.799 E.00708
G1 X110.961 Y107.528 E.02937
;WIPE_START
G1 F8640
G1 X109.895 Y107.799 E-.25397
G1 X109.665 Y107.931 E-.06123
G1 X109.454 Y108.142 E-.0689
G1 X109.33 Y108.376 E-.06115
G1 X110.821 Y108.004 E-.35475
;WIPE_END
G1 Z1.2 F720
G1 X118.918 Y97.118 F10800
G1 Z.8 F720
G1 E.8 F2100
;WIDTH:0.452142
G1 F1500
G1 X118.915 Y100.221 E.08127
G1 X118.939 Y100.441 E.0058
G1 X119.003 Y100.641 E.0055
G1 X119.081 Y100.789 E.00438
G1 X119.225 Y100.969 E.00604
G1 X119.335 Y101.063 E.00379
G1 X119.338 Y96.936 E.10808
G1 X119.597 Y96.788 E.00781
G1 X119.759 Y96.741 E.00442
G1 X119.754 Y101.258 E.1183
G1 X119.882 Y101.28 E.0034
G1 X120.174 Y101.281 E.00765
G1 X120.179 Y96.714 E.11961
G1 X120.599 Y96.714 E.011
G1 X120.594 Y101.281 E.11961
G1 X121.014 Y101.282 E.011
G1 X121.018 Y96.714 E.11963
G1 X121.438 Y96.714 E.011
G1 X121.434 Y101.282 E.11963
G1 X121.854 Y101.283 E.011
G1 X121.858 Y96.714 E.11966
G1 X122.278 Y96.714 E.011
G1 X122.274 Y101.283 E.11966
G1 X122.694 Y101.284 E.011
G1 X122.698 Y96.714 E.11969
G1 X123.118 Y96.714 E.011
G1 X123.114 Y101.284 E.11969
G1 X123.534 Y101.285 E.011
G1 X123.538 Y96.714 E.11971
G1 X123.958 Y96.714 E.011
G1 X123.954 Y101.285 E.11971
G1 X124.189 Y101.286 E.00615
G1 X124.374 Y101.47 E.00683
G1 X124.378 Y96.525 E.12951
G1 X124.414 Y96.489 E.00133
G1 X124.414 Y95.734 E.01977
G1 X124.474 Y95.371 E.00964
G1 X124.574 Y95.158 E.00616
G1 X124.703 Y94.99 E.00555
G1 X124.8 Y94.906 E.00336
G1 X124.792 Y103.096 E.21449
G1 X125.02 Y103.244 E.00712
G1 X125.212 Y103.314 E.00535
G1 X125.22 Y94.692 E.2258
G1 X125.366 Y94.657 E.00393
G1 X125.64 Y94.666 E.00718
G1 X125.632 Y103.337 E.22709
G1 X125.845 Y103.288 E.00572
G1 X126.052 Y103.184 E.00607
G1 X126.06 Y94.825 E.21892
G1 X126.479 Y95.119 E.01341
G1 X126.472 Y102.887 E.20344
G1 X126.892 Y102.584 E.01356
G1 X126.899 Y95.424 E.18752
G1 X127.319 Y95.728 E.01358
G1 X127.313 Y102.28 E.17159
G1 X127.733 Y101.977 E.01356
G1 X127.738 Y96.033 E.15567
G1 X128.158 Y96.337 E.01358
G1 X128.153 Y101.673 E.13975
G1 X128.573 Y101.37 E.01356
G1 X128.578 Y96.642 E.12382
G1 X128.997 Y96.946 E.01356
G1 X128.993 Y101.066 E.1079
G1 X129.414 Y100.763 E.01358
G1 X129.417 Y97.251 E.09198
G1 X129.837 Y97.555 E.01358
G1 X129.834 Y100.459 E.07605
G1 X130.254 Y100.156 E.01356
G1 X130.256 Y97.86 E.06013
G1 X130.676 Y98.164 E.01358
G1 X130.674 Y99.847 E.04408
G1 X130.827 Y99.71 E.00538
G1 X130.909 Y99.604 E.00351
G1 X131.038 Y99.347 E.00753
G1 X131.08 Y99.184 E.00441
G1 X131.095 Y99.01 E.00457
G1 X131.096 Y98.354 E.01718
;WIPE_START
G1 F8640
G1 X131.095 Y99.01 E-.15147
G1 X131.08 Y99.184 E-.04033
G1 X131.038 Y99.347 E-.03887
G1 X130.909 Y99.604 E-.0664
G1 X130.827 Y99.71 E-.03094
G1 X130.674 Y99.847 E-.04742
G1 X130.676 Y98.164 E-.38861
G1 X130.55 Y98.073 E-.03596
;WIPE_END
G1 Z1.2 F720
G1 X128.309 Y95.931 F10800
G1 Z.8 F720
G1 E.8 F2100
;TYPE:Internal infill
;WIDTH:0.45
G1 F4800
G1 X126.281 Y94.47 E.06513
G1 X126.146 Y94.241 E.00693
G1 X124.665 Y93.345 E.0451
G1 X124.232 Y92.896 E.01625
G1 X123.952 Y92.448 E.01377
G1 X123.63 Y91.551 E.02483
G1 X123.59 Y91.103 E.01172
G1 X123.854 Y90.655 E.01355
G1 X124.078 Y90.529 E.0067
G1 X122.634 Y90.528 E.03762
G1 X122.56 Y90.655 E.00383
G1 X121.079 Y91.551 E.0451
G1 X120.646 Y92 E.01625
G1 X120.366 Y92.448 E.01377
G1 X120.044 Y93.345 E.02483
G1 X120.003 Y93.793 E.01172
G1 X120.268 Y94.241 E.01356
G1 X121.748 Y95.138 E.04509
G1 X122.181 Y95.586 E.01623
G1 X122.462 Y96.034 E.01378
G1 X122.556 Y96.296 E.00725
G1 X120.056 Y96.296 E.06514
;WIPE_START
G1 F8640
G1 X122.556 Y96.296 E-.57726
G1 X122.462 Y96.034 E-.06427
G1 X122.181 Y95.586 E-.12211
G1 X122.072 Y95.473 E-.03636
;WIPE_END
G1 Z1.2 F720
G1 X127.306 Y90.529 F10800
G1 Z.8 F720
G1 E.8 F2100
G1 F4800
G1 X129.806 Y90.53 E.06514
G1 X129.732 Y90.655 E.00378
G1 X128.252 Y91.551 E.04508
G1 X127.819 Y92 E.01625
G1 X127.538 Y92.448 E.01378
G1 X127.217 Y93.345 E.02482
G1 X127.176 Y93.793 E.01172
G1 X127.44 Y94.241 E.01355
G1 X128.921 Y95.138 E.04511
G1 X129.354 Y95.586 E.01623
G1 X129.634 Y96.034 E.01377
G1 X129.956 Y96.931 E.02483
G1 X129.975 Y97.139 E.00544
G1 X130.996 Y97.88 E.03287
G1 X132.507 Y96.931 E.04649
G1 X132.94 Y96.483 E.01623
G1 X133.221 Y96.034 E.0138
G1 X133.542 Y95.138 E.0248
G1 X133.583 Y94.689 E.01175
G1 X133.319 Y94.241 E.01355
G1 X131.838 Y93.345 E.0451
G1 X131.405 Y92.896 E.01625
G1 X131.124 Y92.448 E.01378
G1 X130.803 Y91.551 E.02482
G1 X130.762 Y91.103 E.01172
G1 X131.026 Y90.655 E.01355
G1 X131.248 Y90.53 E.00664
G1 X133.748 Y90.53 E.06514
;WIPE_START
G1 F8640
G1 X131.248 Y90.53 E-.57726
G1 X131.026 Y90.655 E-.05883
G1 X130.762 Y91.103 E-.12007
G1 X130.779 Y91.292 E-.04384
;WIPE_END
G1 Z1.2 F720
G1 X141.097 Y90.532 F10800
G1 Z.8 F720
G1 E.8 F2100
G1 F4800
G1 X142.838 Y90.553 E.04537
G1 X143.105 Y90.705 E.00801
G1 X143.195 Y90.824 E.00389
G1 X143.272 Y91.11 E.00772
G1 X142.597 Y91.551 E.02101
G1 X142.164 Y92 E.01625
G1 X141.883 Y92.448 E.01378
G1 X141.562 Y93.345 E.02482
G1 X141.521 Y93.793 E.01172
G1 X141.785 Y94.241 E.01355
G1 X142.581 Y94.689 E.0238
G1 X143.284 Y95.185 E.02242
G1 X143.284 Y98.269 E.08036
G1 X142.597 Y98.724 E.02147
G1 X142.164 Y99.172 E.01623
G1 X141.883 Y99.621 E.0138
G1 X141.562 Y100.517 E.0248
G1 X141.521 Y100.965 E.01172
G1 X141.785 Y101.414 E.01357
G1 X142.581 Y101.862 E.0238
G1 X143.284 Y102.357 E.0224
G1 X143.284 Y105.442 E.08038
G1 X142.597 Y105.897 E.02147
G1 X142.164 Y106.345 E.01623
G1 X141.883 Y106.793 E.01378
G1 X141.562 Y107.69 E.02482
G1 X141.521 Y108.138 E.01172
G1 X141.785 Y108.586 E.01355
G1 X142.581 Y109.035 E.02381
G1 X143.284 Y109.53 E.0224
G1 X143.284 Y112.614 E.08036
G1 X142.597 Y113.069 E.02147
G1 X142.164 Y113.517 E.01623
G1 X141.883 Y113.966 E.0138
G1 X141.562 Y114.862 E.0248
G1 X141.521 Y115.311 E.01175
G1 X141.785 Y115.759 E.01355
G1 X143.266 Y116.656 E.04511
G1 X143.284 Y118.743 E.05438
G1 X143.187 Y119.187 E.01184
;WIPE_START
G1 F8640
G1 X143.284 Y118.743 E-.10494
G1 X143.266 Y116.656 E-.48191
G1 X142.477 Y116.178 E-.21315
;WIPE_END
G1 Z1.2 F720
G1 X140.953 Y113.544 F10800
G1 Z.8 F720
G1 E.8 F2100
G1 F4800
G1 X140.665 Y113.871 E.01135
G1 X140.058 Y114.297 E.01932
G1 X139.302 Y114.576 E.021
G1 X138.798 Y114.642 E.01324
G1 X139.01 Y114.862 E.00796
G1 X140.491 Y115.759 E.04511
G1 X140.755 Y116.207 E.01355
G1 X140.715 Y116.656 E.01175
G1 X140.393 Y117.552 E.02481
G1 X140.113 Y118 E.01377
G1 X139.68 Y118.449 E.01625
G1 X138.199 Y119.345 E.0451
G1 X138.123 Y119.474 E.0039
G1 X136.676 Y119.474 E.0377
G1 X136.905 Y119.345 E.00685
G1 X137.169 Y118.897 E.01355
G1 X137.129 Y118.449 E.01172
G1 X136.807 Y117.552 E.02483
G1 X136.526 Y117.104 E.01378
G1 X136.094 Y116.656 E.01622
G1 X134.613 Y115.759 E.04511
G1 X134.349 Y115.311 E.01355
G1 X134.389 Y114.862 E.01175
G1 X134.563 Y114.377 E.01343
G1 X134.256 Y114.131 E.01025
G1 X134.007 Y113.73 E.0123
G1 X133.737 Y113.733 E.00704
G1 X133.348 Y114.093 E.01381
G1 X132.773 Y114.423 E.01727
G1 X132.245 Y114.592 E.01444
G1 X131.641 Y114.658 E.01583
G1 X131.838 Y114.862 E.00739
G1 X133.319 Y115.759 E.04511
G1 X133.583 Y116.207 E.01355
G1 X133.542 Y116.656 E.01175
G1 X133.221 Y117.552 E.0248
G1 X132.94 Y118 E.01378
G1 X132.507 Y118.449 E.01625
G1 X131.026 Y119.345 E.0451
G1 X130.95 Y119.474 E.0039
G1 X129.503 Y119.474 E.0377
G1 X129.732 Y119.345 E.00685
G1 X129.997 Y118.897 E.01356
G1 X129.956 Y118.449 E.01172
G1 X129.634 Y117.552 E.02483
G1 X129.354 Y117.104 E.01377
G1 X128.921 Y116.656 E.01623
G1 X127.44 Y115.759 E.04511
G1 X127.176 Y115.311 E.01355
G1 X127.217 Y114.862 E.01175
G1 X127.337 Y114.527 E.00927
G1 X127.065 Y114.42 E.00762
G1 X126.737 Y114.557 E.00926
G1 X126.393 Y114.603 E.00904
G1 X124.416 Y114.604 E.05151
G1 X124.665 Y114.862 E.00934
G1 X126.146 Y115.759 E.04511
G1 X126.41 Y116.207 E.01355
G1 X126.37 Y116.656 E.01175
G1 X126.048 Y117.552 E.02481
G1 X125.768 Y118 E.01377
G1 X125.335 Y118.449 E.01625
G1 X123.854 Y119.345 E.0451
G1 X123.778 Y119.474 E.0039
G1 X122.331 Y119.474 E.0377
G1 X122.56 Y119.345 E.00685
G1 X122.824 Y118.897 E.01355
G1 X122.783 Y118.449 E.01172
G1 X122.462 Y117.552 E.02482
G1 X122.181 Y117.104 E.01378
G1 X121.748 Y116.656 E.01623
G1 X120.268 Y115.759 E.04509
G1 X120.003 Y115.311 E.01356
G1 X120.044 Y114.862 E.01175
G1 X120.139 Y114.597 E.00734
G1 X119.769 Y114.589 E.00964
G1 X119.461 Y114.501 E.00835
G1 X119.114 Y114.593 E.00935
G1 X118.25 Y114.603 E.02251
G1 X117.759 Y114.501 E.01307
G1 X117.235 Y114.595 E.01387
G1 X117.493 Y114.862 E.00967
G1 X118.974 Y115.759 E.04511
G1 X119.238 Y116.207 E.01355
G1 X119.197 Y116.656 E.01175
G1 X118.876 Y117.552 E.0248
G1 X118.595 Y118 E.01378
G1 X118.162 Y118.449 E.01625
G1 X116.681 Y119.345 E.0451
G1 X116.605 Y119.474 E.0039
G1 X115.158 Y119.474 E.0377
G1 X115.387 Y119.345 E.00685
G1 X115.651 Y118.897 E.01355
G1 X115.611 Y118.449 E.01172
G1 X115.289 Y117.552 E.02483
G1 X115.009 Y117.104 E.01377
G1 X114.576 Y116.656 E.01623
G1 X113.095 Y115.759 E.04511
G1 X112.831 Y115.311 E.01355
G1 X112.871 Y114.862 E.01175
G1 X112.988 Y114.538 E.00898
G1 X112.207 Y114.244 E.02174
G1 X111.869 Y114.462 E.01048
G1 X111.476 Y114.585 E.01073
G1 X110.038 Y114.571 E.03747
G1 X110.32 Y114.862 E.01056
G1 X111.801 Y115.759 E.04511
G1 X112.065 Y116.207 E.01355
G1 X112.024 Y116.656 E.01175
G1 X111.703 Y117.552 E.0248
G1 X111.422 Y118 E.01378
G1 X110.99 Y118.449 E.01623
G1 X109.509 Y119.345 E.0451
G1 X109.433 Y119.474 E.0039
G1 X107.986 Y119.474 E.0377
G1 X108.215 Y119.345 E.00685
G1 X108.479 Y118.897 E.01355
G1 X108.438 Y118.449 E.01172
G1 X108.117 Y117.552 E.02482
G1 X107.836 Y117.104 E.01378
G1 X107.403 Y116.656 E.01623
G1 X106.716 Y116.206 E.0214
G1 X106.716 Y113.088 E.08124
G1 X108.215 Y112.173 E.04576
G1 X108.479 Y111.724 E.01357
G1 X108.438 Y111.276 E.01172
G1 X108.117 Y110.379 E.02482
G1 X107.836 Y109.931 E.01378
G1 X107.403 Y109.483 E.01623
G1 X106.716 Y109.033 E.0214
G1 X106.716 Y105.915 E.08124
G1 X108.215 Y105 E.04576
G1 X108.479 Y104.552 E.01355
G1 X108.438 Y104.103 E.01175
G1 X108.117 Y103.207 E.0248
G1 X107.836 Y102.759 E.01378
G1 X107.403 Y102.31 E.01625
G1 X106.716 Y101.861 E.02138
G1 X106.716 Y98.743 E.08124
G1 X108.215 Y97.827 E.04577
G1 X108.479 Y97.379 E.01355
G1 X108.438 Y96.931 E.01172
G1 X108.117 Y96.034 E.02482
G1 X107.836 Y95.586 E.01378
G1 X107.403 Y95.138 E.01623
G1 X106.716 Y94.688 E.0214
G1 X106.716 Y91.57 E.08124
G1 X108.215 Y90.655 E.04576
G1 X108.291 Y90.526 E.0039
G1 X109.737 Y90.526 E.03768
G1 X109.509 Y90.655 E.00683
G1 X109.245 Y91.103 E.01355
G1 X109.285 Y91.551 E.01172
G1 X109.607 Y92.448 E.02483
G1 X109.887 Y92.896 E.01377
G1 X110.32 Y93.345 E.01625
G1 X111.801 Y94.241 E.0451
G1 X112.065 Y94.689 E.01355
G1 X112.024 Y95.138 E.01175
G1 X111.703 Y96.034 E.0248
G1 X111.422 Y96.483 E.0138
G1 X110.99 Y96.931 E.01622
G1 X109.509 Y97.827 E.0451
G1 X109.245 Y98.276 E.01357
G1 X109.285 Y98.724 E.01172
M73 P35 R19
G1 X109.607 Y99.621 E.02483
G1 X109.887 Y100.069 E.01377
G1 X110.32 Y100.517 E.01623
G1 X111.801 Y101.414 E.04511
G1 X112.065 Y101.862 E.01355
G1 X112.024 Y102.31 E.01172
G1 X111.703 Y103.207 E.02482
M73 P35 R18
G1 X111.422 Y103.655 E.01378
G1 X110.99 Y104.103 E.01622
G1 X109.509 Y105 E.04511
G1 X109.245 Y105.448 E.01355
G1 X109.285 Y105.897 E.01175
G1 X109.607 Y106.793 E.02481
G1 X109.98 Y107.338 E.01721
G1 X111.501 Y107.322 E.03963
G1 X111.865 Y107.437 E.00995
G1 X112.187 Y107.641 E.00993
G1 X112.994 Y107.347 E.02238
G1 X113.193 Y106.793 E.01534
M73 Q35 S19
G1 X113.474 Y106.345 E.01378
G1 X113.906 Y105.897 E.01622
G1 X115.387 Y105 E.04511
G1 X115.651 Y104.552 E.01355
G1 X115.611 Y104.103 E.01175
G1 X115.289 Y103.207 E.02481
G1 X115.009 Y102.759 E.01377
G1 X114.576 Y102.31 E.01625
G1 X113.095 Y101.414 E.0451
G1 X112.831 Y100.965 E.01357
G1 X112.871 Y100.517 E.01172
G1 X113.193 Y99.621 E.02481
G1 X113.474 Y99.172 E.0138
G1 X113.906 Y98.724 E.01622
G1 X115.387 Y97.827 E.04511
G1 X115.651 Y97.379 E.01355
G1 X115.611 Y96.931 E.01172
G1 X115.289 Y96.034 E.02483
G1 X115.009 Y95.586 E.01377
G1 X114.576 Y95.138 E.01623
G1 X113.095 Y94.241 E.04511
G1 X112.831 Y93.793 E.01355
G1 X112.871 Y93.345 E.01172
G1 X113.193 Y92.448 E.02483
G1 X113.474 Y92 E.01378
G1 X113.906 Y91.551 E.01623
G1 X115.387 Y90.655 E.0451
G1 X115.462 Y90.527 E.00387
G1 X116.907 Y90.527 E.03765
G1 X116.681 Y90.655 E.00677
G1 X116.417 Y91.103 E.01355
G1 X116.458 Y91.551 E.01172
G1 X116.779 Y92.448 E.02482
G1 X117.06 Y92.896 E.01378
G1 X117.493 Y93.345 E.01625
G1 X118.974 Y94.241 E.0451
G1 X119.238 Y94.689 E.01355
G1 X119.197 Y95.138 E.01175
G1 X118.876 Y96.034 E.0248
G1 X118.595 Y96.483 E.0138
G1 X118.162 Y96.931 E.01623
G1 X116.681 Y97.827 E.0451
G1 X116.417 Y98.276 E.01357
G1 X116.458 Y98.724 E.01172
G1 X116.779 Y99.621 E.02482
G1 X117.06 Y100.069 E.01378
G1 X117.493 Y100.517 E.01623
G1 X118.974 Y101.414 E.04511
G1 X119.238 Y101.862 E.01355
G1 X119.197 Y102.31 E.01172
G1 X118.876 Y103.207 E.02482
G1 X118.595 Y103.655 E.01378
G1 X118.162 Y104.103 E.01623
G1 X116.681 Y105 E.04511
G1 X116.417 Y105.448 E.01355
G1 X116.458 Y105.897 E.01175
G1 X116.779 Y106.793 E.0248
G1 X117.06 Y107.241 E.01378
G1 X117.118 Y107.302 E.00219
G1 X117.78 Y107.305 E.01725
G1 X118.079 Y107.364 E.00794
G1 X118.613 Y107.668 E.01601
G1 X118.844 Y107.496 E.0075
G1 X119.241 Y107.339 E.01112
G1 X120.185 Y107.298 E.02462
G1 X120.366 Y106.793 E.01398
G1 X120.646 Y106.345 E.01377
G1 X121.079 Y105.897 E.01623
G1 X122.56 Y105 E.04511
G1 X122.824 Y104.552 E.01355
G1 X122.783 Y104.103 E.01175
G1 X122.462 Y103.207 E.0248
G1 X122.181 Y102.759 E.01378
G1 X121.748 Y102.31 E.01625
G1 X120.774 Y101.699 E.02996
G1 X123.996 Y101.703 E.08395
G1 X123.996 Y102.283 E.01511
G1 X124.066 Y102.724 E.01163
G1 X124.319 Y103.205 E.01416
G1 X124.544 Y103.434 E.00836
G1 X124.891 Y103.645 E.01058
G1 X125.267 Y103.752 E.01019
G1 X125.67 Y103.756 E.0105
G1 X125.335 Y104.103 E.01257
G1 X123.854 Y105 E.04511
G1 X123.59 Y105.448 E.01355
G1 X123.63 Y105.897 E.01175
G1 X123.952 Y106.793 E.02481
G1 X124.283 Y107.293 E.01562
G1 X125.13 Y107.244 E.02211
G1 X125.676 Y107.323 E.01437
G1 X126.305 Y107.537 E.01731
G1 X126.603 Y107.713 E.00902
G1 X126.884 Y107.541 E.00858
G1 X127.329 Y107.377 E.01236
G1 X127.538 Y106.793 E.01616
G1 X127.819 Y106.345 E.01378
G1 X128.252 Y105.897 E.01623
G1 X129.732 Y105 E.04509
G1 X129.997 Y104.552 E.01356
G1 X129.956 Y104.103 E.01175
G1 X129.634 Y103.207 E.02481
G1 X129.354 Y102.759 E.01377
G1 X128.921 Y102.31 E.01625
G1 X128.43 Y101.989 E.01528
G1 X130.899 Y100.205 E.07937
G1 X131.258 Y99.834 E.01345
G1 X131.405 Y100.069 E.00722
G1 X131.838 Y100.517 E.01623
G1 X133.319 Y101.414 E.04511
G1 X133.583 Y101.862 E.01355
G1 X133.542 Y102.31 E.01172
G1 X133.221 Y103.207 E.02482
G1 X132.94 Y103.655 E.01378
G1 X132.507 Y104.103 E.01623
G1 X131.026 Y105 E.04511
G1 X130.762 Y105.448 E.01355
G1 X130.803 Y105.897 E.01175
G1 X131.124 Y106.793 E.0248
G1 X131.408 Y107.244 E.01389
G1 X132.022 Y107.257 E.016
G1 X132.754 Y107.432 E.01961
G1 X133.415 Y107.794 E.01964
G1 X133.823 Y108.188 E.01478
G1 X134.133 Y107.759 E.01379
G1 X134.456 Y107.503 E.01074
G1 X134.711 Y106.793 E.01966
G1 X134.991 Y106.345 E.01377
G1 X135.424 Y105.897 E.01623
G1 X136.905 Y105 E.04511
G1 X137.169 Y104.552 E.01355
G1 X137.129 Y104.103 E.01175
G1 X136.807 Y103.207 E.02481
G1 X136.526 Y102.759 E.01378
G1 X136.094 Y102.31 E.01623
G1 X134.613 Y101.414 E.0451
G1 X134.349 Y100.965 E.01357
G1 X134.389 Y100.517 E.01172
G1 X134.711 Y99.621 E.02481
G1 X134.991 Y99.172 E.01379
G1 X135.424 Y98.724 E.01623
G1 X136.905 Y97.827 E.04511
G1 X137.169 Y97.379 E.01355
G1 X137.129 Y96.931 E.01172
G1 X136.807 Y96.034 E.02483
G1 X136.526 Y95.586 E.01378
G1 X136.094 Y95.138 E.01622
G1 X134.613 Y94.241 E.04511
G1 X134.349 Y93.793 E.01355
G1 X134.389 Y93.345 E.01172
G1 X134.711 Y92.448 E.02483
G1 X134.991 Y92 E.01377
G1 X135.424 Y91.551 E.01625
M73 Q35 S18
G1 X136.905 Y90.655 E.0451
G1 X136.978 Y90.531 E.00375
G1 X138.418 Y90.531 E.03752
G1 X138.199 Y90.655 E.00656
G1 X137.935 Y91.103 E.01355
G1 X137.976 Y91.551 E.01172
G1 X138.297 Y92.448 E.02482
G1 X138.578 Y92.896 E.01378
G1 X139.01 Y93.345 E.01623
G1 X140.491 Y94.241 E.0451
G1 X140.755 Y94.689 E.01355
G1 X140.715 Y95.138 E.01175
G1 X140.393 Y96.034 E.02481
G1 X140.113 Y96.483 E.01379
G1 X139.68 Y96.931 E.01623
G1 X138.199 Y97.827 E.0451
G1 X137.935 Y98.276 E.01357
G1 X137.976 Y98.724 E.01172
G1 X138.297 Y99.621 E.02482
G1 X138.578 Y100.069 E.01378
G1 X139.01 Y100.517 E.01622
G1 X140.491 Y101.414 E.04511
G1 X140.755 Y101.862 E.01355
G1 X140.715 Y102.31 E.01172
G1 X140.393 Y103.207 E.02483
G1 X140.113 Y103.655 E.01377
G1 X139.68 Y104.103 E.01623
G1 X138.199 Y105 E.04511
G1 X137.935 Y105.448 E.01355
G1 X137.976 Y105.897 E.01175
G1 X138.297 Y106.793 E.0248
G1 X138.577 Y107.241 E.01377
G1 X139.178 Y107.303 E.01574
G1 X139.769 Y107.475 E.01604
G1 X140.465 Y107.893 E.02115
G1 X140.799 Y108.216 E.01211
;LAYER_CHANGE
;Z:0.95
;HEIGHT:0.15
;BEFORE_LAYER_CHANGE
G92 E0.0
;0.95


;WIPE_START
G1 F8640
G1 X140.465 Y107.893 E-.10729
G1 X139.769 Y107.475 E-.18746
G1 X139.178 Y107.303 E-.14213
G1 X138.577 Y107.241 E-.13951
G1 X138.297 Y106.793 E-.12199
G1 X138.148 Y106.379 E-.10162
;WIPE_END
G1 Z.95 F720
;AFTER_LAYER_CHANGE
;0.95
G1 Z1.35
G1 X125 Y119.829 F10800
G1 Z.95 F720
G1 E.8 F2100
M204 S800
;TYPE:Perimeter
;WIDTH:0.449999
G1 F2700
G1 X107.369 Y119.829 E.45939
G1 X106.947 Y119.742 E.01123
G1 X106.642 Y119.548 E.00942
G1 X106.448 Y119.243 E.00942
G1 X106.361 Y118.821 E.01123
G1 X106.361 Y91.229 E.71893
G1 X106.389 Y90.916 E.00819
G1 X106.499 Y90.653 E.00743
G1 X106.733 Y90.373 E.00951
G1 X106.989 Y90.232 E.00762
G1 X107.335 Y90.171 E.00915
G1 X142.773 Y90.178 E.92336
G1 X143.165 Y90.304 E.01073
G1 X143.432 Y90.548 E.00942
G1 X143.599 Y90.869 E.00943
G1 X143.639 Y91.249 E.00996
G1 X143.639 Y118.821 E.71841
G1 X143.552 Y119.243 E.01123
G1 X143.358 Y119.548 E.00942
G1 X143.053 Y119.742 E.00942
G1 X142.631 Y119.829 E.01123
G1 X125.06 Y119.829 E.45783
M204 S1000
G1 X125 Y120.247 F10800
M204 S800
G1 F2700
G1 X107.44 Y120.247 E.45754
G1 X106.95 Y120.196 E.01284
G1 X106.624 Y120.061 E.00919
G1 X106.344 Y119.846 E.0092
G1 X106.129 Y119.566 E.0092
G1 X105.994 Y119.24 E.00919
G1 X105.943 Y118.848 E.0103
G1 X105.943 Y91.229 E.71963
G1 X106.008 Y90.734 E.01301
G1 X106.228 Y90.287 E.01298
G1 X106.492 Y90.023 E.00973
G1 X106.853 Y89.836 E.01059
G1 X107.321 Y89.753 E.01238
G1 X142.569 Y89.76 E.91841
G1 X143.045 Y89.802 E.01245
G1 X143.376 Y89.939 E.00933
G1 X143.656 Y90.154 E.0092
G1 X143.871 Y90.434 E.0092
G1 X144.006 Y90.76 E.00919
G1 X144.057 Y91.249 E.01281
G1 X144.057 Y118.75 E.71656
G1 X144.006 Y119.24 E.01284
G1 X143.871 Y119.566 E.00919
G1 X143.656 Y119.846 E.0092
G1 X143.376 Y120.061 E.0092
G1 X143.05 Y120.196 E.00919
G1 X142.658 Y120.247 E.0103
G1 X125.06 Y120.247 E.45853
M204 S1000
G1 X125 Y120.665 F10800
M204 S800
;TYPE:External perimeter
G1 F1500
G1 X107.44 Y120.665 E.45754
G1 X106.841 Y120.603 E.01569
G1 X106.413 Y120.426 E.01207
G1 X106.046 Y120.144 E.01206
G1 X105.764 Y119.777 E.01206
G1 X105.587 Y119.349 E.01207
G1 X105.525 Y118.876 E.01243
G1 X105.525 Y91.705 E.70796
G1 X105.525 Y91.023 E.01777
G1 X105.661 Y90.434 E.01575
G1 X105.893 Y90.031 E.01212
G1 X106.059 Y89.865 E.00612
G1 X106.409 Y89.576 E.01183
G1 X106.859 Y89.404 E.01255
G1 X107.307 Y89.335 E.01181
G1 X141.901 Y89.342 E.90137
G1 X142.569 Y89.342 E.01741
G1 X143.157 Y89.397 E.01539
G1 X143.587 Y89.574 E.01212
G1 X143.954 Y89.856 E.01206
G1 X144.236 Y90.223 E.01206
G1 X144.413 Y90.651 E.01207
G1 X144.475 Y91.249 E.01566
G1 X144.475 Y118.75 E.71656
G1 X144.413 Y119.349 E.01569
G1 X144.236 Y119.777 E.01207
G1 X143.954 Y120.144 E.01206
G1 X143.587 Y120.426 E.01206
G1 X143.159 Y120.603 E.01207
G1 X142.686 Y120.665 E.01243
G1 X125.06 Y120.665 E.45926
M204 S1000
;WIPE_START
G1 F8640
G1 X125 Y120.665 E-.01385
G1 X121.595 Y120.665 E-.78615
;WIPE_END
G1 Z1.35 F720
G1 X123.476 Y108.006 F10800
G1 Z.95 F720
G1 E.8 F2100
M73 P36 R18
;TYPE:Solid infill
G1 F4800
G1 X122.603 Y108.879 E.03217
;WIPE_START
G1 F8640
G1 X123.476 Y108.006 E-.28507
;WIPE_END
G1 E-.51493 F2100
G1 Z1.35 F720
G1 X110.162 Y107.729 F10800
G1 Z.95 F720
M73 Q36 S18
G1 E.8 F2100
G1 F4800
G1 X109.265 Y108.626 E.03305
G1 X109.236 Y109.246 E.01617
G1 X110.767 Y107.716 E.0564
G1 X111.346 Y107.727 E.01509
G1 X109.236 Y109.837 E.07775
G1 X109.236 Y110.428 E.0154
G1 X111.792 Y107.872 E.09418
G1 X112.504 Y107.883 E.01855
;WIDTH:0.37219
G1 X112.433 Y107.863 E.00156
G1 X112.452 Y107.935 E.00158
G1 X112.493 Y107.924 E.0009
;WIDTH:0.411095
G1 X112.337 Y107.999 E.00409
;WIDTH:0.449999
G1 X112.18 Y108.074 E.00453
G1 X109.236 Y111.019 E.1085
G1 X109.236 Y111.61 E.0154
G1 X113.092 Y107.754 E.14209
G1 X113.768 Y107.669 E.01775
G1 X109.236 Y112.201 E.167
G1 X109.236 Y112.792 E.0154
G1 X114.354 Y107.673 E.18861
G1 X114.867 Y107.752 E.01352
G1 X109.265 Y113.353 E.20641
G1 X109.456 Y113.754 E.01157
G1 X115.317 Y107.892 E.21599
G1 X116 Y107.8 E.01796
G1 X109.767 Y114.033 E.22968
G1 X110.218 Y114.173 E.0123
G1 X116.674 Y107.717 E.23789
G1 X117.262 Y107.72 E.01532
G1 X110.795 Y114.187 E.2383
G1 X111.401 Y114.172 E.01579
G1 X117.834 Y107.739 E.23705
G1 X118.249 Y107.915 E.01175
G1 X112.33 Y113.834 E.21811
G1 X112.205 Y113.901 E.0037
;WIDTH:0.411095
G1 X112.08 Y113.969 E.00336
;WIDTH:0.37219
G1 X112.009 Y113.95 E.00156
G1 X112.028 Y114.021 E.00156
G1 X112.069 Y114.01 E.0009
;WIDTH:0.449999
G1 X112.733 Y114.021 E.0173
G1 X118.66 Y108.094 E.2184
;WIPE_START
G1 F8640
G1 X116.21 Y110.544 E-.8
;WIPE_END
G1 Z1.35 F720
G1 X119.63 Y107.716 F10800
G1 Z.95 F720
G1 E.8 F2100
G1 F4800
G1 X113.187 Y114.158 E.2374
G1 X113.712 Y114.225 E.01379
G1 X120.221 Y107.716 E.23985
G1 X120.81 Y107.717 E.01535
G1 X114.303 Y114.224 E.23977
G1 X115.013 Y114.105 E.01876
G1 X121.286 Y107.832 E.23115
G1 X121.619 Y108.09 E.01098
G1 X115.751 Y113.958 E.21623
G1 X116.147 Y114.153 E.0115
G1 X121.829 Y108.471 E.20937
G1 X121.877 Y109.013 E.01418
G1 X116.707 Y114.183 E.19051
G1 X117.305 Y114.177 E.01558
G1 X122.353 Y109.128 E.18603
;WIPE_START
G1 F8640
G1 X119.903 Y111.578 E-.8
;WIPE_END
G1 Z1.35 F720
G1 X124.37 Y107.702 F10800
G1 Z.95 F720
G1 E.8 F2100
G1 F4800
G1 X117.946 Y114.126 E.23671
G1 X118.479 Y114.184 E.01397
G1 X125.001 Y107.662 E.24032
G1 X125.529 Y107.726 E.01386
G1 X119.078 Y114.176 E.23769
G1 X119.699 Y114.146 E.0162
G1 X125.981 Y107.864 E.23148
G1 X126.374 Y108.062 E.01147
G1 X120.255 Y114.18 E.22546
G1 X120.843 Y114.183 E.01532
G1 X127.132 Y107.895 E.23172
G1 X127.278 Y107.801 E.00452
;WIDTH:0.411095
G1 X127.425 Y107.707 E.00412
;WIDTH:0.37219
G1 X127.339 Y107.688 E.00187
G1 X127.163 Y107.716 E.00378
;WIDTH:0.449999
G1 X127.947 Y107.671 E.02046
G1 X122.168 Y113.45 E.21295
G1 X122.021 Y113.53 E.00436
;WIDTH:0.411095
G1 X121.873 Y113.61 E.00398
;WIDTH:0.37219
G1 X121.599 Y113.928 E.0089
G1 X121.323 Y114.161 E.00766
;WIPE_START
G1 F8640
G1 X121.599 Y113.928 E-.0834
G1 X121.873 Y113.61 E-.09692
G1 X122.021 Y113.53 E-.03885
G1 X122.168 Y113.45 E-.03864
G1 X123.828 Y111.79 E-.54219
;WIPE_END
G1 Z1.35 F720
G1 X122.472 Y113.736 F10800
G1 Z.95 F720
G1 E.8 F2100
;WIDTH:0.449999
G1 F4800
G1 X128.532 Y107.676 E.2233
G1 X129.035 Y107.764 E.01331
G1 X122.772 Y114.027 E.23078
G1 X123.214 Y114.176 E.01215
G1 X129.456 Y107.934 E.23001
G1 X130.165 Y107.962 E.01849
;WIDTH:0.37219
G1 X130.094 Y107.943 E.00156
G1 X130.113 Y108.014 E.00156
G1 X130.154 Y108.003 E.0009
;WIDTH:0.411095
G1 X129.993 Y108.076 E.00418
;WIDTH:0.449999
G1 X129.832 Y108.149 E.00461
G1 X123.794 Y114.187 E.22249
G1 X124.385 Y114.187 E.0154
G1 X130.791 Y107.781 E.23605
G1 X131.504 Y107.658 E.01885
G1 X124.976 Y114.187 E.24056
G1 X125.567 Y114.187 E.0154
G1 X132.065 Y107.688 E.23946
G1 X132.541 Y107.803 E.01276
G1 X126.158 Y114.187 E.23522
G1 X126.256 Y114.258 E.00315
;WIDTH:0.411095
G1 X126.354 Y114.33 E.00287
;WIDTH:0.37219
G1 X126.755 Y114.253 E.00866
;WIDTH:0.449999
G1 X126.901 Y114.034 E.00686
G1 X132.937 Y107.998 E.22242
G1 X133.289 Y108.237 E.01109
G1 X127.415 Y114.112 E.21647
G1 X127.903 Y114.214 E.01299
G1 X133.579 Y108.538 E.20915
G1 X134.348 Y107.953 F10800
;WIDTH:0.37219
G1 F4800
G1 X134.597 Y107.732 E.00706
;WIDTH:0.411095
G1 X134.776 Y107.743 E.00424
;WIDTH:0.449999
G1 X134.955 Y107.753 E.00467
G1 X128.481 Y114.227 E.23856
G1 X129.273 Y114.026 E.02129
G1 X135.581 Y107.718 E.23244
G1 X136.168 Y107.722 E.0153
G1 X130.068 Y113.821 E.22476
G1 X130.447 Y114.033 E.01132
G1 X136.65 Y107.831 E.22855
G1 X137.135 Y107.936 E.01293
G1 X130.897 Y114.175 E.22988
G1 X131.422 Y114.24 E.01378
G1 X137.972 Y107.69 E.24136
G1 X138.595 Y107.658 E.01625
G1 X132.056 Y114.197 E.24095
G1 X132.812 Y114.027 E.02019
;WIDTH:0.37219
G1 X132.771 Y114.038 E.0009
G1 X132.752 Y113.967 E.00156
G1 X132.823 Y113.986 E.00156
;WIDTH:0.411095
G1 X132.951 Y113.876 E.00399
;WIDTH:0.449999
G1 X139.125 Y107.719 E.22719
G1 X139.584 Y107.851 E.01244
G1 X134.124 Y113.311 E.20119
G1 X133.996 Y113.37 E.00367
;WIDTH:0.411095
G1 X133.869 Y113.428 E.0033
;WIDTH:0.37219
G1 X133.798 Y113.409 E.00156
G1 X133.817 Y113.48 E.00156
G1 X133.858 Y113.469 E.0009
;WIDTH:0.449999
G1 X134.409 Y113.617 E.01487
G1 X139.969 Y108.057 E.20488
G1 X140.303 Y108.314 E.01098
G1 X134.669 Y113.947 E.20759
G1 X135.064 Y114.143 E.01149
G1 X140.582 Y108.625 E.20333
G1 X140.786 Y109.012 E.0114
G1 X135.612 Y114.187 E.19067
G1 X136.205 Y114.185 E.01545
G1 X140.918 Y109.471 E.17368
G1 X140.948 Y110.032 E.01464
G1 X137.037 Y113.943 E.14411
G1 X136.91 Y114.027 E.00397
;WIDTH:0.411095
G1 X136.782 Y114.111 E.00362
;WIDTH:0.37219
G1 X136.711 Y114.092 E.00156
G1 X136.73 Y114.163 E.00156
G1 X136.771 Y114.152 E.0009
;WIDTH:0.449999
G1 X137.464 Y114.107 E.01809
G1 X140.792 Y110.779 E.12263
G1 X140.963 Y111.199 E.01182
G1 X137.949 Y114.213 E.11106
G1 X138.509 Y114.244 E.01461
G1 X141.04 Y111.713 E.09326
G1 X141.032 Y112.312 E.01561
G1 X139.17 Y114.174 E.06861
;WIPE_START
G1 F8640
G1 X141.032 Y112.312 E-.60803
G1 X141.04 Y111.713 E-.13832
G1 X140.876 Y111.877 E-.05365
;WIPE_END
G1 Z1.35 F720
G1 X140.231 Y113.694 F10800
G1 Z.95 F720
G1 E.8 F2100
;WIDTH:0.444754
G1 F4800
G1 X140.579 Y113.352 E.01255
;WIPE_START
G1 F8640
G1 X140.231 Y113.694 E-.11266
;WIPE_END
G1 E-.68734 F2100
G1 Z1.35 F720
G1 X143.178 Y119.198 F10800
G1 Z.95 F720
G1 E.8 F2100
;TYPE:Internal infill
;WIDTH:0.45
G1 F4800
G1 X143.284 Y118.743 E.01217
G1 X143.284 Y116.717 E.05279
G1 X142.932 Y116.486 E.01097
G1 X142.035 Y116.128 E.02516
G1 X141.587 Y116.044 E.01188
G1 X141.138 Y116.246 E.01283
G1 X140.242 Y117.871 E.04835
G1 X139.794 Y118.324 E.0166
G1 X139.345 Y118.618 E.01398
G1 X138.449 Y118.976 E.02514
G1 X138 Y119.06 E.0119
G1 X137.552 Y118.859 E.01279
G1 X136.656 Y117.233 E.04837
G1 X136.207 Y116.78 E.01662
G1 X135.759 Y116.486 E.01396
G1 X134.862 Y116.128 E.02516
G1 X134.414 Y116.044 E.01188
G1 X133.966 Y116.246 E.0128
G1 X133.069 Y117.871 E.04836
G1 X132.621 Y118.324 E.0166
G1 X132.173 Y118.618 E.01396
G1 X131.276 Y118.976 E.02516
G1 X130.828 Y119.06 E.01188
G1 X130.379 Y118.859 E.01282
G1 X129.483 Y117.233 E.04837
G1 X129.035 Y116.78 E.0166
G1 X128.586 Y116.486 E.01398
G1 X127.69 Y116.128 E.02514
G1 X127.241 Y116.044 E.0119
G1 X126.793 Y116.246 E.0128
G1 X125.897 Y117.871 E.04835
G1 X125.448 Y118.324 E.01662
G1 X125 Y118.618 E.01396
G1 X124.103 Y118.976 E.02516
G1 X123.655 Y119.06 E.01188
G1 X123.207 Y118.859 E.01279
G1 X122.31 Y117.233 E.04839
G1 X121.862 Y116.78 E.0166
G1 X121.414 Y116.486 E.01396
G1 X120.517 Y116.128 E.02516
G1 X120.069 Y116.044 E.01188
G1 X119.621 Y116.246 E.0128
G1 X118.724 Y117.871 E.04836
G1 X118.276 Y118.324 E.0166
G1 X117.827 Y118.618 E.01398
G1 X116.931 Y118.976 E.02514
G1 X116.483 Y119.06 E.01188
G1 X116.034 Y118.859 E.01282
G1 X115.138 Y117.233 E.04837
G1 X114.689 Y116.78 E.01662
G1 X114.241 Y116.486 E.01396
G1 X113.345 Y116.128 E.02514
G1 X112.896 Y116.044 E.0119
G1 X112.448 Y116.246 E.0128
G1 X111.551 Y117.871 E.04836
G1 X111.103 Y118.324 E.0166
G1 X110.655 Y118.618 E.01396
G1 X109.758 Y118.976 E.02516
G1 X109.31 Y119.06 E.01188
G1 X108.862 Y118.859 E.01279
G1 X107.965 Y117.233 E.04839
G1 X107.517 Y116.78 E.0166
G1 X107.068 Y116.486 E.01398
G1 X106.716 Y116.345 E.00988
G1 X106.716 Y113.131 E.08374
G1 X107.068 Y112.899 E.01098
G1 X107.965 Y112.542 E.02516
G1 X108.413 Y112.457 E.01188
G1 X108.818 Y112.64 E.01158
G1 X108.818 Y111.6 E.0271
G1 X108.413 Y110.797 E.02343
G1 X107.965 Y110.061 E.02245
G1 X107.517 Y109.607 E.01662
G1 X107.068 Y109.313 E.01398
G1 X106.716 Y109.173 E.00987
G1 X106.716 Y105.958 E.08377
G1 X107.068 Y105.727 E.01097
G1 X107.965 Y105.37 E.02516
G1 X108.413 Y105.285 E.01188
G1 X108.862 Y105.487 E.01283
G1 X109.31 Y106.375 E.02592
G1 X109.758 Y107.112 E.02247
G1 X109.981 Y107.337 E.00825
G1 X111.504 Y107.322 E.03968
G1 X111.865 Y107.437 E.00987
G1 X112.186 Y107.642 E.00992
G1 X112.798 Y107.406 E.01709
G1 X113.345 Y106.475 E.02814
G1 X113.793 Y106.021 E.01662
G1 X114.241 Y105.727 E.01396
G1 X115.138 Y105.37 E.02516
G1 X115.586 Y105.285 E.01188
G1 X116.034 Y105.487 E.0128
G1 X116.483 Y106.375 E.02593
G1 X116.931 Y107.112 E.02247
G1 X117.118 Y107.302 E.00695
G1 X117.78 Y107.305 E.01725
G1 X118.079 Y107.364 E.00794
G1 X118.613 Y107.668 E.01601
G1 X118.844 Y107.496 E.0075
G1 X119.241 Y107.339 E.01112
G1 X120.025 Y107.298 E.02046
G1 X120.517 Y106.475 E.02498
G1 X120.965 Y106.021 E.01662
G1 X121.414 Y105.727 E.01398
G1 X122.31 Y105.37 E.02513
G1 X122.759 Y105.285 E.01191
G1 X123.207 Y105.487 E.0128
G1 X123.655 Y106.375 E.02592
G1 X124.103 Y107.112 E.02247
G1 X124.283 Y107.293 E.00665
G1 X125.13 Y107.244 E.02211
G1 X125.673 Y107.322 E.01429
G1 X126.305 Y107.537 E.01739
G1 X126.603 Y107.713 E.00902
G1 X127.119 Y107.454 E.01504
G1 X127.69 Y106.475 E.02953
G1 X128.138 Y106.021 E.01662
G1 X128.586 Y105.727 E.01396
G1 X129.483 Y105.37 E.02516
G1 X129.931 Y105.285 E.01188
G1 X130.379 Y105.487 E.0128
G1 X130.828 Y106.375 E.02593
G1 X131.407 Y107.245 E.02723
G1 X132.158 Y107.279 E.01959
G1 X132.754 Y107.432 E.01603
G1 X133.415 Y107.794 E.01964
G1 X133.823 Y108.188 E.01478
G1 X134.143 Y107.749 E.01415
G1 X134.862 Y106.475 E.03812
G1 X135.311 Y106.021 E.01664
G1 X135.759 Y105.727 E.01396
G1 X136.656 Y105.37 E.02516
G1 X137.104 Y105.285 E.01188
G1 X137.552 Y105.487 E.0128
G1 X138 Y106.375 E.02592
G1 X138.576 Y107.241 E.0271
G1 X138.065 Y107.253 E.01332
G1 X137.513 Y107.344 E.01458
G1 X136.989 Y107.545 E.01462
G1 X136.713 Y107.393 E.00821
G1 X136.172 Y107.304 E.01429
;WIPE_START
G1 F8640
M73 P37 R18
G1 X136.713 Y107.393 E-.1266
G1 X136.989 Y107.545 E-.07275
G1 X137.513 Y107.344 E-.12959
G1 X138.065 Y107.253 E-.12918
G1 X138.576 Y107.241 E-.11802
G1 X138.039 Y106.434 E-.22386
;WIPE_END
G1 Z1.35 F720
G1 X129.258 Y101.39 F10800
G1 Z.95 F720
G1 E.8 F2100
M73 Q37 S18
G1 F4800
G1 X130.899 Y100.205 E.05274
G1 X131.233 Y99.868 E.01236
G1 X131.724 Y100.393 E.01873
G1 X132.173 Y100.687 E.01398
G1 X133.069 Y101.044 E.02513
G1 X133.517 Y101.129 E.01188
G1 X133.966 Y100.927 E.01283
G1 X134.862 Y99.302 E.04835
G1 X135.311 Y98.848 E.01664
G1 X135.759 Y98.554 E.01396
G1 X136.656 Y98.197 E.02516
G1 X137.104 Y98.112 E.01188
G1 X137.552 Y98.314 E.0128
G1 X138.449 Y99.939 E.04836
G1 X138.897 Y100.393 E.01662
G1 X139.345 Y100.687 E.01396
G1 X140.242 Y101.044 E.02516
G1 X140.69 Y101.129 E.01188
G1 X141.138 Y100.927 E.0128
G1 X142.035 Y99.302 E.04836
G1 X142.483 Y98.848 E.01662
G1 X142.932 Y98.554 E.01398
G1 X143.284 Y98.414 E.00987
G1 X143.284 Y95.199 E.08377
G1 X142.932 Y94.968 E.01097
G1 X142.035 Y94.611 E.02516
G1 X141.587 Y94.526 E.01188
G1 X141.138 Y94.728 E.01283
G1 X140.242 Y96.353 E.04835
G1 X139.794 Y96.806 E.0166
G1 X139.345 Y97.101 E.014
G1 X138.449 Y97.458 E.02513
G1 X138 Y97.543 E.01191
G1 X137.552 Y97.341 E.0128
G1 X136.656 Y95.716 E.04835
G1 X136.207 Y95.262 E.01664
G1 X135.759 Y94.968 E.01396
G1 X134.862 Y94.611 E.02516
G1 X134.414 Y94.526 E.01188
G1 X133.966 Y94.728 E.0128
G1 X133.069 Y96.353 E.04836
G1 X132.621 Y96.806 E.0166
G1 X132.173 Y97.101 E.01398
G1 X131.276 Y97.458 E.02516
G1 X130.828 Y97.543 E.01188
G1 X130.379 Y97.341 E.01283
G1 X129.483 Y95.716 E.04835
G1 X129.035 Y95.262 E.01662
G1 X128.586 Y94.968 E.01398
G1 X127.69 Y94.611 E.02513
G1 X127.241 Y94.526 E.01191
G1 X126.793 Y94.728 E.0128
G1 X126.755 Y94.803 E.00219
G1 X126.072 Y94.354 E.0213
G1 X125.764 Y94.259 E.0084
G1 X125.352 Y94.239 E.01075
G1 X124.988 Y94.318 E.00971
G1 X124.629 Y94.503 E.01052
G1 X124.204 Y94.963 E.01632
G1 X124.066 Y95.278 E.00896
G1 X123.999 Y95.682 E.01067
G1 X123.996 Y96.296 E.016
G1 X122.664 Y96.296 E.03471
G1 X122.31 Y95.716 E.0177
G1 X121.862 Y95.262 E.01662
G1 X121.414 Y94.968 E.01396
G1 X120.517 Y94.611 E.02516
G1 X120.069 Y94.526 E.01188
G1 X119.621 Y94.728 E.0128
G1 X118.724 Y96.353 E.04836
G1 X118.276 Y96.806 E.0166
G1 X117.827 Y97.101 E.014
G1 X116.931 Y97.458 E.02513
G1 X116.483 Y97.543 E.01188
G1 X116.034 Y97.341 E.01283
G1 X115.138 Y95.716 E.04835
G1 X114.689 Y95.262 E.01664
G1 X114.241 Y94.968 E.01396
G1 X113.345 Y94.611 E.02513
G1 X112.896 Y94.526 E.01191
G1 X112.448 Y94.728 E.0128
G1 X111.551 Y96.353 E.04836
G1 X111.103 Y96.806 E.0166
G1 X110.655 Y97.101 E.01398
G1 X109.758 Y97.458 E.02516
G1 X109.31 Y97.543 E.01188
G1 X108.862 Y97.341 E.0128
G1 X107.965 Y95.716 E.04836
G1 X107.517 Y95.262 E.01662
G1 X107.068 Y94.968 E.01398
G1 X106.716 Y94.827 E.00988
G1 X106.716 Y91.613 E.08374
G1 X107.068 Y91.382 E.01097
G1 X107.965 Y91.024 E.02516
G1 X108.413 Y90.94 E.01188
G1 X108.862 Y91.141 E.01282
G1 X109.758 Y92.767 E.04837
G1 X110.206 Y93.22 E.0166
G1 X110.655 Y93.514 E.01398
G1 X111.551 Y93.872 E.02514
G1 X112 Y93.956 E.0119
G1 X112.448 Y93.755 E.01279
G1 X113.345 Y92.129 E.04839
G1 X113.793 Y91.676 E.0166
G1 X114.241 Y91.382 E.01396
G1 X115.138 Y91.024 E.02516
G1 X115.586 Y90.94 E.01188
G1 X116.034 Y91.141 E.01279
G1 X116.931 Y92.767 E.04839
G1 X117.379 Y93.22 E.0166
G1 X117.827 Y93.514 E.01396
G1 X118.724 Y93.872 E.02516
G1 X119.172 Y93.956 E.01188
G1 X119.621 Y93.755 E.01282
G1 X120.517 Y92.129 E.04837
G1 X120.965 Y91.676 E.0166
G1 X121.414 Y91.382 E.01398
G1 X122.31 Y91.024 E.02514
G1 X122.759 Y90.94 E.0119
G1 X123.207 Y91.141 E.01279
G1 X124.103 Y92.767 E.04837
G1 X124.552 Y93.22 E.01662
G1 X125 Y93.514 E.01396
G1 X125.897 Y93.872 E.02516
G1 X126.345 Y93.956 E.01188
G1 X126.793 Y93.755 E.01279
G1 X127.69 Y92.129 E.04839
G1 X128.138 Y91.676 E.0166
G1 X128.586 Y91.382 E.01396
G1 X129.483 Y91.024 E.02516
G1 X129.931 Y90.94 E.01188
G1 X130.379 Y91.141 E.01279
G1 X131.276 Y92.767 E.04839
G1 X131.724 Y93.22 E.0166
G1 X132.173 Y93.514 E.01398
G1 X133.069 Y93.872 E.02514
G1 X133.517 Y93.956 E.01188
G1 X133.966 Y93.755 E.01282
G1 X134.862 Y92.129 E.04837
G1 X135.311 Y91.676 E.01662
G1 X135.759 Y91.382 E.01396
G1 X136.656 Y91.024 E.02516
G1 X137.104 Y90.94 E.01188
G1 X137.552 Y91.141 E.01279
G1 X138.449 Y92.767 E.04839
G1 X138.897 Y93.22 E.0166
G1 X139.345 Y93.514 E.01396
G1 X140.242 Y93.872 E.02516
G1 X140.69 Y93.956 E.01188
G1 X141.138 Y93.755 E.01279
G1 X142.035 Y92.129 E.04839
G1 X142.483 Y91.676 E.0166
G1 X142.932 Y91.382 E.01398
G1 X143.284 Y91.241 E.00988
G1 X143.195 Y90.824 E.01111
G1 X142.986 Y90.615 E.0077
G1 X142.836 Y90.552 E.00424
G1 X141.229 Y90.533 E.04187
;WIPE_START
G1 F8640
G1 X142.836 Y90.552 E-.37109
G1 X142.986 Y90.615 E-.03757
G1 X143.195 Y90.824 E-.06825
G1 X143.284 Y91.241 E-.09846
G1 X142.932 Y91.382 E-.08756
G1 X142.483 Y91.676 E-.12392
G1 X142.443 Y91.717 E-.01315
;WIPE_END
G1 Z1.35 F720
G1 X125.441 Y94.66 F10800
G1 Z.95 F720
G1 E.8 F2100
;TYPE:Solid infill
;WIDTH:0.449999
G1 F4800
G1 X124.424 Y95.677 E.03747
G1 X124.414 Y96.277 E.01564
G1 X125.935 Y94.756 E.05605
;WIPE_START
G1 F8640
G1 X124.414 Y96.277 E-.49668
G1 X124.424 Y95.677 E-.13856
G1 X124.928 Y95.172 E-.16476
;WIPE_END
G1 Z1.35 F720
G1 X119.825 Y96.73 F10800
G1 Z.95 F720
G1 E.8 F2100
G1 F4800
G1 X118.932 Y97.623 E.03291
G1 X118.918 Y98.228 E.01577
G1 X120.432 Y96.714 E.05579
G1 X121.022 Y96.714 E.01537
G1 X118.917 Y98.82 E.07758
G1 X118.916 Y99.412 E.01543
G1 X121.613 Y96.714 E.0994
G1 X122.204 Y96.714 E.0154
G1 X118.915 Y100.004 E.12121
G1 X118.971 Y100.539 E.01402
G1 X122.795 Y96.714 E.14093
G1 X123.386 Y96.714 E.0154
G1 X119.182 Y100.918 E.15491
G1 X119.517 Y101.174 E.01099
G1 X123.977 Y96.714 E.16434
;WIPE_START
G1 F8640
G1 X121.527 Y99.164 E-.8
;WIPE_END
G1 Z1.35 F720
G1 X126.296 Y94.986 F10800
G1 Z.95 F720
G1 E.8 F2100
G1 F4800
G1 X120.002 Y101.28 E.23192
G1 X120.592 Y101.281 E.01537
G1 X126.638 Y95.235 E.22279
G1 X126.981 Y95.483 E.01103
G1 X121.182 Y101.282 E.21368
G1 X121.772 Y101.283 E.01537
G1 X127.323 Y95.731 E.20456
G1 X127.666 Y95.98 E.01104
G1 X122.362 Y101.283 E.19543
G1 X122.952 Y101.284 E.01537
G1 X128.008 Y96.228 E.18631
G1 X128.35 Y96.477 E.01102
G1 X123.542 Y101.285 E.17717
G1 X124.133 Y101.286 E.0154
G1 X128.693 Y96.725 E.16805
G1 X129.035 Y96.974 E.01102
G1 X124.414 Y101.595 E.17028
G1 X124.414 Y102.186 E.0154
G1 X129.378 Y97.222 E.18292
G1 X129.72 Y97.471 E.01102
G1 X124.502 Y102.689 E.19227
G1 X124.737 Y103.045 E.01111
G1 X130.063 Y97.719 E.19625
G1 X130.405 Y97.967 E.01101
G1 X125.099 Y103.273 E.19552
G1 X125.624 Y103.339 E.01379
G1 X130.747 Y98.216 E.18877
G1 X130.999 Y98.556 E.01103
G1 X127.174 Y102.38 E.14093
G1 X127.026 Y102.506 E.00506
;WIDTH:0.418975
G1 X126.878 Y102.632 E.00469
;WIDTH:0.38795
G1 X126.174 Y103.232 E.02052
;WIPE_START
G1 F8640
G1 X126.878 Y102.632 E-.21358
G1 X127.026 Y102.506 E-.04488
G1 X127.174 Y102.38 E-.04488
G1 X128.695 Y100.859 E-.49666
;WIPE_END
G1 Z1.35 F720
G1 X127.792 Y102.129 F10800
G1 Z.95 F720
G1 E.8 F2100
;WIDTH:0.415543
G1 F4800
G1 X128.188 Y101.792 E.01243
;WIDTH:0.458895
G1 X128.585 Y101.454 E.01387
;WIDTH:0.502247
G1 X128.981 Y101.117 E.01524
;WIDTH:0.5456
G1 X129.377 Y100.779 E.01667
;WIDTH:0.588952
G1 X129.774 Y100.442 E.01808
;WIDTH:0.632304
G1 X130.17 Y100.104 E.01948
;WIPE_START
G1 F8640
G1 X129.774 Y100.442 E-.12022
G1 X129.377 Y100.779 E-.12024
G1 X128.981 Y101.117 E-.12022
G1 X128.585 Y101.454 E-.12007
G1 X128.188 Y101.792 E-.12039
G1 X127.792 Y102.129 E-.12007
;WIPE_END
G1 E-.07879 F2100
G1 Z1.35 F720
G1 X130.976 Y99.118 F10800
G1 Z.95 F720
G1 E.8 F2100
;WIDTH:0.378148
G1 F4800
G1 X130.357 Y99.727 E.01873
;WIDTH:0.408881
G1 X130.326 Y99.79 E.00165
;WIDTH:0.453566
G1 X130.295 Y99.853 E.00185
;WIDTH:0.49825
G1 X130.264 Y99.916 E.00204
;WIDTH:0.542935
G1 X130.232 Y99.978 E.00222
;WIDTH:0.58762
G1 X130.201 Y100.041 E.00243
;WIDTH:0.632304
G1 X130.17 Y100.104 E.00263
G1 X130.237 Y100.083 E.00263
;WIDTH:0.58762
G1 X130.304 Y100.062 E.00243
;WIDTH:0.542935
G1 X130.371 Y100.042 E.00223
;WIDTH:0.49825
G1 X130.438 Y100.021 E.00204
;WIDTH:0.453566
G1 X130.505 Y100 E.00185
;WIDTH:0.408881
G1 X130.572 Y99.979 E.00165
;WIDTH:0.378148
G1 X130.833 Y99.751 E.00748
G1 X131.061 Y99.368 E.00962
G1 X131.124 Y98.971 E.00867
;WIPE_START
G1 F8640
G1 X131.061 Y99.368 E-.09282
G1 X130.833 Y99.751 E-.10292
G1 X130.572 Y99.979 E-.08002
G1 X130.505 Y100 E-.01621
G1 X130.438 Y100.021 E-.01621
G1 X130.371 Y100.042 E-.01621
G1 X130.304 Y100.062 E-.01615
G1 X130.237 Y100.083 E-.01621
G1 X130.17 Y100.104 E-.01621
G1 X130.201 Y100.041 E-.01621
G1 X130.232 Y99.978 E-.01621
G1 X130.264 Y99.916 E-.01611
G1 X130.295 Y99.853 E-.01621
G1 X130.326 Y99.79 E-.01621
G1 X130.357 Y99.727 E-.01621
G1 X130.976 Y99.118 E-.20051
;WIPE_END
G1 E-.12937 F2100
G1 Z1.35 F720
G1 X118.499 Y98.601 F10800
G1 Z.95 F720
G1 E.8 F2100
;TYPE:Internal infill
;WIDTH:0.45
G1 F4800
G1 X118.518 Y100.462 E.04849
G1 X118.754 Y101.05 E.01651
G1 X117.827 Y100.687 E.02594
G1 X117.379 Y100.393 E.01396
G1 X116.931 Y99.939 E.01662
G1 X116.034 Y98.314 E.04836
G1 X115.586 Y98.112 E.0128
G1 X115.138 Y98.197 E.01188
G1 X114.241 Y98.554 E.02516
G1 X113.793 Y98.848 E.01396
G1 X113.345 Y99.302 E.01662
G1 X112.448 Y100.927 E.04836
G1 X112 Y101.129 E.0128
G1 X111.551 Y101.044 E.01191
G1 X110.655 Y100.687 E.02513
G1 X110.206 Y100.393 E.01398
G1 X109.758 Y99.939 E.01662
G1 X108.862 Y98.314 E.04835
G1 X108.413 Y98.112 E.01283
G1 X107.965 Y98.197 E.01188
G1 X107.068 Y98.554 E.02516
G1 X106.716 Y98.786 E.01098
G1 X106.716 Y102 E.08374
G1 X107.068 Y102.141 E.00988
G1 X107.517 Y102.435 E.01398
G1 X107.965 Y102.888 E.0166
G1 X108.862 Y104.513 E.04836
G1 X109.31 Y104.715 E.0128
G1 X109.758 Y104.63 E.01188
G1 X110.655 Y104.273 E.02516
G1 X111.103 Y103.979 E.01396
G1 X111.551 Y103.525 E.01662
G1 X112.448 Y101.9 E.04836
G1 X112.896 Y101.699 E.01279
G1 X113.345 Y101.783 E.0119
G1 X114.241 Y102.141 E.02514
G1 X114.689 Y102.435 E.01396
G1 X115.138 Y102.888 E.01662
G1 X116.034 Y104.513 E.04835
G1 X116.483 Y104.715 E.01283
G1 X116.931 Y104.63 E.01188
G1 X117.827 Y104.273 E.02513
G1 X118.276 Y103.979 E.01398
G1 X118.724 Y103.525 E.01662
G1 X119.621 Y101.9 E.04836
G1 X120.069 Y101.699 E.01279
G1 X120.517 Y101.783 E.01188
G1 X121.414 Y102.141 E.02516
G1 X121.862 Y102.435 E.01396
G1 X122.31 Y102.888 E.0166
G1 X123.207 Y104.513 E.04836
G1 X123.655 Y104.715 E.0128
G1 X124.103 Y104.63 E.01188
G1 X125 Y104.273 E.02516
G1 X125.448 Y103.979 E.01396
G1 X125.669 Y103.756 E.00818
G1 X125.995 Y103.678 E.00873
G1 X126.342 Y103.496 E.01021
G1 X128.35 Y102.046 E.06454
G1 X129.035 Y102.435 E.02053
G1 X129.483 Y102.888 E.0166
G1 X130.379 Y104.513 E.04835
G1 X130.828 Y104.715 E.01283
G1 X131.276 Y104.63 E.01188
G1 X132.173 Y104.273 E.02516
G1 X132.621 Y103.979 E.01396
G1 X133.069 Y103.525 E.01662
G1 X133.966 Y101.9 E.04836
G1 X134.414 Y101.699 E.01279
G1 X134.862 Y101.783 E.01188
G1 X135.759 Y102.141 E.02516
G1 X136.207 Y102.435 E.01396
G1 X136.656 Y102.888 E.01662
G1 X137.552 Y104.513 E.04835
G1 X138 Y104.715 E.0128
G1 X138.449 Y104.63 E.01191
G1 X139.345 Y104.273 E.02513
G1 X139.794 Y103.979 E.01398
G1 X140.242 Y103.525 E.01662
G1 X141.138 Y101.9 E.04835
G1 X141.587 Y101.699 E.01282
G1 X142.035 Y101.783 E.01188
G1 X142.932 Y102.141 E.02516
G1 X143.284 Y102.372 E.01097
G1 X143.284 Y105.586 E.08374
G1 X142.932 Y105.727 E.00988
G1 X142.483 Y106.021 E.01398
G1 X142.035 Y106.475 E.01662
G1 X141.138 Y108.1 E.04836
G1 X140.821 Y108.242 E.00905
G1 X140.996 Y108.49 E.00791
G1 X141.233 Y109.03 E.01537
G1 X141.587 Y108.871 E.01011
G1 X142.035 Y108.956 E.01188
G1 X142.932 Y109.313 E.02516
G1 X143.284 Y109.545 E.01098
G1 X143.284 Y112.759 E.08374
G1 X142.932 Y112.899 E.00987
G1 X142.483 Y113.194 E.014
G1 X142.035 Y113.647 E.0166
G1 X141.138 Y115.272 E.04836
G1 X140.69 Y115.474 E.0128
G1 X140.242 Y115.389 E.01188
G1 X139.345 Y115.032 E.02516
G1 X138.802 Y114.641 E.01743
G1 X137.927 Y114.633 E.0228
G1 X137.472 Y114.549 E.01206
G1 X136.98 Y114.372 E.01362
G1 X136.43 Y114.585 E.01537
G1 X135.318 Y114.603 E.02898
G1 X135.002 Y114.564 E.0083
G1 X134.459 Y114.309 E.01563
G1 X133.966 Y115.272 E.02819
G1 X133.517 Y115.474 E.01283
G1 X133.069 Y115.389 E.01188
G1 X132.173 Y115.032 E.02513
G1 X131.645 Y114.658 E.01686
G1 X130.671 Y114.554 E.02552
G1 X130.231 Y114.4 E.01215
G1 X129.863 Y114.189 E.01105
G1 X129.089 Y114.55 E.02225
G1 X128.414 Y114.656 E.0178
G1 X127.566 Y114.593 E.02216
G1 X127.196 Y114.474 E.01013
G1 X126.793 Y115.272 E.02329
G1 X126.345 Y115.474 E.0128
G1 X125.897 Y115.389 E.01188
G1 X125 Y115.032 E.02516
G1 X124.42 Y114.604 E.01878
G1 X123.305 Y114.604 E.02905
G1 X122.795 Y114.506 E.01353
G1 X122.292 Y114.186 E.01553
G1 X122.068 Y113.891 E.00965
G1 X121.844 Y114.186 E.00965
G1 X121.295 Y114.523 E.01678
G1 X120.829 Y114.604 E.01232
G1 X119.962 Y114.595 E.02259
G1 X119.621 Y115.272 E.01975
G1 X119.172 Y115.474 E.01283
G1 X118.724 Y115.389 E.01188
G1 X117.827 Y115.032 E.02516
G1 X117.238 Y114.595 E.01911
G1 X116.092 Y114.569 E.02987
G1 X115.574 Y114.347 E.01468
G1 X114.942 Y114.564 E.01741
G1 X114.155 Y114.659 E.02065
G1 X113.339 Y114.612 E.0213
G1 X112.841 Y114.492 E.01335
G1 X112.448 Y115.272 E.02276
G1 X112 Y115.474 E.0128
G1 X111.551 Y115.389 E.01191
G1 X110.655 Y115.032 E.02513
G1 X110.042 Y114.571 E.01998
G1 X111.476 Y114.585 E.03737
G1 X111.975 Y114.407 E.0138
G1 X112.206 Y114.243 E.00738
G1 X112.423 Y114.36 E.00642
;LAYER_CHANGE
;Z:1.1
;HEIGHT:0.15
;BEFORE_LAYER_CHANGE
G92 E0.0
;1.1


;WIPE_START
G1 F8640
G1 X112.206 Y114.243 E-.05692
G1 X111.975 Y114.407 E-.06541
G1 X111.476 Y114.585 E-.12233
G1 X110.042 Y114.571 E-.33113
G1 X110.655 Y115.032 E-.1771
G1 X110.845 Y115.108 E-.04711
;WIPE_END
G1 Z1.1 F720
;AFTER_LAYER_CHANGE
;1.1
G1 Z1.5
G1 X125 Y119.829 F10800
G1 Z1.1 F720
G1 E.8 F2100
M204 S800
;TYPE:Perimeter
;WIDTH:0.449999
G1 F2700
G1 X107.369 Y119.829 E.45939
G1 X106.947 Y119.742 E.01123
G1 X106.642 Y119.548 E.00942
G1 X106.448 Y119.243 E.00942
G1 X106.361 Y118.821 E.01123
G1 X106.361 Y91.149 E.72101
G1 X106.464 Y90.7 E.012
G1 X106.734 Y90.372 E.01107
G1 X107.003 Y90.228 E.00795
G1 X107.335 Y90.171 E.00878
G1 X128.816 Y90.176 E.5597
G1 X142.789 Y90.179 E.36408
G1 X143.165 Y90.304 E.01032
M73 P38 R18
G1 X143.432 Y90.548 E.00942
G1 X143.599 Y90.869 E.00943
G1 X143.639 Y91.249 E.00996
G1 X143.639 Y118.821 E.71841
G1 X143.552 Y119.243 E.01123
M73 Q38 S18
G1 X143.358 Y119.548 E.00942
G1 X143.053 Y119.742 E.00942
G1 X142.631 Y119.829 E.01123
G1 X125.06 Y119.829 E.45783
M204 S1000
G1 X125 Y120.247 F10800
M204 S800
G1 F2700
G1 X107.44 Y120.247 E.45754
G1 X106.95 Y120.196 E.01284
G1 X106.624 Y120.061 E.00919
G1 X106.344 Y119.846 E.0092
G1 X106.129 Y119.566 E.0092
G1 X105.994 Y119.24 E.00919
G1 X105.943 Y118.848 E.0103
G1 X105.943 Y91.25 E.71909
G1 X105.995 Y90.753 E.01302
G1 X106.223 Y90.292 E.0134
G1 X106.492 Y90.023 E.00991
G1 X106.869 Y89.83 E.01104
G1 X107.321 Y89.753 E.01195
G1 X142.57 Y89.762 E.91844
G1 X143.043 Y89.802 E.01237
G1 X143.376 Y89.939 E.00938
G1 X143.656 Y90.154 E.0092
G1 X143.871 Y90.434 E.0092
G1 X144.006 Y90.76 E.00919
G1 X144.057 Y91.249 E.01281
G1 X144.057 Y118.75 E.71656
G1 X144.006 Y119.24 E.01284
G1 X143.871 Y119.566 E.00919
G1 X143.656 Y119.846 E.0092
G1 X143.376 Y120.061 E.0092
G1 X143.05 Y120.196 E.00919
G1 X142.658 Y120.247 E.0103
G1 X125.06 Y120.247 E.45853
M204 S1000
G1 X125 Y120.665 F10800
M204 S800
;TYPE:External perimeter
G1 F1500
G1 X107.44 Y120.665 E.45754
G1 X106.841 Y120.603 E.01569
G1 X106.413 Y120.426 E.01207
G1 X106.046 Y120.144 E.01206
G1 X105.764 Y119.777 E.01206
G1 X105.587 Y119.349 E.01207
G1 X105.525 Y118.876 E.01243
G1 X105.525 Y91.25 E.71982
G1 X105.561 Y90.849 E.01049
G1 X105.659 Y90.464 E.01035
G1 X105.892 Y90.032 E.01279
G1 X106.225 Y89.698 E.01229
G1 X106.734 Y89.433 E.01495
G1 X107.307 Y89.335 E.01515
G1 X141.904 Y89.344 E.90145
G1 X142.57 Y89.344 E.01735
M73 P38 R17
G1 X143.157 Y89.396 E.01535
G1 X143.587 Y89.574 E.01213
G1 X143.954 Y89.856 E.01206
G1 X144.236 Y90.223 E.01206
G1 X144.413 Y90.651 E.01207
G1 X144.475 Y91.249 E.01566
G1 X144.475 Y118.75 E.71656
G1 X144.413 Y119.349 E.01569
G1 X144.236 Y119.777 E.01207
G1 X143.954 Y120.144 E.01206
G1 X143.587 Y120.426 E.01206
G1 X143.159 Y120.603 E.01207
G1 X142.686 Y120.665 E.01243
G1 X125.06 Y120.665 E.45926
M204 S1000
;WIPE_START
G1 F8640
G1 X125 Y120.665 E-.01385
G1 X121.595 Y120.665 E-.78615
;WIPE_END
G1 Z1.5 F720
G1 X112.405 Y114.352 F10800
G1 Z1.1 F720
G1 E.8 F2100
;TYPE:Internal infill
;WIDTH:0.45
G1 F4800
G1 X112.206 Y114.243 E.00591
G1 X111.975 Y114.407 E.00738
G1 X111.476 Y114.585 E.0138
G1 X110.022 Y114.568 E.03789
G1 X110.655 Y114.974 E.01959
G1 X111.551 Y115.213 E.02416
G1 X112 Y115.172 E.01175
G1 X112.448 Y114.843 E.01448
G1 X112.725 Y114.456 E.0124
G1 X113.317 Y114.609 E.01593
G1 X114.155 Y114.659 E.02187
G1 X114.854 Y114.583 E.01832
G1 X115.57 Y114.344 E.01967
G1 X116.092 Y114.569 E.01481
G1 X117.226 Y114.595 E.02956
G1 X117.827 Y114.974 E.01851
G1 X118.724 Y115.213 E.02419
G1 X119.172 Y115.172 E.01172
G1 X119.621 Y114.843 E.0145
G1 X119.8 Y114.592 E.00803
G1 X120.829 Y114.604 E.02681
G1 X121.295 Y114.523 E.01232
G1 X121.844 Y114.186 E.01678
G1 X122.068 Y113.891 E.00965
G1 X122.292 Y114.186 E.00965
G1 X122.795 Y114.506 E.01553
G1 X123.305 Y114.604 E.01353
G1 X124.409 Y114.604 E.02877
G1 X125 Y114.974 E.01817
G1 X125.897 Y115.213 E.02419
G1 X126.345 Y115.172 E.01172
G1 X126.793 Y114.843 E.01448
G1 X127.089 Y114.43 E.01324
G1 X127.566 Y114.593 E.01313
M73 Q38 S17
G1 X128.414 Y114.656 E.02216
G1 X129.089 Y114.55 E.0178
G1 X129.863 Y114.189 E.02225
G1 X130.196 Y114.384 E.01005
G1 X130.643 Y114.546 E.01239
G1 X131.644 Y114.658 E.02624
G1 X132.173 Y114.974 E.01606
G1 X133.069 Y115.213 E.02416
G1 X133.517 Y115.172 E.01172
G1 X133.966 Y114.843 E.0145
G1 X134.389 Y114.251 E.01896
G1 X134.709 Y114.461 E.00997
G1 X135.318 Y114.603 E.01629
G1 X136.43 Y114.585 E.02898
G1 X136.985 Y114.368 E.01553
G1 X137.264 Y114.488 E.00791
G1 X137.927 Y114.633 E.01768
G1 X138.798 Y114.641 E.0227
G1 X139.345 Y114.974 E.01669
G1 X140.242 Y115.213 E.02419
G1 X140.69 Y115.172 E.01172
G1 X141.138 Y114.843 E.01448
G1 X142.035 Y113.59 E.04015
G1 X142.483 Y113.205 E.01539
G1 X142.932 Y112.958 E.01335
G1 X143.284 Y112.864 E.00949
G1 X143.284 Y109.566 E.08593
G1 X142.932 Y109.371 E.01048
G1 X142.035 Y109.133 E.02418
G1 X141.587 Y109.173 E.01172
G1 X141.325 Y109.365 E.00846
G1 X141.198 Y108.911 E.01228
G1 X140.996 Y108.49 E.01217
G1 X140.588 Y108.009 E.01643
G1 X140.69 Y108 E.00267
G1 X141.138 Y107.67 E.0145
G1 X142.035 Y106.417 E.04015
G1 X142.483 Y106.032 E.01539
G1 X142.932 Y105.785 E.01335
G1 X143.284 Y105.691 E.00949
G1 X143.284 Y102.393 E.08593
G1 X142.932 Y102.199 E.01047
G1 X142.035 Y101.96 E.02419
G1 X141.587 Y102 E.01172
G1 X141.138 Y102.33 E.01452
G1 X140.242 Y103.583 E.04014
G1 X139.794 Y103.968 E.01539
G1 X139.345 Y104.215 E.01335
G1 X138.449 Y104.454 E.02416
G1 X138 Y104.413 E.01175
G1 X137.552 Y104.084 E.01448
G1 X136.656 Y102.831 E.04014
G1 X136.207 Y102.446 E.01541
G1 X135.759 Y102.199 E.01333
G1 X134.862 Y101.96 E.02419
G1 X134.414 Y102 E.01172
G1 X133.966 Y102.33 E.0145
G1 X133.069 Y103.583 E.04015
G1 X132.621 Y103.968 E.01539
G1 X132.173 Y104.215 E.01333
G1 X131.276 Y104.454 E.02419
G1 X130.828 Y104.413 E.01172
G1 X130.379 Y104.084 E.0145
G1 X129.483 Y102.831 E.04014
G1 X129.035 Y102.446 E.01539
G1 X128.586 Y102.199 E.01335
G1 X128.26 Y102.112 E.00879
G1 X126.327 Y103.504 E.06207
G1 X126.009 Y103.671 E.00936
G1 X125.702 Y103.75 E.00826
G1 X125.448 Y103.968 E.00872
G1 X125 Y104.215 E.01333
G1 X124.103 Y104.454 E.02419
G1 X123.655 Y104.413 E.01172
G1 X123.207 Y104.084 E.01448
G1 X122.31 Y102.831 E.04015
G1 X121.862 Y102.446 E.01539
G1 X121.414 Y102.199 E.01333
G1 X120.517 Y101.96 E.02419
G1 X120.069 Y102 E.01172
G1 X119.621 Y102.33 E.0145
G1 X118.724 Y103.583 E.04015
G1 X118.276 Y103.968 E.01539
G1 X117.827 Y104.215 E.01335
G1 X116.931 Y104.454 E.02416
G1 X116.483 Y104.413 E.01172
G1 X116.034 Y104.084 E.0145
G1 X115.138 Y102.831 E.04014
G1 X114.689 Y102.446 E.01541
G1 X114.241 Y102.199 E.01333
G1 X113.345 Y101.96 E.02416
G1 X112.896 Y102 E.01175
G1 X112.448 Y102.33 E.0145
G1 X111.551 Y103.583 E.04015
G1 X111.103 Y103.968 E.01539
G1 X110.655 Y104.215 E.01333
G1 X109.758 Y104.454 E.02419
G1 X109.31 Y104.413 E.01172
G1 X108.862 Y104.084 E.01448
G1 X107.965 Y102.831 E.04015
G1 X107.517 Y102.446 E.01539
G1 X107.068 Y102.199 E.01335
G1 X106.716 Y102.105 E.00949
G1 X106.716 Y98.807 E.08593
G1 X107.068 Y98.612 E.01048
G1 X107.965 Y98.374 E.02418
G1 X108.413 Y98.414 E.01172
G1 X108.862 Y98.744 E.01452
G1 X109.758 Y99.997 E.04014
G1 X110.206 Y100.381 E.01537
G1 X110.655 Y100.629 E.01336
G1 X111.551 Y100.868 E.02416
G1 X112 Y100.827 E.01175
G1 X112.448 Y100.497 E.0145
G1 X113.345 Y99.245 E.04013
G1 X113.793 Y98.86 E.01539
G1 X114.241 Y98.612 E.01334
G1 X115.138 Y98.374 E.02418
G1 X115.586 Y98.414 E.01172
G1 X116.034 Y98.744 E.0145
G1 X116.931 Y99.997 E.04015
G1 X117.379 Y100.381 E.01537
G1 X117.827 Y100.629 E.01334
G1 X118.64 Y100.845 E.02192
G1 X118.497 Y100.236 E.0163
G1 X118.5 Y98.366 E.04872
;WIPE_START
G1 F8640
G1 X118.497 Y100.236 E-.43179
G1 X118.64 Y100.845 E-.14444
G1 X117.827 Y100.629 E-.19424
G1 X117.715 Y100.567 E-.02953
;WIPE_END
G1 Z1.5 F720
G1 X119.145 Y101.036 F10800
G1 Z1.1 F720
G1 E.8 F2100
;TYPE:Solid infill
;WIDTH:0.37219
G1 F4800
G1 X119.473 Y101.312 E.00909
;WIDTH:0.449999
G1 X119.823 Y101.272 E.00918
G1 X118.93 Y100.378 E.03292
G1 X118.915 Y99.773 E.01577
G1 X120.423 Y101.281 E.05557
G1 X121.015 Y101.282 E.01543
G1 X118.916 Y99.183 E.07734
G1 X118.917 Y98.593 E.01537
G1 X121.606 Y101.282 E.09909
G1 X122.198 Y101.283 E.01543
G1 X118.918 Y98.004 E.12084
G1 X118.966 Y97.46 E.01423
G1 X122.789 Y101.284 E.14089
G1 X123.381 Y101.285 E.01543
G1 X119.179 Y97.083 E.15484
G1 X119.515 Y96.828 E.01099
G1 X123.973 Y101.285 E.16425
;WIPE_START
G1 F8640
G1 X121.523 Y98.835 E-.8
;WIPE_END
G1 Z1.5 F720
G1 X124.424 Y102.328 F10800
G1 Z1.1 F720
G1 E.8 F2100
G1 F4800
G1 X125.437 Y103.34 E.03731
G1 X125.929 Y103.242 E.01307
G1 X124.414 Y101.727 E.05583
;WIPE_START
G1 F8640
G1 X125.929 Y103.242 E-.49472
G1 X125.437 Y103.34 E-.11584
G1 X124.857 Y102.76 E-.18944
;WIPE_END
G1 Z1.5 F720
G1 X126.294 Y103.016 F10800
G1 Z1.1 F720
G1 E.8 F2100
G1 F4800
G1 X119.993 Y96.714 E.2322
G1 X120.583 Y96.714 E.01537
G1 X126.637 Y102.768 E.22308
G1 X126.98 Y102.52 E.01103
G1 X121.174 Y96.714 E.21394
G1 X121.765 Y96.714 E.0154
G1 X127.323 Y102.272 E.2048
G1 X127.666 Y102.025 E.01101
G1 X122.356 Y96.714 E.19568
G1 X122.947 Y96.714 E.0154
M73 P39 R17
G1 X128.009 Y101.777 E.18654
G1 X128.353 Y101.529 E.01105
G1 X123.538 Y96.714 E.17742
G1 X124.129 Y96.714 E.0154
G1 X128.696 Y101.281 E.16829
G1 X129.039 Y101.034 E.01101
M73 Q39 S17
G1 X124.414 Y96.409 E.17042
G1 X124.414 Y95.818 E.0154
G1 X129.382 Y100.786 E.18306
G1 X129.725 Y100.538 E.01103
G1 X124.501 Y95.314 E.1925
G1 X124.737 Y94.96 E.01109
G1 X130.068 Y100.29 E.19642
G1 X130.411 Y100.042 E.01103
G1 X125.094 Y94.726 E.1959
G1 X125.625 Y94.665 E.01393
G1 X130.744 Y99.784 E.18863
G1 X130.991 Y99.441 E.01101
G1 X127.173 Y95.622 E.14071
G1 X127.025 Y95.496 E.00506
;WIDTH:0.419387
G1 X126.877 Y95.37 E.00469
;WIDTH:0.388774
G1 X126.18 Y94.775 E.02038
;WIPE_START
G1 F8640
G1 X126.877 Y95.37 E-.2116
G1 X127.025 Y95.496 E-.04488
G1 X127.173 Y95.622 E-.04488
G1 X128.7 Y97.149 E-.49864
;WIPE_END
G1 Z1.5 F720
G1 X127.798 Y95.881 F10800
G1 Z1.1 F720
G1 E.8 F2100
;WIDTH:0.415631
G1 F4800
G1 X128.202 Y96.225 E.01269
;WIDTH:0.459072
G1 X128.605 Y96.57 E.01412
;WIDTH:0.502513
G1 X129.008 Y96.914 E.01554
;WIDTH:0.545954
G1 X129.411 Y97.258 E.01698
;WIDTH:0.589395
G1 X129.814 Y97.602 E.01841
;WIDTH:0.632836
G1 X130.217 Y97.947 E.01987
G1 X130.248 Y98.009 E.0026
;WIDTH:0.588338
G1 X130.279 Y98.071 E.0024
;WIDTH:0.543839
G1 X130.31 Y98.134 E.00224
;WIDTH:0.49934
G1 X130.341 Y98.197 E.00205
;WIDTH:0.4542
G1 X130.373 Y98.26 E.00186
;WIDTH:0.409059
G1 X130.404 Y98.324 E.00167
;WIDTH:0.379279
G1 X131.11 Y99.019 E.02144
G1 X131.101 Y98.756 E.0057
G1 X131.026 Y98.543 E.00489
G1 X130.813 Y98.235 E.00811
G1 X130.619 Y98.072 E.00548
;WIDTH:0.408738
G1 X130.552 Y98.051 E.00165
;WIDTH:0.453558
G1 X130.485 Y98.03 E.00185
;WIDTH:0.498377
G1 X130.418 Y98.009 E.00204
;WIDTH:0.543197
G1 X130.351 Y97.989 E.00223
;WIDTH:0.588017
G1 X130.284 Y97.968 E.00243
;WIDTH:0.632836
G1 X130.217 Y97.947 E.00263
G1 X130.787 Y97.729 F10800
;TYPE:Internal infill
;WIDTH:0.45
G1 F4800
G1 X131.209 Y98.098 E.01461
G1 X131.39 Y98.405 E.00929
G1 X131.485 Y98.706 E.00822
G1 X131.489 Y99.274 E.0148
G1 X131.208 Y99.901 E.0179
G1 X131.724 Y100.381 E.01836
G1 X132.173 Y100.629 E.01336
G1 X133.069 Y100.868 E.02416
G1 X133.517 Y100.827 E.01172
G1 X133.966 Y100.497 E.01452
G1 X134.862 Y99.245 E.04012
G1 X135.311 Y98.86 E.01541
G1 X135.759 Y98.612 E.01334
G1 X136.656 Y98.374 E.02418
G1 X137.104 Y98.414 E.01172
G1 X137.552 Y98.744 E.0145
G1 X138.449 Y99.997 E.04015
G1 X138.897 Y100.381 E.01537
G1 X139.345 Y100.629 E.01334
G1 X140.242 Y100.868 E.02419
G1 X140.69 Y100.827 E.01172
G1 X141.138 Y100.497 E.0145
G1 X142.035 Y99.245 E.04013
G1 X142.483 Y98.86 E.01539
G1 X142.932 Y98.612 E.01336
G1 X143.284 Y98.518 E.00949
G1 X143.284 Y95.221 E.08591
G1 X142.932 Y95.026 E.01048
G1 X142.035 Y94.787 E.02419
G1 X141.587 Y94.828 E.01172
G1 X141.138 Y95.157 E.0145
G1 X140.242 Y96.41 E.04014
G1 X139.794 Y96.795 E.01539
G1 X139.345 Y97.043 E.01336
G1 X138.449 Y97.281 E.02416
G1 X138 Y97.241 E.01175
G1 X137.552 Y96.911 E.0145
G1 X136.656 Y95.658 E.04014
G1 X136.207 Y95.273 E.01541
G1 X135.759 Y95.026 E.01333
G1 X134.862 Y94.787 E.02419
G1 X134.414 Y94.828 E.01172
G1 X133.966 Y95.157 E.01448
G1 X133.069 Y96.41 E.04015
G1 X132.621 Y96.795 E.01539
G1 X132.173 Y97.043 E.01334
G1 X131.276 Y97.281 E.02418
G1 X130.828 Y97.241 E.01172
G1 X130.379 Y96.911 E.01452
G1 X129.483 Y95.658 E.04014
G1 X129.035 Y95.273 E.01539
G1 X128.586 Y95.026 E.01335
G1 X127.69 Y94.787 E.02416
G1 X127.241 Y94.828 E.01175
G1 X127.017 Y94.993 E.00725
G1 X126.072 Y94.354 E.02972
G1 X125.764 Y94.259 E.0084
G1 X125.352 Y94.239 E.01075
G1 X124.988 Y94.318 E.00971
G1 X124.671 Y94.475 E.00922
G1 X124.228 Y94.923 E.01642
G1 X124.066 Y95.278 E.01017
G1 X123.996 Y95.717 E.01158
G1 X123.996 Y96.296 E.01509
G1 X122.767 Y96.296 E.03202
G1 X122.31 Y95.658 E.02045
G1 X121.862 Y95.273 E.01539
G1 X121.414 Y95.026 E.01333
G1 X120.517 Y94.787 E.02419
G1 X120.069 Y94.828 E.01172
G1 X119.621 Y95.157 E.01448
G1 X118.724 Y96.41 E.04015
G1 X118.276 Y96.795 E.01539
G1 X117.827 Y97.043 E.01336
G1 X116.931 Y97.281 E.02416
G1 X116.483 Y97.241 E.01172
G1 X116.034 Y96.911 E.01452
G1 X115.138 Y95.658 E.04014
G1 X114.689 Y95.273 E.01541
G1 X114.241 Y95.026 E.01333
G1 X113.345 Y94.787 E.02416
G1 X112.896 Y94.828 E.01175
G1 X112.448 Y95.157 E.01448
G1 X111.551 Y96.41 E.04015
G1 X111.103 Y96.795 E.01539
G1 X110.655 Y97.043 E.01334
G1 X109.758 Y97.281 E.02418
G1 X109.31 Y97.241 E.01172
G1 X108.862 Y96.911 E.0145
G1 X107.965 Y95.658 E.04015
G1 X107.517 Y95.273 E.01539
G1 X107.068 Y95.026 E.01335
G1 X106.716 Y94.932 E.00949
G1 X106.716 Y91.634 E.08593
G1 X107.068 Y91.44 E.01047
G1 X107.965 Y91.201 E.02419
G1 X108.413 Y91.241 E.01172
G1 X108.862 Y91.571 E.01452
G1 X109.758 Y92.824 E.04014
G1 X110.206 Y93.209 E.01539
G1 X110.655 Y93.456 E.01335
G1 X111.551 Y93.695 E.02416
G1 X112 Y93.655 E.01175
G1 X112.448 Y93.325 E.0145
G1 X113.345 Y92.072 E.04015
G1 X113.793 Y91.687 E.01539
G1 X114.241 Y91.44 E.01333
G1 X115.138 Y91.201 E.02419
G1 X115.586 Y91.241 E.01172
G1 X116.034 Y91.571 E.0145
G1 X116.931 Y92.824 E.04015
G1 X117.379 Y93.209 E.01539
G1 X117.827 Y93.456 E.01333
G1 X118.724 Y93.695 E.02419
G1 X119.172 Y93.655 E.01172
G1 X119.621 Y93.325 E.01452
G1 X120.517 Y92.072 E.04014
G1 X120.965 Y91.687 E.01539
G1 X121.414 Y91.44 E.01335
G1 X122.31 Y91.201 E.02416
G1 X122.759 Y91.241 E.01175
G1 X123.207 Y91.571 E.0145
G1 X124.103 Y92.824 E.04014
G1 X124.552 Y93.209 E.01541
G1 X125 Y93.456 E.01333
G1 X125.897 Y93.695 E.02419
G1 X126.345 Y93.655 E.01172
G1 X126.793 Y93.325 E.0145
G1 X127.69 Y92.072 E.04015
G1 X128.138 Y91.687 E.01539
G1 X128.586 Y91.44 E.01333
G1 X129.483 Y91.201 E.02419
G1 X129.931 Y91.241 E.01172
G1 X130.379 Y91.571 E.0145
G1 X131.276 Y92.824 E.04015
G1 X131.724 Y93.209 E.01539
G1 X132.173 Y93.456 E.01335
G1 X133.069 Y93.695 E.02416
G1 X133.517 Y93.655 E.01172
G1 X133.966 Y93.325 E.01452
G1 X134.862 Y92.072 E.04014
G1 X135.311 Y91.687 E.01541
G1 X135.759 Y91.44 E.01333
G1 X136.656 Y91.201 E.02419
G1 X137.104 Y91.241 E.01172
G1 X137.552 Y91.571 E.0145
G1 X138.449 Y92.824 E.04015
G1 X138.897 Y93.209 E.01539
G1 X139.345 Y93.456 E.01333
G1 X140.242 Y93.695 E.02419
G1 X140.69 Y93.655 E.01172
G1 X141.138 Y93.325 E.0145
G1 X142.035 Y92.072 E.04015
G1 X142.483 Y91.687 E.01539
G1 X142.932 Y91.44 E.01335
G1 X143.284 Y91.346 E.00949
G1 X143.253 Y90.962 E.01004
G1 X143.105 Y90.705 E.00773
G1 X142.986 Y90.615 E.00389
G1 X142.725 Y90.534 E.00712
G1 X141.334 Y90.534 E.03624
;WIPE_START
G1 F8640
G1 X142.725 Y90.534 E-.32119
G1 X142.986 Y90.615 E-.0631
G1 X143.105 Y90.705 E-.03445
G1 X143.253 Y90.962 E-.06848
G1 X143.284 Y91.346 E-.08896
G1 X142.932 Y91.44 E-.08413
G1 X142.483 Y91.687 E-.11833
G1 X142.413 Y91.747 E-.02136
;WIPE_END
G1 Z1.5 F720
G1 X136.128 Y107.309 F10800
G1 Z1.1 F720
G1 E.8 F2100
G1 F4800
G1 X136.713 Y107.393 E.0154
G1 X136.989 Y107.545 E.00821
G1 X137.487 Y107.35 E.01394
G1 X138.032 Y107.256 E.01441
G1 X138.533 Y107.242 E.01306
G1 X137.552 Y105.916 E.04298
G1 X137.104 Y105.587 E.01448
G1 X136.656 Y105.546 E.01172
G1 X135.759 Y105.785 E.02419
G1 X135.311 Y106.032 E.01333
G1 X134.862 Y106.417 E.01541
G1 X133.966 Y107.67 E.04014
G1 X133.591 Y107.946 E.01213
G1 X133.281 Y107.707 E.0102
G1 X132.705 Y107.413 E.01685
G1 X132.158 Y107.279 E.01467
G1 X131.369 Y107.249 E.02057
G1 X130.379 Y105.916 E.04326
G1 X129.931 Y105.587 E.01448
G1 X129.483 Y105.546 E.01172
G1 X128.586 Y105.785 E.02419
G1 X128.138 Y106.032 E.01333
G1 X127.69 Y106.417 E.01539
G1 X126.886 Y107.54 E.03599
G1 X126.603 Y107.713 E.00864
G1 X126.305 Y107.537 E.00902
G1 X125.727 Y107.333 E.01597
G1 X125.13 Y107.244 E.01573
G1 X124.256 Y107.3 E.02282
G1 X124.103 Y107.169 E.00525
G1 X123.207 Y105.916 E.04014
G1 X122.759 Y105.587 E.01448
G1 X122.31 Y105.546 E.01175
G1 X121.414 Y105.785 E.02416
G1 X120.965 Y106.032 E.01335
G1 X120.517 Y106.417 E.01539
G1 X119.887 Y107.298 E.02822
G1 X119.241 Y107.339 E.01687
G1 X118.844 Y107.496 E.01112
G1 X118.613 Y107.668 E.0075
G1 X118.079 Y107.364 E.01601
G1 X117.78 Y107.305 E.00794
G1 X117.085 Y107.301 E.01811
G1 X116.931 Y107.169 E.00528
G1 X116.034 Y105.916 E.04015
G1 X115.586 Y105.587 E.01448
G1 X115.138 Y105.546 E.01172
G1 X114.241 Y105.785 E.02419
G1 X113.793 Y106.032 E.01333
G1 X113.345 Y106.417 E.01539
G1 X112.592 Y107.468 E.03369
G1 X112.186 Y107.642 E.01151
G1 X111.865 Y107.437 E.00992
G1 X111.504 Y107.322 E.00987
G1 X110.305 Y107.298 E.03125
G1 X109.961 Y107.343 E.00904
G1 X109.758 Y107.169 E.00697
G1 X108.862 Y105.916 E.04014
G1 X108.413 Y105.587 E.0145
G1 X107.965 Y105.546 E.01172
G1 X107.068 Y105.785 E.02419
G1 X106.716 Y105.98 E.01048
G1 X106.716 Y109.277 E.08591
G1 X107.068 Y109.371 E.00949
G1 X107.517 Y109.619 E.01336
G1 X107.965 Y110.003 E.01537
G1 X108.818 Y111.196 E.03821
G1 X108.818 Y113.057 E.04849
G1 X108.413 Y112.759 E.0131
G1 X107.965 Y112.719 E.01172
G1 X107.068 Y112.958 E.02419
G1 X106.716 Y113.152 E.01047
G1 X106.716 Y116.45 E.08593
G1 X107.068 Y116.544 E.00949
G1 X107.517 Y116.791 E.01335
G1 X107.965 Y117.176 E.01539
G1 X108.862 Y118.429 E.04015
G1 X109.31 Y118.759 E.0145
G1 X109.758 Y118.799 E.01172
G1 X110.655 Y118.56 E.02419
G1 X111.103 Y118.313 E.01333
G1 X111.551 Y117.928 E.01539
G1 X112.448 Y116.675 E.04015
G1 X112.896 Y116.345 E.0145
G1 X113.345 Y116.305 E.01175
G1 X114.241 Y116.544 E.02416
G1 X114.689 Y116.791 E.01333
G1 X115.138 Y117.176 E.01541
G1 X116.034 Y118.429 E.04014
G1 X116.483 Y118.759 E.01452
G1 X116.931 Y118.799 E.01172
G1 X117.827 Y118.56 E.02416
G1 X118.276 Y118.313 E.01335
G1 X118.724 Y117.928 E.01539
G1 X119.621 Y116.675 E.04015
G1 X120.069 Y116.345 E.0145
G1 X120.517 Y116.305 E.01172
G1 X121.414 Y116.544 E.02419
G1 X121.862 Y116.791 E.01333
G1 X122.31 Y117.176 E.01539
G1 X123.207 Y118.429 E.04015
G1 X123.655 Y118.759 E.0145
G1 X124.103 Y118.799 E.01172
G1 X125 Y118.56 E.02419
G1 X125.448 Y118.313 E.01333
G1 X125.897 Y117.928 E.01541
G1 X126.793 Y116.675 E.04014
G1 X127.241 Y116.345 E.0145
G1 X127.69 Y116.305 E.01175
G1 X128.586 Y116.544 E.02416
G1 X129.035 Y116.791 E.01335
G1 X129.483 Y117.176 E.01539
G1 X130.379 Y118.429 E.04014
G1 X130.828 Y118.759 E.01452
G1 X131.276 Y118.799 E.01172
G1 X132.173 Y118.56 E.02419
G1 X132.621 Y118.313 E.01333
G1 X133.069 Y117.928 E.01539
G1 X133.966 Y116.675 E.04015
G1 X134.414 Y116.345 E.0145
G1 X134.862 Y116.305 E.01172
G1 X135.759 Y116.544 E.02419
G1 X136.207 Y116.791 E.01333
G1 X136.656 Y117.176 E.01541
G1 X137.552 Y118.429 E.04014
G1 X138 Y118.759 E.0145
G1 X138.449 Y118.799 E.01175
G1 X139.345 Y118.56 E.02416
G1 X139.794 Y118.313 E.01335
G1 X140.242 Y117.928 E.01539
G1 X141.138 Y116.675 E.04014
G1 X141.587 Y116.345 E.01452
G1 X142.035 Y116.305 E.01172
G1 X142.932 Y116.544 E.02419
G1 X143.284 Y116.738 E.01047
G1 X143.284 Y118.743 E.05224
G1 X143.252 Y119.04 E.00778
G1 X143.165 Y119.215 E.00509
;WIPE_START
G1 F8640
G1 X143.252 Y119.04 E-.04513
G1 X143.284 Y118.743 E-.06898
G1 X143.284 Y116.738 E-.46296
G1 X142.932 Y116.544 E-.0928
G1 X142.387 Y116.399 E-.13013
;WIPE_END
G1 Z1.5 F720
G1 X109.25 Y113.273 F10800
G1 Z1.1 F720
G1 E.8 F2100
;TYPE:Solid infill
;WIDTH:0.449999
G1 F4800
G1 X110.14 Y114.163 E.0328
G1 X110.755 Y114.187 E.01604
G1 X109.236 Y112.668 E.05597
G1 X109.236 Y112.077 E.0154
G1 X111.336 Y114.177 E.07738
G1 X111.784 Y114.035 E.01225
G1 X109.236 Y111.486 E.09391
G1 X109.236 Y110.895 E.0154
G1 X112.158 Y113.817 E.10767
G1 X112.297 Y113.884 E.00402
;WIDTH:0.411095
G1 X112.435 Y113.95 E.00361
;WIDTH:0.37219
G1 X112.416 Y114.021 E.00156
G1 X112.487 Y114.002 E.00156
G1 X112.476 Y113.961 E.0009
;WIPE_START
G1 F8640
G1 X112.487 Y114.002 E-.0098
G1 X112.416 Y114.021 E-.01697
G1 X112.435 Y113.95 E-.01697
G1 X112.297 Y113.884 E-.03532
G1 X112.158 Y113.817 E-.03563
G1 X110.059 Y111.719 E-.68531
;WIPE_END
G1 Z1.5 F720
G1 X113.461 Y114.359 F10800
G1 Z1.1 F720
G1 E.8 F2100
G1 F4800
G1 X113.218 Y114.324 E.00521
;WIDTH:0.411095
G1 X113.135 Y114.222 E.00311
;WIDTH:0.449999
G1 X113.052 Y114.121 E.00341
G1 X109.236 Y110.304 E.14063
G1 X109.236 Y109.714 E.01537
G1 X113.75 Y114.228 E.16633
G1 X114.334 Y114.221 E.01522
G1 X109.236 Y109.123 E.18785
G1 X109.274 Y108.57 E.01444
G1 X114.855 Y114.151 E.20565
G1 X115.295 Y113.999 E.01213
G1 X109.448 Y108.153 E.21543
G1 X109.761 Y107.875 E.01091
G1 X115.966 Y114.08 E.22864
G1 X115.984 Y114.176 E.00254
;WIDTH:0.411095
G1 X116.002 Y114.272 E.00231
;WIDTH:0.37219
G1 X116.523 Y114.343 E.01115
;WIDTH:0.449999
G1 X116.661 Y114.184 E.00549
G1 X110.203 Y107.726 E.23797
G1 X110.783 Y107.716 E.01511
G1 X117.245 Y114.177 E.2381
;WIPE_START
G1 F8640
G1 X114.795 Y111.727 E-.8
;WIPE_END
G1 Z1.5 F720
G1 X118.313 Y114.343 F10800
G1 Z1.1 F720
G1 E.8 F2100
;WIDTH:0.37219
G1 F4800
G1 X117.889 Y114.281 E.00909
;WIDTH:0.411095
G1 X117.814 Y114.181 E.00295
;WIDTH:0.449999
G1 X117.74 Y114.081 E.00324
G1 X111.39 Y107.731 E.23399
G1 X111.84 Y107.761 E.01175
;WIDTH:0.37219
G1 X112.013 Y107.915 E.00491
;WIDTH:0.411095
G1 X112.158 Y107.985 E.0038
;WIDTH:0.449999
G1 X112.303 Y108.054 E.00418
G1 X118.434 Y114.184 E.2259
G1 X119.017 Y114.177 E.01519
G1 X112.71 Y107.869 E.23242
G1 X113.164 Y107.732 E.01236
G1 X119.512 Y114.081 E.23393
G1 X119.588 Y114.183 E.00331
;WIDTH:0.411095
G1 X119.665 Y114.286 E.00304
;WIDTH:0.37219
G1 X120.031 Y114.333 E.00782
;WIDTH:0.449999
G1 X120.202 Y114.18 E.00598
G1 X113.698 Y107.676 E.23966
G1 X114.286 Y107.673 E.01532
G1 X120.799 Y114.186 E.23999
G1 X121.281 Y114.077 E.01288
G1 X114.979 Y107.775 E.23222
G1 X115.746 Y107.951 E.0205
G1 X121.608 Y113.813 E.21601
G1 X122.503 Y113.961 F10800
;WIDTH:0.37219
G1 F4800
G1 X122.154 Y113.581 E.01094
;WIDTH:0.411095
G1 X122.005 Y113.526 E.00375
;WIDTH:0.449999
G1 X121.857 Y113.471 E.00411
G1 X116.144 Y107.758 E.21051
G1 X116.694 Y107.717 E.01437
G1 X123.147 Y114.17 E.23778
G1 X123.754 Y114.187 E.01582
G1 X117.288 Y107.72 E.23828
;WIPE_START
G1 F8640
G1 X119.738 Y110.17 E-.8
;WIPE_END
G1 Z1.5 F720
G1 X118.505 Y107.944 F10800
G1 Z1.1 F720
G1 E.8 F2100
;WIDTH:0.37219
G1 F4800
G1 X118.273 Y107.74 E.00655
;WIDTH:0.411095
G1 X118.094 Y107.748 E.00423
;WIDTH:0.449999
G1 X117.915 Y107.756 E.00467
G1 X124.345 Y114.187 E.23695
G1 X124.936 Y114.187 E.0154
G1 X118.8 Y108.051 E.2261
G1 X119.15 Y107.81 E.01107
G1 X125.526 Y114.187 E.23496
G1 X126.117 Y114.187 E.0154
G1 X119.646 Y107.716 E.23845
G1 X120.237 Y107.716 E.0154
G1 X126.664 Y114.142 E.23681
;WIPE_START
G1 F8640
G1 X124.214 Y111.692 E-.8
;WIPE_END
G1 Z1.5 F720
G1 X120.885 Y107.836 F10800
G1 Z1.1 F720
G1 E.8 F2100
;WIDTH:0.36093
G1 F4800
G1 X121.095 Y108.046 E.00609
;WIDTH:0.373455
G1 X121.912 Y108.853 E.02444
G1 X121.903 Y108.633 E.00469
G1 X121.757 Y108.219 E.00934
;WIDTH:0.388705
G1 X121.64 Y108.07 E.00421
G1 X121.265 Y107.774 E.01062
;WIDTH:0.36093
G1 X121.038 Y107.7 E.00489
G1 X120.738 Y107.688 E.00616
;WIPE_START
G1 F8640
G1 X121.038 Y107.7 E-.06933
G1 X121.265 Y107.774 E-.05513
G1 X121.64 Y108.07 E-.11031
G1 X121.757 Y108.219 E-.04374
G1 X121.903 Y108.633 E-.10136
G1 X121.912 Y108.853 E-.05084
G1 X121.095 Y108.046 E-.26516
G1 X120.885 Y107.836 E-.06857
;WIPE_END
G1 E-.03556 F2100
G1 Z1.5 F720
G1 X122.211 Y109.099 F10800
M73 P40 R17
G1 Z1.1 F720
G1 E.8 F2100
;WIDTH:0.449999
G1 F4800
G1 X127.109 Y113.996 E.18046
G1 X127.251 Y114.068 E.00415
;WIDTH:0.411095
G1 X127.393 Y114.139 E.00375
;WIDTH:0.37219
G1 X127.374 Y114.21 E.00156
G1 X127.445 Y114.191 E.00156
G1 X127.434 Y114.15 E.0009
;WIDTH:0.449999
G1 X127.919 Y114.216 E.01275
G1 X122.596 Y108.893 E.19614
G1 X122.84 Y108.546 E.01105
M73 Q40 S17
G1 X128.517 Y114.223 E.20919
G1 X129.016 Y114.131 E.01322
G1 X123.118 Y108.233 E.21733
G1 X123.479 Y108.003 E.01115
G1 X129.435 Y113.959 E.21947
G1 X130.106 Y113.896 E.01756
;WIDTH:0.37219
G1 X130.087 Y113.967 E.00156
G1 X130.158 Y113.948 E.00156
G1 X130.147 Y113.907 E.0009
;WIDTH:0.411095
G1 X129.989 Y113.835 E.0041
;WIDTH:0.449999
G1 X129.83 Y113.763 E.00455
G1 X123.872 Y107.806 E.21952
G1 X124.363 Y107.705 E.01306
G1 X130.815 Y114.158 E.23776
G1 X131.49 Y114.241 E.01772
G1 X124.911 Y107.662 E.24243
G1 X125.572 Y107.732 E.01732
G1 X132.037 Y114.198 E.23824
G1 X132.499 Y114.069 E.0125
G1 X126.434 Y108.018 E.22323
;WIDTH:0.411095
G1 X126.302 Y107.898 E.00422
;WIDTH:0.37219
G1 X126.313 Y107.939 E.0009
G1 X126.242 Y107.958 E.00156
G1 X126.261 Y107.887 E.00156
;WIDTH:0.449999
G1 X126.986 Y107.965 E.019
G1 X132.904 Y113.883 E.21807
G1 X133.242 Y113.63 E.011
G1 X127.406 Y107.794 E.21505
G1 X127.884 Y107.681 E.0128
G1 X133.556 Y113.353 E.209
G1 X134.105 Y113.312 E.01434
G1 X128.473 Y107.679 E.20755
G1 X128.544 Y107.526 E.00439
;WIDTH:0.37219
G1 X129.056 Y107.626 E.01106
;WIPE_START
G1 F8640
G1 X128.544 Y107.526 E-.12046
G1 X128.473 Y107.679 E-.03895
G1 X130.435 Y109.641 E-.64059
;WIPE_END
G1 Z1.5 F720
G1 X134.408 Y113.614 F10800
G1 Z1.1 F720
G1 E.8 F2100
;WIDTH:0.449999
G1 F4800
G1 X134.866 Y114.072 E.01688
G1 X135.028 Y114.144 E.00462
;WIDTH:0.411095
G1 X135.191 Y114.216 E.00421
;WIDTH:0.37219
G1 X135.202 Y114.257 E.0009
G1 X135.131 Y114.276 E.00156
G1 X135.15 Y114.205 E.00156
;WIDTH:0.449999
G1 X135.571 Y114.187 E.01098
G1 X129.223 Y107.839 E.23391
G1 X129.423 Y107.847 E.00522
;WIDTH:0.411095
G1 X129.624 Y107.855 E.00475
;WIDTH:0.37219
G1 X129.789 Y107.997 E.00462
;WIDTH:0.449999
G1 X130.085 Y108.109 E.00825
G1 X136.162 Y114.187 E.22395
G1 X136.648 Y114.082 E.01296
G1 X130.453 Y107.886 E.22829
G1 X130.911 Y107.754 E.01242
G1 X137.135 Y113.978 E.22934
G1 X137.298 Y114.059 E.00474
;WIDTH:0.411095
G1 X137.461 Y114.14 E.0043
;WIDTH:0.37219
G1 X137.472 Y114.181 E.0009
G1 X137.4 Y114.2 E.00158
G1 X137.42 Y114.129 E.00156
;WIDTH:0.449999
G1 X137.964 Y114.215 E.01435
G1 X131.412 Y107.664 E.24141
G1 X132.023 Y107.684 E.01593
G1 X138.579 Y114.24 E.24158
G1 X139.112 Y114.182 E.01397
G1 X132.785 Y107.865 E.23296
;WIDTH:0.411095
G1 X132.653 Y107.742 E.00426
;WIDTH:0.37219
G1 X132.664 Y107.783 E.0009
G1 X132.593 Y107.802 E.00156
G1 X132.612 Y107.731 E.00156
;WIPE_START
G1 F8640
G1 X132.593 Y107.802 E-.01697
G1 X132.664 Y107.783 E-.01697
G1 X132.653 Y107.742 E-.0098
G1 X132.785 Y107.865 E-.04166
G1 X134.975 Y110.052 E-.7146
;WIPE_END
G1 Z1.5 F720
G1 X133.773 Y108.437 F10800
G1 Z1.1 F720
G1 E.8 F2100
G1 F4800
G1 X133.754 Y108.508 E.00156
G1 X133.825 Y108.489 E.00156
G1 X133.814 Y108.448 E.0009
;WIDTH:0.411095
G1 X133.947 Y108.504 E.00341
;WIDTH:0.449999
G1 X134.079 Y108.559 E.00373
G1 X139.58 Y114.059 E.20268
G1 X139.966 Y113.854 E.01139
G1 X134.313 Y108.201 E.2083
G1 X134.607 Y107.905 E.01087
G1 X140.316 Y113.614 E.21037
G1 X140.605 Y113.312 E.01089
G1 X135.029 Y107.736 E.20547
G1 X135.611 Y107.727 E.01517
G1 X140.831 Y112.946 E.19233
G1 X140.989 Y112.514 E.01199
G1 X136.202 Y107.727 E.17639
G1 X136.731 Y107.746 E.01379
;WIDTH:0.37219
G1 X136.712 Y107.817 E.00156
G1 X136.783 Y107.798 E.00156
G1 X136.772 Y107.757 E.0009
;WIDTH:0.411095
G1 X136.904 Y107.864 E.00402
;WIDTH:0.449999
G1 X137.037 Y107.971 E.00445
G1 X141.058 Y111.992 E.14817
G1 X140.993 Y111.336 E.01718
G1 X137.462 Y107.805 E.13011
G1 X137.943 Y107.695 E.01286
G1 X140.827 Y110.579 E.10627
G1 X140.938 Y110.099 E.01284
G1 X138.499 Y107.661 E.08985
G1 X139.158 Y107.729 E.01726
G1 X140.921 Y109.492 E.06496
G1 X140.658 Y108.681 F10800
;WIDTH:0.428378
G1 F4800
G1 X140.505 Y108.5 E.00586
G1 X140.214 Y108.234 E.00974
;WIDTH:0.400284
G1 X139.922 Y107.968 E.00907
;LAYER_CHANGE
;Z:1.25
;HEIGHT:0.15
;BEFORE_LAYER_CHANGE
G92 E0.0
;1.25


;WIPE_START
G1 F8640
G1 X140.214 Y108.234 E-.09121
G1 X140.505 Y108.5 E-.09103
G1 X140.658 Y108.681 E-.05472
;WIPE_END
G1 E-.56304 F2100
G1 Z1.25 F720
;AFTER_LAYER_CHANGE
;1.25
G1 Z1.65
G1 X125 Y119.829 F10800
G1 Z1.25 F720
G1 E.8 F2100
M204 S800
;TYPE:Perimeter
;WIDTH:0.449999
G1 F2700
G1 X107.369 Y119.829 E.45939
G1 X106.947 Y119.742 E.01123
G1 X106.642 Y119.548 E.00942
G1 X106.448 Y119.243 E.00942
G1 X106.361 Y118.821 E.01123
G1 X106.361 Y105.002 E.36006
G1 X106.361 Y91.086 E.36259
G1 X106.494 Y90.645 E.012
G1 X106.738 Y90.378 E.00942
G1 X107.017 Y90.223 E.00832
G1 X107.335 Y90.171 E.0084
G1 X142.769 Y90.181 E.92326
G1 X143.165 Y90.304 E.0108
G1 X143.432 Y90.548 E.00942
G1 X143.599 Y90.869 E.00943
G1 X143.639 Y91.249 E.00996
G1 X143.639 Y118.821 E.71841
G1 X143.552 Y119.243 E.01123
G1 X143.358 Y119.548 E.00942
G1 X143.053 Y119.742 E.00942
G1 X142.631 Y119.829 E.01123
G1 X125.06 Y119.829 E.45783
M204 S1000
G1 X125 Y120.247 F10800
M204 S800
G1 F2700
G1 X107.44 Y120.247 E.45754
G1 X106.95 Y120.196 E.01284
G1 X106.624 Y120.061 E.00919
G1 X106.344 Y119.846 E.0092
G1 X106.129 Y119.566 E.0092
G1 X105.994 Y119.24 E.00919
G1 X105.943 Y118.848 E.0103
G1 X105.943 Y91.25 E.71909
G1 X105.994 Y90.76 E.01284
G1 X106.129 Y90.434 E.00919
G1 X106.344 Y90.154 E.0092
G1 X106.628 Y89.936 E.00933
G1 X106.884 Y89.825 E.00727
G1 X107.321 Y89.753 E.01154
G1 X128.817 Y89.759 E.56009
G1 X142.853 Y89.763 E.36572
G1 X143.376 Y89.939 E.01438
G1 X143.656 Y90.154 E.0092
G1 X143.871 Y90.434 E.0092
G1 X144.006 Y90.76 E.00919
G1 X144.057 Y91.249 E.01281
G1 X144.057 Y118.75 E.71656
G1 X144.006 Y119.24 E.01284
G1 X143.871 Y119.566 E.00919
G1 X143.656 Y119.846 E.0092
G1 X143.376 Y120.061 E.0092
G1 X143.05 Y120.196 E.00919
G1 X142.658 Y120.247 E.0103
G1 X125.06 Y120.247 E.45853
M204 S1000
G1 X125 Y120.665 F10800
M204 S800
;TYPE:External perimeter
G1 F1500
G1 X107.44 Y120.665 E.45754
G1 X106.841 Y120.603 E.01569
G1 X106.413 Y120.426 E.01207
G1 X106.046 Y120.144 E.01206
G1 X105.764 Y119.777 E.01206
G1 X105.587 Y119.349 E.01207
G1 X105.525 Y118.876 E.01243
G1 X105.525 Y91.25 E.71982
G1 X105.587 Y90.651 E.01569
G1 X105.764 Y90.223 E.01207
G1 X106.046 Y89.856 E.01206
G1 X106.415 Y89.573 E.01212
G1 X106.751 Y89.427 E.00955
G1 X107.307 Y89.335 E.01468
G1 X141.907 Y89.345 E.90153
G1 X142.572 Y89.345 E.01733
M73 P41 R17
G1 X143.157 Y89.396 E.0153
G1 X143.587 Y89.574 E.01213
G1 X143.954 Y89.856 E.01206
G1 X144.236 Y90.223 E.01206
G1 X144.413 Y90.651 E.01207
G1 X144.475 Y91.249 E.01566
G1 X144.475 Y118.75 E.71656
G1 X144.413 Y119.349 E.01569
M73 Q41 S17
G1 X144.236 Y119.777 E.01207
G1 X143.954 Y120.144 E.01206
G1 X143.587 Y120.426 E.01206
G1 X143.159 Y120.603 E.01207
G1 X142.686 Y120.665 E.01243
G1 X125.06 Y120.665 E.45926
M204 S1000
;WIPE_START
G1 F8640
G1 X125 Y120.665 E-.01385
G1 X121.595 Y120.665 E-.78615
;WIPE_END
G1 Z1.65 F720
G1 X124.856 Y119.474 F10800
G1 Z1.25 F720
G1 E.8 F2100
;TYPE:Solid infill
;WIDTH:0.450028
G1 F4800
G1 X128.031 Y119.474 E.08273
;WIPE_START
G1 F8640
G1 X124.856 Y119.474 E-.73312
;WIPE_END
G1 E-.06688 F2100
G1 Z1.65 F720
G1 X131.738 Y119.474 F10800
G1 Z1.25 F720
G1 E.8 F2100
G1 F4800
G1 X134.952 Y119.474 E.08375
;WIPE_START
G1 F8640
G1 X131.738 Y119.474 E-.74212
;WIPE_END
G1 E-.05788 F2100
G1 Z1.65 F720
G1 X143.16 Y119.222 F10800
G1 Z1.25 F720
G1 E.8 F2100
;TYPE:Internal infill
;WIDTH:0.45
G1 F4800
G1 X143.284 Y118.798 E.01151
G1 X143.284 Y116.747 E.05344
G1 X142.932 Y116.588 E.01006
G1 X142.483 Y116.477 E.01205
G1 X142.035 Y116.455 E.01169
G1 X141.587 Y116.571 E.01206
G1 X141.138 Y116.934 E.01504
G1 X140.242 Y117.989 E.03606
G1 X139.794 Y118.314 E.01442
G1 X139.345 Y118.516 E.01283
G1 X138.897 Y118.627 E.01203
G1 X138.449 Y118.649 E.01169
G1 X138 Y118.533 E.01208
G1 X137.552 Y118.17 E.01502
G1 X136.656 Y117.115 E.03606
G1 X136.207 Y116.79 E.01444
G1 X135.759 Y116.588 E.0128
G1 X135.311 Y116.477 E.01203
G1 X134.862 Y116.455 E.01171
G1 X134.414 Y116.571 E.01206
G1 X133.966 Y116.934 E.01502
G1 X133.069 Y117.989 E.03608
G1 X132.621 Y118.314 E.01442
G1 X132.173 Y118.516 E.0128
G1 X131.724 Y118.627 E.01205
G1 X131.276 Y118.649 E.01169
G1 X130.828 Y118.533 E.01206
G1 X130.379 Y118.17 E.01504
G1 X129.483 Y117.115 E.03606
G1 X129.035 Y116.79 E.01442
G1 X128.586 Y116.588 E.01283
G1 X128.138 Y116.477 E.01203
G1 X127.69 Y116.455 E.01169
G1 X127.241 Y116.571 E.01208
G1 X126.793 Y116.934 E.01502
G1 X125.897 Y117.989 E.03606
G1 X125.448 Y118.314 E.01444
G1 X125 Y118.516 E.0128
G1 X124.552 Y118.627 E.01203
G1 X124.103 Y118.649 E.01171
G1 X123.655 Y118.533 E.01206
G1 X123.207 Y118.17 E.01502
G1 X122.31 Y117.115 E.03608
G1 X121.862 Y116.79 E.01442
G1 X121.414 Y116.588 E.0128
G1 X120.965 Y116.477 E.01205
G1 X120.517 Y116.455 E.01169
G1 X120.069 Y116.571 E.01206
G1 X119.621 Y116.934 E.01502
G1 X118.724 Y117.989 E.03608
G1 X118.276 Y118.314 E.01442
G1 X117.827 Y118.516 E.01283
G1 X117.379 Y118.627 E.01203
G1 X116.931 Y118.649 E.01169
G1 X116.483 Y118.533 E.01206
G1 X116.034 Y118.17 E.01504
G1 X115.138 Y117.115 E.03606
G1 X114.689 Y116.79 E.01444
G1 X114.241 Y116.588 E.0128
G1 X113.793 Y116.477 E.01203
G1 X113.345 Y116.455 E.01169
G1 X112.896 Y116.571 E.01208
G1 X112.448 Y116.934 E.01502
G1 X111.551 Y117.989 E.03608
G1 X111.103 Y118.314 E.01442
G1 X110.655 Y118.516 E.0128
G1 X110.206 Y118.627 E.01205
G1 X109.758 Y118.649 E.01169
G1 X109.31 Y118.533 E.01206
G1 X108.862 Y118.17 E.01502
G1 X107.965 Y117.115 E.03608
G1 X107.517 Y116.79 E.01442
G1 X107.134 Y116.618 E.01094
G1 X107.134 Y117.239 E.01618
G1 X106.716 Y117.365 E.01138
G1 X106.717 Y118.808 E.0376
;WIPE_START
G1 F8640
G1 X106.716 Y117.365 E-.33319
G1 X107.134 Y117.239 E-.10081
G1 X107.134 Y116.618 E-.14339
G1 X107.517 Y116.79 E-.09694
G1 X107.958 Y117.11 E-.12567
;WIPE_END
G1 Z1.65 F720
G1 X106.716 Y115.485 F10800
G1 Z1.25 F720
G1 E.8 F2100
;TYPE:Solid infill
;WIDTH:0.450028
G1 F4800
G1 X106.716 Y116.929 E.03763
;WIPE_START
G1 F8640
G1 X106.716 Y115.485 E-.33342
;WIPE_END
G1 E-.46658 F2100
G1 Z1.65 F720
G1 X110.36 Y119.474 F10800
G1 Z1.25 F720
G1 E.8 F2100
;WIDTH:0.45003
G1 F4800
G1 X113.559 Y119.474 E.08336
;WIPE_START
G1 F8640
G1 X110.36 Y119.474 E-.73866
;WIPE_END
G1 E-.06134 F2100
G1 Z1.65 F720
G1 X117.253 Y119.474 F10800
G1 Z1.25 F720
G1 E.8 F2100
;WIDTH:0.450026
G1 F4800
G1 X120.48 Y119.474 E.08409
;WIPE_START
G1 F8640
G1 X117.253 Y119.474 E-.74512
;WIPE_END
G1 E-.05488 F2100
G1 Z1.65 F720
G1 X114.572 Y111.956 F10800
G1 Z1.25 F720
G1 E.8 F2100
;TYPE:Internal infill
;WIDTH:0.45
G1 F4800
G1 X114.895 Y111.448 E.01569
G1 X115.214 Y111.318 E.00898
G1 X116.108 Y111.655 E.02489
G1 X116.108 Y111.063 E.01543
G1 X115.5 Y110.368 E.02406
G1 X115.131 Y110.469 E.00997
G1 X114.842 Y110.337 E.00828
G1 X114.673 Y110.03 E.00913
G1 X114.398 Y109.836 E.00877
G1 X114.093 Y109.766 E.00815
G1 X113.744 Y109.788 E.00911
G1 X113.357 Y109.991 E.01139
;WIPE_START
G1 F8640
G1 X113.744 Y109.788 E-.10091
G1 X114.093 Y109.766 E-.08075
G1 X114.398 Y109.836 E-.07226
G1 X114.673 Y110.03 E-.07771
G1 X114.842 Y110.337 E-.08092
G1 X115.131 Y110.469 E-.07336
G1 X115.5 Y110.368 E-.08834
G1 X116.108 Y111.063 E-.21322
G1 X116.108 Y111.117 E-.01253
;WIPE_END
G1 Z1.65 F720
G1 X114.182 Y108.868 F10800
G1 Z1.25 F720
G1 E.8 F2100
;TYPE:Solid infill
;WIDTH:0.516859
G1 F4800
G1 X114.684 Y108.96 E.01543
;WIDTH:0.540685
G1 X115.14 Y109.166 E.01587
G1 X115.437 Y109.439 E.01279
;WIDTH:0.541721
G1 X115.688 Y109.836 E.01492
G1 X115.174 Y109.977 E.01694
G1 X115.048 Y109.763 E.00789
;WIDTH:0.538798
G1 X114.707 Y109.488 E.01384
;WIDTH:0.519289
G1 X114.274 Y109.348 E.01382
;WIDTH:0.494585
G1 X113.839 Y109.331 E.01255
;WIDTH:0.516685
G1 X113.352 Y109.446 E.01512
;WIDTH:0.565925
G1 X112.936 Y109.749 E.01713
;WIDTH:0.585763
G1 X112.695 Y110.202 E.01771
;WIDTH:0.591568
G1 X112.597 Y110.75 E.01942
G1 X112.623 Y111.355 E.02112
;WIDTH:0.585899
G1 X112.766 Y111.845 E.01763
;WIDTH:0.578709
G1 X113.057 Y112.242 E.01678
;WIDTH:0.546012
G1 X113.511 Y112.502 E.01676
;WIDTH:0.503784
G1 X114.034 Y112.572 E.01552
;WIDTH:0.507191
G1 X114.543 Y112.485 E.0153
;WIDTH:0.537044
G1 X114.927 Y112.254 E.01411
;WIDTH:0.555176
G1 X115.236 Y111.829 E.01714
G1 X115.724 Y112.014 E.01702
G1 X115.537 Y112.333 E.01206
G1 X115.308 Y112.584 E.01108
;WIDTH:0.537044
G1 X114.883 Y112.861 E.01597
;WIDTH:0.52199
G1 X114.413 Y113.001 E.01498
;WIDTH:0.505803
G1 X113.968 Y113.025 E.01316
;WIDTH:0.503784
G1 X113.387 Y112.955 E.01721
;WIDTH:0.537664
G1 X112.91 Y112.76 E.01624
;WIDTH:0.569189
G1 X112.562 Y112.479 E.01498
;WIDTH:0.577156
G1 X112.306 Y112.141 E.01441
;WIDTH:0.595872
G1 X112.137 Y111.723 E.01585
;WIDTH:0.597764
G1 X112.048 Y111.247 E.01708
G1 X112.038 Y110.745 E.01771
;WIDTH:0.595692
G1 X112.116 Y110.206 E.01914
G1 X112.226 Y109.89 E.01176
;WIDTH:0.58268
G1 X112.47 Y109.486 E.0162
;WIDTH:0.568153
G1 X112.811 Y109.177 E.01538
;WIDTH:0.552275
G1 X113.164 Y109 E.01281
;WIDTH:0.516685
G1 X113.678 Y108.88 E.01595
;WIDTH:0.50005
G1 X113.973 Y108.873 E.00861
;WIPE_START
G1 F8640
G1 X113.678 Y108.88 E-.06814
G1 X113.164 Y109 E-.12188
G1 X112.811 Y109.177 E-.09118
G1 X112.47 Y109.486 E-.10626
G1 X112.226 Y109.89 E-.10898
G1 X112.116 Y110.206 E-.07726
G1 X112.038 Y110.745 E-.12575
G1 X112.047 Y111.18 E-.10055
;WIPE_END
G1 Z1.65 F720
G1 X111.051 Y108.972 F10800
G1 Z1.25 F720
G1 E.8 F2100
;WIDTH:0.590945
G1 F4800
G1 X111.051 Y112.93 E.13792
G1 X110.492 Y112.93 E.01948
G1 X110.492 Y108.972 E.13792
G1 X110.842 Y108.972 E.0122
G1 X110.004 Y108.965 F10800
;TYPE:Internal infill
;WIDTH:0.45
G1 F4800
G1 X110.004 Y111.465 E.06514
G1 X109.758 Y111.477 E.00642
G1 X109.31 Y111.36 E.01206
G1 X108.862 Y110.997 E.01502
G1 X107.965 Y109.942 E.03608
G1 X107.517 Y109.617 E.01442
G1 X107.134 Y109.445 E.01094
G1 X107.134 Y110.085 E.01668
G1 X106.716 Y109.907 E.01184
G1 X106.716 Y113.161 E.08479
G1 X107.068 Y113.002 E.01006
G1 X107.517 Y112.891 E.01205
G1 X107.965 Y112.869 E.01169
G1 X108.413 Y112.985 E.01206
G1 X108.862 Y113.348 E.01504
G1 X109.758 Y114.403 E.03606
G1 X110.206 Y114.728 E.01442
G1 X110.655 Y114.929 E.01282
G1 X111.103 Y115.041 E.01203
G1 X111.551 Y115.063 E.01169
G1 X112 Y114.946 E.01209
G1 X112.448 Y114.584 E.01501
G1 X113.474 Y113.435 E.04014
G1 X114.032 Y113.479 E.01458
G1 X114.635 Y113.418 E.01579
G1 X115.189 Y113.227 E.01527
G1 X115.57 Y112.981 E.01182
G1 X116.034 Y113.348 E.01541
G1 X116.931 Y114.403 E.03608
G1 X117.379 Y114.728 E.01442
G1 X117.827 Y114.929 E.01279
G1 X118.276 Y115.041 E.01206
G1 X118.724 Y115.063 E.01169
G1 X119.172 Y114.946 E.01206
G1 X119.621 Y114.584 E.01503
G1 X120.517 Y113.529 E.03606
G1 X120.669 Y113.418 E.0049
G1 X120.855 Y113.418 E.00485
G1 X121.113 Y113.138 E.00992
G1 X121.862 Y112.891 E.02055
G1 X122.31 Y112.869 E.01169
G1 X122.759 Y112.985 E.01208
G1 X123.207 Y113.348 E.01502
G1 X124.103 Y114.403 E.03606
G1 X124.552 Y114.728 E.01444
G1 X125 Y114.929 E.01279
G1 X125.448 Y115.041 E.01203
G1 X125.897 Y115.063 E.01171
G1 X126.345 Y114.946 E.01206
G1 X126.793 Y114.584 E.01501
G1 X127.822 Y113.433 E.04023
G1 X128.252 Y113.48 E.01127
G1 X128.732 Y113.42 E.0126
G1 X129.153 Y113.242 E.01191
G1 X129.546 Y112.885 E.01383
G1 X129.931 Y112.985 E.01036
G1 X130.379 Y113.348 E.01502
G1 X131.276 Y114.403 E.03608
G1 X131.724 Y114.728 E.01442
G1 X132.173 Y114.929 E.01282
G1 X132.621 Y115.041 E.01203
G1 X133.069 Y115.063 E.01169
G1 X133.517 Y114.946 E.01206
G1 X133.966 Y114.584 E.01503
G1 X134.862 Y113.529 E.03606
G1 X135.179 Y113.299 E.0102
G1 X135.298 Y113.418 E.00438
G1 X136.236 Y113.418 E.02444
G1 X136.493 Y113.161 E.00947
G1 X136.493 Y112.877 E.0074
G1 X136.656 Y112.869 E.00425
G1 X136.97 Y112.95 E.00845
G1 X137.552 Y113.348 E.01837
G1 X138.449 Y114.403 E.03608
G1 X138.897 Y114.728 E.01442
G1 X139.345 Y114.929 E.01279
G1 X139.794 Y115.041 E.01206
G1 X140.242 Y115.063 E.01169
G1 X140.69 Y114.946 E.01206
G1 X141.138 Y114.584 E.01501
G1 X142.035 Y113.529 E.03608
G1 X142.483 Y113.204 E.01442
G1 X142.866 Y113.031 E.01095
G1 X142.866 Y109.4 E.09461
G1 X142.483 Y109.304 E.01029
G1 X142.035 Y109.282 E.01169
G1 X141.587 Y109.399 E.01206
G1 X141.138 Y109.761 E.01503
G1 X140.242 Y110.816 E.03606
G1 X140 Y110.992 E.0078
G1 X139.811 Y110.81 E.00684
G1 X139.994 Y110.585 E.00756
G1 X140.141 Y110.265 E.00918
G1 X140.185 Y109.684 E.01518
G1 X140.044 Y109.202 E.01309
G1 X139.733 Y108.813 E.01298
;WIPE_START
G1 F8640
G1 X140.044 Y109.202 E-.115
G1 X140.185 Y109.684 E-.11596
G1 X140.141 Y110.265 E-.13454
G1 X139.994 Y110.585 E-.08131
G1 X139.811 Y110.81 E-.06697
G1 X140 Y110.992 E-.06059
G1 X140.242 Y110.816 E-.06909
G1 X140.681 Y110.3 E-.15654
;WIPE_END
G1 Z1.65 F720
G1 X136.42 Y108.668 F10800
G1 Z1.25 F720
G1 E.8 F2100
G1 F4800
G1 X136.236 Y108.484 E.00678
G1 X135.172 Y108.484 E.02772
G1 X134.977 Y108.59 E.00578
G1 X134.455 Y109.388 E.02485
G1 X133.966 Y109.761 E.01602
G1 X133.449 Y110.369 E.02079
G1 X133.336 Y109.735 E.01678
G1 X133.048 Y109.102 E.01812
G1 X132.714 Y108.75 E.01264
G1 X132.11 Y108.471 E.01734
G1 X131.797 Y108.866 F10800
;TYPE:Solid infill
;WIDTH:0.510522
G1 F4800
G1 X132.145 Y108.954 E.01071
;WIDTH:0.522432
G1 X132.42 Y109.107 E.00962
;WIDTH:0.543974
G1 X132.639 Y109.341 E.01023
G1 X132.802 Y109.634 E.0107
;WIDTH:0.569647
G1 X132.968 Y110.296 E.02288
;WIDTH:0.535249
G1 X133.004 Y110.474 E.0057
;WIDTH:0.500851
G1 X133.04 Y110.653 E.00534
;WIDTH:0.466453
G1 X133.052 Y111.165 E.01387
;WIDTH:0.461017
G1 X133.154 Y111.322 E.00501
;WIDTH:0.492267
G1 X133.296 Y111.385 E.00446
;WIDTH:0.523516
G1 X133.439 Y111.449 E.0048
G1 X133.543 Y111.411 E.00339
;WIDTH:0.486758
G1 X133.647 Y111.374 E.00313
;WIDTH:0.449999
G1 X133.917 Y110.963 E.01281
;WIDTH:0.437515
G1 X134.491 Y110.086 E.02649
;WIDTH:0.449999
G1 X135.266 Y108.911 E.03668
G1 X136.076 Y108.914 E.02111
G1 X136.076 Y109.724 E.02111
;WIDTH:0.49989
G1 X136.051 Y110.109 E.01125
;WIDTH:0.54978
G1 X136.026 Y110.495 E.01249
;WIDTH:0.551757
G1 X136.026 Y111.399 E.02929
G1 X136.097 Y111.475 E.00337
;WIDTH:0.517931
G1 X136.168 Y111.551 E.00315
;WIDTH:0.484105
G1 X136.24 Y111.627 E.00295
;WIDTH:0.45968
G1 X136.387 Y111.693 E.0043
;WIDTH:0.504808
G1 X136.572 Y111.701 E.00546
;WIDTH:0.549936
G1 X136.756 Y111.709 E.00595
;WIDTH:0.595063
G1 X136.941 Y111.718 E.0065
;WIDTH:0.627446
G1 X136.994 Y111.703 E.00204
;WIDTH:0.659829
G1 X137.047 Y111.689 E.00215
;WIDTH:0.661685
G1 X137.288 Y111.356 E.01614
G1 X137.541 Y111.12 E.01358
G1 X137.53 Y111.106 E.0007
;WIDTH:0.626853
G1 X137.519 Y111.092 E.00066
;WIDTH:0.59202
G1 X137.577 Y110.96 E.00503
G1 X137.577 Y110.769 E.00667
;WIDTH:0.561193
G1 X137.365 Y110.442 E.01286
;WIDTH:0.566634
G1 X137.211 Y110.119 E.01193
;WIDTH:0.575031
G1 X137.178 Y109.864 E.0087
G1 X137.234 Y109.535 E.0113
;WIDTH:0.568507
G1 X137.341 Y109.307 E.00842
;WIDTH:0.553882
G1 X137.487 Y109.171 E.00649
;WIDTH:0.527924
G1 X137.633 Y109.035 E.00617
;WIDTH:0.501965
G1 X138.055 Y108.874 E.01323
;WIDTH:0.456071
G1 X138.548 Y108.842 E.01306
;WIDTH:0.485073
G1 X139.045 Y108.94 E.01431
;WIDTH:0.512675
G1 X139.202 Y109.032 E.00545
;WIDTH:0.540276
G1 X139.359 Y109.124 E.00577
;WIDTH:0.568123
G1 X139.579 Y109.378 E.01123
;WIDTH:0.571993
G1 X139.66 Y109.584 E.00745
;WIDTH:0.579285
G1 X139.696 Y110.008 E.01452
G1 X139.607 Y110.303 E.01051
;WIDTH:0.554819
G1 X139.327 Y110.73 E.01664
;WIDTH:0.569833
G1 X139.316 Y110.831 E.00341
;WIDTH:0.605266
G1 X139.305 Y110.933 E.00367
G1 X139.373 Y111.098 E.00638
G1 X139.398 Y111.099 E.00089
;WIDTH:0.572792
G1 X139.422 Y111.101 E.00081
;WIDTH:0.540317
G1 X139.638 Y111.286 E.00901
;WIDTH:0.568142
G1 X139.771 Y111.569 E.01045
;WIDTH:0.579669
G1 X139.798 Y112.02 E.01543
G1 X139.716 Y112.386 E.01281
;WIDTH:0.578509
G1 X139.547 Y112.65 E.01068
;WIDTH:0.55279
G1 X139.418 Y112.776 E.00585
;WIDTH:0.521774
G1 X139.22 Y112.878 E.0068
;WIDTH:0.493719
G1 X139.022 Y112.981 E.00642
;WIDTH:0.465664
G1 X138.548 Y113.054 E.01296
;WIDTH:0.452292
G1 X138.029 Y113.015 E.01364
;WIDTH:0.479544
G1 X137.835 Y112.948 E.00573
;WIDTH:0.506795
G1 X137.641 Y112.882 E.00607
;WIDTH:0.536384
G1 X137.421 Y112.731 E.00839
;WIDTH:0.569491
G1 X137.261 Y112.545 E.00822
;WIDTH:0.615588
G1 X137.167 Y112.348 E.00794
;WIDTH:0.661685
G1 X137.073 Y112.151 E.00857
G1 X137.004 Y112.125 E.00289
;WIDTH:0.628374
G1 X136.936 Y112.099 E.00271
;WIDTH:0.595063
G1 X136.753 Y112.106 E.00643
;WIDTH:0.549936
G1 X136.57 Y112.113 E.00591
;WIDTH:0.504808
G1 X136.387 Y112.12 E.0054
;WIDTH:0.45968
G1 X136.24 Y112.186 E.0043
;WIDTH:0.500029
G1 X136.133 Y112.311 E.0048
;WIDTH:0.549778
G1 X136.026 Y112.437 E.00534
G1 X136.026 Y112.951 E.01659
G1 X135.508 Y112.951 E.01672
G1 X135.508 Y112.437 E.01659
G1 X135.401 Y112.311 E.00534
;WIDTH:0.499889
G1 X135.294 Y112.186 E.0048
;WIDTH:0.45968
G1 X135.147 Y112.12 E.0043
G1 X134.523 Y112.12 E.01664
;WIDTH:0.466592
G1 X133.518 Y112.117 E.02723
;WIDTH:0.495054
G1 X133.415 Y112.02 E.00408
;WIDTH:0.523516
G1 X133.311 Y111.923 E.00436
G1 X133.217 Y111.933 E.0029
;WIDTH:0.497094
G1 X132.9 Y112.062 E.00992
;WIDTH:0.499619
G1 X132.801 Y112.216 E.00534
;WIDTH:0.52549
G1 X132.43 Y112.725 E.01938
;WIDTH:0.507569
G1 X132.121 Y112.927 E.01094
;WIDTH:0.496781
G1 X131.882 Y113.003 E.00727
;WIDTH:0.477907
G1 X131.383 Y113.03 E.01389
;WIDTH:0.510792
G1 X130.988 Y112.934 E.01213
;WIDTH:0.530997
G1 X130.705 Y112.759 E.01035
;WIDTH:0.536437
G1 X130.492 Y112.491 E.01077
G1 X130.401 Y112.269 E.00754
G1 X130.919 Y112.197 E.01645
G1 X131.05 Y112.411 E.00789
;WIDTH:0.530997
G1 X131.373 Y112.579 E.01133
;WIDTH:0.490262
G1 X131.743 Y112.576 E.01057
;WIDTH:0.502516
G1 X132.044 Y112.428 E.00984
;WIDTH:0.52549
G1 X132.277 Y112.122 E.01183
G1 X132.319 Y111.956 E.00527
;WIDTH:0.499619
G1 X132.361 Y111.79 E.00499
;WIDTH:0.473747
G1 X132.333 Y111.622 E.00469
;WIDTH:0.449999
G1 X132.064 Y111.388 E.00929
;WIDTH:0.460496
G1 X131.549 Y111.483 E.01399
;WIDTH:0.490883
G1 X131.345 Y111.472 E.00584
;WIDTH:0.521269
G1 X131.14 Y111.46 E.00626
G1 X131.07 Y111.541 E.00327
;WIDTH:0.502349
G1 X131.05 Y111.468 E.00222
;WIDTH:0.542118
G1 X130.797 Y111.307 E.00954
;WIDTH:0.57141
G1 X130.539 Y111.043 E.01241
;WIDTH:0.616558
G1 X130.424 Y110.819 E.00918
;WIDTH:0.661705
G1 X130.309 Y110.595 E.00989
G1 X130.255 Y110.587 E.00214
;WIDTH:0.627259
G1 X130.202 Y110.58 E.00198
;WIDTH:0.631194
G1 X129.912 Y110.63 E.01099
;WIDTH:0.669575
G1 X129.621 Y110.679 E.01173
G1 X129.603 Y110.838 E.00636
;WIDTH:0.635223
G1 X129.585 Y110.996 E.00598
;WIDTH:0.600871
G1 X129.568 Y111.154 E.00564
;WIDTH:0.566518
G1 X129.503 Y111.794 E.02144
;WIDTH:0.553125
G1 X129.35 Y112.323 E.01789
;WIDTH:0.532358
G1 X129.231 Y112.533 E.00753
;WIDTH:0.517271
G1 X129.012 Y112.78 E.00999
;WIDTH:0.503153
G1 X128.74 Y112.946 E.00936
;WIDTH:0.485186
G1 X128.319 Y113.036 E.01216
;WIDTH:0.488325
G1 X127.9 Y112.999 E.01197
;WIDTH:0.498621
G1 X127.606 Y112.878 E.00925
;WIDTH:0.519994
G1 X127.368 Y112.675 E.00952
;WIDTH:0.531783
G1 X127.176 Y112.389 E.01073
;WIDTH:0.555074
G1 X127.04 Y112.005 E.01328
;WIDTH:0.565703
G1 X126.952 Y111.494 E.01725
;WIDTH:0.570943
G1 X126.927 Y110.934 E.01883
G1 X126.951 Y110.415 E.01746
;WIDTH:0.562345
G1 X127.044 Y109.846 E.01906
;WIDTH:0.545006
G1 X127.206 Y109.422 E.01452
;WIDTH:0.533878
G1 X127.362 Y109.205 E.00836
;WIDTH:0.513966
G1 X127.642 Y108.991 E.01059
;WIDTH:0.504257
G1 X127.915 Y108.894 E.00853
;WIDTH:0.478872
G1 X128.428 Y108.863 E.01432
;WIDTH:0.505107
G1 X128.768 Y108.954 E.01038
;WIDTH:0.511557
G1 X129.035 Y109.107 E.0092
;WIDTH:0.524598
G1 X129.221 Y109.315 E.00857
;WIDTH:0.542111
G1 X129.401 Y109.665 E.01252
;WIDTH:0.573861
G1 X129.441 Y109.839 E.00603
;WIDTH:0.605611
G1 X129.481 Y110.014 E.00642
;WIDTH:0.637593
G1 X129.528 Y110.103 E.0038
;WIDTH:0.669575
G1 X129.575 Y110.193 E.00404
G1 X129.866 Y110.181 E.01158
;WIDTH:0.631194
G1 X130.158 Y110.169 E.01092
;WIDTH:0.634463
G1 X130.268 Y110.099 E.0049
G1 X130.338 Y109.829 E.01048
;WIDTH:0.600792
G1 X130.408 Y109.559 E.00989
;WIDTH:0.56712
G1 X130.668 Y109.197 E.01487
;WIDTH:0.542749
G1 X130.929 Y109.01 E.01022
;WIDTH:0.515656
G1 X131.297 Y108.886 E.01171
;WIDTH:0.486537
G1 X131.588 Y108.874 E.00825
;WIDTH:0.449999
G1 X131.574 Y109.319 E.0116
;WIDTH:0.486537
G1 X131.391 Y109.323 E.00519
;WIDTH:0.536471
G1 X131.084 Y109.489 E.01098
;WIDTH:0.566176
G1 X130.898 Y109.785 E.01164
;WIDTH:0.613941
G1 X130.852 Y110.04 E.0094
;WIDTH:0.661705
G1 X130.806 Y110.294 E.01013
G1 X130.866 Y110.474 E.00745
;WIDTH:0.615349
G1 X130.926 Y110.653 E.00687
;WIDTH:0.568992
G1 X131.146 Y110.94 E.01211
;WIDTH:0.526794
G1 X131.298 Y111.001 E.00505
;WIDTH:0.495469
G1 X131.451 Y111.061 E.00475
;WIDTH:0.464144
G1 X131.83 Y111.022 E.01026
;WIDTH:0.440026
G1 X132.04 Y110.928 E.00585
;WIDTH:0.449999
G1 X132.261 Y110.675 E.00875
;WIDTH:0.484265
G1 X132.307 Y110.558 E.00354
;WIDTH:0.518531
G1 X132.352 Y110.44 E.00383
;WIDTH:0.552796
G1 X132.398 Y110.323 E.00408
G1 X132.344 Y109.871 E.01478
;WIDTH:0.548908
G1 X132.119 Y109.487 E.01434
;WIDTH:0.522432
G1 X131.783 Y109.314 E.01155
;WIPE_START
G1 F8640
G1 X132.119 Y109.487 E-.08726
G1 X132.344 Y109.871 E-.10277
G1 X132.398 Y110.323 E-.10511
G1 X132.352 Y110.44 E-.02903
G1 X132.307 Y110.558 E-.02916
G1 X132.261 Y110.675 E-.02903
G1 X132.04 Y110.928 E-.07757
G1 X131.83 Y111.022 E-.05313
G1 X131.451 Y111.061 E-.08797
G1 X131.298 Y111.001 E-.03795
G1 X131.146 Y110.94 E-.03782
G1 X130.926 Y110.653 E-.0835
G1 X130.872 Y110.49 E-.0397
;WIPE_END
G1 Z1.65 F720
G1 X132.549 Y111.128 F10800
G1 Z1.25 F720
G1 E.8 F2100
;WIDTH:0.615184
G1 F4800
G1 X132.631 Y111.285 E.00644
;WIDTH:0.580061
G1 X132.713 Y111.443 E.00608
;WIDTH:0.544938
G1 X132.795 Y111.6 E.00566
;WIPE_START
G1 F8640
G1 X132.713 Y111.443 E-.0409
G1 X132.631 Y111.285 E-.0411
G1 X132.549 Y111.128 E-.0409
;WIPE_END
G1 E-.6771 F2100
G1 Z1.65 F720
G1 X133.959 Y111.738 F10800
G1 Z1.25 F720
G1 E.8 F2100
;WIDTH:0.465604
G1 F4800
G1 X133.907 Y111.752 E.00146
G1 X133.869 Y111.713 E.00147
G1 X133.883 Y111.661 E.00146
G1 X133.935 Y111.647 E.00146
G1 X133.973 Y111.685 E.00145
;WIPE_START
G1 F8640
G1 X133.935 Y111.647 E-.01241
G1 X133.883 Y111.661 E-.01243
G1 X133.869 Y111.713 E-.01243
G1 X133.907 Y111.752 E-.01257
G1 X133.959 Y111.738 E-.01243
;WIPE_END
G1 E-.73773 F2100
G1 Z1.65 F720
G1 X135.378 Y109.484 F10800
G1 Z1.25 F720
M73 P41 R16
G1 E.8 F2100
;WIDTH:0.429894
G1 F4800
G1 X135.146 Y109.84 E.01054
G1 X135.426 Y109.904 E.00712
G1 X135.668 Y110.176 E.00903
G1 X135.668 Y109.309 E.0215
G1 X135.493 Y109.309 E.00434
;WIPE_START
G1 F8640
G1 X135.668 Y109.309 E-.04041
G1 X135.668 Y110.176 E-.20019
G1 X135.426 Y109.904 E-.08407
G1 X135.146 Y109.84 E-.06632
G1 X135.378 Y109.484 E-.09812
;WIPE_END
G1 E-.31089 F2100
G1 Z1.65 F720
G1 X135.508 Y111.283 F10800
G1 Z1.25 F720
G1 E.8 F2100
;WIDTH:0.553703
G1 F4800
G1 X135.506 Y110.45 E.02709
G1 X135.441 Y110.398 E.00271
;WIDTH:0.519135
G1 X135.375 Y110.346 E.00255
;WIDTH:0.484567
G1 X135.309 Y110.295 E.00235
;WIDTH:0.449999
G1 X135.059 Y110.22 E.0068
G1 X134.83 Y110.308 E.00639
;WIDTH:0.437515
G1 X134.255 Y111.183 E.02647
;WIDTH:0.449391
G1 X134.232 Y111.376 E.00506
;WIDTH:0.449999
G1 X134.339 Y111.578 E.00596
;WIDTH:0.45968
G1 X134.523 Y111.693 E.00578
G1 X135.241 Y111.668 E.01915
;WIDTH:0.454506
G1 X135.457 Y111.48 E.00754
;WIDTH:0.449999
G1 X135.551 Y111.642 E.00488
;WIDTH:0.402666
G1 X135.644 Y111.805 E.00434
;WIDTH:0.355332
G1 X135.556 Y111.924 E.00298
G1 X135.767 Y112.177 E.00664
;WIDTH:0.357957
G1 X136 Y111.906 E.00726
G1 X135.767 Y111.636 E.00725
;WIPE_START
G1 F8640
G1 X136 Y111.906 E-.08235
G1 X135.767 Y112.177 E-.08252
G1 X135.556 Y111.924 E-.07607
G1 X135.644 Y111.805 E-.03417
G1 X135.551 Y111.642 E-.04333
G1 X135.457 Y111.48 E-.04325
G1 X135.241 Y111.668 E-.06612
G1 X134.523 Y111.693 E-.16589
G1 X134.339 Y111.578 E-.0501
G1 X134.232 Y111.376 E-.05278
G1 X134.255 Y111.183 E-.04488
G1 X134.394 Y110.971 E-.05854
;WIPE_END
G1 Z1.65 F720
G1 X137.816 Y109.549 F10800
G1 Z1.25 F720
G1 E.8 F2100
;WIDTH:0.565676
G1 F4800
G1 X137.765 Y109.614 E.00275
;WIDTH:0.566634
G1 X137.722 Y109.977 E.01218
G1 X137.761 Y110.154 E.00604
;WIDTH:0.561193
G1 X137.991 Y110.57 E.01568
G1 X138.126 Y110.602 E.00458
;WIDTH:0.514514
G1 X138.262 Y110.635 E.00421
;WIDTH:0.512197
G1 X138.516 Y110.633 E.0076
;WIDTH:0.556559
G1 X138.771 Y110.631 E.00834
;WIDTH:0.569634
G1 X138.895 Y110.558 E.00482
G1 X139.137 Y110.115 E.01692
;WIDTH:0.576023
G1 X139.136 Y109.708 E.0138
G1 X138.991 Y109.434 E.01051
;WIDTH:0.526744
G1 X138.818 Y109.35 E.00593
;WIDTH:0.487763
G1 X138.646 Y109.267 E.00543
;WIDTH:0.448782
G1 X138.293 Y109.257 E.00917
;WIDTH:0.4704
G1 X138.119 Y109.32 E.00506
;WIDTH:0.501965
G1 X137.944 Y109.384 E.00546
;WIPE_START
G1 F8640
G1 X138.119 Y109.32 E-.04303
G1 X138.293 Y109.257 E-.04273
G1 X138.646 Y109.267 E-.08154
G1 X138.818 Y109.35 E-.0441
G1 X138.991 Y109.434 E-.04441
G1 X139.136 Y109.708 E-.07158
G1 X139.137 Y110.115 E-.09398
G1 X138.895 Y110.558 E-.11656
G1 X138.771 Y110.631 E-.03323
G1 X138.516 Y110.633 E-.05888
G1 X138.262 Y110.635 E-.05865
G1 X138.126 Y110.602 E-.03231
G1 X137.991 Y110.57 E-.03204
G1 X137.893 Y110.392 E-.04696
;WIPE_END
G1 Z1.65 F720
G1 X138.013 Y111.08 F10800
G1 Z1.25 F720
G1 E.8 F2100
;WIDTH:0.59202
G1 F4800
G1 X138.198 Y111.071 E.00647
;WIDTH:0.547307
G1 X138.383 Y111.062 E.00595
;WIDTH:0.502593
G1 X138.568 Y111.053 E.00543
;WIDTH:0.507008
G1 X138.672 Y111.068 E.00311
;WIDTH:0.556137
G1 X138.775 Y111.084 E.00341
;WIDTH:0.605266
G1 X138.878 Y111.1 E.00373
G1 X139.124 Y111.276 E.01081
G1 X139.119 Y111.304 E.00102
;WIDTH:0.572792
G1 X139.115 Y111.331 E.00092
;WIDTH:0.569977
G1 X139.243 Y111.649 E.0115
;WIDTH:0.58053
G1 X139.238 Y112.091 E.01512
G1 X139.138 Y112.356 E.00969
;WIDTH:0.55279
G1 X138.987 Y112.473 E.0062
;WIDTH:0.509227
G1 X138.837 Y112.589 E.00564
;WIDTH:0.465664
G1 X138.421 Y112.651 E.01137
;WIDTH:0.474736
G1 X138.033 Y112.578 E.0109
;WIDTH:0.507276
G1 X137.853 Y112.462 E.00634
;WIDTH:0.538384
G1 X137.782 Y112.367 E.00374
;WIDTH:0.569491
G1 X137.711 Y112.272 E.00397
;WIDTH:0.615588
G1 X137.651 Y112.097 E.00673
;WIDTH:0.661685
G1 X137.591 Y111.922 E.00726
G1 X137.637 Y111.463 E.01811
G1 X137.745 Y111.256 E.00917
G1 X137.762 Y111.261 E.0007
;WIDTH:0.626853
G1 X137.779 Y111.266 E.00066
;WIDTH:0.59202
G1 X137.849 Y111.21 E.00313
;WIPE_START
G1 F8640
G1 X137.779 Y111.266 E-.0207
G1 X137.762 Y111.261 E-.00409
G1 X137.745 Y111.256 E-.00409
G1 X137.637 Y111.463 E-.05391
G1 X137.591 Y111.922 E-.10652
G1 X137.651 Y112.097 E-.04272
G1 X137.711 Y112.272 E-.04272
G1 X137.782 Y112.367 E-.02739
G1 X137.853 Y112.462 E-.02739
G1 X138.033 Y112.578 E-.04945
G1 X138.421 Y112.651 E-.09116
G1 X138.837 Y112.589 E-.09712
G1 X138.987 Y112.473 E-.04378
G1 X139.138 Y112.356 E-.04411
G1 X139.238 Y112.091 E-.0654
G1 X139.242 Y111.747 E-.07945
;WIPE_END
G1 Z1.65 F720
G1 X127.548 Y109.933 F10800
G1 Z1.25 F720
M73 P42 R16
G1 E.8 F2100
;WIDTH:0.543794
G1 F4800
G1 X127.748 Y109.495 E.01536
;WIDTH:0.515112
G1 X128.031 Y109.325 E.00994
;WIDTH:0.478872
G1 X128.418 Y109.311 E.01079
;WIDTH:0.510674
G1 X128.757 Y109.499 E.01157
;WIDTH:0.548362
G1 X128.952 Y109.931 E.01526
;WIDTH:0.588767
G1 X128.993 Y110.108 E.00631
;WIDTH:0.629171
G1 X129.034 Y110.285 E.00676
;WIDTH:0.669575
G1 X129.075 Y110.462 E.00722
G1 X129.062 Y110.677 E.00856
;WIDTH:0.635409
G1 X129.048 Y110.892 E.00811
;WIDTH:0.601242
G1 X129.035 Y111.107 E.00764
;WIDTH:0.567075
G1 X129 Y111.648 E.01808
;WIDTH:0.554924
G1 X128.872 Y112.181 E.01787
;WIDTH:0.532358
G1 X128.635 Y112.494 E.01225
;WIDTH:0.49646
G1 X128.275 Y112.598 E.01085
;WIDTH:0.487154
G1 X127.895 Y112.516 E.01103
;WIDTH:0.516362
G1 X127.669 Y112.272 E.01004
;WIDTH:0.551771
G1 X127.508 Y111.701 E.01922
;WIDTH:0.56544
G1 X127.467 Y111.119 E.0194
G1 X127.477 Y110.486 E.02105
;WIDTH:0.562045
G1 X127.522 Y110.141 E.0115
M73 Q42 S17
;WIPE_START
G1 F8640
G1 X127.477 Y110.486 E-.08034
G1 X127.467 Y111.119 E-.14618
G1 X127.508 Y111.701 E-.13472
G1 X127.669 Y112.272 E-.13699
G1 X127.895 Y112.516 E-.07679
G1 X128.275 Y112.598 E-.08976
G1 X128.635 Y112.494 E-.08652
G1 X128.762 Y112.326 E-.0487
;WIPE_END
G1 Z1.65 F720
G1 X125.72 Y109.1 F10800
G1 Z1.25 F720
G1 E.8 F2100
M73 Q42 S16
;WIDTH:0.565308
G1 F4800
G1 X125.969 Y109.375 E.01233
;WIDTH:0.579394
G1 X126.1 Y109.775 E.01436
G1 X126.114 Y110.122 E.01185
;WIDTH:0.577949
G1 X125.998 Y110.456 E.01203
;WIDTH:0.563774
G1 X125.83 Y110.727 E.01057
;WIDTH:0.542078
G1 X125.406 Y111.182 E.01978
;WIDTH:0.524949
G1 X124.999 Y111.518 E.01622
;WIDTH:0.513738
G1 X124.568 Y111.887 E.01704
;WIDTH:0.507647
G1 X124.514 Y112.074 E.00577
;WIDTH:0.458327
G1 X124.619 Y112.363 E.00817
;WIDTH:0.49328
G1 X124.814 Y112.518 E.00716
G1 X126.228 Y112.518 E.04066
G1 X126.228 Y112.979 E.01326
G1 X124.814 Y112.979 E.04066
G1 X124.183 Y113.001 E.01816
;WIDTH:0.449999
G1 X123.462 Y113.001 E.01879
G1 X123.441 Y112.557 E.01158
G1 X123.598 Y112.243 E.00915
;WIDTH:0.458327
G1 X123.91 Y111.842 E.0135
;WIDTH:0.484323
G1 X124.108 Y111.66 E.00758
;WIDTH:0.510318
G1 X124.307 Y111.477 E.00806
;WIDTH:0.513838
G1 X124.693 Y111.146 E.01527
;WIDTH:0.524949
G1 X125.089 Y110.805 E.01606
;WIDTH:0.542078
G1 X125.424 Y110.419 E.01625
;WIDTH:0.574884
G1 X125.565 Y110.049 E.0134
G1 X125.519 Y109.668 E.01299
;WIDTH:0.56887
G1 X125.347 Y109.447 E.00937
;WIDTH:0.536082
G1 X125.181 Y109.383 E.00559
;WIDTH:0.509184
G1 X125.014 Y109.318 E.00533
;WIDTH:0.491413
G1 X124.557 Y109.35 E.01312
;WIDTH:0.518874
G1 X124.406 Y109.451 E.00551
;WIDTH:0.546335
G1 X124.254 Y109.551 E.00583
;WIDTH:0.557207
G1 X124.116 Y109.852 E.01084
G1 X123.572 Y109.821 E.01784
G1 X123.633 Y109.593 E.00773
G1 X123.797 Y109.314 E.0106
;WIDTH:0.547954
G1 X124.039 Y109.085 E.01072
;WIDTH:0.523755
G1 X124.46 Y108.901 E.01408
;WIDTH:0.48796
G1 X124.941 Y108.864 E.01371
;WIDTH:0.500898
G1 X125.358 Y108.936 E.01237
;WIDTH:0.522022
G1 X125.53 Y109.013 E.00576
;WIPE_START
G1 F8640
G1 X125.358 Y108.936 E-.04351
G1 X124.941 Y108.864 E-.09771
G1 X124.46 Y108.901 E-.11139
G1 X124.039 Y109.085 E-.10609
G1 X123.797 Y109.314 E-.07693
G1 X123.633 Y109.593 E-.07473
G1 X123.572 Y109.821 E-.0545
G1 X124.116 Y109.852 E-.12581
G1 X124.254 Y109.551 E-.07646
G1 X124.373 Y109.472 E-.03287
;WIPE_END
G1 Z1.65 F720
G1 X124.155 Y112.119 F10800
G1 Z1.25 F720
G1 E.8 F2100
;WIDTH:0.353838
G1 F4800
G1 X124.275 Y112.497 E.00796
G1 X124.471 Y112.631 E.00476
G1 X123.818 Y112.631 E.0131
G1 X123.909 Y112.449 E.00408
G1 X124.03 Y112.287 E.00406
;WIPE_START
G1 F8640
G1 X123.909 Y112.449 E-.04669
G1 X123.818 Y112.631 E-.04698
G1 X124.471 Y112.631 E-.15078
G1 X124.275 Y112.497 E-.05482
G1 X124.155 Y112.119 E-.09157
;WIPE_END
G1 E-.40916 F2100
G1 Z1.65 F720
G1 X124.729 Y109.752 F10800
G1 Z1.25 F720
G1 E.8 F2100
;TYPE:Internal infill
;WIDTH:0.45
G1 F4800
G1 X125.054 Y109.798 E.00855
G1 X125.094 Y109.986 E.00501
G1 X125.041 Y110.161 E.00476
G1 X124.721 Y110.529 E.01271
G1 X123.756 Y111.386 E.03363
G1 X123.207 Y110.997 E.01753
G1 X122.31 Y109.942 E.03608
G1 X121.862 Y109.617 E.01442
G1 X121.113 Y109.341 E.0208
G1 X121.113 Y108.741 E.01563
G1 X120.855 Y108.484 E.00949
G1 X119.541 Y108.484 E.03424
G1 X119.362 Y108.615 E.00578
;WIPE_START
G1 F8640
G1 X119.541 Y108.484 E-.05122
G1 X120.855 Y108.484 E-.30341
G1 X121.113 Y108.741 E-.08409
G1 X121.113 Y109.341 E-.13854
G1 X121.862 Y109.617 E-.18431
G1 X121.997 Y109.715 E-.03843
;WIPE_END
G1 Z1.65 F720
G1 X117.56 Y108.91 F10800
G1 Z1.25 F720
G1 E.8 F2100
;TYPE:Solid infill
;WIDTH:0.449999
G1 F4800
G1 X118.056 Y110.461 E.04243
;WIDTH:0.484515
G1 X118.277 Y111.209 E.022
G1 X118.493 Y111.349 E.00726
;WIDTH:0.449999
G1 X118.75 Y111.348 E.0067
;WIDTH:0.474152
G1 X118.961 Y111.206 E.00701
G1 X119.174 Y110.482 E.0208
;WIDTH:0.449999
G1 X119.665 Y108.917 E.04274
G1 X120.104 Y108.902 E.01145
G1 X120.695 Y108.914 E.0154
G1 X120.695 Y110.589 E.04364
;WIDTH:0.497957
G1 X120.689 Y110.831 E.00703
;WIDTH:0.545915
G1 X120.682 Y111.074 E.00779
;WIDTH:0.593872
G1 X120.676 Y111.316 E.00848
G1 X120.965 Y111.481 E.01166
G1 X120.676 Y111.645 E.01164
G1 X120.663 Y111.727 E.00291
;WIDTH:0.567226
G1 X120.65 Y111.81 E.0028
;WIDTH:0.540579
G1 X120.65 Y112.955 E.0363
G1 X120.141 Y112.955 E.01614
G1 X120.141 Y112.701 E.00805
;WIDTH:0.567226
G1 X120.154 Y112.091 E.02036
;WIDTH:0.593872
G1 X120.168 Y111.481 E.02137
G1 X120.142 Y111.459 E.00119
;WIDTH:0.545915
G1 X120.117 Y111.437 E.00107
;WIDTH:0.497957
G1 X120.091 Y111.416 E.00097
;WIDTH:0.449999
G1 X120.061 Y111.343 E.00206
G1 X119.919 Y111.252 E.00439
G1 X119.623 Y111.205 E.00781
;WIDTH:0.474152
G1 X119.381 Y111.342 E.00766
;WIDTH:0.477479
G1 X119.195 Y111.957 E.01784
;WIDTH:0.449999
G1 X118.86 Y112.992 E.02835
G1 X118.36 Y112.992 E.01303
G1 X118.034 Y111.983 E.02763
;WIDTH:0.487951
G1 X117.832 Y111.306 E.02008
G1 X117.597 Y111.206 E.00726
;WIDTH:0.449999
G1 X117.301 Y111.252 E.00781
;WIDTH:0.495314
G1 X117.19 Y111.355 E.00437
;WIDTH:0.540629
G1 X117.079 Y111.459 E.00482
G1 X117.079 Y112.955 E.04743
G1 X116.571 Y112.955 E.01611
G1 X116.571 Y111.459 E.04743
G1 X116.548 Y111.024 E.01381
;WIDTH:0.495314
G1 X116.525 Y110.589 E.01258
;WIDTH:0.449999
G1 X116.525 Y109.498 E.02843
G1 X116.547 Y108.902 E.01554
G1 X117.351 Y108.908 E.02095
G1 X117.207 Y109.382 E.01291
;WIDTH:0.575238
G1 X117.66 Y110.8 E.05041
G1 X117.522 Y110.731 E.00523
G1 X117.226 Y110.778 E.01015
G1 X117.006 Y111.035 E.01146
G1 X117.006 Y109.39 E.05571
;WIPE_START
G1 F8640
G1 X117.006 Y111.035 E-.37984
G1 X117.226 Y110.778 E-.07812
G1 X117.522 Y110.731 E-.0692
G1 X117.66 Y110.8 E-.03563
G1 X117.347 Y109.821 E-.23721
;WIPE_END
G1 Z1.65 F720
G1 X118.332 Y111.64 F10800
G1 Z1.25 F720
G1 E.8 F2100
;WIDTH:0.391832
G1 F4800
G1 X118.494 Y111.738 E.00425
G1 X118.751 Y111.737 E.00576
G1 X118.883 Y111.658 E.00345
G1 X118.61 Y112.502 E.0199
G1 X118.396 Y111.839 E.01563
;WIPE_START
G1 F8640
G1 X118.61 Y112.502 E-.16087
G1 X118.883 Y111.658 E-.20482
G1 X118.751 Y111.737 E-.03552
G1 X118.494 Y111.738 E-.05934
G1 X118.332 Y111.64 E-.04372
;WIPE_END
G1 E-.29573 F2100
G1 Z1.65 F720
G1 X119.958 Y109.578 F10800
G1 Z1.25 F720
G1 E.8 F2100
;WIDTH:0.568713
G1 F4800
G1 X119.572 Y110.81 E.0432
G1 X119.697 Y110.734 E.00489
G1 X119.994 Y110.781 E.01006
G1 X120.218 Y110.924 E.00889
G1 X120.218 Y109.379 E.05169
G1 X120.02 Y109.379 E.00662
;WIPE_START
G1 F8640
G1 X120.218 Y109.379 E-.04572
G1 X120.218 Y110.924 E-.35674
G1 X119.994 Y110.781 E-.06136
G1 X119.697 Y110.734 E-.06943
G1 X119.572 Y110.81 E-.03378
G1 X119.873 Y109.847 E-.23297
;WIPE_END
G1 Z1.65 F720
G1 X121.462 Y111.24 F10800
G1 Z1.25 F720
G1 E.8 F2100
;WIDTH:0.513181
G1 F4800
G1 X122.791 Y111.24 E.03986
G1 X122.791 Y111.721 E.01443
G1 X121.462 Y111.721 E.03986
G1 X121.29 Y111.55 E.00728
G1 X121.1 Y111.481 E.00606
G1 X121.314 Y111.388 E.007
;WIPE_START
G1 F8640
G1 X121.1 Y111.481 E-.05388
G1 X121.29 Y111.55 E-.04667
G1 X121.462 Y111.721 E-.056
G1 X122.791 Y111.721 E-.30687
G1 X122.791 Y111.24 E-.11106
G1 X121.814 Y111.24 E-.22552
;WIPE_END
G1 Z1.65 F720
G1 X106.716 Y108.403 F10800
G1 Z1.25 F720
G1 E.8 F2100
;WIDTH:0.45003
G1 F4800
G1 X106.716 Y109.483 E.02814
;WIPE_START
G1 F8640
G1 X106.716 Y108.403 E-.24937
;WIPE_END
G1 E-.55063 F2100
G1 Z1.65 F720
G1 X106.716 Y104.339 F10800
G1 Z1.25 F720
G1 E.8 F2100
;TYPE:Internal infill
;WIDTH:0.45
G1 F4800
G1 X106.716 Y105.23 E.02322
G1 X107.134 Y104.802 E.01559
G1 X107.134 Y105.813 E.02634
G1 X107.517 Y105.718 E.01028
G1 X107.965 Y105.696 E.01169
G1 X108.413 Y105.812 E.01206
G1 X108.862 Y106.175 E.01504
G1 X109.758 Y107.23 E.03606
G1 X110.206 Y107.555 E.01442
G1 X110.655 Y107.757 E.01283
G1 X111.103 Y107.868 E.01203
G1 X111.551 Y107.89 E.01169
G1 X112 Y107.774 E.01208
G1 X112.448 Y107.411 E.01502
G1 X113.345 Y106.356 E.03608
G1 X113.793 Y106.031 E.01442
G1 X114.241 Y105.83 E.01279
G1 X114.689 Y105.718 E.01203
G1 X115.138 Y105.696 E.01171
G1 X115.586 Y105.812 E.01206
G1 X116.034 Y106.175 E.01502
G1 X116.931 Y107.23 E.03608
G1 X117.379 Y107.555 E.01442
G1 X117.827 Y107.757 E.0128
G1 X118.276 Y107.868 E.01205
G1 X118.724 Y107.89 E.01169
G1 X119.172 Y107.774 E.01206
G1 X119.621 Y107.411 E.01504
G1 X120.517 Y106.356 E.03606
G1 X120.965 Y106.031 E.01442
G1 X121.414 Y105.83 E.01282
G1 X121.862 Y105.718 E.01203
G1 X122.31 Y105.696 E.01169
G1 X122.759 Y105.812 E.01208
G1 X123.207 Y106.175 E.01502
G1 X124.103 Y107.23 E.03606
G1 X124.552 Y107.555 E.01444
G1 X125 Y107.757 E.0128
G1 X125.448 Y107.868 E.01203
G1 X125.897 Y107.89 E.01171
G1 X126.345 Y107.774 E.01206
G1 X126.793 Y107.411 E.01502
G1 X127.69 Y106.356 E.03608
G1 X128.138 Y106.031 E.01442
G1 X128.586 Y105.83 E.01279
G1 X129.035 Y105.718 E.01206
G1 X129.483 Y105.696 E.01169
G1 X129.931 Y105.812 E.01206
G1 X130.379 Y106.175 E.01502
G1 X131.276 Y107.23 E.03608
G1 X131.724 Y107.555 E.01442
G1 X132.173 Y107.757 E.01283
G1 X132.621 Y107.868 E.01203
G1 X133.069 Y107.89 E.01169
G1 X133.517 Y107.774 E.01206
G1 X133.966 Y107.411 E.01504
G1 X134.862 Y106.356 E.03606
G1 X135.311 Y106.031 E.01444
G1 X135.759 Y105.83 E.01279
G1 X136.207 Y105.718 E.01203
G1 X136.656 Y105.696 E.01171
G1 X137.104 Y105.812 E.01206
G1 X137.552 Y106.175 E.01502
G1 X138.449 Y107.23 E.03608
G1 X138.897 Y107.555 E.01442
G1 X139.345 Y107.757 E.0128
G1 X139.794 Y107.868 E.01205
G1 X140.242 Y107.89 E.01169
G1 X140.69 Y107.774 E.01206
G1 X141.138 Y107.411 E.01502
G1 X142.035 Y106.356 E.03608
G1 X142.483 Y106.031 E.01442
G1 X142.866 Y105.859 E.01094
G1 X142.866 Y102.227 E.09463
G1 X142.483 Y102.132 E.01028
G1 X142.035 Y102.11 E.01169
G1 X141.587 Y102.226 E.01206
G1 X141.138 Y102.589 E.01504
G1 X140.242 Y103.644 E.03606
G1 X139.794 Y103.969 E.01442
G1 X139.345 Y104.17 E.01282
G1 X138.897 Y104.282 E.01203
G1 X138.449 Y104.304 E.01169
G1 X138 Y104.188 E.01208
G1 X137.552 Y103.825 E.01502
G1 X136.656 Y102.77 E.03606
G1 X136.207 Y102.445 E.01444
G1 X135.759 Y102.243 E.0128
G1 X135.311 Y102.132 E.01203
G1 X134.862 Y102.11 E.01171
G1 X134.414 Y102.226 E.01206
G1 X133.966 Y102.589 E.01502
G1 X133.069 Y103.644 E.03608
G1 X132.621 Y103.969 E.01442
G1 X132.173 Y104.17 E.01279
G1 X131.724 Y104.282 E.01206
G1 X131.276 Y104.304 E.01169
G1 X130.828 Y104.188 E.01206
G1 X130.379 Y103.825 E.01504
G1 X129.483 Y102.77 E.03606
G1 X129.035 Y102.445 E.01442
G1 X128.586 Y102.243 E.01283
G1 X128.138 Y102.132 E.01203
G1 X127.69 Y102.11 E.01169
G1 X127.241 Y102.226 E.01208
G1 X126.793 Y102.589 E.01502
G1 X125.897 Y103.644 E.03606
G1 X125.448 Y103.969 E.01444
G1 X125 Y104.17 E.01279
G1 X124.552 Y104.282 E.01203
G1 X124.103 Y104.304 E.01171
G1 X123.655 Y104.188 E.01206
G1 X123.207 Y103.825 E.01502
G1 X122.31 Y102.77 E.03608
G1 X121.862 Y102.445 E.01442
G1 X121.414 Y102.243 E.0128
G1 X120.965 Y102.132 E.01205
G1 X120.517 Y102.11 E.01169
G1 X120.069 Y102.226 E.01206
G1 X119.621 Y102.589 E.01502
G1 X118.724 Y103.644 E.03608
G1 X118.276 Y103.969 E.01442
G1 X117.827 Y104.17 E.01282
G1 X117.379 Y104.282 E.01203
G1 X116.931 Y104.304 E.01169
G1 X116.483 Y104.188 E.01206
G1 X116.034 Y103.825 E.01504
G1 X115.138 Y102.77 E.03606
G1 X114.689 Y102.445 E.01444
G1 X114.241 Y102.243 E.0128
G1 X113.793 Y102.132 E.01203
G1 X113.345 Y102.11 E.01169
G1 X112.896 Y102.226 E.01208
G1 X112.448 Y102.589 E.01502
G1 X111.551 Y103.644 E.03608
G1 X111.103 Y103.969 E.01442
G1 X110.655 Y104.17 E.01279
G1 X110.206 Y104.282 E.01206
G1 X109.758 Y104.304 E.01169
G1 X109.31 Y104.188 E.01206
G1 X108.862 Y103.825 E.01502
G1 X107.965 Y102.77 E.03608
G1 X107.517 Y102.445 E.01442
G1 X107.134 Y102.273 E.01094
G1 X107.134 Y99.652 E.06829
G1 X106.716 Y100.079 E.01557
G1 X106.716 Y99.008 E.02791
G1 X107.134 Y99.03 E.01091
G1 X107.134 Y98.641 E.01014
G1 X107.517 Y98.545 E.01029
G1 X107.965 Y98.523 E.01169
G1 X108.413 Y98.64 E.01206
G1 X108.862 Y99.003 E.01504
G1 X109.758 Y100.058 E.03606
G1 X110.206 Y100.383 E.01442
G1 X110.655 Y100.584 E.01282
G1 X111.103 Y100.696 E.01203
G1 X111.551 Y100.718 E.01169
G1 X112 Y100.601 E.01209
G1 X112.448 Y100.239 E.01501
G1 X113.345 Y99.184 E.03608
G1 X113.793 Y98.859 E.01442
G1 X114.241 Y98.657 E.0128
G1 X114.689 Y98.545 E.01203
G1 X115.138 Y98.523 E.01171
G1 X115.586 Y98.64 E.01206
G1 X116.034 Y99.003 E.01502
G1 X116.931 Y100.058 E.03608
G1 X117.379 Y100.383 E.01442
G1 X117.827 Y100.584 E.01279
G1 X118.276 Y100.696 E.01206
G1 X118.724 Y100.718 E.01169
G1 X119.172 Y100.601 E.01206
G1 X119.682 Y100.166 E.01747
G1 X119.682 Y100.26 E.00245
G1 X119.94 Y100.518 E.00951
G1 X124.852 Y100.518 E.12799
G1 X125.182 Y100.63 E.00908
G1 X125.182 Y102.281 E.04302
G1 X125.661 Y102.525 E.01401
G1 X130.231 Y99.225 E.14687
G1 X130.231 Y98.883 E.00891
G1 X131.276 Y100.058 E.04097
G1 X131.724 Y100.383 E.01442
G1 X132.173 Y100.584 E.01282
G1 X132.621 Y100.696 E.01203
G1 X133.069 Y100.718 E.01169
G1 X133.517 Y100.601 E.01206
G1 X133.966 Y100.239 E.01503
G1 X134.862 Y99.184 E.03606
G1 X135.311 Y98.859 E.01444
G1 X135.759 Y98.657 E.0128
G1 X136.207 Y98.545 E.01203
G1 X136.656 Y98.523 E.01171
G1 X137.104 Y98.64 E.01206
G1 X137.552 Y99.003 E.01502
G1 X138.449 Y100.058 E.03608
G1 X138.897 Y100.383 E.01442
G1 X139.345 Y100.584 E.01279
G1 X139.794 Y100.696 E.01206
G1 X140.242 Y100.718 E.01169
G1 X140.69 Y100.601 E.01206
G1 X141.138 Y100.239 E.01501
G1 X142.035 Y99.184 E.03608
G1 X142.483 Y98.859 E.01442
G1 X142.866 Y98.686 E.01095
G1 X142.866 Y95.054 E.09463
G1 X142.483 Y94.959 E.01028
G1 X142.035 Y94.937 E.01169
G1 X141.587 Y95.054 E.01206
G1 X141.138 Y95.416 E.01503
G1 X140.242 Y96.471 E.03606
G1 X139.794 Y96.796 E.01442
G1 X139.345 Y96.998 E.01283
G1 X138.897 Y97.109 E.01203
G1 X138.449 Y97.131 E.01169
G1 X138 Y97.015 E.01208
G1 X137.552 Y96.652 E.01502
G1 X136.656 Y95.597 E.03606
G1 X136.207 Y95.272 E.01444
G1 X135.759 Y95.071 E.01279
G1 X135.311 Y94.959 E.01203
G1 X134.862 Y94.937 E.01171
G1 X134.414 Y95.054 E.01206
G1 X133.966 Y95.416 E.01501
G1 X133.069 Y96.471 E.03608
G1 X132.621 Y96.796 E.01442
G1 X132.173 Y96.998 E.0128
G1 X131.724 Y97.109 E.01205
G1 X131.276 Y97.131 E.01169
G1 X130.828 Y97.015 E.01206
G1 X130.379 Y96.652 E.01504
G1 X129.483 Y95.597 E.03606
G1 X129.035 Y95.272 E.01442
G1 X128.586 Y95.071 E.01282
G1 X128.138 Y94.959 E.01203
G1 X127.69 Y94.937 E.01169
G1 X127.241 Y95.054 E.01209
G1 X126.793 Y95.416 E.01501
G1 X126.332 Y95.959 E.01856
G1 X125.661 Y95.475 E.02156
G1 X125.182 Y95.719 E.01401
G1 X125.182 Y96.916 E.03119
G1 X124.552 Y97.109 E.01717
G1 X124.103 Y97.131 E.01171
G1 X123.655 Y97.015 E.01206
G1 X123.207 Y96.652 E.01502
G1 X122.31 Y95.597 E.03608
G1 X121.862 Y95.272 E.01442
G1 X121.414 Y95.071 E.01279
G1 X120.965 Y94.959 E.01206
G1 X120.517 Y94.937 E.01169
G1 X120.069 Y95.054 E.01206
G1 X119.621 Y95.416 E.01501
G1 X118.724 Y96.471 E.03608
G1 X118.276 Y96.796 E.01442
G1 X117.827 Y96.998 E.01283
G1 X117.379 Y97.109 E.01203
G1 X116.931 Y97.131 E.01169
G1 X116.483 Y97.015 E.01206
G1 X116.034 Y96.652 E.01504
G1 X115.138 Y95.597 E.03606
G1 X114.689 Y95.272 E.01444
G1 X114.241 Y95.071 E.01279
G1 X113.793 Y94.959 E.01203
G1 X113.345 Y94.937 E.01169
G1 X112.896 Y95.054 E.01209
G1 X112.448 Y95.416 E.01501
G1 X111.551 Y96.471 E.03608
G1 X111.103 Y96.796 E.01442
G1 X110.655 Y96.998 E.0128
G1 X110.206 Y97.109 E.01205
G1 X109.758 Y97.131 E.01169
G1 X109.31 Y97.015 E.01206
G1 X108.862 Y96.652 E.01502
G1 X107.965 Y95.597 E.03608
G1 X107.517 Y95.272 E.01442
G1 X107.134 Y95.1 E.01094
G1 X107.134 Y94.501 E.01561
G1 X106.716 Y94.929 E.01559
G1 X106.716 Y91.643 E.08562
G1 X107.068 Y91.484 E.01006
G1 X107.517 Y91.373 E.01205
G1 X107.965 Y91.351 E.01169
G1 X108.413 Y91.467 E.01206
G1 X108.862 Y91.83 E.01504
G1 X109.758 Y92.885 E.03606
G1 X110.206 Y93.21 E.01442
G1 X110.655 Y93.412 E.01283
G1 X111.103 Y93.523 E.01203
G1 X111.551 Y93.545 E.01169
G1 X112 Y93.429 E.01208
G1 X112.448 Y93.066 E.01502
G1 X113.345 Y92.011 E.03608
G1 X113.793 Y91.686 E.01442
G1 X114.241 Y91.484 E.0128
G1 X114.689 Y91.373 E.01203
G1 X115.138 Y91.351 E.01171
G1 X115.586 Y91.467 E.01206
G1 X116.034 Y91.83 E.01502
G1 X116.931 Y92.885 E.03608
G1 X117.379 Y93.21 E.01442
G1 X117.827 Y93.412 E.0128
G1 X118.276 Y93.523 E.01205
G1 X118.724 Y93.545 E.01169
G1 X119.172 Y93.429 E.01206
G1 X119.621 Y93.066 E.01504
G1 X120.517 Y92.011 E.03606
G1 X120.965 Y91.686 E.01442
G1 X121.414 Y91.484 E.01283
G1 X121.862 Y91.373 E.01203
G1 X122.31 Y91.351 E.01169
G1 X122.759 Y91.467 E.01208
G1 X123.207 Y91.83 E.01502
G1 X124.103 Y92.885 E.03606
G1 X124.552 Y93.21 E.01444
G1 X125 Y93.412 E.0128
G1 X125.448 Y93.523 E.01203
G1 X125.897 Y93.545 E.01171
G1 X126.345 Y93.429 E.01206
G1 X126.793 Y93.066 E.01502
G1 X127.69 Y92.011 E.03608
G1 X128.138 Y91.686 E.01442
G1 X128.586 Y91.484 E.0128
G1 X129.035 Y91.373 E.01205
G1 X129.483 Y91.351 E.01169
G1 X129.931 Y91.467 E.01206
G1 X130.379 Y91.83 E.01502
G1 X131.276 Y92.885 E.03608
G1 X131.724 Y93.21 E.01442
G1 X132.173 Y93.412 E.01283
G1 X132.621 Y93.523 E.01203
G1 X133.069 Y93.545 E.01169
G1 X133.517 Y93.429 E.01206
G1 X133.966 Y93.066 E.01504
G1 X134.862 Y92.011 E.03606
G1 X135.311 Y91.686 E.01444
G1 X135.759 Y91.484 E.0128
G1 X136.207 Y91.373 E.01203
G1 X136.656 Y91.351 E.01171
G1 X137.104 Y91.467 E.01206
G1 X137.552 Y91.83 E.01502
G1 X138.449 Y92.885 E.03608
G1 X138.897 Y93.21 E.01442
G1 X139.345 Y93.412 E.0128
G1 X139.794 Y93.523 E.01205
G1 X140.242 Y93.545 E.01169
G1 X140.69 Y93.429 E.01206
G1 X141.138 Y93.066 E.01502
G1 X142.035 Y92.011 E.03608
G1 X142.483 Y91.686 E.01442
G1 X142.866 Y91.514 E.01094
G1 X142.846 Y91.071 E.01155
G1 X142.716 Y90.955 E.00454
G1 X140.842 Y90.953 E.04883
;WIPE_START
G1 F8640
G1 X142.716 Y90.955 E-.43271
G1 X142.846 Y91.071 E-.04023
G1 X142.866 Y91.514 E-.10239
G1 X142.483 Y91.686 E-.09694
G1 X142.035 Y92.011 E-.12773
;WIPE_END
G1 Z1.65 F720
G1 X139.908 Y90.536 F10800
G1 Z1.25 F720
G1 E.8 F2100
;TYPE:Solid infill
;WIDTH:0.448858
G1 F4800
G1 X142.704 Y90.536 E.07265
;WIDTH:0.465656
G1 X142.948 Y90.611 E.0069
G1 X143.284 Y91.449 F10800
;WIDTH:0.450028
G1 F4800
G1 X143.284 Y92.923 E.03841
;WIPE_START
G1 F8640
G1 X143.284 Y91.449 E-.34035
;WIPE_END
G1 E-.45965 F2100
G1 Z1.65 F720
G1 X143.284 Y95.041 F10800
G1 Z1.25 F720
G1 E.8 F2100
G1 F4800
G1 X143.284 Y97.317 E.05931
G1 X143.23 Y97.536 E.00588
;WIDTH:0.411109
G1 X143.177 Y97.754 E.0053
G1 X143.23 Y97.913 E.00396
;WIDTH:0.450026
G1 X143.284 Y98.072 E.00438
G1 X143.284 Y100.005 E.05037
;WIPE_START
G1 F8640
G1 X143.284 Y98.072 E-.44634
G1 X143.23 Y97.913 E-.03877
G1 X143.177 Y97.754 E-.0387
G1 X143.23 Y97.536 E-.0518
G1 X143.284 Y97.317 E-.05208
G1 X143.284 Y96.571 E-.17231
;WIPE_END
G1 Z1.65 F720
G1 X143.284 Y102.182 F10800
G1 Z1.25 F720
G1 E.8 F2100
;WIDTH:0.450028
G1 F4800
G1 X143.284 Y107.087 E.12781
;WIPE_START
G1 F8640
G1 X143.284 Y103.623 E-.8
;WIPE_END
G1 Z1.65 F720
G1 X143.284 Y109.324 F10800
G1 Z1.25 F720
G1 E.8 F2100
G1 F4800
G1 X143.284 Y114.49 E.13461
;WIPE_START
G1 F8640
G1 X143.284 Y111.025 E-.8
;WIPE_END
G1 Z1.65 F720
G1 X125.738 Y96.066 F10800
G1 Z1.25 F720
G1 E.8 F2100
;WIDTH:0.590676
G1 F4800
G1 X125.689 Y96.016 E.00244
G1 X125.621 Y96.034 E.00245
G1 X125.603 Y96.102 E.00245
G1 X125.653 Y96.151 E.00244
G1 X125.72 Y96.133 E.00242
;WIDTH:0.449999
G1 X126.122 Y96.323 E.01159
G1 X125.532 Y96.919 E.02185
;WIDTH:0.411095
G1 X125.463 Y96.994 E.00241
;WIDTH:0.37219
G1 X125.392 Y96.975 E.00156
G1 X125.411 Y97.046 E.00156
G1 X125.452 Y97.035 E.0009
;WIPE_START
G1 F8640
G1 X125.411 Y97.046 E-.0098
G1 X125.392 Y96.975 E-.01697
G1 X125.463 Y96.994 E-.01697
G1 X125.532 Y96.919 E-.02353
G1 X126.122 Y96.323 E-.19364
G1 X125.72 Y96.133 E-.10267
G1 X125.653 Y96.151 E-.01602
G1 X125.603 Y96.102 E-.01616
G1 X125.621 Y96.034 E-.01624
G1 X125.689 Y96.016 E-.01624
G1 X125.738 Y96.066 E-.01616
;WIPE_END
G1 E-.3556 F2100
G1 Z1.65 F720
G1 X122.48 Y97.9 F10800
G1 Z1.25 F720
G1 E.8 F2100
;WIDTH:0.449999
G1 F4800
G1 X123.884 Y97.869 E.03659
;WIDTH:0.419236
G1 X125.289 Y97.837 E.03392
M73 P43 R16
G1 X124.186 Y98.891 E.03682
;WIDTH:0.449999
G1 X123.083 Y99.944 E.03973
G1 X123.083 Y100.1 E.00406
G1 X120.1 Y100.1 E.07772
G1 X120.1 Y97.9 E.05732
G1 X122.271 Y97.9 E.05657
;WIPE_START
G1 F8640
G1 X120.1 Y97.9 E-.50129
G1 X120.1 Y99.193 E-.29871
;WIPE_END
G1 Z1.65 F720
M73 Q43 S16
G1 X123.918 Y98.318 F10800
G1 Z1.25 F720
G1 E.8 F2100
G1 F4800
G1 X120.518 Y98.318 E.08859
G1 X120.518 Y99.682 E.03554
G1 X122.763 Y99.682 E.0585
G1 X124.127 Y98.318 E.05026
;WIPE_START
G1 F8640
G1 X122.763 Y99.682 E-.44541
G1 X121.227 Y99.682 E-.35459
;WIPE_END
G1 Z1.65 F720
G1 X123.051 Y98.763 F10800
G1 Z1.25 F720
G1 E.8 F2100
;WIDTH:0.505213
G1 F4800
G1 X122.578 Y99.237 E.01975
G1 X120.963 Y99.237 E.04764
G1 X120.963 Y98.763 E.01398
G1 X122.842 Y98.763 E.05543
;WIPE_START
G1 F8640
G1 X120.963 Y98.763 E-.43387
G1 X120.963 Y99.237 E-.10945
G1 X122.075 Y99.237 E-.25668
;WIPE_END
G1 Z1.65 F720
G1 X125.36 Y97.794 F10800
G1 Z1.25 F720
G1 E.8 F2100
;WIDTH:0.37219
G1 F4800
G1 X125.425 Y97.731 E.00192
;WIDTH:0.411095
G1 X125.513 Y97.583 E.00407
;WIDTH:0.449999
G1 X125.6 Y97.435 E.00447
G1 X126.465 Y96.571 E.03186
G1 X126.808 Y96.818 E.01101
G1 X123.527 Y100.1 E.12092
G1 X124.117 Y100.1 E.01537
G1 X127.151 Y97.066 E.1118
G1 X128.18 Y97.809 E.03307
G1 X125.594 Y100.396 E.09531
G1 X125.539 Y100.264 E.00373
G1 X125.436 Y100.161 E.0038
G1 X125.289 Y100.1 E.00415
G1 X124.708 Y100.1 E.01514
G1 X127.346 Y97.462 E.09721
G1 X127.538 Y97.861 E.01154
G1 X125.621 Y99.778 E.07064
;WIPE_START
G1 F8640
G1 X127.538 Y97.861 E-.62599
G1 X127.346 Y97.462 E-.10224
G1 X127.126 Y97.682 E-.07177
;WIPE_END
G1 Z1.65 F720
G1 X125.458 Y101.177 F10800
G1 Z1.25 F720
G1 E.8 F2100
;WIDTH:0.4454
G1 F4800
G1 X125.409 Y101.191 E.00131
G1 X125.372 Y101.154 E.00135
G1 X125.385 Y101.104 E.00133
G1 X125.435 Y101.091 E.00133
G1 X125.472 Y101.127 E.00133
;WIDTH:0.449999
G1 X125.6 Y100.98 E.00508
G1 X128.523 Y98.057 E.10771
G1 X128.867 Y98.305 E.01105
G1 X125.6 Y101.571 E.12037
G1 X125.99 Y101.772 E.01143
G1 X129.21 Y98.553 E.11863
G1 X128.986 Y99.496 F10800
;WIDTH:0.632308
G1 F4800
G1 X128.59 Y99.834 E.01948
;WIDTH:0.588955
G1 X128.194 Y100.171 E.01805
;WIDTH:0.545602
G1 X127.797 Y100.509 E.01669
;WIDTH:0.502249
G1 X127.401 Y100.846 E.01524
;WIDTH:0.458896
G1 X127.005 Y101.184 E.01385
;WIDTH:0.415543
G1 X126.608 Y101.521 E.01245
;WIPE_START
G1 F8640
G1 X127.005 Y101.184 E-.12024
G1 X127.401 Y100.846 E-.12022
G1 X127.797 Y100.509 E-.12007
G1 X128.194 Y100.171 E-.12039
G1 X128.59 Y99.834 E-.12007
G1 X128.986 Y99.496 E-.12022
;WIPE_END
G1 E-.07879 F2100
G1 Z1.65 F720
G1 X129.398 Y98.907 F10800
G1 Z1.25 F720
G1 E.8 F2100
;WIDTH:0.381601
G1 F4800
G1 X129.173 Y99.119 E.00674
;WIDTH:0.408882
G1 X129.142 Y99.182 E.00165
;WIDTH:0.453568
G1 X129.111 Y99.245 E.00185
;WIDTH:0.498253
G1 X129.08 Y99.308 E.00204
;WIDTH:0.542938
G1 X129.049 Y99.371 E.00224
;WIDTH:0.587623
G1 X129.017 Y99.433 E.00242
;WIDTH:0.632308
G1 X128.986 Y99.496 E.00263
G1 X129.053 Y99.475 E.00263
;WIDTH:0.587623
G1 X129.12 Y99.455 E.00242
;WIDTH:0.542938
G1 X129.187 Y99.434 E.00224
;WIDTH:0.498253
G1 X129.254 Y99.413 E.00204
;WIDTH:0.453568
G1 X129.321 Y99.392 E.00185
;WIDTH:0.408882
G1 X129.388 Y99.371 E.00165
;WIDTH:0.393363
G1 X129.821 Y99.04 E.01228
G1 X129.842 Y99 E.00102
G1 X129.55 Y98.764 E.00846
;WIPE_START
G1 F8640
G1 X129.842 Y99 E-.08669
G1 X129.821 Y99.04 E-.01043
G1 X129.388 Y99.371 E-.12585
G1 X129.321 Y99.392 E-.01621
G1 X129.254 Y99.413 E-.01621
G1 X129.187 Y99.434 E-.01621
G1 X129.12 Y99.455 E-.01621
G1 X129.053 Y99.475 E-.01615
G1 X128.986 Y99.496 E-.01621
G1 X129.017 Y99.433 E-.01621
G1 X129.049 Y99.371 E-.01611
G1 X129.08 Y99.308 E-.01621
G1 X129.111 Y99.245 E-.01621
G1 X129.142 Y99.182 E-.01621
G1 X129.173 Y99.119 E-.01621
G1 X129.398 Y98.907 E-.07138
;WIPE_END
G1 E-.31129 F2100
G1 Z1.65 F720
G1 X132.989 Y90.533 F10800
G1 Z1.25 F720
G1 E.8 F2100
;WIDTH:0.449108
G1 F4800
G1 X136.208 Y90.534 E.08369
;WIPE_START
G1 F8640
G1 X132.989 Y90.533 E-.74328
;WIPE_END
G1 E-.05672 F2100
G1 Z1.65 F720
G1 X125.441 Y90.531 F10800
G1 Z1.25 F720
G1 E.8 F2100
;WIDTH:0.449378
G1 F4800
G1 X128.59 Y90.532 E.08193
;WIPE_START
G1 F8640
G1 X125.441 Y90.531 E-.72711
;WIPE_END
G1 E-.07289 F2100
G1 Z1.65 F720
G1 X118.521 Y90.529 F10800
G1 Z1.25 F720
G1 E.8 F2100
;WIDTH:0.449626
G1 F4800
G1 X121.724 Y90.53 E.08338
;WIPE_START
G1 F8640
G1 X118.521 Y90.529 E-.73958
;WIPE_END
G1 E-.06042 F2100
G1 Z1.65 F720
G1 X111.602 Y90.527 F10800
G1 Z1.25 F720
G1 E.8 F2100
;WIDTH:0.449872
G1 F4800
G1 X114.83 Y90.528 E.08408
;WIPE_START
G1 F8640
G1 X111.602 Y90.527 E-.74535
;WIPE_END
G1 E-.05465 F2100
G1 Z1.65 F720
G1 X106.716 Y100.677 F10800
G1 Z1.25 F720
G1 E.8 F2100
;WIDTH:0.450028
G1 F4800
G1 X106.716 Y102.32 E.04281
;LAYER_CHANGE
;Z:1.4
;HEIGHT:0.15
;BEFORE_LAYER_CHANGE
G92 E0.0
;1.4


;WIPE_START
G1 F8640
G1 X106.716 Y100.677 E-.37937
;WIPE_END
G1 E-.42063 F2100
G1 Z1.4 F720
;AFTER_LAYER_CHANGE
;1.4
G1 Z1.8
G1 X125 Y119.829 F10800
G1 Z1.4 F720
G1 E.8 F2100
M204 S800
;TYPE:Perimeter
;WIDTH:0.449999
G1 F2700
G1 X107.369 Y119.829 E.45939
G1 X106.947 Y119.742 E.01123
G1 X106.642 Y119.548 E.00942
G1 X106.448 Y119.243 E.00942
G1 X106.361 Y118.821 E.01123
G1 X106.361 Y91.179 E.72023
G1 X106.448 Y90.757 E.01123
G1 X106.642 Y90.452 E.00942
G1 X106.947 Y90.258 E.00942
G1 X107.369 Y90.171 E.01123
G1 X142.631 Y90.182 E.91878
G1 X143.069 Y90.258 E.01158
G1 X143.343 Y90.448 E.00869
G1 X143.56 Y90.754 E.00977
G1 X143.639 Y91.175 E.01116
G1 X143.639 Y118.821 E.72034
G1 X143.552 Y119.243 E.01123
G1 X143.358 Y119.548 E.00942
G1 X143.053 Y119.742 E.00942
G1 X142.631 Y119.829 E.01123
G1 X125.06 Y119.829 E.45783
M204 S1000
G1 X125 Y120.247 F10800
M204 S800
G1 F2700
G1 X107.44 Y120.247 E.45754
G1 X106.95 Y120.196 E.01284
G1 X106.624 Y120.061 E.00919
G1 X106.344 Y119.846 E.0092
G1 X106.129 Y119.566 E.0092
G1 X105.994 Y119.24 E.00919
G1 X105.943 Y118.848 E.0103
G1 X105.943 Y91.25 E.71909
G1 X105.994 Y90.76 E.01284
G1 X106.129 Y90.434 E.00919
G1 X106.344 Y90.154 E.0092
G1 X106.624 Y89.939 E.0092
G1 X106.95 Y89.804 E.00919
G1 X107.341 Y89.753 E.01027
G1 X142.798 Y89.764 E.92386
G1 X143.225 Y89.866 E.01144
G1 X143.382 Y89.956 E.00472
G1 X143.638 Y90.153 E.00842
G1 X143.858 Y90.436 E.00934
G1 X143.994 Y90.761 E.00918
G1 X144.057 Y91.175 E.01091
G1 X144.057 Y118.75 E.71849
G1 X144.006 Y119.24 E.01284
G1 X143.871 Y119.566 E.00919
G1 X143.656 Y119.846 E.0092
G1 X143.376 Y120.061 E.0092
G1 X143.05 Y120.196 E.00919
G1 X142.658 Y120.247 E.0103
G1 X125.06 Y120.247 E.45853
M204 S1000
G1 X125 Y120.665 F10800
M204 S800
;TYPE:External perimeter
G1 F1500
G1 X107.44 Y120.665 E.45754
G1 X106.841 Y120.603 E.01569
G1 X106.413 Y120.426 E.01207
G1 X106.046 Y120.144 E.01206
G1 X105.764 Y119.777 E.01206
G1 X105.587 Y119.349 E.01207
G1 X105.525 Y118.876 E.01243
G1 X105.525 Y91.25 E.71982
G1 X105.587 Y90.651 E.01569
G1 X105.764 Y90.223 E.01207
G1 X106.046 Y89.856 E.01206
G1 X106.413 Y89.574 E.01206
G1 X106.841 Y89.397 E.01207
G1 X107.314 Y89.335 E.01243
G1 X142.173 Y89.346 E.90828
G1 X142.847 Y89.346 E.01756
M73 P44 R16
G1 X143.381 Y89.473 E.0143
G1 X143.779 Y89.703 E.01198
G1 X144.107 Y90.031 E.01209
G1 X144.338 Y90.431 E.01204
G1 X144.415 Y90.717 E.00772
G1 X144.475 Y91.175 E.01204
G1 X144.475 Y118.75 E.71849
G1 X144.413 Y119.349 E.01569
M73 Q44 S16
G1 X144.236 Y119.777 E.01207
G1 X143.954 Y120.144 E.01206
G1 X143.587 Y120.426 E.01206
G1 X143.159 Y120.603 E.01207
G1 X142.686 Y120.665 E.01243
G1 X125.06 Y120.665 E.45926
M204 S1000
;WIPE_START
G1 F8640
G1 X125 Y120.665 E-.01385
G1 X121.595 Y120.665 E-.78615
;WIPE_END
G1 Z1.8 F720
G1 X128.615 Y119.474 F10800
G1 Z1.4 F720
G1 E.8 F2100
;TYPE:Solid infill
G1 F4800
G1 X129.381 Y118.69 E.02856
G1 X130.069 Y118.69 E.01793
G1 X130.495 Y119.017 E.01399
G1 X131.012 Y119.118 E.01373
;WIDTH:0.413773
G1 X131.478 Y119.065 E.01116
G1 X131.296 Y119.492 E.01105
G1 X130.969 Y119.493 E.00778
;WIDTH:0.449999
G1 X130.442 Y119.474 E.01374
G1 X128.824 Y119.474 E.04216
;WIPE_START
G1 F8640
G1 X130.442 Y119.474 E-.3736
G1 X130.969 Y119.493 E-.12176
G1 X131.296 Y119.492 E-.07551
G1 X131.478 Y119.065 E-.10718
G1 X131.012 Y119.118 E-.10829
G1 X130.954 Y119.107 E-.01366
;WIPE_END
G1 Z1.8 F720
G1 X135.537 Y119.474 F10800
G1 Z1.4 F720
G1 E.8 F2100
G1 F4800
G1 X136.303 Y118.69 E.02856
G1 X137.241 Y118.69 E.02444
G1 X137.49 Y118.891 E.00834
G1 X138.008 Y119.092 E.01448
;WIDTH:0.427359
G1 X138.702 Y119.094 E.0171
;WIDTH:0.449999
G1 X139.719 Y118.69 E.02851
G1 X141.859 Y118.686 E.05576
G1 X142.183 Y118.569 E.00898
G1 X142.423 Y118.298 E.00943
G1 X142.5 Y117.984 E.00842
G1 X142.5 Y115.89 E.05456
G1 X143.284 Y115.088 E.02922
G1 X143.284 Y118.798 E.09667
G1 X143.195 Y119.176 E.01012
G1 X142.986 Y119.386 E.00772
G1 X142.608 Y119.474 E.01011
G1 X138.464 Y119.489 E.10798
;WIDTH:0.427359
G1 X138.003 Y119.486 E.01136
;WIDTH:0.449999
G1 X135.746 Y119.474 E.05881
G1 X136.468 Y119.082 E.02141
;WIDTH:0.398364
G1 X137.096 Y119.082 E.01434
;WIPE_START
G1 F8640
G1 X136.468 Y119.082 E-.14501
G1 X135.746 Y119.474 E-.1897
G1 X137.761 Y119.485 E-.46529
;WIPE_END
G1 Z1.8 F720
G1 X139.795 Y119.082 F10800
G1 Z1.4 F720
G1 E.8 F2100
;WIDTH:0.402392
G1 F4800
G1 X141.859 Y119.08 E.04765
;WIDTH:0.411528
G1 X142.172 Y119.078 E.0074
;WIDTH:0.406087
G1 X142.573 Y119.084 E.00935
;WIDTH:0.395642
G1 X142.807 Y119.03 E.00544
G1 X142.876 Y118.909 E.00316
;WIDTH:0.401511
G1 X142.891 Y118.289 E.01428
;WIDTH:0.407466
G1 X142.888 Y118.088 E.0047
G1 X142.847 Y118.285 E.00471
;WIDTH:0.401511
G1 X142.629 Y118.674 E.01027
;WIDTH:0.395642
G1 X142.485 Y118.838 E.00495
;WIDTH:0.406112
G1 X142.09 Y119.036 E.0103
;WIDTH:0.411528
G1 X141.963 Y119.076 E.00315
;WIPE_START
G1 F8640
G1 X142.09 Y119.036 E-.03074
G1 X142.485 Y118.838 E-.10202
G1 X142.629 Y118.674 E-.05039
G1 X142.847 Y118.285 E-.10296
G1 X142.888 Y118.088 E-.04646
G1 X142.891 Y118.289 E-.04642
G1 X142.876 Y118.909 E-.1432
G1 X142.807 Y119.03 E-.03216
G1 X142.573 Y119.084 E-.05545
G1 X142.172 Y119.078 E-.0926
G1 X141.859 Y119.08 E-.07227
G1 X141.749 Y119.08 E-.02533
;WIPE_END
G1 Z1.8 F720
G1 X142.888 Y118.088 F10800
G1 Z1.4 F720
G1 E.8 F2100
;WIDTH:0.407466
G1 F4800
G1 X142.892 Y117.984 E.00244
;WIDTH:0.398366
G1 X142.892 Y116.05 E.04416
;WIPE_START
G1 F8640
G1 X142.892 Y117.984 E-.44657
G1 X142.888 Y118.088 E-.02403
;WIPE_END
G1 E-.3294 F2100
G1 Z1.8 F720
G1 X141.133 Y118.272 F10800
G1 Z1.4 F720
G1 E.8 F2100
;TYPE:Internal infill
;WIDTH:0.45
G1 F4800
G1 X141.837 Y118.269 E.01834
G1 X142.044 Y118.131 E.00648
G1 X142.082 Y116.599 E.03993
G1 X141.694 Y116.716 E.01056
G1 X140.172 Y118.272 E.05671
G1 X140.495 Y118.272 E.00842
;WIPE_START
G1 F8640
G1 X140.172 Y118.272 E-.07458
G1 X141.694 Y116.716 E-.50258
G1 X142.082 Y116.599 E-.09357
G1 X142.068 Y117.159 E-.12927
;WIPE_END
G1 Z1.8 F720
G1 X139.185 Y118.66 F10800
G1 Z1.4 F720
G1 E.8 F2100
;TYPE:Bridge infill
;WIDTH:0.402557
;HEIGHT:0.4
G1 F1500
G1 X143.268 Y114.482 E.30912
G1 X143.268 Y113.834 E.03429
G1 X138.529 Y118.683 E.35877
G1 X138.064 Y118.671 E.02461
G1 X137.955 Y118.623 E.0063
G1 X143.268 Y113.187 E.40222
G1 X143.268 Y112.54 E.03424
G1 X137.553 Y118.387 E.43264
G1 X137.391 Y118.248 E.0113
G1 X137.235 Y118.065 E.01272
G1 X143.268 Y111.892 E.45674
G1 X143.268 Y111.245 E.03424
G1 X136.941 Y117.718 E.47896
G1 X136.804 Y117.557 E.01119
G1 X134.946 Y119.458 E.14066
G1 X134.608 Y119.458 E.01789
G1 X143.268 Y110.597 E.65562
G1 X143.268 Y109.95 E.03424
G1 X140.731 Y112.546 E.19207
G1 X140.654 Y112.762 E.01213
G1 X140.547 Y112.973 E.01252
G1 X140.385 Y113.206 E.01502
G1 X140.229 Y113.375 E.01217
G1 X139.972 Y113.578 E.01733
G1 X139.463 Y113.843 E.03037
G1 X133.975 Y119.458 E.41546
G1 X133.342 Y119.458 E.0335
G1 X138.687 Y113.989 E.40465
G1 X138.523 Y114.003 E.00871
G1 X138.063 Y113.981 E.02437
G1 X132.709 Y119.458 E.40528
G1 X132.077 Y119.458 E.03344
G1 X137.532 Y113.876 E.41299
G1 X137.081 Y113.691 E.02579
G1 X132.008 Y118.881 E.38403
G1 X132.149 Y118.549 E.01909
G1 X131.626 Y118.624 E.02796
G1 X136.201 Y113.943 E.34635
G1 X135.566 Y113.945 E.0336
G1 X130.943 Y118.676 E.35002
G1 X130.643 Y118.606 E.0163
G1 X130.495 Y118.486 E.01008
G1 X135.009 Y113.868 E.34171
G1 X134.772 Y113.715 E.01493
G1 X134.658 Y113.58 E.00935
G1 X130.167 Y118.175 E.33999
G1 X129.857 Y117.844 E.024
G1 X134.403 Y113.193 E.34414
G1 X134.242 Y113.069 E.01075
G1 X133.888 Y113.072 E.01873
G1 X127.647 Y119.458 E.47249
G1 X127.014 Y119.458 E.0335
G1 X132.561 Y113.782 E.41995
G1 X132.286 Y113.896 E.01575
G1 X132.099 Y113.948 E.01027
G1 X131.724 Y113.992 E.01998
G1 X126.381 Y119.458 E.40446
G1 X125.748 Y119.458 E.0335
G1 X131.115 Y113.967 E.4063
G1 X130.835 Y113.916 E.01506
G1 X130.611 Y113.836 E.01259
G1 X125.116 Y119.458 E.41599
G1 X124.882 Y119.458 E.01238
G1 X125.214 Y118.788 E.03957
G1 X125.144 Y118.782 E.00372
G1 X130.194 Y113.615 E.38231
G1 X130.063 Y113.518 E.00863
G1 X129.649 Y113.525 E.02191
G1 X124.562 Y118.73 E.38512
G1 X123.979 Y118.679 E.03097
G1 X128.579 Y113.972 E.34826
G1 X128.361 Y113.998 E.01162
G1 X128.125 Y113.998 E.01249
G1 X127.943 Y113.976 E.0097
G1 X123.466 Y118.556 E.3389
G1 X123.29 Y118.459 E.01063
G1 X123.1 Y118.283 E.0137
G1 X127.427 Y113.856 E.32757
G1 X127.172 Y113.752 E.01457
G1 X126.87 Y113.778 E.01604
G1 X122.793 Y117.95 E.30867
G1 X122.498 Y117.604 E.02406
G1 X126.074 Y113.945 E.27073
G1 X125.441 Y113.945 E.0335
G1 X120.053 Y119.458 E.4079
G1 X119.42 Y119.458 E.0335
G1 X124.808 Y113.945 E.4079
G1 X124.175 Y113.945 E.0335
G1 X118.788 Y119.458 E.40787
G1 X118.155 Y119.458 E.0335
G1 X123.543 Y113.945 E.4079
G1 X123.185 Y113.932 E.01896
M73 P45 R16
G1 X122.986 Y113.867 E.01108
G1 X117.522 Y119.458 E.41367
G1 X117.277 Y119.458 E.01296
G1 X117.552 Y118.78 E.03872
G1 X122.647 Y113.567 E.38571
M73 Q45 S16
G1 X122.386 Y113.208 E.02349
G1 X122.365 Y113.208 E.00111
G1 X117.034 Y118.662 E.40356
G1 X116.624 Y118.693 E.02176
G1 X116.436 Y118.627 E.01054
G1 X121.048 Y113.908 E.34916
G1 X120.796 Y113.945 E.01348
G1 X120.383 Y113.941 E.02185
G1 X116.033 Y118.392 E.32932
G1 X115.931 Y118.309 E.00696
G1 X115.719 Y118.065 E.0171
G1 X119.774 Y113.916 E.30699
G1 X119.579 Y113.84 E.01107
G1 X119.343 Y113.84 E.01249
G1 X119.137 Y113.92 E.01169
G1 X115.422 Y117.722 E.28128
G1 X115.34 Y117.628 E.0066
G1 X113.552 Y119.458 E.13538
G1 X113.092 Y119.458 E.02434
G1 X118.483 Y113.943 E.40809
G1 X118.302 Y113.945 E.00958
G1 X118.071 Y113.916 E.01232
G1 X117.93 Y113.861 E.00801
G1 X112.46 Y119.458 E.41412
G1 X111.827 Y119.458 E.0335
G1 X117.223 Y113.936 E.40854
G1 X116.584 Y113.944 E.03382
G1 X111.194 Y119.458 E.40802
G1 X110.561 Y119.458 E.0335
G1 X116.043 Y113.849 E.41501
G1 X115.823 Y113.71 E.01377
G1 X115.581 Y113.675 E.01294
G1 X110.54 Y118.832 E.3816
G1 X109.99 Y118.748 E.02944
G1 X114.688 Y113.941 E.35567
G1 X113.996 Y114.001 E.03675
M73 P45 R15
G1 X109.439 Y118.663 E.34497
G1 X109.204 Y118.627 E.01258
G1 X108.986 Y118.479 E.01394
G1 X113.408 Y113.955 E.33475
G1 X113.211 Y113.918 E.01061
G1 X112.905 Y113.822 E.01697
G1 X108.65 Y118.177 E.32218
G1 X108.35 Y117.836 E.02403
G1 X112.46 Y113.63 E.31118
G1 X112.303 Y113.544 E.00947
G1 X111.858 Y113.63 E.02398
G1 X111.744 Y113.77 E.00955
G1 X111.619 Y113.844 E.00769
G1 X108.056 Y117.489 E.26972
G1 X107.732 Y117.173 E.02395
G1 X110.886 Y113.945 E.23881
G1 X110.263 Y113.936 E.03297
G1 X107.358 Y116.908 E.21991
G1 X107.156 Y116.779 E.01268
G1 X106.732 Y116.907 E.02344
G1 X109.799 Y113.764 E.23237
G1 X109.623 Y113.58 E.01347
G1 X109.532 Y113.389 E.0112
G1 X106.732 Y116.254 E.21198
G1 X106.732 Y115.607 E.03424
G1 X109.477 Y112.798 E.20783
G1 X109.477 Y112.15 E.03429
G1 X108.466 Y113.185 E.07656
G1 X107.995 Y113.019 E.02643
G1 X109.68 Y111.295 E.12756
;WIPE_START
G1 F8640
G1 X107.995 Y113.019 E-.55663
G1 X108.466 Y113.185 E-.11531
G1 X108.854 Y112.788 E-.12806
;WIPE_END
G1 Z1.8 F720
G1 X140.615 Y112.017 F10800
G1 Z1.4 F720
M73 Q45 S15
G1 E.8 F2100
G1 F1500
G1 X143.226 Y109.345 E.19768
G1 X142.685 Y109.251 E.02906
G1 X140.728 Y111.253 E.14814
G1 X140.557 Y110.905 E.02052
G1 X140.551 Y110.787 E.00625
G1 X142.157 Y109.145 E.12154
G1 X141.628 Y109.038 E.02856
G1 X140.702 Y109.985 E.07009
G1 X140.714 Y109.748 E.01256
G1 X140.651 Y109.39 E.01923
G1 X143.268 Y106.712 E.19813
G1 X143.268 Y106.065 E.03424
G1 X140.474 Y108.923 E.21149
G1 X140.421 Y108.813 E.00646
G1 X140.308 Y108.657 E.01019
G1 X140.203 Y108.554 E.00778
G1 X143.268 Y105.417 E.23207
G1 X143.268 Y104.77 E.03424
G1 X139.85 Y108.267 E.25875
G1 X139.51 Y108.082 E.02048
G1 X139.423 Y108.057 E.00479
G1 X143.268 Y104.122 E.29112
G1 X143.268 Y103.475 E.03424
G1 X138.909 Y107.935 E.33
G1 X138.607 Y107.899 E.01609
G1 X138.305 Y107.906 E.01598
G1 X143.268 Y102.828 E.37572
G1 X143.268 Y102.201 E.03318
G1 X143.251 Y102.198 E.00091
G1 X137.552 Y108.029 E.43144
G1 X137.085 Y108.216 E.02662
G1 X136.771 Y108.18 E.01672
G1 X142.735 Y102.078 E.4515
G1 X142.223 Y101.955 E.02786
G1 X136.337 Y107.976 E.44555
G1 X135.713 Y107.968 E.03302
G1 X141.711 Y101.831 E.45408
G1 X141.522 Y101.785 E.01029
G1 X143.268 Y99.998 E.1322
G1 X143.268 Y99.59 E.02159
G1 X135.075 Y107.973 E.62026
G1 X134.906 Y108.016 E.00923
G1 X134.785 Y108.075 E.00712
G1 X134.622 Y108.202 E.01093
G1 X134.516 Y108.332 E.00888
G1 X134.185 Y108.838 E.03199
G1 X133.581 Y108.891 E.03208
G1 X133.563 Y108.873 E.00135
G1 X143.268 Y98.943 E.73472
G1 X143.268 Y98.295 E.03429
G1 X133.252 Y108.543 E.75826
G1 X133.03 Y108.329 E.01632
G1 X132.904 Y108.252 E.00781
G1 X143.075 Y97.846 E.76997
G1 X143.002 Y97.758 E.00605
G1 X143.268 Y97.312 E.02748
G1 X143.268 Y97 E.01651
G1 X132.482 Y108.037 E.8166
G1 X131.964 Y107.919 E.02811
G1 X143.268 Y96.353 E.85577
G1 X143.268 Y95.705 E.03429
G1 X131.335 Y107.915 E.90341
G1 X130.656 Y108.06 E.03674
G1 X130.48 Y108.142 E.01027
G1 X143.268 Y95.05 E.96841
G1 X142.78 Y94.91 E.02686
G1 X129.644 Y108.35 E.99445
G1 X129.413 Y108.18 E.01518
M73 P46 R15
M73 Q46 S15
G1 X129.248 Y108.108 E.00953
G1 X142.284 Y94.77 E.98689
G1 X141.788 Y94.63 E.02727
G1 X128.77 Y107.949 E.9855
G1 X128.184 Y107.902 E.03111
G1 X143.268 Y92.468 E1.14195
G1 X143.268 Y91.821 E.03424
G1 X127.405 Y108.051 E1.20089
G1 X127.155 Y108.143 E.0141
G1 X126.788 Y108.376 E.023
G1 X126.452 Y108.379 E.01778
G1 X142.884 Y91.566 E1.24399
G1 X142.557 Y91.647 E.01783
G1 X142.853 Y90.951 E.04002
G1 X126.047 Y108.146 E1.27228
G1 X125.579 Y107.977 E.02633
G1 X142.608 Y90.553 E1.2892
G1 X141.976 Y90.553 E.03344
G1 X125.019 Y107.903 E1.28373
G1 X124.587 Y107.905 E.02286
G1 X124.333 Y107.957 E.01372
G1 X141.343 Y90.553 E1.28774
G1 X140.711 Y90.552 E.03344
G1 X122.321 Y109.368 E1.39221
G1 X121.796 Y109.258 E.02838
G1 X140.078 Y90.552 E1.38405
G1 X139.915 Y90.552 E.00863
G1 X138.206 Y92.301 E.1294
G1 X137.977 Y92.054 E.01782
G1 X121.631 Y108.78 E1.23752
G1 X121.611 Y108.575 E.0109
G1 X121.525 Y108.371 E.01171
G1 X121.471 Y108.296 E.00489
G1 X137.669 Y91.722 E1.2263
G1 X137.597 Y91.644 E.00562
G1 X137.327 Y91.425 E.0184
G1 X121.109 Y108.019 E1.22779
G1 X120.999 Y107.981 E.00616
G1 X120.787 Y107.957 E.01129
G1 X120.536 Y107.957 E.01328
G1 X136.811 Y91.305 E1.2321
G1 X136.081 Y91.405 E.03899
G1 X119.904 Y107.957 E1.22469
G1 X119.607 Y107.957 E.01572
G1 X119.399 Y107.98 E.01107
G1 X119.261 Y108.024 E.00766
G1 X119.128 Y108.103 E.00819
G1 X136.109 Y90.729 E1.28553
G1 X136.183 Y90.551 E.0102
G1 X135.65 Y90.551 E.0282
G1 X118.325 Y108.277 E1.31157
G1 X118.058 Y108.072 E.01781
M73 P47 R15
M73 Q47 S15
G1 X117.943 Y108.02 E.00668
G1 X135.017 Y90.551 E1.29256
G1 X134.385 Y90.55 E.03344
G1 X117.367 Y107.962 E1.28834
G1 X116.738 Y107.958 E.03328
G1 X133.752 Y90.55 E1.28804
G1 X133.119 Y90.55 E.0335
G1 X115.972 Y108.095 E1.29814
G1 X115.801 Y108.2 E.01062
G1 X115.511 Y108.227 E.01541
G1 X115.292 Y108.143 E.01241
G1 X130.899 Y92.174 E1.18154
G1 X130.605 Y91.828 E.02403
G1 X114.812 Y107.987 E1.19561
G1 X114.587 Y107.939 E.01217
G1 X114.252 Y107.912 E.01778
G1 X130.271 Y91.522 E1.21271
G1 X129.88 Y91.332 E.023
G1 X129.826 Y91.33 E.00286
G1 X113.603 Y107.928 E1.22813
G1 X113.214 Y107.969 E.0207
G1 X112.812 Y108.09 E.02221
G1 X129.215 Y91.307 E1.24179
G1 X128.605 Y91.284 E.0323
G1 X111.99 Y108.284 E1.25784
G1 X111.846 Y108.257 E.00775
G1 X111.735 Y108.126 E.00909
G1 X111.596 Y108.039 E.00868
G1 X128.405 Y90.842 E1.27247
G1 X128.562 Y90.549 E.01759
G1 X128.058 Y90.548 E.02667
G1 X110.846 Y108.159 E1.30304
;WIPE_START
G1 F8640
G1 X113.268 Y105.681 E-.8
;WIPE_END
G1 Z1.8 F720
G1 X109.68 Y109.353 F10800
G1 Z1.4 F720
G1 E.8 F2100
G1 F1500
G1 X108.85 Y110.202 E.06283
G1 X108.227 Y110.519 E.03699
G1 X108.079 Y110.344 E.01213
G1 X109.477 Y108.913 E.10586
G1 X109.528 Y108.517 E.02113
G1 X109.649 Y108.288 E.01371
G1 X109.814 Y108.123 E.01235
G1 X109.992 Y108.022 E.01083
G1 X110.16 Y107.972 E.00928
G1 X110.412 Y107.957 E.01336
G1 X127.426 Y90.548 E1.28807
G1 X126.793 Y90.548 E.0335
G1 X107.761 Y110.021 E1.44082
G1 X107.393 Y109.75 E.02418
G1 X126.161 Y90.548 E1.4208
G1 X125.528 Y90.548 E.0335
G1 X106.965 Y109.541 E1.40531
G1 X106.732 Y109.457 E.01311
M73 P48 R15
G1 X106.732 Y109.132 E.0172
G1 X123.535 Y91.94 E1.27206
G1 X123.215 Y91.619 E.02398
M73 Q48 S15
G1 X106.732 Y108.484 E1.24785
G1 X106.732 Y108.409 E.00397
G1 X109.298 Y105.784 E.19424
G1 X108.736 Y105.786 E.02974
G1 X122.828 Y91.368 E1.06682
G1 X122.42 Y91.302 E.02187
G1 X122.223 Y91.339 E.01061
G1 X108.1 Y105.789 E1.06917
G1 X107.465 Y105.792 E.0336
G1 X121.446 Y91.487 E1.05843
G1 X121.263 Y91.522 E.00986
G1 X121.67 Y90.61 E.05285
G1 X106.83 Y105.794 E1.12347
G1 X106.77 Y105.795 E.00318
G1 X108.663 Y103.858 E.14331
G1 X108.396 Y103.544 E.02181
G1 X121.1 Y90.546 E.96174
G1 X120.467 Y90.546 E.0335
G1 X108.102 Y103.198 E.93611
G1 X107.793 Y102.867 E.02396
G1 X119.834 Y90.546 E.9116
G1 X119.202 Y90.546 E.03344
G1 X107.429 Y102.592 E.89128
G1 X107.357 Y102.54 E.0047
G1 X107.003 Y102.379 E.02058
G1 X118.569 Y90.545 E.8756
G1 X118.528 Y90.545 E.00217
G1 X116.734 Y92.381 E.13583
G1 X116.457 Y92.059 E.02248
G1 X106.732 Y102.01 E.73626
G1 X106.732 Y101.362 E.03429
G1 X116.161 Y91.715 E.7138
G1 X115.839 Y91.449 E.0221
G1 X115.801 Y91.436 E.00213
G1 X106.732 Y100.715 E.68656
G1 X106.732 Y100.684 E.00164
G1 X108.691 Y98.679 E.14833
G1 X108.119 Y98.648 E.03031
G1 X115.28 Y91.321 E.54213
G1 X114.606 Y91.363 E.03573
G1 X107.517 Y98.616 E.53666
G1 X106.916 Y98.584 E.03185
M73 P48 R14
G1 X114.774 Y90.544 E.59489
G1 X114.141 Y90.544 E.0335
G1 X108.419 Y96.399 E.4332
G1 X108.124 Y96.053 E.02406
G1 X113.508 Y90.544 E.40761
G1 X112.876 Y90.544 E.03344
G1 X107.826 Y95.711 E.38231
G1 X107.457 Y95.44 E.02423
G1 X112.243 Y90.543 E.36233
G1 X111.611 Y90.543 E.03344
G1 X106.887 Y95.376 E.35761
;WIPE_START
G1 F8640
G1 X109.309 Y92.898 E-.8
;WIPE_END
G1 Z1.8 F720
G1 X107.962 Y93.653 F10800
G1 Z1.4 F720
G1 E.8 F2100
;TYPE:Internal infill
;WIDTH:0.45
;HEIGHT:0.15
G1 F4800
G1 X107.918 Y93.699 E.00166
G1 X107.918 Y92.02 E.04375
G1 X108.001 Y91.811 E.00586
G1 X108.163 Y91.731 E.00471
G1 X108.504 Y91.728 E.00889
G1 X109.198 Y92.389 E.02497
G1 X109.845 Y91.728 E.0241
G1 X108.713 Y91.728 E.0295
;WIPE_START
G1 F8640
G1 X109.845 Y91.728 E-.26138
G1 X109.198 Y92.389 E-.21357
G1 X108.504 Y91.728 E-.2213
G1 X108.163 Y91.731 E-.07874
G1 X108.066 Y91.779 E-.02501
;WIPE_END
G1 Z1.8 F720
G1 X106.716 Y105.23 F10800
M73 Q48 S14
G1 Z1.4 F720
G1 E.8 F2100
;TYPE:Solid infill
;WIDTH:0.449999
G1 F4800
G1 X106.716 Y102.739 E.0649
G1 X107.16 Y102.936 E.01266
G1 X107.5 Y103.207 E.01133
G1 X107.5 Y104.428 E.03181
G1 X106.862 Y105.08 E.02377
G1 X107.108 Y104.268 F10800
;WIDTH:0.398362
G1 F4800
G1 X107.108 Y103.396 E.01991
;WIPE_START
G1 F8640
G1 X107.108 Y104.268 E-.20135
;WIPE_END
G1 E-.59865 F2100
G1 Z1.8 F720
G1 X106.862 Y107.656 F10800
G1 Z1.4 F720
G1 E.8 F2100
;WIDTH:0.449999
G1 F4800
G1 X107.5 Y107.003 E.02379
G1 X107.5 Y106.226 E.02025
G1 X106.716 Y106.229 E.02043
G1 X106.716 Y107.805 E.04106
;WIPE_START
G1 F8640
G1 X106.716 Y106.229 E-.3639
G1 X107.5 Y106.226 E-.18103
G1 X107.5 Y107.003 E-.17941
G1 X107.271 Y107.237 E-.07566
;WIPE_END
G1 Z1.8 F720
G1 X106.716 Y109.907 F10800
G1 Z1.4 F720
G1 E.8 F2100
G1 F4800
G1 X107.082 Y110.063 E.01037
G1 X107.5 Y110.373 E.01356
G1 X107.5 Y112.797 E.06316
;WIDTH:0.491463
G1 X107.379 Y112.942 E.00541
;WIDTH:0.532926
G1 X107.258 Y113.087 E.0059
;WIDTH:0.552284
G1 X107.283 Y113.217 E.00429
G1 X107.424 Y113.329 E.00584
;WIDTH:0.543557
G1 X107.462 Y113.534 E.00665
;WIDTH:0.496778
G1 X107.5 Y113.74 E.00607
;WIDTH:0.449999
G1 X107.5 Y114.085 E.00899
G1 X106.716 Y114.887 E.02922
G1 X106.716 Y113.925 E.02507
;WIDTH:0.484094
G1 X106.738 Y113.732 E.00547
;WIDTH:0.518189
G1 X106.76 Y113.539 E.00589
;WIDTH:0.552284
G1 X106.782 Y113.346 E.0063
G1 X106.76 Y113.124 E.00724
;WIDTH:0.518189
G1 X106.738 Y112.902 E.00676
;WIDTH:0.484094
G1 X106.716 Y112.679 E.00632
;WIDTH:0.449999
G1 X106.716 Y110.116 E.06678
G1 X107.108 Y110.556 E.01535
M73 P49 R14
;WIDTH:0.398362
G1 X107.108 Y112.638 E.04754
;WIPE_START
G1 F8640
G1 X107.108 Y110.556 E-.48074
G1 X106.716 Y110.116 E-.13607
G1 X106.716 Y110.909 E-.18319
;WIPE_END
G1 Z1.8 F720
G1 X106.716 Y117.365 F10800
G1 Z1.4 F720
G1 E.8 F2100
;WIDTH:0.449999
G1 F4800
G1 X107.09 Y117.252 E.01018
G1 X107.501 Y117.551 E.01324
G1 X107.505 Y118.062 E.01331
M73 Q49 S14
G1 X107.622 Y118.376 E.00873
G1 X107.892 Y118.613 E.00936
G1 X108.168 Y118.687 E.00745
G1 X108.568 Y118.69 E.01042
G1 X108.672 Y118.768 E.00339
;WIDTH:0.455138
G1 X109.088 Y119.051 E.01327
G1 X109.577 Y119.112 E.013
;WIDTH:0.426777
G1 X110.067 Y119.173 E.01215
;WIDTH:0.398416
G1 X109.918 Y119.5 E.00821
G1 X109.8 Y119.5 E.00269
;WIDTH:0.426777
G1 X109.428 Y119.486 E.00916
;WIDTH:0.455138
G1 X108.437 Y119.474 E.02614
;WIDTH:0.449999
G1 X107.296 Y119.458 E.02973
G1 X107.014 Y119.386 E.00758
G1 X106.805 Y119.176 E.00772
G1 X106.716 Y118.798 E.01012
G1 X106.716 Y117.574 E.03189
G1 X107.109 Y117.732 E.01104
;WIDTH:0.413066
G1 X107.115 Y118.165 E.01029
G1 X107.158 Y118.298 E.00332
;WIDTH:0.406521
G1 X107.352 Y118.675 E.0099
;WIDTH:0.394875
G1 X107.555 Y118.847 E.00602
;WIDTH:0.402157
G1 X107.905 Y119.038 E.0092
;WIDTH:0.408956
G1 X108.094 Y119.077 E.00453
G1 X107.606 Y119.084 E.01147
;WIDTH:0.394875
G1 X107.211 Y119.045 E.00898
G1 X107.125 Y118.914 E.00354
G1 X107.106 Y118.763 E.00344
;WIDTH:0.406715
G1 X107.112 Y118.374 E.00909
;WIPE_START
G1 F8640
G1 X107.106 Y118.763 E-.08983
G1 X107.125 Y118.914 E-.03514
G1 X107.211 Y119.045 E-.03618
G1 X107.606 Y119.084 E-.09165
G1 X108.094 Y119.077 E-.11269
G1 X107.905 Y119.038 E-.04456
G1 X107.555 Y118.847 E-.09207
G1 X107.352 Y118.675 E-.06144
G1 X107.158 Y118.298 E-.0979
G1 X107.115 Y118.165 E-.03228
G1 X107.109 Y117.732 E-.09999
G1 X107.084 Y117.722 E-.00627
;WIPE_END
G1 Z1.8 F720
G1 X106.764 Y99.961 F10800
G1 Z1.4 F720
G1 E.8 F2100
;WIDTH:0.546495
G1 F4800
G1 X106.764 Y99.059 E.02893
G1 X107.451 Y99.095 E.02206
G1 X107.451 Y99.258 E.00523
G1 X106.91 Y99.812 E.02484
;WIPE_START
G1 F8640
G1 X107.451 Y99.258 E-.1788
G1 X107.451 Y99.095 E-.03764
G1 X106.764 Y99.059 E-.15885
G1 X106.764 Y99.961 E-.20827
;WIPE_END
G1 E-.21644 F2100
G1 Z1.8 F720
G1 X106.643 Y95.588 F10800
G1 Z1.4 F720
G1 E.8 F2100
;WIDTH:0.449999
G1 F4800
G1 X106.716 Y96.041 E.01196
G1 X106.716 Y98.148 E.0549
G1 X107.5 Y97.346 E.02922
G1 X107.5 Y96.022 E.0345
G1 X107.055 Y95.702 E.01428
;WIDTH:0.419379
G1 X106.611 Y95.382 E.01322
;WIDTH:0.449999
G1 X106.716 Y94.929 E.01212
G1 X106.716 Y91.711 E.08385
G1 X106.747 Y90.962 E.01953
G1 X106.895 Y90.705 E.00773
G1 X107.079 Y90.587 E.0057
G1 X107.447 Y90.526 E.00972
G1 X111.018 Y90.527 E.09304
G1 X110.253 Y91.31 E.02852
G1 X108.141 Y91.314 E.05503
G1 X107.817 Y91.431 E.00898
G1 X107.577 Y91.702 E.00943
G1 X107.5 Y92.016 E.00842
G1 X107.5 Y94.127 E.055
G1 X106.862 Y94.779 E.02377
G1 X107.108 Y93.967 F10800
;WIDTH:0.398362
G1 F4800
G1 X107.108 Y92.016 E.04455
;WIDTH:0.408936
G1 X107.11 Y91.711 E.00717
;WIDTH:0.402214
G1 X107.125 Y91.086 E.01443
;WIDTH:0.395014
G1 X107.211 Y90.955 E.00355
G1 X107.637 Y90.916 E.00968
;WIDTH:0.402158
G1 X108.141 Y90.92 E.01163
G1 X107.912 Y90.968 E.0054
;WIDTH:0.397873
G1 X107.547 Y91.138 E.00918
;WIDTH:0.395014
G1 X107.371 Y91.326 E.00583
;WIDTH:0.401947
G1 X107.16 Y91.701 E.00992
;WIPE_START
G1 F8640
G1 X107.371 Y91.326 E-.09935
G1 X107.547 Y91.138 E-.05946
G1 X107.912 Y90.968 E-.09297
G1 X108.141 Y90.92 E-.05403
G1 X107.637 Y90.916 E-.11638
G1 X107.211 Y90.955 E-.09878
G1 X107.125 Y91.086 E-.03618
G1 X107.11 Y91.711 E-.14436
G1 X107.108 Y92.016 E-.07043
G1 X107.108 Y92.138 E-.02806
;WIPE_END
G1 Z1.8 F720
G1 X108.141 Y90.92 F10800
G1 Z1.4 F720
G1 E.8 F2100
;WIDTH:0.402158
G1 F4800
G1 X110.088 Y90.918 E.04492
;WIPE_START
G1 F8640
G1 X108.141 Y90.92 E-.44957
;WIPE_END
G1 E-.35043 F2100
G1 Z1.8 F720
G1 X115.107 Y90.914 F10800
G1 Z1.4 F720
G1 E.8 F2100
;WIDTH:0.416168
G1 F4800
G1 X115.269 Y90.511 E.0104
;WIDTH:0.416661
G1 X115.553 Y90.512 E.00681
;WIDTH:0.449999
G1 X116.114 Y90.529 E.01462
G1 X117.937 Y90.529 E.0475
G1 X117.174 Y91.31 E.02845
G1 X116.357 Y91.31 E.02129
G1 X116.083 Y91.088 E.00919
G1 X115.553 Y90.899 E.01466
;WIDTH:0.422296
G1 X115.316 Y90.907 E.00577
;WIPE_START
G1 F8640
G1 X115.553 Y90.899 E-.05476
G1 X116.083 Y91.088 E-.12993
G1 X116.357 Y91.31 E-.08143
G1 X117.174 Y91.31 E-.18865
G1 X117.937 Y90.529 E-.25211
G1 X117.534 Y90.529 E-.09312
;WIPE_END
G1 Z1.8 F720
G1 X116.495 Y90.919 F10800
G1 Z1.4 F720
G1 E.8 F2100
;WIDTH:0.395446
G1 F4800
G1 X117.01 Y90.919 E.01167
;WIPE_START
G1 F8640
G1 X116.495 Y90.919 E-.11891
;WIPE_END
G1 E-.68109 F2100
G1 Z1.8 F720
G1 X121.969 Y90.963 F10800
G1 Z1.4 F720
G1 E.8 F2100
;WIDTH:0.416202
G1 F4800
G1 X122.17 Y90.514 E.01178
G1 X122.477 Y90.511 E.00735
;WIDTH:0.454459
G1 X123.028 Y90.533 E.01452
G1 X123.633 Y90.531 E.01593
;WIDTH:0.449999
G1 X124.857 Y90.531 E.03189
G1 X124.096 Y91.31 E.02838
G1 X123.502 Y91.31 E.01548
;WIDTH:0.454459
G1 X122.994 Y90.953 E.01635
G1 X122.447 Y90.887 E.01451
;WIDTH:0.413679
G1 X122.175 Y90.93 E.00655
;WIPE_START
G1 F8640
G1 X122.447 Y90.887 E-.06359
G1 X122.994 Y90.953 E-.12722
G1 X123.502 Y91.31 E-.14337
G1 X124.096 Y91.31 E-.13716
G1 X124.857 Y90.531 E-.25146
G1 X124.523 Y90.531 E-.0772
;WIPE_END
G1 Z1.8 F720
G1 X107.108 Y96.215 F10800
G1 Z1.4 F720
G1 E.8 F2100
;WIDTH:0.39836
G1 F4800
G1 X107.108 Y97.186 E.02217
;WIPE_START
G1 F8640
G1 X107.108 Y96.215 E-.22421
;WIPE_END
G1 E-.57579 F2100
G1 Z1.8 F720
G1 X109.207 Y111.041 F10800
G1 Z1.4 F720
G1 E.8 F2100
;WIDTH:0.463348
G1 F4800
G1 X109.207 Y110.515 E.01414
;WIPE_START
G1 F8640
G1 X109.207 Y111.041 E-.12145
;WIPE_END
G1 E-.67855 F2100
G1 Z1.8 F720
G1 X109.911 Y112.975 F10800
G1 Z1.4 F720
G1 E.8 F2100
;WIDTH:0.449999
G1 F4800
G1 X110.448 Y113.512 E.01979
G1 X111.039 Y113.512 E.0154
G1 X109.911 Y112.384 E.04156
G1 X109.911 Y111.793 E.0154
G1 X111.5 Y113.382 E.05855
G1 X111.89 Y113.182 E.01142
G1 X109.911 Y111.202 E.07294
G1 X109.911 Y110.611 E.0154
G1 X112.403 Y113.103 E.09183
G1 X112.545 Y113.194 E.00439
;WIDTH:0.411095
G1 X112.687 Y113.284 E.00397
;WIDTH:0.37219
G1 X112.668 Y113.355 E.00156
G1 X112.739 Y113.336 E.00156
G1 X112.728 Y113.295 E.0009
;WIDTH:0.449999
G1 X113.403 Y113.512 E.01847
G1 X109.911 Y110.021 E.12866
G1 X109.911 Y109.43 E.0154
G1 X114.048 Y113.567 E.15244
G1 X114.587 Y113.515 E.01411
G1 X109.914 Y108.841 E.17221
G1 X110.114 Y108.451 E.01142
G1 X115.038 Y113.375 E.18144
G1 X115.8 Y113.335 E.01988
;WIDTH:0.37219
G1 X115.811 Y113.376 E.0009
G1 X115.74 Y113.395 E.00156
G1 X115.759 Y113.324 E.00156
;WIDTH:0.411095
G1 X115.617 Y113.272 E.00357
;WIDTH:0.449999
G1 X115.475 Y113.221 E.00393
G1 X110.645 Y108.391 E.17798
G1 X111.24 Y108.395 E.0155
G1 X116.343 Y113.498 E.18804
G1 X116.941 Y113.506 E.01558
G1 X112.201 Y108.765 E.17468
G1 X112.657 Y108.63 E.01239
G1 X117.468 Y113.442 E.1773
G1 X118.065 Y113.447 E.01556
G1 X113.08 Y108.463 E.18367
G1 X113.576 Y108.368 E.01316
G1 X118.714 Y113.506 E.18933
G1 X119.221 Y113.422 E.01339
G1 X114.137 Y108.338 E.18734
G1 X114.822 Y108.432 E.01802
G1 X119.883 Y113.493 E.18649
G1 X120.489 Y113.508 E.01579
G1 X115.632 Y108.651 E.17897
G1 X115.499 Y108.566 E.00411
;WIDTH:0.411095
G1 X115.367 Y108.481 E.00371
;WIDTH:0.37219
G1 X115.378 Y108.522 E.0009
G1 X115.307 Y108.541 E.00156
G1 X115.326 Y108.47 E.00156
;WIDTH:0.449999
G1 X116.098 Y108.526 E.02017
G1 X121.02 Y113.448 E.18137
G1 X121.279 Y113.117 E.01095
G1 X116.554 Y108.391 E.17413
G1 X117.148 Y108.395 E.01548
G1 X121.528 Y112.775 E.1614
G1 X122.414 Y112.897 F10800
;WIDTH:0.37219
G1 F4800
G1 X122.501 Y112.933 E.002
;WIDTH:0.411095
G1 X122.31 Y112.854 E.00488
;WIDTH:0.449999
G1 X122.119 Y112.774 E.0054
G1 X117.758 Y108.413 E.1607
G1 X118.398 Y108.609 E.01744
;WIDTH:0.37219
G1 X118.379 Y108.68 E.00156
G1 X118.45 Y108.661 E.00156
G1 X118.439 Y108.62 E.0009
;WIDTH:0.411095
G1 X118.572 Y108.694 E.0036
;WIDTH:0.449999
G1 X118.705 Y108.769 E.00398
G1 X123.447 Y113.512 E.17475
G1 X124.038 Y113.512 E.0154
G1 X119.155 Y108.629 E.17993
G1 X119.52 Y108.403 E.01119
G1 X124.629 Y113.512 E.18826
G1 X124.791 Y113.558 E.00439
;WIDTH:0.411095
G1 X124.954 Y113.604 E.004
;WIDTH:0.37219
G1 X124.965 Y113.645 E.0009
G1 X124.894 Y113.664 E.00156
G1 X124.913 Y113.593 E.00156
;WIPE_START
G1 F8640
G1 X124.894 Y113.664 E-.01697
G1 X124.965 Y113.645 E-.01697
G1 X124.954 Y113.604 E-.0098
G1 X124.791 Y113.558 E-.03911
G1 X124.629 Y113.512 E-.03889
G1 X122.552 Y111.435 E-.67826
;WIPE_END
G1 Z1.8 F720
G1 X121.213 Y109.505 F10800
G1 Z1.4 F720
G1 E.8 F2100
;WIDTH:0.449999
G1 F4800
G1 X120.099 Y108.391 E.04105
;WIPE_START
G1 F8640
G1 X121.213 Y109.505 E-.36377
;WIPE_END
G1 E-.43623 F2100
G1 Z1.8 F720
G1 X121.174 Y108.441 F10800
G1 Z1.4 F720
G1 E.8 F2100
;WIDTH:0.37219
G1 F4800
G1 X121.029 Y108.319 E.00402
;WIDTH:0.411095
G1 X120.859 Y108.355 E.00411
;WIDTH:0.449999
G1 X120.689 Y108.391 E.00453
G1 X121.199 Y108.901 E.01879
G1 X121.308 Y109.6 E.01843
G1 X125.219 Y113.512 E.14413
G1 X125.81 Y113.512 E.0154
G1 X122.054 Y109.755 E.13842
G1 X122.8 Y109.911 E.01986
G1 X126.392 Y113.502 E.13234
G1 X126.815 Y113.334 E.01186
G1 X123.034 Y109.554 E.13931
G1 X123.222 Y109.15 E.01161
G1 X127.481 Y113.409 E.15694
G1 X128.227 Y113.565 E.01986
G1 X123.483 Y108.821 E.17481
G1 X123.832 Y108.579 E.01107
G1 X128.759 Y113.506 E.18155
G1 X129.177 Y113.333 E.01179
G1 X124.259 Y108.415 E.18122
G1 X124.773 Y108.338 E.01354
G1 X129.528 Y113.093 E.17521
G1 X130.109 Y113.084 E.01514
G1 X125.417 Y108.391 E.17291
G1 X126.123 Y108.58 E.01904
;WIDTH:0.37219
G1 X126.104 Y108.651 E.00156
G1 X126.175 Y108.632 E.00156
G1 X126.164 Y108.591 E.0009
;WIDTH:0.411095
G1 X126.297 Y108.702 E.00409
;WIDTH:0.449999
G1 X126.43 Y108.813 E.00451
G1 X131.151 Y113.534 E.17396
G1 X131.759 Y113.551 E.01585
G1 X126.977 Y108.77 E.17619
G1 X127.339 Y108.541 E.01116
G1 X132.243 Y113.444 E.18069
G1 X132.636 Y113.247 E.01145
G1 X127.771 Y108.382 E.17927
G1 X128.325 Y108.345 E.01447
G1 X132.952 Y112.972 E.1705
;WIPE_START
G1 F8640
G1 X130.502 Y110.522 E-.8
;WIPE_END
G1 Z1.8 F720
G1 X128.91 Y108.292 F10800
G1 Z1.4 F720
G1 E.8 F2100
;WIDTH:0.37219
G1 F4800
G1 X128.441 Y108.202 E.01013
;WIDTH:0.449999
G1 X129.078 Y108.507 E.0184
G1 X133.299 Y112.728 E.15554
G1 X133.801 Y112.639 E.01328
G1 X129.991 Y108.829 E.14039
G1 X129.858 Y108.752 E.004
;WIDTH:0.411095
G1 X129.726 Y108.674 E.00362
;WIDTH:0.37219
G1 X129.737 Y108.715 E.0009
G1 X129.666 Y108.734 E.00156
G1 X129.685 Y108.663 E.00156
;WIDTH:0.449999
G1 X130.437 Y108.685 E.0196
G1 X134.387 Y112.634 E.14553
G1 X134.534 Y112.763 E.0051
;WIDTH:0.423926
G1 X134.682 Y112.893 E.00481
;WIDTH:0.397852
G1 X134.882 Y113.068 E.00606
;WIDTH:0.416236
G1 X134.945 Y113.164 E.00275
;WIDTH:0.460282
G1 X135.008 Y113.26 E.00307
;WIDTH:0.504328
G1 X135.071 Y113.356 E.00338
;WIDTH:0.449999
G1 X135.855 Y113.512 E.02083
G1 X130.813 Y108.469 E.18581
G1 X131.292 Y108.358 E.01281
G1 X136.387 Y113.452 E.18772
G1 X136.808 Y113.283 E.01182
G1 X131.871 Y108.345 E.18194
G1 X132.772 Y108.67 F10800
;WIDTH:0.43024
G1 F4800
G1 X133.159 Y109.062 E.01367
;WIDTH:0.449999
G1 X133.454 Y109.338 E.01053
G1 X137.531 Y113.415 E.15023
G1 X137.542 Y113.505 E.00236
;WIDTH:0.411095
G1 X137.552 Y113.595 E.00214
;WIDTH:0.37219
G1 X138.103 Y113.697 E.01188
;WIDTH:0.449999
G1 X138.263 Y113.556 E.00556
G1 X133.997 Y109.29 E.1572
G1 X134.479 Y109.181 E.01288
G1 X138.839 Y113.542 E.16068
G1 X139.321 Y113.432 E.01288
G1 X134.713 Y108.824 E.1698
G1 X134.961 Y108.481 E.01103
G1 X139.707 Y113.228 E.1749
G1 X140.026 Y112.955 E.01094
G1 X135.472 Y108.402 E.16779
G1 X136.063 Y108.402 E.0154
G1 X140.253 Y112.592 E.15439
G1 X140.379 Y112.126 E.01258
M73 P50 R14
G1 X136.889 Y108.637 E.12858
G1 X136.757 Y108.54 E.00427
;WIDTH:0.411095
G1 X136.624 Y108.442 E.0039
;WIDTH:0.37219
G1 X136.635 Y108.484 E.00092
G1 X136.564 Y108.503 E.00156
G1 X136.583 Y108.431 E.00158
;WIDTH:0.449999
G1 X137.4 Y108.557 E.02154
G1 X140.337 Y111.493 E.10821
G1 X140.273 Y110.941 E.01448
;WIDTH:0.37219
G1 X140.284 Y110.982 E.0009
G1 X140.213 Y111.001 E.00156
G1 X140.232 Y110.93 E.00156
;WIDTH:0.411095
G1 X140.172 Y110.804 E.0033
;WIDTH:0.449999
G1 X140.112 Y110.678 E.00364
G1 X137.833 Y108.399 E.08398
G1 X138.364 Y108.339 E.01392
G1 X140.243 Y110.218 E.06924
;WIPE_START
G1 F8640
G1 X138.364 Y108.339 E-.61358
G1 X137.833 Y108.399 E-.12339
M73 Q50 S14
G1 X138.026 Y108.592 E-.06303
;WIPE_END
G1 Z1.8 F720
G1 X139.063 Y108.492 F10800
G1 Z1.4 F720
G1 E.8 F2100
;WIDTH:0.387489
G1 F4800
G1 X139.977 Y109.411 E.02872
;WIDTH:0.379087
G1 X140.307 Y109.741 E.0101
G1 X140.194 Y109.257 E.01075
G1 X140.065 Y109.009 E.00605
;WIDTH:0.387489
G1 X139.818 Y108.744 E.00803
G1 X139.369 Y108.464 E.01172
G1 X138.916 Y108.344 E.01038
;WIPE_START
G1 F8640
G1 X139.369 Y108.464 E-.10821
G1 X139.818 Y108.744 E-.12218
G1 X140.065 Y109.009 E-.08365
G1 X140.194 Y109.257 E-.06455
G1 X140.307 Y109.741 E-.11476
G1 X139.977 Y109.411 E-.10776
G1 X139.37 Y108.8 E-.19889
;WIPE_END
G1 Z1.8 F720
G1 X142.565 Y108.718 F10800
G1 Z1.4 F720
G1 E.8 F2100
;WIDTH:0.57978
G1 F4800
G1 X142.565 Y108.513 E.007
G1 X143.219 Y107.844 E.03195
G1 X143.196 Y108.845 E.03419
G1 X142.77 Y108.759 E.01484
;WIPE_START
G1 F8640
G1 X143.196 Y108.845 E-.10035
G1 X143.219 Y107.844 E-.23119
G1 X142.565 Y108.513 E-.21602
G1 X142.565 Y108.718 E-.04734
;WIPE_END
G1 E-.2051 F2100
G1 Z1.8 F720
G1 X142.551 Y101.532 F10800
G1 Z1.4 F720
G1 E.8 F2100
;WIDTH:0.550643
G1 F4800
G1 X142.551 Y101.425 E.00346
G1 X143.234 Y100.726 E.0316
G1 X143.234 Y101.686 E.03104
G1 X142.754 Y101.578 E.01591
;WIPE_START
G1 F8640
G1 X143.234 Y101.686 E-.1136
G1 X143.234 Y100.726 E-.22167
G1 X142.551 Y101.425 E-.22566
G1 X142.551 Y101.532 E-.02471
;WIPE_END
G1 E-.21436 F2100
G1 Z1.8 F720
G1 X142.539 Y94.338 F10800
G1 Z1.4 F720
G1 E.8 F2100
;WIDTH:0.527532
G1 F4800
G1 X143.245 Y93.616 E.03119
G1 X143.245 Y94.551 E.02888
G1 X142.739 Y94.399 E.01632
;WIPE_START
G1 F8640
G1 X143.245 Y94.551 E-.12199
G1 X143.245 Y93.616 E-.21589
G1 X142.539 Y94.338 E-.23317
;WIPE_END
G1 E-.22895 F2100
G1 Z1.8 F720
G1 X136.471 Y90.934 F10800
G1 Z1.4 F720
G1 E.8 F2100
;WIDTH:0.409079
G1 F4800
G1 X136.646 Y90.515 E.01067
G1 X136.988 Y90.514 E.00804
;WIDTH:0.449999
G1 X137.509 Y90.535 E.01359
G1 X139.325 Y90.536 E.04732
G1 X138.568 Y91.31 E.02821
G1 X137.864 Y91.31 E.01834
G1 X137.451 Y90.992 E.01358
G1 X136.942 Y90.884 E.01356
;WIDTH:0.408739
G1 X136.679 Y90.912 E.00621
;WIPE_START
G1 F8640
G1 X136.942 Y90.884 E-.06107
G1 X137.451 Y90.992 E-.12015
G1 X137.864 Y91.31 E-.12036
G1 X138.568 Y91.31 E-.16256
G1 X139.325 Y90.536 E-.24999
G1 X138.953 Y90.536 E-.08587
;WIPE_END
G1 Z1.8 F720
G1 X128.854 Y90.879 F10800
G1 Z1.4 F720
G1 E.8 F2100
;WIDTH:0.410179
G1 F4800
G1 X129.051 Y90.513 E.0098
G1 X129.164 Y90.513 E.00266
;WIDTH:0.424777
G1 X129.948 Y90.52 E.0192
;WIDTH:0.449999
G1 X132.405 Y90.534 E.06402
G1 X131.647 Y91.31 E.02826
G1 X130.689 Y91.31 E.02496
G1 X130.455 Y91.118 E.00789
G1 X129.94 Y90.913 E.01444
;WIDTH:0.424777
G1 X129.063 Y90.886 E.02148
;WIPE_START
G1 F8640
G1 X129.94 Y90.913 E-.2026
G1 X130.455 Y91.118 E-.12799
G1 X130.689 Y91.31 E-.06989
G1 X131.647 Y91.31 E-.2212
G1 X132.187 Y90.757 E-.17832
;WIPE_END
G1 Z1.8 F720
G1 X130.834 Y90.921 F10800
G1 Z1.4 F720
G1 E.8 F2100
;WIDTH:0.390886
G1 F4800
G1 X131.483 Y90.922 E.01452
;WIPE_START
G1 F8640
G1 X130.834 Y90.921 E-.14986
;WIPE_END
G1 E-.65014 F2100
G1 Z1.8 F720
G1 X114.143 Y119.474 F10800
G1 Z1.4 F720
G1 E.8 F2100
;WIDTH:0.449999
G1 F4800
G1 X114.909 Y118.69 E.02856
G1 X115.712 Y118.69 E.02092
G1 X115.994 Y118.919 E.00947
G1 X116.529 Y119.106 E.01477
;WIDTH:0.424553
G1 X116.979 Y119.085 E.01102
;WIDTH:0.416329
G1 X116.814 Y119.491 E.0105
G1 X116.594 Y119.493 E.00527
;WIDTH:0.449999
G1 X115.968 Y119.474 E.01632
G1 X114.352 Y119.474 E.04211
G1 X115.074 Y119.082 E.02141
;WIDTH:0.398364
G1 X115.573 Y119.082 E.01139
;WIPE_START
G1 F8640
G1 X115.074 Y119.082 E-.11522
G1 X114.352 Y119.474 E-.1897
G1 X115.968 Y119.474 E-.37314
G1 X116.496 Y119.49 E-.12194
;WIPE_END
G1 Z1.8 F720
G1 X121.064 Y119.474 F10800
G1 Z1.4 F720
G1 E.8 F2100
;WIDTH:0.449999
G1 F4800
G1 X121.831 Y118.69 E.02858
G1 X122.901 Y118.69 E.02788
G1 X123.057 Y118.826 E.00539
G1 X123.549 Y119.072 E.01433
;WIDTH:0.44031
G1 X124.577 Y119.146 E.02623
;WIDTH:0.40707
G1 X124.404 Y119.496 E.00913
G1 X124.287 Y119.496 E.00274
;WIDTH:0.44031
G1 X123.531 Y119.479 E.01925
;WIDTH:0.449999
G1 X121.273 Y119.474 E.05883
G1 X121.996 Y119.082 E.02143
;WIDTH:0.398366
G1 X122.748 Y119.082 E.01717
;LAYER_CHANGE
;Z:1.55
;HEIGHT:0.15
;BEFORE_LAYER_CHANGE
G92 E0.0
;1.55


;WIPE_START
G1 F8640
G1 X121.996 Y119.082 E-.17364
G1 X121.273 Y119.474 E-.1899
G1 X123.163 Y119.478 E-.43646
;WIPE_END
G1 Z1.55 F720
;AFTER_LAYER_CHANGE
;1.55
G1 Z1.95
G1 X125 Y119.829 F10800
G1 Z1.55 F720
G1 E.8 F2100
M204 S800
;TYPE:Perimeter
;WIDTH:0.449999
G1 F2700
G1 X107.369 Y119.829 E.45939
G1 X106.947 Y119.742 E.01123
G1 X106.642 Y119.548 E.00942
G1 X106.448 Y119.243 E.00942
G1 X106.361 Y118.821 E.01123
G1 X106.361 Y91.179 E.72023
G1 X106.448 Y90.757 E.01123
G1 X106.642 Y90.452 E.00942
G1 X106.947 Y90.258 E.00942
G1 X107.369 Y90.171 E.01123
G1 X128.81 Y90.171 E.55866
G1 X142.741 Y90.171 E.36298
G1 X143.165 Y90.304 E.01158
G1 X143.432 Y90.548 E.00942
G1 X143.599 Y90.869 E.00943
G1 X143.639 Y91.25 E.00998
G1 X143.639 Y118.821 E.71838
G1 X143.552 Y119.243 E.01123
G1 X143.358 Y119.548 E.00942
G1 X143.053 Y119.742 E.00942
G1 X142.631 Y119.829 E.01123
G1 X125.06 Y119.829 E.45783
M204 S1000
G1 X125 Y120.247 F10800
M204 S800
G1 F2700
G1 X107.44 Y120.247 E.45754
G1 X106.95 Y120.196 E.01284
G1 X106.624 Y120.061 E.00919
G1 X106.344 Y119.846 E.0092
G1 X106.129 Y119.566 E.0092
G1 X105.994 Y119.24 E.00919
G1 X105.943 Y118.848 E.0103
G1 X105.943 Y91.25 E.71909
G1 X105.994 Y90.76 E.01284
G1 X106.129 Y90.434 E.00919
G1 X106.344 Y90.154 E.0092
G1 X106.624 Y89.939 E.0092
G1 X106.95 Y89.804 E.00919
G1 X107.342 Y89.753 E.0103
G1 X142.56 Y89.753 E.91763
G1 X143.05 Y89.804 E.01284
G1 X143.376 Y89.939 E.00919
G1 X143.656 Y90.154 E.0092
G1 X143.871 Y90.434 E.0092
G1 X144.006 Y90.76 E.00919
G1 X144.057 Y91.25 E.01284
G1 X144.057 Y118.75 E.71653
G1 X144.006 Y119.24 E.01284
G1 X143.871 Y119.566 E.00919
G1 X143.656 Y119.846 E.0092
G1 X143.376 Y120.061 E.0092
G1 X143.05 Y120.196 E.00919
G1 X142.658 Y120.247 E.0103
G1 X125.06 Y120.247 E.45853
M204 S1000
G1 X125 Y120.665 F10800
M204 S800
;TYPE:External perimeter
G1 F1500
G1 X107.44 Y120.665 E.45754
G1 X106.841 Y120.603 E.01569
G1 X106.413 Y120.426 E.01207
G1 X106.046 Y120.144 E.01206
G1 X105.764 Y119.777 E.01206
G1 X105.587 Y119.349 E.01207
G1 X105.525 Y118.876 E.01243
G1 X105.525 Y91.25 E.71982
G1 X105.587 Y90.651 E.01569
G1 X105.764 Y90.223 E.01207
G1 X106.046 Y89.856 E.01206
G1 X106.413 Y89.574 E.01206
G1 X106.841 Y89.397 E.01207
G1 X107.314 Y89.335 E.01243
G1 X142.56 Y89.335 E.91836
G1 X143.159 Y89.397 E.01569
G1 X143.587 Y89.574 E.01207
G1 X143.954 Y89.856 E.01206
G1 X144.236 Y90.223 E.01206
G1 X144.413 Y90.651 E.01207
G1 X144.475 Y91.25 E.01569
G1 X144.475 Y118.75 E.71653
G1 X144.413 Y119.349 E.01569
M73 P51 R14
G1 X144.236 Y119.777 E.01207
G1 X143.954 Y120.144 E.01206
M73 Q51 S14
G1 X143.587 Y120.426 E.01206
G1 X143.159 Y120.603 E.01207
G1 X142.686 Y120.665 E.01243
G1 X125.06 Y120.665 E.45926
M204 S1000
;WIPE_START
G1 F8640
G1 X125 Y120.665 E-.01385
G1 X121.595 Y120.665 E-.78615
;WIPE_END
G1 Z1.95 F720
G1 X106.7 Y90.764 F10800
G1 Z1.55 F720
G1 E.8 F2100
;TYPE:Solid infill
;WIDTH:0.37219
G1 F4800
G1 X106.949 Y90.511 E.00753
;WIDTH:0.411095
G1 X107.156 Y90.52 E.0049
;WIDTH:0.449999
G1 X107.364 Y90.529 E.00542
G1 X106.719 Y91.174 E.02377
G1 X106.716 Y91.769 E.0155
G1 X107.959 Y90.526 E.0458
G1 X108.55 Y90.526 E.0154
G1 X106.716 Y92.36 E.06758
G1 X106.716 Y92.951 E.0154
G1 X109.14 Y90.526 E.08934
G1 X109.731 Y90.526 E.0154
G1 X106.716 Y93.541 E.1111
G1 X106.716 Y94.132 E.0154
G1 X110.322 Y90.526 E.13288
G1 X110.913 Y90.527 E.0154
G1 X106.716 Y94.723 E.15463
G1 X106.716 Y95.314 E.0154
G1 X111.503 Y90.527 E.17639
G1 X112.094 Y90.527 E.0154
G1 X106.716 Y95.905 E.19817
G1 X106.716 Y96.496 E.0154
G1 X112.685 Y90.527 E.21995
G1 X113.275 Y90.527 E.01537
G1 X106.716 Y97.087 E.24171
G1 X106.716 Y97.678 E.0154
G1 X113.866 Y90.527 E.26348
G1 X114.457 Y90.527 E.0154
G1 X106.716 Y98.268 E.28524
G1 X106.716 Y98.859 E.0154
G1 X115.048 Y90.527 E.30702
G1 X115.638 Y90.527 E.01537
G1 X106.716 Y99.45 E.32878
G1 X106.716 Y100.041 E.0154
G1 X116.229 Y90.528 E.35054
G1 X116.82 Y90.528 E.0154
G1 X106.716 Y100.632 E.37232
G1 X106.716 Y101.223 E.0154
G1 X117.411 Y90.528 E.39409
G1 X118.001 Y90.528 E.01537
G1 X106.716 Y101.814 E.41585
G1 X106.716 Y102.405 E.0154
G1 X118.592 Y90.528 E.43763
G1 X119.183 Y90.528 E.0154
G1 X106.716 Y102.995 E.45939
G1 X106.716 Y103.586 E.0154
G1 X119.774 Y90.528 E.48117
G1 X120.364 Y90.528 E.01537
G1 X106.716 Y104.177 E.50292
G1 X106.716 Y104.768 E.0154
G1 X120.955 Y90.529 E.52468
G1 X121.546 Y90.529 E.0154
G1 X106.716 Y105.359 E.54646
G1 X106.716 Y105.95 E.0154
G1 X122.137 Y90.529 E.56824
G1 X122.727 Y90.529 E.01537
G1 X106.716 Y106.541 E.59
G1 X106.716 Y107.132 E.0154
G1 X123.318 Y90.529 E.61177
G1 X123.909 Y90.529 E.0154
G1 X106.716 Y107.722 E.63353
G1 X106.716 Y108.313 E.0154
G1 X124.5 Y90.529 E.65531
G1 X125.09 Y90.529 E.01537
G1 X106.716 Y108.904 E.67707
G1 X106.716 Y109.495 E.0154
G1 X125.681 Y90.53 E.69883
G1 X126.272 Y90.53 E.0154
G1 X106.716 Y110.086 E.72061
G1 X106.716 Y110.677 E.0154
G1 X126.863 Y90.53 E.74238
G1 X127.453 Y90.53 E.01537
G1 X106.716 Y111.268 E.76414
G1 X106.716 Y111.859 E.0154
G1 X128.044 Y90.53 E.78592
G1 X128.635 Y90.53 E.0154
G1 X106.716 Y112.449 E.80768
G1 X106.716 Y113.04 E.0154
G1 X129.226 Y90.53 E.82946
G1 X129.816 Y90.53 E.01537
G1 X106.716 Y113.631 E.85122
G1 X106.716 Y114.222 E.0154
G1 X130.407 Y90.531 E.87297
G1 X130.998 Y90.531 E.0154
G1 X106.716 Y114.813 E.89475
G1 X106.716 Y115.404 E.0154
G1 X131.589 Y90.531 E.91653
G1 X132.179 Y90.531 E.01537
G1 X106.716 Y115.995 E.93829
G1 X106.716 Y116.585 E.01537
G1 X132.77 Y90.531 E.96005
G1 X133.361 Y90.531 E.0154
G1 X106.716 Y117.176 E.98182
G1 X106.716 Y117.767 E.0154
G1 X133.952 Y90.531 E1.0036
G1 X134.542 Y90.531 E.01537
M73 P52 R14
G1 X106.716 Y118.358 E1.02536
G1 X106.733 Y118.931 E.01494
M73 Q52 S14
G1 X135.133 Y90.532 E1.04647
G1 X135.724 Y90.532 E.0154
G1 X106.933 Y119.323 E1.0609
G1 X107.375 Y119.472 E.01215
G1 X136.315 Y90.532 E1.06639
G1 X136.905 Y90.532 E.01537
M73 P52 R13
G1 X107.963 Y119.474 E1.06646
G1 X108.554 Y119.474 E.0154
G1 X137.496 Y90.532 E1.06646
G1 X138.087 Y90.532 E.0154
G1 X109.145 Y119.474 E1.06646
G1 X109.736 Y119.474 E.0154
G1 X138.678 Y90.532 E1.06646
G1 X139.268 Y90.532 E.01537
G1 X110.327 Y119.474 E1.06645
G1 X110.917 Y119.474 E.01537
M73 Q52 S13
G1 X139.859 Y90.533 E1.06645
G1 X140.45 Y90.533 E.0154
G1 X111.508 Y119.474 E1.06645
G1 X112.099 Y119.474 E.0154
G1 X141.041 Y90.533 E1.06645
G1 X141.631 Y90.533 E.01537
G1 X112.69 Y119.474 E1.06643
G1 X113.281 Y119.474 E.0154
G1 X142.222 Y90.533 E1.06643
G1 X142.796 Y90.55 E.01496
G1 X113.872 Y119.474 E1.0658
G1 X114.463 Y119.474 E.0154
G1 X143.16 Y90.777 E1.05744
G1 X143.284 Y91.244 E.01259
G1 X115.054 Y119.474 E1.04023
G1 X115.644 Y119.474 E.01537
G1 X143.284 Y91.834 E1.01849
G1 X143.284 Y92.425 E.0154
G1 X116.235 Y119.474 E.99671
G1 X116.826 Y119.474 E.0154
G1 X143.284 Y93.016 E.97493
G1 X143.284 Y93.607 E.0154
G1 X117.417 Y119.474 E.95316
G1 X118.008 Y119.474 E.0154
G1 X143.284 Y94.198 E.93138
G1 X143.284 Y94.789 E.0154
G1 X118.599 Y119.474 E.9096
G1 X119.19 Y119.474 E.0154
G1 X143.284 Y95.38 E.88782
G1 X143.284 Y95.971 E.0154
G1 X119.781 Y119.474 E.86605
G1 X120.371 Y119.474 E.01537
G1 X143.284 Y96.561 E.84431
G1 X143.284 Y97.152 E.0154
G1 X120.962 Y119.474 E.82253
G1 X121.553 Y119.474 E.0154
G1 X143.284 Y97.743 E.80075
G1 X143.284 Y98.334 E.0154
G1 X122.144 Y119.474 E.77897
G1 X122.735 Y119.474 E.0154
G1 X143.284 Y98.925 E.7572
G1 X143.284 Y99.516 E.0154
G1 X123.326 Y119.474 E.73542
G1 X123.917 Y119.474 E.0154
M73 P53 R13
G1 X143.284 Y100.107 E.71364
G1 X143.284 Y100.697 E.01537
G1 X124.507 Y119.474 E.6919
G1 X125.098 Y119.474 E.0154
M73 Q53 S13
G1 X143.284 Y101.288 E.67012
G1 X143.284 Y101.879 E.0154
G1 X125.689 Y119.474 E.64835
G1 X126.28 Y119.474 E.0154
G1 X143.284 Y102.47 E.62657
G1 X143.284 Y103.061 E.0154
G1 X126.871 Y119.474 E.60479
G1 X127.462 Y119.474 E.0154
G1 X143.284 Y103.652 E.58301
G1 X143.284 Y104.243 E.0154
G1 X128.053 Y119.474 E.56124
G1 X128.644 Y119.474 E.0154
G1 X143.284 Y104.834 E.53946
G1 X143.284 Y105.424 E.01537
G1 X129.234 Y119.474 E.51772
G1 X129.825 Y119.474 E.0154
G1 X143.284 Y106.015 E.49594
G1 X143.284 Y106.606 E.0154
G1 X130.416 Y119.474 E.47416
G1 X131.007 Y119.474 E.0154
G1 X143.284 Y107.197 E.45239
G1 X143.284 Y107.788 E.0154
G1 X131.598 Y119.474 E.43061
G1 X132.189 Y119.474 E.0154
G1 X143.284 Y108.379 E.40883
G1 X143.284 Y108.97 E.0154
G1 X132.78 Y119.474 E.38706
G1 X133.371 Y119.474 E.0154
G1 X143.284 Y109.561 E.36528
G1 X143.284 Y110.151 E.01537
G1 X133.961 Y119.474 E.34354
G1 X134.552 Y119.474 E.0154
G1 X143.284 Y110.742 E.32176
G1 X143.284 Y111.333 E.0154
G1 X135.143 Y119.474 E.29998
G1 X135.734 Y119.474 E.0154
G1 X143.284 Y111.924 E.27821
G1 X143.284 Y112.515 E.0154
G1 X136.325 Y119.474 E.25643
G1 X136.916 Y119.474 E.0154
G1 X143.284 Y113.106 E.23465
G1 X143.284 Y113.697 E.0154
G1 X137.507 Y119.474 E.21287
G1 X138.098 Y119.474 E.0154
G1 X143.284 Y114.288 E.1911
G1 X143.284 Y114.878 E.01537
G1 X138.688 Y119.474 E.16936
G1 X139.279 Y119.474 E.0154
G1 X143.284 Y115.469 E.14758
G1 X143.284 Y116.06 E.0154
G1 X139.87 Y119.474 E.1258
G1 X140.461 Y119.474 E.0154
G1 X143.284 Y116.651 E.10402
G1 X143.284 Y117.242 E.0154
G1 X141.052 Y119.474 E.08225
;WIPE_START
G1 F8640
G1 X143.284 Y117.242 E-.72885
G1 X143.284 Y116.934 E-.07115
;WIPE_END
G1 Z1.95 F720
G1 X143.137 Y117.98 F10800
G1 Z1.55 F720
G1 E.8 F2100
G1 F4800
G1 X141.643 Y119.474 E.05505
G1 X142.608 Y119.474 E.02514
G1 X142.986 Y119.386 E.01011
G1 X143.218 Y119.121 E.00918
G1 X143.284 Y118.772 E.00925
G1 X143.284 Y117.833 E.02447
;LAYER_CHANGE
;Z:1.7
;HEIGHT:0.15
;BEFORE_LAYER_CHANGE
G92 E0.0
;1.7


;WIPE_START
G1 F8640
G1 X143.284 Y118.772 E-.21682
G1 X143.218 Y119.121 E-.08201
G1 X142.986 Y119.386 E-.08133
G1 X142.608 Y119.474 E-.08962
G1 X141.643 Y119.474 E-.22282
G1 X141.972 Y119.145 E-.1074
;WIPE_END
G1 Z1.7 F720
;AFTER_LAYER_CHANGE
;1.7
G1 Z2.1
G1 X125 Y119.829 F10800
G1 Z1.7 F720
G1 E.8 F2100
M204 S800
;TYPE:Perimeter
G1 F2700
G1 X107.369 Y119.829 E.45939
G1 X106.947 Y119.742 E.01123
G1 X106.642 Y119.548 E.00942
G1 X106.448 Y119.243 E.00942
G1 X106.361 Y118.821 E.01123
G1 X106.361 Y91.179 E.72023
G1 X106.448 Y90.757 E.01123
G1 X106.642 Y90.452 E.00942
G1 X106.947 Y90.258 E.00942
G1 X107.369 Y90.171 E.01123
G1 X128.81 Y90.171 E.55866
G1 X142.741 Y90.171 E.36298
G1 X143.165 Y90.304 E.01158
G1 X143.432 Y90.548 E.00942
G1 X143.599 Y90.869 E.00943
G1 X143.639 Y91.25 E.00998
G1 X143.639 Y118.821 E.71838
G1 X143.552 Y119.243 E.01123
G1 X143.358 Y119.548 E.00942
G1 X143.053 Y119.742 E.00942
G1 X142.631 Y119.829 E.01123
G1 X125.06 Y119.829 E.45783
M204 S1000
G1 X125 Y120.247 F10800
M204 S800
G1 F2700
G1 X107.44 Y120.247 E.45754
G1 X106.95 Y120.196 E.01284
G1 X106.624 Y120.061 E.00919
G1 X106.344 Y119.846 E.0092
G1 X106.129 Y119.566 E.0092
G1 X105.994 Y119.24 E.00919
G1 X105.943 Y118.848 E.0103
G1 X105.943 Y91.25 E.71909
G1 X105.994 Y90.76 E.01284
G1 X106.129 Y90.434 E.00919
G1 X106.344 Y90.154 E.0092
G1 X106.624 Y89.939 E.0092
G1 X106.95 Y89.804 E.00919
G1 X107.342 Y89.753 E.0103
G1 X142.56 Y89.753 E.91763
G1 X143.05 Y89.804 E.01284
G1 X143.376 Y89.939 E.00919
G1 X143.656 Y90.154 E.0092
G1 X143.871 Y90.434 E.0092
G1 X144.006 Y90.76 E.00919
G1 X144.057 Y91.25 E.01284
G1 X144.057 Y118.75 E.71653
G1 X144.006 Y119.24 E.01284
G1 X143.871 Y119.566 E.00919
G1 X143.656 Y119.846 E.0092
G1 X143.376 Y120.061 E.0092
G1 X143.05 Y120.196 E.00919
G1 X142.658 Y120.247 E.0103
G1 X125.06 Y120.247 E.45853
M204 S1000
G1 X125 Y120.665 F10800
M204 S800
;TYPE:External perimeter
G1 F1500
G1 X107.44 Y120.665 E.45754
G1 X106.841 Y120.603 E.01569
G1 X106.413 Y120.426 E.01207
G1 X106.046 Y120.144 E.01206
G1 X105.764 Y119.777 E.01206
G1 X105.587 Y119.349 E.01207
G1 X105.525 Y118.876 E.01243
G1 X105.525 Y91.25 E.71982
G1 X105.587 Y90.651 E.01569
M73 P54 R13
G1 X105.764 Y90.223 E.01207
G1 X106.046 Y89.856 E.01206
G1 X106.413 Y89.574 E.01206
G1 X106.841 Y89.397 E.01207
G1 X107.314 Y89.335 E.01243
G1 X142.56 Y89.335 E.91836
G1 X143.159 Y89.397 E.01569
M73 Q54 S13
G1 X143.587 Y89.574 E.01207
G1 X143.954 Y89.856 E.01206
G1 X144.236 Y90.223 E.01206
G1 X144.413 Y90.651 E.01207
G1 X144.475 Y91.25 E.01569
G1 X144.475 Y118.75 E.71653
G1 X144.413 Y119.349 E.01569
G1 X144.236 Y119.777 E.01207
G1 X143.954 Y120.144 E.01206
G1 X143.587 Y120.426 E.01206
G1 X143.159 Y120.603 E.01207
G1 X142.686 Y120.665 E.01243
G1 X125.06 Y120.665 E.45926
M204 S1000
;WIPE_START
G1 F8640
G1 X125 Y120.665 E-.01385
G1 X121.595 Y120.665 E-.78615
;WIPE_END
G1 Z2.1 F720
G1 X106.954 Y119.49 F10800
G1 Z1.7 F720
G1 E.8 F2100
;TYPE:Solid infill
;WIDTH:0.37219
G1 F4800
G1 X106.701 Y119.241 E.00753
;WIDTH:0.411095
G1 X106.71 Y119.034 E.0049
;WIDTH:0.449999
G1 X106.719 Y118.826 E.00542
G1 X107.364 Y119.471 E.02377
G1 X107.959 Y119.474 E.0155
G1 X106.716 Y118.231 E.0458
G1 X106.716 Y117.64 E.0154
G1 X108.55 Y119.474 E.06758
G1 X109.141 Y119.474 E.0154
G1 X106.716 Y117.049 E.08936
G1 X106.716 Y116.459 E.01537
G1 X109.732 Y119.474 E.11112
G1 X110.322 Y119.474 E.01537
G1 X106.716 Y115.868 E.13288
G1 X106.716 Y115.277 E.0154
G1 X110.913 Y119.474 E.15465
G1 X111.504 Y119.474 E.0154
G1 X106.716 Y114.686 E.17643
G1 X106.716 Y114.095 E.0154
G1 X112.095 Y119.474 E.19821
G1 X112.686 Y119.474 E.0154
G1 X106.716 Y113.504 E.21998
G1 X106.716 Y112.913 E.0154
G1 X113.277 Y119.474 E.24176
G1 X113.868 Y119.474 E.0154
G1 X106.716 Y112.322 E.26354
G1 X106.716 Y111.732 E.01537
G1 X114.458 Y119.474 E.28528
G1 X115.049 Y119.474 E.0154
G1 X106.716 Y111.141 E.30706
G1 X106.716 Y110.55 E.0154
G1 X115.64 Y119.474 E.32883
G1 X116.231 Y119.474 E.0154
G1 X106.716 Y109.959 E.35061
G1 X106.716 Y109.368 E.0154
G1 X116.822 Y119.474 E.37239
G1 X117.413 Y119.474 E.0154
G1 X106.716 Y108.777 E.39417
G1 X106.716 Y108.186 E.0154
G1 X118.004 Y119.474 E.41594
G1 X118.595 Y119.474 E.0154
G1 X106.716 Y107.595 E.43772
G1 X106.716 Y107.005 E.01537
G1 X119.185 Y119.474 E.45946
G1 X119.776 Y119.474 E.0154
G1 X106.716 Y106.414 E.48124
G1 X106.716 Y105.823 E.0154
G1 X120.367 Y119.474 E.50302
G1 X120.958 Y119.474 E.0154
G1 X106.716 Y105.232 E.52479
G1 X106.716 Y104.641 E.0154
G1 X121.549 Y119.474 E.54657
G1 X122.14 Y119.474 E.0154
G1 X106.716 Y104.05 E.56835
G1 X106.716 Y103.459 E.0154
G1 X122.731 Y119.474 E.59013
G1 X123.322 Y119.474 E.0154
G1 X106.716 Y102.868 E.6119
G1 X106.716 Y102.278 E.01537
G1 X123.912 Y119.474 E.63364
G1 X124.503 Y119.474 E.0154
G1 X106.716 Y101.687 E.65542
G1 X106.716 Y101.096 E.0154
G1 X125.094 Y119.474 E.6772
G1 X125.685 Y119.474 E.0154
G1 X106.716 Y100.505 E.69898
G1 X106.716 Y99.914 E.0154
G1 X126.276 Y119.474 E.72075
G1 X126.867 Y119.474 E.0154
G1 X106.716 Y99.323 E.74253
G1 X106.716 Y98.732 E.0154
G1 X127.458 Y119.474 E.76431
G1 X128.049 Y119.474 E.0154
G1 X106.716 Y98.141 E.78609
G1 X106.716 Y97.551 E.01537
G1 X128.639 Y119.474 E.80783
G1 X129.23 Y119.474 E.0154
G1 X106.716 Y96.96 E.8296
G1 X106.716 Y96.369 E.0154
G1 X129.821 Y119.474 E.85138
G1 X130.412 Y119.474 E.0154
G1 X106.716 Y95.778 E.87316
G1 X106.716 Y95.187 E.0154
G1 X131.003 Y119.474 E.89494
G1 X131.594 Y119.474 E.0154
M73 P55 R13
G1 X106.716 Y94.596 E.91671
G1 X106.716 Y94.005 E.0154
G1 X132.185 Y119.474 E.93849
G1 X132.775 Y119.474 E.01537
M73 Q55 S13
G1 X106.716 Y93.415 E.96023
G1 X106.716 Y92.824 E.0154
G1 X133.366 Y119.474 E.98201
G1 X133.957 Y119.474 E.0154
G1 X106.716 Y92.233 E1.00379
G1 X106.716 Y91.642 E.0154
G1 X134.548 Y119.474 E1.02556
G1 X135.139 Y119.474 E.0154
G1 X106.733 Y91.069 E1.0467
G1 X106.933 Y90.677 E.01147
G1 X135.73 Y119.474 E1.06112
G1 X136.321 Y119.474 E.0154
G1 X107.375 Y90.528 E1.06661
G1 X107.963 Y90.526 E.01532
G1 X136.912 Y119.474 E1.0667
G1 X137.502 Y119.474 E.01537
G1 X108.554 Y90.526 E1.06669
G1 X109.145 Y90.526 E.0154
G1 X138.093 Y119.474 E1.06669
G1 X138.684 Y119.474 E.0154
G1 X109.736 Y90.526 E1.06669
G1 X110.327 Y90.526 E.0154
G1 X139.275 Y119.474 E1.06669
G1 X139.866 Y119.474 E.0154
G1 X110.918 Y90.527 E1.06667
G1 X111.509 Y90.527 E.0154
G1 X140.457 Y119.474 E1.06667
G1 X141.048 Y119.474 E.0154
G1 X112.1 Y90.527 E1.06667
G1 X112.691 Y90.527 E.0154
M73 P55 R12
G1 X141.639 Y119.474 E1.06667
G1 X142.229 Y119.474 E.01537
G1 X113.282 Y90.527 E1.06665
G1 X113.873 Y90.527 E.0154
G1 X142.796 Y119.45 E1.06576
G1 X143.16 Y119.223 E.01118
G1 X114.464 Y90.527 E1.0574
G1 X115.055 Y90.527 E.0154
G1 X143.284 Y118.756 E1.04019
G1 X143.284 Y118.166 E.01537
M73 Q55 S12
G1 X115.646 Y90.527 E1.01843
G1 X116.237 Y90.528 E.0154
G1 X143.284 Y117.575 E.99664
G1 X143.284 Y116.984 E.0154
G1 X116.828 Y90.528 E.97486
G1 X117.419 Y90.528 E.0154
G1 X143.284 Y116.393 E.95308
G1 X143.284 Y115.802 E.0154
G1 X118.01 Y90.528 E.93131
G1 X118.601 Y90.528 E.0154
G1 X143.284 Y115.211 E.90953
G1 X143.284 Y114.62 E.0154
G1 X119.192 Y90.528 E.88775
G1 X119.783 Y90.528 E.0154
G1 X143.284 Y114.029 E.86597
G1 X143.284 Y113.439 E.01537
G1 X120.374 Y90.528 E.84421
G1 X120.965 Y90.529 E.0154
M73 P56 R12
G1 X143.284 Y112.848 E.82242
G1 X143.284 Y112.257 E.0154
M73 Q56 S12
G1 X121.556 Y90.529 E.80064
G1 X122.147 Y90.529 E.0154
G1 X143.284 Y111.666 E.77886
G1 X143.284 Y111.075 E.0154
G1 X122.738 Y90.529 E.75709
G1 X123.329 Y90.529 E.0154
G1 X143.284 Y110.484 E.73531
G1 X143.284 Y109.893 E.0154
G1 X123.92 Y90.529 E.71353
G1 X124.511 Y90.529 E.0154
G1 X143.284 Y109.303 E.69177
G1 X143.284 Y108.712 E.0154
G1 X125.102 Y90.529 E.67
G1 X125.693 Y90.53 E.0154
G1 X143.284 Y108.121 E.6482
G1 X143.284 Y107.53 E.0154
G1 X126.284 Y90.53 E.62642
G1 X126.875 Y90.53 E.0154
G1 X143.284 Y106.939 E.60464
G1 X143.284 Y106.348 E.0154
G1 X127.466 Y90.53 E.58287
G1 X128.057 Y90.53 E.0154
G1 X143.284 Y105.757 E.56109
G1 X143.284 Y105.166 E.0154
G1 X128.648 Y90.53 E.53931
G1 X129.239 Y90.53 E.0154
G1 X143.284 Y104.576 E.51755
G1 X143.284 Y103.985 E.0154
G1 X129.83 Y90.53 E.49578
G1 X130.421 Y90.531 E.0154
G1 X143.284 Y103.394 E.47398
G1 X143.284 Y102.803 E.0154
G1 X131.012 Y90.531 E.4522
G1 X131.603 Y90.531 E.0154
G1 X143.284 Y102.212 E.43043
G1 X143.284 Y101.621 E.0154
G1 X132.194 Y90.531 E.40865
G1 X132.785 Y90.531 E.0154
G1 X143.284 Y101.03 E.38687
G1 X143.284 Y100.439 E.0154
G1 X133.376 Y90.531 E.36509
G1 X133.967 Y90.531 E.0154
G1 X143.284 Y99.849 E.34333
G1 X143.284 Y99.258 E.0154
G1 X134.558 Y90.531 E.32156
G1 X135.149 Y90.532 E.0154
G1 X143.284 Y98.667 E.29976
G1 X143.284 Y98.076 E.0154
G1 X135.74 Y90.532 E.27798
G1 X136.331 Y90.532 E.0154
G1 X143.284 Y97.485 E.25621
G1 X143.284 Y96.894 E.0154
G1 X136.922 Y90.532 E.23443
G1 X137.513 Y90.532 E.0154
G1 X143.284 Y96.303 E.21265
G1 X143.284 Y95.712 E.0154
G1 X138.104 Y90.532 E.19087
G1 X138.695 Y90.532 E.0154
G1 X143.284 Y95.122 E.16912
G1 X143.284 Y94.531 E.0154
G1 X139.286 Y90.532 E.14734
G1 X139.877 Y90.533 E.0154
G1 X143.284 Y93.94 E.12554
G1 X143.284 Y93.349 E.0154
G1 X140.468 Y90.533 E.10376
G1 X141.059 Y90.533 E.0154
G1 X143.284 Y92.758 E.08199
;WIPE_START
G1 F8640
G1 X141.059 Y90.533 E-.72656
G1 X140.741 Y90.533 E-.07344
;WIPE_END
G1 Z2.1 F720
G1 X141.798 Y90.681 F10800
G1 Z1.7 F720
G1 E.8 F2100
G1 F4800
G1 X143.284 Y92.167 E.05476
G1 X143.284 Y91.202 E.02514
G1 X143.195 Y90.824 E.01012
G1 X143.033 Y90.651 E.00618
G1 X142.79 Y90.55 E.00686
G1 X141.65 Y90.533 E.02971
;LAYER_CHANGE
;Z:1.85
;HEIGHT:0.15
;BEFORE_LAYER_CHANGE
G92 E0.0
;1.85


;WIPE_START
G1 F8640
G1 X142.79 Y90.55 E-.26326
G1 X143.033 Y90.651 E-.06076
G1 X143.195 Y90.824 E-.05473
G1 X143.284 Y91.202 E-.08967
G1 X143.284 Y92.167 E-.22282
G1 X142.951 Y91.834 E-.10876
;WIPE_END
G1 Z1.85 F720
;AFTER_LAYER_CHANGE
;1.85
G1 Z2.25
G1 X125 Y119.829 F10800
G1 Z1.85 F720
G1 E.8 F2100
M204 S800
;TYPE:Perimeter
G1 F2700
G1 X107.369 Y119.829 E.45939
G1 X106.947 Y119.742 E.01123
G1 X106.642 Y119.548 E.00942
G1 X106.448 Y119.243 E.00942
G1 X106.361 Y118.821 E.01123
G1 X106.361 Y91.179 E.72023
G1 X106.448 Y90.758 E.0112
G1 X106.642 Y90.452 E.00944
G1 X106.938 Y90.261 E.00918
G1 X107.374 Y90.171 E.0116
G1 X128.81 Y90.171 E.55853
G1 X142.741 Y90.171 E.36298
G1 X143.165 Y90.304 E.01158
G1 X143.432 Y90.548 E.00942
G1 X143.599 Y90.869 E.00943
G1 X143.639 Y91.25 E.00998
G1 X143.639 Y118.821 E.71838
G1 X143.552 Y119.243 E.01123
G1 X143.358 Y119.548 E.00942
G1 X143.053 Y119.742 E.00942
G1 X142.631 Y119.829 E.01123
G1 X125.06 Y119.829 E.45783
M204 S1000
G1 X125 Y120.247 F10800
M204 S800
G1 F2700
G1 X107.44 Y120.247 E.45754
G1 X106.95 Y120.196 E.01284
G1 X106.624 Y120.061 E.00919
G1 X106.344 Y119.846 E.0092
G1 X106.129 Y119.566 E.0092
G1 X105.994 Y119.24 E.00919
G1 X105.943 Y118.848 E.0103
G1 X105.943 Y91.262 E.71877
G1 X105.994 Y90.76 E.01315
G1 X106.129 Y90.434 E.00919
G1 X106.344 Y90.154 E.0092
G1 X106.625 Y89.939 E.00922
G1 X106.927 Y89.812 E.00854
G1 X107.345 Y89.753 E.011
G1 X142.56 Y89.753 E.91755
G1 X143.05 Y89.804 E.01284
M73 P57 R12
G1 X143.376 Y89.939 E.00919
G1 X143.656 Y90.154 E.0092
G1 X143.871 Y90.434 E.0092
G1 X144.006 Y90.76 E.00919
G1 X144.057 Y91.25 E.01284
G1 X144.057 Y118.75 E.71653
G1 X144.006 Y119.24 E.01284
G1 X143.871 Y119.566 E.00919
G1 X143.656 Y119.846 E.0092
G1 X143.376 Y120.061 E.0092
G1 X143.05 Y120.196 E.00919
G1 X142.658 Y120.247 E.0103
G1 X125.06 Y120.247 E.45853
M73 Q57 S12
M204 S1000
G1 X125 Y120.665 F10800
M204 S800
;TYPE:External perimeter
G1 F1500
G1 X107.44 Y120.665 E.45754
G1 X106.841 Y120.603 E.01569
G1 X106.413 Y120.426 E.01207
G1 X106.046 Y120.144 E.01206
G1 X105.764 Y119.777 E.01206
G1 X105.587 Y119.349 E.01207
G1 X105.525 Y118.876 E.01243
G1 X105.525 Y91.25 E.71982
G1 X105.587 Y90.651 E.01569
G1 X105.764 Y90.223 E.01207
G1 X106.046 Y89.856 E.01206
G1 X106.414 Y89.574 E.01208
G1 X106.815 Y89.406 E.01133
G1 X107.315 Y89.335 E.01316
G1 X142.56 Y89.335 E.91833
G1 X143.159 Y89.397 E.01569
G1 X143.587 Y89.574 E.01207
G1 X143.954 Y89.856 E.01206
G1 X144.236 Y90.223 E.01206
G1 X144.413 Y90.651 E.01207
G1 X144.475 Y91.25 E.01569
G1 X144.475 Y118.75 E.71653
G1 X144.413 Y119.349 E.01569
G1 X144.236 Y119.777 E.01207
G1 X143.954 Y120.144 E.01206
G1 X143.587 Y120.426 E.01206
G1 X143.159 Y120.603 E.01207
G1 X142.686 Y120.665 E.01243
G1 X125.06 Y120.665 E.45926
M204 S1000
;WIPE_START
G1 F8640
G1 X125 Y120.665 E-.01385
G1 X121.595 Y120.665 E-.78615
;WIPE_END
G1 Z2.25 F720
G1 X107.363 Y90.531 F10800
G1 Z1.85 F720
G1 E.8 F2100
;TYPE:Solid infill
G1 F4800
G1 X106.719 Y91.174 E.02371
G1 X106.716 Y91.769 E.0155
G1 X107.959 Y90.526 E.0458
G1 X108.55 Y90.526 E.0154
G1 X106.716 Y92.36 E.06758
G1 X106.716 Y92.951 E.0154
G1 X109.14 Y90.526 E.08934
G1 X109.731 Y90.526 E.0154
G1 X106.716 Y93.541 E.1111
G1 X106.716 Y94.132 E.0154
G1 X110.322 Y90.526 E.13288
G1 X110.912 Y90.526 E.01537
G1 X106.716 Y94.723 E.15463
G1 X106.716 Y95.314 E.0154
G1 X111.503 Y90.527 E.17639
G1 X112.094 Y90.527 E.0154
G1 X106.716 Y95.905 E.19817
G1 X106.716 Y96.496 E.0154
G1 X112.685 Y90.527 E.21995
G1 X113.275 Y90.527 E.01537
G1 X106.716 Y97.087 E.24171
G1 X106.716 Y97.678 E.0154
G1 X113.866 Y90.527 E.26348
G1 X114.457 Y90.527 E.0154
G1 X106.716 Y98.268 E.28524
G1 X106.716 Y98.859 E.0154
G1 X115.048 Y90.527 E.30702
G1 X115.638 Y90.527 E.01537
G1 X106.716 Y99.45 E.32878
G1 X106.716 Y100.041 E.0154
G1 X116.229 Y90.528 E.35054
G1 X116.82 Y90.528 E.0154
G1 X106.716 Y100.632 E.37232
G1 X106.716 Y101.223 E.0154
G1 X117.411 Y90.528 E.39409
G1 X118.001 Y90.528 E.01537
G1 X106.716 Y101.814 E.41585
G1 X106.716 Y102.405 E.0154
G1 X118.592 Y90.528 E.43763
G1 X119.183 Y90.528 E.0154
G1 X106.716 Y102.995 E.45939
G1 X106.716 Y103.586 E.0154
G1 X119.774 Y90.528 E.48117
G1 X120.364 Y90.528 E.01537
G1 X106.716 Y104.177 E.50292
G1 X106.716 Y104.768 E.0154
G1 X120.955 Y90.529 E.52468
G1 X121.546 Y90.529 E.0154
G1 X106.716 Y105.359 E.54646
G1 X106.716 Y105.95 E.0154
G1 X122.137 Y90.529 E.56824
G1 X122.727 Y90.529 E.01537
G1 X106.716 Y106.541 E.59
G1 X106.716 Y107.132 E.0154
G1 X123.318 Y90.529 E.61177
G1 X123.909 Y90.529 E.0154
G1 X106.716 Y107.722 E.63353
G1 X106.716 Y108.313 E.0154
G1 X124.5 Y90.529 E.65531
G1 X125.09 Y90.529 E.01537
G1 X106.716 Y108.904 E.67707
G1 X106.716 Y109.495 E.0154
G1 X125.681 Y90.53 E.69883
G1 X126.272 Y90.53 E.0154
G1 X106.716 Y110.086 E.72061
G1 X106.716 Y110.677 E.0154
G1 X126.863 Y90.53 E.74238
G1 X127.453 Y90.53 E.01537
G1 X106.716 Y111.268 E.76414
G1 X106.716 Y111.859 E.0154
G1 X128.044 Y90.53 E.78592
G1 X128.635 Y90.53 E.0154
M73 P58 R12
G1 X106.716 Y112.449 E.80768
G1 X106.716 Y113.04 E.0154
G1 X129.226 Y90.53 E.82946
G1 X129.816 Y90.53 E.01537
M73 Q58 S12
G1 X106.716 Y113.631 E.85122
G1 X106.716 Y114.222 E.0154
G1 X130.407 Y90.531 E.87297
G1 X130.998 Y90.531 E.0154
G1 X106.716 Y114.813 E.89475
G1 X106.716 Y115.404 E.0154
G1 X131.589 Y90.531 E.91653
G1 X132.179 Y90.531 E.01537
G1 X106.716 Y115.995 E.93829
G1 X106.716 Y116.585 E.01537
G1 X132.77 Y90.531 E.96005
G1 X133.361 Y90.531 E.0154
G1 X106.716 Y117.176 E.98182
G1 X106.716 Y117.767 E.0154
G1 X133.952 Y90.531 E1.0036
G1 X134.542 Y90.531 E.01537
G1 X106.716 Y118.358 E1.02536
G1 X106.733 Y118.931 E.01494
G1 X135.133 Y90.532 E1.04647
G1 X135.724 Y90.532 E.0154
G1 X106.933 Y119.323 E1.0609
G1 X107.375 Y119.472 E.01215
G1 X136.315 Y90.532 E1.06639
G1 X136.905 Y90.532 E.01537
G1 X107.963 Y119.474 E1.06646
G1 X108.554 Y119.474 E.0154
G1 X137.496 Y90.532 E1.06646
G1 X138.087 Y90.532 E.0154
G1 X109.145 Y119.474 E1.06646
G1 X109.736 Y119.474 E.0154
G1 X138.678 Y90.532 E1.06646
G1 X139.268 Y90.532 E.01537
G1 X110.327 Y119.474 E1.06645
G1 X110.917 Y119.474 E.01537
G1 X139.859 Y90.533 E1.06645
G1 X140.45 Y90.533 E.0154
G1 X111.508 Y119.474 E1.06645
G1 X112.099 Y119.474 E.0154
G1 X141.041 Y90.533 E1.06645
G1 X141.631 Y90.533 E.01537
G1 X112.69 Y119.474 E1.06643
G1 X113.281 Y119.474 E.0154
G1 X142.222 Y90.533 E1.06643
G1 X142.796 Y90.55 E.01496
G1 X113.872 Y119.474 E1.0658
G1 X114.463 Y119.474 E.0154
G1 X143.16 Y90.777 E1.05744
G1 X143.284 Y91.244 E.01259
G1 X115.054 Y119.474 E1.04023
G1 X115.644 Y119.474 E.01537
G1 X143.284 Y91.834 E1.01849
G1 X143.284 Y92.425 E.0154
G1 X116.235 Y119.474 E.99671
G1 X116.826 Y119.474 E.0154
M73 P58 R11
G1 X143.284 Y93.016 E.97493
G1 X143.284 Y93.607 E.0154
G1 X117.417 Y119.474 E.95316
G1 X118.008 Y119.474 E.0154
M73 P59 R11
G1 X143.284 Y94.198 E.93138
G1 X143.284 Y94.789 E.0154
M73 Q59 S12
G1 X118.599 Y119.474 E.9096
G1 X119.19 Y119.474 E.0154
G1 X143.284 Y95.38 E.88782
G1 X143.284 Y95.971 E.0154
G1 X119.781 Y119.474 E.86605
G1 X120.371 Y119.474 E.01537
M73 Q59 S11
G1 X143.284 Y96.561 E.84431
G1 X143.284 Y97.152 E.0154
G1 X120.962 Y119.474 E.82253
G1 X121.553 Y119.474 E.0154
G1 X143.284 Y97.743 E.80075
G1 X143.284 Y98.334 E.0154
G1 X122.144 Y119.474 E.77897
G1 X122.735 Y119.474 E.0154
G1 X143.284 Y98.925 E.7572
G1 X143.284 Y99.516 E.0154
G1 X123.326 Y119.474 E.73542
G1 X123.917 Y119.474 E.0154
G1 X143.284 Y100.107 E.71364
G1 X143.284 Y100.697 E.01537
G1 X124.507 Y119.474 E.6919
G1 X125.098 Y119.474 E.0154
G1 X143.284 Y101.288 E.67012
G1 X143.284 Y101.879 E.0154
G1 X125.689 Y119.474 E.64835
G1 X126.28 Y119.474 E.0154
G1 X143.284 Y102.47 E.62657
G1 X143.284 Y103.061 E.0154
G1 X126.871 Y119.474 E.60479
G1 X127.462 Y119.474 E.0154
G1 X143.284 Y103.652 E.58301
G1 X143.284 Y104.243 E.0154
G1 X128.053 Y119.474 E.56124
G1 X128.644 Y119.474 E.0154
G1 X143.284 Y104.834 E.53946
G1 X143.284 Y105.424 E.01537
G1 X129.234 Y119.474 E.51772
G1 X129.825 Y119.474 E.0154
G1 X143.284 Y106.015 E.49594
G1 X143.284 Y106.606 E.0154
G1 X130.416 Y119.474 E.47416
G1 X131.007 Y119.474 E.0154
G1 X143.284 Y107.197 E.45239
G1 X143.284 Y107.788 E.0154
G1 X131.598 Y119.474 E.43061
G1 X132.189 Y119.474 E.0154
G1 X143.284 Y108.379 E.40883
G1 X143.284 Y108.97 E.0154
G1 X132.78 Y119.474 E.38706
G1 X133.371 Y119.474 E.0154
G1 X143.284 Y109.561 E.36528
G1 X143.284 Y110.151 E.01537
G1 X133.961 Y119.474 E.34354
G1 X134.552 Y119.474 E.0154
G1 X143.284 Y110.742 E.32176
G1 X143.284 Y111.333 E.0154
G1 X135.143 Y119.474 E.29998
G1 X135.734 Y119.474 E.0154
G1 X143.284 Y111.924 E.27821
G1 X143.284 Y112.515 E.0154
G1 X136.325 Y119.474 E.25643
G1 X136.916 Y119.474 E.0154
G1 X143.284 Y113.106 E.23465
G1 X143.284 Y113.697 E.0154
G1 X137.507 Y119.474 E.21287
G1 X138.098 Y119.474 E.0154
G1 X143.284 Y114.288 E.1911
G1 X143.284 Y114.878 E.01537
G1 X138.688 Y119.474 E.16936
G1 X139.279 Y119.474 E.0154
G1 X143.284 Y115.469 E.14758
G1 X143.284 Y116.06 E.0154
G1 X139.87 Y119.474 E.1258
G1 X140.461 Y119.474 E.0154
G1 X143.284 Y116.651 E.10402
G1 X143.284 Y117.242 E.0154
G1 X141.052 Y119.474 E.08225
;WIPE_START
G1 F8640
G1 X143.284 Y117.242 E-.72885
G1 X143.284 Y116.934 E-.07115
;WIPE_END
G1 Z2.25 F720
G1 X143.137 Y117.98 F10800
G1 Z1.85 F720
G1 E.8 F2100
G1 F4800
G1 X141.643 Y119.474 E.05505
G1 X142.608 Y119.474 E.02514
G1 X142.986 Y119.386 E.01011
G1 X143.218 Y119.121 E.00918
G1 X143.284 Y118.772 E.00925
G1 X143.284 Y117.833 E.02447
;LAYER_CHANGE
;Z:2
;HEIGHT:0.15
;BEFORE_LAYER_CHANGE
G92 E0.0
;2


;WIPE_START
G1 F8640
G1 X143.284 Y118.772 E-.21682
G1 X143.218 Y119.121 E-.08201
G1 X142.986 Y119.386 E-.08133
G1 X142.608 Y119.474 E-.08962
G1 X141.643 Y119.474 E-.22282
G1 X141.972 Y119.145 E-.1074
;WIPE_END
G1 Z2 F720
;AFTER_LAYER_CHANGE
;2
G1 Z2.4
G1 X125 Y119.829 F10800
G1 Z2 F720
G1 E.8 F2100
M204 S800
;TYPE:Perimeter
G1 F2700
G1 X107.369 Y119.829 E.45939
G1 X106.948 Y119.742 E.0112
G1 X106.648 Y119.553 E.00924
G1 X106.447 Y119.241 E.00967
G1 X106.361 Y118.821 E.01117
G1 X106.361 Y91.179 E.72023
G1 X106.448 Y90.757 E.01123
G1 X106.642 Y90.452 E.00942
G1 X106.947 Y90.258 E.00942
G1 X107.369 Y90.171 E.01123
G1 X128.81 Y90.171 E.55866
G1 X142.741 Y90.171 E.36298
G1 X143.165 Y90.304 E.01158
G1 X143.432 Y90.548 E.00942
G1 X143.599 Y90.869 E.00943
G1 X143.639 Y91.25 E.00998
G1 X143.639 Y118.821 E.71838
G1 X143.552 Y119.243 E.01123
M73 P60 R11
G1 X143.358 Y119.548 E.00942
G1 X143.053 Y119.742 E.00942
G1 X142.631 Y119.829 E.01123
G1 X125.06 Y119.829 E.45783
M204 S1000
G1 X125 Y120.247 F10800
M204 S800
G1 F2700
G1 X107.44 Y120.247 E.45754
G1 X106.95 Y120.196 E.01284
M73 Q60 S11
G1 X106.624 Y120.061 E.00919
G1 X106.35 Y119.851 E.00899
G1 X106.129 Y119.565 E.00942
G1 X105.994 Y119.24 E.00917
G1 X105.943 Y118.848 E.0103
G1 X105.943 Y91.25 E.71909
G1 X105.994 Y90.76 E.01284
G1 X106.129 Y90.434 E.00919
G1 X106.344 Y90.154 E.0092
G1 X106.624 Y89.939 E.0092
G1 X106.95 Y89.804 E.00919
G1 X107.342 Y89.753 E.0103
G1 X142.56 Y89.753 E.91763
G1 X143.05 Y89.804 E.01284
G1 X143.376 Y89.939 E.00919
G1 X143.656 Y90.154 E.0092
G1 X143.871 Y90.434 E.0092
G1 X144.006 Y90.76 E.00919
G1 X144.057 Y91.25 E.01284
G1 X144.057 Y118.75 E.71653
G1 X144.006 Y119.24 E.01284
G1 X143.871 Y119.566 E.00919
G1 X143.656 Y119.846 E.0092
G1 X143.376 Y120.061 E.0092
G1 X143.05 Y120.196 E.00919
G1 X142.658 Y120.247 E.0103
G1 X125.06 Y120.247 E.45853
M204 S1000
G1 X125 Y120.665 F10800
M204 S800
;TYPE:External perimeter
G1 F1500
G1 X107.44 Y120.665 E.45754
G1 X106.841 Y120.603 E.01569
G1 X106.413 Y120.426 E.01207
G1 X106.053 Y120.15 E.01182
G1 X105.764 Y119.776 E.01232
G1 X105.587 Y119.349 E.01204
G1 X105.525 Y118.876 E.01243
G1 X105.525 Y91.25 E.71982
G1 X105.587 Y90.651 E.01569
G1 X105.764 Y90.223 E.01207
G1 X106.046 Y89.856 E.01206
G1 X106.413 Y89.574 E.01206
G1 X106.841 Y89.397 E.01207
G1 X107.314 Y89.335 E.01243
G1 X141.885 Y89.335 E.90077
G1 X142.56 Y89.335 E.01759
G1 X143.159 Y89.397 E.01569
G1 X143.587 Y89.574 E.01207
G1 X143.954 Y89.856 E.01206
G1 X144.236 Y90.223 E.01206
G1 X144.413 Y90.651 E.01207
G1 X144.475 Y91.25 E.01569
G1 X144.475 Y118.75 E.71653
G1 X144.413 Y119.349 E.01569
G1 X144.236 Y119.777 E.01207
G1 X143.954 Y120.144 E.01206
G1 X143.587 Y120.426 E.01206
G1 X143.159 Y120.603 E.01207
G1 X142.686 Y120.665 E.01243
G1 X125.06 Y120.665 E.45926
M204 S1000
;WIPE_START
G1 F8640
G1 X125 Y120.665 E-.01385
G1 X121.595 Y120.665 E-.78615
;WIPE_END
G1 Z2.4 F720
G1 X142.255 Y90.343 F10800
G1 Z2 F720
G1 E.8 F2100
;TYPE:Top solid infill
;WIDTH:0.402111
G1 F2400
G1 X143.475 Y91.562 E.03979
G1 X143.475 Y92.086 F10800
G1 F2400
G1 X141.732 Y90.342 E.05688
G1 X141.208 Y90.342 F10800
G1 F2400
G1 X143.475 Y92.609 E.07396
G1 X143.475 Y93.132 F10800
G1 F2400
G1 X140.685 Y90.342 E.09102
G1 X140.162 Y90.342 F10800
G1 F2400
G1 X143.475 Y93.655 E.10809
G1 X143.475 Y94.178 F10800
G1 F2400
G1 X139.639 Y90.342 E.12515
G1 X139.115 Y90.342 F10800
G1 F2400
G1 X143.475 Y94.701 E.14223
G1 X143.475 Y95.224 F10800
G1 F2400
G1 X138.592 Y90.342 E.15929
G1 X138.069 Y90.342 F10800
G1 F2400
G1 X143.475 Y95.748 E.17637
G1 X143.475 Y96.271 F10800
G1 F2400
G1 X137.546 Y90.342 E.19343
G1 X137.022 Y90.341 F10800
G1 F2400
G1 X143.475 Y96.794 E.21053
G1 X143.475 Y97.317 F10800
G1 F2400
G1 X136.499 Y90.341 E.22759
G1 X135.976 Y90.341 F10800
G1 F2400
G1 X143.475 Y97.84 E.24465
G1 X143.475 Y98.363 F10800
G1 F2400
G1 X135.453 Y90.341 E.26172
G1 X134.929 Y90.341 F10800
G1 F2400
G1 X143.475 Y98.887 E.27881
G1 X143.475 Y99.41 F10800
G1 F2400
G1 X134.406 Y90.341 E.29588
G1 X133.883 Y90.341 F10800
G1 F2400
G1 X143.475 Y99.933 E.31294
G1 X143.475 Y100.456 F10800
G1 F2400
G1 X133.36 Y90.341 E.33
G1 X132.836 Y90.341 F10800
G1 F2400
G1 X143.475 Y100.979 E.34708
G1 X143.475 Y101.502 F10800
G1 F2400
G1 X132.313 Y90.34 E.36416
G1 X131.79 Y90.34 F10800
G1 F2400
G1 X143.475 Y102.025 E.38122
G1 X143.475 Y102.549 F10800
G1 F2400
G1 X131.266 Y90.34 E.39832
G1 X130.743 Y90.34 F10800
G1 F2400
G1 X143.475 Y103.072 E.41538
G1 X143.475 Y103.595 F10800
G1 F2400
G1 X130.22 Y90.34 E.43244
G1 X129.697 Y90.34 F10800
M73 P61 R11
G1 F2400
G1 X143.475 Y104.118 E.44951
G1 X143.475 Y104.641 F10800
G1 F2400
G1 X129.173 Y90.34 E.46659
G1 X128.65 Y90.34 F10800
M73 Q61 S11
G1 F2400
G1 X143.475 Y105.164 E.48365
G1 X143.475 Y105.687 F10800
G1 F2400
G1 X128.127 Y90.34 E.50071
G1 X127.604 Y90.339 F10800
G1 F2400
G1 X143.475 Y106.211 E.51781
G1 X143.475 Y106.734 F10800
G1 F2400
G1 X127.08 Y90.339 E.53489
G1 X126.557 Y90.339 F10800
G1 F2400
G1 X143.475 Y107.257 E.55195
G1 X143.475 Y107.78 F10800
G1 F2400
G1 X126.034 Y90.339 E.56901
G1 X125.511 Y90.339 F10800
G1 F2400
G1 X143.475 Y108.303 E.58607
G1 X143.475 Y108.826 F10800
G1 F2400
G1 X124.987 Y90.339 E.60315
G1 X124.464 Y90.339 F10800
G1 F2400
G1 X143.475 Y109.349 E.62022
G1 X143.475 Y109.873 F10800
G1 F2400
G1 X123.941 Y90.339 E.63729
G1 X123.418 Y90.339 F10800
G1 F2400
G1 X143.475 Y110.396 E.65436
G1 X143.475 Y110.919 F10800
G1 F2400
G1 X122.894 Y90.339 E.67144
G1 X122.371 Y90.338 F10800
G1 F2400
G1 X143.475 Y111.442 E.68852
G1 X143.475 Y111.965 F10800
G1 F2400
G1 X121.848 Y90.338 E.70558
G1 X121.325 Y90.338 F10800
G1 F2400
G1 X143.475 Y112.488 E.72264
G1 X143.475 Y113.012 F10800
G1 F2400
G1 X120.801 Y90.338 E.73974
G1 X120.278 Y90.338 F10800
G1 F2400
G1 X143.475 Y113.535 E.7568
G1 X143.475 Y114.058 F10800
G1 F2400
G1 X119.755 Y90.338 E.77386
G1 X119.232 Y90.338 F10800
G1 F2400
G1 X143.475 Y114.581 E.79093
G1 X143.475 Y115.104 F10800
G1 F2400
G1 X118.708 Y90.338 E.808
G1 X118.185 Y90.338 F10800
G1 F2400
G1 X143.475 Y115.627 E.82507
G1 X143.475 Y116.15 F10800
G1 F2400
G1 X117.662 Y90.337 E.84215
G1 X117.139 Y90.337 F10800
M73 P62 R11
G1 F2400
G1 X143.475 Y116.674 E.85923
G1 X143.475 Y117.197 F10800
M73 Q62 S11
G1 F2400
G1 X116.615 Y90.337 E.8763
G1 X116.092 Y90.337 F10800
G1 F2400
G1 X143.475 Y117.72 E.89337
G1 X143.475 Y118.243 F10800
G1 F2400
G1 X115.569 Y90.337 E.91043
G1 X115.045 Y90.337 F10800
G1 F2400
G1 X143.475 Y118.766 E.92751
G1 X143.39 Y119.204 F10800
G1 F2400
G1 X114.522 Y90.337 E.9418
G1 X113.999 Y90.337 F10800
M73 P62 R10
G1 F2400
G1 X143.157 Y119.495 E.95128
G1 X142.783 Y119.643 F10800
G1 F2400
G1 X113.476 Y90.337 E.95612
G1 X112.952 Y90.336 F10800
G1 F2400
G1 X142.281 Y119.665 E.95686
G1 X141.758 Y119.665 F10800
M73 Q62 S10
G1 F2400
G1 X112.429 Y90.336 E.95686
G1 X111.906 Y90.336 F10800
G1 F2400
G1 X141.235 Y119.665 E.95686
G1 X140.711 Y119.665 F10800
G1 F2400
G1 X111.383 Y90.336 E.95684
G1 X110.859 Y90.336 F10800
G1 F2400
G1 X140.188 Y119.665 E.95686
G1 X139.665 Y119.665 F10800
G1 F2400
G1 X110.336 Y90.336 E.95686
G1 X109.813 Y90.336 F10800
G1 F2400
G1 X139.142 Y119.665 E.95686
G1 X138.619 Y119.665 F10800
G1 F2400
G1 X109.29 Y90.336 E.95686
G1 X108.766 Y90.336 F10800
M73 P63 R10
G1 F2400
G1 X138.096 Y119.665 E.95687
G1 X137.573 Y119.665 F10800
M73 Q63 S10
G1 F2400
G1 X108.243 Y90.335 E.95689
G1 X107.72 Y90.335 F10800
G1 F2400
G1 X137.049 Y119.665 E.95687
G1 X136.526 Y119.665 F10800
G1 F2400
G1 X107.218 Y90.357 E.95617
G1 X106.843 Y90.505 F10800
G1 F2400
G1 X136.003 Y119.665 E.95134
G1 X135.48 Y119.665 F10800
G1 F2400
G1 X106.61 Y90.795 E.94188
G1 X106.525 Y91.233 F10800
G1 F2400
G1 X134.957 Y119.665 E.92759
G1 X134.434 Y119.665 F10800
G1 F2400
G1 X106.525 Y91.756 E.91053
G1 X106.525 Y92.28 F10800
G1 F2400
G1 X133.91 Y119.665 E.89343
G1 X133.387 Y119.665 F10800
G1 F2400
G1 X106.525 Y92.803 E.87637
G1 X106.525 Y93.326 F10800
G1 F2400
G1 X132.864 Y119.665 E.85931
G1 X132.341 Y119.665 F10800
G1 F2400
G1 X106.525 Y93.849 E.84224
G1 X106.525 Y94.372 F10800
G1 F2400
G1 X131.818 Y119.665 E.82518
G1 X131.295 Y119.665 F10800
G1 F2400
G1 X106.525 Y94.895 E.80812
G1 X106.525 Y95.418 F10800
G1 F2400
G1 X130.772 Y119.665 E.79106
G1 X130.248 Y119.665 F10800
G1 F2400
G1 X106.525 Y95.942 E.77396
G1 X106.525 Y96.465 F10800
G1 F2400
G1 X129.725 Y119.665 E.7569
G1 X129.202 Y119.665 F10800
G1 F2400
G1 X106.525 Y96.988 E.73983
G1 X106.525 Y97.511 F10800
M73 P64 R10
G1 F2400
G1 X128.679 Y119.665 E.72277
G1 X128.156 Y119.665 F10800
M73 Q64 S10
G1 F2400
G1 X106.525 Y98.034 E.70571
G1 X106.525 Y98.557 F10800
G1 F2400
G1 X127.633 Y119.665 E.68865
G1 X127.11 Y119.665 F10800
G1 F2400
G1 X106.525 Y99.08 E.67158
G1 X106.525 Y99.604 F10800
G1 F2400
G1 X126.586 Y119.665 E.65449
G1 X126.063 Y119.665 F10800
G1 F2400
G1 X106.525 Y100.127 E.63743
G1 X106.525 Y100.65 F10800
G1 F2400
G1 X125.54 Y119.665 E.62036
G1 X125.017 Y119.665 F10800
G1 F2400
G1 X106.525 Y101.173 E.6033
G1 X106.525 Y101.696 F10800
G1 F2400
G1 X124.494 Y119.665 E.58624
G1 X123.971 Y119.665 F10800
G1 F2400
G1 X106.525 Y102.219 E.56917
G1 X106.525 Y102.742 F10800
G1 F2400
G1 X123.448 Y119.665 E.55211
G1 X122.924 Y119.665 F10800
G1 F2400
G1 X106.525 Y103.266 E.53502
G1 X106.525 Y103.789 F10800
G1 F2400
G1 X122.401 Y119.665 E.51795
G1 X121.878 Y119.665 F10800
G1 F2400
G1 X106.525 Y104.312 E.50089
G1 X106.525 Y104.835 F10800
G1 F2400
G1 X121.355 Y119.665 E.48383
G1 X120.832 Y119.665 F10800
G1 F2400
G1 X106.525 Y105.358 E.46676
G1 X106.525 Y105.881 F10800
G1 F2400
G1 X120.309 Y119.665 E.4497
G1 X119.785 Y119.665 F10800
G1 F2400
G1 X106.525 Y106.405 E.43261
G1 X106.525 Y106.928 F10800
G1 F2400
G1 X119.262 Y119.665 E.41554
G1 X118.739 Y119.665 F10800
G1 F2400
G1 X106.525 Y107.451 E.39848
G1 X106.525 Y107.974 F10800
G1 F2400
G1 X118.216 Y119.665 E.38142
G1 X117.693 Y119.665 F10800
G1 F2400
G1 X106.525 Y108.497 E.36435
G1 X106.525 Y109.02 F10800
G1 F2400
G1 X117.17 Y119.665 E.34729
G1 X116.647 Y119.665 F10800
G1 F2400
G1 X106.525 Y109.543 E.33023
G1 X106.525 Y110.067 F10800
G1 F2400
G1 X116.123 Y119.665 E.31313
G1 X115.6 Y119.665 F10800
G1 F2400
G1 X106.525 Y110.59 E.29607
G1 X106.525 Y111.113 F10800
G1 F2400
G1 X115.077 Y119.665 E.27901
G1 X114.554 Y119.665 F10800
G1 F2400
G1 X106.525 Y111.636 E.26195
G1 X106.525 Y112.159 F10800
G1 F2400
G1 X114.031 Y119.665 E.24488
G1 X113.508 Y119.665 F10800
G1 F2400
G1 X106.525 Y112.682 E.22782
G1 X106.525 Y113.205 F10800
M73 P65 R10
G1 F2400
G1 X112.985 Y119.665 E.21076
G1 X112.461 Y119.665 F10800
G1 F2400
G1 X106.525 Y113.729 E.19366
G1 X106.525 Y114.252 F10800
G1 F2400
G1 X111.938 Y119.665 E.1766
G1 X111.415 Y119.665 F10800
G1 F2400
G1 X106.525 Y114.775 E.15954
G1 X106.525 Y115.298 F10800
G1 F2400
M73 Q65 S10
G1 X110.892 Y119.665 E.14247
G1 X110.369 Y119.665 F10800
G1 F2400
G1 X106.525 Y115.821 E.12541
G1 X106.525 Y116.344 F10800
G1 F2400
G1 X109.846 Y119.665 E.10835
G1 X109.323 Y119.665 F10800
G1 F2400
G1 X106.525 Y116.867 E.09128
G1 X106.525 Y117.391 F10800
G1 F2400
G1 X108.799 Y119.665 E.07419
G1 X108.276 Y119.665 F10800
G1 F2400
G1 X106.525 Y117.914 E.05713
G1 X106.525 Y118.437 F10800
G1 F2400
G1 X107.753 Y119.665 E.04006
;LAYER_CHANGE
;Z:2.15
;HEIGHT:0.15
;BEFORE_LAYER_CHANGE
G92 E0.0
;2.15


;WIPE_START
G1 F8640
G1 X106.525 Y118.437 E-.401
;WIPE_END
G1 E-.399 F2100
G1 Z2.15 F720
;AFTER_LAYER_CHANGE
;2.15
G1 Z2.55
G1 X125 Y117.682 F10800
G1 Z2.15 F720
G1 E.8 F2100
M204 S800
;TYPE:Perimeter
;WIDTH:0.348286
G1 F2700
G1 X109.699 Y117.682 E.30162
;WIDTH:0.373761
G1 X109.486 Y117.653 E.00458
;WIDTH:0.399236
G1 X109.274 Y117.624 E.0049
;WIDTH:0.443308
G1 X109.157 Y117.577 E.00323
;WIDTH:0.487379
G1 X109.04 Y117.529 E.00359
;WIDTH:0.531451
G1 X108.923 Y117.481 E.00394
;WIDTH:0.575522
G1 X108.806 Y117.434 E.00427
G1 X108.742 Y117.331 E.00411
;WIDTH:0.537474
G1 X108.677 Y117.228 E.00384
;WIDTH:0.499425
G1 X108.635 Y117.069 E.00479
;WIDTH:0.461641
G1 X108.592 Y116.91 E.00441
;WIDTH:0.423856
G1 X108.55 Y116.75 E.00404
;WIDTH:0.386072
G1 X108.508 Y116.591 E.00363
;WIDTH:0.348287
G1 X108.508 Y93.508 E.45503
;WIDTH:0.394776
G1 X108.561 Y93.218 E.00667
;WIDTH:0.441264
G1 X108.613 Y92.928 E.00752
;WIDTH:0.487435
G1 X108.667 Y92.814 E.00358
;WIDTH:0.533605
G1 X108.721 Y92.7 E.00394
;WIDTH:0.579775
G1 X108.775 Y92.585 E.00434
G1 X108.89 Y92.531 E.00434
;WIDTH:0.533606
G1 X109.004 Y92.477 E.00394
;WIDTH:0.487436
G1 X109.118 Y92.423 E.00358
;WIDTH:0.441266
G1 X109.408 Y92.371 E.00752
;WIDTH:0.394776
G1 X109.698 Y92.318 E.00667
;WIDTH:0.348285
G1 X140.301 Y92.318 E.60326
;WIDTH:0.373732
G1 X140.514 Y92.347 E.00458
;WIDTH:0.399209
G1 X140.726 Y92.376 E.0049
;WIDTH:0.443265
G1 X140.843 Y92.423 E.00323
;WIDTH:0.487322
G1 X140.96 Y92.471 E.00359
;WIDTH:0.531378
G1 X141.077 Y92.519 E.00394
;WIDTH:0.575434
G1 X141.193 Y92.566 E.00424
G1 X141.258 Y92.669 E.00413
;WIDTH:0.53745
G1 X141.323 Y92.772 E.00384
;WIDTH:0.499466
G1 X141.365 Y92.931 E.00479
;WIDTH:0.461671
G1 X141.408 Y93.09 E.00441
;WIDTH:0.423876
G1 X141.45 Y93.25 E.00404
;WIDTH:0.386081
G1 X141.492 Y93.409 E.00363
;WIDTH:0.348285
G1 X141.492 Y116.492 E.45502
;WIDTH:0.387069
G1 X141.447 Y116.762 E.00606
;WIDTH:0.425852
G1 X141.402 Y117.033 E.00674
;WIDTH:0.465208
G1 X141.36 Y117.124 E.00271
;WIDTH:0.504564
G1 X141.318 Y117.215 E.00295
;WIDTH:0.54392
G1 X141.276 Y117.306 E.0032
;WIDTH:0.583276
G1 X141.233 Y117.398 E.00349
G1 X141.136 Y117.456 E.00388
;WIDTH:0.541325
G1 X141.038 Y117.513 E.0036
;WIDTH:0.499373
G1 X140.879 Y117.555 E.00479
;WIDTH:0.461602
G1 X140.719 Y117.598 E.00444
;WIDTH:0.42383
G1 X140.56 Y117.64 E.00402
;WIDTH:0.386058
G1 X140.401 Y117.682 E.00363
;WIDTH:0.348286
G1 X125.06 Y117.682 E.30241
M204 S1000
G1 X125 Y117.315 F10800
M204 S800
;TYPE:External perimeter
;WIDTH:0.449999
G1 F1500
G1 X109.699 Y117.315 E.39868
G1 X109.448 Y117.273 E.00663
G1 X109.156 Y117.104 E.00879
G1 X108.965 Y116.853 E.00822
G1 X108.875 Y116.491 E.00972
G1 X108.875 Y93.508 E.59884
G1 X108.957 Y93.158 E.00937
G1 X109.148 Y92.9 E.00836
G1 X109.423 Y92.736 E.00834
G1 X109.698 Y92.685 E.00729
G1 X140.301 Y92.685 E.79738
G1 X140.552 Y92.727 E.00663
G1 X140.844 Y92.896 E.00879
G1 X141.035 Y93.147 E.00822
G1 X141.125 Y93.509 E.00972
G1 X141.125 Y116.492 E.59884
G1 X141.051 Y116.83 E.00902
G1 X140.914 Y117.034 E.0064
G1 X140.663 Y117.225 E.00822
G1 X140.301 Y117.315 E.00972
G1 X125.06 Y117.315 E.39712
M204 S1000
G1 X125 Y117.998 F10800
M204 S800
;TYPE:Perimeter
;WIDTH:0.348286
G1 F2700
G1 X109.699 Y117.998 E.30162
;WIDTH:0.373761
G1 X109.446 Y117.985 E.0054
;WIDTH:0.399236
G1 X109.193 Y117.973 E.0058
;WIDTH:0.443308
G1 X109.045 Y117.951 E.00384
;WIDTH:0.487379
G1 X108.897 Y117.929 E.00425
;WIDTH:0.531451
G1 X108.75 Y117.906 E.00463
;WIDTH:0.575522
G1 X108.602 Y117.884 E.00507
;WIDTH:0.583289
G1 X108.309 Y117.881 E.01007
G1 X108.309 Y117.605 E.00949
G1 X108.287 Y117.455 E.00521
;WIDTH:0.538243
G1 X108.264 Y117.304 E.00482
;WIDTH:0.493196
G1 X108.242 Y117.154 E.00436
;WIDTH:0.44815
G1 X108.219 Y117.003 E.00396
;WIDTH:0.403103
G1 X108.206 Y116.747 E.00593
;WIDTH:0.375695
G1 X108.192 Y116.491 E.00549
;WIDTH:0.348287
G1 X108.192 Y93.25 E.45814
;WIDTH:0.389771
G1 X108.213 Y93.081 E.0038
;WIDTH:0.431254
G1 X108.233 Y92.912 E.00424
;WIDTH:0.472737
G1 X108.254 Y92.743 E.00468
;WIDTH:0.51422
G1 X108.275 Y92.574 E.00512
;WIDTH:0.546998
G1 X108.291 Y92.346 E.00734
;WIDTH:0.579775
G1 X108.308 Y92.118 E.00781
G1 X108.581 Y92.118 E.00932
G1 X108.723 Y92.095 E.00491
;WIDTH:0.533606
G1 X108.864 Y92.072 E.00447
;WIDTH:0.487436
G1 X109.005 Y92.048 E.00406
;WIDTH:0.441266
G1 X109.352 Y92.025 E.00887
;WIDTH:0.394776
G1 X109.698 Y92.002 E.00784
;WIDTH:0.348285
G1 X140.301 Y92.002 E.60326
;WIDTH:0.373732
G1 X140.554 Y92.015 E.0054
;WIDTH:0.399209
G1 X140.807 Y92.027 E.0058
;WIDTH:0.443265
G1 X140.955 Y92.05 E.00384
;WIDTH:0.487322
G1 X141.102 Y92.072 E.00422
;WIDTH:0.531378
G1 X141.25 Y92.094 E.00466
;WIDTH:0.575434
G1 X141.398 Y92.116 E.00507
;WIDTH:0.583286
G1 X141.691 Y92.12 E.01007
G1 X141.691 Y92.395 E.00945
G1 X141.713 Y92.545 E.00521
;WIDTH:0.538244
G1 X141.736 Y92.696 E.00482
;WIDTH:0.493202
G1 X141.758 Y92.846 E.00436
;WIDTH:0.44816
G1 X141.781 Y92.997 E.00396
;WIDTH:0.403117
G1 X141.794 Y93.253 E.00593
;WIDTH:0.375701
G1 X141.808 Y93.509 E.00549
;WIDTH:0.348285
G1 X141.808 Y116.764 E.45842
;WIDTH:0.393797
G1 X141.785 Y116.929 E.00376
;WIDTH:0.439309
G1 X141.763 Y117.094 E.00423
;WIDTH:0.484821
G1 X141.74 Y117.259 E.0047
;WIDTH:0.530333
G1 X141.717 Y117.424 E.00518
;WIDTH:0.575845
G1 X141.694 Y117.589 E.00565
;WIDTH:0.583276
G1 X141.691 Y117.881 E.01004
G1 X141.415 Y117.881 E.00949
G1 X141.265 Y117.903 E.00521
;WIDTH:0.538236
G1 X141.114 Y117.926 E.00482
;WIDTH:0.493196
G1 X140.964 Y117.948 E.00436
;WIDTH:0.448156
G1 X140.813 Y117.971 E.00396
;WIDTH:0.403116
G1 X140.557 Y117.984 E.00593
;WIDTH:0.375701
G1 X140.301 Y117.998 E.00549
;WIDTH:0.348286
G1 X125.06 Y117.998 E.30044
M204 S1000
G1 X125 Y118.365 F10800
M204 S800
;TYPE:External perimeter
;WIDTH:0.449999
G1 F1500
G1 X108.289 Y118.365 E.43542
G1 X108.082 Y118.326 E.00549
G1 X107.906 Y118.216 E.00541
G1 X107.825 Y117.975 E.00662
G1 X107.825 Y92.099 E.67422
G1 X107.863 Y91.895 E.00541
M73 P65 R9
G1 X107.979 Y91.71 E.00569
G1 X108.222 Y91.635 E.00663
G1 X141.779 Y91.635 E.87435
G1 X142.002 Y91.708 E.00611
G1 X142.142 Y91.868 E.00554
G1 X142.175 Y92.076 E.00549
G1 X142.175 Y117.901 E.67289
G1 X142.136 Y118.108 E.00549
G1 X142.026 Y118.284 E.00541
G1 X141.785 Y118.365 E.00662
G1 X125.06 Y118.365 E.43578
M73 Q65 S9
M204 S1000
;LAYER_CHANGE
;Z:2.3
;HEIGHT:0.15
;BEFORE_LAYER_CHANGE
G92 E0.0
;2.3


;WIPE_START
G1 F8640
M73 P66 R9
G1 X125 Y118.365 E-.01385
G1 X121.595 Y118.365 E-.78615
;WIPE_END
G1 Z2.3 F720
;AFTER_LAYER_CHANGE
;2.3
G1 Z2.7
G1 X125 Y117.682 F10800
G1 Z2.3 F720
G1 E.8 F2100
M204 S800
;TYPE:Perimeter
;WIDTH:0.348286
G1 F2700
G1 X109.699 Y117.682 E.30162
;WIDTH:0.373768
G1 X109.486 Y117.653 E.00458
;WIDTH:0.399249
G1 X109.274 Y117.624 E.0049
;WIDTH:0.443321
G1 X109.157 Y117.577 E.00323
;WIDTH:0.487392
G1 X109.04 Y117.529 E.00359
;WIDTH:0.531463
G1 X108.923 Y117.481 E.00394
;WIDTH:0.575534
G1 X108.806 Y117.434 E.00427
G1 X108.742 Y117.331 E.00411
;WIDTH:0.537473
G1 X108.677 Y117.228 E.00384
;WIDTH:0.499411
G1 X108.635 Y117.069 E.00479
;WIDTH:0.46163
G1 X108.592 Y116.91 E.00441
;WIDTH:0.423849
G1 X108.55 Y116.75 E.00404
;WIDTH:0.386068
G1 X108.508 Y116.591 E.00363
;WIDTH:0.348287
G1 X108.508 Y93.508 E.45503
;WIDTH:0.394775
G1 X108.561 Y93.218 E.00667
M73 Q66 S9
;WIDTH:0.441263
G1 X108.613 Y92.928 E.00752
;WIDTH:0.487434
G1 X108.667 Y92.814 E.00358
;WIDTH:0.533605
G1 X108.721 Y92.7 E.00394
;WIDTH:0.579775
G1 X108.775 Y92.585 E.00434
G1 X108.89 Y92.531 E.00434
;WIDTH:0.5336
G1 X109.004 Y92.477 E.00394
;WIDTH:0.487424
G1 X109.118 Y92.423 E.00358
;WIDTH:0.441248
G1 X109.408 Y92.371 E.00752
;WIDTH:0.394765
G1 X109.698 Y92.318 E.00667
;WIDTH:0.348282
G1 X140.302 Y92.318 E.60328
;WIDTH:0.387016
G1 X140.572 Y92.363 E.00606
;WIDTH:0.425836
G1 X140.843 Y92.408 E.00674
;WIDTH:0.46519
G1 X140.934 Y92.45 E.00271
;WIDTH:0.504544
G1 X141.025 Y92.493 E.00296
;WIDTH:0.543898
G1 X141.117 Y92.535 E.00323
;WIDTH:0.583251
G1 X141.208 Y92.577 E.00344
G1 X141.266 Y92.674 E.00388
;WIDTH:0.541351
G1 X141.323 Y92.772 E.0036
;WIDTH:0.49945
G1 X141.365 Y92.931 E.00479
;WIDTH:0.461659
G1 X141.408 Y93.09 E.00441
;WIDTH:0.423868
G1 X141.45 Y93.25 E.00404
;WIDTH:0.386077
G1 X141.492 Y93.409 E.00363
;WIDTH:0.348285
G1 X141.492 Y116.492 E.45502
;WIDTH:0.387069
G1 X141.447 Y116.762 E.00606
;WIDTH:0.425852
G1 X141.402 Y117.033 E.00674
;WIDTH:0.465208
G1 X141.36 Y117.124 E.00271
;WIDTH:0.504563
G1 X141.318 Y117.215 E.00295
;WIDTH:0.543918
G1 X141.276 Y117.306 E.0032
;WIDTH:0.583273
G1 X141.233 Y117.398 E.00349
G1 X141.136 Y117.456 E.00388
;WIDTH:0.541306
G1 X141.038 Y117.513 E.0036
;WIDTH:0.499338
G1 X140.879 Y117.555 E.00479
;WIDTH:0.461575
G1 X140.719 Y117.598 E.00444
;WIDTH:0.423812
G1 X140.56 Y117.64 E.00402
;WIDTH:0.386049
G1 X140.401 Y117.682 E.00363
;WIDTH:0.348286
G1 X125.06 Y117.682 E.30241
M204 S1000
G1 X125 Y117.315 F10800
M204 S800
;TYPE:External perimeter
;WIDTH:0.449999
G1 F1500
G1 X109.699 Y117.315 E.39868
G1 X109.447 Y117.273 E.00666
G1 X109.156 Y117.104 E.00877
G1 X108.965 Y116.853 E.00822
G1 X108.875 Y116.491 E.00972
G1 X108.875 Y93.508 E.59884
G1 X108.957 Y93.158 E.00937
G1 X109.148 Y92.9 E.00836
G1 X109.423 Y92.736 E.00834
G1 X109.698 Y92.685 E.00729
G1 X140.302 Y92.685 E.79741
G1 X140.64 Y92.76 E.00902
G1 X140.844 Y92.896 E.00639
G1 X141.035 Y93.147 E.00822
G1 X141.125 Y93.509 E.00972
G1 X141.125 Y116.492 E.59884
G1 X141.051 Y116.83 E.00902
G1 X140.914 Y117.034 E.0064
G1 X140.663 Y117.225 E.00822
G1 X140.301 Y117.315 E.00972
G1 X125.06 Y117.315 E.39712
M204 S1000
G1 X125 Y117.998 F10800
M204 S800
;TYPE:Perimeter
;WIDTH:0.348286
G1 F2700
G1 X109.699 Y117.998 E.30162
;WIDTH:0.373768
G1 X109.446 Y117.985 E.0054
;WIDTH:0.399249
G1 X109.193 Y117.973 E.0058
;WIDTH:0.443321
G1 X109.045 Y117.951 E.00384
;WIDTH:0.487392
G1 X108.897 Y117.928 E.00425
;WIDTH:0.531463
G1 X108.75 Y117.906 E.00463
;WIDTH:0.575534
G1 X108.602 Y117.884 E.00507
;WIDTH:0.583288
G1 X108.309 Y117.881 E.01007
G1 X108.309 Y117.605 E.00949
G1 X108.287 Y117.455 E.00521
;WIDTH:0.53824
G1 X108.264 Y117.304 E.00482
;WIDTH:0.493191
G1 X108.242 Y117.154 E.00436
;WIDTH:0.448142
G1 X108.219 Y117.003 E.00396
;WIDTH:0.403093
G1 X108.206 Y116.747 E.00593
;WIDTH:0.37569
G1 X108.192 Y116.491 E.00549
;WIDTH:0.348287
G1 X108.192 Y93.25 E.45814
;WIDTH:0.38977
G1 X108.213 Y93.081 E.0038
;WIDTH:0.431253
G1 X108.233 Y92.912 E.00424
;WIDTH:0.472736
G1 X108.254 Y92.743 E.00468
;WIDTH:0.514218
G1 X108.275 Y92.574 E.00512
;WIDTH:0.546997
G1 X108.291 Y92.346 E.00734
;WIDTH:0.579775
G1 X108.308 Y92.118 E.00781
G1 X108.581 Y92.118 E.00932
G1 X108.723 Y92.095 E.00491
;WIDTH:0.5336
G1 X108.864 Y92.072 E.00447
;WIDTH:0.487424
G1 X109.005 Y92.048 E.00406
;WIDTH:0.441248
G1 X109.352 Y92.025 E.00887
;WIDTH:0.394765
G1 X109.698 Y92.002 E.00784
;WIDTH:0.348282
G1 X140.574 Y92.002 E.60864
;WIDTH:0.393681
G1 X140.738 Y92.025 E.00373
;WIDTH:0.439166
G1 X140.903 Y92.048 E.00423
;WIDTH:0.484652
G1 X141.068 Y92.07 E.0047
;WIDTH:0.530138
G1 X141.233 Y92.093 E.00517
;WIDTH:0.575623
G1 X141.398 Y92.116 E.00565
;WIDTH:0.583251
G1 X141.691 Y92.12 E.01007
G1 X141.691 Y92.395 E.00945
G1 X141.713 Y92.546 E.00524
;WIDTH:0.538215
G1 X141.736 Y92.696 E.00479
;WIDTH:0.493178
G1 X141.758 Y92.846 E.00436
;WIDTH:0.448142
G1 X141.781 Y92.997 E.00396
;WIDTH:0.403105
G1 X141.794 Y93.253 E.00593
;WIDTH:0.375695
G1 X141.808 Y93.509 E.00549
;WIDTH:0.348285
G1 X141.808 Y116.764 E.45842
;WIDTH:0.393806
G1 X141.785 Y116.929 E.00376
;WIDTH:0.439327
G1 X141.763 Y117.094 E.00423
;WIDTH:0.484848
G1 X141.74 Y117.259 E.0047
;WIDTH:0.530368
G1 X141.717 Y117.424 E.00518
;WIDTH:0.575889
G1 X141.694 Y117.589 E.00565
;WIDTH:0.583273
G1 X141.691 Y117.881 E.01004
G1 X141.415 Y117.881 E.00949
G1 X141.265 Y117.903 E.00521
;WIDTH:0.538232
G1 X141.114 Y117.926 E.00482
;WIDTH:0.493191
G1 X140.964 Y117.948 E.00436
;WIDTH:0.44815
G1 X140.813 Y117.971 E.00396
;WIDTH:0.403108
G1 X140.557 Y117.984 E.00593
;WIDTH:0.375697
G1 X140.301 Y117.998 E.00549
;WIDTH:0.348286
G1 X125.06 Y117.998 E.30044
M204 S1000
G1 X125 Y118.365 F10800
M204 S800
;TYPE:External perimeter
;WIDTH:0.449999
G1 F1500
G1 X108.289 Y118.365 E.43542
G1 X108.082 Y118.326 E.00549
G1 X107.906 Y118.215 E.00542
G1 X107.825 Y117.975 E.0066
G1 X107.825 Y92.099 E.67422
G1 X107.862 Y91.897 E.00535
G1 X107.979 Y91.71 E.00575
G1 X108.222 Y91.635 E.00663
G1 X141.781 Y91.635 E.8744
G1 X142.002 Y91.708 E.00606
G1 X142.142 Y91.868 E.00554
G1 X142.175 Y92.076 E.00549
G1 X142.175 Y117.901 E.67289
G1 X142.136 Y118.108 E.00549
G1 X142.026 Y118.284 E.00541
G1 X141.785 Y118.365 E.00662
G1 X125.06 Y118.365 E.43578
M204 S1000
;LAYER_CHANGE
;Z:2.45
;HEIGHT:0.15
;BEFORE_LAYER_CHANGE
G92 E0.0
;2.45


;WIPE_START
G1 F8640
G1 X125 Y118.365 E-.01385
G1 X121.595 Y118.365 E-.78615
;WIPE_END
G1 Z2.45 F720
;AFTER_LAYER_CHANGE
;2.45
G1 Z2.85
G1 X125 Y117.682 F10800
G1 Z2.45 F720
G1 E.8 F2100
M204 S800
;TYPE:Perimeter
;WIDTH:0.348286
G1 F2700
G1 X109.699 Y117.682 E.30162
;WIDTH:0.373762
G1 X109.486 Y117.653 E.00458
;WIDTH:0.399237
G1 X109.274 Y117.624 E.0049
;WIDTH:0.443308
G1 X109.157 Y117.577 E.00323
;WIDTH:0.487379
G1 X109.04 Y117.529 E.00359
;WIDTH:0.53145
G1 X108.923 Y117.481 E.00394
;WIDTH:0.575521
G1 X108.806 Y117.434 E.00427
G1 X108.742 Y117.331 E.00411
;WIDTH:0.537473
G1 X108.677 Y117.228 E.00384
;WIDTH:0.499424
G1 X108.635 Y117.069 E.00479
;WIDTH:0.46164
G1 X108.592 Y116.91 E.00441
;WIDTH:0.423856
G1 X108.55 Y116.75 E.00404
;WIDTH:0.386072
G1 X108.508 Y116.591 E.00363
;WIDTH:0.348287
G1 X108.508 Y93.508 E.45503
;WIDTH:0.394775
G1 X108.561 Y93.218 E.00667
;WIDTH:0.441263
G1 X108.613 Y92.928 E.00752
;WIDTH:0.546997
G1 X108.694 Y92.757 E.00607
;WIDTH:0.579774
G1 X108.775 Y92.585 E.00649
G1 X108.89 Y92.531 E.00434
;WIDTH:0.533604
G1 X109.004 Y92.477 E.00394
;WIDTH:0.487434
G1 X109.118 Y92.423 E.00358
;WIDTH:0.441263
G1 X109.408 Y92.371 E.00752
;WIDTH:0.394771
G1 X109.698 Y92.318 E.00667
;WIDTH:0.348279
G1 X140.301 Y92.318 E.60325
;WIDTH:0.373609
G1 X140.514 Y92.347 E.00458
M73 P67 R9
;WIDTH:0.399083
G1 X140.726 Y92.376 E.0049
;WIDTH:0.443134
G1 X140.843 Y92.423 E.00323
;WIDTH:0.487184
G1 X140.96 Y92.471 E.00359
;WIDTH:0.531234
G1 X141.077 Y92.519 E.00394
;WIDTH:0.575284
G1 X141.193 Y92.566 E.00424
G1 X141.258 Y92.669 E.00413
;WIDTH:0.537375
G1 X141.323 Y92.772 E.00384
;WIDTH:0.499465
G1 X141.365 Y92.931 E.00479
;WIDTH:0.461671
G1 X141.408 Y93.09 E.00441
;WIDTH:0.423876
G1 X141.45 Y93.25 E.00404
;WIDTH:0.386081
G1 X141.492 Y93.409 E.00363
;WIDTH:0.348286
G1 X141.492 Y116.492 E.45503
;WIDTH:0.38707
G1 X141.447 Y116.762 E.00606
;WIDTH:0.425854
G1 X141.402 Y117.033 E.00674
;WIDTH:0.46521
G1 X141.36 Y117.124 E.00271
;WIDTH:0.504565
G1 X141.318 Y117.215 E.00295
;WIDTH:0.543921
G1 X141.276 Y117.306 E.0032
;WIDTH:0.583276
G1 X141.233 Y117.398 E.00349
G1 X141.136 Y117.456 E.00388
;WIDTH:0.541326
G1 X141.038 Y117.513 E.0036
;WIDTH:0.499376
G1 X140.879 Y117.555 E.00479
;WIDTH:0.461604
G1 X140.72 Y117.598 E.00441
;WIDTH:0.423831
G1 X140.56 Y117.64 E.00404
;WIDTH:0.386059
G1 X140.401 Y117.682 E.00363
;WIDTH:0.348286
G1 X125.06 Y117.682 E.30241
M204 S1000
G1 X125 Y117.315 F10800
M204 S800
;TYPE:External perimeter
;WIDTH:0.449999
G1 F1500
M73 Q67 S9
G1 X109.699 Y117.315 E.39868
G1 X109.448 Y117.273 E.00663
G1 X109.156 Y117.104 E.00879
G1 X108.965 Y116.853 E.00822
G1 X108.875 Y116.491 E.00972
G1 X108.875 Y93.508 E.59884
G1 X108.957 Y93.158 E.00937
G1 X109.09 Y92.958 E.00626
G1 X109.348 Y92.767 E.00836
G1 X109.698 Y92.685 E.00937
G1 X140.301 Y92.685 E.79738
G1 X140.552 Y92.727 E.00663
G1 X140.844 Y92.896 E.00879
G1 X141.035 Y93.147 E.00822
G1 X141.125 Y93.509 E.00972
G1 X141.125 Y116.492 E.59884
G1 X141.051 Y116.83 E.00902
G1 X140.914 Y117.034 E.0064
G1 X140.663 Y117.225 E.00822
G1 X140.301 Y117.315 E.00972
G1 X125.06 Y117.315 E.39712
M204 S1000
G1 X125 Y117.998 F10800
M204 S800
;TYPE:Perimeter
;WIDTH:0.348286
G1 F2700
G1 X109.699 Y117.998 E.30162
;WIDTH:0.373762
G1 X109.446 Y117.985 E.0054
;WIDTH:0.399237
G1 X109.193 Y117.973 E.0058
;WIDTH:0.443308
G1 X109.045 Y117.951 E.00384
;WIDTH:0.487379
G1 X108.897 Y117.929 E.00425
;WIDTH:0.53145
G1 X108.75 Y117.906 E.00463
;WIDTH:0.575521
G1 X108.602 Y117.884 E.00507
;WIDTH:0.583289
G1 X108.309 Y117.881 E.01007
G1 X108.309 Y117.605 E.00949
G1 X108.287 Y117.455 E.00521
;WIDTH:0.538243
G1 X108.264 Y117.304 E.00482
;WIDTH:0.493196
G1 X108.242 Y117.154 E.00436
;WIDTH:0.448149
G1 X108.219 Y117.003 E.00396
;WIDTH:0.403102
G1 X108.206 Y116.747 E.00593
;WIDTH:0.375695
G1 X108.192 Y116.491 E.00549
;WIDTH:0.348287
G1 X108.192 Y93.25 E.45814
;WIDTH:0.389771
G1 X108.213 Y93.081 E.0038
;WIDTH:0.431254
G1 X108.233 Y92.912 E.00424
;WIDTH:0.472737
G1 X108.254 Y92.743 E.00468
;WIDTH:0.51422
G1 X108.275 Y92.574 E.00512
;WIDTH:0.546997
G1 X108.291 Y92.346 E.00734
;WIDTH:0.579774
G1 X108.308 Y92.118 E.00781
G1 X108.581 Y92.118 E.00932
G1 X108.723 Y92.095 E.00491
;WIDTH:0.533604
G1 X108.864 Y92.072 E.00447
;WIDTH:0.487434
G1 X109.005 Y92.048 E.00406
;WIDTH:0.441263
G1 X109.352 Y92.025 E.00887
;WIDTH:0.394771
G1 X109.698 Y92.002 E.00784
;WIDTH:0.348279
G1 X140.301 Y92.002 E.60325
;WIDTH:0.373609
G1 X140.554 Y92.015 E.00539
;WIDTH:0.399083
G1 X140.807 Y92.028 E.0058
;WIDTH:0.443134
G1 X140.955 Y92.05 E.00383
;WIDTH:0.487184
G1 X141.102 Y92.072 E.00422
;WIDTH:0.531234
G1 X141.25 Y92.094 E.00466
;WIDTH:0.575284
G1 X141.398 Y92.116 E.00507
;WIDTH:0.583217
G1 X141.691 Y92.12 E.01007
G1 X141.691 Y92.395 E.00945
G1 X141.713 Y92.546 E.00524
;WIDTH:0.538191
G1 X141.736 Y92.696 E.00479
;WIDTH:0.493166
G1 X141.758 Y92.846 E.00436
;WIDTH:0.44814
G1 X141.781 Y92.997 E.00396
;WIDTH:0.403114
G1 X141.794 Y93.253 E.00593
;WIDTH:0.3757
G1 X141.808 Y93.509 E.00549
;WIDTH:0.348286
G1 X141.808 Y116.764 E.45842
;WIDTH:0.393798
G1 X141.785 Y116.929 E.00376
;WIDTH:0.439309
G1 X141.763 Y117.094 E.00423
;WIDTH:0.484821
G1 X141.74 Y117.259 E.0047
;WIDTH:0.530333
G1 X141.717 Y117.424 E.00518
;WIDTH:0.575844
G1 X141.694 Y117.589 E.00565
;WIDTH:0.583276
G1 X141.691 Y117.881 E.01004
G1 X141.415 Y117.881 E.00949
G1 X141.265 Y117.903 E.00521
;WIDTH:0.538237
G1 X141.114 Y117.926 E.00482
;WIDTH:0.493197
G1 X140.964 Y117.948 E.00436
;WIDTH:0.448158
G1 X140.813 Y117.971 E.00396
;WIDTH:0.403118
G1 X140.557 Y117.984 E.00593
;WIDTH:0.375702
G1 X140.301 Y117.998 E.00549
;WIDTH:0.348286
G1 X125.06 Y117.998 E.30044
M204 S1000
G1 X125 Y118.365 F10800
M204 S800
;TYPE:External perimeter
;WIDTH:0.449999
G1 F1500
G1 X108.289 Y118.365 E.43542
G1 X108.082 Y118.326 E.00549
G1 X107.906 Y118.215 E.00542
G1 X107.825 Y117.974 E.00662
G1 X107.825 Y92.098 E.67422
G1 X107.862 Y91.898 E.0053
G1 X107.975 Y91.716 E.00558
G1 X108.215 Y91.635 E.0066
G1 X141.782 Y91.635 E.87461
G1 X142.001 Y91.707 E.00601
G1 X142.142 Y91.868 E.00558
G1 X142.175 Y92.076 E.00549
G1 X142.175 Y117.901 E.67289
G1 X142.136 Y118.108 E.00549
G1 X142.026 Y118.284 E.00541
G1 X141.785 Y118.365 E.00662
G1 X125.06 Y118.365 E.43578
M204 S1000
;LAYER_CHANGE
;Z:2.6
;HEIGHT:0.15
;BEFORE_LAYER_CHANGE
G92 E0.0
;2.6


;WIPE_START
G1 F8640
G1 X125 Y118.365 E-.01385
G1 X121.595 Y118.365 E-.78615
;WIPE_END
G1 Z2.6 F720
;AFTER_LAYER_CHANGE
;2.6
G1 Z3
G1 X125 Y117.682 F10800
G1 Z2.6 F720
G1 E.8 F2100
M204 S800
;TYPE:Perimeter
;WIDTH:0.348286
G1 F2700
G1 X109.699 Y117.682 E.30162
;WIDTH:0.373761
G1 X109.486 Y117.653 E.00458
;WIDTH:0.399235
G1 X109.274 Y117.624 E.0049
;WIDTH:0.444279
G1 X109.156 Y117.576 E.00327
;WIDTH:0.489322
G1 X109.037 Y117.527 E.00367
;WIDTH:0.534365
G1 X108.919 Y117.479 E.00399
;WIDTH:0.579408
G1 X108.801 Y117.43 E.00436
G1 X108.736 Y117.322 E.0043
;WIDTH:0.536911
G1 X108.671 Y117.215 E.00394
;WIDTH:0.494413
G1 X108.617 Y117.006 E.00622
;WIDTH:0.445705
G1 X108.562 Y116.798 E.00555
;WIDTH:0.396996
G1 X108.508 Y116.589 E.00491
;WIDTH:0.348287
G1 X108.508 Y93.508 E.45499
;WIDTH:0.394775
G1 X108.561 Y93.218 E.00667
;WIDTH:0.441263
G1 X108.613 Y92.928 E.00752
;WIDTH:0.546996
G1 X108.694 Y92.757 E.00607
;WIDTH:0.579774
G1 X108.775 Y92.585 E.00649
G1 X108.89 Y92.531 E.00434
;WIDTH:0.533603
G1 X109.004 Y92.477 E.00394
;WIDTH:0.487431
G1 X109.118 Y92.423 E.00358
;WIDTH:0.441259
G1 X109.408 Y92.371 E.00752
;WIDTH:0.394768
G1 X109.698 Y92.318 E.00667
;WIDTH:0.348276
G1 X140.301 Y92.318 E.60325
;WIDTH:0.373546
G1 X140.514 Y92.347 E.00458
;WIDTH:0.399017
G1 X140.726 Y92.376 E.00489
;WIDTH:0.443065
G1 X140.843 Y92.423 E.00323
;WIDTH:0.487112
G1 X140.96 Y92.471 E.00359
;WIDTH:0.53116
G1 X141.077 Y92.519 E.00394
;WIDTH:0.575207
G1 X141.193 Y92.566 E.00424
G1 X141.258 Y92.669 E.00412
;WIDTH:0.537337
G1 X141.323 Y92.772 E.00384
;WIDTH:0.499467
G1 X141.365 Y92.931 E.00479
;WIDTH:0.461672
G1 X141.408 Y93.09 E.00441
;WIDTH:0.423876
G1 X141.45 Y93.25 E.00404
;WIDTH:0.386081
G1 X141.492 Y93.409 E.00363
;WIDTH:0.348285
G1 X141.492 Y116.492 E.45502
;WIDTH:0.38707
G1 X141.447 Y116.762 E.00606
;WIDTH:0.425854
G1 X141.402 Y117.033 E.00674
;WIDTH:0.46521
G1 X141.36 Y117.124 E.00271
;WIDTH:0.504566
G1 X141.318 Y117.215 E.00295
;WIDTH:0.543922
G1 X141.276 Y117.306 E.0032
;WIDTH:0.583277
G1 X141.233 Y117.398 E.00349
G1 X141.136 Y117.456 E.00388
;WIDTH:0.541324
G1 X141.038 Y117.513 E.0036
;WIDTH:0.499371
G1 X140.879 Y117.555 E.00479
;WIDTH:0.4616
G1 X140.72 Y117.598 E.00441
;WIDTH:0.423829
G1 X140.56 Y117.64 E.00404
;WIDTH:0.386058
G1 X140.401 Y117.682 E.00363
;WIDTH:0.348286
G1 X125.06 Y117.682 E.30241
M204 S1000
G1 X125 Y117.315 F10800
M204 S800
;TYPE:External perimeter
;WIDTH:0.449999
G1 F1500
G1 X109.699 Y117.315 E.39868
G1 X109.448 Y117.273 E.00663
G1 X109.161 Y117.109 E.00861
G1 X108.961 Y116.844 E.00865
G1 X108.875 Y116.491 E.00947
G1 X108.875 Y93.508 E.59884
G1 X108.957 Y93.158 E.00937
M73 P68 R9
G1 X109.09 Y92.958 E.00626
G1 X109.348 Y92.767 E.00836
G1 X109.698 Y92.685 E.00937
G1 X140.301 Y92.685 E.79738
G1 X140.552 Y92.727 E.00663
M73 Q68 S9
G1 X140.844 Y92.896 E.00879
G1 X141.035 Y93.147 E.00822
G1 X141.125 Y93.509 E.00972
G1 X141.125 Y116.492 E.59884
G1 X141.051 Y116.83 E.00902
G1 X140.914 Y117.034 E.0064
G1 X140.663 Y117.225 E.00822
G1 X140.301 Y117.315 E.00972
G1 X125.06 Y117.315 E.39712
M204 S1000
G1 X125 Y117.998 F10800
M204 S800
;TYPE:Perimeter
;WIDTH:0.348286
G1 F2700
G1 X109.699 Y117.998 E.30162
;WIDTH:0.373761
G1 X109.446 Y117.985 E.0054
;WIDTH:0.399235
G1 X109.193 Y117.973 E.0058
;WIDTH:0.444279
G1 X109.043 Y117.95 E.0039
;WIDTH:0.489322
G1 X108.893 Y117.928 E.00432
;WIDTH:0.534365
G1 X108.743 Y117.905 E.00475
;WIDTH:0.579408
G1 X108.594 Y117.882 E.00515
;WIDTH:0.583325
G1 X108.309 Y117.881 E.0098
G1 X108.309 Y117.605 E.00949
G1 X108.287 Y117.452 E.00531
;WIDTH:0.537665
G1 X108.264 Y117.298 E.00491
;WIDTH:0.492006
G1 X108.241 Y117.145 E.00444
;WIDTH:0.446346
G1 X108.218 Y116.991 E.00402
;WIDTH:0.400686
G1 X108.205 Y116.741 E.00575
;WIDTH:0.374487
G1 X108.192 Y116.491 E.00534
;WIDTH:0.348287
G1 X108.192 Y93.25 E.45814
;WIDTH:0.38977
G1 X108.213 Y93.081 E.0038
;WIDTH:0.431253
G1 X108.233 Y92.912 E.00424
;WIDTH:0.472736
G1 X108.254 Y92.743 E.00468
;WIDTH:0.514218
G1 X108.275 Y92.574 E.00512
;WIDTH:0.546996
G1 X108.291 Y92.346 E.00734
;WIDTH:0.579774
G1 X108.308 Y92.118 E.00781
G1 X108.581 Y92.118 E.00932
G1 X108.723 Y92.095 E.00491
;WIDTH:0.533603
G1 X108.864 Y92.072 E.00447
;WIDTH:0.487431
G1 X109.005 Y92.048 E.00406
;WIDTH:0.441259
G1 X109.352 Y92.025 E.00887
;WIDTH:0.394768
G1 X109.698 Y92.002 E.00784
;WIDTH:0.348276
G1 X140.301 Y92.002 E.60325
;WIDTH:0.373546
G1 X140.554 Y92.015 E.00539
;WIDTH:0.399017
G1 X140.807 Y92.028 E.0058
;WIDTH:0.443065
G1 X140.955 Y92.05 E.00383
;WIDTH:0.487112
G1 X141.102 Y92.072 E.00422
;WIDTH:0.53116
G1 X141.25 Y92.094 E.00466
;WIDTH:0.575207
G1 X141.397 Y92.116 E.00503
;WIDTH:0.583183
G1 X141.691 Y92.12 E.0101
G1 X141.691 Y92.395 E.00945
G1 X141.713 Y92.546 E.00524
;WIDTH:0.538167
G1 X141.736 Y92.696 E.00479
;WIDTH:0.49315
G1 X141.758 Y92.846 E.00436
;WIDTH:0.448134
G1 X141.781 Y92.997 E.00396
;WIDTH:0.403117
G1 X141.794 Y93.253 E.00593
;WIDTH:0.375701
G1 X141.808 Y93.509 E.00549
;WIDTH:0.348285
G1 X141.808 Y116.764 E.45842
;WIDTH:0.393797
G1 X141.785 Y116.929 E.00376
;WIDTH:0.43931
G1 X141.763 Y117.094 E.00423
;WIDTH:0.484822
G1 X141.74 Y117.259 E.0047
;WIDTH:0.530334
G1 X141.717 Y117.424 E.00518
;WIDTH:0.575846
G1 X141.694 Y117.589 E.00565
;WIDTH:0.583277
G1 X141.691 Y117.881 E.01004
G1 X141.415 Y117.881 E.00949
G1 X141.265 Y117.903 E.00521
;WIDTH:0.538237
G1 X141.114 Y117.926 E.00482
;WIDTH:0.493197
G1 X140.964 Y117.948 E.00436
;WIDTH:0.448157
G1 X140.813 Y117.971 E.00396
;WIDTH:0.403116
G1 X140.557 Y117.984 E.00593
;WIDTH:0.375701
G1 X140.301 Y117.998 E.00549
;WIDTH:0.348286
G1 X125.06 Y117.998 E.30044
M204 S1000
G1 X125 Y118.365 F10800
M204 S800
;TYPE:External perimeter
;WIDTH:0.449999
G1 F1500
G1 X108.289 Y118.365 E.43542
G1 X108.082 Y118.326 E.00549
G1 X107.905 Y118.215 E.00544
G1 X107.825 Y117.974 E.00662
G1 X107.825 Y92.097 E.67424
G1 X107.861 Y91.9 E.00522
G1 X107.975 Y91.716 E.00564
G1 X108.215 Y91.635 E.0066
G1 X141.784 Y91.635 E.87466
G1 X142.001 Y91.707 E.00596
G1 X142.142 Y91.868 E.00558
G1 X142.175 Y92.076 E.00549
G1 X142.175 Y117.901 E.67289
G1 X142.136 Y118.108 E.00549
G1 X142.026 Y118.284 E.00541
G1 X141.785 Y118.365 E.00662
G1 X125.06 Y118.365 E.43578
M204 S1000
;LAYER_CHANGE
;Z:2.75
;HEIGHT:0.15
;BEFORE_LAYER_CHANGE
G92 E0.0
;2.75


;WIPE_START
G1 F8640
G1 X125 Y118.365 E-.01385
G1 X121.595 Y118.365 E-.78615
;WIPE_END
G1 Z2.75 F720
;AFTER_LAYER_CHANGE
;2.75
G1 Z3.15
G1 X125 Y117.682 F10800
G1 Z2.75 F720
G1 E.8 F2100
M204 S800
;TYPE:Perimeter
;WIDTH:0.348286
G1 F2700
G1 X109.699 Y117.682 E.30162
;WIDTH:0.373761
G1 X109.486 Y117.653 E.00458
;WIDTH:0.399235
G1 X109.274 Y117.624 E.0049
;WIDTH:0.444547
G1 X109.155 Y117.576 E.0033
;WIDTH:0.489858
G1 X109.037 Y117.527 E.00365
;WIDTH:0.535169
G1 X108.918 Y117.478 E.00404
;WIDTH:0.58048
G1 X108.799 Y117.429 E.0044
G1 X108.735 Y117.32 E.00432
;WIDTH:0.536754
G1 X108.67 Y117.211 E.00399
;WIDTH:0.493027
G1 X108.616 Y116.998 E.00632
;WIDTH:0.444781
G1 X108.562 Y116.785 E.00565
;WIDTH:0.396534
G1 X108.508 Y116.572 E.00499
;WIDTH:0.348287
G1 X108.508 Y93.508 E.45465
;WIDTH:0.394776
G1 X108.561 Y93.218 E.00667
;WIDTH:0.441264
G1 X108.613 Y92.928 E.00752
;WIDTH:0.487434
G1 X108.667 Y92.814 E.00358
;WIDTH:0.533604
G1 X108.721 Y92.7 E.00394
;WIDTH:0.579774
G1 X108.775 Y92.585 E.00434
G1 X108.89 Y92.531 E.00434
;WIDTH:0.533603
G1 X109.004 Y92.477 E.00394
;WIDTH:0.487432
G1 X109.118 Y92.423 E.00358
;WIDTH:0.44126
G1 X109.408 Y92.371 E.00752
;WIDTH:0.394767
G1 X109.698 Y92.318 E.00667
;WIDTH:0.348273
G1 X140.301 Y92.318 E.60324
;WIDTH:0.373483
G1 X140.514 Y92.347 E.00458
;WIDTH:0.398952
G1 X140.726 Y92.376 E.00489
;WIDTH:0.442998
G1 X140.843 Y92.423 E.00323
;WIDTH:0.487043
G1 X140.96 Y92.471 E.00359
;WIDTH:0.531088
G1 X141.077 Y92.519 E.00393
;WIDTH:0.575133
G1 X141.193 Y92.566 E.00424
G1 X141.258 Y92.669 E.00412
;WIDTH:0.537298
G1 X141.323 Y92.772 E.00384
;WIDTH:0.499463
G1 X141.365 Y92.931 E.00479
;WIDTH:0.461669
G1 X141.408 Y93.09 E.00441
;WIDTH:0.423874
G1 X141.45 Y93.25 E.00404
;WIDTH:0.38608
G1 X141.492 Y93.409 E.00363
;WIDTH:0.348285
G1 X141.492 Y116.492 E.45502
;WIDTH:0.387071
G1 X141.447 Y116.762 E.00606
;WIDTH:0.425856
G1 X141.402 Y117.033 E.00674
;WIDTH:0.465211
G1 X141.36 Y117.124 E.00271
;WIDTH:0.504566
G1 X141.318 Y117.215 E.00295
;WIDTH:0.543921
G1 X141.276 Y117.306 E.0032
;WIDTH:0.583276
G1 X141.233 Y117.398 E.00349
G1 X141.136 Y117.456 E.00388
;WIDTH:0.541323
G1 X141.038 Y117.513 E.0036
;WIDTH:0.49937
G1 X140.879 Y117.555 E.00479
;WIDTH:0.461599
G1 X140.72 Y117.598 E.00441
;WIDTH:0.423828
G1 X140.56 Y117.64 E.00404
;WIDTH:0.386057
G1 X140.401 Y117.682 E.00363
;WIDTH:0.348286
G1 X125.06 Y117.682 E.30241
M204 S1000
G1 X125 Y117.315 F10800
M204 S800
;TYPE:External perimeter
;WIDTH:0.449999
G1 F1500
G1 X109.699 Y117.315 E.39868
G1 X109.448 Y117.273 E.00663
G1 X109.162 Y117.11 E.00858
G1 X108.96 Y116.842 E.00874
G1 X108.875 Y116.518 E.00873
G1 X108.875 Y93.508 E.59954
G1 X108.957 Y93.158 E.00937
G1 X109.148 Y92.9 E.00836
G1 X109.423 Y92.736 E.00834
G1 X109.698 Y92.685 E.00729
G1 X140.301 Y92.685 E.79738
G1 X140.552 Y92.727 E.00663
G1 X140.844 Y92.897 E.0088
M73 P69 R9
G1 X141.035 Y93.147 E.0082
G1 X141.125 Y93.509 E.00972
G1 X141.125 Y116.492 E.59884
G1 X141.051 Y116.83 E.00902
G1 X140.914 Y117.034 E.0064
G1 X140.663 Y117.225 E.00822
G1 X140.301 Y117.315 E.00972
G1 X125.06 Y117.315 E.39712
M204 S1000
G1 X125 Y117.998 F10800
M73 Q69 S9
M204 S800
;TYPE:Perimeter
;WIDTH:0.348286
G1 F2700
G1 X109.699 Y117.998 E.30162
;WIDTH:0.373761
G1 X109.446 Y117.985 E.0054
;WIDTH:0.399235
G1 X109.193 Y117.973 E.0058
;WIDTH:0.444547
G1 X109.042 Y117.95 E.00393
;WIDTH:0.489858
G1 X108.892 Y117.927 E.00433
;WIDTH:0.535169
G1 X108.742 Y117.905 E.00476
;WIDTH:0.58048
G1 X108.591 Y117.882 E.00522
;WIDTH:0.58333
G1 X108.309 Y117.881 E.00969
G1 X108.287 Y117.621 E.00897
;WIDTH:0.538179
G1 X108.264 Y117.361 E.00824
;WIDTH:0.493027
G1 X108.24 Y117.071 E.00836
;WIDTH:0.444781
G1 X108.216 Y116.781 E.00749
;WIDTH:0.396534
G1 X108.192 Y116.491 E.00661
;WIDTH:0.348287
G1 X108.192 Y93.25 E.45814
;WIDTH:0.38977
G1 X108.213 Y93.081 E.0038
;WIDTH:0.431253
G1 X108.233 Y92.912 E.00424
;WIDTH:0.472736
G1 X108.254 Y92.743 E.00468
;WIDTH:0.514219
G1 X108.275 Y92.574 E.00512
;WIDTH:0.546997
G1 X108.291 Y92.346 E.00734
;WIDTH:0.579774
G1 X108.308 Y92.118 E.00781
G1 X108.581 Y92.118 E.00932
G1 X108.723 Y92.095 E.00491
;WIDTH:0.533603
G1 X108.864 Y92.072 E.00447
;WIDTH:0.487432
G1 X109.005 Y92.048 E.00406
;WIDTH:0.44126
G1 X109.352 Y92.025 E.00887
;WIDTH:0.394767
G1 X109.698 Y92.002 E.00784
;WIDTH:0.348273
G1 X140.301 Y92.002 E.60324
;WIDTH:0.373483
G1 X140.554 Y92.015 E.00539
;WIDTH:0.398952
G1 X140.807 Y92.028 E.00579
;WIDTH:0.442998
G1 X140.955 Y92.05 E.00383
;WIDTH:0.487043
G1 X141.102 Y92.072 E.00422
;WIDTH:0.531088
G1 X141.25 Y92.094 E.00466
;WIDTH:0.575133
G1 X141.397 Y92.116 E.00503
;WIDTH:0.583148
G1 X141.691 Y92.12 E.0101
G1 X141.691 Y92.395 E.00945
G1 X141.713 Y92.546 E.00524
;WIDTH:0.53814
G1 X141.736 Y92.696 E.00479
;WIDTH:0.493132
G1 X141.758 Y92.846 E.00436
;WIDTH:0.448124
G1 X141.781 Y92.997 E.00396
;WIDTH:0.403115
G1 X141.794 Y93.253 E.00593
;WIDTH:0.3757
G1 X141.808 Y93.509 E.00549
;WIDTH:0.348285
G1 X141.808 Y116.764 E.45842
;WIDTH:0.393798
G1 X141.785 Y116.929 E.00376
M73 P69 R8
;WIDTH:0.43931
G1 X141.763 Y117.094 E.00423
;WIDTH:0.484822
G1 X141.74 Y117.259 E.0047
;WIDTH:0.530335
G1 X141.717 Y117.424 E.00518
;WIDTH:0.575847
G1 X141.694 Y117.589 E.00565
;WIDTH:0.583276
G1 X141.691 Y117.881 E.01004
G1 X141.415 Y117.881 E.00949
G1 X141.265 Y117.903 E.00521
;WIDTH:0.538236
G1 X141.114 Y117.926 E.00482
;WIDTH:0.493196
G1 X140.964 Y117.948 E.00436
;WIDTH:0.448156
G1 X140.813 Y117.971 E.00396
;WIDTH:0.403116
G1 X140.557 Y117.984 E.00593
;WIDTH:0.375701
G1 X140.301 Y117.998 E.00549
;WIDTH:0.348286
G1 X125.06 Y117.998 E.30044
M204 S1000
G1 X125 Y118.365 F10800
M204 S800
;TYPE:External perimeter
;WIDTH:0.449999
G1 F1500
G1 X108.289 Y118.365 E.43542
G1 X108.083 Y118.326 E.00546
G1 X107.905 Y118.215 E.00547
G1 X107.825 Y117.973 E.00664
G1 X107.825 Y92.097 E.67422
G1 X107.86 Y91.904 E.00511
G1 X107.98 Y91.711 E.00592
G1 X108.221 Y91.635 E.00658
G1 X141.112 Y91.636 E.857
G1 X141.786 Y91.636 E.01756
M73 Q69 S8
G1 X142.001 Y91.707 E.0059
G1 X142.142 Y91.868 E.00558
G1 X142.175 Y92.076 E.00549
G1 X142.175 Y117.901 E.67289
G1 X142.136 Y118.108 E.00549
G1 X142.026 Y118.284 E.00541
G1 X141.785 Y118.365 E.00662
G1 X125.06 Y118.365 E.43578
M204 S1000
;LAYER_CHANGE
;Z:2.9
;HEIGHT:0.15
;BEFORE_LAYER_CHANGE
G92 E0.0
;2.9


;WIPE_START
G1 F8640
G1 X125 Y118.365 E-.01385
G1 X121.595 Y118.365 E-.78615
;WIPE_END
G1 Z2.9 F720
;AFTER_LAYER_CHANGE
;2.9
G1 Z3.3
G1 X125 Y117.682 F10800
G1 Z2.9 F720
G1 E.8 F2100
M204 S800
;TYPE:Perimeter
;WIDTH:0.348286
G1 F2700
G1 X109.699 Y117.682 E.30162
;WIDTH:0.37376
G1 X109.486 Y117.653 E.00458
;WIDTH:0.399233
G1 X109.274 Y117.624 E.0049
;WIDTH:0.443305
G1 X109.157 Y117.577 E.00323
;WIDTH:0.487376
G1 X109.04 Y117.529 E.00359
;WIDTH:0.531447
G1 X108.923 Y117.481 E.00394
;WIDTH:0.575518
G1 X108.806 Y117.434 E.00427
G1 X108.742 Y117.331 E.00411
;WIDTH:0.537471
G1 X108.677 Y117.228 E.00384
;WIDTH:0.499424
G1 X108.635 Y117.065 E.0049
;WIDTH:0.46164
G1 X108.592 Y116.901 E.00454
;WIDTH:0.423856
G1 X108.55 Y116.738 E.00411
;WIDTH:0.386072
G1 X108.508 Y116.574 E.00374
;WIDTH:0.348287
G1 X108.508 Y93.508 E.45469
;WIDTH:0.394776
G1 X108.561 Y93.218 E.00667
;WIDTH:0.441264
G1 X108.613 Y92.928 E.00752
;WIDTH:0.487434
G1 X108.667 Y92.814 E.00358
;WIDTH:0.533604
G1 X108.721 Y92.7 E.00394
;WIDTH:0.579774
G1 X108.775 Y92.585 E.00434
G1 X108.89 Y92.531 E.00434
;WIDTH:0.533602
G1 X109.004 Y92.477 E.00394
;WIDTH:0.48743
G1 X109.118 Y92.423 E.00358
;WIDTH:0.441258
G1 X109.408 Y92.371 E.00752
;WIDTH:0.394764
G1 X109.698 Y92.318 E.00667
;WIDTH:0.34827
G1 X140.301 Y92.318 E.60323
;WIDTH:0.373421
G1 X140.514 Y92.347 E.00457
;WIDTH:0.398888
G1 X140.726 Y92.376 E.00489
;WIDTH:0.442931
G1 X140.843 Y92.423 E.00323
;WIDTH:0.486973
G1 X140.96 Y92.471 E.00359
;WIDTH:0.531016
G1 X141.077 Y92.519 E.00393
;WIDTH:0.575058
G1 X141.193 Y92.566 E.00424
G1 X141.258 Y92.669 E.00412
;WIDTH:0.537261
G1 X141.323 Y92.772 E.00384
;WIDTH:0.499464
G1 X141.365 Y92.931 E.00479
;WIDTH:0.46167
G1 X141.408 Y93.09 E.00441
;WIDTH:0.423875
G1 X141.45 Y93.25 E.00404
;WIDTH:0.38608
G1 X141.492 Y93.409 E.00363
;WIDTH:0.348285
G1 X141.492 Y116.492 E.45502
;WIDTH:0.38707
G1 X141.447 Y116.762 E.00606
;WIDTH:0.425855
G1 X141.402 Y117.033 E.00674
;WIDTH:0.46521
G1 X141.36 Y117.124 E.00271
;WIDTH:0.504566
G1 X141.318 Y117.215 E.00295
;WIDTH:0.543921
G1 X141.276 Y117.306 E.0032
;WIDTH:0.583276
G1 X141.233 Y117.398 E.00349
G1 X141.136 Y117.456 E.00388
;WIDTH:0.541323
G1 X141.038 Y117.513 E.0036
;WIDTH:0.499369
G1 X140.879 Y117.555 E.00479
;WIDTH:0.461599
G1 X140.72 Y117.598 E.00441
;WIDTH:0.423828
G1 X140.56 Y117.64 E.00404
;WIDTH:0.386057
G1 X140.401 Y117.682 E.00363
;WIDTH:0.348286
G1 X125.06 Y117.682 E.30241
M204 S1000
G1 X125 Y117.315 F10800
M204 S800
;TYPE:External perimeter
;WIDTH:0.449999
G1 F1500
G1 X109.699 Y117.315 E.39868
G1 X109.448 Y117.273 E.00663
G1 X109.156 Y117.104 E.00879
G1 X108.965 Y116.853 E.00822
G1 X108.875 Y116.519 E.00901
G1 X108.875 Y93.508 E.59957
G1 X108.957 Y93.158 E.00937
G1 X109.148 Y92.9 E.00836
G1 X109.423 Y92.736 E.00834
G1 X109.698 Y92.685 E.00729
G1 X140.301 Y92.685 E.79738
G1 X140.552 Y92.727 E.00663
G1 X140.844 Y92.897 E.0088
G1 X141.035 Y93.147 E.0082
G1 X141.125 Y93.509 E.00972
G1 X141.125 Y116.492 E.59884
G1 X141.051 Y116.83 E.00902
G1 X140.914 Y117.034 E.0064
G1 X140.663 Y117.225 E.00822
G1 X140.301 Y117.315 E.00972
G1 X125.06 Y117.315 E.39712
M204 S1000
G1 X125 Y117.998 F10800
M204 S800
;TYPE:Perimeter
;WIDTH:0.348286
G1 F2700
G1 X109.699 Y117.998 E.30162
;WIDTH:0.37376
G1 X109.446 Y117.985 E.0054
;WIDTH:0.399233
G1 X109.193 Y117.973 E.0058
;WIDTH:0.443305
G1 X109.045 Y117.951 E.00384
;WIDTH:0.487376
G1 X108.897 Y117.929 E.00425
;WIDTH:0.531447
G1 X108.75 Y117.906 E.00463
;WIDTH:0.575518
G1 X108.602 Y117.884 E.00507
;WIDTH:0.583289
G1 X108.309 Y117.881 E.01007
G1 X108.309 Y117.605 E.00949
G1 X108.287 Y117.455 E.00521
;WIDTH:0.538243
G1 X108.264 Y117.304 E.00482
;WIDTH:0.493196
G1 X108.242 Y117.154 E.00436
;WIDTH:0.44815
G1 X108.219 Y117.003 E.00396
;WIDTH:0.403103
G1 X108.206 Y116.747 E.00593
;WIDTH:0.375695
G1 X108.192 Y116.491 E.00549
M73 P70 R8
;WIDTH:0.348287
G1 X108.192 Y93.25 E.45814
;WIDTH:0.38977
G1 X108.213 Y93.081 E.0038
;WIDTH:0.431253
G1 X108.233 Y92.912 E.00424
;WIDTH:0.472736
G1 X108.254 Y92.743 E.00468
;WIDTH:0.514218
G1 X108.275 Y92.574 E.00512
;WIDTH:0.546996
G1 X108.291 Y92.346 E.00734
;WIDTH:0.579774
G1 X108.308 Y92.118 E.00781
G1 X108.581 Y92.118 E.00932
G1 X108.723 Y92.095 E.00491
;WIDTH:0.533602
G1 X108.864 Y92.072 E.00447
;WIDTH:0.48743
G1 X109.005 Y92.048 E.00406
;WIDTH:0.441258
G1 X109.352 Y92.025 E.00887
;WIDTH:0.394764
G1 X109.698 Y92.002 E.00784
;WIDTH:0.34827
G1 X140.301 Y92.002 E.60323
;WIDTH:0.373421
G1 X140.554 Y92.015 E.00539
;WIDTH:0.398888
G1 X140.807 Y92.028 E.00579
;WIDTH:0.442931
G1 X140.955 Y92.05 E.00383
;WIDTH:0.486973
G1 X141.102 Y92.072 E.00422
;WIDTH:0.531016
G1 X141.25 Y92.094 E.00465
;WIDTH:0.575058
G1 X141.397 Y92.116 E.00503
;WIDTH:0.583114
G1 X141.691 Y92.12 E.0101
G1 X141.691 Y92.396 E.00948
G1 X141.713 Y92.546 E.00521
;WIDTH:0.538114
G1 X141.736 Y92.696 E.00479
;WIDTH:0.493114
G1 X141.758 Y92.846 E.00436
;WIDTH:0.448114
G1 X141.781 Y92.997 E.00396
;WIDTH:0.403114
G1 X141.794 Y93.253 E.00593
;WIDTH:0.3757
G1 X141.808 Y93.509 E.00549
;WIDTH:0.348285
G1 X141.808 Y116.764 E.45842
;WIDTH:0.393798
G1 X141.785 Y116.929 E.00376
M73 Q70 S8
;WIDTH:0.439312
G1 X141.763 Y117.094 E.00423
;WIDTH:0.484825
G1 X141.74 Y117.259 E.0047
;WIDTH:0.530338
G1 X141.717 Y117.424 E.00518
;WIDTH:0.575851
G1 X141.694 Y117.589 E.00565
;WIDTH:0.583276
G1 X141.691 Y117.881 E.01004
G1 X141.415 Y117.881 E.00949
G1 X141.265 Y117.903 E.00521
;WIDTH:0.538237
G1 X141.114 Y117.926 E.00482
;WIDTH:0.493197
G1 X140.964 Y117.948 E.00436
;WIDTH:0.448158
G1 X140.813 Y117.971 E.00396
;WIDTH:0.403118
G1 X140.557 Y117.984 E.00593
;WIDTH:0.375702
G1 X140.301 Y117.998 E.00549
;WIDTH:0.348286
G1 X125.06 Y117.998 E.30044
M204 S1000
G1 X125 Y118.365 F10800
M204 S800
;TYPE:External perimeter
;WIDTH:0.449999
G1 F1500
G1 X108.289 Y118.365 E.43542
G1 X108.083 Y118.326 E.00546
G1 X107.905 Y118.215 E.00547
G1 X107.825 Y117.973 E.00664
G1 X107.825 Y92.392 E.66653
G1 X107.859 Y91.907 E.01267
G1 X107.98 Y91.711 E.006
G1 X108.221 Y91.635 E.00658
G1 X141.113 Y91.636 E.85702
G1 X141.788 Y91.636 E.01759
G1 X142.001 Y91.707 E.00585
G1 X142.142 Y91.868 E.00558
G1 X142.175 Y92.076 E.00549
G1 X142.175 Y117.901 E.67289
G1 X142.136 Y118.108 E.00549
G1 X142.026 Y118.284 E.00541
G1 X141.785 Y118.365 E.00662
G1 X125.06 Y118.365 E.43578
M204 S1000
;LAYER_CHANGE
;Z:3.05
;HEIGHT:0.15
;BEFORE_LAYER_CHANGE
G92 E0.0
;3.05


;WIPE_START
G1 F8640
G1 X125 Y118.365 E-.01385
G1 X121.595 Y118.365 E-.78615
;WIPE_END
G1 Z3.05 F720
;AFTER_LAYER_CHANGE
;3.05
G1 Z3.45
G1 X125 Y117.682 F10800
G1 Z3.05 F720
G1 E.8 F2100
M204 S800
;TYPE:Perimeter
;WIDTH:0.348286
G1 F2700
G1 X109.699 Y117.682 E.30162
;WIDTH:0.37376
G1 X109.486 Y117.653 E.00458
;WIDTH:0.399234
G1 X109.274 Y117.624 E.0049
;WIDTH:0.443307
G1 X109.157 Y117.577 E.00323
;WIDTH:0.487379
G1 X109.04 Y117.529 E.00359
;WIDTH:0.531451
G1 X108.923 Y117.481 E.00394
;WIDTH:0.575523
G1 X108.806 Y117.434 E.00427
G1 X108.742 Y117.331 E.00411
;WIDTH:0.537474
G1 X108.677 Y117.228 E.00384
;WIDTH:0.499425
G1 X108.635 Y117.065 E.0049
;WIDTH:0.461641
G1 X108.592 Y116.901 E.00454
;WIDTH:0.423856
G1 X108.55 Y116.738 E.00411
;WIDTH:0.386072
G1 X108.508 Y116.574 E.00374
;WIDTH:0.348287
G1 X108.508 Y93.508 E.45469
;WIDTH:0.394775
G1 X108.561 Y93.218 E.00667
;WIDTH:0.441263
G1 X108.613 Y92.928 E.00752
;WIDTH:0.487433
G1 X108.667 Y92.814 E.00358
;WIDTH:0.533603
G1 X108.721 Y92.7 E.00394
;WIDTH:0.579773
G1 X108.775 Y92.585 E.00434
G1 X108.89 Y92.531 E.00434
;WIDTH:0.5336
G1 X109.004 Y92.477 E.00394
;WIDTH:0.487426
G1 X109.118 Y92.423 E.00358
;WIDTH:0.441252
G1 X109.408 Y92.371 E.00752
;WIDTH:0.39476
G1 X109.698 Y92.318 E.00667
;WIDTH:0.348268
G1 X140.301 Y92.318 E.60323
;WIDTH:0.373357
G1 X140.514 Y92.347 E.00457
;WIDTH:0.398822
G1 X140.726 Y92.376 E.00489
;WIDTH:0.442861
G1 X140.843 Y92.423 E.00323
;WIDTH:0.486899
G1 X140.96 Y92.471 E.00359
;WIDTH:0.530937
G1 X141.076 Y92.519 E.0039
;WIDTH:0.574975
G1 X141.193 Y92.566 E.00427
G1 X141.258 Y92.669 E.00412
;WIDTH:0.537223
G1 X141.323 Y92.772 E.00384
;WIDTH:0.499471
G1 X141.365 Y92.931 E.00479
;WIDTH:0.461675
G1 X141.408 Y93.09 E.00441
;WIDTH:0.423878
G1 X141.45 Y93.25 E.00404
;WIDTH:0.386082
G1 X141.492 Y93.409 E.00363
;WIDTH:0.348285
G1 X141.492 Y116.492 E.45502
;WIDTH:0.38707
G1 X141.447 Y116.762 E.00606
;WIDTH:0.425854
G1 X141.402 Y117.033 E.00674
;WIDTH:0.46521
G1 X141.36 Y117.124 E.00271
;WIDTH:0.504565
G1 X141.318 Y117.215 E.00295
;WIDTH:0.543921
G1 X141.276 Y117.306 E.0032
;WIDTH:0.583276
G1 X141.233 Y117.398 E.00349
G1 X141.136 Y117.456 E.00388
;WIDTH:0.541323
G1 X141.038 Y117.513 E.0036
;WIDTH:0.49937
G1 X140.879 Y117.555 E.00479
;WIDTH:0.461599
G1 X140.72 Y117.598 E.00441
;WIDTH:0.423828
G1 X140.56 Y117.64 E.00404
;WIDTH:0.386057
G1 X140.401 Y117.682 E.00363
;WIDTH:0.348286
G1 X125.06 Y117.682 E.30241
M204 S1000
G1 X125 Y117.315 F10800
M204 S800
;TYPE:External perimeter
;WIDTH:0.449999
G1 F1500
G1 X109.699 Y117.315 E.39868
G1 X109.448 Y117.273 E.00663
G1 X109.156 Y117.104 E.00879
G1 X108.965 Y116.853 E.00822
G1 X108.875 Y116.519 E.00901
G1 X108.875 Y93.508 E.59957
G1 X108.957 Y93.158 E.00937
G1 X109.148 Y92.9 E.00836
G1 X109.423 Y92.736 E.00834
G1 X109.698 Y92.685 E.00729
G1 X140.301 Y92.685 E.79738
G1 X140.552 Y92.727 E.00663
G1 X140.844 Y92.897 E.0088
G1 X141.035 Y93.147 E.0082
G1 X141.125 Y93.509 E.00972
G1 X141.125 Y116.492 E.59884
G1 X141.051 Y116.83 E.00902
G1 X140.914 Y117.034 E.0064
G1 X140.663 Y117.225 E.00822
G1 X140.301 Y117.315 E.00972
G1 X125.06 Y117.315 E.39712
M204 S1000
G1 X125 Y117.998 F10800
M204 S800
;TYPE:Perimeter
;WIDTH:0.348286
G1 F2700
G1 X109.699 Y117.998 E.30162
;WIDTH:0.37376
G1 X109.446 Y117.985 E.0054
;WIDTH:0.399234
G1 X109.193 Y117.973 E.0058
;WIDTH:0.443307
G1 X109.045 Y117.951 E.00384
;WIDTH:0.487379
G1 X108.897 Y117.929 E.00425
;WIDTH:0.531451
G1 X108.75 Y117.906 E.00463
;WIDTH:0.575523
G1 X108.602 Y117.884 E.00507
;WIDTH:0.583288
G1 X108.309 Y117.881 E.01007
G1 X108.309 Y117.605 E.00949
G1 X108.287 Y117.455 E.00521
;WIDTH:0.538243
G1 X108.264 Y117.304 E.00482
;WIDTH:0.493197
G1 X108.242 Y117.154 E.00436
;WIDTH:0.448151
G1 X108.219 Y117.003 E.00396
;WIDTH:0.403105
G1 X108.206 Y116.747 E.00593
;WIDTH:0.375696
G1 X108.192 Y116.491 E.00549
;WIDTH:0.348287
G1 X108.192 Y93.25 E.45814
;WIDTH:0.389771
G1 X108.213 Y93.081 E.0038
;WIDTH:0.431254
G1 X108.233 Y92.912 E.00424
;WIDTH:0.472737
G1 X108.254 Y92.743 E.00468
;WIDTH:0.51422
G1 X108.275 Y92.574 E.00512
;WIDTH:0.546997
G1 X108.291 Y92.346 E.00734
;WIDTH:0.579773
G1 X108.308 Y92.118 E.00781
G1 X108.581 Y92.118 E.00932
G1 X108.723 Y92.095 E.00491
;WIDTH:0.5336
G1 X108.864 Y92.072 E.00447
;WIDTH:0.487426
G1 X109.005 Y92.048 E.00406
;WIDTH:0.441252
G1 X109.352 Y92.025 E.00887
;WIDTH:0.39476
G1 X109.698 Y92.002 E.00784
;WIDTH:0.348268
G1 X140.301 Y92.003 E.60323
;WIDTH:0.373357
G1 X140.554 Y92.015 E.00539
;WIDTH:0.398822
G1 X140.807 Y92.028 E.00579
;WIDTH:0.442861
G1 X140.955 Y92.05 E.00383
;WIDTH:0.486899
G1 X141.102 Y92.072 E.00421
;WIDTH:0.530937
G1 X141.25 Y92.094 E.00465
;WIDTH:0.574975
G1 X141.397 Y92.116 E.00503
;WIDTH:0.58308
G1 X141.691 Y92.12 E.0101
G1 X141.691 Y92.396 E.00948
G1 X141.713 Y92.546 E.00521
;WIDTH:0.53809
G1 X141.736 Y92.696 E.00479
;WIDTH:0.493099
G1 X141.758 Y92.846 E.00436
;WIDTH:0.448108
G1 X141.781 Y92.997 E.00396
;WIDTH:0.403117
G1 X141.794 Y93.253 E.00593
;WIDTH:0.375701
G1 X141.808 Y93.509 E.00549
;WIDTH:0.348285
G1 X141.808 Y116.764 E.45842
;WIDTH:0.393798
G1 X141.785 Y116.929 E.00376
;WIDTH:0.439311
G1 X141.763 Y117.094 E.00423
;WIDTH:0.484824
G1 X141.74 Y117.259 E.0047
;WIDTH:0.530336
G1 X141.717 Y117.424 E.00518
;WIDTH:0.575849
G1 X141.694 Y117.589 E.00565
;WIDTH:0.583276
G1 X141.691 Y117.881 E.01004
G1 X141.415 Y117.881 E.00949
G1 X141.265 Y117.903 E.00521
;WIDTH:0.538236
G1 X141.114 Y117.926 E.00482
;WIDTH:0.493196
G1 X140.964 Y117.948 E.00436
;WIDTH:0.448156
G1 X140.813 Y117.971 E.00396
;WIDTH:0.403116
G1 X140.557 Y117.984 E.00593
;WIDTH:0.375701
G1 X140.301 Y117.998 E.00549
;WIDTH:0.348286
G1 X125.06 Y117.998 E.30044
M204 S1000
G1 X125 Y118.365 F10800
M73 P71 R8
M204 S800
;TYPE:External perimeter
;WIDTH:0.449999
G1 F1500
G1 X108.289 Y118.365 E.43542
G1 X108.097 Y118.33 E.00509
G1 X107.905 Y118.215 E.00583
G1 X107.825 Y117.973 E.00664
G1 X107.825 Y92.392 E.66653
G1 X107.858 Y91.907 E.01267
M73 Q71 S8
G1 X107.979 Y91.711 E.006
G1 X108.221 Y91.635 E.00661
G1 X141.115 Y91.636 E.85708
G1 X141.79 Y91.636 E.01759
G1 X142.001 Y91.707 E.0058
G1 X142.142 Y91.868 E.00558
G1 X142.175 Y92.076 E.00549
G1 X142.175 Y117.901 E.67289
G1 X142.136 Y118.108 E.00549
G1 X142.026 Y118.284 E.00541
G1 X141.785 Y118.365 E.00662
G1 X125.06 Y118.365 E.43578
M204 S1000
;LAYER_CHANGE
;Z:3.2
;HEIGHT:0.15
;BEFORE_LAYER_CHANGE
G92 E0.0
;3.2


;WIPE_START
G1 F8640
G1 X125 Y118.365 E-.01385
G1 X121.595 Y118.365 E-.78615
;WIPE_END
G1 Z3.2 F720
;AFTER_LAYER_CHANGE
;3.2
G1 Z3.6
G1 X125 Y117.682 F10800
G1 Z3.2 F720
G1 E.8 F2100
M204 S800
;TYPE:Perimeter
;WIDTH:0.348286
G1 F2700
G1 X109.699 Y117.682 E.30162
;WIDTH:0.373761
G1 X109.486 Y117.653 E.00458
;WIDTH:0.399236
G1 X109.274 Y117.624 E.0049
;WIDTH:0.443309
G1 X109.157 Y117.577 E.00323
;WIDTH:0.487382
G1 X109.04 Y117.529 E.00359
;WIDTH:0.531455
G1 X108.923 Y117.481 E.00394
;WIDTH:0.575527
G1 X108.806 Y117.434 E.00427
G1 X108.742 Y117.331 E.00411
;WIDTH:0.537474
G1 X108.677 Y117.228 E.00384
;WIDTH:0.49942
G1 X108.635 Y117.069 E.00479
;WIDTH:0.461637
G1 X108.592 Y116.91 E.00441
;WIDTH:0.423854
G1 X108.55 Y116.75 E.00404
;WIDTH:0.386071
G1 X108.508 Y116.591 E.00363
;WIDTH:0.348287
G1 X108.508 Y93.508 E.45503
;WIDTH:0.394776
G1 X108.561 Y93.218 E.00667
;WIDTH:0.441264
G1 X108.613 Y92.928 E.00752
;WIDTH:0.546996
G1 X108.694 Y92.757 E.00607
;WIDTH:0.579772
G1 X108.775 Y92.585 E.00649
G1 X108.89 Y92.531 E.00434
;WIDTH:0.533599
G1 X109.004 Y92.477 E.00394
;WIDTH:0.487426
G1 X109.118 Y92.423 E.00358
;WIDTH:0.441253
G1 X109.408 Y92.371 E.00752
;WIDTH:0.394759
G1 X109.698 Y92.318 E.00667
;WIDTH:0.348265
G1 X140.301 Y92.318 E.60323
;WIDTH:0.373293
G1 X140.514 Y92.347 E.00457
;WIDTH:0.398755
G1 X140.726 Y92.376 E.00489
;WIDTH:0.442793
G1 X140.843 Y92.423 E.00323
;WIDTH:0.48683
G1 X140.96 Y92.471 E.00359
;WIDTH:0.530867
G1 X141.076 Y92.519 E.0039
;WIDTH:0.574904
G1 X141.193 Y92.567 E.00428
G1 X141.258 Y92.669 E.00409
;WIDTH:0.537186
G1 X141.323 Y92.772 E.00384
;WIDTH:0.499468
G1 X141.365 Y92.931 E.00479
;WIDTH:0.461673
G1 X141.408 Y93.09 E.00441
;WIDTH:0.423877
G1 X141.45 Y93.25 E.00404
;WIDTH:0.386081
G1 X141.492 Y93.409 E.00363
;WIDTH:0.348285
G1 X141.492 Y116.492 E.45502
;WIDTH:0.387068
G1 X141.447 Y116.762 E.00606
;WIDTH:0.425851
G1 X141.402 Y117.033 E.00674
;WIDTH:0.465208
G1 X141.36 Y117.124 E.00271
;WIDTH:0.504564
G1 X141.318 Y117.215 E.00295
;WIDTH:0.54392
G1 X141.276 Y117.306 E.0032
;WIDTH:0.583276
G1 X141.233 Y117.398 E.00349
G1 X141.136 Y117.456 E.00388
;WIDTH:0.541323
G1 X141.038 Y117.513 E.0036
;WIDTH:0.49937
G1 X140.879 Y117.555 E.00479
;WIDTH:0.461599
G1 X140.72 Y117.598 E.00441
;WIDTH:0.423828
G1 X140.56 Y117.64 E.00404
;WIDTH:0.386057
G1 X140.401 Y117.682 E.00363
;WIDTH:0.348286
G1 X125.06 Y117.682 E.30241
M204 S1000
G1 X125 Y117.315 F10800
M204 S800
;TYPE:External perimeter
;WIDTH:0.449999
G1 F1500
G1 X109.699 Y117.315 E.39868
G1 X109.448 Y117.273 E.00663
G1 X109.156 Y117.104 E.00879
G1 X108.965 Y116.853 E.00822
G1 X108.875 Y116.491 E.00972
G1 X108.875 Y93.508 E.59884
G1 X108.957 Y93.158 E.00937
G1 X109.09 Y92.958 E.00626
G1 X109.348 Y92.767 E.00836
G1 X109.698 Y92.685 E.00937
G1 X140.301 Y92.685 E.79738
G1 X140.552 Y92.727 E.00663
G1 X140.844 Y92.897 E.0088
G1 X141.035 Y93.147 E.0082
G1 X141.125 Y93.509 E.00972
G1 X141.125 Y116.492 E.59884
G1 X141.051 Y116.83 E.00902
G1 X140.914 Y117.034 E.0064
G1 X140.663 Y117.225 E.00822
G1 X140.301 Y117.315 E.00972
G1 X125.06 Y117.315 E.39712
M204 S1000
G1 X125 Y117.998 F10800
M204 S800
;TYPE:Perimeter
;WIDTH:0.348286
G1 F2700
G1 X109.699 Y117.998 E.30162
;WIDTH:0.373761
G1 X109.446 Y117.985 E.0054
;WIDTH:0.399236
G1 X109.193 Y117.973 E.0058
;WIDTH:0.443309
G1 X109.045 Y117.951 E.00384
;WIDTH:0.487382
G1 X108.897 Y117.929 E.00425
;WIDTH:0.531455
G1 X108.75 Y117.906 E.00463
;WIDTH:0.575527
G1 X108.602 Y117.884 E.00507
;WIDTH:0.583289
G1 X108.309 Y117.881 E.01007
G1 X108.309 Y117.605 E.00949
G1 X108.287 Y117.455 E.00521
;WIDTH:0.538243
G1 X108.264 Y117.304 E.00482
;WIDTH:0.493196
G1 X108.242 Y117.154 E.00436
;WIDTH:0.448149
G1 X108.219 Y117.003 E.00396
;WIDTH:0.403102
G1 X108.206 Y116.747 E.00593
;WIDTH:0.375695
G1 X108.192 Y116.491 E.00549
;WIDTH:0.348287
G1 X108.192 Y93.25 E.45814
;WIDTH:0.389771
G1 X108.213 Y93.081 E.0038
;WIDTH:0.431254
G1 X108.233 Y92.912 E.00424
;WIDTH:0.472737
G1 X108.254 Y92.743 E.00468
;WIDTH:0.51422
G1 X108.275 Y92.574 E.00512
;WIDTH:0.546996
G1 X108.291 Y92.346 E.00734
;WIDTH:0.579772
G1 X108.308 Y92.118 E.00781
G1 X108.581 Y92.118 E.00932
G1 X108.723 Y92.095 E.00491
;WIDTH:0.533599
G1 X108.864 Y92.072 E.00447
;WIDTH:0.487426
G1 X109.005 Y92.048 E.00406
;WIDTH:0.441253
G1 X109.352 Y92.025 E.00887
;WIDTH:0.394759
G1 X109.698 Y92.002 E.00784
;WIDTH:0.348265
G1 X140.301 Y92.003 E.60323
;WIDTH:0.373293
G1 X140.554 Y92.015 E.00539
;WIDTH:0.398755
G1 X140.807 Y92.028 E.00579
;WIDTH:0.442793
G1 X140.955 Y92.05 E.00383
;WIDTH:0.48683
G1 X141.102 Y92.072 E.00421
;WIDTH:0.530867
G1 X141.25 Y92.094 E.00465
;WIDTH:0.574904
G1 X141.397 Y92.116 E.00503
;WIDTH:0.583046
G1 X141.691 Y92.12 E.0101
G1 X141.691 Y92.396 E.00948
G1 X141.713 Y92.546 E.00521
;WIDTH:0.538064
G1 X141.736 Y92.696 E.00479
;WIDTH:0.493082
G1 X141.758 Y92.846 E.00436
;WIDTH:0.4481
G1 X141.781 Y92.997 E.00396
;WIDTH:0.403118
G1 X141.794 Y93.253 E.00593
;WIDTH:0.375702
G1 X141.808 Y93.509 E.00549
;WIDTH:0.348285
G1 X141.808 Y116.764 E.45842
;WIDTH:0.393798
G1 X141.785 Y116.929 E.00376
;WIDTH:0.43931
G1 X141.763 Y117.094 E.00423
;WIDTH:0.484823
G1 X141.74 Y117.259 E.0047
;WIDTH:0.530336
G1 X141.717 Y117.424 E.00518
;WIDTH:0.575848
G1 X141.694 Y117.589 E.00565
;WIDTH:0.583276
G1 X141.691 Y117.881 E.01004
G1 X141.415 Y117.881 E.00949
G1 X141.265 Y117.903 E.00521
;WIDTH:0.538236
G1 X141.114 Y117.926 E.00482
;WIDTH:0.493196
G1 X140.964 Y117.948 E.00436
;WIDTH:0.448156
G1 X140.813 Y117.971 E.00396
;WIDTH:0.403116
G1 X140.557 Y117.984 E.00593
;WIDTH:0.375701
G1 X140.301 Y117.998 E.00549
;WIDTH:0.348286
G1 X125.06 Y117.998 E.30044
M204 S1000
G1 X125 Y118.365 F10800
M204 S800
;TYPE:External perimeter
;WIDTH:0.449999
G1 F1500
G1 X108.289 Y118.365 E.43542
G1 X108.096 Y118.33 E.00511
G1 X107.905 Y118.215 E.00581
G1 X107.825 Y117.972 E.00667
G1 X107.825 Y92.392 E.66651
G1 X107.858 Y91.909 E.01261
G1 X107.976 Y91.715 E.00592
G1 X108.215 Y91.635 E.00657
G1 X141.117 Y91.636 E.85729
G1 X141.791 Y91.636 E.01756
M73 P72 R8
G1 X142 Y91.707 E.00575
G1 X142.142 Y91.868 E.00559
G1 X142.175 Y92.076 E.00549
G1 X142.175 Y117.901 E.67289
G1 X142.136 Y118.108 E.00549
M73 Q72 S8
G1 X142.026 Y118.284 E.00541
G1 X141.785 Y118.365 E.00662
G1 X125.06 Y118.365 E.43578
M204 S1000
;LAYER_CHANGE
;Z:3.35
;HEIGHT:0.15
;BEFORE_LAYER_CHANGE
G92 E0.0
;3.35


;WIPE_START
G1 F8640
G1 X125 Y118.365 E-.01385
G1 X121.595 Y118.365 E-.78615
;WIPE_END
G1 Z3.35 F720
;AFTER_LAYER_CHANGE
;3.35
G1 Z3.75
G1 X125 Y117.682 F10800
G1 Z3.35 F720
G1 E.8 F2100
M204 S800
;TYPE:Perimeter
;WIDTH:0.348286
G1 F2700
G1 X109.699 Y117.682 E.30162
;WIDTH:0.37376
G1 X109.486 Y117.653 E.00458
;WIDTH:0.399234
G1 X109.274 Y117.624 E.0049
;WIDTH:0.443307
G1 X109.157 Y117.577 E.00323
;WIDTH:0.487379
G1 X109.04 Y117.529 E.00359
;WIDTH:0.531451
G1 X108.923 Y117.481 E.00394
;WIDTH:0.575523
G1 X108.806 Y117.434 E.00427
G1 X108.742 Y117.331 E.00411
;WIDTH:0.537472
G1 X108.677 Y117.228 E.00384
;WIDTH:0.49942
G1 X108.635 Y117.069 E.00479
;WIDTH:0.461637
G1 X108.592 Y116.91 E.00441
;WIDTH:0.423854
G1 X108.55 Y116.75 E.00404
;WIDTH:0.386071
G1 X108.508 Y116.591 E.00363
;WIDTH:0.348287
G1 X108.508 Y93.508 E.45503
;WIDTH:0.394775
G1 X108.561 Y93.218 E.00667
;WIDTH:0.441263
G1 X108.613 Y92.928 E.00752
;WIDTH:0.546996
G1 X108.694 Y92.757 E.00607
;WIDTH:0.579772
G1 X108.775 Y92.585 E.00649
G1 X108.89 Y92.531 E.00434
;WIDTH:0.533599
G1 X109.004 Y92.477 E.00394
;WIDTH:0.487425
G1 X109.118 Y92.423 E.00358
;WIDTH:0.441251
G1 X109.408 Y92.371 E.00752
;WIDTH:0.394757
G1 X109.698 Y92.318 E.00667
;WIDTH:0.348262
G1 X140.301 Y92.318 E.60322
;WIDTH:0.373232
G1 X140.514 Y92.347 E.00457
;WIDTH:0.398692
G1 X140.726 Y92.376 E.00489
;WIDTH:0.442727
G1 X140.843 Y92.423 E.00323
;WIDTH:0.486761
G1 X140.96 Y92.471 E.00359
;WIDTH:0.530795
G1 X141.076 Y92.519 E.0039
;WIDTH:0.574829
G1 X141.193 Y92.567 E.00428
G1 X141.258 Y92.669 E.00409
;WIDTH:0.537148
G1 X141.323 Y92.772 E.00384
;WIDTH:0.499467
G1 X141.365 Y92.931 E.00479
;WIDTH:0.461672
G1 X141.408 Y93.09 E.00441
;WIDTH:0.423876
G1 X141.45 Y93.25 E.00404
;WIDTH:0.386081
G1 X141.492 Y93.409 E.00363
;WIDTH:0.348285
G1 X141.492 Y116.492 E.45502
;WIDTH:0.387069
G1 X141.447 Y116.762 E.00606
;WIDTH:0.425853
G1 X141.402 Y117.033 E.00674
;WIDTH:0.465209
G1 X141.36 Y117.124 E.00271
;WIDTH:0.504565
G1 X141.318 Y117.215 E.00295
;WIDTH:0.543921
G1 X141.276 Y117.306 E.0032
;WIDTH:0.583276
G1 X141.233 Y117.398 E.00349
G1 X141.136 Y117.456 E.00388
;WIDTH:0.541323
G1 X141.038 Y117.513 E.0036
;WIDTH:0.499369
G1 X140.879 Y117.555 E.00479
;WIDTH:0.461599
G1 X140.72 Y117.598 E.00441
;WIDTH:0.423828
G1 X140.56 Y117.64 E.00404
;WIDTH:0.386057
G1 X140.401 Y117.682 E.00363
;WIDTH:0.348286
G1 X125.06 Y117.682 E.30241
M204 S1000
G1 X125 Y117.315 F10800
M204 S800
;TYPE:External perimeter
;WIDTH:0.449999
G1 F1500
G1 X109.699 Y117.315 E.39868
G1 X109.448 Y117.273 E.00663
G1 X109.156 Y117.104 E.00879
G1 X108.965 Y116.853 E.00822
G1 X108.875 Y116.491 E.00972
G1 X108.875 Y93.508 E.59884
G1 X108.957 Y93.158 E.00937
G1 X109.09 Y92.958 E.00626
G1 X109.348 Y92.767 E.00836
G1 X109.698 Y92.685 E.00937
G1 X140.301 Y92.685 E.79738
G1 X140.552 Y92.727 E.00663
G1 X140.844 Y92.897 E.0088
G1 X141.035 Y93.147 E.0082
G1 X141.125 Y93.509 E.00972
G1 X141.125 Y116.492 E.59884
G1 X141.051 Y116.83 E.00902
G1 X140.914 Y117.034 E.0064
G1 X140.663 Y117.225 E.00822
G1 X140.301 Y117.315 E.00972
G1 X125.06 Y117.315 E.39712
M204 S1000
G1 X125 Y117.998 F10800
M204 S800
;TYPE:Perimeter
;WIDTH:0.348286
G1 F2700
G1 X109.699 Y117.998 E.30162
;WIDTH:0.37376
G1 X109.446 Y117.985 E.0054
;WIDTH:0.399234
G1 X109.193 Y117.973 E.0058
;WIDTH:0.443307
G1 X109.045 Y117.951 E.00384
;WIDTH:0.487379
G1 X108.897 Y117.929 E.00425
;WIDTH:0.531451
G1 X108.75 Y117.906 E.00463
;WIDTH:0.575523
G1 X108.602 Y117.884 E.00507
;WIDTH:0.583288
G1 X108.309 Y117.881 E.01007
G1 X108.309 Y117.605 E.00949
G1 X108.287 Y117.455 E.00521
;WIDTH:0.538241
G1 X108.264 Y117.304 E.00482
;WIDTH:0.493194
G1 X108.242 Y117.154 E.00436
;WIDTH:0.448147
G1 X108.219 Y117.003 E.00396
;WIDTH:0.4031
G1 X108.206 Y116.747 E.00593
;WIDTH:0.375694
G1 X108.192 Y116.491 E.00549
;WIDTH:0.348287
G1 X108.192 Y93.25 E.45814
;WIDTH:0.38977
G1 X108.213 Y93.081 E.0038
M73 P72 R7
;WIDTH:0.431253
G1 X108.233 Y92.912 E.00424
;WIDTH:0.472736
G1 X108.254 Y92.743 E.00468
;WIDTH:0.514219
G1 X108.275 Y92.574 E.00512
;WIDTH:0.546996
G1 X108.291 Y92.346 E.00734
;WIDTH:0.579772
G1 X108.308 Y92.118 E.00781
G1 X108.581 Y92.118 E.00932
G1 X108.723 Y92.095 E.00491
;WIDTH:0.533599
G1 X108.864 Y92.072 E.00447
;WIDTH:0.487425
G1 X109.005 Y92.048 E.00406
;WIDTH:0.441251
G1 X109.352 Y92.025 E.00887
;WIDTH:0.394757
G1 X109.698 Y92.002 E.00784
;WIDTH:0.348262
G1 X140.301 Y92.003 E.60322
;WIDTH:0.373232
G1 X140.554 Y92.015 E.00539
;WIDTH:0.398692
G1 X140.807 Y92.028 E.00579
;WIDTH:0.442727
G1 X140.955 Y92.05 E.00383
;WIDTH:0.486761
G1 X141.102 Y92.072 E.00421
;WIDTH:0.530795
G1 X141.25 Y92.094 E.00465
;WIDTH:0.574829
G1 X141.397 Y92.116 E.00503
;WIDTH:0.583012
G1 X141.691 Y92.12 E.0101
G1 X141.691 Y92.396 E.00948
G1 X141.713 Y92.546 E.00521
;WIDTH:0.538038
G1 X141.736 Y92.696 E.00479
;WIDTH:0.493064
G1 X141.758 Y92.846 E.00436
;WIDTH:0.44809
G1 X141.781 Y92.997 E.00396
;WIDTH:0.403116
G1 X141.794 Y93.253 E.00593
;WIDTH:0.375701
G1 X141.808 Y93.509 E.00549
;WIDTH:0.348285
G1 X141.808 Y116.764 E.45842
;WIDTH:0.393798
G1 X141.785 Y116.929 E.00376
;WIDTH:0.439311
G1 X141.763 Y117.094 E.00423
;WIDTH:0.484824
G1 X141.74 Y117.259 E.0047
;WIDTH:0.530337
G1 X141.717 Y117.424 E.00518
;WIDTH:0.57585
G1 X141.694 Y117.589 E.00565
;WIDTH:0.583276
G1 X141.691 Y117.881 E.01004
G1 X141.415 Y117.881 E.00949
G1 X141.265 Y117.903 E.00521
;WIDTH:0.538236
G1 X141.114 Y117.926 E.00482
;WIDTH:0.493196
G1 X140.964 Y117.948 E.00436
;WIDTH:0.448156
G1 X140.813 Y117.971 E.00396
;WIDTH:0.403116
G1 X140.557 Y117.984 E.00593
;WIDTH:0.375701
G1 X140.301 Y117.998 E.00549
;WIDTH:0.348286
G1 X125.06 Y117.998 E.30044
M204 S1000
G1 X125 Y118.365 F10800
M204 S800
;TYPE:External perimeter
;WIDTH:0.449999
G1 F1500
G1 X108.289 Y118.365 E.43542
G1 X108.094 Y118.329 E.00517
G1 X107.905 Y118.214 E.00576
G1 X107.825 Y117.972 E.00664
G1 X107.825 Y92.392 E.66651
G1 X107.857 Y91.911 E.01256
M73 Q72 S7
G1 X107.976 Y91.715 E.00597
G1 X108.215 Y91.635 E.00657
G1 X141.119 Y91.636 E.85734
G1 X141.793 Y91.636 E.01756
G1 X142 Y91.707 E.0057
G1 X142.142 Y91.868 E.00559
G1 X142.175 Y92.075 E.00546
G1 X142.175 Y117.901 E.67291
G1 X142.136 Y118.108 E.00549
M73 P73 R7
G1 X142.026 Y118.284 E.00541
G1 X141.785 Y118.365 E.00662
G1 X125.06 Y118.365 E.43578
M204 S1000
;LAYER_CHANGE
;Z:3.5
;HEIGHT:0.15
;BEFORE_LAYER_CHANGE
G92 E0.0
;3.5


;WIPE_START
G1 F8640
G1 X125 Y118.365 E-.01385
G1 X121.595 Y118.365 E-.78615
;WIPE_END
G1 Z3.5 F720
;AFTER_LAYER_CHANGE
;3.5
G1 Z3.9
G1 X125 Y117.733 F10800
G1 Z3.5 F720
G1 E.8 F2100
M204 S800
;TYPE:Perimeter
G1 F2700
G1 X109.699 Y117.733 E.39868
G1 X109.263 Y117.647 E.01158
M73 Q73 S7
G1 X108.854 Y117.392 E.01256
G1 X108.695 Y117.212 E.00626
G1 X108.561 Y116.961 E.00741
G1 X108.457 Y116.491 E.01254
G1 X108.457 Y93.508 E.59884
G1 X108.516 Y93.152 E.0094
G1 X108.743 Y92.726 E.01258
G1 X108.916 Y92.553 E.00637
G1 X109.342 Y92.326 E.01258
G1 X109.698 Y92.267 E.0094
G1 X140.301 Y92.267 E.79738
G1 X140.737 Y92.353 E.01158
G1 X141.146 Y92.608 E.01256
G1 X141.305 Y92.788 E.00626
G1 X141.439 Y93.039 E.00741
G1 X141.543 Y93.509 E.01254
G1 X141.543 Y116.492 E.59884
G1 X141.484 Y116.848 E.0094
G1 X141.331 Y117.179 E.0095
G1 X141.022 Y117.495 E.01152
G1 X140.771 Y117.629 E.00741
G1 X140.301 Y117.733 E.01254
G1 X125.06 Y117.733 E.39712
M204 S1000
G1 X125 Y117.315 F10800
M204 S800
;TYPE:External perimeter
G1 F1500
G1 X109.699 Y117.315 E.39868
G1 X109.448 Y117.273 E.00663
G1 X109.168 Y117.117 E.00835
G1 X108.965 Y116.853 E.00868
G1 X108.875 Y116.491 E.00972
G1 X108.875 Y93.508 E.59884
G1 X108.957 Y93.158 E.00937
G1 X109.148 Y92.9 E.00836
G1 X109.423 Y92.736 E.00834
G1 X109.698 Y92.685 E.00729
G1 X140.301 Y92.685 E.79738
G1 X140.552 Y92.727 E.00663
G1 X140.832 Y92.883 E.00835
G1 X141.035 Y93.147 E.00868
G1 X141.125 Y93.509 E.00972
G1 X141.125 Y116.492 E.59884
G1 X141.051 Y116.83 E.00902
G1 X140.926 Y117.023 E.00599
G1 X140.663 Y117.225 E.00864
G1 X140.301 Y117.315 E.00972
G1 X125.06 Y117.315 E.39712
M204 S1000
;WIPE_START
G1 F8640
G1 X125 Y117.315 E-.01385
G1 X121.595 Y117.315 E-.78615
;WIPE_END
G1 Z3.9 F720
G1 X109.403 Y118.125 F10800
G1 Z3.5 F720
G1 E.8 F2100
M204 S800
;TYPE:Perimeter
;WIDTH:0.487614
G1 F1500
G1 X109.108 Y118.111 E.00839
;WIDTH:0.516644
G1 X108.813 Y118.096 E.00892
G1 X108.094 Y118.096 E.02172
G1 X108.094 Y117.608 E.01474
G1 X108.076 Y117.14 E.01415
;WIDTH:0.480538
G1 X108.058 Y116.671 E.01312
G1 X108.092 Y116.875 E.00578
;WIDTH:0.516644
G1 X108.126 Y117.078 E.00622
G1 X108.356 Y117.509 E.01476
G1 X108.514 Y117.69 E.00726
G1 X108.848 Y117.946 E.01271
G1 X109.065 Y118.049 E.00726
;WIDTH:0.510044
G1 X109.234 Y118.087 E.00516
;WIDTH:0.484314
G1 X109.345 Y118.112 E.00321
M204 S1000
;WIPE_START
G1 F8640
G1 X109.403 Y118.125 E-.01372
G1 X109.108 Y118.111 E-.06819
G1 X108.813 Y118.096 E-.0682
G1 X108.094 Y118.096 E-.16602
G1 X108.094 Y117.608 E-.11268
G1 X108.076 Y117.14 E-.10814
G1 X108.058 Y116.671 E-.10837
G1 X108.092 Y116.875 E-.04775
G1 X108.126 Y117.078 E-.04753
G1 X108.247 Y117.305 E-.0594
;WIPE_END
G1 Z3.9 F720
G1 X140.481 Y118.132 F10800
G1 Z3.5 F720
G1 E.8 F2100
M204 S800
;WIDTH:0.480534
G1 F1500
G1 X140.685 Y118.098 E.00578
;WIDTH:0.516633
G1 X140.888 Y118.064 E.00622
G1 X141.319 Y117.834 E.01476
G1 X141.722 Y117.404 E.0178
G1 X141.916 Y116.934 E.01536
;WIDTH:0.491974
G1 X141.94 Y116.695 E.00689
;WIDTH:0.482689
G1 X141.923 Y116.993 E.00839
;WIDTH:0.516633
G1 X141.906 Y117.292 E.00905
G1 X141.906 Y118.096 E.02429
G1 X141.418 Y118.096 E.01474
G1 X140.949 Y118.114 E.01418
;WIDTH:0.480534
G1 X140.541 Y118.13 E.01142
M204 S1000
;WIPE_START
G1 F8640
G1 X140.481 Y118.132 E-.01386
G1 X140.685 Y118.098 E-.04775
G1 X140.888 Y118.064 E-.04753
G1 X141.319 Y117.834 E-.1128
G1 X141.722 Y117.404 E-.13608
G1 X141.916 Y116.934 E-.11741
G1 X141.94 Y116.695 E-.05546
G1 X141.923 Y116.993 E-.06892
G1 X141.906 Y117.292 E-.06915
G1 X141.906 Y117.86 E-.13104
;WIPE_END
G1 Z3.9 F720
G1 X141.932 Y93.236 F10800
G1 Z3.5 F720
G1 E.8 F2100
M204 S800
;WIDTH:0.464802
G1 F1500
G1 X141.95 Y93.509 E.00738
;WIDTH:0.428764
G1 X141.95 Y116.492 E.5684
;WIDTH:0.44443
G1 X141.942 Y116.672 E.00463
M204 S1000
;WIPE_START
G1 F8640
G1 X141.95 Y116.492 E-.0416
G1 X141.95 Y113.207 E-.7584
;WIPE_END
G1 Z3.9 F720
G1 X141.932 Y93.236 F10800
G1 Z3.5 F720
G1 E.8 F2100
M204 S800
;WIDTH:0.506332
G1 F1500
G1 X141.869 Y92.923 E.00944
;WIDTH:0.516517
G1 X141.644 Y92.491 E.01471
G1 X141.485 Y92.31 E.00728
G1 X141.152 Y92.054 E.01269
G1 X140.935 Y91.951 E.00726
;WIDTH:0.509823
G1 X140.766 Y91.913 E.00516
;WIDTH:0.483984
G1 X140.597 Y91.875 E.00488
;WIDTH:0.487331
G1 X140.892 Y91.89 E.00838
;WIDTH:0.516517
G1 X141.187 Y91.904 E.00892
G1 X141.906 Y91.904 E.02172
G1 X141.906 Y92.392 E.01474
G1 X141.919 Y92.814 E.01275
;WIDTH:0.49066
G1 X141.93 Y93.176 E.01035
M204 S1000
;WIPE_START
G1 F8640
G1 X141.932 Y93.236 E-.01386
G1 X141.869 Y92.923 E-.07372
G1 X141.644 Y92.491 E-.11247
G1 X141.485 Y92.31 E-.05563
G1 X141.152 Y92.054 E-.09699
G1 X140.935 Y91.951 E-.05546
G1 X140.766 Y91.913 E-.04
G1 X140.597 Y91.875 E-.04
G1 X140.892 Y91.89 E-.0682
G1 X141.187 Y91.904 E-.06819
G1 X141.906 Y91.904 E-.16602
G1 X141.906 Y91.945 E-.00946
;WIPE_END
G1 Z3.9 F720
G1 X109.518 Y91.868 F10800
G1 Z3.5 F720
G1 E.8 F2100
M204 S800
;WIDTH:0.444398
G1 F1500
G1 X109.698 Y91.86 E.00463
;WIDTH:0.42873
G1 X140.301 Y91.86 E.75679
;WIDTH:0.458144
G1 X140.597 Y91.875 E.00787
M204 S1000
;WIPE_START
G1 F8640
G1 X140.301 Y91.86 E-.06843
G1 X137.133 Y91.86 E-.73157
;WIPE_END
G1 Z3.9 F720
G1 X108.06 Y93.305 F10800
G1 Z3.5 F720
G1 E.8 F2100
M204 S800
;WIDTH:0.481129
G1 F1500
G1 X108.076 Y92.969 E.00942
;WIDTH:0.513435
G1 X108.092 Y92.633 E.0101
G1 X108.092 Y91.902 E.02194
G1 X108.823 Y91.902 E.02194
G1 X109.039 Y91.898 E.00648
;WIDTH:0.478917
G1 X109.256 Y91.894 E.00605
;WIDTH:0.513435
G1 X108.866 Y92.046 E.01256
G1 X108.503 Y92.313 E.01352
G1 X108.236 Y92.676 E.01352
G1 X108.084 Y93.066 E.01256
;WIDTH:0.487598
G1 X108.066 Y93.245 E.00511
M204 S1000
;WIPE_START
G1 F8640
G1 X108.06 Y93.305 E-.01392
G1 X108.076 Y92.969 E-.07767
G1 X108.092 Y92.633 E-.07767
G1 X108.092 Y91.902 E-.16879
G1 X108.823 Y91.902 E-.16879
G1 X109.039 Y91.898 E-.04988
G1 X109.256 Y91.894 E-.05011
G1 X108.866 Y92.046 E-.09665
G1 X108.529 Y92.294 E-.09652
;WIPE_END
G1 Z3.9 F720
G1 X108.058 Y116.671 F10800
G1 Z3.5 F720
G1 E.8 F2100
M204 S800
;WIDTH:0.444432
G1 F1500
G1 X108.05 Y116.491 E.00463
;WIDTH:0.428764
G1 X108.05 Y93.508 E.5684
;WIDTH:0.448822
G1 X108.06 Y93.305 E.00528
M204 S1000
;WIPE_START
G1 F8640
G1 X108.05 Y93.508 E-.04693
G1 X108.05 Y96.769 E-.75307
;WIPE_END
G1 Z3.9 F720
G1 X140.481 Y118.132 F10800
G1 Z3.5 F720
M73 P74 R7
G1 E.8 F2100
M204 S800
;WIDTH:0.444434
G1 F1500
G1 X140.301 Y118.14 E.00463
;WIDTH:0.428766
G1 X109.699 Y118.14 E.75684
;WIDTH:0.458584
G1 X109.403 Y118.125 E.00788
M73 Q74 S7
M204 S1000
;WIPE_START
G1 F8640
G1 X109.699 Y118.14 E-.06843
G1 X112.867 Y118.14 E-.73157
;WIPE_END
G1 Z3.9 F720
G1 X125 Y118.547 F10800
G1 Z3.5 F720
G1 E.8 F2100
M204 S800
;WIDTH:0.449999
G1 F1314.155
G1 X108.336 Y118.547 E.43419
G1 F1200
G1 X107.964 Y118.541 E.00969
G1 F900
G1 X107.643 Y118.536 E.00836
G1 X107.643 Y118.211 E.00847
G1 F1200
G1 X107.643 Y117.311 E.02345
G1 F1314.16
G1 X107.643 Y92.143 E.65577
G1 F1200
G1 X107.649 Y91.774 E.00962
G1 F900
G1 X107.654 Y91.453 E.00836
G1 X107.979 Y91.453 E.00847
G1 F1200
G1 X108.879 Y91.453 E.02345
G1 F1314.213
G1 X140.807 Y91.453 E.83191
G1 F1315.517
G1 X141.664 Y91.453 E.02233
G1 F1200
G1 X142.05 Y91.466 E.01006
G1 F900
G1 X142.357 Y91.476 E.008
G1 X142.357 Y91.789 E.00816
G1 F1200
G1 X142.357 Y92.689 E.02345
G1 F1314.15
G1 X142.357 Y117.854 E.65569
G1 F1200
G1 X142.351 Y118.226 E.00969
G1 F900
G1 X142.346 Y118.547 E.00836
G1 X142.021 Y118.547 E.00847
G1 F1200
G1 X141.121 Y118.547 E.02345
G1 F1314.155
G1 X125.06 Y118.547 E.41848
M204 S1000
G1 X125 Y118.965 F10800
;TYPE:Overhang perimeter
G1 F900
G1 X109.091 Y118.965 E.41452
G1 X107.689 Y118.965 E.03653
G1 X107.482 Y118.926 E.00549
G1 X107.306 Y118.816 E.00541
G1 X107.225 Y118.575 E.00662
G1 X107.225 Y117.138 E.03744
G1 X107.225 Y92.901 E.63151
G1 X107.225 Y91.499 E.03653
G1 X107.264 Y91.292 E.00549
G1 X107.374 Y91.116 E.00541
G1 X107.615 Y91.035 E.00662
G1 X109.052 Y91.035 E.03744
G1 X140.948 Y91.036 E.83107
G1 X142.385 Y91.036 E.03744
G1 X142.601 Y91.107 E.00592
G1 X142.742 Y91.268 E.00558
G1 X142.775 Y91.476 E.00549
G1 X142.775 Y92.888 E.03679
G1 X142.775 Y117.099 E.63084
G1 X142.775 Y118.501 E.03653
G1 X142.736 Y118.708 E.00549
G1 X142.626 Y118.884 E.00541
G1 X142.385 Y118.965 E.00662
G1 X140.948 Y118.965 E.03744
G1 X125.06 Y118.965 E.41397
;LAYER_CHANGE
;Z:3.65
;HEIGHT:0.15
;BEFORE_LAYER_CHANGE
G92 E0.0
;3.65


;WIPE_START
G1 F8640
G1 X125 Y118.965 E-.01385
G1 X121.595 Y118.965 E-.78615
;WIPE_END
G1 Z3.65 F720
;AFTER_LAYER_CHANGE
;3.65
G1 Z4.05
G1 X125 Y117.733 F10800
G1 Z3.65 F720
G1 E.8 F2100
M204 S800
;TYPE:Perimeter
G1 F2700
G1 X109.699 Y117.733 E.39868
G1 X109.263 Y117.647 E.01158
G1 X108.854 Y117.392 E.01256
G1 X108.695 Y117.212 E.00626
G1 X108.561 Y116.961 E.00741
G1 X108.457 Y116.491 E.01254
G1 X108.457 Y93.508 E.59884
G1 X108.516 Y93.152 E.0094
G1 X108.743 Y92.726 E.01258
G1 X108.916 Y92.553 E.00637
M73 P75 R7
G1 X109.342 Y92.326 E.01258
G1 X109.698 Y92.267 E.0094
G1 X140.301 Y92.267 E.79738
G1 X140.737 Y92.353 E.01158
G1 X141.146 Y92.608 E.01256
G1 X141.305 Y92.788 E.00626
G1 X141.439 Y93.039 E.00741
G1 X141.543 Y93.509 E.01254
G1 X141.543 Y116.492 E.59884
G1 X141.484 Y116.848 E.0094
G1 X141.331 Y117.179 E.0095
G1 X141.022 Y117.495 E.01152
G1 X140.771 Y117.629 E.00741
G1 X140.301 Y117.733 E.01254
G1 X125.06 Y117.733 E.39712
M204 S1000
G1 X125 Y117.315 F10800
M73 Q75 S7
M204 S800
;TYPE:External perimeter
G1 F1500
G1 X109.699 Y117.315 E.39868
G1 X109.448 Y117.273 E.00663
G1 X109.168 Y117.117 E.00835
G1 X108.965 Y116.853 E.00868
G1 X108.875 Y116.491 E.00972
G1 X108.875 Y93.508 E.59884
G1 X108.957 Y93.158 E.00937
G1 X109.148 Y92.9 E.00836
G1 X109.423 Y92.736 E.00834
G1 X109.698 Y92.685 E.00729
G1 X140.301 Y92.685 E.79738
G1 X140.552 Y92.727 E.00663
G1 X140.832 Y92.883 E.00835
G1 X141.035 Y93.147 E.00868
G1 X141.125 Y93.509 E.00972
G1 X141.125 Y116.492 E.59884
G1 X141.051 Y116.83 E.00902
G1 X140.926 Y117.023 E.00599
G1 X140.663 Y117.225 E.00864
G1 X140.301 Y117.315 E.00972
G1 X125.06 Y117.315 E.39712
M204 S1000
;WIPE_START
G1 F8640
G1 X125 Y117.315 E-.01385
G1 X121.595 Y117.315 E-.78615
;WIPE_END
G1 Z4.05 F720
G1 X109.403 Y118.125 F10800
G1 Z3.65 F720
G1 E.8 F2100
M204 S800
;TYPE:Perimeter
;WIDTH:0.487614
G1 F1500
G1 X109.108 Y118.111 E.00839
;WIDTH:0.516644
G1 X108.813 Y118.096 E.00892
G1 X108.094 Y118.096 E.02172
G1 X108.094 Y117.608 E.01474
G1 X108.076 Y117.14 E.01415
;WIDTH:0.480538
G1 X108.058 Y116.671 E.01312
G1 X108.092 Y116.875 E.00578
;WIDTH:0.516644
G1 X108.126 Y117.078 E.00622
G1 X108.356 Y117.509 E.01476
G1 X108.514 Y117.69 E.00726
G1 X108.848 Y117.946 E.01271
G1 X109.065 Y118.049 E.00726
;WIDTH:0.510044
G1 X109.234 Y118.087 E.00516
;WIDTH:0.484314
G1 X109.345 Y118.112 E.00321
M204 S1000
;WIPE_START
G1 F8640
G1 X109.403 Y118.125 E-.01372
G1 X109.108 Y118.111 E-.06819
G1 X108.813 Y118.096 E-.0682
G1 X108.094 Y118.096 E-.16602
G1 X108.094 Y117.608 E-.11268
G1 X108.076 Y117.14 E-.10814
G1 X108.058 Y116.671 E-.10837
G1 X108.092 Y116.875 E-.04775
G1 X108.126 Y117.078 E-.04753
G1 X108.247 Y117.305 E-.0594
;WIPE_END
G1 Z4.05 F720
G1 X140.481 Y118.132 F10800
G1 Z3.65 F720
G1 E.8 F2100
M204 S800
;WIDTH:0.480535
G1 F1500
G1 X140.685 Y118.098 E.00578
;WIDTH:0.516635
G1 X140.888 Y118.064 E.00622
G1 X141.319 Y117.834 E.01476
G1 X141.722 Y117.404 E.0178
G1 X141.916 Y116.934 E.01536
;WIDTH:0.491975
G1 X141.94 Y116.695 E.00689
;WIDTH:0.48269
G1 X141.923 Y116.993 E.00839
;WIDTH:0.516635
G1 X141.906 Y117.292 E.00905
G1 X141.906 Y118.096 E.02429
G1 X141.418 Y118.096 E.01474
G1 X140.949 Y118.114 E.01418
;WIDTH:0.480535
G1 X140.541 Y118.13 E.01142
M204 S1000
;WIPE_START
G1 F8640
G1 X140.481 Y118.132 E-.01386
G1 X140.685 Y118.098 E-.04775
G1 X140.888 Y118.064 E-.04753
G1 X141.319 Y117.834 E-.1128
G1 X141.722 Y117.404 E-.13608
G1 X141.916 Y116.934 E-.11741
G1 X141.94 Y116.695 E-.05546
G1 X141.923 Y116.993 E-.06892
G1 X141.906 Y117.292 E-.06915
G1 X141.906 Y117.86 E-.13104
;WIPE_END
G1 Z4.05 F720
G1 X141.932 Y93.236 F10800
G1 Z3.65 F720
G1 E.8 F2100
M204 S800
;WIDTH:0.464802
G1 F1500
G1 X141.95 Y93.509 E.00738
;WIDTH:0.428764
G1 X141.95 Y116.492 E.5684
;WIDTH:0.44443
G1 X141.942 Y116.672 E.00463
M204 S1000
;WIPE_START
G1 F8640
G1 X141.95 Y116.492 E-.0416
G1 X141.95 Y113.207 E-.7584
;WIPE_END
G1 Z4.05 F720
G1 X141.932 Y93.236 F10800
G1 Z3.65 F720
G1 E.8 F2100
M204 S800
;WIDTH:0.506193
G1 F1500
G1 X141.869 Y92.923 E.00944
;WIDTH:0.516345
G1 X141.644 Y92.491 E.01471
G1 X141.485 Y92.31 E.00727
G1 X141.152 Y92.054 E.01268
G1 X140.935 Y91.951 E.00725
;WIDTH:0.509584
G1 X140.766 Y91.913 E.00516
;WIDTH:0.48356
G1 X140.597 Y91.876 E.00487
;WIDTH:0.486941
G1 X140.892 Y91.89 E.00838
;WIDTH:0.516345
G1 X141.187 Y91.905 E.00892
G1 X141.906 Y91.905 E.02171
G1 X141.906 Y92.392 E.0147
G1 X141.919 Y92.814 E.01275
;WIDTH:0.490574
G1 X141.93 Y93.176 E.01035
M204 S1000
;WIPE_START
G1 F8640
G1 X141.932 Y93.236 E-.01386
G1 X141.869 Y92.923 E-.07372
G1 X141.644 Y92.491 E-.11247
G1 X141.485 Y92.31 E-.05563
G1 X141.152 Y92.054 E-.09699
G1 X140.935 Y91.951 E-.05546
G1 X140.766 Y91.913 E-.04
G1 X140.597 Y91.876 E-.03995
G1 X140.892 Y91.89 E-.06819
G1 X141.187 Y91.905 E-.0682
G1 X141.906 Y91.905 E-.16602
G1 X141.906 Y91.946 E-.00951
;WIPE_END
G1 Z4.05 F720
G1 X109.518 Y91.868 F10800
G1 Z3.65 F720
G1 E.8 F2100
M204 S800
;WIDTH:0.44436
G1 F1500
G1 X109.698 Y91.86 E.00463
;WIDTH:0.428692
G1 X140.301 Y91.861 E.75672
;WIDTH:0.457536
G1 X140.597 Y91.876 E.00786
M204 S1000
;WIPE_START
G1 F8640
G1 X140.301 Y91.861 E-.06843
G1 X137.133 Y91.861 E-.73157
;WIPE_END
G1 Z4.05 F720
G1 X108.06 Y93.305 F10800
G1 Z3.65 F720
G1 E.8 F2100
M204 S800
;WIDTH:0.481126
G1 F1500
G1 X108.076 Y92.969 E.00942
;WIDTH:0.51343
G1 X108.092 Y92.633 E.0101
G1 X108.092 Y91.902 E.02194
G1 X108.823 Y91.902 E.02194
G1 X109.039 Y91.898 E.00648
;WIDTH:0.478895
G1 X109.256 Y91.894 E.00605
;WIDTH:0.51343
G1 X108.866 Y92.046 E.01256
G1 X108.503 Y92.313 E.01352
G1 X108.236 Y92.676 E.01352
G1 X108.084 Y93.066 E.01256
;WIDTH:0.487595
G1 X108.066 Y93.245 E.00511
M204 S1000
;WIPE_START
G1 F8640
G1 X108.06 Y93.305 E-.01392
G1 X108.076 Y92.969 E-.07767
G1 X108.092 Y92.633 E-.07767
G1 X108.092 Y91.902 E-.16879
G1 X108.823 Y91.902 E-.16879
G1 X109.039 Y91.898 E-.04988
G1 X109.256 Y91.894 E-.05011
G1 X108.866 Y92.046 E-.09665
G1 X108.529 Y92.294 E-.09652
;WIPE_END
G1 Z4.05 F720
G1 X108.058 Y116.671 F10800
G1 Z3.65 F720
G1 E.8 F2100
M204 S800
;WIDTH:0.444432
G1 F1500
G1 X108.05 Y116.491 E.00463
;WIDTH:0.428764
G1 X108.05 Y93.508 E.5684
;WIDTH:0.448822
G1 X108.06 Y93.305 E.00528
M204 S1000
;WIPE_START
G1 F8640
G1 X108.05 Y93.508 E-.04693
G1 X108.05 Y96.769 E-.75307
;WIPE_END
G1 Z4.05 F720
G1 X140.481 Y118.132 F10800
G1 Z3.65 F720
G1 E.8 F2100
M204 S800
;WIDTH:0.444434
G1 F1500
G1 X140.301 Y118.14 E.00463
;WIDTH:0.428766
G1 X109.699 Y118.14 E.75684
;WIDTH:0.458584
G1 X109.403 Y118.125 E.00788
M204 S1000
;WIPE_START
G1 F8640
G1 X109.699 Y118.14 E-.06843
G1 X112.867 Y118.14 E-.73157
;WIPE_END
G1 Z4.05 F720
G1 X125 Y118.542 F10800
G1 Z3.65 F720
G1 E.8 F2100
M204 S800
;WIDTH:0.449999
G1 F2700
G1 X107.643 Y118.536 E.45225
G1 X107.652 Y91.453 E.70567
M73 P76 R7
G1 X141.664 Y91.454 E.88621
G1 X142.357 Y91.475 E.01806
M73 P76 R6
M73 Q76 S7
G1 X142.346 Y118.547 E.70538
G1 X125.06 Y118.542 E.4504
M204 S1000
G1 X125 Y118.965 F10800
M204 S800
;TYPE:External perimeter
G1 F1500
G1 X107.689 Y118.965 E.45105
G1 X107.482 Y118.926 E.00549
G1 X107.306 Y118.816 E.00541
G1 X107.225 Y118.575 E.00662
G1 X107.225 Y91.495 E.70559
G1 X107.258 Y91.309 E.00492
M73 Q76 S6
G1 X107.376 Y91.115 E.00592
G1 X107.615 Y91.035 E.00657
G1 X141.721 Y91.036 E.88866
G1 X142.395 Y91.036 E.01756
G1 X142.6 Y91.107 E.00565
G1 X142.742 Y91.268 E.00559
G1 X142.775 Y91.475 E.00546
G1 X142.775 Y118.501 E.70418
G1 X142.736 Y118.708 E.00549
G1 X142.626 Y118.884 E.00541
G1 X142.385 Y118.965 E.00662
G1 X125.06 Y118.965 E.45142
M204 S1000
;LAYER_CHANGE
;Z:3.8
;HEIGHT:0.15
;BEFORE_LAYER_CHANGE
G92 E0.0
;3.8


;WIPE_START
G1 F8640
G1 X125 Y118.965 E-.01385
G1 X121.595 Y118.965 E-.78615
;WIPE_END
G1 Z3.8 F720
;AFTER_LAYER_CHANGE
;3.8
G1 Z4.2
G1 X125 Y117.733 F10800
G1 Z3.8 F720
G1 E.8 F2100
M204 S800
;TYPE:Perimeter
G1 F2700
G1 X109.699 Y117.733 E.39868
G1 X109.263 Y117.647 E.01158
G1 X108.854 Y117.392 E.01256
G1 X108.695 Y117.212 E.00626
G1 X108.561 Y116.961 E.00741
G1 X108.457 Y116.491 E.01254
G1 X108.457 Y93.508 E.59884
G1 X108.516 Y93.152 E.0094
G1 X108.743 Y92.726 E.01258
G1 X108.916 Y92.553 E.00637
G1 X109.342 Y92.326 E.01258
G1 X109.698 Y92.267 E.0094
G1 X140.301 Y92.267 E.79738
G1 X140.737 Y92.353 E.01158
G1 X141.146 Y92.608 E.01256
G1 X141.305 Y92.788 E.00626
G1 X141.439 Y93.039 E.00741
G1 X141.543 Y93.509 E.01254
G1 X141.543 Y116.492 E.59884
G1 X141.484 Y116.848 E.0094
G1 X141.331 Y117.179 E.0095
G1 X141.022 Y117.495 E.01152
G1 X140.771 Y117.629 E.00741
G1 X140.301 Y117.733 E.01254
G1 X125.06 Y117.733 E.39712
M204 S1000
G1 X125 Y117.315 F10800
M204 S800
;TYPE:External perimeter
G1 F1500
G1 X109.699 Y117.315 E.39868
G1 X109.448 Y117.273 E.00663
G1 X109.168 Y117.117 E.00835
G1 X108.965 Y116.853 E.00868
G1 X108.875 Y116.491 E.00972
G1 X108.875 Y93.508 E.59884
G1 X108.957 Y93.158 E.00937
G1 X109.148 Y92.9 E.00836
G1 X109.423 Y92.736 E.00834
G1 X109.698 Y92.685 E.00729
G1 X140.301 Y92.685 E.79738
G1 X140.552 Y92.727 E.00663
G1 X140.832 Y92.883 E.00835
G1 X141.035 Y93.147 E.00868
G1 X141.125 Y93.509 E.00972
G1 X141.125 Y116.492 E.59884
G1 X141.051 Y116.83 E.00902
G1 X140.926 Y117.023 E.00599
G1 X140.663 Y117.225 E.00864
G1 X140.301 Y117.315 E.00972
G1 X125.06 Y117.315 E.39712
M204 S1000
;WIPE_START
G1 F8640
G1 X125 Y117.315 E-.01385
G1 X121.595 Y117.315 E-.78615
;WIPE_END
G1 Z4.2 F720
G1 X109.403 Y118.125 F10800
G1 Z3.8 F720
G1 E.8 F2100
M204 S800
;TYPE:Perimeter
;WIDTH:0.487613
G1 F1500
G1 X109.108 Y118.111 E.00839
;WIDTH:0.516644
G1 X108.813 Y118.096 E.00892
G1 X108.094 Y118.096 E.02172
G1 X108.094 Y117.608 E.01474
G1 X108.076 Y117.14 E.01415
;WIDTH:0.480538
G1 X108.058 Y116.671 E.01312
G1 X108.092 Y116.875 E.00578
;WIDTH:0.516644
G1 X108.126 Y117.078 E.00622
G1 X108.356 Y117.509 E.01476
G1 X108.514 Y117.69 E.00726
G1 X108.848 Y117.946 E.01271
G1 X109.065 Y118.049 E.00726
;WIDTH:0.510044
G1 X109.234 Y118.087 E.00516
;WIDTH:0.484313
G1 X109.345 Y118.112 E.00321
M204 S1000
;WIPE_START
G1 F8640
G1 X109.403 Y118.125 E-.01372
G1 X109.108 Y118.111 E-.06819
G1 X108.813 Y118.096 E-.0682
G1 X108.094 Y118.096 E-.16602
G1 X108.094 Y117.608 E-.11268
G1 X108.076 Y117.14 E-.10814
G1 X108.058 Y116.671 E-.10837
G1 X108.092 Y116.875 E-.04775
G1 X108.126 Y117.078 E-.04753
G1 X108.247 Y117.305 E-.0594
;WIPE_END
G1 Z4.2 F720
G1 X140.481 Y118.132 F10800
G1 Z3.8 F720
G1 E.8 F2100
M204 S800
;WIDTH:0.480534
G1 F1500
G1 X140.685 Y118.098 E.00578
;WIDTH:0.516633
G1 X140.888 Y118.064 E.00622
G1 X141.319 Y117.834 E.01476
G1 X141.722 Y117.404 E.0178
G1 X141.916 Y116.934 E.01536
;WIDTH:0.491974
G1 X141.94 Y116.695 E.00689
;WIDTH:0.482689
G1 X141.923 Y116.993 E.00839
;WIDTH:0.516633
G1 X141.906 Y117.292 E.00905
G1 X141.906 Y118.096 E.02429
G1 X141.418 Y118.096 E.01474
G1 X140.949 Y118.114 E.01418
;WIDTH:0.480534
G1 X140.541 Y118.13 E.01142
M204 S1000
;WIPE_START
G1 F8640
G1 X140.481 Y118.132 E-.01386
G1 X140.685 Y118.098 E-.04775
G1 X140.888 Y118.064 E-.04753
G1 X141.319 Y117.834 E-.1128
G1 X141.722 Y117.404 E-.13608
G1 X141.916 Y116.934 E-.11741
G1 X141.94 Y116.695 E-.05546
G1 X141.923 Y116.993 E-.06892
G1 X141.906 Y117.292 E-.06915
G1 X141.906 Y117.86 E-.13104
;WIPE_END
G1 Z4.2 F720
G1 X141.932 Y93.236 F10800
G1 Z3.8 F720
M73 P77 R6
G1 E.8 F2100
M204 S800
;WIDTH:0.464802
G1 F1500
G1 X141.95 Y93.509 E.00738
;WIDTH:0.428764
G1 X141.95 Y116.492 E.5684
;WIDTH:0.44443
G1 X141.942 Y116.672 E.00463
M73 Q77 S6
M204 S1000
;WIPE_START
G1 F8640
G1 X141.95 Y116.492 E-.0416
G1 X141.95 Y113.207 E-.7584
;WIPE_END
G1 Z4.2 F720
G1 X141.932 Y93.236 F10800
G1 Z3.8 F720
G1 E.8 F2100
M204 S800
;WIDTH:0.506054
G1 F1500
G1 X141.869 Y92.923 E.00944
;WIDTH:0.516172
G1 X141.644 Y92.491 E.0147
G1 X141.485 Y92.31 E.00727
G1 X141.152 Y92.055 E.01266
G1 X140.935 Y91.951 E.00726
;WIDTH:0.509345
G1 X140.766 Y91.914 E.00515
;WIDTH:0.483135
G1 X140.597 Y91.876 E.00487
;WIDTH:0.486548
G1 X140.892 Y91.891 E.00837
;WIDTH:0.516172
G1 X141.187 Y91.905 E.00891
G1 X141.906 Y91.906 E.0217
G1 X141.906 Y92.392 E.01467
G1 X141.919 Y92.814 E.01274
;WIDTH:0.490487
G1 X141.93 Y93.176 E.01035
M204 S1000
;WIPE_START
G1 F8640
G1 X141.932 Y93.236 E-.01386
G1 X141.869 Y92.923 E-.07372
G1 X141.644 Y92.491 E-.11247
G1 X141.485 Y92.31 E-.05563
G1 X141.152 Y92.055 E-.09685
G1 X140.935 Y91.951 E-.05556
G1 X140.766 Y91.914 E-.03995
G1 X140.597 Y91.876 E-.04
G1 X140.892 Y91.891 E-.0682
G1 X141.187 Y91.905 E-.06819
G1 X141.906 Y91.906 E-.16602
G1 X141.906 Y91.947 E-.00955
;WIPE_END
G1 Z4.2 F720
G1 X109.518 Y91.868 F10800
G1 Z3.8 F720
G1 E.8 F2100
M204 S800
;WIDTH:0.44432
G1 F1500
G1 X109.698 Y91.86 E.00463
;WIDTH:0.428654
G1 X140.301 Y91.861 E.75665
;WIDTH:0.456924
G1 X140.597 Y91.876 E.00785
M204 S1000
;WIPE_START
G1 F8640
G1 X140.301 Y91.861 E-.06843
G1 X137.133 Y91.861 E-.73157
;WIPE_END
G1 Z4.2 F720
G1 X108.06 Y93.305 F10800
G1 Z3.8 F720
G1 E.8 F2100
M204 S800
;WIDTH:0.481123
G1 F1500
G1 X108.076 Y92.969 E.00942
;WIDTH:0.513426
G1 X108.092 Y92.633 E.0101
G1 X108.092 Y91.902 E.02194
G1 X108.823 Y91.902 E.02194
G1 X109.039 Y91.898 E.00648
;WIDTH:0.478873
G1 X109.256 Y91.894 E.00605
;WIDTH:0.513426
G1 X108.866 Y92.046 E.01256
G1 X108.503 Y92.313 E.01352
G1 X108.236 Y92.676 E.01352
G1 X108.084 Y93.066 E.01256
;WIDTH:0.487591
G1 X108.066 Y93.245 E.00511
M204 S1000
;WIPE_START
G1 F8640
G1 X108.06 Y93.305 E-.01392
G1 X108.076 Y92.969 E-.07767
G1 X108.092 Y92.633 E-.07767
G1 X108.092 Y91.902 E-.16879
G1 X108.823 Y91.902 E-.16879
G1 X109.039 Y91.898 E-.04988
G1 X109.256 Y91.894 E-.05011
G1 X108.866 Y92.046 E-.09665
G1 X108.529 Y92.294 E-.09652
;WIPE_END
G1 Z4.2 F720
G1 X108.058 Y116.671 F10800
G1 Z3.8 F720
G1 E.8 F2100
M204 S800
;WIDTH:0.444432
G1 F1500
G1 X108.05 Y116.491 E.00463
;WIDTH:0.428764
G1 X108.05 Y93.508 E.5684
;WIDTH:0.44882
G1 X108.06 Y93.305 E.00528
M204 S1000
;WIPE_START
G1 F8640
G1 X108.05 Y93.508 E-.04693
G1 X108.05 Y96.769 E-.75307
;WIPE_END
G1 Z4.2 F720
G1 X140.481 Y118.132 F10800
G1 Z3.8 F720
G1 E.8 F2100
M204 S800
;WIDTH:0.444434
G1 F1500
G1 X140.301 Y118.14 E.00463
;WIDTH:0.428766
G1 X109.699 Y118.14 E.75684
;WIDTH:0.458582
G1 X109.403 Y118.125 E.00788
M204 S1000
;WIPE_START
G1 F8640
G1 X109.699 Y118.14 E-.06843
G1 X112.867 Y118.14 E-.73157
;WIPE_END
G1 Z4.2 F720
G1 X125 Y118.542 F10800
G1 Z3.8 F720
G1 E.8 F2100
M204 S800
;WIDTH:0.449999
G1 F2700
G1 X107.643 Y118.536 E.45225
G1 X107.651 Y91.453 E.70567
G1 X141.664 Y91.455 E.88623
G1 X142.357 Y91.475 E.01806
G1 X142.346 Y118.547 E.70538
G1 X125.06 Y118.542 E.4504
M204 S1000
G1 X125 Y118.965 F10800
M204 S800
;TYPE:External perimeter
G1 F1500
G1 X107.689 Y118.965 E.45105
G1 X107.482 Y118.926 E.00549
G1 X107.306 Y118.816 E.00541
G1 X107.225 Y118.575 E.00662
G1 X107.225 Y92.143 E.6887
G1 X107.254 Y91.32 E.02146
G1 X107.377 Y91.115 E.00623
G1 X107.615 Y91.035 E.00654
G1 X141.73 Y91.037 E.88889
G1 X142.404 Y91.037 E.01756
G1 X142.599 Y91.106 E.00539
G1 X142.742 Y91.268 E.00563
G1 X142.775 Y91.475 E.00546
G1 X142.775 Y118.501 E.70418
G1 X142.736 Y118.708 E.00549
G1 X142.626 Y118.884 E.00541
G1 X142.385 Y118.965 E.00662
G1 X125.06 Y118.965 E.45142
M204 S1000
;LAYER_CHANGE
;Z:3.95
;HEIGHT:0.15
;BEFORE_LAYER_CHANGE
G92 E0.0
;3.95


;WIPE_START
G1 F8640
G1 X125 Y118.965 E-.01385
G1 X121.595 Y118.965 E-.78615
;WIPE_END
G1 Z3.95 F720
;AFTER_LAYER_CHANGE
;3.95
G1 Z4.35
G1 X125 Y117.733 F10800
G1 Z3.95 F720
G1 E.8 F2100
M204 S800
;TYPE:Perimeter
G1 F2700
G1 X109.699 Y117.733 E.39868
G1 X109.263 Y117.647 E.01158
M73 P78 R6
G1 X108.854 Y117.392 E.01256
G1 X108.695 Y117.212 E.00626
G1 X108.561 Y116.961 E.00741
G1 X108.457 Y116.491 E.01254
G1 X108.457 Y93.508 E.59884
G1 X108.516 Y93.152 E.0094
G1 X108.743 Y92.726 E.01258
G1 X108.916 Y92.553 E.00637
G1 X109.342 Y92.326 E.01258
G1 X109.698 Y92.267 E.0094
G1 X140.301 Y92.267 E.79738
G1 X140.737 Y92.353 E.01158
M73 Q78 S6
G1 X141.146 Y92.608 E.01256
G1 X141.305 Y92.788 E.00626
G1 X141.439 Y93.039 E.00741
G1 X141.543 Y93.509 E.01254
G1 X141.543 Y116.492 E.59884
G1 X141.484 Y116.848 E.0094
G1 X141.331 Y117.179 E.0095
G1 X141.022 Y117.495 E.01152
G1 X140.771 Y117.629 E.00741
G1 X140.301 Y117.733 E.01254
G1 X125.06 Y117.733 E.39712
M204 S1000
G1 X125 Y117.315 F10800
M204 S800
;TYPE:External perimeter
G1 F1500
G1 X109.699 Y117.315 E.39868
G1 X109.448 Y117.273 E.00663
G1 X109.168 Y117.117 E.00835
G1 X108.965 Y116.853 E.00868
G1 X108.875 Y116.491 E.00972
G1 X108.875 Y93.508 E.59884
G1 X108.957 Y93.158 E.00937
G1 X109.148 Y92.9 E.00836
G1 X109.423 Y92.736 E.00834
G1 X109.698 Y92.685 E.00729
G1 X140.301 Y92.685 E.79738
G1 X140.552 Y92.727 E.00663
G1 X140.832 Y92.883 E.00835
G1 X141.035 Y93.147 E.00868
G1 X141.125 Y93.509 E.00972
G1 X141.125 Y116.492 E.59884
G1 X141.051 Y116.83 E.00902
G1 X140.926 Y117.023 E.00599
G1 X140.663 Y117.225 E.00864
G1 X140.301 Y117.315 E.00972
G1 X125.06 Y117.315 E.39712
M204 S1000
;WIPE_START
G1 F8640
G1 X125 Y117.315 E-.01385
G1 X121.595 Y117.315 E-.78615
;WIPE_END
G1 Z4.35 F720
G1 X109.403 Y118.125 F10800
G1 Z3.95 F720
G1 E.8 F2100
M204 S800
;TYPE:Perimeter
;WIDTH:0.487614
G1 F1500
G1 X109.108 Y118.111 E.00839
;WIDTH:0.516644
G1 X108.813 Y118.096 E.00892
G1 X108.094 Y118.096 E.02172
G1 X108.094 Y117.608 E.01474
G1 X108.076 Y117.14 E.01415
;WIDTH:0.480538
G1 X108.058 Y116.671 E.01312
G1 X108.092 Y116.875 E.00578
;WIDTH:0.516644
G1 X108.126 Y117.078 E.00622
G1 X108.356 Y117.509 E.01476
G1 X108.514 Y117.69 E.00726
G1 X108.848 Y117.946 E.01271
G1 X109.064 Y118.049 E.00723
;WIDTH:0.510046
G1 X109.234 Y118.087 E.00519
;WIDTH:0.484315
G1 X109.345 Y118.112 E.00321
M204 S1000
;WIPE_START
G1 F8640
G1 X109.403 Y118.125 E-.01372
G1 X109.108 Y118.111 E-.06819
G1 X108.813 Y118.096 E-.0682
G1 X108.094 Y118.096 E-.16602
G1 X108.094 Y117.608 E-.11268
G1 X108.076 Y117.14 E-.10814
G1 X108.058 Y116.671 E-.10837
G1 X108.092 Y116.875 E-.04775
G1 X108.126 Y117.078 E-.04753
G1 X108.247 Y117.305 E-.0594
;WIPE_END
G1 Z4.35 F720
G1 X140.481 Y118.132 F10800
G1 Z3.95 F720
G1 E.8 F2100
M204 S800
;WIDTH:0.480534
G1 F1500
G1 X140.685 Y118.098 E.00578
;WIDTH:0.516634
G1 X140.888 Y118.064 E.00622
G1 X141.319 Y117.834 E.01476
G1 X141.722 Y117.404 E.0178
G1 X141.916 Y116.934 E.01536
;WIDTH:0.491975
G1 X141.94 Y116.695 E.00689
;WIDTH:0.482689
G1 X141.923 Y116.993 E.00839
;WIDTH:0.516634
G1 X141.906 Y117.292 E.00905
G1 X141.906 Y118.096 E.02429
G1 X141.418 Y118.096 E.01474
G1 X140.949 Y118.114 E.01418
;WIDTH:0.480534
G1 X140.541 Y118.13 E.01142
M204 S1000
;WIPE_START
G1 F8640
G1 X140.481 Y118.132 E-.01386
G1 X140.685 Y118.098 E-.04775
G1 X140.888 Y118.064 E-.04753
G1 X141.319 Y117.834 E-.1128
G1 X141.722 Y117.404 E-.13608
G1 X141.916 Y116.934 E-.11741
G1 X141.94 Y116.695 E-.05546
G1 X141.923 Y116.993 E-.06892
G1 X141.906 Y117.292 E-.06915
G1 X141.906 Y117.86 E-.13104
;WIPE_END
G1 Z4.35 F720
G1 X141.932 Y93.236 F10800
G1 Z3.95 F720
G1 E.8 F2100
M204 S800
;WIDTH:0.4648
G1 F1500
G1 X141.95 Y93.509 E.00738
;WIDTH:0.428764
G1 X141.95 Y116.492 E.5684
;WIDTH:0.44443
G1 X141.942 Y116.672 E.00463
M204 S1000
;WIPE_START
G1 F8640
G1 X141.95 Y116.492 E-.0416
G1 X141.95 Y113.207 E-.7584
;WIPE_END
G1 Z4.35 F720
G1 X141.932 Y93.236 F10800
G1 Z3.95 F720
G1 E.8 F2100
M204 S800
;WIDTH:0.505916
G1 F1500
G1 X141.869 Y92.923 E.00943
;WIDTH:0.516
G1 X141.643 Y92.491 E.01471
G1 X141.485 Y92.31 E.00725
G1 X141.152 Y92.055 E.01265
G1 X140.935 Y91.952 E.00725
;WIDTH:0.509107
G1 X140.766 Y91.914 E.00515
;WIDTH:0.482712
G1 X140.597 Y91.876 E.00487
;WIDTH:0.486158
G1 X140.892 Y91.891 E.00836
;WIDTH:0.516
G1 X141.187 Y91.906 E.00891
G1 X141.906 Y91.906 E.02169
G1 X141.906 Y92.392 E.01466
G1 X141.919 Y92.814 E.01274
;WIDTH:0.4904
G1 X141.93 Y93.176 E.01035
M204 S1000
;WIPE_START
G1 F8640
G1 X141.932 Y93.236 E-.01386
G1 X141.869 Y92.923 E-.07372
G1 X141.643 Y92.491 E-.11258
G1 X141.485 Y92.31 E-.05548
G1 X141.152 Y92.055 E-.09685
G1 X140.935 Y91.952 E-.05546
G1 X140.766 Y91.914 E-.04
G1 X140.597 Y91.876 E-.04
G1 X140.892 Y91.891 E-.0682
G1 X141.187 Y91.906 E-.0682
G1 X141.906 Y91.906 E-.16602
G1 X141.906 Y91.948 E-.00963
;WIPE_END
G1 Z4.35 F720
G1 X109.518 Y91.868 F10800
G1 Z3.95 F720
G1 E.8 F2100
M204 S800
;WIDTH:0.44428
G1 F1500
G1 X109.698 Y91.86 E.00463
;WIDTH:0.428616
G1 X140.301 Y91.861 E.75657
;WIDTH:0.456316
G1 X140.597 Y91.876 E.00784
M204 S1000
;WIPE_START
G1 F8640
G1 X140.301 Y91.861 E-.06843
G1 X137.133 Y91.861 E-.73157
;WIPE_END
G1 Z4.35 F720
G1 X108.06 Y93.305 F10800
G1 Z3.95 F720
G1 E.8 F2100
M204 S800
;WIDTH:0.481123
G1 F1500
G1 X108.076 Y92.969 E.00942
;WIDTH:0.513423
G1 X108.092 Y92.633 E.0101
G1 X108.092 Y91.902 E.02194
G1 X108.823 Y91.902 E.02194
G1 X109.039 Y91.898 E.00648
;WIDTH:0.478852
G1 X109.256 Y91.894 E.00605
;WIDTH:0.513423
G1 X108.866 Y92.046 E.01256
G1 X108.503 Y92.313 E.01352
G1 X108.236 Y92.676 E.01352
G1 X108.084 Y93.066 E.01256
;WIDTH:0.487591
G1 X108.066 Y93.245 E.00511
M204 S1000
;WIPE_START
G1 F8640
G1 X108.06 Y93.305 E-.01392
G1 X108.076 Y92.969 E-.07767
G1 X108.092 Y92.633 E-.07767
G1 X108.092 Y91.902 E-.16879
G1 X108.823 Y91.902 E-.16879
G1 X109.039 Y91.898 E-.04988
G1 X109.256 Y91.894 E-.05011
G1 X108.866 Y92.046 E-.09665
G1 X108.529 Y92.294 E-.09652
;WIPE_END
G1 Z4.35 F720
G1 X108.058 Y116.671 F10800
G1 Z3.95 F720
G1 E.8 F2100
M204 S800
;WIDTH:0.444432
G1 F1500
G1 X108.05 Y116.491 E.00463
;WIDTH:0.428764
G1 X108.05 Y93.508 E.5684
;WIDTH:0.448822
G1 X108.06 Y93.305 E.00528
M204 S1000
;WIPE_START
G1 F8640
G1 X108.05 Y93.508 E-.04693
G1 X108.05 Y96.769 E-.75307
;WIPE_END
G1 Z4.35 F720
G1 X140.481 Y118.132 F10800
G1 Z3.95 F720
G1 E.8 F2100
M204 S800
;WIDTH:0.444434
G1 F1500
G1 X140.301 Y118.14 E.00463
;WIDTH:0.428766
G1 X109.699 Y118.14 E.75684
;WIDTH:0.458584
G1 X109.403 Y118.125 E.00788
M204 S1000
;WIPE_START
G1 F8640
G1 X109.699 Y118.14 E-.06843
G1 X112.867 Y118.14 E-.73157
;WIPE_END
G1 Z4.35 F720
G1 X125 Y118.542 F10800
G1 Z3.95 F720
M73 P79 R6
G1 E.8 F2100
M204 S800
;WIDTH:0.449999
G1 F2700
G1 X107.643 Y118.536 E.45225
G1 X107.65 Y91.453 E.70567
M73 Q79 S6
G1 X141.665 Y91.455 E.88629
G1 X142.357 Y91.475 E.01804
G1 X142.346 Y118.547 E.70538
G1 X125.06 Y118.542 E.4504
M204 S1000
G1 X125 Y118.965 F10800
M204 S800
;TYPE:External perimeter
G1 F1500
G1 X107.689 Y118.965 E.45105
G1 X107.482 Y118.926 E.00549
G1 X107.306 Y118.816 E.00541
G1 X107.225 Y118.575 E.00662
G1 X107.225 Y91.489 E.70575
G1 X107.27 Y91.246 E.00644
G1 X107.377 Y91.114 E.00443
G1 X107.615 Y91.035 E.00653
G1 X141.739 Y91.037 E.88913
G1 X142.413 Y91.037 E.01756
G1 X142.598 Y91.105 E.00514
G1 X142.742 Y91.268 E.00567
G1 X142.775 Y91.475 E.00546
G1 X142.775 Y118.501 E.70418
G1 X142.736 Y118.708 E.00549
G1 X142.626 Y118.884 E.00541
G1 X142.385 Y118.965 E.00662
G1 X125.06 Y118.965 E.45142
M204 S1000
;LAYER_CHANGE
;Z:4.1
;HEIGHT:0.15
;BEFORE_LAYER_CHANGE
G92 E0.0
;4.1


;WIPE_START
G1 F8640
G1 X125 Y118.965 E-.01385
G1 X121.595 Y118.965 E-.78615
;WIPE_END
G1 Z4.1 F720
;AFTER_LAYER_CHANGE
;4.1
G1 Z4.5
G1 X125 Y117.733 F10800
G1 Z4.1 F720
G1 E.8 F2100
M73 P79 R5
M204 S800
;TYPE:Perimeter
G1 F2700
G1 X109.699 Y117.733 E.39868
G1 X109.263 Y117.647 E.01158
G1 X108.854 Y117.392 E.01256
G1 X108.695 Y117.212 E.00626
G1 X108.561 Y116.961 E.00741
G1 X108.457 Y116.491 E.01254
G1 X108.457 Y93.508 E.59884
G1 X108.516 Y93.152 E.0094
G1 X108.743 Y92.726 E.01258
G1 X108.916 Y92.553 E.00637
G1 X109.342 Y92.326 E.01258
G1 X109.698 Y92.267 E.0094
G1 X140.301 Y92.267 E.79738
G1 X140.737 Y92.353 E.01158
M73 Q79 S5
G1 X141.146 Y92.608 E.01256
G1 X141.305 Y92.788 E.00626
G1 X141.439 Y93.039 E.00741
G1 X141.543 Y93.509 E.01254
G1 X141.543 Y116.492 E.59884
G1 X141.484 Y116.848 E.0094
G1 X141.331 Y117.179 E.0095
G1 X141.022 Y117.495 E.01152
G1 X140.771 Y117.629 E.00741
G1 X140.301 Y117.733 E.01254
G1 X125.06 Y117.733 E.39712
M204 S1000
G1 X125 Y117.315 F10800
M204 S800
;TYPE:External perimeter
G1 F1500
G1 X109.699 Y117.315 E.39868
G1 X109.448 Y117.273 E.00663
G1 X109.168 Y117.117 E.00835
G1 X108.965 Y116.853 E.00868
G1 X108.875 Y116.491 E.00972
G1 X108.875 Y93.508 E.59884
G1 X108.957 Y93.158 E.00937
G1 X109.148 Y92.9 E.00836
G1 X109.423 Y92.736 E.00834
G1 X109.698 Y92.685 E.00729
G1 X140.301 Y92.685 E.79738
G1 X140.552 Y92.727 E.00663
G1 X140.832 Y92.883 E.00835
G1 X141.035 Y93.147 E.00868
G1 X141.125 Y93.509 E.00972
G1 X141.125 Y116.492 E.59884
G1 X141.051 Y116.83 E.00902
G1 X140.926 Y117.023 E.00599
G1 X140.663 Y117.225 E.00864
G1 X140.301 Y117.315 E.00972
G1 X125.06 Y117.315 E.39712
M204 S1000
;WIPE_START
G1 F8640
G1 X125 Y117.315 E-.01385
G1 X121.595 Y117.315 E-.78615
;WIPE_END
G1 Z4.5 F720
G1 X109.403 Y118.125 F10800
G1 Z4.1 F720
G1 E.8 F2100
M204 S800
;TYPE:Perimeter
;WIDTH:0.487612
G1 F1500
G1 X109.108 Y118.111 E.00839
;WIDTH:0.516644
G1 X108.813 Y118.096 E.00892
G1 X108.094 Y118.096 E.02172
G1 X108.094 Y117.608 E.01474
G1 X108.076 Y117.14 E.01415
;WIDTH:0.480538
G1 X108.058 Y116.671 E.01312
G1 X108.092 Y116.875 E.00578
;WIDTH:0.516644
G1 X108.126 Y117.078 E.00622
G1 X108.356 Y117.509 E.01476
G1 X108.514 Y117.69 E.00726
G1 X108.848 Y117.946 E.01271
G1 X109.065 Y118.049 E.00726
;WIDTH:0.510045
G1 X109.234 Y118.087 E.00516
;WIDTH:0.484313
G1 X109.345 Y118.112 E.00321
M204 S1000
;WIPE_START
G1 F8640
G1 X109.403 Y118.125 E-.01372
G1 X109.108 Y118.111 E-.06819
G1 X108.813 Y118.096 E-.0682
G1 X108.094 Y118.096 E-.16602
G1 X108.094 Y117.608 E-.11268
G1 X108.076 Y117.14 E-.10814
G1 X108.058 Y116.671 E-.10837
G1 X108.092 Y116.875 E-.04775
G1 X108.126 Y117.078 E-.04753
G1 X108.247 Y117.305 E-.0594
;WIPE_END
G1 Z4.5 F720
G1 X140.481 Y118.132 F10800
G1 Z4.1 F720
G1 E.8 F2100
M204 S800
;WIDTH:0.480534
G1 F1500
G1 X140.685 Y118.098 E.00578
;WIDTH:0.516634
G1 X140.888 Y118.064 E.00622
G1 X141.319 Y117.834 E.01476
G1 X141.722 Y117.404 E.0178
G1 X141.916 Y116.934 E.01536
;WIDTH:0.491975
G1 X141.94 Y116.695 E.00689
;WIDTH:0.482689
G1 X141.923 Y116.993 E.00839
;WIDTH:0.516634
G1 X141.906 Y117.292 E.00905
M73 P80 R5
G1 X141.906 Y118.096 E.02429
G1 X141.418 Y118.096 E.01474
G1 X140.949 Y118.114 E.01418
;WIDTH:0.480534
G1 X140.541 Y118.13 E.01142
M204 S1000
;WIPE_START
G1 F8640
G1 X140.481 Y118.132 E-.01386
G1 X140.685 Y118.098 E-.04775
G1 X140.888 Y118.064 E-.04753
G1 X141.319 Y117.834 E-.1128
G1 X141.722 Y117.404 E-.13608
G1 X141.916 Y116.934 E-.11741
G1 X141.94 Y116.695 E-.05546
G1 X141.923 Y116.993 E-.06892
G1 X141.906 Y117.292 E-.06915
G1 X141.906 Y117.86 E-.13104
;WIPE_END
G1 Z4.5 F720
G1 X141.932 Y93.236 F10800
G1 Z4.1 F720
M73 Q80 S5
G1 E.8 F2100
M204 S800
;WIDTH:0.4648
G1 F1500
G1 X141.95 Y93.509 E.00738
;WIDTH:0.428764
G1 X141.95 Y116.492 E.5684
;WIDTH:0.44443
G1 X141.942 Y116.672 E.00463
M204 S1000
;WIPE_START
G1 F8640
G1 X141.95 Y116.492 E-.0416
G1 X141.95 Y113.207 E-.7584
;WIPE_END
G1 Z4.5 F720
G1 X141.932 Y93.236 F10800
G1 Z4.1 F720
G1 E.8 F2100
M204 S800
;WIDTH:0.505779
G1 F1500
G1 X141.869 Y92.923 E.00943
;WIDTH:0.515829
G1 X141.643 Y92.491 E.0147
G1 X141.485 Y92.31 E.00725
G1 X141.152 Y92.055 E.01265
G1 X140.935 Y91.952 E.00724
;WIDTH:0.508872
G1 X140.766 Y91.914 E.00515
;WIDTH:0.482289
G1 X140.597 Y91.876 E.00486
;WIDTH:0.485768
G1 X140.892 Y91.891 E.00836
;WIDTH:0.515829
G1 X141.186 Y91.907 E.00888
G1 X141.906 Y91.907 E.02172
G1 X141.906 Y92.392 E.01463
G1 X141.919 Y92.814 E.01273
;WIDTH:0.490315
G1 X141.93 Y93.176 E.01035
M204 S1000
;WIPE_START
G1 F8640
G1 X141.932 Y93.236 E-.01386
G1 X141.869 Y92.923 E-.07372
G1 X141.643 Y92.491 E-.11258
G1 X141.485 Y92.31 E-.05548
G1 X141.152 Y92.055 E-.09685
G1 X140.935 Y91.952 E-.05546
G1 X140.766 Y91.914 E-.04
G1 X140.597 Y91.876 E-.04
G1 X140.892 Y91.891 E-.0682
G1 X141.186 Y91.907 E-.06799
G1 X141.906 Y91.907 E-.16625
G1 X141.906 Y91.949 E-.00961
;WIPE_END
G1 Z4.5 F720
G1 X109.519 Y91.868 F10800
G1 Z4.1 F720
G1 E.8 F2100
M204 S800
;WIDTH:0.444242
G1 F1500
G1 X109.698 Y91.86 E.0046
;WIDTH:0.428576
G1 X140.301 Y91.861 E.7565
;WIDTH:0.455706
G1 X140.597 Y91.876 E.00783
M204 S1000
;WIPE_START
G1 F8640
G1 X140.301 Y91.861 E-.06843
G1 X137.133 Y91.861 E-.73157
;WIPE_END
G1 Z4.5 F720
G1 X108.06 Y93.305 F10800
G1 Z4.1 F720
G1 E.8 F2100
M204 S800
;WIDTH:0.481121
G1 F1500
G1 X108.076 Y92.969 E.00942
;WIDTH:0.513419
G1 X108.092 Y92.633 E.0101
G1 X108.092 Y91.902 E.02194
G1 X108.823 Y91.902 E.02194
G1 X109.039 Y91.898 E.00648
;WIDTH:0.478831
G1 X109.256 Y91.894 E.00605
;WIDTH:0.513419
G1 X108.866 Y92.046 E.01256
G1 X108.503 Y92.313 E.01352
G1 X108.236 Y92.676 E.01352
G1 X108.084 Y93.066 E.01256
;WIDTH:0.487588
G1 X108.066 Y93.245 E.00511
M204 S1000
;WIPE_START
G1 F8640
G1 X108.06 Y93.305 E-.01392
G1 X108.076 Y92.969 E-.07767
G1 X108.092 Y92.633 E-.07767
G1 X108.092 Y91.902 E-.16879
G1 X108.823 Y91.902 E-.16879
G1 X109.039 Y91.898 E-.04988
G1 X109.256 Y91.894 E-.05011
G1 X108.866 Y92.046 E-.09665
G1 X108.529 Y92.294 E-.09652
;WIPE_END
G1 Z4.5 F720
G1 X108.058 Y116.671 F10800
G1 Z4.1 F720
G1 E.8 F2100
M204 S800
;WIDTH:0.444432
G1 F1500
G1 X108.05 Y116.491 E.00463
;WIDTH:0.428764
G1 X108.05 Y93.508 E.5684
;WIDTH:0.448822
G1 X108.06 Y93.305 E.00528
M204 S1000
;WIPE_START
G1 F8640
G1 X108.05 Y93.508 E-.04693
G1 X108.05 Y96.769 E-.75307
;WIPE_END
G1 Z4.5 F720
G1 X140.481 Y118.132 F10800
G1 Z4.1 F720
G1 E.8 F2100
M204 S800
;WIDTH:0.444434
G1 F1500
G1 X140.301 Y118.14 E.00463
;WIDTH:0.428766
G1 X109.699 Y118.14 E.75684
;WIDTH:0.45858
G1 X109.403 Y118.125 E.00788
M204 S1000
;WIPE_START
G1 F8640
G1 X109.699 Y118.14 E-.06843
G1 X112.867 Y118.14 E-.73157
;WIPE_END
G1 Z4.5 F720
G1 X125 Y118.542 F10800
G1 Z4.1 F720
G1 E.8 F2100
M204 S800
;WIDTH:0.449999
G1 F2700
G1 X107.643 Y118.536 E.45225
G1 X107.654 Y91.453 E.70567
G1 X141.665 Y91.456 E.88618
G1 X142.357 Y91.475 E.01804
G1 X142.346 Y118.547 E.70538
G1 X125.06 Y118.542 E.4504
M204 S1000
G1 X125 Y118.965 F10800
M204 S800
;TYPE:External perimeter
G1 F1500
G1 X107.689 Y118.965 E.45105
G1 X107.482 Y118.926 E.00549
G1 X107.306 Y118.816 E.00541
G1 X107.225 Y118.575 E.00662
G1 X107.225 Y91.499 E.70548
G1 X107.264 Y91.292 E.00549
G1 X107.374 Y91.116 E.00541
G1 X107.615 Y91.035 E.00662
G1 X141.748 Y91.038 E.88936
G1 X142.421 Y91.038 E.01754
G1 X142.596 Y91.104 E.00487
G1 X142.742 Y91.268 E.00572
G1 X142.775 Y91.475 E.00546
G1 X142.775 Y118.501 E.70418
G1 X142.736 Y118.708 E.00549
G1 X142.626 Y118.884 E.00541
G1 X142.385 Y118.965 E.00662
G1 X125.06 Y118.965 E.45142
M204 S1000
;LAYER_CHANGE
;Z:4.25
;HEIGHT:0.15
;BEFORE_LAYER_CHANGE
G92 E0.0
;4.25


;WIPE_START
G1 F8640
G1 X125 Y118.965 E-.01385
G1 X121.595 Y118.965 E-.78615
;WIPE_END
G1 Z4.25 F720
M73 P81 R5
;AFTER_LAYER_CHANGE
;4.25
G1 Z4.65
G1 X125 Y117.733 F10800
G1 Z4.25 F720
M73 Q81 S5
G1 E.8 F2100
M204 S800
;TYPE:Perimeter
G1 F2700
G1 X109.699 Y117.733 E.39868
G1 X109.263 Y117.647 E.01158
G1 X108.854 Y117.392 E.01256
G1 X108.695 Y117.212 E.00626
G1 X108.561 Y116.961 E.00741
G1 X108.457 Y116.491 E.01254
G1 X108.457 Y93.508 E.59884
G1 X108.516 Y93.152 E.0094
G1 X108.743 Y92.726 E.01258
G1 X108.916 Y92.553 E.00637
G1 X109.342 Y92.326 E.01258
G1 X109.698 Y92.267 E.0094
G1 X140.301 Y92.267 E.79738
G1 X140.737 Y92.353 E.01158
G1 X141.146 Y92.608 E.01256
G1 X141.305 Y92.788 E.00626
G1 X141.439 Y93.039 E.00741
G1 X141.543 Y93.509 E.01254
G1 X141.543 Y116.492 E.59884
G1 X141.484 Y116.848 E.0094
G1 X141.331 Y117.179 E.0095
G1 X141.022 Y117.495 E.01152
G1 X140.771 Y117.629 E.00741
G1 X140.301 Y117.733 E.01254
G1 X125.06 Y117.733 E.39712
M204 S1000
G1 X125 Y117.315 F10800
M204 S800
;TYPE:External perimeter
G1 F1500
G1 X109.699 Y117.315 E.39868
G1 X109.448 Y117.273 E.00663
G1 X109.168 Y117.117 E.00835
G1 X108.965 Y116.853 E.00868
G1 X108.875 Y116.491 E.00972
G1 X108.875 Y93.508 E.59884
G1 X108.957 Y93.158 E.00937
G1 X109.148 Y92.9 E.00836
G1 X109.423 Y92.736 E.00834
G1 X109.698 Y92.685 E.00729
G1 X140.301 Y92.685 E.79738
G1 X140.552 Y92.727 E.00663
G1 X140.832 Y92.883 E.00835
G1 X141.035 Y93.147 E.00868
G1 X141.125 Y93.509 E.00972
G1 X141.125 Y116.492 E.59884
G1 X141.051 Y116.83 E.00902
G1 X140.926 Y117.023 E.00599
G1 X140.663 Y117.225 E.00864
G1 X140.301 Y117.315 E.00972
G1 X125.06 Y117.315 E.39712
M204 S1000
;WIPE_START
G1 F8640
G1 X125 Y117.315 E-.01385
G1 X121.595 Y117.315 E-.78615
;WIPE_END
G1 Z4.65 F720
G1 X109.403 Y118.125 F10800
G1 Z4.25 F720
G1 E.8 F2100
M204 S800
;TYPE:Perimeter
;WIDTH:0.487615
G1 F1500
G1 X109.108 Y118.111 E.00839
;WIDTH:0.516645
G1 X108.813 Y118.096 E.00892
G1 X108.094 Y118.096 E.02172
G1 X108.094 Y117.608 E.01474
G1 X108.076 Y117.14 E.01415
;WIDTH:0.480539
G1 X108.058 Y116.671 E.01312
G1 X108.092 Y116.875 E.00578
;WIDTH:0.516645
G1 X108.126 Y117.078 E.00622
G1 X108.356 Y117.509 E.01476
G1 X108.514 Y117.69 E.00726
G1 X108.848 Y117.946 E.01271
G1 X109.064 Y118.049 E.00723
;WIDTH:0.510047
G1 X109.234 Y118.087 E.00519
;WIDTH:0.484316
G1 X109.345 Y118.112 E.00321
M204 S1000
;WIPE_START
G1 F8640
G1 X109.403 Y118.125 E-.01372
G1 X109.108 Y118.111 E-.06819
G1 X108.813 Y118.096 E-.0682
G1 X108.094 Y118.096 E-.16602
G1 X108.094 Y117.608 E-.11268
G1 X108.076 Y117.14 E-.10814
G1 X108.058 Y116.671 E-.10837
G1 X108.092 Y116.875 E-.04775
G1 X108.126 Y117.078 E-.04753
G1 X108.247 Y117.305 E-.0594
;WIPE_END
G1 Z4.65 F720
G1 X140.481 Y118.132 F10800
G1 Z4.25 F720
G1 E.8 F2100
M204 S800
;WIDTH:0.480534
G1 F1500
G1 X140.685 Y118.098 E.00578
;WIDTH:0.516634
G1 X140.888 Y118.064 E.00622
G1 X141.319 Y117.834 E.01476
G1 X141.722 Y117.404 E.0178
G1 X141.916 Y116.934 E.01536
;WIDTH:0.491975
G1 X141.94 Y116.695 E.00689
;WIDTH:0.482689
G1 X141.923 Y116.993 E.00839
;WIDTH:0.516634
G1 X141.906 Y117.292 E.00905
G1 X141.906 Y118.096 E.02429
G1 X141.418 Y118.096 E.01474
G1 X140.949 Y118.114 E.01418
;WIDTH:0.480534
G1 X140.541 Y118.13 E.01142
M204 S1000
;WIPE_START
G1 F8640
G1 X140.481 Y118.132 E-.01386
G1 X140.685 Y118.098 E-.04775
G1 X140.888 Y118.064 E-.04753
G1 X141.319 Y117.834 E-.1128
G1 X141.722 Y117.404 E-.13608
G1 X141.916 Y116.934 E-.11741
G1 X141.94 Y116.695 E-.05546
G1 X141.923 Y116.993 E-.06892
G1 X141.906 Y117.292 E-.06915
G1 X141.906 Y117.86 E-.13104
;WIPE_END
G1 Z4.65 F720
G1 X141.932 Y93.236 F10800
G1 Z4.25 F720
G1 E.8 F2100
M204 S800
;WIDTH:0.4648
G1 F1500
G1 X141.95 Y93.509 E.00738
;WIDTH:0.428764
G1 X141.95 Y116.492 E.5684
;WIDTH:0.44443
G1 X141.942 Y116.672 E.00463
M204 S1000
;WIPE_START
G1 F8640
G1 X141.95 Y116.492 E-.0416
G1 X141.95 Y113.207 E-.7584
;WIPE_END
G1 Z4.65 F720
G1 X141.932 Y93.236 F10800
G1 Z4.25 F720
G1 E.8 F2100
M204 S800
;WIDTH:0.505641
G1 F1500
G1 X141.869 Y92.923 E.00943
;WIDTH:0.515658
G1 X141.643 Y92.491 E.0147
G1 X141.485 Y92.311 E.00722
G1 X141.152 Y92.055 E.01266
G1 X140.935 Y91.952 E.00724
;WIDTH:0.508633
G1 X140.766 Y91.914 E.00515
;WIDTH:0.481865
G1 X140.597 Y91.877 E.00485
;WIDTH:0.485377
G1 X140.891 Y91.892 E.00832
;WIDTH:0.515658
G1 X141.186 Y91.907 E.00891
G1 X141.907 Y91.907 E.02174
G1 X141.907 Y92.392 E.01462
G1 X141.919 Y92.814 E.01273
;WIDTH:0.490229
G1 X141.93 Y93.176 E.01035
M204 S1000
;WIPE_START
G1 F8640
G1 X141.932 Y93.236 E-.01386
G1 X141.869 Y92.923 E-.07372
G1 X141.643 Y92.491 E-.11258
G1 X141.485 Y92.311 E-.0553
G1 X141.152 Y92.055 E-.09699
G1 X140.935 Y91.952 E-.05546
G1 X140.766 Y91.914 E-.04
G1 X140.597 Y91.877 E-.03995
G1 X140.891 Y91.892 E-.06797
G1 X141.186 Y91.907 E-.0682
G1 X141.907 Y91.907 E-.16648
G1 X141.907 Y91.948 E-.00949
;WIPE_END
G1 Z4.65 F720
G1 X109.519 Y91.868 F10800
G1 Z4.25 F720
G1 E.8 F2100
M204 S800
;WIDTH:0.444204
G1 F1500
G1 X109.698 Y91.86 E.0046
;WIDTH:0.428538
G1 X140.301 Y91.862 E.75643
;WIDTH:0.455096
G1 X140.597 Y91.877 E.00782
M204 S1000
;WIPE_START
G1 F8640
G1 X140.301 Y91.862 E-.06843
G1 X137.133 Y91.862 E-.73157
;WIPE_END
G1 Z4.65 F720
G1 X108.06 Y93.305 F10800
G1 Z4.25 F720
G1 E.8 F2100
M204 S800
;WIDTH:0.481118
G1 F1500
G1 X108.076 Y92.969 E.00942
;WIDTH:0.513414
G1 X108.092 Y92.633 E.01009
G1 X108.092 Y91.902 E.02194
G1 X108.823 Y91.902 E.02194
G1 X109.039 Y91.898 E.00648
;WIDTH:0.478809
G1 X109.256 Y91.894 E.00604
;WIDTH:0.513414
G1 X108.866 Y92.046 E.01256
G1 X108.503 Y92.313 E.01352
G1 X108.236 Y92.676 E.01352
G1 X108.084 Y93.066 E.01256
;WIDTH:0.487585
G1 X108.066 Y93.245 E.00511
M204 S1000
;WIPE_START
G1 F8640
G1 X108.06 Y93.305 E-.01392
G1 X108.076 Y92.969 E-.07767
G1 X108.092 Y92.633 E-.07767
G1 X108.092 Y91.902 E-.16879
G1 X108.823 Y91.902 E-.16879
G1 X109.039 Y91.898 E-.04988
G1 X109.256 Y91.894 E-.05011
G1 X108.866 Y92.046 E-.09665
G1 X108.529 Y92.294 E-.09652
;WIPE_END
G1 Z4.65 F720
G1 X108.058 Y116.671 F10800
G1 Z4.25 F720
G1 E.8 F2100
M204 S800
;WIDTH:0.444432
G1 F1500
G1 X108.05 Y116.491 E.00463
;WIDTH:0.428764
G1 X108.05 Y93.508 E.5684
;WIDTH:0.448822
G1 X108.06 Y93.305 E.00528
M204 S1000
;WIPE_START
G1 F8640
G1 X108.05 Y93.508 E-.04693
G1 X108.05 Y96.769 E-.75307
;WIPE_END
G1 Z4.65 F720
G1 X140.481 Y118.132 F10800
G1 Z4.25 F720
G1 E.8 F2100
M204 S800
;WIDTH:0.444434
G1 F1500
G1 X140.301 Y118.14 E.00463
;WIDTH:0.428766
G1 X109.699 Y118.14 E.75684
;WIDTH:0.458584
G1 X109.403 Y118.125 E.00788
M73 P82 R5
M73 Q82 S5
M204 S1000
;WIPE_START
G1 F8640
G1 X109.699 Y118.14 E-.06843
G1 X112.867 Y118.14 E-.73157
;WIPE_END
G1 Z4.65 F720
G1 X125 Y118.542 F10800
G1 Z4.25 F720
G1 E.8 F2100
M204 S800
;WIDTH:0.449999
G1 F2700
G1 X107.643 Y118.536 E.45225
G1 X107.654 Y91.453 E.70567
G1 X141.665 Y91.456 E.88618
G1 X142.357 Y91.475 E.01804
G1 X142.346 Y118.547 E.70538
G1 X125.06 Y118.542 E.4504
M204 S1000
G1 X125 Y118.965 F10800
M204 S800
;TYPE:External perimeter
G1 F1500
G1 X107.689 Y118.965 E.45105
G1 X107.482 Y118.926 E.00549
G1 X107.306 Y118.816 E.00541
G1 X107.225 Y118.575 E.00662
G1 X107.225 Y91.499 E.70548
G1 X107.264 Y91.292 E.00549
G1 X107.374 Y91.116 E.00541
G1 X107.615 Y91.035 E.00662
G1 X141.714 Y91.039 E.88847
G1 X142.385 Y91.039 E.01748
G1 X142.593 Y91.102 E.00566
G1 X142.742 Y91.268 E.00581
G1 X142.775 Y91.475 E.00546
G1 X142.775 Y118.501 E.70418
G1 X142.736 Y118.708 E.00549
G1 X142.626 Y118.884 E.00541
G1 X142.385 Y118.965 E.00662
G1 X125.06 Y118.965 E.45142
M204 S1000
;LAYER_CHANGE
;Z:4.4
;HEIGHT:0.15
;BEFORE_LAYER_CHANGE
G92 E0.0
;4.4


;WIPE_START
G1 F8640
G1 X125 Y118.965 E-.01385
G1 X121.595 Y118.965 E-.78615
;WIPE_END
G1 Z4.4 F720
;AFTER_LAYER_CHANGE
;4.4
G1 Z4.8
G1 X125 Y117.733 F10800
G1 Z4.4 F720
G1 E.8 F2100
M204 S800
;TYPE:Perimeter
G1 F2700
G1 X109.699 Y117.733 E.39868
G1 X109.263 Y117.647 E.01158
G1 X108.854 Y117.392 E.01256
G1 X108.695 Y117.212 E.00626
G1 X108.561 Y116.961 E.00741
G1 X108.457 Y116.491 E.01254
G1 X108.457 Y93.508 E.59884
G1 X108.516 Y93.152 E.0094
G1 X108.743 Y92.726 E.01258
G1 X108.916 Y92.553 E.00637
G1 X109.342 Y92.326 E.01258
G1 X109.698 Y92.267 E.0094
G1 X140.301 Y92.267 E.79738
G1 X140.737 Y92.353 E.01158
G1 X141.146 Y92.608 E.01256
G1 X141.305 Y92.788 E.00626
G1 X141.439 Y93.039 E.00741
G1 X141.543 Y93.509 E.01254
G1 X141.543 Y116.492 E.59884
G1 X141.484 Y116.848 E.0094
G1 X141.331 Y117.179 E.0095
G1 X141.022 Y117.495 E.01152
G1 X140.771 Y117.629 E.00741
G1 X140.301 Y117.733 E.01254
G1 X125.06 Y117.733 E.39712
M204 S1000
G1 X125 Y117.315 F10800
M204 S800
;TYPE:External perimeter
G1 F1500
G1 X109.699 Y117.315 E.39868
G1 X109.448 Y117.273 E.00663
G1 X109.168 Y117.117 E.00835
G1 X108.965 Y116.853 E.00868
G1 X108.875 Y116.491 E.00972
G1 X108.875 Y93.508 E.59884
G1 X108.957 Y93.158 E.00937
G1 X109.148 Y92.9 E.00836
G1 X109.423 Y92.736 E.00834
G1 X109.698 Y92.685 E.00729
G1 X140.301 Y92.685 E.79738
G1 X140.552 Y92.727 E.00663
G1 X140.832 Y92.883 E.00835
G1 X141.035 Y93.147 E.00868
G1 X141.125 Y93.509 E.00972
G1 X141.125 Y116.492 E.59884
G1 X141.051 Y116.83 E.00902
G1 X140.926 Y117.023 E.00599
G1 X140.663 Y117.225 E.00864
G1 X140.301 Y117.315 E.00972
G1 X125.06 Y117.315 E.39712
M204 S1000
;WIPE_START
G1 F8640
M73 P82 R4
G1 X125 Y117.315 E-.01385
G1 X121.595 Y117.315 E-.78615
;WIPE_END
G1 Z4.8 F720
G1 X109.403 Y118.125 F10800
G1 Z4.4 F720
M73 Q82 S4
G1 E.8 F2100
M204 S800
;TYPE:Perimeter
;WIDTH:0.487614
G1 F1500
G1 X109.108 Y118.111 E.00839
;WIDTH:0.516644
G1 X108.813 Y118.096 E.00892
G1 X108.094 Y118.096 E.02172
G1 X108.094 Y117.608 E.01474
G1 X108.076 Y117.14 E.01415
;WIDTH:0.480538
G1 X108.058 Y116.671 E.01312
G1 X108.092 Y116.875 E.00578
;WIDTH:0.516644
G1 X108.126 Y117.078 E.00622
G1 X108.356 Y117.509 E.01476
G1 X108.514 Y117.69 E.00726
G1 X108.848 Y117.946 E.01271
G1 X109.064 Y118.049 E.00723
;WIDTH:0.510046
G1 X109.234 Y118.087 E.00519
;WIDTH:0.484315
G1 X109.345 Y118.112 E.00321
M204 S1000
;WIPE_START
G1 F8640
G1 X109.403 Y118.125 E-.01372
G1 X109.108 Y118.111 E-.06819
G1 X108.813 Y118.096 E-.0682
G1 X108.094 Y118.096 E-.16602
G1 X108.094 Y117.608 E-.11268
G1 X108.076 Y117.14 E-.10814
G1 X108.058 Y116.671 E-.10837
M73 Q83 S4
G1 X108.092 Y116.875 E-.04775
G1 X108.126 Y117.078 E-.04753
G1 X108.247 Y117.305 E-.0594
;WIPE_END
G1 Z4.8 F720
G1 X140.481 Y118.132 F10800
M73 P83 R4
G1 Z4.4 F720
G1 E.8 F2100
M204 S800
;WIDTH:0.480534
G1 F1500
G1 X140.685 Y118.098 E.00578
;WIDTH:0.516634
G1 X140.888 Y118.064 E.00622
G1 X141.319 Y117.834 E.01476
G1 X141.722 Y117.404 E.0178
G1 X141.916 Y116.934 E.01536
;WIDTH:0.491975
G1 X141.94 Y116.695 E.00689
;WIDTH:0.482689
G1 X141.923 Y116.993 E.00839
;WIDTH:0.516634
G1 X141.906 Y117.292 E.00905
G1 X141.906 Y118.096 E.02429
G1 X141.418 Y118.096 E.01474
G1 X140.949 Y118.114 E.01418
;WIDTH:0.480534
G1 X140.541 Y118.13 E.01142
M204 S1000
;WIPE_START
G1 F8640
G1 X140.481 Y118.132 E-.01386
G1 X140.685 Y118.098 E-.04775
G1 X140.888 Y118.064 E-.04753
G1 X141.319 Y117.834 E-.1128
G1 X141.722 Y117.404 E-.13608
G1 X141.916 Y116.934 E-.11741
G1 X141.94 Y116.695 E-.05546
G1 X141.923 Y116.993 E-.06892
G1 X141.906 Y117.292 E-.06915
G1 X141.906 Y117.86 E-.13104
;WIPE_END
G1 Z4.8 F720
G1 X141.932 Y93.236 F10800
G1 Z4.4 F720
G1 E.8 F2100
M204 S800
;WIDTH:0.464802
G1 F1500
G1 X141.95 Y93.509 E.00738
;WIDTH:0.428764
G1 X141.95 Y116.492 E.5684
;WIDTH:0.44443
G1 X141.942 Y116.672 E.00463
M204 S1000
;WIPE_START
G1 F8640
G1 X141.95 Y116.492 E-.0416
G1 X141.95 Y113.207 E-.7584
;WIPE_END
G1 Z4.8 F720
G1 X141.932 Y93.236 F10800
G1 Z4.4 F720
G1 E.8 F2100
M204 S800
;WIDTH:0.505505
G1 F1500
G1 X141.869 Y92.923 E.00942
;WIDTH:0.515486
G1 X141.643 Y92.491 E.01469
G1 X141.485 Y92.311 E.00722
G1 X141.152 Y92.055 E.01266
G1 X140.935 Y91.952 E.00724
;WIDTH:0.508393
G1 X140.766 Y91.914 E.00514
;WIDTH:0.481442
G1 X140.597 Y91.877 E.00485
;WIDTH:0.484988
G1 X140.891 Y91.892 E.00831
;WIDTH:0.515486
G1 X141.186 Y91.908 E.0089
G1 X141.907 Y91.908 E.02173
G1 X141.907 Y92.392 E.01459
G1 X141.919 Y92.814 E.01272
;WIDTH:0.490144
G1 X141.93 Y93.176 E.01034
M204 S1000
;WIPE_START
G1 F8640
G1 X141.932 Y93.236 E-.01386
G1 X141.869 Y92.923 E-.07372
G1 X141.643 Y92.491 E-.11258
G1 X141.485 Y92.311 E-.0553
G1 X141.152 Y92.055 E-.09699
G1 X140.935 Y91.952 E-.05546
G1 X140.766 Y91.914 E-.04
G1 X140.597 Y91.877 E-.03995
G1 X140.891 Y91.892 E-.06797
G1 X141.186 Y91.908 E-.06822
G1 X141.907 Y91.908 E-.16648
G1 X141.907 Y91.949 E-.00947
;WIPE_END
G1 Z4.8 F720
G1 X109.519 Y91.868 F10800
G1 Z4.4 F720
G1 E.8 F2100
M204 S800
;WIDTH:0.444168
G1 F1500
G1 X109.698 Y91.86 E.0046
;WIDTH:0.4285
G1 X140.301 Y91.862 E.75635
;WIDTH:0.45449
G1 X140.597 Y91.877 E.00781
M204 S1000
;WIPE_START
G1 F8640
G1 X140.301 Y91.862 E-.06843
G1 X137.133 Y91.862 E-.73157
;WIPE_END
G1 Z4.8 F720
G1 X108.06 Y93.305 F10800
G1 Z4.4 F720
G1 E.8 F2100
M204 S800
;WIDTH:0.481117
G1 F1500
G1 X108.076 Y92.969 E.00942
;WIDTH:0.513411
G1 X108.092 Y92.633 E.01009
G1 X108.092 Y91.902 E.02194
G1 X108.823 Y91.902 E.02194
G1 X109.039 Y91.898 E.00648
;WIDTH:0.47879
G1 X109.256 Y91.894 E.00604
;WIDTH:0.513411
G1 X108.866 Y92.046 E.01256
G1 X108.503 Y92.313 E.01352
G1 X108.236 Y92.676 E.01352
G1 X108.084 Y93.066 E.01256
;WIDTH:0.487584
G1 X108.066 Y93.245 E.00511
M204 S1000
;WIPE_START
G1 F8640
G1 X108.06 Y93.305 E-.01392
G1 X108.076 Y92.969 E-.07767
G1 X108.092 Y92.633 E-.07767
G1 X108.092 Y91.902 E-.16879
G1 X108.823 Y91.902 E-.16879
G1 X109.039 Y91.898 E-.04988
G1 X109.256 Y91.894 E-.05011
G1 X108.866 Y92.046 E-.09665
G1 X108.529 Y92.294 E-.09652
;WIPE_END
G1 Z4.8 F720
G1 X108.058 Y116.671 F10800
G1 Z4.4 F720
G1 E.8 F2100
M204 S800
;WIDTH:0.444432
G1 F1500
G1 X108.05 Y116.491 E.00463
;WIDTH:0.428764
G1 X108.05 Y93.508 E.5684
;WIDTH:0.448822
G1 X108.06 Y93.305 E.00528
M204 S1000
;WIPE_START
G1 F8640
G1 X108.05 Y93.508 E-.04693
G1 X108.05 Y96.769 E-.75307
;WIPE_END
G1 Z4.8 F720
G1 X140.481 Y118.132 F10800
G1 Z4.4 F720
G1 E.8 F2100
M204 S800
;WIDTH:0.444434
G1 F1500
G1 X140.301 Y118.14 E.00463
;WIDTH:0.428766
G1 X109.699 Y118.14 E.75684
;WIDTH:0.458584
G1 X109.403 Y118.125 E.00788
M204 S1000
;WIPE_START
G1 F8640
G1 X109.699 Y118.14 E-.06843
G1 X112.867 Y118.14 E-.73157
;WIPE_END
G1 Z4.8 F720
G1 X125 Y118.542 F10800
G1 Z4.4 F720
G1 E.8 F2100
M204 S800
;WIDTH:0.449999
G1 F2700
G1 X107.643 Y118.536 E.45225
G1 X107.654 Y91.453 E.70567
G1 X141.665 Y91.457 E.88618
G1 X142.357 Y91.475 E.01804
G1 X142.346 Y118.547 E.70538
G1 X125.06 Y118.542 E.4504
M204 S1000
G1 X125 Y118.965 F10800
M204 S800
;TYPE:External perimeter
G1 F1500
G1 X107.689 Y118.965 E.45105
G1 X107.482 Y118.926 E.00549
G1 X107.306 Y118.816 E.00541
G1 X107.225 Y118.575 E.00662
G1 X107.225 Y91.499 E.70548
G1 X107.264 Y91.292 E.00549
G1 X107.374 Y91.116 E.00541
G1 X107.615 Y91.035 E.00662
G1 X141.713 Y91.039 E.88845
G1 X142.384 Y91.039 E.01748
G1 X142.585 Y91.097 E.00545
G1 X142.742 Y91.268 E.00605
G1 X142.775 Y91.475 E.00546
G1 X142.775 Y118.501 E.70418
G1 X142.736 Y118.708 E.00549
M73 Q84 S4
G1 X142.626 Y118.884 E.00541
G1 X142.385 Y118.965 E.00662
G1 X125.06 Y118.965 E.45142
M204 S1000
;LAYER_CHANGE
;Z:4.55
;HEIGHT:0.15
;BEFORE_LAYER_CHANGE
G92 E0.0
;4.55


;WIPE_START
G1 F8640
M73 P84 R4
G1 X125 Y118.965 E-.01385
G1 X121.595 Y118.965 E-.78615
;WIPE_END
G1 Z4.55 F720
;AFTER_LAYER_CHANGE
;4.55
G1 Z4.95
G1 X125 Y117.733 F10800
G1 Z4.55 F720
G1 E.8 F2100
M204 S800
;TYPE:Perimeter
G1 F2700
G1 X109.699 Y117.733 E.39868
G1 X109.263 Y117.647 E.01158
G1 X108.854 Y117.392 E.01256
G1 X108.695 Y117.212 E.00626
G1 X108.561 Y116.961 E.00741
G1 X108.457 Y116.491 E.01254
G1 X108.457 Y93.508 E.59884
G1 X108.516 Y93.152 E.0094
G1 X108.743 Y92.726 E.01258
G1 X108.916 Y92.553 E.00637
G1 X109.342 Y92.326 E.01258
G1 X109.698 Y92.267 E.0094
G1 X140.301 Y92.267 E.79738
G1 X140.737 Y92.353 E.01158
G1 X141.146 Y92.608 E.01256
G1 X141.305 Y92.788 E.00626
G1 X141.439 Y93.039 E.00741
G1 X141.543 Y93.509 E.01254
G1 X141.543 Y116.492 E.59884
G1 X141.484 Y116.848 E.0094
G1 X141.331 Y117.179 E.0095
G1 X141.022 Y117.495 E.01152
G1 X140.771 Y117.629 E.00741
G1 X140.301 Y117.733 E.01254
G1 X125.06 Y117.733 E.39712
M204 S1000
G1 X125 Y117.315 F10800
M204 S800
;TYPE:External perimeter
G1 F1500
G1 X109.699 Y117.315 E.39868
G1 X109.448 Y117.273 E.00663
G1 X109.168 Y117.117 E.00835
G1 X108.965 Y116.853 E.00868
G1 X108.875 Y116.491 E.00972
G1 X108.875 Y93.508 E.59884
G1 X108.957 Y93.158 E.00937
G1 X109.148 Y92.9 E.00836
G1 X109.423 Y92.736 E.00834
G1 X109.698 Y92.685 E.00729
G1 X140.301 Y92.685 E.79738
G1 X140.552 Y92.727 E.00663
G1 X140.832 Y92.883 E.00835
G1 X141.035 Y93.147 E.00868
G1 X141.125 Y93.509 E.00972
G1 X141.125 Y116.492 E.59884
G1 X141.051 Y116.83 E.00902
G1 X140.926 Y117.023 E.00599
G1 X140.663 Y117.225 E.00864
G1 X140.301 Y117.315 E.00972
G1 X125.06 Y117.315 E.39712
M204 S1000
;WIPE_START
G1 F8640
G1 X125 Y117.315 E-.01385
G1 X121.595 Y117.315 E-.78615
;WIPE_END
G1 Z4.95 F720
G1 X109.403 Y118.125 F10800
G1 Z4.55 F720
G1 E.8 F2100
M204 S800
;TYPE:Perimeter
;WIDTH:0.487613
G1 F1500
G1 X109.108 Y118.111 E.00839
;WIDTH:0.516644
G1 X108.813 Y118.096 E.00892
G1 X108.094 Y118.096 E.02172
G1 X108.094 Y117.608 E.01474
G1 X108.076 Y117.14 E.01415
;WIDTH:0.480538
G1 X108.058 Y116.671 E.01312
G1 X108.092 Y116.875 E.00578
;WIDTH:0.516644
G1 X108.126 Y117.078 E.00622
G1 X108.356 Y117.509 E.01476
G1 X108.514 Y117.69 E.00726
G1 X108.848 Y117.946 E.01271
G1 X109.064 Y118.049 E.00723
;WIDTH:0.510046
G1 X109.234 Y118.087 E.00519
;WIDTH:0.484314
G1 X109.345 Y118.112 E.00321
M204 S1000
;WIPE_START
G1 F8640
G1 X109.403 Y118.125 E-.01372
G1 X109.108 Y118.111 E-.06819
G1 X108.813 Y118.096 E-.0682
G1 X108.094 Y118.096 E-.16602
G1 X108.094 Y117.608 E-.11268
G1 X108.076 Y117.14 E-.10814
G1 X108.058 Y116.671 E-.10837
G1 X108.092 Y116.875 E-.04775
G1 X108.126 Y117.078 E-.04753
G1 X108.247 Y117.305 E-.0594
;WIPE_END
G1 Z4.95 F720
G1 X140.481 Y118.132 F10800
G1 Z4.55 F720
G1 E.8 F2100
M204 S800
;WIDTH:0.480534
G1 F1500
G1 X140.685 Y118.098 E.00578
;WIDTH:0.516634
G1 X140.888 Y118.064 E.00622
G1 X141.319 Y117.834 E.01476
G1 X141.722 Y117.404 E.0178
G1 X141.916 Y116.934 E.01536
;WIDTH:0.491975
G1 X141.94 Y116.695 E.00689
;WIDTH:0.482689
G1 X141.923 Y116.993 E.00839
;WIDTH:0.516634
G1 X141.906 Y117.292 E.00905
G1 X141.906 Y118.096 E.02429
G1 X141.418 Y118.096 E.01474
G1 X140.949 Y118.114 E.01418
;WIDTH:0.480534
G1 X140.541 Y118.13 E.01142
M204 S1000
;WIPE_START
G1 F8640
G1 X140.481 Y118.132 E-.01386
G1 X140.685 Y118.098 E-.04775
G1 X140.888 Y118.064 E-.04753
G1 X141.319 Y117.834 E-.1128
G1 X141.722 Y117.404 E-.13608
G1 X141.916 Y116.934 E-.11741
G1 X141.94 Y116.695 E-.05546
G1 X141.923 Y116.993 E-.06892
G1 X141.906 Y117.292 E-.06915
G1 X141.906 Y117.86 E-.13104
;WIPE_END
G1 Z4.95 F720
G1 X141.932 Y93.236 F10800
G1 Z4.55 F720
G1 E.8 F2100
M204 S800
;WIDTH:0.464802
G1 F1500
G1 X141.95 Y93.509 E.00738
;WIDTH:0.428764
G1 X141.95 Y116.492 E.5684
;WIDTH:0.44443
G1 X141.942 Y116.672 E.00463
M204 S1000
;WIPE_START
G1 F8640
G1 X141.95 Y116.492 E-.0416
G1 X141.95 Y113.207 E-.7584
;WIPE_END
G1 Z4.95 F720
G1 X141.932 Y93.236 F10800
G1 Z4.55 F720
G1 E.8 F2100
M204 S800
;WIDTH:0.505365
G1 F1500
G1 X141.869 Y92.923 E.00942
;WIDTH:0.515314
G1 X141.643 Y92.491 E.01469
G1 X141.485 Y92.311 E.00722
G1 X141.152 Y92.055 E.01266
G1 X140.935 Y91.952 E.00724
;WIDTH:0.508156
G1 X140.766 Y91.915 E.00514
;WIDTH:0.481018
G1 X140.597 Y91.877 E.00485
;WIDTH:0.484597
G1 X140.891 Y91.893 E.00831
;WIDTH:0.515314
G1 X141.186 Y91.908 E.0089
G1 X141.907 Y91.908 E.02172
G1 X141.907 Y92.392 E.01458
G1 X141.919 Y92.814 E.01272
;WIDTH:0.490058
G1 X141.93 Y93.176 E.01034
M204 S1000
;WIPE_START
G1 F8640
G1 X141.932 Y93.236 E-.01386
G1 X141.869 Y92.923 E-.07372
G1 X141.643 Y92.491 E-.11258
G1 X141.485 Y92.311 E-.0553
G1 X141.152 Y92.055 E-.09699
G1 X140.935 Y91.952 E-.05546
G1 X140.766 Y91.915 E-.03995
G1 X140.597 Y91.877 E-.04
G1 X140.891 Y91.893 E-.06799
G1 X141.186 Y91.908 E-.0682
G1 X141.907 Y91.908 E-.16648
G1 X141.907 Y91.949 E-.00947
;WIPE_END
G1 Z4.95 F720
G1 X109.519 Y91.868 F10800
G1 Z4.55 F720
G1 E.8 F2100
M204 S800
;WIDTH:0.444126
G1 F1500
G1 X109.698 Y91.86 E.0046
;WIDTH:0.42846
G1 X140.301 Y91.862 E.75628
;WIDTH:0.45388
G1 X140.597 Y91.877 E.00779
M204 S1000
;WIPE_START
G1 F8640
G1 X140.301 Y91.862 E-.06843
G1 X137.133 Y91.862 E-.73157
;WIPE_END
G1 Z4.95 F720
G1 X108.06 Y93.305 F10800
G1 Z4.55 F720
G1 E.8 F2100
M204 S800
;WIDTH:0.481115
G1 F1500
G1 X108.076 Y92.969 E.00942
;WIDTH:0.513407
G1 X108.092 Y92.633 E.01009
G1 X108.092 Y91.902 E.02194
G1 X108.823 Y91.903 E.02194
G1 X109.039 Y91.898 E.00648
;WIDTH:0.478767
G1 X109.256 Y91.894 E.00604
;WIDTH:0.513407
G1 X108.866 Y92.046 E.01256
G1 X108.503 Y92.313 E.01352
G1 X108.236 Y92.676 E.01352
G1 X108.084 Y93.066 E.01256
;WIDTH:0.48758
G1 X108.066 Y93.245 E.00511
M204 S1000
;WIPE_START
G1 F8640
G1 X108.06 Y93.305 E-.01392
G1 X108.076 Y92.969 E-.07767
G1 X108.092 Y92.633 E-.07767
G1 X108.092 Y91.902 E-.16879
G1 X108.823 Y91.903 E-.16879
G1 X109.039 Y91.898 E-.04989
G1 X109.256 Y91.894 E-.05011
G1 X108.866 Y92.046 E-.09665
G1 X108.529 Y92.294 E-.09651
;WIPE_END
G1 Z4.95 F720
G1 X108.058 Y116.671 F10800
G1 Z4.55 F720
G1 E.8 F2100
M204 S800
;WIDTH:0.444432
G1 F1500
G1 X108.05 Y116.491 E.00463
;WIDTH:0.428764
G1 X108.05 Y93.508 E.5684
;WIDTH:0.448822
G1 X108.06 Y93.305 E.00528
M204 S1000
;WIPE_START
G1 F8640
G1 X108.05 Y93.508 E-.04693
G1 X108.05 Y96.769 E-.75307
;WIPE_END
G1 Z4.95 F720
G1 X140.481 Y118.132 F10800
G1 Z4.55 F720
M73 Q85 S4
G1 E.8 F2100
M204 S800
;WIDTH:0.444434
G1 F1500
G1 X140.301 Y118.14 E.00463
;WIDTH:0.428766
G1 X109.699 Y118.14 E.75684
;WIDTH:0.458582
G1 X109.403 Y118.125 E.00788
M73 P85 R4
M204 S1000
;WIPE_START
G1 F8640
G1 X109.699 Y118.14 E-.06843
G1 X112.867 Y118.14 E-.73157
;WIPE_END
G1 Z4.95 F720
G1 X125 Y118.542 F10800
G1 Z4.55 F720
G1 E.8 F2100
M204 S800
;WIDTH:0.449999
G1 F2700
G1 X107.643 Y118.536 E.45225
G1 X107.654 Y91.453 E.70567
G1 X141.665 Y91.458 E.88618
G1 X142.357 Y91.475 E.01804
G1 X142.346 Y118.547 E.70538
G1 X125.06 Y118.542 E.4504
M204 S1000
G1 X125 Y118.965 F10800
M204 S800
;TYPE:External perimeter
G1 F1500
G1 X107.689 Y118.965 E.45105
G1 X107.483 Y118.926 E.00546
G1 X107.306 Y118.815 E.00544
G1 X107.225 Y118.575 E.0066
G1 X107.225 Y91.499 E.70548
G1 X107.264 Y91.292 E.00549
G1 X107.374 Y91.116 E.00541
G1 X107.615 Y91.035 E.00662
G1 X141.715 Y91.04 E.8885
G1 X142.385 Y91.04 E.01746
G1 X142.578 Y91.092 E.00521
G1 X142.742 Y91.268 E.00627
G1 X142.775 Y91.475 E.00546
G1 X142.775 Y118.501 E.70418
G1 X142.736 Y118.708 E.00549
G1 X142.626 Y118.884 E.00541
G1 X142.385 Y118.965 E.00662
G1 X125.06 Y118.965 E.45142
M204 S1000
;LAYER_CHANGE
;Z:4.7
;HEIGHT:0.15
;BEFORE_LAYER_CHANGE
G92 E0.0
;4.7


;WIPE_START
G1 F8640
G1 X125 Y118.965 E-.01385
G1 X121.595 Y118.965 E-.78615
;WIPE_END
G1 Z4.7 F720
;AFTER_LAYER_CHANGE
;4.7
G1 Z5.1
G1 X125 Y117.682 F10800
G1 Z4.7 F720
G1 E.8 F2100
M204 S800
;TYPE:Perimeter
;WIDTH:0.348286
G1 F2700
G1 X109.699 Y117.682 E.30162
;WIDTH:0.37376
G1 X109.486 Y117.653 E.00458
;WIDTH:0.399234
G1 X109.274 Y117.624 E.0049
;WIDTH:0.443307
G1 X109.157 Y117.577 E.00323
;WIDTH:0.487379
G1 X109.04 Y117.529 E.00359
;WIDTH:0.531451
G1 X108.923 Y117.481 E.00394
;WIDTH:0.575523
G1 X108.806 Y117.434 E.00427
G1 X108.742 Y117.331 E.00411
;WIDTH:0.537472
G1 X108.677 Y117.228 E.00384
;WIDTH:0.499421
G1 X108.635 Y117.069 E.00479
;WIDTH:0.461638
G1 X108.592 Y116.91 E.00441
;WIDTH:0.423854
G1 X108.55 Y116.75 E.00404
;WIDTH:0.386071
G1 X108.508 Y116.591 E.00363
;WIDTH:0.348287
G1 X108.508 Y93.508 E.45503
;WIDTH:0.394775
G1 X108.561 Y93.218 E.00667
;WIDTH:0.441263
G1 X108.613 Y92.928 E.00752
;WIDTH:0.546997
G1 X108.694 Y92.757 E.00607
;WIDTH:0.579774
G1 X108.775 Y92.585 E.00649
G1 X108.89 Y92.531 E.00434
;WIDTH:0.533601
G1 X109.004 Y92.477 E.00394
;WIDTH:0.487428
G1 X109.118 Y92.423 E.00358
;WIDTH:0.441255
G1 X109.408 Y92.371 E.00752
;WIDTH:0.394763
G1 X109.698 Y92.318 E.00667
;WIDTH:0.34827
G1 X140.301 Y92.318 E.60323
;WIDTH:0.373417
G1 X140.514 Y92.347 E.00457
;WIDTH:0.398885
G1 X140.726 Y92.376 E.00489
;WIDTH:0.442927
G1 X140.843 Y92.423 E.00323
;WIDTH:0.486969
G1 X140.96 Y92.471 E.00359
;WIDTH:0.531011
G1 X141.077 Y92.519 E.00393
;WIDTH:0.575052
G1 X141.193 Y92.566 E.00424
G1 X141.258 Y92.669 E.00412
;WIDTH:0.537259
G1 X141.323 Y92.772 E.00384
;WIDTH:0.499465
G1 X141.365 Y92.931 E.00479
;WIDTH:0.46167
G1 X141.408 Y93.09 E.00441
;WIDTH:0.423875
G1 X141.45 Y93.25 E.00404
;WIDTH:0.38608
G1 X141.492 Y93.409 E.00363
;WIDTH:0.348285
G1 X141.492 Y116.492 E.45502
;WIDTH:0.387071
G1 X141.447 Y116.762 E.00606
;WIDTH:0.425856
G1 X141.402 Y117.033 E.00674
;WIDTH:0.465211
G1 X141.36 Y117.124 E.00271
;WIDTH:0.504566
G1 X141.318 Y117.215 E.00295
;WIDTH:0.543921
G1 X141.276 Y117.306 E.0032
;WIDTH:0.583276
G1 X141.233 Y117.398 E.00349
G1 X141.136 Y117.456 E.00388
;WIDTH:0.541323
G1 X141.038 Y117.513 E.0036
;WIDTH:0.49937
G1 X140.879 Y117.555 E.00479
;WIDTH:0.461599
G1 X140.72 Y117.598 E.00441
;WIDTH:0.423828
G1 X140.56 Y117.64 E.00404
;WIDTH:0.386057
G1 X140.401 Y117.682 E.00363
;WIDTH:0.348286
G1 X125.06 Y117.682 E.30241
M204 S1000
G1 X125 Y117.315 F10800
M204 S800
;TYPE:External perimeter
;WIDTH:0.449999
G1 F1500
G1 X109.699 Y117.315 E.39868
G1 X109.448 Y117.273 E.00663
G1 X109.156 Y117.104 E.00879
G1 X108.965 Y116.853 E.00822
G1 X108.875 Y116.491 E.00972
G1 X108.875 Y93.508 E.59884
G1 X108.957 Y93.158 E.00937
G1 X109.09 Y92.958 E.00626
G1 X109.348 Y92.767 E.00836
G1 X109.698 Y92.685 E.00937
G1 X140.301 Y92.685 E.79738
G1 X140.552 Y92.727 E.00663
G1 X140.844 Y92.897 E.0088
G1 X141.035 Y93.147 E.0082
G1 X141.125 Y93.509 E.00972
G1 X141.125 Y116.492 E.59884
G1 X141.051 Y116.83 E.00902
G1 X140.914 Y117.034 E.0064
G1 X140.663 Y117.225 E.00822
G1 X140.301 Y117.315 E.00972
G1 X125.06 Y117.315 E.39712
M204 S1000
G1 X125 Y117.998 F10800
M73 Q86 S4
M204 S800
;TYPE:Perimeter
;WIDTH:0.348286
G1 F2700
G1 X109.699 Y117.998 E.30162
;WIDTH:0.37376
G1 X109.446 Y117.985 E.0054
M73 P86 R4
;WIDTH:0.399234
G1 X109.193 Y117.973 E.0058
;WIDTH:0.443307
G1 X109.045 Y117.951 E.00384
;WIDTH:0.487379
G1 X108.897 Y117.929 E.00425
;WIDTH:0.531451
G1 X108.75 Y117.906 E.00463
;WIDTH:0.575523
G1 X108.602 Y117.884 E.00507
;WIDTH:0.583288
G1 X108.309 Y117.881 E.01007
G1 X108.309 Y117.605 E.00949
G1 X108.287 Y117.455 E.00521
;WIDTH:0.538242
G1 X108.264 Y117.304 E.00482
;WIDTH:0.493195
G1 X108.242 Y117.154 E.00436
;WIDTH:0.448148
G1 X108.219 Y117.003 E.00396
;WIDTH:0.403101
G1 X108.206 Y116.747 E.00593
;WIDTH:0.375694
G1 X108.192 Y116.491 E.00549
;WIDTH:0.348287
G1 X108.192 Y93.25 E.45814
;WIDTH:0.38977
G1 X108.213 Y93.081 E.0038
;WIDTH:0.431253
G1 X108.233 Y92.912 E.00424
;WIDTH:0.472736
G1 X108.254 Y92.743 E.00468
;WIDTH:0.514219
G1 X108.275 Y92.574 E.00512
;WIDTH:0.546997
G1 X108.291 Y92.346 E.00734
;WIDTH:0.579774
G1 X108.308 Y92.118 E.00781
G1 X108.581 Y92.118 E.00932
G1 X108.723 Y92.095 E.00491
;WIDTH:0.533601
G1 X108.864 Y92.072 E.00447
;WIDTH:0.487428
G1 X109.005 Y92.048 E.00406
;WIDTH:0.441255
G1 X109.352 Y92.025 E.00887
;WIDTH:0.394763
G1 X109.698 Y92.002 E.00784
;WIDTH:0.34827
G1 X140.301 Y92.002 E.60323
;WIDTH:0.373417
G1 X140.554 Y92.015 E.00539
;WIDTH:0.398885
G1 X140.807 Y92.028 E.00579
;WIDTH:0.442927
G1 X140.955 Y92.05 E.00383
;WIDTH:0.486969
G1 X141.102 Y92.072 E.00422
;WIDTH:0.531011
G1 X141.25 Y92.094 E.00465
;WIDTH:0.575052
G1 X141.397 Y92.116 E.00503
;WIDTH:0.583112
G1 X141.691 Y92.12 E.0101
G1 X141.691 Y92.396 E.00948
G1 X141.713 Y92.546 E.00521
;WIDTH:0.538113
G1 X141.736 Y92.696 E.00479
;WIDTH:0.493113
G1 X141.758 Y92.846 E.00436
;WIDTH:0.448114
G1 X141.781 Y92.997 E.00396
;WIDTH:0.403114
G1 X141.794 Y93.253 E.00593
;WIDTH:0.3757
G1 X141.808 Y93.509 E.00549
;WIDTH:0.348285
G1 X141.808 Y116.764 E.45842
;WIDTH:0.393798
G1 X141.785 Y116.929 E.00376
;WIDTH:0.439312
G1 X141.763 Y117.094 E.00423
;WIDTH:0.484825
G1 X141.74 Y117.259 E.0047
;WIDTH:0.530338
G1 X141.717 Y117.424 E.00518
;WIDTH:0.575851
G1 X141.694 Y117.589 E.00565
;WIDTH:0.583276
G1 X141.691 Y117.881 E.01004
G1 X141.415 Y117.881 E.00949
G1 X141.265 Y117.903 E.00521
;WIDTH:0.538236
G1 X141.114 Y117.926 E.00482
;WIDTH:0.493197
G1 X140.964 Y117.948 E.00436
;WIDTH:0.448157
G1 X140.813 Y117.971 E.00396
;WIDTH:0.403117
G1 X140.557 Y117.984 E.00593
;WIDTH:0.375702
G1 X140.301 Y117.998 E.00549
;WIDTH:0.348286
G1 X125.06 Y117.998 E.30044
M204 S1000
G1 X125 Y118.365 F10800
M204 S800
;TYPE:External perimeter
;WIDTH:0.449999
G1 F1500
G1 X108.289 Y118.365 E.43542
G1 X108.095 Y118.329 E.00514
G1 X107.905 Y118.214 E.00579
G1 X107.825 Y117.972 E.00664
G1 X107.825 Y92.099 E.67414
G1 X107.864 Y91.892 E.00549
G1 X107.974 Y91.716 E.00541
G1 X108.215 Y91.635 E.00662
G1 X141.788 Y91.636 E.87477
G1 X142.001 Y91.707 E.00585
G1 X142.142 Y91.868 E.00558
G1 X142.175 Y92.076 E.00549
G1 X142.175 Y117.901 E.67289
G1 X142.136 Y118.108 E.00549
M73 P86 R3
M73 Q86 S3
G1 X142.026 Y118.284 E.00541
G1 X141.785 Y118.365 E.00662
G1 X125.06 Y118.365 E.43578
M204 S1000
;LAYER_CHANGE
;Z:4.85
;HEIGHT:0.15
;BEFORE_LAYER_CHANGE
G92 E0.0
;4.85


;WIPE_START
G1 F8640
G1 X125 Y118.365 E-.01385
G1 X121.595 Y118.365 E-.78615
;WIPE_END
G1 Z4.85 F720
;AFTER_LAYER_CHANGE
;4.85
G1 Z5.25
G1 X125 Y117.682 F10800
G1 Z4.85 F720
G1 E.8 F2100
M204 S800
;TYPE:Perimeter
;WIDTH:0.348286
G1 F2700
G1 X109.699 Y117.682 E.30162
;WIDTH:0.37376
G1 X109.486 Y117.653 E.00458
;WIDTH:0.399234
G1 X109.274 Y117.624 E.0049
;WIDTH:0.443305
G1 X109.157 Y117.577 E.00323
;WIDTH:0.487376
G1 X109.04 Y117.529 E.00359
;WIDTH:0.531447
G1 X108.923 Y117.481 E.00394
;WIDTH:0.575518
G1 X108.806 Y117.434 E.00427
G1 X108.742 Y117.331 E.00411
;WIDTH:0.537471
G1 X108.677 Y117.228 E.00384
;WIDTH:0.499424
G1 X108.635 Y117.065 E.0049
;WIDTH:0.46164
G1 X108.592 Y116.901 E.00454
;WIDTH:0.423856
G1 X108.55 Y116.738 E.00411
;WIDTH:0.386072
G1 X108.508 Y116.574 E.00374
;WIDTH:0.348287
G1 X108.508 Y93.508 E.45469
;WIDTH:0.394776
G1 X108.561 Y93.218 E.00667
;WIDTH:0.441264
G1 X108.613 Y92.928 E.00752
;WIDTH:0.487434
G1 X108.667 Y92.814 E.00358
;WIDTH:0.533604
G1 X108.721 Y92.7 E.00394
;WIDTH:0.579774
G1 X108.775 Y92.585 E.00434
G1 X108.89 Y92.531 E.00434
;WIDTH:0.533603
G1 X109.004 Y92.477 E.00394
;WIDTH:0.487431
G1 X109.118 Y92.423 E.00358
;WIDTH:0.441259
G1 X109.408 Y92.371 E.00752
;WIDTH:0.394765
G1 X109.698 Y92.318 E.00667
;WIDTH:0.348271
G1 X140.301 Y92.318 E.60324
;WIDTH:0.373438
G1 X140.514 Y92.347 E.00457
;WIDTH:0.398905
G1 X140.726 Y92.376 E.00489
;WIDTH:0.442947
G1 X140.843 Y92.423 E.00323
;WIDTH:0.486989
G1 X140.96 Y92.471 E.00359
;WIDTH:0.531031
G1 X141.076 Y92.519 E.00391
;WIDTH:0.575073
G1 X141.193 Y92.566 E.00427
G1 X141.258 Y92.669 E.00412
;WIDTH:0.53727
G1 X141.323 Y92.772 E.00384
;WIDTH:0.499467
G1 X141.365 Y92.931 E.00479
;WIDTH:0.461672
G1 X141.408 Y93.09 E.00441
;WIDTH:0.423876
G1 X141.45 Y93.25 E.00404
;WIDTH:0.386081
G1 X141.492 Y93.409 E.00363
;WIDTH:0.348285
G1 X141.492 Y116.492 E.45502
;WIDTH:0.387071
G1 X141.447 Y116.762 E.00606
;WIDTH:0.425856
G1 X141.402 Y117.033 E.00674
;WIDTH:0.465211
G1 X141.36 Y117.124 E.00271
;WIDTH:0.504566
G1 X141.318 Y117.215 E.00295
;WIDTH:0.543921
G1 X141.276 Y117.306 E.0032
;WIDTH:0.583276
G1 X141.233 Y117.398 E.00349
G1 X141.136 Y117.456 E.00388
;WIDTH:0.541324
G1 X141.038 Y117.513 E.0036
;WIDTH:0.499372
G1 X140.879 Y117.555 E.00479
;WIDTH:0.461601
G1 X140.72 Y117.598 E.00441
;WIDTH:0.423829
G1 X140.56 Y117.64 E.00404
;WIDTH:0.386058
G1 X140.401 Y117.682 E.00363
;WIDTH:0.348286
G1 X125.06 Y117.682 E.30241
M204 S1000
G1 X125 Y117.315 F10800
M204 S800
;TYPE:External perimeter
;WIDTH:0.449999
G1 F1500
G1 X109.699 Y117.315 E.39868
G1 X109.448 Y117.273 E.00663
G1 X109.156 Y117.104 E.00879
G1 X108.965 Y116.853 E.00822
G1 X108.875 Y116.519 E.00901
G1 X108.875 Y93.508 E.59957
G1 X108.957 Y93.158 E.00937
G1 X109.148 Y92.9 E.00836
G1 X109.423 Y92.736 E.00834
G1 X109.698 Y92.685 E.00729
G1 X140.301 Y92.685 E.79738
G1 X140.552 Y92.727 E.00663
G1 X140.844 Y92.897 E.0088
G1 X141.035 Y93.147 E.0082
G1 X141.125 Y93.509 E.00972
G1 X141.125 Y116.492 E.59884
G1 X141.051 Y116.83 E.00902
G1 X140.914 Y117.034 E.0064
G1 X140.663 Y117.225 E.00822
G1 X140.301 Y117.315 E.00972
G1 X125.06 Y117.315 E.39712
M204 S1000
G1 X125 Y117.998 F10800
M204 S800
;TYPE:Perimeter
;WIDTH:0.348286
G1 F2700
G1 X109.699 Y117.998 E.30162
;WIDTH:0.37376
G1 X109.446 Y117.985 E.0054
;WIDTH:0.399234
G1 X109.193 Y117.973 E.0058
;WIDTH:0.443305
G1 X109.045 Y117.951 E.00384
;WIDTH:0.487376
G1 X108.897 Y117.929 E.00425
;WIDTH:0.531447
G1 X108.75 Y117.906 E.00463
;WIDTH:0.575518
G1 X108.602 Y117.884 E.00507
;WIDTH:0.58329
G1 X108.309 Y117.881 E.01007
G1 X108.309 Y117.605 E.00949
G1 X108.287 Y117.455 E.00521
;WIDTH:0.538243
G1 X108.264 Y117.304 E.00482
;WIDTH:0.493196
G1 X108.242 Y117.154 E.00436
;WIDTH:0.448149
G1 X108.219 Y117.003 E.00396
;WIDTH:0.403101
G1 X108.206 Y116.747 E.00593
;WIDTH:0.375694
G1 X108.192 Y116.491 E.00549
;WIDTH:0.348287
G1 X108.192 Y93.25 E.45814
;WIDTH:0.38977
G1 X108.213 Y93.081 E.0038
;WIDTH:0.431253
G1 X108.233 Y92.912 E.00424
;WIDTH:0.472736
G1 X108.254 Y92.743 E.00468
;WIDTH:0.514219
G1 X108.275 Y92.574 E.00512
;WIDTH:0.546997
G1 X108.291 Y92.346 E.00734
;WIDTH:0.579774
G1 X108.308 Y92.118 E.00781
G1 X108.581 Y92.118 E.00932
G1 X108.723 Y92.095 E.00491
;WIDTH:0.533603
G1 X108.864 Y92.072 E.00447
;WIDTH:0.487431
G1 X109.005 Y92.048 E.00406
;WIDTH:0.441259
G1 X109.352 Y92.025 E.00887
;WIDTH:0.394765
G1 X109.698 Y92.002 E.00784
;WIDTH:0.348271
G1 X140.301 Y92.002 E.60324
;WIDTH:0.373438
G1 X140.554 Y92.015 E.00539
M73 Q87 S3
;WIDTH:0.398905
G1 X140.807 Y92.028 E.00579
;WIDTH:0.442947
G1 X140.955 Y92.05 E.00383
;WIDTH:0.486989
G1 X141.102 Y92.072 E.00422
;WIDTH:0.531031
G1 X141.25 Y92.094 E.00465
;WIDTH:0.575073
G1 X141.397 Y92.116 E.00503
;WIDTH:0.583125
G1 X141.691 Y92.12 E.0101
G1 X141.691 Y92.396 E.00948
G1 X141.713 Y92.546 E.00521
;WIDTH:0.538123
G1 X141.736 Y92.696 E.00479
;WIDTH:0.49312
G1 X141.758 Y92.846 E.00436
;WIDTH:0.448118
G1 X141.781 Y92.997 E.00396
;WIDTH:0.403115
G1 X141.794 Y93.253 E.00593
;WIDTH:0.3757
G1 X141.808 Y93.509 E.00549
;WIDTH:0.348285
G1 X141.808 Y116.764 E.45842
;WIDTH:0.393798
G1 X141.785 Y116.929 E.00376
M73 P87 R3
;WIDTH:0.439311
G1 X141.763 Y117.094 E.00423
;WIDTH:0.484824
G1 X141.74 Y117.259 E.0047
;WIDTH:0.530337
G1 X141.717 Y117.424 E.00518
;WIDTH:0.57585
G1 X141.694 Y117.589 E.00565
;WIDTH:0.583276
G1 X141.691 Y117.881 E.01004
G1 X141.415 Y117.881 E.00949
G1 X141.265 Y117.903 E.00521
;WIDTH:0.538237
G1 X141.114 Y117.926 E.00482
;WIDTH:0.493197
G1 X140.964 Y117.948 E.00436
;WIDTH:0.448158
G1 X140.813 Y117.971 E.00396
;WIDTH:0.403118
G1 X140.557 Y117.984 E.00593
;WIDTH:0.375702
G1 X140.301 Y117.998 E.00549
;WIDTH:0.348286
G1 X125.06 Y117.998 E.30044
M204 S1000
G1 X125 Y118.365 F10800
M204 S800
;TYPE:External perimeter
;WIDTH:0.449999
G1 F1500
G1 X108.289 Y118.365 E.43542
G1 X108.096 Y118.329 E.00512
G1 X107.905 Y118.215 E.0058
G1 X107.825 Y117.972 E.00667
G1 X107.825 Y92.099 E.67414
G1 X107.862 Y91.9 E.00527
G1 X107.976 Y91.714 E.00568
G1 X108.219 Y91.635 E.00666
G1 X141.113 Y91.636 E.85708
G1 X141.787 Y91.636 E.01756
G1 X142.001 Y91.707 E.00587
G1 X142.142 Y91.868 E.00558
G1 X142.175 Y92.076 E.00549
G1 X142.175 Y117.901 E.67289
G1 X142.136 Y118.108 E.00549
G1 X142.026 Y118.284 E.00541
G1 X141.785 Y118.365 E.00662
G1 X125.06 Y118.365 E.43578
M204 S1000
;LAYER_CHANGE
;Z:5
;HEIGHT:0.15
;BEFORE_LAYER_CHANGE
G92 E0.0
;5


;WIPE_START
G1 F8640
G1 X125 Y118.365 E-.01385
G1 X121.595 Y118.365 E-.78615
;WIPE_END
G1 Z5 F720
;AFTER_LAYER_CHANGE
;5
G1 Z5.4
G1 X125 Y117.682 F10800
G1 Z5 F720
G1 E.8 F2100
M204 S800
;TYPE:Perimeter
;WIDTH:0.348286
G1 F2700
G1 X109.699 Y117.682 E.30162
;WIDTH:0.373761
G1 X109.486 Y117.653 E.00458
;WIDTH:0.399235
G1 X109.274 Y117.624 E.0049
;WIDTH:0.443306
G1 X109.157 Y117.577 E.00323
;WIDTH:0.487377
G1 X109.04 Y117.529 E.00359
;WIDTH:0.531448
G1 X108.923 Y117.481 E.00394
;WIDTH:0.575518
G1 X108.806 Y117.434 E.00427
G1 X108.742 Y117.331 E.00411
;WIDTH:0.537473
G1 X108.677 Y117.228 E.00384
;WIDTH:0.499428
G1 X108.635 Y117.065 E.0049
;WIDTH:0.461643
G1 X108.592 Y116.901 E.00454
;WIDTH:0.423858
G1 X108.55 Y116.738 E.00411
;WIDTH:0.386073
G1 X108.508 Y116.574 E.00374
;WIDTH:0.348287
G1 X108.508 Y93.508 E.45469
;WIDTH:0.394774
G1 X108.561 Y93.218 E.00667
;WIDTH:0.441261
G1 X108.613 Y92.928 E.00752
;WIDTH:0.487432
G1 X108.667 Y92.814 E.00358
;WIDTH:0.533603
G1 X108.721 Y92.7 E.00394
;WIDTH:0.579774
G1 X108.775 Y92.585 E.00434
G1 X108.89 Y92.531 E.00434
;WIDTH:0.533602
G1 X109.004 Y92.477 E.00394
;WIDTH:0.48743
G1 X109.118 Y92.423 E.00358
;WIDTH:0.441257
G1 X109.408 Y92.371 E.00752
;WIDTH:0.394765
G1 X109.698 Y92.318 E.00667
;WIDTH:0.348272
G1 X140.301 Y92.318 E.60324
;WIDTH:0.37346
G1 X140.514 Y92.347 E.00457
;WIDTH:0.398928
G1 X140.726 Y92.376 E.00489
;WIDTH:0.442971
G1 X140.843 Y92.423 E.00323
;WIDTH:0.487015
G1 X140.96 Y92.471 E.00359
;WIDTH:0.531058
G1 X141.077 Y92.519 E.00393
;WIDTH:0.575101
G1 X141.193 Y92.566 E.00424
G1 X141.258 Y92.669 E.00412
;WIDTH:0.537283
G1 X141.323 Y92.772 E.00384
;WIDTH:0.499464
G1 X141.365 Y92.931 E.00479
;WIDTH:0.46167
G1 X141.408 Y93.09 E.00441
;WIDTH:0.423875
G1 X141.45 Y93.25 E.00404
;WIDTH:0.38608
G1 X141.492 Y93.409 E.00363
;WIDTH:0.348285
G1 X141.492 Y116.492 E.45502
;WIDTH:0.38707
G1 X141.447 Y116.762 E.00606
;WIDTH:0.425854
G1 X141.402 Y117.033 E.00674
;WIDTH:0.46521
G1 X141.36 Y117.124 E.00271
;WIDTH:0.504565
G1 X141.318 Y117.215 E.00295
;WIDTH:0.543921
G1 X141.276 Y117.306 E.0032
;WIDTH:0.583276
G1 X141.233 Y117.398 E.00349
G1 X141.136 Y117.456 E.00388
;WIDTH:0.541324
G1 X141.038 Y117.513 E.0036
;WIDTH:0.499372
G1 X140.879 Y117.555 E.00479
;WIDTH:0.461601
G1 X140.72 Y117.598 E.00441
;WIDTH:0.423829
G1 X140.56 Y117.64 E.00404
;WIDTH:0.386058
G1 X140.401 Y117.682 E.00363
;WIDTH:0.348286
G1 X125.06 Y117.682 E.30241
M204 S1000
G1 X125 Y117.315 F10800
M204 S800
;TYPE:External perimeter
;WIDTH:0.449999
G1 F1500
G1 X109.699 Y117.315 E.39868
G1 X109.448 Y117.273 E.00663
G1 X109.156 Y117.104 E.00879
G1 X108.965 Y116.853 E.00822
G1 X108.875 Y116.519 E.00901
G1 X108.875 Y93.508 E.59957
G1 X108.957 Y93.158 E.00937
G1 X109.148 Y92.9 E.00836
G1 X109.423 Y92.736 E.00834
G1 X109.698 Y92.685 E.00729
G1 X140.301 Y92.685 E.79738
G1 X140.552 Y92.727 E.00663
G1 X140.844 Y92.897 E.0088
G1 X141.035 Y93.147 E.0082
G1 X141.125 Y93.509 E.00972
G1 X141.125 Y116.492 E.59884
G1 X141.051 Y116.83 E.00902
G1 X140.914 Y117.034 E.0064
G1 X140.663 Y117.225 E.00822
G1 X140.301 Y117.315 E.00972
G1 X125.06 Y117.315 E.39712
M204 S1000
G1 X125 Y117.998 F10800
M204 S800
;TYPE:Perimeter
;WIDTH:0.348286
G1 F2700
G1 X109.699 Y117.998 E.30162
;WIDTH:0.373761
G1 X109.446 Y117.985 E.0054
;WIDTH:0.399235
G1 X109.193 Y117.973 E.0058
;WIDTH:0.443306
G1 X109.045 Y117.951 E.00384
;WIDTH:0.487377
G1 X108.897 Y117.929 E.00425
;WIDTH:0.531448
G1 X108.75 Y117.906 E.00463
;WIDTH:0.575518
G1 X108.602 Y117.884 E.00507
;WIDTH:0.583289
G1 X108.309 Y117.881 E.01007
G1 X108.309 Y117.605 E.00949
G1 X108.287 Y117.455 E.00521
;WIDTH:0.538243
G1 X108.264 Y117.304 E.00482
;WIDTH:0.493197
G1 X108.242 Y117.154 E.00436
;WIDTH:0.448151
G1 X108.219 Y117.003 E.00396
;WIDTH:0.403104
G1 X108.206 Y116.747 E.00593
;WIDTH:0.375696
G1 X108.192 Y116.491 E.00549
;WIDTH:0.348287
G1 X108.192 Y93.25 E.45814
;WIDTH:0.38977
G1 X108.213 Y93.081 E.0038
;WIDTH:0.431252
G1 X108.233 Y92.912 E.00424
;WIDTH:0.472735
G1 X108.254 Y92.743 E.00468
;WIDTH:0.514217
G1 X108.275 Y92.574 E.00512
;WIDTH:0.546996
G1 X108.291 Y92.346 E.00734
;WIDTH:0.579774
G1 X108.308 Y92.118 E.00781
G1 X108.581 Y92.118 E.00932
G1 X108.723 Y92.095 E.00491
;WIDTH:0.533602
G1 X108.864 Y92.072 E.00447
;WIDTH:0.48743
G1 X109.005 Y92.048 E.00406
;WIDTH:0.441257
G1 X109.352 Y92.025 E.00887
;WIDTH:0.394765
G1 X109.698 Y92.002 E.00784
;WIDTH:0.348272
G1 X140.301 Y92.002 E.60324
;WIDTH:0.37346
G1 X140.554 Y92.015 E.00539
;WIDTH:0.398928
G1 X140.807 Y92.028 E.00579
;WIDTH:0.442971
G1 X140.955 Y92.05 E.00383
;WIDTH:0.487015
G1 X141.102 Y92.072 E.00422
;WIDTH:0.531058
G1 X141.25 Y92.094 E.00465
;WIDTH:0.575101
G1 X141.397 Y92.116 E.00503
;WIDTH:0.583137
G1 X141.691 Y92.12 E.0101
G1 X141.691 Y92.395 E.00945
G1 X141.713 Y92.546 E.00524
;WIDTH:0.538131
G1 X141.736 Y92.696 E.00479
;WIDTH:0.493125
G1 X141.758 Y92.846 E.00436
;WIDTH:0.448119
G1 X141.781 Y92.997 E.00396
;WIDTH:0.403112
G1 X141.794 Y93.253 E.00593
;WIDTH:0.375699
G1 X141.808 Y93.509 E.00549
;WIDTH:0.348285
G1 X141.808 Y116.764 E.45842
;WIDTH:0.393798
G1 X141.785 Y116.929 E.00376
;WIDTH:0.43931
G1 X141.763 Y117.094 E.00423
;WIDTH:0.484823
G1 X141.74 Y117.259 E.0047
;WIDTH:0.530336
G1 X141.717 Y117.424 E.00518
;WIDTH:0.575848
G1 X141.694 Y117.589 E.00565
;WIDTH:0.583276
G1 X141.691 Y117.881 E.01004
G1 X141.415 Y117.881 E.00949
G1 X141.265 Y117.903 E.00521
;WIDTH:0.538237
G1 X141.114 Y117.926 E.00482
;WIDTH:0.493197
G1 X140.964 Y117.948 E.00436
;WIDTH:0.448158
G1 X140.813 Y117.971 E.00396
;WIDTH:0.403118
G1 X140.557 Y117.984 E.00593
;WIDTH:0.375702
G1 X140.301 Y117.998 E.00549
;WIDTH:0.348286
G1 X125.06 Y117.998 E.30044
M204 S1000
G1 X125 Y118.365 F10800
M204 S800
;TYPE:External perimeter
;WIDTH:0.449999
G1 F1500
G1 X108.289 Y118.365 E.43542
G1 X108.096 Y118.33 E.00511
G1 X107.905 Y118.215 E.00581
G1 X107.825 Y117.973 E.00664
G1 X107.825 Y92.099 E.67417
G1 X107.862 Y91.901 E.00525
M73 P88 R3
M73 Q88 S3
G1 X107.976 Y91.714 E.00571
G1 X108.219 Y91.635 E.00666
G1 X141.112 Y91.636 E.85705
G1 X141.787 Y91.636 E.01759
G1 X142.001 Y91.707 E.00587
G1 X142.142 Y91.868 E.00558
G1 X142.175 Y92.076 E.00549
G1 X142.175 Y117.901 E.67289
G1 X142.136 Y118.108 E.00549
G1 X142.026 Y118.284 E.00541
G1 X141.785 Y118.365 E.00662
G1 X125.06 Y118.365 E.43578
M204 S1000
;LAYER_CHANGE
;Z:5.15
;HEIGHT:0.15
;BEFORE_LAYER_CHANGE
G92 E0.0
;5.15


;WIPE_START
G1 F8640
G1 X125 Y118.365 E-.01385
G1 X121.595 Y118.365 E-.78615
;WIPE_END
G1 Z5.15 F720
;AFTER_LAYER_CHANGE
;5.15
G1 Z5.55
G1 X125 Y117.682 F10800
G1 Z5.15 F720
G1 E.8 F2100
M204 S800
;TYPE:Perimeter
;WIDTH:0.348286
G1 F2700
G1 X109.699 Y117.682 E.30162
;WIDTH:0.37376
G1 X109.486 Y117.653 E.00458
;WIDTH:0.399233
G1 X109.274 Y117.624 E.0049
;WIDTH:0.443305
G1 X109.157 Y117.577 E.00323
;WIDTH:0.487376
G1 X109.04 Y117.529 E.00359
;WIDTH:0.531447
G1 X108.923 Y117.481 E.00394
;WIDTH:0.575518
G1 X108.806 Y117.434 E.00427
G1 X108.742 Y117.331 E.00411
;WIDTH:0.537471
G1 X108.677 Y117.228 E.00384
;WIDTH:0.499424
G1 X108.635 Y117.065 E.0049
;WIDTH:0.46164
G1 X108.592 Y116.901 E.00454
;WIDTH:0.423856
G1 X108.55 Y116.738 E.00411
;WIDTH:0.386072
G1 X108.508 Y116.574 E.00374
;WIDTH:0.348287
G1 X108.508 Y93.508 E.45469
;WIDTH:0.394774
G1 X108.561 Y93.218 E.00667
;WIDTH:0.441261
G1 X108.613 Y92.928 E.00752
;WIDTH:0.487432
G1 X108.667 Y92.814 E.00358
;WIDTH:0.533603
G1 X108.721 Y92.7 E.00394
;WIDTH:0.579774
G1 X108.775 Y92.585 E.00434
G1 X108.89 Y92.531 E.00434
;WIDTH:0.533602
G1 X109.004 Y92.477 E.00394
;WIDTH:0.48743
G1 X109.118 Y92.423 E.00358
;WIDTH:0.441257
G1 X109.408 Y92.371 E.00752
;WIDTH:0.394765
G1 X109.698 Y92.318 E.00667
;WIDTH:0.348273
G1 X140.301 Y92.318 E.60324
;WIDTH:0.377904
G1 X140.534 Y92.353 E.00508
;WIDTH:0.407794
G1 X140.767 Y92.387 E.00552
;WIDTH:0.451633
G1 X140.878 Y92.434 E.00315
;WIDTH:0.495472
G1 X140.988 Y92.482 E.00347
;WIDTH:0.539311
G1 X141.098 Y92.53 E.0038
;WIDTH:0.583149
G1 X141.208 Y92.577 E.00411
G1 X141.266 Y92.674 E.00388
;WIDTH:0.541308
G1 X141.323 Y92.772 E.0036
;WIDTH:0.499467
G1 X141.365 Y92.931 E.00479
;WIDTH:0.461672
G1 X141.408 Y93.09 E.00441
;WIDTH:0.423876
G1 X141.45 Y93.25 E.00404
;WIDTH:0.386081
G1 X141.492 Y93.409 E.00363
;WIDTH:0.348285
G1 X141.492 Y116.492 E.45502
;WIDTH:0.38707
G1 X141.447 Y116.762 E.00606
;WIDTH:0.425854
G1 X141.402 Y117.033 E.00674
;WIDTH:0.46521
G1 X141.36 Y117.124 E.00271
;WIDTH:0.504565
G1 X141.318 Y117.215 E.00295
;WIDTH:0.543921
G1 X141.276 Y117.306 E.0032
;WIDTH:0.583276
G1 X141.233 Y117.398 E.00349
G1 X141.136 Y117.456 E.00388
;WIDTH:0.541324
G1 X141.038 Y117.513 E.0036
;WIDTH:0.499372
G1 X140.879 Y117.555 E.00479
;WIDTH:0.461601
G1 X140.72 Y117.598 E.00441
;WIDTH:0.423829
G1 X140.56 Y117.64 E.00404
;WIDTH:0.386058
G1 X140.401 Y117.682 E.00363
;WIDTH:0.348286
G1 X125.06 Y117.682 E.30241
M204 S1000
G1 X125 Y117.315 F10800
M204 S800
;TYPE:External perimeter
;WIDTH:0.449999
G1 F1500
G1 X109.699 Y117.315 E.39868
G1 X109.448 Y117.273 E.00663
G1 X109.156 Y117.104 E.00879
G1 X108.965 Y116.853 E.00822
G1 X108.875 Y116.519 E.00901
G1 X108.875 Y93.508 E.59957
G1 X108.957 Y93.158 E.00937
G1 X109.148 Y92.9 E.00836
G1 X109.423 Y92.736 E.00834
G1 X109.698 Y92.685 E.00729
G1 X140.301 Y92.685 E.79738
G1 X140.585 Y92.739 E.00753
G1 X140.844 Y92.897 E.00791
G1 X141.035 Y93.147 E.0082
G1 X141.125 Y93.509 E.00972
G1 X141.125 Y116.492 E.59884
G1 X141.051 Y116.83 E.00902
G1 X140.914 Y117.034 E.0064
G1 X140.663 Y117.225 E.00822
G1 X140.301 Y117.315 E.00972
G1 X125.06 Y117.315 E.39712
M204 S1000
G1 X125 Y117.998 F10800
M204 S800
;TYPE:Perimeter
;WIDTH:0.348286
G1 F2700
G1 X109.699 Y117.998 E.30162
;WIDTH:0.37376
G1 X109.446 Y117.985 E.0054
;WIDTH:0.399233
G1 X109.193 Y117.973 E.0058
;WIDTH:0.443305
G1 X109.045 Y117.951 E.00384
;WIDTH:0.487376
G1 X108.897 Y117.929 E.00425
;WIDTH:0.531447
G1 X108.75 Y117.906 E.00463
;WIDTH:0.575518
G1 X108.602 Y117.884 E.00507
;WIDTH:0.583289
G1 X108.309 Y117.881 E.01007
G1 X108.309 Y117.605 E.00949
G1 X108.287 Y117.455 E.00521
;WIDTH:0.538243
G1 X108.264 Y117.304 E.00482
;WIDTH:0.493196
G1 X108.242 Y117.154 E.00436
;WIDTH:0.44815
G1 X108.219 Y117.003 E.00396
;WIDTH:0.403103
G1 X108.206 Y116.747 E.00593
;WIDTH:0.375695
G1 X108.192 Y116.491 E.00549
;WIDTH:0.348287
G1 X108.192 Y93.25 E.45814
;WIDTH:0.38977
G1 X108.213 Y93.081 E.0038
;WIDTH:0.431253
G1 X108.233 Y92.912 E.00424
;WIDTH:0.472736
G1 X108.254 Y92.743 E.00468
;WIDTH:0.514218
G1 X108.275 Y92.574 E.00512
;WIDTH:0.546996
G1 X108.291 Y92.346 E.00734
;WIDTH:0.579774
G1 X108.308 Y92.118 E.00781
G1 X108.581 Y92.118 E.00932
G1 X108.723 Y92.095 E.00491
;WIDTH:0.533602
G1 X108.864 Y92.072 E.00447
;WIDTH:0.48743
G1 X109.005 Y92.048 E.00406
;WIDTH:0.441257
G1 X109.352 Y92.025 E.00887
;WIDTH:0.394765
G1 X109.698 Y92.002 E.00784
;WIDTH:0.348273
G1 X140.301 Y92.002 E.60324
;WIDTH:0.377904
G1 X140.578 Y92.017 E.00598
;WIDTH:0.407794
G1 X140.854 Y92.032 E.00647
;WIDTH:0.449646
G1 X140.99 Y92.053 E.00358
;WIDTH:0.491497
G1 X141.126 Y92.074 E.00394
;WIDTH:0.533348
G1 X141.262 Y92.095 E.0043
;WIDTH:0.575199
G1 X141.398 Y92.116 E.00466
;WIDTH:0.583149
G1 X141.691 Y92.12 E.01007
G1 X141.691 Y92.395 E.00945
G1 X141.713 Y92.546 E.00524
;WIDTH:0.53814
G1 X141.736 Y92.696 E.00479
;WIDTH:0.493131
G1 X141.758 Y92.846 E.00436
;WIDTH:0.448122
G1 X141.781 Y92.997 E.00396
;WIDTH:0.403112
G1 X141.794 Y93.253 E.00593
;WIDTH:0.375699
G1 X141.808 Y93.509 E.00549
;WIDTH:0.348285
G1 X141.808 Y116.764 E.45842
;WIDTH:0.393798
G1 X141.785 Y116.929 E.00376
;WIDTH:0.43931
G1 X141.763 Y117.094 E.00423
;WIDTH:0.484823
G1 X141.74 Y117.259 E.0047
;WIDTH:0.530336
G1 X141.717 Y117.424 E.00518
;WIDTH:0.575848
G1 X141.694 Y117.589 E.00565
;WIDTH:0.583276
G1 X141.691 Y117.881 E.01004
G1 X141.415 Y117.881 E.00949
G1 X141.265 Y117.903 E.00521
;WIDTH:0.538237
G1 X141.114 Y117.926 E.00482
;WIDTH:0.493197
G1 X140.964 Y117.948 E.00436
;WIDTH:0.448158
G1 X140.813 Y117.971 E.00396
;WIDTH:0.403118
G1 X140.557 Y117.984 E.00593
;WIDTH:0.375702
G1 X140.301 Y117.998 E.00549
;WIDTH:0.348286
G1 X125.06 Y117.998 E.30044
M204 S1000
G1 X125 Y118.365 F10800
M204 S800
;TYPE:External perimeter
;WIDTH:0.449999
G1 F1500
G1 X108.289 Y118.365 E.43542
G1 X108.097 Y118.33 E.00509
G1 X107.905 Y118.215 E.00583
G1 X107.825 Y117.973 E.00664
G1 X107.825 Y92.099 E.67417
G1 X107.861 Y91.902 E.00522
G1 X107.976 Y91.714 E.00574
G1 X108.218 Y91.635 E.00663
G1 X141.112 Y91.636 E.85708
G1 X141.786 Y91.636 E.01756
G1 X142.001 Y91.707 E.0059
G1 X142.142 Y91.868 E.00558
G1 X142.175 Y92.076 E.00549
G1 X142.175 Y117.901 E.67289
G1 X142.136 Y118.108 E.00549
M73 P89 R3
M73 Q89 S3
G1 X142.026 Y118.284 E.00541
G1 X141.785 Y118.365 E.00662
G1 X125.06 Y118.365 E.43578
M204 S1000
;LAYER_CHANGE
;Z:5.3
;HEIGHT:0.15
;BEFORE_LAYER_CHANGE
G92 E0.0
;5.3


;WIPE_START
G1 F8640
G1 X125 Y118.365 E-.01385
G1 X121.595 Y118.365 E-.78615
;WIPE_END
G1 Z5.3 F720
;AFTER_LAYER_CHANGE
;5.3
G1 Z5.7
G1 X125 Y117.682 F10800
G1 Z5.3 F720
G1 E.8 F2100
M204 S800
;TYPE:Perimeter
;WIDTH:0.348286
G1 F2700
G1 X109.699 Y117.682 E.30162
;WIDTH:0.373761
G1 X109.486 Y117.653 E.00458
;WIDTH:0.399235
G1 X109.274 Y117.624 E.0049
;WIDTH:0.443306
G1 X109.157 Y117.577 E.00323
;WIDTH:0.487377
G1 X109.04 Y117.529 E.00359
;WIDTH:0.531448
G1 X108.923 Y117.481 E.00394
;WIDTH:0.575519
G1 X108.806 Y117.434 E.00427
G1 X108.742 Y117.331 E.00411
;WIDTH:0.537473
G1 X108.677 Y117.228 E.00384
;WIDTH:0.499426
G1 X108.635 Y117.069 E.00479
;WIDTH:0.461642
G1 X108.592 Y116.91 E.00441
;WIDTH:0.423857
G1 X108.55 Y116.75 E.00404
;WIDTH:0.386072
G1 X108.508 Y116.591 E.00363
;WIDTH:0.348287
G1 X108.508 Y93.508 E.45503
;WIDTH:0.394774
G1 X108.561 Y93.218 E.00667
;WIDTH:0.441261
G1 X108.613 Y92.928 E.00752
;WIDTH:0.546995
G1 X108.694 Y92.757 E.00607
;WIDTH:0.579774
G1 X108.775 Y92.585 E.00649
G1 X108.89 Y92.531 E.00434
;WIDTH:0.533602
G1 X109.004 Y92.477 E.00394
;WIDTH:0.48743
G1 X109.118 Y92.423 E.00358
;WIDTH:0.441258
G1 X109.408 Y92.371 E.00752
;WIDTH:0.394766
G1 X109.698 Y92.318 E.00667
;WIDTH:0.348274
G1 X140.301 Y92.318 E.60324
;WIDTH:0.373505
G1 X140.514 Y92.347 E.00458
;WIDTH:0.398975
G1 X140.726 Y92.376 E.00489
;WIDTH:0.443021
G1 X140.843 Y92.423 E.00323
;WIDTH:0.487067
G1 X140.96 Y92.471 E.00359
;WIDTH:0.531113
G1 X141.077 Y92.519 E.00393
;WIDTH:0.575158
G1 X141.193 Y92.566 E.00424
G1 X141.258 Y92.669 E.00412
;WIDTH:0.537312
G1 X141.323 Y92.772 E.00384
;WIDTH:0.499465
G1 X141.365 Y92.931 E.00479
;WIDTH:0.46167
G1 X141.408 Y93.09 E.00441
;WIDTH:0.423875
G1 X141.45 Y93.25 E.00404
;WIDTH:0.38608
G1 X141.492 Y93.409 E.00363
;WIDTH:0.348285
G1 X141.492 Y116.492 E.45502
;WIDTH:0.38707
G1 X141.447 Y116.762 E.00606
;WIDTH:0.425855
G1 X141.402 Y117.033 E.00674
;WIDTH:0.465211
G1 X141.36 Y117.124 E.00271
;WIDTH:0.504566
G1 X141.318 Y117.215 E.00295
;WIDTH:0.543922
G1 X141.276 Y117.306 E.0032
;WIDTH:0.583277
G1 X141.233 Y117.398 E.00349
G1 X141.136 Y117.456 E.00388
;WIDTH:0.541326
G1 X141.038 Y117.513 E.0036
;WIDTH:0.499374
G1 X140.879 Y117.555 E.00479
;WIDTH:0.461602
G1 X140.72 Y117.598 E.00441
;WIDTH:0.42383
G1 X140.56 Y117.64 E.00404
;WIDTH:0.386058
G1 X140.401 Y117.682 E.00363
;WIDTH:0.348286
G1 X125.06 Y117.682 E.30241
M204 S1000
G1 X125 Y117.315 F10800
M204 S800
;TYPE:External perimeter
;WIDTH:0.449999
G1 F1500
G1 X109.699 Y117.315 E.39868
G1 X109.448 Y117.273 E.00663
G1 X109.156 Y117.104 E.00879
G1 X108.965 Y116.853 E.00822
G1 X108.875 Y116.491 E.00972
G1 X108.875 Y93.508 E.59884
G1 X108.957 Y93.158 E.00937
G1 X109.09 Y92.958 E.00626
G1 X109.348 Y92.767 E.00836
G1 X109.698 Y92.685 E.00937
G1 X140.301 Y92.685 E.79738
G1 X140.552 Y92.727 E.00663
G1 X140.844 Y92.897 E.0088
G1 X141.035 Y93.147 E.0082
G1 X141.125 Y93.509 E.00972
G1 X141.125 Y116.492 E.59884
G1 X141.051 Y116.83 E.00902
G1 X140.914 Y117.034 E.0064
G1 X140.663 Y117.225 E.00822
G1 X140.301 Y117.315 E.00972
G1 X125.06 Y117.315 E.39712
M204 S1000
G1 X125 Y117.998 F10800
M204 S800
;TYPE:Perimeter
;WIDTH:0.348286
G1 F2700
G1 X109.699 Y117.998 E.30162
;WIDTH:0.373761
G1 X109.446 Y117.985 E.0054
;WIDTH:0.399235
G1 X109.193 Y117.973 E.0058
;WIDTH:0.443306
G1 X109.045 Y117.951 E.00384
;WIDTH:0.487377
G1 X108.897 Y117.929 E.00425
;WIDTH:0.531448
G1 X108.75 Y117.906 E.00463
;WIDTH:0.575519
G1 X108.602 Y117.884 E.00507
;WIDTH:0.583289
G1 X108.309 Y117.881 E.01007
G1 X108.309 Y117.605 E.00949
G1 X108.287 Y117.455 E.00521
;WIDTH:0.538243
G1 X108.264 Y117.304 E.00482
;WIDTH:0.493196
G1 X108.242 Y117.154 E.00436
;WIDTH:0.44815
G1 X108.219 Y117.003 E.00396
;WIDTH:0.403103
G1 X108.206 Y116.747 E.00593
;WIDTH:0.375695
G1 X108.192 Y116.491 E.00549
;WIDTH:0.348287
G1 X108.192 Y93.25 E.45814
;WIDTH:0.389769
G1 X108.213 Y93.081 E.0038
;WIDTH:0.431251
G1 X108.233 Y92.912 E.00424
;WIDTH:0.472733
G1 X108.254 Y92.743 E.00468
;WIDTH:0.514215
G1 X108.275 Y92.574 E.00512
;WIDTH:0.546995
G1 X108.291 Y92.346 E.00734
;WIDTH:0.579774
G1 X108.308 Y92.118 E.00781
G1 X108.581 Y92.118 E.00932
G1 X108.723 Y92.095 E.00491
;WIDTH:0.533602
G1 X108.864 Y92.072 E.00447
;WIDTH:0.48743
G1 X109.005 Y92.048 E.00406
;WIDTH:0.441258
G1 X109.352 Y92.025 E.00887
;WIDTH:0.394766
G1 X109.698 Y92.002 E.00784
;WIDTH:0.348274
G1 X140.301 Y92.002 E.60324
;WIDTH:0.373505
G1 X140.554 Y92.015 E.00539
;WIDTH:0.398975
G1 X140.807 Y92.028 E.00579
;WIDTH:0.443021
G1 X140.955 Y92.05 E.00383
;WIDTH:0.487067
G1 X141.102 Y92.072 E.00422
;WIDTH:0.531113
G1 X141.25 Y92.094 E.00466
;WIDTH:0.575158
G1 X141.397 Y92.116 E.00503
;WIDTH:0.58316
G1 X141.691 Y92.12 E.0101
G1 X141.691 Y92.395 E.00945
G1 X141.713 Y92.546 E.00524
;WIDTH:0.538149
G1 X141.736 Y92.696 E.00479
;WIDTH:0.493137
G1 X141.758 Y92.846 E.00436
;WIDTH:0.448126
G1 X141.781 Y92.997 E.00396
;WIDTH:0.403114
G1 X141.794 Y93.253 E.00593
;WIDTH:0.3757
G1 X141.808 Y93.509 E.00549
;WIDTH:0.348285
G1 X141.808 Y116.764 E.45842
;WIDTH:0.393797
G1 X141.785 Y116.929 E.00376
;WIDTH:0.439309
G1 X141.763 Y117.094 E.00423
;WIDTH:0.484821
G1 X141.74 Y117.259 E.0047
;WIDTH:0.530332
G1 X141.717 Y117.424 E.00518
;WIDTH:0.575844
G1 X141.694 Y117.589 E.00565
;WIDTH:0.583277
G1 X141.691 Y117.881 E.01004
G1 X141.415 Y117.881 E.00949
G1 X141.265 Y117.903 E.00521
;WIDTH:0.538238
G1 X141.114 Y117.926 E.00482
;WIDTH:0.493198
G1 X140.964 Y117.948 E.00436
;WIDTH:0.448158
G1 X140.813 Y117.971 E.00396
;WIDTH:0.403118
G1 X140.557 Y117.984 E.00593
;WIDTH:0.375702
G1 X140.301 Y117.998 E.00549
;WIDTH:0.348286
G1 X125.06 Y117.998 E.30044
M204 S1000
G1 X125 Y118.365 F10800
M204 S800
;TYPE:External perimeter
;WIDTH:0.449999
G1 F1500
G1 X108.289 Y118.365 E.43542
G1 X108.083 Y118.326 E.00546
G1 X107.905 Y118.215 E.00547
G1 X107.825 Y117.973 E.00664
G1 X107.825 Y92.099 E.67417
G1 X107.864 Y91.892 E.00549
M73 P89 R2
M73 Q89 S2
G1 X107.974 Y91.716 E.00541
G1 X108.215 Y91.635 E.00662
G1 X141.111 Y91.636 E.85713
G1 X141.785 Y91.636 E.01756
G1 X142.001 Y91.707 E.00592
G1 X142.142 Y91.868 E.00558
G1 X142.175 Y92.076 E.00549
G1 X142.175 Y117.901 E.67289
G1 X142.136 Y118.108 E.00549
G1 X142.026 Y118.284 E.00541
G1 X141.785 Y118.365 E.00662
G1 X125.06 Y118.365 E.43578
M204 S1000
;LAYER_CHANGE
;Z:5.45
;HEIGHT:0.15
;BEFORE_LAYER_CHANGE
G92 E0.0
;5.45


;WIPE_START
G1 F8640
G1 X125 Y118.365 E-.01385
G1 X121.595 Y118.365 E-.78615
;WIPE_END
G1 Z5.45 F720
;AFTER_LAYER_CHANGE
;5.45
G1 Z5.85
G1 X125 Y117.682 F10800
G1 Z5.45 F720
G1 E.8 F2100
M204 S800
;TYPE:Perimeter
;WIDTH:0.348286
G1 F2700
G1 X109.699 Y117.682 E.30162
;WIDTH:0.37376
G1 X109.486 Y117.653 E.00458
M73 Q90 S2
;WIDTH:0.399233
G1 X109.274 Y117.624 E.0049
;WIDTH:0.443305
G1 X109.157 Y117.577 E.00323
;WIDTH:0.487376
G1 X109.04 Y117.529 E.00359
;WIDTH:0.531448
G1 X108.923 Y117.481 E.00394
;WIDTH:0.575519
G1 X108.806 Y117.434 E.00427
G1 X108.742 Y117.331 E.00411
;WIDTH:0.537473
G1 X108.677 Y117.228 E.00384
;WIDTH:0.499427
G1 X108.635 Y117.069 E.00479
;WIDTH:0.461642
G1 X108.592 Y116.91 E.00441
;WIDTH:0.423857
G1 X108.55 Y116.75 E.00404
;WIDTH:0.386072
G1 X108.508 Y116.591 E.00363
;WIDTH:0.348287
G1 X108.508 Y93.508 E.45503
;WIDTH:0.394775
G1 X108.561 Y93.218 E.00667
M73 P90 R2
;WIDTH:0.441263
G1 X108.613 Y92.928 E.00752
;WIDTH:0.546996
G1 X108.694 Y92.757 E.00607
;WIDTH:0.579774
G1 X108.775 Y92.585 E.00649
G1 X108.89 Y92.531 E.00434
;WIDTH:0.533603
G1 X109.004 Y92.477 E.00394
;WIDTH:0.487431
G1 X109.118 Y92.423 E.00358
;WIDTH:0.441259
G1 X109.408 Y92.371 E.00752
;WIDTH:0.394767
G1 X109.698 Y92.318 E.00667
;WIDTH:0.348275
G1 X140.301 Y92.318 E.60324
;WIDTH:0.373525
G1 X140.514 Y92.347 E.00458
;WIDTH:0.398995
G1 X140.726 Y92.376 E.00489
;WIDTH:0.443042
G1 X140.843 Y92.423 E.00323
;WIDTH:0.487089
G1 X140.96 Y92.471 E.00359
;WIDTH:0.531136
G1 X141.077 Y92.519 E.00393
;WIDTH:0.575183
G1 X141.193 Y92.566 E.00424
G1 X141.258 Y92.669 E.00412
;WIDTH:0.537324
G1 X141.323 Y92.772 E.00384
;WIDTH:0.499465
G1 X141.365 Y92.931 E.00479
;WIDTH:0.46167
G1 X141.408 Y93.09 E.00441
;WIDTH:0.423875
G1 X141.45 Y93.25 E.00404
;WIDTH:0.38608
G1 X141.492 Y93.409 E.00363
;WIDTH:0.348285
G1 X141.492 Y116.492 E.45502
;WIDTH:0.38707
G1 X141.447 Y116.762 E.00606
;WIDTH:0.425855
G1 X141.402 Y117.033 E.00674
;WIDTH:0.46521
G1 X141.36 Y117.124 E.00271
;WIDTH:0.504566
G1 X141.318 Y117.215 E.00295
;WIDTH:0.543921
G1 X141.276 Y117.306 E.0032
;WIDTH:0.583276
G1 X141.233 Y117.398 E.00349
G1 X141.136 Y117.456 E.00388
;WIDTH:0.541325
G1 X141.038 Y117.513 E.0036
;WIDTH:0.499373
G1 X140.879 Y117.555 E.00479
;WIDTH:0.461602
G1 X140.72 Y117.598 E.00441
;WIDTH:0.42383
G1 X140.56 Y117.64 E.00404
;WIDTH:0.386058
G1 X140.401 Y117.682 E.00363
;WIDTH:0.348286
G1 X125.06 Y117.682 E.30241
M204 S1000
G1 X125 Y117.315 F10800
M204 S800
;TYPE:External perimeter
;WIDTH:0.449999
G1 F1500
G1 X109.699 Y117.315 E.39868
G1 X109.448 Y117.273 E.00663
G1 X109.156 Y117.104 E.00879
G1 X108.965 Y116.853 E.00822
G1 X108.875 Y116.491 E.00972
G1 X108.875 Y93.508 E.59884
G1 X108.957 Y93.158 E.00937
G1 X109.09 Y92.958 E.00626
G1 X109.348 Y92.767 E.00836
G1 X109.698 Y92.685 E.00937
G1 X140.301 Y92.685 E.79738
G1 X140.552 Y92.727 E.00663
G1 X140.844 Y92.896 E.00879
G1 X141.035 Y93.147 E.00822
G1 X141.125 Y93.509 E.00972
G1 X141.125 Y116.492 E.59884
G1 X141.051 Y116.83 E.00902
G1 X140.914 Y117.034 E.0064
G1 X140.663 Y117.225 E.00822
G1 X140.301 Y117.315 E.00972
G1 X125.06 Y117.315 E.39712
M204 S1000
G1 X125 Y117.998 F10800
M204 S800
;TYPE:Perimeter
;WIDTH:0.348286
G1 F2700
G1 X109.699 Y117.998 E.30162
;WIDTH:0.37376
G1 X109.446 Y117.985 E.0054
;WIDTH:0.399233
G1 X109.193 Y117.973 E.0058
;WIDTH:0.443305
G1 X109.045 Y117.951 E.00384
;WIDTH:0.487376
G1 X108.897 Y117.929 E.00425
;WIDTH:0.531448
G1 X108.75 Y117.906 E.00463
;WIDTH:0.575519
G1 X108.602 Y117.884 E.00507
;WIDTH:0.583288
G1 X108.309 Y117.881 E.01007
G1 X108.309 Y117.605 E.00949
G1 X108.287 Y117.455 E.00521
;WIDTH:0.538242
G1 X108.264 Y117.304 E.00482
;WIDTH:0.493196
G1 X108.242 Y117.154 E.00436
;WIDTH:0.44815
G1 X108.219 Y117.003 E.00396
;WIDTH:0.403104
G1 X108.206 Y116.747 E.00593
;WIDTH:0.375696
G1 X108.192 Y116.491 E.00549
;WIDTH:0.348287
G1 X108.192 Y93.25 E.45814
;WIDTH:0.38977
G1 X108.213 Y93.081 E.0038
;WIDTH:0.431253
G1 X108.233 Y92.912 E.00424
;WIDTH:0.472736
G1 X108.254 Y92.743 E.00468
;WIDTH:0.514218
G1 X108.275 Y92.574 E.00512
;WIDTH:0.546996
G1 X108.291 Y92.346 E.00734
;WIDTH:0.579774
G1 X108.308 Y92.118 E.00781
G1 X108.581 Y92.118 E.00932
G1 X108.723 Y92.095 E.00491
;WIDTH:0.533603
G1 X108.864 Y92.072 E.00447
;WIDTH:0.487431
G1 X109.005 Y92.048 E.00406
;WIDTH:0.441259
G1 X109.352 Y92.025 E.00887
;WIDTH:0.394767
G1 X109.698 Y92.002 E.00784
;WIDTH:0.348275
G1 X140.301 Y92.002 E.60324
;WIDTH:0.373525
G1 X140.554 Y92.015 E.00539
;WIDTH:0.398995
G1 X140.807 Y92.028 E.0058
;WIDTH:0.443042
G1 X140.955 Y92.05 E.00383
;WIDTH:0.487089
G1 X141.102 Y92.072 E.00422
;WIDTH:0.531136
G1 X141.25 Y92.094 E.00466
;WIDTH:0.575183
G1 X141.397 Y92.116 E.00503
;WIDTH:0.583172
G1 X141.691 Y92.12 E.0101
G1 X141.691 Y92.395 E.00945
G1 X141.713 Y92.546 E.00524
;WIDTH:0.538158
G1 X141.736 Y92.696 E.00479
;WIDTH:0.493143
G1 X141.758 Y92.846 E.00436
;WIDTH:0.448129
G1 X141.781 Y92.997 E.00396
;WIDTH:0.403114
G1 X141.794 Y93.253 E.00593
;WIDTH:0.3757
G1 X141.808 Y93.509 E.00549
;WIDTH:0.348285
G1 X141.808 Y116.764 E.45842
;WIDTH:0.393797
G1 X141.785 Y116.929 E.00376
;WIDTH:0.439309
G1 X141.763 Y117.094 E.00423
;WIDTH:0.484821
G1 X141.74 Y117.259 E.0047
;WIDTH:0.530333
G1 X141.717 Y117.424 E.00518
;WIDTH:0.575845
G1 X141.694 Y117.589 E.00565
;WIDTH:0.583276
G1 X141.691 Y117.881 E.01004
G1 X141.415 Y117.881 E.00949
G1 X141.265 Y117.903 E.00521
;WIDTH:0.538237
G1 X141.114 Y117.926 E.00482
;WIDTH:0.493197
G1 X140.964 Y117.948 E.00436
;WIDTH:0.448158
G1 X140.813 Y117.971 E.00396
;WIDTH:0.403118
G1 X140.557 Y117.984 E.00593
;WIDTH:0.375702
G1 X140.301 Y117.998 E.00549
;WIDTH:0.348286
G1 X125.06 Y117.998 E.30044
M204 S1000
G1 X125 Y118.365 F10800
M204 S800
;TYPE:External perimeter
;WIDTH:0.449999
G1 F1500
G1 X108.289 Y118.365 E.43542
G1 X108.083 Y118.326 E.00546
G1 X107.905 Y118.215 E.00547
G1 X107.825 Y117.973 E.00664
G1 X107.825 Y92.099 E.67417
G1 X107.864 Y91.892 E.00549
G1 X107.974 Y91.716 E.00541
G1 X108.215 Y91.635 E.00662
G1 X141.11 Y91.635 E.8571
G1 X141.785 Y91.635 E.01759
G1 X142.001 Y91.707 E.00593
G1 X142.142 Y91.868 E.00558
G1 X142.175 Y92.076 E.00549
G1 X142.175 Y117.901 E.67289
G1 X142.136 Y118.108 E.00549
G1 X142.026 Y118.284 E.00541
G1 X141.785 Y118.365 E.00662
G1 X125.06 Y118.365 E.43578
M204 S1000
;LAYER_CHANGE
;Z:5.6
;HEIGHT:0.15
;BEFORE_LAYER_CHANGE
G92 E0.0
;5.6


;WIPE_START
G1 F8640
G1 X125 Y118.365 E-.01385
G1 X121.595 Y118.365 E-.78615
;WIPE_END
G1 Z5.6 F720
;AFTER_LAYER_CHANGE
;5.6
G1 Z6
G1 X125 Y117.682 F10800
G1 Z5.6 F720
G1 E.8 F2100
M204 S800
;TYPE:Perimeter
;WIDTH:0.348286
G1 F2700
G1 X109.699 Y117.682 E.30162
;WIDTH:0.37376
G1 X109.486 Y117.653 E.00458
;WIDTH:0.399234
G1 X109.274 Y117.624 E.0049
;WIDTH:0.443306
G1 X109.157 Y117.577 E.00323
;WIDTH:0.487377
G1 X109.04 Y117.529 E.00359
;WIDTH:0.531449
G1 X108.923 Y117.481 E.00394
;WIDTH:0.57552
G1 X108.806 Y117.434 E.00427
G1 X108.742 Y117.331 E.00411
;WIDTH:0.537473
G1 X108.677 Y117.228 E.00384
;WIDTH:0.499425
G1 X108.635 Y117.065 E.0049
;WIDTH:0.461641
G1 X108.592 Y116.901 E.00454
;WIDTH:0.423856
G1 X108.55 Y116.738 E.00411
;WIDTH:0.386072
G1 X108.508 Y116.574 E.00374
;WIDTH:0.348287
G1 X108.508 Y93.508 E.45469
;WIDTH:0.394774
G1 X108.561 Y93.218 E.00667
;WIDTH:0.441261
G1 X108.613 Y92.928 E.00752
;WIDTH:0.487432
G1 X108.667 Y92.814 E.00358
;WIDTH:0.533603
G1 X108.721 Y92.7 E.00394
;WIDTH:0.579774
G1 X108.775 Y92.585 E.00434
G1 X108.89 Y92.531 E.00434
;WIDTH:0.533602
G1 X109.004 Y92.477 E.00394
;WIDTH:0.48743
G1 X109.118 Y92.423 E.00358
;WIDTH:0.441258
G1 X109.408 Y92.371 E.00752
;WIDTH:0.394767
G1 X109.698 Y92.318 E.00667
;WIDTH:0.348276
G1 X140.301 Y92.318 E.60325
;WIDTH:0.373547
G1 X140.514 Y92.347 E.00458
;WIDTH:0.399017
G1 X140.726 Y92.376 E.00489
;WIDTH:0.443066
G1 X140.843 Y92.423 E.00323
;WIDTH:0.487114
G1 X140.96 Y92.471 E.00359
;WIDTH:0.531162
G1 X141.077 Y92.519 E.00394
;WIDTH:0.57521
G1 X141.193 Y92.566 E.00424
G1 X141.258 Y92.669 E.00412
;WIDTH:0.537337
G1 X141.323 Y92.772 E.00384
;WIDTH:0.499464
G1 X141.365 Y92.931 E.00479
;WIDTH:0.46167
G1 X141.408 Y93.09 E.00441
;WIDTH:0.423875
G1 X141.45 Y93.25 E.00404
;WIDTH:0.38608
G1 X141.492 Y93.409 E.00363
;WIDTH:0.348285
G1 X141.492 Y116.492 E.45502
;WIDTH:0.38707
G1 X141.447 Y116.762 E.00606
M73 Q91 S2
;WIDTH:0.425854
G1 X141.402 Y117.033 E.00674
;WIDTH:0.46521
G1 X141.36 Y117.124 E.00271
;WIDTH:0.504565
G1 X141.318 Y117.215 E.00295
;WIDTH:0.543921
G1 X141.276 Y117.306 E.0032
;WIDTH:0.583276
G1 X141.233 Y117.398 E.00349
G1 X141.136 Y117.456 E.00388
;WIDTH:0.541325
G1 X141.038 Y117.513 E.0036
;WIDTH:0.499374
G1 X140.879 Y117.555 E.00479
;WIDTH:0.461602
G1 X140.72 Y117.598 E.00441
;WIDTH:0.42383
G1 X140.56 Y117.64 E.00404
;WIDTH:0.386058
G1 X140.401 Y117.682 E.00363
;WIDTH:0.348286
G1 X125.06 Y117.682 E.30241
M204 S1000
G1 X125 Y117.315 F10800
M204 S800
;TYPE:External perimeter
;WIDTH:0.449999
G1 F1500
M73 P91 R2
G1 X109.699 Y117.315 E.39868
G1 X109.448 Y117.273 E.00663
G1 X109.156 Y117.104 E.00879
G1 X108.965 Y116.853 E.00822
G1 X108.875 Y116.519 E.00901
G1 X108.875 Y93.508 E.59957
G1 X108.957 Y93.158 E.00937
G1 X109.148 Y92.9 E.00836
G1 X109.423 Y92.736 E.00834
G1 X109.698 Y92.685 E.00729
G1 X140.301 Y92.685 E.79738
G1 X140.552 Y92.727 E.00663
G1 X140.844 Y92.896 E.00879
G1 X141.035 Y93.147 E.00822
G1 X141.125 Y93.509 E.00972
G1 X141.125 Y116.492 E.59884
G1 X141.051 Y116.83 E.00902
G1 X140.914 Y117.034 E.0064
G1 X140.663 Y117.225 E.00822
G1 X140.301 Y117.315 E.00972
G1 X125.06 Y117.315 E.39712
M204 S1000
G1 X125 Y117.998 F10800
M204 S800
;TYPE:Perimeter
;WIDTH:0.348286
G1 F2700
G1 X109.699 Y117.998 E.30162
;WIDTH:0.37376
G1 X109.446 Y117.985 E.0054
;WIDTH:0.399234
G1 X109.193 Y117.973 E.0058
;WIDTH:0.443306
G1 X109.045 Y117.951 E.00384
;WIDTH:0.487377
G1 X108.897 Y117.929 E.00425
;WIDTH:0.531449
G1 X108.75 Y117.906 E.00463
;WIDTH:0.57552
G1 X108.602 Y117.884 E.00507
;WIDTH:0.583289
G1 X108.309 Y117.881 E.01007
G1 X108.309 Y117.605 E.00949
G1 X108.287 Y117.455 E.00521
;WIDTH:0.538243
G1 X108.264 Y117.304 E.00482
;WIDTH:0.493196
G1 X108.242 Y117.154 E.00436
;WIDTH:0.44815
G1 X108.219 Y117.003 E.00396
;WIDTH:0.403103
G1 X108.206 Y116.747 E.00593
;WIDTH:0.375695
G1 X108.192 Y116.491 E.00549
;WIDTH:0.348287
G1 X108.192 Y93.25 E.45814
;WIDTH:0.38977
G1 X108.213 Y93.081 E.0038
;WIDTH:0.431253
G1 X108.233 Y92.912 E.00424
;WIDTH:0.472736
G1 X108.254 Y92.743 E.00468
;WIDTH:0.514218
G1 X108.275 Y92.574 E.00512
;WIDTH:0.546996
G1 X108.291 Y92.346 E.00734
;WIDTH:0.579774
G1 X108.308 Y92.118 E.00781
G1 X108.581 Y92.118 E.00932
G1 X108.723 Y92.095 E.00491
;WIDTH:0.533602
G1 X108.864 Y92.072 E.00447
;WIDTH:0.48743
G1 X109.005 Y92.048 E.00406
;WIDTH:0.441258
G1 X109.352 Y92.025 E.00887
;WIDTH:0.394767
G1 X109.698 Y92.002 E.00784
;WIDTH:0.348276
G1 X140.301 Y92.002 E.60325
;WIDTH:0.373547
G1 X140.554 Y92.015 E.00539
;WIDTH:0.399017
G1 X140.807 Y92.028 E.0058
;WIDTH:0.443066
G1 X140.955 Y92.05 E.00383
;WIDTH:0.487114
G1 X141.102 Y92.072 E.00422
;WIDTH:0.531162
G1 X141.25 Y92.094 E.00466
;WIDTH:0.57521
G1 X141.397 Y92.116 E.00503
;WIDTH:0.583185
G1 X141.691 Y92.12 E.0101
G1 X141.691 Y92.395 E.00945
G1 X141.713 Y92.546 E.00524
;WIDTH:0.538168
G1 X141.736 Y92.696 E.00479
;WIDTH:0.49315
G1 X141.758 Y92.846 E.00436
;WIDTH:0.448133
G1 X141.781 Y92.997 E.00396
;WIDTH:0.403115
G1 X141.794 Y93.253 E.00593
;WIDTH:0.3757
G1 X141.808 Y93.509 E.00549
;WIDTH:0.348285
G1 X141.808 Y116.764 E.45842
;WIDTH:0.393798
G1 X141.785 Y116.929 E.00376
;WIDTH:0.43931
G1 X141.763 Y117.094 E.00423
;WIDTH:0.484823
G1 X141.74 Y117.259 E.0047
;WIDTH:0.530336
G1 X141.717 Y117.424 E.00518
;WIDTH:0.575848
G1 X141.694 Y117.589 E.00565
;WIDTH:0.583276
G1 X141.691 Y117.881 E.01004
G1 X141.415 Y117.881 E.00949
G1 X141.265 Y117.903 E.00521
;WIDTH:0.538237
G1 X141.114 Y117.926 E.00482
;WIDTH:0.493198
G1 X140.964 Y117.948 E.00436
;WIDTH:0.448159
G1 X140.813 Y117.971 E.00396
;WIDTH:0.40312
G1 X140.557 Y117.984 E.00593
;WIDTH:0.375703
G1 X140.301 Y117.998 E.00549
;WIDTH:0.348286
G1 X125.06 Y117.998 E.30044
M204 S1000
G1 X125 Y118.365 F10800
M204 S800
;TYPE:External perimeter
;WIDTH:0.449999
G1 F1500
G1 X108.289 Y118.365 E.43542
G1 X108.083 Y118.326 E.00546
G1 X107.905 Y118.215 E.00547
G1 X107.825 Y117.973 E.00664
G1 X107.825 Y92.392 E.66653
G1 X107.856 Y91.875 E.0135
G1 X107.981 Y91.712 E.00535
G1 X108.218 Y91.635 E.00649
G1 X141.784 Y91.635 E.87459
G1 X142.001 Y91.707 E.00596
G1 X142.142 Y91.868 E.00558
G1 X142.175 Y92.076 E.00549
G1 X142.175 Y117.901 E.67289
G1 X142.136 Y118.108 E.00549
G1 X142.026 Y118.284 E.00541
G1 X141.785 Y118.365 E.00662
G1 X125.06 Y118.365 E.43578
M204 S1000
;LAYER_CHANGE
;Z:5.75
;HEIGHT:0.15
;BEFORE_LAYER_CHANGE
G92 E0.0
;5.75


;WIPE_START
G1 F8640
G1 X125 Y118.365 E-.01385
G1 X121.595 Y118.365 E-.78615
;WIPE_END
G1 Z5.75 F720
;AFTER_LAYER_CHANGE
;5.75
G1 Z6.15
G1 X125 Y117.682 F10800
G1 Z5.75 F720
G1 E.8 F2100
M204 S800
;TYPE:Perimeter
;WIDTH:0.348286
G1 F2700
G1 X109.699 Y117.682 E.30162
;WIDTH:0.373761
G1 X109.486 Y117.653 E.00458
;WIDTH:0.399235
G1 X109.274 Y117.624 E.0049
;WIDTH:0.443306
G1 X109.157 Y117.577 E.00323
;WIDTH:0.487377
G1 X109.04 Y117.529 E.00359
;WIDTH:0.531448
G1 X108.923 Y117.481 E.00394
;WIDTH:0.575519
G1 X108.806 Y117.434 E.00427
G1 X108.742 Y117.331 E.00411
;WIDTH:0.537472
G1 X108.677 Y117.228 E.00384
;WIDTH:0.499425
G1 X108.635 Y117.065 E.0049
;WIDTH:0.461641
G1 X108.592 Y116.901 E.00454
;WIDTH:0.423856
G1 X108.55 Y116.738 E.00411
;WIDTH:0.386072
G1 X108.508 Y116.574 E.00374
;WIDTH:0.348287
G1 X108.508 Y93.508 E.45469
;WIDTH:0.394773
G1 X108.561 Y93.218 E.00667
;WIDTH:0.441258
G1 X108.613 Y92.928 E.00752
;WIDTH:0.48743
G1 X108.667 Y92.814 E.00358
;WIDTH:0.533602
G1 X108.721 Y92.7 E.00394
;WIDTH:0.579774
G1 X108.775 Y92.585 E.00434
G1 X108.89 Y92.531 E.00434
;WIDTH:0.533602
G1 X109.004 Y92.477 E.00394
;WIDTH:0.48743
G1 X109.118 Y92.423 E.00358
;WIDTH:0.441258
G1 X109.408 Y92.371 E.00752
;WIDTH:0.394768
G1 X109.698 Y92.318 E.00667
;WIDTH:0.348277
G1 X140.301 Y92.318 E.60325
;WIDTH:0.37357
G1 X140.514 Y92.347 E.00458
;WIDTH:0.399042
G1 X140.726 Y92.376 E.0049
;WIDTH:0.443092
G1 X140.843 Y92.423 E.00323
;WIDTH:0.487141
G1 X140.96 Y92.471 E.00359
;WIDTH:0.53119
G1 X141.077 Y92.519 E.00394
;WIDTH:0.575239
G1 X141.193 Y92.566 E.00424
G1 X141.258 Y92.669 E.00412
;WIDTH:0.537351
G1 X141.323 Y92.772 E.00384
;WIDTH:0.499462
G1 X141.365 Y92.931 E.00479
;WIDTH:0.461668
G1 X141.408 Y93.09 E.00441
;WIDTH:0.423874
G1 X141.45 Y93.25 E.00404
;WIDTH:0.38608
G1 X141.492 Y93.409 E.00363
;WIDTH:0.348285
G1 X141.492 Y116.492 E.45502
;WIDTH:0.38707
G1 X141.447 Y116.762 E.00606
;WIDTH:0.425854
G1 X141.402 Y117.033 E.00674
;WIDTH:0.46521
G1 X141.36 Y117.124 E.00271
;WIDTH:0.504565
G1 X141.318 Y117.215 E.00295
;WIDTH:0.543921
G1 X141.276 Y117.306 E.0032
;WIDTH:0.583276
G1 X141.233 Y117.398 E.00349
G1 X141.136 Y117.456 E.00388
;WIDTH:0.541325
G1 X141.038 Y117.513 E.0036
;WIDTH:0.499373
G1 X140.879 Y117.555 E.00479
;WIDTH:0.461602
G1 X140.72 Y117.598 E.00441
;WIDTH:0.42383
G1 X140.56 Y117.64 E.00404
;WIDTH:0.386058
G1 X140.401 Y117.682 E.00363
;WIDTH:0.348286
G1 X125.06 Y117.682 E.30241
M204 S1000
G1 X125 Y117.315 F10800
M204 S800
;TYPE:External perimeter
;WIDTH:0.449999
G1 F1500
G1 X109.699 Y117.315 E.39868
G1 X109.448 Y117.273 E.00663
G1 X109.156 Y117.104 E.00879
G1 X108.965 Y116.853 E.00822
G1 X108.875 Y116.519 E.00901
G1 X108.875 Y93.508 E.59957
G1 X108.957 Y93.158 E.00937
G1 X109.148 Y92.9 E.00836
G1 X109.423 Y92.736 E.00834
G1 X109.698 Y92.685 E.00729
G1 X140.301 Y92.685 E.79738
G1 X140.552 Y92.727 E.00663
M73 P92 R2
M73 Q92 S2
G1 X140.844 Y92.896 E.00879
G1 X141.035 Y93.147 E.00822
G1 X141.125 Y93.509 E.00972
G1 X141.125 Y116.492 E.59884
G1 X141.051 Y116.83 E.00902
G1 X140.914 Y117.034 E.0064
G1 X140.663 Y117.225 E.00822
G1 X140.301 Y117.315 E.00972
G1 X125.06 Y117.315 E.39712
M204 S1000
G1 X125 Y117.998 F10800
M204 S800
;TYPE:Perimeter
;WIDTH:0.348286
G1 F2700
G1 X109.699 Y117.998 E.30162
;WIDTH:0.373761
G1 X109.446 Y117.985 E.0054
;WIDTH:0.399235
G1 X109.193 Y117.973 E.0058
;WIDTH:0.443306
G1 X109.045 Y117.951 E.00384
;WIDTH:0.487377
G1 X108.897 Y117.929 E.00425
;WIDTH:0.531448
G1 X108.75 Y117.906 E.00463
;WIDTH:0.575519
G1 X108.602 Y117.884 E.00507
;WIDTH:0.583289
G1 X108.309 Y117.881 E.01007
G1 X108.309 Y117.605 E.00949
G1 X108.287 Y117.455 E.00521
;WIDTH:0.538243
G1 X108.264 Y117.304 E.00482
;WIDTH:0.493196
G1 X108.242 Y117.154 E.00436
;WIDTH:0.448149
G1 X108.219 Y117.003 E.00396
;WIDTH:0.403102
G1 X108.206 Y116.747 E.00593
;WIDTH:0.375695
G1 X108.192 Y116.491 E.00549
;WIDTH:0.348287
G1 X108.192 Y93.25 E.45814
;WIDTH:0.389769
G1 X108.213 Y93.081 E.0038
;WIDTH:0.43125
G1 X108.233 Y92.912 E.00424
;WIDTH:0.472732
G1 X108.254 Y92.743 E.00468
;WIDTH:0.514213
G1 X108.275 Y92.574 E.00512
;WIDTH:0.546994
G1 X108.291 Y92.346 E.00734
;WIDTH:0.579774
G1 X108.308 Y92.118 E.00781
G1 X108.581 Y92.118 E.00932
G1 X108.723 Y92.095 E.00491
;WIDTH:0.533602
G1 X108.864 Y92.072 E.00447
;WIDTH:0.48743
G1 X109.005 Y92.048 E.00406
;WIDTH:0.441258
G1 X109.352 Y92.025 E.00887
;WIDTH:0.394768
G1 X109.698 Y92.002 E.00784
;WIDTH:0.348277
G1 X140.301 Y92.002 E.60325
;WIDTH:0.37357
G1 X140.554 Y92.015 E.00539
;WIDTH:0.399042
G1 X140.807 Y92.028 E.0058
;WIDTH:0.443092
G1 X140.955 Y92.05 E.00383
;WIDTH:0.487141
G1 X141.102 Y92.072 E.00422
;WIDTH:0.53119
G1 X141.25 Y92.094 E.00466
;WIDTH:0.575239
G1 X141.398 Y92.116 E.00507
;WIDTH:0.583196
G1 X141.691 Y92.12 E.01007
G1 X141.691 Y92.395 E.00945
G1 X141.713 Y92.546 E.00524
;WIDTH:0.538175
G1 X141.736 Y92.696 E.00479
;WIDTH:0.493154
G1 X141.758 Y92.846 E.00436
;WIDTH:0.448133
G1 X141.781 Y92.997 E.00396
;WIDTH:0.403112
G1 X141.794 Y93.253 E.00593
;WIDTH:0.375699
G1 X141.808 Y93.509 E.00549
;WIDTH:0.348285
G1 X141.808 Y116.764 E.45842
;WIDTH:0.393798
G1 X141.785 Y116.929 E.00376
;WIDTH:0.439311
G1 X141.763 Y117.094 E.00423
;WIDTH:0.484824
G1 X141.74 Y117.259 E.0047
;WIDTH:0.530336
G1 X141.717 Y117.424 E.00518
;WIDTH:0.575849
G1 X141.694 Y117.589 E.00565
;WIDTH:0.583276
G1 X141.691 Y117.881 E.01004
G1 X141.415 Y117.881 E.00949
G1 X141.265 Y117.903 E.00521
;WIDTH:0.538237
G1 X141.114 Y117.926 E.00482
;WIDTH:0.493198
G1 X140.964 Y117.948 E.00436
;WIDTH:0.448159
G1 X140.813 Y117.971 E.00396
;WIDTH:0.403119
G1 X140.557 Y117.984 E.00593
;WIDTH:0.375703
G1 X140.301 Y117.998 E.00549
;WIDTH:0.348286
G1 X125.06 Y117.998 E.30044
M204 S1000
G1 X125 Y118.365 F10800
M204 S800
;TYPE:External perimeter
;WIDTH:0.449999
G1 F1500
G1 X108.289 Y118.365 E.43542
G1 X108.082 Y118.326 E.00549
G1 X107.906 Y118.216 E.00541
G1 X107.825 Y117.975 E.00662
G1 X107.825 Y92.099 E.67422
G1 X107.86 Y91.907 E.00509
G1 X107.975 Y91.715 E.00583
G1 X108.217 Y91.635 E.00664
G1 X141.783 Y91.635 E.87459
G1 X142.001 Y91.707 E.00598
G1 X142.142 Y91.868 E.00558
G1 X142.175 Y92.076 E.00549
G1 X142.175 Y117.901 E.67289
G1 X142.136 Y118.108 E.00549
G1 X142.026 Y118.284 E.00541
G1 X141.785 Y118.365 E.00662
G1 X125.06 Y118.365 E.43578
M204 S1000
;LAYER_CHANGE
;Z:5.9
;HEIGHT:0.15
;BEFORE_LAYER_CHANGE
G92 E0.0
;5.9


;WIPE_START
G1 F8640
G1 X125 Y118.365 E-.01385
G1 X121.595 Y118.365 E-.78615
;WIPE_END
G1 Z5.9 F720
;AFTER_LAYER_CHANGE
;5.9
G1 Z6.3
G1 X125 Y117.682 F10800
G1 Z5.9 F720
G1 E.8 F2100
M204 S800
;TYPE:Perimeter
;WIDTH:0.348286
G1 F2700
G1 X109.699 Y117.682 E.30162
;WIDTH:0.37376
G1 X109.486 Y117.653 E.00458
;WIDTH:0.399233
G1 X109.274 Y117.624 E.0049
;WIDTH:0.443305
G1 X109.157 Y117.577 E.00323
;WIDTH:0.487377
G1 X109.04 Y117.529 E.00359
;WIDTH:0.531449
G1 X108.923 Y117.481 E.00394
;WIDTH:0.57552
G1 X108.806 Y117.434 E.00427
G1 X108.742 Y117.331 E.00411
;WIDTH:0.537471
G1 X108.677 Y117.228 E.00384
;WIDTH:0.499422
G1 X108.635 Y117.065 E.0049
;WIDTH:0.461639
G1 X108.592 Y116.901 E.00454
;WIDTH:0.423855
G1 X108.55 Y116.738 E.00411
;WIDTH:0.386071
G1 X108.508 Y116.574 E.00374
;WIDTH:0.348287
G1 X108.508 Y93.508 E.45469
;WIDTH:0.394775
G1 X108.561 Y93.218 E.00667
;WIDTH:0.441263
G1 X108.613 Y92.928 E.00752
;WIDTH:0.487434
G1 X108.667 Y92.814 E.00358
;WIDTH:0.533605
G1 X108.721 Y92.7 E.00394
;WIDTH:0.579775
G1 X108.775 Y92.585 E.00434
G1 X108.89 Y92.531 E.00434
;WIDTH:0.533603
G1 X109.004 Y92.477 E.00394
;WIDTH:0.487431
G1 X109.118 Y92.423 E.00358
;WIDTH:0.441258
G1 X109.408 Y92.371 E.00752
;WIDTH:0.394768
G1 X109.698 Y92.318 E.00667
;WIDTH:0.348278
G1 X140.301 Y92.318 E.60325
;WIDTH:0.373593
G1 X140.514 Y92.347 E.00458
;WIDTH:0.399067
G1 X140.726 Y92.376 E.0049
;WIDTH:0.443117
G1 X140.843 Y92.423 E.00323
;WIDTH:0.487166
G1 X140.96 Y92.471 E.00359
;WIDTH:0.531216
G1 X141.077 Y92.519 E.00394
;WIDTH:0.575265
G1 X141.193 Y92.566 E.00424
G1 X141.258 Y92.669 E.00412
;WIDTH:0.537365
G1 X141.323 Y92.772 E.00384
;WIDTH:0.499465
G1 X141.365 Y92.931 E.00479
;WIDTH:0.46167
G1 X141.408 Y93.09 E.00441
;WIDTH:0.423875
G1 X141.45 Y93.25 E.00404
;WIDTH:0.38608
G1 X141.492 Y93.409 E.00363
;WIDTH:0.348285
G1 X141.492 Y116.492 E.45502
;WIDTH:0.387071
G1 X141.447 Y116.762 E.00606
;WIDTH:0.425857
G1 X141.402 Y117.033 E.00674
;WIDTH:0.465212
G1 X141.36 Y117.124 E.00271
;WIDTH:0.504567
G1 X141.318 Y117.215 E.00295
;WIDTH:0.543922
G1 X141.276 Y117.306 E.0032
;WIDTH:0.583276
G1 X141.233 Y117.398 E.00349
G1 X141.136 Y117.456 E.00388
;WIDTH:0.541325
G1 X141.038 Y117.513 E.0036
;WIDTH:0.499373
G1 X140.879 Y117.555 E.00479
;WIDTH:0.461602
G1 X140.72 Y117.598 E.00441
;WIDTH:0.42383
G1 X140.56 Y117.64 E.00404
;WIDTH:0.386058
G1 X140.401 Y117.682 E.00363
;WIDTH:0.348286
G1 X125.06 Y117.682 E.30241
M204 S1000
G1 X125 Y117.315 F10800
M204 S800
;TYPE:External perimeter
;WIDTH:0.449999
G1 F1500
G1 X109.699 Y117.315 E.39868
G1 X109.448 Y117.273 E.00663
G1 X109.156 Y117.104 E.00879
G1 X108.965 Y116.853 E.00822
G1 X108.875 Y116.519 E.00901
G1 X108.875 Y93.508 E.59957
G1 X108.957 Y93.158 E.00937
G1 X109.148 Y92.9 E.00836
G1 X109.423 Y92.736 E.00834
G1 X109.698 Y92.685 E.00729
G1 X140.301 Y92.685 E.79738
G1 X140.552 Y92.727 E.00663
G1 X140.844 Y92.896 E.00879
G1 X141.035 Y93.147 E.00822
G1 X141.125 Y93.509 E.00972
G1 X141.125 Y116.492 E.59884
G1 X141.051 Y116.83 E.00902
G1 X140.914 Y117.034 E.0064
G1 X140.663 Y117.225 E.00822
G1 X140.301 Y117.315 E.00972
G1 X125.06 Y117.315 E.39712
M73 Q93 S2
M204 S1000
G1 X125 Y117.998 F10800
M73 P93 R2
M204 S800
;TYPE:Perimeter
;WIDTH:0.348286
G1 F2700
G1 X109.699 Y117.998 E.30162
;WIDTH:0.37376
G1 X109.446 Y117.985 E.0054
;WIDTH:0.399233
G1 X109.193 Y117.973 E.0058
;WIDTH:0.443305
G1 X109.045 Y117.951 E.00384
;WIDTH:0.487377
G1 X108.897 Y117.929 E.00425
;WIDTH:0.531449
G1 X108.75 Y117.906 E.00463
;WIDTH:0.57552
G1 X108.602 Y117.884 E.00507
;WIDTH:0.583289
G1 X108.309 Y117.881 E.01007
G1 X108.309 Y117.605 E.00949
G1 X108.287 Y117.455 E.00521
;WIDTH:0.538242
G1 X108.264 Y117.304 E.00482
;WIDTH:0.493195
G1 X108.242 Y117.154 E.00436
;WIDTH:0.448148
G1 X108.219 Y117.003 E.00396
;WIDTH:0.403101
G1 X108.206 Y116.747 E.00593
;WIDTH:0.375694
G1 X108.192 Y116.491 E.00549
;WIDTH:0.348287
G1 X108.192 Y93.25 E.45814
;WIDTH:0.38977
G1 X108.213 Y93.081 E.0038
;WIDTH:0.431252
G1 X108.233 Y92.912 E.00424
;WIDTH:0.472735
G1 X108.254 Y92.743 E.00468
;WIDTH:0.514217
G1 X108.275 Y92.574 E.00512
;WIDTH:0.546996
G1 X108.291 Y92.346 E.00734
;WIDTH:0.579775
G1 X108.308 Y92.118 E.00781
G1 X108.581 Y92.118 E.00932
G1 X108.723 Y92.095 E.00491
;WIDTH:0.533603
G1 X108.864 Y92.072 E.00447
;WIDTH:0.487431
G1 X109.005 Y92.048 E.00406
;WIDTH:0.441258
G1 X109.352 Y92.025 E.00887
;WIDTH:0.394768
G1 X109.698 Y92.002 E.00784
;WIDTH:0.348278
G1 X140.301 Y92.002 E.60325
;WIDTH:0.373593
G1 X140.554 Y92.015 E.00539
;WIDTH:0.399067
G1 X140.807 Y92.028 E.0058
;WIDTH:0.443117
G1 X140.955 Y92.05 E.00383
;WIDTH:0.487166
G1 X141.102 Y92.072 E.00422
;WIDTH:0.531216
G1 X141.25 Y92.094 E.00466
;WIDTH:0.575265
G1 X141.398 Y92.116 E.00507
;WIDTH:0.583209
G1 X141.691 Y92.12 E.01007
G1 X141.691 Y92.395 E.00945
G1 X141.713 Y92.546 E.00524
;WIDTH:0.538186
G1 X141.736 Y92.696 E.00479
;WIDTH:0.493162
G1 X141.758 Y92.846 E.00436
;WIDTH:0.448138
G1 X141.781 Y92.997 E.00396
;WIDTH:0.403114
G1 X141.794 Y93.253 E.00593
;WIDTH:0.3757
G1 X141.808 Y93.509 E.00549
;WIDTH:0.348285
G1 X141.808 Y116.764 E.45842
;WIDTH:0.393798
G1 X141.785 Y116.929 E.00376
;WIDTH:0.439311
G1 X141.763 Y117.094 E.00423
;WIDTH:0.484824
G1 X141.74 Y117.259 E.0047
;WIDTH:0.530336
G1 X141.717 Y117.424 E.00518
;WIDTH:0.575849
G1 X141.694 Y117.589 E.00565
;WIDTH:0.583276
G1 X141.691 Y117.881 E.01004
G1 X141.415 Y117.881 E.00949
G1 X141.265 Y117.903 E.00521
;WIDTH:0.538237
G1 X141.114 Y117.926 E.00482
;WIDTH:0.493198
G1 X140.964 Y117.948 E.00436
;WIDTH:0.448159
G1 X140.813 Y117.971 E.00396
;WIDTH:0.403119
G1 X140.557 Y117.984 E.00593
;WIDTH:0.375703
G1 X140.301 Y117.998 E.00549
;WIDTH:0.348286
G1 X125.06 Y117.998 E.30044
M204 S1000
G1 X125 Y118.365 F10800
M204 S800
;TYPE:External perimeter
;WIDTH:0.449999
G1 F1500
G1 X108.289 Y118.365 E.43542
G1 X108.083 Y118.326 E.00546
M73 P93 R1
M73 Q93 S1
G1 X107.905 Y118.215 E.00547
G1 X107.825 Y117.974 E.00662
G1 X107.825 Y92.082 E.67463
G1 X107.862 Y91.862 E.00581
G1 X107.98 Y91.713 E.00495
G1 X108.217 Y91.635 E.0065
G1 X141.783 Y91.635 E.87459
G1 X142.001 Y91.707 E.00598
G1 X142.142 Y91.868 E.00558
G1 X142.175 Y92.076 E.00549
G1 X142.175 Y117.901 E.67289
G1 X142.136 Y118.108 E.00549
G1 X142.026 Y118.284 E.00541
G1 X141.785 Y118.365 E.00662
G1 X125.06 Y118.365 E.43578
M204 S1000
;LAYER_CHANGE
;Z:6.05
;HEIGHT:0.15
;BEFORE_LAYER_CHANGE
G92 E0.0
;6.05


;WIPE_START
G1 F8640
G1 X125 Y118.365 E-.01385
G1 X121.595 Y118.365 E-.78615
;WIPE_END
G1 Z6.05 F720
;AFTER_LAYER_CHANGE
;6.05
G1 Z6.45
G1 X125 Y117.682 F10800
G1 Z6.05 F720
G1 E.8 F2100
M204 S800
;TYPE:Perimeter
;WIDTH:0.348286
G1 F2700
G1 X109.699 Y117.682 E.30162
;WIDTH:0.37376
G1 X109.486 Y117.653 E.00458
;WIDTH:0.399233
G1 X109.274 Y117.624 E.0049
;WIDTH:0.443305
G1 X109.157 Y117.577 E.00323
;WIDTH:0.487376
G1 X109.04 Y117.529 E.00359
;WIDTH:0.531447
G1 X108.923 Y117.481 E.00394
;WIDTH:0.575518
G1 X108.806 Y117.434 E.00427
G1 X108.742 Y117.331 E.00411
;WIDTH:0.537471
G1 X108.677 Y117.228 E.00384
;WIDTH:0.499424
G1 X108.635 Y117.069 E.00479
;WIDTH:0.46164
G1 X108.592 Y116.91 E.00441
;WIDTH:0.423856
G1 X108.55 Y116.75 E.00404
;WIDTH:0.386072
G1 X108.508 Y116.591 E.00363
;WIDTH:0.348287
G1 X108.508 Y93.508 E.45503
;WIDTH:0.394774
G1 X108.561 Y93.218 E.00667
;WIDTH:0.441261
G1 X108.613 Y92.928 E.00752
;WIDTH:0.546996
G1 X108.694 Y92.757 E.00607
;WIDTH:0.579775
G1 X108.775 Y92.585 E.00649
G1 X108.89 Y92.531 E.00434
;WIDTH:0.533604
G1 X109.004 Y92.477 E.00394
;WIDTH:0.487433
G1 X109.118 Y92.423 E.00358
;WIDTH:0.441262
G1 X109.408 Y92.371 E.00752
;WIDTH:0.394771
G1 X109.698 Y92.318 E.00667
;WIDTH:0.348279
G1 X140.301 Y92.318 E.60325
;WIDTH:0.373614
G1 X140.514 Y92.347 E.00458
;WIDTH:0.399088
G1 X140.726 Y92.376 E.0049
;WIDTH:0.443138
G1 X140.843 Y92.423 E.00323
;WIDTH:0.487188
G1 X140.96 Y92.471 E.00359
;WIDTH:0.531238
G1 X141.077 Y92.519 E.00394
;WIDTH:0.575288
G1 X141.193 Y92.566 E.00424
G1 X141.258 Y92.669 E.00413
;WIDTH:0.537377
G1 X141.323 Y92.772 E.00384
;WIDTH:0.499465
G1 X141.365 Y92.931 E.00479
;WIDTH:0.46167
G1 X141.408 Y93.09 E.00441
;WIDTH:0.423875
G1 X141.45 Y93.25 E.00404
;WIDTH:0.38608
G1 X141.492 Y93.409 E.00363
;WIDTH:0.348285
G1 X141.492 Y116.492 E.45502
;WIDTH:0.38707
G1 X141.447 Y116.762 E.00606
;WIDTH:0.425855
G1 X141.402 Y117.033 E.00674
;WIDTH:0.46521
G1 X141.36 Y117.124 E.00271
;WIDTH:0.504566
G1 X141.318 Y117.215 E.00295
;WIDTH:0.543921
G1 X141.276 Y117.306 E.0032
;WIDTH:0.583276
G1 X141.233 Y117.398 E.00349
G1 X141.136 Y117.456 E.00388
;WIDTH:0.541325
G1 X141.038 Y117.513 E.0036
;WIDTH:0.499374
G1 X140.879 Y117.555 E.00479
;WIDTH:0.461602
G1 X140.72 Y117.598 E.00441
;WIDTH:0.42383
G1 X140.56 Y117.64 E.00404
;WIDTH:0.386058
G1 X140.401 Y117.682 E.00363
;WIDTH:0.348286
G1 X125.06 Y117.682 E.30241
M204 S1000
G1 X125 Y117.315 F10800
M204 S800
;TYPE:External perimeter
;WIDTH:0.449999
G1 F1500
G1 X109.699 Y117.315 E.39868
G1 X109.448 Y117.273 E.00663
G1 X109.156 Y117.104 E.00879
G1 X108.965 Y116.853 E.00822
G1 X108.875 Y116.491 E.00972
G1 X108.875 Y93.508 E.59884
G1 X108.957 Y93.158 E.00937
G1 X109.09 Y92.958 E.00626
G1 X109.348 Y92.767 E.00836
G1 X109.698 Y92.685 E.00937
G1 X140.301 Y92.685 E.79738
G1 X140.552 Y92.727 E.00663
G1 X140.844 Y92.896 E.00879
G1 X141.035 Y93.147 E.00822
G1 X141.125 Y93.509 E.00972
G1 X141.125 Y116.492 E.59884
G1 X141.051 Y116.83 E.00902
G1 X140.914 Y117.034 E.0064
G1 X140.663 Y117.225 E.00822
G1 X140.301 Y117.315 E.00972
G1 X125.06 Y117.315 E.39712
M204 S1000
G1 X125 Y117.998 F10800
M204 S800
;TYPE:Perimeter
;WIDTH:0.348286
G1 F2700
G1 X109.699 Y117.998 E.30162
;WIDTH:0.37376
G1 X109.446 Y117.985 E.0054
;WIDTH:0.399233
G1 X109.193 Y117.973 E.0058
;WIDTH:0.443305
G1 X109.045 Y117.951 E.00384
;WIDTH:0.487376
G1 X108.897 Y117.929 E.00425
;WIDTH:0.531447
G1 X108.75 Y117.906 E.00463
;WIDTH:0.575518
G1 X108.602 Y117.884 E.00507
;WIDTH:0.583289
G1 X108.309 Y117.881 E.01007
G1 X108.309 Y117.605 E.00949
G1 X108.287 Y117.455 E.00521
;WIDTH:0.538243
G1 X108.264 Y117.304 E.00482
;WIDTH:0.493196
G1 X108.242 Y117.154 E.00436
;WIDTH:0.448149
G1 X108.219 Y117.003 E.00396
;WIDTH:0.403102
G1 X108.206 Y116.747 E.00593
;WIDTH:0.375695
G1 X108.192 Y116.491 E.00549
;WIDTH:0.348287
G1 X108.192 Y93.25 E.45814
;WIDTH:0.38977
G1 X108.213 Y93.081 E.0038
;WIDTH:0.431252
G1 X108.233 Y92.912 E.00424
;WIDTH:0.472734
G1 X108.254 Y92.743 E.00468
;WIDTH:0.514216
G1 X108.275 Y92.574 E.00512
;WIDTH:0.546996
G1 X108.291 Y92.346 E.00734
;WIDTH:0.579775
G1 X108.308 Y92.118 E.00781
G1 X108.581 Y92.118 E.00932
G1 X108.723 Y92.095 E.00491
;WIDTH:0.533604
G1 X108.864 Y92.072 E.00447
;WIDTH:0.487433
G1 X109.005 Y92.048 E.00406
;WIDTH:0.441262
G1 X109.352 Y92.025 E.00887
;WIDTH:0.394771
G1 X109.698 Y92.002 E.00784
;WIDTH:0.348279
G1 X140.301 Y92.002 E.60325
;WIDTH:0.373614
G1 X140.554 Y92.015 E.00539
M73 Q94 S1
;WIDTH:0.399088
G1 X140.807 Y92.028 E.0058
;WIDTH:0.443138
G1 X140.955 Y92.05 E.00383
;WIDTH:0.487188
G1 X141.102 Y92.072 E.00422
;WIDTH:0.531238
G1 X141.25 Y92.094 E.00466
;WIDTH:0.575288
G1 X141.398 Y92.116 E.00507
;WIDTH:0.583221
G1 X141.691 Y92.12 E.01007
G1 X141.691 Y92.395 E.00945
M73 P94 R1
G1 X141.713 Y92.546 E.00524
;WIDTH:0.538195
G1 X141.736 Y92.696 E.00479
;WIDTH:0.493168
G1 X141.758 Y92.846 E.00436
;WIDTH:0.448141
G1 X141.781 Y92.997 E.00396
;WIDTH:0.403114
G1 X141.794 Y93.253 E.00593
;WIDTH:0.3757
G1 X141.808 Y93.509 E.00549
;WIDTH:0.348285
G1 X141.808 Y116.764 E.45842
;WIDTH:0.393798
G1 X141.785 Y116.929 E.00376
;WIDTH:0.43931
G1 X141.763 Y117.094 E.00423
;WIDTH:0.484822
G1 X141.74 Y117.259 E.0047
;WIDTH:0.530335
G1 X141.717 Y117.424 E.00518
;WIDTH:0.575847
G1 X141.694 Y117.589 E.00565
;WIDTH:0.583276
G1 X141.691 Y117.881 E.01004
G1 X141.415 Y117.881 E.00949
G1 X141.265 Y117.903 E.00521
;WIDTH:0.538237
G1 X141.114 Y117.926 E.00482
;WIDTH:0.493198
G1 X140.964 Y117.948 E.00436
;WIDTH:0.448159
G1 X140.813 Y117.971 E.00396
;WIDTH:0.403119
G1 X140.557 Y117.984 E.00593
;WIDTH:0.375703
G1 X140.301 Y117.998 E.00549
;WIDTH:0.348286
G1 X125.06 Y117.998 E.30044
M204 S1000
G1 X125 Y118.365 F10800
M204 S800
;TYPE:External perimeter
;WIDTH:0.449999
G1 F1500
G1 X108.602 Y118.365 E.42726
G1 X108.098 Y118.332 E.01316
G1 X107.905 Y118.214 E.00589
G1 X107.825 Y117.974 E.00659
G1 X107.825 Y92.392 E.66656
G1 X107.861 Y91.864 E.01379
G1 X107.979 Y91.714 E.00497
G1 X108.215 Y91.635 E.00648
G1 X141.782 Y91.635 E.87461
G1 X142.001 Y91.707 E.00601
G1 X142.142 Y91.868 E.00558
G1 X142.175 Y92.076 E.00549
G1 X142.175 Y117.901 E.67289
G1 X142.136 Y118.108 E.00549
G1 X142.026 Y118.284 E.00541
G1 X141.785 Y118.365 E.00662
G1 X125.06 Y118.365 E.43578
M204 S1000
;LAYER_CHANGE
;Z:6.2
;HEIGHT:0.15
;BEFORE_LAYER_CHANGE
G92 E0.0
;6.2


;WIPE_START
G1 F8640
G1 X125 Y118.365 E-.01385
G1 X121.595 Y118.365 E-.78615
;WIPE_END
G1 Z6.2 F720
;AFTER_LAYER_CHANGE
;6.2
G1 Z6.6
G1 X125 Y117.682 F10800
G1 Z6.2 F720
G1 E.8 F2100
M204 S800
;TYPE:Perimeter
;WIDTH:0.348286
G1 F2700
G1 X109.699 Y117.682 E.30162
;WIDTH:0.373762
G1 X109.486 Y117.653 E.00458
;WIDTH:0.399237
G1 X109.274 Y117.624 E.0049
;WIDTH:0.443308
G1 X109.157 Y117.577 E.00323
;WIDTH:0.487378
G1 X109.04 Y117.529 E.00359
;WIDTH:0.531448
G1 X108.923 Y117.481 E.00394
;WIDTH:0.575518
G1 X108.806 Y117.434 E.00427
G1 X108.742 Y117.331 E.00411
;WIDTH:0.537473
G1 X108.677 Y117.228 E.00384
;WIDTH:0.499428
G1 X108.635 Y117.065 E.0049
;WIDTH:0.461643
G1 X108.592 Y116.901 E.00454
;WIDTH:0.423858
G1 X108.55 Y116.738 E.00411
;WIDTH:0.386073
G1 X108.508 Y116.574 E.00374
;WIDTH:0.348287
G1 X108.508 Y93.508 E.45469
;WIDTH:0.394776
G1 X108.561 Y93.218 E.00667
;WIDTH:0.441265
G1 X108.613 Y92.928 E.00752
;WIDTH:0.487435
G1 X108.667 Y92.814 E.00358
;WIDTH:0.533605
G1 X108.721 Y92.7 E.00394
;WIDTH:0.579775
G1 X108.775 Y92.585 E.00434
G1 X108.89 Y92.531 E.00434
;WIDTH:0.533604
G1 X109.004 Y92.477 E.00394
;WIDTH:0.487433
G1 X109.118 Y92.423 E.00358
;WIDTH:0.441262
G1 X109.408 Y92.371 E.00752
;WIDTH:0.394771
G1 X109.698 Y92.318 E.00667
;WIDTH:0.34828
G1 X140.301 Y92.318 E.60325
;WIDTH:0.373636
G1 X140.514 Y92.347 E.00458
;WIDTH:0.39911
G1 X140.726 Y92.376 E.0049
;WIDTH:0.443162
G1 X140.843 Y92.423 E.00323
;WIDTH:0.487213
G1 X140.96 Y92.471 E.00359
;WIDTH:0.531264
G1 X141.077 Y92.519 E.00394
;WIDTH:0.575315
G1 X141.193 Y92.566 E.00424
G1 X141.258 Y92.669 E.00413
;WIDTH:0.53739
G1 X141.323 Y92.772 E.00384
;WIDTH:0.499464
G1 X141.365 Y92.931 E.00479
;WIDTH:0.46167
G1 X141.408 Y93.09 E.00441
;WIDTH:0.423875
G1 X141.45 Y93.25 E.00404
;WIDTH:0.38608
G1 X141.492 Y93.409 E.00363
;WIDTH:0.348285
G1 X141.492 Y116.492 E.45502
;WIDTH:0.387069
G1 X141.447 Y116.762 E.00606
;WIDTH:0.425853
G1 X141.402 Y117.033 E.00674
;WIDTH:0.465219
G1 X141.361 Y117.123 E.00267
;WIDTH:0.504584
G1 X141.319 Y117.214 E.00295
;WIDTH:0.54395
G1 X141.278 Y117.305 E.00319
;WIDTH:0.583315
G1 X141.236 Y117.395 E.00341
G1 X141.126 Y117.459 E.00437
;WIDTH:0.537236
G1 X141.016 Y117.522 E.00399
;WIDTH:0.491157
G1 X140.81 Y117.576 E.0061
;WIDTH:0.443534
G1 X140.604 Y117.629 E.00546
;WIDTH:0.39591
G1 X140.398 Y117.682 E.00482
;WIDTH:0.348286
G1 X125.06 Y117.682 E.30235
M204 S1000
G1 X125 Y117.315 F10800
M204 S800
;TYPE:External perimeter
;WIDTH:0.449999
G1 F1500
G1 X109.699 Y117.315 E.39868
G1 X109.448 Y117.273 E.00663
G1 X109.156 Y117.104 E.00879
G1 X108.965 Y116.853 E.00822
G1 X108.875 Y116.519 E.00901
G1 X108.875 Y93.508 E.59957
G1 X108.957 Y93.158 E.00937
G1 X109.148 Y92.9 E.00836
G1 X109.423 Y92.736 E.00834
G1 X109.698 Y92.685 E.00729
G1 X140.301 Y92.685 E.79738
G1 X140.552 Y92.727 E.00663
G1 X140.844 Y92.896 E.00879
G1 X141.035 Y93.147 E.00822
G1 X141.125 Y93.509 E.00972
G1 X141.125 Y116.492 E.59884
G1 X141.051 Y116.83 E.00902
G1 X140.922 Y117.026 E.00611
G1 X140.649 Y117.232 E.00891
G1 X140.301 Y117.315 E.00932
G1 X125.06 Y117.315 E.39712
M204 S1000
G1 X125 Y117.998 F10800
M204 S800
;TYPE:Perimeter
;WIDTH:0.348286
G1 F2700
G1 X109.699 Y117.998 E.30162
;WIDTH:0.373762
G1 X109.446 Y117.985 E.0054
;WIDTH:0.399237
G1 X109.193 Y117.973 E.0058
;WIDTH:0.443308
G1 X109.045 Y117.951 E.00384
;WIDTH:0.487378
G1 X108.897 Y117.929 E.00425
;WIDTH:0.531448
G1 X108.75 Y117.906 E.00463
;WIDTH:0.575518
G1 X108.602 Y117.884 E.00507
;WIDTH:0.583289
G1 X108.309 Y117.881 E.01007
G1 X108.309 Y117.605 E.00949
G1 X108.287 Y117.455 E.00521
;WIDTH:0.538243
G1 X108.264 Y117.304 E.00482
;WIDTH:0.493197
G1 X108.242 Y117.154 E.00436
;WIDTH:0.448151
G1 X108.219 Y117.003 E.00396
;WIDTH:0.403104
G1 X108.206 Y116.747 E.00593
;WIDTH:0.375696
G1 X108.192 Y116.491 E.00549
;WIDTH:0.348287
G1 X108.192 Y93.25 E.45814
;WIDTH:0.389771
G1 X108.213 Y93.081 E.0038
;WIDTH:0.431254
G1 X108.233 Y92.912 E.00424
;WIDTH:0.472738
G1 X108.254 Y92.743 E.00468
;WIDTH:0.514221
G1 X108.275 Y92.574 E.00512
;WIDTH:0.546998
G1 X108.291 Y92.346 E.00734
;WIDTH:0.579775
G1 X108.308 Y92.118 E.00781
G1 X108.581 Y92.118 E.00932
G1 X108.723 Y92.095 E.00491
;WIDTH:0.533604
G1 X108.864 Y92.072 E.00447
;WIDTH:0.487433
G1 X109.005 Y92.048 E.00406
;WIDTH:0.441262
G1 X109.352 Y92.025 E.00887
;WIDTH:0.394771
G1 X109.698 Y92.002 E.00784
;WIDTH:0.34828
G1 X140.301 Y92.002 E.60325
;WIDTH:0.373636
G1 X140.554 Y92.015 E.00539
;WIDTH:0.39911
G1 X140.807 Y92.028 E.0058
;WIDTH:0.443162
G1 X140.955 Y92.05 E.00383
;WIDTH:0.487213
G1 X141.102 Y92.072 E.00422
;WIDTH:0.531264
G1 X141.25 Y92.094 E.00466
;WIDTH:0.575315
G1 X141.398 Y92.116 E.00507
;WIDTH:0.583233
G1 X141.691 Y92.12 E.01007
G1 X141.691 Y92.395 E.00945
G1 X141.713 Y92.546 E.00524
;WIDTH:0.538203
G1 X141.736 Y92.696 E.00479
;WIDTH:0.493173
G1 X141.758 Y92.846 E.00436
;WIDTH:0.448143
G1 X141.781 Y92.997 E.00396
;WIDTH:0.403113
G1 X141.794 Y93.253 E.00593
;WIDTH:0.375699
G1 X141.808 Y93.509 E.00549
;WIDTH:0.348285
G1 X141.808 Y116.765 E.45844
;WIDTH:0.395074
G1 X141.785 Y116.932 E.00381
;WIDTH:0.441863
G1 X141.761 Y117.1 E.00434
;WIDTH:0.488652
G1 X141.738 Y117.268 E.00483
;WIDTH:0.53544
G1 X141.714 Y117.435 E.00529
;WIDTH:0.582229
G1 X141.691 Y117.603 E.00582
;WIDTH:0.583315
G1 X141.691 Y117.881 E.00955
G1 X141.428 Y117.904 E.00907
;WIDTH:0.537236
G1 X141.165 Y117.927 E.00832
;WIDTH:0.491157
G1 X140.877 Y117.95 E.00827
;WIDTH:0.443534
G1 X140.589 Y117.974 E.00741
;WIDTH:0.39591
G1 X140.301 Y117.998 E.00656
;WIDTH:0.348286
G1 X125.06 Y117.998 E.30044
M204 S1000
G1 X125 Y118.365 F10800
M204 S800
;TYPE:External perimeter
;WIDTH:0.449999
G1 F1500
G1 X108.289 Y118.365 E.43542
G1 X108.082 Y118.326 E.00549
G1 X107.906 Y118.215 E.00542
G1 X107.825 Y117.974 E.00662
G1 X107.825 Y92.392 E.66656
G1 X107.856 Y91.875 E.0135
M73 P95 R1
M73 Q95 S1
G1 X107.981 Y91.712 E.00535
G1 X108.217 Y91.635 E.00647
G1 X141.782 Y91.635 E.87456
G1 X142.002 Y91.708 E.00604
G1 X142.142 Y91.868 E.00554
G1 X142.175 Y92.076 E.00549
G1 X142.175 Y117.901 E.67289
G1 X142.136 Y118.108 E.00549
G1 X142.026 Y118.284 E.00541
G1 X141.785 Y118.365 E.00662
G1 X125.06 Y118.365 E.43578
M204 S1000
;LAYER_CHANGE
;Z:6.35
;HEIGHT:0.15
;BEFORE_LAYER_CHANGE
G92 E0.0
;6.35


;WIPE_START
G1 F8640
G1 X125 Y118.365 E-.01385
G1 X121.595 Y118.365 E-.78615
;WIPE_END
G1 Z6.35 F720
;AFTER_LAYER_CHANGE
;6.35
G1 Z6.75
G1 X125 Y117.682 F10800
G1 Z6.35 F720
G1 E.8 F2100
M204 S800
;TYPE:Perimeter
;WIDTH:0.348286
G1 F2700
G1 X109.699 Y117.682 E.30162
;WIDTH:0.37376
G1 X109.486 Y117.653 E.00458
;WIDTH:0.399234
G1 X109.274 Y117.624 E.0049
;WIDTH:0.443306
G1 X109.157 Y117.577 E.00323
;WIDTH:0.487378
G1 X109.04 Y117.529 E.00359
;WIDTH:0.53145
G1 X108.923 Y117.481 E.00394
;WIDTH:0.575521
G1 X108.806 Y117.434 E.00427
G1 X108.742 Y117.331 E.00411
;WIDTH:0.537472
G1 X108.677 Y117.228 E.00384
;WIDTH:0.499423
G1 X108.635 Y117.069 E.00479
;WIDTH:0.461639
G1 X108.592 Y116.91 E.00441
;WIDTH:0.423855
G1 X108.55 Y116.75 E.00404
;WIDTH:0.386071
G1 X108.508 Y116.591 E.00363
;WIDTH:0.348287
G1 X108.508 Y93.508 E.45503
;WIDTH:0.394775
G1 X108.561 Y93.218 E.00667
;WIDTH:0.441262
G1 X108.613 Y92.928 E.00752
;WIDTH:0.487433
G1 X108.667 Y92.814 E.00358
;WIDTH:0.533604
G1 X108.721 Y92.7 E.00394
;WIDTH:0.579774
G1 X108.775 Y92.585 E.00434
G1 X108.89 Y92.531 E.00434
;WIDTH:0.533604
G1 X109.004 Y92.477 E.00394
;WIDTH:0.487434
G1 X109.118 Y92.423 E.00358
;WIDTH:0.441263
G1 X109.408 Y92.371 E.00752
;WIDTH:0.394772
G1 X109.698 Y92.318 E.00667
;WIDTH:0.348281
G1 X140.301 Y92.318 E.60326
;WIDTH:0.375256
G1 X140.521 Y92.349 E.00475
;WIDTH:0.402328
G1 X140.741 Y92.38 E.00513
;WIDTH:0.447558
G1 X140.858 Y92.429 E.00329
;WIDTH:0.492787
G1 X140.975 Y92.478 E.00364
;WIDTH:0.538016
G1 X141.091 Y92.528 E.00398
;WIDTH:0.583245
G1 X141.208 Y92.577 E.00436
G1 X141.266 Y92.674 E.00388
;WIDTH:0.541356
G1 X141.323 Y92.772 E.0036
;WIDTH:0.499466
G1 X141.365 Y92.931 E.00479
;WIDTH:0.461671
G1 X141.408 Y93.09 E.00441
;WIDTH:0.423876
G1 X141.45 Y93.25 E.00404
;WIDTH:0.386081
G1 X141.492 Y93.409 E.00363
;WIDTH:0.348285
G1 X141.492 Y116.492 E.45502
;WIDTH:0.38707
G1 X141.447 Y116.762 E.00606
;WIDTH:0.425855
G1 X141.402 Y117.033 E.00674
;WIDTH:0.46521
G1 X141.36 Y117.124 E.00271
;WIDTH:0.504566
G1 X141.318 Y117.215 E.00295
;WIDTH:0.543921
G1 X141.276 Y117.306 E.0032
;WIDTH:0.583276
G1 X141.233 Y117.398 E.00349
G1 X141.136 Y117.456 E.00388
;WIDTH:0.541326
G1 X141.038 Y117.513 E.0036
;WIDTH:0.499375
G1 X140.879 Y117.555 E.00479
;WIDTH:0.461603
G1 X140.72 Y117.598 E.00441
;WIDTH:0.423831
G1 X140.56 Y117.64 E.00404
;WIDTH:0.386059
G1 X140.401 Y117.682 E.00363
;WIDTH:0.348286
G1 X125.06 Y117.682 E.30241
M204 S1000
G1 X125 Y117.315 F10800
M204 S800
;TYPE:External perimeter
;WIDTH:0.449999
G1 F1500
G1 X109.699 Y117.315 E.39868
G1 X109.448 Y117.273 E.00663
G1 X109.156 Y117.104 E.00879
G1 X108.965 Y116.853 E.00822
G1 X108.875 Y116.491 E.00972
G1 X108.875 Y93.508 E.59884
G1 X108.957 Y93.158 E.00937
G1 X109.148 Y92.9 E.00836
G1 X109.423 Y92.736 E.00834
G1 X109.698 Y92.685 E.00729
G1 X140.301 Y92.685 E.79738
G1 X140.565 Y92.732 E.00699
G1 X140.844 Y92.896 E.00843
G1 X141.035 Y93.147 E.00822
G1 X141.125 Y93.509 E.00972
G1 X141.125 Y116.492 E.59884
G1 X141.051 Y116.83 E.00902
G1 X140.914 Y117.034 E.0064
G1 X140.663 Y117.225 E.00822
G1 X140.301 Y117.315 E.00972
G1 X125.06 Y117.315 E.39712
M204 S1000
G1 X125 Y117.998 F10800
M204 S800
;TYPE:Perimeter
;WIDTH:0.348286
G1 F2700
G1 X109.699 Y117.998 E.30162
;WIDTH:0.37376
G1 X109.446 Y117.985 E.0054
;WIDTH:0.399234
G1 X109.193 Y117.973 E.0058
;WIDTH:0.443306
G1 X109.045 Y117.951 E.00384
;WIDTH:0.487378
G1 X108.897 Y117.929 E.00425
;WIDTH:0.53145
G1 X108.75 Y117.906 E.00463
;WIDTH:0.575521
G1 X108.602 Y117.884 E.00507
;WIDTH:0.583289
G1 X108.309 Y117.881 E.01007
G1 X108.309 Y117.605 E.00949
G1 X108.287 Y117.455 E.00521
;WIDTH:0.538242
G1 X108.264 Y117.304 E.00482
;WIDTH:0.493195
G1 X108.242 Y117.154 E.00436
;WIDTH:0.448148
G1 X108.219 Y117.003 E.00396
;WIDTH:0.403101
G1 X108.206 Y116.747 E.00593
;WIDTH:0.375694
G1 X108.192 Y116.491 E.00549
;WIDTH:0.348287
G1 X108.192 Y93.25 E.45814
;WIDTH:0.38977
G1 X108.213 Y93.081 E.0038
;WIDTH:0.431252
G1 X108.233 Y92.912 E.00424
;WIDTH:0.472734
G1 X108.254 Y92.743 E.00468
;WIDTH:0.514216
G1 X108.275 Y92.574 E.00512
;WIDTH:0.546995
G1 X108.291 Y92.346 E.00734
;WIDTH:0.579774
G1 X108.308 Y92.118 E.00781
G1 X108.581 Y92.118 E.00932
G1 X108.723 Y92.095 E.00491
;WIDTH:0.533604
G1 X108.864 Y92.072 E.00447
;WIDTH:0.487434
G1 X109.005 Y92.048 E.00406
;WIDTH:0.441263
G1 X109.352 Y92.025 E.00887
;WIDTH:0.394772
G1 X109.698 Y92.002 E.00784
;WIDTH:0.348281
G1 X140.301 Y92.002 E.60326
;WIDTH:0.375256
G1 X140.563 Y92.016 E.00561
;WIDTH:0.402328
G1 X140.824 Y92.029 E.00603
;WIDTH:0.445588
G1 X140.968 Y92.051 E.00376
;WIDTH:0.488848
G1 X141.111 Y92.072 E.00412
;WIDTH:0.532108
G1 X141.254 Y92.094 E.00451
;WIDTH:0.575367
G1 X141.398 Y92.116 E.00493
;WIDTH:0.583245
G1 X141.691 Y92.12 E.01007
G1 X141.691 Y92.395 E.00945
G1 X141.713 Y92.546 E.00524
;WIDTH:0.538213
G1 X141.736 Y92.696 E.00479
;WIDTH:0.49318
G1 X141.758 Y92.846 E.00436
;WIDTH:0.448147
G1 X141.781 Y92.997 E.00396
;WIDTH:0.403114
G1 X141.794 Y93.253 E.00593
;WIDTH:0.3757
G1 X141.808 Y93.509 E.00549
;WIDTH:0.348285
G1 X141.808 Y116.764 E.45842
;WIDTH:0.393798
G1 X141.785 Y116.929 E.00376
;WIDTH:0.43931
G1 X141.763 Y117.094 E.00423
;WIDTH:0.484822
G1 X141.74 Y117.259 E.0047
;WIDTH:0.530335
G1 X141.717 Y117.424 E.00518
;WIDTH:0.575847
G1 X141.694 Y117.589 E.00565
;WIDTH:0.583276
G1 X141.691 Y117.881 E.01004
G1 X141.415 Y117.881 E.00949
G1 X141.265 Y117.903 E.00521
;WIDTH:0.538237
G1 X141.114 Y117.926 E.00482
;WIDTH:0.493198
G1 X140.964 Y117.948 E.00436
;WIDTH:0.448159
G1 X140.813 Y117.971 E.00396
;WIDTH:0.40312
G1 X140.557 Y117.984 E.00593
;WIDTH:0.375703
G1 X140.301 Y117.998 E.00549
;WIDTH:0.348286
G1 X125.06 Y117.998 E.30044
M204 S1000
G1 X125 Y118.365 F10800
M204 S800
;TYPE:External perimeter
;WIDTH:0.449999
G1 F1500
G1 X108.287 Y118.365 E.43547
G1 X108.094 Y118.33 E.00511
G1 X107.905 Y118.214 E.00578
G1 X107.825 Y117.974 E.00659
G1 X107.825 Y92.099 E.67419
G1 X107.864 Y91.893 E.00546
G1 X107.975 Y91.715 E.00547
G1 X108.216 Y91.635 E.00662
G1 X141.781 Y91.635 E.87456
G1 X142.002 Y91.708 E.00606
M73 Q96 S1
G1 X142.142 Y91.868 E.00554
G1 X142.175 Y92.076 E.00549
G1 X142.175 Y117.901 E.67289
G1 X142.136 Y118.108 E.00549
M73 P96 R1
G1 X142.026 Y118.284 E.00541
G1 X141.785 Y118.365 E.00662
G1 X125.06 Y118.365 E.43578
M204 S1000
;LAYER_CHANGE
;Z:6.5
;HEIGHT:0.15
;BEFORE_LAYER_CHANGE
G92 E0.0
;6.5


;WIPE_START
G1 F8640
G1 X125 Y118.365 E-.01385
G1 X121.595 Y118.365 E-.78615
;WIPE_END
G1 Z6.5 F720
;AFTER_LAYER_CHANGE
;6.5
G1 Z6.9
G1 X125 Y117.682 F10800
G1 Z6.5 F720
G1 E.8 F2100
M204 S800
;TYPE:Perimeter
;WIDTH:0.348286
G1 F2700
G1 X109.699 Y117.682 E.30162
;WIDTH:0.373762
G1 X109.486 Y117.653 E.00458
;WIDTH:0.399237
G1 X109.274 Y117.624 E.0049
;WIDTH:0.44331
G1 X109.157 Y117.577 E.00323
;WIDTH:0.487382
G1 X109.04 Y117.529 E.00359
;WIDTH:0.531454
G1 X108.923 Y117.481 E.00394
;WIDTH:0.575526
G1 X108.806 Y117.434 E.00427
G1 X108.742 Y117.331 E.00411
;WIDTH:0.537473
G1 X108.677 Y117.228 E.00384
;WIDTH:0.49942
G1 X108.635 Y117.069 E.00479
;WIDTH:0.461637
G1 X108.592 Y116.91 E.00441
;WIDTH:0.423854
G1 X108.55 Y116.75 E.00404
;WIDTH:0.386071
G1 X108.508 Y116.591 E.00363
;WIDTH:0.348287
G1 X108.508 Y93.508 E.45503
;WIDTH:0.394776
G1 X108.561 Y93.218 E.00667
;WIDTH:0.441265
G1 X108.613 Y92.928 E.00752
;WIDTH:0.487435
G1 X108.667 Y92.814 E.00358
;WIDTH:0.533605
G1 X108.721 Y92.7 E.00394
;WIDTH:0.579775
G1 X108.775 Y92.585 E.00434
G1 X108.89 Y92.531 E.00434
;WIDTH:0.533605
G1 X109.004 Y92.477 E.00394
;WIDTH:0.487434
G1 X109.118 Y92.423 E.00358
;WIDTH:0.441263
G1 X109.408 Y92.371 E.00752
;WIDTH:0.394773
G1 X109.698 Y92.318 E.00667
;WIDTH:0.348282
G1 X140.301 Y92.318 E.60326
;WIDTH:0.373681
G1 X140.514 Y92.347 E.00458
;WIDTH:0.399158
G1 X140.726 Y92.376 E.0049
;WIDTH:0.443211
G1 X140.843 Y92.423 E.00323
;WIDTH:0.487264
G1 X140.96 Y92.471 E.00359
;WIDTH:0.531317
G1 X141.077 Y92.519 E.00394
;WIDTH:0.57537
G1 X141.193 Y92.566 E.00424
G1 X141.258 Y92.669 E.00413
;WIDTH:0.537417
G1 X141.323 Y92.772 E.00384
;WIDTH:0.499464
G1 X141.365 Y92.931 E.00479
;WIDTH:0.46167
G1 X141.408 Y93.09 E.00441
;WIDTH:0.423875
G1 X141.45 Y93.25 E.00404
;WIDTH:0.38608
G1 X141.492 Y93.409 E.00363
;WIDTH:0.348285
G1 X141.492 Y116.492 E.45502
;WIDTH:0.387071
G1 X141.447 Y116.762 E.00606
;WIDTH:0.425857
G1 X141.402 Y117.033 E.00674
;WIDTH:0.465212
G1 X141.36 Y117.124 E.00271
;WIDTH:0.504567
G1 X141.318 Y117.215 E.00295
;WIDTH:0.543922
G1 X141.276 Y117.306 E.0032
;WIDTH:0.583277
G1 X141.233 Y117.398 E.00349
G1 X141.136 Y117.456 E.00388
;WIDTH:0.541326
G1 X141.038 Y117.513 E.0036
;WIDTH:0.499375
G1 X140.879 Y117.555 E.00479
;WIDTH:0.461603
G1 X140.72 Y117.598 E.00441
;WIDTH:0.423831
G1 X140.56 Y117.64 E.00404
;WIDTH:0.386059
G1 X140.401 Y117.682 E.00363
;WIDTH:0.348286
G1 X125.06 Y117.682 E.30241
M204 S1000
G1 X125 Y117.315 F10800
M204 S800
;TYPE:External perimeter
;WIDTH:0.449999
G1 F1500
G1 X109.699 Y117.315 E.39868
G1 X109.448 Y117.273 E.00663
G1 X109.156 Y117.104 E.00879
G1 X108.965 Y116.853 E.00822
G1 X108.875 Y116.491 E.00972
G1 X108.875 Y93.508 E.59884
G1 X108.957 Y93.158 E.00937
G1 X109.148 Y92.9 E.00836
G1 X109.423 Y92.736 E.00834
G1 X109.698 Y92.685 E.00729
G1 X140.301 Y92.685 E.79738
G1 X140.552 Y92.727 E.00663
G1 X140.844 Y92.896 E.00879
G1 X141.035 Y93.147 E.00822
G1 X141.125 Y93.509 E.00972
G1 X141.125 Y116.492 E.59884
G1 X141.051 Y116.83 E.00902
G1 X140.914 Y117.034 E.0064
G1 X140.663 Y117.225 E.00822
G1 X140.301 Y117.315 E.00972
G1 X125.06 Y117.315 E.39712
M204 S1000
G1 X125 Y117.998 F10800
M204 S800
;TYPE:Perimeter
;WIDTH:0.348286
G1 F2700
G1 X109.699 Y117.998 E.30162
;WIDTH:0.373762
G1 X109.446 Y117.985 E.0054
;WIDTH:0.399237
G1 X109.193 Y117.973 E.0058
;WIDTH:0.44331
G1 X109.045 Y117.951 E.00384
;WIDTH:0.487382
G1 X108.897 Y117.929 E.00425
;WIDTH:0.531454
G1 X108.75 Y117.906 E.00463
;WIDTH:0.575526
G1 X108.602 Y117.884 E.00507
;WIDTH:0.583289
G1 X108.309 Y117.881 E.01007
G1 X108.309 Y117.605 E.00949
G1 X108.287 Y117.455 E.00521
;WIDTH:0.538243
G1 X108.264 Y117.304 E.00482
;WIDTH:0.493196
G1 X108.242 Y117.154 E.00436
;WIDTH:0.448149
G1 X108.219 Y117.003 E.00396
;WIDTH:0.403102
G1 X108.206 Y116.747 E.00593
;WIDTH:0.375695
G1 X108.192 Y116.491 E.00549
;WIDTH:0.348287
G1 X108.192 Y93.25 E.45814
;WIDTH:0.389771
G1 X108.213 Y93.081 E.0038
;WIDTH:0.431254
G1 X108.233 Y92.912 E.00424
;WIDTH:0.472738
G1 X108.254 Y92.743 E.00468
;WIDTH:0.514221
G1 X108.275 Y92.574 E.00512
;WIDTH:0.546998
G1 X108.291 Y92.346 E.00734
;WIDTH:0.579775
G1 X108.308 Y92.118 E.00781
G1 X108.581 Y92.118 E.00932
G1 X108.723 Y92.095 E.00491
;WIDTH:0.533605
G1 X108.864 Y92.072 E.00447
;WIDTH:0.487434
G1 X109.005 Y92.048 E.00406
;WIDTH:0.441263
G1 X109.352 Y92.025 E.00887
;WIDTH:0.394773
G1 X109.698 Y92.002 E.00784
;WIDTH:0.348282
G1 X140.301 Y92.002 E.60326
;WIDTH:0.373681
G1 X140.554 Y92.015 E.0054
M73 P96 R0
M73 Q96 S0
;WIDTH:0.399158
G1 X140.807 Y92.028 E.0058
;WIDTH:0.443211
G1 X140.955 Y92.05 E.00384
;WIDTH:0.487264
G1 X141.102 Y92.072 E.00422
;WIDTH:0.531317
G1 X141.25 Y92.094 E.00466
;WIDTH:0.57537
G1 X141.398 Y92.116 E.00507
;WIDTH:0.583257
G1 X141.691 Y92.12 E.01007
G1 X141.691 Y92.395 E.00945
G1 X141.713 Y92.546 E.00524
;WIDTH:0.538222
G1 X141.736 Y92.696 E.00479
;WIDTH:0.493186
G1 X141.758 Y92.846 E.00436
;WIDTH:0.448151
G1 X141.781 Y92.997 E.00396
;WIDTH:0.403115
G1 X141.794 Y93.253 E.00593
;WIDTH:0.3757
G1 X141.808 Y93.509 E.00549
;WIDTH:0.348285
G1 X141.808 Y116.764 E.45842
;WIDTH:0.393797
G1 X141.785 Y116.929 E.00376
;WIDTH:0.439308
G1 X141.763 Y117.094 E.00423
;WIDTH:0.484819
G1 X141.74 Y117.259 E.0047
;WIDTH:0.530331
G1 X141.717 Y117.424 E.00518
;WIDTH:0.575842
G1 X141.694 Y117.589 E.00565
;WIDTH:0.583277
G1 X141.691 Y117.881 E.01004
G1 X141.415 Y117.881 E.00949
G1 X141.265 Y117.903 E.00521
;WIDTH:0.538237
G1 X141.114 Y117.926 E.00482
;WIDTH:0.493197
G1 X140.964 Y117.948 E.00436
;WIDTH:0.448157
G1 X140.813 Y117.971 E.00396
;WIDTH:0.403117
G1 X140.557 Y117.984 E.00593
;WIDTH:0.375702
G1 X140.301 Y117.998 E.00549
;WIDTH:0.348286
G1 X125.06 Y117.998 E.30044
M204 S1000
G1 X125 Y118.365 F10800
M204 S800
;TYPE:External perimeter
;WIDTH:0.449999
G1 F1500
G1 X108.287 Y118.365 E.43547
G1 X108.092 Y118.329 E.00517
G1 X107.905 Y118.214 E.00572
G1 X107.825 Y117.974 E.00659
G1 X107.825 Y92.099 E.67419
G1 X107.864 Y91.892 E.00549
G1 X107.975 Y91.716 E.00542
G1 X108.216 Y91.635 E.00662
G1 X141.78 Y91.635 E.87453
G1 X142.002 Y91.708 E.00609
G1 X142.142 Y91.868 E.00554
G1 X142.175 Y92.076 E.00549
G1 X142.175 Y117.901 E.67289
G1 X142.136 Y118.108 E.00549
G1 X142.026 Y118.284 E.00541
G1 X141.785 Y118.365 E.00662
G1 X125.06 Y118.365 E.43578
M204 S1000
;LAYER_CHANGE
;Z:6.65
;HEIGHT:0.15
;BEFORE_LAYER_CHANGE
G92 E0.0
;6.65


;WIPE_START
G1 F8640
G1 X125 Y118.365 E-.01385
G1 X121.595 Y118.365 E-.78615
;WIPE_END
G1 Z6.65 F720
;AFTER_LAYER_CHANGE
;6.65
G1 Z7.05
G1 X125 Y117.682 F10800
G1 Z6.65 F720
M73 Q97 S0
G1 E.8 F2100
M204 S800
;TYPE:Perimeter
;WIDTH:0.348286
G1 F2700
G1 X109.699 Y117.682 E.30162
;WIDTH:0.373761
G1 X109.486 Y117.653 E.00458
M73 P97 R0
;WIDTH:0.399236
G1 X109.274 Y117.624 E.0049
;WIDTH:0.443308
G1 X109.157 Y117.577 E.00323
;WIDTH:0.487379
G1 X109.04 Y117.529 E.00359
;WIDTH:0.53145
G1 X108.923 Y117.481 E.00394
;WIDTH:0.575521
G1 X108.806 Y117.434 E.00427
G1 X108.742 Y117.331 E.00411
;WIDTH:0.537472
G1 X108.677 Y117.228 E.00384
;WIDTH:0.499423
G1 X108.635 Y117.069 E.00479
;WIDTH:0.461639
G1 X108.592 Y116.91 E.00441
;WIDTH:0.423855
G1 X108.55 Y116.75 E.00404
;WIDTH:0.386071
G1 X108.508 Y116.591 E.00363
;WIDTH:0.348287
G1 X108.508 Y93.508 E.45503
;WIDTH:0.394775
G1 X108.561 Y93.218 E.00667
;WIDTH:0.441263
G1 X108.613 Y92.928 E.00752
;WIDTH:0.487434
G1 X108.667 Y92.814 E.00358
;WIDTH:0.533605
G1 X108.721 Y92.7 E.00394
;WIDTH:0.579775
G1 X108.775 Y92.585 E.00434
G1 X108.89 Y92.531 E.00434
;WIDTH:0.533605
G1 X109.004 Y92.477 E.00394
;WIDTH:0.487434
G1 X109.118 Y92.423 E.00358
;WIDTH:0.441263
G1 X109.408 Y92.371 E.00752
;WIDTH:0.394773
G1 X109.698 Y92.318 E.00667
;WIDTH:0.348283
G1 X140.301 Y92.318 E.60326
;WIDTH:0.37463
G1 X140.518 Y92.348 E.00468
;WIDTH:0.401033
G1 X140.735 Y92.378 E.00504
;WIDTH:0.446593
G1 X140.853 Y92.428 E.00331
;WIDTH:0.492152
G1 X140.971 Y92.477 E.00366
;WIDTH:0.537711
G1 X141.09 Y92.527 E.00407
;WIDTH:0.58327
G1 X141.208 Y92.577 E.0044
G1 X141.266 Y92.674 E.00388
;WIDTH:0.541368
G1 X141.323 Y92.772 E.0036
;WIDTH:0.499465
G1 X141.365 Y92.931 E.00479
;WIDTH:0.46167
G1 X141.408 Y93.09 E.00441
;WIDTH:0.423875
G1 X141.45 Y93.25 E.00404
;WIDTH:0.38608
G1 X141.492 Y93.409 E.00363
;WIDTH:0.348285
G1 X141.492 Y116.492 E.45502
;WIDTH:0.387071
G1 X141.447 Y116.762 E.00606
;WIDTH:0.425856
G1 X141.402 Y117.033 E.00674
;WIDTH:0.465212
G1 X141.36 Y117.124 E.00271
;WIDTH:0.504567
G1 X141.318 Y117.215 E.00295
;WIDTH:0.543922
G1 X141.276 Y117.306 E.0032
;WIDTH:0.583277
G1 X141.233 Y117.398 E.00349
G1 X141.136 Y117.456 E.00388
;WIDTH:0.541327
G1 X141.038 Y117.513 E.0036
;WIDTH:0.499377
G1 X140.879 Y117.555 E.00479
;WIDTH:0.461605
G1 X140.72 Y117.598 E.00441
;WIDTH:0.423832
G1 X140.56 Y117.64 E.00404
;WIDTH:0.386059
G1 X140.401 Y117.682 E.00363
;WIDTH:0.348286
G1 X125.06 Y117.682 E.30241
M204 S1000
G1 X125 Y117.315 F10800
M204 S800
;TYPE:External perimeter
;WIDTH:0.449999
G1 F1500
G1 X109.699 Y117.315 E.39868
G1 X109.448 Y117.273 E.00663
G1 X109.156 Y117.104 E.00879
G1 X108.965 Y116.853 E.00822
G1 X108.875 Y116.491 E.00972
G1 X108.875 Y93.508 E.59884
G1 X108.957 Y93.158 E.00937
G1 X109.148 Y92.9 E.00836
G1 X109.423 Y92.736 E.00834
G1 X109.698 Y92.685 E.00729
G1 X140.301 Y92.685 E.79738
G1 X140.56 Y92.73 E.00685
G1 X140.844 Y92.896 E.00857
G1 X141.035 Y93.147 E.00822
G1 X141.125 Y93.509 E.00972
G1 X141.125 Y116.492 E.59884
G1 X141.051 Y116.83 E.00902
G1 X140.914 Y117.034 E.0064
G1 X140.663 Y117.225 E.00822
G1 X140.301 Y117.315 E.00972
G1 X125.06 Y117.315 E.39712
M204 S1000
G1 X125 Y117.998 F10800
M204 S800
;TYPE:Perimeter
;WIDTH:0.348286
G1 F2700
G1 X109.699 Y117.998 E.30162
;WIDTH:0.373761
G1 X109.446 Y117.985 E.0054
;WIDTH:0.399236
G1 X109.193 Y117.973 E.0058
;WIDTH:0.443308
G1 X109.045 Y117.951 E.00384
;WIDTH:0.487379
G1 X108.897 Y117.929 E.00425
;WIDTH:0.53145
G1 X108.75 Y117.906 E.00463
;WIDTH:0.575521
G1 X108.602 Y117.884 E.00507
;WIDTH:0.583289
G1 X108.309 Y117.881 E.01007
G1 X108.309 Y117.605 E.00949
G1 X108.287 Y117.455 E.00521
;WIDTH:0.538242
G1 X108.264 Y117.304 E.00482
;WIDTH:0.493195
G1 X108.242 Y117.154 E.00436
;WIDTH:0.448148
G1 X108.219 Y117.003 E.00396
;WIDTH:0.403101
G1 X108.206 Y116.747 E.00593
;WIDTH:0.375694
G1 X108.192 Y116.491 E.00549
;WIDTH:0.348287
G1 X108.192 Y93.25 E.45814
;WIDTH:0.389771
G1 X108.213 Y93.081 E.0038
;WIDTH:0.431255
G1 X108.233 Y92.912 E.00424
;WIDTH:0.472739
G1 X108.254 Y92.743 E.00468
;WIDTH:0.514223
G1 X108.275 Y92.574 E.00512
;WIDTH:0.546999
G1 X108.291 Y92.346 E.00734
;WIDTH:0.579775
G1 X108.308 Y92.118 E.00781
G1 X108.581 Y92.118 E.00932
G1 X108.723 Y92.095 E.00491
;WIDTH:0.533605
G1 X108.864 Y92.072 E.00447
;WIDTH:0.487434
G1 X109.005 Y92.048 E.00406
;WIDTH:0.441263
G1 X109.352 Y92.025 E.00887
;WIDTH:0.394773
G1 X109.698 Y92.002 E.00784
;WIDTH:0.348283
G1 X140.301 Y92.002 E.60326
;WIDTH:0.37463
G1 X140.559 Y92.015 E.00552
;WIDTH:0.401033
G1 X140.817 Y92.028 E.00594
;WIDTH:0.444627
G1 X140.962 Y92.05 E.00377
;WIDTH:0.488221
G1 X141.107 Y92.072 E.00417
;WIDTH:0.531815
G1 X141.253 Y92.094 E.0046
;WIDTH:0.575409
G1 X141.398 Y92.116 E.00497
;WIDTH:0.58327
G1 X141.691 Y92.12 E.01007
G1 X141.691 Y92.395 E.00945
G1 X141.713 Y92.546 E.00524
;WIDTH:0.538231
G1 X141.736 Y92.696 E.00479
;WIDTH:0.493192
G1 X141.758 Y92.846 E.00436
;WIDTH:0.448153
G1 X141.781 Y92.997 E.00396
;WIDTH:0.403114
G1 X141.794 Y93.253 E.00593
;WIDTH:0.3757
G1 X141.808 Y93.509 E.00549
;WIDTH:0.348285
G1 X141.808 Y116.764 E.45842
;WIDTH:0.393797
G1 X141.785 Y116.929 E.00376
;WIDTH:0.439308
G1 X141.763 Y117.094 E.00423
;WIDTH:0.48482
G1 X141.74 Y117.259 E.0047
;WIDTH:0.530332
G1 X141.717 Y117.424 E.00518
;WIDTH:0.575843
G1 X141.694 Y117.589 E.00565
;WIDTH:0.583277
G1 X141.691 Y117.881 E.01004
G1 X141.415 Y117.881 E.00949
G1 X141.265 Y117.903 E.00521
;WIDTH:0.538238
G1 X141.114 Y117.926 E.00482
;WIDTH:0.493199
G1 X140.964 Y117.948 E.00436
;WIDTH:0.44816
G1 X140.813 Y117.971 E.00396
;WIDTH:0.40312
G1 X140.557 Y117.984 E.00593
;WIDTH:0.375703
G1 X140.301 Y117.998 E.00549
;WIDTH:0.348286
G1 X125.06 Y117.998 E.30044
M204 S1000
G1 X125 Y118.365 F10800
M204 S800
;TYPE:External perimeter
;WIDTH:0.449999
G1 F1500
G1 X108.289 Y118.365 E.43542
G1 X108.082 Y118.326 E.00549
G1 X107.906 Y118.215 E.00542
G1 X107.825 Y117.975 E.0066
G1 X107.825 Y92.099 E.67422
G1 X107.864 Y91.892 E.00549
G1 X107.975 Y91.716 E.00542
G1 X108.216 Y91.635 E.00662
G1 X141.78 Y91.635 E.87453
G1 X142.002 Y91.708 E.00609
G1 X142.142 Y91.868 E.00554
G1 X142.175 Y92.076 E.00549
G1 X142.175 Y117.901 E.67289
G1 X142.136 Y118.108 E.00549
G1 X142.026 Y118.284 E.00541
G1 X141.785 Y118.365 E.00662
G1 X125.06 Y118.365 E.43578
M204 S1000
;LAYER_CHANGE
;Z:6.8
;HEIGHT:0.15
;BEFORE_LAYER_CHANGE
G92 E0.0
;6.8


;WIPE_START
G1 F8640
G1 X125 Y118.365 E-.01385
G1 X121.595 Y118.365 E-.78615
;WIPE_END
G1 Z6.8 F720
;AFTER_LAYER_CHANGE
;6.8
G1 Z7.2
G1 X125 Y117.682 F10800
G1 Z6.8 F720
G1 E.8 F2100
M204 S800
;TYPE:Perimeter
;WIDTH:0.348286
G1 F2700
G1 X109.699 Y117.682 E.30162
;WIDTH:0.373758
G1 X109.486 Y117.653 E.00458
;WIDTH:0.399229
G1 X109.274 Y117.624 E.0049
;WIDTH:0.443302
G1 X109.157 Y117.577 E.00323
;WIDTH:0.487374
G1 X109.04 Y117.529 E.00359
;WIDTH:0.531447
G1 X108.923 Y117.481 E.00394
;WIDTH:0.575519
G1 X108.806 Y117.434 E.00427
G1 X108.742 Y117.331 E.00411
;WIDTH:0.537472
G1 X108.677 Y117.228 E.00384
;WIDTH:0.499425
G1 X108.635 Y117.069 E.00479
;WIDTH:0.461641
G1 X108.592 Y116.91 E.00441
;WIDTH:0.423856
G1 X108.55 Y116.75 E.00404
;WIDTH:0.386072
G1 X108.508 Y116.591 E.00363
;WIDTH:0.348287
G1 X108.508 Y93.508 E.45503
;WIDTH:0.394775
G1 X108.561 Y93.218 E.00667
;WIDTH:0.441262
G1 X108.613 Y92.928 E.00752
;WIDTH:0.487434
G1 X108.667 Y92.814 E.00358
;WIDTH:0.533605
G1 X108.721 Y92.7 E.00394
;WIDTH:0.579776
G1 X108.775 Y92.585 E.00434
G1 X108.89 Y92.531 E.00434
;WIDTH:0.533603
G1 X109.004 Y92.477 E.00394
;WIDTH:0.48743
G1 X109.118 Y92.423 E.00358
;WIDTH:0.441257
G1 X109.408 Y92.371 E.00752
;WIDTH:0.394771
G1 X109.698 Y92.318 E.00667
;WIDTH:0.348284
G1 X140.301 Y92.318 E.60326
;WIDTH:0.374321
G1 X140.516 Y92.348 E.00463
;WIDTH:0.400395
G1 X140.732 Y92.377 E.005
;WIDTH:0.446117
G1 X140.851 Y92.427 E.00333
;WIDTH:0.491838
G1 X140.97 Y92.477 E.0037
;WIDTH:0.53756
G1 X141.089 Y92.527 E.00407
;WIDTH:0.583281
G1 X141.208 Y92.577 E.00444
G1 X141.266 Y92.674 E.00388
;WIDTH:0.541372
G1 X141.323 Y92.772 E.0036
;WIDTH:0.499463
G1 X141.365 Y92.931 E.00479
;WIDTH:0.461669
G1 X141.408 Y93.09 E.00441
;WIDTH:0.423874
G1 X141.45 Y93.25 E.00404
;WIDTH:0.38608
G1 X141.492 Y93.409 E.00363
;WIDTH:0.348285
G1 X141.492 Y116.492 E.45502
;WIDTH:0.387073
G1 X141.447 Y116.762 E.00606
M73 P98 R0
M73 Q98 S0
;WIDTH:0.425861
G1 X141.402 Y117.033 E.00674
;WIDTH:0.465215
G1 X141.36 Y117.124 E.00271
;WIDTH:0.504569
G1 X141.318 Y117.215 E.00295
;WIDTH:0.543923
G1 X141.276 Y117.307 E.00323
;WIDTH:0.583277
G1 X141.233 Y117.398 E.00346
G1 X141.136 Y117.456 E.00388
;WIDTH:0.541325
G1 X141.038 Y117.513 E.0036
;WIDTH:0.499372
G1 X140.879 Y117.555 E.00479
;WIDTH:0.461601
G1 X140.72 Y117.598 E.00441
;WIDTH:0.423829
G1 X140.56 Y117.64 E.00404
;WIDTH:0.386058
G1 X140.401 Y117.682 E.00363
;WIDTH:0.348286
G1 X125.06 Y117.682 E.30241
M204 S1000
G1 X125 Y117.315 F10800
M204 S800
;TYPE:External perimeter
;WIDTH:0.449999
G1 F1500
G1 X109.699 Y117.315 E.39868
G1 X109.448 Y117.273 E.00663
G1 X109.156 Y117.104 E.00879
G1 X108.965 Y116.853 E.00822
G1 X108.875 Y116.491 E.00972
G1 X108.875 Y93.508 E.59884
G1 X108.957 Y93.158 E.00937
G1 X109.148 Y92.9 E.00836
G1 X109.423 Y92.736 E.00834
G1 X109.698 Y92.685 E.00729
G1 X140.301 Y92.685 E.79738
G1 X140.557 Y92.729 E.00677
G1 X140.844 Y92.896 E.00865
G1 X141.035 Y93.147 E.00822
G1 X141.125 Y93.509 E.00972
G1 X141.125 Y116.492 E.59884
G1 X141.051 Y116.83 E.00902
G1 X140.914 Y117.034 E.0064
G1 X140.663 Y117.225 E.00822
G1 X140.301 Y117.315 E.00972
G1 X125.06 Y117.315 E.39712
M204 S1000
G1 X125 Y117.998 F10800
M204 S800
;TYPE:Perimeter
;WIDTH:0.348286
G1 F2700
G1 X109.699 Y117.998 E.30162
;WIDTH:0.373758
G1 X109.446 Y117.985 E.0054
;WIDTH:0.399229
G1 X109.193 Y117.973 E.0058
;WIDTH:0.443302
G1 X109.045 Y117.951 E.00384
;WIDTH:0.487374
G1 X108.897 Y117.929 E.00425
;WIDTH:0.531447
G1 X108.75 Y117.906 E.00463
;WIDTH:0.575519
G1 X108.602 Y117.884 E.00507
;WIDTH:0.583287
G1 X108.309 Y117.881 E.01007
G1 X108.309 Y117.605 E.00949
G1 X108.287 Y117.455 E.00521
;WIDTH:0.538242
G1 X108.264 Y117.304 E.00482
;WIDTH:0.493196
G1 X108.242 Y117.154 E.00436
;WIDTH:0.448151
G1 X108.219 Y117.003 E.00396
;WIDTH:0.403105
G1 X108.206 Y116.747 E.00593
;WIDTH:0.375696
G1 X108.192 Y116.491 E.00549
;WIDTH:0.348287
G1 X108.192 Y93.25 E.45814
;WIDTH:0.389771
G1 X108.213 Y93.081 E.0038
;WIDTH:0.431255
G1 X108.233 Y92.912 E.00424
;WIDTH:0.472739
G1 X108.254 Y92.743 E.00468
;WIDTH:0.514223
G1 X108.275 Y92.574 E.00512
;WIDTH:0.547
G1 X108.291 Y92.346 E.00734
;WIDTH:0.579776
G1 X108.308 Y92.118 E.00781
G1 X108.581 Y92.118 E.00932
G1 X108.723 Y92.095 E.00491
;WIDTH:0.533603
G1 X108.864 Y92.072 E.00447
;WIDTH:0.48743
G1 X109.005 Y92.048 E.00406
;WIDTH:0.441257
G1 X109.352 Y92.025 E.00887
;WIDTH:0.394771
G1 X109.698 Y92.002 E.00784
;WIDTH:0.348284
G1 X140.301 Y92.002 E.60326
;WIDTH:0.374321
G1 X140.557 Y92.015 E.00547
;WIDTH:0.400395
G1 X140.814 Y92.028 E.00591
;WIDTH:0.444155
G1 X140.96 Y92.05 E.00379
;WIDTH:0.487914
G1 X141.106 Y92.072 E.0042
;WIDTH:0.531673
G1 X141.252 Y92.094 E.0046
;WIDTH:0.575432
G1 X141.398 Y92.116 E.005
;WIDTH:0.583281
G1 X141.691 Y92.12 E.01007
G1 X141.691 Y92.395 E.00945
G1 X141.713 Y92.545 E.00521
;WIDTH:0.53824
G1 X141.736 Y92.696 E.00482
;WIDTH:0.493198
G1 X141.758 Y92.846 E.00436
;WIDTH:0.448156
G1 X141.781 Y92.997 E.00396
;WIDTH:0.403114
G1 X141.794 Y93.253 E.00593
;WIDTH:0.3757
G1 X141.808 Y93.509 E.00549
;WIDTH:0.348285
G1 X141.808 Y116.764 E.45842
;WIDTH:0.393797
G1 X141.785 Y116.929 E.00376
;WIDTH:0.439309
G1 X141.763 Y117.094 E.00423
;WIDTH:0.484821
G1 X141.74 Y117.259 E.0047
;WIDTH:0.530333
G1 X141.717 Y117.424 E.00518
;WIDTH:0.575845
G1 X141.694 Y117.589 E.00565
;WIDTH:0.583277
G1 X141.691 Y117.881 E.01004
G1 X141.415 Y117.881 E.00949
G1 X141.265 Y117.903 E.00521
;WIDTH:0.538237
G1 X141.114 Y117.926 E.00482
;WIDTH:0.493197
G1 X140.964 Y117.948 E.00436
;WIDTH:0.448157
G1 X140.813 Y117.971 E.00396
;WIDTH:0.403116
G1 X140.557 Y117.984 E.00593
;WIDTH:0.375701
G1 X140.301 Y117.998 E.00549
;WIDTH:0.348286
G1 X125.06 Y117.998 E.30044
M204 S1000
G1 X125 Y118.365 F10800
M204 S800
;TYPE:External perimeter
;WIDTH:0.449999
G1 F1500
G1 X108.288 Y118.365 E.43544
G1 X108.086 Y118.328 E.00535
G1 X107.906 Y118.215 E.00554
G1 X107.825 Y117.975 E.0066
G1 X107.825 Y92.099 E.67422
G1 X107.864 Y91.892 E.00549
G1 X107.975 Y91.716 E.00542
G1 X108.215 Y91.635 E.0066
G1 X141.779 Y91.635 E.87453
G1 X142.002 Y91.708 E.00611
G1 X142.142 Y91.868 E.00554
G1 X142.175 Y92.076 E.00549
G1 X142.175 Y117.901 E.67289
G1 X142.136 Y118.108 E.00549
G1 X142.026 Y118.284 E.00541
G1 X141.785 Y118.365 E.00662
G1 X125.06 Y118.365 E.43578
M204 S1000
;LAYER_CHANGE
;Z:6.95
;HEIGHT:0.15
;BEFORE_LAYER_CHANGE
G92 E0.0
;6.95


;WIPE_START
G1 F8640
G1 X125 Y118.365 E-.01385
G1 X121.595 Y118.365 E-.78615
;WIPE_END
G1 Z6.95 F720
;AFTER_LAYER_CHANGE
;6.95
G1 Z7.35
G1 X125 Y117.682 F10800
G1 Z6.95 F720
G1 E.8 F2100
M204 S800
;TYPE:Perimeter
;WIDTH:0.348286
G1 F2700
G1 X109.699 Y117.682 E.30162
;WIDTH:0.37376
G1 X109.486 Y117.653 E.00458
;WIDTH:0.399233
G1 X109.274 Y117.624 E.0049
;WIDTH:0.443304
G1 X109.157 Y117.577 E.00323
;WIDTH:0.487375
G1 X109.04 Y117.529 E.00359
;WIDTH:0.531446
G1 X108.923 Y117.481 E.00394
;WIDTH:0.575517
G1 X108.806 Y117.434 E.00427
G1 X108.742 Y117.331 E.00411
;WIDTH:0.537474
G1 X108.677 Y117.228 E.00384
;WIDTH:0.49943
G1 X108.635 Y117.065 E.0049
;WIDTH:0.461645
G1 X108.592 Y116.901 E.00454
;WIDTH:0.423859
G1 X108.55 Y116.738 E.00411
;WIDTH:0.386073
G1 X108.508 Y116.574 E.00374
;WIDTH:0.348287
G1 X108.508 Y93.508 E.45469
;WIDTH:0.394775
G1 X108.561 Y93.218 E.00667
;WIDTH:0.441263
G1 X108.613 Y92.928 E.00752
;WIDTH:0.487434
G1 X108.667 Y92.814 E.00358
;WIDTH:0.533605
G1 X108.721 Y92.7 E.00394
;WIDTH:0.579776
G1 X108.775 Y92.585 E.00434
G1 X108.89 Y92.531 E.00434
;WIDTH:0.533605
G1 X109.004 Y92.477 E.00394
;WIDTH:0.487433
G1 X109.118 Y92.423 E.00358
;WIDTH:0.441261
G1 X109.408 Y92.371 E.00752
;WIDTH:0.394773
G1 X109.698 Y92.318 E.00667
;WIDTH:0.348285
G1 X140.301 Y92.318 E.60326
;WIDTH:0.373748
G1 X140.514 Y92.347 E.00458
;WIDTH:0.399227
G1 X140.726 Y92.376 E.0049
;WIDTH:0.443282
G1 X140.843 Y92.423 E.00323
;WIDTH:0.487337
G1 X140.96 Y92.471 E.00359
;WIDTH:0.531392
G1 X141.077 Y92.519 E.00394
;WIDTH:0.575447
G1 X141.193 Y92.566 E.00424
G1 X141.258 Y92.669 E.00413
;WIDTH:0.537458
G1 X141.323 Y92.772 E.00384
;WIDTH:0.499468
G1 X141.365 Y92.931 E.00479
;WIDTH:0.461673
G1 X141.408 Y93.09 E.00441
;WIDTH:0.423877
G1 X141.45 Y93.25 E.00404
;WIDTH:0.386081
G1 X141.492 Y93.409 E.00363
;WIDTH:0.348285
G1 X141.492 Y116.492 E.45502
;WIDTH:0.387073
G1 X141.447 Y116.762 E.00606
;WIDTH:0.42586
G1 X141.402 Y117.033 E.00674
;WIDTH:0.465214
G1 X141.36 Y117.124 E.00271
;WIDTH:0.504568
G1 X141.318 Y117.215 E.00295
;WIDTH:0.543922
G1 X141.276 Y117.306 E.0032
;WIDTH:0.583276
G1 X141.233 Y117.398 E.00349
G1 X141.136 Y117.456 E.00388
;WIDTH:0.541323
G1 X141.038 Y117.513 E.0036
;WIDTH:0.49937
G1 X140.879 Y117.555 E.00479
;WIDTH:0.461599
G1 X140.72 Y117.598 E.00441
;WIDTH:0.423828
G1 X140.56 Y117.64 E.00404
;WIDTH:0.386057
G1 X140.401 Y117.682 E.00363
;WIDTH:0.348286
G1 X125.06 Y117.682 E.30241
M204 S1000
G1 X125 Y117.315 F10800
M204 S800
;TYPE:External perimeter
;WIDTH:0.449999
G1 F1500
G1 X109.699 Y117.315 E.39868
G1 X109.448 Y117.273 E.00663
G1 X109.156 Y117.104 E.00879
G1 X108.965 Y116.853 E.00822
G1 X108.875 Y116.519 E.00901
G1 X108.875 Y93.508 E.59957
G1 X108.957 Y93.158 E.00937
M73 P99 R0
M73 Q99 S0
G1 X109.148 Y92.9 E.00836
G1 X109.423 Y92.736 E.00834
G1 X109.698 Y92.685 E.00729
G1 X140.301 Y92.685 E.79738
G1 X140.552 Y92.727 E.00663
G1 X140.844 Y92.896 E.00879
G1 X141.035 Y93.147 E.00822
G1 X141.125 Y93.509 E.00972
G1 X141.125 Y116.492 E.59884
G1 X141.051 Y116.83 E.00902
G1 X140.914 Y117.034 E.0064
G1 X140.663 Y117.225 E.00822
G1 X140.301 Y117.315 E.00972
G1 X125.06 Y117.315 E.39712
M204 S1000
G1 X125 Y117.998 F10800
M204 S800
;TYPE:Perimeter
;WIDTH:0.348286
G1 F2700
G1 X109.699 Y117.998 E.30162
;WIDTH:0.37376
G1 X109.446 Y117.985 E.0054
;WIDTH:0.399233
G1 X109.193 Y117.973 E.0058
;WIDTH:0.443304
G1 X109.045 Y117.951 E.00384
;WIDTH:0.487375
G1 X108.897 Y117.929 E.00425
;WIDTH:0.531446
G1 X108.75 Y117.906 E.00463
;WIDTH:0.575517
G1 X108.602 Y117.884 E.00507
;WIDTH:0.583289
G1 X108.309 Y117.881 E.01007
G1 X108.309 Y117.605 E.00949
G1 X108.287 Y117.455 E.00521
;WIDTH:0.538243
G1 X108.264 Y117.304 E.00482
;WIDTH:0.493197
G1 X108.242 Y117.154 E.00436
;WIDTH:0.448151
G1 X108.219 Y117.003 E.00396
;WIDTH:0.403104
G1 X108.206 Y116.747 E.00593
;WIDTH:0.375696
G1 X108.192 Y116.491 E.00549
;WIDTH:0.348287
G1 X108.192 Y93.25 E.45814
;WIDTH:0.38977
G1 X108.213 Y93.081 E.0038
;WIDTH:0.431253
G1 X108.233 Y92.912 E.00424
;WIDTH:0.472736
G1 X108.254 Y92.743 E.00468
;WIDTH:0.514218
G1 X108.275 Y92.574 E.00512
;WIDTH:0.546997
G1 X108.291 Y92.346 E.00734
;WIDTH:0.579776
G1 X108.308 Y92.118 E.00781
G1 X108.581 Y92.118 E.00932
G1 X108.723 Y92.095 E.00491
;WIDTH:0.533605
G1 X108.864 Y92.072 E.00447
;WIDTH:0.487433
G1 X109.005 Y92.048 E.00406
;WIDTH:0.441261
G1 X109.352 Y92.025 E.00887
;WIDTH:0.394773
G1 X109.698 Y92.002 E.00784
;WIDTH:0.348285
G1 X140.301 Y92.002 E.60326
;WIDTH:0.373748
G1 X140.554 Y92.015 E.0054
;WIDTH:0.399227
G1 X140.807 Y92.027 E.0058
;WIDTH:0.443282
G1 X140.955 Y92.049 E.00384
;WIDTH:0.487337
G1 X141.102 Y92.072 E.00422
;WIDTH:0.531392
G1 X141.25 Y92.094 E.00466
;WIDTH:0.575447
G1 X141.398 Y92.116 E.00507
;WIDTH:0.583294
G1 X141.691 Y92.12 E.01007
G1 X141.691 Y92.395 E.00945
G1 X141.713 Y92.545 E.00521
;WIDTH:0.538249
G1 X141.736 Y92.696 E.00482
;WIDTH:0.493204
G1 X141.758 Y92.846 E.00436
;WIDTH:0.448159
G1 X141.781 Y92.997 E.00396
;WIDTH:0.403114
G1 X141.794 Y93.253 E.00593
;WIDTH:0.3757
G1 X141.808 Y93.509 E.00549
;WIDTH:0.348285
G1 X141.808 Y116.764 E.45842
;WIDTH:0.393798
G1 X141.785 Y116.929 E.00376
;WIDTH:0.439311
G1 X141.763 Y117.094 E.00423
;WIDTH:0.484824
G1 X141.74 Y117.259 E.0047
;WIDTH:0.530337
G1 X141.717 Y117.424 E.00518
;WIDTH:0.57585
G1 X141.694 Y117.589 E.00565
;WIDTH:0.583276
G1 X141.691 Y117.881 E.01004
G1 X141.415 Y117.881 E.00949
G1 X141.265 Y117.903 E.00521
;WIDTH:0.538236
G1 X141.114 Y117.926 E.00482
;WIDTH:0.493196
G1 X140.964 Y117.948 E.00436
;WIDTH:0.448156
G1 X140.813 Y117.971 E.00396
;WIDTH:0.403116
G1 X140.557 Y117.984 E.00593
;WIDTH:0.375701
G1 X140.301 Y117.998 E.00549
;WIDTH:0.348286
G1 X125.06 Y117.998 E.30044
M204 S1000
G1 X125 Y118.365 F10800
M204 S800
;TYPE:External perimeter
;WIDTH:0.449999
G1 F1500
G1 X108.289 Y118.365 E.43542
G1 X108.084 Y118.327 E.00543
G1 X107.906 Y118.215 E.00548
G1 X107.825 Y117.975 E.0066
G1 X107.825 Y92.392 E.66658
G1 X107.856 Y91.875 E.0135
G1 X107.98 Y91.713 E.00532
G1 X108.215 Y91.635 E.00645
G1 X141.778 Y91.635 E.87451
G1 X142.002 Y91.708 E.00614
G1 X142.142 Y91.868 E.00554
G1 X142.175 Y92.076 E.00549
G1 X142.175 Y117.901 E.67289
G1 X142.136 Y118.108 E.00549
G1 X142.026 Y118.284 E.00541
G1 X141.785 Y118.365 E.00662
G1 X125.06 Y118.365 E.43578
M204 S1000
; stop printing object enclosure3/stl/lid-print.stl id:0 copy 0
;WIPE_START
G1 F8640;_WIPE
G1 X125 Y118.365 E-.01385
G1 X121.595 Y118.365 E-.78615
;WIPE_END
M107
;TYPE:Custom
; Filament-specific end gcode
G1 Z7.95 F720 ; Move print head up
G1 X0 Y200 F3600 ; park
G1 Z55.95 F720 ; Move print head further up
G4 ; wait
M221 S100 ; reset flow
M900 K0 ; reset LA
M907 E538 ; reset extruder motor current
M104 S0 ; turn off temperature
M140 S0 ; turn off heatbed
M107 ; turn off fan
M84 ; disable motors
; max_layer_z = 6.95
M73 P100 R0
M73 Q100 S0
; objects_info = {"objects":[{"name":"enclosure3/stl/lid-print.stl id:0 copy 0","polygon":[[142.961,89.127],[143.700,89.378],[144.287,89.892],[144.632,90.592],[144.700,91.110],[144.700,118.890],[144.548,119.655],[144.287,120.107],[143.918,120.477],[143.465,120.738],[142.700,120.890],[107.300,120.890],[106.782,120.822],[106.300,120.622],[105.713,120.107],[105.452,119.655],[105.300,118.890],[105.300,91.110],[105.452,90.345],[105.713,89.892],[106.082,89.523],[106.782,89.178],[107.300,89.110]]}]}
; filament used [mm] = 1384.24
; filament used [cm3] = 3.33
; filament used [g] = 4.13
; filament cost = 0.10
; total filament used [g] = 4.13
; total filament cost = 0.10
; total filament used for wipe tower [g] = 0.00
; estimated printing time (normal mode) = 29m 13s
; estimated printing time (silent mode) = 29m 18s
; estimated first layer printing time (normal mode) = 4m 44s
; estimated first layer printing time (silent mode) = 4m 44s

; prusaslicer_config = begin
; arc_fitting = disabled
; autoemit_temperature_commands = 1
; automatic_extrusion_widths = 0
; automatic_infill_combination = 0
; automatic_infill_combination_max_layer_height = 100%
; avoid_crossing_curled_overhangs = 0
; avoid_crossing_perimeters = 0
; avoid_crossing_perimeters_max_detour = 0
; bed_custom_model = 
; bed_custom_texture = 
; bed_shape = 0x0,250x0,250x210,0x210
; bed_temperature = 60
; bed_temperature_extruder = 0
; before_layer_gcode = ;BEFORE_LAYER_CHANGE\nG92 E0.0\n;[layer_z]\n\n
; between_objects_gcode = 
; binary_gcode = 0
; bottom_fill_pattern = monotonic
; bottom_solid_layers = 4
; bottom_solid_min_thickness = 0.5
; bridge_acceleration = 1000
; bridge_angle = 0
; bridge_fan_speed = 100
; bridge_flow_ratio = 1
; bridge_speed = 25
; brim_separation = 0.1
; brim_type = outer_only
; brim_width = 5
; chamber_minimal_temperature = 0
; chamber_temperature = 0
; color_change_gcode = M600\nG1 E0.3 F1500 ; prime after color change
; colorprint_heights = 
; compatible_printers_condition_cummulative = "printer_notes=~/.*PRINTER_VENDOR_PRUSA3D.*/ and printer_notes=~/.*PRINTER_MODEL_MK3.*/ and nozzle_diameter[0]==0.4 and printer_model!=\"MK3.5MMU3\"";"nozzle_diameter[0]!=0.8 and printer_notes!~/.*PG.*/ and printer_notes!~/.*MINIIS.*/ and printer_model!=\"MK3.5\" and ! (printer_notes=~/.*PRINTER_VENDOR_PRUSA3D.*/ and printer_notes=~/.*PRINTER_MODEL_MK(2.5|3).*/ and single_extruder_multi_material)"
; complete_objects = 0
; cooling = 1
; cooling_perimeter_transition_distance = 0
; cooling_slowdown_logic = uniform_cooling
; cooling_tube_length = 5
; cooling_tube_retraction = 91.5
; custom_parameters_filament = ""
; custom_parameters_print = 
; custom_parameters_printer = 
; default_acceleration = 1000
; default_filament_profile = "Prusament PLA"
; default_print_profile = 0.15mm QUALITY @MK3
; deretract_speed = 0
; disable_fan_first_layers = 3
; dont_support_bridges = 0
; draft_shield = disabled
; duplicate_distance = 6
; elefant_foot_compensation = 0.2
; enable_dynamic_fan_speeds = 0
; enable_dynamic_overhang_speeds = 1
; end_filament_gcode = "; Filament-specific end gcode"
; end_gcode = {if layer_z < max_print_height}G1 Z{z_offset+min(max_layer_z+1, max_print_height)} F720 ; Move print head up{endif}\nG1 X0 Y200 F3600 ; park\n{if layer_z < max_print_height}G1 Z{z_offset+min(max_layer_z+49, max_print_height)} F720 ; Move print head further up{endif}\nG4 ; wait\nM221 S100 ; reset flow\nM900 K0 ; reset LA\n{if print_settings_id=~/.*(DETAIL @MK3|QUALITY @MK3|@0.25 nozzle MK3).*/}M907 E538 ; reset extruder motor current{endif}\nM104 S0 ; turn off temperature\nM140 S0 ; turn off heatbed\nM107 ; turn off fan\nM84 ; disable motors\n; max_layer_z = [max_layer_z]
; ensure_vertical_shell_thickness = enabled
; external_perimeter_acceleration = 0
; external_perimeter_extrusion_width = 0.45
; external_perimeter_speed = 25
; external_perimeters_first = 0
; extra_loading_move = -2
; extra_perimeters = 0
; extra_perimeters_on_overhangs = 0
; extruder_clearance_height = 20
; extruder_clearance_radius = 45
; extruder_colour = ""
; extruder_offset = 0x0
; extrusion_axis = E
; extrusion_multiplier = 1
; extrusion_width = 0.45
; fan_always_on = 1
; fan_below_layer_time = 100
; filament_abrasive = 0
; filament_colour = #FF8000
; filament_cooling_final_speed = 3.4
; filament_cooling_initial_speed = 2.2
; filament_cooling_moves = 4
; filament_cost = 25.4
; filament_density = 1.24
; filament_deretract_speed = nil
; filament_diameter = 1.75
; filament_infill_max_crossing_speed = 0
; filament_infill_max_speed = 0
; filament_load_time = 0
; filament_loading_speed = 28
; filament_loading_speed_start = 3
; filament_max_volumetric_speed = 15
; filament_minimal_purge_on_wipe_tower = 15
; filament_multitool_ramming = 0
; filament_multitool_ramming_flow = 10
; filament_multitool_ramming_volume = 10
; filament_notes = ""
; filament_purge_multiplier = 100%
; filament_ramming_parameters = "120 100 6.6 6.8 7.2 7.6 7.9 8.2 8.7 9.4 9.9 10.0| 0.05 6.6 0.45 6.8 0.95 7.8 1.45 8.3 1.95 9.7 2.45 10 2.95 7.6 3.45 7.6 3.95 7.6 4.45 7.6 4.95 7.6"
; filament_retract_before_travel = nil
; filament_retract_before_wipe = nil
; filament_retract_layer_change = nil
; filament_retract_length = nil
; filament_retract_length_toolchange = nil
; filament_retract_lift = nil
; filament_retract_lift_above = nil
; filament_retract_lift_below = nil
; filament_retract_restart_extra = nil
; filament_retract_restart_extra_toolchange = nil
; filament_retract_speed = nil
; filament_seam_gap_distance = nil
; filament_settings_id = "Generic PLA"
; filament_shrinkage_compensation_xy = 0%
; filament_shrinkage_compensation_z = 0%
; filament_soluble = 0
; filament_spool_weight = 0
; filament_stamping_distance = 0
; filament_stamping_loading_speed = 20
; filament_toolchange_delay = 0
; filament_travel_lift_before_obstacle = nil
; filament_travel_max_lift = nil
; filament_travel_ramping_lift = nil
; filament_travel_slope = nil
; filament_type = PLA
; filament_unload_time = 0
; filament_unloading_speed = 90
; filament_unloading_speed_start = 100
; filament_vendor = Generic
; filament_wipe = nil
; fill_angle = 45
; fill_density = 15%
; fill_pattern = gyroid
; first_layer_acceleration = 800
; first_layer_acceleration_over_raft = 0
; first_layer_bed_temperature = 60
; first_layer_extrusion_width = 0.42
; first_layer_height = 0.2
; first_layer_infill_speed = 0
; first_layer_speed = 20
; first_layer_speed_over_raft = 30
; first_layer_temperature = 215
; full_fan_speed_layer = 4
; fuzzy_skin = none
; fuzzy_skin_point_dist = 0.8
; fuzzy_skin_thickness = 0.3
; gap_fill_enabled = 1
; gap_fill_speed = 40
; gcode_comments = 0
; gcode_flavor = marlin
; gcode_label_objects = octoprint
; gcode_resolution = 0.0125
; gcode_substitutions = 
; high_current_on_filament_swap = 0
; host_type = prusalink
; idle_temperature = nil
; infill_acceleration = 1000
; infill_anchor = 2.5
; infill_anchor_max = 12
; infill_every_layers = 1
; infill_extruder = 1
; infill_extrusion_width = 0.45
; infill_first = 0
; infill_overlap = 15%
; infill_speed = 80
; interface_shells = 0
; interlocking_beam = 0
; interlocking_beam_layer_count = 2
; interlocking_beam_width = 0.8
; interlocking_boundary_avoidance = 2
; interlocking_depth = 2
; interlocking_orientation = 22.5
; ironing = 0
; ironing_flowrate = 15%
; ironing_spacing = 0.1
; ironing_speed = 15
; ironing_type = top
; layer_gcode = ;AFTER_LAYER_CHANGE\n;[layer_z]
; layer_height = 0.15
; machine_limits_usage = emit_to_gcode
; machine_max_acceleration_e = 5000,5000
; machine_max_acceleration_extruding = 1250,1250
; machine_max_acceleration_retracting = 1250,1250
; machine_max_acceleration_travel = 1500,1250
; machine_max_acceleration_x = 1000,960
; machine_max_acceleration_y = 1000,960
; machine_max_acceleration_z = 200,200
; machine_max_feedrate_e = 120,120
; machine_max_feedrate_x = 200,100
; machine_max_feedrate_y = 200,100
; machine_max_feedrate_z = 12,12
; machine_max_jerk_e = 4.5,4.5
; machine_max_jerk_x = 8,8
; machine_max_jerk_y = 8,8
; machine_max_jerk_z = 0.4,0.4
; machine_max_junction_deviation = 0,0
; machine_min_extruding_rate = 0,0
; machine_min_travel_rate = 0,0
; max_fan_speed = 100
; max_layer_height = 0.25
; max_print_height = 210
; max_print_speed = 200
; max_volumetric_extrusion_rate_slope_negative = 0
; max_volumetric_extrusion_rate_slope_positive = 0
; max_volumetric_speed = 0
; min_bead_width = 85%
; min_fan_speed = 100
; min_feature_size = 25%
; min_layer_height = 0.07
; min_print_speed = 15
; min_skirt_length = 4
; mmu_segmented_region_interlocking_depth = 0
; mmu_segmented_region_max_width = 0
; multimaterial_purging = 140
; notes = 
; nozzle_diameter = 0.4
; nozzle_high_flow = 0
; only_one_perimeter_first_layer = 0
; only_retract_when_crossing_perimeters = 0
; ooze_prevention = 0
; output_filename_format = {input_filename_base}_{layer_height}mm_{printing_filament_types}_{printer_model}_{print_time}.gcode
; over_bridge_speed = 0
; overhang_fan_speed_0 = 0
; overhang_fan_speed_1 = 0
; overhang_fan_speed_2 = 0
; overhang_fan_speed_3 = 0
; overhang_speed_0 = 15
; overhang_speed_1 = 15
; overhang_speed_2 = 20
; overhang_speed_3 = 25
; overhangs = 1
; parking_pos_retraction = 92
; pause_print_gcode = M601
; perimeter_acceleration = 800
; perimeter_extruder = 1
; perimeter_extrusion_width = 0.45
; perimeter_generator = arachne
; perimeter_speed = 45
; perimeters = 3
; physical_printer_settings_id = 
; post_process = 
; prefer_clockwise_movements = 0
; print_settings_id = 0.15mm QUALITY @MK3
; printer_model = MK3S
; printer_notes = Don't remove the following keywords! These keywords are used in the "compatible printer" condition of the print and filament profiles to link the particular print and filament profiles to this printer profile.\nPRINTER_VENDOR_PRUSA3D\nPRINTER_MODEL_MK3\n
; printer_settings_id = Original Prusa i3 MK3S & MK3S+
; printer_technology = FFF
; printer_variant = 0.4
; printer_vendor = 
; raft_contact_distance = 0.2
; raft_expansion = 1.5
; raft_first_layer_density = 90%
; raft_first_layer_expansion = 3
; raft_layers = 0
; remaining_times = 1
; resolution = 0
; retract_before_travel = 1
; retract_before_wipe = 0%
; retract_layer_change = 1
; retract_length = 0.8
; retract_length_toolchange = 4
; retract_lift = 0.4
; retract_lift_above = 0
; retract_lift_below = 209
; retract_restart_extra = 0
; retract_restart_extra_toolchange = 0
; retract_speed = 35
; scarf_seam_entire_loop = 0
; scarf_seam_length = 20
; scarf_seam_max_segment_length = 1
; scarf_seam_on_inner_perimeters = 0
; scarf_seam_only_on_smooth = 1
; scarf_seam_placement = nowhere
; scarf_seam_start_height = 0%
; seam_gap_distance = 15%
; seam_position = rear
; silent_mode = 1
; single_extruder_multi_material = 0
; single_extruder_multi_material_priming = 0
; skirt_distance = 2
; skirt_height = 3
; skirts = 1
; slice_closing_radius = 0.049
; slicing_mode = regular
; slowdown_below_layer_time = 12
; small_perimeter_speed = 25
; solid_infill_acceleration = 0
; solid_infill_below_area = 0
; solid_infill_every_layers = 0
; solid_infill_extruder = 1
; solid_infill_extrusion_width = 0.45
; solid_infill_speed = 80
; spiral_vase = 0
; staggered_inner_seams = 0
; standby_temperature_delta = -5
; start_filament_gcode = "{if printer_notes!~/.*(MK3.5|MINIIS).*/}\nM900 K{if printer_notes=~/.*PRINTER_MODEL_MINI.*/ and nozzle_diameter[0]==0.6}0.12{elsif printer_notes=~/.*PRINTER_MODEL_MINI.*/ and nozzle_diameter[0]==0.8}0.06{elsif printer_notes=~/.*PRINTER_MODEL_MINI.*/}0.2{elsif nozzle_diameter[0]==0.8}0.01{elsif nozzle_diameter[0]==0.6}0.04{else}0.05{endif} ; Filament gcode LA 1.5\n{if printer_notes=~/.*PRINTER_MODEL_MINI.*/};{elsif printer_notes=~/.*PRINTER_HAS_BOWDEN.*/}M900 K200{elsif nozzle_diameter[0]==0.6}M900 K18{elsif nozzle_diameter[0]==0.8};{else}M900 K30{endif} ; Filament gcode LA 1.0\n{endif}\n\n{if printer_notes=~/.*MINIIS.*/}\nM572 S{if nozzle_diameter[0]==0.6}0.17{elsif nozzle_diameter[0]==0.8}0.12{elsif nozzle_diameter[0]==0.4}0.27{elsif nozzle_diameter[0]==0.25}0.85{else}0{endif}\n{endif}\n\n{if printer_notes=~/.*MK3.5.*/}\nM572 S{if nozzle_diameter[0]==0.4}0.035{elsif nozzle_diameter[0]==0.5}0.025{elsif nozzle_diameter[0]==0.6}0.02{elsif nozzle_diameter[0]==0.8}0.014{elsif nozzle_diameter[0]==0.25}0.12{elsif nozzle_diameter[0]==0.3}0.08{else}0{endif} ; Filament gcode\n{endif}"
; start_gcode = M862.3 P "[printer_model]" ; printer model check\nM862.1 P[nozzle_diameter] ; nozzle diameter check\nM115 U3.14.1 ; tell printer latest fw version\nG90 ; use absolute coordinates\nM83 ; extruder relative mode\nM104 S[first_layer_temperature] ; set extruder temp\nM140 S[first_layer_bed_temperature] ; set bed temp\nM190 S[first_layer_bed_temperature] ; wait for bed temp\nM109 S[first_layer_temperature] ; wait for extruder temp\nG28 W ; home all without mesh bed level\nG80 X{first_layer_print_min[0]} Y{first_layer_print_min[1]} W{(first_layer_print_max[0]) - (first_layer_print_min[0])} H{(first_layer_print_max[1]) - (first_layer_print_min[1])} ; mesh bed levelling\n{if filament_settings_id[initial_tool]=~/.*Prusament PA11.*/}\nG1 Z0.3 F720\nG1 Y-3 F1000 ; go outside print area\nG92 E0\nG1 X60 E9 F1000 ; intro line\nG1 X100 E9 F1000 ; intro line\n{else}\nG1 Z0.2 F720\nG1 Y-3 F1000 ; go outside print area\nG92 E0\nG1 X60 E9 F1000 ; intro line\nG1 X100 E12.5 F1000 ; intro line\n{endif}\nG92 E0\nM221 S{if layer_height<0.075}100{else}95{endif}\n\n; Don't change E values below. Excessive value can damage the printer.\n{if print_settings_id=~/.*(DETAIL @MK3|QUALITY @MK3).*/}M907 E430 ; set extruder motor current{endif}\n{if print_settings_id=~/.*(SPEED @MK3|DRAFT @MK3).*/}M907 E538 ; set extruder motor current{endif}
; support_material = 0
; support_material_angle = 0
; support_material_auto = 0
; support_material_bottom_contact_distance = 0
; support_material_bottom_interface_layers = 0
; support_material_buildplate_only = 0
; support_material_closing_radius = 2
; support_material_contact_distance = 0.1
; support_material_enforce_layers = 0
; support_material_extruder = 0
; support_material_extrusion_width = 0.35
; support_material_interface_contact_loops = 0
; support_material_interface_extruder = 0
; support_material_interface_layers = 2
; support_material_interface_pattern = rectilinear
; support_material_interface_spacing = 0.2
; support_material_interface_speed = 80%
; support_material_pattern = rectilinear
; support_material_spacing = 2
; support_material_speed = 50
; support_material_style = grid
; support_material_synchronize_layers = 0
; support_material_threshold = 50
; support_material_with_sheath = 0
; support_material_xy_spacing = 60%
; support_tree_angle = 40
; support_tree_angle_slow = 30
; support_tree_branch_diameter = 2
; support_tree_branch_diameter_angle = 3
; support_tree_branch_diameter_double_wall = 3
; support_tree_branch_distance = 1
; support_tree_tip_diameter = 0.8
; support_tree_top_rate = 30%
; temperature = 210
; template_custom_gcode = 
; thick_bridges = 0
; thin_walls = 0
; thumbnails = 160x120/PNG
; thumbnails_format = PNG
; toolchange_gcode = 
; toolchange_ordering = optimized
; top_fill_pattern = monotoniclines
; top_infill_extrusion_width = 0.4
; top_one_perimeter_type = none
; top_solid_infill_acceleration = 0
; top_solid_infill_speed = 40
; top_solid_layers = 5
; top_solid_min_thickness = 0.7
; travel_acceleration = 0
; travel_lift_before_obstacle = 0
; travel_max_lift = 0
; travel_ramping_lift = 0
; travel_short_distance_acceleration = 0
; travel_slope = 0
; travel_speed = 180
; travel_speed_z = 12
; use_firmware_retraction = 0
; use_relative_e_distances = 1
; use_volumetric_e = 0
; variable_layer_height = 1
; wall_distribution_count = 1
; wall_transition_angle = 10
; wall_transition_filter_deviation = 25%
; wall_transition_length = 100%
; wipe = 1
; wipe_into_infill = 0
; wipe_into_objects = 0
; wipe_tower = 1
; wipe_tower_acceleration = 0
; wipe_tower_bridging = 10
; wipe_tower_brim_width = 2
; wipe_tower_cone_angle = 0
; wipe_tower_extra_flow = 100%
; wipe_tower_extra_spacing = 100%
; wipe_tower_extruder = 0
; wipe_tower_no_sparse_layers = 0
; wipe_tower_width = 60
; wiping_volumes_matrix = 0
; wiping_volumes_use_custom_matrix = 0
; xy_size_compensation = 0
; z_offset = 0
; prusaslicer_config = end
M84 ; disable motors
